gr_id,po_id,receipt_date,quantity_received,warehouse_id
GR-00001,PO-00001,2026-04-04,2,WH-MYS-01
GR-00002,PO-00002,2026-03-11,27,WH-HYD-01
GR-00003,PO-00003,2026-02-05,10,WH-MYS-01
GR-00004,PO-00004,2026-04-03,34,WH-CHN-01
GR-00005,PO-00005,2026-02-17,43,WH-BLR-01
GR-00006,PO-00006,2026-03-16,22,WH-BLR-01
GR-00007,PO-00007,2026-02-19,20,WH-CHN-01
GR-00008,PO-00008,2026-03-14,10,WH-HYD-01
GR-00009,PO-00009,2026-06-07,18,WH-MYS-01
GR-00010,PO-00010,2026-03-24,1,WH-BLR-01
GR-00011,PO-00011,2026-05-01,31,WH-HYD-01
GR-00012,PO-00012,2026-05-24,25,WH-MYS-01
GR-00013,PO-00013,2026-05-05,26,WH-BLR-01
GR-00014,PO-00014,2026-02-16,39,WH-CHN-01
GR-00015,PO-00015,2026-03-28,32,WH-BLR-01
GR-00016,PO-00016,2026-05-05,19,WH-BLR-01
GR-00017,PO-00017,2026-03-28,28,WH-HYD-01
GR-00018,PO-00018,2026-02-23,9,WH-HYD-01
GR-00019,PO-00019,2026-03-29,50,WH-HYD-01
GR-00020,PO-00020,2026-04-19,19,WH-CHN-01
GR-00021,PO-00021,2026-05-28,2,WH-CHN-01
GR-00022,PO-00022,2026-05-13,24,WH-CHN-01
GR-00023,PO-00023,2026-02-13,16,WH-BLR-01
GR-00024,PO-00024,2026-06-12,18,WH-MYS-01
GR-00025,PO-00025,2026-06-04,1,WH-CHN-01
GR-00026,PO-00026,2026-03-17,42,WH-MYS-01
GR-00027,PO-00027,2026-01-27,25,WH-HYD-01
GR-00028,PO-00028,2026-06-07,10,WH-HYD-01
GR-00029,PO-00029,2026-05-27,46,WH-CHN-01
GR-00030,PO-00030,2026-03-31,15,WH-CHN-01
GR-00031,PO-00031,2026-04-19,16,WH-HYD-01
GR-00032,PO-00032,2026-02-02,30,WH-MYS-01
GR-00033,PO-00033,2026-02-02,47,WH-HYD-01
GR-00034,PO-00034,2026-06-12,4,WH-BLR-01
GR-00035,PO-00035,2026-03-17,9,WH-BLR-01
GR-00036,PO-00036,2026-05-03,13,WH-HYD-01
GR-00037,PO-00037,2026-05-14,46,WH-MYS-01
GR-00038,PO-00038,2026-02-28,45,WH-MYS-01
GR-00039,PO-00039,2026-04-02,13,WH-CHN-01
GR-00040,PO-00040,2026-04-04,43,WH-HYD-01
GR-00041,PO-00041,2026-05-07,45,WH-BLR-01
GR-00042,PO-00042,2026-03-17,42,WH-CHN-01
GR-00043,PO-00043,2026-04-06,8,WH-CHN-01
GR-00044,PO-00044,2026-03-21,34,WH-HYD-01
GR-00045,PO-00045,2026-02-27,13,WH-BLR-01
GR-00046,PO-00046,2026-06-18,18,WH-MYS-01
GR-00047,PO-00047,2026-02-15,8,WH-CHN-01
GR-00048,PO-00048,2026-04-04,44,WH-MYS-01
GR-00049,PO-00049,2026-04-25,10,WH-CHN-01
GR-00050,PO-00050,2026-04-15,39,WH-MYS-01
GR-00051,PO-00051,2026-05-16,8,WH-CHN-01
GR-00052,PO-00052,2026-03-23,33,WH-CHN-01
GR-00053,PO-00053,2026-02-17,2,WH-CHN-01
GR-00054,PO-00054,2026-06-10,4,WH-HYD-01
GR-00055,PO-00055,2026-02-02,21,WH-BLR-01
GR-00056,PO-00056,2026-04-16,13,WH-CHN-01
GR-00057,PO-00057,2026-02-16,27,WH-HYD-01
GR-00058,PO-00058,2026-03-20,1,WH-MYS-01
GR-00059,PO-00059,2026-04-17,37,WH-MYS-01
GR-00060,PO-00060,2026-02-03,30,WH-BLR-01
GR-00061,PO-00061,2026-02-21,25,WH-BLR-01
GR-00062,PO-00062,2026-05-18,46,WH-BLR-01
GR-00063,PO-00063,2026-05-26,11,WH-CHN-01
GR-00064,PO-00064,2026-02-01,23,WH-MYS-01
GR-00065,PO-00065,2026-04-06,47,WH-HYD-01
GR-00066,PO-00066,2026-05-29,3,WH-MYS-01
GR-00067,PO-00067,2026-05-08,7,WH-BLR-01
GR-00068,PO-00068,2026-04-01,33,WH-CHN-01
GR-00069,PO-00069,2026-01-20,12,WH-MYS-01
GR-00070,PO-00070,2026-06-17,41,WH-HYD-01
GR-00071,PO-00071,2026-04-30,17,WH-MYS-01
GR-00072,PO-00072,2026-02-27,39,WH-HYD-01
GR-00073,PO-00073,2026-06-22,38,WH-BLR-01
GR-00074,PO-00074,2026-03-29,23,WH-MYS-01
GR-00075,PO-00075,2026-02-12,5,WH-BLR-01
GR-00076,PO-00076,2026-05-22,27,WH-HYD-01
GR-00077,PO-00077,2026-06-04,46,WH-BLR-01
GR-00078,PO-00078,2026-04-01,50,WH-BLR-01
GR-00079,PO-00079,2026-04-15,4,WH-HYD-01
GR-00080,PO-00080,2026-01-25,16,WH-MYS-01
GR-00081,PO-00081,2026-02-17,22,WH-MYS-01
GR-00082,PO-00082,2026-02-24,35,WH-HYD-01
GR-00083,PO-00083,2026-02-14,8,WH-CHN-01
GR-00084,PO-00084,2026-06-05,38,WH-MYS-01
GR-00085,PO-00085,2026-05-14,18,WH-CHN-01
GR-00086,PO-00086,2026-05-22,45,WH-MYS-01
GR-00087,PO-00087,2026-02-04,38,WH-MYS-01
GR-00088,PO-00088,2026-03-12,42,WH-BLR-01
GR-00089,PO-00089,2026-02-28,7,WH-HYD-01
GR-00090,PO-00090,2026-04-07,47,WH-HYD-01
GR-00091,PO-00091,2026-01-22,21,WH-HYD-01
GR-00092,PO-00092,2026-04-07,48,WH-BLR-01
GR-00093,PO-00093,2026-05-12,48,WH-BLR-01
GR-00094,PO-00094,2026-05-08,33,WH-MYS-01
GR-00095,PO-00095,2026-05-13,11,WH-HYD-01
GR-00096,PO-00096,2026-04-30,5,WH-BLR-01
GR-00097,PO-00097,2026-04-09,11,WH-MYS-01
GR-00098,PO-00098,2026-04-05,16,WH-CHN-01
GR-00099,PO-00099,2026-02-26,28,WH-MYS-01
GR-00100,PO-00100,2026-05-20,26,WH-MYS-01
GR-00101,PO-00101,2026-04-09,46,WH-BLR-01
GR-00102,PO-00102,2026-05-14,43,WH-CHN-01
GR-00103,PO-00103,2026-03-07,7,WH-BLR-01
GR-00104,PO-00104,2026-05-10,32,WH-CHN-01
GR-00105,PO-00105,2026-03-17,31,WH-CHN-01
GR-00106,PO-00106,2026-05-19,17,WH-MYS-01
GR-00107,PO-00107,2026-03-14,3,WH-BLR-01
GR-00108,PO-00108,2026-04-07,32,WH-BLR-01
GR-00109,PO-00109,2026-03-04,44,WH-MYS-01
GR-00110,PO-00110,2026-04-21,9,WH-HYD-01
GR-00111,PO-00111,2026-02-19,43,WH-CHN-01
GR-00112,PO-00112,2026-05-13,31,WH-CHN-01
GR-00113,PO-00113,2026-02-12,49,WH-CHN-01
GR-00114,PO-00114,2026-02-10,5,WH-MYS-01
GR-00115,PO-00115,2026-02-17,40,WH-MYS-01
GR-00116,PO-00116,2026-02-12,46,WH-BLR-01
GR-00117,PO-00117,2026-04-23,42,WH-HYD-01
GR-00118,PO-00118,2026-02-14,17,WH-HYD-01
GR-00119,PO-00119,2026-03-01,42,WH-CHN-01
GR-00120,PO-00120,2026-05-12,9,WH-CHN-01
GR-00121,PO-00121,2026-01-20,10,WH-CHN-01
GR-00122,PO-00122,2026-06-08,38,WH-BLR-01
GR-00123,PO-00123,2026-04-08,27,WH-CHN-01
GR-00124,PO-00124,2026-04-09,17,WH-BLR-01
GR-00125,PO-00125,2026-05-06,22,WH-BLR-01
GR-00126,PO-00126,2026-04-13,28,WH-CHN-01
GR-00127,PO-00127,2026-04-17,44,WH-BLR-01
GR-00128,PO-00128,2026-02-07,40,WH-BLR-01
GR-00129,PO-00129,2026-03-03,13,WH-HYD-01
GR-00130,PO-00130,2026-04-06,35,WH-HYD-01
GR-00131,PO-00131,2026-04-26,30,WH-HYD-01
GR-00132,PO-00132,2026-03-22,43,WH-BLR-01
GR-00133,PO-00133,2026-04-12,42,WH-CHN-01
GR-00134,PO-00134,2026-03-24,18,WH-CHN-01
GR-00135,PO-00135,2026-01-31,2,WH-HYD-01
GR-00136,PO-00136,2026-04-02,20,WH-MYS-01
GR-00137,PO-00137,2026-02-24,2,WH-MYS-01
GR-00138,PO-00138,2026-02-14,48,WH-CHN-01
GR-00139,PO-00139,2026-06-19,35,WH-HYD-01
GR-00140,PO-00140,2026-02-28,49,WH-BLR-01
GR-00141,PO-00141,2026-02-20,36,WH-MYS-01
GR-00142,PO-00142,2026-04-05,48,WH-HYD-01
GR-00143,PO-00143,2026-02-23,10,WH-MYS-01
GR-00144,PO-00144,2026-03-10,7,WH-BLR-01
GR-00145,PO-00145,2026-02-16,26,WH-BLR-01
GR-00146,PO-00146,2026-05-16,1,WH-CHN-01
GR-00147,PO-00147,2026-03-25,46,WH-CHN-01
GR-00148,PO-00148,2026-03-02,18,WH-HYD-01
GR-00149,PO-00149,2026-04-24,27,WH-BLR-01
GR-00150,PO-00150,2026-04-10,20,WH-CHN-01
GR-00151,PO-00151,2026-03-30,10,WH-CHN-01
GR-00152,PO-00152,2026-05-31,6,WH-CHN-01
GR-00153,PO-00153,2026-03-08,37,WH-CHN-01
GR-00154,PO-00154,2026-04-08,47,WH-HYD-01
GR-00155,PO-00155,2026-04-25,20,WH-HYD-01
GR-00156,PO-00156,2026-02-04,42,WH-BLR-01
GR-00157,PO-00157,2026-02-26,22,WH-MYS-01
GR-00158,PO-00158,2026-05-26,26,WH-CHN-01
GR-00159,PO-00159,2026-06-04,27,WH-HYD-01
GR-00160,PO-00160,2026-02-26,32,WH-CHN-01
GR-00161,PO-00161,2026-05-31,35,WH-CHN-01
GR-00162,PO-00162,2026-06-15,4,WH-MYS-01
GR-00163,PO-00163,2026-01-28,2,WH-CHN-01
GR-00164,PO-00164,2026-02-25,28,WH-CHN-01
GR-00165,PO-00165,2026-04-10,48,WH-CHN-01
GR-00166,PO-00166,2026-02-07,38,WH-CHN-01
GR-00167,PO-00167,2026-05-22,22,WH-HYD-01
GR-00168,PO-00168,2026-05-26,20,WH-HYD-01
GR-00169,PO-00169,2026-04-10,13,WH-HYD-01
GR-00170,PO-00170,2026-04-18,26,WH-MYS-01
GR-00171,PO-00171,2026-03-28,12,WH-CHN-01
GR-00172,PO-00172,2026-03-13,26,WH-MYS-01
GR-00173,PO-00173,2026-03-10,35,WH-HYD-01
GR-00174,PO-00174,2026-05-10,22,WH-CHN-01
GR-00175,PO-00175,2026-05-20,41,WH-BLR-01
GR-00176,PO-00176,2026-06-16,5,WH-MYS-01
GR-00177,PO-00177,2026-01-19,2,WH-BLR-01
GR-00178,PO-00178,2026-04-29,31,WH-MYS-01
GR-00179,PO-00179,2026-05-24,20,WH-HYD-01
GR-00180,PO-00180,2026-03-15,40,WH-MYS-01
GR-00181,PO-00181,2026-04-18,14,WH-MYS-01
GR-00182,PO-00182,2026-05-21,42,WH-HYD-01
GR-00183,PO-00183,2026-04-23,26,WH-MYS-01
GR-00184,PO-00184,2026-01-21,26,WH-HYD-01
GR-00185,PO-00185,2026-02-17,24,WH-CHN-01
GR-00186,PO-00186,2026-03-08,48,WH-MYS-01
GR-00187,PO-00187,2026-03-26,31,WH-HYD-01
GR-00188,PO-00188,2026-01-31,9,WH-MYS-01
GR-00189,PO-00189,2026-03-01,36,WH-CHN-01
GR-00190,PO-00190,2026-02-07,26,WH-CHN-01
GR-00191,PO-00191,2026-06-05,40,WH-HYD-01
GR-00192,PO-00192,2026-01-16,42,WH-BLR-01
GR-00193,PO-00193,2026-05-28,32,WH-MYS-01
GR-00194,PO-00194,2026-05-09,28,WH-MYS-01
GR-00195,PO-00195,2026-04-08,34,WH-MYS-01
GR-00196,PO-00196,2026-01-17,7,WH-CHN-01
GR-00197,PO-00197,2026-03-26,24,WH-BLR-01
GR-00198,PO-00198,2026-01-15,1,WH-BLR-01
GR-00199,PO-00199,2026-05-12,47,WH-MYS-01
GR-00200,PO-00200,2026-01-21,46,WH-HYD-01
GR-00201,PO-00201,2026-03-19,2,WH-BLR-01
GR-00202,PO-00202,2026-06-14,41,WH-HYD-01
GR-00203,PO-00203,2026-04-28,31,WH-MYS-01
GR-00204,PO-00204,2026-05-30,10,WH-CHN-01
GR-00205,PO-00205,2026-01-26,39,WH-HYD-01
GR-00206,PO-00206,2026-03-05,8,WH-MYS-01
GR-00207,PO-00207,2026-02-26,50,WH-MYS-01
GR-00208,PO-00208,2026-06-06,12,WH-BLR-01
GR-00209,PO-00209,2026-03-13,18,WH-MYS-01
GR-00210,PO-00210,2026-04-25,5,WH-HYD-01
GR-00211,PO-00211,2026-04-06,49,WH-CHN-01
GR-00212,PO-00212,2026-04-18,30,WH-MYS-01
GR-00213,PO-00213,2026-01-28,11,WH-MYS-01
GR-00214,PO-00214,2026-03-31,23,WH-HYD-01
GR-00215,PO-00215,2026-03-22,13,WH-CHN-01
GR-00216,PO-00216,2026-03-02,15,WH-BLR-01
GR-00217,PO-00217,2026-04-29,23,WH-CHN-01
GR-00218,PO-00218,2026-04-21,39,WH-BLR-01
GR-00219,PO-00219,2026-01-12,10,WH-HYD-01
GR-00220,PO-00220,2026-01-10,20,WH-MYS-01
GR-00221,PO-00221,2026-03-09,29,WH-CHN-01
GR-00222,PO-00222,2026-05-30,13,WH-BLR-01
GR-00223,PO-00223,2026-01-24,30,WH-BLR-01
GR-00224,PO-00224,2026-03-02,45,WH-BLR-01
GR-00225,PO-00225,2026-05-24,50,WH-BLR-01
GR-00226,PO-00226,2026-04-04,37,WH-MYS-01
GR-00227,PO-00227,2026-06-14,25,WH-CHN-01
GR-00228,PO-00228,2026-06-21,7,WH-HYD-01
GR-00229,PO-00229,2026-01-26,13,WH-CHN-01
GR-00230,PO-00230,2026-04-07,31,WH-CHN-01
GR-00231,PO-00231,2026-05-11,24,WH-MYS-01
GR-00232,PO-00232,2026-02-08,22,WH-CHN-01
GR-00233,PO-00233,2026-04-08,38,WH-HYD-01
GR-00234,PO-00234,2026-02-12,1,WH-CHN-01
GR-00235,PO-00235,2026-02-04,1,WH-HYD-01
GR-00236,PO-00236,2026-04-25,37,WH-MYS-01
GR-00237,PO-00237,2026-06-06,20,WH-HYD-01
GR-00238,PO-00238,2026-05-14,28,WH-BLR-01
GR-00239,PO-00239,2026-04-22,35,WH-CHN-01
GR-00240,PO-00240,2026-02-06,4,WH-HYD-01
GR-00241,PO-00241,2026-05-22,35,WH-MYS-01
GR-00242,PO-00242,2026-05-13,11,WH-CHN-01
GR-00243,PO-00243,2026-06-11,19,WH-MYS-01
GR-00244,PO-00244,2026-06-03,12,WH-HYD-01
GR-00245,PO-00245,2026-02-07,47,WH-MYS-01
GR-00246,PO-00246,2026-05-09,7,WH-CHN-01
GR-00247,PO-00247,2026-06-29,16,WH-BLR-01
GR-00248,PO-00248,2026-03-17,5,WH-CHN-01
GR-00249,PO-00249,2026-04-04,50,WH-MYS-01
GR-00250,PO-00250,2026-05-12,16,WH-HYD-01
GR-00251,PO-00251,2026-01-29,13,WH-MYS-01
GR-00252,PO-00252,2026-04-08,25,WH-BLR-01
GR-00253,PO-00253,2026-05-14,16,WH-BLR-01
GR-00254,PO-00254,2026-01-27,35,WH-MYS-01
GR-00255,PO-00255,2026-04-12,39,WH-CHN-01
GR-00256,PO-00256,2026-05-01,22,WH-MYS-01
GR-00257,PO-00257,2026-03-11,7,WH-MYS-01
GR-00258,PO-00258,2026-05-10,7,WH-CHN-01
GR-00259,PO-00259,2026-04-27,48,WH-HYD-01
GR-00260,PO-00260,2026-01-26,17,WH-HYD-01
GR-00261,PO-00261,2026-02-27,10,WH-MYS-01
GR-00262,PO-00262,2026-05-22,50,WH-HYD-01
GR-00263,PO-00263,2026-02-28,8,WH-BLR-01
GR-00264,PO-00264,2026-05-13,21,WH-CHN-01
GR-00265,PO-00265,2026-05-31,13,WH-MYS-01
GR-00266,PO-00266,2026-04-15,41,WH-CHN-01
GR-00267,PO-00267,2026-06-04,10,WH-HYD-01
GR-00268,PO-00268,2026-05-22,3,WH-MYS-01
GR-00269,PO-00269,2026-04-14,40,WH-BLR-01
GR-00270,PO-00270,2026-03-22,33,WH-MYS-01
GR-00271,PO-00271,2026-02-13,50,WH-MYS-01
GR-00272,PO-00272,2026-04-12,4,WH-BLR-01
GR-00273,PO-00273,2026-03-03,34,WH-MYS-01
GR-00274,PO-00274,2026-02-27,6,WH-HYD-01
GR-00275,PO-00275,2026-05-02,5,WH-HYD-01
GR-00276,PO-00276,2026-05-04,21,WH-BLR-01
GR-00277,PO-00277,2026-05-08,1,WH-CHN-01
GR-00278,PO-00278,2026-03-15,7,WH-CHN-01
GR-00279,PO-00279,2026-04-06,15,WH-MYS-01
GR-00280,PO-00280,2026-05-05,33,WH-HYD-01
GR-00281,PO-00281,2026-02-22,20,WH-MYS-01
GR-00282,PO-00282,2026-02-04,9,WH-BLR-01
GR-00283,PO-00283,2026-01-21,11,WH-CHN-01
GR-00284,PO-00284,2026-01-10,48,WH-BLR-01
GR-00285,PO-00285,2026-03-17,37,WH-HYD-01
GR-00286,PO-00286,2026-03-02,29,WH-BLR-01
GR-00287,PO-00287,2026-02-23,9,WH-CHN-01
GR-00288,PO-00288,2026-05-08,30,WH-HYD-01
GR-00289,PO-00289,2026-04-28,13,WH-HYD-01
GR-00290,PO-00290,2026-01-19,41,WH-CHN-01
GR-00291,PO-00291,2026-04-04,47,WH-CHN-01
GR-00292,PO-00292,2026-02-13,25,WH-CHN-01
GR-00293,PO-00293,2026-04-18,40,WH-BLR-01
GR-00294,PO-00294,2026-03-15,23,WH-CHN-01
GR-00295,PO-00295,2026-04-26,39,WH-HYD-01
GR-00296,PO-00296,2026-01-28,36,WH-BLR-01
GR-00297,PO-00297,2026-04-06,14,WH-CHN-01
GR-00298,PO-00298,2026-02-06,20,WH-MYS-01
GR-00299,PO-00299,2026-02-03,38,WH-HYD-01
GR-00300,PO-00300,2026-03-06,49,WH-BLR-01
GR-00301,PO-00301,2026-04-09,43,WH-BLR-01
GR-00302,PO-00302,2026-05-23,29,WH-MYS-01
GR-00303,PO-00303,2026-03-28,25,WH-BLR-01
GR-00304,PO-00304,2026-02-11,17,WH-MYS-01
GR-00305,PO-00305,2026-02-06,7,WH-HYD-01
GR-00306,PO-00306,2026-04-02,4,WH-MYS-01
GR-00307,PO-00307,2026-03-23,12,WH-HYD-01
GR-00308,PO-00308,2026-03-28,7,WH-HYD-01
GR-00309,PO-00309,2026-04-03,34,WH-MYS-01
GR-00310,PO-00310,2026-03-01,20,WH-BLR-01
GR-00311,PO-00311,2026-04-28,14,WH-MYS-01
GR-00312,PO-00312,2026-05-01,45,WH-MYS-01
GR-00313,PO-00313,2026-05-29,10,WH-MYS-01
GR-00314,PO-00314,2026-04-18,12,WH-MYS-01
GR-00315,PO-00315,2026-03-27,22,WH-CHN-01
GR-00316,PO-00316,2026-03-26,45,WH-MYS-01
GR-00317,PO-00317,2026-05-12,48,WH-MYS-01
GR-00318,PO-00318,2026-05-19,30,WH-HYD-01
GR-00319,PO-00319,2026-01-26,38,WH-CHN-01
GR-00320,PO-00320,2026-06-01,14,WH-MYS-01
GR-00321,PO-00321,2026-02-04,19,WH-MYS-01
GR-00322,PO-00322,2026-02-23,19,WH-HYD-01
GR-00323,PO-00323,2026-02-17,40,WH-HYD-01
GR-00324,PO-00324,2026-03-02,21,WH-CHN-01
GR-00325,PO-00325,2026-05-20,49,WH-MYS-01
GR-00326,PO-00326,2026-03-18,46,WH-HYD-01
GR-00327,PO-00327,2026-05-19,26,WH-CHN-01
GR-00328,PO-00328,2026-03-04,7,WH-HYD-01
GR-00329,PO-00329,2026-05-16,11,WH-MYS-01
GR-00330,PO-00330,2026-01-31,8,WH-CHN-01
GR-00331,PO-00331,2026-06-01,38,WH-HYD-01
GR-00332,PO-00332,2026-06-01,13,WH-MYS-01
GR-00333,PO-00333,2026-03-02,29,WH-BLR-01
GR-00334,PO-00334,2026-04-13,30,WH-MYS-01
GR-00335,PO-00335,2026-05-13,50,WH-CHN-01
GR-00336,PO-00336,2026-01-08,41,WH-HYD-01
GR-00337,PO-00337,2026-02-12,37,WH-HYD-01
GR-00338,PO-00338,2026-01-28,46,WH-MYS-01
GR-00339,PO-00339,2026-05-02,18,WH-HYD-01
GR-00340,PO-00340,2026-03-16,10,WH-HYD-01
GR-00341,PO-00341,2026-02-19,49,WH-BLR-01
GR-00342,PO-00342,2026-03-13,45,WH-CHN-01
GR-00343,PO-00343,2026-02-23,25,WH-BLR-01
GR-00344,PO-00344,2026-04-03,22,WH-HYD-01
GR-00345,PO-00345,2026-02-05,4,WH-MYS-01
GR-00346,PO-00346,2026-05-11,23,WH-MYS-01
GR-00347,PO-00347,2026-03-02,1,WH-BLR-01
GR-00348,PO-00348,2026-02-07,31,WH-BLR-01
GR-00349,PO-00349,2026-04-27,17,WH-MYS-01
GR-00350,PO-00350,2026-04-24,9,WH-HYD-01
GR-00351,PO-00351,2026-03-31,43,WH-CHN-01
GR-00352,PO-00352,2026-03-13,15,WH-CHN-01
GR-00353,PO-00353,2026-02-25,29,WH-CHN-01
GR-00354,PO-00354,2026-02-18,21,WH-CHN-01
GR-00355,PO-00355,2026-03-08,23,WH-CHN-01
GR-00356,PO-00356,2026-03-22,49,WH-BLR-01
GR-00357,PO-00357,2026-02-13,8,WH-BLR-01
GR-00358,PO-00358,2026-05-05,2,WH-CHN-01
GR-00359,PO-00359,2026-04-09,50,WH-MYS-01
GR-00360,PO-00360,2026-02-04,36,WH-BLR-01
GR-00361,PO-00361,2026-05-17,13,WH-BLR-01
GR-00362,PO-00362,2026-02-02,8,WH-BLR-01
GR-00363,PO-00363,2026-06-07,42,WH-BLR-01
GR-00364,PO-00364,2026-02-20,24,WH-HYD-01
GR-00365,PO-00365,2026-05-04,28,WH-CHN-01
GR-00366,PO-00366,2026-03-09,47,WH-HYD-01
GR-00367,PO-00367,2026-03-26,30,WH-HYD-01
GR-00368,PO-00368,2026-04-23,41,WH-MYS-01
GR-00369,PO-00369,2026-02-14,3,WH-BLR-01
GR-00370,PO-00370,2026-03-11,45,WH-HYD-01
GR-00371,PO-00371,2026-01-29,35,WH-BLR-01
GR-00372,PO-00372,2026-02-26,2,WH-HYD-01
GR-00373,PO-00373,2026-02-28,46,WH-BLR-01
GR-00374,PO-00374,2026-01-23,15,WH-CHN-01
GR-00375,PO-00375,2026-06-11,48,WH-BLR-01
GR-00376,PO-00376,2026-03-24,36,WH-MYS-01
GR-00377,PO-00377,2026-03-16,10,WH-BLR-01
GR-00378,PO-00378,2026-05-24,9,WH-HYD-01
GR-00379,PO-00379,2026-04-01,25,WH-HYD-01
GR-00380,PO-00380,2026-05-27,31,WH-HYD-01
GR-00381,PO-00381,2026-06-09,38,WH-BLR-01
GR-00382,PO-00382,2026-04-04,29,WH-HYD-01
GR-00383,PO-00383,2026-02-22,24,WH-HYD-01
GR-00384,PO-00384,2026-02-21,36,WH-CHN-01
GR-00385,PO-00385,2026-05-08,24,WH-MYS-01
GR-00386,PO-00386,2026-06-13,6,WH-MYS-01
GR-00387,PO-00387,2026-04-16,1,WH-MYS-01
GR-00388,PO-00388,2026-04-10,50,WH-CHN-01
GR-00389,PO-00389,2026-04-17,10,WH-BLR-01
GR-00390,PO-00390,2026-05-19,47,WH-BLR-01
GR-00391,PO-00391,2026-02-16,33,WH-MYS-01
GR-00392,PO-00392,2026-02-09,32,WH-CHN-01
GR-00393,PO-00393,2026-04-12,34,WH-MYS-01
GR-00394,PO-00394,2026-04-28,45,WH-MYS-01
GR-00395,PO-00395,2026-05-06,19,WH-MYS-01
GR-00396,PO-00396,2026-03-14,31,WH-HYD-01
GR-00397,PO-00397,2026-03-02,30,WH-HYD-01
GR-00398,PO-00398,2026-04-28,24,WH-CHN-01
GR-00399,PO-00399,2026-01-16,22,WH-MYS-01
GR-00400,PO-00400,2026-02-15,38,WH-BLR-01
GR-00401,PO-00401,2026-01-28,4,WH-CHN-01
GR-00402,PO-00402,2026-04-24,11,WH-BLR-01
GR-00403,PO-00403,2026-04-08,42,WH-MYS-01
GR-00404,PO-00404,2026-05-15,21,WH-BLR-01
GR-00405,PO-00405,2026-05-21,17,WH-CHN-01
GR-00406,PO-00406,2026-04-13,3,WH-HYD-01
GR-00407,PO-00407,2026-03-10,32,WH-MYS-01
GR-00408,PO-00408,2026-02-16,43,WH-CHN-01
GR-00409,PO-00409,2026-04-18,27,WH-HYD-01
GR-00410,PO-00410,2026-04-02,50,WH-MYS-01
GR-00411,PO-00411,2026-04-17,20,WH-HYD-01
GR-00412,PO-00412,2026-02-22,34,WH-CHN-01
GR-00413,PO-00413,2026-05-03,15,WH-MYS-01
GR-00414,PO-00414,2026-02-08,24,WH-CHN-01
GR-00415,PO-00415,2026-05-05,5,WH-CHN-01
GR-00416,PO-00416,2026-02-07,1,WH-MYS-01
GR-00417,PO-00417,2026-05-02,34,WH-MYS-01
GR-00418,PO-00418,2026-05-14,18,WH-MYS-01
GR-00419,PO-00419,2026-05-19,21,WH-MYS-01
GR-00420,PO-00420,2026-03-31,13,WH-MYS-01
GR-00421,PO-00421,2026-02-25,26,WH-CHN-01
GR-00422,PO-00422,2026-04-16,46,WH-BLR-01
GR-00423,PO-00423,2026-06-01,29,WH-MYS-01
GR-00424,PO-00424,2026-05-13,4,WH-CHN-01
GR-00425,PO-00425,2026-04-11,10,WH-HYD-01
GR-00426,PO-00426,2026-04-20,34,WH-CHN-01
GR-00427,PO-00427,2026-02-23,31,WH-CHN-01
GR-00428,PO-00428,2026-03-06,42,WH-BLR-01
GR-00429,PO-00429,2026-05-14,20,WH-BLR-01
GR-00430,PO-00430,2026-06-09,3,WH-MYS-01
GR-00431,PO-00431,2026-02-12,42,WH-MYS-01
GR-00432,PO-00432,2026-03-27,12,WH-HYD-01
GR-00433,PO-00433,2026-06-02,39,WH-HYD-01
GR-00434,PO-00434,2026-04-20,31,WH-HYD-01
GR-00435,PO-00435,2026-02-27,38,WH-HYD-01
GR-00436,PO-00436,2026-05-05,10,WH-BLR-01
GR-00437,PO-00437,2026-03-15,23,WH-HYD-01
GR-00438,PO-00438,2026-03-02,46,WH-MYS-01
GR-00439,PO-00439,2026-06-17,42,WH-CHN-01
GR-00440,PO-00440,2026-04-17,1,WH-CHN-01
GR-00441,PO-00441,2026-03-28,2,WH-MYS-01
GR-00442,PO-00442,2026-03-26,22,WH-BLR-01
GR-00443,PO-00443,2026-04-23,8,WH-HYD-01
GR-00444,PO-00444,2026-01-26,8,WH-BLR-01
GR-00445,PO-00445,2026-04-04,20,WH-MYS-01
GR-00446,PO-00446,2026-03-07,8,WH-CHN-01
GR-00447,PO-00447,2026-02-11,33,WH-MYS-01
GR-00448,PO-00448,2026-06-15,31,WH-CHN-01
GR-00449,PO-00449,2026-03-22,27,WH-CHN-01
GR-00450,PO-00450,2026-03-01,11,WH-HYD-01
GR-00451,PO-00451,2026-05-27,43,WH-BLR-01
GR-00452,PO-00452,2026-02-08,6,WH-MYS-01
GR-00453,PO-00453,2026-05-09,1,WH-BLR-01
GR-00454,PO-00454,2026-02-18,13,WH-MYS-01
GR-00455,PO-00455,2026-03-23,7,WH-CHN-01
GR-00456,PO-00456,2026-05-06,15,WH-BLR-01
GR-00457,PO-00457,2026-06-18,40,WH-HYD-01
GR-00458,PO-00458,2026-02-13,27,WH-MYS-01
GR-00459,PO-00459,2026-02-24,40,WH-HYD-01
GR-00460,PO-00460,2026-01-20,23,WH-CHN-01
GR-00461,PO-00461,2026-06-06,29,WH-HYD-01
GR-00462,PO-00462,2026-03-04,46,WH-HYD-01
GR-00463,PO-00463,2026-03-16,42,WH-CHN-01
GR-00464,PO-00464,2026-06-06,1,WH-CHN-01
GR-00465,PO-00465,2026-04-14,10,WH-BLR-01
GR-00466,PO-00466,2026-03-11,20,WH-MYS-01
GR-00467,PO-00467,2026-06-06,13,WH-MYS-01
GR-00468,PO-00468,2026-03-11,31,WH-CHN-01
GR-00469,PO-00469,2026-05-05,35,WH-BLR-01
GR-00470,PO-00470,2026-03-27,22,WH-BLR-01
GR-00471,PO-00471,2026-02-06,12,WH-MYS-01
GR-00472,PO-00472,2026-02-06,38,WH-HYD-01
GR-00473,PO-00473,2026-05-04,40,WH-BLR-01
GR-00474,PO-00474,2026-04-26,24,WH-MYS-01
GR-00475,PO-00475,2026-05-21,16,WH-CHN-01
GR-00476,PO-00476,2026-04-15,45,WH-MYS-01
GR-00477,PO-00477,2026-02-01,34,WH-BLR-01
GR-00478,PO-00478,2026-01-30,11,WH-HYD-01
GR-00479,PO-00479,2026-06-13,25,WH-BLR-01
GR-00480,PO-00480,2026-06-19,49,WH-HYD-01
GR-00481,PO-00481,2026-05-18,20,WH-BLR-01
GR-00482,PO-00482,2026-05-21,40,WH-BLR-01
GR-00483,PO-00483,2026-03-10,25,WH-MYS-01
GR-00484,PO-00484,2026-02-20,11,WH-MYS-01
GR-00485,PO-00485,2026-02-07,10,WH-MYS-01
GR-00486,PO-00486,2026-06-02,19,WH-HYD-01
GR-00487,PO-00487,2026-01-29,24,WH-CHN-01
GR-00488,PO-00488,2026-02-23,15,WH-HYD-01
GR-00489,PO-00489,2026-05-13,2,WH-BLR-01
GR-00490,PO-00490,2026-03-07,8,WH-CHN-01
GR-00491,PO-00491,2026-01-28,34,WH-BLR-01
GR-00492,PO-00492,2026-05-02,2,WH-CHN-01
GR-00493,PO-00493,2026-05-07,43,WH-MYS-01
GR-00494,PO-00494,2026-03-28,12,WH-CHN-01
GR-00495,PO-00495,2026-03-23,40,WH-BLR-01
GR-00496,PO-00496,2026-04-27,50,WH-CHN-01
GR-00497,PO-00497,2026-06-21,49,WH-HYD-01
GR-00498,PO-00498,2026-05-06,39,WH-CHN-01
GR-00499,PO-00499,2026-03-15,42,WH-BLR-01
GR-00500,PO-00500,2026-03-20,19,WH-BLR-01
GR-00501,PO-00501,2026-03-09,2,WH-CHN-01
GR-00502,PO-00502,2026-02-02,33,WH-CHN-01
GR-00503,PO-00503,2026-05-07,44,WH-MYS-01
GR-00504,PO-00504,2026-05-23,1,WH-MYS-01
GR-00505,PO-00505,2026-02-25,33,WH-BLR-01
GR-00506,PO-00506,2026-03-27,38,WH-BLR-01
GR-00507,PO-00507,2026-02-05,13,WH-HYD-01
GR-00508,PO-00508,2026-03-12,27,WH-CHN-01
GR-00509,PO-00509,2026-05-26,30,WH-HYD-01
GR-00510,PO-00510,2026-05-28,22,WH-MYS-01
GR-00511,PO-00511,2026-04-01,14,WH-CHN-01
GR-00512,PO-00512,2026-03-06,45,WH-BLR-01
GR-00513,PO-00513,2026-03-27,22,WH-BLR-01
GR-00514,PO-00514,2026-06-04,1,WH-MYS-01
GR-00515,PO-00515,2026-05-27,4,WH-MYS-01
GR-00516,PO-00516,2026-03-19,24,WH-CHN-01
GR-00517,PO-00517,2026-01-09,50,WH-HYD-01
GR-00518,PO-00518,2026-05-24,28,WH-BLR-01
GR-00519,PO-00519,2026-05-26,17,WH-MYS-01
GR-00520,PO-00520,2026-05-16,46,WH-MYS-01
GR-00521,PO-00521,2026-04-21,3,WH-HYD-01
GR-00522,PO-00522,2026-03-20,49,WH-MYS-01
GR-00523,PO-00523,2026-05-04,11,WH-MYS-01
GR-00524,PO-00524,2026-07-04,33,WH-CHN-01
GR-00525,PO-00525,2026-05-13,7,WH-MYS-01
GR-00526,PO-00526,2026-05-11,29,WH-CHN-01
GR-00527,PO-00527,2026-04-05,45,WH-MYS-01
GR-00528,PO-00528,2026-02-12,49,WH-HYD-01
GR-00529,PO-00529,2026-04-11,32,WH-HYD-01
GR-00530,PO-00530,2026-03-18,44,WH-HYD-01
GR-00531,PO-00531,2026-04-12,16,WH-HYD-01
GR-00532,PO-00532,2026-05-17,33,WH-CHN-01
GR-00533,PO-00533,2026-01-30,48,WH-HYD-01
GR-00534,PO-00534,2026-04-26,5,WH-CHN-01
GR-00535,PO-00535,2026-04-28,23,WH-HYD-01
GR-00536,PO-00536,2026-02-21,26,WH-CHN-01
GR-00537,PO-00537,2026-05-25,46,WH-BLR-01
GR-00538,PO-00538,2026-03-19,21,WH-HYD-01
GR-00539,PO-00539,2026-05-16,9,WH-HYD-01
GR-00540,PO-00540,2026-04-12,43,WH-MYS-01
GR-00541,PO-00541,2026-05-19,6,WH-HYD-01
GR-00542,PO-00542,2026-05-21,29,WH-HYD-01
GR-00543,PO-00543,2026-03-01,28,WH-BLR-01
GR-00544,PO-00544,2026-05-22,20,WH-BLR-01
GR-00545,PO-00545,2026-06-07,2,WH-CHN-01
GR-00546,PO-00546,2026-04-22,11,WH-HYD-01
GR-00547,PO-00547,2026-04-17,2,WH-MYS-01
GR-00548,PO-00548,2026-02-14,29,WH-CHN-01
GR-00549,PO-00549,2026-03-03,3,WH-BLR-01
GR-00550,PO-00550,2026-03-22,26,WH-MYS-01
GR-00551,PO-00551,2026-01-23,29,WH-CHN-01
GR-00552,PO-00552,2026-01-27,28,WH-BLR-01
GR-00553,PO-00553,2026-05-24,16,WH-MYS-01
GR-00554,PO-00554,2026-04-26,5,WH-BLR-01
GR-00555,PO-00555,2026-06-19,30,WH-MYS-01
GR-00556,PO-00556,2026-01-19,11,WH-MYS-01
GR-00557,PO-00557,2026-04-14,35,WH-MYS-01
GR-00558,PO-00558,2026-03-31,23,WH-CHN-01
GR-00559,PO-00559,2026-02-13,50,WH-HYD-01
GR-00560,PO-00560,2026-02-09,29,WH-MYS-01
GR-00561,PO-00561,2026-05-23,35,WH-BLR-01
GR-00562,PO-00562,2026-04-13,50,WH-HYD-01
GR-00563,PO-00563,2026-06-06,28,WH-CHN-01
GR-00564,PO-00564,2026-03-31,28,WH-HYD-01
GR-00565,PO-00565,2026-05-24,48,WH-BLR-01
GR-00566,PO-00566,2026-04-19,35,WH-CHN-01
GR-00567,PO-00567,2026-03-09,42,WH-CHN-01
GR-00568,PO-00568,2026-04-26,7,WH-MYS-01
GR-00569,PO-00569,2026-02-27,32,WH-CHN-01
GR-00570,PO-00570,2026-06-04,36,WH-BLR-01
GR-00571,PO-00571,2026-01-09,7,WH-CHN-01
GR-00572,PO-00572,2026-05-01,37,WH-BLR-01
GR-00573,PO-00573,2026-04-04,43,WH-CHN-01
GR-00574,PO-00574,2026-03-26,7,WH-CHN-01
GR-00575,PO-00575,2026-02-11,1,WH-BLR-01
GR-00576,PO-00576,2026-03-03,47,WH-CHN-01
GR-00577,PO-00577,2026-04-18,15,WH-HYD-01
GR-00578,PO-00578,2026-03-21,40,WH-CHN-01
GR-00579,PO-00579,2026-05-14,29,WH-MYS-01
GR-00580,PO-00580,2026-04-02,4,WH-HYD-01
GR-00581,PO-00581,2026-06-17,37,WH-HYD-01
GR-00582,PO-00582,2026-02-24,18,WH-HYD-01
GR-00583,PO-00583,2026-02-08,35,WH-CHN-01
GR-00584,PO-00584,2026-02-24,32,WH-CHN-01
GR-00585,PO-00585,2026-02-01,26,WH-MYS-01
GR-00586,PO-00586,2026-01-19,32,WH-MYS-01
GR-00587,PO-00587,2026-04-06,11,WH-CHN-01
GR-00588,PO-00588,2026-06-12,46,WH-HYD-01
GR-00589,PO-00589,2026-02-10,26,WH-CHN-01
GR-00590,PO-00590,2026-05-28,9,WH-CHN-01
GR-00591,PO-00591,2026-06-10,23,WH-HYD-01
GR-00592,PO-00592,2026-05-06,31,WH-HYD-01
GR-00593,PO-00593,2026-03-12,8,WH-HYD-01
GR-00594,PO-00594,2026-05-01,32,WH-MYS-01
GR-00595,PO-00595,2026-01-31,14,WH-BLR-01
GR-00596,PO-00596,2026-04-04,37,WH-MYS-01
GR-00597,PO-00597,2026-05-28,39,WH-BLR-01
GR-00598,PO-00598,2026-04-19,26,WH-HYD-01
GR-00599,PO-00599,2026-01-25,20,WH-HYD-01
GR-00600,PO-00600,2026-02-28,46,WH-BLR-01
GR-00601,PO-00601,2026-03-26,42,WH-CHN-01
GR-00602,PO-00602,2026-06-10,32,WH-CHN-01
GR-00603,PO-00603,2026-02-25,33,WH-HYD-01
GR-00604,PO-00604,2026-01-22,21,WH-HYD-01
GR-00605,PO-00605,2026-04-19,10,WH-MYS-01
GR-00606,PO-00606,2026-04-24,2,WH-MYS-01
GR-00607,PO-00607,2026-03-26,39,WH-HYD-01
GR-00608,PO-00608,2026-05-30,2,WH-HYD-01
GR-00609,PO-00609,2026-02-03,2,WH-MYS-01
GR-00610,PO-00610,2026-01-28,9,WH-HYD-01
GR-00611,PO-00611,2026-02-16,14,WH-HYD-01
GR-00612,PO-00612,2026-06-13,15,WH-BLR-01
GR-00613,PO-00613,2026-05-20,12,WH-MYS-01
GR-00614,PO-00614,2026-04-23,44,WH-BLR-01
GR-00615,PO-00615,2026-04-04,23,WH-MYS-01
GR-00616,PO-00616,2026-05-04,29,WH-BLR-01
GR-00617,PO-00617,2026-04-21,22,WH-BLR-01
GR-00618,PO-00618,2026-05-29,29,WH-BLR-01
GR-00619,PO-00619,2026-06-18,3,WH-CHN-01
GR-00620,PO-00620,2026-04-02,40,WH-MYS-01
GR-00621,PO-00621,2026-05-20,33,WH-MYS-01
GR-00622,PO-00622,2026-04-30,5,WH-MYS-01
GR-00623,PO-00623,2026-05-25,14,WH-BLR-01
GR-00624,PO-00624,2026-02-12,20,WH-MYS-01
GR-00625,PO-00625,2026-04-24,36,WH-MYS-01
GR-00626,PO-00626,2026-03-10,34,WH-CHN-01
GR-00627,PO-00627,2026-03-26,21,WH-HYD-01
GR-00628,PO-00628,2026-01-19,49,WH-CHN-01
GR-00629,PO-00629,2026-03-16,43,WH-BLR-01
GR-00630,PO-00630,2026-03-29,46,WH-MYS-01
GR-00631,PO-00631,2026-01-31,1,WH-HYD-01
GR-00632,PO-00632,2026-04-05,7,WH-MYS-01
GR-00633,PO-00633,2026-05-08,31,WH-HYD-01
GR-00634,PO-00634,2026-04-30,5,WH-BLR-01
GR-00635,PO-00635,2026-03-31,19,WH-BLR-01
GR-00636,PO-00636,2026-02-07,5,WH-HYD-01
GR-00637,PO-00637,2026-04-29,36,WH-MYS-01
GR-00638,PO-00638,2026-06-24,24,WH-MYS-01
GR-00639,PO-00639,2026-04-09,7,WH-MYS-01
GR-00640,PO-00640,2026-05-08,42,WH-MYS-01
GR-00641,PO-00641,2026-03-25,43,WH-BLR-01
GR-00642,PO-00642,2026-02-16,34,WH-BLR-01
GR-00643,PO-00643,2026-03-06,37,WH-BLR-01
GR-00644,PO-00644,2026-02-10,12,WH-CHN-01
GR-00645,PO-00645,2026-02-06,5,WH-BLR-01
GR-00646,PO-00646,2026-03-06,44,WH-BLR-01
GR-00647,PO-00647,2026-04-07,32,WH-BLR-01
GR-00648,PO-00648,2026-04-04,44,WH-MYS-01
GR-00649,PO-00649,2026-04-20,46,WH-BLR-01
GR-00650,PO-00650,2026-02-24,2,WH-HYD-01
GR-00651,PO-00651,2026-06-07,2,WH-MYS-01
GR-00652,PO-00652,2026-03-10,12,WH-HYD-01
GR-00653,PO-00653,2026-02-01,14,WH-BLR-01
GR-00654,PO-00654,2026-06-03,44,WH-HYD-01
GR-00655,PO-00655,2026-03-12,7,WH-BLR-01
GR-00656,PO-00656,2026-03-13,48,WH-BLR-01
GR-00657,PO-00657,2026-03-19,37,WH-HYD-01
GR-00658,PO-00658,2026-06-14,2,WH-BLR-01
GR-00659,PO-00659,2026-02-08,19,WH-CHN-01
GR-00660,PO-00660,2026-05-02,27,WH-HYD-01
GR-00661,PO-00661,2026-04-14,27,WH-CHN-01
GR-00662,PO-00662,2026-06-15,41,WH-CHN-01
GR-00663,PO-00663,2026-05-09,11,WH-HYD-01
GR-00664,PO-00664,2026-04-10,42,WH-CHN-01
GR-00665,PO-00665,2026-03-08,5,WH-BLR-01
GR-00666,PO-00666,2026-04-14,7,WH-CHN-01
GR-00667,PO-00667,2026-03-18,16,WH-MYS-01
GR-00668,PO-00668,2026-05-08,26,WH-BLR-01
GR-00669,PO-00669,2026-06-21,43,WH-CHN-01
GR-00670,PO-00670,2026-02-27,16,WH-CHN-01
GR-00671,PO-00671,2026-04-17,45,WH-BLR-01
GR-00672,PO-00672,2026-03-01,3,WH-CHN-01
GR-00673,PO-00673,2026-03-14,30,WH-CHN-01
GR-00674,PO-00674,2026-04-28,39,WH-HYD-01
GR-00675,PO-00675,2026-02-15,27,WH-HYD-01
GR-00676,PO-00676,2026-02-13,38,WH-HYD-01
GR-00677,PO-00677,2026-04-17,47,WH-MYS-01
GR-00678,PO-00678,2026-03-05,42,WH-MYS-01
GR-00679,PO-00679,2026-02-27,50,WH-CHN-01
GR-00680,PO-00680,2026-02-16,28,WH-CHN-01
GR-00681,PO-00681,2026-03-01,42,WH-MYS-01
GR-00682,PO-00682,2026-04-29,31,WH-HYD-01
GR-00683,PO-00683,2026-04-21,36,WH-HYD-01
GR-00684,PO-00684,2026-02-06,25,WH-HYD-01
GR-00685,PO-00685,2026-05-18,42,WH-BLR-01
GR-00686,PO-00686,2026-06-18,49,WH-CHN-01
GR-00687,PO-00687,2026-05-19,9,WH-HYD-01
GR-00688,PO-00688,2026-04-09,49,WH-HYD-01
GR-00689,PO-00689,2026-01-29,8,WH-HYD-01
GR-00690,PO-00690,2026-02-02,22,WH-HYD-01
GR-00691,PO-00691,2026-03-24,29,WH-MYS-01
GR-00692,PO-00692,2026-02-24,18,WH-MYS-01
GR-00693,PO-00693,2026-05-31,30,WH-CHN-01
GR-00694,PO-00694,2026-05-05,33,WH-HYD-01
GR-00695,PO-00695,2026-01-26,4,WH-CHN-01
GR-00696,PO-00696,2026-04-01,11,WH-HYD-01
GR-00697,PO-00697,2026-02-20,11,WH-BLR-01
GR-00698,PO-00698,2026-02-24,5,WH-HYD-01
GR-00699,PO-00699,2026-03-30,3,WH-MYS-01
GR-00700,PO-00700,2026-06-25,27,WH-BLR-01
GR-00701,PO-00701,2026-01-10,10,WH-HYD-01
GR-00702,PO-00702,2026-03-08,30,WH-BLR-01
GR-00703,PO-00703,2026-03-11,32,WH-MYS-01
GR-00704,PO-00704,2026-02-24,37,WH-CHN-01
GR-00705,PO-00705,2026-03-30,10,WH-CHN-01
GR-00706,PO-00706,2026-04-17,11,WH-MYS-01
GR-00707,PO-00707,2026-04-21,25,WH-BLR-01
GR-00708,PO-00708,2026-05-02,20,WH-HYD-01
GR-00709,PO-00709,2026-05-20,38,WH-CHN-01
GR-00710,PO-00710,2026-03-23,30,WH-CHN-01
GR-00711,PO-00711,2026-05-30,38,WH-CHN-01
GR-00712,PO-00712,2026-05-22,26,WH-BLR-01
GR-00713,PO-00713,2026-02-16,21,WH-HYD-01
GR-00714,PO-00714,2026-03-13,2,WH-CHN-01
GR-00715,PO-00715,2026-02-04,9,WH-MYS-01
GR-00716,PO-00716,2026-01-29,32,WH-HYD-01
GR-00717,PO-00717,2026-05-27,37,WH-BLR-01
GR-00718,PO-00718,2026-05-10,21,WH-MYS-01
GR-00719,PO-00719,2026-06-01,48,WH-CHN-01
GR-00720,PO-00720,2026-01-21,35,WH-BLR-01
GR-00721,PO-00721,2026-05-23,42,WH-MYS-01
GR-00722,PO-00722,2026-01-28,15,WH-MYS-01
GR-00723,PO-00723,2026-04-03,16,WH-MYS-01
GR-00724,PO-00724,2026-05-11,4,WH-BLR-01
GR-00725,PO-00725,2026-02-15,22,WH-BLR-01
GR-00726,PO-00726,2026-02-23,48,WH-MYS-01
GR-00727,PO-00727,2026-03-08,28,WH-BLR-01
GR-00728,PO-00728,2026-03-04,12,WH-BLR-01
GR-00729,PO-00729,2026-05-29,5,WH-MYS-01
GR-00730,PO-00730,2026-05-25,17,WH-CHN-01
GR-00731,PO-00731,2026-05-12,17,WH-MYS-01
GR-00732,PO-00732,2026-04-29,42,WH-MYS-01
GR-00733,PO-00733,2026-02-22,13,WH-HYD-01
GR-00734,PO-00734,2026-04-29,1,WH-CHN-01
GR-00735,PO-00735,2026-03-08,16,WH-CHN-01
GR-00736,PO-00736,2026-02-14,45,WH-MYS-01
GR-00737,PO-00737,2026-04-13,22,WH-HYD-01
GR-00738,PO-00738,2026-02-16,9,WH-HYD-01
GR-00739,PO-00739,2026-03-01,50,WH-CHN-01
GR-00740,PO-00740,2026-03-04,38,WH-MYS-01
GR-00741,PO-00741,2026-04-04,32,WH-BLR-01
GR-00742,PO-00742,2026-05-10,41,WH-CHN-01
GR-00743,PO-00743,2026-05-08,12,WH-BLR-01
GR-00744,PO-00744,2026-04-29,1,WH-BLR-01
GR-00745,PO-00745,2026-05-09,4,WH-BLR-01
GR-00746,PO-00746,2026-06-02,50,WH-HYD-01
GR-00747,PO-00747,2026-06-07,33,WH-HYD-01
GR-00748,PO-00748,2026-05-31,30,WH-MYS-01
GR-00749,PO-00749,2026-01-30,24,WH-BLR-01
GR-00750,PO-00750,2026-02-08,12,WH-BLR-01
GR-00751,PO-00751,2026-06-03,44,WH-CHN-01
GR-00752,PO-00752,2026-06-18,31,WH-HYD-01
GR-00753,PO-00753,2026-05-17,21,WH-CHN-01
GR-00754,PO-00754,2026-06-10,36,WH-HYD-01
GR-00755,PO-00755,2026-05-21,15,WH-CHN-01
GR-00756,PO-00756,2026-01-28,22,WH-BLR-01
GR-00757,PO-00757,2026-02-26,14,WH-CHN-01
GR-00758,PO-00758,2026-05-29,26,WH-HYD-01
GR-00759,PO-00759,2026-02-27,33,WH-HYD-01
GR-00760,PO-00760,2026-04-12,2,WH-HYD-01
GR-00761,PO-00761,2026-06-14,7,WH-HYD-01
GR-00762,PO-00762,2026-02-11,29,WH-HYD-01
GR-00763,PO-00763,2026-02-27,17,WH-MYS-01
GR-00764,PO-00764,2026-05-10,23,WH-HYD-01
GR-00765,PO-00765,2026-04-19,18,WH-BLR-01
GR-00766,PO-00766,2026-04-17,19,WH-HYD-01
GR-00767,PO-00767,2026-04-12,17,WH-CHN-01
GR-00768,PO-00768,2026-04-11,8,WH-BLR-01
GR-00769,PO-00769,2026-03-23,47,WH-BLR-01
GR-00770,PO-00770,2026-03-05,21,WH-CHN-01
GR-00771,PO-00771,2026-02-04,37,WH-BLR-01
GR-00772,PO-00772,2026-04-16,32,WH-HYD-01
GR-00773,PO-00773,2026-04-09,36,WH-CHN-01
GR-00774,PO-00774,2026-05-05,28,WH-MYS-01
GR-00775,PO-00775,2026-06-14,8,WH-HYD-01
GR-00776,PO-00776,2026-02-06,41,WH-CHN-01
GR-00777,PO-00777,2026-03-14,30,WH-CHN-01
GR-00778,PO-00778,2026-04-02,37,WH-CHN-01
GR-00779,PO-00779,2026-03-16,47,WH-CHN-01
GR-00780,PO-00780,2026-02-10,50,WH-BLR-01
GR-00781,PO-00781,2026-02-18,36,WH-CHN-01
GR-00782,PO-00782,2026-03-20,50,WH-BLR-01
GR-00783,PO-00783,2026-03-28,36,WH-MYS-01
GR-00784,PO-00784,2026-04-20,41,WH-HYD-01
GR-00785,PO-00785,2026-02-05,38,WH-MYS-01
GR-00786,PO-00786,2026-02-19,27,WH-HYD-01
GR-00787,PO-00787,2026-04-14,13,WH-HYD-01
GR-00788,PO-00788,2026-04-19,34,WH-MYS-01
GR-00789,PO-00789,2026-03-13,49,WH-BLR-01
GR-00790,PO-00790,2026-05-03,42,WH-HYD-01
GR-00791,PO-00791,2026-02-13,23,WH-BLR-01
GR-00792,PO-00792,2026-03-06,46,WH-BLR-01
GR-00793,PO-00793,2026-05-01,48,WH-MYS-01
GR-00794,PO-00794,2026-02-18,14,WH-BLR-01
GR-00795,PO-00795,2026-01-28,47,WH-MYS-01
GR-00796,PO-00796,2026-03-12,29,WH-HYD-01
GR-00797,PO-00797,2026-05-01,12,WH-BLR-01
GR-00798,PO-00798,2026-02-03,50,WH-MYS-01
GR-00799,PO-00799,2026-06-10,12,WH-MYS-01
GR-00800,PO-00800,2026-05-04,21,WH-MYS-01
GR-00801,PO-00801,2026-05-06,1,WH-HYD-01
GR-00802,PO-00802,2026-03-20,26,WH-CHN-01
GR-00803,PO-00803,2026-04-07,8,WH-CHN-01
GR-00804,PO-00804,2026-02-26,11,WH-CHN-01
GR-00805,PO-00805,2026-02-15,8,WH-CHN-01
GR-00806,PO-00806,2026-04-24,6,WH-MYS-01
GR-00807,PO-00807,2026-04-14,1,WH-CHN-01
GR-00808,PO-00808,2026-04-09,31,WH-CHN-01
GR-00809,PO-00809,2026-05-14,4,WH-CHN-01
GR-00810,PO-00810,2026-03-19,6,WH-CHN-01
GR-00811,PO-00811,2026-01-20,5,WH-BLR-01
GR-00812,PO-00812,2026-02-11,1,WH-CHN-01
GR-00813,PO-00813,2026-05-27,40,WH-BLR-01
GR-00814,PO-00814,2026-05-02,18,WH-BLR-01
GR-00815,PO-00815,2026-02-23,26,WH-CHN-01
GR-00816,PO-00816,2026-05-16,42,WH-CHN-01
GR-00817,PO-00817,2026-05-13,12,WH-CHN-01
GR-00818,PO-00818,2026-04-14,43,WH-HYD-01
GR-00819,PO-00819,2026-04-13,41,WH-HYD-01
GR-00820,PO-00820,2026-04-11,17,WH-HYD-01
GR-00821,PO-00821,2026-01-26,11,WH-HYD-01
GR-00822,PO-00822,2026-01-28,2,WH-CHN-01
GR-00823,PO-00823,2026-06-16,3,WH-CHN-01
GR-00824,PO-00824,2026-02-11,1,WH-MYS-01
GR-00825,PO-00825,2026-04-19,36,WH-MYS-01
GR-00826,PO-00826,2026-04-05,45,WH-BLR-01
GR-00827,PO-00827,2026-06-16,17,WH-CHN-01
GR-00828,PO-00828,2026-04-27,39,WH-HYD-01
GR-00829,PO-00829,2026-05-11,10,WH-CHN-01
GR-00830,PO-00830,2026-06-12,38,WH-MYS-01
GR-00831,PO-00831,2026-06-02,13,WH-BLR-01
GR-00832,PO-00832,2026-05-21,2,WH-HYD-01
GR-00833,PO-00833,2026-05-13,9,WH-HYD-01
GR-00834,PO-00834,2026-03-30,33,WH-BLR-01
GR-00835,PO-00835,2026-02-24,7,WH-CHN-01
GR-00836,PO-00836,2026-05-07,38,WH-HYD-01
GR-00837,PO-00837,2026-06-09,17,WH-BLR-01
GR-00838,PO-00838,2026-04-12,26,WH-BLR-01
GR-00839,PO-00839,2026-05-01,32,WH-BLR-01
GR-00840,PO-00840,2026-06-30,8,WH-MYS-01
GR-00841,PO-00841,2026-03-08,39,WH-MYS-01
GR-00842,PO-00842,2026-05-03,40,WH-HYD-01
GR-00843,PO-00843,2026-06-09,41,WH-CHN-01
GR-00844,PO-00844,2026-05-17,18,WH-HYD-01
GR-00845,PO-00845,2026-01-23,26,WH-MYS-01
GR-00846,PO-00846,2026-04-13,39,WH-BLR-01
GR-00847,PO-00847,2026-05-20,21,WH-MYS-01
GR-00848,PO-00848,2026-04-06,6,WH-BLR-01
GR-00849,PO-00849,2026-03-24,15,WH-BLR-01
GR-00850,PO-00850,2026-03-01,2,WH-HYD-01
GR-00851,PO-00851,2026-05-08,32,WH-CHN-01
GR-00852,PO-00852,2026-02-19,6,WH-BLR-01
GR-00853,PO-00853,2026-02-24,7,WH-HYD-01
GR-00854,PO-00854,2026-05-17,42,WH-HYD-01
GR-00855,PO-00855,2026-03-12,42,WH-MYS-01
GR-00856,PO-00856,2026-02-07,50,WH-CHN-01
GR-00857,PO-00857,2026-03-04,27,WH-MYS-01
GR-00858,PO-00858,2026-02-06,31,WH-CHN-01
GR-00859,PO-00859,2026-05-19,1,WH-CHN-01
GR-00860,PO-00860,2026-04-14,33,WH-HYD-01
GR-00861,PO-00861,2026-02-21,1,WH-MYS-01
GR-00862,PO-00862,2026-05-12,39,WH-CHN-01
GR-00863,PO-00863,2026-02-27,39,WH-HYD-01
GR-00864,PO-00864,2026-02-03,4,WH-HYD-01
GR-00865,PO-00865,2026-02-06,33,WH-HYD-01
GR-00866,PO-00866,2026-02-21,33,WH-HYD-01
GR-00867,PO-00867,2026-05-22,42,WH-BLR-01
GR-00868,PO-00868,2026-04-10,6,WH-HYD-01
GR-00869,PO-00869,2026-03-14,49,WH-CHN-01
GR-00870,PO-00870,2026-02-15,12,WH-BLR-01
GR-00871,PO-00871,2026-05-05,48,WH-CHN-01
GR-00872,PO-00872,2026-02-03,36,WH-MYS-01
GR-00873,PO-00873,2026-02-07,43,WH-HYD-01
GR-00874,PO-00874,2026-06-19,5,WH-MYS-01
GR-00875,PO-00875,2026-05-14,19,WH-BLR-01
GR-00876,PO-00876,2026-03-30,12,WH-MYS-01
GR-00877,PO-00877,2026-02-02,12,WH-HYD-01
GR-00878,PO-00878,2026-01-21,19,WH-MYS-01
GR-00879,PO-00879,2026-02-28,12,WH-CHN-01
GR-00880,PO-00880,2026-02-06,36,WH-MYS-01
GR-00881,PO-00881,2026-03-01,31,WH-CHN-01
GR-00882,PO-00882,2026-05-04,41,WH-HYD-01
GR-00883,PO-00883,2026-06-02,4,WH-CHN-01
GR-00884,PO-00884,2026-02-07,15,WH-BLR-01
GR-00885,PO-00885,2026-05-28,20,WH-CHN-01
GR-00886,PO-00886,2026-06-04,24,WH-CHN-01
GR-00887,PO-00887,2026-03-31,3,WH-BLR-01
GR-00888,PO-00888,2026-05-28,30,WH-CHN-01
GR-00889,PO-00889,2026-06-05,21,WH-BLR-01
GR-00890,PO-00890,2026-05-11,38,WH-HYD-01
GR-00891,PO-00891,2026-04-20,45,WH-HYD-01
GR-00892,PO-00892,2026-03-21,44,WH-BLR-01
GR-00893,PO-00893,2026-05-07,40,WH-CHN-01
GR-00894,PO-00894,2026-05-25,15,WH-HYD-01
GR-00895,PO-00895,2026-04-09,38,WH-MYS-01
GR-00896,PO-00896,2026-02-12,15,WH-MYS-01
GR-00897,PO-00897,2026-05-03,50,WH-CHN-01
GR-00898,PO-00898,2026-04-25,40,WH-CHN-01
GR-00899,PO-00899,2026-05-21,26,WH-CHN-01
GR-00900,PO-00900,2026-02-01,49,WH-CHN-01
GR-00901,PO-00901,2026-06-06,32,WH-CHN-01
GR-00902,PO-00902,2026-03-16,43,WH-BLR-01
GR-00903,PO-00903,2026-04-08,45,WH-HYD-01
GR-00904,PO-00904,2026-04-30,36,WH-HYD-01
GR-00905,PO-00905,2026-05-17,5,WH-CHN-01
GR-00906,PO-00906,2026-02-24,40,WH-CHN-01
GR-00907,PO-00907,2026-02-27,38,WH-MYS-01
GR-00908,PO-00908,2026-03-06,17,WH-CHN-01
GR-00909,PO-00909,2026-04-08,33,WH-HYD-01
GR-00910,PO-00910,2026-02-15,34,WH-MYS-01
GR-00911,PO-00911,2026-02-19,38,WH-HYD-01
GR-00912,PO-00912,2026-03-03,41,WH-CHN-01
GR-00913,PO-00913,2026-05-27,2,WH-BLR-01
GR-00914,PO-00914,2026-05-21,47,WH-HYD-01
GR-00915,PO-00915,2026-05-09,48,WH-MYS-01
GR-00916,PO-00916,2026-02-14,38,WH-MYS-01
GR-00917,PO-00917,2026-02-02,43,WH-MYS-01
GR-00918,PO-00918,2026-06-04,32,WH-HYD-01
GR-00919,PO-00919,2026-01-24,11,WH-BLR-01
GR-00920,PO-00920,2026-04-10,33,WH-BLR-01
GR-00921,PO-00921,2026-03-08,8,WH-CHN-01
GR-00922,PO-00922,2026-05-02,7,WH-HYD-01
GR-00923,PO-00923,2026-01-08,45,WH-MYS-01
GR-00924,PO-00924,2026-06-27,6,WH-CHN-01
GR-00925,PO-00925,2026-02-27,31,WH-MYS-01
GR-00926,PO-00926,2026-05-23,4,WH-HYD-01
GR-00927,PO-00927,2026-03-14,35,WH-HYD-01
GR-00928,PO-00928,2026-04-24,31,WH-HYD-01
GR-00929,PO-00929,2026-02-11,40,WH-HYD-01
GR-00930,PO-00930,2026-03-23,18,WH-MYS-01
GR-00931,PO-00931,2026-04-29,40,WH-CHN-01
GR-00932,PO-00932,2026-05-22,28,WH-HYD-01
GR-00933,PO-00933,2026-05-14,49,WH-CHN-01
GR-00934,PO-00934,2026-02-17,42,WH-CHN-01
GR-00935,PO-00935,2026-03-24,11,WH-CHN-01
GR-00936,PO-00936,2026-04-28,2,WH-BLR-01
GR-00937,PO-00937,2026-03-13,48,WH-BLR-01
GR-00938,PO-00938,2026-04-24,25,WH-BLR-01
GR-00939,PO-00939,2026-05-02,26,WH-MYS-01
GR-00940,PO-00940,2026-06-18,50,WH-CHN-01
GR-00941,PO-00941,2026-01-13,12,WH-HYD-01
GR-00942,PO-00942,2026-06-20,45,WH-MYS-01
GR-00943,PO-00943,2026-02-13,30,WH-HYD-01
GR-00944,PO-00944,2026-02-03,13,WH-BLR-01
GR-00945,PO-00945,2026-05-09,40,WH-HYD-01
GR-00946,PO-00946,2026-06-17,12,WH-BLR-01
GR-00947,PO-00947,2026-05-31,10,WH-MYS-01
GR-00948,PO-00948,2026-01-14,4,WH-HYD-01
GR-00949,PO-00949,2026-04-25,11,WH-BLR-01
GR-00950,PO-00950,2026-06-04,11,WH-HYD-01
GR-00951,PO-00951,2026-02-14,48,WH-MYS-01
GR-00952,PO-00952,2026-01-28,24,WH-BLR-01
GR-00953,PO-00953,2026-04-07,30,WH-MYS-01
GR-00954,PO-00954,2026-06-29,34,WH-HYD-01
GR-00955,PO-00955,2026-05-14,50,WH-BLR-01
GR-00956,PO-00956,2026-03-27,33,WH-MYS-01
GR-00957,PO-00957,2026-03-29,44,WH-MYS-01
GR-00958,PO-00958,2026-04-14,36,WH-CHN-01
GR-00959,PO-00959,2026-02-13,28,WH-BLR-01
GR-00960,PO-00960,2026-01-23,32,WH-MYS-01
GR-00961,PO-00961,2026-06-05,12,WH-HYD-01
GR-00962,PO-00962,2026-02-17,29,WH-CHN-01
GR-00963,PO-00963,2026-03-06,19,WH-CHN-01
GR-00964,PO-00964,2026-03-14,5,WH-MYS-01
GR-00965,PO-00965,2026-01-16,49,WH-CHN-01
GR-00966,PO-00966,2026-05-09,29,WH-CHN-01
GR-00967,PO-00967,2026-02-26,35,WH-BLR-01
GR-00968,PO-00968,2026-02-19,40,WH-HYD-01
GR-00969,PO-00969,2026-05-12,37,WH-MYS-01
GR-00970,PO-00970,2026-03-10,7,WH-MYS-01
GR-00971,PO-00971,2026-01-09,31,WH-MYS-01
GR-00972,PO-00972,2026-06-02,3,WH-BLR-01
GR-00973,PO-00973,2026-02-26,19,WH-MYS-01
GR-00974,PO-00974,2026-01-24,40,WH-BLR-01
GR-00975,PO-00975,2026-05-02,30,WH-CHN-01
GR-00976,PO-00976,2026-05-12,40,WH-CHN-01
GR-00977,PO-00977,2026-05-30,29,WH-BLR-01
GR-00978,PO-00978,2026-03-03,27,WH-BLR-01
GR-00979,PO-00979,2026-02-13,32,WH-HYD-01
GR-00980,PO-00980,2026-03-19,44,WH-MYS-01
GR-00981,PO-00981,2026-02-01,44,WH-BLR-01
GR-00982,PO-00982,2026-02-02,24,WH-CHN-01
GR-00983,PO-00983,2026-01-25,11,WH-BLR-01
GR-00984,PO-00984,2026-04-02,39,WH-BLR-01
GR-00985,PO-00985,2026-05-08,8,WH-BLR-01
GR-00986,PO-00986,2026-05-09,35,WH-BLR-01
GR-00987,PO-00987,2026-03-07,14,WH-CHN-01
GR-00988,PO-00988,2026-03-01,12,WH-CHN-01
GR-00989,PO-00989,2026-06-02,14,WH-CHN-01
GR-00990,PO-00990,2026-03-28,50,WH-MYS-01
GR-00991,PO-00991,2026-02-03,13,WH-MYS-01
GR-00992,PO-00992,2026-03-15,29,WH-CHN-01
GR-00993,PO-00993,2026-04-15,44,WH-BLR-01
GR-00994,PO-00994,2026-05-06,23,WH-CHN-01
GR-00995,PO-00995,2026-03-11,16,WH-MYS-01
GR-00996,PO-00996,2026-01-16,15,WH-HYD-01
GR-00997,PO-00997,2026-05-02,13,WH-HYD-01
GR-00998,PO-00998,2026-02-19,49,WH-MYS-01
GR-00999,PO-00999,2026-01-10,42,WH-BLR-01
GR-01000,PO-01000,2026-04-13,28,WH-CHN-01
GR-01001,PO-01001,2026-01-29,46,WH-HYD-01
GR-01002,PO-01002,2026-04-01,45,WH-MYS-01
GR-01003,PO-01003,2026-06-14,23,WH-MYS-01
GR-01004,PO-01004,2026-06-08,34,WH-BLR-01
GR-01005,PO-01005,2026-03-17,22,WH-CHN-01
GR-01006,PO-01006,2026-03-19,25,WH-CHN-01
GR-01007,PO-01007,2026-04-11,46,WH-MYS-01
GR-01008,PO-01008,2026-05-05,1,WH-HYD-01
GR-01009,PO-01009,2026-03-12,21,WH-MYS-01
GR-01010,PO-01010,2026-06-22,29,WH-CHN-01
GR-01011,PO-01011,2026-04-21,45,WH-MYS-01
GR-01012,PO-01012,2026-03-26,38,WH-BLR-01
GR-01013,PO-01013,2026-03-30,10,WH-HYD-01
GR-01014,PO-01014,2026-03-01,16,WH-HYD-01
GR-01015,PO-01015,2026-03-26,12,WH-BLR-01
GR-01016,PO-01016,2026-04-05,19,WH-BLR-01
GR-01017,PO-01017,2026-05-10,22,WH-MYS-01
GR-01018,PO-01018,2026-06-08,17,WH-HYD-01
GR-01019,PO-01019,2026-02-11,3,WH-BLR-01
GR-01020,PO-01020,2026-04-20,11,WH-HYD-01
GR-01021,PO-01021,2026-04-28,20,WH-HYD-01
GR-01022,PO-01022,2026-03-29,30,WH-HYD-01
GR-01023,PO-01023,2026-06-23,37,WH-CHN-01
GR-01024,PO-01024,2026-01-31,33,WH-CHN-01
GR-01025,PO-01025,2026-04-02,3,WH-CHN-01
GR-01026,PO-01026,2026-01-20,46,WH-BLR-01
GR-01027,PO-01027,2026-05-10,12,WH-CHN-01
GR-01028,PO-01028,2026-04-17,49,WH-CHN-01
GR-01029,PO-01029,2026-02-27,4,WH-HYD-01
GR-01030,PO-01030,2026-06-23,40,WH-MYS-01
GR-01031,PO-01031,2026-05-05,8,WH-CHN-01
GR-01032,PO-01032,2026-05-04,48,WH-CHN-01
GR-01033,PO-01033,2026-04-10,37,WH-CHN-01
GR-01034,PO-01034,2026-05-15,4,WH-BLR-01
GR-01035,PO-01035,2026-04-06,39,WH-MYS-01
GR-01036,PO-01036,2026-05-25,30,WH-HYD-01
GR-01037,PO-01037,2026-04-26,11,WH-BLR-01
GR-01038,PO-01038,2026-05-05,30,WH-HYD-01
GR-01039,PO-01039,2026-02-09,1,WH-BLR-01
GR-01040,PO-01040,2026-02-03,7,WH-MYS-01
GR-01041,PO-01041,2026-02-17,21,WH-CHN-01
GR-01042,PO-01042,2026-02-18,12,WH-MYS-01
GR-01043,PO-01043,2026-02-06,27,WH-BLR-01
GR-01044,PO-01044,2026-04-26,24,WH-CHN-01
GR-01045,PO-01045,2026-03-03,24,WH-BLR-01
GR-01046,PO-01046,2026-04-08,28,WH-BLR-01
GR-01047,PO-01047,2026-04-26,22,WH-MYS-01
GR-01048,PO-01048,2026-05-30,47,WH-MYS-01
GR-01049,PO-01049,2026-01-10,44,WH-HYD-01
GR-01050,PO-01050,2026-04-15,26,WH-BLR-01
GR-01051,PO-01051,2026-06-03,40,WH-CHN-01
GR-01052,PO-01052,2026-03-04,4,WH-HYD-01
GR-01053,PO-01053,2026-01-20,8,WH-BLR-01
GR-01054,PO-01054,2026-03-24,7,WH-MYS-01
GR-01055,PO-01055,2026-02-08,9,WH-MYS-01
GR-01056,PO-01056,2026-02-02,35,WH-BLR-01
GR-01057,PO-01057,2026-05-21,27,WH-MYS-01
GR-01058,PO-01058,2026-03-01,13,WH-CHN-01
GR-01059,PO-01059,2026-06-21,16,WH-BLR-01
GR-01060,PO-01060,2026-03-02,11,WH-MYS-01
GR-01061,PO-01061,2026-03-20,45,WH-MYS-01
GR-01062,PO-01062,2026-03-14,18,WH-MYS-01
GR-01063,PO-01063,2026-03-20,45,WH-CHN-01
GR-01064,PO-01064,2026-06-01,17,WH-CHN-01
GR-01065,PO-01065,2026-02-03,1,WH-CHN-01
GR-01066,PO-01066,2026-05-13,41,WH-HYD-01
GR-01067,PO-01067,2026-02-08,15,WH-HYD-01
GR-01068,PO-01068,2026-05-20,22,WH-BLR-01
GR-01069,PO-01069,2026-05-08,3,WH-HYD-01
GR-01070,PO-01070,2026-04-20,17,WH-CHN-01
GR-01071,PO-01071,2026-04-27,38,WH-BLR-01
GR-01072,PO-01072,2026-03-06,5,WH-MYS-01
GR-01073,PO-01073,2026-02-01,32,WH-BLR-01
GR-01074,PO-01074,2026-05-27,42,WH-CHN-01
GR-01075,PO-01075,2026-07-02,18,WH-HYD-01
GR-01076,PO-01076,2026-02-20,39,WH-MYS-01
GR-01077,PO-01077,2026-05-23,3,WH-HYD-01
GR-01078,PO-01078,2026-04-30,11,WH-MYS-01
GR-01079,PO-01079,2026-05-11,44,WH-MYS-01
GR-01080,PO-01080,2026-03-27,46,WH-MYS-01
GR-01081,PO-01081,2026-01-29,50,WH-MYS-01
GR-01082,PO-01082,2026-05-07,4,WH-BLR-01
GR-01083,PO-01083,2026-02-03,16,WH-HYD-01
GR-01084,PO-01084,2026-05-12,7,WH-HYD-01
GR-01085,PO-01085,2026-04-03,9,WH-HYD-01
GR-01086,PO-01086,2026-04-19,19,WH-MYS-01
GR-01087,PO-01087,2026-02-08,5,WH-MYS-01
GR-01088,PO-01088,2026-04-30,39,WH-MYS-01
GR-01089,PO-01089,2026-01-09,7,WH-HYD-01
GR-01090,PO-01090,2026-05-22,5,WH-HYD-01
GR-01091,PO-01091,2026-05-04,26,WH-MYS-01
GR-01092,PO-01092,2026-05-31,21,WH-CHN-01
GR-01093,PO-01093,2026-02-25,7,WH-MYS-01
GR-01094,PO-01094,2026-02-17,42,WH-HYD-01
GR-01095,PO-01095,2026-03-14,35,WH-CHN-01
GR-01096,PO-01096,2026-03-02,19,WH-BLR-01
GR-01097,PO-01097,2026-05-04,15,WH-MYS-01
GR-01098,PO-01098,2026-03-23,9,WH-MYS-01
GR-01099,PO-01099,2026-02-12,35,WH-HYD-01
GR-01100,PO-01100,2026-02-10,8,WH-MYS-01
GR-01101,PO-01101,2026-06-01,39,WH-CHN-01
GR-01102,PO-01102,2026-04-01,19,WH-HYD-01
GR-01103,PO-01103,2026-02-14,50,WH-BLR-01
GR-01104,PO-01104,2026-04-03,27,WH-CHN-01
GR-01105,PO-01105,2026-02-18,34,WH-MYS-01
GR-01106,PO-01106,2026-01-28,30,WH-MYS-01
GR-01107,PO-01107,2026-01-24,1,WH-CHN-01
GR-01108,PO-01108,2026-05-14,46,WH-CHN-01
GR-01109,PO-01109,2026-02-25,37,WH-MYS-01
GR-01110,PO-01110,2026-06-06,1,WH-MYS-01
GR-01111,PO-01111,2026-01-20,32,WH-CHN-01
GR-01112,PO-01112,2026-02-15,33,WH-HYD-01
GR-01113,PO-01113,2026-05-04,12,WH-HYD-01
GR-01114,PO-01114,2026-03-03,44,WH-CHN-01
GR-01115,PO-01115,2026-04-14,2,WH-CHN-01
GR-01116,PO-01116,2026-05-31,9,WH-BLR-01
GR-01117,PO-01117,2026-03-06,42,WH-BLR-01
GR-01118,PO-01118,2026-04-09,29,WH-CHN-01
GR-01119,PO-01119,2026-02-10,17,WH-MYS-01
GR-01120,PO-01120,2026-02-16,5,WH-HYD-01
GR-01121,PO-01121,2026-02-20,42,WH-HYD-01
GR-01122,PO-01122,2026-01-20,15,WH-BLR-01
GR-01123,PO-01123,2026-03-13,37,WH-CHN-01
GR-01124,PO-01124,2026-04-10,46,WH-BLR-01
GR-01125,PO-01125,2026-03-18,10,WH-MYS-01
GR-01126,PO-01126,2026-04-20,42,WH-HYD-01
GR-01127,PO-01127,2026-04-20,19,WH-MYS-01
GR-01128,PO-01128,2026-06-05,32,WH-MYS-01
GR-01129,PO-01129,2026-04-11,21,WH-CHN-01
GR-01130,PO-01130,2026-04-17,31,WH-CHN-01
GR-01131,PO-01131,2026-01-28,5,WH-MYS-01
GR-01132,PO-01132,2026-03-31,10,WH-BLR-01
GR-01133,PO-01133,2026-02-18,40,WH-HYD-01
GR-01134,PO-01134,2026-06-08,35,WH-CHN-01
GR-01135,PO-01135,2026-03-02,36,WH-HYD-01
GR-01136,PO-01136,2026-01-20,5,WH-HYD-01
GR-01137,PO-01137,2026-01-29,25,WH-CHN-01
GR-01138,PO-01138,2026-02-22,14,WH-CHN-01
GR-01139,PO-01139,2026-05-30,27,WH-HYD-01
GR-01140,PO-01140,2026-01-30,49,WH-BLR-01
GR-01141,PO-01141,2026-01-28,47,WH-MYS-01
GR-01142,PO-01142,2026-06-02,22,WH-BLR-01
GR-01143,PO-01143,2026-02-27,35,WH-MYS-01
GR-01144,PO-01144,2026-05-25,25,WH-MYS-01
GR-01145,PO-01145,2026-03-04,33,WH-CHN-01
GR-01146,PO-01146,2026-05-18,26,WH-BLR-01
GR-01147,PO-01147,2026-03-26,20,WH-CHN-01
GR-01148,PO-01148,2026-03-19,34,WH-BLR-01
GR-01149,PO-01149,2026-04-09,35,WH-HYD-01
GR-01150,PO-01150,2026-03-05,27,WH-MYS-01
GR-01151,PO-01151,2026-04-27,46,WH-CHN-01
GR-01152,PO-01152,2026-04-22,7,WH-CHN-01
GR-01153,PO-01153,2026-05-15,14,WH-MYS-01
GR-01154,PO-01154,2026-02-01,1,WH-BLR-01
GR-01155,PO-01155,2026-03-03,26,WH-CHN-01
GR-01156,PO-01156,2026-02-27,42,WH-BLR-01
GR-01157,PO-01157,2026-01-31,38,WH-BLR-01
GR-01158,PO-01158,2026-04-15,18,WH-CHN-01
GR-01159,PO-01159,2026-02-06,9,WH-HYD-01
GR-01160,PO-01160,2026-02-07,21,WH-BLR-01
GR-01161,PO-01161,2026-05-29,17,WH-BLR-01
GR-01162,PO-01162,2026-02-07,12,WH-MYS-01
GR-01163,PO-01163,2026-02-16,26,WH-MYS-01
GR-01164,PO-01164,2026-03-11,23,WH-HYD-01
GR-01165,PO-01165,2026-02-04,42,WH-BLR-01
GR-01166,PO-01166,2026-02-25,6,WH-CHN-01
GR-01167,PO-01167,2026-04-03,40,WH-HYD-01
GR-01168,PO-01168,2026-02-13,45,WH-HYD-01
GR-01169,PO-01169,2026-06-14,7,WH-CHN-01
GR-01170,PO-01170,2026-02-07,42,WH-MYS-01
GR-01171,PO-01171,2026-03-08,45,WH-CHN-01
GR-01172,PO-01172,2026-03-04,31,WH-HYD-01
GR-01173,PO-01173,2026-07-01,10,WH-BLR-01
GR-01174,PO-01174,2026-05-17,39,WH-MYS-01
GR-01175,PO-01175,2026-04-04,15,WH-CHN-01
GR-01176,PO-01176,2026-05-25,50,WH-CHN-01
GR-01177,PO-01177,2026-04-28,1,WH-BLR-01
GR-01178,PO-01178,2026-06-13,28,WH-MYS-01
GR-01179,PO-01179,2026-03-28,3,WH-MYS-01
GR-01180,PO-01180,2026-03-23,36,WH-MYS-01
GR-01181,PO-01181,2026-03-03,29,WH-HYD-01
GR-01182,PO-01182,2026-04-26,46,WH-HYD-01
GR-01183,PO-01183,2026-04-08,6,WH-MYS-01
GR-01184,PO-01184,2026-04-01,16,WH-CHN-01
GR-01185,PO-01185,2026-03-19,44,WH-MYS-01
GR-01186,PO-01186,2026-06-12,48,WH-HYD-01
GR-01187,PO-01187,2026-02-24,39,WH-MYS-01
GR-01188,PO-01188,2026-03-09,37,WH-MYS-01
GR-01189,PO-01189,2026-03-01,32,WH-CHN-01
GR-01190,PO-01190,2026-04-19,11,WH-CHN-01
GR-01191,PO-01191,2026-01-26,22,WH-BLR-01
GR-01192,PO-01192,2026-03-16,21,WH-HYD-01
GR-01193,PO-01193,2026-02-09,36,WH-CHN-01
GR-01194,PO-01194,2026-02-28,4,WH-BLR-01
GR-01195,PO-01195,2026-01-30,19,WH-MYS-01
GR-01196,PO-01196,2026-01-13,50,WH-CHN-01
GR-01197,PO-01197,2026-02-10,22,WH-HYD-01
GR-01198,PO-01198,2026-02-03,12,WH-HYD-01
GR-01199,PO-01199,2026-03-01,43,WH-HYD-01
GR-01200,PO-01200,2026-04-26,42,WH-BLR-01
GR-01201,PO-01201,2026-01-18,15,WH-CHN-01
GR-01202,PO-01202,2026-02-09,50,WH-MYS-01
GR-01203,PO-01203,2026-02-21,15,WH-CHN-01
GR-01204,PO-01204,2026-04-01,22,WH-CHN-01
GR-01205,PO-01205,2026-06-04,28,WH-MYS-01
GR-01206,PO-01206,2026-02-03,25,WH-MYS-01
GR-01207,PO-01207,2026-02-08,43,WH-CHN-01
GR-01208,PO-01208,2026-03-17,47,WH-MYS-01
GR-01209,PO-01209,2026-04-16,32,WH-BLR-01
GR-01210,PO-01210,2026-05-11,24,WH-BLR-01
GR-01211,PO-01211,2026-01-09,2,WH-HYD-01
GR-01212,PO-01212,2026-05-22,9,WH-MYS-01
GR-01213,PO-01213,2026-02-01,26,WH-CHN-01
GR-01214,PO-01214,2026-05-19,30,WH-MYS-01
GR-01215,PO-01215,2026-03-24,42,WH-BLR-01
GR-01216,PO-01216,2026-04-11,17,WH-CHN-01
GR-01217,PO-01217,2026-05-20,13,WH-CHN-01
GR-01218,PO-01218,2026-03-12,29,WH-HYD-01
GR-01219,PO-01219,2026-01-13,12,WH-BLR-01
GR-01220,PO-01220,2026-04-01,20,WH-BLR-01
GR-01221,PO-01221,2026-05-31,1,WH-HYD-01
GR-01222,PO-01222,2026-03-31,18,WH-MYS-01
GR-01223,PO-01223,2026-03-02,47,WH-MYS-01
GR-01224,PO-01224,2026-01-30,32,WH-CHN-01
GR-01225,PO-01225,2026-02-04,13,WH-MYS-01
GR-01226,PO-01226,2026-06-01,35,WH-HYD-01
GR-01227,PO-01227,2026-04-16,41,WH-CHN-01
GR-01228,PO-01228,2026-03-07,37,WH-CHN-01
GR-01229,PO-01229,2026-01-31,36,WH-CHN-01
GR-01230,PO-01230,2026-03-25,37,WH-BLR-01
GR-01231,PO-01231,2026-02-10,28,WH-MYS-01
GR-01232,PO-01232,2026-02-17,2,WH-MYS-01
GR-01233,PO-01233,2026-05-29,6,WH-CHN-01
GR-01234,PO-01234,2026-05-30,50,WH-MYS-01
GR-01235,PO-01235,2026-06-06,14,WH-CHN-01
GR-01236,PO-01236,2026-02-05,48,WH-CHN-01
GR-01237,PO-01237,2026-06-14,21,WH-CHN-01
GR-01238,PO-01238,2026-04-24,26,WH-CHN-01
GR-01239,PO-01239,2026-03-07,42,WH-CHN-01
GR-01240,PO-01240,2026-03-08,16,WH-BLR-01
GR-01241,PO-01241,2026-04-08,30,WH-CHN-01
GR-01242,PO-01242,2026-03-22,31,WH-HYD-01
GR-01243,PO-01243,2026-05-19,5,WH-BLR-01
GR-01244,PO-01244,2026-05-03,28,WH-MYS-01
GR-01245,PO-01245,2026-04-30,15,WH-MYS-01
GR-01246,PO-01246,2026-04-10,23,WH-HYD-01
GR-01247,PO-01247,2026-02-18,33,WH-MYS-01
GR-01248,PO-01248,2026-05-09,22,WH-CHN-01
GR-01249,PO-01249,2026-05-31,22,WH-BLR-01
GR-01250,PO-01250,2026-04-16,43,WH-CHN-01
GR-01251,PO-01251,2026-04-28,6,WH-HYD-01
GR-01252,PO-01252,2026-02-09,1,WH-CHN-01
GR-01253,PO-01253,2026-04-30,34,WH-BLR-01
GR-01254,PO-01254,2026-02-18,24,WH-BLR-01
GR-01255,PO-01255,2026-05-16,47,WH-MYS-01
GR-01256,PO-01256,2026-03-08,3,WH-HYD-01
GR-01257,PO-01257,2026-05-12,25,WH-HYD-01
GR-01258,PO-01258,2026-04-07,17,WH-HYD-01
GR-01259,PO-01259,2026-05-28,9,WH-MYS-01
GR-01260,PO-01260,2026-06-28,19,WH-CHN-01
GR-01261,PO-01261,2026-02-21,5,WH-CHN-01
GR-01262,PO-01262,2026-03-14,41,WH-HYD-01
GR-01263,PO-01263,2026-05-28,9,WH-MYS-01
GR-01264,PO-01264,2026-01-17,3,WH-MYS-01
GR-01265,PO-01265,2026-05-06,4,WH-MYS-01
GR-01266,PO-01266,2026-04-29,48,WH-BLR-01
GR-01267,PO-01267,2026-02-13,45,WH-MYS-01
GR-01268,PO-01268,2026-02-03,25,WH-BLR-01
GR-01269,PO-01269,2026-05-03,30,WH-HYD-01
GR-01270,PO-01270,2026-04-28,43,WH-BLR-01
GR-01271,PO-01271,2026-02-12,31,WH-HYD-01
GR-01272,PO-01272,2026-02-20,11,WH-MYS-01
GR-01273,PO-01273,2026-03-04,34,WH-MYS-01
GR-01274,PO-01274,2026-03-18,18,WH-HYD-01
GR-01275,PO-01275,2026-05-19,47,WH-MYS-01
GR-01276,PO-01276,2026-04-08,38,WH-CHN-01
GR-01277,PO-01277,2026-05-08,35,WH-CHN-01
GR-01278,PO-01278,2026-05-14,44,WH-BLR-01
GR-01279,PO-01279,2026-05-23,26,WH-HYD-01
GR-01280,PO-01280,2026-04-27,9,WH-BLR-01
GR-01281,PO-01281,2026-03-06,49,WH-BLR-01
GR-01282,PO-01282,2026-04-04,47,WH-HYD-01
GR-01283,PO-01283,2026-03-10,36,WH-BLR-01
GR-01284,PO-01284,2026-06-07,2,WH-BLR-01
GR-01285,PO-01285,2026-05-15,9,WH-HYD-01
GR-01286,PO-01286,2026-04-30,18,WH-BLR-01
GR-01287,PO-01287,2026-05-13,32,WH-BLR-01
GR-01288,PO-01288,2026-04-18,9,WH-HYD-01
GR-01289,PO-01289,2026-04-11,10,WH-CHN-01
GR-01290,PO-01290,2026-04-07,6,WH-BLR-01
GR-01291,PO-01291,2026-01-22,27,WH-CHN-01
GR-01292,PO-01292,2026-03-12,1,WH-BLR-01
GR-01293,PO-01293,2026-03-16,40,WH-CHN-01
GR-01294,PO-01294,2026-04-02,7,WH-MYS-01
GR-01295,PO-01295,2026-06-11,11,WH-CHN-01
GR-01296,PO-01296,2026-06-03,50,WH-HYD-01
GR-01297,PO-01297,2026-01-29,8,WH-MYS-01
GR-01298,PO-01298,2026-02-05,38,WH-CHN-01
GR-01299,PO-01299,2026-03-09,3,WH-HYD-01
GR-01300,PO-01300,2026-04-13,8,WH-MYS-01
GR-01301,PO-01301,2026-05-16,10,WH-MYS-01
GR-01302,PO-01302,2026-01-25,48,WH-MYS-01
GR-01303,PO-01303,2026-05-08,33,WH-CHN-01
GR-01304,PO-01304,2026-05-30,32,WH-MYS-01
GR-01305,PO-01305,2026-03-02,20,WH-HYD-01
GR-01306,PO-01306,2026-02-12,40,WH-MYS-01
GR-01307,PO-01307,2026-03-30,41,WH-MYS-01
GR-01308,PO-01308,2026-02-10,27,WH-BLR-01
GR-01309,PO-01309,2026-04-05,12,WH-MYS-01
GR-01310,PO-01310,2026-03-22,33,WH-HYD-01
GR-01311,PO-01311,2026-01-14,42,WH-MYS-01
GR-01312,PO-01312,2026-02-21,19,WH-BLR-01
GR-01313,PO-01313,2026-05-06,21,WH-BLR-01
GR-01314,PO-01314,2026-04-07,15,WH-BLR-01
GR-01315,PO-01315,2026-06-14,45,WH-MYS-01
GR-01316,PO-01316,2026-02-18,20,WH-HYD-01
GR-01317,PO-01317,2026-06-19,35,WH-HYD-01
GR-01318,PO-01318,2026-04-10,12,WH-BLR-01
GR-01319,PO-01319,2026-02-23,12,WH-CHN-01
GR-01320,PO-01320,2026-04-07,11,WH-CHN-01
GR-01321,PO-01321,2026-05-21,1,WH-HYD-01
GR-01322,PO-01322,2026-04-22,17,WH-BLR-01
GR-01323,PO-01323,2026-05-06,34,WH-CHN-01
GR-01324,PO-01324,2026-02-16,40,WH-HYD-01
GR-01325,PO-01325,2026-05-13,25,WH-HYD-01
GR-01326,PO-01326,2026-02-09,25,WH-BLR-01
GR-01327,PO-01327,2026-01-18,41,WH-MYS-01
GR-01328,PO-01328,2026-02-05,44,WH-BLR-01
GR-01329,PO-01329,2026-04-01,1,WH-CHN-01
GR-01330,PO-01330,2026-05-03,2,WH-HYD-01
GR-01331,PO-01331,2026-06-04,48,WH-HYD-01
GR-01332,PO-01332,2026-02-14,50,WH-CHN-01
GR-01333,PO-01333,2026-02-22,48,WH-HYD-01
GR-01334,PO-01334,2026-05-21,2,WH-BLR-01
GR-01335,PO-01335,2026-05-06,21,WH-MYS-01
GR-01336,PO-01336,2026-06-05,2,WH-CHN-01
GR-01337,PO-01337,2026-05-22,32,WH-BLR-01
GR-01338,PO-01338,2026-03-29,37,WH-BLR-01
GR-01339,PO-01339,2026-03-18,4,WH-MYS-01
GR-01340,PO-01340,2026-04-07,1,WH-BLR-01
GR-01341,PO-01341,2026-02-06,44,WH-BLR-01
GR-01342,PO-01342,2026-05-17,35,WH-CHN-01
GR-01343,PO-01343,2026-03-05,33,WH-BLR-01
GR-01344,PO-01344,2026-04-28,40,WH-MYS-01
GR-01345,PO-01345,2026-05-18,50,WH-HYD-01
GR-01346,PO-01346,2026-05-05,33,WH-CHN-01
GR-01347,PO-01347,2026-02-09,39,WH-CHN-01
GR-01348,PO-01348,2026-01-31,23,WH-MYS-01
GR-01349,PO-01349,2026-04-22,13,WH-BLR-01
GR-01350,PO-01350,2026-03-07,42,WH-MYS-01
GR-01351,PO-01351,2026-03-25,20,WH-CHN-01
GR-01352,PO-01352,2026-03-11,36,WH-HYD-01
GR-01353,PO-01353,2026-06-14,22,WH-MYS-01
GR-01354,PO-01354,2026-03-25,12,WH-MYS-01
GR-01355,PO-01355,2026-02-09,2,WH-BLR-01
GR-01356,PO-01356,2026-02-05,14,WH-MYS-01
GR-01357,PO-01357,2026-04-04,18,WH-MYS-01
GR-01358,PO-01358,2026-03-20,28,WH-CHN-01
GR-01359,PO-01359,2026-05-23,31,WH-BLR-01
GR-01360,PO-01360,2026-03-02,10,WH-HYD-01
GR-01361,PO-01361,2026-03-11,2,WH-HYD-01
GR-01362,PO-01362,2026-04-15,7,WH-CHN-01
GR-01363,PO-01363,2026-01-30,47,WH-MYS-01
GR-01364,PO-01364,2026-02-04,50,WH-HYD-01
GR-01365,PO-01365,2026-04-25,6,WH-MYS-01
GR-01366,PO-01366,2026-05-28,33,WH-BLR-01
GR-01367,PO-01367,2026-06-06,15,WH-MYS-01
GR-01368,PO-01368,2026-04-24,10,WH-BLR-01
GR-01369,PO-01369,2026-04-02,5,WH-BLR-01
GR-01370,PO-01370,2026-05-07,14,WH-CHN-01
GR-01371,PO-01371,2026-02-24,22,WH-HYD-01
GR-01372,PO-01372,2026-04-29,3,WH-MYS-01
GR-01373,PO-01373,2026-06-01,3,WH-BLR-01
GR-01374,PO-01374,2026-04-28,9,WH-CHN-01
GR-01375,PO-01375,2026-02-24,38,WH-MYS-01
GR-01376,PO-01376,2026-03-16,34,WH-BLR-01
GR-01377,PO-01377,2026-01-22,4,WH-MYS-01
GR-01378,PO-01378,2026-03-24,7,WH-MYS-01
GR-01379,PO-01379,2026-05-01,15,WH-MYS-01
GR-01380,PO-01380,2026-05-22,32,WH-HYD-01
GR-01381,PO-01381,2026-05-26,11,WH-BLR-01
GR-01382,PO-01382,2026-02-13,9,WH-MYS-01
GR-01383,PO-01383,2026-06-11,19,WH-MYS-01
GR-01384,PO-01384,2026-01-15,41,WH-BLR-01
GR-01385,PO-01385,2026-03-19,6,WH-CHN-01
GR-01386,PO-01386,2026-05-12,47,WH-MYS-01
GR-01387,PO-01387,2026-05-12,26,WH-BLR-01
GR-01388,PO-01388,2026-04-24,38,WH-CHN-01
GR-01389,PO-01389,2026-04-30,4,WH-HYD-01
GR-01390,PO-01390,2026-06-10,20,WH-MYS-01
GR-01391,PO-01391,2026-04-18,3,WH-BLR-01
GR-01392,PO-01392,2026-03-18,20,WH-HYD-01
GR-01393,PO-01393,2026-04-04,5,WH-HYD-01
GR-01394,PO-01394,2026-03-21,9,WH-HYD-01
GR-01395,PO-01395,2026-05-24,49,WH-HYD-01
GR-01396,PO-01396,2026-06-21,24,WH-HYD-01
GR-01397,PO-01397,2026-05-09,24,WH-MYS-01
GR-01398,PO-01398,2026-02-11,41,WH-BLR-01
GR-01399,PO-01399,2026-06-02,20,WH-HYD-01
GR-01400,PO-01400,2026-05-24,40,WH-CHN-01
GR-01401,PO-01401,2026-02-11,26,WH-CHN-01
GR-01402,PO-01402,2026-02-09,17,WH-HYD-01
GR-01403,PO-01403,2026-04-07,37,WH-BLR-01
GR-01404,PO-01404,2026-04-01,12,WH-HYD-01
GR-01405,PO-01405,2026-03-11,12,WH-BLR-01
GR-01406,PO-01406,2026-02-05,5,WH-BLR-01
GR-01407,PO-01407,2026-05-28,8,WH-HYD-01
GR-01408,PO-01408,2026-03-14,10,WH-MYS-01
GR-01409,PO-01409,2026-05-09,18,WH-CHN-01
GR-01410,PO-01410,2026-04-29,3,WH-MYS-01
GR-01411,PO-01411,2026-05-23,23,WH-CHN-01
GR-01412,PO-01412,2026-06-03,16,WH-BLR-01
GR-01413,PO-01413,2026-05-05,42,WH-MYS-01
GR-01414,PO-01414,2026-03-21,33,WH-CHN-01
GR-01415,PO-01415,2026-02-08,18,WH-BLR-01
GR-01416,PO-01416,2026-02-25,17,WH-MYS-01
GR-01417,PO-01417,2026-04-07,22,WH-BLR-01
GR-01418,PO-01418,2026-02-06,9,WH-CHN-01
GR-01419,PO-01419,2026-03-29,31,WH-BLR-01
GR-01420,PO-01420,2026-02-16,47,WH-HYD-01
GR-01421,PO-01421,2026-05-18,11,WH-HYD-01
GR-01422,PO-01422,2026-06-04,12,WH-CHN-01
GR-01423,PO-01423,2026-04-07,46,WH-MYS-01
GR-01424,PO-01424,2026-05-14,48,WH-MYS-01
GR-01425,PO-01425,2026-02-06,5,WH-HYD-01
GR-01426,PO-01426,2026-02-09,18,WH-MYS-01
GR-01427,PO-01427,2026-01-22,20,WH-BLR-01
GR-01428,PO-01428,2026-04-23,12,WH-CHN-01
GR-01429,PO-01429,2026-03-29,22,WH-MYS-01
GR-01430,PO-01430,2026-03-22,31,WH-HYD-01
GR-01431,PO-01431,2026-02-28,18,WH-BLR-01
GR-01432,PO-01432,2026-04-11,6,WH-BLR-01
GR-01433,PO-01433,2026-01-12,32,WH-CHN-01
GR-01434,PO-01434,2026-02-20,18,WH-BLR-01
GR-01435,PO-01435,2026-05-16,30,WH-MYS-01
GR-01436,PO-01436,2026-03-04,48,WH-MYS-01
GR-01437,PO-01437,2026-04-27,27,WH-CHN-01
GR-01438,PO-01438,2026-05-22,21,WH-MYS-01
GR-01439,PO-01439,2026-02-20,19,WH-MYS-01
GR-01440,PO-01440,2026-05-14,30,WH-CHN-01
GR-01441,PO-01441,2026-05-29,7,WH-MYS-01
GR-01442,PO-01442,2026-04-29,18,WH-CHN-01
GR-01443,PO-01443,2026-05-08,8,WH-HYD-01
GR-01444,PO-01444,2026-01-27,15,WH-BLR-01
GR-01445,PO-01445,2026-04-19,40,WH-BLR-01
GR-01446,PO-01446,2026-04-05,10,WH-MYS-01
GR-01447,PO-01447,2026-03-07,10,WH-HYD-01
GR-01448,PO-01448,2026-04-18,46,WH-BLR-01
GR-01449,PO-01449,2026-05-28,45,WH-BLR-01
GR-01450,PO-01450,2026-03-15,21,WH-CHN-01
GR-01451,PO-01451,2026-05-01,25,WH-CHN-01
GR-01452,PO-01452,2026-01-22,50,WH-CHN-01
GR-01453,PO-01453,2026-02-24,24,WH-HYD-01
GR-01454,PO-01454,2026-04-01,20,WH-HYD-01
GR-01455,PO-01455,2026-05-16,3,WH-MYS-01
GR-01456,PO-01456,2026-04-16,40,WH-BLR-01
GR-01457,PO-01457,2026-05-11,38,WH-BLR-01
GR-01458,PO-01458,2026-04-10,23,WH-MYS-01
GR-01459,PO-01459,2026-06-02,47,WH-MYS-01
GR-01460,PO-01460,2026-02-09,28,WH-BLR-01
GR-01461,PO-01461,2026-03-30,11,WH-CHN-01
GR-01462,PO-01462,2026-06-09,25,WH-BLR-01
GR-01463,PO-01463,2026-02-06,28,WH-BLR-01
GR-01464,PO-01464,2026-02-20,22,WH-CHN-01
GR-01465,PO-01465,2026-02-21,40,WH-HYD-01
GR-01466,PO-01466,2026-03-22,18,WH-HYD-01
GR-01467,PO-01467,2026-06-06,37,WH-HYD-01
GR-01468,PO-01468,2026-05-11,1,WH-CHN-01
GR-01469,PO-01469,2026-01-14,26,WH-BLR-01
GR-01470,PO-01470,2026-04-08,44,WH-BLR-01
GR-01471,PO-01471,2026-02-02,9,WH-MYS-01
GR-01472,PO-01472,2026-04-08,22,WH-HYD-01
GR-01473,PO-01473,2026-04-23,5,WH-BLR-01
GR-01474,PO-01474,2026-02-14,48,WH-CHN-01
GR-01475,PO-01475,2026-04-09,21,WH-CHN-01
GR-01476,PO-01476,2026-03-22,2,WH-MYS-01
GR-01477,PO-01477,2026-02-23,47,WH-BLR-01
GR-01478,PO-01478,2026-03-01,21,WH-BLR-01
GR-01479,PO-01479,2026-03-25,34,WH-HYD-01
GR-01480,PO-01480,2026-05-31,1,WH-MYS-01
GR-01481,PO-01481,2026-05-07,21,WH-CHN-01
GR-01482,PO-01482,2026-04-03,31,WH-CHN-01
GR-01483,PO-01483,2026-03-19,33,WH-BLR-01
GR-01484,PO-01484,2026-03-03,22,WH-BLR-01
GR-01485,PO-01485,2026-04-23,31,WH-CHN-01
GR-01486,PO-01486,2026-04-30,16,WH-CHN-01
GR-01487,PO-01487,2026-05-16,46,WH-BLR-01
GR-01488,PO-01488,2026-01-24,22,WH-MYS-01
GR-01489,PO-01489,2026-02-09,49,WH-BLR-01
GR-01490,PO-01490,2026-06-19,34,WH-HYD-01
GR-01491,PO-01491,2026-02-23,37,WH-BLR-01
GR-01492,PO-01492,2026-01-27,14,WH-BLR-01
GR-01493,PO-01493,2026-04-14,40,WH-BLR-01
GR-01494,PO-01494,2026-04-08,24,WH-BLR-01
GR-01495,PO-01495,2026-05-28,39,WH-HYD-01
GR-01496,PO-01496,2026-01-13,8,WH-MYS-01
GR-01497,PO-01497,2026-04-07,42,WH-HYD-01
GR-01498,PO-01498,2026-03-13,40,WH-HYD-01
GR-01499,PO-01499,2026-03-04,13,WH-HYD-01
GR-01500,PO-01500,2026-06-26,38,WH-MYS-01
GR-01501,PO-01501,2026-01-22,33,WH-CHN-01
GR-01502,PO-01502,2026-04-10,46,WH-HYD-01
GR-01503,PO-01503,2026-02-02,48,WH-BLR-01
GR-01504,PO-01504,2026-05-22,18,WH-CHN-01
GR-01505,PO-01505,2026-06-21,7,WH-BLR-01
GR-01506,PO-01506,2026-02-17,32,WH-HYD-01
GR-01507,PO-01507,2026-04-11,17,WH-CHN-01
GR-01508,PO-01508,2026-06-04,16,WH-HYD-01
GR-01509,PO-01509,2026-04-12,18,WH-BLR-01
GR-01510,PO-01510,2026-04-24,24,WH-MYS-01
GR-01511,PO-01511,2026-03-27,35,WH-BLR-01
GR-01512,PO-01512,2026-02-04,34,WH-BLR-01
GR-01513,PO-01513,2026-02-20,47,WH-MYS-01
GR-01514,PO-01514,2026-05-01,25,WH-CHN-01
GR-01515,PO-01515,2026-03-08,34,WH-CHN-01
GR-01516,PO-01516,2026-04-24,42,WH-MYS-01
GR-01517,PO-01517,2026-05-04,2,WH-BLR-01
GR-01518,PO-01518,2026-04-17,38,WH-HYD-01
GR-01519,PO-01519,2026-04-22,3,WH-BLR-01
GR-01520,PO-01520,2026-03-11,43,WH-HYD-01
GR-01521,PO-01521,2026-04-23,48,WH-CHN-01
GR-01522,PO-01522,2026-01-18,18,WH-BLR-01
GR-01523,PO-01523,2026-05-23,14,WH-BLR-01
GR-01524,PO-01524,2026-02-26,50,WH-CHN-01
GR-01525,PO-01525,2026-04-23,9,WH-CHN-01
GR-01526,PO-01526,2026-05-20,11,WH-MYS-01
GR-01527,PO-01527,2026-05-08,45,WH-HYD-01
GR-01528,PO-01528,2026-03-11,48,WH-BLR-01
GR-01529,PO-01529,2026-02-10,23,WH-CHN-01
GR-01530,PO-01530,2026-04-05,36,WH-HYD-01
GR-01531,PO-01531,2026-05-03,43,WH-HYD-01
GR-01532,PO-01532,2026-01-19,6,WH-MYS-01
GR-01533,PO-01533,2026-05-13,9,WH-CHN-01
GR-01534,PO-01534,2026-01-29,49,WH-BLR-01
GR-01535,PO-01535,2026-05-01,1,WH-BLR-01
GR-01536,PO-01536,2026-03-19,33,WH-CHN-01
GR-01537,PO-01537,2026-02-17,27,WH-MYS-01
GR-01538,PO-01538,2026-01-21,22,WH-MYS-01
GR-01539,PO-01539,2026-03-16,37,WH-BLR-01
GR-01540,PO-01540,2026-04-28,28,WH-CHN-01
GR-01541,PO-01541,2026-04-02,31,WH-HYD-01
GR-01542,PO-01542,2026-05-16,2,WH-BLR-01
GR-01543,PO-01543,2026-04-28,21,WH-CHN-01
GR-01544,PO-01544,2026-03-11,20,WH-BLR-01
GR-01545,PO-01545,2026-05-21,13,WH-HYD-01
GR-01546,PO-01546,2026-04-09,6,WH-HYD-01
GR-01547,PO-01547,2026-05-29,33,WH-MYS-01
GR-01548,PO-01548,2026-04-28,29,WH-MYS-01
GR-01549,PO-01549,2026-02-04,14,WH-HYD-01
GR-01550,PO-01550,2026-03-15,3,WH-HYD-01
GR-01551,PO-01551,2026-06-02,1,WH-HYD-01
GR-01552,PO-01552,2026-05-24,23,WH-CHN-01
GR-01553,PO-01553,2026-03-14,29,WH-CHN-01
GR-01554,PO-01554,2026-03-06,26,WH-BLR-01
GR-01555,PO-01555,2026-06-08,12,WH-CHN-01
GR-01556,PO-01556,2026-02-17,12,WH-MYS-01
GR-01557,PO-01557,2026-03-08,26,WH-MYS-01
GR-01558,PO-01558,2026-04-09,10,WH-MYS-01
GR-01559,PO-01559,2026-06-06,35,WH-HYD-01
GR-01560,PO-01560,2026-02-23,7,WH-CHN-01
GR-01561,PO-01561,2026-06-06,36,WH-BLR-01
GR-01562,PO-01562,2026-04-28,21,WH-CHN-01
GR-01563,PO-01563,2026-06-03,2,WH-BLR-01
GR-01564,PO-01564,2026-02-28,36,WH-MYS-01
GR-01565,PO-01565,2026-04-19,48,WH-CHN-01
GR-01566,PO-01566,2026-03-27,42,WH-HYD-01
GR-01567,PO-01567,2026-05-31,24,WH-MYS-01
GR-01568,PO-01568,2026-04-23,42,WH-HYD-01
GR-01569,PO-01569,2026-05-31,36,WH-MYS-01
GR-01570,PO-01570,2026-02-15,48,WH-MYS-01
GR-01571,PO-01571,2026-06-10,27,WH-CHN-01
GR-01572,PO-01572,2026-05-31,9,WH-HYD-01
GR-01573,PO-01573,2026-06-12,9,WH-CHN-01
GR-01574,PO-01574,2026-02-24,43,WH-MYS-01
GR-01575,PO-01575,2026-03-28,40,WH-CHN-01
GR-01576,PO-01576,2026-05-19,16,WH-HYD-01
GR-01577,PO-01577,2026-01-20,11,WH-BLR-01
GR-01578,PO-01578,2026-02-05,1,WH-MYS-01
GR-01579,PO-01579,2026-03-17,13,WH-BLR-01
GR-01580,PO-01580,2026-02-28,8,WH-MYS-01
GR-01581,PO-01581,2026-06-14,16,WH-BLR-01
GR-01582,PO-01582,2026-03-10,29,WH-MYS-01
GR-01583,PO-01583,2026-05-21,33,WH-CHN-01
GR-01584,PO-01584,2026-03-09,15,WH-HYD-01
GR-01585,PO-01585,2026-05-28,19,WH-HYD-01
GR-01586,PO-01586,2026-03-14,3,WH-CHN-01
GR-01587,PO-01587,2026-02-09,50,WH-MYS-01
GR-01588,PO-01588,2026-02-08,43,WH-MYS-01
GR-01589,PO-01589,2026-03-01,8,WH-CHN-01
GR-01590,PO-01590,2026-02-09,46,WH-MYS-01
GR-01591,PO-01591,2026-03-08,14,WH-CHN-01
GR-01592,PO-01592,2026-04-27,20,WH-HYD-01
GR-01593,PO-01593,2026-04-19,3,WH-CHN-01
GR-01594,PO-01594,2026-05-06,24,WH-CHN-01
GR-01595,PO-01595,2026-04-03,35,WH-HYD-01
GR-01596,PO-01596,2026-01-13,5,WH-MYS-01
GR-01597,PO-01597,2026-03-13,32,WH-HYD-01
GR-01598,PO-01598,2026-05-14,40,WH-CHN-01
GR-01599,PO-01599,2026-03-11,24,WH-HYD-01
GR-01600,PO-01600,2026-03-16,41,WH-BLR-01
GR-01601,PO-01601,2026-04-09,10,WH-MYS-01
GR-01602,PO-01602,2026-06-13,14,WH-HYD-01
GR-01603,PO-01603,2026-06-12,43,WH-HYD-01
GR-01604,PO-01604,2026-04-12,14,WH-HYD-01
GR-01605,PO-01605,2026-03-06,19,WH-CHN-01
GR-01606,PO-01606,2026-05-20,7,WH-HYD-01
GR-01607,PO-01607,2026-01-22,11,WH-HYD-01
GR-01608,PO-01608,2026-01-26,33,WH-MYS-01
GR-01609,PO-01609,2026-06-01,49,WH-CHN-01
GR-01610,PO-01610,2026-03-17,9,WH-HYD-01
GR-01611,PO-01611,2026-05-15,4,WH-CHN-01
GR-01612,PO-01612,2026-02-02,38,WH-HYD-01
GR-01613,PO-01613,2026-06-26,31,WH-MYS-01
GR-01614,PO-01614,2026-03-02,39,WH-BLR-01
GR-01615,PO-01615,2026-02-15,11,WH-MYS-01
GR-01616,PO-01616,2026-04-02,44,WH-MYS-01
GR-01617,PO-01617,2026-05-10,24,WH-BLR-01
GR-01618,PO-01618,2026-05-13,18,WH-BLR-01
GR-01619,PO-01619,2026-03-22,8,WH-BLR-01
GR-01620,PO-01620,2026-05-31,46,WH-BLR-01
GR-01621,PO-01621,2026-05-29,46,WH-CHN-01
GR-01622,PO-01622,2026-04-24,12,WH-HYD-01
GR-01623,PO-01623,2026-03-18,18,WH-HYD-01
GR-01624,PO-01624,2026-04-09,27,WH-MYS-01
GR-01625,PO-01625,2026-02-24,48,WH-HYD-01
GR-01626,PO-01626,2026-04-14,23,WH-MYS-01
GR-01627,PO-01627,2026-02-22,45,WH-CHN-01
GR-01628,PO-01628,2026-04-17,26,WH-CHN-01
GR-01629,PO-01629,2026-02-11,47,WH-MYS-01
GR-01630,PO-01630,2026-02-12,31,WH-BLR-01
GR-01631,PO-01631,2026-06-07,1,WH-BLR-01
GR-01632,PO-01632,2026-04-04,38,WH-BLR-01
GR-01633,PO-01633,2026-05-20,9,WH-MYS-01
GR-01634,PO-01634,2026-03-13,25,WH-BLR-01
GR-01635,PO-01635,2026-03-18,27,WH-CHN-01
GR-01636,PO-01636,2026-05-20,37,WH-MYS-01
GR-01637,PO-01637,2026-06-13,45,WH-MYS-01
GR-01638,PO-01638,2026-01-12,36,WH-CHN-01
GR-01639,PO-01639,2026-05-30,32,WH-CHN-01
GR-01640,PO-01640,2026-03-29,31,WH-HYD-01
GR-01641,PO-01641,2026-04-10,14,WH-HYD-01
GR-01642,PO-01642,2026-05-20,35,WH-MYS-01
GR-01643,PO-01643,2026-02-10,16,WH-MYS-01
GR-01644,PO-01644,2026-04-12,50,WH-MYS-01
GR-01645,PO-01645,2026-02-14,4,WH-MYS-01
GR-01646,PO-01646,2026-06-06,10,WH-MYS-01
GR-01647,PO-01647,2026-05-02,19,WH-MYS-01
GR-01648,PO-01648,2026-02-21,27,WH-CHN-01
GR-01649,PO-01649,2026-03-27,39,WH-HYD-01
GR-01650,PO-01650,2026-01-21,29,WH-BLR-01
GR-01651,PO-01651,2026-01-26,44,WH-MYS-01
GR-01652,PO-01652,2026-05-17,10,WH-BLR-01
GR-01653,PO-01653,2026-03-13,30,WH-MYS-01
GR-01654,PO-01654,2026-03-05,48,WH-HYD-01
GR-01655,PO-01655,2026-05-28,32,WH-BLR-01
GR-01656,PO-01656,2026-06-09,40,WH-HYD-01
GR-01657,PO-01657,2026-03-27,19,WH-MYS-01
GR-01658,PO-01658,2026-05-09,25,WH-HYD-01
GR-01659,PO-01659,2026-03-29,16,WH-BLR-01
GR-01660,PO-01660,2026-04-02,21,WH-HYD-01
GR-01661,PO-01661,2026-04-13,13,WH-MYS-01
GR-01662,PO-01662,2026-05-09,21,WH-CHN-01
GR-01663,PO-01663,2026-05-24,46,WH-BLR-01
GR-01664,PO-01664,2026-05-31,46,WH-CHN-01
GR-01665,PO-01665,2026-05-03,3,WH-BLR-01
GR-01666,PO-01666,2026-04-22,22,WH-HYD-01
GR-01667,PO-01667,2026-02-16,23,WH-HYD-01
GR-01668,PO-01668,2026-04-22,12,WH-HYD-01
GR-01669,PO-01669,2026-05-15,31,WH-HYD-01
GR-01670,PO-01670,2026-04-23,6,WH-MYS-01
GR-01671,PO-01671,2026-03-28,45,WH-CHN-01
GR-01672,PO-01672,2026-03-05,35,WH-CHN-01
GR-01673,PO-01673,2026-04-15,32,WH-HYD-01
GR-01674,PO-01674,2026-06-08,40,WH-BLR-01
GR-01675,PO-01675,2026-04-24,36,WH-CHN-01
GR-01676,PO-01676,2026-02-12,12,WH-CHN-01
GR-01677,PO-01677,2026-01-27,18,WH-MYS-01
GR-01678,PO-01678,2026-03-15,41,WH-BLR-01
GR-01679,PO-01679,2026-05-28,31,WH-CHN-01
GR-01680,PO-01680,2026-06-02,35,WH-MYS-01
GR-01681,PO-01681,2026-04-12,9,WH-MYS-01
GR-01682,PO-01682,2026-05-27,32,WH-BLR-01
GR-01683,PO-01683,2026-03-31,10,WH-MYS-01
GR-01684,PO-01684,2026-05-21,4,WH-CHN-01
GR-01685,PO-01685,2026-01-31,6,WH-HYD-01
GR-01686,PO-01686,2026-05-17,27,WH-HYD-01
GR-01687,PO-01687,2026-06-23,48,WH-MYS-01
GR-01688,PO-01688,2026-04-21,45,WH-MYS-01
GR-01689,PO-01689,2026-06-13,19,WH-BLR-01
GR-01690,PO-01690,2026-02-02,37,WH-CHN-01
GR-01691,PO-01691,2026-02-27,20,WH-CHN-01
GR-01692,PO-01692,2026-03-01,16,WH-CHN-01
GR-01693,PO-01693,2026-04-22,37,WH-MYS-01
GR-01694,PO-01694,2026-05-01,20,WH-HYD-01
GR-01695,PO-01695,2026-01-26,5,WH-BLR-01
GR-01696,PO-01696,2026-06-06,48,WH-HYD-01
GR-01697,PO-01697,2026-05-13,12,WH-MYS-01
GR-01698,PO-01698,2026-03-04,11,WH-BLR-01
GR-01699,PO-01699,2026-03-03,27,WH-MYS-01
GR-01700,PO-01700,2026-06-01,43,WH-BLR-01
GR-01701,PO-01701,2026-04-12,3,WH-BLR-01
GR-01702,PO-01702,2026-06-07,42,WH-CHN-01
GR-01703,PO-01703,2026-05-03,41,WH-CHN-01
GR-01704,PO-01704,2026-02-24,7,WH-BLR-01
GR-01705,PO-01705,2026-06-02,49,WH-CHN-01
GR-01706,PO-01706,2026-05-31,22,WH-HYD-01
GR-01707,PO-01707,2026-05-09,25,WH-HYD-01
GR-01708,PO-01708,2026-06-02,13,WH-BLR-01
GR-01709,PO-01709,2026-06-09,27,WH-MYS-01
GR-01710,PO-01710,2026-04-05,6,WH-HYD-01
GR-01711,PO-01711,2026-06-11,1,WH-BLR-01
GR-01712,PO-01712,2026-03-02,31,WH-MYS-01
GR-01713,PO-01713,2026-06-08,50,WH-MYS-01
GR-01714,PO-01714,2026-02-15,36,WH-MYS-01
GR-01715,PO-01715,2026-04-21,29,WH-HYD-01
GR-01716,PO-01716,2026-05-14,27,WH-HYD-01
GR-01717,PO-01717,2026-05-09,29,WH-MYS-01
GR-01718,PO-01718,2026-05-15,5,WH-CHN-01
GR-01719,PO-01719,2026-02-12,14,WH-CHN-01
GR-01720,PO-01720,2026-01-25,44,WH-CHN-01
GR-01721,PO-01721,2026-04-03,19,WH-CHN-01
GR-01722,PO-01722,2026-02-27,40,WH-BLR-01
GR-01723,PO-01723,2026-05-15,49,WH-BLR-01
GR-01724,PO-01724,2026-03-20,4,WH-BLR-01
GR-01725,PO-01725,2026-05-22,32,WH-MYS-01
GR-01726,PO-01726,2026-04-05,39,WH-CHN-01
GR-01727,PO-01727,2026-02-21,9,WH-CHN-01
GR-01728,PO-01728,2026-01-26,13,WH-MYS-01
GR-01729,PO-01729,2026-02-15,44,WH-BLR-01
GR-01730,PO-01730,2026-02-17,10,WH-BLR-01
GR-01731,PO-01731,2026-05-03,31,WH-BLR-01
GR-01732,PO-01732,2026-06-01,35,WH-HYD-01
GR-01733,PO-01733,2026-04-22,4,WH-CHN-01
GR-01734,PO-01734,2026-05-28,19,WH-MYS-01
GR-01735,PO-01735,2026-05-04,17,WH-MYS-01
GR-01736,PO-01736,2026-02-04,49,WH-HYD-01
GR-01737,PO-01737,2026-03-08,20,WH-CHN-01
GR-01738,PO-01738,2026-05-20,34,WH-MYS-01
GR-01739,PO-01739,2026-03-14,23,WH-HYD-01
GR-01740,PO-01740,2026-05-12,12,WH-CHN-01
GR-01741,PO-01741,2026-02-15,33,WH-HYD-01
GR-01742,PO-01742,2026-06-06,26,WH-MYS-01
GR-01743,PO-01743,2026-05-02,33,WH-CHN-01
GR-01744,PO-01744,2026-07-05,6,WH-MYS-01
GR-01745,PO-01745,2026-05-25,32,WH-BLR-01
GR-01746,PO-01746,2026-02-28,17,WH-HYD-01
GR-01747,PO-01747,2026-04-22,48,WH-HYD-01
GR-01748,PO-01748,2026-06-16,47,WH-MYS-01
GR-01749,PO-01749,2026-02-18,42,WH-CHN-01
GR-01750,PO-01750,2026-03-30,30,WH-BLR-01
GR-01751,PO-01751,2026-02-15,22,WH-HYD-01
GR-01752,PO-01752,2026-05-15,50,WH-HYD-01
GR-01753,PO-01753,2026-04-07,28,WH-CHN-01
GR-01754,PO-01754,2026-03-01,2,WH-BLR-01
GR-01755,PO-01755,2026-04-13,15,WH-HYD-01
GR-01756,PO-01756,2026-03-25,34,WH-MYS-01
GR-01757,PO-01757,2026-01-27,28,WH-HYD-01
GR-01758,PO-01758,2026-01-25,23,WH-BLR-01
GR-01759,PO-01759,2026-05-31,37,WH-HYD-01
GR-01760,PO-01760,2026-05-09,31,WH-MYS-01
GR-01761,PO-01761,2026-04-12,6,WH-CHN-01
GR-01762,PO-01762,2026-02-23,49,WH-BLR-01
GR-01763,PO-01763,2026-03-14,21,WH-BLR-01
GR-01764,PO-01764,2026-02-01,14,WH-CHN-01
GR-01765,PO-01765,2026-04-04,33,WH-BLR-01
GR-01766,PO-01766,2026-02-22,31,WH-BLR-01
GR-01767,PO-01767,2026-04-23,44,WH-MYS-01
GR-01768,PO-01768,2026-05-15,1,WH-BLR-01
GR-01769,PO-01769,2026-02-28,31,WH-BLR-01
GR-01770,PO-01770,2026-02-24,28,WH-HYD-01
GR-01771,PO-01771,2026-04-24,26,WH-BLR-01
GR-01772,PO-01772,2026-03-14,40,WH-BLR-01
GR-01773,PO-01773,2026-04-30,30,WH-HYD-01
GR-01774,PO-01774,2026-01-23,12,WH-CHN-01
GR-01775,PO-01775,2026-04-16,39,WH-MYS-01
GR-01776,PO-01776,2026-03-13,50,WH-CHN-01
GR-01777,PO-01777,2026-04-08,47,WH-CHN-01
GR-01778,PO-01778,2026-04-28,42,WH-HYD-01
GR-01779,PO-01779,2026-01-21,22,WH-CHN-01
GR-01780,PO-01780,2026-05-11,42,WH-HYD-01
GR-01781,PO-01781,2026-05-31,15,WH-CHN-01
GR-01782,PO-01782,2026-02-20,13,WH-HYD-01
GR-01783,PO-01783,2026-02-11,38,WH-HYD-01
GR-01784,PO-01784,2026-03-05,43,WH-MYS-01
GR-01785,PO-01785,2026-05-30,12,WH-CHN-01
GR-01786,PO-01786,2026-02-02,39,WH-MYS-01
GR-01787,PO-01787,2026-04-03,48,WH-HYD-01
GR-01788,PO-01788,2026-03-13,13,WH-MYS-01
GR-01789,PO-01789,2026-03-22,12,WH-CHN-01
GR-01790,PO-01790,2026-02-12,44,WH-HYD-01
GR-01791,PO-01791,2026-02-02,5,WH-BLR-01
GR-01792,PO-01792,2026-05-20,7,WH-CHN-01
GR-01793,PO-01793,2026-06-15,41,WH-MYS-01
GR-01794,PO-01794,2026-03-11,4,WH-MYS-01
GR-01795,PO-01795,2026-06-08,22,WH-BLR-01
GR-01796,PO-01796,2026-03-27,32,WH-CHN-01
GR-01797,PO-01797,2026-01-27,50,WH-MYS-01
GR-01798,PO-01798,2026-04-27,39,WH-CHN-01
GR-01799,PO-01799,2026-03-31,17,WH-HYD-01
GR-01800,PO-01800,2026-06-03,21,WH-CHN-01
GR-01801,PO-01801,2026-04-13,8,WH-BLR-01
GR-01802,PO-01802,2026-05-17,39,WH-MYS-01
GR-01803,PO-01803,2026-03-22,45,WH-BLR-01
GR-01804,PO-01804,2026-05-21,20,WH-MYS-01
GR-01805,PO-01805,2026-06-15,45,WH-HYD-01
GR-01806,PO-01806,2026-03-21,19,WH-MYS-01
GR-01807,PO-01807,2026-05-17,1,WH-HYD-01
GR-01808,PO-01808,2026-04-14,27,WH-CHN-01
GR-01809,PO-01809,2026-05-31,27,WH-CHN-01
GR-01810,PO-01810,2026-01-17,13,WH-MYS-01
GR-01811,PO-01811,2026-06-04,16,WH-MYS-01
GR-01812,PO-01812,2026-03-10,16,WH-HYD-01
GR-01813,PO-01813,2026-06-08,19,WH-MYS-01
GR-01814,PO-01814,2026-03-01,10,WH-HYD-01
GR-01815,PO-01815,2026-03-10,18,WH-HYD-01
GR-01816,PO-01816,2026-03-11,6,WH-MYS-01
GR-01817,PO-01817,2026-05-26,18,WH-MYS-01
GR-01818,PO-01818,2026-05-27,2,WH-BLR-01
GR-01819,PO-01819,2026-01-16,9,WH-CHN-01
GR-01820,PO-01820,2026-06-07,20,WH-CHN-01
GR-01821,PO-01821,2026-05-10,31,WH-BLR-01
GR-01822,PO-01822,2026-03-31,44,WH-BLR-01
GR-01823,PO-01823,2026-05-21,4,WH-HYD-01
GR-01824,PO-01824,2026-03-28,21,WH-BLR-01
GR-01825,PO-01825,2026-05-08,20,WH-CHN-01
GR-01826,PO-01826,2026-02-24,28,WH-HYD-01
GR-01827,PO-01827,2026-05-20,36,WH-CHN-01
GR-01828,PO-01828,2026-01-22,43,WH-CHN-01
GR-01829,PO-01829,2026-03-15,14,WH-CHN-01
GR-01830,PO-01830,2026-06-07,40,WH-HYD-01
GR-01831,PO-01831,2026-04-08,39,WH-HYD-01
GR-01832,PO-01832,2026-03-01,4,WH-BLR-01
GR-01833,PO-01833,2026-04-09,10,WH-MYS-01
GR-01834,PO-01834,2026-01-30,16,WH-MYS-01
GR-01835,PO-01835,2026-07-04,1,WH-BLR-01
GR-01836,PO-01836,2026-05-23,27,WH-MYS-01
GR-01837,PO-01837,2026-03-14,24,WH-HYD-01
GR-01838,PO-01838,2026-05-27,50,WH-CHN-01
GR-01839,PO-01839,2026-02-02,33,WH-BLR-01
GR-01840,PO-01840,2026-05-13,10,WH-MYS-01
GR-01841,PO-01841,2026-05-28,38,WH-BLR-01
GR-01842,PO-01842,2026-03-06,9,WH-HYD-01
GR-01843,PO-01843,2026-05-03,12,WH-CHN-01
GR-01844,PO-01844,2026-06-20,21,WH-CHN-01
GR-01845,PO-01845,2026-04-14,50,WH-BLR-01
GR-01846,PO-01846,2026-05-06,31,WH-CHN-01
GR-01847,PO-01847,2026-01-19,1,WH-BLR-01
GR-01848,PO-01848,2026-05-15,35,WH-CHN-01
GR-01849,PO-01849,2026-03-03,38,WH-BLR-01
GR-01850,PO-01850,2026-05-23,48,WH-CHN-01
GR-01851,PO-01851,2026-05-28,36,WH-MYS-01
GR-01852,PO-01852,2026-05-13,49,WH-MYS-01
GR-01853,PO-01853,2026-02-22,27,WH-MYS-01
GR-01854,PO-01854,2026-04-21,32,WH-CHN-01
GR-01855,PO-01855,2026-03-15,14,WH-MYS-01
GR-01856,PO-01856,2026-06-14,7,WH-HYD-01
GR-01857,PO-01857,2026-05-25,11,WH-CHN-01
GR-01858,PO-01858,2026-02-11,16,WH-MYS-01
GR-01859,PO-01859,2026-02-10,21,WH-CHN-01
GR-01860,PO-01860,2026-06-12,20,WH-CHN-01
GR-01861,PO-01861,2026-02-12,15,WH-CHN-01
GR-01862,PO-01862,2026-01-12,30,WH-BLR-01
GR-01863,PO-01863,2026-04-03,4,WH-CHN-01
GR-01864,PO-01864,2026-05-15,44,WH-BLR-01
GR-01865,PO-01865,2026-03-06,36,WH-BLR-01
GR-01866,PO-01866,2026-06-19,30,WH-HYD-01
GR-01867,PO-01867,2026-04-24,19,WH-HYD-01
GR-01868,PO-01868,2026-05-04,22,WH-CHN-01
GR-01869,PO-01869,2026-02-25,26,WH-BLR-01
GR-01870,PO-01870,2026-05-01,8,WH-HYD-01
GR-01871,PO-01871,2026-04-10,8,WH-HYD-01
GR-01872,PO-01872,2026-04-07,3,WH-MYS-01
GR-01873,PO-01873,2026-05-04,38,WH-BLR-01
GR-01874,PO-01874,2026-03-27,19,WH-HYD-01
GR-01875,PO-01875,2026-03-23,24,WH-CHN-01
GR-01876,PO-01876,2026-04-08,50,WH-MYS-01
GR-01877,PO-01877,2026-04-03,30,WH-CHN-01
GR-01878,PO-01878,2026-06-10,42,WH-MYS-01
GR-01879,PO-01879,2026-04-09,37,WH-CHN-01
GR-01880,PO-01880,2026-06-04,13,WH-CHN-01
GR-01881,PO-01881,2026-05-31,6,WH-HYD-01
GR-01882,PO-01882,2026-05-17,17,WH-CHN-01
GR-01883,PO-01883,2026-02-09,30,WH-HYD-01
GR-01884,PO-01884,2026-01-28,13,WH-BLR-01
GR-01885,PO-01885,2026-05-14,36,WH-HYD-01
GR-01886,PO-01886,2026-03-19,34,WH-HYD-01
GR-01887,PO-01887,2026-05-27,2,WH-MYS-01
GR-01888,PO-01888,2026-03-09,11,WH-HYD-01
GR-01889,PO-01889,2026-05-20,6,WH-MYS-01
GR-01890,PO-01890,2026-02-17,35,WH-CHN-01
GR-01891,PO-01891,2026-05-08,32,WH-MYS-01
GR-01892,PO-01892,2026-04-29,47,WH-CHN-01
GR-01893,PO-01893,2026-05-04,41,WH-CHN-01
GR-01894,PO-01894,2026-03-08,48,WH-MYS-01
GR-01895,PO-01895,2026-05-01,42,WH-HYD-01
GR-01896,PO-01896,2026-03-20,39,WH-BLR-01
GR-01897,PO-01897,2026-05-16,8,WH-CHN-01
GR-01898,PO-01898,2026-05-03,28,WH-HYD-01
GR-01899,PO-01899,2026-04-07,17,WH-MYS-01
GR-01900,PO-01900,2026-02-07,16,WH-BLR-01
GR-01901,PO-01901,2026-06-04,49,WH-MYS-01
GR-01902,PO-01902,2026-05-02,21,WH-MYS-01
GR-01903,PO-01903,2026-02-07,35,WH-CHN-01
GR-01904,PO-01904,2026-05-02,11,WH-BLR-01
GR-01905,PO-01905,2026-03-21,25,WH-MYS-01
GR-01906,PO-01906,2026-03-05,16,WH-BLR-01
GR-01907,PO-01907,2026-05-22,4,WH-MYS-01
GR-01908,PO-01908,2026-03-13,3,WH-BLR-01
GR-01909,PO-01909,2026-03-19,38,WH-HYD-01
GR-01910,PO-01910,2026-05-11,40,WH-CHN-01
GR-01911,PO-01911,2026-06-20,34,WH-CHN-01
GR-01912,PO-01912,2026-03-04,6,WH-HYD-01
GR-01913,PO-01913,2026-04-08,21,WH-HYD-01
GR-01914,PO-01914,2026-05-26,47,WH-MYS-01
GR-01915,PO-01915,2026-03-30,1,WH-CHN-01
GR-01916,PO-01916,2026-05-11,39,WH-BLR-01
GR-01917,PO-01917,2026-03-10,34,WH-CHN-01
GR-01918,PO-01918,2026-05-10,48,WH-CHN-01
GR-01919,PO-01919,2026-02-04,35,WH-BLR-01
GR-01920,PO-01920,2026-02-15,41,WH-HYD-01
GR-01921,PO-01921,2026-01-24,42,WH-HYD-01
GR-01922,PO-01922,2026-04-13,39,WH-BLR-01
GR-01923,PO-01923,2026-06-04,7,WH-CHN-01
GR-01924,PO-01924,2026-03-24,34,WH-CHN-01
GR-01925,PO-01925,2026-03-01,49,WH-MYS-01
GR-01926,PO-01926,2026-05-04,30,WH-BLR-01
GR-01927,PO-01927,2026-02-28,3,WH-MYS-01
GR-01928,PO-01928,2026-05-16,34,WH-HYD-01
GR-01929,PO-01929,2026-05-24,24,WH-HYD-01
GR-01930,PO-01930,2026-06-29,1,WH-MYS-01
GR-01931,PO-01931,2026-03-13,1,WH-CHN-01
GR-01932,PO-01932,2026-01-27,40,WH-MYS-01
GR-01933,PO-01933,2026-03-24,27,WH-CHN-01
GR-01934,PO-01934,2026-04-26,43,WH-BLR-01
GR-01935,PO-01935,2026-04-09,11,WH-BLR-01
GR-01936,PO-01936,2026-04-17,35,WH-CHN-01
GR-01937,PO-01937,2026-06-03,19,WH-MYS-01
GR-01938,PO-01938,2026-04-12,7,WH-BLR-01
GR-01939,PO-01939,2026-01-20,2,WH-BLR-01
GR-01940,PO-01940,2026-01-05,45,WH-HYD-01
GR-01941,PO-01941,2026-06-09,7,WH-BLR-01
GR-01942,PO-01942,2026-02-03,35,WH-CHN-01
GR-01943,PO-01943,2026-02-17,17,WH-HYD-01
GR-01944,PO-01944,2026-02-25,45,WH-BLR-01
GR-01945,PO-01945,2026-05-29,28,WH-MYS-01
GR-01946,PO-01946,2026-05-10,42,WH-CHN-01
GR-01947,PO-01947,2026-05-08,7,WH-MYS-01
GR-01948,PO-01948,2026-01-29,1,WH-MYS-01
GR-01949,PO-01949,2026-02-19,50,WH-CHN-01
GR-01950,PO-01950,2026-05-12,38,WH-HYD-01
GR-01951,PO-01951,2026-03-07,7,WH-BLR-01
GR-01952,PO-01952,2026-01-20,28,WH-HYD-01
GR-01953,PO-01953,2026-05-24,35,WH-MYS-01
GR-01954,PO-01954,2026-01-05,30,WH-MYS-01
GR-01955,PO-01955,2026-03-20,36,WH-BLR-01
GR-01956,PO-01956,2026-01-17,6,WH-BLR-01
GR-01957,PO-01957,2026-05-18,1,WH-HYD-01
GR-01958,PO-01958,2026-06-02,25,WH-BLR-01
GR-01959,PO-01959,2026-05-11,27,WH-HYD-01
GR-01960,PO-01960,2026-04-23,15,WH-CHN-01
GR-01961,PO-01961,2026-05-27,27,WH-HYD-01
GR-01962,PO-01962,2026-01-23,33,WH-BLR-01
GR-01963,PO-01963,2026-03-04,31,WH-HYD-01
GR-01964,PO-01964,2026-06-05,12,WH-HYD-01
GR-01965,PO-01965,2026-02-01,38,WH-BLR-01
GR-01966,PO-01966,2026-03-18,9,WH-BLR-01
GR-01967,PO-01967,2026-04-28,2,WH-HYD-01
GR-01968,PO-01968,2026-03-09,25,WH-MYS-01
GR-01969,PO-01969,2026-02-23,13,WH-BLR-01
GR-01970,PO-01970,2026-02-13,27,WH-HYD-01
GR-01971,PO-01971,2026-03-03,50,WH-CHN-01
GR-01972,PO-01972,2026-06-05,36,WH-BLR-01
GR-01973,PO-01973,2026-04-16,46,WH-BLR-01
GR-01974,PO-01974,2026-01-21,6,WH-CHN-01
GR-01975,PO-01975,2026-04-21,9,WH-CHN-01
GR-01976,PO-01976,2026-03-09,13,WH-BLR-01
GR-01977,PO-01977,2026-03-25,25,WH-MYS-01
GR-01978,PO-01978,2026-01-23,41,WH-HYD-01
GR-01979,PO-01979,2026-04-18,30,WH-BLR-01
GR-01980,PO-01980,2026-02-28,24,WH-BLR-01
GR-01981,PO-01981,2026-04-18,32,WH-BLR-01
GR-01982,PO-01982,2026-03-22,16,WH-CHN-01
GR-01983,PO-01983,2026-01-29,41,WH-BLR-01
GR-01984,PO-01984,2026-01-30,25,WH-BLR-01
GR-01985,PO-01985,2026-04-07,42,WH-MYS-01
GR-01986,PO-01986,2026-06-14,48,WH-BLR-01
GR-01987,PO-01987,2026-06-05,22,WH-CHN-01
GR-01988,PO-01988,2026-01-25,15,WH-MYS-01
GR-01989,PO-01989,2026-02-04,5,WH-HYD-01
GR-01990,PO-01990,2026-05-12,4,WH-MYS-01
GR-01991,PO-01991,2026-02-18,9,WH-BLR-01
GR-01992,PO-01992,2026-05-13,26,WH-CHN-01
GR-01993,PO-01993,2026-02-01,2,WH-CHN-01
GR-01994,PO-01994,2026-06-06,16,WH-HYD-01
GR-01995,PO-01995,2026-04-17,35,WH-BLR-01
GR-01996,PO-01996,2026-04-24,6,WH-HYD-01
GR-01997,PO-01997,2026-02-23,39,WH-MYS-01
GR-01998,PO-01998,2026-02-14,9,WH-CHN-01
GR-01999,PO-01999,2026-02-11,31,WH-BLR-01
GR-02000,PO-02000,2026-01-08,18,WH-BLR-01
GR-02001,PO-02001,2026-04-29,25,WH-MYS-01
GR-02002,PO-02002,2026-02-19,37,WH-CHN-01
GR-02003,PO-02003,2026-03-22,42,WH-BLR-01
GR-02004,PO-02004,2026-05-10,9,WH-HYD-01
GR-02005,PO-02005,2026-03-03,17,WH-HYD-01
GR-02006,PO-02006,2026-03-14,21,WH-CHN-01
GR-02007,PO-02007,2026-03-10,47,WH-MYS-01
GR-02008,PO-02008,2026-02-07,5,WH-HYD-01
GR-02009,PO-02009,2026-04-18,39,WH-MYS-01
GR-02010,PO-02010,2026-06-13,34,WH-BLR-01
GR-02011,PO-02011,2026-02-25,1,WH-BLR-01
GR-02012,PO-02012,2026-05-28,34,WH-HYD-01
GR-02013,PO-02013,2026-03-30,21,WH-HYD-01
GR-02014,PO-02014,2026-02-05,28,WH-HYD-01
GR-02015,PO-02015,2026-04-17,18,WH-BLR-01
GR-02016,PO-02016,2026-02-01,50,WH-CHN-01
GR-02017,PO-02017,2026-06-06,36,WH-MYS-01
GR-02018,PO-02018,2026-03-13,42,WH-CHN-01
GR-02019,PO-02019,2026-02-22,38,WH-BLR-01
GR-02020,PO-02020,2026-02-20,3,WH-CHN-01
GR-02021,PO-02021,2026-04-16,11,WH-CHN-01
GR-02022,PO-02022,2026-03-12,42,WH-HYD-01
GR-02023,PO-02023,2026-01-17,29,WH-BLR-01
GR-02024,PO-02024,2026-06-04,43,WH-MYS-01
GR-02025,PO-02025,2026-03-07,33,WH-MYS-01
GR-02026,PO-02026,2026-02-18,43,WH-HYD-01
GR-02027,PO-02027,2026-04-24,20,WH-HYD-01
GR-02028,PO-02028,2026-02-04,25,WH-MYS-01
GR-02029,PO-02029,2026-02-05,42,WH-HYD-01
GR-02030,PO-02030,2026-06-01,50,WH-CHN-01
GR-02031,PO-02031,2026-03-08,40,WH-CHN-01
GR-02032,PO-02032,2026-03-31,1,WH-MYS-01
GR-02033,PO-02033,2026-05-08,11,WH-BLR-01
GR-02034,PO-02034,2026-03-02,45,WH-CHN-01
GR-02035,PO-02035,2026-06-23,33,WH-MYS-01
GR-02036,PO-02036,2026-03-21,13,WH-BLR-01
GR-02037,PO-02037,2026-04-09,8,WH-MYS-01
GR-02038,PO-02038,2026-01-19,37,WH-BLR-01
GR-02039,PO-02039,2026-05-19,32,WH-BLR-01
GR-02040,PO-02040,2026-04-07,30,WH-BLR-01
GR-02041,PO-02041,2026-02-01,26,WH-BLR-01
GR-02042,PO-02042,2026-02-04,39,WH-BLR-01
GR-02043,PO-02043,2026-01-26,20,WH-HYD-01
GR-02044,PO-02044,2026-03-28,17,WH-CHN-01
GR-02045,PO-02045,2026-04-06,40,WH-HYD-01
GR-02046,PO-02046,2026-05-12,33,WH-CHN-01
GR-02047,PO-02047,2026-01-23,26,WH-CHN-01
GR-02048,PO-02048,2026-04-17,17,WH-MYS-01
GR-02049,PO-02049,2026-05-08,16,WH-MYS-01
GR-02050,PO-02050,2026-03-31,14,WH-BLR-01
GR-02051,PO-02051,2026-05-26,4,WH-CHN-01
GR-02052,PO-02052,2026-05-28,42,WH-MYS-01
GR-02053,PO-02053,2026-02-12,39,WH-BLR-01
GR-02054,PO-02054,2026-06-14,5,WH-MYS-01
GR-02055,PO-02055,2026-05-31,18,WH-MYS-01
GR-02056,PO-02056,2026-05-30,42,WH-MYS-01
GR-02057,PO-02057,2026-04-29,28,WH-HYD-01
GR-02058,PO-02058,2026-04-25,21,WH-HYD-01
GR-02059,PO-02059,2026-05-28,24,WH-BLR-01
GR-02060,PO-02060,2026-04-21,16,WH-BLR-01
GR-02061,PO-02061,2026-03-07,15,WH-MYS-01
GR-02062,PO-02062,2026-03-20,4,WH-HYD-01
GR-02063,PO-02063,2026-04-20,15,WH-BLR-01
GR-02064,PO-02064,2026-05-05,23,WH-HYD-01
GR-02065,PO-02065,2026-04-20,49,WH-HYD-01
GR-02066,PO-02066,2026-02-05,25,WH-MYS-01
GR-02067,PO-02067,2026-04-17,46,WH-MYS-01
GR-02068,PO-02068,2026-02-22,2,WH-BLR-01
GR-02069,PO-02069,2026-06-04,9,WH-MYS-01
GR-02070,PO-02070,2026-06-02,30,WH-CHN-01
GR-02071,PO-02071,2026-01-26,49,WH-HYD-01
GR-02072,PO-02072,2026-04-30,30,WH-BLR-01
GR-02073,PO-02073,2026-01-07,9,WH-CHN-01
GR-02074,PO-02074,2026-02-22,40,WH-CHN-01
GR-02075,PO-02075,2026-04-09,16,WH-CHN-01
GR-02076,PO-02076,2026-01-20,45,WH-BLR-01
GR-02077,PO-02077,2026-02-07,19,WH-HYD-01
GR-02078,PO-02078,2026-02-20,29,WH-BLR-01
GR-02079,PO-02079,2026-06-23,43,WH-MYS-01
GR-02080,PO-02080,2026-01-25,43,WH-HYD-01
GR-02081,PO-02081,2026-02-07,36,WH-BLR-01
GR-02082,PO-02082,2026-04-24,49,WH-CHN-01
GR-02083,PO-02083,2026-05-12,45,WH-CHN-01
GR-02084,PO-02084,2026-01-25,6,WH-CHN-01
GR-02085,PO-02085,2026-02-15,49,WH-MYS-01
GR-02086,PO-02086,2026-02-04,9,WH-MYS-01
GR-02087,PO-02087,2026-05-30,7,WH-MYS-01
GR-02088,PO-02088,2026-03-12,31,WH-BLR-01
GR-02089,PO-02089,2026-06-14,13,WH-MYS-01
GR-02090,PO-02090,2026-04-22,7,WH-BLR-01
GR-02091,PO-02091,2026-02-10,44,WH-BLR-01
GR-02092,PO-02092,2026-05-30,48,WH-MYS-01
GR-02093,PO-02093,2026-01-24,3,WH-CHN-01
GR-02094,PO-02094,2026-06-29,46,WH-CHN-01
GR-02095,PO-02095,2026-01-29,11,WH-MYS-01
GR-02096,PO-02096,2026-02-21,10,WH-HYD-01
GR-02097,PO-02097,2026-06-15,43,WH-MYS-01
GR-02098,PO-02098,2026-04-11,14,WH-BLR-01
GR-02099,PO-02099,2026-06-13,44,WH-BLR-01
GR-02100,PO-02100,2026-05-13,7,WH-MYS-01
GR-02101,PO-02101,2026-04-09,38,WH-BLR-01
GR-02102,PO-02102,2026-04-04,33,WH-CHN-01
GR-02103,PO-02103,2026-04-15,22,WH-MYS-01
GR-02104,PO-02104,2026-04-29,49,WH-CHN-01
GR-02105,PO-02105,2026-01-22,45,WH-MYS-01
GR-02106,PO-02106,2026-03-15,6,WH-HYD-01
GR-02107,PO-02107,2026-04-29,4,WH-BLR-01
GR-02108,PO-02108,2026-01-13,8,WH-CHN-01
GR-02109,PO-02109,2026-04-24,29,WH-BLR-01
GR-02110,PO-02110,2026-02-28,37,WH-BLR-01
GR-02111,PO-02111,2026-04-02,17,WH-CHN-01
GR-02112,PO-02112,2026-04-24,49,WH-MYS-01
GR-02113,PO-02113,2026-01-29,39,WH-CHN-01
GR-02114,PO-02114,2026-05-01,35,WH-CHN-01
GR-02115,PO-02115,2026-02-26,6,WH-HYD-01
GR-02116,PO-02116,2026-01-25,6,WH-CHN-01
GR-02117,PO-02117,2026-02-18,23,WH-BLR-01
GR-02118,PO-02118,2026-05-05,26,WH-MYS-01
GR-02119,PO-02119,2026-01-31,7,WH-CHN-01
GR-02120,PO-02120,2026-02-15,39,WH-MYS-01
GR-02121,PO-02121,2026-02-12,35,WH-CHN-01
GR-02122,PO-02122,2026-03-18,13,WH-HYD-01
GR-02123,PO-02123,2026-04-29,6,WH-HYD-01
GR-02124,PO-02124,2026-03-27,45,WH-CHN-01
GR-02125,PO-02125,2026-04-01,10,WH-BLR-01
GR-02126,PO-02126,2026-03-05,19,WH-BLR-01
GR-02127,PO-02127,2026-02-24,31,WH-MYS-01
GR-02128,PO-02128,2026-02-03,16,WH-CHN-01
GR-02129,PO-02129,2026-03-06,14,WH-CHN-01
GR-02130,PO-02130,2026-04-10,25,WH-MYS-01
GR-02131,PO-02131,2026-05-31,39,WH-CHN-01
GR-02132,PO-02132,2026-01-21,32,WH-BLR-01
GR-02133,PO-02133,2026-05-13,28,WH-MYS-01
GR-02134,PO-02134,2026-01-22,47,WH-MYS-01
GR-02135,PO-02135,2026-03-05,30,WH-HYD-01
GR-02136,PO-02136,2026-01-10,29,WH-MYS-01
GR-02137,PO-02137,2026-02-09,5,WH-CHN-01
GR-02138,PO-02138,2026-02-03,35,WH-HYD-01
GR-02139,PO-02139,2026-06-10,37,WH-MYS-01
GR-02140,PO-02140,2026-06-03,3,WH-MYS-01
GR-02141,PO-02141,2026-04-11,33,WH-BLR-01
GR-02142,PO-02142,2026-02-07,19,WH-BLR-01
GR-02143,PO-02143,2026-05-10,33,WH-CHN-01
GR-02144,PO-02144,2026-03-04,46,WH-BLR-01
GR-02145,PO-02145,2026-02-01,15,WH-MYS-01
GR-02146,PO-02146,2026-06-07,44,WH-MYS-01
GR-02147,PO-02147,2026-06-06,47,WH-BLR-01
GR-02148,PO-02148,2026-05-04,29,WH-HYD-01
GR-02149,PO-02149,2026-01-15,32,WH-CHN-01
GR-02150,PO-02150,2026-06-06,33,WH-MYS-01
GR-02151,PO-02151,2026-04-07,6,WH-CHN-01
GR-02152,PO-02152,2026-03-23,30,WH-MYS-01
GR-02153,PO-02153,2026-06-18,41,WH-MYS-01
GR-02154,PO-02154,2026-06-10,44,WH-HYD-01
GR-02155,PO-02155,2026-03-04,33,WH-MYS-01
GR-02156,PO-02156,2026-05-11,15,WH-HYD-01
GR-02157,PO-02157,2026-02-15,6,WH-BLR-01
GR-02158,PO-02158,2026-05-28,7,WH-CHN-01
GR-02159,PO-02159,2026-03-23,35,WH-BLR-01
GR-02160,PO-02160,2026-02-05,13,WH-HYD-01
GR-02161,PO-02161,2026-06-11,48,WH-HYD-01
GR-02162,PO-02162,2026-02-09,45,WH-MYS-01
GR-02163,PO-02163,2026-03-03,17,WH-BLR-01
GR-02164,PO-02164,2026-03-21,27,WH-HYD-01
GR-02165,PO-02165,2026-02-14,31,WH-CHN-01
GR-02166,PO-02166,2026-04-26,28,WH-BLR-01
GR-02167,PO-02167,2026-02-14,20,WH-HYD-01
GR-02168,PO-02168,2026-05-03,31,WH-HYD-01
GR-02169,PO-02169,2026-06-16,25,WH-MYS-01
GR-02170,PO-02170,2026-02-19,10,WH-HYD-01
GR-02171,PO-02171,2026-06-13,33,WH-MYS-01
GR-02172,PO-02172,2026-03-29,5,WH-BLR-01
GR-02173,PO-02173,2026-01-24,14,WH-MYS-01
GR-02174,PO-02174,2026-01-26,40,WH-BLR-01
GR-02175,PO-02175,2026-03-30,6,WH-MYS-01
GR-02176,PO-02176,2026-02-09,43,WH-CHN-01
GR-02177,PO-02177,2026-02-13,1,WH-HYD-01
GR-02178,PO-02178,2026-04-26,33,WH-HYD-01
GR-02179,PO-02179,2026-04-05,19,WH-BLR-01
GR-02180,PO-02180,2026-02-22,1,WH-BLR-01
GR-02181,PO-02181,2026-04-09,31,WH-MYS-01
GR-02182,PO-02182,2026-04-22,47,WH-BLR-01
GR-02183,PO-02183,2026-05-29,47,WH-MYS-01
GR-02184,PO-02184,2026-03-06,28,WH-HYD-01
GR-02185,PO-02185,2026-05-16,35,WH-BLR-01
GR-02186,PO-02186,2026-05-28,36,WH-CHN-01
GR-02187,PO-02187,2026-01-19,4,WH-BLR-01
GR-02188,PO-02188,2026-05-13,2,WH-MYS-01
GR-02189,PO-02189,2026-01-24,26,WH-MYS-01
GR-02190,PO-02190,2026-04-28,39,WH-BLR-01
GR-02191,PO-02191,2026-04-03,7,WH-HYD-01
GR-02192,PO-02192,2026-03-14,23,WH-BLR-01
GR-02193,PO-02193,2026-06-02,50,WH-CHN-01
GR-02194,PO-02194,2026-03-27,22,WH-CHN-01
GR-02195,PO-02195,2026-02-20,34,WH-MYS-01
GR-02196,PO-02196,2026-05-20,44,WH-CHN-01
GR-02197,PO-02197,2026-05-27,40,WH-MYS-01
GR-02198,PO-02198,2026-03-10,15,WH-CHN-01
GR-02199,PO-02199,2026-02-02,4,WH-CHN-01
GR-02200,PO-02200,2026-05-12,13,WH-HYD-01
GR-02201,PO-02201,2026-06-04,42,WH-BLR-01
GR-02202,PO-02202,2026-03-06,48,WH-HYD-01
GR-02203,PO-02203,2026-02-10,38,WH-BLR-01
GR-02204,PO-02204,2026-01-16,9,WH-BLR-01
GR-02205,PO-02205,2026-02-08,26,WH-BLR-01
GR-02206,PO-02206,2026-03-07,9,WH-CHN-01
GR-02207,PO-02207,2026-01-27,42,WH-MYS-01
GR-02208,PO-02208,2026-02-14,47,WH-MYS-01
GR-02209,PO-02209,2026-02-13,41,WH-CHN-01
GR-02210,PO-02210,2026-04-26,9,WH-CHN-01
GR-02211,PO-02211,2026-03-01,20,WH-MYS-01
GR-02212,PO-02212,2026-03-01,10,WH-HYD-01
GR-02213,PO-02213,2026-03-18,11,WH-HYD-01
GR-02214,PO-02214,2026-05-20,23,WH-BLR-01
GR-02215,PO-02215,2026-06-20,7,WH-HYD-01
GR-02216,PO-02216,2026-02-23,28,WH-MYS-01
GR-02217,PO-02217,2026-04-11,26,WH-MYS-01
GR-02218,PO-02218,2026-06-18,9,WH-BLR-01
GR-02219,PO-02219,2026-03-19,6,WH-HYD-01
GR-02220,PO-02220,2026-05-31,10,WH-BLR-01
GR-02221,PO-02221,2026-02-28,13,WH-MYS-01
GR-02222,PO-02222,2026-05-11,30,WH-BLR-01
GR-02223,PO-02223,2026-05-07,19,WH-MYS-01
GR-02224,PO-02224,2026-02-13,12,WH-MYS-01
GR-02225,PO-02225,2026-01-09,16,WH-HYD-01
GR-02226,PO-02226,2026-05-10,6,WH-HYD-01
GR-02227,PO-02227,2026-02-02,48,WH-MYS-01
GR-02228,PO-02228,2026-03-14,11,WH-BLR-01
GR-02229,PO-02229,2026-02-07,19,WH-BLR-01
GR-02230,PO-02230,2026-05-04,6,WH-BLR-01
GR-02231,PO-02231,2026-05-23,5,WH-HYD-01
GR-02232,PO-02232,2026-04-30,37,WH-BLR-01
GR-02233,PO-02233,2026-05-11,46,WH-BLR-01
GR-02234,PO-02234,2026-05-11,45,WH-HYD-01
GR-02235,PO-02235,2026-05-22,16,WH-BLR-01
GR-02236,PO-02236,2026-01-13,28,WH-CHN-01
GR-02237,PO-02237,2026-04-26,5,WH-BLR-01
GR-02238,PO-02238,2026-04-05,10,WH-CHN-01
GR-02239,PO-02239,2026-04-27,26,WH-MYS-01
GR-02240,PO-02240,2026-05-14,15,WH-HYD-01
GR-02241,PO-02241,2026-04-04,19,WH-CHN-01
GR-02242,PO-02242,2026-05-10,45,WH-MYS-01
GR-02243,PO-02243,2026-06-24,8,WH-HYD-01
GR-02244,PO-02244,2026-06-06,22,WH-MYS-01
GR-02245,PO-02245,2026-02-01,50,WH-CHN-01
GR-02246,PO-02246,2026-04-27,5,WH-CHN-01
GR-02247,PO-02247,2026-05-06,48,WH-HYD-01
GR-02248,PO-02248,2026-02-05,14,WH-BLR-01
GR-02249,PO-02249,2026-05-25,6,WH-CHN-01
GR-02250,PO-02250,2026-03-16,31,WH-BLR-01
GR-02251,PO-02251,2026-05-11,25,WH-MYS-01
GR-02252,PO-02252,2026-01-18,39,WH-BLR-01
GR-02253,PO-02253,2026-02-07,2,WH-HYD-01
GR-02254,PO-02254,2026-02-21,26,WH-CHN-01
GR-02255,PO-02255,2026-02-19,18,WH-HYD-01
GR-02256,PO-02256,2026-05-28,30,WH-MYS-01
GR-02257,PO-02257,2026-03-01,45,WH-CHN-01
GR-02258,PO-02258,2026-06-07,27,WH-HYD-01
GR-02259,PO-02259,2026-06-01,13,WH-MYS-01
GR-02260,PO-02260,2026-03-10,31,WH-BLR-01
GR-02261,PO-02261,2026-03-12,26,WH-CHN-01
GR-02262,PO-02262,2026-06-23,18,WH-CHN-01
GR-02263,PO-02263,2026-01-23,42,WH-BLR-01
GR-02264,PO-02264,2026-06-25,44,WH-MYS-01
GR-02265,PO-02265,2026-03-02,12,WH-CHN-01
GR-02266,PO-02266,2026-04-15,9,WH-HYD-01
GR-02267,PO-02267,2026-02-06,46,WH-MYS-01
GR-02268,PO-02268,2026-04-05,34,WH-BLR-01
GR-02269,PO-02269,2026-05-04,37,WH-HYD-01
GR-02270,PO-02270,2026-06-12,49,WH-MYS-01
GR-02271,PO-02271,2026-03-30,35,WH-CHN-01
GR-02272,PO-02272,2026-02-21,28,WH-BLR-01
GR-02273,PO-02273,2026-04-23,38,WH-BLR-01
GR-02274,PO-02274,2026-06-21,27,WH-MYS-01
GR-02275,PO-02275,2026-05-12,20,WH-HYD-01
GR-02276,PO-02276,2026-03-07,11,WH-HYD-01
GR-02277,PO-02277,2026-01-21,50,WH-BLR-01
GR-02278,PO-02278,2026-04-30,40,WH-CHN-01
GR-02279,PO-02279,2026-05-03,44,WH-MYS-01
GR-02280,PO-02280,2026-03-24,35,WH-BLR-01
GR-02281,PO-02281,2026-04-22,23,WH-CHN-01
GR-02282,PO-02282,2026-06-08,44,WH-CHN-01
GR-02283,PO-02283,2026-04-12,4,WH-MYS-01
GR-02284,PO-02284,2026-06-19,5,WH-HYD-01
GR-02285,PO-02285,2026-02-06,28,WH-BLR-01
GR-02286,PO-02286,2026-02-16,22,WH-HYD-01
GR-02287,PO-02287,2026-03-20,23,WH-BLR-01
GR-02288,PO-02288,2026-05-11,7,WH-CHN-01
GR-02289,PO-02289,2026-03-19,24,WH-HYD-01
GR-02290,PO-02290,2026-04-03,14,WH-HYD-01
GR-02291,PO-02291,2026-02-19,7,WH-CHN-01
GR-02292,PO-02292,2026-04-25,7,WH-CHN-01
GR-02293,PO-02293,2026-04-22,46,WH-HYD-01
GR-02294,PO-02294,2026-04-04,32,WH-CHN-01
GR-02295,PO-02295,2026-04-03,50,WH-MYS-01
GR-02296,PO-02296,2026-04-28,37,WH-HYD-01
GR-02297,PO-02297,2026-03-26,28,WH-MYS-01
GR-02298,PO-02298,2026-01-22,6,WH-MYS-01
GR-02299,PO-02299,2026-05-23,14,WH-HYD-01
GR-02300,PO-02300,2026-01-30,24,WH-BLR-01
GR-02301,PO-02301,2026-02-13,40,WH-BLR-01
GR-02302,PO-02302,2026-01-10,19,WH-CHN-01
GR-02303,PO-02303,2026-05-13,6,WH-HYD-01
GR-02304,PO-02304,2026-05-22,19,WH-MYS-01
GR-02305,PO-02305,2026-05-01,13,WH-HYD-01
GR-02306,PO-02306,2026-03-13,22,WH-CHN-01
GR-02307,PO-02307,2026-05-25,31,WH-HYD-01
GR-02308,PO-02308,2026-05-28,31,WH-MYS-01
GR-02309,PO-02309,2026-05-20,41,WH-CHN-01
GR-02310,PO-02310,2026-03-24,31,WH-MYS-01
GR-02311,PO-02311,2026-02-02,35,WH-CHN-01
GR-02312,PO-02312,2026-02-10,33,WH-MYS-01
GR-02313,PO-02313,2026-05-24,18,WH-BLR-01
GR-02314,PO-02314,2026-05-24,31,WH-CHN-01
GR-02315,PO-02315,2026-03-26,36,WH-MYS-01
GR-02316,PO-02316,2026-04-09,12,WH-HYD-01
GR-02317,PO-02317,2026-03-05,15,WH-BLR-01
GR-02318,PO-02318,2026-05-14,6,WH-HYD-01
GR-02319,PO-02319,2026-02-26,48,WH-BLR-01
GR-02320,PO-02320,2026-05-25,33,WH-MYS-01
GR-02321,PO-02321,2026-05-06,19,WH-HYD-01
GR-02322,PO-02322,2026-03-18,39,WH-HYD-01
GR-02323,PO-02323,2026-06-05,11,WH-MYS-01
GR-02324,PO-02324,2026-02-17,16,WH-BLR-01
GR-02325,PO-02325,2026-03-29,6,WH-CHN-01
GR-02326,PO-02326,2026-03-10,40,WH-CHN-01
GR-02327,PO-02327,2026-02-25,49,WH-CHN-01
GR-02328,PO-02328,2026-01-29,30,WH-BLR-01
GR-02329,PO-02329,2026-06-20,40,WH-BLR-01
GR-02330,PO-02330,2026-02-24,14,WH-CHN-01
GR-02331,PO-02331,2026-05-07,9,WH-CHN-01
GR-02332,PO-02332,2026-04-20,30,WH-BLR-01
GR-02333,PO-02333,2026-04-03,5,WH-BLR-01
GR-02334,PO-02334,2026-06-14,35,WH-MYS-01
GR-02335,PO-02335,2026-03-13,38,WH-BLR-01
GR-02336,PO-02336,2026-01-16,23,WH-HYD-01
GR-02337,PO-02337,2026-04-10,49,WH-BLR-01
GR-02338,PO-02338,2026-05-07,44,WH-CHN-01
GR-02339,PO-02339,2026-04-11,6,WH-BLR-01
GR-02340,PO-02340,2026-05-01,41,WH-CHN-01
GR-02341,PO-02341,2026-01-26,26,WH-CHN-01
GR-02342,PO-02342,2026-06-02,26,WH-CHN-01
GR-02343,PO-02343,2026-02-28,25,WH-BLR-01
GR-02344,PO-02344,2026-05-21,6,WH-CHN-01
GR-02345,PO-02345,2026-03-04,45,WH-BLR-01
GR-02346,PO-02346,2026-03-27,22,WH-HYD-01
GR-02347,PO-02347,2026-05-12,31,WH-BLR-01
GR-02348,PO-02348,2026-06-03,50,WH-HYD-01
GR-02349,PO-02349,2026-02-11,9,WH-MYS-01
GR-02350,PO-02350,2026-05-11,16,WH-MYS-01
GR-02351,PO-02351,2026-04-08,8,WH-MYS-01
GR-02352,PO-02352,2026-03-08,8,WH-BLR-01
GR-02353,PO-02353,2026-03-13,14,WH-HYD-01
GR-02354,PO-02354,2026-04-19,28,WH-MYS-01
GR-02355,PO-02355,2026-02-07,8,WH-BLR-01
GR-02356,PO-02356,2026-02-05,46,WH-BLR-01
GR-02357,PO-02357,2026-05-14,22,WH-MYS-01
GR-02358,PO-02358,2026-06-06,22,WH-MYS-01
GR-02359,PO-02359,2026-02-17,1,WH-CHN-01
GR-02360,PO-02360,2026-01-29,12,WH-HYD-01
GR-02361,PO-02361,2026-05-30,30,WH-MYS-01
GR-02362,PO-02362,2026-05-02,43,WH-BLR-01
GR-02363,PO-02363,2026-04-16,45,WH-CHN-01
GR-02364,PO-02364,2026-02-01,7,WH-HYD-01
GR-02365,PO-02365,2026-02-03,19,WH-HYD-01
GR-02366,PO-02366,2026-03-21,37,WH-MYS-01
GR-02367,PO-02367,2026-05-10,14,WH-CHN-01
GR-02368,PO-02368,2026-02-27,33,WH-BLR-01
GR-02369,PO-02369,2026-03-13,36,WH-CHN-01
GR-02370,PO-02370,2026-03-05,35,WH-HYD-01
GR-02371,PO-02371,2026-05-05,25,WH-BLR-01
GR-02372,PO-02372,2026-04-21,8,WH-MYS-01
GR-02373,PO-02373,2026-03-18,43,WH-HYD-01
GR-02374,PO-02374,2026-03-09,16,WH-BLR-01
GR-02375,PO-02375,2026-05-03,36,WH-HYD-01
GR-02376,PO-02376,2026-04-19,5,WH-BLR-01
GR-02377,PO-02377,2026-01-17,12,WH-HYD-01
GR-02378,PO-02378,2026-01-26,5,WH-CHN-01
GR-02379,PO-02379,2026-05-30,35,WH-HYD-01
GR-02380,PO-02380,2026-05-11,46,WH-BLR-01
GR-02381,PO-02381,2026-04-25,43,WH-BLR-01
GR-02382,PO-02382,2026-03-10,41,WH-HYD-01
GR-02383,PO-02383,2026-01-27,32,WH-BLR-01
GR-02384,PO-02384,2026-04-17,13,WH-CHN-01
GR-02385,PO-02385,2026-04-14,2,WH-MYS-01
GR-02386,PO-02386,2026-02-16,49,WH-HYD-01
GR-02387,PO-02387,2026-01-15,28,WH-MYS-01
GR-02388,PO-02388,2026-03-29,14,WH-HYD-01
GR-02389,PO-02389,2026-02-16,17,WH-HYD-01
GR-02390,PO-02390,2026-02-12,45,WH-HYD-01
GR-02391,PO-02391,2026-03-07,9,WH-MYS-01
GR-02392,PO-02392,2026-01-21,36,WH-BLR-01
GR-02393,PO-02393,2026-01-25,11,WH-CHN-01
GR-02394,PO-02394,2026-05-24,11,WH-MYS-01
GR-02395,PO-02395,2026-03-15,15,WH-HYD-01
GR-02396,PO-02396,2026-03-21,32,WH-MYS-01
GR-02397,PO-02397,2026-04-08,37,WH-BLR-01
GR-02398,PO-02398,2026-05-13,50,WH-BLR-01
GR-02399,PO-02399,2026-05-07,3,WH-MYS-01
GR-02400,PO-02400,2026-03-12,21,WH-BLR-01
GR-02401,PO-02401,2026-06-12,28,WH-CHN-01
GR-02402,PO-02402,2026-05-23,8,WH-CHN-01
GR-02403,PO-02403,2026-03-11,22,WH-CHN-01
GR-02404,PO-02404,2026-04-27,29,WH-MYS-01
GR-02405,PO-02405,2026-02-10,27,WH-BLR-01
GR-02406,PO-02406,2026-03-18,14,WH-HYD-01
GR-02407,PO-02407,2026-04-22,19,WH-MYS-01
GR-02408,PO-02408,2026-01-13,21,WH-BLR-01
GR-02409,PO-02409,2026-02-28,24,WH-MYS-01
GR-02410,PO-02410,2026-02-16,7,WH-BLR-01
GR-02411,PO-02411,2026-04-23,48,WH-HYD-01
GR-02412,PO-02412,2026-04-10,31,WH-CHN-01
GR-02413,PO-02413,2026-05-14,6,WH-HYD-01
GR-02414,PO-02414,2026-04-04,3,WH-CHN-01
GR-02415,PO-02415,2026-02-24,9,WH-HYD-01
GR-02416,PO-02416,2026-02-08,9,WH-MYS-01
GR-02417,PO-02417,2026-01-16,49,WH-MYS-01
GR-02418,PO-02418,2026-02-15,32,WH-HYD-01
GR-02419,PO-02419,2026-03-20,11,WH-HYD-01
GR-02420,PO-02420,2026-06-14,19,WH-BLR-01
GR-02421,PO-02421,2026-02-22,6,WH-MYS-01
GR-02422,PO-02422,2026-02-23,9,WH-MYS-01
GR-02423,PO-02423,2026-04-21,50,WH-BLR-01
GR-02424,PO-02424,2026-04-29,5,WH-MYS-01
GR-02425,PO-02425,2026-04-30,12,WH-MYS-01
GR-02426,PO-02426,2026-02-17,7,WH-BLR-01
GR-02427,PO-02427,2026-05-29,9,WH-MYS-01
GR-02428,PO-02428,2026-02-21,27,WH-CHN-01
GR-02429,PO-02429,2026-04-25,9,WH-BLR-01
GR-02430,PO-02430,2026-06-04,29,WH-CHN-01
GR-02431,PO-02431,2026-05-05,20,WH-CHN-01
GR-02432,PO-02432,2026-05-07,38,WH-HYD-01
GR-02433,PO-02433,2026-03-21,5,WH-MYS-01
GR-02434,PO-02434,2026-03-15,39,WH-MYS-01
GR-02435,PO-02435,2026-05-04,47,WH-BLR-01
GR-02436,PO-02436,2026-01-31,7,WH-HYD-01
GR-02437,PO-02437,2026-06-07,12,WH-BLR-01
GR-02438,PO-02438,2026-06-01,49,WH-CHN-01
GR-02439,PO-02439,2026-02-28,33,WH-CHN-01
GR-02440,PO-02440,2026-03-27,26,WH-HYD-01
GR-02441,PO-02441,2026-05-02,27,WH-MYS-01
GR-02442,PO-02442,2026-03-31,8,WH-HYD-01
GR-02443,PO-02443,2026-05-27,1,WH-CHN-01
GR-02444,PO-02444,2026-04-24,24,WH-CHN-01
GR-02445,PO-02445,2026-06-25,11,WH-MYS-01
GR-02446,PO-02446,2026-05-15,3,WH-CHN-01
GR-02447,PO-02447,2026-01-20,27,WH-HYD-01
GR-02448,PO-02448,2026-01-10,19,WH-HYD-01
GR-02449,PO-02449,2026-03-09,22,WH-HYD-01
GR-02450,PO-02450,2026-05-16,21,WH-HYD-01
GR-02451,PO-02451,2026-02-26,22,WH-CHN-01
GR-02452,PO-02452,2026-02-11,1,WH-MYS-01
GR-02453,PO-02453,2026-02-18,11,WH-BLR-01
GR-02454,PO-02454,2026-05-14,13,WH-BLR-01
GR-02455,PO-02455,2026-01-28,37,WH-BLR-01
GR-02456,PO-02456,2026-01-26,24,WH-MYS-01
GR-02457,PO-02457,2026-04-22,48,WH-HYD-01
GR-02458,PO-02458,2026-03-24,4,WH-MYS-01
GR-02459,PO-02459,2026-01-26,21,WH-CHN-01
GR-02460,PO-02460,2026-05-04,14,WH-MYS-01
GR-02461,PO-02461,2026-03-24,25,WH-HYD-01
GR-02462,PO-02462,2026-02-28,1,WH-BLR-01
GR-02463,PO-02463,2026-01-30,31,WH-HYD-01
GR-02464,PO-02464,2026-03-03,18,WH-HYD-01
GR-02465,PO-02465,2026-03-28,15,WH-BLR-01
GR-02466,PO-02466,2026-05-22,7,WH-HYD-01
GR-02467,PO-02467,2026-02-22,12,WH-CHN-01
GR-02468,PO-02468,2026-03-24,45,WH-MYS-01
GR-02469,PO-02469,2026-03-31,27,WH-MYS-01
GR-02470,PO-02470,2026-02-27,41,WH-CHN-01
GR-02471,PO-02471,2026-03-12,12,WH-HYD-01
GR-02472,PO-02472,2026-01-26,45,WH-MYS-01
GR-02473,PO-02473,2026-04-29,46,WH-MYS-01
GR-02474,PO-02474,2026-04-21,46,WH-HYD-01
GR-02475,PO-02475,2026-06-22,31,WH-CHN-01
GR-02476,PO-02476,2026-05-01,33,WH-CHN-01
GR-02477,PO-02477,2026-03-18,30,WH-MYS-01
GR-02478,PO-02478,2026-06-05,21,WH-HYD-01
GR-02479,PO-02479,2026-05-31,15,WH-MYS-01
GR-02480,PO-02480,2026-03-27,7,WH-HYD-01
GR-02481,PO-02481,2026-03-09,48,WH-MYS-01
GR-02482,PO-02482,2026-02-02,50,WH-CHN-01
GR-02483,PO-02483,2026-03-23,26,WH-HYD-01
GR-02484,PO-02484,2026-02-07,33,WH-CHN-01
GR-02485,PO-02485,2026-02-26,41,WH-CHN-01
GR-02486,PO-02486,2026-04-13,28,WH-HYD-01
GR-02487,PO-02487,2026-03-20,47,WH-BLR-01
GR-02488,PO-02488,2026-05-05,7,WH-HYD-01
GR-02489,PO-02489,2026-04-11,35,WH-CHN-01
GR-02490,PO-02490,2026-04-02,31,WH-BLR-01
GR-02491,PO-02491,2026-05-22,5,WH-BLR-01
GR-02492,PO-02492,2026-02-01,15,WH-HYD-01
GR-02493,PO-02493,2026-02-01,5,WH-CHN-01
GR-02494,PO-02494,2026-04-29,8,WH-CHN-01
GR-02495,PO-02495,2026-06-02,16,WH-CHN-01
GR-02496,PO-02496,2026-02-03,19,WH-CHN-01
GR-02497,PO-02497,2026-04-24,23,WH-MYS-01
GR-02498,PO-02498,2026-02-10,45,WH-HYD-01
GR-02499,PO-02499,2026-02-22,50,WH-HYD-01
GR-02500,PO-02500,2026-01-24,36,WH-CHN-01
GR-02501,PO-02501,2026-04-03,17,WH-CHN-01
GR-02502,PO-02502,2026-04-28,31,WH-CHN-01
GR-02503,PO-02503,2026-05-09,22,WH-BLR-01
GR-02504,PO-02504,2026-03-22,45,WH-MYS-01
GR-02505,PO-02505,2026-05-18,38,WH-MYS-01
GR-02506,PO-02506,2026-05-13,45,WH-CHN-01
GR-02507,PO-02507,2026-03-14,46,WH-BLR-01
GR-02508,PO-02508,2026-02-24,18,WH-MYS-01
GR-02509,PO-02509,2026-05-21,9,WH-HYD-01
GR-02510,PO-02510,2026-04-25,17,WH-HYD-01
GR-02511,PO-02511,2026-03-31,15,WH-HYD-01
GR-02512,PO-02512,2026-02-24,6,WH-HYD-01
GR-02513,PO-02513,2026-04-12,41,WH-HYD-01
GR-02514,PO-02514,2026-01-24,9,WH-CHN-01
GR-02515,PO-02515,2026-02-22,2,WH-HYD-01
GR-02516,PO-02516,2026-02-05,41,WH-MYS-01
GR-02517,PO-02517,2026-02-13,4,WH-HYD-01
GR-02518,PO-02518,2026-05-06,46,WH-MYS-01
GR-02519,PO-02519,2026-01-22,29,WH-BLR-01
GR-02520,PO-02520,2026-02-24,27,WH-HYD-01
GR-02521,PO-02521,2026-02-25,18,WH-HYD-01
GR-02522,PO-02522,2026-05-21,9,WH-CHN-01
GR-02523,PO-02523,2026-01-14,46,WH-BLR-01
GR-02524,PO-02524,2026-03-21,4,WH-CHN-01
GR-02525,PO-02525,2026-04-22,39,WH-MYS-01
GR-02526,PO-02526,2026-04-04,23,WH-BLR-01
GR-02527,PO-02527,2026-03-22,31,WH-BLR-01
GR-02528,PO-02528,2026-01-21,21,WH-CHN-01
GR-02529,PO-02529,2026-06-06,10,WH-MYS-01
GR-02530,PO-02530,2026-07-01,10,WH-BLR-01
GR-02531,PO-02531,2026-05-13,22,WH-HYD-01
GR-02532,PO-02532,2026-03-25,4,WH-MYS-01
GR-02533,PO-02533,2026-03-03,33,WH-HYD-01
GR-02534,PO-02534,2026-03-05,6,WH-BLR-01
GR-02535,PO-02535,2026-02-10,2,WH-BLR-01
GR-02536,PO-02536,2026-03-06,15,WH-BLR-01
GR-02537,PO-02537,2026-04-24,42,WH-CHN-01
GR-02538,PO-02538,2026-04-05,43,WH-MYS-01
GR-02539,PO-02539,2026-02-14,46,WH-CHN-01
GR-02540,PO-02540,2026-02-21,29,WH-HYD-01
GR-02541,PO-02541,2026-05-19,20,WH-MYS-01
GR-02542,PO-02542,2026-02-28,31,WH-CHN-01
GR-02543,PO-02543,2026-03-29,5,WH-CHN-01
GR-02544,PO-02544,2026-04-17,50,WH-BLR-01
GR-02545,PO-02545,2026-04-25,41,WH-CHN-01
GR-02546,PO-02546,2026-02-22,34,WH-BLR-01
GR-02547,PO-02547,2026-06-13,34,WH-MYS-01
GR-02548,PO-02548,2026-03-21,7,WH-BLR-01
GR-02549,PO-02549,2026-03-01,31,WH-BLR-01
GR-02550,PO-02550,2026-03-17,45,WH-BLR-01
GR-02551,PO-02551,2026-05-12,34,WH-MYS-01
GR-02552,PO-02552,2026-04-17,11,WH-HYD-01
GR-02553,PO-02553,2026-02-16,40,WH-HYD-01
GR-02554,PO-02554,2026-03-16,47,WH-HYD-01
GR-02555,PO-02555,2026-02-22,12,WH-HYD-01
GR-02556,PO-02556,2026-04-22,49,WH-MYS-01
GR-02557,PO-02557,2026-02-25,49,WH-CHN-01
GR-02558,PO-02558,2026-05-28,19,WH-MYS-01
GR-02559,PO-02559,2026-01-19,7,WH-HYD-01
GR-02560,PO-02560,2026-03-11,31,WH-CHN-01
GR-02561,PO-02561,2026-05-04,25,WH-HYD-01
GR-02562,PO-02562,2026-03-01,39,WH-MYS-01
GR-02563,PO-02563,2026-01-09,23,WH-MYS-01
GR-02564,PO-02564,2026-01-29,8,WH-BLR-01
GR-02565,PO-02565,2026-02-02,47,WH-CHN-01
GR-02566,PO-02566,2026-03-17,48,WH-MYS-01
GR-02567,PO-02567,2026-03-23,26,WH-HYD-01
GR-02568,PO-02568,2026-05-27,25,WH-MYS-01
GR-02569,PO-02569,2026-06-12,34,WH-MYS-01
GR-02570,PO-02570,2026-02-08,28,WH-HYD-01
GR-02571,PO-02571,2026-04-15,14,WH-CHN-01
GR-02572,PO-02572,2026-05-25,22,WH-HYD-01
GR-02573,PO-02573,2026-04-04,45,WH-BLR-01
GR-02574,PO-02574,2026-01-27,5,WH-CHN-01
GR-02575,PO-02575,2026-03-18,9,WH-CHN-01
GR-02576,PO-02576,2026-03-31,45,WH-MYS-01
GR-02577,PO-02577,2026-02-13,32,WH-MYS-01
GR-02578,PO-02578,2026-01-12,39,WH-MYS-01
GR-02579,PO-02579,2026-02-20,36,WH-CHN-01
GR-02580,PO-02580,2026-03-03,47,WH-BLR-01
GR-02581,PO-02581,2026-02-25,31,WH-CHN-01
GR-02582,PO-02582,2026-05-08,24,WH-BLR-01
GR-02583,PO-02583,2026-01-15,13,WH-CHN-01
GR-02584,PO-02584,2026-03-16,7,WH-HYD-01
GR-02585,PO-02585,2026-03-19,15,WH-MYS-01
GR-02586,PO-02586,2026-05-02,21,WH-CHN-01
GR-02587,PO-02587,2026-06-11,50,WH-MYS-01
GR-02588,PO-02588,2026-06-03,46,WH-CHN-01
GR-02589,PO-02589,2026-05-08,18,WH-CHN-01
GR-02590,PO-02590,2026-02-19,24,WH-BLR-01
GR-02591,PO-02591,2026-01-10,46,WH-MYS-01
GR-02592,PO-02592,2026-03-02,31,WH-MYS-01
GR-02593,PO-02593,2026-05-15,24,WH-BLR-01
GR-02594,PO-02594,2026-05-01,2,WH-HYD-01
GR-02595,PO-02595,2026-06-30,17,WH-HYD-01
GR-02596,PO-02596,2026-03-22,4,WH-BLR-01
GR-02597,PO-02597,2026-05-27,45,WH-MYS-01
GR-02598,PO-02598,2026-06-01,9,WH-BLR-01
GR-02599,PO-02599,2026-02-23,4,WH-MYS-01
GR-02600,PO-02600,2026-04-18,45,WH-MYS-01
GR-02601,PO-02601,2026-04-10,36,WH-BLR-01
GR-02602,PO-02602,2026-05-03,8,WH-CHN-01
GR-02603,PO-02603,2026-03-13,24,WH-CHN-01
GR-02604,PO-02604,2026-05-16,36,WH-CHN-01
GR-02605,PO-02605,2026-03-28,49,WH-BLR-01
GR-02606,PO-02606,2026-06-01,19,WH-MYS-01
GR-02607,PO-02607,2026-03-29,32,WH-BLR-01
GR-02608,PO-02608,2026-04-28,34,WH-MYS-01
GR-02609,PO-02609,2026-05-24,39,WH-MYS-01
GR-02610,PO-02610,2026-05-15,15,WH-BLR-01
GR-02611,PO-02611,2026-05-30,32,WH-MYS-01
GR-02612,PO-02612,2026-01-22,30,WH-HYD-01
GR-02613,PO-02613,2026-05-15,11,WH-HYD-01
GR-02614,PO-02614,2026-02-28,35,WH-CHN-01
GR-02615,PO-02615,2026-04-17,2,WH-CHN-01
GR-02616,PO-02616,2026-05-01,29,WH-HYD-01
GR-02617,PO-02617,2026-05-04,1,WH-HYD-01
GR-02618,PO-02618,2026-05-24,10,WH-BLR-01
GR-02619,PO-02619,2026-06-07,34,WH-MYS-01
GR-02620,PO-02620,2026-05-03,50,WH-HYD-01
GR-02621,PO-02621,2026-02-10,37,WH-CHN-01
GR-02622,PO-02622,2026-05-28,36,WH-MYS-01
GR-02623,PO-02623,2026-03-01,45,WH-CHN-01
GR-02624,PO-02624,2026-02-21,33,WH-HYD-01
GR-02625,PO-02625,2026-05-01,25,WH-HYD-01
GR-02626,PO-02626,2026-04-05,43,WH-MYS-01
GR-02627,PO-02627,2026-05-27,38,WH-HYD-01
GR-02628,PO-02628,2026-03-12,37,WH-CHN-01
GR-02629,PO-02629,2026-02-23,50,WH-MYS-01
GR-02630,PO-02630,2026-05-15,1,WH-MYS-01
GR-02631,PO-02631,2026-04-17,4,WH-MYS-01
GR-02632,PO-02632,2026-06-12,2,WH-HYD-01
GR-02633,PO-02633,2026-02-03,15,WH-CHN-01
GR-02634,PO-02634,2026-01-30,42,WH-BLR-01
GR-02635,PO-02635,2026-03-25,49,WH-MYS-01
GR-02636,PO-02636,2026-04-23,9,WH-HYD-01
GR-02637,PO-02637,2026-02-24,16,WH-CHN-01
GR-02638,PO-02638,2026-03-14,11,WH-CHN-01
GR-02639,PO-02639,2026-05-15,15,WH-BLR-01
GR-02640,PO-02640,2026-01-26,11,WH-CHN-01
GR-02641,PO-02641,2026-01-23,4,WH-MYS-01
GR-02642,PO-02642,2026-05-13,1,WH-HYD-01
GR-02643,PO-02643,2026-02-01,18,WH-MYS-01
GR-02644,PO-02644,2026-04-04,9,WH-BLR-01
GR-02645,PO-02645,2026-04-21,29,WH-CHN-01
GR-02646,PO-02646,2026-05-20,50,WH-HYD-01
GR-02647,PO-02647,2026-03-13,30,WH-CHN-01
GR-02648,PO-02648,2026-05-02,35,WH-BLR-01
GR-02649,PO-02649,2026-02-03,9,WH-BLR-01
GR-02650,PO-02650,2026-05-27,44,WH-CHN-01
GR-02651,PO-02651,2026-05-29,9,WH-HYD-01
GR-02652,PO-02652,2026-05-21,2,WH-CHN-01
GR-02653,PO-02653,2026-04-08,40,WH-BLR-01
GR-02654,PO-02654,2026-03-04,48,WH-BLR-01
GR-02655,PO-02655,2026-03-11,9,WH-CHN-01
GR-02656,PO-02656,2026-02-14,43,WH-HYD-01
GR-02657,PO-02657,2026-04-18,42,WH-MYS-01
GR-02658,PO-02658,2026-05-24,3,WH-BLR-01
GR-02659,PO-02659,2026-03-21,28,WH-MYS-01
GR-02660,PO-02660,2026-05-29,24,WH-BLR-01
GR-02661,PO-02661,2026-06-07,5,WH-HYD-01
GR-02662,PO-02662,2026-04-09,35,WH-HYD-01
GR-02663,PO-02663,2026-02-14,45,WH-CHN-01
GR-02664,PO-02664,2026-01-19,26,WH-BLR-01
GR-02665,PO-02665,2026-02-19,29,WH-MYS-01
GR-02666,PO-02666,2026-06-15,40,WH-CHN-01
GR-02667,PO-02667,2026-02-26,5,WH-BLR-01
GR-02668,PO-02668,2026-01-31,9,WH-MYS-01
GR-02669,PO-02669,2026-04-28,7,WH-CHN-01
GR-02670,PO-02670,2026-02-21,35,WH-CHN-01
GR-02671,PO-02671,2026-06-13,49,WH-HYD-01
GR-02672,PO-02672,2026-05-27,10,WH-MYS-01
GR-02673,PO-02673,2026-02-05,6,WH-MYS-01
GR-02674,PO-02674,2026-04-10,48,WH-BLR-01
GR-02675,PO-02675,2026-02-15,6,WH-MYS-01
GR-02676,PO-02676,2026-06-20,44,WH-MYS-01
GR-02677,PO-02677,2026-03-31,29,WH-CHN-01
GR-02678,PO-02678,2026-02-17,21,WH-MYS-01
GR-02679,PO-02679,2026-04-08,4,WH-BLR-01
GR-02680,PO-02680,2026-02-22,43,WH-BLR-01
GR-02681,PO-02681,2026-04-03,5,WH-BLR-01
GR-02682,PO-02682,2026-03-22,16,WH-MYS-01
GR-02683,PO-02683,2026-03-27,13,WH-CHN-01
GR-02684,PO-02684,2026-03-25,44,WH-HYD-01
GR-02685,PO-02685,2026-06-13,32,WH-MYS-01
GR-02686,PO-02686,2026-04-10,38,WH-MYS-01
GR-02687,PO-02687,2026-02-08,28,WH-CHN-01
GR-02688,PO-02688,2026-03-15,41,WH-BLR-01
GR-02689,PO-02689,2026-05-15,6,WH-MYS-01
GR-02690,PO-02690,2026-03-26,31,WH-BLR-01
GR-02691,PO-02691,2026-03-23,49,WH-HYD-01
GR-02692,PO-02692,2026-03-05,48,WH-HYD-01
GR-02693,PO-02693,2026-04-04,45,WH-MYS-01
GR-02694,PO-02694,2026-02-16,31,WH-BLR-01
GR-02695,PO-02695,2026-03-15,3,WH-HYD-01
GR-02696,PO-02696,2026-02-09,17,WH-BLR-01
GR-02697,PO-02697,2026-02-08,42,WH-MYS-01
GR-02698,PO-02698,2026-02-28,14,WH-CHN-01
GR-02699,PO-02699,2026-02-22,15,WH-HYD-01
GR-02700,PO-02700,2026-02-03,21,WH-MYS-01
GR-02701,PO-02701,2026-02-25,28,WH-HYD-01
GR-02702,PO-02702,2026-05-03,32,WH-BLR-01
GR-02703,PO-02703,2026-02-20,37,WH-MYS-01
GR-02704,PO-02704,2026-01-19,37,WH-BLR-01
GR-02705,PO-02705,2026-06-18,25,WH-CHN-01
GR-02706,PO-02706,2026-05-18,21,WH-HYD-01
GR-02707,PO-02707,2026-06-10,23,WH-MYS-01
GR-02708,PO-02708,2026-01-16,45,WH-CHN-01
GR-02709,PO-02709,2026-06-07,10,WH-MYS-01
GR-02710,PO-02710,2026-02-23,43,WH-BLR-01
GR-02711,PO-02711,2026-05-25,50,WH-CHN-01
GR-02712,PO-02712,2026-03-23,11,WH-HYD-01
GR-02713,PO-02713,2026-02-10,27,WH-HYD-01
GR-02714,PO-02714,2026-03-12,7,WH-BLR-01
GR-02715,PO-02715,2026-06-13,34,WH-BLR-01
GR-02716,PO-02716,2026-03-09,25,WH-MYS-01
GR-02717,PO-02717,2026-02-27,8,WH-BLR-01
GR-02718,PO-02718,2026-03-06,10,WH-BLR-01
GR-02719,PO-02719,2026-04-25,10,WH-BLR-01
GR-02720,PO-02720,2026-03-10,43,WH-CHN-01
GR-02721,PO-02721,2026-03-26,33,WH-CHN-01
GR-02722,PO-02722,2026-05-02,14,WH-BLR-01
GR-02723,PO-02723,2026-06-06,19,WH-BLR-01
GR-02724,PO-02724,2026-06-17,26,WH-HYD-01
GR-02725,PO-02725,2026-02-03,4,WH-MYS-01
GR-02726,PO-02726,2026-04-28,45,WH-HYD-01
GR-02727,PO-02727,2026-05-31,44,WH-CHN-01
GR-02728,PO-02728,2026-04-09,50,WH-MYS-01
GR-02729,PO-02729,2026-03-06,50,WH-HYD-01
GR-02730,PO-02730,2026-01-04,36,WH-CHN-01
GR-02731,PO-02731,2026-03-10,21,WH-BLR-01
GR-02732,PO-02732,2026-06-02,2,WH-CHN-01
GR-02733,PO-02733,2026-01-24,50,WH-MYS-01
GR-02734,PO-02734,2026-03-21,16,WH-CHN-01
GR-02735,PO-02735,2026-01-28,23,WH-BLR-01
GR-02736,PO-02736,2026-05-31,21,WH-HYD-01
GR-02737,PO-02737,2026-03-05,3,WH-BLR-01
GR-02738,PO-02738,2026-02-10,22,WH-HYD-01
GR-02739,PO-02739,2026-03-21,1,WH-MYS-01
GR-02740,PO-02740,2026-03-28,36,WH-HYD-01
GR-02741,PO-02741,2026-04-23,12,WH-HYD-01
GR-02742,PO-02742,2026-03-28,6,WH-BLR-01
GR-02743,PO-02743,2026-02-12,21,WH-MYS-01
GR-02744,PO-02744,2026-05-28,33,WH-HYD-01
GR-02745,PO-02745,2026-01-10,40,WH-BLR-01
GR-02746,PO-02746,2026-05-12,40,WH-MYS-01
GR-02747,PO-02747,2026-04-22,9,WH-BLR-01
GR-02748,PO-02748,2026-03-02,35,WH-BLR-01
GR-02749,PO-02749,2026-06-01,47,WH-HYD-01
GR-02750,PO-02750,2026-06-04,32,WH-MYS-01
GR-02751,PO-02751,2026-03-06,10,WH-MYS-01
GR-02752,PO-02752,2026-06-02,19,WH-MYS-01
GR-02753,PO-02753,2026-03-21,19,WH-MYS-01
GR-02754,PO-02754,2026-01-23,28,WH-CHN-01
GR-02755,PO-02755,2026-05-21,13,WH-BLR-01
GR-02756,PO-02756,2026-04-06,26,WH-HYD-01
GR-02757,PO-02757,2026-04-20,47,WH-CHN-01
GR-02758,PO-02758,2026-03-08,1,WH-CHN-01
GR-02759,PO-02759,2026-02-13,14,WH-MYS-01
GR-02760,PO-02760,2026-05-08,13,WH-CHN-01
GR-02761,PO-02761,2026-04-18,25,WH-CHN-01
GR-02762,PO-02762,2026-04-26,21,WH-BLR-01
GR-02763,PO-02763,2026-02-16,34,WH-BLR-01
GR-02764,PO-02764,2026-05-30,26,WH-HYD-01
GR-02765,PO-02765,2026-04-12,50,WH-CHN-01
GR-02766,PO-02766,2026-06-03,47,WH-HYD-01
GR-02767,PO-02767,2026-04-24,1,WH-HYD-01
GR-02768,PO-02768,2026-03-30,22,WH-CHN-01
GR-02769,PO-02769,2026-03-03,8,WH-CHN-01
GR-02770,PO-02770,2026-03-19,12,WH-MYS-01
GR-02771,PO-02771,2026-01-25,14,WH-CHN-01
GR-02772,PO-02772,2026-05-06,11,WH-MYS-01
GR-02773,PO-02773,2026-04-29,9,WH-MYS-01
GR-02774,PO-02774,2026-03-13,34,WH-CHN-01
GR-02775,PO-02775,2026-01-19,50,WH-CHN-01
GR-02776,PO-02776,2026-01-25,21,WH-CHN-01
GR-02777,PO-02777,2026-06-11,41,WH-BLR-01
GR-02778,PO-02778,2026-01-28,29,WH-CHN-01
GR-02779,PO-02779,2026-02-12,16,WH-BLR-01
GR-02780,PO-02780,2026-05-06,35,WH-HYD-01
GR-02781,PO-02781,2026-02-12,1,WH-HYD-01
GR-02782,PO-02782,2026-01-08,17,WH-MYS-01
GR-02783,PO-02783,2026-02-26,39,WH-CHN-01
GR-02784,PO-02784,2026-05-29,6,WH-MYS-01
GR-02785,PO-02785,2026-05-09,33,WH-BLR-01
GR-02786,PO-02786,2026-05-22,11,WH-CHN-01
GR-02787,PO-02787,2026-03-22,19,WH-MYS-01
GR-02788,PO-02788,2026-02-06,44,WH-BLR-01
GR-02789,PO-02789,2026-06-03,35,WH-HYD-01
GR-02790,PO-02790,2026-03-31,17,WH-BLR-01
GR-02791,PO-02791,2026-05-10,44,WH-HYD-01
GR-02792,PO-02792,2026-05-22,27,WH-HYD-01
GR-02793,PO-02793,2026-02-09,27,WH-HYD-01
GR-02794,PO-02794,2026-02-27,32,WH-MYS-01
GR-02795,PO-02795,2026-04-16,4,WH-HYD-01
GR-02796,PO-02796,2026-03-08,48,WH-MYS-01
GR-02797,PO-02797,2026-06-06,50,WH-BLR-01
GR-02798,PO-02798,2026-04-08,37,WH-BLR-01
GR-02799,PO-02799,2026-02-26,29,WH-CHN-01
GR-02800,PO-02800,2026-03-24,50,WH-BLR-01
GR-02801,PO-02801,2026-02-05,35,WH-MYS-01
GR-02802,PO-02802,2026-05-15,33,WH-HYD-01
GR-02803,PO-02803,2026-04-12,5,WH-HYD-01
GR-02804,PO-02804,2026-02-06,40,WH-HYD-01
GR-02805,PO-02805,2026-04-18,2,WH-CHN-01
GR-02806,PO-02806,2026-02-19,15,WH-HYD-01
GR-02807,PO-02807,2026-03-27,48,WH-BLR-01
GR-02808,PO-02808,2026-01-18,6,WH-HYD-01
GR-02809,PO-02809,2026-05-22,43,WH-CHN-01
GR-02810,PO-02810,2026-04-08,28,WH-BLR-01
GR-02811,PO-02811,2026-03-30,37,WH-MYS-01
GR-02812,PO-02812,2026-06-13,15,WH-MYS-01
GR-02813,PO-02813,2026-05-10,48,WH-HYD-01
GR-02814,PO-02814,2026-02-22,4,WH-BLR-01
GR-02815,PO-02815,2026-03-16,3,WH-MYS-01
GR-02816,PO-02816,2026-04-19,2,WH-CHN-01
GR-02817,PO-02817,2026-02-01,39,WH-MYS-01
GR-02818,PO-02818,2026-02-24,37,WH-BLR-01
GR-02819,PO-02819,2026-05-27,24,WH-HYD-01
GR-02820,PO-02820,2026-05-01,14,WH-HYD-01
GR-02821,PO-02821,2026-05-04,34,WH-CHN-01
GR-02822,PO-02822,2026-04-09,22,WH-BLR-01
GR-02823,PO-02823,2026-03-26,20,WH-MYS-01
GR-02824,PO-02824,2026-05-05,41,WH-MYS-01
GR-02825,PO-02825,2026-05-07,22,WH-CHN-01
GR-02826,PO-02826,2026-04-28,34,WH-HYD-01
GR-02827,PO-02827,2026-03-04,40,WH-CHN-01
GR-02828,PO-02828,2026-06-24,41,WH-BLR-01
GR-02829,PO-02829,2026-03-02,32,WH-BLR-01
GR-02830,PO-02830,2026-02-18,17,WH-BLR-01
GR-02831,PO-02831,2026-04-30,18,WH-BLR-01
GR-02832,PO-02832,2026-03-02,5,WH-BLR-01
GR-02833,PO-02833,2026-03-28,41,WH-HYD-01
GR-02834,PO-02834,2026-04-18,34,WH-CHN-01
GR-02835,PO-02835,2026-05-06,27,WH-CHN-01
GR-02836,PO-02836,2026-03-29,27,WH-HYD-01
GR-02837,PO-02837,2026-02-08,33,WH-MYS-01
GR-02838,PO-02838,2026-05-16,23,WH-CHN-01
GR-02839,PO-02839,2026-03-06,23,WH-CHN-01
GR-02840,PO-02840,2026-05-07,25,WH-HYD-01
GR-02841,PO-02841,2026-04-13,20,WH-HYD-01
GR-02842,PO-02842,2026-02-03,16,WH-CHN-01
GR-02843,PO-02843,2026-05-17,29,WH-BLR-01
GR-02844,PO-02844,2026-06-12,4,WH-HYD-01
GR-02845,PO-02845,2026-04-04,4,WH-BLR-01
GR-02846,PO-02846,2026-06-07,7,WH-BLR-01
GR-02847,PO-02847,2026-03-10,37,WH-HYD-01
GR-02848,PO-02848,2026-04-17,43,WH-BLR-01
GR-02849,PO-02849,2026-03-24,41,WH-MYS-01
GR-02850,PO-02850,2026-03-13,43,WH-CHN-01
GR-02851,PO-02851,2026-02-24,50,WH-MYS-01
GR-02852,PO-02852,2026-02-15,8,WH-BLR-01
GR-02853,PO-02853,2026-05-17,7,WH-BLR-01
GR-02854,PO-02854,2026-02-05,23,WH-HYD-01
GR-02855,PO-02855,2026-06-13,24,WH-HYD-01
GR-02856,PO-02856,2026-02-09,39,WH-MYS-01
GR-02857,PO-02857,2026-04-25,18,WH-CHN-01
GR-02858,PO-02858,2026-03-04,36,WH-CHN-01
GR-02859,PO-02859,2026-03-26,40,WH-CHN-01
GR-02860,PO-02860,2026-03-23,6,WH-HYD-01
GR-02861,PO-02861,2026-03-26,17,WH-HYD-01
GR-02862,PO-02862,2026-03-17,11,WH-MYS-01
GR-02863,PO-02863,2026-02-14,44,WH-CHN-01
GR-02864,PO-02864,2026-05-17,7,WH-MYS-01
GR-02865,PO-02865,2026-04-15,28,WH-MYS-01
GR-02866,PO-02866,2026-03-27,48,WH-BLR-01
GR-02867,PO-02867,2026-03-26,40,WH-MYS-01
GR-02868,PO-02868,2026-03-19,16,WH-HYD-01
GR-02869,PO-02869,2026-02-05,18,WH-CHN-01
GR-02870,PO-02870,2026-04-02,14,WH-MYS-01
GR-02871,PO-02871,2026-05-31,48,WH-MYS-01
GR-02872,PO-02872,2026-01-21,2,WH-MYS-01
GR-02873,PO-02873,2026-04-28,18,WH-CHN-01
GR-02874,PO-02874,2026-03-21,31,WH-MYS-01
GR-02875,PO-02875,2026-04-16,29,WH-MYS-01
GR-02876,PO-02876,2026-06-11,24,WH-MYS-01
GR-02877,PO-02877,2026-03-29,1,WH-BLR-01
GR-02878,PO-02878,2026-05-07,6,WH-CHN-01
GR-02879,PO-02879,2026-01-06,30,WH-MYS-01
GR-02880,PO-02880,2026-01-22,42,WH-BLR-01
GR-02881,PO-02881,2026-02-05,26,WH-MYS-01
GR-02882,PO-02882,2026-03-05,50,WH-MYS-01
GR-02883,PO-02883,2026-04-28,13,WH-BLR-01
GR-02884,PO-02884,2026-04-09,24,WH-BLR-01
GR-02885,PO-02885,2026-05-12,22,WH-HYD-01
GR-02886,PO-02886,2026-01-14,32,WH-CHN-01
GR-02887,PO-02887,2026-02-06,5,WH-MYS-01
GR-02888,PO-02888,2026-05-06,27,WH-CHN-01
GR-02889,PO-02889,2026-04-02,43,WH-HYD-01
GR-02890,PO-02890,2026-02-19,22,WH-CHN-01
GR-02891,PO-02891,2026-05-30,31,WH-HYD-01
GR-02892,PO-02892,2026-04-03,8,WH-HYD-01
GR-02893,PO-02893,2026-02-06,10,WH-MYS-01
GR-02894,PO-02894,2026-02-26,48,WH-HYD-01
GR-02895,PO-02895,2026-03-23,28,WH-CHN-01
GR-02896,PO-02896,2026-04-07,47,WH-BLR-01
GR-02897,PO-02897,2026-03-03,13,WH-MYS-01
GR-02898,PO-02898,2026-04-26,28,WH-CHN-01
GR-02899,PO-02899,2026-03-18,46,WH-HYD-01
GR-02900,PO-02900,2026-04-12,31,WH-HYD-01
GR-02901,PO-02901,2026-01-15,36,WH-CHN-01
GR-02902,PO-02902,2026-02-07,25,WH-HYD-01
GR-02903,PO-02903,2026-03-15,27,WH-CHN-01
GR-02904,PO-02904,2026-04-26,50,WH-HYD-01
GR-02905,PO-02905,2026-05-05,10,WH-BLR-01
GR-02906,PO-02906,2026-04-24,32,WH-BLR-01
GR-02907,PO-02907,2026-02-21,35,WH-BLR-01
GR-02908,PO-02908,2026-06-04,33,WH-CHN-01
GR-02909,PO-02909,2026-01-22,18,WH-BLR-01
GR-02910,PO-02910,2026-03-10,25,WH-MYS-01
GR-02911,PO-02911,2026-01-30,14,WH-CHN-01
GR-02912,PO-02912,2026-05-09,19,WH-CHN-01
GR-02913,PO-02913,2026-05-30,37,WH-CHN-01
GR-02914,PO-02914,2026-06-11,7,WH-BLR-01
GR-02915,PO-02915,2026-04-13,23,WH-MYS-01
GR-02916,PO-02916,2026-06-13,22,WH-HYD-01
GR-02917,PO-02917,2026-04-07,49,WH-BLR-01
GR-02918,PO-02918,2026-03-29,4,WH-CHN-01
GR-02919,PO-02919,2026-01-17,33,WH-MYS-01
GR-02920,PO-02920,2026-06-04,11,WH-BLR-01
GR-02921,PO-02921,2026-06-01,25,WH-HYD-01
GR-02922,PO-02922,2026-03-11,11,WH-HYD-01
GR-02923,PO-02923,2026-03-22,27,WH-MYS-01
GR-02924,PO-02924,2026-02-04,45,WH-BLR-01
GR-02925,PO-02925,2026-02-27,45,WH-CHN-01
GR-02926,PO-02926,2026-02-24,32,WH-HYD-01
GR-02927,PO-02927,2026-05-30,17,WH-MYS-01
GR-02928,PO-02928,2026-02-06,9,WH-BLR-01
GR-02929,PO-02929,2026-04-26,27,WH-HYD-01
GR-02930,PO-02930,2026-03-24,37,WH-BLR-01
GR-02931,PO-02931,2026-02-15,5,WH-BLR-01
GR-02932,PO-02932,2026-04-15,5,WH-MYS-01
GR-02933,PO-02933,2026-04-25,41,WH-BLR-01
GR-02934,PO-02934,2026-05-22,23,WH-CHN-01
GR-02935,PO-02935,2026-06-17,25,WH-BLR-01
GR-02936,PO-02936,2026-01-18,18,WH-MYS-01
GR-02937,PO-02937,2026-05-10,47,WH-BLR-01
GR-02938,PO-02938,2026-04-26,6,WH-BLR-01
GR-02939,PO-02939,2026-05-28,1,WH-MYS-01
GR-02940,PO-02940,2026-05-04,36,WH-CHN-01
GR-02941,PO-02941,2026-03-26,31,WH-BLR-01
GR-02942,PO-02942,2026-03-17,36,WH-HYD-01
GR-02943,PO-02943,2026-02-28,31,WH-CHN-01
GR-02944,PO-02944,2026-04-15,25,WH-BLR-01
GR-02945,PO-02945,2026-03-30,23,WH-HYD-01
GR-02946,PO-02946,2026-03-15,40,WH-MYS-01
GR-02947,PO-02947,2026-05-21,49,WH-HYD-01
GR-02948,PO-02948,2026-04-03,43,WH-MYS-01
GR-02949,PO-02949,2026-02-16,49,WH-CHN-01
GR-02950,PO-02950,2026-05-04,1,WH-CHN-01
GR-02951,PO-02951,2026-05-26,20,WH-CHN-01
GR-02952,PO-02952,2026-02-26,42,WH-MYS-01
GR-02953,PO-02953,2026-04-21,17,WH-CHN-01
GR-02954,PO-02954,2026-05-31,27,WH-MYS-01
GR-02955,PO-02955,2026-06-18,37,WH-CHN-01
GR-02956,PO-02956,2026-04-28,27,WH-HYD-01
GR-02957,PO-02957,2026-05-01,26,WH-HYD-01
GR-02958,PO-02958,2026-03-19,32,WH-BLR-01
GR-02959,PO-02959,2026-02-24,15,WH-BLR-01
GR-02960,PO-02960,2026-06-08,24,WH-HYD-01
GR-02961,PO-02961,2026-03-14,7,WH-BLR-01
GR-02962,PO-02962,2026-03-08,28,WH-CHN-01
GR-02963,PO-02963,2026-02-16,23,WH-CHN-01
GR-02964,PO-02964,2026-03-24,25,WH-MYS-01
GR-02965,PO-02965,2026-01-22,5,WH-CHN-01
GR-02966,PO-02966,2026-05-08,34,WH-CHN-01
GR-02967,PO-02967,2026-02-20,29,WH-MYS-01
GR-02968,PO-02968,2026-02-03,2,WH-CHN-01
GR-02969,PO-02969,2026-05-04,16,WH-MYS-01
GR-02970,PO-02970,2026-04-01,36,WH-MYS-01
GR-02971,PO-02971,2026-03-31,4,WH-CHN-01
GR-02972,PO-02972,2026-01-28,43,WH-BLR-01
GR-02973,PO-02973,2026-05-11,49,WH-MYS-01
GR-02974,PO-02974,2026-02-14,8,WH-BLR-01
GR-02975,PO-02975,2026-02-26,33,WH-MYS-01
GR-02976,PO-02976,2026-04-04,41,WH-HYD-01
GR-02977,PO-02977,2026-06-01,7,WH-MYS-01
GR-02978,PO-02978,2026-04-04,25,WH-BLR-01
GR-02979,PO-02979,2026-05-21,23,WH-MYS-01
GR-02980,PO-02980,2026-02-28,44,WH-HYD-01
GR-02981,PO-02981,2026-01-22,20,WH-BLR-01
GR-02982,PO-02982,2026-02-13,34,WH-HYD-01
GR-02983,PO-02983,2026-03-27,5,WH-BLR-01
GR-02984,PO-02984,2026-01-25,30,WH-HYD-01
GR-02985,PO-02985,2026-02-10,26,WH-MYS-01
GR-02986,PO-02986,2026-02-07,12,WH-MYS-01
GR-02987,PO-02987,2026-01-23,24,WH-HYD-01
GR-02988,PO-02988,2026-01-25,9,WH-MYS-01
GR-02989,PO-02989,2026-04-12,35,WH-MYS-01
GR-02990,PO-02990,2026-03-20,48,WH-CHN-01
GR-02991,PO-02991,2026-04-13,5,WH-CHN-01
GR-02992,PO-02992,2026-05-29,9,WH-BLR-01
GR-02993,PO-02993,2026-03-07,40,WH-HYD-01
GR-02994,PO-02994,2026-03-04,2,WH-BLR-01
GR-02995,PO-02995,2026-04-13,48,WH-CHN-01
GR-02996,PO-02996,2026-03-09,14,WH-CHN-01
GR-02997,PO-02997,2026-02-20,21,WH-CHN-01
GR-02998,PO-02998,2026-05-18,10,WH-BLR-01
GR-02999,PO-02999,2026-06-06,25,WH-HYD-01
GR-03000,PO-03000,2026-04-30,30,WH-HYD-01
GR-03001,PO-03001,2026-05-11,37,WH-CHN-01
GR-03002,PO-03002,2026-01-06,45,WH-HYD-01
GR-03003,PO-03003,2026-01-20,21,WH-CHN-01
GR-03004,PO-03004,2026-06-03,47,WH-CHN-01
GR-03005,PO-03005,2026-03-11,18,WH-BLR-01
GR-03006,PO-03006,2026-05-09,12,WH-MYS-01
GR-03007,PO-03007,2026-06-04,39,WH-BLR-01
GR-03008,PO-03008,2026-02-23,21,WH-MYS-01
GR-03009,PO-03009,2026-05-22,12,WH-BLR-01
GR-03010,PO-03010,2026-06-10,45,WH-CHN-01
GR-03011,PO-03011,2026-01-21,30,WH-HYD-01
GR-03012,PO-03012,2026-02-21,45,WH-HYD-01
GR-03013,PO-03013,2026-04-07,9,WH-BLR-01
GR-03014,PO-03014,2026-06-13,33,WH-HYD-01
GR-03015,PO-03015,2026-04-05,44,WH-BLR-01
GR-03016,PO-03016,2026-05-17,36,WH-MYS-01
GR-03017,PO-03017,2026-05-02,20,WH-CHN-01
GR-03018,PO-03018,2026-01-22,10,WH-CHN-01
GR-03019,PO-03019,2026-01-26,4,WH-BLR-01
GR-03020,PO-03020,2026-04-09,40,WH-BLR-01
GR-03021,PO-03021,2026-04-26,34,WH-BLR-01
GR-03022,PO-03022,2026-04-09,37,WH-HYD-01
GR-03023,PO-03023,2026-03-25,22,WH-HYD-01
GR-03024,PO-03024,2026-03-06,20,WH-CHN-01
GR-03025,PO-03025,2026-02-18,10,WH-CHN-01
GR-03026,PO-03026,2026-05-18,35,WH-HYD-01
GR-03027,PO-03027,2026-04-18,33,WH-HYD-01
GR-03028,PO-03028,2026-06-05,23,WH-MYS-01
GR-03029,PO-03029,2026-03-23,20,WH-MYS-01
GR-03030,PO-03030,2026-01-16,18,WH-CHN-01
GR-03031,PO-03031,2026-05-10,11,WH-CHN-01
GR-03032,PO-03032,2026-03-03,3,WH-MYS-01
GR-03033,PO-03033,2026-06-12,7,WH-MYS-01
GR-03034,PO-03034,2026-03-25,35,WH-HYD-01
GR-03035,PO-03035,2026-02-25,21,WH-HYD-01
GR-03036,PO-03036,2026-01-20,13,WH-HYD-01
GR-03037,PO-03037,2026-04-05,12,WH-MYS-01
GR-03038,PO-03038,2026-01-29,49,WH-HYD-01
GR-03039,PO-03039,2026-02-12,26,WH-BLR-01
GR-03040,PO-03040,2026-03-10,5,WH-HYD-01
GR-03041,PO-03041,2026-03-28,49,WH-MYS-01
GR-03042,PO-03042,2026-05-10,33,WH-BLR-01
GR-03043,PO-03043,2026-04-29,7,WH-HYD-01
GR-03044,PO-03044,2026-02-01,36,WH-HYD-01
GR-03045,PO-03045,2026-02-16,47,WH-HYD-01
GR-03046,PO-03046,2026-02-15,26,WH-CHN-01
GR-03047,PO-03047,2026-04-24,35,WH-BLR-01
GR-03048,PO-03048,2026-04-28,25,WH-HYD-01
GR-03049,PO-03049,2026-04-18,10,WH-HYD-01
GR-03050,PO-03050,2026-05-18,11,WH-CHN-01
GR-03051,PO-03051,2026-06-16,45,WH-CHN-01
GR-03052,PO-03052,2026-01-15,24,WH-MYS-01
GR-03053,PO-03053,2026-02-11,37,WH-HYD-01
GR-03054,PO-03054,2026-04-20,22,WH-BLR-01
GR-03055,PO-03055,2026-02-07,19,WH-BLR-01
GR-03056,PO-03056,2026-02-02,12,WH-MYS-01
GR-03057,PO-03057,2026-05-27,7,WH-CHN-01
GR-03058,PO-03058,2026-05-30,39,WH-MYS-01
GR-03059,PO-03059,2026-02-28,3,WH-HYD-01
GR-03060,PO-03060,2026-06-01,9,WH-MYS-01
GR-03061,PO-03061,2026-03-23,42,WH-HYD-01
GR-03062,PO-03062,2026-04-30,35,WH-CHN-01
GR-03063,PO-03063,2026-03-07,1,WH-CHN-01
GR-03064,PO-03064,2026-02-15,2,WH-CHN-01
GR-03065,PO-03065,2026-02-21,39,WH-CHN-01
GR-03066,PO-03066,2026-04-09,24,WH-HYD-01
GR-03067,PO-03067,2026-05-16,10,WH-BLR-01
GR-03068,PO-03068,2026-01-29,20,WH-MYS-01
GR-03069,PO-03069,2026-03-30,7,WH-HYD-01
GR-03070,PO-03070,2026-02-24,18,WH-CHN-01
GR-03071,PO-03071,2026-03-22,25,WH-CHN-01
GR-03072,PO-03072,2026-01-16,5,WH-CHN-01
GR-03073,PO-03073,2026-01-16,38,WH-HYD-01
GR-03074,PO-03074,2026-02-21,28,WH-HYD-01
GR-03075,PO-03075,2026-01-30,29,WH-HYD-01
GR-03076,PO-03076,2026-02-23,2,WH-BLR-01
GR-03077,PO-03077,2026-05-26,16,WH-HYD-01
GR-03078,PO-03078,2026-02-19,6,WH-BLR-01
GR-03079,PO-03079,2026-04-05,46,WH-CHN-01
GR-03080,PO-03080,2026-03-29,50,WH-MYS-01
GR-03081,PO-03081,2026-06-16,50,WH-MYS-01
GR-03082,PO-03082,2026-05-22,21,WH-BLR-01
GR-03083,PO-03083,2026-03-29,18,WH-BLR-01
GR-03084,PO-03084,2026-05-15,5,WH-CHN-01
GR-03085,PO-03085,2026-05-07,12,WH-BLR-01
GR-03086,PO-03086,2026-04-02,44,WH-MYS-01
GR-03087,PO-03087,2026-03-16,23,WH-CHN-01
GR-03088,PO-03088,2026-05-25,28,WH-MYS-01
GR-03089,PO-03089,2026-03-16,33,WH-HYD-01
GR-03090,PO-03090,2026-02-21,20,WH-CHN-01
GR-03091,PO-03091,2026-02-24,48,WH-BLR-01
GR-03092,PO-03092,2026-04-21,35,WH-HYD-01
GR-03093,PO-03093,2026-02-23,14,WH-BLR-01
GR-03094,PO-03094,2026-04-30,1,WH-CHN-01
GR-03095,PO-03095,2026-03-02,28,WH-MYS-01
GR-03096,PO-03096,2026-05-14,36,WH-HYD-01
GR-03097,PO-03097,2026-04-07,21,WH-HYD-01
GR-03098,PO-03098,2026-05-16,44,WH-CHN-01
GR-03099,PO-03099,2026-05-14,37,WH-BLR-01
GR-03100,PO-03100,2026-05-16,24,WH-HYD-01
GR-03101,PO-03101,2026-05-26,32,WH-CHN-01
GR-03102,PO-03102,2026-02-19,34,WH-CHN-01
GR-03103,PO-03103,2026-03-12,13,WH-BLR-01
GR-03104,PO-03104,2026-02-18,10,WH-BLR-01
GR-03105,PO-03105,2026-04-17,43,WH-CHN-01
GR-03106,PO-03106,2026-02-08,35,WH-CHN-01
GR-03107,PO-03107,2026-04-20,27,WH-MYS-01
GR-03108,PO-03108,2026-05-14,40,WH-MYS-01
GR-03109,PO-03109,2026-03-22,1,WH-CHN-01
GR-03110,PO-03110,2026-01-27,33,WH-CHN-01
GR-03111,PO-03111,2026-05-21,24,WH-CHN-01
GR-03112,PO-03112,2026-04-29,26,WH-HYD-01
GR-03113,PO-03113,2026-04-23,28,WH-HYD-01
GR-03114,PO-03114,2026-02-14,32,WH-MYS-01
GR-03115,PO-03115,2026-05-17,34,WH-MYS-01
GR-03116,PO-03116,2026-02-08,13,WH-BLR-01
GR-03117,PO-03117,2026-02-20,37,WH-CHN-01
GR-03118,PO-03118,2026-02-24,44,WH-CHN-01
GR-03119,PO-03119,2026-05-16,7,WH-HYD-01
GR-03120,PO-03120,2026-03-20,10,WH-HYD-01
GR-03121,PO-03121,2026-01-21,22,WH-MYS-01
GR-03122,PO-03122,2026-02-20,24,WH-BLR-01
GR-03123,PO-03123,2026-04-21,4,WH-MYS-01
GR-03124,PO-03124,2026-05-07,17,WH-BLR-01
GR-03125,PO-03125,2026-02-24,39,WH-MYS-01
GR-03126,PO-03126,2026-03-09,38,WH-HYD-01
GR-03127,PO-03127,2026-04-03,20,WH-MYS-01
GR-03128,PO-03128,2026-04-01,13,WH-BLR-01
GR-03129,PO-03129,2026-04-14,25,WH-CHN-01
GR-03130,PO-03130,2026-03-24,33,WH-BLR-01
GR-03131,PO-03131,2026-03-04,35,WH-BLR-01
GR-03132,PO-03132,2026-03-19,26,WH-BLR-01
GR-03133,PO-03133,2026-03-22,28,WH-MYS-01
GR-03134,PO-03134,2026-02-26,50,WH-BLR-01
GR-03135,PO-03135,2026-02-17,3,WH-CHN-01
GR-03136,PO-03136,2026-03-01,6,WH-CHN-01
GR-03137,PO-03137,2026-04-24,43,WH-MYS-01
GR-03138,PO-03138,2026-03-21,28,WH-MYS-01
GR-03139,PO-03139,2026-03-19,7,WH-CHN-01
GR-03140,PO-03140,2026-06-02,4,WH-CHN-01
GR-03141,PO-03141,2026-05-09,40,WH-CHN-01
GR-03142,PO-03142,2026-02-03,20,WH-HYD-01
GR-03143,PO-03143,2026-02-05,38,WH-MYS-01
GR-03144,PO-03144,2026-04-22,27,WH-CHN-01
GR-03145,PO-03145,2026-03-13,19,WH-HYD-01
GR-03146,PO-03146,2026-04-20,20,WH-HYD-01
GR-03147,PO-03147,2026-02-07,14,WH-MYS-01
GR-03148,PO-03148,2026-04-28,19,WH-HYD-01
GR-03149,PO-03149,2026-05-28,1,WH-BLR-01
GR-03150,PO-03150,2026-03-28,19,WH-BLR-01
GR-03151,PO-03151,2026-04-15,27,WH-BLR-01
GR-03152,PO-03152,2026-03-29,33,WH-HYD-01
GR-03153,PO-03153,2026-03-24,44,WH-HYD-01
GR-03154,PO-03154,2026-03-26,17,WH-MYS-01
GR-03155,PO-03155,2026-02-03,5,WH-CHN-01
GR-03156,PO-03156,2026-03-17,32,WH-BLR-01
GR-03157,PO-03157,2026-04-02,36,WH-BLR-01
GR-03158,PO-03158,2026-05-13,14,WH-CHN-01
GR-03159,PO-03159,2026-06-04,29,WH-BLR-01
GR-03160,PO-03160,2026-04-29,13,WH-MYS-01
GR-03161,PO-03161,2026-03-16,19,WH-BLR-01
GR-03162,PO-03162,2026-04-21,38,WH-CHN-01
GR-03163,PO-03163,2026-04-29,1,WH-MYS-01
GR-03164,PO-03164,2026-02-20,47,WH-CHN-01
GR-03165,PO-03165,2026-01-21,37,WH-MYS-01
GR-03166,PO-03166,2026-01-07,31,WH-MYS-01
GR-03167,PO-03167,2026-02-13,22,WH-MYS-01
GR-03168,PO-03168,2026-03-04,33,WH-BLR-01
GR-03169,PO-03169,2026-01-18,3,WH-MYS-01
GR-03170,PO-03170,2026-06-11,48,WH-CHN-01
GR-03171,PO-03171,2026-02-09,25,WH-CHN-01
GR-03172,PO-03172,2026-03-23,22,WH-HYD-01
GR-03173,PO-03173,2026-04-28,8,WH-MYS-01
GR-03174,PO-03174,2026-04-14,47,WH-CHN-01
GR-03175,PO-03175,2026-05-30,3,WH-HYD-01
GR-03176,PO-03176,2026-03-05,23,WH-BLR-01
GR-03177,PO-03177,2026-03-31,36,WH-BLR-01
GR-03178,PO-03178,2026-03-17,19,WH-CHN-01
GR-03179,PO-03179,2026-04-22,29,WH-HYD-01
GR-03180,PO-03180,2026-02-16,21,WH-MYS-01
GR-03181,PO-03181,2026-04-17,42,WH-MYS-01
GR-03182,PO-03182,2026-06-17,22,WH-CHN-01
GR-03183,PO-03183,2026-05-24,49,WH-CHN-01
GR-03184,PO-03184,2026-05-11,39,WH-HYD-01
GR-03185,PO-03185,2026-04-28,12,WH-BLR-01
GR-03186,PO-03186,2026-05-12,43,WH-MYS-01
GR-03187,PO-03187,2026-06-08,46,WH-BLR-01
GR-03188,PO-03188,2026-02-11,18,WH-MYS-01
GR-03189,PO-03189,2026-01-23,33,WH-MYS-01
GR-03190,PO-03190,2026-01-29,21,WH-BLR-01
GR-03191,PO-03191,2026-06-04,45,WH-BLR-01
GR-03192,PO-03192,2026-03-24,50,WH-HYD-01
GR-03193,PO-03193,2026-03-16,38,WH-HYD-01
GR-03194,PO-03194,2026-04-10,6,WH-HYD-01
GR-03195,PO-03195,2026-02-10,21,WH-BLR-01
GR-03196,PO-03196,2026-02-15,49,WH-BLR-01
GR-03197,PO-03197,2026-04-26,41,WH-MYS-01
GR-03198,PO-03198,2026-02-14,32,WH-BLR-01
GR-03199,PO-03199,2026-02-22,5,WH-BLR-01
GR-03200,PO-03200,2026-03-16,23,WH-CHN-01
GR-03201,PO-03201,2026-05-09,10,WH-HYD-01
GR-03202,PO-03202,2026-01-28,7,WH-BLR-01
GR-03203,PO-03203,2026-03-19,20,WH-BLR-01
GR-03204,PO-03204,2026-01-23,46,WH-CHN-01
GR-03205,PO-03205,2026-05-18,10,WH-BLR-01
GR-03206,PO-03206,2026-03-30,7,WH-HYD-01
GR-03207,PO-03207,2026-04-08,23,WH-CHN-01
GR-03208,PO-03208,2026-02-02,19,WH-BLR-01
GR-03209,PO-03209,2026-03-01,2,WH-BLR-01
GR-03210,PO-03210,2026-05-14,25,WH-BLR-01
GR-03211,PO-03211,2026-02-07,31,WH-BLR-01
GR-03212,PO-03212,2026-04-08,32,WH-MYS-01
GR-03213,PO-03213,2026-05-20,16,WH-HYD-01
GR-03214,PO-03214,2026-05-13,8,WH-BLR-01
GR-03215,PO-03215,2026-01-19,18,WH-BLR-01
GR-03216,PO-03216,2026-06-06,50,WH-BLR-01
GR-03217,PO-03217,2026-01-31,47,WH-CHN-01
GR-03218,PO-03218,2026-03-07,5,WH-HYD-01
GR-03219,PO-03219,2026-03-07,46,WH-HYD-01
GR-03220,PO-03220,2026-03-23,18,WH-HYD-01
GR-03221,PO-03221,2026-05-20,9,WH-MYS-01
GR-03222,PO-03222,2026-01-26,14,WH-CHN-01
GR-03223,PO-03223,2026-05-19,19,WH-MYS-01
GR-03224,PO-03224,2026-02-21,8,WH-HYD-01
GR-03225,PO-03225,2026-04-18,34,WH-BLR-01
GR-03226,PO-03226,2026-01-29,33,WH-CHN-01
GR-03227,PO-03227,2026-03-24,15,WH-BLR-01
GR-03228,PO-03228,2026-01-27,26,WH-BLR-01
GR-03229,PO-03229,2026-05-09,49,WH-BLR-01
GR-03230,PO-03230,2026-02-07,9,WH-MYS-01
GR-03231,PO-03231,2026-06-06,23,WH-MYS-01
GR-03232,PO-03232,2026-06-18,38,WH-HYD-01
GR-03233,PO-03233,2026-02-16,50,WH-BLR-01
GR-03234,PO-03234,2026-02-12,13,WH-CHN-01
GR-03235,PO-03235,2026-02-14,45,WH-HYD-01
GR-03236,PO-03236,2026-05-21,37,WH-BLR-01
GR-03237,PO-03237,2026-02-15,8,WH-MYS-01
GR-03238,PO-03238,2026-04-11,17,WH-HYD-01
GR-03239,PO-03239,2026-03-30,22,WH-MYS-01
GR-03240,PO-03240,2026-06-01,31,WH-MYS-01
GR-03241,PO-03241,2026-01-23,32,WH-BLR-01
GR-03242,PO-03242,2026-03-08,40,WH-CHN-01
GR-03243,PO-03243,2026-03-30,16,WH-HYD-01
GR-03244,PO-03244,2026-04-30,17,WH-HYD-01
GR-03245,PO-03245,2026-02-27,4,WH-BLR-01
GR-03246,PO-03246,2026-04-04,31,WH-BLR-01
GR-03247,PO-03247,2026-01-25,21,WH-HYD-01
GR-03248,PO-03248,2026-04-22,29,WH-BLR-01
GR-03249,PO-03249,2026-03-18,20,WH-HYD-01
GR-03250,PO-03250,2026-03-09,48,WH-MYS-01
GR-03251,PO-03251,2026-04-25,24,WH-BLR-01
GR-03252,PO-03252,2026-06-03,48,WH-HYD-01
GR-03253,PO-03253,2026-05-17,14,WH-BLR-01
GR-03254,PO-03254,2026-04-16,7,WH-HYD-01
GR-03255,PO-03255,2026-04-22,23,WH-CHN-01
GR-03256,PO-03256,2026-05-27,29,WH-MYS-01
GR-03257,PO-03257,2026-03-04,24,WH-MYS-01
GR-03258,PO-03258,2026-03-23,49,WH-BLR-01
GR-03259,PO-03259,2026-03-22,33,WH-BLR-01
GR-03260,PO-03260,2026-05-05,8,WH-MYS-01
GR-03261,PO-03261,2026-01-19,20,WH-BLR-01
GR-03262,PO-03262,2026-04-15,8,WH-CHN-01
GR-03263,PO-03263,2026-01-18,14,WH-MYS-01
GR-03264,PO-03264,2026-06-23,5,WH-HYD-01
GR-03265,PO-03265,2026-01-05,50,WH-BLR-01
GR-03266,PO-03266,2026-06-02,24,WH-CHN-01
GR-03267,PO-03267,2026-02-11,34,WH-HYD-01
GR-03268,PO-03268,2026-04-26,25,WH-HYD-01
GR-03269,PO-03269,2026-05-24,24,WH-CHN-01
GR-03270,PO-03270,2026-06-03,36,WH-MYS-01
GR-03271,PO-03271,2026-02-13,2,WH-BLR-01
GR-03272,PO-03272,2026-04-11,50,WH-CHN-01
GR-03273,PO-03273,2026-01-14,50,WH-BLR-01
GR-03274,PO-03274,2026-02-10,22,WH-BLR-01
GR-03275,PO-03275,2026-04-13,36,WH-MYS-01
GR-03276,PO-03276,2026-06-06,10,WH-BLR-01
GR-03277,PO-03277,2026-02-19,31,WH-CHN-01
GR-03278,PO-03278,2026-01-27,36,WH-MYS-01
GR-03279,PO-03279,2026-03-12,18,WH-MYS-01
GR-03280,PO-03280,2026-04-17,11,WH-MYS-01
GR-03281,PO-03281,2026-05-25,14,WH-BLR-01
GR-03282,PO-03282,2026-01-31,41,WH-MYS-01
GR-03283,PO-03283,2026-03-17,10,WH-CHN-01
GR-03284,PO-03284,2026-04-18,45,WH-CHN-01
GR-03285,PO-03285,2026-06-13,29,WH-HYD-01
GR-03286,PO-03286,2026-03-09,43,WH-BLR-01
GR-03287,PO-03287,2026-04-17,11,WH-CHN-01
GR-03288,PO-03288,2026-03-02,6,WH-HYD-01
GR-03289,PO-03289,2026-04-05,4,WH-CHN-01
GR-03290,PO-03290,2026-05-08,14,WH-MYS-01
GR-03291,PO-03291,2026-03-06,17,WH-CHN-01
GR-03292,PO-03292,2026-02-20,31,WH-CHN-01
GR-03293,PO-03293,2026-05-31,19,WH-CHN-01
GR-03294,PO-03294,2026-04-30,13,WH-BLR-01
GR-03295,PO-03295,2026-05-09,31,WH-BLR-01
GR-03296,PO-03296,2026-03-28,2,WH-CHN-01
GR-03297,PO-03297,2026-05-13,2,WH-MYS-01
GR-03298,PO-03298,2026-05-03,1,WH-MYS-01
GR-03299,PO-03299,2026-03-14,50,WH-MYS-01
GR-03300,PO-03300,2026-03-17,36,WH-HYD-01
GR-03301,PO-03301,2026-04-12,31,WH-MYS-01
GR-03302,PO-03302,2026-04-29,18,WH-BLR-01
GR-03303,PO-03303,2026-01-30,13,WH-HYD-01
GR-03304,PO-03304,2026-02-17,22,WH-MYS-01
GR-03305,PO-03305,2026-05-22,14,WH-CHN-01
GR-03306,PO-03306,2026-05-25,9,WH-HYD-01
GR-03307,PO-03307,2026-04-14,14,WH-HYD-01
GR-03308,PO-03308,2026-06-03,44,WH-BLR-01
GR-03309,PO-03309,2026-06-07,15,WH-HYD-01
GR-03310,PO-03310,2026-03-24,37,WH-BLR-01
GR-03311,PO-03311,2026-06-08,26,WH-BLR-01
GR-03312,PO-03312,2026-03-26,21,WH-HYD-01
GR-03313,PO-03313,2026-05-16,26,WH-MYS-01
GR-03314,PO-03314,2026-06-06,45,WH-CHN-01
GR-03315,PO-03315,2026-03-27,39,WH-BLR-01
GR-03316,PO-03316,2026-04-22,13,WH-CHN-01
GR-03317,PO-03317,2026-06-10,36,WH-BLR-01
GR-03318,PO-03318,2026-05-01,30,WH-BLR-01
GR-03319,PO-03319,2026-05-15,29,WH-CHN-01
GR-03320,PO-03320,2026-02-08,24,WH-MYS-01
GR-03321,PO-03321,2026-02-25,24,WH-BLR-01
GR-03322,PO-03322,2026-04-15,47,WH-BLR-01
GR-03323,PO-03323,2026-06-18,39,WH-MYS-01
GR-03324,PO-03324,2026-04-29,43,WH-MYS-01
GR-03325,PO-03325,2026-04-10,14,WH-CHN-01
GR-03326,PO-03326,2026-04-15,50,WH-CHN-01
GR-03327,PO-03327,2026-05-02,23,WH-MYS-01
GR-03328,PO-03328,2026-05-24,49,WH-CHN-01
GR-03329,PO-03329,2026-06-08,36,WH-BLR-01
GR-03330,PO-03330,2026-03-04,40,WH-MYS-01
GR-03331,PO-03331,2026-01-24,38,WH-CHN-01
GR-03332,PO-03332,2026-02-18,32,WH-MYS-01
GR-03333,PO-03333,2026-05-25,20,WH-HYD-01
GR-03334,PO-03334,2026-02-23,38,WH-CHN-01
GR-03335,PO-03335,2026-03-08,21,WH-BLR-01
GR-03336,PO-03336,2026-02-23,22,WH-MYS-01
GR-03337,PO-03337,2026-02-06,12,WH-BLR-01
GR-03338,PO-03338,2026-05-04,50,WH-CHN-01
GR-03339,PO-03339,2026-04-07,28,WH-CHN-01
GR-03340,PO-03340,2026-06-04,36,WH-HYD-01
GR-03341,PO-03341,2026-02-14,24,WH-MYS-01
GR-03342,PO-03342,2026-05-05,44,WH-HYD-01
GR-03343,PO-03343,2026-03-09,38,WH-MYS-01
GR-03344,PO-03344,2026-05-05,31,WH-HYD-01
GR-03345,PO-03345,2026-01-24,44,WH-MYS-01
GR-03346,PO-03346,2026-04-21,18,WH-MYS-01
GR-03347,PO-03347,2026-03-31,38,WH-HYD-01
GR-03348,PO-03348,2026-05-20,30,WH-HYD-01
GR-03349,PO-03349,2026-06-09,40,WH-CHN-01
GR-03350,PO-03350,2026-04-27,35,WH-CHN-01
GR-03351,PO-03351,2026-02-19,42,WH-HYD-01
GR-03352,PO-03352,2026-05-06,23,WH-MYS-01
GR-03353,PO-03353,2026-03-30,38,WH-MYS-01
GR-03354,PO-03354,2026-01-10,34,WH-CHN-01
GR-03355,PO-03355,2026-01-14,3,WH-MYS-01
GR-03356,PO-03356,2026-02-24,5,WH-MYS-01
GR-03357,PO-03357,2026-03-29,2,WH-MYS-01
GR-03358,PO-03358,2026-01-18,35,WH-MYS-01
GR-03359,PO-03359,2026-02-07,49,WH-HYD-01
GR-03360,PO-03360,2026-06-03,37,WH-HYD-01
GR-03361,PO-03361,2026-02-07,23,WH-MYS-01
GR-03362,PO-03362,2026-01-26,10,WH-CHN-01
GR-03363,PO-03363,2026-04-15,4,WH-MYS-01
GR-03364,PO-03364,2026-05-06,29,WH-HYD-01
GR-03365,PO-03365,2026-05-10,36,WH-HYD-01
GR-03366,PO-03366,2026-06-12,35,WH-CHN-01
GR-03367,PO-03367,2026-05-28,39,WH-MYS-01
GR-03368,PO-03368,2026-04-26,31,WH-BLR-01
GR-03369,PO-03369,2026-04-27,23,WH-CHN-01
GR-03370,PO-03370,2026-02-15,4,WH-HYD-01
GR-03371,PO-03371,2026-02-04,26,WH-MYS-01
GR-03372,PO-03372,2026-03-13,19,WH-BLR-01
GR-03373,PO-03373,2026-06-24,30,WH-HYD-01
GR-03374,PO-03374,2026-02-28,12,WH-BLR-01
GR-03375,PO-03375,2026-05-10,33,WH-MYS-01
GR-03376,PO-03376,2026-04-05,9,WH-CHN-01
GR-03377,PO-03377,2026-04-19,31,WH-BLR-01
GR-03378,PO-03378,2026-04-06,21,WH-CHN-01
GR-03379,PO-03379,2026-04-04,21,WH-MYS-01
GR-03380,PO-03380,2026-04-11,3,WH-BLR-01
GR-03381,PO-03381,2026-04-17,50,WH-BLR-01
GR-03382,PO-03382,2026-03-15,4,WH-CHN-01
GR-03383,PO-03383,2026-06-08,9,WH-BLR-01
GR-03384,PO-03384,2026-02-28,4,WH-HYD-01
GR-03385,PO-03385,2026-01-28,8,WH-BLR-01
GR-03386,PO-03386,2026-04-21,43,WH-MYS-01
GR-03387,PO-03387,2026-05-05,11,WH-MYS-01
GR-03388,PO-03388,2026-01-31,21,WH-MYS-01
GR-03389,PO-03389,2026-04-22,4,WH-MYS-01
GR-03390,PO-03390,2026-05-24,4,WH-BLR-01
GR-03391,PO-03391,2026-04-06,31,WH-CHN-01
GR-03392,PO-03392,2026-03-22,13,WH-HYD-01
GR-03393,PO-03393,2026-04-20,27,WH-CHN-01
GR-03394,PO-03394,2026-06-01,20,WH-HYD-01
GR-03395,PO-03395,2026-05-30,22,WH-HYD-01
GR-03396,PO-03396,2026-05-25,45,WH-CHN-01
GR-03397,PO-03397,2026-04-09,33,WH-CHN-01
GR-03398,PO-03398,2026-04-25,28,WH-CHN-01
GR-03399,PO-03399,2026-06-08,31,WH-HYD-01
GR-03400,PO-03400,2026-06-01,35,WH-HYD-01
GR-03401,PO-03401,2026-01-26,35,WH-BLR-01
GR-03402,PO-03402,2026-01-29,44,WH-BLR-01
GR-03403,PO-03403,2026-05-03,27,WH-HYD-01
GR-03404,PO-03404,2026-01-16,40,WH-HYD-01
GR-03405,PO-03405,2026-02-18,26,WH-HYD-01
GR-03406,PO-03406,2026-04-13,34,WH-BLR-01
GR-03407,PO-03407,2026-02-23,46,WH-MYS-01
GR-03408,PO-03408,2026-06-05,36,WH-BLR-01
GR-03409,PO-03409,2026-02-21,26,WH-MYS-01
GR-03410,PO-03410,2026-05-29,45,WH-HYD-01
GR-03411,PO-03411,2026-02-03,29,WH-HYD-01
GR-03412,PO-03412,2026-04-25,35,WH-BLR-01
GR-03413,PO-03413,2026-01-28,9,WH-HYD-01
GR-03414,PO-03414,2026-04-26,22,WH-BLR-01
GR-03415,PO-03415,2026-04-24,41,WH-MYS-01
GR-03416,PO-03416,2026-04-27,1,WH-CHN-01
GR-03417,PO-03417,2026-04-22,39,WH-CHN-01
GR-03418,PO-03418,2026-01-21,17,WH-MYS-01
GR-03419,PO-03419,2026-01-13,47,WH-CHN-01
GR-03420,PO-03420,2026-03-20,48,WH-CHN-01
GR-03421,PO-03421,2026-01-29,10,WH-MYS-01
GR-03422,PO-03422,2026-03-03,35,WH-MYS-01
GR-03423,PO-03423,2026-03-27,41,WH-BLR-01
GR-03424,PO-03424,2026-04-14,35,WH-CHN-01
GR-03425,PO-03425,2026-04-15,39,WH-MYS-01
GR-03426,PO-03426,2026-02-07,26,WH-CHN-01
GR-03427,PO-03427,2026-05-17,3,WH-BLR-01
GR-03428,PO-03428,2026-03-24,50,WH-HYD-01
GR-03429,PO-03429,2026-03-12,28,WH-MYS-01
GR-03430,PO-03430,2026-06-14,5,WH-CHN-01
GR-03431,PO-03431,2026-02-24,39,WH-HYD-01
GR-03432,PO-03432,2026-02-07,17,WH-MYS-01
GR-03433,PO-03433,2026-03-05,40,WH-MYS-01
GR-03434,PO-03434,2026-03-06,35,WH-HYD-01
GR-03435,PO-03435,2026-04-29,26,WH-MYS-01
GR-03436,PO-03436,2026-06-09,21,WH-BLR-01
GR-03437,PO-03437,2026-04-16,3,WH-MYS-01
GR-03438,PO-03438,2026-01-18,1,WH-BLR-01
GR-03439,PO-03439,2026-03-16,34,WH-CHN-01
GR-03440,PO-03440,2026-05-02,1,WH-MYS-01
GR-03441,PO-03441,2026-03-22,10,WH-MYS-01
GR-03442,PO-03442,2026-03-18,15,WH-MYS-01
GR-03443,PO-03443,2026-05-08,43,WH-CHN-01
GR-03444,PO-03444,2026-01-31,9,WH-MYS-01
GR-03445,PO-03445,2026-04-17,13,WH-BLR-01
GR-03446,PO-03446,2026-05-03,12,WH-BLR-01
GR-03447,PO-03447,2026-03-20,39,WH-CHN-01
GR-03448,PO-03448,2026-03-09,4,WH-HYD-01
GR-03449,PO-03449,2026-05-17,9,WH-BLR-01
GR-03450,PO-03450,2026-03-23,47,WH-CHN-01
GR-03451,PO-03451,2026-03-17,46,WH-HYD-01
GR-03452,PO-03452,2026-02-14,41,WH-BLR-01
GR-03453,PO-03453,2026-06-17,36,WH-HYD-01
GR-03454,PO-03454,2026-05-02,11,WH-BLR-01
GR-03455,PO-03455,2026-02-25,21,WH-BLR-01
GR-03456,PO-03456,2026-05-14,38,WH-CHN-01
GR-03457,PO-03457,2026-02-09,36,WH-BLR-01
GR-03458,PO-03458,2026-04-14,39,WH-CHN-01
GR-03459,PO-03459,2026-03-23,1,WH-HYD-01
GR-03460,PO-03460,2026-04-19,8,WH-MYS-01
GR-03461,PO-03461,2026-03-06,50,WH-BLR-01
GR-03462,PO-03462,2026-04-06,41,WH-CHN-01
GR-03463,PO-03463,2026-06-05,10,WH-HYD-01
GR-03464,PO-03464,2026-05-09,36,WH-CHN-01
GR-03465,PO-03465,2026-01-21,1,WH-MYS-01
GR-03466,PO-03466,2026-05-27,42,WH-BLR-01
GR-03467,PO-03467,2026-04-17,49,WH-MYS-01
GR-03468,PO-03468,2026-05-19,24,WH-HYD-01
GR-03469,PO-03469,2026-01-23,12,WH-MYS-01
GR-03470,PO-03470,2026-05-16,41,WH-BLR-01
GR-03471,PO-03471,2026-05-21,15,WH-CHN-01
GR-03472,PO-03472,2026-04-14,13,WH-HYD-01
GR-03473,PO-03473,2026-06-24,32,WH-HYD-01
GR-03474,PO-03474,2026-02-25,18,WH-CHN-01
GR-03475,PO-03475,2026-04-15,30,WH-BLR-01
GR-03476,PO-03476,2026-01-21,40,WH-HYD-01
GR-03477,PO-03477,2026-05-03,36,WH-HYD-01
GR-03478,PO-03478,2026-04-07,10,WH-CHN-01
GR-03479,PO-03479,2026-03-21,10,WH-MYS-01
GR-03480,PO-03480,2026-05-30,27,WH-MYS-01
GR-03481,PO-03481,2026-01-16,37,WH-CHN-01
GR-03482,PO-03482,2026-04-06,8,WH-BLR-01
GR-03483,PO-03483,2026-03-27,47,WH-BLR-01
GR-03484,PO-03484,2026-03-29,6,WH-HYD-01
GR-03485,PO-03485,2026-03-27,48,WH-CHN-01
GR-03486,PO-03486,2026-03-21,32,WH-HYD-01
GR-03487,PO-03487,2026-03-07,6,WH-HYD-01
GR-03488,PO-03488,2026-01-30,29,WH-HYD-01
GR-03489,PO-03489,2026-05-24,4,WH-BLR-01
GR-03490,PO-03490,2026-02-15,16,WH-HYD-01
GR-03491,PO-03491,2026-02-17,13,WH-MYS-01
GR-03492,PO-03492,2026-01-24,29,WH-HYD-01
GR-03493,PO-03493,2026-01-30,50,WH-CHN-01
GR-03494,PO-03494,2026-02-24,36,WH-MYS-01
GR-03495,PO-03495,2026-02-10,43,WH-BLR-01
GR-03496,PO-03496,2026-05-05,37,WH-CHN-01
GR-03497,PO-03497,2026-02-27,5,WH-MYS-01
GR-03498,PO-03498,2026-03-25,4,WH-HYD-01
GR-03499,PO-03499,2026-02-20,27,WH-MYS-01
GR-03500,PO-03500,2026-03-01,23,WH-BLR-01
GR-03501,PO-03501,2026-03-31,5,WH-BLR-01
GR-03502,PO-03502,2026-03-02,31,WH-CHN-01
GR-03503,PO-03503,2026-05-01,4,WH-BLR-01
GR-03504,PO-03504,2026-04-02,49,WH-CHN-01
GR-03505,PO-03505,2026-04-27,45,WH-CHN-01
GR-03506,PO-03506,2026-02-03,47,WH-BLR-01
GR-03507,PO-03507,2026-01-29,19,WH-MYS-01
GR-03508,PO-03508,2026-04-03,41,WH-MYS-01
GR-03509,PO-03509,2026-01-14,37,WH-CHN-01
GR-03510,PO-03510,2026-02-19,35,WH-HYD-01
GR-03511,PO-03511,2026-02-01,2,WH-MYS-01
GR-03512,PO-03512,2026-04-04,2,WH-CHN-01
GR-03513,PO-03513,2026-03-12,8,WH-MYS-01
GR-03514,PO-03514,2026-03-13,40,WH-CHN-01
GR-03515,PO-03515,2026-03-21,19,WH-MYS-01
GR-03516,PO-03516,2026-06-05,39,WH-CHN-01
GR-03517,PO-03517,2026-03-19,23,WH-HYD-01
GR-03518,PO-03518,2026-04-06,46,WH-CHN-01
GR-03519,PO-03519,2026-03-26,15,WH-BLR-01
GR-03520,PO-03520,2026-04-06,29,WH-HYD-01
GR-03521,PO-03521,2026-04-04,13,WH-CHN-01
GR-03522,PO-03522,2026-04-18,47,WH-HYD-01
GR-03523,PO-03523,2026-05-21,31,WH-BLR-01
GR-03524,PO-03524,2026-05-13,22,WH-BLR-01
GR-03525,PO-03525,2026-01-27,29,WH-CHN-01
GR-03526,PO-03526,2026-04-07,1,WH-CHN-01
GR-03527,PO-03527,2026-01-16,50,WH-MYS-01
GR-03528,PO-03528,2026-03-04,29,WH-HYD-01
GR-03529,PO-03529,2026-01-31,40,WH-CHN-01
GR-03530,PO-03530,2026-06-29,3,WH-HYD-01
GR-03531,PO-03531,2026-03-06,1,WH-HYD-01
GR-03532,PO-03532,2026-05-01,50,WH-MYS-01
GR-03533,PO-03533,2026-05-31,13,WH-HYD-01
GR-03534,PO-03534,2026-05-17,19,WH-MYS-01
GR-03535,PO-03535,2026-04-27,43,WH-MYS-01
GR-03536,PO-03536,2026-01-19,40,WH-CHN-01
GR-03537,PO-03537,2026-04-07,31,WH-HYD-01
GR-03538,PO-03538,2026-03-12,7,WH-BLR-01
GR-03539,PO-03539,2026-03-10,33,WH-MYS-01
GR-03540,PO-03540,2026-03-22,30,WH-CHN-01
GR-03541,PO-03541,2026-03-19,49,WH-HYD-01
GR-03542,PO-03542,2026-05-16,50,WH-CHN-01
GR-03543,PO-03543,2026-03-04,11,WH-CHN-01
GR-03544,PO-03544,2026-03-02,7,WH-HYD-01
GR-03545,PO-03545,2026-02-03,16,WH-CHN-01
GR-03546,PO-03546,2026-04-24,41,WH-HYD-01
GR-03547,PO-03547,2026-02-22,5,WH-HYD-01
GR-03548,PO-03548,2026-01-26,25,WH-BLR-01
GR-03549,PO-03549,2026-03-18,50,WH-HYD-01
GR-03550,PO-03550,2026-05-23,13,WH-MYS-01
GR-03551,PO-03551,2026-02-25,14,WH-HYD-01
GR-03552,PO-03552,2026-01-22,38,WH-HYD-01
GR-03553,PO-03553,2026-03-26,31,WH-MYS-01
GR-03554,PO-03554,2026-04-18,46,WH-BLR-01
GR-03555,PO-03555,2026-01-19,24,WH-BLR-01
GR-03556,PO-03556,2026-03-23,11,WH-CHN-01
GR-03557,PO-03557,2026-04-02,4,WH-CHN-01
GR-03558,PO-03558,2026-03-21,18,WH-CHN-01
GR-03559,PO-03559,2026-02-16,27,WH-CHN-01
GR-03560,PO-03560,2026-06-29,28,WH-BLR-01
GR-03561,PO-03561,2026-04-12,6,WH-BLR-01
GR-03562,PO-03562,2026-06-06,42,WH-MYS-01
GR-03563,PO-03563,2026-01-21,17,WH-HYD-01
GR-03564,PO-03564,2026-01-15,7,WH-CHN-01
GR-03565,PO-03565,2026-02-23,1,WH-BLR-01
GR-03566,PO-03566,2026-05-28,31,WH-MYS-01
GR-03567,PO-03567,2026-03-01,12,WH-HYD-01
GR-03568,PO-03568,2026-02-22,38,WH-HYD-01
GR-03569,PO-03569,2026-04-08,11,WH-CHN-01
GR-03570,PO-03570,2026-04-09,35,WH-CHN-01
GR-03571,PO-03571,2026-04-22,41,WH-MYS-01
GR-03572,PO-03572,2026-04-18,39,WH-HYD-01
GR-03573,PO-03573,2026-02-28,50,WH-HYD-01
GR-03574,PO-03574,2026-02-25,41,WH-BLR-01
GR-03575,PO-03575,2026-06-12,3,WH-CHN-01
GR-03576,PO-03576,2026-04-04,21,WH-MYS-01
GR-03577,PO-03577,2026-03-13,15,WH-BLR-01
GR-03578,PO-03578,2026-06-06,47,WH-HYD-01
GR-03579,PO-03579,2026-04-28,31,WH-MYS-01
GR-03580,PO-03580,2026-02-12,29,WH-BLR-01
GR-03581,PO-03581,2026-06-15,30,WH-MYS-01
GR-03582,PO-03582,2026-04-09,41,WH-BLR-01
GR-03583,PO-03583,2026-04-08,24,WH-BLR-01
GR-03584,PO-03584,2026-02-21,41,WH-BLR-01
GR-03585,PO-03585,2026-02-02,22,WH-HYD-01
GR-03586,PO-03586,2026-04-10,19,WH-HYD-01
GR-03587,PO-03587,2026-04-28,36,WH-BLR-01
GR-03588,PO-03588,2026-02-24,40,WH-CHN-01
GR-03589,PO-03589,2026-04-12,17,WH-BLR-01
GR-03590,PO-03590,2026-05-12,22,WH-MYS-01
GR-03591,PO-03591,2026-02-24,18,WH-CHN-01
GR-03592,PO-03592,2026-05-24,27,WH-CHN-01
GR-03593,PO-03593,2026-03-12,12,WH-MYS-01
GR-03594,PO-03594,2026-01-25,47,WH-BLR-01
GR-03595,PO-03595,2026-01-10,21,WH-HYD-01
GR-03596,PO-03596,2026-05-29,24,WH-MYS-01
GR-03597,PO-03597,2026-03-02,10,WH-CHN-01
GR-03598,PO-03598,2026-02-11,34,WH-BLR-01
GR-03599,PO-03599,2026-03-21,9,WH-BLR-01
GR-03600,PO-03600,2026-02-18,47,WH-BLR-01
GR-03601,PO-03601,2026-03-12,41,WH-HYD-01
GR-03602,PO-03602,2026-05-01,10,WH-BLR-01
GR-03603,PO-03603,2026-05-20,9,WH-HYD-01
GR-03604,PO-03604,2026-03-15,17,WH-MYS-01
GR-03605,PO-03605,2026-03-16,34,WH-CHN-01
GR-03606,PO-03606,2026-04-20,23,WH-BLR-01
GR-03607,PO-03607,2026-04-29,29,WH-MYS-01
GR-03608,PO-03608,2026-06-07,46,WH-CHN-01
GR-03609,PO-03609,2026-01-31,49,WH-BLR-01
GR-03610,PO-03610,2026-03-24,1,WH-HYD-01
GR-03611,PO-03611,2026-04-14,46,WH-BLR-01
GR-03612,PO-03612,2026-04-09,18,WH-BLR-01
GR-03613,PO-03613,2026-04-26,41,WH-MYS-01
GR-03614,PO-03614,2026-05-18,46,WH-CHN-01
GR-03615,PO-03615,2026-05-31,42,WH-MYS-01
GR-03616,PO-03616,2026-04-22,24,WH-BLR-01
GR-03617,PO-03617,2026-02-05,22,WH-HYD-01
GR-03618,PO-03618,2026-04-29,33,WH-BLR-01
GR-03619,PO-03619,2026-05-07,18,WH-HYD-01
GR-03620,PO-03620,2026-06-18,42,WH-MYS-01
GR-03621,PO-03621,2026-02-03,43,WH-MYS-01
GR-03622,PO-03622,2026-05-29,4,WH-HYD-01
GR-03623,PO-03623,2026-02-12,40,WH-MYS-01
GR-03624,PO-03624,2026-04-28,14,WH-CHN-01
GR-03625,PO-03625,2026-05-04,32,WH-HYD-01
GR-03626,PO-03626,2026-02-01,27,WH-CHN-01
GR-03627,PO-03627,2026-03-08,25,WH-MYS-01
GR-03628,PO-03628,2026-02-07,37,WH-HYD-01
GR-03629,PO-03629,2026-06-10,16,WH-MYS-01
GR-03630,PO-03630,2026-04-02,8,WH-HYD-01
GR-03631,PO-03631,2026-05-08,8,WH-MYS-01
GR-03632,PO-03632,2026-02-24,24,WH-MYS-01
GR-03633,PO-03633,2026-05-09,23,WH-HYD-01
GR-03634,PO-03634,2026-03-19,49,WH-CHN-01
GR-03635,PO-03635,2026-01-19,21,WH-MYS-01
GR-03636,PO-03636,2026-05-25,37,WH-HYD-01
GR-03637,PO-03637,2026-06-14,38,WH-HYD-01
GR-03638,PO-03638,2026-05-19,27,WH-BLR-01
GR-03639,PO-03639,2026-04-21,11,WH-HYD-01
GR-03640,PO-03640,2026-04-06,8,WH-MYS-01
GR-03641,PO-03641,2026-04-24,21,WH-BLR-01
GR-03642,PO-03642,2026-05-08,43,WH-BLR-01
GR-03643,PO-03643,2026-05-18,4,WH-HYD-01
GR-03644,PO-03644,2026-03-21,34,WH-CHN-01
GR-03645,PO-03645,2026-04-03,43,WH-HYD-01
GR-03646,PO-03646,2026-06-11,27,WH-HYD-01
GR-03647,PO-03647,2026-06-11,1,WH-HYD-01
GR-03648,PO-03648,2026-03-12,9,WH-BLR-01
GR-03649,PO-03649,2026-04-15,43,WH-HYD-01
GR-03650,PO-03650,2026-01-25,38,WH-HYD-01
GR-03651,PO-03651,2026-05-09,8,WH-HYD-01
GR-03652,PO-03652,2026-03-18,39,WH-MYS-01
GR-03653,PO-03653,2026-02-10,22,WH-HYD-01
GR-03654,PO-03654,2026-05-07,36,WH-CHN-01
GR-03655,PO-03655,2026-04-05,42,WH-HYD-01
GR-03656,PO-03656,2026-02-20,34,WH-HYD-01
GR-03657,PO-03657,2026-05-16,22,WH-CHN-01
GR-03658,PO-03658,2026-05-06,28,WH-MYS-01
GR-03659,PO-03659,2026-05-09,47,WH-HYD-01
GR-03660,PO-03660,2026-05-15,48,WH-CHN-01
GR-03661,PO-03661,2026-02-25,46,WH-MYS-01
GR-03662,PO-03662,2026-03-26,29,WH-BLR-01
GR-03663,PO-03663,2026-05-25,8,WH-BLR-01
GR-03664,PO-03664,2026-02-16,18,WH-CHN-01
GR-03665,PO-03665,2026-04-07,28,WH-CHN-01
GR-03666,PO-03666,2026-05-06,46,WH-MYS-01
GR-03667,PO-03667,2026-05-22,35,WH-HYD-01
GR-03668,PO-03668,2026-07-01,41,WH-MYS-01
GR-03669,PO-03669,2026-04-10,23,WH-CHN-01
GR-03670,PO-03670,2026-01-18,18,WH-HYD-01
GR-03671,PO-03671,2026-02-04,19,WH-BLR-01
GR-03672,PO-03672,2026-02-02,31,WH-HYD-01
GR-03673,PO-03673,2026-03-24,33,WH-CHN-01
GR-03674,PO-03674,2026-05-17,41,WH-BLR-01
GR-03675,PO-03675,2026-02-06,49,WH-MYS-01
GR-03676,PO-03676,2026-04-29,33,WH-CHN-01
GR-03677,PO-03677,2026-03-16,34,WH-BLR-01
GR-03678,PO-03678,2026-02-01,46,WH-MYS-01
GR-03679,PO-03679,2026-04-09,27,WH-MYS-01
GR-03680,PO-03680,2026-04-06,36,WH-HYD-01
GR-03681,PO-03681,2026-04-29,4,WH-BLR-01
GR-03682,PO-03682,2026-03-10,34,WH-HYD-01
GR-03683,PO-03683,2026-01-30,2,WH-MYS-01
GR-03684,PO-03684,2026-02-02,2,WH-MYS-01
GR-03685,PO-03685,2026-05-14,19,WH-HYD-01
GR-03686,PO-03686,2026-05-17,20,WH-BLR-01
GR-03687,PO-03687,2026-03-19,24,WH-BLR-01
GR-03688,PO-03688,2026-02-17,23,WH-BLR-01
GR-03689,PO-03689,2026-03-10,40,WH-BLR-01
GR-03690,PO-03690,2026-06-14,21,WH-MYS-01
GR-03691,PO-03691,2026-05-23,13,WH-CHN-01
GR-03692,PO-03692,2026-02-07,43,WH-CHN-01
GR-03693,PO-03693,2026-06-04,43,WH-MYS-01
GR-03694,PO-03694,2026-02-27,41,WH-CHN-01
GR-03695,PO-03695,2026-03-29,44,WH-MYS-01
GR-03696,PO-03696,2026-01-23,2,WH-CHN-01
GR-03697,PO-03697,2026-01-18,21,WH-CHN-01
GR-03698,PO-03698,2026-01-28,42,WH-MYS-01
GR-03699,PO-03699,2026-04-19,36,WH-MYS-01
GR-03700,PO-03700,2026-02-24,22,WH-MYS-01
GR-03701,PO-03701,2026-04-04,48,WH-BLR-01
GR-03702,PO-03702,2026-06-01,7,WH-MYS-01
GR-03703,PO-03703,2026-03-04,19,WH-BLR-01
GR-03704,PO-03704,2026-01-20,39,WH-HYD-01
GR-03705,PO-03705,2026-03-20,1,WH-MYS-01
GR-03706,PO-03706,2026-02-04,41,WH-BLR-01
GR-03707,PO-03707,2026-06-22,42,WH-BLR-01
GR-03708,PO-03708,2026-03-10,3,WH-CHN-01
GR-03709,PO-03709,2026-02-02,15,WH-HYD-01
GR-03710,PO-03710,2026-01-23,12,WH-CHN-01
GR-03711,PO-03711,2026-03-24,40,WH-MYS-01
GR-03712,PO-03712,2026-03-11,35,WH-CHN-01
GR-03713,PO-03713,2026-05-08,33,WH-HYD-01
GR-03714,PO-03714,2026-04-10,14,WH-MYS-01
GR-03715,PO-03715,2026-02-09,7,WH-HYD-01
GR-03716,PO-03716,2026-06-04,44,WH-BLR-01
GR-03717,PO-03717,2026-03-28,45,WH-CHN-01
GR-03718,PO-03718,2026-03-27,14,WH-HYD-01
GR-03719,PO-03719,2026-03-16,24,WH-HYD-01
GR-03720,PO-03720,2026-05-17,5,WH-CHN-01
GR-03721,PO-03721,2026-04-20,15,WH-HYD-01
GR-03722,PO-03722,2026-05-07,50,WH-MYS-01
GR-03723,PO-03723,2026-04-08,41,WH-BLR-01
GR-03724,PO-03724,2026-05-29,14,WH-CHN-01
GR-03725,PO-03725,2026-04-26,23,WH-CHN-01
GR-03726,PO-03726,2026-01-29,49,WH-CHN-01
GR-03727,PO-03727,2026-05-21,20,WH-MYS-01
GR-03728,PO-03728,2026-06-07,26,WH-MYS-01
GR-03729,PO-03729,2026-05-14,43,WH-CHN-01
GR-03730,PO-03730,2026-03-03,7,WH-MYS-01
GR-03731,PO-03731,2026-03-10,20,WH-MYS-01
GR-03732,PO-03732,2026-03-23,15,WH-CHN-01
GR-03733,PO-03733,2026-06-11,34,WH-MYS-01
GR-03734,PO-03734,2026-03-09,15,WH-HYD-01
GR-03735,PO-03735,2026-02-15,38,WH-BLR-01
GR-03736,PO-03736,2026-04-26,3,WH-HYD-01
GR-03737,PO-03737,2026-03-23,29,WH-HYD-01
GR-03738,PO-03738,2026-04-04,46,WH-CHN-01
GR-03739,PO-03739,2026-04-06,20,WH-CHN-01
GR-03740,PO-03740,2026-05-30,50,WH-MYS-01
GR-03741,PO-03741,2026-03-01,39,WH-BLR-01
GR-03742,PO-03742,2026-04-11,40,WH-MYS-01
GR-03743,PO-03743,2026-05-27,34,WH-BLR-01
GR-03744,PO-03744,2026-03-24,13,WH-BLR-01
GR-03745,PO-03745,2026-05-22,49,WH-MYS-01
GR-03746,PO-03746,2026-03-02,6,WH-HYD-01
GR-03747,PO-03747,2026-02-04,10,WH-BLR-01
GR-03748,PO-03748,2026-02-20,50,WH-BLR-01
GR-03749,PO-03749,2026-02-02,27,WH-HYD-01
GR-03750,PO-03750,2026-05-30,36,WH-HYD-01
GR-03751,PO-03751,2026-05-02,18,WH-BLR-01
GR-03752,PO-03752,2026-04-26,23,WH-MYS-01
GR-03753,PO-03753,2026-01-21,6,WH-MYS-01
GR-03754,PO-03754,2026-03-19,7,WH-MYS-01
GR-03755,PO-03755,2026-04-24,46,WH-MYS-01
GR-03756,PO-03756,2026-03-05,45,WH-HYD-01
GR-03757,PO-03757,2026-06-05,8,WH-BLR-01
GR-03758,PO-03758,2026-02-26,33,WH-MYS-01
GR-03759,PO-03759,2026-04-07,27,WH-HYD-01
GR-03760,PO-03760,2026-02-23,50,WH-HYD-01
GR-03761,PO-03761,2026-06-09,44,WH-BLR-01
GR-03762,PO-03762,2026-04-21,27,WH-CHN-01
GR-03763,PO-03763,2026-02-27,47,WH-CHN-01
GR-03764,PO-03764,2026-03-30,8,WH-CHN-01
GR-03765,PO-03765,2026-03-07,3,WH-MYS-01
GR-03766,PO-03766,2026-02-01,33,WH-CHN-01
GR-03767,PO-03767,2026-05-10,27,WH-MYS-01
GR-03768,PO-03768,2026-04-20,22,WH-CHN-01
GR-03769,PO-03769,2026-04-16,4,WH-BLR-01
GR-03770,PO-03770,2026-02-23,20,WH-HYD-01
GR-03771,PO-03771,2026-02-22,6,WH-BLR-01
GR-03772,PO-03772,2026-06-11,43,WH-MYS-01
GR-03773,PO-03773,2026-05-27,14,WH-MYS-01
GR-03774,PO-03774,2026-02-16,50,WH-MYS-01
GR-03775,PO-03775,2026-02-14,35,WH-HYD-01
GR-03776,PO-03776,2026-02-21,39,WH-MYS-01
GR-03777,PO-03777,2026-04-30,32,WH-BLR-01
GR-03778,PO-03778,2026-01-17,8,WH-MYS-01
GR-03779,PO-03779,2026-04-13,47,WH-MYS-01
GR-03780,PO-03780,2026-04-18,49,WH-BLR-01
GR-03781,PO-03781,2026-04-24,41,WH-MYS-01
GR-03782,PO-03782,2026-03-26,47,WH-MYS-01
GR-03783,PO-03783,2026-06-05,50,WH-CHN-01
GR-03784,PO-03784,2026-04-26,13,WH-HYD-01
GR-03785,PO-03785,2026-04-06,30,WH-CHN-01
GR-03786,PO-03786,2026-06-05,25,WH-CHN-01
GR-03787,PO-03787,2026-04-20,23,WH-CHN-01
GR-03788,PO-03788,2026-06-19,21,WH-MYS-01
GR-03789,PO-03789,2026-04-26,39,WH-MYS-01
GR-03790,PO-03790,2026-03-21,40,WH-HYD-01
GR-03791,PO-03791,2026-03-11,48,WH-MYS-01
GR-03792,PO-03792,2026-02-26,41,WH-MYS-01
GR-03793,PO-03793,2026-05-10,6,WH-BLR-01
GR-03794,PO-03794,2026-05-01,4,WH-CHN-01
GR-03795,PO-03795,2026-02-22,43,WH-HYD-01
GR-03796,PO-03796,2026-01-24,26,WH-HYD-01
GR-03797,PO-03797,2026-04-18,14,WH-HYD-01
GR-03798,PO-03798,2026-02-21,49,WH-BLR-01
GR-03799,PO-03799,2026-06-22,32,WH-MYS-01
GR-03800,PO-03800,2026-04-09,25,WH-BLR-01
GR-03801,PO-03801,2026-04-11,49,WH-CHN-01
GR-03802,PO-03802,2026-05-16,2,WH-CHN-01
GR-03803,PO-03803,2026-04-02,6,WH-BLR-01
GR-03804,PO-03804,2026-05-30,45,WH-BLR-01
GR-03805,PO-03805,2026-05-09,22,WH-CHN-01
GR-03806,PO-03806,2026-05-22,12,WH-MYS-01
GR-03807,PO-03807,2026-05-06,43,WH-BLR-01
GR-03808,PO-03808,2026-03-27,28,WH-CHN-01
GR-03809,PO-03809,2026-05-24,5,WH-HYD-01
GR-03810,PO-03810,2026-04-24,33,WH-CHN-01
GR-03811,PO-03811,2026-06-17,11,WH-BLR-01
GR-03812,PO-03812,2026-04-22,21,WH-MYS-01
GR-03813,PO-03813,2026-05-07,47,WH-CHN-01
GR-03814,PO-03814,2026-03-04,10,WH-MYS-01
GR-03815,PO-03815,2026-05-02,23,WH-BLR-01
GR-03816,PO-03816,2026-05-27,10,WH-HYD-01
GR-03817,PO-03817,2026-02-15,29,WH-CHN-01
GR-03818,PO-03818,2026-02-17,45,WH-CHN-01
GR-03819,PO-03819,2026-05-23,16,WH-CHN-01
GR-03820,PO-03820,2026-02-03,18,WH-HYD-01
GR-03821,PO-03821,2026-04-24,33,WH-CHN-01
GR-03822,PO-03822,2026-03-01,43,WH-HYD-01
GR-03823,PO-03823,2026-05-09,16,WH-MYS-01
GR-03824,PO-03824,2026-01-18,6,WH-BLR-01
GR-03825,PO-03825,2026-02-24,16,WH-BLR-01
GR-03826,PO-03826,2026-01-29,3,WH-HYD-01
GR-03827,PO-03827,2026-04-12,34,WH-BLR-01
GR-03828,PO-03828,2026-06-12,46,WH-CHN-01
GR-03829,PO-03829,2026-04-29,39,WH-CHN-01
GR-03830,PO-03830,2026-02-10,8,WH-BLR-01
GR-03831,PO-03831,2026-01-20,35,WH-HYD-01
GR-03832,PO-03832,2026-03-22,15,WH-CHN-01
GR-03833,PO-03833,2026-04-12,17,WH-MYS-01
GR-03834,PO-03834,2026-04-20,23,WH-CHN-01
GR-03835,PO-03835,2026-04-03,32,WH-MYS-01
GR-03836,PO-03836,2026-03-04,37,WH-BLR-01
GR-03837,PO-03837,2026-03-02,2,WH-HYD-01
GR-03838,PO-03838,2026-02-21,37,WH-CHN-01
GR-03839,PO-03839,2026-04-30,34,WH-CHN-01
GR-03840,PO-03840,2026-06-01,23,WH-CHN-01
GR-03841,PO-03841,2026-02-26,24,WH-HYD-01
GR-03842,PO-03842,2026-03-22,23,WH-MYS-01
GR-03843,PO-03843,2026-03-13,40,WH-CHN-01
GR-03844,PO-03844,2026-03-15,28,WH-BLR-01
GR-03845,PO-03845,2026-06-02,28,WH-BLR-01
GR-03846,PO-03846,2026-03-17,22,WH-CHN-01
GR-03847,PO-03847,2026-02-13,30,WH-BLR-01
GR-03848,PO-03848,2026-02-10,4,WH-MYS-01
GR-03849,PO-03849,2026-04-23,43,WH-HYD-01
GR-03850,PO-03850,2026-02-02,10,WH-BLR-01
GR-03851,PO-03851,2026-06-10,26,WH-HYD-01
GR-03852,PO-03852,2026-02-02,20,WH-BLR-01
GR-03853,PO-03853,2026-04-05,23,WH-HYD-01
GR-03854,PO-03854,2026-01-20,25,WH-MYS-01
GR-03855,PO-03855,2026-02-01,25,WH-HYD-01
GR-03856,PO-03856,2026-04-11,39,WH-CHN-01
GR-03857,PO-03857,2026-03-23,7,WH-CHN-01
GR-03858,PO-03858,2026-03-28,8,WH-MYS-01
GR-03859,PO-03859,2026-03-19,22,WH-HYD-01
GR-03860,PO-03860,2026-02-04,10,WH-MYS-01
GR-03861,PO-03861,2026-05-01,37,WH-HYD-01
GR-03862,PO-03862,2026-05-16,19,WH-CHN-01
GR-03863,PO-03863,2026-04-05,5,WH-BLR-01
GR-03864,PO-03864,2026-05-02,20,WH-CHN-01
GR-03865,PO-03865,2026-05-16,45,WH-HYD-01
GR-03866,PO-03866,2026-05-19,28,WH-BLR-01
GR-03867,PO-03867,2026-01-20,18,WH-CHN-01
GR-03868,PO-03868,2026-03-07,49,WH-MYS-01
GR-03869,PO-03869,2026-01-15,44,WH-CHN-01
GR-03870,PO-03870,2026-01-31,1,WH-HYD-01
GR-03871,PO-03871,2026-02-17,18,WH-MYS-01
GR-03872,PO-03872,2026-03-20,27,WH-HYD-01
GR-03873,PO-03873,2026-04-15,7,WH-MYS-01
GR-03874,PO-03874,2026-03-13,14,WH-MYS-01
GR-03875,PO-03875,2026-04-28,23,WH-CHN-01
GR-03876,PO-03876,2026-05-20,30,WH-MYS-01
GR-03877,PO-03877,2026-04-04,28,WH-HYD-01
GR-03878,PO-03878,2026-05-30,48,WH-CHN-01
GR-03879,PO-03879,2026-06-05,22,WH-MYS-01
GR-03880,PO-03880,2026-02-09,7,WH-HYD-01
GR-03881,PO-03881,2026-06-14,41,WH-BLR-01
GR-03882,PO-03882,2026-02-21,33,WH-MYS-01
GR-03883,PO-03883,2026-04-15,37,WH-CHN-01
GR-03884,PO-03884,2026-01-27,36,WH-BLR-01
GR-03885,PO-03885,2026-03-15,40,WH-BLR-01
GR-03886,PO-03886,2026-06-15,50,WH-BLR-01
GR-03887,PO-03887,2026-04-11,10,WH-BLR-01
GR-03888,PO-03888,2026-02-11,9,WH-CHN-01
GR-03889,PO-03889,2026-03-04,50,WH-BLR-01
GR-03890,PO-03890,2026-02-11,14,WH-MYS-01
GR-03891,PO-03891,2026-03-06,8,WH-CHN-01
GR-03892,PO-03892,2026-05-08,40,WH-HYD-01
GR-03893,PO-03893,2026-05-24,39,WH-CHN-01
GR-03894,PO-03894,2026-04-07,24,WH-MYS-01
GR-03895,PO-03895,2026-02-10,33,WH-HYD-01
GR-03896,PO-03896,2026-02-13,2,WH-MYS-01
GR-03897,PO-03897,2026-01-17,20,WH-MYS-01
GR-03898,PO-03898,2026-05-12,8,WH-CHN-01
GR-03899,PO-03899,2026-05-02,43,WH-BLR-01
GR-03900,PO-03900,2026-06-24,36,WH-MYS-01
GR-03901,PO-03901,2026-04-30,4,WH-HYD-01
GR-03902,PO-03902,2026-05-29,2,WH-HYD-01
GR-03903,PO-03903,2026-03-22,26,WH-CHN-01
GR-03904,PO-03904,2026-05-12,35,WH-HYD-01
GR-03905,PO-03905,2026-01-23,7,WH-HYD-01
GR-03906,PO-03906,2026-04-12,4,WH-CHN-01
GR-03907,PO-03907,2026-03-07,27,WH-BLR-01
GR-03908,PO-03908,2026-02-13,11,WH-MYS-01
GR-03909,PO-03909,2026-04-30,13,WH-BLR-01
GR-03910,PO-03910,2026-05-27,7,WH-CHN-01
GR-03911,PO-03911,2026-06-12,20,WH-CHN-01
GR-03912,PO-03912,2026-06-16,20,WH-CHN-01
GR-03913,PO-03913,2026-03-28,30,WH-CHN-01
GR-03914,PO-03914,2026-05-24,22,WH-CHN-01
GR-03915,PO-03915,2026-05-03,25,WH-MYS-01
GR-03916,PO-03916,2026-03-14,33,WH-MYS-01
GR-03917,PO-03917,2026-01-15,33,WH-MYS-01
GR-03918,PO-03918,2026-05-26,42,WH-MYS-01
GR-03919,PO-03919,2026-02-07,47,WH-HYD-01
GR-03920,PO-03920,2026-05-30,8,WH-CHN-01
GR-03921,PO-03921,2026-02-09,41,WH-BLR-01
GR-03922,PO-03922,2026-05-30,25,WH-MYS-01
GR-03923,PO-03923,2026-04-19,34,WH-HYD-01
GR-03924,PO-03924,2026-01-30,14,WH-HYD-01
GR-03925,PO-03925,2026-06-02,13,WH-BLR-01
GR-03926,PO-03926,2026-03-16,42,WH-MYS-01
GR-03927,PO-03927,2026-06-01,28,WH-HYD-01
GR-03928,PO-03928,2026-02-27,31,WH-MYS-01
GR-03929,PO-03929,2026-06-14,2,WH-CHN-01
GR-03930,PO-03930,2026-05-22,34,WH-BLR-01
GR-03931,PO-03931,2026-03-11,8,WH-BLR-01
GR-03932,PO-03932,2026-04-24,13,WH-HYD-01
GR-03933,PO-03933,2026-04-06,9,WH-BLR-01
GR-03934,PO-03934,2026-05-19,26,WH-BLR-01
GR-03935,PO-03935,2026-06-17,44,WH-BLR-01
GR-03936,PO-03936,2026-04-21,4,WH-MYS-01
GR-03937,PO-03937,2026-02-08,8,WH-MYS-01
GR-03938,PO-03938,2026-02-24,35,WH-CHN-01
GR-03939,PO-03939,2026-05-06,4,WH-HYD-01
GR-03940,PO-03940,2026-05-25,28,WH-BLR-01
GR-03941,PO-03941,2026-01-31,50,WH-CHN-01
GR-03942,PO-03942,2026-03-11,2,WH-BLR-01
GR-03943,PO-03943,2026-03-18,10,WH-BLR-01
GR-03944,PO-03944,2026-04-11,23,WH-CHN-01
GR-03945,PO-03945,2026-02-10,41,WH-MYS-01
GR-03946,PO-03946,2026-04-11,42,WH-MYS-01
GR-03947,PO-03947,2026-01-31,33,WH-BLR-01
GR-03948,PO-03948,2026-02-10,32,WH-HYD-01
GR-03949,PO-03949,2026-04-08,49,WH-BLR-01
GR-03950,PO-03950,2026-02-10,16,WH-BLR-01
GR-03951,PO-03951,2026-02-09,21,WH-CHN-01
GR-03952,PO-03952,2026-02-06,30,WH-BLR-01
GR-03953,PO-03953,2026-02-18,45,WH-MYS-01
GR-03954,PO-03954,2026-01-11,7,WH-MYS-01
GR-03955,PO-03955,2026-06-22,37,WH-HYD-01
GR-03956,PO-03956,2026-04-28,42,WH-HYD-01
GR-03957,PO-03957,2026-03-04,39,WH-BLR-01
GR-03958,PO-03958,2026-06-04,21,WH-BLR-01
GR-03959,PO-03959,2026-01-29,2,WH-HYD-01
GR-03960,PO-03960,2026-04-15,42,WH-HYD-01
GR-03961,PO-03961,2026-03-27,38,WH-MYS-01
GR-03962,PO-03962,2026-04-29,15,WH-HYD-01
GR-03963,PO-03963,2026-06-07,8,WH-MYS-01
GR-03964,PO-03964,2026-05-20,3,WH-CHN-01
GR-03965,PO-03965,2026-04-23,31,WH-CHN-01
GR-03966,PO-03966,2026-06-13,20,WH-BLR-01
GR-03967,PO-03967,2026-05-20,14,WH-CHN-01
GR-03968,PO-03968,2026-05-25,5,WH-BLR-01
GR-03969,PO-03969,2026-05-18,22,WH-MYS-01
GR-03970,PO-03970,2026-05-19,27,WH-HYD-01
GR-03971,PO-03971,2026-02-11,35,WH-MYS-01
GR-03972,PO-03972,2026-04-17,37,WH-HYD-01
GR-03973,PO-03973,2026-02-04,20,WH-MYS-01
GR-03974,PO-03974,2026-02-19,15,WH-HYD-01
GR-03975,PO-03975,2026-01-15,9,WH-CHN-01
GR-03976,PO-03976,2026-01-31,49,WH-MYS-01
GR-03977,PO-03977,2026-05-14,1,WH-CHN-01
GR-03978,PO-03978,2026-02-22,45,WH-MYS-01
GR-03979,PO-03979,2026-05-21,2,WH-CHN-01
GR-03980,PO-03980,2026-02-07,5,WH-BLR-01
GR-03981,PO-03981,2026-04-19,1,WH-BLR-01
GR-03982,PO-03982,2026-03-24,37,WH-CHN-01
GR-03983,PO-03983,2026-03-13,24,WH-HYD-01
GR-03984,PO-03984,2026-03-10,45,WH-BLR-01
GR-03985,PO-03985,2026-03-15,34,WH-MYS-01
GR-03986,PO-03986,2026-05-21,26,WH-BLR-01
GR-03987,PO-03987,2026-02-23,11,WH-HYD-01
GR-03988,PO-03988,2026-01-16,42,WH-CHN-01
GR-03989,PO-03989,2026-01-23,17,WH-MYS-01
GR-03990,PO-03990,2026-06-14,19,WH-CHN-01
GR-03991,PO-03991,2026-02-21,22,WH-MYS-01
GR-03992,PO-03992,2026-04-04,17,WH-MYS-01
GR-03993,PO-03993,2026-02-06,20,WH-CHN-01
GR-03994,PO-03994,2026-01-18,40,WH-CHN-01
GR-03995,PO-03995,2026-03-29,13,WH-HYD-01
GR-03996,PO-03996,2026-05-30,50,WH-BLR-01
GR-03997,PO-03997,2026-05-15,28,WH-BLR-01
GR-03998,PO-03998,2026-02-08,11,WH-CHN-01
GR-03999,PO-03999,2026-04-18,27,WH-BLR-01
GR-04000,PO-04000,2026-05-29,25,WH-HYD-01
GR-04001,PO-04001,2026-04-12,17,WH-HYD-01
GR-04002,PO-04002,2026-05-20,1,WH-HYD-01
GR-04003,PO-04003,2026-04-26,2,WH-CHN-01
GR-04004,PO-04004,2026-03-04,39,WH-MYS-01
GR-04005,PO-04005,2026-05-28,2,WH-CHN-01
GR-04006,PO-04006,2026-03-21,17,WH-BLR-01
GR-04007,PO-04007,2026-05-26,5,WH-BLR-01
GR-04008,PO-04008,2026-03-21,30,WH-BLR-01
GR-04009,PO-04009,2026-02-24,25,WH-HYD-01
GR-04010,PO-04010,2026-02-27,9,WH-CHN-01
GR-04011,PO-04011,2026-01-26,42,WH-BLR-01
GR-04012,PO-04012,2026-05-29,9,WH-CHN-01
GR-04013,PO-04013,2026-05-14,25,WH-BLR-01
GR-04014,PO-04014,2026-05-09,36,WH-HYD-01
GR-04015,PO-04015,2026-05-28,36,WH-CHN-01
GR-04016,PO-04016,2026-02-03,2,WH-BLR-01
GR-04017,PO-04017,2026-01-29,21,WH-BLR-01
GR-04018,PO-04018,2026-03-03,48,WH-CHN-01
GR-04019,PO-04019,2026-03-14,13,WH-BLR-01
GR-04020,PO-04020,2026-02-26,30,WH-CHN-01
GR-04021,PO-04021,2026-04-20,14,WH-CHN-01
GR-04022,PO-04022,2026-04-03,46,WH-HYD-01
GR-04023,PO-04023,2026-02-24,30,WH-MYS-01
GR-04024,PO-04024,2026-05-30,47,WH-MYS-01
GR-04025,PO-04025,2026-03-22,33,WH-CHN-01
GR-04026,PO-04026,2026-06-04,31,WH-CHN-01
GR-04027,PO-04027,2026-01-10,18,WH-BLR-01
GR-04028,PO-04028,2026-04-16,10,WH-HYD-01
GR-04029,PO-04029,2026-03-14,44,WH-HYD-01
GR-04030,PO-04030,2026-05-17,38,WH-HYD-01
GR-04031,PO-04031,2026-04-02,30,WH-MYS-01
GR-04032,PO-04032,2026-03-26,13,WH-BLR-01
GR-04033,PO-04033,2026-03-01,50,WH-HYD-01
GR-04034,PO-04034,2026-05-02,50,WH-HYD-01
GR-04035,PO-04035,2026-03-20,32,WH-MYS-01
GR-04036,PO-04036,2026-01-31,49,WH-BLR-01
GR-04037,PO-04037,2026-01-26,45,WH-CHN-01
GR-04038,PO-04038,2026-02-15,49,WH-CHN-01
GR-04039,PO-04039,2026-05-29,12,WH-HYD-01
GR-04040,PO-04040,2026-06-06,23,WH-MYS-01
GR-04041,PO-04041,2026-05-21,41,WH-MYS-01
GR-04042,PO-04042,2026-01-27,43,WH-BLR-01
GR-04043,PO-04043,2026-04-03,3,WH-CHN-01
GR-04044,PO-04044,2026-06-01,38,WH-CHN-01
GR-04045,PO-04045,2026-04-09,25,WH-BLR-01
GR-04046,PO-04046,2026-03-16,50,WH-MYS-01
GR-04047,PO-04047,2026-05-04,47,WH-BLR-01
GR-04048,PO-04048,2026-06-02,49,WH-MYS-01
GR-04049,PO-04049,2026-03-28,23,WH-HYD-01
GR-04050,PO-04050,2026-04-21,28,WH-MYS-01
GR-04051,PO-04051,2026-03-11,15,WH-BLR-01
GR-04052,PO-04052,2026-03-27,20,WH-HYD-01
GR-04053,PO-04053,2026-03-28,8,WH-CHN-01
GR-04054,PO-04054,2026-02-09,45,WH-HYD-01
GR-04055,PO-04055,2026-04-23,43,WH-BLR-01
GR-04056,PO-04056,2026-06-04,11,WH-CHN-01
GR-04057,PO-04057,2026-04-29,8,WH-HYD-01
GR-04058,PO-04058,2026-05-18,1,WH-HYD-01
GR-04059,PO-04059,2026-02-05,42,WH-HYD-01
GR-04060,PO-04060,2026-03-05,32,WH-BLR-01
GR-04061,PO-04061,2026-04-09,49,WH-HYD-01
GR-04062,PO-04062,2026-02-21,31,WH-BLR-01
GR-04063,PO-04063,2026-04-26,47,WH-MYS-01
GR-04064,PO-04064,2026-06-02,13,WH-BLR-01
GR-04065,PO-04065,2026-03-22,34,WH-CHN-01
GR-04066,PO-04066,2026-06-14,44,WH-MYS-01
GR-04067,PO-04067,2026-05-23,34,WH-MYS-01
GR-04068,PO-04068,2026-01-17,17,WH-BLR-01
GR-04069,PO-04069,2026-01-22,6,WH-HYD-01
GR-04070,PO-04070,2026-04-21,47,WH-MYS-01
GR-04071,PO-04071,2026-05-02,41,WH-HYD-01
GR-04072,PO-04072,2026-06-06,31,WH-MYS-01
GR-04073,PO-04073,2026-02-19,2,WH-HYD-01
GR-04074,PO-04074,2026-01-26,22,WH-MYS-01
GR-04075,PO-04075,2026-06-14,13,WH-CHN-01
GR-04076,PO-04076,2026-06-16,46,WH-HYD-01
GR-04077,PO-04077,2026-04-29,5,WH-BLR-01
GR-04078,PO-04078,2026-04-05,1,WH-MYS-01
GR-04079,PO-04079,2026-03-13,7,WH-HYD-01
GR-04080,PO-04080,2026-04-11,16,WH-CHN-01
GR-04081,PO-04081,2026-02-26,11,WH-HYD-01
GR-04082,PO-04082,2026-02-25,35,WH-HYD-01
GR-04083,PO-04083,2026-03-20,18,WH-MYS-01
GR-04084,PO-04084,2026-06-24,38,WH-CHN-01
GR-04085,PO-04085,2026-02-07,37,WH-BLR-01
GR-04086,PO-04086,2026-04-13,34,WH-HYD-01
GR-04087,PO-04087,2026-03-01,42,WH-MYS-01
GR-04088,PO-04088,2026-05-19,2,WH-HYD-01
GR-04089,PO-04089,2026-05-10,38,WH-HYD-01
GR-04090,PO-04090,2026-04-18,45,WH-HYD-01
GR-04091,PO-04091,2026-01-15,39,WH-BLR-01
GR-04092,PO-04092,2026-05-08,3,WH-HYD-01
GR-04093,PO-04093,2026-02-21,43,WH-BLR-01
GR-04094,PO-04094,2026-05-28,38,WH-CHN-01
GR-04095,PO-04095,2026-04-09,16,WH-HYD-01
GR-04096,PO-04096,2026-05-19,22,WH-MYS-01
GR-04097,PO-04097,2026-05-30,2,WH-MYS-01
GR-04098,PO-04098,2026-04-20,24,WH-MYS-01
GR-04099,PO-04099,2026-02-07,22,WH-MYS-01
GR-04100,PO-04100,2026-05-01,46,WH-BLR-01
GR-04101,PO-04101,2026-06-07,36,WH-HYD-01
GR-04102,PO-04102,2026-06-09,11,WH-HYD-01
GR-04103,PO-04103,2026-01-27,36,WH-BLR-01
GR-04104,PO-04104,2026-03-05,18,WH-HYD-01
GR-04105,PO-04105,2026-05-23,39,WH-MYS-01
GR-04106,PO-04106,2026-05-11,26,WH-MYS-01
GR-04107,PO-04107,2026-03-04,50,WH-MYS-01
GR-04108,PO-04108,2026-05-22,26,WH-BLR-01
GR-04109,PO-04109,2026-02-17,3,WH-BLR-01
GR-04110,PO-04110,2026-06-11,17,WH-BLR-01
GR-04111,PO-04111,2026-06-01,42,WH-HYD-01
GR-04112,PO-04112,2026-05-07,11,WH-CHN-01
GR-04113,PO-04113,2026-06-02,24,WH-MYS-01
GR-04114,PO-04114,2026-06-07,45,WH-BLR-01
GR-04115,PO-04115,2026-04-08,39,WH-MYS-01
GR-04116,PO-04116,2026-03-28,45,WH-CHN-01
GR-04117,PO-04117,2026-04-28,16,WH-MYS-01
GR-04118,PO-04118,2026-04-28,16,WH-MYS-01
GR-04119,PO-04119,2026-02-06,43,WH-BLR-01
GR-04120,PO-04120,2026-02-07,6,WH-CHN-01
GR-04121,PO-04121,2026-03-12,16,WH-HYD-01
GR-04122,PO-04122,2026-05-12,24,WH-MYS-01
GR-04123,PO-04123,2026-03-22,4,WH-HYD-01
GR-04124,PO-04124,2026-05-23,31,WH-CHN-01
GR-04125,PO-04125,2026-03-14,30,WH-CHN-01
GR-04126,PO-04126,2026-04-15,9,WH-MYS-01
GR-04127,PO-04127,2026-03-11,45,WH-CHN-01
GR-04128,PO-04128,2026-03-12,5,WH-HYD-01
GR-04129,PO-04129,2026-05-29,23,WH-BLR-01
GR-04130,PO-04130,2026-06-22,29,WH-MYS-01
GR-04131,PO-04131,2026-04-29,41,WH-CHN-01
GR-04132,PO-04132,2026-05-31,41,WH-MYS-01
GR-04133,PO-04133,2026-05-07,7,WH-HYD-01
GR-04134,PO-04134,2026-06-01,6,WH-BLR-01
GR-04135,PO-04135,2026-02-13,2,WH-MYS-01
GR-04136,PO-04136,2026-06-02,4,WH-HYD-01
GR-04137,PO-04137,2026-01-14,27,WH-HYD-01
GR-04138,PO-04138,2026-05-14,36,WH-CHN-01
GR-04139,PO-04139,2026-02-07,2,WH-BLR-01
GR-04140,PO-04140,2026-02-27,14,WH-BLR-01
GR-04141,PO-04141,2026-04-23,30,WH-HYD-01
GR-04142,PO-04142,2026-03-02,35,WH-MYS-01
GR-04143,PO-04143,2026-05-20,50,WH-HYD-01
GR-04144,PO-04144,2026-04-19,20,WH-CHN-01
GR-04145,PO-04145,2026-01-18,7,WH-MYS-01
GR-04146,PO-04146,2026-02-23,6,WH-HYD-01
GR-04147,PO-04147,2026-03-02,15,WH-MYS-01
GR-04148,PO-04148,2026-05-06,3,WH-HYD-01
GR-04149,PO-04149,2026-05-13,42,WH-BLR-01
GR-04150,PO-04150,2026-04-28,50,WH-HYD-01
GR-04151,PO-04151,2026-02-01,5,WH-MYS-01
GR-04152,PO-04152,2026-05-20,9,WH-HYD-01
GR-04153,PO-04153,2026-06-21,48,WH-CHN-01
GR-04154,PO-04154,2026-05-07,28,WH-CHN-01
GR-04155,PO-04155,2026-04-15,8,WH-BLR-01
GR-04156,PO-04156,2026-02-16,46,WH-HYD-01
GR-04157,PO-04157,2026-04-19,15,WH-MYS-01
GR-04158,PO-04158,2026-06-02,44,WH-BLR-01
GR-04159,PO-04159,2026-01-25,22,WH-BLR-01
GR-04160,PO-04160,2026-02-23,36,WH-BLR-01
GR-04161,PO-04161,2026-03-30,24,WH-HYD-01
GR-04162,PO-04162,2026-03-06,16,WH-MYS-01
GR-04163,PO-04163,2026-03-24,29,WH-CHN-01
GR-04164,PO-04164,2026-05-21,1,WH-CHN-01
GR-04165,PO-04165,2026-04-07,44,WH-BLR-01
GR-04166,PO-04166,2026-04-18,12,WH-CHN-01
GR-04167,PO-04167,2026-02-06,12,WH-BLR-01
GR-04168,PO-04168,2026-05-24,9,WH-CHN-01
GR-04169,PO-04169,2026-04-05,30,WH-MYS-01
GR-04170,PO-04170,2026-02-13,43,WH-CHN-01
GR-04171,PO-04171,2026-03-16,9,WH-CHN-01
GR-04172,PO-04172,2026-05-21,50,WH-CHN-01
GR-04173,PO-04173,2026-06-13,18,WH-BLR-01
GR-04174,PO-04174,2026-02-25,1,WH-CHN-01
GR-04175,PO-04175,2026-05-14,47,WH-BLR-01
GR-04176,PO-04176,2026-03-02,15,WH-HYD-01
GR-04177,PO-04177,2026-05-15,37,WH-BLR-01
GR-04178,PO-04178,2026-02-07,43,WH-BLR-01
GR-04179,PO-04179,2026-05-12,30,WH-CHN-01
GR-04180,PO-04180,2026-04-27,6,WH-MYS-01
GR-04181,PO-04181,2026-03-21,9,WH-CHN-01
GR-04182,PO-04182,2026-04-03,13,WH-HYD-01
GR-04183,PO-04183,2026-01-30,45,WH-MYS-01
GR-04184,PO-04184,2026-05-13,36,WH-MYS-01
GR-04185,PO-04185,2026-05-29,31,WH-BLR-01
GR-04186,PO-04186,2026-01-29,35,WH-MYS-01
GR-04187,PO-04187,2026-05-02,28,WH-HYD-01
GR-04188,PO-04188,2026-04-05,34,WH-BLR-01
GR-04189,PO-04189,2026-05-17,38,WH-HYD-01
GR-04190,PO-04190,2026-02-16,5,WH-BLR-01
GR-04191,PO-04191,2026-02-22,10,WH-BLR-01
GR-04192,PO-04192,2026-01-30,8,WH-CHN-01
GR-04193,PO-04193,2026-02-27,7,WH-MYS-01
GR-04194,PO-04194,2026-03-11,38,WH-MYS-01
GR-04195,PO-04195,2026-05-12,11,WH-MYS-01
GR-04196,PO-04196,2026-02-22,19,WH-BLR-01
GR-04197,PO-04197,2026-01-10,38,WH-BLR-01
GR-04198,PO-04198,2026-03-09,48,WH-MYS-01
GR-04199,PO-04199,2026-02-16,49,WH-CHN-01
GR-04200,PO-04200,2026-02-23,9,WH-HYD-01
GR-04201,PO-04201,2026-05-09,33,WH-HYD-01
GR-04202,PO-04202,2026-02-24,30,WH-CHN-01
GR-04203,PO-04203,2026-04-05,13,WH-HYD-01
GR-04204,PO-04204,2026-05-20,27,WH-CHN-01
GR-04205,PO-04205,2026-04-07,32,WH-MYS-01
GR-04206,PO-04206,2026-05-11,15,WH-MYS-01
GR-04207,PO-04207,2026-06-10,46,WH-CHN-01
GR-04208,PO-04208,2026-06-02,12,WH-BLR-01
GR-04209,PO-04209,2026-06-26,2,WH-BLR-01
GR-04210,PO-04210,2026-01-31,28,WH-CHN-01
GR-04211,PO-04211,2026-01-29,48,WH-HYD-01
GR-04212,PO-04212,2026-06-01,18,WH-BLR-01
GR-04213,PO-04213,2026-01-17,27,WH-CHN-01
GR-04214,PO-04214,2026-02-21,34,WH-CHN-01
GR-04215,PO-04215,2026-03-28,9,WH-HYD-01
GR-04216,PO-04216,2026-04-11,31,WH-HYD-01
GR-04217,PO-04217,2026-05-16,8,WH-CHN-01
GR-04218,PO-04218,2026-01-21,40,WH-BLR-01
GR-04219,PO-04219,2026-01-13,47,WH-MYS-01
GR-04220,PO-04220,2026-02-24,15,WH-MYS-01
GR-04221,PO-04221,2026-02-26,2,WH-BLR-01
GR-04222,PO-04222,2026-04-26,11,WH-BLR-01
GR-04223,PO-04223,2026-04-02,30,WH-CHN-01
GR-04224,PO-04224,2026-03-02,36,WH-MYS-01
GR-04225,PO-04225,2026-05-11,4,WH-CHN-01
GR-04226,PO-04226,2026-02-07,32,WH-HYD-01
GR-04227,PO-04227,2026-04-25,50,WH-MYS-01
GR-04228,PO-04228,2026-04-14,35,WH-MYS-01
GR-04229,PO-04229,2026-05-28,35,WH-BLR-01
GR-04230,PO-04230,2026-04-06,18,WH-HYD-01
GR-04231,PO-04231,2026-05-15,43,WH-CHN-01
GR-04232,PO-04232,2026-03-22,1,WH-MYS-01
GR-04233,PO-04233,2026-06-02,24,WH-BLR-01
GR-04234,PO-04234,2026-06-11,23,WH-MYS-01
GR-04235,PO-04235,2026-03-28,14,WH-HYD-01
GR-04236,PO-04236,2026-03-02,7,WH-MYS-01
GR-04237,PO-04237,2026-05-30,41,WH-HYD-01
GR-04238,PO-04238,2026-04-24,19,WH-BLR-01
GR-04239,PO-04239,2026-03-02,10,WH-BLR-01
GR-04240,PO-04240,2026-01-28,15,WH-MYS-01
GR-04241,PO-04241,2026-06-20,36,WH-BLR-01
GR-04242,PO-04242,2026-05-29,15,WH-MYS-01
GR-04243,PO-04243,2026-03-05,7,WH-CHN-01
GR-04244,PO-04244,2026-01-09,29,WH-BLR-01
GR-04245,PO-04245,2026-02-17,49,WH-BLR-01
GR-04246,PO-04246,2026-02-08,47,WH-BLR-01
GR-04247,PO-04247,2026-04-24,12,WH-BLR-01
GR-04248,PO-04248,2026-02-23,48,WH-MYS-01
GR-04249,PO-04249,2026-06-24,34,WH-CHN-01
GR-04250,PO-04250,2026-02-08,31,WH-MYS-01
GR-04251,PO-04251,2026-03-11,30,WH-BLR-01
GR-04252,PO-04252,2026-05-04,49,WH-MYS-01
GR-04253,PO-04253,2026-04-06,47,WH-HYD-01
GR-04254,PO-04254,2026-01-16,36,WH-CHN-01
GR-04255,PO-04255,2026-05-14,38,WH-HYD-01
GR-04256,PO-04256,2026-06-16,4,WH-MYS-01
GR-04257,PO-04257,2026-05-10,22,WH-CHN-01
GR-04258,PO-04258,2026-04-16,18,WH-BLR-01
GR-04259,PO-04259,2026-06-21,43,WH-BLR-01
GR-04260,PO-04260,2026-02-27,5,WH-MYS-01
GR-04261,PO-04261,2026-02-20,38,WH-MYS-01
GR-04262,PO-04262,2026-01-22,47,WH-CHN-01
GR-04263,PO-04263,2026-07-04,33,WH-CHN-01
GR-04264,PO-04264,2026-02-25,45,WH-HYD-01
GR-04265,PO-04265,2026-02-13,31,WH-BLR-01
GR-04266,PO-04266,2026-05-08,29,WH-CHN-01
GR-04267,PO-04267,2026-02-08,18,WH-MYS-01
GR-04268,PO-04268,2026-04-02,28,WH-BLR-01
GR-04269,PO-04269,2026-05-09,47,WH-MYS-01
GR-04270,PO-04270,2026-05-11,20,WH-HYD-01
GR-04271,PO-04271,2026-05-29,39,WH-BLR-01
GR-04272,PO-04272,2026-04-02,16,WH-CHN-01
GR-04273,PO-04273,2026-05-09,46,WH-HYD-01
GR-04274,PO-04274,2026-05-10,3,WH-BLR-01
GR-04275,PO-04275,2026-04-24,14,WH-HYD-01
GR-04276,PO-04276,2026-04-16,40,WH-CHN-01
GR-04277,PO-04277,2026-04-25,2,WH-CHN-01
GR-04278,PO-04278,2026-05-03,34,WH-CHN-01
GR-04279,PO-04279,2026-06-12,14,WH-CHN-01
GR-04280,PO-04280,2026-03-01,33,WH-HYD-01
GR-04281,PO-04281,2026-05-26,27,WH-MYS-01
GR-04282,PO-04282,2026-03-10,20,WH-HYD-01
GR-04283,PO-04283,2026-05-29,11,WH-HYD-01
GR-04284,PO-04284,2026-02-02,30,WH-HYD-01
GR-04285,PO-04285,2026-03-10,20,WH-CHN-01
GR-04286,PO-04286,2026-01-31,18,WH-MYS-01
GR-04287,PO-04287,2026-03-07,30,WH-HYD-01
GR-04288,PO-04288,2026-03-18,6,WH-BLR-01
GR-04289,PO-04289,2026-03-31,32,WH-MYS-01
GR-04290,PO-04290,2026-06-18,44,WH-BLR-01
GR-04291,PO-04291,2026-02-22,38,WH-CHN-01
GR-04292,PO-04292,2026-06-08,7,WH-BLR-01
GR-04293,PO-04293,2026-06-09,44,WH-CHN-01
GR-04294,PO-04294,2026-06-06,17,WH-CHN-01
GR-04295,PO-04295,2026-05-22,6,WH-HYD-01
GR-04296,PO-04296,2026-05-20,3,WH-MYS-01
GR-04297,PO-04297,2026-03-25,10,WH-HYD-01
GR-04298,PO-04298,2026-02-23,23,WH-BLR-01
GR-04299,PO-04299,2026-04-08,12,WH-MYS-01
GR-04300,PO-04300,2026-05-21,5,WH-CHN-01
GR-04301,PO-04301,2026-04-16,3,WH-HYD-01
GR-04302,PO-04302,2026-04-12,31,WH-CHN-01
GR-04303,PO-04303,2026-03-26,4,WH-MYS-01
GR-04304,PO-04304,2026-02-07,20,WH-CHN-01
GR-04305,PO-04305,2026-04-01,25,WH-BLR-01
GR-04306,PO-04306,2026-01-08,17,WH-CHN-01
GR-04307,PO-04307,2026-03-27,17,WH-CHN-01
GR-04308,PO-04308,2026-02-09,37,WH-CHN-01
GR-04309,PO-04309,2026-03-09,44,WH-BLR-01
GR-04310,PO-04310,2026-03-04,3,WH-HYD-01
GR-04311,PO-04311,2026-06-24,12,WH-BLR-01
GR-04312,PO-04312,2026-05-16,46,WH-MYS-01
GR-04313,PO-04313,2026-05-20,42,WH-CHN-01
GR-04314,PO-04314,2026-03-19,8,WH-MYS-01
GR-04315,PO-04315,2026-04-05,26,WH-BLR-01
GR-04316,PO-04316,2026-04-01,38,WH-CHN-01
GR-04317,PO-04317,2026-05-16,14,WH-HYD-01
GR-04318,PO-04318,2026-04-19,19,WH-MYS-01
GR-04319,PO-04319,2026-02-20,18,WH-CHN-01
GR-04320,PO-04320,2026-05-28,7,WH-MYS-01
GR-04321,PO-04321,2026-03-10,16,WH-CHN-01
GR-04322,PO-04322,2026-05-30,4,WH-HYD-01
GR-04323,PO-04323,2026-06-07,36,WH-HYD-01
GR-04324,PO-04324,2026-04-03,49,WH-BLR-01
GR-04325,PO-04325,2026-02-07,31,WH-HYD-01
GR-04326,PO-04326,2026-03-02,5,WH-BLR-01
GR-04327,PO-04327,2026-05-30,2,WH-CHN-01
GR-04328,PO-04328,2026-03-24,8,WH-HYD-01
GR-04329,PO-04329,2026-04-24,25,WH-HYD-01
GR-04330,PO-04330,2026-02-23,16,WH-BLR-01
GR-04331,PO-04331,2026-03-09,50,WH-CHN-01
GR-04332,PO-04332,2026-04-25,3,WH-MYS-01
GR-04333,PO-04333,2026-04-17,45,WH-BLR-01
GR-04334,PO-04334,2026-06-25,13,WH-HYD-01
GR-04335,PO-04335,2026-02-24,6,WH-BLR-01
GR-04336,PO-04336,2026-05-11,33,WH-MYS-01
GR-04337,PO-04337,2026-02-06,7,WH-MYS-01
GR-04338,PO-04338,2026-04-22,9,WH-BLR-01
GR-04339,PO-04339,2026-02-22,28,WH-HYD-01
GR-04340,PO-04340,2026-05-06,7,WH-BLR-01
GR-04341,PO-04341,2026-04-21,6,WH-CHN-01
GR-04342,PO-04342,2026-05-09,50,WH-CHN-01
GR-04343,PO-04343,2026-02-11,22,WH-MYS-01
GR-04344,PO-04344,2026-03-03,12,WH-MYS-01
GR-04345,PO-04345,2026-03-24,50,WH-HYD-01
GR-04346,PO-04346,2026-05-09,39,WH-HYD-01
GR-04347,PO-04347,2026-03-28,28,WH-MYS-01
GR-04348,PO-04348,2026-05-02,33,WH-CHN-01
GR-04349,PO-04349,2026-02-12,47,WH-HYD-01
GR-04350,PO-04350,2026-06-18,43,WH-MYS-01
GR-04351,PO-04351,2026-04-19,37,WH-CHN-01
GR-04352,PO-04352,2026-05-01,27,WH-HYD-01
GR-04353,PO-04353,2026-04-22,37,WH-HYD-01
GR-04354,PO-04354,2026-04-28,37,WH-CHN-01
GR-04355,PO-04355,2026-03-22,29,WH-HYD-01
GR-04356,PO-04356,2026-03-23,47,WH-HYD-01
GR-04357,PO-04357,2026-05-30,31,WH-BLR-01
GR-04358,PO-04358,2026-03-09,15,WH-BLR-01
GR-04359,PO-04359,2026-04-10,34,WH-CHN-01
GR-04360,PO-04360,2026-06-21,10,WH-CHN-01
GR-04361,PO-04361,2026-04-04,8,WH-MYS-01
GR-04362,PO-04362,2026-05-02,10,WH-CHN-01
GR-04363,PO-04363,2026-02-28,44,WH-MYS-01
GR-04364,PO-04364,2026-04-22,17,WH-MYS-01
GR-04365,PO-04365,2026-03-10,39,WH-CHN-01
GR-04366,PO-04366,2026-04-26,40,WH-CHN-01
GR-04367,PO-04367,2026-03-17,2,WH-HYD-01
GR-04368,PO-04368,2026-01-24,39,WH-CHN-01
GR-04369,PO-04369,2026-05-28,21,WH-HYD-01
GR-04370,PO-04370,2026-05-14,40,WH-MYS-01
GR-04371,PO-04371,2026-01-17,8,WH-HYD-01
GR-04372,PO-04372,2026-03-31,36,WH-HYD-01
GR-04373,PO-04373,2026-03-02,13,WH-CHN-01
GR-04374,PO-04374,2026-04-29,32,WH-BLR-01
GR-04375,PO-04375,2026-03-15,6,WH-BLR-01
GR-04376,PO-04376,2026-02-21,19,WH-HYD-01
GR-04377,PO-04377,2026-01-31,26,WH-HYD-01
GR-04378,PO-04378,2026-05-31,31,WH-CHN-01
GR-04379,PO-04379,2026-04-21,24,WH-CHN-01
GR-04380,PO-04380,2026-06-01,46,WH-HYD-01
GR-04381,PO-04381,2026-05-22,3,WH-MYS-01
GR-04382,PO-04382,2026-05-19,40,WH-MYS-01
GR-04383,PO-04383,2026-05-08,14,WH-CHN-01
GR-04384,PO-04384,2026-06-12,38,WH-BLR-01
GR-04385,PO-04385,2026-05-22,16,WH-HYD-01
GR-04386,PO-04386,2026-03-28,37,WH-MYS-01
GR-04387,PO-04387,2026-01-31,47,WH-CHN-01
GR-04388,PO-04388,2026-01-25,46,WH-BLR-01
GR-04389,PO-04389,2026-05-07,48,WH-CHN-01
GR-04390,PO-04390,2026-04-13,29,WH-CHN-01
GR-04391,PO-04391,2026-04-11,48,WH-BLR-01
GR-04392,PO-04392,2026-04-06,39,WH-MYS-01
GR-04393,PO-04393,2026-02-01,3,WH-HYD-01
GR-04394,PO-04394,2026-01-26,21,WH-MYS-01
GR-04395,PO-04395,2026-01-23,23,WH-BLR-01
GR-04396,PO-04396,2026-01-24,38,WH-CHN-01
GR-04397,PO-04397,2026-03-18,16,WH-MYS-01
GR-04398,PO-04398,2026-03-27,43,WH-BLR-01
GR-04399,PO-04399,2026-04-26,5,WH-MYS-01
GR-04400,PO-04400,2026-05-08,22,WH-HYD-01
GR-04401,PO-04401,2026-04-24,9,WH-BLR-01
GR-04402,PO-04402,2026-04-01,48,WH-CHN-01
GR-04403,PO-04403,2026-04-22,49,WH-HYD-01
GR-04404,PO-04404,2026-01-27,31,WH-HYD-01
GR-04405,PO-04405,2026-01-25,11,WH-HYD-01
GR-04406,PO-04406,2026-02-05,11,WH-HYD-01
GR-04407,PO-04407,2026-04-06,15,WH-BLR-01
GR-04408,PO-04408,2026-06-04,34,WH-HYD-01
GR-04409,PO-04409,2026-05-09,25,WH-HYD-01
GR-04410,PO-04410,2026-04-01,14,WH-HYD-01
GR-04411,PO-04411,2026-06-20,3,WH-BLR-01
GR-04412,PO-04412,2026-03-31,33,WH-CHN-01
GR-04413,PO-04413,2026-05-11,32,WH-HYD-01
GR-04414,PO-04414,2026-05-01,42,WH-HYD-01
GR-04415,PO-04415,2026-01-29,44,WH-BLR-01
GR-04416,PO-04416,2026-04-14,33,WH-CHN-01
GR-04417,PO-04417,2026-05-01,17,WH-MYS-01
GR-04418,PO-04418,2026-03-18,8,WH-HYD-01
GR-04419,PO-04419,2026-04-06,4,WH-HYD-01
GR-04420,PO-04420,2026-04-17,7,WH-HYD-01
GR-04421,PO-04421,2026-06-03,48,WH-HYD-01
GR-04422,PO-04422,2026-01-20,18,WH-BLR-01
GR-04423,PO-04423,2026-03-23,36,WH-HYD-01
GR-04424,PO-04424,2026-02-26,34,WH-CHN-01
GR-04425,PO-04425,2026-01-28,9,WH-HYD-01
GR-04426,PO-04426,2026-01-26,49,WH-BLR-01
GR-04427,PO-04427,2026-02-01,36,WH-BLR-01
GR-04428,PO-04428,2026-03-07,32,WH-BLR-01
GR-04429,PO-04429,2026-03-14,13,WH-BLR-01
GR-04430,PO-04430,2026-06-08,16,WH-CHN-01
GR-04431,PO-04431,2026-05-20,36,WH-HYD-01
GR-04432,PO-04432,2026-02-12,36,WH-MYS-01
GR-04433,PO-04433,2026-03-23,13,WH-CHN-01
GR-04434,PO-04434,2026-03-25,47,WH-MYS-01
GR-04435,PO-04435,2026-05-21,19,WH-HYD-01
GR-04436,PO-04436,2026-05-25,21,WH-MYS-01
GR-04437,PO-04437,2026-04-15,43,WH-HYD-01
GR-04438,PO-04438,2026-04-26,1,WH-BLR-01
GR-04439,PO-04439,2026-04-07,27,WH-HYD-01
GR-04440,PO-04440,2026-02-04,18,WH-CHN-01
GR-04441,PO-04441,2026-03-24,14,WH-BLR-01
GR-04442,PO-04442,2026-05-28,41,WH-MYS-01
GR-04443,PO-04443,2026-03-14,9,WH-MYS-01
GR-04444,PO-04444,2026-03-11,4,WH-BLR-01
GR-04445,PO-04445,2026-03-13,34,WH-CHN-01
GR-04446,PO-04446,2026-05-12,11,WH-HYD-01
GR-04447,PO-04447,2026-05-27,34,WH-BLR-01
GR-04448,PO-04448,2026-01-22,24,WH-CHN-01
GR-04449,PO-04449,2026-05-21,45,WH-MYS-01
GR-04450,PO-04450,2026-05-09,35,WH-HYD-01
GR-04451,PO-04451,2026-03-08,16,WH-CHN-01
GR-04452,PO-04452,2026-05-13,11,WH-HYD-01
GR-04453,PO-04453,2026-02-02,6,WH-BLR-01
GR-04454,PO-04454,2026-04-01,10,WH-HYD-01
GR-04455,PO-04455,2026-02-02,16,WH-CHN-01
GR-04456,PO-04456,2026-05-04,28,WH-BLR-01
GR-04457,PO-04457,2026-03-22,5,WH-BLR-01
GR-04458,PO-04458,2026-05-26,9,WH-HYD-01
GR-04459,PO-04459,2026-04-11,26,WH-HYD-01
GR-04460,PO-04460,2026-02-20,21,WH-BLR-01
GR-04461,PO-04461,2026-02-11,33,WH-BLR-01
GR-04462,PO-04462,2026-05-12,20,WH-MYS-01
GR-04463,PO-04463,2026-02-21,9,WH-MYS-01
GR-04464,PO-04464,2026-05-03,16,WH-BLR-01
GR-04465,PO-04465,2026-02-16,31,WH-HYD-01
GR-04466,PO-04466,2026-05-09,10,WH-HYD-01
GR-04467,PO-04467,2026-04-03,19,WH-HYD-01
GR-04468,PO-04468,2026-02-18,28,WH-CHN-01
GR-04469,PO-04469,2026-02-02,5,WH-HYD-01
GR-04470,PO-04470,2026-05-11,27,WH-BLR-01
GR-04471,PO-04471,2026-02-08,35,WH-MYS-01
GR-04472,PO-04472,2026-03-15,48,WH-MYS-01
GR-04473,PO-04473,2026-01-26,7,WH-HYD-01
GR-04474,PO-04474,2026-01-29,39,WH-MYS-01
GR-04475,PO-04475,2026-02-13,47,WH-HYD-01
GR-04476,PO-04476,2026-04-30,39,WH-BLR-01
GR-04477,PO-04477,2026-06-21,10,WH-BLR-01
GR-04478,PO-04478,2026-04-21,11,WH-BLR-01
GR-04479,PO-04479,2026-03-22,40,WH-CHN-01
GR-04480,PO-04480,2026-02-27,34,WH-HYD-01
GR-04481,PO-04481,2026-03-05,46,WH-HYD-01
GR-04482,PO-04482,2026-03-12,29,WH-CHN-01
GR-04483,PO-04483,2026-01-13,27,WH-MYS-01
GR-04484,PO-04484,2026-06-11,28,WH-BLR-01
GR-04485,PO-04485,2026-05-18,6,WH-CHN-01
GR-04486,PO-04486,2026-04-22,35,WH-MYS-01
GR-04487,PO-04487,2026-01-17,20,WH-BLR-01
GR-04488,PO-04488,2026-04-26,20,WH-MYS-01
GR-04489,PO-04489,2026-04-25,27,WH-HYD-01
GR-04490,PO-04490,2026-02-11,2,WH-HYD-01
GR-04491,PO-04491,2026-02-28,18,WH-CHN-01
GR-04492,PO-04492,2026-04-25,21,WH-CHN-01
GR-04493,PO-04493,2026-06-01,36,WH-BLR-01
GR-04494,PO-04494,2026-06-19,33,WH-BLR-01
GR-04495,PO-04495,2026-02-14,34,WH-MYS-01
GR-04496,PO-04496,2026-05-11,43,WH-BLR-01
GR-04497,PO-04497,2026-05-30,42,WH-CHN-01
GR-04498,PO-04498,2026-03-01,46,WH-CHN-01
GR-04499,PO-04499,2026-05-18,34,WH-CHN-01
GR-04500,PO-04500,2026-05-24,13,WH-CHN-01
GR-04501,PO-04501,2026-04-01,15,WH-HYD-01
GR-04502,PO-04502,2026-04-26,16,WH-HYD-01
GR-04503,PO-04503,2026-03-06,29,WH-CHN-01
GR-04504,PO-04504,2026-04-19,1,WH-BLR-01
GR-04505,PO-04505,2026-05-26,39,WH-CHN-01
GR-04506,PO-04506,2026-05-09,26,WH-CHN-01
GR-04507,PO-04507,2026-05-30,14,WH-HYD-01
GR-04508,PO-04508,2026-04-02,16,WH-CHN-01
GR-04509,PO-04509,2026-02-03,25,WH-CHN-01
GR-04510,PO-04510,2026-03-13,43,WH-BLR-01
GR-04511,PO-04511,2026-06-09,31,WH-BLR-01
GR-04512,PO-04512,2026-03-09,35,WH-HYD-01
GR-04513,PO-04513,2026-05-06,50,WH-MYS-01
GR-04514,PO-04514,2026-04-11,21,WH-HYD-01
GR-04515,PO-04515,2026-06-12,25,WH-MYS-01
GR-04516,PO-04516,2026-04-25,1,WH-MYS-01
GR-04517,PO-04517,2026-06-01,7,WH-CHN-01
GR-04518,PO-04518,2026-05-20,43,WH-CHN-01
GR-04519,PO-04519,2026-04-09,6,WH-CHN-01
GR-04520,PO-04520,2026-06-03,4,WH-MYS-01
GR-04521,PO-04521,2026-04-11,48,WH-BLR-01
GR-04522,PO-04522,2026-02-06,10,WH-CHN-01
GR-04523,PO-04523,2026-03-03,26,WH-CHN-01
GR-04524,PO-04524,2026-04-14,15,WH-BLR-01
GR-04525,PO-04525,2026-04-28,48,WH-HYD-01
GR-04526,PO-04526,2026-02-05,32,WH-HYD-01
GR-04527,PO-04527,2026-04-08,46,WH-CHN-01
GR-04528,PO-04528,2026-05-16,7,WH-BLR-01
GR-04529,PO-04529,2026-02-22,8,WH-BLR-01
GR-04530,PO-04530,2026-03-12,39,WH-HYD-01
GR-04531,PO-04531,2026-05-21,14,WH-MYS-01
GR-04532,PO-04532,2026-04-11,36,WH-CHN-01
GR-04533,PO-04533,2026-04-04,34,WH-HYD-01
GR-04534,PO-04534,2026-04-23,9,WH-CHN-01
GR-04535,PO-04535,2026-03-01,23,WH-BLR-01
GR-04536,PO-04536,2026-05-14,19,WH-HYD-01
GR-04537,PO-04537,2026-03-31,42,WH-MYS-01
GR-04538,PO-04538,2026-05-31,34,WH-CHN-01
GR-04539,PO-04539,2026-03-08,30,WH-MYS-01
GR-04540,PO-04540,2026-01-23,14,WH-BLR-01
GR-04541,PO-04541,2026-04-12,32,WH-BLR-01
GR-04542,PO-04542,2026-06-05,16,WH-CHN-01
GR-04543,PO-04543,2026-05-13,33,WH-BLR-01
GR-04544,PO-04544,2026-04-04,42,WH-HYD-01
GR-04545,PO-04545,2026-05-15,12,WH-HYD-01
GR-04546,PO-04546,2026-03-06,19,WH-HYD-01
GR-04547,PO-04547,2026-03-04,32,WH-HYD-01
GR-04548,PO-04548,2026-02-02,28,WH-MYS-01
GR-04549,PO-04549,2026-06-02,5,WH-BLR-01
GR-04550,PO-04550,2026-02-15,7,WH-HYD-01
GR-04551,PO-04551,2026-04-07,15,WH-HYD-01
GR-04552,PO-04552,2026-05-30,47,WH-CHN-01
GR-04553,PO-04553,2026-05-07,48,WH-BLR-01
GR-04554,PO-04554,2026-03-27,20,WH-BLR-01
GR-04555,PO-04555,2026-01-29,43,WH-CHN-01
GR-04556,PO-04556,2026-06-22,19,WH-BLR-01
GR-04557,PO-04557,2026-03-03,38,WH-MYS-01
GR-04558,PO-04558,2026-02-17,9,WH-CHN-01
GR-04559,PO-04559,2026-05-16,36,WH-MYS-01
GR-04560,PO-04560,2026-06-01,21,WH-CHN-01
GR-04561,PO-04561,2026-05-29,8,WH-HYD-01
GR-04562,PO-04562,2026-01-29,17,WH-HYD-01
GR-04563,PO-04563,2026-02-17,5,WH-MYS-01
GR-04564,PO-04564,2026-04-17,1,WH-MYS-01
GR-04565,PO-04565,2026-03-16,22,WH-HYD-01
GR-04566,PO-04566,2026-03-10,9,WH-MYS-01
GR-04567,PO-04567,2026-05-12,41,WH-CHN-01
GR-04568,PO-04568,2026-05-16,25,WH-MYS-01
GR-04569,PO-04569,2026-04-12,1,WH-MYS-01
GR-04570,PO-04570,2026-02-17,29,WH-MYS-01
GR-04571,PO-04571,2026-04-04,22,WH-CHN-01
GR-04572,PO-04572,2026-01-13,17,WH-HYD-01
GR-04573,PO-04573,2026-07-03,48,WH-CHN-01
GR-04574,PO-04574,2026-04-17,39,WH-BLR-01
GR-04575,PO-04575,2026-04-12,25,WH-HYD-01
GR-04576,PO-04576,2026-03-28,31,WH-MYS-01
GR-04577,PO-04577,2026-03-04,20,WH-BLR-01
GR-04578,PO-04578,2026-07-01,20,WH-BLR-01
GR-04579,PO-04579,2026-01-17,23,WH-CHN-01
GR-04580,PO-04580,2026-03-21,12,WH-HYD-01
GR-04581,PO-04581,2026-02-04,7,WH-CHN-01
GR-04582,PO-04582,2026-06-05,36,WH-MYS-01
GR-04583,PO-04583,2026-03-11,28,WH-MYS-01
GR-04584,PO-04584,2026-05-10,2,WH-BLR-01
GR-04585,PO-04585,2026-01-27,14,WH-CHN-01
GR-04586,PO-04586,2026-03-15,38,WH-BLR-01
GR-04587,PO-04587,2026-01-20,16,WH-HYD-01
GR-04588,PO-04588,2026-06-10,12,WH-BLR-01
GR-04589,PO-04589,2026-03-17,32,WH-BLR-01
GR-04590,PO-04590,2026-01-30,50,WH-BLR-01
GR-04591,PO-04591,2026-06-10,32,WH-BLR-01
GR-04592,PO-04592,2026-05-17,18,WH-MYS-01
GR-04593,PO-04593,2026-04-01,44,WH-BLR-01
GR-04594,PO-04594,2026-03-05,32,WH-CHN-01
GR-04595,PO-04595,2026-03-17,32,WH-HYD-01
GR-04596,PO-04596,2026-01-28,3,WH-HYD-01
GR-04597,PO-04597,2026-02-14,40,WH-CHN-01
GR-04598,PO-04598,2026-05-31,14,WH-MYS-01
GR-04599,PO-04599,2026-02-17,48,WH-CHN-01
GR-04600,PO-04600,2026-02-16,45,WH-CHN-01
GR-04601,PO-04601,2026-06-09,16,WH-BLR-01
GR-04602,PO-04602,2026-03-23,49,WH-BLR-01
GR-04603,PO-04603,2026-06-13,48,WH-BLR-01
GR-04604,PO-04604,2026-03-27,27,WH-HYD-01
GR-04605,PO-04605,2026-04-09,5,WH-CHN-01
GR-04606,PO-04606,2026-03-17,25,WH-CHN-01
GR-04607,PO-04607,2026-04-05,47,WH-CHN-01
GR-04608,PO-04608,2026-04-10,17,WH-HYD-01
GR-04609,PO-04609,2026-03-26,35,WH-HYD-01
GR-04610,PO-04610,2026-03-02,45,WH-HYD-01
GR-04611,PO-04611,2026-01-12,46,WH-BLR-01
GR-04612,PO-04612,2026-05-12,48,WH-HYD-01
GR-04613,PO-04613,2026-03-15,8,WH-MYS-01
GR-04614,PO-04614,2026-04-10,31,WH-CHN-01
GR-04615,PO-04615,2026-05-22,34,WH-MYS-01
GR-04616,PO-04616,2026-02-11,4,WH-BLR-01
GR-04617,PO-04617,2026-04-02,23,WH-HYD-01
GR-04618,PO-04618,2026-05-03,21,WH-HYD-01
GR-04619,PO-04619,2026-02-14,5,WH-CHN-01
GR-04620,PO-04620,2026-04-01,33,WH-CHN-01
GR-04621,PO-04621,2026-02-04,9,WH-BLR-01
GR-04622,PO-04622,2026-02-05,41,WH-CHN-01
GR-04623,PO-04623,2026-01-29,21,WH-MYS-01
GR-04624,PO-04624,2026-02-16,21,WH-CHN-01
GR-04625,PO-04625,2026-03-19,14,WH-MYS-01
GR-04626,PO-04626,2026-05-24,2,WH-MYS-01
GR-04627,PO-04627,2026-03-15,27,WH-BLR-01
GR-04628,PO-04628,2026-02-25,39,WH-HYD-01
GR-04629,PO-04629,2026-03-23,35,WH-HYD-01
GR-04630,PO-04630,2026-02-13,47,WH-CHN-01
GR-04631,PO-04631,2026-01-30,15,WH-MYS-01
GR-04632,PO-04632,2026-04-06,22,WH-MYS-01
GR-04633,PO-04633,2026-03-24,12,WH-BLR-01
GR-04634,PO-04634,2026-02-13,7,WH-BLR-01
GR-04635,PO-04635,2026-04-14,32,WH-HYD-01
GR-04636,PO-04636,2026-02-15,4,WH-CHN-01
GR-04637,PO-04637,2026-05-09,50,WH-MYS-01
GR-04638,PO-04638,2026-03-26,8,WH-HYD-01
GR-04639,PO-04639,2026-03-21,28,WH-HYD-01
GR-04640,PO-04640,2026-04-11,29,WH-MYS-01
GR-04641,PO-04641,2026-05-03,39,WH-HYD-01
GR-04642,PO-04642,2026-01-13,12,WH-MYS-01
GR-04643,PO-04643,2026-04-23,30,WH-HYD-01
GR-04644,PO-04644,2026-02-20,43,WH-CHN-01
GR-04645,PO-04645,2026-06-08,44,WH-HYD-01
GR-04646,PO-04646,2026-02-17,7,WH-CHN-01
GR-04647,PO-04647,2026-03-17,24,WH-HYD-01
GR-04648,PO-04648,2026-04-29,25,WH-MYS-01
GR-04649,PO-04649,2026-04-27,19,WH-HYD-01
GR-04650,PO-04650,2026-03-09,26,WH-HYD-01
GR-04651,PO-04651,2026-05-04,40,WH-HYD-01
GR-04652,PO-04652,2026-01-13,15,WH-CHN-01
GR-04653,PO-04653,2026-01-26,27,WH-HYD-01
GR-04654,PO-04654,2026-05-05,16,WH-BLR-01
GR-04655,PO-04655,2026-05-15,15,WH-MYS-01
GR-04656,PO-04656,2026-04-22,20,WH-MYS-01
GR-04657,PO-04657,2026-05-24,30,WH-MYS-01
GR-04658,PO-04658,2026-03-10,5,WH-HYD-01
GR-04659,PO-04659,2026-04-16,13,WH-CHN-01
GR-04660,PO-04660,2026-05-30,28,WH-HYD-01
GR-04661,PO-04661,2026-02-18,41,WH-HYD-01
GR-04662,PO-04662,2026-01-23,41,WH-CHN-01
GR-04663,PO-04663,2026-05-06,11,WH-HYD-01
GR-04664,PO-04664,2026-01-20,4,WH-CHN-01
GR-04665,PO-04665,2026-03-31,17,WH-MYS-01
GR-04666,PO-04666,2026-05-26,1,WH-HYD-01
GR-04667,PO-04667,2026-06-18,28,WH-CHN-01
GR-04668,PO-04668,2026-05-19,15,WH-HYD-01
GR-04669,PO-04669,2026-03-04,8,WH-MYS-01
GR-04670,PO-04670,2026-05-02,4,WH-MYS-01
GR-04671,PO-04671,2026-04-21,43,WH-HYD-01
GR-04672,PO-04672,2026-06-03,34,WH-BLR-01
GR-04673,PO-04673,2026-04-15,43,WH-MYS-01
GR-04674,PO-04674,2026-01-27,32,WH-BLR-01
GR-04675,PO-04675,2026-05-19,13,WH-MYS-01
GR-04676,PO-04676,2026-02-10,21,WH-HYD-01
GR-04677,PO-04677,2026-02-19,45,WH-BLR-01
GR-04678,PO-04678,2026-05-28,42,WH-CHN-01
GR-04679,PO-04679,2026-03-01,19,WH-MYS-01
GR-04680,PO-04680,2026-02-12,15,WH-HYD-01
GR-04681,PO-04681,2026-06-14,38,WH-CHN-01
GR-04682,PO-04682,2026-04-18,13,WH-MYS-01
GR-04683,PO-04683,2026-01-31,9,WH-HYD-01
GR-04684,PO-04684,2026-01-26,26,WH-MYS-01
GR-04685,PO-04685,2026-01-31,42,WH-HYD-01
GR-04686,PO-04686,2026-05-29,29,WH-BLR-01
GR-04687,PO-04687,2026-06-15,18,WH-CHN-01
GR-04688,PO-04688,2026-03-07,35,WH-CHN-01
GR-04689,PO-04689,2026-02-22,44,WH-MYS-01
GR-04690,PO-04690,2026-01-30,46,WH-BLR-01
GR-04691,PO-04691,2026-03-12,43,WH-HYD-01
GR-04692,PO-04692,2026-03-19,45,WH-CHN-01
GR-04693,PO-04693,2026-04-05,3,WH-CHN-01
GR-04694,PO-04694,2026-06-01,46,WH-BLR-01
GR-04695,PO-04695,2026-01-26,14,WH-BLR-01
GR-04696,PO-04696,2026-05-19,21,WH-HYD-01
GR-04697,PO-04697,2026-03-13,21,WH-BLR-01
GR-04698,PO-04698,2026-05-08,13,WH-MYS-01
GR-04699,PO-04699,2026-03-22,14,WH-BLR-01
GR-04700,PO-04700,2026-05-16,40,WH-CHN-01
GR-04701,PO-04701,2026-04-25,41,WH-BLR-01
GR-04702,PO-04702,2026-03-03,45,WH-MYS-01
GR-04703,PO-04703,2026-04-17,29,WH-HYD-01
GR-04704,PO-04704,2026-05-20,25,WH-MYS-01
GR-04705,PO-04705,2026-02-20,42,WH-BLR-01
GR-04706,PO-04706,2026-04-17,15,WH-MYS-01
GR-04707,PO-04707,2026-01-27,42,WH-MYS-01
GR-04708,PO-04708,2026-02-26,6,WH-CHN-01
GR-04709,PO-04709,2026-05-06,35,WH-HYD-01
GR-04710,PO-04710,2026-04-11,33,WH-BLR-01
GR-04711,PO-04711,2026-03-19,38,WH-HYD-01
GR-04712,PO-04712,2026-03-06,50,WH-CHN-01
GR-04713,PO-04713,2026-03-26,47,WH-CHN-01
GR-04714,PO-04714,2026-03-27,23,WH-MYS-01
GR-04715,PO-04715,2026-04-04,17,WH-HYD-01
GR-04716,PO-04716,2026-03-07,39,WH-CHN-01
GR-04717,PO-04717,2026-03-01,14,WH-MYS-01
GR-04718,PO-04718,2026-02-26,28,WH-BLR-01
GR-04719,PO-04719,2026-01-15,9,WH-HYD-01
GR-04720,PO-04720,2026-05-20,49,WH-HYD-01
GR-04721,PO-04721,2026-02-12,12,WH-HYD-01
GR-04722,PO-04722,2026-05-18,39,WH-CHN-01
GR-04723,PO-04723,2026-04-21,48,WH-CHN-01
GR-04724,PO-04724,2026-04-14,42,WH-BLR-01
GR-04725,PO-04725,2026-06-07,47,WH-MYS-01
GR-04726,PO-04726,2026-06-11,22,WH-BLR-01
GR-04727,PO-04727,2026-04-09,24,WH-CHN-01
GR-04728,PO-04728,2026-02-27,50,WH-CHN-01
GR-04729,PO-04729,2026-02-17,33,WH-MYS-01
GR-04730,PO-04730,2026-06-15,44,WH-BLR-01
GR-04731,PO-04731,2026-04-18,47,WH-MYS-01
GR-04732,PO-04732,2026-02-24,15,WH-MYS-01
GR-04733,PO-04733,2026-06-21,28,WH-HYD-01
GR-04734,PO-04734,2026-01-26,31,WH-CHN-01
GR-04735,PO-04735,2026-03-30,14,WH-BLR-01
GR-04736,PO-04736,2026-04-28,13,WH-HYD-01
GR-04737,PO-04737,2026-05-22,2,WH-MYS-01
GR-04738,PO-04738,2026-05-19,3,WH-CHN-01
GR-04739,PO-04739,2026-05-16,26,WH-CHN-01
GR-04740,PO-04740,2026-03-28,2,WH-CHN-01
GR-04741,PO-04741,2026-02-03,36,WH-CHN-01
GR-04742,PO-04742,2026-02-18,41,WH-MYS-01
GR-04743,PO-04743,2026-03-17,33,WH-BLR-01
GR-04744,PO-04744,2026-05-23,47,WH-BLR-01
GR-04745,PO-04745,2026-02-18,39,WH-HYD-01
GR-04746,PO-04746,2026-03-01,47,WH-MYS-01
GR-04747,PO-04747,2026-03-02,24,WH-CHN-01
GR-04748,PO-04748,2026-02-25,11,WH-CHN-01
GR-04749,PO-04749,2026-04-07,44,WH-HYD-01
GR-04750,PO-04750,2026-01-26,45,WH-HYD-01
GR-04751,PO-04751,2026-03-19,16,WH-CHN-01
GR-04752,PO-04752,2026-04-17,16,WH-MYS-01
GR-04753,PO-04753,2026-01-30,20,WH-BLR-01
GR-04754,PO-04754,2026-05-27,9,WH-MYS-01
GR-04755,PO-04755,2026-03-19,45,WH-CHN-01
GR-04756,PO-04756,2026-01-24,7,WH-BLR-01
GR-04757,PO-04757,2026-05-14,47,WH-MYS-01
GR-04758,PO-04758,2026-02-18,28,WH-HYD-01
GR-04759,PO-04759,2026-03-19,10,WH-MYS-01
GR-04760,PO-04760,2026-04-08,17,WH-MYS-01
GR-04761,PO-04761,2026-04-29,10,WH-MYS-01
GR-04762,PO-04762,2026-03-22,2,WH-BLR-01
GR-04763,PO-04763,2026-03-10,5,WH-CHN-01
GR-04764,PO-04764,2026-05-27,21,WH-MYS-01
GR-04765,PO-04765,2026-06-17,39,WH-BLR-01
GR-04766,PO-04766,2026-02-08,23,WH-HYD-01
GR-04767,PO-04767,2026-04-02,25,WH-MYS-01
GR-04768,PO-04768,2026-03-06,21,WH-BLR-01
GR-04769,PO-04769,2026-01-26,16,WH-MYS-01
GR-04770,PO-04770,2026-05-01,6,WH-CHN-01
GR-04771,PO-04771,2026-06-14,4,WH-BLR-01
GR-04772,PO-04772,2026-02-01,44,WH-HYD-01
GR-04773,PO-04773,2026-02-25,13,WH-HYD-01
GR-04774,PO-04774,2026-05-18,13,WH-MYS-01
GR-04775,PO-04775,2026-01-13,48,WH-MYS-01
GR-04776,PO-04776,2026-04-13,41,WH-HYD-01
GR-04777,PO-04777,2026-06-11,1,WH-CHN-01
GR-04778,PO-04778,2026-01-22,25,WH-HYD-01
GR-04779,PO-04779,2026-04-28,3,WH-HYD-01
GR-04780,PO-04780,2026-04-21,37,WH-HYD-01
GR-04781,PO-04781,2026-02-02,11,WH-CHN-01
GR-04782,PO-04782,2026-04-25,4,WH-BLR-01
GR-04783,PO-04783,2026-01-23,28,WH-MYS-01
GR-04784,PO-04784,2026-06-12,25,WH-MYS-01
GR-04785,PO-04785,2026-03-16,37,WH-HYD-01
GR-04786,PO-04786,2026-03-04,24,WH-BLR-01
GR-04787,PO-04787,2026-03-16,11,WH-CHN-01
GR-04788,PO-04788,2026-02-01,16,WH-MYS-01
GR-04789,PO-04789,2026-02-23,44,WH-HYD-01
GR-04790,PO-04790,2026-03-07,10,WH-HYD-01
GR-04791,PO-04791,2026-06-19,15,WH-HYD-01
GR-04792,PO-04792,2026-03-03,42,WH-HYD-01
GR-04793,PO-04793,2026-05-31,6,WH-CHN-01
GR-04794,PO-04794,2026-05-22,45,WH-HYD-01
GR-04795,PO-04795,2026-05-30,49,WH-MYS-01
GR-04796,PO-04796,2026-06-03,41,WH-BLR-01
GR-04797,PO-04797,2026-05-29,34,WH-CHN-01
GR-04798,PO-04798,2026-02-21,46,WH-CHN-01
GR-04799,PO-04799,2026-03-11,41,WH-MYS-01
GR-04800,PO-04800,2026-05-08,39,WH-MYS-01
GR-04801,PO-04801,2026-03-22,33,WH-BLR-01
GR-04802,PO-04802,2026-04-05,22,WH-CHN-01
GR-04803,PO-04803,2026-03-03,48,WH-CHN-01
GR-04804,PO-04804,2026-02-25,50,WH-HYD-01
GR-04805,PO-04805,2026-03-02,42,WH-MYS-01
GR-04806,PO-04806,2026-04-11,24,WH-MYS-01
GR-04807,PO-04807,2026-01-31,7,WH-MYS-01
GR-04808,PO-04808,2026-03-19,43,WH-MYS-01
GR-04809,PO-04809,2026-05-25,18,WH-BLR-01
GR-04810,PO-04810,2026-02-03,32,WH-HYD-01
GR-04811,PO-04811,2026-03-04,25,WH-MYS-01
GR-04812,PO-04812,2026-03-11,42,WH-BLR-01
GR-04813,PO-04813,2026-03-29,25,WH-MYS-01
GR-04814,PO-04814,2026-03-22,21,WH-BLR-01
GR-04815,PO-04815,2026-02-27,6,WH-CHN-01
GR-04816,PO-04816,2026-05-23,13,WH-BLR-01
GR-04817,PO-04817,2026-02-16,12,WH-HYD-01
GR-04818,PO-04818,2026-03-13,6,WH-MYS-01
GR-04819,PO-04819,2026-05-15,40,WH-HYD-01
GR-04820,PO-04820,2026-05-11,36,WH-CHN-01
GR-04821,PO-04821,2026-01-31,46,WH-BLR-01
GR-04822,PO-04822,2026-02-08,47,WH-MYS-01
GR-04823,PO-04823,2026-03-21,41,WH-CHN-01
GR-04824,PO-04824,2026-01-26,26,WH-BLR-01
GR-04825,PO-04825,2026-06-18,43,WH-CHN-01
GR-04826,PO-04826,2026-02-19,1,WH-BLR-01
GR-04827,PO-04827,2026-05-15,16,WH-MYS-01
GR-04828,PO-04828,2026-02-28,39,WH-CHN-01
GR-04829,PO-04829,2026-05-07,9,WH-MYS-01
GR-04830,PO-04830,2026-01-11,28,WH-HYD-01
GR-04831,PO-04831,2026-02-24,19,WH-HYD-01
GR-04832,PO-04832,2026-02-13,22,WH-BLR-01
GR-04833,PO-04833,2026-04-29,29,WH-HYD-01
GR-04834,PO-04834,2026-01-28,21,WH-HYD-01
GR-04835,PO-04835,2026-02-23,50,WH-CHN-01
GR-04836,PO-04836,2026-05-28,28,WH-MYS-01
GR-04837,PO-04837,2026-02-10,13,WH-HYD-01
GR-04838,PO-04838,2026-05-27,5,WH-MYS-01
GR-04839,PO-04839,2026-05-22,6,WH-MYS-01
GR-04840,PO-04840,2026-06-08,15,WH-MYS-01
GR-04841,PO-04841,2026-01-12,40,WH-CHN-01
GR-04842,PO-04842,2026-03-08,24,WH-BLR-01
GR-04843,PO-04843,2026-02-17,42,WH-HYD-01
GR-04844,PO-04844,2026-05-11,45,WH-HYD-01
GR-04845,PO-04845,2026-05-15,10,WH-BLR-01
GR-04846,PO-04846,2026-02-28,33,WH-HYD-01
GR-04847,PO-04847,2026-05-30,26,WH-BLR-01
GR-04848,PO-04848,2026-02-11,14,WH-CHN-01
GR-04849,PO-04849,2026-05-07,33,WH-CHN-01
GR-04850,PO-04850,2026-01-11,31,WH-HYD-01
GR-04851,PO-04851,2026-04-23,4,WH-MYS-01
GR-04852,PO-04852,2026-05-30,28,WH-MYS-01
GR-04853,PO-04853,2026-05-07,44,WH-HYD-01
GR-04854,PO-04854,2026-06-13,17,WH-MYS-01
GR-04855,PO-04855,2026-04-08,19,WH-MYS-01
GR-04856,PO-04856,2026-03-15,15,WH-HYD-01
GR-04857,PO-04857,2026-02-03,20,WH-HYD-01
GR-04858,PO-04858,2026-04-23,15,WH-MYS-01
GR-04859,PO-04859,2026-04-25,24,WH-BLR-01
GR-04860,PO-04860,2026-06-02,18,WH-MYS-01
GR-04861,PO-04861,2026-05-11,23,WH-CHN-01
GR-04862,PO-04862,2026-02-24,9,WH-BLR-01
GR-04863,PO-04863,2026-02-03,14,WH-HYD-01
GR-04864,PO-04864,2026-02-22,26,WH-MYS-01
GR-04865,PO-04865,2026-02-28,4,WH-BLR-01
GR-04866,PO-04866,2026-04-03,38,WH-CHN-01
GR-04867,PO-04867,2026-04-05,37,WH-HYD-01
GR-04868,PO-04868,2026-03-10,7,WH-HYD-01
GR-04869,PO-04869,2026-04-20,46,WH-BLR-01
GR-04870,PO-04870,2026-05-06,37,WH-HYD-01
GR-04871,PO-04871,2026-03-04,22,WH-MYS-01
GR-04872,PO-04872,2026-05-06,24,WH-BLR-01
GR-04873,PO-04873,2026-04-23,44,WH-BLR-01
GR-04874,PO-04874,2026-06-09,41,WH-BLR-01
GR-04875,PO-04875,2026-04-19,6,WH-BLR-01
GR-04876,PO-04876,2026-01-21,27,WH-MYS-01
GR-04877,PO-04877,2026-05-19,30,WH-BLR-01
GR-04878,PO-04878,2026-03-21,13,WH-CHN-01
GR-04879,PO-04879,2026-02-16,48,WH-CHN-01
GR-04880,PO-04880,2026-04-04,10,WH-BLR-01
GR-04881,PO-04881,2026-04-18,14,WH-BLR-01
GR-04882,PO-04882,2026-02-08,7,WH-BLR-01
GR-04883,PO-04883,2026-04-19,19,WH-CHN-01
GR-04884,PO-04884,2026-05-16,25,WH-BLR-01
GR-04885,PO-04885,2026-03-25,21,WH-CHN-01
GR-04886,PO-04886,2026-05-04,46,WH-MYS-01
GR-04887,PO-04887,2026-01-19,42,WH-CHN-01
GR-04888,PO-04888,2026-01-24,3,WH-CHN-01
GR-04889,PO-04889,2026-02-04,24,WH-HYD-01
GR-04890,PO-04890,2026-03-26,20,WH-CHN-01
GR-04891,PO-04891,2026-05-22,4,WH-CHN-01
GR-04892,PO-04892,2026-05-27,5,WH-BLR-01
GR-04893,PO-04893,2026-01-22,8,WH-BLR-01
GR-04894,PO-04894,2026-04-03,43,WH-HYD-01
GR-04895,PO-04895,2026-05-18,10,WH-CHN-01
GR-04896,PO-04896,2026-05-03,25,WH-CHN-01
GR-04897,PO-04897,2026-04-21,5,WH-HYD-01
GR-04898,PO-04898,2026-03-03,7,WH-HYD-01
GR-04899,PO-04899,2026-02-14,27,WH-BLR-01
GR-04900,PO-04900,2026-05-16,18,WH-HYD-01
GR-04901,PO-04901,2026-02-22,46,WH-CHN-01
GR-04902,PO-04902,2026-05-03,26,WH-HYD-01
GR-04903,PO-04903,2026-06-17,27,WH-MYS-01
GR-04904,PO-04904,2026-04-10,20,WH-BLR-01
GR-04905,PO-04905,2026-02-13,37,WH-MYS-01
GR-04906,PO-04906,2026-03-16,30,WH-HYD-01
GR-04907,PO-04907,2026-06-04,39,WH-HYD-01
GR-04908,PO-04908,2026-04-10,11,WH-HYD-01
GR-04909,PO-04909,2026-06-02,8,WH-HYD-01
GR-04910,PO-04910,2026-06-03,37,WH-MYS-01
GR-04911,PO-04911,2026-05-13,33,WH-HYD-01
GR-04912,PO-04912,2026-02-12,43,WH-HYD-01
GR-04913,PO-04913,2026-02-24,35,WH-BLR-01
GR-04914,PO-04914,2026-02-11,11,WH-MYS-01
GR-04915,PO-04915,2026-04-21,1,WH-BLR-01
GR-04916,PO-04916,2026-04-02,20,WH-MYS-01
GR-04917,PO-04917,2026-03-08,16,WH-HYD-01
GR-04918,PO-04918,2026-03-12,33,WH-MYS-01
GR-04919,PO-04919,2026-02-13,4,WH-BLR-01
GR-04920,PO-04920,2026-01-22,22,WH-CHN-01
GR-04921,PO-04921,2026-05-10,15,WH-CHN-01
GR-04922,PO-04922,2026-04-03,19,WH-BLR-01
GR-04923,PO-04923,2026-04-16,18,WH-BLR-01
GR-04924,PO-04924,2026-03-02,11,WH-BLR-01
GR-04925,PO-04925,2026-05-30,1,WH-BLR-01
GR-04926,PO-04926,2026-03-17,41,WH-BLR-01
GR-04927,PO-04927,2026-05-02,17,WH-CHN-01
GR-04928,PO-04928,2026-01-18,22,WH-BLR-01
GR-04929,PO-04929,2026-04-04,42,WH-CHN-01
GR-04930,PO-04930,2026-03-28,3,WH-CHN-01
GR-04931,PO-04931,2026-03-16,13,WH-CHN-01
GR-04932,PO-04932,2026-02-25,15,WH-HYD-01
GR-04933,PO-04933,2026-05-16,37,WH-MYS-01
GR-04934,PO-04934,2026-06-06,45,WH-HYD-01
GR-04935,PO-04935,2026-04-19,4,WH-HYD-01
GR-04936,PO-04936,2026-04-07,6,WH-MYS-01
GR-04937,PO-04937,2026-06-02,9,WH-MYS-01
GR-04938,PO-04938,2026-05-29,6,WH-BLR-01
GR-04939,PO-04939,2026-02-02,3,WH-BLR-01
GR-04940,PO-04940,2026-02-23,22,WH-MYS-01
GR-04941,PO-04941,2026-05-17,24,WH-BLR-01
GR-04942,PO-04942,2026-02-05,50,WH-BLR-01
GR-04943,PO-04943,2026-05-26,35,WH-CHN-01
GR-04944,PO-04944,2026-02-06,10,WH-BLR-01
GR-04945,PO-04945,2026-04-13,32,WH-MYS-01
GR-04946,PO-04946,2026-05-19,25,WH-HYD-01
GR-04947,PO-04947,2026-02-09,13,WH-HYD-01
GR-04948,PO-04948,2026-05-13,18,WH-CHN-01
GR-04949,PO-04949,2026-05-13,4,WH-MYS-01
GR-04950,PO-04950,2026-04-23,8,WH-HYD-01
GR-04951,PO-04951,2026-02-04,11,WH-CHN-01
GR-04952,PO-04952,2026-02-24,49,WH-CHN-01
GR-04953,PO-04953,2026-04-22,3,WH-CHN-01
GR-04954,PO-04954,2026-03-31,29,WH-CHN-01
GR-04955,PO-04955,2026-02-25,9,WH-BLR-01
GR-04956,PO-04956,2026-04-10,49,WH-BLR-01
GR-04957,PO-04957,2026-05-04,7,WH-CHN-01
GR-04958,PO-04958,2026-06-03,43,WH-BLR-01
GR-04959,PO-04959,2026-06-10,48,WH-HYD-01
GR-04960,PO-04960,2026-04-13,19,WH-CHN-01
GR-04961,PO-04961,2026-03-01,25,WH-CHN-01
GR-04962,PO-04962,2026-04-23,28,WH-HYD-01
GR-04963,PO-04963,2026-01-30,20,WH-MYS-01
GR-04964,PO-04964,2026-05-17,16,WH-CHN-01
GR-04965,PO-04965,2026-04-07,17,WH-MYS-01
GR-04966,PO-04966,2026-04-26,1,WH-BLR-01
GR-04967,PO-04967,2026-03-18,2,WH-HYD-01
GR-04968,PO-04968,2026-05-19,23,WH-BLR-01
GR-04969,PO-04969,2026-02-24,30,WH-BLR-01
GR-04970,PO-04970,2026-03-05,36,WH-HYD-01
GR-04971,PO-04971,2026-05-08,34,WH-HYD-01
GR-04972,PO-04972,2026-06-05,47,WH-CHN-01
GR-04973,PO-04973,2026-02-07,41,WH-BLR-01
GR-04974,PO-04974,2026-03-06,34,WH-BLR-01
GR-04975,PO-04975,2026-03-08,5,WH-HYD-01
GR-04976,PO-04976,2026-05-24,18,WH-MYS-01
GR-04977,PO-04977,2026-01-24,7,WH-BLR-01
GR-04978,PO-04978,2026-02-18,15,WH-BLR-01
GR-04979,PO-04979,2026-06-10,5,WH-MYS-01
GR-04980,PO-04980,2026-01-21,41,WH-CHN-01
GR-04981,PO-04981,2026-04-28,35,WH-HYD-01
GR-04982,PO-04982,2026-04-29,10,WH-CHN-01
GR-04983,PO-04983,2026-02-03,16,WH-BLR-01
GR-04984,PO-04984,2026-02-20,1,WH-HYD-01
GR-04985,PO-04985,2026-04-12,29,WH-MYS-01
GR-04986,PO-04986,2026-06-22,13,WH-BLR-01
GR-04987,PO-04987,2026-06-18,8,WH-MYS-01
GR-04988,PO-04988,2026-03-11,6,WH-MYS-01
GR-04989,PO-04989,2026-04-23,8,WH-BLR-01
GR-04990,PO-04990,2026-04-29,36,WH-CHN-01
GR-04991,PO-04991,2026-05-28,34,WH-MYS-01
GR-04992,PO-04992,2026-03-23,12,WH-CHN-01
GR-04993,PO-04993,2026-04-25,8,WH-CHN-01
GR-04994,PO-04994,2026-03-09,29,WH-BLR-01
GR-04995,PO-04995,2026-05-29,5,WH-HYD-01
GR-04996,PO-04996,2026-05-18,17,WH-HYD-01
GR-04997,PO-04997,2026-04-23,42,WH-BLR-01
GR-04998,PO-04998,2026-04-24,19,WH-MYS-01
GR-04999,PO-04999,2026-01-21,2,WH-MYS-01
GR-05000,PO-05000,2026-04-26,1,WH-CHN-01
GR-05001,PO-05001,2026-02-26,44,WH-HYD-01
GR-05002,PO-05002,2026-05-24,34,WH-HYD-01
GR-05003,PO-05003,2026-05-17,2,WH-BLR-01
GR-05004,PO-05004,2026-05-15,21,WH-MYS-01
GR-05005,PO-05005,2026-04-08,20,WH-BLR-01
GR-05006,PO-05006,2026-06-06,43,WH-CHN-01
GR-05007,PO-05007,2026-05-14,36,WH-HYD-01
GR-05008,PO-05008,2026-03-30,36,WH-BLR-01
GR-05009,PO-05009,2026-02-06,42,WH-HYD-01
GR-05010,PO-05010,2026-01-17,26,WH-MYS-01
GR-05011,PO-05011,2026-04-19,26,WH-MYS-01
GR-05012,PO-05012,2026-02-27,32,WH-CHN-01
GR-05013,PO-05013,2026-04-19,11,WH-HYD-01
GR-05014,PO-05014,2026-01-30,5,WH-CHN-01
GR-05015,PO-05015,2026-06-09,5,WH-MYS-01
GR-05016,PO-05016,2026-01-19,41,WH-MYS-01
GR-05017,PO-05017,2026-05-06,13,WH-BLR-01
GR-05018,PO-05018,2026-05-20,25,WH-MYS-01
GR-05019,PO-05019,2026-03-18,33,WH-CHN-01
GR-05020,PO-05020,2026-05-07,36,WH-MYS-01
GR-05021,PO-05021,2026-01-30,3,WH-HYD-01
GR-05022,PO-05022,2026-01-22,23,WH-MYS-01
GR-05023,PO-05023,2026-05-02,31,WH-MYS-01
GR-05024,PO-05024,2026-03-27,1,WH-CHN-01
GR-05025,PO-05025,2026-02-02,37,WH-HYD-01
GR-05026,PO-05026,2026-02-16,33,WH-HYD-01
GR-05027,PO-05027,2026-05-03,14,WH-HYD-01
GR-05028,PO-05028,2026-02-23,2,WH-HYD-01
GR-05029,PO-05029,2026-03-01,40,WH-MYS-01
GR-05030,PO-05030,2026-06-05,41,WH-CHN-01
GR-05031,PO-05031,2026-02-04,48,WH-BLR-01
GR-05032,PO-05032,2026-05-23,33,WH-CHN-01
GR-05033,PO-05033,2026-03-30,21,WH-BLR-01
GR-05034,PO-05034,2026-03-29,39,WH-MYS-01
GR-05035,PO-05035,2026-03-10,2,WH-HYD-01
GR-05036,PO-05036,2026-02-23,38,WH-HYD-01
GR-05037,PO-05037,2026-05-25,26,WH-MYS-01
GR-05038,PO-05038,2026-02-20,35,WH-CHN-01
GR-05039,PO-05039,2026-03-05,25,WH-HYD-01
GR-05040,PO-05040,2026-05-26,1,WH-HYD-01
GR-05041,PO-05041,2026-04-01,1,WH-BLR-01
GR-05042,PO-05042,2026-06-15,35,WH-HYD-01
GR-05043,PO-05043,2026-02-24,1,WH-BLR-01
GR-05044,PO-05044,2026-05-01,20,WH-BLR-01
GR-05045,PO-05045,2026-05-30,21,WH-MYS-01
GR-05046,PO-05046,2026-03-30,7,WH-MYS-01
GR-05047,PO-05047,2026-04-02,5,WH-CHN-01
GR-05048,PO-05048,2026-03-12,2,WH-CHN-01
GR-05049,PO-05049,2026-04-29,14,WH-MYS-01
GR-05050,PO-05050,2026-02-12,30,WH-MYS-01
GR-05051,PO-05051,2026-06-04,26,WH-CHN-01
GR-05052,PO-05052,2026-04-30,6,WH-MYS-01
GR-05053,PO-05053,2026-04-25,50,WH-CHN-01
GR-05054,PO-05054,2026-05-04,48,WH-BLR-01
GR-05055,PO-05055,2026-06-02,23,WH-MYS-01
GR-05056,PO-05056,2026-05-28,1,WH-HYD-01
GR-05057,PO-05057,2026-06-06,4,WH-MYS-01
GR-05058,PO-05058,2026-04-08,19,WH-BLR-01
GR-05059,PO-05059,2026-02-09,39,WH-MYS-01
GR-05060,PO-05060,2026-06-04,14,WH-BLR-01
GR-05061,PO-05061,2026-06-04,20,WH-HYD-01
GR-05062,PO-05062,2026-02-08,23,WH-CHN-01
GR-05063,PO-05063,2026-05-13,49,WH-BLR-01
GR-05064,PO-05064,2026-03-27,18,WH-HYD-01
GR-05065,PO-05065,2026-03-18,5,WH-HYD-01
GR-05066,PO-05066,2026-02-01,18,WH-HYD-01
GR-05067,PO-05067,2026-05-26,18,WH-HYD-01
GR-05068,PO-05068,2026-02-21,36,WH-BLR-01
GR-05069,PO-05069,2026-05-21,29,WH-HYD-01
GR-05070,PO-05070,2026-01-31,17,WH-BLR-01
GR-05071,PO-05071,2026-05-03,36,WH-MYS-01
GR-05072,PO-05072,2026-03-11,44,WH-HYD-01
GR-05073,PO-05073,2026-04-09,4,WH-MYS-01
GR-05074,PO-05074,2026-03-05,2,WH-MYS-01
GR-05075,PO-05075,2026-02-09,28,WH-CHN-01
GR-05076,PO-05076,2026-04-21,37,WH-HYD-01
GR-05077,PO-05077,2026-02-01,50,WH-BLR-01
GR-05078,PO-05078,2026-03-18,19,WH-HYD-01
GR-05079,PO-05079,2026-02-05,3,WH-MYS-01
GR-05080,PO-05080,2026-06-10,46,WH-MYS-01
GR-05081,PO-05081,2026-05-20,16,WH-HYD-01
GR-05082,PO-05082,2026-02-18,17,WH-MYS-01
GR-05083,PO-05083,2026-01-15,49,WH-MYS-01
GR-05084,PO-05084,2026-02-07,12,WH-HYD-01
GR-05085,PO-05085,2026-06-03,18,WH-MYS-01
GR-05086,PO-05086,2026-02-27,17,WH-HYD-01
GR-05087,PO-05087,2026-03-27,19,WH-BLR-01
GR-05088,PO-05088,2026-05-20,31,WH-HYD-01
GR-05089,PO-05089,2026-05-04,31,WH-CHN-01
GR-05090,PO-05090,2026-04-12,8,WH-CHN-01
GR-05091,PO-05091,2026-04-23,16,WH-BLR-01
GR-05092,PO-05092,2026-04-03,31,WH-BLR-01
GR-05093,PO-05093,2026-03-03,19,WH-MYS-01
GR-05094,PO-05094,2026-05-25,24,WH-MYS-01
GR-05095,PO-05095,2026-04-30,41,WH-HYD-01
GR-05096,PO-05096,2026-05-21,38,WH-BLR-01
GR-05097,PO-05097,2026-03-10,40,WH-CHN-01
GR-05098,PO-05098,2026-04-21,45,WH-MYS-01
GR-05099,PO-05099,2026-05-31,31,WH-MYS-01
GR-05100,PO-05100,2026-01-17,28,WH-CHN-01
GR-05101,PO-05101,2026-02-04,16,WH-CHN-01
GR-05102,PO-05102,2026-03-21,28,WH-CHN-01
GR-05103,PO-05103,2026-04-13,29,WH-CHN-01
GR-05104,PO-05104,2026-05-27,21,WH-CHN-01
GR-05105,PO-05105,2026-05-13,18,WH-HYD-01
GR-05106,PO-05106,2026-06-19,25,WH-BLR-01
GR-05107,PO-05107,2026-03-21,36,WH-CHN-01
GR-05108,PO-05108,2026-05-25,13,WH-BLR-01
GR-05109,PO-05109,2026-05-21,15,WH-MYS-01
GR-05110,PO-05110,2026-02-10,31,WH-BLR-01
GR-05111,PO-05111,2026-04-30,31,WH-MYS-01
GR-05112,PO-05112,2026-05-03,14,WH-HYD-01
GR-05113,PO-05113,2026-05-10,43,WH-CHN-01
GR-05114,PO-05114,2026-02-19,24,WH-CHN-01
GR-05115,PO-05115,2026-06-06,7,WH-BLR-01
GR-05116,PO-05116,2026-04-29,27,WH-HYD-01
GR-05117,PO-05117,2026-04-24,10,WH-MYS-01
GR-05118,PO-05118,2026-05-15,37,WH-CHN-01
GR-05119,PO-05119,2026-01-24,23,WH-BLR-01
GR-05120,PO-05120,2026-03-23,50,WH-BLR-01
GR-05121,PO-05121,2026-05-02,18,WH-BLR-01
GR-05122,PO-05122,2026-01-19,50,WH-CHN-01
GR-05123,PO-05123,2026-02-27,47,WH-HYD-01
GR-05124,PO-05124,2026-03-28,39,WH-CHN-01
GR-05125,PO-05125,2026-06-23,36,WH-CHN-01
GR-05126,PO-05126,2026-03-04,20,WH-HYD-01
GR-05127,PO-05127,2026-06-04,3,WH-CHN-01
GR-05128,PO-05128,2026-02-01,1,WH-BLR-01
GR-05129,PO-05129,2026-05-09,32,WH-CHN-01
GR-05130,PO-05130,2026-01-10,50,WH-BLR-01
GR-05131,PO-05131,2026-02-27,27,WH-BLR-01
GR-05132,PO-05132,2026-05-01,21,WH-BLR-01
GR-05133,PO-05133,2026-05-13,3,WH-BLR-01
GR-05134,PO-05134,2026-05-13,18,WH-HYD-01
GR-05135,PO-05135,2026-03-20,13,WH-HYD-01
GR-05136,PO-05136,2026-02-28,47,WH-CHN-01
GR-05137,PO-05137,2026-02-14,13,WH-BLR-01
GR-05138,PO-05138,2026-04-26,28,WH-CHN-01
GR-05139,PO-05139,2026-03-17,13,WH-CHN-01
GR-05140,PO-05140,2026-05-31,49,WH-BLR-01
GR-05141,PO-05141,2026-04-05,17,WH-MYS-01
GR-05142,PO-05142,2026-04-06,20,WH-MYS-01
GR-05143,PO-05143,2026-01-25,11,WH-HYD-01
GR-05144,PO-05144,2026-01-26,25,WH-BLR-01
GR-05145,PO-05145,2026-04-23,44,WH-CHN-01
GR-05146,PO-05146,2026-02-06,29,WH-MYS-01
GR-05147,PO-05147,2026-05-20,28,WH-CHN-01
GR-05148,PO-05148,2026-06-16,23,WH-MYS-01
GR-05149,PO-05149,2026-04-29,5,WH-HYD-01
GR-05150,PO-05150,2026-04-15,47,WH-CHN-01
GR-05151,PO-05151,2026-06-01,23,WH-CHN-01
GR-05152,PO-05152,2026-03-02,1,WH-CHN-01
GR-05153,PO-05153,2026-01-17,24,WH-HYD-01
GR-05154,PO-05154,2026-02-14,20,WH-MYS-01
GR-05155,PO-05155,2026-05-19,21,WH-MYS-01
GR-05156,PO-05156,2026-05-20,19,WH-BLR-01
GR-05157,PO-05157,2026-06-03,25,WH-CHN-01
GR-05158,PO-05158,2026-03-29,22,WH-CHN-01
GR-05159,PO-05159,2026-04-11,29,WH-CHN-01
GR-05160,PO-05160,2026-01-31,28,WH-BLR-01
GR-05161,PO-05161,2026-02-28,16,WH-HYD-01
GR-05162,PO-05162,2026-03-25,30,WH-BLR-01
GR-05163,PO-05163,2026-02-22,39,WH-BLR-01
GR-05164,PO-05164,2026-06-12,16,WH-HYD-01
GR-05165,PO-05165,2026-05-25,39,WH-BLR-01
GR-05166,PO-05166,2026-04-18,29,WH-BLR-01
GR-05167,PO-05167,2026-04-22,23,WH-CHN-01
GR-05168,PO-05168,2026-01-14,18,WH-CHN-01
GR-05169,PO-05169,2026-06-02,46,WH-HYD-01
GR-05170,PO-05170,2026-05-01,7,WH-HYD-01
GR-05171,PO-05171,2026-06-12,10,WH-HYD-01
GR-05172,PO-05172,2026-05-29,20,WH-MYS-01
GR-05173,PO-05173,2026-04-12,10,WH-HYD-01
GR-05174,PO-05174,2026-05-23,36,WH-BLR-01
GR-05175,PO-05175,2026-05-16,38,WH-HYD-01
GR-05176,PO-05176,2026-06-29,1,WH-CHN-01
GR-05177,PO-05177,2026-03-26,42,WH-MYS-01
GR-05178,PO-05178,2026-06-05,43,WH-MYS-01
GR-05179,PO-05179,2026-03-26,20,WH-CHN-01
GR-05180,PO-05180,2026-02-12,12,WH-CHN-01
GR-05181,PO-05181,2026-02-06,9,WH-HYD-01
GR-05182,PO-05182,2026-01-21,21,WH-CHN-01
GR-05183,PO-05183,2026-06-02,47,WH-BLR-01
GR-05184,PO-05184,2026-05-11,8,WH-CHN-01
GR-05185,PO-05185,2026-02-21,50,WH-MYS-01
GR-05186,PO-05186,2026-01-25,44,WH-HYD-01
GR-05187,PO-05187,2026-04-27,17,WH-MYS-01
GR-05188,PO-05188,2026-02-18,45,WH-BLR-01
GR-05189,PO-05189,2026-04-26,2,WH-HYD-01
GR-05190,PO-05190,2026-03-30,24,WH-HYD-01
GR-05191,PO-05191,2026-03-17,26,WH-BLR-01
GR-05192,PO-05192,2026-06-12,33,WH-CHN-01
GR-05193,PO-05193,2026-05-16,34,WH-BLR-01
GR-05194,PO-05194,2026-02-03,27,WH-MYS-01
GR-05195,PO-05195,2026-05-06,24,WH-CHN-01
GR-05196,PO-05196,2026-05-31,33,WH-MYS-01
GR-05197,PO-05197,2026-02-21,40,WH-MYS-01
GR-05198,PO-05198,2026-04-11,26,WH-CHN-01
GR-05199,PO-05199,2026-04-10,27,WH-MYS-01
GR-05200,PO-05200,2026-02-05,45,WH-CHN-01
GR-05201,PO-05201,2026-02-23,7,WH-HYD-01
GR-05202,PO-05202,2026-03-01,42,WH-MYS-01
GR-05203,PO-05203,2026-05-12,29,WH-BLR-01
GR-05204,PO-05204,2026-04-29,8,WH-MYS-01
GR-05205,PO-05205,2026-01-24,10,WH-CHN-01
GR-05206,PO-05206,2026-04-13,39,WH-CHN-01
GR-05207,PO-05207,2026-03-11,45,WH-HYD-01
GR-05208,PO-05208,2026-04-10,48,WH-CHN-01
GR-05209,PO-05209,2026-03-01,32,WH-MYS-01
GR-05210,PO-05210,2026-05-14,23,WH-CHN-01
GR-05211,PO-05211,2026-04-16,30,WH-CHN-01
GR-05212,PO-05212,2026-06-02,33,WH-BLR-01
GR-05213,PO-05213,2026-01-16,2,WH-CHN-01
GR-05214,PO-05214,2026-02-05,24,WH-HYD-01
GR-05215,PO-05215,2026-02-08,41,WH-BLR-01
GR-05216,PO-05216,2026-01-10,29,WH-HYD-01
GR-05217,PO-05217,2026-05-29,19,WH-HYD-01
GR-05218,PO-05218,2026-06-25,2,WH-MYS-01
GR-05219,PO-05219,2026-01-27,42,WH-HYD-01
GR-05220,PO-05220,2026-02-10,13,WH-HYD-01
GR-05221,PO-05221,2026-03-14,48,WH-CHN-01
GR-05222,PO-05222,2026-03-14,12,WH-MYS-01
GR-05223,PO-05223,2026-02-03,46,WH-HYD-01
GR-05224,PO-05224,2026-01-23,7,WH-BLR-01
GR-05225,PO-05225,2026-04-29,38,WH-CHN-01
GR-05226,PO-05226,2026-05-18,26,WH-BLR-01
GR-05227,PO-05227,2026-05-14,3,WH-MYS-01
GR-05228,PO-05228,2026-01-27,33,WH-MYS-01
GR-05229,PO-05229,2026-04-28,34,WH-HYD-01
GR-05230,PO-05230,2026-01-19,47,WH-MYS-01
GR-05231,PO-05231,2026-06-08,40,WH-HYD-01
GR-05232,PO-05232,2026-05-05,49,WH-MYS-01
GR-05233,PO-05233,2026-05-10,44,WH-CHN-01
GR-05234,PO-05234,2026-04-09,27,WH-HYD-01
GR-05235,PO-05235,2026-02-05,16,WH-BLR-01
GR-05236,PO-05236,2026-01-31,17,WH-BLR-01
GR-05237,PO-05237,2026-04-06,29,WH-BLR-01
GR-05238,PO-05238,2026-03-31,8,WH-MYS-01
GR-05239,PO-05239,2026-05-11,2,WH-MYS-01
GR-05240,PO-05240,2026-04-07,3,WH-HYD-01
GR-05241,PO-05241,2026-04-28,4,WH-BLR-01
GR-05242,PO-05242,2026-03-04,23,WH-BLR-01
GR-05243,PO-05243,2026-04-17,12,WH-MYS-01
GR-05244,PO-05244,2026-03-03,41,WH-CHN-01
GR-05245,PO-05245,2026-03-23,12,WH-HYD-01
GR-05246,PO-05246,2026-01-31,44,WH-BLR-01
GR-05247,PO-05247,2026-05-31,11,WH-HYD-01
GR-05248,PO-05248,2026-05-09,23,WH-MYS-01
GR-05249,PO-05249,2026-02-14,18,WH-CHN-01
GR-05250,PO-05250,2026-01-15,50,WH-MYS-01
GR-05251,PO-05251,2026-03-15,34,WH-BLR-01
GR-05252,PO-05252,2026-04-21,8,WH-MYS-01
GR-05253,PO-05253,2026-05-10,14,WH-HYD-01
GR-05254,PO-05254,2026-04-04,31,WH-BLR-01
GR-05255,PO-05255,2026-02-27,17,WH-CHN-01
GR-05256,PO-05256,2026-04-01,4,WH-BLR-01
GR-05257,PO-05257,2026-01-24,13,WH-CHN-01
GR-05258,PO-05258,2026-05-11,39,WH-MYS-01
GR-05259,PO-05259,2026-05-09,50,WH-HYD-01
GR-05260,PO-05260,2026-04-28,7,WH-CHN-01
GR-05261,PO-05261,2026-03-12,7,WH-MYS-01
GR-05262,PO-05262,2026-05-25,24,WH-HYD-01
GR-05263,PO-05263,2026-03-05,28,WH-MYS-01
GR-05264,PO-05264,2026-02-14,29,WH-MYS-01
GR-05265,PO-05265,2026-05-03,41,WH-BLR-01
GR-05266,PO-05266,2026-03-31,22,WH-HYD-01
GR-05267,PO-05267,2026-06-01,11,WH-MYS-01
GR-05268,PO-05268,2026-04-18,44,WH-HYD-01
GR-05269,PO-05269,2026-05-28,13,WH-HYD-01
GR-05270,PO-05270,2026-05-10,29,WH-HYD-01
GR-05271,PO-05271,2026-03-22,46,WH-HYD-01
GR-05272,PO-05272,2026-02-22,33,WH-CHN-01
GR-05273,PO-05273,2026-02-27,41,WH-HYD-01
GR-05274,PO-05274,2026-04-15,30,WH-HYD-01
GR-05275,PO-05275,2026-05-30,14,WH-BLR-01
GR-05276,PO-05276,2026-01-18,10,WH-BLR-01
GR-05277,PO-05277,2026-05-14,28,WH-BLR-01
GR-05278,PO-05278,2026-06-01,18,WH-CHN-01
GR-05279,PO-05279,2026-02-13,41,WH-CHN-01
GR-05280,PO-05280,2026-04-08,45,WH-CHN-01
GR-05281,PO-05281,2026-04-04,50,WH-BLR-01
GR-05282,PO-05282,2026-05-01,6,WH-CHN-01
GR-05283,PO-05283,2026-05-19,38,WH-CHN-01
GR-05284,PO-05284,2026-03-18,9,WH-MYS-01
GR-05285,PO-05285,2026-04-28,39,WH-CHN-01
GR-05286,PO-05286,2026-05-16,27,WH-HYD-01
GR-05287,PO-05287,2026-02-02,36,WH-BLR-01
GR-05288,PO-05288,2026-01-28,38,WH-MYS-01
GR-05289,PO-05289,2026-05-02,21,WH-MYS-01
GR-05290,PO-05290,2026-01-23,38,WH-CHN-01
GR-05291,PO-05291,2026-02-12,16,WH-CHN-01
GR-05292,PO-05292,2026-03-11,6,WH-CHN-01
GR-05293,PO-05293,2026-01-16,12,WH-MYS-01
GR-05294,PO-05294,2026-05-28,14,WH-CHN-01
GR-05295,PO-05295,2026-03-14,3,WH-BLR-01
GR-05296,PO-05296,2026-04-16,32,WH-MYS-01
GR-05297,PO-05297,2026-01-28,42,WH-CHN-01
GR-05298,PO-05298,2026-01-30,7,WH-MYS-01
GR-05299,PO-05299,2026-02-11,14,WH-CHN-01
GR-05300,PO-05300,2026-04-03,20,WH-HYD-01
GR-05301,PO-05301,2026-06-14,33,WH-MYS-01
GR-05302,PO-05302,2026-04-30,34,WH-CHN-01
GR-05303,PO-05303,2026-04-13,5,WH-HYD-01
GR-05304,PO-05304,2026-06-19,36,WH-HYD-01
GR-05305,PO-05305,2026-02-18,5,WH-MYS-01
GR-05306,PO-05306,2026-04-13,9,WH-BLR-01
GR-05307,PO-05307,2026-01-17,43,WH-HYD-01
GR-05308,PO-05308,2026-05-30,2,WH-BLR-01
GR-05309,PO-05309,2026-02-11,44,WH-CHN-01
GR-05310,PO-05310,2026-04-02,32,WH-BLR-01
GR-05311,PO-05311,2026-05-04,4,WH-CHN-01
GR-05312,PO-05312,2026-02-01,1,WH-HYD-01
GR-05313,PO-05313,2026-01-18,20,WH-MYS-01
GR-05314,PO-05314,2026-02-24,23,WH-CHN-01
GR-05315,PO-05315,2026-04-04,32,WH-BLR-01
GR-05316,PO-05316,2026-03-19,7,WH-MYS-01
GR-05317,PO-05317,2026-02-28,8,WH-MYS-01
GR-05318,PO-05318,2026-03-13,17,WH-HYD-01
GR-05319,PO-05319,2026-05-04,32,WH-BLR-01
GR-05320,PO-05320,2026-04-07,31,WH-CHN-01
GR-05321,PO-05321,2026-05-15,1,WH-CHN-01
GR-05322,PO-05322,2026-02-21,6,WH-MYS-01
GR-05323,PO-05323,2026-02-14,6,WH-BLR-01
GR-05324,PO-05324,2026-03-26,18,WH-BLR-01
GR-05325,PO-05325,2026-02-21,23,WH-HYD-01
GR-05326,PO-05326,2026-04-29,5,WH-HYD-01
GR-05327,PO-05327,2026-03-08,6,WH-CHN-01
GR-05328,PO-05328,2026-03-01,36,WH-HYD-01
GR-05329,PO-05329,2026-05-20,42,WH-CHN-01
GR-05330,PO-05330,2026-02-07,6,WH-CHN-01
GR-05331,PO-05331,2026-02-06,8,WH-HYD-01
GR-05332,PO-05332,2026-05-20,13,WH-HYD-01
GR-05333,PO-05333,2026-02-26,1,WH-MYS-01
GR-05334,PO-05334,2026-05-03,7,WH-BLR-01
GR-05335,PO-05335,2026-03-03,34,WH-CHN-01
GR-05336,PO-05336,2026-02-19,43,WH-CHN-01
GR-05337,PO-05337,2026-04-10,32,WH-CHN-01
GR-05338,PO-05338,2026-04-03,47,WH-BLR-01
GR-05339,PO-05339,2026-02-20,19,WH-HYD-01
GR-05340,PO-05340,2026-04-16,32,WH-BLR-01
GR-05341,PO-05341,2026-03-07,14,WH-BLR-01
GR-05342,PO-05342,2026-07-05,47,WH-CHN-01
GR-05343,PO-05343,2026-04-16,39,WH-HYD-01
GR-05344,PO-05344,2026-05-23,43,WH-MYS-01
GR-05345,PO-05345,2026-03-08,4,WH-CHN-01
GR-05346,PO-05346,2026-05-23,18,WH-MYS-01
GR-05347,PO-05347,2026-02-16,49,WH-CHN-01
GR-05348,PO-05348,2026-04-26,5,WH-CHN-01
GR-05349,PO-05349,2026-06-04,33,WH-HYD-01
GR-05350,PO-05350,2026-03-28,39,WH-CHN-01
GR-05351,PO-05351,2026-03-11,21,WH-BLR-01
GR-05352,PO-05352,2026-04-01,3,WH-MYS-01
GR-05353,PO-05353,2026-01-19,33,WH-BLR-01
GR-05354,PO-05354,2026-05-14,19,WH-MYS-01
GR-05355,PO-05355,2026-05-31,37,WH-BLR-01
GR-05356,PO-05356,2026-06-04,35,WH-MYS-01
GR-05357,PO-05357,2026-03-15,34,WH-HYD-01
GR-05358,PO-05358,2026-03-08,35,WH-BLR-01
GR-05359,PO-05359,2026-04-30,37,WH-BLR-01
GR-05360,PO-05360,2026-04-15,49,WH-HYD-01
GR-05361,PO-05361,2026-01-20,3,WH-MYS-01
GR-05362,PO-05362,2026-04-20,39,WH-HYD-01
GR-05363,PO-05363,2026-02-06,13,WH-MYS-01
GR-05364,PO-05364,2026-04-04,27,WH-BLR-01
GR-05365,PO-05365,2026-04-07,7,WH-BLR-01
GR-05366,PO-05366,2026-02-09,14,WH-CHN-01
GR-05367,PO-05367,2026-06-05,24,WH-BLR-01
GR-05368,PO-05368,2026-04-14,23,WH-CHN-01
GR-05369,PO-05369,2026-03-24,48,WH-BLR-01
GR-05370,PO-05370,2026-03-02,28,WH-CHN-01
GR-05371,PO-05371,2026-02-25,16,WH-HYD-01
GR-05372,PO-05372,2026-05-31,20,WH-MYS-01
GR-05373,PO-05373,2026-02-20,25,WH-MYS-01
GR-05374,PO-05374,2026-02-27,6,WH-MYS-01
GR-05375,PO-05375,2026-04-26,5,WH-MYS-01
GR-05376,PO-05376,2026-06-06,22,WH-CHN-01
GR-05377,PO-05377,2026-04-14,29,WH-MYS-01
GR-05378,PO-05378,2026-03-18,23,WH-HYD-01
GR-05379,PO-05379,2026-04-08,25,WH-CHN-01
GR-05380,PO-05380,2026-05-05,16,WH-BLR-01
GR-05381,PO-05381,2026-06-18,31,WH-BLR-01
GR-05382,PO-05382,2026-03-21,45,WH-MYS-01
GR-05383,PO-05383,2026-02-18,8,WH-BLR-01
GR-05384,PO-05384,2026-04-05,11,WH-MYS-01
GR-05385,PO-05385,2026-04-16,35,WH-CHN-01
GR-05386,PO-05386,2026-01-24,29,WH-CHN-01
GR-05387,PO-05387,2026-05-01,5,WH-MYS-01
GR-05388,PO-05388,2026-03-02,31,WH-HYD-01
GR-05389,PO-05389,2026-04-03,50,WH-HYD-01
GR-05390,PO-05390,2026-02-10,12,WH-HYD-01
GR-05391,PO-05391,2026-04-19,23,WH-HYD-01
GR-05392,PO-05392,2026-04-22,3,WH-BLR-01
GR-05393,PO-05393,2026-03-29,30,WH-CHN-01
GR-05394,PO-05394,2026-05-21,43,WH-MYS-01
GR-05395,PO-05395,2026-04-09,21,WH-BLR-01
GR-05396,PO-05396,2026-03-27,25,WH-MYS-01
GR-05397,PO-05397,2026-03-05,27,WH-CHN-01
GR-05398,PO-05398,2026-04-20,14,WH-BLR-01
GR-05399,PO-05399,2026-04-18,22,WH-HYD-01
GR-05400,PO-05400,2026-02-03,5,WH-HYD-01
GR-05401,PO-05401,2026-05-22,5,WH-MYS-01
GR-05402,PO-05402,2026-05-20,4,WH-BLR-01
GR-05403,PO-05403,2026-05-04,9,WH-HYD-01
GR-05404,PO-05404,2026-05-14,12,WH-BLR-01
GR-05405,PO-05405,2026-05-22,22,WH-BLR-01
GR-05406,PO-05406,2026-03-01,21,WH-BLR-01
GR-05407,PO-05407,2026-05-09,6,WH-CHN-01
GR-05408,PO-05408,2026-03-21,4,WH-HYD-01
GR-05409,PO-05409,2026-03-27,13,WH-MYS-01
GR-05410,PO-05410,2026-03-24,12,WH-MYS-01
GR-05411,PO-05411,2026-04-03,17,WH-HYD-01
GR-05412,PO-05412,2026-05-03,41,WH-BLR-01
GR-05413,PO-05413,2026-05-13,16,WH-HYD-01
GR-05414,PO-05414,2026-05-01,43,WH-HYD-01
GR-05415,PO-05415,2026-02-22,41,WH-CHN-01
GR-05416,PO-05416,2026-04-03,19,WH-HYD-01
GR-05417,PO-05417,2026-06-27,13,WH-BLR-01
GR-05418,PO-05418,2026-02-12,44,WH-HYD-01
GR-05419,PO-05419,2026-05-18,29,WH-BLR-01
GR-05420,PO-05420,2026-06-04,23,WH-CHN-01
GR-05421,PO-05421,2026-02-01,25,WH-HYD-01
GR-05422,PO-05422,2026-03-21,22,WH-MYS-01
GR-05423,PO-05423,2026-04-11,41,WH-BLR-01
GR-05424,PO-05424,2026-02-20,30,WH-BLR-01
GR-05425,PO-05425,2026-05-18,33,WH-BLR-01
GR-05426,PO-05426,2026-02-07,46,WH-HYD-01
GR-05427,PO-05427,2026-01-21,43,WH-HYD-01
GR-05428,PO-05428,2026-02-01,15,WH-HYD-01
GR-05429,PO-05429,2026-05-08,35,WH-MYS-01
GR-05430,PO-05430,2026-02-23,25,WH-HYD-01
GR-05431,PO-05431,2026-01-28,2,WH-BLR-01
GR-05432,PO-05432,2026-06-10,14,WH-MYS-01
GR-05433,PO-05433,2026-02-08,1,WH-MYS-01
GR-05434,PO-05434,2026-03-05,46,WH-HYD-01
GR-05435,PO-05435,2026-01-11,19,WH-CHN-01
GR-05436,PO-05436,2026-02-09,44,WH-CHN-01
GR-05437,PO-05437,2026-03-05,31,WH-HYD-01
GR-05438,PO-05438,2026-02-24,34,WH-BLR-01
GR-05439,PO-05439,2026-05-04,23,WH-CHN-01
GR-05440,PO-05440,2026-02-02,31,WH-HYD-01
GR-05441,PO-05441,2026-06-11,29,WH-HYD-01
GR-05442,PO-05442,2026-06-14,30,WH-MYS-01
GR-05443,PO-05443,2026-05-17,15,WH-BLR-01
GR-05444,PO-05444,2026-05-06,30,WH-BLR-01
GR-05445,PO-05445,2026-02-06,41,WH-CHN-01
GR-05446,PO-05446,2026-04-26,2,WH-CHN-01
GR-05447,PO-05447,2026-06-28,46,WH-MYS-01
GR-05448,PO-05448,2026-03-06,38,WH-MYS-01
GR-05449,PO-05449,2026-05-30,50,WH-BLR-01
GR-05450,PO-05450,2026-03-13,32,WH-MYS-01
GR-05451,PO-05451,2026-05-21,19,WH-MYS-01
GR-05452,PO-05452,2026-03-02,27,WH-BLR-01
GR-05453,PO-05453,2026-04-18,49,WH-MYS-01
GR-05454,PO-05454,2026-06-05,14,WH-MYS-01
GR-05455,PO-05455,2026-05-27,33,WH-HYD-01
GR-05456,PO-05456,2026-04-26,26,WH-CHN-01
GR-05457,PO-05457,2026-01-20,38,WH-MYS-01
GR-05458,PO-05458,2026-03-07,5,WH-BLR-01
GR-05459,PO-05459,2026-06-16,14,WH-BLR-01
GR-05460,PO-05460,2026-02-11,47,WH-MYS-01
GR-05461,PO-05461,2026-04-05,17,WH-HYD-01
GR-05462,PO-05462,2026-04-29,43,WH-BLR-01
GR-05463,PO-05463,2026-04-27,19,WH-CHN-01
GR-05464,PO-05464,2026-03-12,41,WH-BLR-01
GR-05465,PO-05465,2026-02-24,34,WH-CHN-01
GR-05466,PO-05466,2026-02-27,5,WH-CHN-01
GR-05467,PO-05467,2026-05-19,20,WH-MYS-01
GR-05468,PO-05468,2026-02-13,47,WH-BLR-01
GR-05469,PO-05469,2026-03-31,39,WH-CHN-01
GR-05470,PO-05470,2026-02-26,23,WH-HYD-01
GR-05471,PO-05471,2026-05-13,14,WH-HYD-01
GR-05472,PO-05472,2026-02-28,6,WH-CHN-01
GR-05473,PO-05473,2026-02-10,16,WH-HYD-01
GR-05474,PO-05474,2026-05-20,16,WH-HYD-01
GR-05475,PO-05475,2026-02-07,39,WH-HYD-01
GR-05476,PO-05476,2026-03-22,3,WH-BLR-01
GR-05477,PO-05477,2026-05-02,26,WH-HYD-01
GR-05478,PO-05478,2026-01-28,26,WH-MYS-01
GR-05479,PO-05479,2026-02-03,43,WH-MYS-01
GR-05480,PO-05480,2026-01-14,14,WH-BLR-01
GR-05481,PO-05481,2026-04-14,37,WH-BLR-01
GR-05482,PO-05482,2026-03-16,41,WH-BLR-01
GR-05483,PO-05483,2026-01-22,9,WH-HYD-01
GR-05484,PO-05484,2026-03-31,5,WH-CHN-01
GR-05485,PO-05485,2026-04-07,23,WH-MYS-01
GR-05486,PO-05486,2026-03-21,35,WH-MYS-01
GR-05487,PO-05487,2026-05-27,23,WH-BLR-01
GR-05488,PO-05488,2026-03-01,9,WH-HYD-01
GR-05489,PO-05489,2026-01-29,17,WH-MYS-01
GR-05490,PO-05490,2026-02-01,45,WH-CHN-01
GR-05491,PO-05491,2026-04-15,30,WH-BLR-01
GR-05492,PO-05492,2026-01-30,41,WH-CHN-01
GR-05493,PO-05493,2026-04-29,15,WH-HYD-01
GR-05494,PO-05494,2026-04-05,20,WH-MYS-01
GR-05495,PO-05495,2026-03-19,44,WH-BLR-01
GR-05496,PO-05496,2026-02-03,26,WH-HYD-01
GR-05497,PO-05497,2026-06-01,14,WH-HYD-01
GR-05498,PO-05498,2026-06-03,49,WH-BLR-01
GR-05499,PO-05499,2026-01-21,13,WH-MYS-01
GR-05500,PO-05500,2026-06-20,30,WH-CHN-01
GR-05501,PO-05501,2026-03-19,24,WH-HYD-01
GR-05502,PO-05502,2026-06-06,42,WH-MYS-01
GR-05503,PO-05503,2026-04-06,50,WH-CHN-01
GR-05504,PO-05504,2026-03-30,4,WH-CHN-01
GR-05505,PO-05505,2026-02-02,6,WH-HYD-01
GR-05506,PO-05506,2026-02-25,20,WH-MYS-01
GR-05507,PO-05507,2026-02-26,28,WH-HYD-01
GR-05508,PO-05508,2026-05-05,43,WH-CHN-01
GR-05509,PO-05509,2026-03-18,35,WH-HYD-01
GR-05510,PO-05510,2026-03-24,32,WH-CHN-01
GR-05511,PO-05511,2026-05-09,8,WH-HYD-01
GR-05512,PO-05512,2026-03-25,15,WH-HYD-01
GR-05513,PO-05513,2026-05-10,6,WH-HYD-01
GR-05514,PO-05514,2026-06-04,29,WH-CHN-01
GR-05515,PO-05515,2026-04-18,26,WH-MYS-01
GR-05516,PO-05516,2026-01-29,49,WH-CHN-01
GR-05517,PO-05517,2026-02-27,26,WH-MYS-01
GR-05518,PO-05518,2026-05-22,29,WH-HYD-01
GR-05519,PO-05519,2026-02-18,26,WH-CHN-01
GR-05520,PO-05520,2026-06-07,29,WH-HYD-01
GR-05521,PO-05521,2026-06-03,15,WH-BLR-01
GR-05522,PO-05522,2026-05-14,46,WH-CHN-01
GR-05523,PO-05523,2026-05-15,17,WH-HYD-01
GR-05524,PO-05524,2026-06-13,19,WH-HYD-01
GR-05525,PO-05525,2026-01-26,2,WH-BLR-01
GR-05526,PO-05526,2026-02-06,38,WH-BLR-01
GR-05527,PO-05527,2026-05-20,49,WH-BLR-01
GR-05528,PO-05528,2026-05-30,21,WH-MYS-01
GR-05529,PO-05529,2026-03-23,8,WH-MYS-01
GR-05530,PO-05530,2026-04-01,34,WH-HYD-01
GR-05531,PO-05531,2026-02-05,29,WH-BLR-01
GR-05532,PO-05532,2026-02-13,13,WH-HYD-01
GR-05533,PO-05533,2026-04-10,47,WH-BLR-01
GR-05534,PO-05534,2026-04-21,44,WH-MYS-01
GR-05535,PO-05535,2026-03-18,4,WH-CHN-01
GR-05536,PO-05536,2026-04-10,31,WH-CHN-01
GR-05537,PO-05537,2026-05-20,16,WH-MYS-01
GR-05538,PO-05538,2026-01-11,31,WH-BLR-01
GR-05539,PO-05539,2026-05-10,20,WH-HYD-01
GR-05540,PO-05540,2026-04-20,34,WH-HYD-01
GR-05541,PO-05541,2026-05-22,14,WH-CHN-01
GR-05542,PO-05542,2026-06-26,16,WH-BLR-01
GR-05543,PO-05543,2026-02-27,13,WH-CHN-01
GR-05544,PO-05544,2026-06-04,49,WH-MYS-01
GR-05545,PO-05545,2026-04-23,33,WH-HYD-01
GR-05546,PO-05546,2026-05-18,46,WH-BLR-01
GR-05547,PO-05547,2026-03-18,45,WH-HYD-01
GR-05548,PO-05548,2026-03-23,10,WH-BLR-01
GR-05549,PO-05549,2026-03-27,43,WH-MYS-01
GR-05550,PO-05550,2026-04-23,12,WH-HYD-01
GR-05551,PO-05551,2026-04-21,38,WH-BLR-01
GR-05552,PO-05552,2026-01-30,41,WH-CHN-01
GR-05553,PO-05553,2026-04-05,29,WH-BLR-01
GR-05554,PO-05554,2026-05-10,30,WH-BLR-01
GR-05555,PO-05555,2026-01-28,32,WH-BLR-01
GR-05556,PO-05556,2026-06-08,50,WH-BLR-01
GR-05557,PO-05557,2026-01-24,18,WH-CHN-01
GR-05558,PO-05558,2026-04-26,39,WH-BLR-01
GR-05559,PO-05559,2026-03-29,33,WH-BLR-01
GR-05560,PO-05560,2026-04-09,1,WH-BLR-01
GR-05561,PO-05561,2026-06-30,27,WH-MYS-01
GR-05562,PO-05562,2026-05-22,8,WH-CHN-01
GR-05563,PO-05563,2026-05-24,4,WH-HYD-01
GR-05564,PO-05564,2026-04-16,37,WH-HYD-01
GR-05565,PO-05565,2026-04-23,43,WH-CHN-01
GR-05566,PO-05566,2026-02-15,45,WH-CHN-01
GR-05567,PO-05567,2026-05-25,40,WH-HYD-01
GR-05568,PO-05568,2026-05-27,39,WH-CHN-01
GR-05569,PO-05569,2026-01-25,11,WH-HYD-01
GR-05570,PO-05570,2026-02-07,22,WH-HYD-01
GR-05571,PO-05571,2026-02-27,14,WH-BLR-01
GR-05572,PO-05572,2026-05-28,6,WH-BLR-01
GR-05573,PO-05573,2026-03-18,16,WH-CHN-01
GR-05574,PO-05574,2026-01-24,25,WH-BLR-01
GR-05575,PO-05575,2026-03-25,16,WH-BLR-01
GR-05576,PO-05576,2026-02-01,4,WH-CHN-01
GR-05577,PO-05577,2026-03-05,28,WH-BLR-01
GR-05578,PO-05578,2026-01-24,8,WH-CHN-01
GR-05579,PO-05579,2026-04-27,8,WH-BLR-01
GR-05580,PO-05580,2026-01-19,21,WH-HYD-01
GR-05581,PO-05581,2026-04-29,38,WH-CHN-01
GR-05582,PO-05582,2026-01-23,11,WH-MYS-01
GR-05583,PO-05583,2026-02-27,34,WH-MYS-01
GR-05584,PO-05584,2026-02-17,5,WH-MYS-01
GR-05585,PO-05585,2026-03-01,27,WH-BLR-01
GR-05586,PO-05586,2026-03-22,43,WH-CHN-01
GR-05587,PO-05587,2026-05-10,2,WH-MYS-01
GR-05588,PO-05588,2026-04-06,23,WH-BLR-01
GR-05589,PO-05589,2026-06-12,33,WH-BLR-01
GR-05590,PO-05590,2026-04-28,35,WH-MYS-01
GR-05591,PO-05591,2026-05-14,20,WH-BLR-01
GR-05592,PO-05592,2026-04-01,14,WH-MYS-01
GR-05593,PO-05593,2026-06-05,27,WH-BLR-01
GR-05594,PO-05594,2026-02-16,44,WH-MYS-01
GR-05595,PO-05595,2026-01-29,23,WH-BLR-01
GR-05596,PO-05596,2026-04-29,31,WH-CHN-01
GR-05597,PO-05597,2026-02-28,37,WH-HYD-01
GR-05598,PO-05598,2026-02-12,7,WH-HYD-01
GR-05599,PO-05599,2026-06-04,1,WH-BLR-01
GR-05600,PO-05600,2026-03-31,43,WH-BLR-01
GR-05601,PO-05601,2026-06-10,34,WH-MYS-01
GR-05602,PO-05602,2026-05-18,21,WH-BLR-01
GR-05603,PO-05603,2026-04-06,10,WH-MYS-01
GR-05604,PO-05604,2026-05-11,12,WH-HYD-01
GR-05605,PO-05605,2026-02-21,1,WH-BLR-01
GR-05606,PO-05606,2026-06-09,11,WH-BLR-01
GR-05607,PO-05607,2026-06-06,32,WH-MYS-01
GR-05608,PO-05608,2026-05-25,35,WH-BLR-01
GR-05609,PO-05609,2026-05-03,16,WH-BLR-01
GR-05610,PO-05610,2026-02-09,10,WH-CHN-01
GR-05611,PO-05611,2026-05-31,34,WH-MYS-01
GR-05612,PO-05612,2026-02-17,3,WH-HYD-01
GR-05613,PO-05613,2026-02-08,6,WH-BLR-01
GR-05614,PO-05614,2026-04-02,3,WH-MYS-01
GR-05615,PO-05615,2026-03-23,30,WH-CHN-01
GR-05616,PO-05616,2026-06-07,49,WH-MYS-01
GR-05617,PO-05617,2026-01-24,17,WH-CHN-01
GR-05618,PO-05618,2026-01-23,33,WH-HYD-01
GR-05619,PO-05619,2026-02-15,38,WH-HYD-01
GR-05620,PO-05620,2026-06-05,10,WH-MYS-01
GR-05621,PO-05621,2026-05-10,12,WH-HYD-01
GR-05622,PO-05622,2026-04-05,17,WH-BLR-01
GR-05623,PO-05623,2026-04-21,26,WH-MYS-01
GR-05624,PO-05624,2026-02-25,3,WH-MYS-01
GR-05625,PO-05625,2026-03-18,46,WH-MYS-01
GR-05626,PO-05626,2026-03-14,7,WH-CHN-01
GR-05627,PO-05627,2026-01-19,37,WH-CHN-01
GR-05628,PO-05628,2026-01-26,4,WH-CHN-01
GR-05629,PO-05629,2026-04-18,47,WH-CHN-01
GR-05630,PO-05630,2026-01-22,9,WH-CHN-01
GR-05631,PO-05631,2026-04-29,37,WH-CHN-01
GR-05632,PO-05632,2026-03-18,3,WH-BLR-01
GR-05633,PO-05633,2026-06-01,48,WH-CHN-01
GR-05634,PO-05634,2026-05-22,8,WH-MYS-01
GR-05635,PO-05635,2026-03-04,22,WH-CHN-01
GR-05636,PO-05636,2026-03-15,24,WH-BLR-01
GR-05637,PO-05637,2026-05-03,18,WH-CHN-01
GR-05638,PO-05638,2026-05-29,14,WH-MYS-01
GR-05639,PO-05639,2026-04-12,23,WH-BLR-01
GR-05640,PO-05640,2026-05-03,25,WH-HYD-01
GR-05641,PO-05641,2026-02-12,10,WH-BLR-01
GR-05642,PO-05642,2026-01-18,29,WH-HYD-01
GR-05643,PO-05643,2026-04-03,26,WH-HYD-01
GR-05644,PO-05644,2026-06-06,8,WH-CHN-01
GR-05645,PO-05645,2026-02-07,30,WH-BLR-01
GR-05646,PO-05646,2026-05-08,10,WH-CHN-01
GR-05647,PO-05647,2026-04-07,13,WH-MYS-01
GR-05648,PO-05648,2026-05-14,47,WH-MYS-01
GR-05649,PO-05649,2026-05-03,3,WH-BLR-01
GR-05650,PO-05650,2026-04-15,32,WH-CHN-01
GR-05651,PO-05651,2026-02-25,20,WH-CHN-01
GR-05652,PO-05652,2026-03-01,35,WH-MYS-01
GR-05653,PO-05653,2026-02-28,27,WH-HYD-01
GR-05654,PO-05654,2026-05-19,2,WH-CHN-01
GR-05655,PO-05655,2026-05-18,17,WH-HYD-01
GR-05656,PO-05656,2026-04-25,38,WH-HYD-01
GR-05657,PO-05657,2026-05-11,4,WH-HYD-01
GR-05658,PO-05658,2026-06-06,15,WH-BLR-01
GR-05659,PO-05659,2026-05-13,21,WH-CHN-01
GR-05660,PO-05660,2026-01-30,16,WH-CHN-01
GR-05661,PO-05661,2026-03-23,48,WH-MYS-01
GR-05662,PO-05662,2026-03-10,5,WH-HYD-01
GR-05663,PO-05663,2026-04-27,34,WH-CHN-01
GR-05664,PO-05664,2026-02-07,38,WH-BLR-01
GR-05665,PO-05665,2026-06-08,38,WH-MYS-01
GR-05666,PO-05666,2026-05-06,13,WH-BLR-01
GR-05667,PO-05667,2026-02-03,45,WH-BLR-01
GR-05668,PO-05668,2026-06-21,43,WH-BLR-01
GR-05669,PO-05669,2026-01-30,10,WH-HYD-01
GR-05670,PO-05670,2026-03-27,27,WH-HYD-01
GR-05671,PO-05671,2026-04-26,14,WH-BLR-01
GR-05672,PO-05672,2026-04-12,32,WH-CHN-01
GR-05673,PO-05673,2026-03-02,30,WH-CHN-01
GR-05674,PO-05674,2026-04-22,27,WH-CHN-01
GR-05675,PO-05675,2026-01-28,7,WH-MYS-01
GR-05676,PO-05676,2026-04-11,7,WH-CHN-01
GR-05677,PO-05677,2026-04-27,50,WH-CHN-01
GR-05678,PO-05678,2026-05-05,31,WH-MYS-01
GR-05679,PO-05679,2026-03-30,32,WH-BLR-01
GR-05680,PO-05680,2026-03-08,37,WH-CHN-01
GR-05681,PO-05681,2026-04-18,34,WH-MYS-01
GR-05682,PO-05682,2026-01-31,37,WH-MYS-01
GR-05683,PO-05683,2026-03-21,19,WH-MYS-01
GR-05684,PO-05684,2026-03-04,27,WH-HYD-01
GR-05685,PO-05685,2026-03-16,27,WH-CHN-01
GR-05686,PO-05686,2026-06-04,42,WH-MYS-01
GR-05687,PO-05687,2026-03-16,10,WH-MYS-01
GR-05688,PO-05688,2026-03-23,1,WH-BLR-01
GR-05689,PO-05689,2026-01-24,42,WH-MYS-01
GR-05690,PO-05690,2026-05-22,45,WH-MYS-01
GR-05691,PO-05691,2026-02-10,11,WH-CHN-01
GR-05692,PO-05692,2026-02-07,48,WH-HYD-01
GR-05693,PO-05693,2026-06-05,23,WH-HYD-01
GR-05694,PO-05694,2026-03-09,40,WH-MYS-01
GR-05695,PO-05695,2026-04-02,2,WH-BLR-01
GR-05696,PO-05696,2026-04-25,8,WH-HYD-01
GR-05697,PO-05697,2026-03-29,37,WH-BLR-01
GR-05698,PO-05698,2026-05-07,33,WH-BLR-01
GR-05699,PO-05699,2026-02-27,27,WH-HYD-01
GR-05700,PO-05700,2026-03-31,24,WH-CHN-01
GR-05701,PO-05701,2026-01-26,24,WH-BLR-01
GR-05702,PO-05702,2026-04-16,50,WH-HYD-01
GR-05703,PO-05703,2026-03-09,6,WH-CHN-01
GR-05704,PO-05704,2026-05-27,5,WH-MYS-01
GR-05705,PO-05705,2026-05-17,42,WH-MYS-01
GR-05706,PO-05706,2026-06-24,37,WH-HYD-01
GR-05707,PO-05707,2026-04-22,47,WH-HYD-01
GR-05708,PO-05708,2026-05-18,28,WH-BLR-01
GR-05709,PO-05709,2026-02-10,50,WH-MYS-01
GR-05710,PO-05710,2026-05-25,4,WH-HYD-01
GR-05711,PO-05711,2026-04-02,44,WH-MYS-01
GR-05712,PO-05712,2026-02-07,39,WH-BLR-01
GR-05713,PO-05713,2026-04-29,26,WH-MYS-01
GR-05714,PO-05714,2026-02-17,39,WH-HYD-01
GR-05715,PO-05715,2026-06-03,16,WH-BLR-01
GR-05716,PO-05716,2026-03-07,10,WH-MYS-01
GR-05717,PO-05717,2026-01-30,38,WH-MYS-01
GR-05718,PO-05718,2026-03-06,50,WH-CHN-01
GR-05719,PO-05719,2026-04-12,33,WH-CHN-01
GR-05720,PO-05720,2026-04-09,13,WH-MYS-01
GR-05721,PO-05721,2026-06-03,17,WH-MYS-01
GR-05722,PO-05722,2026-02-23,37,WH-BLR-01
GR-05723,PO-05723,2026-06-16,20,WH-CHN-01
GR-05724,PO-05724,2026-02-28,44,WH-MYS-01
GR-05725,PO-05725,2026-05-15,22,WH-CHN-01
GR-05726,PO-05726,2026-05-26,32,WH-MYS-01
GR-05727,PO-05727,2026-04-15,36,WH-CHN-01
GR-05728,PO-05728,2026-05-02,17,WH-HYD-01
GR-05729,PO-05729,2026-05-03,36,WH-CHN-01
GR-05730,PO-05730,2026-01-24,4,WH-BLR-01
GR-05731,PO-05731,2026-02-09,29,WH-HYD-01
GR-05732,PO-05732,2026-05-18,21,WH-MYS-01
GR-05733,PO-05733,2026-02-19,28,WH-BLR-01
GR-05734,PO-05734,2026-05-04,32,WH-BLR-01
GR-05735,PO-05735,2026-03-26,31,WH-CHN-01
GR-05736,PO-05736,2026-02-12,42,WH-HYD-01
GR-05737,PO-05737,2026-03-06,12,WH-CHN-01
GR-05738,PO-05738,2026-02-13,25,WH-BLR-01
GR-05739,PO-05739,2026-05-05,12,WH-MYS-01
GR-05740,PO-05740,2026-05-10,22,WH-CHN-01
GR-05741,PO-05741,2026-06-23,15,WH-HYD-01
GR-05742,PO-05742,2026-04-29,45,WH-CHN-01
GR-05743,PO-05743,2026-03-19,47,WH-MYS-01
GR-05744,PO-05744,2026-01-23,5,WH-MYS-01
GR-05745,PO-05745,2026-03-20,13,WH-CHN-01
GR-05746,PO-05746,2026-02-26,26,WH-BLR-01
GR-05747,PO-05747,2026-06-20,23,WH-HYD-01
GR-05748,PO-05748,2026-01-21,23,WH-BLR-01
GR-05749,PO-05749,2026-01-29,48,WH-MYS-01
GR-05750,PO-05750,2026-06-03,35,WH-BLR-01
GR-05751,PO-05751,2026-03-05,5,WH-MYS-01
GR-05752,PO-05752,2026-03-07,20,WH-BLR-01
GR-05753,PO-05753,2026-03-21,49,WH-MYS-01
GR-05754,PO-05754,2026-05-02,28,WH-CHN-01
GR-05755,PO-05755,2026-04-08,40,WH-BLR-01
GR-05756,PO-05756,2026-04-14,3,WH-CHN-01
GR-05757,PO-05757,2026-06-15,25,WH-MYS-01
GR-05758,PO-05758,2026-05-20,21,WH-CHN-01
GR-05759,PO-05759,2026-01-29,12,WH-BLR-01
GR-05760,PO-05760,2026-05-20,41,WH-CHN-01
GR-05761,PO-05761,2026-02-17,15,WH-BLR-01
GR-05762,PO-05762,2026-04-14,20,WH-BLR-01
GR-05763,PO-05763,2026-03-27,46,WH-HYD-01
GR-05764,PO-05764,2026-05-06,27,WH-HYD-01
GR-05765,PO-05765,2026-01-23,10,WH-CHN-01
GR-05766,PO-05766,2026-02-21,6,WH-BLR-01
GR-05767,PO-05767,2026-04-09,20,WH-BLR-01
GR-05768,PO-05768,2026-05-31,35,WH-MYS-01
GR-05769,PO-05769,2026-02-21,14,WH-HYD-01
GR-05770,PO-05770,2026-03-03,15,WH-HYD-01
GR-05771,PO-05771,2026-03-31,4,WH-BLR-01
GR-05772,PO-05772,2026-02-14,39,WH-BLR-01
GR-05773,PO-05773,2026-05-13,46,WH-MYS-01
GR-05774,PO-05774,2026-02-23,41,WH-CHN-01
GR-05775,PO-05775,2026-03-07,15,WH-MYS-01
GR-05776,PO-05776,2026-02-28,16,WH-HYD-01
GR-05777,PO-05777,2026-05-09,25,WH-MYS-01
GR-05778,PO-05778,2026-03-27,34,WH-HYD-01
GR-05779,PO-05779,2026-04-02,12,WH-HYD-01
GR-05780,PO-05780,2026-01-25,47,WH-HYD-01
GR-05781,PO-05781,2026-05-31,11,WH-CHN-01
GR-05782,PO-05782,2026-02-27,19,WH-BLR-01
GR-05783,PO-05783,2026-05-25,16,WH-MYS-01
GR-05784,PO-05784,2026-03-02,5,WH-HYD-01
GR-05785,PO-05785,2026-03-14,36,WH-HYD-01
GR-05786,PO-05786,2026-05-10,46,WH-CHN-01
GR-05787,PO-05787,2026-03-06,7,WH-CHN-01
GR-05788,PO-05788,2026-01-24,4,WH-BLR-01
GR-05789,PO-05789,2026-03-11,34,WH-HYD-01
GR-05790,PO-05790,2026-05-14,26,WH-CHN-01
GR-05791,PO-05791,2026-04-06,4,WH-MYS-01
GR-05792,PO-05792,2026-03-18,15,WH-HYD-01
GR-05793,PO-05793,2026-04-05,22,WH-BLR-01
GR-05794,PO-05794,2026-05-12,20,WH-MYS-01
GR-05795,PO-05795,2026-03-24,47,WH-MYS-01
GR-05796,PO-05796,2026-02-19,28,WH-HYD-01
GR-05797,PO-05797,2026-03-20,22,WH-MYS-01
GR-05798,PO-05798,2026-04-25,34,WH-CHN-01
GR-05799,PO-05799,2026-03-10,41,WH-MYS-01
GR-05800,PO-05800,2026-03-20,46,WH-BLR-01
GR-05801,PO-05801,2026-05-27,36,WH-BLR-01
GR-05802,PO-05802,2026-05-23,16,WH-BLR-01
GR-05803,PO-05803,2026-03-23,28,WH-HYD-01
GR-05804,PO-05804,2026-03-22,8,WH-MYS-01
GR-05805,PO-05805,2026-03-13,19,WH-MYS-01
GR-05806,PO-05806,2026-02-12,4,WH-MYS-01
GR-05807,PO-05807,2026-05-21,31,WH-HYD-01
GR-05808,PO-05808,2026-04-27,28,WH-BLR-01
GR-05809,PO-05809,2026-01-31,39,WH-MYS-01
GR-05810,PO-05810,2026-02-12,13,WH-CHN-01
GR-05811,PO-05811,2026-01-09,41,WH-CHN-01
GR-05812,PO-05812,2026-05-20,44,WH-MYS-01
GR-05813,PO-05813,2026-05-20,20,WH-MYS-01
GR-05814,PO-05814,2026-01-26,27,WH-CHN-01
GR-05815,PO-05815,2026-02-27,39,WH-MYS-01
GR-05816,PO-05816,2026-02-01,22,WH-MYS-01
GR-05817,PO-05817,2026-04-18,23,WH-BLR-01
GR-05818,PO-05818,2026-01-29,34,WH-BLR-01
GR-05819,PO-05819,2026-03-24,34,WH-MYS-01
GR-05820,PO-05820,2026-04-28,41,WH-HYD-01
GR-05821,PO-05821,2026-04-22,10,WH-MYS-01
GR-05822,PO-05822,2026-04-08,4,WH-MYS-01
GR-05823,PO-05823,2026-04-27,37,WH-BLR-01
GR-05824,PO-05824,2026-06-01,43,WH-BLR-01
GR-05825,PO-05825,2026-02-28,13,WH-MYS-01
GR-05826,PO-05826,2026-03-21,4,WH-CHN-01
GR-05827,PO-05827,2026-05-14,40,WH-MYS-01
GR-05828,PO-05828,2026-05-24,1,WH-HYD-01
GR-05829,PO-05829,2026-05-29,47,WH-CHN-01
GR-05830,PO-05830,2026-05-16,4,WH-BLR-01
GR-05831,PO-05831,2026-03-19,4,WH-HYD-01
GR-05832,PO-05832,2026-04-13,49,WH-BLR-01
GR-05833,PO-05833,2026-05-16,4,WH-CHN-01
GR-05834,PO-05834,2026-04-19,21,WH-BLR-01
GR-05835,PO-05835,2026-03-01,49,WH-MYS-01
GR-05836,PO-05836,2026-04-25,26,WH-CHN-01
GR-05837,PO-05837,2026-03-14,46,WH-MYS-01
GR-05838,PO-05838,2026-05-27,12,WH-CHN-01
GR-05839,PO-05839,2026-02-17,47,WH-BLR-01
GR-05840,PO-05840,2026-03-17,11,WH-BLR-01
GR-05841,PO-05841,2026-04-04,18,WH-CHN-01
GR-05842,PO-05842,2026-03-24,27,WH-BLR-01
GR-05843,PO-05843,2026-06-03,37,WH-HYD-01
GR-05844,PO-05844,2026-04-14,23,WH-MYS-01
GR-05845,PO-05845,2026-03-09,50,WH-MYS-01
GR-05846,PO-05846,2026-03-24,44,WH-HYD-01
GR-05847,PO-05847,2026-04-28,2,WH-BLR-01
GR-05848,PO-05848,2026-05-08,47,WH-HYD-01
GR-05849,PO-05849,2026-02-28,40,WH-MYS-01
GR-05850,PO-05850,2026-02-24,1,WH-HYD-01
GR-05851,PO-05851,2026-01-16,24,WH-HYD-01
GR-05852,PO-05852,2026-06-08,27,WH-CHN-01
GR-05853,PO-05853,2026-02-12,20,WH-HYD-01
GR-05854,PO-05854,2026-05-11,13,WH-CHN-01
GR-05855,PO-05855,2026-05-25,37,WH-BLR-01
GR-05856,PO-05856,2026-06-07,19,WH-HYD-01
GR-05857,PO-05857,2026-03-27,36,WH-MYS-01
GR-05858,PO-05858,2026-05-17,47,WH-BLR-01
GR-05859,PO-05859,2026-03-15,20,WH-BLR-01
GR-05860,PO-05860,2026-03-17,38,WH-BLR-01
GR-05861,PO-05861,2026-06-16,30,WH-BLR-01
GR-05862,PO-05862,2026-04-02,9,WH-MYS-01
GR-05863,PO-05863,2026-01-26,36,WH-CHN-01
GR-05864,PO-05864,2026-05-22,45,WH-BLR-01
GR-05865,PO-05865,2026-01-17,30,WH-HYD-01
GR-05866,PO-05866,2026-06-06,17,WH-BLR-01
GR-05867,PO-05867,2026-04-02,28,WH-HYD-01
GR-05868,PO-05868,2026-03-19,40,WH-HYD-01
GR-05869,PO-05869,2026-05-11,2,WH-MYS-01
GR-05870,PO-05870,2026-05-11,3,WH-BLR-01
GR-05871,PO-05871,2026-06-05,24,WH-BLR-01
GR-05872,PO-05872,2026-03-22,9,WH-MYS-01
GR-05873,PO-05873,2026-02-22,27,WH-CHN-01
GR-05874,PO-05874,2026-01-21,39,WH-HYD-01
GR-05875,PO-05875,2026-02-22,3,WH-MYS-01
GR-05876,PO-05876,2026-05-06,26,WH-HYD-01
GR-05877,PO-05877,2026-03-04,43,WH-CHN-01
GR-05878,PO-05878,2026-06-03,49,WH-CHN-01
GR-05879,PO-05879,2026-04-24,24,WH-MYS-01
GR-05880,PO-05880,2026-04-27,50,WH-CHN-01
GR-05881,PO-05881,2026-03-07,20,WH-MYS-01
GR-05882,PO-05882,2026-05-03,28,WH-HYD-01
GR-05883,PO-05883,2026-03-04,10,WH-CHN-01
GR-05884,PO-05884,2026-05-17,42,WH-BLR-01
GR-05885,PO-05885,2026-04-06,24,WH-MYS-01
GR-05886,PO-05886,2026-04-10,26,WH-MYS-01
GR-05887,PO-05887,2026-05-10,36,WH-CHN-01
GR-05888,PO-05888,2026-03-03,15,WH-BLR-01
GR-05889,PO-05889,2026-03-04,45,WH-BLR-01
GR-05890,PO-05890,2026-04-14,45,WH-MYS-01
GR-05891,PO-05891,2026-04-03,5,WH-HYD-01
GR-05892,PO-05892,2026-06-15,28,WH-BLR-01
GR-05893,PO-05893,2026-03-12,36,WH-BLR-01
GR-05894,PO-05894,2026-06-02,24,WH-MYS-01
GR-05895,PO-05895,2026-01-16,47,WH-MYS-01
GR-05896,PO-05896,2026-03-20,40,WH-CHN-01
GR-05897,PO-05897,2026-01-14,21,WH-CHN-01
GR-05898,PO-05898,2026-03-20,6,WH-BLR-01
GR-05899,PO-05899,2026-05-02,34,WH-CHN-01
GR-05900,PO-05900,2026-03-30,29,WH-BLR-01
GR-05901,PO-05901,2026-06-04,14,WH-CHN-01
GR-05902,PO-05902,2026-06-02,12,WH-MYS-01
GR-05903,PO-05903,2026-03-17,49,WH-CHN-01
GR-05904,PO-05904,2026-02-06,48,WH-MYS-01
GR-05905,PO-05905,2026-02-05,39,WH-HYD-01
GR-05906,PO-05906,2026-05-08,29,WH-BLR-01
GR-05907,PO-05907,2026-03-10,33,WH-CHN-01
GR-05908,PO-05908,2026-02-18,50,WH-MYS-01
GR-05909,PO-05909,2026-05-25,34,WH-MYS-01
GR-05910,PO-05910,2026-05-07,34,WH-HYD-01
GR-05911,PO-05911,2026-01-28,5,WH-HYD-01
GR-05912,PO-05912,2026-05-18,29,WH-MYS-01
GR-05913,PO-05913,2026-05-01,46,WH-HYD-01
GR-05914,PO-05914,2026-04-28,29,WH-CHN-01
GR-05915,PO-05915,2026-05-24,25,WH-HYD-01
GR-05916,PO-05916,2026-06-06,48,WH-MYS-01
GR-05917,PO-05917,2026-05-13,30,WH-CHN-01
GR-05918,PO-05918,2026-01-27,5,WH-CHN-01
GR-05919,PO-05919,2026-05-13,46,WH-HYD-01
GR-05920,PO-05920,2026-06-08,27,WH-MYS-01
GR-05921,PO-05921,2026-05-07,22,WH-BLR-01
GR-05922,PO-05922,2026-03-29,5,WH-BLR-01
GR-05923,PO-05923,2026-05-23,11,WH-BLR-01
GR-05924,PO-05924,2026-05-23,39,WH-MYS-01
GR-05925,PO-05925,2026-02-11,27,WH-HYD-01
GR-05926,PO-05926,2026-06-08,48,WH-HYD-01
GR-05927,PO-05927,2026-04-14,50,WH-BLR-01
GR-05928,PO-05928,2026-01-21,18,WH-HYD-01
GR-05929,PO-05929,2026-04-17,30,WH-HYD-01
GR-05930,PO-05930,2026-02-12,45,WH-CHN-01
GR-05931,PO-05931,2026-02-01,4,WH-CHN-01
GR-05932,PO-05932,2026-01-17,10,WH-CHN-01
GR-05933,PO-05933,2026-02-07,7,WH-CHN-01
GR-05934,PO-05934,2026-05-27,8,WH-CHN-01
GR-05935,PO-05935,2026-05-29,17,WH-MYS-01
GR-05936,PO-05936,2026-06-17,38,WH-CHN-01
GR-05937,PO-05937,2026-06-17,39,WH-BLR-01
GR-05938,PO-05938,2026-06-04,39,WH-BLR-01
GR-05939,PO-05939,2026-03-12,50,WH-MYS-01
GR-05940,PO-05940,2026-05-04,16,WH-MYS-01
GR-05941,PO-05941,2026-03-12,27,WH-BLR-01
GR-05942,PO-05942,2026-03-05,31,WH-BLR-01
GR-05943,PO-05943,2026-01-15,32,WH-MYS-01
GR-05944,PO-05944,2026-03-14,40,WH-MYS-01
GR-05945,PO-05945,2026-05-15,16,WH-BLR-01
GR-05946,PO-05946,2026-03-26,15,WH-CHN-01
GR-05947,PO-05947,2026-04-21,11,WH-CHN-01
GR-05948,PO-05948,2026-05-20,14,WH-CHN-01
GR-05949,PO-05949,2026-06-18,10,WH-BLR-01
GR-05950,PO-05950,2026-03-10,49,WH-MYS-01
GR-05951,PO-05951,2026-04-25,42,WH-CHN-01
GR-05952,PO-05952,2026-05-12,41,WH-CHN-01
GR-05953,PO-05953,2026-01-25,3,WH-HYD-01
GR-05954,PO-05954,2026-02-26,37,WH-HYD-01
GR-05955,PO-05955,2026-02-02,22,WH-CHN-01
GR-05956,PO-05956,2026-01-22,7,WH-CHN-01
GR-05957,PO-05957,2026-06-03,41,WH-MYS-01
GR-05958,PO-05958,2026-06-11,1,WH-MYS-01
GR-05959,PO-05959,2026-02-10,11,WH-BLR-01
GR-05960,PO-05960,2026-03-16,30,WH-BLR-01
GR-05961,PO-05961,2026-06-07,27,WH-CHN-01
GR-05962,PO-05962,2026-04-14,13,WH-MYS-01
GR-05963,PO-05963,2026-04-29,12,WH-CHN-01
GR-05964,PO-05964,2026-03-18,5,WH-CHN-01
GR-05965,PO-05965,2026-05-03,10,WH-MYS-01
GR-05966,PO-05966,2026-03-15,31,WH-MYS-01
GR-05967,PO-05967,2026-02-17,30,WH-HYD-01
GR-05968,PO-05968,2026-01-16,2,WH-CHN-01
GR-05969,PO-05969,2026-02-01,47,WH-HYD-01
GR-05970,PO-05970,2026-03-23,6,WH-BLR-01
GR-05971,PO-05971,2026-03-07,4,WH-MYS-01
GR-05972,PO-05972,2026-07-04,7,WH-HYD-01
GR-05973,PO-05973,2026-03-15,32,WH-CHN-01
GR-05974,PO-05974,2026-05-13,28,WH-MYS-01
GR-05975,PO-05975,2026-02-10,37,WH-BLR-01
GR-05976,PO-05976,2026-04-10,42,WH-MYS-01
GR-05977,PO-05977,2026-05-21,3,WH-MYS-01
GR-05978,PO-05978,2026-03-11,25,WH-MYS-01
GR-05979,PO-05979,2026-01-19,50,WH-CHN-01
GR-05980,PO-05980,2026-02-05,20,WH-HYD-01
GR-05981,PO-05981,2026-01-28,34,WH-CHN-01
GR-05982,PO-05982,2026-03-16,23,WH-CHN-01
GR-05983,PO-05983,2026-04-18,11,WH-BLR-01
GR-05984,PO-05984,2026-03-15,7,WH-HYD-01
GR-05985,PO-05985,2026-03-31,20,WH-BLR-01
GR-05986,PO-05986,2026-04-04,28,WH-HYD-01
GR-05987,PO-05987,2026-03-06,26,WH-BLR-01
GR-05988,PO-05988,2026-05-14,7,WH-CHN-01
GR-05989,PO-05989,2026-04-17,29,WH-BLR-01
GR-05990,PO-05990,2026-06-11,18,WH-MYS-01
GR-05991,PO-05991,2026-03-21,43,WH-BLR-01
GR-05992,PO-05992,2026-02-20,35,WH-BLR-01
GR-05993,PO-05993,2026-02-20,37,WH-MYS-01
GR-05994,PO-05994,2026-03-31,47,WH-HYD-01
GR-05995,PO-05995,2026-03-21,4,WH-HYD-01
GR-05996,PO-05996,2026-01-19,48,WH-BLR-01
GR-05997,PO-05997,2026-05-15,9,WH-BLR-01
GR-05998,PO-05998,2026-02-18,19,WH-MYS-01
GR-05999,PO-05999,2026-04-24,38,WH-HYD-01
GR-06000,PO-06000,2026-04-28,45,WH-HYD-01
GR-06001,PO-06001,2026-05-03,2,WH-HYD-01
GR-06002,PO-06002,2026-03-15,8,WH-HYD-01
GR-06003,PO-06003,2026-05-07,29,WH-HYD-01
GR-06004,PO-06004,2026-05-18,16,WH-BLR-01
GR-06005,PO-06005,2026-06-04,13,WH-HYD-01
GR-06006,PO-06006,2026-05-04,7,WH-MYS-01
GR-06007,PO-06007,2026-04-07,3,WH-CHN-01
GR-06008,PO-06008,2026-02-24,7,WH-BLR-01
GR-06009,PO-06009,2026-06-19,40,WH-MYS-01
GR-06010,PO-06010,2026-02-06,19,WH-MYS-01
GR-06011,PO-06011,2026-06-16,26,WH-CHN-01
GR-06012,PO-06012,2026-03-23,11,WH-HYD-01
GR-06013,PO-06013,2026-01-10,15,WH-BLR-01
GR-06014,PO-06014,2026-02-26,7,WH-BLR-01
GR-06015,PO-06015,2026-04-30,39,WH-CHN-01
GR-06016,PO-06016,2026-05-04,50,WH-MYS-01
GR-06017,PO-06017,2026-04-18,21,WH-BLR-01
GR-06018,PO-06018,2026-05-25,16,WH-CHN-01
GR-06019,PO-06019,2026-01-25,14,WH-BLR-01
GR-06020,PO-06020,2026-01-22,43,WH-HYD-01
GR-06021,PO-06021,2026-03-16,27,WH-MYS-01
GR-06022,PO-06022,2026-02-08,36,WH-HYD-01
GR-06023,PO-06023,2026-03-19,11,WH-CHN-01
GR-06024,PO-06024,2026-03-30,6,WH-BLR-01
GR-06025,PO-06025,2026-05-30,33,WH-HYD-01
GR-06026,PO-06026,2026-05-14,34,WH-CHN-01
GR-06027,PO-06027,2026-02-01,19,WH-CHN-01
GR-06028,PO-06028,2026-04-03,8,WH-MYS-01
GR-06029,PO-06029,2026-03-30,43,WH-HYD-01
GR-06030,PO-06030,2026-05-12,50,WH-MYS-01
GR-06031,PO-06031,2026-05-21,46,WH-BLR-01
GR-06032,PO-06032,2026-06-16,1,WH-BLR-01
GR-06033,PO-06033,2026-03-30,42,WH-MYS-01
GR-06034,PO-06034,2026-04-19,39,WH-CHN-01
GR-06035,PO-06035,2026-03-22,34,WH-BLR-01
GR-06036,PO-06036,2026-05-14,39,WH-CHN-01
GR-06037,PO-06037,2026-03-10,29,WH-BLR-01
GR-06038,PO-06038,2026-04-09,2,WH-BLR-01
GR-06039,PO-06039,2026-02-05,26,WH-MYS-01
GR-06040,PO-06040,2026-01-26,42,WH-MYS-01
GR-06041,PO-06041,2026-05-03,21,WH-BLR-01
GR-06042,PO-06042,2026-05-14,5,WH-CHN-01
GR-06043,PO-06043,2026-05-18,2,WH-CHN-01
GR-06044,PO-06044,2026-05-27,24,WH-HYD-01
GR-06045,PO-06045,2026-02-13,36,WH-HYD-01
GR-06046,PO-06046,2026-02-25,3,WH-CHN-01
GR-06047,PO-06047,2026-05-05,23,WH-CHN-01
GR-06048,PO-06048,2026-03-26,27,WH-BLR-01
GR-06049,PO-06049,2026-03-24,29,WH-BLR-01
GR-06050,PO-06050,2026-02-08,5,WH-CHN-01
GR-06051,PO-06051,2026-02-13,36,WH-MYS-01
GR-06052,PO-06052,2026-02-21,45,WH-CHN-01
GR-06053,PO-06053,2026-02-08,31,WH-HYD-01
GR-06054,PO-06054,2026-03-07,9,WH-BLR-01
GR-06055,PO-06055,2026-05-18,10,WH-CHN-01
GR-06056,PO-06056,2026-05-04,26,WH-BLR-01
GR-06057,PO-06057,2026-06-03,34,WH-HYD-01
GR-06058,PO-06058,2026-05-15,25,WH-MYS-01
GR-06059,PO-06059,2026-03-23,7,WH-CHN-01
GR-06060,PO-06060,2026-05-06,47,WH-BLR-01
GR-06061,PO-06061,2026-05-02,29,WH-CHN-01
GR-06062,PO-06062,2026-05-30,36,WH-MYS-01
GR-06063,PO-06063,2026-06-19,50,WH-BLR-01
GR-06064,PO-06064,2026-06-09,44,WH-CHN-01
GR-06065,PO-06065,2026-03-01,43,WH-CHN-01
GR-06066,PO-06066,2026-04-24,41,WH-HYD-01
GR-06067,PO-06067,2026-03-20,43,WH-CHN-01
GR-06068,PO-06068,2026-04-29,34,WH-CHN-01
GR-06069,PO-06069,2026-04-27,28,WH-HYD-01
GR-06070,PO-06070,2026-04-16,3,WH-BLR-01
GR-06071,PO-06071,2026-04-08,1,WH-CHN-01
GR-06072,PO-06072,2026-04-24,15,WH-MYS-01
GR-06073,PO-06073,2026-02-14,21,WH-MYS-01
GR-06074,PO-06074,2026-04-22,16,WH-HYD-01
GR-06075,PO-06075,2026-02-06,41,WH-HYD-01
GR-06076,PO-06076,2026-03-12,42,WH-BLR-01
GR-06077,PO-06077,2026-04-08,33,WH-BLR-01
GR-06078,PO-06078,2026-03-25,3,WH-BLR-01
GR-06079,PO-06079,2026-03-10,17,WH-HYD-01
GR-06080,PO-06080,2026-05-30,34,WH-MYS-01
GR-06081,PO-06081,2026-05-06,3,WH-MYS-01
GR-06082,PO-06082,2026-01-08,17,WH-HYD-01
GR-06083,PO-06083,2026-01-12,50,WH-MYS-01
GR-06084,PO-06084,2026-03-01,7,WH-CHN-01
GR-06085,PO-06085,2026-04-05,16,WH-CHN-01
GR-06086,PO-06086,2026-03-19,23,WH-MYS-01
GR-06087,PO-06087,2026-06-04,49,WH-CHN-01
GR-06088,PO-06088,2026-02-05,33,WH-BLR-01
GR-06089,PO-06089,2026-05-29,42,WH-HYD-01
GR-06090,PO-06090,2026-03-06,6,WH-MYS-01
GR-06091,PO-06091,2026-02-14,39,WH-BLR-01
GR-06092,PO-06092,2026-04-27,18,WH-CHN-01
GR-06093,PO-06093,2026-02-28,39,WH-BLR-01
GR-06094,PO-06094,2026-05-21,4,WH-HYD-01
GR-06095,PO-06095,2026-03-06,6,WH-MYS-01
GR-06096,PO-06096,2026-04-03,41,WH-CHN-01
GR-06097,PO-06097,2026-03-20,8,WH-MYS-01
GR-06098,PO-06098,2026-03-27,35,WH-MYS-01
GR-06099,PO-06099,2026-05-24,37,WH-BLR-01
GR-06100,PO-06100,2026-05-09,16,WH-MYS-01
GR-06101,PO-06101,2026-01-19,9,WH-BLR-01
GR-06102,PO-06102,2026-03-31,38,WH-BLR-01
GR-06103,PO-06103,2026-03-06,13,WH-BLR-01
GR-06104,PO-06104,2026-03-28,18,WH-BLR-01
GR-06105,PO-06105,2026-05-15,46,WH-CHN-01
GR-06106,PO-06106,2026-04-01,6,WH-CHN-01
GR-06107,PO-06107,2026-04-11,14,WH-BLR-01
GR-06108,PO-06108,2026-01-29,26,WH-CHN-01
GR-06109,PO-06109,2026-03-30,30,WH-MYS-01
GR-06110,PO-06110,2026-04-26,42,WH-HYD-01
GR-06111,PO-06111,2026-04-25,35,WH-BLR-01
GR-06112,PO-06112,2026-02-18,38,WH-HYD-01
GR-06113,PO-06113,2026-05-16,50,WH-BLR-01
GR-06114,PO-06114,2026-05-02,21,WH-BLR-01
GR-06115,PO-06115,2026-04-15,2,WH-CHN-01
GR-06116,PO-06116,2026-04-25,29,WH-BLR-01
GR-06117,PO-06117,2026-02-11,47,WH-CHN-01
GR-06118,PO-06118,2026-03-29,13,WH-MYS-01
GR-06119,PO-06119,2026-03-08,37,WH-MYS-01
GR-06120,PO-06120,2026-05-06,35,WH-HYD-01
GR-06121,PO-06121,2026-04-14,11,WH-CHN-01
GR-06122,PO-06122,2026-06-09,4,WH-CHN-01
GR-06123,PO-06123,2026-05-30,17,WH-BLR-01
GR-06124,PO-06124,2026-01-27,27,WH-MYS-01
GR-06125,PO-06125,2026-03-20,12,WH-HYD-01
GR-06126,PO-06126,2026-04-04,17,WH-BLR-01
GR-06127,PO-06127,2026-04-09,26,WH-HYD-01
GR-06128,PO-06128,2026-02-02,17,WH-CHN-01
GR-06129,PO-06129,2026-04-24,15,WH-BLR-01
GR-06130,PO-06130,2026-02-28,5,WH-CHN-01
GR-06131,PO-06131,2026-02-01,37,WH-CHN-01
GR-06132,PO-06132,2026-03-24,26,WH-HYD-01
GR-06133,PO-06133,2026-02-16,17,WH-HYD-01
GR-06134,PO-06134,2026-05-16,42,WH-MYS-01
GR-06135,PO-06135,2026-05-31,48,WH-CHN-01
GR-06136,PO-06136,2026-05-13,15,WH-HYD-01
GR-06137,PO-06137,2026-03-04,40,WH-CHN-01
GR-06138,PO-06138,2026-06-03,32,WH-MYS-01
GR-06139,PO-06139,2026-05-10,9,WH-HYD-01
GR-06140,PO-06140,2026-04-04,33,WH-BLR-01
GR-06141,PO-06141,2026-02-16,38,WH-CHN-01
GR-06142,PO-06142,2026-03-13,1,WH-HYD-01
GR-06143,PO-06143,2026-02-15,30,WH-MYS-01
GR-06144,PO-06144,2026-03-11,19,WH-HYD-01
GR-06145,PO-06145,2026-04-02,44,WH-MYS-01
GR-06146,PO-06146,2026-04-01,42,WH-CHN-01
GR-06147,PO-06147,2026-01-30,23,WH-BLR-01
GR-06148,PO-06148,2026-02-05,27,WH-CHN-01
GR-06149,PO-06149,2026-04-17,12,WH-BLR-01
GR-06150,PO-06150,2026-02-24,44,WH-BLR-01
GR-06151,PO-06151,2026-05-13,34,WH-MYS-01
GR-06152,PO-06152,2026-04-15,27,WH-MYS-01
GR-06153,PO-06153,2026-04-18,49,WH-HYD-01
GR-06154,PO-06154,2026-01-23,13,WH-MYS-01
GR-06155,PO-06155,2026-03-18,22,WH-HYD-01
GR-06156,PO-06156,2026-04-10,22,WH-BLR-01
GR-06157,PO-06157,2026-01-24,35,WH-MYS-01
GR-06158,PO-06158,2026-03-07,14,WH-MYS-01
GR-06159,PO-06159,2026-03-16,16,WH-BLR-01
GR-06160,PO-06160,2026-06-06,49,WH-HYD-01
GR-06161,PO-06161,2026-05-27,22,WH-CHN-01
GR-06162,PO-06162,2026-03-03,23,WH-CHN-01
GR-06163,PO-06163,2026-04-21,20,WH-HYD-01
GR-06164,PO-06164,2026-01-28,47,WH-CHN-01
GR-06165,PO-06165,2026-04-14,14,WH-CHN-01
GR-06166,PO-06166,2026-04-14,26,WH-MYS-01
GR-06167,PO-06167,2026-02-18,21,WH-BLR-01
GR-06168,PO-06168,2026-05-07,43,WH-CHN-01
GR-06169,PO-06169,2026-02-12,19,WH-BLR-01
GR-06170,PO-06170,2026-03-27,48,WH-MYS-01
GR-06171,PO-06171,2026-02-19,47,WH-BLR-01
GR-06172,PO-06172,2026-02-22,4,WH-MYS-01
GR-06173,PO-06173,2026-02-28,38,WH-BLR-01
GR-06174,PO-06174,2026-02-02,42,WH-MYS-01
GR-06175,PO-06175,2026-06-03,39,WH-CHN-01
GR-06176,PO-06176,2026-06-08,50,WH-CHN-01
GR-06177,PO-06177,2026-02-13,10,WH-HYD-01
GR-06178,PO-06178,2026-05-13,45,WH-CHN-01
GR-06179,PO-06179,2026-05-02,1,WH-MYS-01
GR-06180,PO-06180,2026-01-07,23,WH-MYS-01
GR-06181,PO-06181,2026-04-14,43,WH-CHN-01
GR-06182,PO-06182,2026-05-15,17,WH-MYS-01
GR-06183,PO-06183,2026-05-09,24,WH-CHN-01
GR-06184,PO-06184,2026-05-25,15,WH-MYS-01
GR-06185,PO-06185,2026-05-25,29,WH-MYS-01
GR-06186,PO-06186,2026-03-04,19,WH-HYD-01
GR-06187,PO-06187,2026-03-04,18,WH-CHN-01
GR-06188,PO-06188,2026-01-22,20,WH-HYD-01
GR-06189,PO-06189,2026-03-28,3,WH-MYS-01
GR-06190,PO-06190,2026-03-22,18,WH-MYS-01
GR-06191,PO-06191,2026-06-15,38,WH-CHN-01
GR-06192,PO-06192,2026-02-23,43,WH-HYD-01
GR-06193,PO-06193,2026-02-24,47,WH-MYS-01
GR-06194,PO-06194,2026-03-20,6,WH-BLR-01
GR-06195,PO-06195,2026-01-21,45,WH-HYD-01
GR-06196,PO-06196,2026-06-01,5,WH-MYS-01
GR-06197,PO-06197,2026-04-04,37,WH-BLR-01
GR-06198,PO-06198,2026-01-13,35,WH-HYD-01
GR-06199,PO-06199,2026-05-21,38,WH-HYD-01
GR-06200,PO-06200,2026-02-23,8,WH-CHN-01
GR-06201,PO-06201,2026-04-18,14,WH-MYS-01
GR-06202,PO-06202,2026-05-12,15,WH-HYD-01
GR-06203,PO-06203,2026-03-26,27,WH-HYD-01
GR-06204,PO-06204,2026-04-11,28,WH-CHN-01
GR-06205,PO-06205,2026-05-15,13,WH-HYD-01
GR-06206,PO-06206,2026-06-02,15,WH-HYD-01
GR-06207,PO-06207,2026-02-20,26,WH-HYD-01
GR-06208,PO-06208,2026-03-23,50,WH-MYS-01
GR-06209,PO-06209,2026-04-03,9,WH-HYD-01
GR-06210,PO-06210,2026-03-10,15,WH-CHN-01
GR-06211,PO-06211,2026-06-04,24,WH-BLR-01
GR-06212,PO-06212,2026-03-12,21,WH-HYD-01
GR-06213,PO-06213,2026-05-16,25,WH-CHN-01
GR-06214,PO-06214,2026-03-21,29,WH-BLR-01
GR-06215,PO-06215,2026-05-17,35,WH-BLR-01
GR-06216,PO-06216,2026-02-19,36,WH-HYD-01
GR-06217,PO-06217,2026-03-01,9,WH-BLR-01
GR-06218,PO-06218,2026-01-18,25,WH-BLR-01
GR-06219,PO-06219,2026-05-10,29,WH-MYS-01
GR-06220,PO-06220,2026-01-25,42,WH-HYD-01
GR-06221,PO-06221,2026-01-24,11,WH-HYD-01
GR-06222,PO-06222,2026-02-28,16,WH-HYD-01
GR-06223,PO-06223,2026-05-31,15,WH-CHN-01
GR-06224,PO-06224,2026-05-05,39,WH-BLR-01
GR-06225,PO-06225,2026-04-05,5,WH-CHN-01
GR-06226,PO-06226,2026-05-09,36,WH-BLR-01
GR-06227,PO-06227,2026-04-10,6,WH-CHN-01
GR-06228,PO-06228,2026-02-12,29,WH-BLR-01
GR-06229,PO-06229,2026-04-21,8,WH-CHN-01
GR-06230,PO-06230,2026-02-23,4,WH-CHN-01
GR-06231,PO-06231,2026-01-30,38,WH-HYD-01
GR-06232,PO-06232,2026-03-30,23,WH-BLR-01
GR-06233,PO-06233,2026-04-30,44,WH-BLR-01
GR-06234,PO-06234,2026-01-08,29,WH-HYD-01
GR-06235,PO-06235,2026-02-05,15,WH-CHN-01
GR-06236,PO-06236,2026-02-25,49,WH-CHN-01
GR-06237,PO-06237,2026-04-01,26,WH-HYD-01
GR-06238,PO-06238,2026-03-17,31,WH-CHN-01
GR-06239,PO-06239,2026-03-18,35,WH-CHN-01
GR-06240,PO-06240,2026-04-27,25,WH-MYS-01
GR-06241,PO-06241,2026-06-06,13,WH-CHN-01
GR-06242,PO-06242,2026-05-21,26,WH-CHN-01
GR-06243,PO-06243,2026-05-21,50,WH-HYD-01
GR-06244,PO-06244,2026-01-29,32,WH-MYS-01
GR-06245,PO-06245,2026-02-22,43,WH-MYS-01
GR-06246,PO-06246,2026-03-13,10,WH-BLR-01
GR-06247,PO-06247,2026-05-05,19,WH-CHN-01
GR-06248,PO-06248,2026-05-10,32,WH-BLR-01
GR-06249,PO-06249,2026-01-15,24,WH-MYS-01
GR-06250,PO-06250,2026-05-15,13,WH-MYS-01
GR-06251,PO-06251,2026-03-17,24,WH-CHN-01
GR-06252,PO-06252,2026-06-03,45,WH-BLR-01
GR-06253,PO-06253,2026-01-30,6,WH-CHN-01
GR-06254,PO-06254,2026-03-18,34,WH-BLR-01
GR-06255,PO-06255,2026-04-13,34,WH-HYD-01
GR-06256,PO-06256,2026-01-23,20,WH-BLR-01
GR-06257,PO-06257,2026-03-04,28,WH-BLR-01
GR-06258,PO-06258,2026-06-01,23,WH-HYD-01
GR-06259,PO-06259,2026-01-18,46,WH-BLR-01
GR-06260,PO-06260,2026-02-19,35,WH-BLR-01
GR-06261,PO-06261,2026-04-09,41,WH-HYD-01
GR-06262,PO-06262,2026-05-01,32,WH-MYS-01
GR-06263,PO-06263,2026-06-03,19,WH-HYD-01
GR-06264,PO-06264,2026-06-08,17,WH-MYS-01
GR-06265,PO-06265,2026-04-13,50,WH-CHN-01
GR-06266,PO-06266,2026-04-06,48,WH-BLR-01
GR-06267,PO-06267,2026-05-17,46,WH-BLR-01
GR-06268,PO-06268,2026-01-18,5,WH-MYS-01
GR-06269,PO-06269,2026-03-23,6,WH-CHN-01
GR-06270,PO-06270,2026-04-21,22,WH-BLR-01
GR-06271,PO-06271,2026-05-23,20,WH-HYD-01
GR-06272,PO-06272,2026-04-29,7,WH-CHN-01
GR-06273,PO-06273,2026-05-17,41,WH-BLR-01
GR-06274,PO-06274,2026-02-24,50,WH-CHN-01
GR-06275,PO-06275,2026-04-11,8,WH-HYD-01
GR-06276,PO-06276,2026-04-29,32,WH-MYS-01
GR-06277,PO-06277,2026-03-23,50,WH-BLR-01
GR-06278,PO-06278,2026-05-30,7,WH-BLR-01
GR-06279,PO-06279,2026-04-03,19,WH-CHN-01
GR-06280,PO-06280,2026-03-16,10,WH-MYS-01
GR-06281,PO-06281,2026-05-18,7,WH-MYS-01
GR-06282,PO-06282,2026-04-02,17,WH-MYS-01
GR-06283,PO-06283,2026-05-10,33,WH-BLR-01
GR-06284,PO-06284,2026-04-06,29,WH-CHN-01
GR-06285,PO-06285,2026-02-06,3,WH-CHN-01
GR-06286,PO-06286,2026-05-19,13,WH-CHN-01
GR-06287,PO-06287,2026-05-13,10,WH-HYD-01
GR-06288,PO-06288,2026-01-17,41,WH-MYS-01
GR-06289,PO-06289,2026-06-03,1,WH-CHN-01
GR-06290,PO-06290,2026-01-13,48,WH-BLR-01
GR-06291,PO-06291,2026-02-23,20,WH-MYS-01
GR-06292,PO-06292,2026-02-04,26,WH-BLR-01
GR-06293,PO-06293,2026-02-05,2,WH-BLR-01
GR-06294,PO-06294,2026-05-05,29,WH-HYD-01
GR-06295,PO-06295,2026-04-06,7,WH-HYD-01
GR-06296,PO-06296,2026-04-02,11,WH-BLR-01
GR-06297,PO-06297,2026-04-18,41,WH-BLR-01
GR-06298,PO-06298,2026-05-07,49,WH-BLR-01
GR-06299,PO-06299,2026-01-26,45,WH-BLR-01
GR-06300,PO-06300,2026-04-16,18,WH-MYS-01
GR-06301,PO-06301,2026-04-19,47,WH-HYD-01
GR-06302,PO-06302,2026-05-13,41,WH-HYD-01
GR-06303,PO-06303,2026-05-13,15,WH-MYS-01
GR-06304,PO-06304,2026-03-21,48,WH-MYS-01
GR-06305,PO-06305,2026-05-09,40,WH-CHN-01
GR-06306,PO-06306,2026-01-25,3,WH-BLR-01
GR-06307,PO-06307,2026-04-10,35,WH-HYD-01
GR-06308,PO-06308,2026-05-12,29,WH-CHN-01
GR-06309,PO-06309,2026-02-19,25,WH-CHN-01
GR-06310,PO-06310,2026-04-19,7,WH-HYD-01
GR-06311,PO-06311,2026-04-24,44,WH-MYS-01
GR-06312,PO-06312,2026-05-15,16,WH-CHN-01
GR-06313,PO-06313,2026-05-16,49,WH-HYD-01
GR-06314,PO-06314,2026-01-25,35,WH-MYS-01
GR-06315,PO-06315,2026-05-06,22,WH-MYS-01
GR-06316,PO-06316,2026-03-06,1,WH-HYD-01
GR-06317,PO-06317,2026-03-30,15,WH-BLR-01
GR-06318,PO-06318,2026-02-14,47,WH-BLR-01
GR-06319,PO-06319,2026-03-31,11,WH-CHN-01
GR-06320,PO-06320,2026-02-14,7,WH-MYS-01
GR-06321,PO-06321,2026-01-31,48,WH-MYS-01
GR-06322,PO-06322,2026-06-05,12,WH-HYD-01
GR-06323,PO-06323,2026-06-02,8,WH-BLR-01
GR-06324,PO-06324,2026-05-25,46,WH-MYS-01
GR-06325,PO-06325,2026-03-30,10,WH-MYS-01
GR-06326,PO-06326,2026-05-12,13,WH-CHN-01
GR-06327,PO-06327,2026-03-16,31,WH-CHN-01
GR-06328,PO-06328,2026-03-11,49,WH-BLR-01
GR-06329,PO-06329,2026-05-07,1,WH-CHN-01
GR-06330,PO-06330,2026-06-18,22,WH-CHN-01
GR-06331,PO-06331,2026-02-27,46,WH-MYS-01
GR-06332,PO-06332,2026-02-23,32,WH-CHN-01
GR-06333,PO-06333,2026-02-01,6,WH-HYD-01
GR-06334,PO-06334,2026-05-12,45,WH-MYS-01
GR-06335,PO-06335,2026-03-30,1,WH-BLR-01
GR-06336,PO-06336,2026-03-04,10,WH-CHN-01
GR-06337,PO-06337,2026-02-15,5,WH-BLR-01
GR-06338,PO-06338,2026-06-09,50,WH-BLR-01
GR-06339,PO-06339,2026-05-11,43,WH-BLR-01
GR-06340,PO-06340,2026-03-05,33,WH-MYS-01
GR-06341,PO-06341,2026-04-18,35,WH-MYS-01
GR-06342,PO-06342,2026-03-20,12,WH-HYD-01
GR-06343,PO-06343,2026-04-01,28,WH-HYD-01
GR-06344,PO-06344,2026-06-21,32,WH-BLR-01
GR-06345,PO-06345,2026-04-25,11,WH-MYS-01
GR-06346,PO-06346,2026-01-24,43,WH-MYS-01
GR-06347,PO-06347,2026-04-25,48,WH-CHN-01
GR-06348,PO-06348,2026-03-16,10,WH-BLR-01
GR-06349,PO-06349,2026-01-26,9,WH-MYS-01
GR-06350,PO-06350,2026-01-22,22,WH-MYS-01
GR-06351,PO-06351,2026-02-05,38,WH-MYS-01
GR-06352,PO-06352,2026-05-01,21,WH-BLR-01
GR-06353,PO-06353,2026-05-31,44,WH-BLR-01
GR-06354,PO-06354,2026-03-17,32,WH-BLR-01
GR-06355,PO-06355,2026-02-15,8,WH-HYD-01
GR-06356,PO-06356,2026-05-23,21,WH-CHN-01
GR-06357,PO-06357,2026-05-17,13,WH-HYD-01
GR-06358,PO-06358,2026-03-22,10,WH-HYD-01
GR-06359,PO-06359,2026-03-18,35,WH-BLR-01
GR-06360,PO-06360,2026-02-11,24,WH-MYS-01
GR-06361,PO-06361,2026-06-09,17,WH-BLR-01
GR-06362,PO-06362,2026-02-03,47,WH-MYS-01
GR-06363,PO-06363,2026-01-26,19,WH-BLR-01
GR-06364,PO-06364,2026-06-19,10,WH-HYD-01
GR-06365,PO-06365,2026-03-04,24,WH-HYD-01
GR-06366,PO-06366,2026-04-09,17,WH-BLR-01
GR-06367,PO-06367,2026-01-10,45,WH-BLR-01
GR-06368,PO-06368,2026-04-07,1,WH-HYD-01
GR-06369,PO-06369,2026-06-20,20,WH-HYD-01
GR-06370,PO-06370,2026-05-21,42,WH-HYD-01
GR-06371,PO-06371,2026-02-06,28,WH-BLR-01
GR-06372,PO-06372,2026-04-17,28,WH-MYS-01
GR-06373,PO-06373,2026-04-10,11,WH-BLR-01
GR-06374,PO-06374,2026-05-11,25,WH-HYD-01
GR-06375,PO-06375,2026-03-22,3,WH-CHN-01
GR-06376,PO-06376,2026-06-05,29,WH-BLR-01
GR-06377,PO-06377,2026-02-01,23,WH-HYD-01
GR-06378,PO-06378,2026-05-25,13,WH-BLR-01
GR-06379,PO-06379,2026-03-16,5,WH-CHN-01
GR-06380,PO-06380,2026-06-14,16,WH-HYD-01
GR-06381,PO-06381,2026-05-21,21,WH-HYD-01
GR-06382,PO-06382,2026-02-15,48,WH-MYS-01
GR-06383,PO-06383,2026-04-11,30,WH-HYD-01
GR-06384,PO-06384,2026-04-14,17,WH-HYD-01
GR-06385,PO-06385,2026-06-11,43,WH-MYS-01
GR-06386,PO-06386,2026-04-22,28,WH-HYD-01
GR-06387,PO-06387,2026-04-23,42,WH-CHN-01
GR-06388,PO-06388,2026-01-22,17,WH-MYS-01
GR-06389,PO-06389,2026-06-08,3,WH-HYD-01
GR-06390,PO-06390,2026-05-25,18,WH-HYD-01
GR-06391,PO-06391,2026-02-13,31,WH-CHN-01
GR-06392,PO-06392,2026-06-02,6,WH-BLR-01
GR-06393,PO-06393,2026-02-27,5,WH-CHN-01
GR-06394,PO-06394,2026-04-12,33,WH-MYS-01
GR-06395,PO-06395,2026-04-22,19,WH-MYS-01
GR-06396,PO-06396,2026-02-21,12,WH-BLR-01
GR-06397,PO-06397,2026-04-08,24,WH-HYD-01
GR-06398,PO-06398,2026-04-29,45,WH-BLR-01
GR-06399,PO-06399,2026-05-11,6,WH-BLR-01
GR-06400,PO-06400,2026-01-15,32,WH-BLR-01
GR-06401,PO-06401,2026-02-09,26,WH-BLR-01
GR-06402,PO-06402,2026-04-15,33,WH-HYD-01
GR-06403,PO-06403,2026-02-24,37,WH-BLR-01
GR-06404,PO-06404,2026-05-21,13,WH-CHN-01
GR-06405,PO-06405,2026-03-16,30,WH-BLR-01
GR-06406,PO-06406,2026-05-11,49,WH-HYD-01
GR-06407,PO-06407,2026-02-27,6,WH-MYS-01
GR-06408,PO-06408,2026-02-08,4,WH-BLR-01
GR-06409,PO-06409,2026-03-05,47,WH-BLR-01
GR-06410,PO-06410,2026-03-11,20,WH-MYS-01
GR-06411,PO-06411,2026-05-16,9,WH-HYD-01
GR-06412,PO-06412,2026-04-03,14,WH-BLR-01
GR-06413,PO-06413,2026-02-06,33,WH-CHN-01
GR-06414,PO-06414,2026-06-17,24,WH-CHN-01
GR-06415,PO-06415,2026-03-29,27,WH-HYD-01
GR-06416,PO-06416,2026-04-18,8,WH-CHN-01
GR-06417,PO-06417,2026-06-07,47,WH-CHN-01
GR-06418,PO-06418,2026-04-04,33,WH-MYS-01
GR-06419,PO-06419,2026-05-16,41,WH-MYS-01
GR-06420,PO-06420,2026-03-24,36,WH-BLR-01
GR-06421,PO-06421,2026-05-06,9,WH-HYD-01
GR-06422,PO-06422,2026-04-29,46,WH-HYD-01
GR-06423,PO-06423,2026-02-01,46,WH-BLR-01
GR-06424,PO-06424,2026-03-06,29,WH-MYS-01
GR-06425,PO-06425,2026-04-28,5,WH-HYD-01
GR-06426,PO-06426,2026-06-09,20,WH-CHN-01
GR-06427,PO-06427,2026-02-11,48,WH-BLR-01
GR-06428,PO-06428,2026-04-10,37,WH-HYD-01
GR-06429,PO-06429,2026-04-01,44,WH-HYD-01
GR-06430,PO-06430,2026-02-19,37,WH-CHN-01
GR-06431,PO-06431,2026-01-21,8,WH-BLR-01
GR-06432,PO-06432,2026-04-26,48,WH-MYS-01
GR-06433,PO-06433,2026-03-31,14,WH-HYD-01
GR-06434,PO-06434,2026-04-15,37,WH-BLR-01
GR-06435,PO-06435,2026-06-04,36,WH-BLR-01
GR-06436,PO-06436,2026-03-18,46,WH-CHN-01
GR-06437,PO-06437,2026-02-01,6,WH-BLR-01
GR-06438,PO-06438,2026-04-04,32,WH-MYS-01
GR-06439,PO-06439,2026-02-07,39,WH-BLR-01
GR-06440,PO-06440,2026-02-25,28,WH-BLR-01
GR-06441,PO-06441,2026-05-05,38,WH-BLR-01
GR-06442,PO-06442,2026-05-22,33,WH-CHN-01
GR-06443,PO-06443,2026-03-25,43,WH-MYS-01
GR-06444,PO-06444,2026-02-17,9,WH-HYD-01
GR-06445,PO-06445,2026-05-31,23,WH-BLR-01
GR-06446,PO-06446,2026-02-14,11,WH-CHN-01
GR-06447,PO-06447,2026-03-14,49,WH-MYS-01
GR-06448,PO-06448,2026-02-18,26,WH-MYS-01
GR-06449,PO-06449,2026-02-01,20,WH-CHN-01
GR-06450,PO-06450,2026-02-21,35,WH-MYS-01
GR-06451,PO-06451,2026-03-24,7,WH-BLR-01
GR-06452,PO-06452,2026-01-20,45,WH-BLR-01
GR-06453,PO-06453,2026-04-03,33,WH-BLR-01
GR-06454,PO-06454,2026-05-22,1,WH-CHN-01
GR-06455,PO-06455,2026-01-21,34,WH-MYS-01
GR-06456,PO-06456,2026-03-19,20,WH-BLR-01
GR-06457,PO-06457,2026-05-03,6,WH-HYD-01
GR-06458,PO-06458,2026-05-18,27,WH-CHN-01
GR-06459,PO-06459,2026-01-30,5,WH-CHN-01
GR-06460,PO-06460,2026-03-29,50,WH-BLR-01
GR-06461,PO-06461,2026-04-06,47,WH-MYS-01
GR-06462,PO-06462,2026-02-20,46,WH-BLR-01
GR-06463,PO-06463,2026-04-21,41,WH-CHN-01
GR-06464,PO-06464,2026-06-13,6,WH-BLR-01
GR-06465,PO-06465,2026-05-07,39,WH-MYS-01
GR-06466,PO-06466,2026-03-05,26,WH-HYD-01
GR-06467,PO-06467,2026-04-25,36,WH-CHN-01
GR-06468,PO-06468,2026-02-06,43,WH-HYD-01
GR-06469,PO-06469,2026-04-19,48,WH-MYS-01
GR-06470,PO-06470,2026-05-24,44,WH-BLR-01
GR-06471,PO-06471,2026-04-15,12,WH-MYS-01
GR-06472,PO-06472,2026-03-27,1,WH-HYD-01
GR-06473,PO-06473,2026-02-28,40,WH-MYS-01
GR-06474,PO-06474,2026-03-02,40,WH-CHN-01
GR-06475,PO-06475,2026-05-28,15,WH-CHN-01
GR-06476,PO-06476,2026-03-13,19,WH-MYS-01
GR-06477,PO-06477,2026-02-12,48,WH-CHN-01
GR-06478,PO-06478,2026-04-17,43,WH-HYD-01
GR-06479,PO-06479,2026-04-15,28,WH-MYS-01
GR-06480,PO-06480,2026-03-31,33,WH-MYS-01
GR-06481,PO-06481,2026-05-30,39,WH-MYS-01
GR-06482,PO-06482,2026-04-23,38,WH-BLR-01
GR-06483,PO-06483,2026-05-08,28,WH-MYS-01
GR-06484,PO-06484,2026-02-22,44,WH-BLR-01
GR-06485,PO-06485,2026-04-02,10,WH-MYS-01
GR-06486,PO-06486,2026-05-24,14,WH-HYD-01
GR-06487,PO-06487,2026-05-21,44,WH-MYS-01
GR-06488,PO-06488,2026-04-23,44,WH-CHN-01
GR-06489,PO-06489,2026-05-04,46,WH-CHN-01
GR-06490,PO-06490,2026-06-17,14,WH-BLR-01
GR-06491,PO-06491,2026-04-23,17,WH-BLR-01
GR-06492,PO-06492,2026-06-14,45,WH-BLR-01
GR-06493,PO-06493,2026-03-06,45,WH-HYD-01
GR-06494,PO-06494,2026-04-16,11,WH-CHN-01
GR-06495,PO-06495,2026-03-24,18,WH-HYD-01
GR-06496,PO-06496,2026-04-03,12,WH-MYS-01
GR-06497,PO-06497,2026-02-27,42,WH-CHN-01
GR-06498,PO-06498,2026-04-12,40,WH-HYD-01
GR-06499,PO-06499,2026-04-09,49,WH-BLR-01
GR-06500,PO-06500,2026-04-09,3,WH-HYD-01
GR-06501,PO-06501,2026-05-17,32,WH-CHN-01
GR-06502,PO-06502,2026-02-19,46,WH-CHN-01
GR-06503,PO-06503,2026-03-28,44,WH-HYD-01
GR-06504,PO-06504,2026-01-24,10,WH-BLR-01
GR-06505,PO-06505,2026-04-14,49,WH-MYS-01
GR-06506,PO-06506,2026-04-30,14,WH-HYD-01
GR-06507,PO-06507,2026-03-16,26,WH-MYS-01
GR-06508,PO-06508,2026-03-20,14,WH-CHN-01
GR-06509,PO-06509,2026-05-13,35,WH-MYS-01
GR-06510,PO-06510,2026-04-14,8,WH-BLR-01
GR-06511,PO-06511,2026-06-10,27,WH-BLR-01
GR-06512,PO-06512,2026-01-25,13,WH-HYD-01
GR-06513,PO-06513,2026-01-13,46,WH-HYD-01
GR-06514,PO-06514,2026-03-11,9,WH-MYS-01
GR-06515,PO-06515,2026-03-27,45,WH-BLR-01
GR-06516,PO-06516,2026-04-14,5,WH-HYD-01
GR-06517,PO-06517,2026-03-23,33,WH-BLR-01
GR-06518,PO-06518,2026-05-21,23,WH-CHN-01
GR-06519,PO-06519,2026-06-17,41,WH-BLR-01
GR-06520,PO-06520,2026-03-05,5,WH-BLR-01
GR-06521,PO-06521,2026-06-08,30,WH-HYD-01
GR-06522,PO-06522,2026-03-01,27,WH-MYS-01
GR-06523,PO-06523,2026-03-10,10,WH-CHN-01
GR-06524,PO-06524,2026-02-03,11,WH-CHN-01
GR-06525,PO-06525,2026-01-23,44,WH-HYD-01
GR-06526,PO-06526,2026-05-25,5,WH-CHN-01
GR-06527,PO-06527,2026-06-03,16,WH-CHN-01
GR-06528,PO-06528,2026-02-20,50,WH-CHN-01
GR-06529,PO-06529,2026-03-01,20,WH-CHN-01
GR-06530,PO-06530,2026-06-05,46,WH-HYD-01
GR-06531,PO-06531,2026-05-29,35,WH-HYD-01
GR-06532,PO-06532,2026-03-18,4,WH-BLR-01
GR-06533,PO-06533,2026-05-17,30,WH-HYD-01
GR-06534,PO-06534,2026-01-22,33,WH-HYD-01
GR-06535,PO-06535,2026-04-23,50,WH-BLR-01
GR-06536,PO-06536,2026-03-21,1,WH-CHN-01
GR-06537,PO-06537,2026-01-27,18,WH-MYS-01
GR-06538,PO-06538,2026-03-09,39,WH-MYS-01
GR-06539,PO-06539,2026-04-16,25,WH-BLR-01
GR-06540,PO-06540,2026-05-21,13,WH-MYS-01
GR-06541,PO-06541,2026-02-22,27,WH-CHN-01
GR-06542,PO-06542,2026-03-02,22,WH-CHN-01
GR-06543,PO-06543,2026-04-24,6,WH-HYD-01
GR-06544,PO-06544,2026-02-11,34,WH-MYS-01
GR-06545,PO-06545,2026-03-21,20,WH-MYS-01
GR-06546,PO-06546,2026-06-18,6,WH-MYS-01
GR-06547,PO-06547,2026-03-27,47,WH-BLR-01
GR-06548,PO-06548,2026-04-23,13,WH-CHN-01
GR-06549,PO-06549,2026-02-20,13,WH-BLR-01
GR-06550,PO-06550,2026-05-03,37,WH-HYD-01
GR-06551,PO-06551,2026-05-31,14,WH-CHN-01
GR-06552,PO-06552,2026-06-11,17,WH-BLR-01
GR-06553,PO-06553,2026-04-25,1,WH-MYS-01
GR-06554,PO-06554,2026-03-16,27,WH-BLR-01
GR-06555,PO-06555,2026-05-18,50,WH-MYS-01
GR-06556,PO-06556,2026-04-10,9,WH-HYD-01
GR-06557,PO-06557,2026-02-02,33,WH-CHN-01
GR-06558,PO-06558,2026-02-27,39,WH-MYS-01
GR-06559,PO-06559,2026-05-30,18,WH-CHN-01
GR-06560,PO-06560,2026-04-17,9,WH-CHN-01
GR-06561,PO-06561,2026-03-19,7,WH-HYD-01
GR-06562,PO-06562,2026-04-29,31,WH-MYS-01
GR-06563,PO-06563,2026-01-19,12,WH-BLR-01
GR-06564,PO-06564,2026-05-03,4,WH-HYD-01
GR-06565,PO-06565,2026-06-14,40,WH-MYS-01
GR-06566,PO-06566,2026-03-25,17,WH-CHN-01
GR-06567,PO-06567,2026-02-08,13,WH-CHN-01
GR-06568,PO-06568,2026-01-23,13,WH-CHN-01
GR-06569,PO-06569,2026-05-25,24,WH-BLR-01
GR-06570,PO-06570,2026-05-26,15,WH-CHN-01
GR-06571,PO-06571,2026-06-06,26,WH-CHN-01
GR-06572,PO-06572,2026-04-04,45,WH-BLR-01
GR-06573,PO-06573,2026-03-07,45,WH-MYS-01
GR-06574,PO-06574,2026-05-30,31,WH-HYD-01
GR-06575,PO-06575,2026-02-20,12,WH-HYD-01
GR-06576,PO-06576,2026-04-08,46,WH-HYD-01
GR-06577,PO-06577,2026-05-15,23,WH-BLR-01
GR-06578,PO-06578,2026-01-20,36,WH-CHN-01
GR-06579,PO-06579,2026-04-10,18,WH-CHN-01
GR-06580,PO-06580,2026-04-30,38,WH-HYD-01
GR-06581,PO-06581,2026-06-06,14,WH-BLR-01
GR-06582,PO-06582,2026-04-24,2,WH-MYS-01
GR-06583,PO-06583,2026-01-28,41,WH-CHN-01
GR-06584,PO-06584,2026-01-20,31,WH-HYD-01
GR-06585,PO-06585,2026-01-22,37,WH-MYS-01
GR-06586,PO-06586,2026-05-29,11,WH-BLR-01
GR-06587,PO-06587,2026-03-10,20,WH-CHN-01
GR-06588,PO-06588,2026-03-03,35,WH-BLR-01
GR-06589,PO-06589,2026-03-04,33,WH-CHN-01
GR-06590,PO-06590,2026-03-08,25,WH-CHN-01
GR-06591,PO-06591,2026-05-19,31,WH-CHN-01
GR-06592,PO-06592,2026-03-27,12,WH-HYD-01
GR-06593,PO-06593,2026-06-08,49,WH-MYS-01
GR-06594,PO-06594,2026-05-01,23,WH-BLR-01
GR-06595,PO-06595,2026-04-11,25,WH-MYS-01
GR-06596,PO-06596,2026-04-19,29,WH-HYD-01
GR-06597,PO-06597,2026-05-25,33,WH-CHN-01
GR-06598,PO-06598,2026-01-17,45,WH-CHN-01
GR-06599,PO-06599,2026-03-27,33,WH-MYS-01
GR-06600,PO-06600,2026-04-06,6,WH-CHN-01
GR-06601,PO-06601,2026-05-30,14,WH-HYD-01
GR-06602,PO-06602,2026-05-04,10,WH-MYS-01
GR-06603,PO-06603,2026-05-19,41,WH-CHN-01
GR-06604,PO-06604,2026-04-08,22,WH-MYS-01
GR-06605,PO-06605,2026-02-22,36,WH-HYD-01
GR-06606,PO-06606,2026-03-21,18,WH-BLR-01
GR-06607,PO-06607,2026-04-01,30,WH-BLR-01
GR-06608,PO-06608,2026-03-01,35,WH-MYS-01
GR-06609,PO-06609,2026-06-13,32,WH-HYD-01
GR-06610,PO-06610,2026-06-12,32,WH-MYS-01
GR-06611,PO-06611,2026-04-15,40,WH-CHN-01
GR-06612,PO-06612,2026-03-29,25,WH-BLR-01
GR-06613,PO-06613,2026-06-12,48,WH-BLR-01
GR-06614,PO-06614,2026-02-08,9,WH-BLR-01
GR-06615,PO-06615,2026-02-09,36,WH-BLR-01
GR-06616,PO-06616,2026-05-03,48,WH-HYD-01
GR-06617,PO-06617,2026-05-25,8,WH-MYS-01
GR-06618,PO-06618,2026-02-26,30,WH-BLR-01
GR-06619,PO-06619,2026-05-25,18,WH-CHN-01
GR-06620,PO-06620,2026-05-27,48,WH-BLR-01
GR-06621,PO-06621,2026-04-05,14,WH-CHN-01
GR-06622,PO-06622,2026-06-12,17,WH-CHN-01
GR-06623,PO-06623,2026-02-14,43,WH-BLR-01
GR-06624,PO-06624,2026-03-17,40,WH-HYD-01
GR-06625,PO-06625,2026-04-18,41,WH-CHN-01
GR-06626,PO-06626,2026-06-12,36,WH-HYD-01
GR-06627,PO-06627,2026-05-06,50,WH-MYS-01
GR-06628,PO-06628,2026-05-18,15,WH-BLR-01
GR-06629,PO-06629,2026-02-24,46,WH-CHN-01
GR-06630,PO-06630,2026-06-07,17,WH-HYD-01
GR-06631,PO-06631,2026-03-17,42,WH-HYD-01
GR-06632,PO-06632,2026-06-10,45,WH-CHN-01
GR-06633,PO-06633,2026-05-22,29,WH-BLR-01
GR-06634,PO-06634,2026-02-21,15,WH-MYS-01
GR-06635,PO-06635,2026-02-27,32,WH-CHN-01
GR-06636,PO-06636,2026-01-21,5,WH-CHN-01
GR-06637,PO-06637,2026-04-01,45,WH-BLR-01
GR-06638,PO-06638,2026-03-12,35,WH-MYS-01
GR-06639,PO-06639,2026-01-30,33,WH-HYD-01
GR-06640,PO-06640,2026-02-23,25,WH-HYD-01
GR-06641,PO-06641,2026-05-22,40,WH-BLR-01
GR-06642,PO-06642,2026-01-14,10,WH-BLR-01
GR-06643,PO-06643,2026-06-17,45,WH-MYS-01
GR-06644,PO-06644,2026-05-20,35,WH-BLR-01
GR-06645,PO-06645,2026-04-18,10,WH-BLR-01
GR-06646,PO-06646,2026-05-21,44,WH-MYS-01
GR-06647,PO-06647,2026-02-19,34,WH-CHN-01
GR-06648,PO-06648,2026-05-01,18,WH-CHN-01
GR-06649,PO-06649,2026-01-13,19,WH-BLR-01
GR-06650,PO-06650,2026-02-21,38,WH-HYD-01
GR-06651,PO-06651,2026-03-28,46,WH-MYS-01
GR-06652,PO-06652,2026-04-14,26,WH-CHN-01
GR-06653,PO-06653,2026-06-09,43,WH-BLR-01
GR-06654,PO-06654,2026-06-08,39,WH-HYD-01
GR-06655,PO-06655,2026-05-11,9,WH-BLR-01
GR-06656,PO-06656,2026-04-01,7,WH-HYD-01
GR-06657,PO-06657,2026-05-06,40,WH-HYD-01
GR-06658,PO-06658,2026-02-22,42,WH-CHN-01
GR-06659,PO-06659,2026-04-01,3,WH-MYS-01
GR-06660,PO-06660,2026-05-23,6,WH-BLR-01
GR-06661,PO-06661,2026-05-31,24,WH-HYD-01
GR-06662,PO-06662,2026-02-18,26,WH-CHN-01
GR-06663,PO-06663,2026-04-11,13,WH-MYS-01
GR-06664,PO-06664,2026-04-26,45,WH-MYS-01
GR-06665,PO-06665,2026-04-11,26,WH-BLR-01
GR-06666,PO-06666,2026-03-16,15,WH-BLR-01
GR-06667,PO-06667,2026-05-05,43,WH-BLR-01
GR-06668,PO-06668,2026-01-26,32,WH-CHN-01
GR-06669,PO-06669,2026-05-12,28,WH-MYS-01
GR-06670,PO-06670,2026-05-24,42,WH-MYS-01
GR-06671,PO-06671,2026-02-02,22,WH-HYD-01
GR-06672,PO-06672,2026-06-07,22,WH-BLR-01
GR-06673,PO-06673,2026-03-28,4,WH-MYS-01
GR-06674,PO-06674,2026-01-06,20,WH-HYD-01
GR-06675,PO-06675,2026-04-06,23,WH-BLR-01
GR-06676,PO-06676,2026-05-24,35,WH-MYS-01
GR-06677,PO-06677,2026-04-10,42,WH-BLR-01
GR-06678,PO-06678,2026-02-05,3,WH-MYS-01
GR-06679,PO-06679,2026-03-12,22,WH-CHN-01
GR-06680,PO-06680,2026-03-07,34,WH-CHN-01
GR-06681,PO-06681,2026-02-18,25,WH-CHN-01
GR-06682,PO-06682,2026-02-17,19,WH-MYS-01
GR-06683,PO-06683,2026-05-11,26,WH-BLR-01
GR-06684,PO-06684,2026-05-21,31,WH-MYS-01
GR-06685,PO-06685,2026-02-19,47,WH-CHN-01
GR-06686,PO-06686,2026-04-18,3,WH-HYD-01
GR-06687,PO-06687,2026-01-12,41,WH-MYS-01
GR-06688,PO-06688,2026-03-15,44,WH-BLR-01
GR-06689,PO-06689,2026-01-23,13,WH-HYD-01
GR-06690,PO-06690,2026-03-17,1,WH-CHN-01
GR-06691,PO-06691,2026-02-20,49,WH-MYS-01
GR-06692,PO-06692,2026-01-29,47,WH-CHN-01
GR-06693,PO-06693,2026-03-01,32,WH-BLR-01
GR-06694,PO-06694,2026-02-27,43,WH-BLR-01
GR-06695,PO-06695,2026-04-13,33,WH-MYS-01
GR-06696,PO-06696,2026-04-24,16,WH-CHN-01
GR-06697,PO-06697,2026-04-17,50,WH-BLR-01
GR-06698,PO-06698,2026-03-26,37,WH-HYD-01
GR-06699,PO-06699,2026-03-29,24,WH-CHN-01
GR-06700,PO-06700,2026-02-17,40,WH-CHN-01
GR-06701,PO-06701,2026-06-25,31,WH-HYD-01
GR-06702,PO-06702,2026-03-02,34,WH-MYS-01
GR-06703,PO-06703,2026-04-14,39,WH-CHN-01
GR-06704,PO-06704,2026-02-07,45,WH-CHN-01
GR-06705,PO-06705,2026-03-11,33,WH-HYD-01
GR-06706,PO-06706,2026-04-03,6,WH-HYD-01
GR-06707,PO-06707,2026-03-29,45,WH-HYD-01
GR-06708,PO-06708,2026-03-11,33,WH-BLR-01
GR-06709,PO-06709,2026-06-09,41,WH-HYD-01
GR-06710,PO-06710,2026-05-19,46,WH-CHN-01
GR-06711,PO-06711,2026-04-21,11,WH-HYD-01
GR-06712,PO-06712,2026-04-10,31,WH-MYS-01
GR-06713,PO-06713,2026-04-22,6,WH-CHN-01
GR-06714,PO-06714,2026-06-14,5,WH-CHN-01
GR-06715,PO-06715,2026-05-11,29,WH-BLR-01
GR-06716,PO-06716,2026-06-09,44,WH-BLR-01
GR-06717,PO-06717,2026-03-04,35,WH-MYS-01
GR-06718,PO-06718,2026-05-13,11,WH-MYS-01
GR-06719,PO-06719,2026-04-25,23,WH-CHN-01
GR-06720,PO-06720,2026-04-12,18,WH-MYS-01
GR-06721,PO-06721,2026-04-21,2,WH-CHN-01
GR-06722,PO-06722,2026-04-08,47,WH-HYD-01
GR-06723,PO-06723,2026-01-28,23,WH-BLR-01
GR-06724,PO-06724,2026-05-10,47,WH-HYD-01
GR-06725,PO-06725,2026-02-03,41,WH-CHN-01
GR-06726,PO-06726,2026-02-13,45,WH-BLR-01
GR-06727,PO-06727,2026-06-10,3,WH-BLR-01
GR-06728,PO-06728,2026-04-22,29,WH-CHN-01
GR-06729,PO-06729,2026-02-04,25,WH-CHN-01
GR-06730,PO-06730,2026-05-12,11,WH-MYS-01
GR-06731,PO-06731,2026-02-22,50,WH-BLR-01
GR-06732,PO-06732,2026-01-27,29,WH-BLR-01
GR-06733,PO-06733,2026-01-11,1,WH-CHN-01
GR-06734,PO-06734,2026-06-01,15,WH-BLR-01
GR-06735,PO-06735,2026-05-27,4,WH-BLR-01
GR-06736,PO-06736,2026-04-29,22,WH-BLR-01
GR-06737,PO-06737,2026-03-30,28,WH-MYS-01
GR-06738,PO-06738,2026-02-11,22,WH-HYD-01
GR-06739,PO-06739,2026-05-21,16,WH-CHN-01
GR-06740,PO-06740,2026-01-16,15,WH-BLR-01
GR-06741,PO-06741,2026-03-08,6,WH-MYS-01
GR-06742,PO-06742,2026-04-17,12,WH-HYD-01
GR-06743,PO-06743,2026-01-11,5,WH-MYS-01
GR-06744,PO-06744,2026-03-14,38,WH-HYD-01
GR-06745,PO-06745,2026-05-24,22,WH-BLR-01
GR-06746,PO-06746,2026-04-28,38,WH-CHN-01
GR-06747,PO-06747,2026-05-16,36,WH-CHN-01
GR-06748,PO-06748,2026-06-08,18,WH-HYD-01
GR-06749,PO-06749,2026-05-13,6,WH-CHN-01
GR-06750,PO-06750,2026-05-06,43,WH-CHN-01
GR-06751,PO-06751,2026-04-11,17,WH-CHN-01
GR-06752,PO-06752,2026-03-03,1,WH-HYD-01
GR-06753,PO-06753,2026-05-15,17,WH-BLR-01
GR-06754,PO-06754,2026-03-21,28,WH-MYS-01
GR-06755,PO-06755,2026-02-20,40,WH-CHN-01
GR-06756,PO-06756,2026-04-18,7,WH-CHN-01
GR-06757,PO-06757,2026-04-06,48,WH-BLR-01
GR-06758,PO-06758,2026-03-07,32,WH-HYD-01
GR-06759,PO-06759,2026-03-23,32,WH-MYS-01
GR-06760,PO-06760,2026-06-07,9,WH-HYD-01
GR-06761,PO-06761,2026-03-19,42,WH-CHN-01
GR-06762,PO-06762,2026-04-16,31,WH-MYS-01
GR-06763,PO-06763,2026-06-06,45,WH-BLR-01
GR-06764,PO-06764,2026-02-13,43,WH-BLR-01
GR-06765,PO-06765,2026-01-26,50,WH-HYD-01
GR-06766,PO-06766,2026-03-18,42,WH-CHN-01
GR-06767,PO-06767,2026-05-06,14,WH-CHN-01
GR-06768,PO-06768,2026-05-03,20,WH-MYS-01
GR-06769,PO-06769,2026-02-15,40,WH-BLR-01
GR-06770,PO-06770,2026-01-25,34,WH-MYS-01
GR-06771,PO-06771,2026-05-05,20,WH-HYD-01
GR-06772,PO-06772,2026-02-26,49,WH-MYS-01
GR-06773,PO-06773,2026-04-19,2,WH-BLR-01
GR-06774,PO-06774,2026-01-29,50,WH-CHN-01
GR-06775,PO-06775,2026-02-16,8,WH-MYS-01
GR-06776,PO-06776,2026-03-26,17,WH-HYD-01
GR-06777,PO-06777,2026-03-27,41,WH-CHN-01
GR-06778,PO-06778,2026-04-13,37,WH-HYD-01
GR-06779,PO-06779,2026-01-28,20,WH-HYD-01
GR-06780,PO-06780,2026-05-31,5,WH-MYS-01
GR-06781,PO-06781,2026-04-07,15,WH-MYS-01
GR-06782,PO-06782,2026-03-20,3,WH-HYD-01
GR-06783,PO-06783,2026-02-18,9,WH-CHN-01
GR-06784,PO-06784,2026-02-15,26,WH-BLR-01
GR-06785,PO-06785,2026-04-07,11,WH-CHN-01
GR-06786,PO-06786,2026-03-11,41,WH-BLR-01
GR-06787,PO-06787,2026-02-15,4,WH-MYS-01
GR-06788,PO-06788,2026-04-10,43,WH-MYS-01
GR-06789,PO-06789,2026-04-27,26,WH-BLR-01
GR-06790,PO-06790,2026-03-03,6,WH-MYS-01
GR-06791,PO-06791,2026-04-12,4,WH-BLR-01
GR-06792,PO-06792,2026-04-24,47,WH-CHN-01
GR-06793,PO-06793,2026-06-03,27,WH-MYS-01
GR-06794,PO-06794,2026-04-28,9,WH-HYD-01
GR-06795,PO-06795,2026-06-02,14,WH-CHN-01
GR-06796,PO-06796,2026-04-02,18,WH-BLR-01
GR-06797,PO-06797,2026-03-03,28,WH-HYD-01
GR-06798,PO-06798,2026-02-21,2,WH-CHN-01
GR-06799,PO-06799,2026-03-11,13,WH-CHN-01
GR-06800,PO-06800,2026-02-11,26,WH-HYD-01
GR-06801,PO-06801,2026-06-11,11,WH-BLR-01
GR-06802,PO-06802,2026-02-19,6,WH-BLR-01
GR-06803,PO-06803,2026-02-24,10,WH-BLR-01
GR-06804,PO-06804,2026-03-13,33,WH-HYD-01
GR-06805,PO-06805,2026-02-26,10,WH-MYS-01
GR-06806,PO-06806,2026-02-09,13,WH-HYD-01
GR-06807,PO-06807,2026-05-18,20,WH-HYD-01
GR-06808,PO-06808,2026-04-22,22,WH-HYD-01
GR-06809,PO-06809,2026-05-08,17,WH-MYS-01
GR-06810,PO-06810,2026-03-13,46,WH-HYD-01
GR-06811,PO-06811,2026-05-09,26,WH-BLR-01
GR-06812,PO-06812,2026-05-08,22,WH-CHN-01
GR-06813,PO-06813,2026-05-11,37,WH-HYD-01
GR-06814,PO-06814,2026-02-17,37,WH-HYD-01
GR-06815,PO-06815,2026-03-16,17,WH-HYD-01
GR-06816,PO-06816,2026-02-03,49,WH-HYD-01
GR-06817,PO-06817,2026-05-24,25,WH-BLR-01
GR-06818,PO-06818,2026-06-10,41,WH-MYS-01
GR-06819,PO-06819,2026-05-29,16,WH-MYS-01
GR-06820,PO-06820,2026-05-27,7,WH-BLR-01
GR-06821,PO-06821,2026-05-26,7,WH-BLR-01
GR-06822,PO-06822,2026-05-19,10,WH-BLR-01
GR-06823,PO-06823,2026-05-31,22,WH-MYS-01
GR-06824,PO-06824,2026-03-28,3,WH-MYS-01
GR-06825,PO-06825,2026-05-17,32,WH-CHN-01
GR-06826,PO-06826,2026-02-27,39,WH-BLR-01
GR-06827,PO-06827,2026-03-30,4,WH-MYS-01
GR-06828,PO-06828,2026-04-10,47,WH-BLR-01
GR-06829,PO-06829,2026-05-27,8,WH-CHN-01
GR-06830,PO-06830,2026-03-28,19,WH-HYD-01
GR-06831,PO-06831,2026-05-31,15,WH-MYS-01
GR-06832,PO-06832,2026-03-26,33,WH-CHN-01
GR-06833,PO-06833,2026-01-16,17,WH-CHN-01
GR-06834,PO-06834,2026-04-16,26,WH-HYD-01
GR-06835,PO-06835,2026-03-11,15,WH-MYS-01
GR-06836,PO-06836,2026-02-17,13,WH-HYD-01
GR-06837,PO-06837,2026-01-15,47,WH-CHN-01
GR-06838,PO-06838,2026-05-06,4,WH-CHN-01
GR-06839,PO-06839,2026-03-24,28,WH-BLR-01
GR-06840,PO-06840,2026-03-15,45,WH-MYS-01
GR-06841,PO-06841,2026-03-28,35,WH-CHN-01
GR-06842,PO-06842,2026-04-23,42,WH-CHN-01
GR-06843,PO-06843,2026-05-17,16,WH-CHN-01
GR-06844,PO-06844,2026-05-11,24,WH-HYD-01
GR-06845,PO-06845,2026-03-08,36,WH-BLR-01
GR-06846,PO-06846,2026-01-25,6,WH-MYS-01
GR-06847,PO-06847,2026-05-25,41,WH-BLR-01
GR-06848,PO-06848,2026-03-18,3,WH-HYD-01
GR-06849,PO-06849,2026-02-19,48,WH-CHN-01
GR-06850,PO-06850,2026-06-01,26,WH-CHN-01
GR-06851,PO-06851,2026-04-17,38,WH-BLR-01
GR-06852,PO-06852,2026-05-16,5,WH-CHN-01
GR-06853,PO-06853,2026-06-17,6,WH-HYD-01
GR-06854,PO-06854,2026-02-24,27,WH-MYS-01
GR-06855,PO-06855,2026-02-21,11,WH-HYD-01
GR-06856,PO-06856,2026-02-20,8,WH-MYS-01
GR-06857,PO-06857,2026-02-04,27,WH-BLR-01
GR-06858,PO-06858,2026-05-07,38,WH-HYD-01
GR-06859,PO-06859,2026-04-22,22,WH-CHN-01
GR-06860,PO-06860,2026-01-28,22,WH-CHN-01
GR-06861,PO-06861,2026-01-26,16,WH-BLR-01
GR-06862,PO-06862,2026-02-23,31,WH-MYS-01
GR-06863,PO-06863,2026-04-08,4,WH-BLR-01
GR-06864,PO-06864,2026-04-25,10,WH-HYD-01
GR-06865,PO-06865,2026-06-10,42,WH-BLR-01
GR-06866,PO-06866,2026-03-04,5,WH-BLR-01
GR-06867,PO-06867,2026-02-16,22,WH-HYD-01
GR-06868,PO-06868,2026-02-26,33,WH-MYS-01
GR-06869,PO-06869,2026-03-30,37,WH-CHN-01
GR-06870,PO-06870,2026-05-14,6,WH-HYD-01
GR-06871,PO-06871,2026-02-19,39,WH-CHN-01
GR-06872,PO-06872,2026-04-03,50,WH-HYD-01
GR-06873,PO-06873,2026-01-23,24,WH-MYS-01
GR-06874,PO-06874,2026-03-26,5,WH-BLR-01
GR-06875,PO-06875,2026-04-28,44,WH-BLR-01
GR-06876,PO-06876,2026-03-18,1,WH-CHN-01
GR-06877,PO-06877,2026-05-20,48,WH-CHN-01
GR-06878,PO-06878,2026-05-17,45,WH-MYS-01
GR-06879,PO-06879,2026-02-08,45,WH-CHN-01
GR-06880,PO-06880,2026-01-31,13,WH-MYS-01
GR-06881,PO-06881,2026-04-04,6,WH-BLR-01
GR-06882,PO-06882,2026-02-01,27,WH-CHN-01
GR-06883,PO-06883,2026-04-15,26,WH-CHN-01
GR-06884,PO-06884,2026-06-10,45,WH-MYS-01
GR-06885,PO-06885,2026-03-12,9,WH-CHN-01
GR-06886,PO-06886,2026-06-01,1,WH-CHN-01
GR-06887,PO-06887,2026-06-10,42,WH-HYD-01
GR-06888,PO-06888,2026-03-10,8,WH-BLR-01
GR-06889,PO-06889,2026-05-19,5,WH-HYD-01
GR-06890,PO-06890,2026-01-24,7,WH-MYS-01
GR-06891,PO-06891,2026-04-14,32,WH-CHN-01
GR-06892,PO-06892,2026-03-23,5,WH-CHN-01
GR-06893,PO-06893,2026-02-20,25,WH-MYS-01
GR-06894,PO-06894,2026-05-19,7,WH-CHN-01
GR-06895,PO-06895,2026-04-05,45,WH-CHN-01
GR-06896,PO-06896,2026-05-28,40,WH-MYS-01
GR-06897,PO-06897,2026-04-01,36,WH-MYS-01
GR-06898,PO-06898,2026-06-08,47,WH-BLR-01
GR-06899,PO-06899,2026-05-14,30,WH-CHN-01
GR-06900,PO-06900,2026-04-28,24,WH-MYS-01
GR-06901,PO-06901,2026-05-24,21,WH-BLR-01
GR-06902,PO-06902,2026-04-12,32,WH-MYS-01
GR-06903,PO-06903,2026-04-07,14,WH-CHN-01
GR-06904,PO-06904,2026-05-10,13,WH-BLR-01
GR-06905,PO-06905,2026-02-06,25,WH-CHN-01
GR-06906,PO-06906,2026-05-20,37,WH-BLR-01
GR-06907,PO-06907,2026-01-26,41,WH-MYS-01
GR-06908,PO-06908,2026-03-17,28,WH-CHN-01
GR-06909,PO-06909,2026-02-27,11,WH-MYS-01
GR-06910,PO-06910,2026-04-04,37,WH-HYD-01
GR-06911,PO-06911,2026-02-05,49,WH-HYD-01
GR-06912,PO-06912,2026-01-18,36,WH-MYS-01
GR-06913,PO-06913,2026-05-29,26,WH-HYD-01
GR-06914,PO-06914,2026-01-19,5,WH-MYS-01
GR-06915,PO-06915,2026-05-31,2,WH-CHN-01
GR-06916,PO-06916,2026-05-16,49,WH-HYD-01
GR-06917,PO-06917,2026-01-11,28,WH-CHN-01
GR-06918,PO-06918,2026-03-25,32,WH-HYD-01
GR-06919,PO-06919,2026-03-21,45,WH-CHN-01
GR-06920,PO-06920,2026-06-01,40,WH-MYS-01
GR-06921,PO-06921,2026-02-15,16,WH-HYD-01
GR-06922,PO-06922,2026-03-14,15,WH-HYD-01
GR-06923,PO-06923,2026-02-21,11,WH-CHN-01
GR-06924,PO-06924,2026-06-04,34,WH-MYS-01
GR-06925,PO-06925,2026-05-30,39,WH-BLR-01
GR-06926,PO-06926,2026-02-18,6,WH-BLR-01
GR-06927,PO-06927,2026-05-08,27,WH-MYS-01
GR-06928,PO-06928,2026-02-18,46,WH-MYS-01
GR-06929,PO-06929,2026-02-20,25,WH-BLR-01
GR-06930,PO-06930,2026-03-08,14,WH-CHN-01
GR-06931,PO-06931,2026-06-04,44,WH-CHN-01
GR-06932,PO-06932,2026-06-15,25,WH-CHN-01
GR-06933,PO-06933,2026-05-04,22,WH-BLR-01
GR-06934,PO-06934,2026-02-25,12,WH-BLR-01
GR-06935,PO-06935,2026-05-01,33,WH-MYS-01
GR-06936,PO-06936,2026-02-02,39,WH-CHN-01
GR-06937,PO-06937,2026-02-16,39,WH-BLR-01
GR-06938,PO-06938,2026-04-20,32,WH-BLR-01
GR-06939,PO-06939,2026-05-27,22,WH-HYD-01
GR-06940,PO-06940,2026-06-01,20,WH-BLR-01
GR-06941,PO-06941,2026-06-04,41,WH-CHN-01
GR-06942,PO-06942,2026-04-12,7,WH-BLR-01
GR-06943,PO-06943,2026-04-22,8,WH-CHN-01
GR-06944,PO-06944,2026-04-17,3,WH-BLR-01
GR-06945,PO-06945,2026-06-20,14,WH-BLR-01
GR-06946,PO-06946,2026-02-17,32,WH-CHN-01
GR-06947,PO-06947,2026-05-10,38,WH-HYD-01
GR-06948,PO-06948,2026-04-26,17,WH-MYS-01
GR-06949,PO-06949,2026-05-15,46,WH-MYS-01
GR-06950,PO-06950,2026-05-29,15,WH-MYS-01
GR-06951,PO-06951,2026-02-10,9,WH-MYS-01
GR-06952,PO-06952,2026-05-20,18,WH-MYS-01
GR-06953,PO-06953,2026-02-23,9,WH-CHN-01
GR-06954,PO-06954,2026-02-18,19,WH-MYS-01
GR-06955,PO-06955,2026-03-15,23,WH-MYS-01
GR-06956,PO-06956,2026-03-12,25,WH-MYS-01
GR-06957,PO-06957,2026-03-02,41,WH-CHN-01
GR-06958,PO-06958,2026-06-10,47,WH-HYD-01
GR-06959,PO-06959,2026-06-12,33,WH-HYD-01
GR-06960,PO-06960,2026-03-16,22,WH-HYD-01
GR-06961,PO-06961,2026-03-26,13,WH-BLR-01
GR-06962,PO-06962,2026-06-02,30,WH-HYD-01
GR-06963,PO-06963,2026-06-06,36,WH-HYD-01
GR-06964,PO-06964,2026-05-16,13,WH-CHN-01
GR-06965,PO-06965,2026-02-09,26,WH-CHN-01
GR-06966,PO-06966,2026-05-02,15,WH-MYS-01
GR-06967,PO-06967,2026-05-01,11,WH-HYD-01
GR-06968,PO-06968,2026-01-28,5,WH-BLR-01
GR-06969,PO-06969,2026-05-14,43,WH-BLR-01
GR-06970,PO-06970,2026-06-01,18,WH-MYS-01
GR-06971,PO-06971,2026-04-29,33,WH-MYS-01
GR-06972,PO-06972,2026-01-31,31,WH-MYS-01
GR-06973,PO-06973,2026-04-18,10,WH-HYD-01
GR-06974,PO-06974,2026-05-14,44,WH-MYS-01
GR-06975,PO-06975,2026-03-14,14,WH-CHN-01
GR-06976,PO-06976,2026-06-02,39,WH-HYD-01
GR-06977,PO-06977,2026-03-18,20,WH-CHN-01
GR-06978,PO-06978,2026-03-27,39,WH-CHN-01
GR-06979,PO-06979,2026-03-02,27,WH-CHN-01
GR-06980,PO-06980,2026-04-28,26,WH-BLR-01
GR-06981,PO-06981,2026-04-30,41,WH-BLR-01
GR-06982,PO-06982,2026-02-06,27,WH-MYS-01
GR-06983,PO-06983,2026-04-03,1,WH-HYD-01
GR-06984,PO-06984,2026-01-20,45,WH-CHN-01
GR-06985,PO-06985,2026-03-21,37,WH-CHN-01
GR-06986,PO-06986,2026-04-11,40,WH-CHN-01
GR-06987,PO-06987,2026-02-17,44,WH-CHN-01
GR-06988,PO-06988,2026-05-27,34,WH-CHN-01
GR-06989,PO-06989,2026-05-19,24,WH-CHN-01
GR-06990,PO-06990,2026-02-02,31,WH-HYD-01
GR-06991,PO-06991,2026-06-22,34,WH-MYS-01
GR-06992,PO-06992,2026-04-16,36,WH-BLR-01
GR-06993,PO-06993,2026-05-23,24,WH-CHN-01
GR-06994,PO-06994,2026-05-30,39,WH-BLR-01
GR-06995,PO-06995,2026-01-18,40,WH-HYD-01
GR-06996,PO-06996,2026-01-08,18,WH-HYD-01
GR-06997,PO-06997,2026-02-28,28,WH-CHN-01
GR-06998,PO-06998,2026-03-24,41,WH-MYS-01
GR-06999,PO-06999,2026-02-26,17,WH-HYD-01
GR-07000,PO-07000,2026-02-07,35,WH-BLR-01
GR-07001,PO-07001,2026-03-21,43,WH-HYD-01
GR-07002,PO-07002,2026-03-19,20,WH-MYS-01
GR-07003,PO-07003,2026-04-19,14,WH-CHN-01
GR-07004,PO-07004,2026-03-26,35,WH-CHN-01
GR-07005,PO-07005,2026-02-15,39,WH-MYS-01
GR-07006,PO-07006,2026-02-16,1,WH-MYS-01
GR-07007,PO-07007,2026-05-10,48,WH-MYS-01
GR-07008,PO-07008,2026-04-18,3,WH-MYS-01
GR-07009,PO-07009,2026-02-15,28,WH-MYS-01
GR-07010,PO-07010,2026-06-14,20,WH-MYS-01
GR-07011,PO-07011,2026-02-12,32,WH-HYD-01
GR-07012,PO-07012,2026-05-09,28,WH-HYD-01
GR-07013,PO-07013,2026-05-04,33,WH-CHN-01
GR-07014,PO-07014,2026-01-30,22,WH-BLR-01
GR-07015,PO-07015,2026-03-31,26,WH-HYD-01
GR-07016,PO-07016,2026-03-05,47,WH-HYD-01
GR-07017,PO-07017,2026-03-29,20,WH-MYS-01
GR-07018,PO-07018,2026-04-30,45,WH-HYD-01
GR-07019,PO-07019,2026-03-14,30,WH-HYD-01
GR-07020,PO-07020,2026-02-22,43,WH-CHN-01
GR-07021,PO-07021,2026-05-14,34,WH-MYS-01
GR-07022,PO-07022,2026-03-31,3,WH-BLR-01
GR-07023,PO-07023,2026-06-06,15,WH-BLR-01
GR-07024,PO-07024,2026-02-22,30,WH-CHN-01
GR-07025,PO-07025,2026-06-07,7,WH-BLR-01
GR-07026,PO-07026,2026-03-29,46,WH-MYS-01
GR-07027,PO-07027,2026-02-12,27,WH-BLR-01
GR-07028,PO-07028,2026-04-08,50,WH-CHN-01
GR-07029,PO-07029,2026-05-23,30,WH-HYD-01
GR-07030,PO-07030,2026-02-18,29,WH-MYS-01
GR-07031,PO-07031,2026-04-23,1,WH-MYS-01
GR-07032,PO-07032,2026-03-11,15,WH-BLR-01
GR-07033,PO-07033,2026-04-16,13,WH-BLR-01
GR-07034,PO-07034,2026-04-05,30,WH-CHN-01
GR-07035,PO-07035,2026-02-15,43,WH-BLR-01
GR-07036,PO-07036,2026-07-01,36,WH-BLR-01
GR-07037,PO-07037,2026-05-11,10,WH-CHN-01
GR-07038,PO-07038,2026-06-12,10,WH-BLR-01
GR-07039,PO-07039,2026-06-12,26,WH-MYS-01
GR-07040,PO-07040,2026-03-21,32,WH-HYD-01
GR-07041,PO-07041,2026-02-16,37,WH-MYS-01
GR-07042,PO-07042,2026-05-10,8,WH-CHN-01
GR-07043,PO-07043,2026-05-10,47,WH-HYD-01
GR-07044,PO-07044,2026-03-02,27,WH-CHN-01
GR-07045,PO-07045,2026-05-02,44,WH-CHN-01
GR-07046,PO-07046,2026-04-18,18,WH-CHN-01
GR-07047,PO-07047,2026-06-08,32,WH-CHN-01
GR-07048,PO-07048,2026-04-12,30,WH-HYD-01
GR-07049,PO-07049,2026-06-26,37,WH-HYD-01
GR-07050,PO-07050,2026-03-01,12,WH-HYD-01
GR-07051,PO-07051,2026-02-19,19,WH-CHN-01
GR-07052,PO-07052,2026-02-22,42,WH-HYD-01
GR-07053,PO-07053,2026-02-09,28,WH-BLR-01
GR-07054,PO-07054,2026-04-08,24,WH-BLR-01
GR-07055,PO-07055,2026-06-08,10,WH-CHN-01
GR-07056,PO-07056,2026-04-08,21,WH-HYD-01
GR-07057,PO-07057,2026-02-04,2,WH-HYD-01
GR-07058,PO-07058,2026-03-22,29,WH-CHN-01
GR-07059,PO-07059,2026-01-12,33,WH-HYD-01
GR-07060,PO-07060,2026-03-11,2,WH-CHN-01
GR-07061,PO-07061,2026-06-17,48,WH-CHN-01
GR-07062,PO-07062,2026-05-19,11,WH-MYS-01
GR-07063,PO-07063,2026-03-01,48,WH-BLR-01
GR-07064,PO-07064,2026-05-17,32,WH-CHN-01
GR-07065,PO-07065,2026-03-31,4,WH-CHN-01
GR-07066,PO-07066,2026-04-06,36,WH-HYD-01
GR-07067,PO-07067,2026-02-27,46,WH-HYD-01
GR-07068,PO-07068,2026-03-24,4,WH-MYS-01
GR-07069,PO-07069,2026-05-17,35,WH-MYS-01
GR-07070,PO-07070,2026-03-18,42,WH-CHN-01
GR-07071,PO-07071,2026-04-02,16,WH-HYD-01
GR-07072,PO-07072,2026-02-11,8,WH-HYD-01
GR-07073,PO-07073,2026-02-27,27,WH-MYS-01
GR-07074,PO-07074,2026-01-21,31,WH-BLR-01
GR-07075,PO-07075,2026-03-20,8,WH-CHN-01
GR-07076,PO-07076,2026-05-13,35,WH-MYS-01
GR-07077,PO-07077,2026-04-22,32,WH-MYS-01
GR-07078,PO-07078,2026-02-27,6,WH-MYS-01
GR-07079,PO-07079,2026-05-21,46,WH-HYD-01
GR-07080,PO-07080,2026-04-30,45,WH-BLR-01
GR-07081,PO-07081,2026-05-25,23,WH-MYS-01
GR-07082,PO-07082,2026-02-03,27,WH-MYS-01
GR-07083,PO-07083,2026-01-21,13,WH-BLR-01
GR-07084,PO-07084,2026-03-12,22,WH-HYD-01
GR-07085,PO-07085,2026-02-22,14,WH-MYS-01
GR-07086,PO-07086,2026-05-15,17,WH-HYD-01
GR-07087,PO-07087,2026-03-04,27,WH-CHN-01
GR-07088,PO-07088,2026-05-20,26,WH-CHN-01
GR-07089,PO-07089,2026-03-07,41,WH-MYS-01
GR-07090,PO-07090,2026-02-13,38,WH-BLR-01
GR-07091,PO-07091,2026-06-20,33,WH-HYD-01
GR-07092,PO-07092,2026-02-13,31,WH-MYS-01
GR-07093,PO-07093,2026-06-06,35,WH-CHN-01
GR-07094,PO-07094,2026-05-18,10,WH-BLR-01
GR-07095,PO-07095,2026-04-04,6,WH-HYD-01
GR-07096,PO-07096,2026-03-08,48,WH-BLR-01
GR-07097,PO-07097,2026-06-01,29,WH-BLR-01
GR-07098,PO-07098,2026-03-17,37,WH-BLR-01
GR-07099,PO-07099,2026-03-12,22,WH-HYD-01
GR-07100,PO-07100,2026-06-13,41,WH-BLR-01
GR-07101,PO-07101,2026-05-02,27,WH-MYS-01
GR-07102,PO-07102,2026-03-20,35,WH-BLR-01
GR-07103,PO-07103,2026-03-29,47,WH-MYS-01
GR-07104,PO-07104,2026-05-25,2,WH-CHN-01
GR-07105,PO-07105,2026-04-30,42,WH-HYD-01
GR-07106,PO-07106,2026-02-26,11,WH-HYD-01
GR-07107,PO-07107,2026-03-15,19,WH-CHN-01
GR-07108,PO-07108,2026-02-18,38,WH-HYD-01
GR-07109,PO-07109,2026-06-24,48,WH-MYS-01
GR-07110,PO-07110,2026-05-19,36,WH-MYS-01
GR-07111,PO-07111,2026-06-17,11,WH-BLR-01
GR-07112,PO-07112,2026-05-06,29,WH-BLR-01
GR-07113,PO-07113,2026-05-16,1,WH-MYS-01
GR-07114,PO-07114,2026-05-02,45,WH-MYS-01
GR-07115,PO-07115,2026-05-18,27,WH-MYS-01
GR-07116,PO-07116,2026-04-23,19,WH-HYD-01
GR-07117,PO-07117,2026-02-20,41,WH-CHN-01
GR-07118,PO-07118,2026-01-17,39,WH-MYS-01
GR-07119,PO-07119,2026-05-15,32,WH-BLR-01
GR-07120,PO-07120,2026-04-19,46,WH-CHN-01
GR-07121,PO-07121,2026-03-18,49,WH-HYD-01
GR-07122,PO-07122,2026-05-09,45,WH-BLR-01
GR-07123,PO-07123,2026-03-04,43,WH-HYD-01
GR-07124,PO-07124,2026-03-03,10,WH-BLR-01
GR-07125,PO-07125,2026-02-03,5,WH-MYS-01
GR-07126,PO-07126,2026-04-17,44,WH-BLR-01
GR-07127,PO-07127,2026-03-27,24,WH-MYS-01
GR-07128,PO-07128,2026-02-01,28,WH-BLR-01
GR-07129,PO-07129,2026-05-02,33,WH-HYD-01
GR-07130,PO-07130,2026-05-15,23,WH-MYS-01
GR-07131,PO-07131,2026-04-05,38,WH-HYD-01
GR-07132,PO-07132,2026-05-17,36,WH-MYS-01
GR-07133,PO-07133,2026-02-24,22,WH-MYS-01
GR-07134,PO-07134,2026-04-20,26,WH-HYD-01
GR-07135,PO-07135,2026-04-01,40,WH-MYS-01
GR-07136,PO-07136,2026-04-08,29,WH-BLR-01
GR-07137,PO-07137,2026-02-04,34,WH-MYS-01
GR-07138,PO-07138,2026-03-14,37,WH-BLR-01
GR-07139,PO-07139,2026-03-02,4,WH-CHN-01
GR-07140,PO-07140,2026-02-08,10,WH-CHN-01
GR-07141,PO-07141,2026-06-07,1,WH-MYS-01
GR-07142,PO-07142,2026-02-04,43,WH-BLR-01
GR-07143,PO-07143,2026-06-02,41,WH-HYD-01
GR-07144,PO-07144,2026-03-28,23,WH-HYD-01
GR-07145,PO-07145,2026-06-04,41,WH-CHN-01
GR-07146,PO-07146,2026-02-15,21,WH-HYD-01
GR-07147,PO-07147,2026-02-04,40,WH-CHN-01
GR-07148,PO-07148,2026-02-09,43,WH-MYS-01
GR-07149,PO-07149,2026-02-07,11,WH-HYD-01
GR-07150,PO-07150,2026-06-06,48,WH-HYD-01
GR-07151,PO-07151,2026-05-15,24,WH-CHN-01
GR-07152,PO-07152,2026-03-29,34,WH-HYD-01
GR-07153,PO-07153,2026-05-14,41,WH-BLR-01
GR-07154,PO-07154,2026-02-13,3,WH-MYS-01
GR-07155,PO-07155,2026-04-22,43,WH-CHN-01
GR-07156,PO-07156,2026-03-12,41,WH-BLR-01
GR-07157,PO-07157,2026-03-27,43,WH-BLR-01
GR-07158,PO-07158,2026-05-25,19,WH-MYS-01
GR-07159,PO-07159,2026-01-17,11,WH-CHN-01
GR-07160,PO-07160,2026-06-01,37,WH-MYS-01
GR-07161,PO-07161,2026-03-13,33,WH-BLR-01
GR-07162,PO-07162,2026-02-02,11,WH-BLR-01
GR-07163,PO-07163,2026-02-05,4,WH-HYD-01
GR-07164,PO-07164,2026-05-13,24,WH-HYD-01
GR-07165,PO-07165,2026-02-04,9,WH-MYS-01
GR-07166,PO-07166,2026-05-09,43,WH-MYS-01
GR-07167,PO-07167,2026-06-01,11,WH-CHN-01
GR-07168,PO-07168,2026-02-03,6,WH-CHN-01
GR-07169,PO-07169,2026-05-12,49,WH-HYD-01
GR-07170,PO-07170,2026-03-01,43,WH-CHN-01
GR-07171,PO-07171,2026-06-09,18,WH-HYD-01
GR-07172,PO-07172,2026-04-04,9,WH-CHN-01
GR-07173,PO-07173,2026-03-30,9,WH-BLR-01
GR-07174,PO-07174,2026-06-14,3,WH-HYD-01
GR-07175,PO-07175,2026-01-11,17,WH-BLR-01
GR-07176,PO-07176,2026-05-05,14,WH-HYD-01
GR-07177,PO-07177,2026-03-10,25,WH-CHN-01
GR-07178,PO-07178,2026-02-28,12,WH-HYD-01
GR-07179,PO-07179,2026-05-23,17,WH-MYS-01
GR-07180,PO-07180,2026-02-04,22,WH-HYD-01
GR-07181,PO-07181,2026-04-22,12,WH-BLR-01
GR-07182,PO-07182,2026-04-09,16,WH-MYS-01
GR-07183,PO-07183,2026-02-02,37,WH-HYD-01
GR-07184,PO-07184,2026-04-27,38,WH-BLR-01
GR-07185,PO-07185,2026-01-30,30,WH-HYD-01
GR-07186,PO-07186,2026-05-17,26,WH-BLR-01
GR-07187,PO-07187,2026-02-20,13,WH-BLR-01
GR-07188,PO-07188,2026-01-23,36,WH-CHN-01
GR-07189,PO-07189,2026-03-06,23,WH-MYS-01
GR-07190,PO-07190,2026-03-01,18,WH-MYS-01
GR-07191,PO-07191,2026-06-02,28,WH-MYS-01
GR-07192,PO-07192,2026-05-17,31,WH-BLR-01
GR-07193,PO-07193,2026-03-20,25,WH-CHN-01
GR-07194,PO-07194,2026-05-31,9,WH-CHN-01
GR-07195,PO-07195,2026-06-01,8,WH-HYD-01
GR-07196,PO-07196,2026-06-01,13,WH-BLR-01
GR-07197,PO-07197,2026-06-01,41,WH-HYD-01
GR-07198,PO-07198,2026-05-16,1,WH-MYS-01
GR-07199,PO-07199,2026-03-27,8,WH-MYS-01
GR-07200,PO-07200,2026-05-31,3,WH-CHN-01
GR-07201,PO-07201,2026-02-28,20,WH-MYS-01
GR-07202,PO-07202,2026-03-16,13,WH-CHN-01
GR-07203,PO-07203,2026-03-25,17,WH-BLR-01
GR-07204,PO-07204,2026-02-02,34,WH-MYS-01
GR-07205,PO-07205,2026-05-20,14,WH-CHN-01
GR-07206,PO-07206,2026-05-16,6,WH-BLR-01
GR-07207,PO-07207,2026-04-22,30,WH-CHN-01
GR-07208,PO-07208,2026-03-14,32,WH-HYD-01
GR-07209,PO-07209,2026-02-16,46,WH-MYS-01
GR-07210,PO-07210,2026-06-03,30,WH-CHN-01
GR-07211,PO-07211,2026-05-21,21,WH-CHN-01
GR-07212,PO-07212,2026-01-20,24,WH-CHN-01
GR-07213,PO-07213,2026-05-21,14,WH-MYS-01
GR-07214,PO-07214,2026-02-22,45,WH-HYD-01
GR-07215,PO-07215,2026-04-05,8,WH-MYS-01
GR-07216,PO-07216,2026-04-05,49,WH-MYS-01
GR-07217,PO-07217,2026-02-22,19,WH-BLR-01
GR-07218,PO-07218,2026-02-22,26,WH-HYD-01
GR-07219,PO-07219,2026-05-14,6,WH-MYS-01
GR-07220,PO-07220,2026-04-02,49,WH-BLR-01
GR-07221,PO-07221,2026-03-07,7,WH-HYD-01
GR-07222,PO-07222,2026-05-29,22,WH-CHN-01
GR-07223,PO-07223,2026-06-02,4,WH-HYD-01
GR-07224,PO-07224,2026-04-24,4,WH-MYS-01
GR-07225,PO-07225,2026-03-26,4,WH-BLR-01
GR-07226,PO-07226,2026-02-01,9,WH-MYS-01
GR-07227,PO-07227,2026-01-30,39,WH-HYD-01
GR-07228,PO-07228,2026-05-28,44,WH-HYD-01
GR-07229,PO-07229,2026-03-28,1,WH-MYS-01
GR-07230,PO-07230,2026-01-17,37,WH-BLR-01
GR-07231,PO-07231,2026-06-09,6,WH-BLR-01
GR-07232,PO-07232,2026-04-19,17,WH-MYS-01
GR-07233,PO-07233,2026-04-14,10,WH-HYD-01
GR-07234,PO-07234,2026-02-27,12,WH-HYD-01
GR-07235,PO-07235,2026-02-02,33,WH-CHN-01
GR-07236,PO-07236,2026-01-26,17,WH-MYS-01
GR-07237,PO-07237,2026-04-27,26,WH-MYS-01
GR-07238,PO-07238,2026-02-08,19,WH-HYD-01
GR-07239,PO-07239,2026-03-28,25,WH-HYD-01
GR-07240,PO-07240,2026-06-20,3,WH-HYD-01
GR-07241,PO-07241,2026-04-23,20,WH-BLR-01
GR-07242,PO-07242,2026-02-09,19,WH-MYS-01
GR-07243,PO-07243,2026-02-21,35,WH-MYS-01
GR-07244,PO-07244,2026-04-10,39,WH-MYS-01
GR-07245,PO-07245,2026-04-10,28,WH-CHN-01
GR-07246,PO-07246,2026-02-01,17,WH-CHN-01
GR-07247,PO-07247,2026-05-29,21,WH-CHN-01
GR-07248,PO-07248,2026-04-10,40,WH-CHN-01
GR-07249,PO-07249,2026-06-17,16,WH-BLR-01
GR-07250,PO-07250,2026-03-03,36,WH-CHN-01
GR-07251,PO-07251,2026-03-10,30,WH-CHN-01
GR-07252,PO-07252,2026-02-03,37,WH-MYS-01
GR-07253,PO-07253,2026-03-19,38,WH-MYS-01
GR-07254,PO-07254,2026-04-28,5,WH-HYD-01
GR-07255,PO-07255,2026-06-15,42,WH-CHN-01
GR-07256,PO-07256,2026-03-21,22,WH-BLR-01
GR-07257,PO-07257,2026-02-24,9,WH-BLR-01
GR-07258,PO-07258,2026-01-14,2,WH-HYD-01
GR-07259,PO-07259,2026-03-14,22,WH-HYD-01
GR-07260,PO-07260,2026-04-21,19,WH-BLR-01
GR-07261,PO-07261,2026-05-20,15,WH-MYS-01
GR-07262,PO-07262,2026-04-08,30,WH-CHN-01
GR-07263,PO-07263,2026-02-26,8,WH-CHN-01
GR-07264,PO-07264,2026-06-03,40,WH-MYS-01
GR-07265,PO-07265,2026-05-02,28,WH-HYD-01
GR-07266,PO-07266,2026-04-02,38,WH-BLR-01
GR-07267,PO-07267,2026-04-29,6,WH-HYD-01
GR-07268,PO-07268,2026-05-06,10,WH-HYD-01
GR-07269,PO-07269,2026-05-08,29,WH-BLR-01
GR-07270,PO-07270,2026-01-17,35,WH-HYD-01
GR-07271,PO-07271,2026-05-21,8,WH-MYS-01
GR-07272,PO-07272,2026-03-16,6,WH-MYS-01
GR-07273,PO-07273,2026-03-15,21,WH-MYS-01
GR-07274,PO-07274,2026-03-16,47,WH-CHN-01
GR-07275,PO-07275,2026-05-04,8,WH-BLR-01
GR-07276,PO-07276,2026-01-25,23,WH-MYS-01
GR-07277,PO-07277,2026-03-26,32,WH-MYS-01
GR-07278,PO-07278,2026-03-28,26,WH-CHN-01
GR-07279,PO-07279,2026-03-05,11,WH-BLR-01
GR-07280,PO-07280,2026-01-20,33,WH-MYS-01
GR-07281,PO-07281,2026-03-09,2,WH-CHN-01
GR-07282,PO-07282,2026-01-29,8,WH-HYD-01
GR-07283,PO-07283,2026-02-03,25,WH-HYD-01
GR-07284,PO-07284,2026-02-14,28,WH-HYD-01
GR-07285,PO-07285,2026-04-04,10,WH-CHN-01
GR-07286,PO-07286,2026-01-26,6,WH-HYD-01
GR-07287,PO-07287,2026-06-10,20,WH-BLR-01
GR-07288,PO-07288,2026-05-28,31,WH-CHN-01
GR-07289,PO-07289,2026-01-14,43,WH-CHN-01
GR-07290,PO-07290,2026-01-26,40,WH-MYS-01
GR-07291,PO-07291,2026-05-27,50,WH-HYD-01
GR-07292,PO-07292,2026-05-27,23,WH-CHN-01
GR-07293,PO-07293,2026-04-03,29,WH-MYS-01
GR-07294,PO-07294,2026-05-19,18,WH-BLR-01
GR-07295,PO-07295,2026-05-28,46,WH-HYD-01
GR-07296,PO-07296,2026-04-14,17,WH-MYS-01
GR-07297,PO-07297,2026-04-07,16,WH-HYD-01
GR-07298,PO-07298,2026-06-01,7,WH-MYS-01
GR-07299,PO-07299,2026-03-26,29,WH-HYD-01
GR-07300,PO-07300,2026-03-17,9,WH-MYS-01
GR-07301,PO-07301,2026-05-05,7,WH-CHN-01
GR-07302,PO-07302,2026-06-08,27,WH-CHN-01
GR-07303,PO-07303,2026-01-30,45,WH-BLR-01
GR-07304,PO-07304,2026-02-19,24,WH-HYD-01
GR-07305,PO-07305,2026-05-22,19,WH-BLR-01
GR-07306,PO-07306,2026-01-12,27,WH-MYS-01
GR-07307,PO-07307,2026-02-11,11,WH-MYS-01
GR-07308,PO-07308,2026-06-29,42,WH-BLR-01
GR-07309,PO-07309,2026-06-05,43,WH-CHN-01
GR-07310,PO-07310,2026-05-08,49,WH-HYD-01
GR-07311,PO-07311,2026-05-06,4,WH-MYS-01
GR-07312,PO-07312,2026-03-15,15,WH-BLR-01
GR-07313,PO-07313,2026-04-04,48,WH-BLR-01
GR-07314,PO-07314,2026-05-22,43,WH-BLR-01
GR-07315,PO-07315,2026-06-26,15,WH-MYS-01
GR-07316,PO-07316,2026-04-27,24,WH-MYS-01
GR-07317,PO-07317,2026-05-26,43,WH-CHN-01
GR-07318,PO-07318,2026-05-03,43,WH-CHN-01
GR-07319,PO-07319,2026-04-29,45,WH-BLR-01
GR-07320,PO-07320,2026-01-15,46,WH-MYS-01
GR-07321,PO-07321,2026-05-21,12,WH-BLR-01
GR-07322,PO-07322,2026-03-03,37,WH-CHN-01
GR-07323,PO-07323,2026-03-17,35,WH-HYD-01
GR-07324,PO-07324,2026-02-17,44,WH-HYD-01
GR-07325,PO-07325,2026-05-25,31,WH-BLR-01
GR-07326,PO-07326,2026-03-07,26,WH-CHN-01
GR-07327,PO-07327,2026-04-18,48,WH-BLR-01
GR-07328,PO-07328,2026-05-04,47,WH-BLR-01
GR-07329,PO-07329,2026-05-02,34,WH-HYD-01
GR-07330,PO-07330,2026-03-13,12,WH-CHN-01
GR-07331,PO-07331,2026-01-22,2,WH-BLR-01
GR-07332,PO-07332,2026-05-25,48,WH-CHN-01
GR-07333,PO-07333,2026-03-14,29,WH-HYD-01
GR-07334,PO-07334,2026-02-21,14,WH-CHN-01
GR-07335,PO-07335,2026-02-28,44,WH-CHN-01
GR-07336,PO-07336,2026-01-22,23,WH-BLR-01
GR-07337,PO-07337,2026-02-05,24,WH-BLR-01
GR-07338,PO-07338,2026-04-07,49,WH-CHN-01
GR-07339,PO-07339,2026-02-04,45,WH-MYS-01
GR-07340,PO-07340,2026-02-03,28,WH-HYD-01
GR-07341,PO-07341,2026-04-28,19,WH-CHN-01
GR-07342,PO-07342,2026-03-20,16,WH-MYS-01
GR-07343,PO-07343,2026-04-05,27,WH-HYD-01
GR-07344,PO-07344,2026-02-04,40,WH-MYS-01
GR-07345,PO-07345,2026-03-08,44,WH-BLR-01
GR-07346,PO-07346,2026-05-09,29,WH-BLR-01
GR-07347,PO-07347,2026-01-23,35,WH-BLR-01
GR-07348,PO-07348,2026-04-30,30,WH-CHN-01
GR-07349,PO-07349,2026-05-25,8,WH-HYD-01
GR-07350,PO-07350,2026-02-26,1,WH-HYD-01
GR-07351,PO-07351,2026-03-11,5,WH-HYD-01
GR-07352,PO-07352,2026-02-02,21,WH-HYD-01
GR-07353,PO-07353,2026-04-24,11,WH-BLR-01
GR-07354,PO-07354,2026-04-01,17,WH-HYD-01
GR-07355,PO-07355,2026-03-08,45,WH-BLR-01
GR-07356,PO-07356,2026-06-08,42,WH-MYS-01
GR-07357,PO-07357,2026-03-21,37,WH-MYS-01
GR-07358,PO-07358,2026-02-17,33,WH-MYS-01
GR-07359,PO-07359,2026-03-28,12,WH-BLR-01
GR-07360,PO-07360,2026-05-14,47,WH-MYS-01
GR-07361,PO-07361,2026-03-21,39,WH-CHN-01
GR-07362,PO-07362,2026-02-16,33,WH-BLR-01
GR-07363,PO-07363,2026-05-15,8,WH-HYD-01
GR-07364,PO-07364,2026-06-11,4,WH-HYD-01
GR-07365,PO-07365,2026-03-17,48,WH-HYD-01
GR-07366,PO-07366,2026-04-14,16,WH-HYD-01
GR-07367,PO-07367,2026-02-27,46,WH-MYS-01
GR-07368,PO-07368,2026-06-04,32,WH-HYD-01
GR-07369,PO-07369,2026-03-28,43,WH-CHN-01
GR-07370,PO-07370,2026-01-28,6,WH-CHN-01
GR-07371,PO-07371,2026-03-15,39,WH-CHN-01
GR-07372,PO-07372,2026-03-12,27,WH-MYS-01
GR-07373,PO-07373,2026-04-24,26,WH-HYD-01
GR-07374,PO-07374,2026-05-19,41,WH-BLR-01
GR-07375,PO-07375,2026-05-08,27,WH-CHN-01
GR-07376,PO-07376,2026-06-27,12,WH-MYS-01
GR-07377,PO-07377,2026-03-14,28,WH-MYS-01
GR-07378,PO-07378,2026-03-27,11,WH-BLR-01
GR-07379,PO-07379,2026-06-02,11,WH-BLR-01
GR-07380,PO-07380,2026-04-12,4,WH-BLR-01
GR-07381,PO-07381,2026-02-02,26,WH-CHN-01
GR-07382,PO-07382,2026-05-04,28,WH-HYD-01
GR-07383,PO-07383,2026-06-10,48,WH-MYS-01
GR-07384,PO-07384,2026-01-16,10,WH-BLR-01
GR-07385,PO-07385,2026-05-30,37,WH-MYS-01
GR-07386,PO-07386,2026-02-24,17,WH-BLR-01
GR-07387,PO-07387,2026-03-20,40,WH-BLR-01
GR-07388,PO-07388,2026-03-19,16,WH-BLR-01
GR-07389,PO-07389,2026-02-24,12,WH-MYS-01
GR-07390,PO-07390,2026-04-20,21,WH-HYD-01
GR-07391,PO-07391,2026-03-27,46,WH-HYD-01
GR-07392,PO-07392,2026-01-30,3,WH-BLR-01
GR-07393,PO-07393,2026-03-09,33,WH-CHN-01
GR-07394,PO-07394,2026-06-08,28,WH-HYD-01
GR-07395,PO-07395,2026-06-09,48,WH-MYS-01
GR-07396,PO-07396,2026-02-18,11,WH-CHN-01
GR-07397,PO-07397,2026-03-22,40,WH-BLR-01
GR-07398,PO-07398,2026-04-05,47,WH-MYS-01
GR-07399,PO-07399,2026-04-04,26,WH-CHN-01
GR-07400,PO-07400,2026-05-17,26,WH-MYS-01
GR-07401,PO-07401,2026-06-16,33,WH-HYD-01
GR-07402,PO-07402,2026-04-20,36,WH-HYD-01
GR-07403,PO-07403,2026-04-17,6,WH-CHN-01
GR-07404,PO-07404,2026-01-31,28,WH-BLR-01
GR-07405,PO-07405,2026-03-09,12,WH-BLR-01
GR-07406,PO-07406,2026-05-07,43,WH-HYD-01
GR-07407,PO-07407,2026-04-10,18,WH-BLR-01
GR-07408,PO-07408,2026-03-28,8,WH-HYD-01
GR-07409,PO-07409,2026-04-06,8,WH-HYD-01
GR-07410,PO-07410,2026-03-16,8,WH-HYD-01
GR-07411,PO-07411,2026-02-21,1,WH-BLR-01
GR-07412,PO-07412,2026-03-19,50,WH-BLR-01
GR-07413,PO-07413,2026-02-25,11,WH-MYS-01
GR-07414,PO-07414,2026-06-03,23,WH-HYD-01
GR-07415,PO-07415,2026-06-13,24,WH-BLR-01
GR-07416,PO-07416,2026-06-19,2,WH-CHN-01
GR-07417,PO-07417,2026-02-02,41,WH-BLR-01
GR-07418,PO-07418,2026-03-12,26,WH-MYS-01
GR-07419,PO-07419,2026-01-28,24,WH-BLR-01
GR-07420,PO-07420,2026-01-30,3,WH-MYS-01
GR-07421,PO-07421,2026-03-05,7,WH-CHN-01
GR-07422,PO-07422,2026-03-26,43,WH-BLR-01
GR-07423,PO-07423,2026-05-08,33,WH-BLR-01
GR-07424,PO-07424,2026-06-04,40,WH-HYD-01
GR-07425,PO-07425,2026-02-24,46,WH-HYD-01
GR-07426,PO-07426,2026-04-18,48,WH-HYD-01
GR-07427,PO-07427,2026-05-27,35,WH-BLR-01
GR-07428,PO-07428,2026-02-26,5,WH-CHN-01
GR-07429,PO-07429,2026-03-18,35,WH-MYS-01
GR-07430,PO-07430,2026-01-14,21,WH-MYS-01
GR-07431,PO-07431,2026-03-28,18,WH-BLR-01
GR-07432,PO-07432,2026-03-08,2,WH-BLR-01
GR-07433,PO-07433,2026-05-11,20,WH-BLR-01
GR-07434,PO-07434,2026-02-21,41,WH-HYD-01
GR-07435,PO-07435,2026-05-29,5,WH-CHN-01
GR-07436,PO-07436,2026-06-15,30,WH-BLR-01
GR-07437,PO-07437,2026-01-23,1,WH-HYD-01
GR-07438,PO-07438,2026-04-05,33,WH-BLR-01
GR-07439,PO-07439,2026-04-30,45,WH-MYS-01
GR-07440,PO-07440,2026-06-14,1,WH-HYD-01
GR-07441,PO-07441,2026-03-09,23,WH-HYD-01
GR-07442,PO-07442,2026-05-28,47,WH-BLR-01
GR-07443,PO-07443,2026-02-15,33,WH-CHN-01
GR-07444,PO-07444,2026-03-20,31,WH-BLR-01
GR-07445,PO-07445,2026-06-04,31,WH-MYS-01
GR-07446,PO-07446,2026-04-07,29,WH-MYS-01
GR-07447,PO-07447,2026-05-11,27,WH-CHN-01
GR-07448,PO-07448,2026-03-02,34,WH-BLR-01
GR-07449,PO-07449,2026-02-14,3,WH-MYS-01
GR-07450,PO-07450,2026-02-06,47,WH-CHN-01
GR-07451,PO-07451,2026-05-24,48,WH-HYD-01
GR-07452,PO-07452,2026-03-11,12,WH-MYS-01
GR-07453,PO-07453,2026-04-27,33,WH-BLR-01
GR-07454,PO-07454,2026-05-21,35,WH-MYS-01
GR-07455,PO-07455,2026-03-08,17,WH-CHN-01
GR-07456,PO-07456,2026-02-08,20,WH-MYS-01
GR-07457,PO-07457,2026-02-16,5,WH-BLR-01
GR-07458,PO-07458,2026-01-31,4,WH-HYD-01
GR-07459,PO-07459,2026-01-28,34,WH-MYS-01
GR-07460,PO-07460,2026-03-29,24,WH-HYD-01
GR-07461,PO-07461,2026-03-28,37,WH-CHN-01
GR-07462,PO-07462,2026-02-14,32,WH-MYS-01
GR-07463,PO-07463,2026-02-04,2,WH-CHN-01
GR-07464,PO-07464,2026-04-27,23,WH-BLR-01
GR-07465,PO-07465,2026-01-23,28,WH-CHN-01
GR-07466,PO-07466,2026-02-05,45,WH-HYD-01
GR-07467,PO-07467,2026-02-15,45,WH-BLR-01
GR-07468,PO-07468,2026-01-28,29,WH-BLR-01
GR-07469,PO-07469,2026-06-04,37,WH-BLR-01
GR-07470,PO-07470,2026-02-20,37,WH-BLR-01
GR-07471,PO-07471,2026-02-02,18,WH-BLR-01
GR-07472,PO-07472,2026-04-08,34,WH-HYD-01
GR-07473,PO-07473,2026-02-08,30,WH-MYS-01
GR-07474,PO-07474,2026-02-22,25,WH-MYS-01
GR-07475,PO-07475,2026-04-17,17,WH-BLR-01
GR-07476,PO-07476,2026-06-03,20,WH-CHN-01
GR-07477,PO-07477,2026-04-21,10,WH-BLR-01
GR-07478,PO-07478,2026-03-16,1,WH-HYD-01
GR-07479,PO-07479,2026-03-14,49,WH-BLR-01
GR-07480,PO-07480,2026-03-02,23,WH-BLR-01
GR-07481,PO-07481,2026-05-28,20,WH-HYD-01
GR-07482,PO-07482,2026-06-18,16,WH-HYD-01
GR-07483,PO-07483,2026-04-22,13,WH-BLR-01
GR-07484,PO-07484,2026-04-28,36,WH-CHN-01
GR-07485,PO-07485,2026-01-20,23,WH-MYS-01
GR-07486,PO-07486,2026-05-06,30,WH-HYD-01
GR-07487,PO-07487,2026-04-14,50,WH-BLR-01
GR-07488,PO-07488,2026-03-02,4,WH-MYS-01
GR-07489,PO-07489,2026-02-03,28,WH-MYS-01
GR-07490,PO-07490,2026-03-19,40,WH-MYS-01
GR-07491,PO-07491,2026-05-31,5,WH-MYS-01
GR-07492,PO-07492,2026-06-05,12,WH-HYD-01
GR-07493,PO-07493,2026-01-17,40,WH-HYD-01
GR-07494,PO-07494,2026-04-12,27,WH-BLR-01
GR-07495,PO-07495,2026-04-12,16,WH-CHN-01
GR-07496,PO-07496,2026-02-16,7,WH-MYS-01
GR-07497,PO-07497,2026-04-12,13,WH-CHN-01
GR-07498,PO-07498,2026-04-25,27,WH-BLR-01
GR-07499,PO-07499,2026-01-29,35,WH-HYD-01
GR-07500,PO-07500,2026-04-13,2,WH-MYS-01
GR-07501,PO-07501,2026-02-02,6,WH-BLR-01
GR-07502,PO-07502,2026-02-08,3,WH-MYS-01
GR-07503,PO-07503,2026-01-26,13,WH-HYD-01
GR-07504,PO-07504,2026-02-13,14,WH-CHN-01
GR-07505,PO-07505,2026-06-07,48,WH-CHN-01
GR-07506,PO-07506,2026-04-03,4,WH-MYS-01
GR-07507,PO-07507,2026-04-21,7,WH-HYD-01
GR-07508,PO-07508,2026-01-27,9,WH-MYS-01
GR-07509,PO-07509,2026-01-23,4,WH-CHN-01
GR-07510,PO-07510,2026-03-15,50,WH-HYD-01
GR-07511,PO-07511,2026-05-11,3,WH-MYS-01
GR-07512,PO-07512,2026-03-03,39,WH-CHN-01
GR-07513,PO-07513,2026-02-21,7,WH-HYD-01
GR-07514,PO-07514,2026-04-15,21,WH-BLR-01
GR-07515,PO-07515,2026-04-13,37,WH-HYD-01
GR-07516,PO-07516,2026-06-08,8,WH-CHN-01
GR-07517,PO-07517,2026-04-16,43,WH-HYD-01
GR-07518,PO-07518,2026-03-09,25,WH-MYS-01
GR-07519,PO-07519,2026-03-23,50,WH-MYS-01
GR-07520,PO-07520,2026-05-03,5,WH-BLR-01
GR-07521,PO-07521,2026-01-21,29,WH-BLR-01
GR-07522,PO-07522,2026-05-01,42,WH-BLR-01
GR-07523,PO-07523,2026-02-08,21,WH-BLR-01
GR-07524,PO-07524,2026-04-18,15,WH-HYD-01
GR-07525,PO-07525,2026-01-23,50,WH-CHN-01
GR-07526,PO-07526,2026-05-25,38,WH-MYS-01
GR-07527,PO-07527,2026-02-26,45,WH-BLR-01
GR-07528,PO-07528,2026-01-30,32,WH-CHN-01
GR-07529,PO-07529,2026-04-25,11,WH-HYD-01
GR-07530,PO-07530,2026-05-12,11,WH-MYS-01
GR-07531,PO-07531,2026-05-15,7,WH-CHN-01
GR-07532,PO-07532,2026-04-19,47,WH-CHN-01
GR-07533,PO-07533,2026-06-05,2,WH-MYS-01
GR-07534,PO-07534,2026-04-25,39,WH-HYD-01
GR-07535,PO-07535,2026-02-19,13,WH-CHN-01
GR-07536,PO-07536,2026-06-07,24,WH-MYS-01
GR-07537,PO-07537,2026-02-27,41,WH-MYS-01
GR-07538,PO-07538,2026-02-16,11,WH-BLR-01
GR-07539,PO-07539,2026-02-09,31,WH-BLR-01
GR-07540,PO-07540,2026-04-16,20,WH-HYD-01
GR-07541,PO-07541,2026-02-08,37,WH-HYD-01
GR-07542,PO-07542,2026-06-02,42,WH-BLR-01
GR-07543,PO-07543,2026-06-08,7,WH-CHN-01
GR-07544,PO-07544,2026-03-27,47,WH-MYS-01
GR-07545,PO-07545,2026-04-17,45,WH-HYD-01
GR-07546,PO-07546,2026-04-10,47,WH-BLR-01
GR-07547,PO-07547,2026-05-30,35,WH-MYS-01
GR-07548,PO-07548,2026-02-19,11,WH-MYS-01
GR-07549,PO-07549,2026-03-15,24,WH-BLR-01
GR-07550,PO-07550,2026-06-04,39,WH-HYD-01
GR-07551,PO-07551,2026-04-23,4,WH-BLR-01
GR-07552,PO-07552,2026-02-25,41,WH-HYD-01
GR-07553,PO-07553,2026-03-31,18,WH-CHN-01
GR-07554,PO-07554,2026-04-07,5,WH-BLR-01
GR-07555,PO-07555,2026-05-01,36,WH-BLR-01
GR-07556,PO-07556,2026-01-21,20,WH-CHN-01
GR-07557,PO-07557,2026-06-08,4,WH-MYS-01
GR-07558,PO-07558,2026-03-01,39,WH-BLR-01
GR-07559,PO-07559,2026-03-07,43,WH-MYS-01
GR-07560,PO-07560,2026-03-03,21,WH-CHN-01
GR-07561,PO-07561,2026-02-07,7,WH-HYD-01
GR-07562,PO-07562,2026-05-31,16,WH-MYS-01
GR-07563,PO-07563,2026-02-23,9,WH-CHN-01
GR-07564,PO-07564,2026-01-31,37,WH-BLR-01
GR-07565,PO-07565,2026-04-02,8,WH-MYS-01
GR-07566,PO-07566,2026-02-08,22,WH-MYS-01
GR-07567,PO-07567,2026-05-17,1,WH-CHN-01
GR-07568,PO-07568,2026-03-23,42,WH-CHN-01
GR-07569,PO-07569,2026-03-17,35,WH-MYS-01
GR-07570,PO-07570,2026-05-26,48,WH-BLR-01
GR-07571,PO-07571,2026-05-14,45,WH-CHN-01
GR-07572,PO-07572,2026-05-26,1,WH-HYD-01
GR-07573,PO-07573,2026-06-10,3,WH-HYD-01
GR-07574,PO-07574,2026-05-12,15,WH-BLR-01
GR-07575,PO-07575,2026-03-16,4,WH-BLR-01
GR-07576,PO-07576,2026-04-02,23,WH-BLR-01
GR-07577,PO-07577,2026-03-07,34,WH-CHN-01
GR-07578,PO-07578,2026-04-27,5,WH-MYS-01
GR-07579,PO-07579,2026-03-17,19,WH-CHN-01
GR-07580,PO-07580,2026-03-22,25,WH-BLR-01
GR-07581,PO-07581,2026-02-05,48,WH-CHN-01
GR-07582,PO-07582,2026-05-20,46,WH-CHN-01
GR-07583,PO-07583,2026-04-15,11,WH-BLR-01
GR-07584,PO-07584,2026-05-31,27,WH-BLR-01
GR-07585,PO-07585,2026-03-14,44,WH-BLR-01
GR-07586,PO-07586,2026-01-20,33,WH-BLR-01
GR-07587,PO-07587,2026-04-20,28,WH-MYS-01
GR-07588,PO-07588,2026-01-17,18,WH-MYS-01
GR-07589,PO-07589,2026-02-25,9,WH-HYD-01
GR-07590,PO-07590,2026-01-21,13,WH-CHN-01
GR-07591,PO-07591,2026-04-19,1,WH-MYS-01
GR-07592,PO-07592,2026-05-16,46,WH-CHN-01
GR-07593,PO-07593,2026-03-08,17,WH-CHN-01
GR-07594,PO-07594,2026-05-11,30,WH-CHN-01
GR-07595,PO-07595,2026-06-16,45,WH-CHN-01
GR-07596,PO-07596,2026-04-28,23,WH-HYD-01
GR-07597,PO-07597,2026-06-12,42,WH-HYD-01
GR-07598,PO-07598,2026-02-20,42,WH-BLR-01
GR-07599,PO-07599,2026-05-25,16,WH-MYS-01
GR-07600,PO-07600,2026-03-22,39,WH-MYS-01
GR-07601,PO-07601,2026-05-16,50,WH-MYS-01
GR-07602,PO-07602,2026-05-14,10,WH-HYD-01
GR-07603,PO-07603,2026-01-31,2,WH-CHN-01
GR-07604,PO-07604,2026-04-12,39,WH-HYD-01
GR-07605,PO-07605,2026-05-10,45,WH-HYD-01
GR-07606,PO-07606,2026-05-10,9,WH-CHN-01
GR-07607,PO-07607,2026-05-27,15,WH-MYS-01
GR-07608,PO-07608,2026-02-23,7,WH-BLR-01
GR-07609,PO-07609,2026-04-13,23,WH-BLR-01
GR-07610,PO-07610,2026-02-04,5,WH-MYS-01
GR-07611,PO-07611,2026-04-28,22,WH-BLR-01
GR-07612,PO-07612,2026-03-10,50,WH-MYS-01
GR-07613,PO-07613,2026-03-13,31,WH-HYD-01
GR-07614,PO-07614,2026-04-10,9,WH-CHN-01
GR-07615,PO-07615,2026-06-15,31,WH-CHN-01
GR-07616,PO-07616,2026-02-05,15,WH-HYD-01
GR-07617,PO-07617,2026-02-10,23,WH-MYS-01
GR-07618,PO-07618,2026-02-27,19,WH-MYS-01
GR-07619,PO-07619,2026-01-26,50,WH-MYS-01
GR-07620,PO-07620,2026-05-16,21,WH-BLR-01
GR-07621,PO-07621,2026-04-17,38,WH-HYD-01
GR-07622,PO-07622,2026-02-23,27,WH-HYD-01
GR-07623,PO-07623,2026-04-02,24,WH-HYD-01
GR-07624,PO-07624,2026-01-20,48,WH-BLR-01
GR-07625,PO-07625,2026-03-18,20,WH-BLR-01
GR-07626,PO-07626,2026-02-23,47,WH-CHN-01
GR-07627,PO-07627,2026-05-18,46,WH-HYD-01
GR-07628,PO-07628,2026-01-26,12,WH-CHN-01
GR-07629,PO-07629,2026-05-30,10,WH-CHN-01
GR-07630,PO-07630,2026-06-02,27,WH-BLR-01
GR-07631,PO-07631,2026-02-23,6,WH-MYS-01
GR-07632,PO-07632,2026-05-28,30,WH-HYD-01
GR-07633,PO-07633,2026-04-09,47,WH-BLR-01
GR-07634,PO-07634,2026-01-28,17,WH-CHN-01
GR-07635,PO-07635,2026-03-06,8,WH-MYS-01
GR-07636,PO-07636,2026-03-03,25,WH-MYS-01
GR-07637,PO-07637,2026-05-21,28,WH-HYD-01
GR-07638,PO-07638,2026-04-08,35,WH-MYS-01
GR-07639,PO-07639,2026-04-13,42,WH-CHN-01
GR-07640,PO-07640,2026-06-02,11,WH-CHN-01
GR-07641,PO-07641,2026-03-16,47,WH-HYD-01
GR-07642,PO-07642,2026-01-17,29,WH-MYS-01
GR-07643,PO-07643,2026-02-16,5,WH-CHN-01
GR-07644,PO-07644,2026-01-30,11,WH-BLR-01
GR-07645,PO-07645,2026-04-14,43,WH-HYD-01
GR-07646,PO-07646,2026-02-02,27,WH-HYD-01
GR-07647,PO-07647,2026-05-09,13,WH-BLR-01
GR-07648,PO-07648,2026-05-24,26,WH-BLR-01
GR-07649,PO-07649,2026-04-12,17,WH-HYD-01
GR-07650,PO-07650,2026-03-16,35,WH-MYS-01
GR-07651,PO-07651,2026-05-10,16,WH-BLR-01
GR-07652,PO-07652,2026-03-18,13,WH-CHN-01
GR-07653,PO-07653,2026-04-21,31,WH-CHN-01
GR-07654,PO-07654,2026-05-31,32,WH-CHN-01
GR-07655,PO-07655,2026-04-21,47,WH-HYD-01
GR-07656,PO-07656,2026-05-16,14,WH-HYD-01
GR-07657,PO-07657,2026-03-24,43,WH-BLR-01
GR-07658,PO-07658,2026-06-04,47,WH-MYS-01
GR-07659,PO-07659,2026-04-18,28,WH-MYS-01
GR-07660,PO-07660,2026-02-25,33,WH-CHN-01
GR-07661,PO-07661,2026-04-17,34,WH-CHN-01
GR-07662,PO-07662,2026-03-01,17,WH-BLR-01
GR-07663,PO-07663,2026-05-03,20,WH-HYD-01
GR-07664,PO-07664,2026-04-06,40,WH-HYD-01
GR-07665,PO-07665,2026-05-08,37,WH-MYS-01
GR-07666,PO-07666,2026-03-07,46,WH-MYS-01
GR-07667,PO-07667,2026-03-21,33,WH-HYD-01
GR-07668,PO-07668,2026-05-24,50,WH-BLR-01
GR-07669,PO-07669,2026-04-27,12,WH-BLR-01
GR-07670,PO-07670,2026-01-22,48,WH-BLR-01
GR-07671,PO-07671,2026-03-14,31,WH-CHN-01
GR-07672,PO-07672,2026-03-30,37,WH-MYS-01
GR-07673,PO-07673,2026-05-13,25,WH-HYD-01
GR-07674,PO-07674,2026-03-15,22,WH-BLR-01
GR-07675,PO-07675,2026-04-18,17,WH-MYS-01
GR-07676,PO-07676,2026-05-28,36,WH-CHN-01
GR-07677,PO-07677,2026-02-17,28,WH-BLR-01
GR-07678,PO-07678,2026-05-16,14,WH-HYD-01
GR-07679,PO-07679,2026-04-12,44,WH-HYD-01
GR-07680,PO-07680,2026-06-02,32,WH-MYS-01
GR-07681,PO-07681,2026-02-05,23,WH-CHN-01
GR-07682,PO-07682,2026-04-21,37,WH-MYS-01
GR-07683,PO-07683,2026-05-11,11,WH-CHN-01
GR-07684,PO-07684,2026-04-21,17,WH-MYS-01
GR-07685,PO-07685,2026-02-25,24,WH-CHN-01
GR-07686,PO-07686,2026-03-21,25,WH-BLR-01
GR-07687,PO-07687,2026-06-21,48,WH-HYD-01
GR-07688,PO-07688,2026-03-08,44,WH-CHN-01
GR-07689,PO-07689,2026-05-01,3,WH-HYD-01
GR-07690,PO-07690,2026-03-11,5,WH-BLR-01
GR-07691,PO-07691,2026-01-13,28,WH-BLR-01
GR-07692,PO-07692,2026-05-29,10,WH-HYD-01
GR-07693,PO-07693,2026-02-09,33,WH-CHN-01
GR-07694,PO-07694,2026-05-18,11,WH-CHN-01
GR-07695,PO-07695,2026-04-15,32,WH-CHN-01
GR-07696,PO-07696,2026-02-19,6,WH-HYD-01
GR-07697,PO-07697,2026-03-17,43,WH-MYS-01
GR-07698,PO-07698,2026-03-21,23,WH-CHN-01
GR-07699,PO-07699,2026-03-16,20,WH-MYS-01
GR-07700,PO-07700,2026-06-21,24,WH-HYD-01
GR-07701,PO-07701,2026-02-16,29,WH-MYS-01
GR-07702,PO-07702,2026-01-25,28,WH-HYD-01
GR-07703,PO-07703,2026-04-09,31,WH-MYS-01
GR-07704,PO-07704,2026-02-16,4,WH-MYS-01
GR-07705,PO-07705,2026-03-31,48,WH-MYS-01
GR-07706,PO-07706,2026-01-09,43,WH-BLR-01
GR-07707,PO-07707,2026-03-31,43,WH-BLR-01
GR-07708,PO-07708,2026-05-28,29,WH-BLR-01
GR-07709,PO-07709,2026-02-05,15,WH-BLR-01
GR-07710,PO-07710,2026-07-03,23,WH-BLR-01
GR-07711,PO-07711,2026-06-23,15,WH-CHN-01
GR-07712,PO-07712,2026-05-30,3,WH-MYS-01
GR-07713,PO-07713,2026-02-21,8,WH-CHN-01
GR-07714,PO-07714,2026-04-02,1,WH-CHN-01
GR-07715,PO-07715,2026-05-27,47,WH-MYS-01
GR-07716,PO-07716,2026-05-03,20,WH-MYS-01
GR-07717,PO-07717,2026-02-05,30,WH-BLR-01
GR-07718,PO-07718,2026-03-26,27,WH-BLR-01
GR-07719,PO-07719,2026-03-10,17,WH-MYS-01
GR-07720,PO-07720,2026-03-17,26,WH-MYS-01
GR-07721,PO-07721,2026-04-11,18,WH-MYS-01
GR-07722,PO-07722,2026-05-07,14,WH-CHN-01
GR-07723,PO-07723,2026-04-10,31,WH-HYD-01
GR-07724,PO-07724,2026-05-13,8,WH-CHN-01
GR-07725,PO-07725,2026-03-27,50,WH-HYD-01
GR-07726,PO-07726,2026-06-06,28,WH-MYS-01
GR-07727,PO-07727,2026-06-16,40,WH-BLR-01
GR-07728,PO-07728,2026-05-19,8,WH-HYD-01
GR-07729,PO-07729,2026-04-17,15,WH-BLR-01
GR-07730,PO-07730,2026-06-16,3,WH-BLR-01
GR-07731,PO-07731,2026-02-08,12,WH-BLR-01
GR-07732,PO-07732,2026-02-11,17,WH-CHN-01
GR-07733,PO-07733,2026-02-28,43,WH-BLR-01
GR-07734,PO-07734,2026-02-01,19,WH-HYD-01
GR-07735,PO-07735,2026-03-21,5,WH-BLR-01
GR-07736,PO-07736,2026-03-31,47,WH-MYS-01
GR-07737,PO-07737,2026-02-18,40,WH-CHN-01
GR-07738,PO-07738,2026-04-24,24,WH-MYS-01
GR-07739,PO-07739,2026-04-14,44,WH-HYD-01
GR-07740,PO-07740,2026-03-12,8,WH-HYD-01
GR-07741,PO-07741,2026-04-16,47,WH-CHN-01
GR-07742,PO-07742,2026-01-25,48,WH-MYS-01
GR-07743,PO-07743,2026-04-11,7,WH-BLR-01
GR-07744,PO-07744,2026-03-12,1,WH-CHN-01
GR-07745,PO-07745,2026-03-09,4,WH-HYD-01
GR-07746,PO-07746,2026-01-17,28,WH-CHN-01
GR-07747,PO-07747,2026-02-08,48,WH-MYS-01
GR-07748,PO-07748,2026-02-07,43,WH-CHN-01
GR-07749,PO-07749,2026-03-11,17,WH-HYD-01
GR-07750,PO-07750,2026-04-08,42,WH-CHN-01
GR-07751,PO-07751,2026-04-26,24,WH-CHN-01
GR-07752,PO-07752,2026-05-25,6,WH-HYD-01
GR-07753,PO-07753,2026-03-18,36,WH-CHN-01
GR-07754,PO-07754,2026-03-25,7,WH-MYS-01
GR-07755,PO-07755,2026-01-22,35,WH-CHN-01
GR-07756,PO-07756,2026-02-22,14,WH-HYD-01
GR-07757,PO-07757,2026-03-25,28,WH-CHN-01
GR-07758,PO-07758,2026-03-03,28,WH-MYS-01
GR-07759,PO-07759,2026-02-21,40,WH-MYS-01
GR-07760,PO-07760,2026-05-18,2,WH-MYS-01
GR-07761,PO-07761,2026-05-27,42,WH-HYD-01
GR-07762,PO-07762,2026-05-27,34,WH-BLR-01
GR-07763,PO-07763,2026-03-03,48,WH-MYS-01
GR-07764,PO-07764,2026-03-26,46,WH-MYS-01
GR-07765,PO-07765,2026-06-02,17,WH-MYS-01
GR-07766,PO-07766,2026-02-16,24,WH-HYD-01
GR-07767,PO-07767,2026-03-17,31,WH-BLR-01
GR-07768,PO-07768,2026-06-13,25,WH-HYD-01
GR-07769,PO-07769,2026-04-02,43,WH-CHN-01
GR-07770,PO-07770,2026-02-27,21,WH-CHN-01
GR-07771,PO-07771,2026-02-01,42,WH-BLR-01
GR-07772,PO-07772,2026-02-10,3,WH-HYD-01
GR-07773,PO-07773,2026-05-04,34,WH-BLR-01
GR-07774,PO-07774,2026-01-28,19,WH-CHN-01
GR-07775,PO-07775,2026-04-15,31,WH-HYD-01
GR-07776,PO-07776,2026-01-09,25,WH-MYS-01
GR-07777,PO-07777,2026-03-21,25,WH-HYD-01
GR-07778,PO-07778,2026-05-10,39,WH-MYS-01
GR-07779,PO-07779,2026-01-18,15,WH-CHN-01
GR-07780,PO-07780,2026-04-25,40,WH-MYS-01
GR-07781,PO-07781,2026-03-23,41,WH-CHN-01
GR-07782,PO-07782,2026-06-14,14,WH-BLR-01
GR-07783,PO-07783,2026-03-21,30,WH-MYS-01
GR-07784,PO-07784,2026-01-27,24,WH-CHN-01
GR-07785,PO-07785,2026-05-15,25,WH-CHN-01
GR-07786,PO-07786,2026-03-07,38,WH-CHN-01
GR-07787,PO-07787,2026-03-30,23,WH-CHN-01
GR-07788,PO-07788,2026-01-28,39,WH-CHN-01
GR-07789,PO-07789,2026-03-19,31,WH-HYD-01
GR-07790,PO-07790,2026-06-01,28,WH-CHN-01
GR-07791,PO-07791,2026-02-08,5,WH-BLR-01
GR-07792,PO-07792,2026-02-25,35,WH-MYS-01
GR-07793,PO-07793,2026-05-11,35,WH-HYD-01
GR-07794,PO-07794,2026-03-05,11,WH-MYS-01
GR-07795,PO-07795,2026-03-14,7,WH-HYD-01
GR-07796,PO-07796,2026-06-08,34,WH-BLR-01
GR-07797,PO-07797,2026-06-03,28,WH-HYD-01
GR-07798,PO-07798,2026-02-20,26,WH-MYS-01
GR-07799,PO-07799,2026-03-28,43,WH-MYS-01
GR-07800,PO-07800,2026-03-26,10,WH-CHN-01
GR-07801,PO-07801,2026-05-01,46,WH-HYD-01
GR-07802,PO-07802,2026-01-27,43,WH-HYD-01
GR-07803,PO-07803,2026-03-08,18,WH-HYD-01
GR-07804,PO-07804,2026-02-09,28,WH-CHN-01
GR-07805,PO-07805,2026-02-08,40,WH-HYD-01
GR-07806,PO-07806,2026-05-27,5,WH-BLR-01
GR-07807,PO-07807,2026-06-02,40,WH-HYD-01
GR-07808,PO-07808,2026-06-06,36,WH-BLR-01
GR-07809,PO-07809,2026-05-13,44,WH-CHN-01
GR-07810,PO-07810,2026-06-06,37,WH-HYD-01
GR-07811,PO-07811,2026-03-18,20,WH-MYS-01
GR-07812,PO-07812,2026-02-12,50,WH-BLR-01
GR-07813,PO-07813,2026-04-25,12,WH-CHN-01
GR-07814,PO-07814,2026-06-15,35,WH-BLR-01
GR-07815,PO-07815,2026-05-18,5,WH-HYD-01
GR-07816,PO-07816,2026-04-22,35,WH-CHN-01
GR-07817,PO-07817,2026-04-07,23,WH-CHN-01
GR-07818,PO-07818,2026-03-06,42,WH-MYS-01
GR-07819,PO-07819,2026-02-22,38,WH-MYS-01
GR-07820,PO-07820,2026-02-02,43,WH-BLR-01
GR-07821,PO-07821,2026-02-07,19,WH-MYS-01
GR-07822,PO-07822,2026-05-28,1,WH-MYS-01
GR-07823,PO-07823,2026-02-13,18,WH-MYS-01
GR-07824,PO-07824,2026-05-07,12,WH-HYD-01
GR-07825,PO-07825,2026-01-20,35,WH-BLR-01
GR-07826,PO-07826,2026-03-07,30,WH-HYD-01
GR-07827,PO-07827,2026-03-10,12,WH-BLR-01
GR-07828,PO-07828,2026-02-05,20,WH-CHN-01
GR-07829,PO-07829,2026-03-13,38,WH-CHN-01
GR-07830,PO-07830,2026-02-02,42,WH-BLR-01
GR-07831,PO-07831,2026-05-17,31,WH-MYS-01
GR-07832,PO-07832,2026-06-13,5,WH-HYD-01
GR-07833,PO-07833,2026-05-27,28,WH-BLR-01
GR-07834,PO-07834,2026-06-07,32,WH-MYS-01
GR-07835,PO-07835,2026-02-17,48,WH-BLR-01
GR-07836,PO-07836,2026-02-06,13,WH-MYS-01
GR-07837,PO-07837,2026-04-07,3,WH-HYD-01
GR-07838,PO-07838,2026-03-29,5,WH-CHN-01
GR-07839,PO-07839,2026-01-24,8,WH-BLR-01
GR-07840,PO-07840,2026-02-11,19,WH-BLR-01
GR-07841,PO-07841,2026-04-05,34,WH-MYS-01
GR-07842,PO-07842,2026-03-21,3,WH-HYD-01
GR-07843,PO-07843,2026-02-21,1,WH-BLR-01
GR-07844,PO-07844,2026-05-02,26,WH-CHN-01
GR-07845,PO-07845,2026-05-08,34,WH-CHN-01
GR-07846,PO-07846,2026-06-18,32,WH-HYD-01
GR-07847,PO-07847,2026-03-04,19,WH-BLR-01
GR-07848,PO-07848,2026-03-31,25,WH-HYD-01
GR-07849,PO-07849,2026-02-23,30,WH-MYS-01
GR-07850,PO-07850,2026-04-03,33,WH-HYD-01
GR-07851,PO-07851,2026-05-05,28,WH-BLR-01
GR-07852,PO-07852,2026-05-27,29,WH-BLR-01
GR-07853,PO-07853,2026-03-23,26,WH-CHN-01
GR-07854,PO-07854,2026-05-29,34,WH-HYD-01
GR-07855,PO-07855,2026-03-23,30,WH-BLR-01
GR-07856,PO-07856,2026-03-05,12,WH-BLR-01
GR-07857,PO-07857,2026-02-15,50,WH-BLR-01
GR-07858,PO-07858,2026-05-13,20,WH-HYD-01
GR-07859,PO-07859,2026-06-03,22,WH-CHN-01
GR-07860,PO-07860,2026-01-26,41,WH-HYD-01
GR-07861,PO-07861,2026-03-09,39,WH-MYS-01
GR-07862,PO-07862,2026-04-05,36,WH-HYD-01
GR-07863,PO-07863,2026-03-19,17,WH-BLR-01
GR-07864,PO-07864,2026-04-03,22,WH-HYD-01
GR-07865,PO-07865,2026-03-11,7,WH-BLR-01
GR-07866,PO-07866,2026-03-30,44,WH-MYS-01
GR-07867,PO-07867,2026-03-11,35,WH-HYD-01
GR-07868,PO-07868,2026-04-27,7,WH-BLR-01
GR-07869,PO-07869,2026-06-24,8,WH-MYS-01
GR-07870,PO-07870,2026-05-05,22,WH-CHN-01
GR-07871,PO-07871,2026-04-08,14,WH-CHN-01
GR-07872,PO-07872,2026-02-21,2,WH-CHN-01
GR-07873,PO-07873,2026-06-19,30,WH-BLR-01
GR-07874,PO-07874,2026-05-04,27,WH-MYS-01
GR-07875,PO-07875,2026-02-20,8,WH-MYS-01
GR-07876,PO-07876,2026-02-21,40,WH-HYD-01
GR-07877,PO-07877,2026-03-05,8,WH-MYS-01
GR-07878,PO-07878,2026-03-08,32,WH-MYS-01
GR-07879,PO-07879,2026-05-28,26,WH-BLR-01
GR-07880,PO-07880,2026-01-21,30,WH-CHN-01
GR-07881,PO-07881,2026-04-27,1,WH-MYS-01
GR-07882,PO-07882,2026-04-09,38,WH-HYD-01
GR-07883,PO-07883,2026-02-26,41,WH-BLR-01
GR-07884,PO-07884,2026-04-14,22,WH-MYS-01
GR-07885,PO-07885,2026-05-16,16,WH-MYS-01
GR-07886,PO-07886,2026-01-19,29,WH-BLR-01
GR-07887,PO-07887,2026-03-28,3,WH-HYD-01
GR-07888,PO-07888,2026-04-06,19,WH-CHN-01
GR-07889,PO-07889,2026-05-18,50,WH-MYS-01
GR-07890,PO-07890,2026-02-14,50,WH-BLR-01
GR-07891,PO-07891,2026-06-13,36,WH-HYD-01
GR-07892,PO-07892,2026-01-21,36,WH-MYS-01
GR-07893,PO-07893,2026-02-09,34,WH-HYD-01
GR-07894,PO-07894,2026-03-20,29,WH-CHN-01
GR-07895,PO-07895,2026-04-15,7,WH-BLR-01
GR-07896,PO-07896,2026-05-10,30,WH-BLR-01
GR-07897,PO-07897,2026-05-21,19,WH-HYD-01
GR-07898,PO-07898,2026-03-26,47,WH-CHN-01
GR-07899,PO-07899,2026-02-21,5,WH-MYS-01
GR-07900,PO-07900,2026-03-03,11,WH-MYS-01
GR-07901,PO-07901,2026-05-21,10,WH-HYD-01
GR-07902,PO-07902,2026-02-20,29,WH-MYS-01
GR-07903,PO-07903,2026-02-19,14,WH-BLR-01
GR-07904,PO-07904,2026-04-06,19,WH-MYS-01
GR-07905,PO-07905,2026-05-20,19,WH-HYD-01
GR-07906,PO-07906,2026-04-04,42,WH-MYS-01
GR-07907,PO-07907,2026-03-22,16,WH-BLR-01
GR-07908,PO-07908,2026-03-14,32,WH-BLR-01
GR-07909,PO-07909,2026-02-26,23,WH-BLR-01
GR-07910,PO-07910,2026-03-24,21,WH-BLR-01
GR-07911,PO-07911,2026-05-23,26,WH-MYS-01
GR-07912,PO-07912,2026-05-08,49,WH-HYD-01
GR-07913,PO-07913,2026-02-13,4,WH-CHN-01
GR-07914,PO-07914,2026-03-27,17,WH-HYD-01
GR-07915,PO-07915,2026-01-27,38,WH-MYS-01
GR-07916,PO-07916,2026-04-28,3,WH-HYD-01
GR-07917,PO-07917,2026-04-27,28,WH-HYD-01
GR-07918,PO-07918,2026-06-03,25,WH-MYS-01
GR-07919,PO-07919,2026-02-12,38,WH-CHN-01
GR-07920,PO-07920,2026-03-29,42,WH-CHN-01
GR-07921,PO-07921,2026-03-16,34,WH-BLR-01
GR-07922,PO-07922,2026-03-08,35,WH-MYS-01
GR-07923,PO-07923,2026-03-19,36,WH-HYD-01
GR-07924,PO-07924,2026-04-25,43,WH-CHN-01
GR-07925,PO-07925,2026-02-15,9,WH-MYS-01
GR-07926,PO-07926,2026-04-22,37,WH-BLR-01
GR-07927,PO-07927,2026-04-26,49,WH-CHN-01
GR-07928,PO-07928,2026-04-30,24,WH-MYS-01
GR-07929,PO-07929,2026-02-03,44,WH-CHN-01
GR-07930,PO-07930,2026-02-23,34,WH-HYD-01
GR-07931,PO-07931,2026-03-12,19,WH-CHN-01
GR-07932,PO-07932,2026-06-26,44,WH-BLR-01
GR-07933,PO-07933,2026-05-21,31,WH-CHN-01
GR-07934,PO-07934,2026-03-09,42,WH-BLR-01
GR-07935,PO-07935,2026-04-27,22,WH-HYD-01
GR-07936,PO-07936,2026-02-21,20,WH-HYD-01
GR-07937,PO-07937,2026-04-04,17,WH-HYD-01
GR-07938,PO-07938,2026-05-19,20,WH-BLR-01
GR-07939,PO-07939,2026-04-30,38,WH-MYS-01
GR-07940,PO-07940,2026-06-05,23,WH-CHN-01
GR-07941,PO-07941,2026-05-20,1,WH-MYS-01
GR-07942,PO-07942,2026-05-17,24,WH-HYD-01
GR-07943,PO-07943,2026-01-15,46,WH-MYS-01
GR-07944,PO-07944,2026-05-27,38,WH-MYS-01
GR-07945,PO-07945,2026-01-18,35,WH-CHN-01
GR-07946,PO-07946,2026-02-15,31,WH-HYD-01
GR-07947,PO-07947,2026-01-19,37,WH-MYS-01
GR-07948,PO-07948,2026-03-03,35,WH-CHN-01
GR-07949,PO-07949,2026-04-04,37,WH-MYS-01
GR-07950,PO-07950,2026-04-20,25,WH-MYS-01
GR-07951,PO-07951,2026-03-15,30,WH-BLR-01
GR-07952,PO-07952,2026-03-01,14,WH-HYD-01
GR-07953,PO-07953,2026-04-29,40,WH-HYD-01
GR-07954,PO-07954,2026-01-28,39,WH-BLR-01
GR-07955,PO-07955,2026-02-16,38,WH-CHN-01
GR-07956,PO-07956,2026-05-17,19,WH-BLR-01
GR-07957,PO-07957,2026-04-27,31,WH-BLR-01
GR-07958,PO-07958,2026-01-20,1,WH-BLR-01
GR-07959,PO-07959,2026-01-24,5,WH-CHN-01
GR-07960,PO-07960,2026-04-03,35,WH-MYS-01
GR-07961,PO-07961,2026-02-15,42,WH-CHN-01
GR-07962,PO-07962,2026-03-08,27,WH-BLR-01
GR-07963,PO-07963,2026-06-17,26,WH-HYD-01
GR-07964,PO-07964,2026-02-18,15,WH-MYS-01
GR-07965,PO-07965,2026-05-15,39,WH-CHN-01
GR-07966,PO-07966,2026-02-19,44,WH-MYS-01
GR-07967,PO-07967,2026-01-30,38,WH-BLR-01
GR-07968,PO-07968,2026-05-11,37,WH-HYD-01
GR-07969,PO-07969,2026-05-19,20,WH-BLR-01
GR-07970,PO-07970,2026-05-27,24,WH-BLR-01
GR-07971,PO-07971,2026-05-19,38,WH-BLR-01
GR-07972,PO-07972,2026-04-25,28,WH-BLR-01
GR-07973,PO-07973,2026-03-04,29,WH-BLR-01
GR-07974,PO-07974,2026-04-16,15,WH-HYD-01
GR-07975,PO-07975,2026-03-07,47,WH-MYS-01
GR-07976,PO-07976,2026-06-14,41,WH-BLR-01
GR-07977,PO-07977,2026-01-15,39,WH-CHN-01
GR-07978,PO-07978,2026-04-05,9,WH-MYS-01
GR-07979,PO-07979,2026-03-01,30,WH-CHN-01
GR-07980,PO-07980,2026-02-19,29,WH-MYS-01
GR-07981,PO-07981,2026-03-24,32,WH-CHN-01
GR-07982,PO-07982,2026-03-28,29,WH-HYD-01
GR-07983,PO-07983,2026-02-12,23,WH-MYS-01
GR-07984,PO-07984,2026-03-02,45,WH-CHN-01
GR-07985,PO-07985,2026-02-04,9,WH-BLR-01
GR-07986,PO-07986,2026-02-01,39,WH-MYS-01
GR-07987,PO-07987,2026-03-25,7,WH-MYS-01
GR-07988,PO-07988,2026-05-06,16,WH-MYS-01
GR-07989,PO-07989,2026-02-15,28,WH-MYS-01
GR-07990,PO-07990,2026-03-18,27,WH-CHN-01
GR-07991,PO-07991,2026-01-08,37,WH-CHN-01
GR-07992,PO-07992,2026-03-08,26,WH-CHN-01
GR-07993,PO-07993,2026-02-28,6,WH-MYS-01
GR-07994,PO-07994,2026-02-19,42,WH-HYD-01
GR-07995,PO-07995,2026-05-26,20,WH-BLR-01
GR-07996,PO-07996,2026-02-26,40,WH-MYS-01
GR-07997,PO-07997,2026-03-02,10,WH-BLR-01
GR-07998,PO-07998,2026-04-16,39,WH-CHN-01
GR-07999,PO-07999,2026-02-09,25,WH-BLR-01
GR-08000,PO-08000,2026-01-14,26,WH-MYS-01
GR-08001,PO-08001,2026-03-24,15,WH-HYD-01
GR-08002,PO-08002,2026-02-01,26,WH-BLR-01
GR-08003,PO-08003,2026-04-21,39,WH-HYD-01
GR-08004,PO-08004,2026-05-29,49,WH-CHN-01
GR-08005,PO-08005,2026-06-16,13,WH-MYS-01
GR-08006,PO-08006,2026-02-17,21,WH-CHN-01
GR-08007,PO-08007,2026-05-09,50,WH-BLR-01
GR-08008,PO-08008,2026-02-28,26,WH-HYD-01
GR-08009,PO-08009,2026-02-25,44,WH-BLR-01
GR-08010,PO-08010,2026-03-02,16,WH-MYS-01
GR-08011,PO-08011,2026-03-27,30,WH-BLR-01
GR-08012,PO-08012,2026-03-26,12,WH-MYS-01
GR-08013,PO-08013,2026-02-08,11,WH-HYD-01
GR-08014,PO-08014,2026-01-20,46,WH-BLR-01
GR-08015,PO-08015,2026-04-22,3,WH-CHN-01
GR-08016,PO-08016,2026-06-15,26,WH-BLR-01
GR-08017,PO-08017,2026-04-09,9,WH-HYD-01
GR-08018,PO-08018,2026-01-24,20,WH-BLR-01
GR-08019,PO-08019,2026-02-20,20,WH-MYS-01
GR-08020,PO-08020,2026-04-20,10,WH-BLR-01
GR-08021,PO-08021,2026-02-27,16,WH-CHN-01
GR-08022,PO-08022,2026-05-24,45,WH-MYS-01
GR-08023,PO-08023,2026-04-12,10,WH-BLR-01
GR-08024,PO-08024,2026-04-22,10,WH-BLR-01
GR-08025,PO-08025,2026-06-01,10,WH-CHN-01
GR-08026,PO-08026,2026-01-27,31,WH-CHN-01
GR-08027,PO-08027,2026-05-10,32,WH-HYD-01
GR-08028,PO-08028,2026-01-28,13,WH-MYS-01
GR-08029,PO-08029,2026-05-10,35,WH-CHN-01
GR-08030,PO-08030,2026-05-26,30,WH-MYS-01
GR-08031,PO-08031,2026-02-23,1,WH-CHN-01
GR-08032,PO-08032,2026-02-05,10,WH-HYD-01
GR-08033,PO-08033,2026-04-21,5,WH-CHN-01
GR-08034,PO-08034,2026-04-14,28,WH-BLR-01
GR-08035,PO-08035,2026-03-10,49,WH-HYD-01
GR-08036,PO-08036,2026-05-27,36,WH-HYD-01
GR-08037,PO-08037,2026-05-14,46,WH-HYD-01
GR-08038,PO-08038,2026-02-13,18,WH-CHN-01
GR-08039,PO-08039,2026-02-03,4,WH-BLR-01
GR-08040,PO-08040,2026-05-08,17,WH-HYD-01
GR-08041,PO-08041,2026-03-14,4,WH-CHN-01
GR-08042,PO-08042,2026-04-02,38,WH-CHN-01
GR-08043,PO-08043,2026-02-28,4,WH-BLR-01
GR-08044,PO-08044,2026-03-06,49,WH-MYS-01
GR-08045,PO-08045,2026-05-17,14,WH-CHN-01
GR-08046,PO-08046,2026-05-07,23,WH-HYD-01
GR-08047,PO-08047,2026-01-16,36,WH-BLR-01
GR-08048,PO-08048,2026-01-10,30,WH-CHN-01
GR-08049,PO-08049,2026-05-17,43,WH-BLR-01
GR-08050,PO-08050,2026-04-22,26,WH-CHN-01
GR-08051,PO-08051,2026-03-30,42,WH-MYS-01
GR-08052,PO-08052,2026-06-11,21,WH-BLR-01
GR-08053,PO-08053,2026-02-02,20,WH-MYS-01
GR-08054,PO-08054,2026-03-12,31,WH-BLR-01
GR-08055,PO-08055,2026-03-02,40,WH-MYS-01
GR-08056,PO-08056,2026-04-16,29,WH-BLR-01
GR-08057,PO-08057,2026-04-14,16,WH-HYD-01
GR-08058,PO-08058,2026-04-22,5,WH-HYD-01
GR-08059,PO-08059,2026-02-15,48,WH-BLR-01
GR-08060,PO-08060,2026-04-18,14,WH-HYD-01
GR-08061,PO-08061,2026-03-16,44,WH-MYS-01
GR-08062,PO-08062,2026-02-23,15,WH-CHN-01
GR-08063,PO-08063,2026-05-04,11,WH-MYS-01
GR-08064,PO-08064,2026-06-21,21,WH-CHN-01
GR-08065,PO-08065,2026-06-17,39,WH-HYD-01
GR-08066,PO-08066,2026-03-24,10,WH-BLR-01
GR-08067,PO-08067,2026-04-10,9,WH-HYD-01
GR-08068,PO-08068,2026-03-26,31,WH-MYS-01
GR-08069,PO-08069,2026-04-05,4,WH-HYD-01
GR-08070,PO-08070,2026-04-25,47,WH-BLR-01
GR-08071,PO-08071,2026-05-04,10,WH-CHN-01
GR-08072,PO-08072,2026-05-21,19,WH-MYS-01
GR-08073,PO-08073,2026-05-05,18,WH-HYD-01
GR-08074,PO-08074,2026-05-27,38,WH-MYS-01
GR-08075,PO-08075,2026-05-14,46,WH-HYD-01
GR-08076,PO-08076,2026-04-25,13,WH-HYD-01
GR-08077,PO-08077,2026-06-09,26,WH-HYD-01
GR-08078,PO-08078,2026-04-04,13,WH-HYD-01
GR-08079,PO-08079,2026-04-29,30,WH-CHN-01
GR-08080,PO-08080,2026-03-01,47,WH-CHN-01
GR-08081,PO-08081,2026-02-08,8,WH-MYS-01
GR-08082,PO-08082,2026-03-18,11,WH-CHN-01
GR-08083,PO-08083,2026-03-25,33,WH-CHN-01
GR-08084,PO-08084,2026-04-22,13,WH-BLR-01
GR-08085,PO-08085,2026-05-21,44,WH-CHN-01
GR-08086,PO-08086,2026-04-19,41,WH-HYD-01
GR-08087,PO-08087,2026-03-18,23,WH-CHN-01
GR-08088,PO-08088,2026-02-26,31,WH-CHN-01
GR-08089,PO-08089,2026-06-01,21,WH-CHN-01
GR-08090,PO-08090,2026-03-06,34,WH-BLR-01
GR-08091,PO-08091,2026-02-07,18,WH-MYS-01
GR-08092,PO-08092,2026-04-27,19,WH-CHN-01
GR-08093,PO-08093,2026-02-14,1,WH-HYD-01
GR-08094,PO-08094,2026-04-11,12,WH-BLR-01
GR-08095,PO-08095,2026-04-13,40,WH-MYS-01
GR-08096,PO-08096,2026-06-09,10,WH-CHN-01
GR-08097,PO-08097,2026-05-29,10,WH-BLR-01
GR-08098,PO-08098,2026-01-21,4,WH-HYD-01
GR-08099,PO-08099,2026-02-16,48,WH-BLR-01
GR-08100,PO-08100,2026-03-13,4,WH-CHN-01
GR-08101,PO-08101,2026-02-25,8,WH-CHN-01
GR-08102,PO-08102,2026-02-01,18,WH-BLR-01
GR-08103,PO-08103,2026-05-05,43,WH-HYD-01
GR-08104,PO-08104,2026-05-31,49,WH-BLR-01
GR-08105,PO-08105,2026-05-14,26,WH-CHN-01
GR-08106,PO-08106,2026-05-04,22,WH-BLR-01
GR-08107,PO-08107,2026-01-28,42,WH-CHN-01
GR-08108,PO-08108,2026-03-21,38,WH-BLR-01
GR-08109,PO-08109,2026-03-28,17,WH-CHN-01
GR-08110,PO-08110,2026-04-05,44,WH-HYD-01
GR-08111,PO-08111,2026-02-14,9,WH-BLR-01
GR-08112,PO-08112,2026-05-09,3,WH-HYD-01
GR-08113,PO-08113,2026-01-27,4,WH-MYS-01
GR-08114,PO-08114,2026-02-15,7,WH-CHN-01
GR-08115,PO-08115,2026-02-27,24,WH-BLR-01
GR-08116,PO-08116,2026-03-10,21,WH-HYD-01
GR-08117,PO-08117,2026-05-31,20,WH-MYS-01
GR-08118,PO-08118,2026-01-25,43,WH-BLR-01
GR-08119,PO-08119,2026-04-02,18,WH-CHN-01
GR-08120,PO-08120,2026-04-04,5,WH-CHN-01
GR-08121,PO-08121,2026-04-15,12,WH-BLR-01
GR-08122,PO-08122,2026-06-20,29,WH-HYD-01
GR-08123,PO-08123,2026-06-11,48,WH-CHN-01
GR-08124,PO-08124,2026-02-04,14,WH-CHN-01
GR-08125,PO-08125,2026-05-05,49,WH-MYS-01
GR-08126,PO-08126,2026-04-28,39,WH-BLR-01
GR-08127,PO-08127,2026-05-24,30,WH-BLR-01
GR-08128,PO-08128,2026-05-29,5,WH-CHN-01
GR-08129,PO-08129,2026-05-28,11,WH-HYD-01
GR-08130,PO-08130,2026-05-10,38,WH-CHN-01
GR-08131,PO-08131,2026-01-29,40,WH-MYS-01
GR-08132,PO-08132,2026-04-10,40,WH-MYS-01
GR-08133,PO-08133,2026-01-13,27,WH-BLR-01
GR-08134,PO-08134,2026-01-30,20,WH-MYS-01
GR-08135,PO-08135,2026-05-09,29,WH-CHN-01
GR-08136,PO-08136,2026-03-06,30,WH-MYS-01
GR-08137,PO-08137,2026-04-22,42,WH-MYS-01
GR-08138,PO-08138,2026-01-19,28,WH-MYS-01
GR-08139,PO-08139,2026-05-21,20,WH-MYS-01
GR-08140,PO-08140,2026-03-07,26,WH-MYS-01
GR-08141,PO-08141,2026-06-08,1,WH-BLR-01
GR-08142,PO-08142,2026-03-12,3,WH-CHN-01
GR-08143,PO-08143,2026-06-07,25,WH-CHN-01
GR-08144,PO-08144,2026-05-02,40,WH-CHN-01
GR-08145,PO-08145,2026-06-01,48,WH-MYS-01
GR-08146,PO-08146,2026-06-02,29,WH-HYD-01
GR-08147,PO-08147,2026-03-30,32,WH-HYD-01
GR-08148,PO-08148,2026-02-17,9,WH-HYD-01
GR-08149,PO-08149,2026-04-20,1,WH-BLR-01
GR-08150,PO-08150,2026-05-12,45,WH-MYS-01
GR-08151,PO-08151,2026-02-08,16,WH-CHN-01
GR-08152,PO-08152,2026-01-17,12,WH-CHN-01
GR-08153,PO-08153,2026-05-24,6,WH-CHN-01
GR-08154,PO-08154,2026-05-28,21,WH-BLR-01
GR-08155,PO-08155,2026-01-12,40,WH-CHN-01
GR-08156,PO-08156,2026-03-21,23,WH-BLR-01
GR-08157,PO-08157,2026-04-17,7,WH-BLR-01
GR-08158,PO-08158,2026-05-19,50,WH-HYD-01
GR-08159,PO-08159,2026-06-15,14,WH-BLR-01
GR-08160,PO-08160,2026-01-13,43,WH-HYD-01
GR-08161,PO-08161,2026-02-28,33,WH-CHN-01
GR-08162,PO-08162,2026-03-31,45,WH-HYD-01
GR-08163,PO-08163,2026-03-19,3,WH-HYD-01
GR-08164,PO-08164,2026-03-09,44,WH-BLR-01
GR-08165,PO-08165,2026-05-02,24,WH-HYD-01
GR-08166,PO-08166,2026-04-21,11,WH-MYS-01
GR-08167,PO-08167,2026-05-19,35,WH-CHN-01
GR-08168,PO-08168,2026-02-13,8,WH-BLR-01
GR-08169,PO-08169,2026-04-29,31,WH-HYD-01
GR-08170,PO-08170,2026-03-17,31,WH-CHN-01
GR-08171,PO-08171,2026-05-06,49,WH-HYD-01
GR-08172,PO-08172,2026-01-16,20,WH-HYD-01
GR-08173,PO-08173,2026-03-11,48,WH-BLR-01
GR-08174,PO-08174,2026-02-06,21,WH-MYS-01
GR-08175,PO-08175,2026-01-21,41,WH-HYD-01
GR-08176,PO-08176,2026-05-13,24,WH-BLR-01
GR-08177,PO-08177,2026-02-10,49,WH-CHN-01
GR-08178,PO-08178,2026-03-30,22,WH-HYD-01
GR-08179,PO-08179,2026-02-20,40,WH-MYS-01
GR-08180,PO-08180,2026-04-17,43,WH-CHN-01
GR-08181,PO-08181,2026-03-28,6,WH-CHN-01
GR-08182,PO-08182,2026-03-16,39,WH-MYS-01
GR-08183,PO-08183,2026-02-14,22,WH-MYS-01
GR-08184,PO-08184,2026-06-03,9,WH-MYS-01
GR-08185,PO-08185,2026-05-09,7,WH-CHN-01
GR-08186,PO-08186,2026-06-02,33,WH-MYS-01
GR-08187,PO-08187,2026-02-06,35,WH-CHN-01
GR-08188,PO-08188,2026-05-31,4,WH-CHN-01
GR-08189,PO-08189,2026-03-27,6,WH-MYS-01
GR-08190,PO-08190,2026-05-12,12,WH-HYD-01
GR-08191,PO-08191,2026-05-05,30,WH-MYS-01
GR-08192,PO-08192,2026-04-16,48,WH-BLR-01
GR-08193,PO-08193,2026-03-18,9,WH-BLR-01
GR-08194,PO-08194,2026-05-16,37,WH-BLR-01
GR-08195,PO-08195,2026-03-31,26,WH-CHN-01
GR-08196,PO-08196,2026-01-27,38,WH-MYS-01
GR-08197,PO-08197,2026-05-06,4,WH-HYD-01
GR-08198,PO-08198,2026-04-15,48,WH-HYD-01
GR-08199,PO-08199,2026-05-11,12,WH-BLR-01
GR-08200,PO-08200,2026-06-12,37,WH-BLR-01
GR-08201,PO-08201,2026-04-29,45,WH-HYD-01
GR-08202,PO-08202,2026-02-12,15,WH-HYD-01
GR-08203,PO-08203,2026-05-12,45,WH-CHN-01
GR-08204,PO-08204,2026-06-11,11,WH-MYS-01
GR-08205,PO-08205,2026-03-21,35,WH-BLR-01
GR-08206,PO-08206,2026-03-30,12,WH-HYD-01
GR-08207,PO-08207,2026-02-24,46,WH-MYS-01
GR-08208,PO-08208,2026-01-31,16,WH-MYS-01
GR-08209,PO-08209,2026-04-07,39,WH-CHN-01
GR-08210,PO-08210,2026-03-13,29,WH-BLR-01
GR-08211,PO-08211,2026-05-09,3,WH-BLR-01
GR-08212,PO-08212,2026-06-05,27,WH-HYD-01
GR-08213,PO-08213,2026-03-19,46,WH-HYD-01
GR-08214,PO-08214,2026-04-11,44,WH-HYD-01
GR-08215,PO-08215,2026-03-10,36,WH-HYD-01
GR-08216,PO-08216,2026-03-13,40,WH-BLR-01
GR-08217,PO-08217,2026-05-02,27,WH-BLR-01
GR-08218,PO-08218,2026-06-01,40,WH-CHN-01
GR-08219,PO-08219,2026-05-30,42,WH-BLR-01
GR-08220,PO-08220,2026-05-05,37,WH-BLR-01
GR-08221,PO-08221,2026-03-30,31,WH-HYD-01
GR-08222,PO-08222,2026-05-23,27,WH-CHN-01
GR-08223,PO-08223,2026-06-03,32,WH-HYD-01
GR-08224,PO-08224,2026-01-25,42,WH-BLR-01
GR-08225,PO-08225,2026-02-07,44,WH-CHN-01
GR-08226,PO-08226,2026-06-07,36,WH-BLR-01
GR-08227,PO-08227,2026-02-07,2,WH-HYD-01
GR-08228,PO-08228,2026-04-16,27,WH-BLR-01
GR-08229,PO-08229,2026-05-04,5,WH-BLR-01
GR-08230,PO-08230,2026-04-12,19,WH-HYD-01
GR-08231,PO-08231,2026-04-08,5,WH-MYS-01
GR-08232,PO-08232,2026-02-09,31,WH-BLR-01
GR-08233,PO-08233,2026-01-19,6,WH-BLR-01
GR-08234,PO-08234,2026-02-05,9,WH-CHN-01
GR-08235,PO-08235,2026-05-28,11,WH-HYD-01
GR-08236,PO-08236,2026-02-28,6,WH-MYS-01
GR-08237,PO-08237,2026-05-27,9,WH-BLR-01
GR-08238,PO-08238,2026-03-26,20,WH-HYD-01
GR-08239,PO-08239,2026-05-17,24,WH-MYS-01
GR-08240,PO-08240,2026-06-04,4,WH-HYD-01
GR-08241,PO-08241,2026-03-07,21,WH-BLR-01
GR-08242,PO-08242,2026-01-25,38,WH-MYS-01
GR-08243,PO-08243,2026-04-14,42,WH-HYD-01
GR-08244,PO-08244,2026-03-28,12,WH-BLR-01
GR-08245,PO-08245,2026-05-05,32,WH-CHN-01
GR-08246,PO-08246,2026-02-22,16,WH-BLR-01
GR-08247,PO-08247,2026-03-24,4,WH-MYS-01
GR-08248,PO-08248,2026-04-30,22,WH-HYD-01
GR-08249,PO-08249,2026-05-28,22,WH-HYD-01
GR-08250,PO-08250,2026-03-12,42,WH-MYS-01
GR-08251,PO-08251,2026-05-18,45,WH-CHN-01
GR-08252,PO-08252,2026-03-01,13,WH-BLR-01
GR-08253,PO-08253,2026-01-17,31,WH-BLR-01
GR-08254,PO-08254,2026-02-13,36,WH-MYS-01
GR-08255,PO-08255,2026-04-26,13,WH-BLR-01
GR-08256,PO-08256,2026-02-03,17,WH-MYS-01
GR-08257,PO-08257,2026-05-11,40,WH-HYD-01
GR-08258,PO-08258,2026-05-20,26,WH-BLR-01
GR-08259,PO-08259,2026-05-25,3,WH-BLR-01
GR-08260,PO-08260,2026-03-02,7,WH-HYD-01
GR-08261,PO-08261,2026-01-31,26,WH-MYS-01
GR-08262,PO-08262,2026-03-22,24,WH-MYS-01
GR-08263,PO-08263,2026-03-25,38,WH-HYD-01
GR-08264,PO-08264,2026-05-17,5,WH-HYD-01
GR-08265,PO-08265,2026-04-20,46,WH-MYS-01
GR-08266,PO-08266,2026-02-13,39,WH-BLR-01
GR-08267,PO-08267,2026-04-19,11,WH-CHN-01
GR-08268,PO-08268,2026-04-28,50,WH-HYD-01
GR-08269,PO-08269,2026-02-19,40,WH-HYD-01
GR-08270,PO-08270,2026-03-17,12,WH-CHN-01
GR-08271,PO-08271,2026-06-15,25,WH-HYD-01
GR-08272,PO-08272,2026-05-18,49,WH-HYD-01
GR-08273,PO-08273,2026-02-28,2,WH-HYD-01
GR-08274,PO-08274,2026-04-21,10,WH-CHN-01
GR-08275,PO-08275,2026-04-20,11,WH-BLR-01
GR-08276,PO-08276,2026-04-24,35,WH-BLR-01
GR-08277,PO-08277,2026-06-01,15,WH-CHN-01
GR-08278,PO-08278,2026-01-26,23,WH-MYS-01
GR-08279,PO-08279,2026-03-14,17,WH-BLR-01
GR-08280,PO-08280,2026-06-20,33,WH-BLR-01
GR-08281,PO-08281,2026-05-30,18,WH-HYD-01
GR-08282,PO-08282,2026-04-02,44,WH-BLR-01
GR-08283,PO-08283,2026-05-15,8,WH-CHN-01
GR-08284,PO-08284,2026-06-03,49,WH-BLR-01
GR-08285,PO-08285,2026-02-15,34,WH-BLR-01
GR-08286,PO-08286,2026-04-12,48,WH-CHN-01
GR-08287,PO-08287,2026-01-25,23,WH-CHN-01
GR-08288,PO-08288,2026-05-12,35,WH-MYS-01
GR-08289,PO-08289,2026-01-21,39,WH-CHN-01
GR-08290,PO-08290,2026-04-04,7,WH-HYD-01
GR-08291,PO-08291,2026-01-24,21,WH-BLR-01
GR-08292,PO-08292,2026-02-14,22,WH-BLR-01
GR-08293,PO-08293,2026-06-14,39,WH-CHN-01
GR-08294,PO-08294,2026-04-20,19,WH-MYS-01
GR-08295,PO-08295,2026-03-17,10,WH-MYS-01
GR-08296,PO-08296,2026-05-02,17,WH-HYD-01
GR-08297,PO-08297,2026-05-04,37,WH-MYS-01
GR-08298,PO-08298,2026-02-24,24,WH-CHN-01
GR-08299,PO-08299,2026-06-04,17,WH-CHN-01
GR-08300,PO-08300,2026-04-29,9,WH-CHN-01
GR-08301,PO-08301,2026-02-13,6,WH-CHN-01
GR-08302,PO-08302,2026-04-29,15,WH-HYD-01
GR-08303,PO-08303,2026-03-04,42,WH-CHN-01
GR-08304,PO-08304,2026-04-17,32,WH-BLR-01
GR-08305,PO-08305,2026-03-19,24,WH-BLR-01
GR-08306,PO-08306,2026-06-02,45,WH-MYS-01
GR-08307,PO-08307,2026-06-13,44,WH-CHN-01
GR-08308,PO-08308,2026-05-10,25,WH-BLR-01
GR-08309,PO-08309,2026-06-10,24,WH-BLR-01
GR-08310,PO-08310,2026-01-14,29,WH-MYS-01
GR-08311,PO-08311,2026-03-10,39,WH-CHN-01
GR-08312,PO-08312,2026-05-17,15,WH-MYS-01
GR-08313,PO-08313,2026-03-30,16,WH-MYS-01
GR-08314,PO-08314,2026-02-12,27,WH-BLR-01
GR-08315,PO-08315,2026-06-22,3,WH-BLR-01
GR-08316,PO-08316,2026-07-01,43,WH-BLR-01
GR-08317,PO-08317,2026-03-16,19,WH-MYS-01
GR-08318,PO-08318,2026-01-29,1,WH-HYD-01
GR-08319,PO-08319,2026-06-05,45,WH-CHN-01
GR-08320,PO-08320,2026-04-04,35,WH-HYD-01
GR-08321,PO-08321,2026-05-27,4,WH-HYD-01
GR-08322,PO-08322,2026-02-15,17,WH-CHN-01
GR-08323,PO-08323,2026-04-10,30,WH-CHN-01
GR-08324,PO-08324,2026-04-25,46,WH-BLR-01
GR-08325,PO-08325,2026-02-12,37,WH-CHN-01
GR-08326,PO-08326,2026-01-27,41,WH-CHN-01
GR-08327,PO-08327,2026-02-26,44,WH-BLR-01
GR-08328,PO-08328,2026-02-19,15,WH-MYS-01
GR-08329,PO-08329,2026-04-03,23,WH-HYD-01
GR-08330,PO-08330,2026-01-20,40,WH-MYS-01
GR-08331,PO-08331,2026-06-07,2,WH-CHN-01
GR-08332,PO-08332,2026-02-28,10,WH-CHN-01
GR-08333,PO-08333,2026-01-25,6,WH-HYD-01
GR-08334,PO-08334,2026-04-27,44,WH-CHN-01
GR-08335,PO-08335,2026-03-20,7,WH-BLR-01
GR-08336,PO-08336,2026-02-14,31,WH-MYS-01
GR-08337,PO-08337,2026-05-08,14,WH-BLR-01
GR-08338,PO-08338,2026-05-20,20,WH-BLR-01
GR-08339,PO-08339,2026-03-12,47,WH-HYD-01
GR-08340,PO-08340,2026-06-10,18,WH-BLR-01
GR-08341,PO-08341,2026-04-29,27,WH-HYD-01
GR-08342,PO-08342,2026-03-13,7,WH-HYD-01
GR-08343,PO-08343,2026-05-05,41,WH-BLR-01
GR-08344,PO-08344,2026-02-17,45,WH-CHN-01
GR-08345,PO-08345,2026-04-26,30,WH-CHN-01
GR-08346,PO-08346,2026-04-10,10,WH-CHN-01
GR-08347,PO-08347,2026-04-28,25,WH-HYD-01
GR-08348,PO-08348,2026-06-01,38,WH-HYD-01
GR-08349,PO-08349,2026-02-26,12,WH-MYS-01
GR-08350,PO-08350,2026-03-31,7,WH-BLR-01
GR-08351,PO-08351,2026-02-09,39,WH-BLR-01
GR-08352,PO-08352,2026-02-05,25,WH-BLR-01
GR-08353,PO-08353,2026-03-24,40,WH-MYS-01
GR-08354,PO-08354,2026-05-30,30,WH-BLR-01
GR-08355,PO-08355,2026-04-11,46,WH-CHN-01
GR-08356,PO-08356,2026-04-06,45,WH-HYD-01
GR-08357,PO-08357,2026-04-22,34,WH-HYD-01
GR-08358,PO-08358,2026-02-26,22,WH-HYD-01
GR-08359,PO-08359,2026-01-06,5,WH-HYD-01
GR-08360,PO-08360,2026-06-02,16,WH-CHN-01
GR-08361,PO-08361,2026-03-03,21,WH-BLR-01
GR-08362,PO-08362,2026-06-07,20,WH-BLR-01
GR-08363,PO-08363,2026-03-11,2,WH-HYD-01
GR-08364,PO-08364,2026-04-01,47,WH-CHN-01
GR-08365,PO-08365,2026-04-24,15,WH-HYD-01
GR-08366,PO-08366,2026-04-30,30,WH-CHN-01
GR-08367,PO-08367,2026-02-09,23,WH-HYD-01
GR-08368,PO-08368,2026-01-21,29,WH-CHN-01
GR-08369,PO-08369,2026-03-13,45,WH-BLR-01
GR-08370,PO-08370,2026-03-14,24,WH-CHN-01
GR-08371,PO-08371,2026-02-19,7,WH-MYS-01
GR-08372,PO-08372,2026-03-25,3,WH-HYD-01
GR-08373,PO-08373,2026-04-30,26,WH-HYD-01
GR-08374,PO-08374,2026-06-06,21,WH-BLR-01
GR-08375,PO-08375,2026-01-24,33,WH-MYS-01
GR-08376,PO-08376,2026-03-25,10,WH-HYD-01
GR-08377,PO-08377,2026-02-14,5,WH-HYD-01
GR-08378,PO-08378,2026-06-06,1,WH-CHN-01
GR-08379,PO-08379,2026-06-03,49,WH-CHN-01
GR-08380,PO-08380,2026-01-04,13,WH-BLR-01
GR-08381,PO-08381,2026-05-19,44,WH-MYS-01
GR-08382,PO-08382,2026-05-02,41,WH-CHN-01
GR-08383,PO-08383,2026-03-02,32,WH-HYD-01
GR-08384,PO-08384,2026-03-29,1,WH-MYS-01
GR-08385,PO-08385,2026-04-13,23,WH-CHN-01
GR-08386,PO-08386,2026-03-19,36,WH-CHN-01
GR-08387,PO-08387,2026-04-11,9,WH-CHN-01
GR-08388,PO-08388,2026-03-28,37,WH-MYS-01
GR-08389,PO-08389,2026-03-17,30,WH-HYD-01
GR-08390,PO-08390,2026-03-26,29,WH-MYS-01
GR-08391,PO-08391,2026-03-30,42,WH-MYS-01
GR-08392,PO-08392,2026-05-06,38,WH-MYS-01
GR-08393,PO-08393,2026-06-25,24,WH-HYD-01
GR-08394,PO-08394,2026-04-29,24,WH-MYS-01
GR-08395,PO-08395,2026-02-12,3,WH-CHN-01
GR-08396,PO-08396,2026-04-23,17,WH-HYD-01
GR-08397,PO-08397,2026-03-31,19,WH-HYD-01
GR-08398,PO-08398,2026-02-14,2,WH-MYS-01
GR-08399,PO-08399,2026-04-28,15,WH-BLR-01
GR-08400,PO-08400,2026-06-20,2,WH-HYD-01
GR-08401,PO-08401,2026-05-12,19,WH-CHN-01
GR-08402,PO-08402,2026-02-18,30,WH-HYD-01
GR-08403,PO-08403,2026-03-30,18,WH-HYD-01
GR-08404,PO-08404,2026-04-19,30,WH-BLR-01
GR-08405,PO-08405,2026-03-14,42,WH-CHN-01
GR-08406,PO-08406,2026-03-04,43,WH-HYD-01
GR-08407,PO-08407,2026-05-07,14,WH-HYD-01
GR-08408,PO-08408,2026-01-22,34,WH-MYS-01
GR-08409,PO-08409,2026-04-17,40,WH-HYD-01
GR-08410,PO-08410,2026-01-28,2,WH-HYD-01
GR-08411,PO-08411,2026-01-21,21,WH-HYD-01
GR-08412,PO-08412,2026-02-07,27,WH-MYS-01
GR-08413,PO-08413,2026-02-26,32,WH-HYD-01
GR-08414,PO-08414,2026-04-24,20,WH-HYD-01
GR-08415,PO-08415,2026-03-24,5,WH-CHN-01
GR-08416,PO-08416,2026-05-04,50,WH-BLR-01
GR-08417,PO-08417,2026-04-25,38,WH-CHN-01
GR-08418,PO-08418,2026-01-30,48,WH-HYD-01
GR-08419,PO-08419,2026-02-06,5,WH-CHN-01
GR-08420,PO-08420,2026-03-19,16,WH-BLR-01
GR-08421,PO-08421,2026-03-11,46,WH-MYS-01
GR-08422,PO-08422,2026-04-17,6,WH-HYD-01
GR-08423,PO-08423,2026-01-23,24,WH-HYD-01
GR-08424,PO-08424,2026-06-01,29,WH-BLR-01
GR-08425,PO-08425,2026-05-02,17,WH-HYD-01
GR-08426,PO-08426,2026-03-03,3,WH-CHN-01
GR-08427,PO-08427,2026-01-28,42,WH-CHN-01
GR-08428,PO-08428,2026-03-24,43,WH-HYD-01
GR-08429,PO-08429,2026-03-22,34,WH-MYS-01
GR-08430,PO-08430,2026-03-30,15,WH-HYD-01
GR-08431,PO-08431,2026-01-21,5,WH-HYD-01
GR-08432,PO-08432,2026-06-15,13,WH-HYD-01
GR-08433,PO-08433,2026-03-06,22,WH-BLR-01
GR-08434,PO-08434,2026-04-23,9,WH-BLR-01
GR-08435,PO-08435,2026-06-14,39,WH-MYS-01
GR-08436,PO-08436,2026-05-26,7,WH-BLR-01
GR-08437,PO-08437,2026-05-03,14,WH-HYD-01
GR-08438,PO-08438,2026-01-15,1,WH-HYD-01
GR-08439,PO-08439,2026-01-16,49,WH-BLR-01
GR-08440,PO-08440,2026-03-17,17,WH-MYS-01
GR-08441,PO-08441,2026-02-23,25,WH-HYD-01
GR-08442,PO-08442,2026-02-01,11,WH-BLR-01
GR-08443,PO-08443,2026-02-21,5,WH-MYS-01
GR-08444,PO-08444,2026-04-16,4,WH-CHN-01
GR-08445,PO-08445,2026-05-26,9,WH-HYD-01
GR-08446,PO-08446,2026-04-09,37,WH-MYS-01
GR-08447,PO-08447,2026-02-06,24,WH-BLR-01
GR-08448,PO-08448,2026-03-25,20,WH-HYD-01
GR-08449,PO-08449,2026-03-25,21,WH-HYD-01
GR-08450,PO-08450,2026-03-14,30,WH-CHN-01
GR-08451,PO-08451,2026-02-06,46,WH-MYS-01
GR-08452,PO-08452,2026-06-11,19,WH-CHN-01
GR-08453,PO-08453,2026-02-09,3,WH-MYS-01
GR-08454,PO-08454,2026-05-09,15,WH-HYD-01
GR-08455,PO-08455,2026-03-26,46,WH-MYS-01
GR-08456,PO-08456,2026-04-19,3,WH-HYD-01
GR-08457,PO-08457,2026-01-24,23,WH-MYS-01
GR-08458,PO-08458,2026-04-16,6,WH-BLR-01
GR-08459,PO-08459,2026-04-01,34,WH-CHN-01
GR-08460,PO-08460,2026-05-07,39,WH-MYS-01
GR-08461,PO-08461,2026-06-01,22,WH-HYD-01
GR-08462,PO-08462,2026-06-11,43,WH-CHN-01
GR-08463,PO-08463,2026-03-15,20,WH-BLR-01
GR-08464,PO-08464,2026-03-14,9,WH-MYS-01
GR-08465,PO-08465,2026-04-12,12,WH-MYS-01
GR-08466,PO-08466,2026-03-08,35,WH-HYD-01
GR-08467,PO-08467,2026-06-21,27,WH-CHN-01
GR-08468,PO-08468,2026-05-07,23,WH-BLR-01
GR-08469,PO-08469,2026-02-07,4,WH-CHN-01
GR-08470,PO-08470,2026-01-21,42,WH-CHN-01
GR-08471,PO-08471,2026-01-27,8,WH-CHN-01
GR-08472,PO-08472,2026-04-28,19,WH-BLR-01
GR-08473,PO-08473,2026-06-01,16,WH-CHN-01
GR-08474,PO-08474,2026-02-20,1,WH-BLR-01
GR-08475,PO-08475,2026-05-04,32,WH-MYS-01
GR-08476,PO-08476,2026-05-10,23,WH-HYD-01
GR-08477,PO-08477,2026-03-08,47,WH-BLR-01
GR-08478,PO-08478,2026-04-28,21,WH-MYS-01
GR-08479,PO-08479,2026-02-14,33,WH-BLR-01
GR-08480,PO-08480,2026-03-19,12,WH-HYD-01
GR-08481,PO-08481,2026-05-25,33,WH-CHN-01
GR-08482,PO-08482,2026-03-05,31,WH-HYD-01
GR-08483,PO-08483,2026-02-07,43,WH-CHN-01
GR-08484,PO-08484,2026-03-21,38,WH-BLR-01
GR-08485,PO-08485,2026-03-10,37,WH-BLR-01
GR-08486,PO-08486,2026-05-08,9,WH-HYD-01
GR-08487,PO-08487,2026-04-24,33,WH-BLR-01
GR-08488,PO-08488,2026-06-09,44,WH-HYD-01
GR-08489,PO-08489,2026-02-12,20,WH-CHN-01
GR-08490,PO-08490,2026-05-13,50,WH-CHN-01
GR-08491,PO-08491,2026-05-07,39,WH-CHN-01
GR-08492,PO-08492,2026-02-01,39,WH-HYD-01
GR-08493,PO-08493,2026-03-20,17,WH-CHN-01
GR-08494,PO-08494,2026-05-13,47,WH-HYD-01
GR-08495,PO-08495,2026-02-12,46,WH-CHN-01
GR-08496,PO-08496,2026-05-19,3,WH-HYD-01
GR-08497,PO-08497,2026-03-27,39,WH-BLR-01
GR-08498,PO-08498,2026-06-09,20,WH-BLR-01
GR-08499,PO-08499,2026-04-13,40,WH-BLR-01
GR-08500,PO-08500,2026-04-21,24,WH-BLR-01
GR-08501,PO-08501,2026-06-11,4,WH-CHN-01
GR-08502,PO-08502,2026-01-28,29,WH-HYD-01
GR-08503,PO-08503,2026-05-26,18,WH-CHN-01
GR-08504,PO-08504,2026-03-29,36,WH-BLR-01
GR-08505,PO-08505,2026-06-08,6,WH-CHN-01
GR-08506,PO-08506,2026-04-04,39,WH-HYD-01
GR-08507,PO-08507,2026-02-25,8,WH-HYD-01
GR-08508,PO-08508,2026-02-01,7,WH-MYS-01
GR-08509,PO-08509,2026-03-05,15,WH-MYS-01
GR-08510,PO-08510,2026-03-11,50,WH-MYS-01
GR-08511,PO-08511,2026-05-12,46,WH-HYD-01
GR-08512,PO-08512,2026-02-12,38,WH-MYS-01
GR-08513,PO-08513,2026-04-03,34,WH-HYD-01
GR-08514,PO-08514,2026-02-04,16,WH-HYD-01
GR-08515,PO-08515,2026-02-13,38,WH-HYD-01
GR-08516,PO-08516,2026-02-26,8,WH-CHN-01
GR-08517,PO-08517,2026-03-09,29,WH-MYS-01
GR-08518,PO-08518,2026-03-07,13,WH-BLR-01
GR-08519,PO-08519,2026-03-19,8,WH-BLR-01
GR-08520,PO-08520,2026-05-28,3,WH-MYS-01
GR-08521,PO-08521,2026-02-05,27,WH-MYS-01
GR-08522,PO-08522,2026-02-04,29,WH-BLR-01
GR-08523,PO-08523,2026-03-02,19,WH-CHN-01
GR-08524,PO-08524,2026-01-23,21,WH-BLR-01
GR-08525,PO-08525,2026-06-03,23,WH-CHN-01
GR-08526,PO-08526,2026-03-09,13,WH-CHN-01
GR-08527,PO-08527,2026-05-25,44,WH-CHN-01
GR-08528,PO-08528,2026-05-30,15,WH-MYS-01
GR-08529,PO-08529,2026-04-20,47,WH-HYD-01
GR-08530,PO-08530,2026-01-31,33,WH-BLR-01
GR-08531,PO-08531,2026-05-18,37,WH-BLR-01
GR-08532,PO-08532,2026-02-17,2,WH-MYS-01
GR-08533,PO-08533,2026-04-18,36,WH-CHN-01
GR-08534,PO-08534,2026-05-11,25,WH-HYD-01
GR-08535,PO-08535,2026-05-31,34,WH-MYS-01
GR-08536,PO-08536,2026-03-02,8,WH-BLR-01
GR-08537,PO-08537,2026-02-17,31,WH-HYD-01
GR-08538,PO-08538,2026-03-28,29,WH-BLR-01
GR-08539,PO-08539,2026-06-10,47,WH-CHN-01
GR-08540,PO-08540,2026-01-16,18,WH-MYS-01
GR-08541,PO-08541,2026-04-03,14,WH-HYD-01
GR-08542,PO-08542,2026-02-21,13,WH-HYD-01
GR-08543,PO-08543,2026-03-29,6,WH-HYD-01
GR-08544,PO-08544,2026-06-04,7,WH-HYD-01
GR-08545,PO-08545,2026-05-03,11,WH-MYS-01
GR-08546,PO-08546,2026-04-28,21,WH-MYS-01
GR-08547,PO-08547,2026-01-25,45,WH-CHN-01
GR-08548,PO-08548,2026-03-26,31,WH-BLR-01
GR-08549,PO-08549,2026-06-17,2,WH-BLR-01
GR-08550,PO-08550,2026-03-06,39,WH-CHN-01
GR-08551,PO-08551,2026-02-11,38,WH-BLR-01
GR-08552,PO-08552,2026-05-30,21,WH-CHN-01
GR-08553,PO-08553,2026-02-15,43,WH-MYS-01
GR-08554,PO-08554,2026-04-19,41,WH-HYD-01
GR-08555,PO-08555,2026-05-24,33,WH-BLR-01
GR-08556,PO-08556,2026-04-18,7,WH-CHN-01
GR-08557,PO-08557,2026-04-25,9,WH-BLR-01
GR-08558,PO-08558,2026-02-11,24,WH-CHN-01
GR-08559,PO-08559,2026-03-27,24,WH-HYD-01
GR-08560,PO-08560,2026-02-17,40,WH-MYS-01
GR-08561,PO-08561,2026-05-09,37,WH-HYD-01
GR-08562,PO-08562,2026-05-13,26,WH-MYS-01
GR-08563,PO-08563,2026-04-02,32,WH-HYD-01
GR-08564,PO-08564,2026-05-14,29,WH-MYS-01
GR-08565,PO-08565,2026-02-06,39,WH-MYS-01
GR-08566,PO-08566,2026-05-03,6,WH-HYD-01
GR-08567,PO-08567,2026-03-19,16,WH-CHN-01
GR-08568,PO-08568,2026-01-14,41,WH-CHN-01
GR-08569,PO-08569,2026-01-28,41,WH-BLR-01
GR-08570,PO-08570,2026-04-24,21,WH-HYD-01
GR-08571,PO-08571,2026-05-13,13,WH-BLR-01
GR-08572,PO-08572,2026-06-22,16,WH-BLR-01
GR-08573,PO-08573,2026-02-05,44,WH-CHN-01
GR-08574,PO-08574,2026-06-21,41,WH-MYS-01
GR-08575,PO-08575,2026-05-03,14,WH-BLR-01
GR-08576,PO-08576,2026-06-18,11,WH-MYS-01
GR-08577,PO-08577,2026-04-03,39,WH-HYD-01
GR-08578,PO-08578,2026-01-12,44,WH-CHN-01
GR-08579,PO-08579,2026-03-19,32,WH-MYS-01
GR-08580,PO-08580,2026-02-27,42,WH-HYD-01
GR-08581,PO-08581,2026-05-20,3,WH-HYD-01
GR-08582,PO-08582,2026-03-05,23,WH-HYD-01
GR-08583,PO-08583,2026-03-10,46,WH-HYD-01
GR-08584,PO-08584,2026-03-13,10,WH-CHN-01
GR-08585,PO-08585,2026-03-14,20,WH-BLR-01
GR-08586,PO-08586,2026-06-12,49,WH-HYD-01
GR-08587,PO-08587,2026-03-12,12,WH-MYS-01
GR-08588,PO-08588,2026-02-10,5,WH-BLR-01
GR-08589,PO-08589,2026-02-25,11,WH-BLR-01
GR-08590,PO-08590,2026-03-21,4,WH-HYD-01
GR-08591,PO-08591,2026-01-18,25,WH-HYD-01
GR-08592,PO-08592,2026-04-13,17,WH-BLR-01
GR-08593,PO-08593,2026-01-27,38,WH-BLR-01
GR-08594,PO-08594,2026-03-12,19,WH-CHN-01
GR-08595,PO-08595,2026-01-27,20,WH-CHN-01
GR-08596,PO-08596,2026-03-20,50,WH-MYS-01
GR-08597,PO-08597,2026-04-08,48,WH-HYD-01
GR-08598,PO-08598,2026-02-05,13,WH-MYS-01
GR-08599,PO-08599,2026-02-26,9,WH-HYD-01
GR-08600,PO-08600,2026-05-26,39,WH-MYS-01
GR-08601,PO-08601,2026-02-19,24,WH-BLR-01
GR-08602,PO-08602,2026-02-04,13,WH-BLR-01
GR-08603,PO-08603,2026-04-22,46,WH-BLR-01
GR-08604,PO-08604,2026-04-04,5,WH-HYD-01
GR-08605,PO-08605,2026-03-03,13,WH-MYS-01
GR-08606,PO-08606,2026-01-25,26,WH-HYD-01
GR-08607,PO-08607,2026-03-26,20,WH-BLR-01
GR-08608,PO-08608,2026-03-28,25,WH-BLR-01
GR-08609,PO-08609,2026-05-08,40,WH-BLR-01
GR-08610,PO-08610,2026-06-12,6,WH-MYS-01
GR-08611,PO-08611,2026-06-08,28,WH-MYS-01
GR-08612,PO-08612,2026-01-23,2,WH-BLR-01
GR-08613,PO-08613,2026-05-22,23,WH-BLR-01
GR-08614,PO-08614,2026-02-14,25,WH-MYS-01
GR-08615,PO-08615,2026-03-31,16,WH-CHN-01
GR-08616,PO-08616,2026-03-14,39,WH-CHN-01
GR-08617,PO-08617,2026-02-11,11,WH-MYS-01
GR-08618,PO-08618,2026-02-19,38,WH-BLR-01
GR-08619,PO-08619,2026-05-04,33,WH-HYD-01
GR-08620,PO-08620,2026-05-09,27,WH-BLR-01
GR-08621,PO-08621,2026-05-06,50,WH-CHN-01
GR-08622,PO-08622,2026-06-05,11,WH-HYD-01
GR-08623,PO-08623,2026-05-02,25,WH-CHN-01
GR-08624,PO-08624,2026-06-15,41,WH-HYD-01
GR-08625,PO-08625,2026-03-04,39,WH-CHN-01
GR-08626,PO-08626,2026-05-14,37,WH-MYS-01
GR-08627,PO-08627,2026-01-28,20,WH-HYD-01
GR-08628,PO-08628,2026-04-19,44,WH-HYD-01
GR-08629,PO-08629,2026-05-24,23,WH-HYD-01
GR-08630,PO-08630,2026-03-16,45,WH-HYD-01
GR-08631,PO-08631,2026-06-17,29,WH-HYD-01
GR-08632,PO-08632,2026-04-14,24,WH-BLR-01
GR-08633,PO-08633,2026-05-17,9,WH-MYS-01
GR-08634,PO-08634,2026-02-25,37,WH-CHN-01
GR-08635,PO-08635,2026-03-31,50,WH-HYD-01
GR-08636,PO-08636,2026-04-05,24,WH-CHN-01
GR-08637,PO-08637,2026-04-03,39,WH-BLR-01
GR-08638,PO-08638,2026-01-29,42,WH-BLR-01
GR-08639,PO-08639,2026-02-11,22,WH-BLR-01
GR-08640,PO-08640,2026-02-17,33,WH-CHN-01
GR-08641,PO-08641,2026-03-09,8,WH-BLR-01
GR-08642,PO-08642,2026-02-06,9,WH-HYD-01
GR-08643,PO-08643,2026-04-23,28,WH-CHN-01
GR-08644,PO-08644,2026-03-07,14,WH-CHN-01
GR-08645,PO-08645,2026-02-14,41,WH-CHN-01
GR-08646,PO-08646,2026-02-21,38,WH-CHN-01
GR-08647,PO-08647,2026-04-25,33,WH-CHN-01
GR-08648,PO-08648,2026-02-25,5,WH-CHN-01
GR-08649,PO-08649,2026-06-18,47,WH-CHN-01
GR-08650,PO-08650,2026-03-06,13,WH-HYD-01
GR-08651,PO-08651,2026-02-02,25,WH-HYD-01
GR-08652,PO-08652,2026-05-04,48,WH-MYS-01
GR-08653,PO-08653,2026-05-11,10,WH-CHN-01
GR-08654,PO-08654,2026-04-19,36,WH-BLR-01
GR-08655,PO-08655,2026-03-24,41,WH-HYD-01
GR-08656,PO-08656,2026-04-17,46,WH-BLR-01
GR-08657,PO-08657,2026-05-22,11,WH-HYD-01
GR-08658,PO-08658,2026-05-18,4,WH-MYS-01
GR-08659,PO-08659,2026-03-01,39,WH-BLR-01
GR-08660,PO-08660,2026-03-05,45,WH-CHN-01
GR-08661,PO-08661,2026-05-08,35,WH-BLR-01
GR-08662,PO-08662,2026-05-11,8,WH-HYD-01
GR-08663,PO-08663,2026-05-06,46,WH-CHN-01
GR-08664,PO-08664,2026-02-08,5,WH-MYS-01
GR-08665,PO-08665,2026-03-11,15,WH-HYD-01
GR-08666,PO-08666,2026-03-18,30,WH-MYS-01
GR-08667,PO-08667,2026-05-06,30,WH-HYD-01
GR-08668,PO-08668,2026-05-10,30,WH-BLR-01
GR-08669,PO-08669,2026-05-24,47,WH-CHN-01
GR-08670,PO-08670,2026-05-15,41,WH-HYD-01
GR-08671,PO-08671,2026-02-06,14,WH-CHN-01
GR-08672,PO-08672,2026-03-17,2,WH-BLR-01
GR-08673,PO-08673,2026-02-04,29,WH-CHN-01
GR-08674,PO-08674,2026-03-13,18,WH-CHN-01
GR-08675,PO-08675,2026-02-04,3,WH-BLR-01
GR-08676,PO-08676,2026-04-22,5,WH-CHN-01
GR-08677,PO-08677,2026-02-09,21,WH-BLR-01
GR-08678,PO-08678,2026-04-04,4,WH-CHN-01
GR-08679,PO-08679,2026-04-20,32,WH-MYS-01
GR-08680,PO-08680,2026-05-30,12,WH-MYS-01
GR-08681,PO-08681,2026-06-02,17,WH-HYD-01
GR-08682,PO-08682,2026-04-16,4,WH-CHN-01
GR-08683,PO-08683,2026-03-02,5,WH-CHN-01
GR-08684,PO-08684,2026-02-10,21,WH-HYD-01
GR-08685,PO-08685,2026-04-20,30,WH-BLR-01
GR-08686,PO-08686,2026-02-10,21,WH-MYS-01
GR-08687,PO-08687,2026-01-31,8,WH-MYS-01
GR-08688,PO-08688,2026-04-28,43,WH-BLR-01
GR-08689,PO-08689,2026-02-26,36,WH-CHN-01
GR-08690,PO-08690,2026-02-16,15,WH-MYS-01
GR-08691,PO-08691,2026-04-01,24,WH-BLR-01
GR-08692,PO-08692,2026-03-28,35,WH-CHN-01
GR-08693,PO-08693,2026-01-17,7,WH-CHN-01
GR-08694,PO-08694,2026-01-15,2,WH-MYS-01
GR-08695,PO-08695,2026-02-15,50,WH-CHN-01
GR-08696,PO-08696,2026-01-21,4,WH-HYD-01
GR-08697,PO-08697,2026-04-03,23,WH-CHN-01
GR-08698,PO-08698,2026-02-03,34,WH-MYS-01
GR-08699,PO-08699,2026-03-30,2,WH-BLR-01
GR-08700,PO-08700,2026-03-13,47,WH-CHN-01
GR-08701,PO-08701,2026-05-18,40,WH-BLR-01
GR-08702,PO-08702,2026-06-04,11,WH-HYD-01
GR-08703,PO-08703,2026-02-17,12,WH-BLR-01
GR-08704,PO-08704,2026-03-16,6,WH-CHN-01
GR-08705,PO-08705,2026-05-25,14,WH-BLR-01
GR-08706,PO-08706,2026-04-06,23,WH-MYS-01
GR-08707,PO-08707,2026-03-28,46,WH-MYS-01
GR-08708,PO-08708,2026-02-02,15,WH-CHN-01
GR-08709,PO-08709,2026-05-18,25,WH-BLR-01
GR-08710,PO-08710,2026-05-26,48,WH-HYD-01
GR-08711,PO-08711,2026-04-14,44,WH-CHN-01
GR-08712,PO-08712,2026-04-04,38,WH-BLR-01
GR-08713,PO-08713,2026-04-28,27,WH-MYS-01
GR-08714,PO-08714,2026-01-17,7,WH-CHN-01
GR-08715,PO-08715,2026-04-28,36,WH-HYD-01
GR-08716,PO-08716,2026-04-22,32,WH-MYS-01
GR-08717,PO-08717,2026-05-19,24,WH-HYD-01
GR-08718,PO-08718,2026-04-01,19,WH-MYS-01
GR-08719,PO-08719,2026-05-22,45,WH-CHN-01
GR-08720,PO-08720,2026-02-12,26,WH-CHN-01
GR-08721,PO-08721,2026-06-08,19,WH-MYS-01
GR-08722,PO-08722,2026-06-10,34,WH-BLR-01
GR-08723,PO-08723,2026-06-05,5,WH-MYS-01
GR-08724,PO-08724,2026-02-22,21,WH-CHN-01
GR-08725,PO-08725,2026-03-20,16,WH-CHN-01
GR-08726,PO-08726,2026-02-02,1,WH-HYD-01
GR-08727,PO-08727,2026-02-04,38,WH-MYS-01
GR-08728,PO-08728,2026-03-31,40,WH-CHN-01
GR-08729,PO-08729,2026-05-31,24,WH-CHN-01
GR-08730,PO-08730,2026-04-20,35,WH-BLR-01
GR-08731,PO-08731,2026-03-09,23,WH-CHN-01
GR-08732,PO-08732,2026-06-13,32,WH-HYD-01
GR-08733,PO-08733,2026-01-27,16,WH-CHN-01
GR-08734,PO-08734,2026-03-06,34,WH-CHN-01
GR-08735,PO-08735,2026-02-16,4,WH-BLR-01
GR-08736,PO-08736,2026-04-01,14,WH-CHN-01
GR-08737,PO-08737,2026-04-02,19,WH-CHN-01
GR-08738,PO-08738,2026-02-10,4,WH-CHN-01
GR-08739,PO-08739,2026-05-10,34,WH-MYS-01
GR-08740,PO-08740,2026-05-31,11,WH-CHN-01
GR-08741,PO-08741,2026-05-23,11,WH-MYS-01
GR-08742,PO-08742,2026-06-14,43,WH-MYS-01
GR-08743,PO-08743,2026-05-08,17,WH-CHN-01
GR-08744,PO-08744,2026-04-12,20,WH-HYD-01
GR-08745,PO-08745,2026-06-13,27,WH-HYD-01
GR-08746,PO-08746,2026-03-02,32,WH-HYD-01
GR-08747,PO-08747,2026-03-14,35,WH-HYD-01
GR-08748,PO-08748,2026-02-27,13,WH-MYS-01
GR-08749,PO-08749,2026-05-16,16,WH-BLR-01
GR-08750,PO-08750,2026-06-02,9,WH-BLR-01
GR-08751,PO-08751,2026-02-22,45,WH-BLR-01
GR-08752,PO-08752,2026-06-05,15,WH-HYD-01
GR-08753,PO-08753,2026-03-20,5,WH-MYS-01
GR-08754,PO-08754,2026-02-02,47,WH-BLR-01
GR-08755,PO-08755,2026-04-20,50,WH-MYS-01
GR-08756,PO-08756,2026-02-18,21,WH-MYS-01
GR-08757,PO-08757,2026-02-22,50,WH-CHN-01
GR-08758,PO-08758,2026-04-20,19,WH-BLR-01
GR-08759,PO-08759,2026-06-13,27,WH-MYS-01
GR-08760,PO-08760,2026-04-15,16,WH-BLR-01
GR-08761,PO-08761,2026-06-05,4,WH-CHN-01
GR-08762,PO-08762,2026-02-19,4,WH-CHN-01
GR-08763,PO-08763,2026-04-22,17,WH-CHN-01
GR-08764,PO-08764,2026-02-15,45,WH-CHN-01
GR-08765,PO-08765,2026-02-04,35,WH-MYS-01
GR-08766,PO-08766,2026-02-11,14,WH-BLR-01
GR-08767,PO-08767,2026-06-16,34,WH-BLR-01
GR-08768,PO-08768,2026-02-02,39,WH-HYD-01
GR-08769,PO-08769,2026-05-01,6,WH-MYS-01
GR-08770,PO-08770,2026-03-20,25,WH-MYS-01
GR-08771,PO-08771,2026-02-08,27,WH-BLR-01
GR-08772,PO-08772,2026-04-15,13,WH-MYS-01
GR-08773,PO-08773,2026-04-24,44,WH-HYD-01
GR-08774,PO-08774,2026-05-27,32,WH-CHN-01
GR-08775,PO-08775,2026-02-13,10,WH-CHN-01
GR-08776,PO-08776,2026-06-01,41,WH-HYD-01
GR-08777,PO-08777,2026-05-25,27,WH-MYS-01
GR-08778,PO-08778,2026-04-08,25,WH-MYS-01
GR-08779,PO-08779,2026-03-17,29,WH-MYS-01
GR-08780,PO-08780,2026-03-21,27,WH-MYS-01
GR-08781,PO-08781,2026-05-28,15,WH-HYD-01
GR-08782,PO-08782,2026-03-31,41,WH-MYS-01
GR-08783,PO-08783,2026-04-29,8,WH-HYD-01
GR-08784,PO-08784,2026-06-18,35,WH-BLR-01
GR-08785,PO-08785,2026-06-08,3,WH-MYS-01
GR-08786,PO-08786,2026-04-21,25,WH-HYD-01
GR-08787,PO-08787,2026-02-15,13,WH-CHN-01
GR-08788,PO-08788,2026-06-01,30,WH-CHN-01
GR-08789,PO-08789,2026-02-15,26,WH-MYS-01
GR-08790,PO-08790,2026-05-14,17,WH-HYD-01
GR-08791,PO-08791,2026-05-29,8,WH-CHN-01
GR-08792,PO-08792,2026-01-12,28,WH-BLR-01
GR-08793,PO-08793,2026-05-01,38,WH-CHN-01
GR-08794,PO-08794,2026-05-20,29,WH-HYD-01
GR-08795,PO-08795,2026-04-26,32,WH-MYS-01
GR-08796,PO-08796,2026-02-21,47,WH-HYD-01
GR-08797,PO-08797,2026-02-14,49,WH-HYD-01
GR-08798,PO-08798,2026-06-22,22,WH-CHN-01
GR-08799,PO-08799,2026-02-25,34,WH-BLR-01
GR-08800,PO-08800,2026-02-10,32,WH-BLR-01
GR-08801,PO-08801,2026-05-10,1,WH-CHN-01
GR-08802,PO-08802,2026-06-20,34,WH-HYD-01
GR-08803,PO-08803,2026-03-23,7,WH-MYS-01
GR-08804,PO-08804,2026-05-26,29,WH-HYD-01
GR-08805,PO-08805,2026-02-14,14,WH-CHN-01
GR-08806,PO-08806,2026-04-17,21,WH-MYS-01
GR-08807,PO-08807,2026-03-17,6,WH-CHN-01
GR-08808,PO-08808,2026-02-13,17,WH-MYS-01
GR-08809,PO-08809,2026-01-10,38,WH-CHN-01
GR-08810,PO-08810,2026-02-24,5,WH-MYS-01
GR-08811,PO-08811,2026-05-04,23,WH-BLR-01
GR-08812,PO-08812,2026-03-12,10,WH-BLR-01
GR-08813,PO-08813,2026-03-20,35,WH-BLR-01
GR-08814,PO-08814,2026-03-21,15,WH-HYD-01
GR-08815,PO-08815,2026-05-27,1,WH-HYD-01
GR-08816,PO-08816,2026-05-10,42,WH-MYS-01
GR-08817,PO-08817,2026-01-08,26,WH-BLR-01
GR-08818,PO-08818,2026-01-30,30,WH-BLR-01
GR-08819,PO-08819,2026-02-03,16,WH-CHN-01
GR-08820,PO-08820,2026-04-14,26,WH-HYD-01
GR-08821,PO-08821,2026-04-14,48,WH-BLR-01
GR-08822,PO-08822,2026-02-03,24,WH-HYD-01
GR-08823,PO-08823,2026-02-21,47,WH-BLR-01
GR-08824,PO-08824,2026-02-26,4,WH-CHN-01
GR-08825,PO-08825,2026-04-10,46,WH-BLR-01
GR-08826,PO-08826,2026-06-17,10,WH-HYD-01
GR-08827,PO-08827,2026-03-07,30,WH-HYD-01
GR-08828,PO-08828,2026-02-27,23,WH-HYD-01
GR-08829,PO-08829,2026-05-10,30,WH-HYD-01
GR-08830,PO-08830,2026-05-30,3,WH-MYS-01
GR-08831,PO-08831,2026-05-08,4,WH-HYD-01
GR-08832,PO-08832,2026-03-10,32,WH-BLR-01
GR-08833,PO-08833,2026-06-05,10,WH-CHN-01
GR-08834,PO-08834,2026-03-24,44,WH-HYD-01
GR-08835,PO-08835,2026-04-17,40,WH-HYD-01
GR-08836,PO-08836,2026-05-22,37,WH-CHN-01
GR-08837,PO-08837,2026-02-03,12,WH-HYD-01
GR-08838,PO-08838,2026-03-07,44,WH-CHN-01
GR-08839,PO-08839,2026-05-29,30,WH-BLR-01
GR-08840,PO-08840,2026-04-27,18,WH-CHN-01
GR-08841,PO-08841,2026-04-08,16,WH-HYD-01
GR-08842,PO-08842,2026-03-27,10,WH-CHN-01
GR-08843,PO-08843,2026-04-17,48,WH-BLR-01
GR-08844,PO-08844,2026-03-14,11,WH-BLR-01
GR-08845,PO-08845,2026-04-21,30,WH-CHN-01
GR-08846,PO-08846,2026-05-12,13,WH-CHN-01
GR-08847,PO-08847,2026-02-08,17,WH-CHN-01
GR-08848,PO-08848,2026-06-09,31,WH-CHN-01
GR-08849,PO-08849,2026-06-02,10,WH-CHN-01
GR-08850,PO-08850,2026-05-13,1,WH-BLR-01
GR-08851,PO-08851,2026-04-21,36,WH-CHN-01
GR-08852,PO-08852,2026-02-01,28,WH-MYS-01
GR-08853,PO-08853,2026-04-30,9,WH-CHN-01
GR-08854,PO-08854,2026-03-08,18,WH-BLR-01
GR-08855,PO-08855,2026-06-23,4,WH-BLR-01
GR-08856,PO-08856,2026-05-26,48,WH-MYS-01
GR-08857,PO-08857,2026-01-15,48,WH-MYS-01
GR-08858,PO-08858,2026-04-12,9,WH-HYD-01
GR-08859,PO-08859,2026-03-27,37,WH-HYD-01
GR-08860,PO-08860,2026-03-25,4,WH-CHN-01
GR-08861,PO-08861,2026-02-05,29,WH-MYS-01
GR-08862,PO-08862,2026-05-07,47,WH-BLR-01
GR-08863,PO-08863,2026-04-07,5,WH-CHN-01
GR-08864,PO-08864,2026-05-06,33,WH-CHN-01
GR-08865,PO-08865,2026-04-29,21,WH-CHN-01
GR-08866,PO-08866,2026-05-01,49,WH-MYS-01
GR-08867,PO-08867,2026-03-07,31,WH-CHN-01
GR-08868,PO-08868,2026-05-22,18,WH-BLR-01
GR-08869,PO-08869,2026-03-04,22,WH-HYD-01
GR-08870,PO-08870,2026-06-12,49,WH-BLR-01
GR-08871,PO-08871,2026-05-05,40,WH-CHN-01
GR-08872,PO-08872,2026-04-21,32,WH-CHN-01
GR-08873,PO-08873,2026-05-26,10,WH-HYD-01
GR-08874,PO-08874,2026-03-25,39,WH-HYD-01
GR-08875,PO-08875,2026-02-13,32,WH-CHN-01
GR-08876,PO-08876,2026-04-28,1,WH-BLR-01
GR-08877,PO-08877,2026-05-26,24,WH-MYS-01
GR-08878,PO-08878,2026-06-01,18,WH-BLR-01
GR-08879,PO-08879,2026-02-19,7,WH-MYS-01
GR-08880,PO-08880,2026-02-28,29,WH-MYS-01
GR-08881,PO-08881,2026-04-16,38,WH-MYS-01
GR-08882,PO-08882,2026-02-17,24,WH-BLR-01
GR-08883,PO-08883,2026-02-13,31,WH-MYS-01
GR-08884,PO-08884,2026-02-27,33,WH-CHN-01
GR-08885,PO-08885,2026-05-04,22,WH-BLR-01
GR-08886,PO-08886,2026-02-06,25,WH-HYD-01
GR-08887,PO-08887,2026-04-22,19,WH-CHN-01
GR-08888,PO-08888,2026-05-08,43,WH-MYS-01
GR-08889,PO-08889,2026-02-09,29,WH-CHN-01
GR-08890,PO-08890,2026-06-23,10,WH-MYS-01
GR-08891,PO-08891,2026-06-29,14,WH-CHN-01
GR-08892,PO-08892,2026-01-26,9,WH-MYS-01
GR-08893,PO-08893,2026-05-10,17,WH-MYS-01
GR-08894,PO-08894,2026-05-22,9,WH-MYS-01
GR-08895,PO-08895,2026-02-27,3,WH-HYD-01
GR-08896,PO-08896,2026-03-26,17,WH-CHN-01
GR-08897,PO-08897,2026-01-24,7,WH-BLR-01
GR-08898,PO-08898,2026-05-21,32,WH-MYS-01
GR-08899,PO-08899,2026-06-03,1,WH-BLR-01
GR-08900,PO-08900,2026-04-21,7,WH-HYD-01
GR-08901,PO-08901,2026-05-08,14,WH-BLR-01
GR-08902,PO-08902,2026-04-15,50,WH-MYS-01
GR-08903,PO-08903,2026-03-26,10,WH-HYD-01
GR-08904,PO-08904,2026-03-13,4,WH-CHN-01
GR-08905,PO-08905,2026-04-08,47,WH-BLR-01
GR-08906,PO-08906,2026-06-26,18,WH-BLR-01
GR-08907,PO-08907,2026-02-07,33,WH-BLR-01
GR-08908,PO-08908,2026-01-18,3,WH-HYD-01
GR-08909,PO-08909,2026-05-27,47,WH-BLR-01
GR-08910,PO-08910,2026-05-06,14,WH-CHN-01
GR-08911,PO-08911,2026-01-31,25,WH-HYD-01
GR-08912,PO-08912,2026-01-19,11,WH-BLR-01
GR-08913,PO-08913,2026-01-30,27,WH-HYD-01
GR-08914,PO-08914,2026-05-27,12,WH-BLR-01
GR-08915,PO-08915,2026-02-04,14,WH-MYS-01
GR-08916,PO-08916,2026-06-15,42,WH-BLR-01
GR-08917,PO-08917,2026-02-09,7,WH-CHN-01
GR-08918,PO-08918,2026-03-13,50,WH-MYS-01
GR-08919,PO-08919,2026-03-04,43,WH-HYD-01
GR-08920,PO-08920,2026-04-18,44,WH-CHN-01
GR-08921,PO-08921,2026-03-01,21,WH-MYS-01
GR-08922,PO-08922,2026-03-18,48,WH-MYS-01
GR-08923,PO-08923,2026-03-05,9,WH-HYD-01
GR-08924,PO-08924,2026-06-08,39,WH-MYS-01
GR-08925,PO-08925,2026-02-14,25,WH-BLR-01
GR-08926,PO-08926,2026-06-14,22,WH-MYS-01
GR-08927,PO-08927,2026-05-19,20,WH-MYS-01
GR-08928,PO-08928,2026-02-28,36,WH-BLR-01
GR-08929,PO-08929,2026-01-21,24,WH-HYD-01
GR-08930,PO-08930,2026-01-31,32,WH-HYD-01
GR-08931,PO-08931,2026-04-04,34,WH-MYS-01
GR-08932,PO-08932,2026-02-27,38,WH-HYD-01
GR-08933,PO-08933,2026-04-19,11,WH-BLR-01
GR-08934,PO-08934,2026-03-17,31,WH-MYS-01
GR-08935,PO-08935,2026-05-02,17,WH-HYD-01
GR-08936,PO-08936,2026-05-16,22,WH-BLR-01
GR-08937,PO-08937,2026-06-01,6,WH-HYD-01
GR-08938,PO-08938,2026-04-17,4,WH-BLR-01
GR-08939,PO-08939,2026-03-12,5,WH-MYS-01
GR-08940,PO-08940,2026-01-15,14,WH-MYS-01
GR-08941,PO-08941,2026-02-15,49,WH-CHN-01
GR-08942,PO-08942,2026-05-01,42,WH-CHN-01
GR-08943,PO-08943,2026-04-03,43,WH-CHN-01
GR-08944,PO-08944,2026-03-26,14,WH-HYD-01
GR-08945,PO-08945,2026-06-08,15,WH-MYS-01
GR-08946,PO-08946,2026-06-12,29,WH-HYD-01
GR-08947,PO-08947,2026-03-08,32,WH-CHN-01
GR-08948,PO-08948,2026-03-01,45,WH-BLR-01
GR-08949,PO-08949,2026-04-26,22,WH-CHN-01
GR-08950,PO-08950,2026-02-14,43,WH-BLR-01
GR-08951,PO-08951,2026-04-21,26,WH-HYD-01
GR-08952,PO-08952,2026-02-23,38,WH-CHN-01
GR-08953,PO-08953,2026-06-01,1,WH-MYS-01
GR-08954,PO-08954,2026-03-09,16,WH-HYD-01
GR-08955,PO-08955,2026-03-05,23,WH-BLR-01
GR-08956,PO-08956,2026-02-03,17,WH-MYS-01
GR-08957,PO-08957,2026-02-05,12,WH-MYS-01
GR-08958,PO-08958,2026-03-17,50,WH-CHN-01
GR-08959,PO-08959,2026-03-03,14,WH-BLR-01
GR-08960,PO-08960,2026-02-10,40,WH-CHN-01
GR-08961,PO-08961,2026-02-04,47,WH-BLR-01
GR-08962,PO-08962,2026-04-03,43,WH-CHN-01
GR-08963,PO-08963,2026-04-29,17,WH-HYD-01
GR-08964,PO-08964,2026-03-09,49,WH-MYS-01
GR-08965,PO-08965,2026-04-28,14,WH-CHN-01
GR-08966,PO-08966,2026-02-21,43,WH-MYS-01
GR-08967,PO-08967,2026-06-06,33,WH-HYD-01
GR-08968,PO-08968,2026-05-29,13,WH-MYS-01
GR-08969,PO-08969,2026-05-02,6,WH-CHN-01
GR-08970,PO-08970,2026-03-11,18,WH-HYD-01
GR-08971,PO-08971,2026-05-19,21,WH-BLR-01
GR-08972,PO-08972,2026-05-12,2,WH-BLR-01
GR-08973,PO-08973,2026-01-13,5,WH-MYS-01
GR-08974,PO-08974,2026-03-19,25,WH-MYS-01
GR-08975,PO-08975,2026-02-15,9,WH-BLR-01
GR-08976,PO-08976,2026-02-05,8,WH-CHN-01
GR-08977,PO-08977,2026-04-02,37,WH-MYS-01
GR-08978,PO-08978,2026-04-07,48,WH-HYD-01
GR-08979,PO-08979,2026-03-20,48,WH-BLR-01
GR-08980,PO-08980,2026-03-27,27,WH-BLR-01
GR-08981,PO-08981,2026-02-16,28,WH-BLR-01
GR-08982,PO-08982,2026-05-07,23,WH-CHN-01
GR-08983,PO-08983,2026-06-11,30,WH-MYS-01
GR-08984,PO-08984,2026-05-17,38,WH-MYS-01
GR-08985,PO-08985,2026-05-16,23,WH-HYD-01
GR-08986,PO-08986,2026-04-05,4,WH-MYS-01
GR-08987,PO-08987,2026-01-26,22,WH-HYD-01
GR-08988,PO-08988,2026-02-20,47,WH-MYS-01
GR-08989,PO-08989,2026-01-27,35,WH-CHN-01
GR-08990,PO-08990,2026-02-01,44,WH-MYS-01
GR-08991,PO-08991,2026-02-10,15,WH-MYS-01
GR-08992,PO-08992,2026-03-14,48,WH-BLR-01
GR-08993,PO-08993,2026-02-16,13,WH-BLR-01
GR-08994,PO-08994,2026-06-15,9,WH-CHN-01
GR-08995,PO-08995,2026-02-03,14,WH-HYD-01
GR-08996,PO-08996,2026-04-15,16,WH-CHN-01
GR-08997,PO-08997,2026-03-22,15,WH-CHN-01
GR-08998,PO-08998,2026-03-30,31,WH-HYD-01
GR-08999,PO-08999,2026-05-12,6,WH-HYD-01
GR-09000,PO-09000,2026-02-20,35,WH-CHN-01
GR-09001,PO-09001,2026-02-14,32,WH-BLR-01
GR-09002,PO-09002,2026-05-01,12,WH-MYS-01
GR-09003,PO-09003,2026-05-31,37,WH-MYS-01
GR-09004,PO-09004,2026-02-28,46,WH-CHN-01
GR-09005,PO-09005,2026-01-18,34,WH-MYS-01
GR-09006,PO-09006,2026-05-07,30,WH-CHN-01
GR-09007,PO-09007,2026-06-04,45,WH-CHN-01
GR-09008,PO-09008,2026-01-30,41,WH-HYD-01
GR-09009,PO-09009,2026-06-17,42,WH-CHN-01
GR-09010,PO-09010,2026-02-09,24,WH-MYS-01
GR-09011,PO-09011,2026-04-30,29,WH-HYD-01
GR-09012,PO-09012,2026-02-08,19,WH-BLR-01
GR-09013,PO-09013,2026-04-29,4,WH-BLR-01
GR-09014,PO-09014,2026-05-03,1,WH-MYS-01
GR-09015,PO-09015,2026-03-15,3,WH-MYS-01
GR-09016,PO-09016,2026-03-15,26,WH-BLR-01
GR-09017,PO-09017,2026-05-09,23,WH-CHN-01
GR-09018,PO-09018,2026-06-02,6,WH-BLR-01
GR-09019,PO-09019,2026-05-13,40,WH-BLR-01
GR-09020,PO-09020,2026-05-05,26,WH-CHN-01
GR-09021,PO-09021,2026-01-31,50,WH-CHN-01
GR-09022,PO-09022,2026-01-26,38,WH-HYD-01
GR-09023,PO-09023,2026-01-13,42,WH-CHN-01
GR-09024,PO-09024,2026-04-23,6,WH-BLR-01
GR-09025,PO-09025,2026-02-02,28,WH-MYS-01
GR-09026,PO-09026,2026-04-06,24,WH-MYS-01
GR-09027,PO-09027,2026-05-20,16,WH-MYS-01
GR-09028,PO-09028,2026-05-26,34,WH-HYD-01
GR-09029,PO-09029,2026-02-23,17,WH-BLR-01
GR-09030,PO-09030,2026-03-29,26,WH-BLR-01
GR-09031,PO-09031,2026-02-12,29,WH-BLR-01
GR-09032,PO-09032,2026-02-21,30,WH-HYD-01
GR-09033,PO-09033,2026-02-10,8,WH-CHN-01
GR-09034,PO-09034,2026-03-07,31,WH-CHN-01
GR-09035,PO-09035,2026-05-26,6,WH-MYS-01
GR-09036,PO-09036,2026-05-27,14,WH-BLR-01
GR-09037,PO-09037,2026-04-02,23,WH-CHN-01
GR-09038,PO-09038,2026-02-14,31,WH-MYS-01
GR-09039,PO-09039,2026-02-08,44,WH-MYS-01
GR-09040,PO-09040,2026-06-10,32,WH-BLR-01
GR-09041,PO-09041,2026-02-24,17,WH-HYD-01
GR-09042,PO-09042,2026-03-04,47,WH-CHN-01
GR-09043,PO-09043,2026-04-30,39,WH-BLR-01
GR-09044,PO-09044,2026-02-12,41,WH-MYS-01
GR-09045,PO-09045,2026-02-20,44,WH-MYS-01
GR-09046,PO-09046,2026-05-28,29,WH-CHN-01
GR-09047,PO-09047,2026-03-17,49,WH-BLR-01
GR-09048,PO-09048,2026-05-03,25,WH-CHN-01
GR-09049,PO-09049,2026-05-05,45,WH-MYS-01
GR-09050,PO-09050,2026-03-22,26,WH-BLR-01
GR-09051,PO-09051,2026-04-27,28,WH-HYD-01
GR-09052,PO-09052,2026-04-09,37,WH-BLR-01
GR-09053,PO-09053,2026-06-01,3,WH-MYS-01
GR-09054,PO-09054,2026-02-11,11,WH-BLR-01
GR-09055,PO-09055,2026-03-21,11,WH-CHN-01
GR-09056,PO-09056,2026-04-24,35,WH-CHN-01
GR-09057,PO-09057,2026-01-16,11,WH-CHN-01
GR-09058,PO-09058,2026-03-21,22,WH-CHN-01
GR-09059,PO-09059,2026-02-04,26,WH-HYD-01
GR-09060,PO-09060,2026-01-25,31,WH-CHN-01
GR-09061,PO-09061,2026-03-24,41,WH-BLR-01
GR-09062,PO-09062,2026-05-09,50,WH-BLR-01
GR-09063,PO-09063,2026-04-09,18,WH-MYS-01
GR-09064,PO-09064,2026-03-17,30,WH-MYS-01
GR-09065,PO-09065,2026-03-30,33,WH-BLR-01
GR-09066,PO-09066,2026-03-02,6,WH-CHN-01
GR-09067,PO-09067,2026-04-23,38,WH-HYD-01
GR-09068,PO-09068,2026-03-18,24,WH-MYS-01
GR-09069,PO-09069,2026-02-01,10,WH-HYD-01
GR-09070,PO-09070,2026-05-20,38,WH-BLR-01
GR-09071,PO-09071,2026-05-10,28,WH-BLR-01
GR-09072,PO-09072,2026-03-21,1,WH-MYS-01
GR-09073,PO-09073,2026-01-30,48,WH-CHN-01
GR-09074,PO-09074,2026-04-10,42,WH-BLR-01
GR-09075,PO-09075,2026-03-03,38,WH-MYS-01
GR-09076,PO-09076,2026-05-24,32,WH-HYD-01
GR-09077,PO-09077,2026-06-20,31,WH-MYS-01
GR-09078,PO-09078,2026-05-02,27,WH-MYS-01
GR-09079,PO-09079,2026-03-30,19,WH-BLR-01
GR-09080,PO-09080,2026-02-19,32,WH-HYD-01
GR-09081,PO-09081,2026-01-22,21,WH-HYD-01
GR-09082,PO-09082,2026-02-13,12,WH-CHN-01
GR-09083,PO-09083,2026-05-22,49,WH-MYS-01
GR-09084,PO-09084,2026-02-12,21,WH-CHN-01
GR-09085,PO-09085,2026-05-31,21,WH-MYS-01
GR-09086,PO-09086,2026-04-13,6,WH-CHN-01
GR-09087,PO-09087,2026-03-28,41,WH-CHN-01
GR-09088,PO-09088,2026-02-28,9,WH-MYS-01
GR-09089,PO-09089,2026-05-09,40,WH-HYD-01
GR-09090,PO-09090,2026-04-17,4,WH-CHN-01
GR-09091,PO-09091,2026-05-03,5,WH-BLR-01
GR-09092,PO-09092,2026-03-16,20,WH-CHN-01
GR-09093,PO-09093,2026-03-18,40,WH-MYS-01
GR-09094,PO-09094,2026-06-06,30,WH-MYS-01
GR-09095,PO-09095,2026-03-14,49,WH-CHN-01
GR-09096,PO-09096,2026-01-18,5,WH-BLR-01
GR-09097,PO-09097,2026-05-29,9,WH-CHN-01
GR-09098,PO-09098,2026-05-11,8,WH-HYD-01
GR-09099,PO-09099,2026-02-23,50,WH-MYS-01
GR-09100,PO-09100,2026-05-30,12,WH-CHN-01
GR-09101,PO-09101,2026-02-12,22,WH-MYS-01
GR-09102,PO-09102,2026-03-01,28,WH-CHN-01
GR-09103,PO-09103,2026-06-02,48,WH-MYS-01
GR-09104,PO-09104,2026-05-11,10,WH-BLR-01
GR-09105,PO-09105,2026-06-18,25,WH-MYS-01
GR-09106,PO-09106,2026-04-25,41,WH-MYS-01
GR-09107,PO-09107,2026-05-03,26,WH-MYS-01
GR-09108,PO-09108,2026-02-06,44,WH-HYD-01
GR-09109,PO-09109,2026-02-22,19,WH-CHN-01
GR-09110,PO-09110,2026-03-06,20,WH-HYD-01
GR-09111,PO-09111,2026-03-08,30,WH-HYD-01
GR-09112,PO-09112,2026-01-31,38,WH-CHN-01
GR-09113,PO-09113,2026-02-09,6,WH-HYD-01
GR-09114,PO-09114,2026-03-20,16,WH-MYS-01
GR-09115,PO-09115,2026-05-17,15,WH-MYS-01
GR-09116,PO-09116,2026-03-18,48,WH-MYS-01
GR-09117,PO-09117,2026-04-24,34,WH-BLR-01
GR-09118,PO-09118,2026-02-14,41,WH-MYS-01
GR-09119,PO-09119,2026-05-29,20,WH-HYD-01
GR-09120,PO-09120,2026-03-12,37,WH-CHN-01
GR-09121,PO-09121,2026-05-15,28,WH-CHN-01
GR-09122,PO-09122,2026-05-07,11,WH-MYS-01
GR-09123,PO-09123,2026-05-20,16,WH-CHN-01
GR-09124,PO-09124,2026-01-28,6,WH-CHN-01
GR-09125,PO-09125,2026-05-28,41,WH-HYD-01
GR-09126,PO-09126,2026-02-18,10,WH-BLR-01
GR-09127,PO-09127,2026-02-20,45,WH-HYD-01
GR-09128,PO-09128,2026-05-08,36,WH-BLR-01
GR-09129,PO-09129,2026-05-05,38,WH-HYD-01
GR-09130,PO-09130,2026-01-15,1,WH-MYS-01
GR-09131,PO-09131,2026-05-27,35,WH-MYS-01
GR-09132,PO-09132,2026-05-10,23,WH-MYS-01
GR-09133,PO-09133,2026-04-19,19,WH-HYD-01
GR-09134,PO-09134,2026-04-21,6,WH-BLR-01
GR-09135,PO-09135,2026-05-18,2,WH-BLR-01
GR-09136,PO-09136,2026-04-28,7,WH-HYD-01
GR-09137,PO-09137,2026-03-06,40,WH-BLR-01
GR-09138,PO-09138,2026-04-08,41,WH-HYD-01
GR-09139,PO-09139,2026-03-29,32,WH-BLR-01
GR-09140,PO-09140,2026-07-02,42,WH-MYS-01
GR-09141,PO-09141,2026-04-22,48,WH-CHN-01
GR-09142,PO-09142,2026-01-28,34,WH-HYD-01
GR-09143,PO-09143,2026-04-27,1,WH-MYS-01
GR-09144,PO-09144,2026-04-10,16,WH-BLR-01
GR-09145,PO-09145,2026-06-09,50,WH-HYD-01
GR-09146,PO-09146,2026-04-29,14,WH-MYS-01
GR-09147,PO-09147,2026-04-19,13,WH-MYS-01
GR-09148,PO-09148,2026-02-26,34,WH-HYD-01
GR-09149,PO-09149,2026-04-06,19,WH-MYS-01
GR-09150,PO-09150,2026-01-22,1,WH-MYS-01
GR-09151,PO-09151,2026-04-02,29,WH-BLR-01
GR-09152,PO-09152,2026-06-11,48,WH-BLR-01
GR-09153,PO-09153,2026-02-25,42,WH-MYS-01
GR-09154,PO-09154,2026-03-28,41,WH-BLR-01
GR-09155,PO-09155,2026-04-29,23,WH-MYS-01
GR-09156,PO-09156,2026-06-07,25,WH-BLR-01
GR-09157,PO-09157,2026-03-01,24,WH-HYD-01
GR-09158,PO-09158,2026-05-08,48,WH-HYD-01
GR-09159,PO-09159,2026-01-31,19,WH-HYD-01
GR-09160,PO-09160,2026-04-30,5,WH-HYD-01
GR-09161,PO-09161,2026-02-19,28,WH-HYD-01
GR-09162,PO-09162,2026-03-21,46,WH-BLR-01
GR-09163,PO-09163,2026-02-04,17,WH-CHN-01
GR-09164,PO-09164,2026-03-10,31,WH-HYD-01
GR-09165,PO-09165,2026-06-21,37,WH-MYS-01
GR-09166,PO-09166,2026-05-01,40,WH-HYD-01
GR-09167,PO-09167,2026-04-06,35,WH-BLR-01
GR-09168,PO-09168,2026-02-19,14,WH-MYS-01
GR-09169,PO-09169,2026-06-23,4,WH-CHN-01
GR-09170,PO-09170,2026-01-30,24,WH-MYS-01
GR-09171,PO-09171,2026-02-21,14,WH-BLR-01
GR-09172,PO-09172,2026-02-25,38,WH-HYD-01
GR-09173,PO-09173,2026-04-08,8,WH-CHN-01
GR-09174,PO-09174,2026-05-05,40,WH-HYD-01
GR-09175,PO-09175,2026-05-11,1,WH-HYD-01
GR-09176,PO-09176,2026-02-08,13,WH-BLR-01
GR-09177,PO-09177,2026-04-21,22,WH-CHN-01
GR-09178,PO-09178,2026-02-17,24,WH-MYS-01
GR-09179,PO-09179,2026-01-15,45,WH-MYS-01
GR-09180,PO-09180,2026-04-01,2,WH-CHN-01
GR-09181,PO-09181,2026-01-07,41,WH-BLR-01
GR-09182,PO-09182,2026-01-18,20,WH-MYS-01
GR-09183,PO-09183,2026-03-31,12,WH-MYS-01
GR-09184,PO-09184,2026-04-09,27,WH-BLR-01
GR-09185,PO-09185,2026-02-03,29,WH-BLR-01
GR-09186,PO-09186,2026-04-23,37,WH-HYD-01
GR-09187,PO-09187,2026-03-24,46,WH-CHN-01
GR-09188,PO-09188,2026-06-15,26,WH-MYS-01
GR-09189,PO-09189,2026-05-09,37,WH-MYS-01
GR-09190,PO-09190,2026-04-07,26,WH-BLR-01
GR-09191,PO-09191,2026-05-07,20,WH-CHN-01
GR-09192,PO-09192,2026-06-04,43,WH-MYS-01
GR-09193,PO-09193,2026-05-14,27,WH-MYS-01
GR-09194,PO-09194,2026-02-21,28,WH-MYS-01
GR-09195,PO-09195,2026-05-18,31,WH-BLR-01
GR-09196,PO-09196,2026-02-15,31,WH-CHN-01
GR-09197,PO-09197,2026-03-28,34,WH-HYD-01
GR-09198,PO-09198,2026-04-24,48,WH-CHN-01
GR-09199,PO-09199,2026-05-29,47,WH-MYS-01
GR-09200,PO-09200,2026-01-09,41,WH-HYD-01
GR-09201,PO-09201,2026-03-18,49,WH-MYS-01
GR-09202,PO-09202,2026-04-21,11,WH-MYS-01
GR-09203,PO-09203,2026-02-19,37,WH-MYS-01
GR-09204,PO-09204,2026-06-09,9,WH-HYD-01
GR-09205,PO-09205,2026-02-03,27,WH-MYS-01
GR-09206,PO-09206,2026-02-10,36,WH-HYD-01
GR-09207,PO-09207,2026-02-05,23,WH-CHN-01
GR-09208,PO-09208,2026-05-25,7,WH-BLR-01
GR-09209,PO-09209,2026-03-13,22,WH-BLR-01
GR-09210,PO-09210,2026-01-20,21,WH-CHN-01
GR-09211,PO-09211,2026-01-20,24,WH-HYD-01
GR-09212,PO-09212,2026-05-07,6,WH-MYS-01
GR-09213,PO-09213,2026-02-07,22,WH-MYS-01
GR-09214,PO-09214,2026-03-24,9,WH-HYD-01
GR-09215,PO-09215,2026-01-14,38,WH-HYD-01
GR-09216,PO-09216,2026-06-10,6,WH-CHN-01
GR-09217,PO-09217,2026-05-12,29,WH-CHN-01
GR-09218,PO-09218,2026-01-30,5,WH-HYD-01
GR-09219,PO-09219,2026-04-11,41,WH-HYD-01
GR-09220,PO-09220,2026-04-18,19,WH-BLR-01
GR-09221,PO-09221,2026-03-20,9,WH-HYD-01
GR-09222,PO-09222,2026-06-27,34,WH-BLR-01
GR-09223,PO-09223,2026-03-26,2,WH-BLR-01
GR-09224,PO-09224,2026-03-04,33,WH-BLR-01
GR-09225,PO-09225,2026-06-26,16,WH-MYS-01
GR-09226,PO-09226,2026-03-13,40,WH-BLR-01
GR-09227,PO-09227,2026-02-01,32,WH-CHN-01
GR-09228,PO-09228,2026-02-06,13,WH-MYS-01
GR-09229,PO-09229,2026-05-26,10,WH-BLR-01
GR-09230,PO-09230,2026-04-13,31,WH-MYS-01
GR-09231,PO-09231,2026-03-13,17,WH-HYD-01
GR-09232,PO-09232,2026-05-02,11,WH-HYD-01
GR-09233,PO-09233,2026-01-18,35,WH-MYS-01
GR-09234,PO-09234,2026-02-03,19,WH-MYS-01
GR-09235,PO-09235,2026-02-23,6,WH-MYS-01
GR-09236,PO-09236,2026-04-12,30,WH-HYD-01
GR-09237,PO-09237,2026-01-28,30,WH-MYS-01
GR-09238,PO-09238,2026-04-12,28,WH-HYD-01
GR-09239,PO-09239,2026-05-31,39,WH-HYD-01
GR-09240,PO-09240,2026-03-18,23,WH-BLR-01
GR-09241,PO-09241,2026-03-19,47,WH-BLR-01
GR-09242,PO-09242,2026-03-14,2,WH-CHN-01
GR-09243,PO-09243,2026-04-08,7,WH-MYS-01
GR-09244,PO-09244,2026-03-12,4,WH-MYS-01
GR-09245,PO-09245,2026-04-06,41,WH-MYS-01
GR-09246,PO-09246,2026-05-11,30,WH-CHN-01
GR-09247,PO-09247,2026-04-14,23,WH-MYS-01
GR-09248,PO-09248,2026-05-06,21,WH-BLR-01
GR-09249,PO-09249,2026-06-09,28,WH-BLR-01
GR-09250,PO-09250,2026-05-15,9,WH-BLR-01
GR-09251,PO-09251,2026-03-08,43,WH-MYS-01
GR-09252,PO-09252,2026-01-30,8,WH-CHN-01
GR-09253,PO-09253,2026-02-08,41,WH-MYS-01
GR-09254,PO-09254,2026-03-01,6,WH-BLR-01
GR-09255,PO-09255,2026-03-07,49,WH-CHN-01
GR-09256,PO-09256,2026-05-12,45,WH-MYS-01
GR-09257,PO-09257,2026-03-29,20,WH-CHN-01
GR-09258,PO-09258,2026-04-08,41,WH-CHN-01
GR-09259,PO-09259,2026-01-24,18,WH-HYD-01
GR-09260,PO-09260,2026-02-02,12,WH-CHN-01
GR-09261,PO-09261,2026-03-01,35,WH-MYS-01
GR-09262,PO-09262,2026-06-03,21,WH-BLR-01
GR-09263,PO-09263,2026-03-08,50,WH-CHN-01
GR-09264,PO-09264,2026-04-12,6,WH-BLR-01
GR-09265,PO-09265,2026-04-20,41,WH-BLR-01
GR-09266,PO-09266,2026-06-02,20,WH-MYS-01
GR-09267,PO-09267,2026-02-07,11,WH-MYS-01
GR-09268,PO-09268,2026-03-26,4,WH-HYD-01
GR-09269,PO-09269,2026-02-06,22,WH-HYD-01
GR-09270,PO-09270,2026-04-07,23,WH-MYS-01
GR-09271,PO-09271,2026-01-25,14,WH-MYS-01
GR-09272,PO-09272,2026-03-05,40,WH-MYS-01
GR-09273,PO-09273,2026-05-18,35,WH-CHN-01
GR-09274,PO-09274,2026-02-05,22,WH-BLR-01
GR-09275,PO-09275,2026-02-27,20,WH-MYS-01
GR-09276,PO-09276,2026-01-20,9,WH-CHN-01
GR-09277,PO-09277,2026-03-17,27,WH-HYD-01
GR-09278,PO-09278,2026-03-10,41,WH-CHN-01
GR-09279,PO-09279,2026-02-13,7,WH-MYS-01
GR-09280,PO-09280,2026-03-17,2,WH-MYS-01
GR-09281,PO-09281,2026-02-18,25,WH-MYS-01
GR-09282,PO-09282,2026-02-11,6,WH-HYD-01
GR-09283,PO-09283,2026-05-03,50,WH-BLR-01
GR-09284,PO-09284,2026-04-26,48,WH-BLR-01
GR-09285,PO-09285,2026-01-17,5,WH-CHN-01
GR-09286,PO-09286,2026-03-17,44,WH-HYD-01
GR-09287,PO-09287,2026-01-21,22,WH-BLR-01
GR-09288,PO-09288,2026-03-24,50,WH-CHN-01
GR-09289,PO-09289,2026-05-22,48,WH-MYS-01
GR-09290,PO-09290,2026-04-24,32,WH-HYD-01
GR-09291,PO-09291,2026-03-07,22,WH-MYS-01
GR-09292,PO-09292,2026-04-13,3,WH-HYD-01
GR-09293,PO-09293,2026-04-27,19,WH-CHN-01
GR-09294,PO-09294,2026-02-26,10,WH-BLR-01
GR-09295,PO-09295,2026-04-05,17,WH-BLR-01
GR-09296,PO-09296,2026-01-29,49,WH-MYS-01
GR-09297,PO-09297,2026-06-03,15,WH-BLR-01
GR-09298,PO-09298,2026-03-17,37,WH-MYS-01
GR-09299,PO-09299,2026-03-30,19,WH-HYD-01
GR-09300,PO-09300,2026-05-01,23,WH-CHN-01
GR-09301,PO-09301,2026-03-30,23,WH-HYD-01
GR-09302,PO-09302,2026-04-28,19,WH-CHN-01
GR-09303,PO-09303,2026-01-11,46,WH-MYS-01
GR-09304,PO-09304,2026-03-14,29,WH-HYD-01
GR-09305,PO-09305,2026-05-23,10,WH-MYS-01
GR-09306,PO-09306,2026-06-01,27,WH-MYS-01
GR-09307,PO-09307,2026-03-01,20,WH-HYD-01
GR-09308,PO-09308,2026-06-27,45,WH-MYS-01
GR-09309,PO-09309,2026-02-03,1,WH-BLR-01
GR-09310,PO-09310,2026-06-14,10,WH-HYD-01
GR-09311,PO-09311,2026-03-07,22,WH-MYS-01
GR-09312,PO-09312,2026-04-11,43,WH-HYD-01
GR-09313,PO-09313,2026-06-11,42,WH-HYD-01
GR-09314,PO-09314,2026-03-08,9,WH-HYD-01
GR-09315,PO-09315,2026-04-16,30,WH-MYS-01
GR-09316,PO-09316,2026-05-13,7,WH-HYD-01
GR-09317,PO-09317,2026-03-20,43,WH-CHN-01
GR-09318,PO-09318,2026-05-19,36,WH-HYD-01
GR-09319,PO-09319,2026-02-04,37,WH-CHN-01
GR-09320,PO-09320,2026-02-01,42,WH-CHN-01
GR-09321,PO-09321,2026-03-03,18,WH-CHN-01
GR-09322,PO-09322,2026-05-19,12,WH-MYS-01
GR-09323,PO-09323,2026-04-16,18,WH-CHN-01
GR-09324,PO-09324,2026-04-10,9,WH-BLR-01
GR-09325,PO-09325,2026-01-24,18,WH-MYS-01
GR-09326,PO-09326,2026-02-02,48,WH-MYS-01
GR-09327,PO-09327,2026-05-21,6,WH-HYD-01
GR-09328,PO-09328,2026-03-11,16,WH-HYD-01
GR-09329,PO-09329,2026-03-18,49,WH-BLR-01
GR-09330,PO-09330,2026-05-19,38,WH-BLR-01
GR-09331,PO-09331,2026-06-12,28,WH-HYD-01
GR-09332,PO-09332,2026-03-18,36,WH-MYS-01
GR-09333,PO-09333,2026-06-17,7,WH-HYD-01
GR-09334,PO-09334,2026-05-27,32,WH-BLR-01
GR-09335,PO-09335,2026-06-15,44,WH-MYS-01
GR-09336,PO-09336,2026-04-12,25,WH-MYS-01
GR-09337,PO-09337,2026-03-13,25,WH-MYS-01
GR-09338,PO-09338,2026-05-29,10,WH-CHN-01
GR-09339,PO-09339,2026-03-15,12,WH-MYS-01
GR-09340,PO-09340,2026-06-21,34,WH-HYD-01
GR-09341,PO-09341,2026-05-22,42,WH-CHN-01
GR-09342,PO-09342,2026-05-18,29,WH-BLR-01
GR-09343,PO-09343,2026-05-08,6,WH-CHN-01
GR-09344,PO-09344,2026-02-15,30,WH-BLR-01
GR-09345,PO-09345,2026-02-15,11,WH-CHN-01
GR-09346,PO-09346,2026-06-09,7,WH-BLR-01
GR-09347,PO-09347,2026-02-15,19,WH-BLR-01
GR-09348,PO-09348,2026-06-28,40,WH-CHN-01
GR-09349,PO-09349,2026-06-10,46,WH-MYS-01
GR-09350,PO-09350,2026-05-25,50,WH-HYD-01
GR-09351,PO-09351,2026-05-12,2,WH-MYS-01
GR-09352,PO-09352,2026-02-17,50,WH-BLR-01
GR-09353,PO-09353,2026-05-29,10,WH-HYD-01
GR-09354,PO-09354,2026-02-12,5,WH-CHN-01
GR-09355,PO-09355,2026-06-15,18,WH-MYS-01
GR-09356,PO-09356,2026-04-27,34,WH-HYD-01
GR-09357,PO-09357,2026-02-25,12,WH-HYD-01
GR-09358,PO-09358,2026-06-16,34,WH-CHN-01
GR-09359,PO-09359,2026-06-16,32,WH-BLR-01
GR-09360,PO-09360,2026-05-16,1,WH-MYS-01
GR-09361,PO-09361,2026-03-10,30,WH-BLR-01
GR-09362,PO-09362,2026-05-16,12,WH-MYS-01
GR-09363,PO-09363,2026-02-23,35,WH-CHN-01
GR-09364,PO-09364,2026-03-03,31,WH-MYS-01
GR-09365,PO-09365,2026-06-04,34,WH-HYD-01
GR-09366,PO-09366,2026-03-02,44,WH-MYS-01
GR-09367,PO-09367,2026-04-27,39,WH-HYD-01
GR-09368,PO-09368,2026-05-14,7,WH-HYD-01
GR-09369,PO-09369,2026-05-16,25,WH-HYD-01
GR-09370,PO-09370,2026-03-04,45,WH-CHN-01
GR-09371,PO-09371,2026-03-29,38,WH-MYS-01
GR-09372,PO-09372,2026-01-20,32,WH-HYD-01
GR-09373,PO-09373,2026-02-21,40,WH-MYS-01
GR-09374,PO-09374,2026-02-12,33,WH-HYD-01
GR-09375,PO-09375,2026-05-21,13,WH-HYD-01
GR-09376,PO-09376,2026-02-03,25,WH-HYD-01
GR-09377,PO-09377,2026-06-06,41,WH-CHN-01
GR-09378,PO-09378,2026-03-30,14,WH-BLR-01
GR-09379,PO-09379,2026-03-14,47,WH-MYS-01
GR-09380,PO-09380,2026-05-03,32,WH-MYS-01
GR-09381,PO-09381,2026-01-24,12,WH-MYS-01
GR-09382,PO-09382,2026-03-23,45,WH-HYD-01
GR-09383,PO-09383,2026-02-20,38,WH-BLR-01
GR-09384,PO-09384,2026-05-09,41,WH-BLR-01
GR-09385,PO-09385,2026-05-15,40,WH-HYD-01
GR-09386,PO-09386,2026-01-17,50,WH-BLR-01
GR-09387,PO-09387,2026-01-15,3,WH-CHN-01
GR-09388,PO-09388,2026-01-25,27,WH-HYD-01
GR-09389,PO-09389,2026-02-04,31,WH-CHN-01
GR-09390,PO-09390,2026-02-19,41,WH-BLR-01
GR-09391,PO-09391,2026-06-01,42,WH-HYD-01
GR-09392,PO-09392,2026-05-24,3,WH-HYD-01
GR-09393,PO-09393,2026-03-16,6,WH-HYD-01
GR-09394,PO-09394,2026-03-11,45,WH-MYS-01
GR-09395,PO-09395,2026-05-30,29,WH-MYS-01
GR-09396,PO-09396,2026-04-16,33,WH-BLR-01
GR-09397,PO-09397,2026-05-12,34,WH-CHN-01
GR-09398,PO-09398,2026-03-20,19,WH-BLR-01
GR-09399,PO-09399,2026-02-22,6,WH-BLR-01
GR-09400,PO-09400,2026-03-23,28,WH-BLR-01
GR-09401,PO-09401,2026-03-11,5,WH-CHN-01
GR-09402,PO-09402,2026-02-15,15,WH-CHN-01
GR-09403,PO-09403,2026-05-13,32,WH-MYS-01
GR-09404,PO-09404,2026-05-14,22,WH-HYD-01
GR-09405,PO-09405,2026-06-05,12,WH-HYD-01
GR-09406,PO-09406,2026-03-09,18,WH-MYS-01
GR-09407,PO-09407,2026-03-26,13,WH-BLR-01
GR-09408,PO-09408,2026-06-20,31,WH-HYD-01
GR-09409,PO-09409,2026-04-03,8,WH-BLR-01
GR-09410,PO-09410,2026-01-26,23,WH-CHN-01
GR-09411,PO-09411,2026-02-19,44,WH-MYS-01
GR-09412,PO-09412,2026-05-16,37,WH-BLR-01
GR-09413,PO-09413,2026-03-25,4,WH-CHN-01
GR-09414,PO-09414,2026-04-20,6,WH-MYS-01
GR-09415,PO-09415,2026-01-28,27,WH-HYD-01
GR-09416,PO-09416,2026-03-30,5,WH-BLR-01
GR-09417,PO-09417,2026-03-08,3,WH-CHN-01
GR-09418,PO-09418,2026-03-21,38,WH-HYD-01
GR-09419,PO-09419,2026-03-03,15,WH-HYD-01
GR-09420,PO-09420,2026-05-19,29,WH-MYS-01
GR-09421,PO-09421,2026-04-21,48,WH-HYD-01
GR-09422,PO-09422,2026-02-16,31,WH-HYD-01
GR-09423,PO-09423,2026-05-01,6,WH-MYS-01
GR-09424,PO-09424,2026-03-26,8,WH-MYS-01
GR-09425,PO-09425,2026-04-25,38,WH-MYS-01
GR-09426,PO-09426,2026-01-13,5,WH-CHN-01
GR-09427,PO-09427,2026-01-22,47,WH-MYS-01
GR-09428,PO-09428,2026-06-12,1,WH-BLR-01
GR-09429,PO-09429,2026-05-25,3,WH-BLR-01
GR-09430,PO-09430,2026-01-22,16,WH-HYD-01
GR-09431,PO-09431,2026-01-23,41,WH-HYD-01
GR-09432,PO-09432,2026-04-20,18,WH-CHN-01
GR-09433,PO-09433,2026-04-29,48,WH-BLR-01
GR-09434,PO-09434,2026-03-07,39,WH-CHN-01
GR-09435,PO-09435,2026-04-26,5,WH-CHN-01
GR-09436,PO-09436,2026-03-29,42,WH-HYD-01
GR-09437,PO-09437,2026-06-02,1,WH-HYD-01
GR-09438,PO-09438,2026-02-02,9,WH-BLR-01
GR-09439,PO-09439,2026-02-12,29,WH-CHN-01
GR-09440,PO-09440,2026-05-30,9,WH-HYD-01
GR-09441,PO-09441,2026-05-08,25,WH-HYD-01
GR-09442,PO-09442,2026-01-28,31,WH-CHN-01
GR-09443,PO-09443,2026-03-05,19,WH-BLR-01
GR-09444,PO-09444,2026-03-11,28,WH-BLR-01
GR-09445,PO-09445,2026-02-19,7,WH-CHN-01
GR-09446,PO-09446,2026-03-08,17,WH-HYD-01
GR-09447,PO-09447,2026-05-07,35,WH-CHN-01
GR-09448,PO-09448,2026-03-08,40,WH-BLR-01
GR-09449,PO-09449,2026-04-21,42,WH-CHN-01
GR-09450,PO-09450,2026-04-27,43,WH-CHN-01
GR-09451,PO-09451,2026-03-30,47,WH-BLR-01
GR-09452,PO-09452,2026-01-20,19,WH-CHN-01
GR-09453,PO-09453,2026-05-08,50,WH-HYD-01
GR-09454,PO-09454,2026-02-05,31,WH-BLR-01
GR-09455,PO-09455,2026-03-03,9,WH-MYS-01
GR-09456,PO-09456,2026-04-11,50,WH-HYD-01
GR-09457,PO-09457,2026-04-09,28,WH-HYD-01
GR-09458,PO-09458,2026-05-29,23,WH-CHN-01
GR-09459,PO-09459,2026-01-20,40,WH-BLR-01
GR-09460,PO-09460,2026-01-24,4,WH-HYD-01
GR-09461,PO-09461,2026-02-18,45,WH-BLR-01
GR-09462,PO-09462,2026-05-22,29,WH-CHN-01
GR-09463,PO-09463,2026-02-23,26,WH-HYD-01
GR-09464,PO-09464,2026-05-08,41,WH-MYS-01
GR-09465,PO-09465,2026-02-06,25,WH-HYD-01
GR-09466,PO-09466,2026-03-14,44,WH-HYD-01
GR-09467,PO-09467,2026-02-09,49,WH-MYS-01
GR-09468,PO-09468,2026-06-02,22,WH-CHN-01
GR-09469,PO-09469,2026-06-08,17,WH-HYD-01
GR-09470,PO-09470,2026-05-02,31,WH-CHN-01
GR-09471,PO-09471,2026-05-06,11,WH-HYD-01
GR-09472,PO-09472,2026-05-27,31,WH-BLR-01
GR-09473,PO-09473,2026-02-07,15,WH-MYS-01
GR-09474,PO-09474,2026-04-20,23,WH-BLR-01
GR-09475,PO-09475,2026-04-23,7,WH-BLR-01
GR-09476,PO-09476,2026-05-28,9,WH-MYS-01
GR-09477,PO-09477,2026-05-26,41,WH-BLR-01
GR-09478,PO-09478,2026-04-15,22,WH-MYS-01
GR-09479,PO-09479,2026-05-15,30,WH-HYD-01
GR-09480,PO-09480,2026-05-03,31,WH-MYS-01
GR-09481,PO-09481,2026-03-19,21,WH-HYD-01
GR-09482,PO-09482,2026-03-16,31,WH-BLR-01
GR-09483,PO-09483,2026-02-15,30,WH-BLR-01
GR-09484,PO-09484,2026-04-23,14,WH-MYS-01
GR-09485,PO-09485,2026-05-30,4,WH-BLR-01
GR-09486,PO-09486,2026-04-20,40,WH-MYS-01
GR-09487,PO-09487,2026-02-16,49,WH-CHN-01
GR-09488,PO-09488,2026-04-27,24,WH-CHN-01
GR-09489,PO-09489,2026-03-19,32,WH-BLR-01
GR-09490,PO-09490,2026-01-25,16,WH-CHN-01
GR-09491,PO-09491,2026-01-09,26,WH-MYS-01
GR-09492,PO-09492,2026-04-19,38,WH-HYD-01
GR-09493,PO-09493,2026-04-26,25,WH-BLR-01
GR-09494,PO-09494,2026-04-15,46,WH-CHN-01
GR-09495,PO-09495,2026-02-24,26,WH-MYS-01
GR-09496,PO-09496,2026-02-19,50,WH-MYS-01
GR-09497,PO-09497,2026-02-14,9,WH-BLR-01
GR-09498,PO-09498,2026-04-12,30,WH-MYS-01
GR-09499,PO-09499,2026-02-13,13,WH-BLR-01
GR-09500,PO-09500,2026-05-15,35,WH-BLR-01
GR-09501,PO-09501,2026-03-31,4,WH-BLR-01
GR-09502,PO-09502,2026-03-14,41,WH-BLR-01
GR-09503,PO-09503,2026-04-24,47,WH-HYD-01
GR-09504,PO-09504,2026-05-20,18,WH-CHN-01
GR-09505,PO-09505,2026-06-14,38,WH-MYS-01
GR-09506,PO-09506,2026-06-11,4,WH-CHN-01
GR-09507,PO-09507,2026-03-13,35,WH-BLR-01
GR-09508,PO-09508,2026-06-02,50,WH-MYS-01
GR-09509,PO-09509,2026-05-23,47,WH-BLR-01
GR-09510,PO-09510,2026-04-08,10,WH-MYS-01
GR-09511,PO-09511,2026-04-29,11,WH-BLR-01
GR-09512,PO-09512,2026-04-18,13,WH-BLR-01
GR-09513,PO-09513,2026-03-19,28,WH-BLR-01
GR-09514,PO-09514,2026-02-15,24,WH-CHN-01
GR-09515,PO-09515,2026-02-17,20,WH-CHN-01
GR-09516,PO-09516,2026-04-14,36,WH-HYD-01
GR-09517,PO-09517,2026-03-15,45,WH-CHN-01
GR-09518,PO-09518,2026-03-22,47,WH-BLR-01
GR-09519,PO-09519,2026-06-12,40,WH-BLR-01
GR-09520,PO-09520,2026-06-14,14,WH-BLR-01
GR-09521,PO-09521,2026-04-19,17,WH-HYD-01
GR-09522,PO-09522,2026-06-17,29,WH-CHN-01
GR-09523,PO-09523,2026-03-02,1,WH-MYS-01
GR-09524,PO-09524,2026-05-20,45,WH-BLR-01
GR-09525,PO-09525,2026-03-02,36,WH-BLR-01
GR-09526,PO-09526,2026-04-11,32,WH-MYS-01
GR-09527,PO-09527,2026-03-30,46,WH-CHN-01
GR-09528,PO-09528,2026-05-20,23,WH-MYS-01
GR-09529,PO-09529,2026-02-20,18,WH-BLR-01
GR-09530,PO-09530,2026-05-03,12,WH-HYD-01
GR-09531,PO-09531,2026-02-25,44,WH-HYD-01
GR-09532,PO-09532,2026-05-02,22,WH-HYD-01
GR-09533,PO-09533,2026-04-11,11,WH-BLR-01
GR-09534,PO-09534,2026-04-09,8,WH-HYD-01
GR-09535,PO-09535,2026-03-09,10,WH-MYS-01
GR-09536,PO-09536,2026-02-01,5,WH-CHN-01
GR-09537,PO-09537,2026-01-21,21,WH-BLR-01
GR-09538,PO-09538,2026-05-18,9,WH-HYD-01
GR-09539,PO-09539,2026-01-31,37,WH-BLR-01
GR-09540,PO-09540,2026-04-18,27,WH-MYS-01
GR-09541,PO-09541,2026-05-21,7,WH-BLR-01
GR-09542,PO-09542,2026-05-13,7,WH-MYS-01
GR-09543,PO-09543,2026-02-21,18,WH-BLR-01
GR-09544,PO-09544,2026-03-21,42,WH-HYD-01
GR-09545,PO-09545,2026-04-14,49,WH-CHN-01
GR-09546,PO-09546,2026-02-28,39,WH-CHN-01
GR-09547,PO-09547,2026-06-19,17,WH-CHN-01
GR-09548,PO-09548,2026-04-30,42,WH-CHN-01
GR-09549,PO-09549,2026-04-11,17,WH-MYS-01
GR-09550,PO-09550,2026-04-22,17,WH-BLR-01
GR-09551,PO-09551,2026-05-13,29,WH-CHN-01
GR-09552,PO-09552,2026-02-22,42,WH-CHN-01
GR-09553,PO-09553,2026-04-25,36,WH-MYS-01
GR-09554,PO-09554,2026-03-20,35,WH-HYD-01
GR-09555,PO-09555,2026-04-03,35,WH-CHN-01
GR-09556,PO-09556,2026-05-12,6,WH-HYD-01
GR-09557,PO-09557,2026-04-21,25,WH-BLR-01
GR-09558,PO-09558,2026-05-22,39,WH-HYD-01
GR-09559,PO-09559,2026-03-14,5,WH-CHN-01
GR-09560,PO-09560,2026-06-19,40,WH-CHN-01
GR-09561,PO-09561,2026-02-23,44,WH-CHN-01
GR-09562,PO-09562,2026-02-09,49,WH-HYD-01
GR-09563,PO-09563,2026-04-21,20,WH-BLR-01
GR-09564,PO-09564,2026-04-09,25,WH-CHN-01
GR-09565,PO-09565,2026-06-11,25,WH-CHN-01
GR-09566,PO-09566,2026-02-20,29,WH-CHN-01
GR-09567,PO-09567,2026-03-22,26,WH-MYS-01
GR-09568,PO-09568,2026-05-28,22,WH-CHN-01
GR-09569,PO-09569,2026-04-03,36,WH-MYS-01
GR-09570,PO-09570,2026-04-24,35,WH-BLR-01
GR-09571,PO-09571,2026-05-10,50,WH-BLR-01
GR-09572,PO-09572,2026-02-18,1,WH-MYS-01
GR-09573,PO-09573,2026-05-20,9,WH-CHN-01
GR-09574,PO-09574,2026-02-19,9,WH-CHN-01
GR-09575,PO-09575,2026-04-03,34,WH-MYS-01
GR-09576,PO-09576,2026-02-22,18,WH-HYD-01
GR-09577,PO-09577,2026-05-31,48,WH-MYS-01
GR-09578,PO-09578,2026-02-27,10,WH-MYS-01
GR-09579,PO-09579,2026-02-18,47,WH-BLR-01
GR-09580,PO-09580,2026-06-12,16,WH-MYS-01
GR-09581,PO-09581,2026-03-13,17,WH-MYS-01
GR-09582,PO-09582,2026-03-15,33,WH-HYD-01
GR-09583,PO-09583,2026-04-19,15,WH-BLR-01
GR-09584,PO-09584,2026-03-15,11,WH-BLR-01
GR-09585,PO-09585,2026-05-08,5,WH-HYD-01
GR-09586,PO-09586,2026-05-22,24,WH-MYS-01
GR-09587,PO-09587,2026-05-22,43,WH-CHN-01
GR-09588,PO-09588,2026-05-17,37,WH-HYD-01
GR-09589,PO-09589,2026-01-25,25,WH-BLR-01
GR-09590,PO-09590,2026-01-19,32,WH-MYS-01
GR-09591,PO-09591,2026-01-18,50,WH-HYD-01
GR-09592,PO-09592,2026-06-12,44,WH-CHN-01
GR-09593,PO-09593,2026-02-28,13,WH-HYD-01
GR-09594,PO-09594,2026-06-14,37,WH-HYD-01
GR-09595,PO-09595,2026-05-14,14,WH-MYS-01
GR-09596,PO-09596,2026-02-12,43,WH-MYS-01
GR-09597,PO-09597,2026-02-07,8,WH-CHN-01
GR-09598,PO-09598,2026-03-07,16,WH-CHN-01
GR-09599,PO-09599,2026-03-06,36,WH-HYD-01
GR-09600,PO-09600,2026-04-30,34,WH-HYD-01
GR-09601,PO-09601,2026-03-02,50,WH-HYD-01
GR-09602,PO-09602,2026-04-06,33,WH-MYS-01
GR-09603,PO-09603,2026-02-12,43,WH-MYS-01
GR-09604,PO-09604,2026-06-26,44,WH-CHN-01
GR-09605,PO-09605,2026-02-04,35,WH-MYS-01
GR-09606,PO-09606,2026-05-06,26,WH-CHN-01
GR-09607,PO-09607,2026-05-10,20,WH-HYD-01
GR-09608,PO-09608,2026-05-21,50,WH-HYD-01
GR-09609,PO-09609,2026-06-23,26,WH-BLR-01
GR-09610,PO-09610,2026-06-13,8,WH-HYD-01
GR-09611,PO-09611,2026-04-27,47,WH-MYS-01
GR-09612,PO-09612,2026-06-09,26,WH-CHN-01
GR-09613,PO-09613,2026-02-18,31,WH-BLR-01
GR-09614,PO-09614,2026-04-24,11,WH-CHN-01
GR-09615,PO-09615,2026-04-17,9,WH-CHN-01
GR-09616,PO-09616,2026-06-04,45,WH-MYS-01
GR-09617,PO-09617,2026-01-25,9,WH-CHN-01
GR-09618,PO-09618,2026-05-24,38,WH-BLR-01
GR-09619,PO-09619,2026-03-24,39,WH-CHN-01
GR-09620,PO-09620,2026-02-28,38,WH-HYD-01
GR-09621,PO-09621,2026-02-25,32,WH-MYS-01
GR-09622,PO-09622,2026-05-23,44,WH-BLR-01
GR-09623,PO-09623,2026-06-04,41,WH-HYD-01
GR-09624,PO-09624,2026-01-27,50,WH-BLR-01
GR-09625,PO-09625,2026-02-18,41,WH-MYS-01
GR-09626,PO-09626,2026-05-13,3,WH-MYS-01
GR-09627,PO-09627,2026-01-25,37,WH-CHN-01
GR-09628,PO-09628,2026-05-07,42,WH-CHN-01
GR-09629,PO-09629,2026-05-26,34,WH-BLR-01
GR-09630,PO-09630,2026-03-25,35,WH-BLR-01
GR-09631,PO-09631,2026-05-11,50,WH-BLR-01
GR-09632,PO-09632,2026-02-02,10,WH-MYS-01
GR-09633,PO-09633,2026-05-10,19,WH-BLR-01
GR-09634,PO-09634,2026-03-11,35,WH-CHN-01
GR-09635,PO-09635,2026-04-23,36,WH-MYS-01
GR-09636,PO-09636,2026-05-30,42,WH-CHN-01
GR-09637,PO-09637,2026-05-18,39,WH-CHN-01
GR-09638,PO-09638,2026-01-24,14,WH-HYD-01
GR-09639,PO-09639,2026-05-11,18,WH-BLR-01
GR-09640,PO-09640,2026-02-24,6,WH-BLR-01
GR-09641,PO-09641,2026-05-03,37,WH-CHN-01
GR-09642,PO-09642,2026-04-23,26,WH-BLR-01
GR-09643,PO-09643,2026-05-13,34,WH-HYD-01
GR-09644,PO-09644,2026-04-24,20,WH-HYD-01
GR-09645,PO-09645,2026-05-23,39,WH-MYS-01
GR-09646,PO-09646,2026-01-23,29,WH-CHN-01
GR-09647,PO-09647,2026-03-04,21,WH-HYD-01
GR-09648,PO-09648,2026-01-11,45,WH-CHN-01
GR-09649,PO-09649,2026-04-03,29,WH-BLR-01
GR-09650,PO-09650,2026-06-07,25,WH-CHN-01
GR-09651,PO-09651,2026-01-27,8,WH-MYS-01
GR-09652,PO-09652,2026-02-04,2,WH-MYS-01
GR-09653,PO-09653,2026-05-24,40,WH-MYS-01
GR-09654,PO-09654,2026-05-18,47,WH-BLR-01
GR-09655,PO-09655,2026-01-28,29,WH-BLR-01
GR-09656,PO-09656,2026-06-19,30,WH-BLR-01
GR-09657,PO-09657,2026-05-10,40,WH-CHN-01
GR-09658,PO-09658,2026-02-26,6,WH-MYS-01
GR-09659,PO-09659,2026-04-16,31,WH-HYD-01
GR-09660,PO-09660,2026-03-30,18,WH-BLR-01
GR-09661,PO-09661,2026-02-01,19,WH-MYS-01
GR-09662,PO-09662,2026-02-20,3,WH-MYS-01
GR-09663,PO-09663,2026-03-21,14,WH-MYS-01
GR-09664,PO-09664,2026-04-05,20,WH-BLR-01
GR-09665,PO-09665,2026-03-13,26,WH-HYD-01
GR-09666,PO-09666,2026-05-10,4,WH-BLR-01
GR-09667,PO-09667,2026-03-06,50,WH-CHN-01
GR-09668,PO-09668,2026-05-08,3,WH-MYS-01
GR-09669,PO-09669,2026-03-29,36,WH-HYD-01
GR-09670,PO-09670,2026-03-05,1,WH-BLR-01
GR-09671,PO-09671,2026-03-05,9,WH-HYD-01
GR-09672,PO-09672,2026-01-20,4,WH-HYD-01
GR-09673,PO-09673,2026-02-08,48,WH-HYD-01
GR-09674,PO-09674,2026-04-20,31,WH-MYS-01
GR-09675,PO-09675,2026-02-10,18,WH-BLR-01
GR-09676,PO-09676,2026-03-06,29,WH-CHN-01
GR-09677,PO-09677,2026-02-20,14,WH-BLR-01
GR-09678,PO-09678,2026-01-26,20,WH-MYS-01
GR-09679,PO-09679,2026-03-28,45,WH-HYD-01
GR-09680,PO-09680,2026-05-02,10,WH-CHN-01
GR-09681,PO-09681,2026-02-16,32,WH-HYD-01
GR-09682,PO-09682,2026-04-03,40,WH-MYS-01
GR-09683,PO-09683,2026-02-26,39,WH-HYD-01
GR-09684,PO-09684,2026-03-12,7,WH-MYS-01
GR-09685,PO-09685,2026-01-25,37,WH-MYS-01
GR-09686,PO-09686,2026-01-17,40,WH-HYD-01
GR-09687,PO-09687,2026-04-26,45,WH-MYS-01
GR-09688,PO-09688,2026-03-06,40,WH-MYS-01
GR-09689,PO-09689,2026-05-17,48,WH-CHN-01
GR-09690,PO-09690,2026-04-30,1,WH-MYS-01
GR-09691,PO-09691,2026-03-05,13,WH-CHN-01
GR-09692,PO-09692,2026-05-18,31,WH-MYS-01
GR-09693,PO-09693,2026-01-16,46,WH-HYD-01
GR-09694,PO-09694,2026-03-11,41,WH-CHN-01
GR-09695,PO-09695,2026-06-09,44,WH-CHN-01
GR-09696,PO-09696,2026-02-07,43,WH-HYD-01
GR-09697,PO-09697,2026-05-01,14,WH-HYD-01
GR-09698,PO-09698,2026-02-18,42,WH-CHN-01
GR-09699,PO-09699,2026-03-30,10,WH-CHN-01
GR-09700,PO-09700,2026-04-11,30,WH-CHN-01
GR-09701,PO-09701,2026-01-19,16,WH-HYD-01
GR-09702,PO-09702,2026-03-06,19,WH-BLR-01
GR-09703,PO-09703,2026-05-01,2,WH-HYD-01
GR-09704,PO-09704,2026-04-24,36,WH-CHN-01
GR-09705,PO-09705,2026-03-02,27,WH-CHN-01
GR-09706,PO-09706,2026-02-16,44,WH-HYD-01
GR-09707,PO-09707,2026-06-03,45,WH-HYD-01
GR-09708,PO-09708,2026-06-06,4,WH-MYS-01
GR-09709,PO-09709,2026-04-28,10,WH-BLR-01
GR-09710,PO-09710,2026-04-26,38,WH-MYS-01
GR-09711,PO-09711,2026-05-02,8,WH-CHN-01
GR-09712,PO-09712,2026-02-12,25,WH-MYS-01
GR-09713,PO-09713,2026-03-13,23,WH-BLR-01
GR-09714,PO-09714,2026-02-02,39,WH-HYD-01
GR-09715,PO-09715,2026-04-24,26,WH-MYS-01
GR-09716,PO-09716,2026-02-19,49,WH-MYS-01
GR-09717,PO-09717,2026-02-19,2,WH-CHN-01
GR-09718,PO-09718,2026-05-07,12,WH-CHN-01
GR-09719,PO-09719,2026-04-12,46,WH-CHN-01
GR-09720,PO-09720,2026-03-21,24,WH-CHN-01
GR-09721,PO-09721,2026-02-11,31,WH-BLR-01
GR-09722,PO-09722,2026-06-04,16,WH-CHN-01
GR-09723,PO-09723,2026-03-16,24,WH-CHN-01
GR-09724,PO-09724,2026-05-24,42,WH-MYS-01
GR-09725,PO-09725,2026-05-02,6,WH-MYS-01
GR-09726,PO-09726,2026-06-05,37,WH-HYD-01
GR-09727,PO-09727,2026-04-19,12,WH-HYD-01
GR-09728,PO-09728,2026-02-16,13,WH-BLR-01
GR-09729,PO-09729,2026-03-22,45,WH-HYD-01
GR-09730,PO-09730,2026-04-04,50,WH-MYS-01
GR-09731,PO-09731,2026-04-19,28,WH-MYS-01
GR-09732,PO-09732,2026-02-04,30,WH-HYD-01
GR-09733,PO-09733,2026-04-12,35,WH-MYS-01
GR-09734,PO-09734,2026-05-27,33,WH-CHN-01
GR-09735,PO-09735,2026-05-24,13,WH-MYS-01
GR-09736,PO-09736,2026-04-28,40,WH-MYS-01
GR-09737,PO-09737,2026-03-26,40,WH-CHN-01
GR-09738,PO-09738,2026-06-22,37,WH-BLR-01
GR-09739,PO-09739,2026-05-24,35,WH-CHN-01
GR-09740,PO-09740,2026-01-20,34,WH-BLR-01
GR-09741,PO-09741,2026-06-17,29,WH-HYD-01
GR-09742,PO-09742,2026-03-10,38,WH-CHN-01
GR-09743,PO-09743,2026-02-26,41,WH-CHN-01
GR-09744,PO-09744,2026-01-31,8,WH-HYD-01
GR-09745,PO-09745,2026-04-18,4,WH-CHN-01
GR-09746,PO-09746,2026-01-17,22,WH-CHN-01
GR-09747,PO-09747,2026-04-19,26,WH-CHN-01
GR-09748,PO-09748,2026-02-02,16,WH-MYS-01
GR-09749,PO-09749,2026-02-11,28,WH-CHN-01
GR-09750,PO-09750,2026-02-11,34,WH-MYS-01
GR-09751,PO-09751,2026-06-12,2,WH-BLR-01
GR-09752,PO-09752,2026-01-13,10,WH-BLR-01
GR-09753,PO-09753,2026-04-29,3,WH-CHN-01
GR-09754,PO-09754,2026-05-03,23,WH-BLR-01
GR-09755,PO-09755,2026-04-12,25,WH-BLR-01
GR-09756,PO-09756,2026-04-17,15,WH-CHN-01
GR-09757,PO-09757,2026-03-19,44,WH-HYD-01
GR-09758,PO-09758,2026-02-14,40,WH-MYS-01
GR-09759,PO-09759,2026-04-06,32,WH-CHN-01
GR-09760,PO-09760,2026-03-22,4,WH-CHN-01
GR-09761,PO-09761,2026-05-21,32,WH-MYS-01
GR-09762,PO-09762,2026-06-04,17,WH-HYD-01
GR-09763,PO-09763,2026-04-10,32,WH-HYD-01
GR-09764,PO-09764,2026-05-17,34,WH-CHN-01
GR-09765,PO-09765,2026-03-14,26,WH-BLR-01
GR-09766,PO-09766,2026-02-15,11,WH-CHN-01
GR-09767,PO-09767,2026-06-10,34,WH-MYS-01
GR-09768,PO-09768,2026-05-28,18,WH-CHN-01
GR-09769,PO-09769,2026-02-01,25,WH-MYS-01
GR-09770,PO-09770,2026-02-21,48,WH-HYD-01
GR-09771,PO-09771,2026-03-20,17,WH-BLR-01
GR-09772,PO-09772,2026-04-17,13,WH-CHN-01
GR-09773,PO-09773,2026-02-26,15,WH-CHN-01
GR-09774,PO-09774,2026-05-15,20,WH-MYS-01
GR-09775,PO-09775,2026-02-07,32,WH-BLR-01
GR-09776,PO-09776,2026-01-27,37,WH-CHN-01
GR-09777,PO-09777,2026-04-16,28,WH-BLR-01
GR-09778,PO-09778,2026-05-13,39,WH-BLR-01
GR-09779,PO-09779,2026-01-16,23,WH-MYS-01
GR-09780,PO-09780,2026-06-11,5,WH-BLR-01
GR-09781,PO-09781,2026-01-21,7,WH-HYD-01
GR-09782,PO-09782,2026-06-13,47,WH-BLR-01
GR-09783,PO-09783,2026-05-08,30,WH-MYS-01
GR-09784,PO-09784,2026-03-08,9,WH-CHN-01
GR-09785,PO-09785,2026-04-21,48,WH-CHN-01
GR-09786,PO-09786,2026-03-07,9,WH-BLR-01
GR-09787,PO-09787,2026-03-28,9,WH-BLR-01
GR-09788,PO-09788,2026-05-28,19,WH-HYD-01
GR-09789,PO-09789,2026-04-16,10,WH-HYD-01
GR-09790,PO-09790,2026-02-02,43,WH-MYS-01
GR-09791,PO-09791,2026-05-16,1,WH-HYD-01
GR-09792,PO-09792,2026-02-21,30,WH-BLR-01
GR-09793,PO-09793,2026-02-12,24,WH-HYD-01
GR-09794,PO-09794,2026-04-07,5,WH-BLR-01
GR-09795,PO-09795,2026-03-15,10,WH-HYD-01
GR-09796,PO-09796,2026-04-30,23,WH-CHN-01
GR-09797,PO-09797,2026-01-08,22,WH-HYD-01
GR-09798,PO-09798,2026-06-11,47,WH-HYD-01
GR-09799,PO-09799,2026-04-11,27,WH-CHN-01
GR-09800,PO-09800,2026-02-07,17,WH-MYS-01
GR-09801,PO-09801,2026-05-26,40,WH-MYS-01
GR-09802,PO-09802,2026-05-20,46,WH-BLR-01
GR-09803,PO-09803,2026-02-20,37,WH-BLR-01
GR-09804,PO-09804,2026-04-24,35,WH-BLR-01
GR-09805,PO-09805,2026-01-23,4,WH-HYD-01
GR-09806,PO-09806,2026-05-12,3,WH-BLR-01
GR-09807,PO-09807,2026-03-16,33,WH-HYD-01
GR-09808,PO-09808,2026-03-14,23,WH-CHN-01
GR-09809,PO-09809,2026-06-12,22,WH-MYS-01
GR-09810,PO-09810,2026-03-21,30,WH-HYD-01
GR-09811,PO-09811,2026-02-26,33,WH-HYD-01
GR-09812,PO-09812,2026-04-25,15,WH-MYS-01
GR-09813,PO-09813,2026-03-03,37,WH-BLR-01
GR-09814,PO-09814,2026-02-05,31,WH-HYD-01
GR-09815,PO-09815,2026-01-29,9,WH-CHN-01
GR-09816,PO-09816,2026-03-08,23,WH-HYD-01
GR-09817,PO-09817,2026-02-15,11,WH-MYS-01
GR-09818,PO-09818,2026-03-07,30,WH-CHN-01
GR-09819,PO-09819,2026-01-13,19,WH-CHN-01
GR-09820,PO-09820,2026-04-14,49,WH-BLR-01
GR-09821,PO-09821,2026-03-12,21,WH-BLR-01
GR-09822,PO-09822,2026-05-20,22,WH-MYS-01
GR-09823,PO-09823,2026-04-03,42,WH-CHN-01
GR-09824,PO-09824,2026-02-22,26,WH-HYD-01
GR-09825,PO-09825,2026-05-17,40,WH-MYS-01
GR-09826,PO-09826,2026-05-09,13,WH-BLR-01
GR-09827,PO-09827,2026-06-05,33,WH-BLR-01
GR-09828,PO-09828,2026-05-05,23,WH-CHN-01
GR-09829,PO-09829,2026-04-13,12,WH-MYS-01
GR-09830,PO-09830,2026-03-12,11,WH-MYS-01
GR-09831,PO-09831,2026-02-20,19,WH-BLR-01
GR-09832,PO-09832,2026-03-31,10,WH-MYS-01
GR-09833,PO-09833,2026-03-05,37,WH-BLR-01
GR-09834,PO-09834,2026-02-14,39,WH-MYS-01
GR-09835,PO-09835,2026-04-15,24,WH-CHN-01
GR-09836,PO-09836,2026-02-26,31,WH-CHN-01
GR-09837,PO-09837,2026-05-15,42,WH-BLR-01
GR-09838,PO-09838,2026-04-12,19,WH-BLR-01
GR-09839,PO-09839,2026-05-11,36,WH-HYD-01
GR-09840,PO-09840,2026-02-13,18,WH-BLR-01
GR-09841,PO-09841,2026-05-12,16,WH-MYS-01
GR-09842,PO-09842,2026-04-03,46,WH-BLR-01
GR-09843,PO-09843,2026-06-02,15,WH-BLR-01
GR-09844,PO-09844,2026-01-15,35,WH-BLR-01
GR-09845,PO-09845,2026-04-30,33,WH-CHN-01
GR-09846,PO-09846,2026-02-28,1,WH-HYD-01
GR-09847,PO-09847,2026-04-20,7,WH-BLR-01
GR-09848,PO-09848,2026-03-31,13,WH-HYD-01
GR-09849,PO-09849,2026-02-20,46,WH-HYD-01
GR-09850,PO-09850,2026-02-22,44,WH-MYS-01
GR-09851,PO-09851,2026-05-06,37,WH-MYS-01
GR-09852,PO-09852,2026-03-28,40,WH-HYD-01
GR-09853,PO-09853,2026-02-03,15,WH-HYD-01
GR-09854,PO-09854,2026-03-06,15,WH-BLR-01
GR-09855,PO-09855,2026-01-12,13,WH-MYS-01
GR-09856,PO-09856,2026-03-19,27,WH-HYD-01
GR-09857,PO-09857,2026-05-14,48,WH-CHN-01
GR-09858,PO-09858,2026-05-13,43,WH-CHN-01
GR-09859,PO-09859,2026-03-11,28,WH-BLR-01
GR-09860,PO-09860,2026-03-13,27,WH-HYD-01
GR-09861,PO-09861,2026-01-14,22,WH-CHN-01
GR-09862,PO-09862,2026-05-23,17,WH-BLR-01
GR-09863,PO-09863,2026-02-22,29,WH-BLR-01
GR-09864,PO-09864,2026-01-30,10,WH-BLR-01
GR-09865,PO-09865,2026-05-09,14,WH-CHN-01
GR-09866,PO-09866,2026-04-28,47,WH-HYD-01
GR-09867,PO-09867,2026-03-11,25,WH-CHN-01
GR-09868,PO-09868,2026-04-15,17,WH-BLR-01
GR-09869,PO-09869,2026-05-27,27,WH-HYD-01
GR-09870,PO-09870,2026-03-30,10,WH-CHN-01
GR-09871,PO-09871,2026-02-15,5,WH-BLR-01
GR-09872,PO-09872,2026-03-20,38,WH-HYD-01
GR-09873,PO-09873,2026-04-11,9,WH-BLR-01
GR-09874,PO-09874,2026-04-01,2,WH-HYD-01
GR-09875,PO-09875,2026-04-30,50,WH-CHN-01
GR-09876,PO-09876,2026-01-22,16,WH-BLR-01
GR-09877,PO-09877,2026-03-15,5,WH-HYD-01
GR-09878,PO-09878,2026-02-26,40,WH-MYS-01
GR-09879,PO-09879,2026-02-19,27,WH-MYS-01
GR-09880,PO-09880,2026-03-01,22,WH-BLR-01
GR-09881,PO-09881,2026-05-02,31,WH-CHN-01
GR-09882,PO-09882,2026-02-16,45,WH-CHN-01
GR-09883,PO-09883,2026-03-18,2,WH-CHN-01
GR-09884,PO-09884,2026-03-29,41,WH-MYS-01
GR-09885,PO-09885,2026-05-16,2,WH-CHN-01
GR-09886,PO-09886,2026-03-03,37,WH-BLR-01
GR-09887,PO-09887,2026-03-10,43,WH-BLR-01
GR-09888,PO-09888,2026-02-10,28,WH-CHN-01
GR-09889,PO-09889,2026-06-12,31,WH-MYS-01
GR-09890,PO-09890,2026-02-16,46,WH-MYS-01
GR-09891,PO-09891,2026-05-30,18,WH-BLR-01
GR-09892,PO-09892,2026-05-21,14,WH-CHN-01
GR-09893,PO-09893,2026-05-19,27,WH-HYD-01
GR-09894,PO-09894,2026-01-29,4,WH-HYD-01
GR-09895,PO-09895,2026-04-04,27,WH-CHN-01
GR-09896,PO-09896,2026-03-23,24,WH-BLR-01
GR-09897,PO-09897,2026-03-05,3,WH-CHN-01
GR-09898,PO-09898,2026-03-07,7,WH-CHN-01
GR-09899,PO-09899,2026-05-26,23,WH-BLR-01
GR-09900,PO-09900,2026-05-31,20,WH-HYD-01
GR-09901,PO-09901,2026-04-23,36,WH-CHN-01
GR-09902,PO-09902,2026-05-23,7,WH-HYD-01
GR-09903,PO-09903,2026-02-20,41,WH-BLR-01
GR-09904,PO-09904,2026-01-18,7,WH-MYS-01
GR-09905,PO-09905,2026-04-06,4,WH-HYD-01
GR-09906,PO-09906,2026-01-21,2,WH-CHN-01
GR-09907,PO-09907,2026-02-24,18,WH-CHN-01
GR-09908,PO-09908,2026-03-02,11,WH-MYS-01
GR-09909,PO-09909,2026-01-17,19,WH-MYS-01
GR-09910,PO-09910,2026-05-10,27,WH-CHN-01
GR-09911,PO-09911,2026-03-31,23,WH-HYD-01
GR-09912,PO-09912,2026-03-14,4,WH-CHN-01
GR-09913,PO-09913,2026-04-03,5,WH-CHN-01
GR-09914,PO-09914,2026-04-17,29,WH-HYD-01
GR-09915,PO-09915,2026-04-22,38,WH-BLR-01
GR-09916,PO-09916,2026-04-05,7,WH-HYD-01
GR-09917,PO-09917,2026-02-25,3,WH-MYS-01
GR-09918,PO-09918,2026-03-06,19,WH-HYD-01
GR-09919,PO-09919,2026-03-15,48,WH-HYD-01
GR-09920,PO-09920,2026-05-17,8,WH-MYS-01
GR-09921,PO-09921,2026-05-11,30,WH-CHN-01
GR-09922,PO-09922,2026-03-26,15,WH-MYS-01
GR-09923,PO-09923,2026-05-02,8,WH-HYD-01
GR-09924,PO-09924,2026-04-19,4,WH-BLR-01
GR-09925,PO-09925,2026-02-07,5,WH-HYD-01
GR-09926,PO-09926,2026-03-23,49,WH-BLR-01
GR-09927,PO-09927,2026-02-27,5,WH-BLR-01
GR-09928,PO-09928,2026-06-11,13,WH-BLR-01
GR-09929,PO-09929,2026-02-02,17,WH-HYD-01
GR-09930,PO-09930,2026-03-12,34,WH-CHN-01
GR-09931,PO-09931,2026-03-25,44,WH-BLR-01
GR-09932,PO-09932,2026-03-29,38,WH-BLR-01
GR-09933,PO-09933,2026-04-22,2,WH-MYS-01
GR-09934,PO-09934,2026-04-23,21,WH-CHN-01
GR-09935,PO-09935,2026-04-25,48,WH-HYD-01
GR-09936,PO-09936,2026-03-18,21,WH-HYD-01
GR-09937,PO-09937,2026-02-16,11,WH-HYD-01
GR-09938,PO-09938,2026-03-20,31,WH-CHN-01
GR-09939,PO-09939,2026-06-14,7,WH-BLR-01
GR-09940,PO-09940,2026-05-14,19,WH-CHN-01
GR-09941,PO-09941,2026-04-24,38,WH-CHN-01
GR-09942,PO-09942,2026-03-27,19,WH-MYS-01
GR-09943,PO-09943,2026-05-30,36,WH-CHN-01
GR-09944,PO-09944,2026-04-16,22,WH-HYD-01
GR-09945,PO-09945,2026-03-13,9,WH-HYD-01
GR-09946,PO-09946,2026-04-15,5,WH-BLR-01
GR-09947,PO-09947,2026-05-07,41,WH-CHN-01
GR-09948,PO-09948,2026-02-11,36,WH-BLR-01
GR-09949,PO-09949,2026-04-09,12,WH-MYS-01
GR-09950,PO-09950,2026-06-01,20,WH-BLR-01
GR-09951,PO-09951,2026-05-08,45,WH-CHN-01
GR-09952,PO-09952,2026-02-03,8,WH-MYS-01
GR-09953,PO-09953,2026-04-24,20,WH-MYS-01
GR-09954,PO-09954,2026-01-16,35,WH-CHN-01
GR-09955,PO-09955,2026-04-22,36,WH-MYS-01
GR-09956,PO-09956,2026-01-30,27,WH-MYS-01
GR-09957,PO-09957,2026-06-19,42,WH-HYD-01
GR-09958,PO-09958,2026-03-06,25,WH-BLR-01
GR-09959,PO-09959,2026-03-26,25,WH-BLR-01
GR-09960,PO-09960,2026-02-05,15,WH-BLR-01
GR-09961,PO-09961,2026-05-08,37,WH-BLR-01
GR-09962,PO-09962,2026-01-20,25,WH-CHN-01
GR-09963,PO-09963,2026-06-07,28,WH-BLR-01
GR-09964,PO-09964,2026-04-30,47,WH-CHN-01
GR-09965,PO-09965,2026-04-15,22,WH-MYS-01
GR-09966,PO-09966,2026-03-07,32,WH-MYS-01
GR-09967,PO-09967,2026-02-24,46,WH-MYS-01
GR-09968,PO-09968,2026-05-27,15,WH-BLR-01
GR-09969,PO-09969,2026-04-04,19,WH-CHN-01
GR-09970,PO-09970,2026-06-01,22,WH-BLR-01
GR-09971,PO-09971,2026-05-28,4,WH-MYS-01
GR-09972,PO-09972,2026-05-16,44,WH-HYD-01
GR-09973,PO-09973,2026-05-15,9,WH-BLR-01
GR-09974,PO-09974,2026-03-29,47,WH-MYS-01
GR-09975,PO-09975,2026-06-02,45,WH-HYD-01
GR-09976,PO-09976,2026-06-05,47,WH-MYS-01
GR-09977,PO-09977,2026-03-28,4,WH-BLR-01
GR-09978,PO-09978,2026-06-03,16,WH-BLR-01
GR-09979,PO-09979,2026-01-26,30,WH-HYD-01
GR-09980,PO-09980,2026-01-31,3,WH-BLR-01
GR-09981,PO-09981,2026-06-06,40,WH-BLR-01
GR-09982,PO-09982,2026-02-20,32,WH-MYS-01
GR-09983,PO-09983,2026-01-14,20,WH-BLR-01
GR-09984,PO-09984,2026-02-04,36,WH-BLR-01
GR-09985,PO-09985,2026-04-13,23,WH-HYD-01
GR-09986,PO-09986,2026-04-24,21,WH-HYD-01
GR-09987,PO-09987,2026-03-06,49,WH-MYS-01
GR-09988,PO-09988,2026-05-28,12,WH-CHN-01
GR-09989,PO-09989,2026-03-18,19,WH-CHN-01
GR-09990,PO-09990,2026-02-16,50,WH-MYS-01
GR-09991,PO-09991,2026-05-14,20,WH-MYS-01
GR-09992,PO-09992,2026-03-31,15,WH-BLR-01
GR-09993,PO-09993,2026-03-12,47,WH-HYD-01
GR-09994,PO-09994,2026-04-26,8,WH-CHN-01
GR-09995,PO-09995,2026-04-09,50,WH-HYD-01
GR-09996,PO-09996,2026-04-10,47,WH-BLR-01
GR-09997,PO-09997,2026-01-27,29,WH-BLR-01
GR-09998,PO-09998,2026-03-15,20,WH-HYD-01
GR-09999,PO-09999,2026-03-05,3,WH-BLR-01
GR-10000,PO-10000,2026-04-24,27,WH-HYD-01
