invoice_id,po_id,invoice_date,invoice_amount,invoice_status
INV-00001,PO-00001,2026-04-08,301781.34,Verified
INV-00002,PO-00002,2026-03-14,333765.17,Mismatch
INV-00003,PO-00003,2026-02-07,121085.0,Verified
INV-00004,PO-00004,2026-04-08,57235.86,Verified
INV-00005,PO-00005,2026-02-19,192603.21,Verified
INV-00006,PO-00006,2026-03-19,293722.56,Verified
INV-00007,PO-00007,2026-02-21,89826.56,Verified
INV-00008,PO-00008,2026-03-19,251836.52,Mismatch
INV-00009,PO-00009,2026-06-08,155374.1,Verified
INV-00010,PO-00010,2026-03-27,330437.88,Verified
INV-00011,PO-00011,2026-05-06,230185.16,Mismatch
INV-00012,PO-00012,2026-05-27,631991.21,Verified
INV-00013,PO-00013,2026-05-10,185764.86,Verified
INV-00014,PO-00014,2026-02-18,60247.1,Verified
INV-00015,PO-00015,2026-04-02,392988.48,Verified
INV-00016,PO-00016,2026-05-10,42989.46,Verified
INV-00017,PO-00017,2026-03-30,208783.12,Verified
INV-00018,PO-00018,2026-02-25,437887.4,Verified
INV-00019,PO-00019,2026-04-02,384941.64,Mismatch
INV-00020,PO-00020,2026-04-24,135531.79,Mismatch
INV-00021,PO-00021,2026-05-29,80973.88,Mismatch
INV-00022,PO-00022,2026-05-14,169630.48,Verified
INV-00023,PO-00023,2026-02-17,34879.9,Verified
INV-00024,PO-00024,2026-06-17,63829.6,Verified
INV-00025,PO-00025,2026-06-06,99324.09,Verified
INV-00026,PO-00026,2026-03-18,184127.97,Verified
INV-00027,PO-00027,2026-01-28,8927.92,Verified
INV-00028,PO-00028,2026-06-09,342680.45,Verified
INV-00029,PO-00029,2026-05-28,17584.65,Verified
INV-00030,PO-00030,2026-04-02,451283.0,Verified
INV-00031,PO-00031,2026-04-21,405269.37,Verified
INV-00032,PO-00032,2026-02-05,447600.27,Verified
INV-00033,PO-00033,2026-02-07,351083.2,Verified
INV-00034,PO-00034,2026-06-17,318604.3,Verified
INV-00035,PO-00035,2026-03-20,379717.24,Verified
INV-00036,PO-00036,2026-05-08,38765.48,Verified
INV-00037,PO-00037,2026-05-19,250805.28,Verified
INV-00038,PO-00038,2026-03-04,126223.68,Verified
INV-00039,PO-00039,2026-04-03,1648.33,Verified
INV-00040,PO-00040,2026-04-09,200544.59,Verified
INV-00041,PO-00041,2026-05-11,147916.31,Mismatch
INV-00042,PO-00042,2026-03-22,17828.1,Verified
INV-00043,PO-00043,2026-04-08,58789.88,Verified
INV-00044,PO-00044,2026-03-23,552977.25,Verified
INV-00045,PO-00045,2026-02-28,63418.0,Verified
INV-00046,PO-00046,2026-06-20,84107.52,Verified
INV-00047,PO-00047,2026-02-18,34879.9,Verified
INV-00048,PO-00048,2026-04-07,1980.9,Verified
INV-00049,PO-00049,2026-04-26,78118.91,Verified
INV-00050,PO-00050,2026-04-20,232592.88,Verified
INV-00051,PO-00051,2026-05-19,106664.4,Verified
INV-00052,PO-00052,2026-03-27,33745.29,Verified
INV-00053,PO-00053,2026-02-22,84231.9,Verified
INV-00054,PO-00054,2026-06-12,196501.76,Verified
INV-00055,PO-00055,2026-02-05,209371.2,Verified
INV-00056,PO-00056,2026-04-21,170114.1,Verified
INV-00057,PO-00057,2026-02-17,21941.03,Mismatch
INV-00058,PO-00058,2026-03-25,69170.08,Verified
INV-00059,PO-00059,2026-04-21,25818.48,Verified
INV-00060,PO-00060,2026-02-04,114638.56,Verified
INV-00061,PO-00061,2026-02-22,211862.5,Verified
INV-00062,PO-00062,2026-05-20,266186.07,Verified
INV-00063,PO-00063,2026-05-28,430817.85,Verified
INV-00064,PO-00064,2026-02-04,505477.44,Verified
INV-00065,PO-00065,2026-04-09,195270.25,Verified
INV-00066,PO-00066,2026-05-31,108490.64,Verified
INV-00067,PO-00067,2026-05-10,50271.0,Verified
INV-00068,PO-00068,2026-04-03,109349.6,Verified
INV-00069,PO-00069,2026-01-22,435951.84,Verified
INV-00070,PO-00070,2026-06-21,343084.1,Verified
INV-00071,PO-00071,2026-05-02,131102.76,Verified
INV-00072,PO-00072,2026-03-04,313895.88,Verified
INV-00073,PO-00073,2026-06-24,186941.2,Verified
INV-00074,PO-00074,2026-03-30,135094.96,Verified
INV-00075,PO-00075,2026-02-13,227905.47,Verified
INV-00076,PO-00076,2026-05-25,54347.92,Verified
INV-00077,PO-00077,2026-06-09,684234.53,Verified
INV-00078,PO-00078,2026-04-04,185971.41,Verified
INV-00079,PO-00079,2026-04-20,169192.72,Verified
INV-00080,PO-00080,2026-01-28,189858.62,Verified
INV-00081,PO-00081,2026-02-18,96435.2,Verified
INV-00082,PO-00082,2026-02-25,27154.93,Mismatch
INV-00083,PO-00083,2026-02-17,23606.15,Verified
INV-00084,PO-00084,2026-06-07,12462.5,Verified
INV-00085,PO-00085,2026-05-18,30936.0,Verified
INV-00086,PO-00086,2026-05-25,209515.02,Verified
INV-00087,PO-00087,2026-02-08,319578.0,Verified
INV-00088,PO-00088,2026-03-17,333346.65,Verified
INV-00089,PO-00089,2026-03-02,2264.9,Verified
INV-00090,PO-00090,2026-04-12,130006.9,Verified
INV-00091,PO-00091,2026-01-25,92002.21,Verified
INV-00092,PO-00092,2026-04-10,142503.0,Verified
INV-00093,PO-00093,2026-05-17,236442.03,Verified
INV-00094,PO-00094,2026-05-10,187002.48,Verified
INV-00095,PO-00095,2026-05-17,136802.88,Verified
INV-00096,PO-00096,2026-05-04,265830.88,Verified
INV-00097,PO-00097,2026-04-14,29788.08,Verified
INV-00098,PO-00098,2026-04-09,91904.6,Verified
INV-00099,PO-00099,2026-02-27,381457.86,Verified
INV-00100,PO-00100,2026-05-22,3898.72,Mismatch
INV-00101,PO-00101,2026-04-11,73487.35,Verified
INV-00102,PO-00102,2026-05-15,476170.5,Verified
INV-00103,PO-00103,2026-03-11,1867.8,Verified
INV-00104,PO-00104,2026-05-11,229002.97,Verified
INV-00105,PO-00105,2026-03-22,90380.4,Verified
INV-00106,PO-00106,2026-05-23,153603.67,Verified
INV-00107,PO-00107,2026-03-19,46490.43,Verified
INV-00108,PO-00108,2026-04-12,141254.0,Verified
INV-00109,PO-00109,2026-03-07,362363.3,Verified
INV-00110,PO-00110,2026-04-25,21095.2,Verified
INV-00111,PO-00111,2026-02-22,92882.43,Verified
INV-00112,PO-00112,2026-05-14,23076.62,Verified
INV-00113,PO-00113,2026-02-13,124972.96,Verified
INV-00114,PO-00114,2026-02-14,356627.02,Verified
INV-00115,PO-00115,2026-02-19,139509.28,Verified
INV-00116,PO-00116,2026-02-17,360853.68,Verified
INV-00117,PO-00117,2026-04-27,107460.06,Verified
INV-00118,PO-00118,2026-02-15,90726.72,Verified
INV-00119,PO-00119,2026-03-03,56710.68,Verified
INV-00120,PO-00120,2026-05-17,145861.4,Verified
INV-00121,PO-00121,2026-01-24,291891.81,Verified
INV-00122,PO-00122,2026-06-10,165266.18,Verified
INV-00123,PO-00123,2026-04-11,382134.22,Verified
INV-00124,PO-00124,2026-04-11,13470.12,Verified
INV-00125,PO-00125,2026-05-07,29947.99,Verified
INV-00126,PO-00126,2026-04-17,298249.28,Verified
INV-00127,PO-00127,2026-04-18,4754.4,Verified
INV-00128,PO-00128,2026-02-11,105995.56,Verified
INV-00129,PO-00129,2026-03-06,192476.28,Mismatch
INV-00130,PO-00130,2026-04-09,17431.92,Verified
INV-00131,PO-00131,2026-04-29,208757.28,Verified
INV-00132,PO-00132,2026-03-25,220445.12,Verified
INV-00133,PO-00133,2026-04-14,309952.35,Verified
INV-00134,PO-00134,2026-03-26,109235.76,Verified
INV-00135,PO-00135,2026-02-04,28500.6,Verified
INV-00136,PO-00136,2026-04-04,36134.85,Verified
INV-00137,PO-00137,2026-02-26,117382.13,Verified
INV-00138,PO-00138,2026-02-15,165248.91,Verified
INV-00139,PO-00139,2026-06-20,303134.1,Verified
INV-00140,PO-00140,2026-03-03,99448.8,Verified
INV-00141,PO-00141,2026-02-24,283567.2,Verified
INV-00142,PO-00142,2026-04-10,162634.29,Verified
INV-00143,PO-00143,2026-02-27,287737.89,Verified
INV-00144,PO-00144,2026-03-15,60988.21,Verified
INV-00145,PO-00145,2026-02-18,720633.0,Verified
INV-00146,PO-00146,2026-05-19,189442.55,Verified
INV-00147,PO-00147,2026-03-28,109209.65,Verified
INV-00148,PO-00148,2026-03-04,150463.11,Verified
INV-00149,PO-00149,2026-04-25,254627.73,Verified
INV-00150,PO-00150,2026-04-11,53346.87,Verified
INV-00151,PO-00151,2026-04-02,119324.79,Verified
INV-00152,PO-00152,2026-06-01,38902.08,Verified
INV-00153,PO-00153,2026-03-09,53346.87,Verified
INV-00154,PO-00154,2026-04-10,116190.9,Verified
INV-00155,PO-00155,2026-04-28,160287.84,Verified
INV-00156,PO-00156,2026-02-09,183809.2,Verified
INV-00157,PO-00157,2026-03-01,209263.92,Verified
INV-00158,PO-00158,2026-05-28,47975.49,Verified
INV-00159,PO-00159,2026-06-07,50588.79,Verified
INV-00160,PO-00160,2026-03-02,182809.44,Verified
INV-00161,PO-00161,2026-06-03,63111.84,Verified
INV-00162,PO-00162,2026-06-18,422431.31,Mismatch
INV-00163,PO-00163,2026-01-30,292868.75,Verified
INV-00164,PO-00164,2026-03-01,100082.64,Verified
INV-00165,PO-00165,2026-04-11,364586.4,Verified
INV-00166,PO-00166,2026-02-11,60340.98,Verified
INV-00167,PO-00167,2026-05-25,269744.86,Verified
INV-00168,PO-00168,2026-05-28,110111.4,Verified
INV-00169,PO-00169,2026-04-14,283396.68,Verified
INV-00170,PO-00170,2026-04-20,2030.6,Verified
INV-00171,PO-00171,2026-03-30,391357.32,Verified
INV-00172,PO-00172,2026-03-15,102602.16,Verified
INV-00173,PO-00173,2026-03-14,1584.72,Verified
INV-00174,PO-00174,2026-05-15,264353.49,Verified
INV-00175,PO-00175,2026-05-22,116109.95,Verified
INV-00176,PO-00176,2026-06-19,154921.2,Verified
INV-00177,PO-00177,2026-01-23,37089.91,Mismatch
INV-00178,PO-00178,2026-05-03,12677.76,Verified
INV-00179,PO-00179,2026-05-25,106605.07,Verified
INV-00180,PO-00180,2026-03-17,540359.16,Verified
INV-00181,PO-00181,2026-04-22,443771.61,Verified
INV-00182,PO-00182,2026-05-26,85289.76,Verified
INV-00183,PO-00183,2026-04-27,124792.92,Verified
INV-00184,PO-00184,2026-01-24,157410.5,Verified
INV-00185,PO-00185,2026-02-18,187650.45,Verified
INV-00186,PO-00186,2026-03-12,196857.19,Mismatch
INV-00187,PO-00187,2026-03-31,192603.21,Verified
INV-00188,PO-00188,2026-02-02,128299.08,Verified
INV-00189,PO-00189,2026-03-05,201777.24,Verified
INV-00190,PO-00190,2026-02-12,82609.47,Verified
INV-00191,PO-00191,2026-06-09,491286.3,Verified
INV-00192,PO-00192,2026-01-21,97216.13,Mismatch
INV-00193,PO-00193,2026-06-01,10242.99,Verified
INV-00194,PO-00194,2026-05-14,49857.12,Verified
INV-00195,PO-00195,2026-04-13,58353.12,Verified
INV-00196,PO-00196,2026-01-21,245163.37,Mismatch
INV-00197,PO-00197,2026-03-31,146229.59,Verified
INV-00198,PO-00198,2026-01-16,116333.28,Verified
INV-00199,PO-00199,2026-05-16,217675.9,Verified
INV-00200,PO-00200,2026-01-24,236487.72,Verified
INV-00201,PO-00201,2026-03-20,191995.92,Verified
INV-00202,PO-00202,2026-06-16,24828.84,Verified
INV-00203,PO-00203,2026-05-01,97908.7,Verified
INV-00204,PO-00204,2026-06-04,329585.86,Verified
INV-00205,PO-00205,2026-01-29,109126.17,Verified
INV-00206,PO-00206,2026-03-10,453633.6,Verified
INV-00207,PO-00207,2026-02-28,11036.01,Verified
INV-00208,PO-00208,2026-06-10,259523.86,Mismatch
INV-00209,PO-00209,2026-03-16,408704.85,Verified
INV-00210,PO-00210,2026-04-30,20690.7,Verified
INV-00211,PO-00211,2026-04-07,62495.44,Verified
INV-00212,PO-00212,2026-04-23,239896.16,Verified
INV-00213,PO-00213,2026-02-02,52204.5,Verified
INV-00214,PO-00214,2026-04-03,500385.96,Verified
INV-00215,PO-00215,2026-03-27,29780.63,Verified
INV-00216,PO-00216,2026-03-03,123354.96,Verified
INV-00217,PO-00217,2026-05-03,12510.33,Verified
INV-00218,PO-00218,2026-04-24,153162.32,Verified
INV-00219,PO-00219,2026-01-14,335551.44,Verified
INV-00220,PO-00220,2026-01-11,94410.75,Verified
INV-00221,PO-00221,2026-03-10,9863.62,Verified
INV-00222,PO-00222,2026-06-02,268921.75,Mismatch
INV-00223,PO-00223,2026-01-28,418104.75,Verified
INV-00224,PO-00224,2026-03-07,151532.26,Verified
INV-00225,PO-00225,2026-05-28,284543.73,Verified
INV-00226,PO-00226,2026-04-06,79082.85,Verified
INV-00227,PO-00227,2026-06-18,316251.95,Verified
INV-00228,PO-00228,2026-06-26,664119.0,Verified
INV-00229,PO-00229,2026-01-28,6622.2,Verified
INV-00230,PO-00230,2026-04-09,43030.8,Verified
INV-00231,PO-00231,2026-05-12,34484.5,Verified
INV-00232,PO-00232,2026-02-09,233704.92,Verified
INV-00233,PO-00233,2026-04-13,263387.57,Verified
INV-00234,PO-00234,2026-02-13,163928.56,Mismatch
INV-00235,PO-00235,2026-02-05,544594.83,Verified
INV-00236,PO-00236,2026-04-28,336750.77,Verified
INV-00237,PO-00237,2026-06-07,25860.42,Verified
INV-00238,PO-00238,2026-05-15,133399.44,Verified
INV-00239,PO-00239,2026-04-26,354210.87,Verified
INV-00240,PO-00240,2026-02-08,517229.6,Verified
INV-00241,PO-00241,2026-05-27,125096.49,Verified
INV-00242,PO-00242,2026-05-16,622710.72,Verified
INV-00243,PO-00243,2026-06-13,136802.88,Verified
INV-00244,PO-00244,2026-06-05,337674.96,Verified
INV-00245,PO-00245,2026-02-12,96868.0,Verified
INV-00246,PO-00246,2026-05-12,368272.06,Verified
INV-00247,PO-00247,2026-07-01,3202.1,Verified
INV-00248,PO-00248,2026-03-22,19451.04,Verified
INV-00249,PO-00249,2026-04-06,147157.5,Verified
INV-00250,PO-00250,2026-05-15,545630.85,Verified
INV-00251,PO-00251,2026-02-02,72658.64,Verified
INV-00252,PO-00252,2026-04-10,51098.23,Verified
INV-00253,PO-00253,2026-05-17,43111.62,Verified
INV-00254,PO-00254,2026-01-30,114638.56,Verified
INV-00255,PO-00255,2026-04-13,53087.21,Verified
INV-00256,PO-00256,2026-05-05,390237.4,Verified
INV-00257,PO-00257,2026-03-15,73332.6,Verified
INV-00258,PO-00258,2026-05-14,602596.27,Verified
INV-00259,PO-00259,2026-05-01,160103.2,Verified
INV-00260,PO-00260,2026-01-27,49169.2,Verified
INV-00261,PO-00261,2026-03-01,322615.21,Verified
INV-00262,PO-00262,2026-05-23,111016.08,Verified
INV-00263,PO-00263,2026-03-03,58870.88,Verified
INV-00264,PO-00264,2026-05-16,146930.52,Verified
INV-00265,PO-00265,2026-06-04,543806.39,Verified
INV-00266,PO-00266,2026-04-19,142011.1,Verified
INV-00267,PO-00267,2026-06-09,18968.5,Verified
INV-00268,PO-00268,2026-05-26,94465.56,Verified
INV-00269,PO-00269,2026-04-19,47801.57,Verified
INV-00270,PO-00270,2026-03-27,189035.6,Verified
INV-00271,PO-00271,2026-02-17,211113.09,Verified
INV-00272,PO-00272,2026-04-14,124273.05,Verified
INV-00273,PO-00273,2026-03-07,250140.15,Verified
INV-00274,PO-00274,2026-03-03,52565.5,Verified
INV-00275,PO-00275,2026-05-07,122751.98,Verified
INV-00276,PO-00276,2026-05-05,324184.0,Verified
INV-00277,PO-00277,2026-05-12,82443.4,Verified
INV-00278,PO-00278,2026-03-18,236503.85,Mismatch
INV-00279,PO-00279,2026-04-09,251164.5,Verified
INV-00280,PO-00280,2026-05-07,44466.48,Verified
INV-00281,PO-00281,2026-02-26,65609.76,Verified
INV-00282,PO-00282,2026-02-07,373760.28,Mismatch
INV-00283,PO-00283,2026-01-22,94817.7,Verified
INV-00284,PO-00284,2026-01-15,373928.4,Verified
INV-00285,PO-00285,2026-03-19,58400.4,Mismatch
INV-00286,PO-00286,2026-03-03,32418.4,Verified
INV-00287,PO-00287,2026-02-26,428540.16,Verified
INV-00288,PO-00288,2026-05-09,120494.2,Verified
INV-00289,PO-00289,2026-05-01,83384.1,Verified
INV-00290,PO-00290,2026-01-23,54394.89,Verified
INV-00291,PO-00291,2026-04-05,209303.75,Verified
INV-00292,PO-00292,2026-02-14,151356.25,Verified
INV-00293,PO-00293,2026-04-19,19382.74,Verified
INV-00294,PO-00294,2026-03-18,241731.75,Mismatch
INV-00295,PO-00295,2026-04-27,403587.07,Mismatch
INV-00296,PO-00296,2026-01-29,12619.93,Mismatch
INV-00297,PO-00297,2026-04-11,75539.68,Verified
INV-00298,PO-00298,2026-02-08,443771.61,Verified
INV-00299,PO-00299,2026-02-08,267908.8,Verified
INV-00300,PO-00300,2026-03-07,103785.12,Verified
INV-00301,PO-00301,2026-04-14,255484.46,Verified
INV-00302,PO-00302,2026-05-28,205670.79,Verified
INV-00303,PO-00303,2026-03-30,136544.7,Verified
INV-00304,PO-00304,2026-02-16,285719.88,Mismatch
INV-00305,PO-00305,2026-02-08,49874.08,Mismatch
INV-00306,PO-00306,2026-04-07,274175.0,Verified
INV-00307,PO-00307,2026-03-24,266010.64,Verified
INV-00308,PO-00308,2026-04-02,54663.7,Verified
INV-00309,PO-00309,2026-04-05,298898.38,Verified
INV-00310,PO-00310,2026-03-05,336679.96,Mismatch
INV-00311,PO-00311,2026-04-30,61675.6,Verified
INV-00312,PO-00312,2026-05-04,2377.08,Verified
INV-00313,PO-00313,2026-06-01,242879.28,Verified
INV-00314,PO-00314,2026-04-20,122115.75,Mismatch
INV-00315,PO-00315,2026-03-28,148021.44,Verified
INV-00316,PO-00316,2026-03-31,98877.8,Verified
INV-00317,PO-00317,2026-05-17,143318.75,Verified
INV-00318,PO-00318,2026-05-21,69769.48,Verified
INV-00319,PO-00319,2026-01-28,106252.0,Verified
INV-00320,PO-00320,2026-06-06,361331.1,Verified
INV-00321,PO-00321,2026-02-06,6111.05,Verified
INV-00322,PO-00322,2026-02-24,233268.42,Verified
INV-00323,PO-00323,2026-02-20,88822.44,Verified
INV-00324,PO-00324,2026-03-06,80454.64,Verified
INV-00325,PO-00325,2026-05-21,35979.59,Verified
INV-00326,PO-00326,2026-03-21,286596.4,Verified
INV-00327,PO-00327,2026-05-21,109998.9,Verified
INV-00328,PO-00328,2026-03-06,28825.32,Verified
INV-00329,PO-00329,2026-05-20,235794.72,Verified
INV-00330,PO-00330,2026-02-05,31914.8,Verified
INV-00331,PO-00331,2026-06-05,102264.96,Verified
INV-00332,PO-00332,2026-06-05,258006.75,Verified
INV-00333,PO-00333,2026-03-07,185749.84,Verified
INV-00334,PO-00334,2026-04-16,461205.12,Verified
INV-00335,PO-00335,2026-05-15,136544.7,Verified
INV-00336,PO-00336,2026-01-09,620773.68,Verified
INV-00337,PO-00337,2026-02-13,427367.5,Verified
INV-00338,PO-00338,2026-01-30,261714.0,Verified
INV-00339,PO-00339,2026-05-03,382237.92,Verified
INV-00340,PO-00340,2026-03-18,124625.0,Verified
INV-00341,PO-00341,2026-02-22,559859.35,Mismatch
INV-00342,PO-00342,2026-03-18,218555.01,Verified
INV-00343,PO-00343,2026-02-27,62701.32,Verified
INV-00344,PO-00344,2026-04-07,285420.6,Verified
INV-00345,PO-00345,2026-02-06,460170.89,Verified
INV-00346,PO-00346,2026-05-13,22196.3,Verified
INV-00347,PO-00347,2026-03-06,12281.36,Verified
INV-00348,PO-00348,2026-02-10,41547.6,Verified
INV-00349,PO-00349,2026-05-02,103002.76,Verified
INV-00350,PO-00350,2026-04-27,48956.05,Verified
INV-00351,PO-00351,2026-04-05,233883.66,Verified
INV-00352,PO-00352,2026-03-18,237690.57,Verified
INV-00353,PO-00353,2026-03-01,196085.13,Verified
INV-00354,PO-00354,2026-02-23,1327.7,Verified
INV-00355,PO-00355,2026-03-10,5256.72,Verified
INV-00356,PO-00356,2026-03-26,446046.02,Verified
INV-00357,PO-00357,2026-02-17,196126.42,Verified
INV-00358,PO-00358,2026-05-08,14458.49,Verified
INV-00359,PO-00359,2026-04-12,210921.48,Verified
INV-00360,PO-00360,2026-02-08,14185.89,Verified
INV-00361,PO-00361,2026-05-20,33462.05,Mismatch
INV-00362,PO-00362,2026-02-04,28371.78,Verified
INV-00363,PO-00363,2026-06-08,63915.6,Verified
INV-00364,PO-00364,2026-02-22,211113.09,Verified
INV-00365,PO-00365,2026-05-08,26379.29,Mismatch
INV-00366,PO-00366,2026-03-11,26094.66,Verified
INV-00367,PO-00367,2026-03-29,217121.52,Verified
INV-00368,PO-00368,2026-04-28,20113.66,Verified
INV-00369,PO-00369,2026-02-16,577201.83,Verified
INV-00370,PO-00370,2026-03-16,56071.68,Verified
INV-00371,PO-00371,2026-01-30,371198.19,Verified
INV-00372,PO-00372,2026-02-28,44092.41,Verified
INV-00373,PO-00373,2026-03-03,400361.59,Mismatch
INV-00374,PO-00374,2026-01-27,4552.44,Verified
INV-00375,PO-00375,2026-06-13,183008.47,Mismatch
INV-00376,PO-00376,2026-03-29,143436.0,Verified
INV-00377,PO-00377,2026-03-18,246946.28,Mismatch
INV-00378,PO-00378,2026-05-25,110222.56,Verified
INV-00379,PO-00379,2026-04-02,219785.35,Verified
INV-00380,PO-00380,2026-06-01,227298.39,Verified
INV-00381,PO-00381,2026-06-10,593783.52,Verified
INV-00382,PO-00382,2026-04-06,15933.54,Verified
INV-00383,PO-00383,2026-02-26,95879.94,Verified
INV-00384,PO-00384,2026-02-24,161897.97,Verified
INV-00385,PO-00385,2026-05-10,37293.36,Verified
INV-00386,PO-00386,2026-06-18,98814.4,Verified
INV-00387,PO-00387,2026-04-20,135048.86,Verified
INV-00388,PO-00388,2026-04-15,538959.36,Verified
INV-00389,PO-00389,2026-04-22,1358.4,Verified
INV-00390,PO-00390,2026-05-24,308799.22,Verified
INV-00391,PO-00391,2026-02-17,261579.9,Verified
INV-00392,PO-00392,2026-02-14,569791.35,Verified
INV-00393,PO-00393,2026-04-16,206040.1,Verified
INV-00394,PO-00394,2026-05-01,199467.5,Verified
INV-00395,PO-00395,2026-05-07,11117.34,Verified
INV-00396,PO-00396,2026-03-18,323213.75,Verified
INV-00397,PO-00397,2026-03-04,463850.52,Verified
INV-00398,PO-00398,2026-05-02,77234.29,Verified
INV-00399,PO-00399,2026-01-17,77471.51,Verified
INV-00400,PO-00400,2026-02-20,78810.5,Verified
INV-00401,PO-00401,2026-02-02,165540.15,Verified
INV-00402,PO-00402,2026-04-25,129609.6,Verified
INV-00403,PO-00403,2026-04-11,490445.2,Verified
INV-00404,PO-00404,2026-05-20,89703.37,Verified
INV-00405,PO-00405,2026-05-26,95429.88,Verified
INV-00406,PO-00406,2026-04-17,212665.05,Verified
INV-00407,PO-00407,2026-03-13,531709.98,Verified
INV-00408,PO-00408,2026-02-20,62537.39,Verified
INV-00409,PO-00409,2026-04-22,19451.04,Verified
INV-00410,PO-00410,2026-04-06,116190.9,Verified
INV-00411,PO-00411,2026-04-18,38349.36,Verified
INV-00412,PO-00412,2026-02-26,166018.75,Verified
INV-00413,PO-00413,2026-05-06,188121.26,Verified
INV-00414,PO-00414,2026-02-09,379485.3,Verified
INV-00415,PO-00415,2026-05-10,81740.97,Verified
INV-00416,PO-00416,2026-02-11,226295.16,Mismatch
INV-00417,PO-00417,2026-05-05,97747.79,Verified
INV-00418,PO-00418,2026-05-19,55598.44,Verified
INV-00419,PO-00419,2026-05-24,551173.07,Verified
INV-00420,PO-00420,2026-04-03,176605.8,Verified
INV-00421,PO-00421,2026-03-02,14750.76,Verified
INV-00422,PO-00422,2026-04-19,111606.37,Mismatch
INV-00423,PO-00423,2026-06-06,96359.6,Verified
INV-00424,PO-00424,2026-05-14,141776.7,Verified
INV-00425,PO-00425,2026-04-15,209055.75,Verified
INV-00426,PO-00426,2026-04-22,18162.75,Verified
INV-00427,PO-00427,2026-02-28,175541.6,Verified
INV-00428,PO-00428,2026-03-10,85859.76,Verified
INV-00429,PO-00429,2026-05-16,2470.83,Mismatch
INV-00430,PO-00430,2026-06-10,129302.1,Verified
INV-00431,PO-00431,2026-02-14,1952.5,Verified
INV-00432,PO-00432,2026-03-28,78283.98,Verified
INV-00433,PO-00433,2026-06-03,43172.92,Verified
INV-00434,PO-00434,2026-04-21,276280.95,Verified
INV-00435,PO-00435,2026-02-28,260332.75,Verified
INV-00436,PO-00436,2026-05-09,44524.4,Verified
INV-00437,PO-00437,2026-03-19,97908.7,Verified
INV-00438,PO-00438,2026-03-06,188849.2,Verified
INV-00439,PO-00439,2026-06-20,274997.25,Verified
INV-00440,PO-00440,2026-04-19,376759.84,Mismatch
INV-00441,PO-00441,2026-04-01,152279.52,Verified
INV-00442,PO-00442,2026-03-31,176612.64,Verified
INV-00443,PO-00443,2026-04-28,78473.97,Verified
INV-00444,PO-00444,2026-01-29,129285.5,Verified
INV-00445,PO-00445,2026-04-05,3592.6,Verified
INV-00446,PO-00446,2026-03-10,191995.92,Verified
INV-00447,PO-00447,2026-02-14,215399.14,Verified
INV-00448,PO-00448,2026-06-16,69585.76,Verified
INV-00449,PO-00449,2026-03-23,292225.56,Verified
INV-00450,PO-00450,2026-03-05,15621.62,Verified
INV-00451,PO-00451,2026-05-28,129518.76,Verified
INV-00452,PO-00452,2026-02-11,8241.65,Verified
INV-00453,PO-00453,2026-05-12,446396.0,Verified
INV-00454,PO-00454,2026-02-20,53567.52,Verified
INV-00455,PO-00455,2026-03-25,230778.45,Verified
INV-00456,PO-00456,2026-05-07,299157.25,Verified
INV-00457,PO-00457,2026-06-21,237690.57,Verified
INV-00458,PO-00458,2026-02-14,14329.82,Verified
INV-00459,PO-00459,2026-02-27,428568.9,Verified
INV-00460,PO-00460,2026-01-22,1648.33,Verified
INV-00461,PO-00461,2026-06-07,501739.2,Verified
INV-00462,PO-00462,2026-03-08,106664.4,Verified
INV-00463,PO-00463,2026-03-19,426212.78,Verified
INV-00464,PO-00464,2026-06-11,32166.61,Verified
INV-00465,PO-00465,2026-04-19,54675.67,Verified
INV-00466,PO-00466,2026-03-16,527228.59,Verified
INV-00467,PO-00467,2026-06-07,61145.37,Verified
INV-00468,PO-00468,2026-03-13,202190.12,Verified
INV-00469,PO-00469,2026-05-10,501733.8,Verified
INV-00470,PO-00470,2026-03-29,218555.01,Verified
INV-00471,PO-00471,2026-02-10,336199.24,Verified
INV-00472,PO-00472,2026-02-08,549599.4,Verified
INV-00473,PO-00473,2026-05-08,133439.8,Mismatch
INV-00474,PO-00474,2026-04-28,188849.2,Verified
INV-00475,PO-00475,2026-05-24,120183.61,Mismatch
INV-00476,PO-00476,2026-04-20,62550.15,Verified
INV-00477,PO-00477,2026-02-03,242135.11,Verified
INV-00478,PO-00478,2026-02-03,260741.14,Verified
INV-00479,PO-00479,2026-06-18,118030.75,Verified
INV-00480,PO-00480,2026-06-20,8348.56,Mismatch
INV-00481,PO-00481,2026-05-22,281049.73,Verified
INV-00482,PO-00482,2026-05-23,155379.4,Verified
INV-00483,PO-00483,2026-03-12,351062.8,Verified
INV-00484,PO-00484,2026-02-22,116648.64,Verified
INV-00485,PO-00485,2026-02-12,51714.2,Verified
INV-00486,PO-00486,2026-06-07,336750.77,Verified
INV-00487,PO-00487,2026-02-02,7586.59,Verified
INV-00488,PO-00488,2026-02-28,120886.32,Verified
INV-00489,PO-00489,2026-05-16,78284.68,Mismatch
INV-00490,PO-00490,2026-03-10,472880.07,Verified
INV-00491,PO-00491,2026-02-01,176703.72,Verified
INV-00492,PO-00492,2026-05-04,251576.65,Mismatch
INV-00493,PO-00493,2026-05-11,462871.11,Verified
INV-00494,PO-00494,2026-04-02,222304.68,Verified
INV-00495,PO-00495,2026-03-26,484170.9,Verified
INV-00496,PO-00496,2026-05-02,9104.88,Verified
INV-00497,PO-00497,2026-06-22,226108.85,Verified
INV-00498,PO-00498,2026-05-11,147133.56,Verified
INV-00499,PO-00499,2026-03-18,650943.84,Verified
INV-00500,PO-00500,2026-03-24,33665.06,Verified
INV-00501,PO-00501,2026-03-10,348701.33,Verified
INV-00502,PO-00502,2026-02-07,526624.8,Verified
INV-00503,PO-00503,2026-05-09,49044.52,Verified
INV-00504,PO-00504,2026-05-27,186399.5,Verified
INV-00505,PO-00505,2026-02-28,13963.97,Verified
INV-00506,PO-00506,2026-03-30,152098.04,Verified
INV-00507,PO-00507,2026-02-07,114516.8,Verified
INV-00508,PO-00508,2026-03-14,7810.81,Verified
INV-00509,PO-00509,2026-05-28,88056.76,Verified
INV-00510,PO-00510,2026-06-02,358580.69,Verified
INV-00511,PO-00511,2026-04-03,69585.76,Verified
INV-00512,PO-00512,2026-03-08,40331.42,Verified
INV-00513,PO-00513,2026-03-28,224329.44,Verified
INV-00514,PO-00514,2026-06-07,232786.17,Mismatch
INV-00515,PO-00515,2026-05-29,164753.29,Verified
INV-00516,PO-00516,2026-03-20,9889.98,Verified
INV-00517,PO-00517,2026-01-14,244442.0,Verified
INV-00518,PO-00518,2026-05-25,313186.44,Verified
INV-00519,PO-00519,2026-05-27,296932.3,Verified
INV-00520,PO-00520,2026-05-18,2021.75,Verified
INV-00521,PO-00521,2026-04-22,219785.35,Verified
INV-00522,PO-00522,2026-03-21,74775.0,Verified
INV-00523,PO-00523,2026-05-06,276178.89,Verified
INV-00524,PO-00524,2026-07-08,55508.04,Verified
INV-00525,PO-00525,2026-05-15,264967.85,Verified
INV-00526,PO-00526,2026-05-16,221241.3,Verified
INV-00527,PO-00527,2026-04-09,128458.72,Verified
INV-00528,PO-00528,2026-02-13,83192.88,Verified
INV-00529,PO-00529,2026-04-12,18205.96,Verified
INV-00530,PO-00530,2026-03-23,108987.96,Verified
INV-00531,PO-00531,2026-04-13,39848.94,Verified
INV-00532,PO-00532,2026-05-20,69794.78,Verified
INV-00533,PO-00533,2026-01-31,236217.03,Verified
INV-00534,PO-00534,2026-04-27,114516.8,Verified
INV-00535,PO-00535,2026-05-02,261038.47,Verified
INV-00536,PO-00536,2026-02-25,31605.9,Verified
INV-00537,PO-00537,2026-05-28,661258.92,Verified
INV-00538,PO-00538,2026-03-20,7923.6,Verified
INV-00539,PO-00539,2026-05-19,18164.66,Verified
INV-00540,PO-00540,2026-04-13,441400.68,Verified
INV-00541,PO-00541,2026-05-22,503516.49,Verified
INV-00542,PO-00542,2026-05-24,181646.6,Verified
INV-00543,PO-00543,2026-03-04,310386.84,Verified
INV-00544,PO-00544,2026-05-24,95879.94,Verified
INV-00545,PO-00545,2026-06-09,138595.86,Verified
INV-00546,PO-00546,2026-04-27,11035.04,Verified
INV-00547,PO-00547,2026-04-20,170114.1,Verified
INV-00548,PO-00548,2026-02-16,242792.35,Verified
INV-00549,PO-00549,2026-03-04,25020.66,Verified
INV-00550,PO-00550,2026-03-23,13503.2,Verified
INV-00551,PO-00551,2026-01-27,461205.12,Verified
INV-00552,PO-00552,2026-01-31,265647.6,Verified
INV-00553,PO-00553,2026-05-27,12910.1,Verified
INV-00554,PO-00554,2026-05-01,86201.4,Verified
INV-00555,PO-00555,2026-06-24,89048.8,Verified
INV-00556,PO-00556,2026-01-20,142452.13,Verified
INV-00557,PO-00557,2026-04-16,117737.2,Verified
INV-00558,PO-00558,2026-04-01,38792.22,Verified
INV-00559,PO-00559,2026-02-18,81367.98,Verified
INV-00560,PO-00560,2026-02-11,516729.81,Mismatch
INV-00561,PO-00561,2026-05-24,143280.88,Verified
INV-00562,PO-00562,2026-04-15,601942.2,Verified
INV-00563,PO-00563,2026-06-07,228074.34,Mismatch
INV-00564,PO-00564,2026-04-04,66414.9,Verified
INV-00565,PO-00565,2026-05-25,274641.27,Mismatch
INV-00566,PO-00566,2026-04-22,528078.27,Verified
INV-00567,PO-00567,2026-03-11,347928.8,Verified
INV-00568,PO-00568,2026-04-28,14177.67,Verified
INV-00569,PO-00569,2026-03-03,42984.76,Verified
INV-00570,PO-00570,2026-06-07,11474.88,Verified
INV-00571,PO-00571,2026-01-10,130072.09,Verified
INV-00572,PO-00572,2026-05-05,151382.96,Verified
INV-00573,PO-00573,2026-04-06,60856.07,Verified
INV-00574,PO-00574,2026-03-27,130072.09,Verified
INV-00575,PO-00575,2026-02-16,627167.25,Verified
INV-00576,PO-00576,2026-03-07,67266.19,Verified
INV-00577,PO-00577,2026-04-21,681080.89,Verified
INV-00578,PO-00578,2026-03-25,224329.44,Verified
INV-00579,PO-00579,2026-05-16,75406.5,Verified
INV-00580,PO-00580,2026-04-03,18357.66,Verified
INV-00581,PO-00581,2026-06-20,32714.71,Verified
INV-00582,PO-00582,2026-02-28,184213.35,Verified
INV-00583,PO-00583,2026-02-09,45411.65,Verified
INV-00584,PO-00584,2026-02-26,117924.66,Verified
INV-00585,PO-00585,2026-02-06,50876.32,Verified
INV-00586,PO-00586,2026-01-22,20090.45,Mismatch
INV-00587,PO-00587,2026-04-10,557570.27,Mismatch
INV-00588,PO-00588,2026-06-16,10160.02,Verified
INV-00589,PO-00589,2026-02-11,33665.06,Verified
INV-00590,PO-00590,2026-06-01,14067.72,Verified
INV-00591,PO-00591,2026-06-13,2716.8,Verified
INV-00592,PO-00592,2026-05-10,179300.25,Verified
INV-00593,PO-00593,2026-03-15,120449.5,Verified
INV-00594,PO-00594,2026-05-04,108023.76,Verified
INV-00595,PO-00595,2026-02-03,159070.85,Verified
INV-00596,PO-00596,2026-04-08,303416.64,Verified
INV-00597,PO-00597,2026-05-29,261257.49,Verified
INV-00598,PO-00598,2026-04-22,11474.88,Verified
INV-00599,PO-00599,2026-01-28,23306.58,Verified
INV-00600,PO-00600,2026-03-02,125582.25,Verified
INV-00601,PO-00601,2026-03-31,22796.02,Verified
INV-00602,PO-00602,2026-06-13,271226.6,Verified
INV-00603,PO-00603,2026-03-02,3202.1,Verified
INV-00604,PO-00604,2026-01-25,242770.5,Verified
INV-00605,PO-00605,2026-04-23,44023.54,Verified
INV-00606,PO-00606,2026-04-27,504213.45,Verified
INV-00607,PO-00607,2026-03-29,182007.28,Verified
INV-00608,PO-00608,2026-06-02,64832.88,Verified
INV-00609,PO-00609,2026-02-07,272180.16,Verified
INV-00610,PO-00610,2026-01-31,90962.33,Mismatch
INV-00611,PO-00611,2026-02-17,151121.37,Mismatch
INV-00612,PO-00612,2026-06-18,303064.52,Verified
INV-00613,PO-00613,2026-05-23,438076.86,Verified
INV-00614,PO-00614,2026-04-27,70818.45,Verified
INV-00615,PO-00615,2026-04-08,613006.17,Verified
INV-00616,PO-00616,2026-05-08,236131.2,Verified
INV-00617,PO-00617,2026-04-23,64880.98,Verified
INV-00618,PO-00618,2026-06-03,500402.48,Verified
INV-00619,PO-00619,2026-06-20,168492.48,Verified
INV-00620,PO-00620,2026-04-06,249250.0,Verified
INV-00621,PO-00621,2026-05-22,25379.92,Verified
INV-00622,PO-00622,2026-05-05,190280.4,Verified
INV-00623,PO-00623,2026-05-26,16552.08,Mismatch
INV-00624,PO-00624,2026-02-15,241772.64,Verified
INV-00625,PO-00625,2026-04-29,295211.9,Verified
INV-00626,PO-00626,2026-03-12,378015.12,Verified
INV-00627,PO-00627,2026-03-31,5554.01,Verified
INV-00628,PO-00628,2026-01-20,4673.53,Verified
INV-00629,PO-00629,2026-03-21,89496.32,Mismatch
INV-00630,PO-00630,2026-04-02,96429.62,Verified
INV-00631,PO-00631,2026-02-05,272735.24,Verified
INV-00632,PO-00632,2026-04-09,31607.18,Verified
INV-00633,PO-00633,2026-05-13,34484.5,Verified
INV-00634,PO-00634,2026-05-01,87309.37,Verified
INV-00635,PO-00635,2026-04-05,583791.3,Verified
INV-00636,PO-00636,2026-02-09,272441.25,Verified
INV-00637,PO-00637,2026-05-02,348773.2,Verified
INV-00638,PO-00638,2026-06-29,444715.2,Verified
INV-00639,PO-00639,2026-04-14,15554.17,Verified
INV-00640,PO-00640,2026-05-10,512911.23,Verified
INV-00641,PO-00641,2026-03-29,63080.64,Verified
INV-00642,PO-00642,2026-02-17,14036.69,Verified
INV-00643,PO-00643,2026-03-11,348701.33,Verified
INV-00644,PO-00644,2026-02-15,136173.75,Mismatch
INV-00645,PO-00645,2026-02-08,236217.03,Verified
INV-00646,PO-00646,2026-03-07,55586.7,Verified
INV-00647,PO-00647,2026-04-09,478954.71,Verified
INV-00648,PO-00648,2026-04-09,224357.04,Verified
INV-00649,PO-00649,2026-04-23,21026.88,Verified
INV-00650,PO-00650,2026-02-25,458687.13,Verified
INV-00651,PO-00651,2026-06-11,319578.0,Verified
INV-00652,PO-00652,2026-03-13,208783.12,Verified
INV-00653,PO-00653,2026-02-04,423762.0,Verified
INV-00654,PO-00654,2026-06-04,300971.16,Verified
INV-00655,PO-00655,2026-03-15,674362.5,Verified
INV-00656,PO-00656,2026-03-15,3124.0,Verified
INV-00657,PO-00657,2026-03-22,19335.0,Verified
INV-00658,PO-00658,2026-06-15,82848.7,Verified
INV-00659,PO-00659,2026-02-13,195270.25,Verified
INV-00660,PO-00660,2026-05-04,408704.85,Verified
INV-00661,PO-00661,2026-04-18,61921.62,Verified
INV-00662,PO-00662,2026-06-20,42379.75,Verified
INV-00663,PO-00663,2026-05-11,151708.32,Verified
INV-00664,PO-00664,2026-04-11,98089.04,Verified
INV-00665,PO-00665,2026-03-12,459922.65,Verified
INV-00666,PO-00666,2026-04-17,67125.47,Mismatch
INV-00667,PO-00667,2026-03-21,347490.25,Verified
INV-00668,PO-00668,2026-05-12,581883.3,Verified
INV-00669,PO-00669,2026-06-24,1640.1,Verified
INV-00670,PO-00670,2026-03-02,66411.7,Mismatch
INV-00671,PO-00671,2026-04-19,361889.58,Verified
INV-00672,PO-00672,2026-03-06,273374.0,Verified
INV-00673,PO-00673,2026-03-17,277992.2,Verified
INV-00674,PO-00674,2026-04-30,340228.2,Verified
INV-00675,PO-00675,2026-02-17,205204.32,Verified
INV-00676,PO-00676,2026-02-18,375028.08,Verified
INV-00677,PO-00677,2026-04-20,273460.22,Verified
INV-00678,PO-00678,2026-03-08,24089.9,Verified
INV-00679,PO-00679,2026-03-03,395072.1,Mismatch
INV-00680,PO-00680,2026-02-17,492073.2,Verified
INV-00681,PO-00681,2026-03-02,261322.5,Verified
INV-00682,PO-00682,2026-05-04,11035.04,Verified
INV-00683,PO-00683,2026-04-25,522639.8,Verified
INV-00684,PO-00684,2026-02-11,197630.3,Verified
INV-00685,PO-00685,2026-05-19,54557.86,Mismatch
INV-00686,PO-00686,2026-06-20,472053.75,Verified
INV-00687,PO-00687,2026-05-20,4584.6,Verified
INV-00688,PO-00688,2026-04-14,224968.6,Verified
INV-00689,PO-00689,2026-02-02,50040.12,Verified
INV-00690,PO-00690,2026-02-06,33203.75,Verified
INV-00691,PO-00691,2026-03-25,6391.56,Verified
INV-00692,PO-00692,2026-03-01,280406.25,Verified
INV-00693,PO-00693,2026-06-03,31724.9,Verified
INV-00694,PO-00694,2026-05-10,42190.4,Verified
INV-00695,PO-00695,2026-01-28,69769.48,Verified
INV-00696,PO-00696,2026-04-06,80603.04,Verified
INV-00697,PO-00697,2026-02-23,32370.25,Verified
INV-00698,PO-00698,2026-02-25,16639.56,Verified
INV-00699,PO-00699,2026-03-31,325260.78,Verified
INV-00700,PO-00700,2026-06-26,88089.12,Verified
INV-00701,PO-00701,2026-01-15,2655.59,Verified
INV-00702,PO-00702,2026-03-09,22456.64,Verified
INV-00703,PO-00703,2026-03-13,238330.95,Verified
INV-00704,PO-00704,2026-02-26,262775.15,Verified
INV-00705,PO-00705,2026-04-01,36391.5,Verified
INV-00706,PO-00706,2026-04-18,252860.57,Verified
INV-00707,PO-00707,2026-04-23,332037.5,Verified
INV-00708,PO-00708,2026-05-07,69486.75,Verified
INV-00709,PO-00709,2026-05-25,13495.08,Verified
INV-00710,PO-00710,2026-03-27,227298.39,Verified
INV-00711,PO-00711,2026-05-31,293025.25,Verified
INV-00712,PO-00712,2026-05-27,77098.56,Verified
INV-00713,PO-00713,2026-02-17,406839.9,Verified
INV-00714,PO-00714,2026-03-15,103723.1,Verified
INV-00715,PO-00715,2026-02-08,212882.04,Verified
INV-00716,PO-00716,2026-01-31,431842.56,Verified
INV-00717,PO-00717,2026-06-01,36329.32,Verified
INV-00718,PO-00718,2026-05-12,125074.78,Verified
INV-00719,PO-00719,2026-06-03,255318.4,Verified
INV-00720,PO-00720,2026-01-24,51722.96,Verified
INV-00721,PO-00721,2026-05-24,97747.79,Verified
INV-00722,PO-00722,2026-01-29,361389.86,Verified
INV-00723,PO-00723,2026-04-08,18393.35,Verified
INV-00724,PO-00724,2026-05-15,200165.28,Verified
INV-00725,PO-00725,2026-02-19,249945.92,Verified
INV-00726,PO-00726,2026-02-26,332037.5,Verified
INV-00727,PO-00727,2026-03-12,114638.56,Verified
INV-00728,PO-00728,2026-03-07,60272.0,Verified
INV-00729,PO-00729,2026-06-03,341894.0,Verified
INV-00730,PO-00730,2026-05-30,108025.6,Verified
INV-00731,PO-00731,2026-05-15,433451.34,Verified
INV-00732,PO-00732,2026-04-30,60887.54,Verified
INV-00733,PO-00733,2026-02-27,114638.56,Verified
INV-00734,PO-00734,2026-05-03,221373.0,Verified
INV-00735,PO-00735,2026-03-09,415140.48,Verified
INV-00736,PO-00736,2026-02-18,133296.24,Verified
INV-00737,PO-00737,2026-04-16,239877.45,Verified
INV-00738,PO-00738,2026-02-17,483588.84,Verified
INV-00739,PO-00739,2026-03-05,92110.2,Verified
INV-00740,PO-00740,2026-03-07,4002.58,Verified
INV-00741,PO-00741,2026-04-05,62312.5,Verified
INV-00742,PO-00742,2026-05-11,33684.96,Verified
INV-00743,PO-00743,2026-05-09,23199.26,Mismatch
INV-00744,PO-00744,2026-04-30,65701.86,Verified
INV-00745,PO-00745,2026-05-14,415447.84,Verified
INV-00746,PO-00746,2026-06-03,99714.24,Verified
INV-00747,PO-00747,2026-06-08,324024.0,Verified
INV-00748,PO-00748,2026-06-05,70089.6,Verified
INV-00749,PO-00749,2026-02-02,234546.84,Verified
INV-00750,PO-00750,2026-02-11,353225.28,Verified
INV-00751,PO-00751,2026-06-06,226928.8,Verified
INV-00752,PO-00752,2026-06-19,294011.76,Verified
INV-00753,PO-00753,2026-05-20,4075.2,Verified
INV-00754,PO-00754,2026-06-12,419030.04,Verified
INV-00755,PO-00755,2026-05-25,1880.48,Mismatch
INV-00756,PO-00756,2026-01-31,72241.89,Verified
INV-00757,PO-00757,2026-02-28,193570.43,Verified
INV-00758,PO-00758,2026-06-02,579447.02,Mismatch
INV-00759,PO-00759,2026-03-02,133177.8,Verified
INV-00760,PO-00760,2026-04-13,442112.04,Verified
INV-00761,PO-00761,2026-06-15,197145.74,Verified
INV-00762,PO-00762,2026-02-12,27587.6,Verified
INV-00763,PO-00763,2026-03-01,38853.35,Mismatch
INV-00764,PO-00764,2026-05-11,649768.4,Verified
INV-00765,PO-00765,2026-04-21,98270.55,Verified
INV-00766,PO-00766,2026-04-18,9810.5,Verified
INV-00767,PO-00767,2026-04-14,146974.7,Verified
INV-00768,PO-00768,2026-04-14,61990.47,Verified
INV-00769,PO-00769,2026-03-25,310573.6,Verified
INV-00770,PO-00770,2026-03-07,16744.3,Verified
INV-00771,PO-00771,2026-02-05,252863.52,Verified
INV-00772,PO-00772,2026-04-18,348426.25,Verified
INV-00773,PO-00773,2026-04-12,188931.12,Verified
INV-00774,PO-00774,2026-05-07,312115.25,Verified
INV-00775,PO-00775,2026-06-16,205863.25,Verified
INV-00776,PO-00776,2026-02-09,531898.74,Verified
INV-00777,PO-00777,2026-03-16,47822.71,Verified
INV-00778,PO-00778,2026-04-04,121085.0,Verified
INV-00779,PO-00779,2026-03-17,82891.75,Verified
INV-00780,PO-00780,2026-02-14,135612.0,Verified
INV-00781,PO-00781,2026-02-20,191488.8,Verified
INV-00782,PO-00782,2026-03-22,205631.25,Verified
INV-00783,PO-00783,2026-03-31,58005.0,Verified
INV-00784,PO-00784,2026-04-24,357492.53,Verified
INV-00785,PO-00785,2026-02-10,323098.71,Verified
INV-00786,PO-00786,2026-02-23,365618.88,Verified
INV-00787,PO-00787,2026-04-19,7810.81,Verified
INV-00788,PO-00788,2026-04-22,43172.92,Verified
INV-00789,PO-00789,2026-03-18,132175.48,Verified
INV-00790,PO-00790,2026-05-07,387810.93,Verified
INV-00791,PO-00791,2026-02-16,290774.28,Verified
INV-00792,PO-00792,2026-03-07,1528.2,Verified
INV-00793,PO-00793,2026-05-04,692144.6,Verified
INV-00794,PO-00794,2026-02-21,117741.76,Verified
INV-00795,PO-00795,2026-02-02,487891.17,Verified
INV-00796,PO-00796,2026-03-15,582006.24,Verified
INV-00797,PO-00797,2026-05-05,28056.64,Verified
INV-00798,PO-00798,2026-02-05,181181.65,Verified
INV-00799,PO-00799,2026-06-14,400852.94,Verified
INV-00800,PO-00800,2026-05-09,339503.64,Verified
INV-00801,PO-00801,2026-05-07,181240.74,Verified
INV-00802,PO-00802,2026-03-21,89826.56,Verified
INV-00803,PO-00803,2026-04-08,120510.92,Verified
INV-00804,PO-00804,2026-03-01,4204.9,Verified
INV-00805,PO-00805,2026-02-18,81661.89,Mismatch
INV-00806,PO-00806,2026-04-25,23367.65,Verified
INV-00807,PO-00807,2026-04-18,93468.75,Verified
INV-00808,PO-00808,2026-04-10,112997.59,Mismatch
INV-00809,PO-00809,2026-05-16,10358.48,Verified
INV-00810,PO-00810,2026-03-24,51640.4,Verified
INV-00811,PO-00811,2026-01-21,15378.05,Mismatch
INV-00812,PO-00812,2026-02-15,72262.71,Verified
INV-00813,PO-00813,2026-06-01,312477.2,Verified
INV-00814,PO-00814,2026-05-05,83328.02,Verified
INV-00815,PO-00815,2026-02-28,350280.84,Verified
INV-00816,PO-00816,2026-05-21,114152.4,Verified
INV-00817,PO-00817,2026-05-16,26593.61,Verified
INV-00818,PO-00818,2026-04-15,18162.75,Verified
INV-00819,PO-00819,2026-04-14,77094.5,Verified
INV-00820,PO-00820,2026-04-14,6338.88,Verified
INV-00821,PO-00821,2026-01-28,125325.77,Mismatch
INV-00822,PO-00822,2026-01-31,12414.42,Verified
INV-00823,PO-00823,2026-06-21,139471.29,Verified
INV-00824,PO-00824,2026-02-16,184526.65,Verified
INV-00825,PO-00825,2026-04-21,65108.76,Mismatch
INV-00826,PO-00826,2026-04-10,194414.4,Verified
INV-00827,PO-00827,2026-06-19,491928.24,Mismatch
INV-00828,PO-00828,2026-04-28,89048.8,Verified
INV-00829,PO-00829,2026-05-13,33665.06,Verified
INV-00830,PO-00830,2026-06-15,63967.32,Verified
INV-00831,PO-00831,2026-06-04,69841.14,Mismatch
INV-00832,PO-00832,2026-05-23,63595.4,Verified
INV-00833,PO-00833,2026-05-16,195495.58,Verified
INV-00834,PO-00834,2026-04-01,20716.96,Verified
INV-00835,PO-00835,2026-02-25,418742.4,Verified
INV-00836,PO-00836,2026-05-11,132459.48,Verified
INV-00837,PO-00837,2026-06-12,9635.96,Verified
INV-00838,PO-00838,2026-04-13,4075.2,Verified
INV-00839,PO-00839,2026-05-03,387651.84,Verified
INV-00840,PO-00840,2026-07-04,278343.04,Verified
INV-00841,PO-00841,2026-03-11,209303.75,Verified
INV-00842,PO-00842,2026-05-05,163481.94,Verified
INV-00843,PO-00843,2026-06-14,111496.4,Verified
INV-00844,PO-00844,2026-05-22,253390.92,Mismatch
INV-00845,PO-00845,2026-01-28,25566.24,Verified
INV-00846,PO-00846,2026-04-14,37543.92,Verified
INV-00847,PO-00847,2026-05-23,104391.56,Verified
INV-00848,PO-00848,2026-04-08,200129.0,Verified
INV-00849,PO-00849,2026-03-26,298349.26,Verified
INV-00850,PO-00850,2026-03-04,165798.36,Verified
INV-00851,PO-00851,2026-05-10,583688.7,Verified
INV-00852,PO-00852,2026-02-21,262710.63,Verified
INV-00853,PO-00853,2026-02-27,311169.3,Verified
INV-00854,PO-00854,2026-05-18,375934.3,Mismatch
INV-00855,PO-00855,2026-03-13,43838.5,Verified
INV-00856,PO-00856,2026-02-09,26283.6,Verified
INV-00857,PO-00857,2026-03-06,413229.6,Verified
INV-00858,PO-00858,2026-02-08,438076.86,Verified
INV-00859,PO-00859,2026-05-22,36391.5,Verified
INV-00860,PO-00860,2026-04-17,195495.58,Verified
INV-00861,PO-00861,2026-02-23,121439.64,Verified
INV-00862,PO-00862,2026-05-15,375309.9,Verified
INV-00863,PO-00863,2026-03-04,151356.25,Verified
INV-00864,PO-00864,2026-02-08,145317.28,Verified
INV-00865,PO-00865,2026-02-07,60272.0,Verified
INV-00866,PO-00866,2026-02-26,80748.36,Verified
INV-00867,PO-00867,2026-05-24,343864.92,Verified
INV-00868,PO-00868,2026-04-15,140410.85,Mismatch
INV-00869,PO-00869,2026-03-17,41424.35,Verified
INV-00870,PO-00870,2026-02-16,26563.0,Verified
INV-00871,PO-00871,2026-05-08,108490.64,Verified
INV-00872,PO-00872,2026-02-07,404852.4,Verified
INV-00873,PO-00873,2026-02-10,114981.9,Verified
INV-00874,PO-00874,2026-06-21,439645.16,Verified
INV-00875,PO-00875,2026-05-18,55850.9,Verified
INV-00876,PO-00876,2026-04-02,4827.83,Verified
INV-00877,PO-00877,2026-02-06,270299.23,Verified
INV-00878,PO-00878,2026-01-24,236217.03,Verified
INV-00879,PO-00879,2026-03-02,47617.05,Verified
INV-00880,PO-00880,2026-02-09,18081.6,Verified
INV-00881,PO-00881,2026-03-03,63595.4,Verified
INV-00882,PO-00882,2026-05-09,92059.34,Verified
INV-00883,PO-00883,2026-06-05,51720.84,Verified
INV-00884,PO-00884,2026-02-08,553631.2,Verified
INV-00885,PO-00885,2026-05-29,132598.4,Verified
INV-00886,PO-00886,2026-06-09,244141.24,Verified
INV-00887,PO-00887,2026-04-05,234186.22,Verified
INV-00888,PO-00888,2026-05-30,155642.76,Verified
INV-00889,PO-00889,2026-06-06,562421.5,Verified
INV-00890,PO-00890,2026-05-13,38349.36,Verified
INV-00891,PO-00891,2026-04-25,412810.8,Verified
INV-00892,PO-00892,2026-03-24,121803.47,Verified
INV-00893,PO-00893,2026-05-09,14758.2,Verified
INV-00894,PO-00894,2026-05-30,3089.02,Mismatch
INV-00895,PO-00895,2026-04-10,88294.5,Verified
INV-00896,PO-00896,2026-02-14,305943.96,Verified
INV-00897,PO-00897,2026-05-06,247036.0,Verified
INV-00898,PO-00898,2026-04-29,31036.05,Verified
INV-00899,PO-00899,2026-05-22,54505.68,Verified
INV-00900,PO-00900,2026-02-05,274694.0,Verified
INV-00901,PO-00901,2026-06-09,144525.42,Verified
INV-00902,PO-00902,2026-03-20,499317.96,Verified
INV-00903,PO-00903,2026-04-13,282684.73,Mismatch
INV-00904,PO-00904,2026-05-05,32415.43,Verified
INV-00905,PO-00905,2026-05-22,139909.88,Verified
INV-00906,PO-00906,2026-02-26,363970.49,Mismatch
INV-00907,PO-00907,2026-03-02,37387.5,Verified
INV-00908,PO-00908,2026-03-10,10550.79,Verified
INV-00909,PO-00909,2026-04-13,70926.94,Verified
INV-00910,PO-00910,2026-02-16,276336.48,Verified
INV-00911,PO-00911,2026-02-22,149124.64,Verified
INV-00912,PO-00912,2026-03-04,623821.18,Verified
INV-00913,PO-00913,2026-05-30,85827.91,Verified
INV-00914,PO-00914,2026-05-23,72326.4,Verified
INV-00915,PO-00915,2026-05-13,603562.68,Verified
INV-00916,PO-00916,2026-02-19,146358.13,Verified
INV-00917,PO-00917,2026-02-05,603078.72,Mismatch
INV-00918,PO-00918,2026-06-09,54587.25,Verified
INV-00919,PO-00919,2026-01-25,448311.83,Mismatch
INV-00920,PO-00920,2026-04-15,312.4,Verified
INV-00921,PO-00921,2026-03-11,83587.64,Verified
INV-00922,PO-00922,2026-05-07,589482.72,Verified
INV-00923,PO-00923,2026-01-10,319303.14,Verified
INV-00924,PO-00924,2026-07-01,298102.08,Verified
INV-00925,PO-00925,2026-03-03,280708.0,Verified
INV-00926,PO-00926,2026-05-26,376304.4,Verified
INV-00927,PO-00927,2026-03-16,103887.85,Verified
INV-00928,PO-00928,2026-04-26,110222.56,Verified
INV-00929,PO-00929,2026-02-16,589482.72,Verified
INV-00930,PO-00930,2026-03-24,273460.22,Verified
INV-00931,PO-00931,2026-05-04,292225.56,Verified
INV-00932,PO-00932,2026-05-24,232219.9,Verified
INV-00933,PO-00933,2026-05-18,14750.76,Verified
INV-00934,PO-00934,2026-02-21,69353.24,Verified
INV-00935,PO-00935,2026-03-26,276330.6,Verified
INV-00936,PO-00936,2026-04-30,217390.94,Verified
INV-00937,PO-00937,2026-03-16,160287.84,Verified
INV-00938,PO-00938,2026-04-25,12614.7,Verified
INV-00939,PO-00939,2026-05-06,18164.66,Verified
INV-00940,PO-00940,2026-06-23,55142.76,Verified
INV-00941,PO-00941,2026-01-14,77455.44,Verified
INV-00942,PO-00942,2026-06-22,634268.76,Verified
INV-00943,PO-00943,2026-02-16,234206.32,Verified
INV-00944,PO-00944,2026-02-05,109327.4,Verified
INV-00945,PO-00945,2026-05-10,557755.98,Verified
INV-00946,PO-00946,2026-06-22,165680.18,Mismatch
INV-00947,PO-00947,2026-06-01,1379.38,Verified
INV-00948,PO-00948,2026-01-15,175573.25,Verified
INV-00949,PO-00949,2026-04-26,254883.44,Verified
INV-00950,PO-00950,2026-06-08,546.7,Verified
INV-00951,PO-00951,2026-02-18,143298.2,Verified
INV-00952,PO-00952,2026-01-29,39476.64,Verified
INV-00953,PO-00953,2026-04-08,89826.56,Verified
INV-00954,PO-00954,2026-07-04,636.59,Mismatch
INV-00955,PO-00955,2026-05-16,165798.36,Verified
INV-00956,PO-00956,2026-04-01,633606.26,Verified
INV-00957,PO-00957,2026-04-02,199790.25,Verified
INV-00958,PO-00958,2026-04-19,314392.96,Verified
INV-00959,PO-00959,2026-02-18,278911.5,Verified
INV-00960,PO-00960,2026-01-24,158029.5,Verified
INV-00961,PO-00961,2026-06-07,472053.75,Verified
INV-00962,PO-00962,2026-02-18,2811.6,Verified
INV-00963,PO-00963,2026-03-09,199811.26,Verified
INV-00964,PO-00964,2026-03-18,541996.65,Verified
INV-00965,PO-00965,2026-01-18,63967.32,Verified
INV-00966,PO-00966,2026-05-10,30367.47,Mismatch
INV-00967,PO-00967,2026-02-27,94146.25,Verified
INV-00968,PO-00968,2026-02-24,193928.25,Verified
INV-00969,PO-00969,2026-05-17,3396.0,Verified
INV-00970,PO-00970,2026-03-11,138625.6,Verified
INV-00971,PO-00971,2026-01-10,428113.62,Verified
INV-00972,PO-00972,2026-06-03,345913.24,Verified
INV-00973,PO-00973,2026-02-27,658026.32,Verified
INV-00974,PO-00974,2026-01-28,228943.44,Verified
INV-00975,PO-00975,2026-05-03,75808.71,Verified
INV-00976,PO-00976,2026-05-16,47563.5,Verified
INV-00977,PO-00977,2026-05-31,38577.88,Verified
INV-00978,PO-00978,2026-03-08,58636.71,Verified
INV-00979,PO-00979,2026-02-17,164105.78,Verified
INV-00980,PO-00980,2026-03-22,307207.34,Verified
INV-00981,PO-00981,2026-02-04,263387.57,Verified
INV-00982,PO-00982,2026-02-06,41357.07,Verified
INV-00983,PO-00983,2026-01-29,20081.04,Verified
INV-00984,PO-00984,2026-04-04,193961.1,Verified
INV-00985,PO-00985,2026-05-12,6792.0,Verified
INV-00986,PO-00986,2026-05-11,24182.85,Mismatch
INV-00987,PO-00987,2026-03-11,287737.59,Verified
INV-00988,PO-00988,2026-03-06,71808.3,Verified
INV-00989,PO-00989,2026-06-07,718527.0,Verified
INV-00990,PO-00990,2026-03-29,259172.54,Mismatch
INV-00991,PO-00991,2026-02-04,67451.72,Verified
INV-00992,PO-00992,2026-03-17,129092.4,Verified
INV-00993,PO-00993,2026-04-16,44504.91,Verified
INV-00994,PO-00994,2026-05-11,46256.7,Verified
INV-00995,PO-00995,2026-03-12,162092.0,Verified
INV-00996,PO-00996,2026-01-17,404219.52,Verified
INV-00997,PO-00997,2026-05-05,7357.34,Verified
INV-00998,PO-00998,2026-02-22,478149.89,Mismatch
INV-00999,PO-00999,2026-01-14,59773.41,Verified
INV-01000,PO-01000,2026-04-14,333536.4,Verified
INV-01001,PO-01001,2026-02-01,98270.55,Verified
INV-01002,PO-01002,2026-04-03,692144.6,Verified
INV-01003,PO-01003,2026-06-19,272301.09,Verified
INV-01004,PO-01004,2026-06-10,338983.76,Verified
INV-01005,PO-01005,2026-03-21,57815.76,Verified
INV-01006,PO-01006,2026-03-21,72505.66,Verified
INV-01007,PO-01007,2026-04-12,25642.05,Verified
INV-01008,PO-01008,2026-05-07,172195.75,Verified
INV-01009,PO-01009,2026-03-14,263986.42,Verified
INV-01010,PO-01010,2026-06-23,232666.56,Verified
INV-01011,PO-01011,2026-04-23,20905.8,Verified
INV-01012,PO-01012,2026-03-31,155954.37,Verified
INV-01013,PO-01013,2026-03-31,9517.47,Verified
INV-01014,PO-01014,2026-03-05,562421.5,Verified
INV-01015,PO-01015,2026-03-31,502968.9,Verified
INV-01016,PO-01016,2026-04-07,59444.54,Verified
INV-01017,PO-01017,2026-05-15,136544.7,Verified
INV-01018,PO-01018,2026-06-09,461093.5,Verified
INV-01019,PO-01019,2026-02-13,39308.22,Verified
INV-01020,PO-01020,2026-04-22,306794.88,Verified
INV-01021,PO-01021,2026-05-02,480714.5,Verified
INV-01022,PO-01022,2026-04-01,60542.5,Verified
INV-01023,PO-01023,2026-06-25,142503.0,Verified
INV-01024,PO-01024,2026-02-01,134443.1,Verified
INV-01025,PO-01025,2026-04-07,166768.2,Verified
INV-01026,PO-01026,2026-01-25,195118.7,Verified
INV-01027,PO-01027,2026-05-11,77252.07,Verified
INV-01028,PO-01028,2026-04-21,41397.19,Mismatch
INV-01029,PO-01029,2026-03-02,273460.22,Verified
INV-01030,PO-01030,2026-06-28,143616.6,Verified
INV-01031,PO-01031,2026-05-06,285141.12,Verified
INV-01032,PO-01032,2026-05-08,207764.24,Verified
INV-01033,PO-01033,2026-04-13,124071.21,Verified
INV-01034,PO-01034,2026-05-16,336199.24,Verified
INV-01035,PO-01035,2026-04-09,374931.19,Verified
INV-01036,PO-01036,2026-05-28,466647.09,Verified
INV-01037,PO-01037,2026-04-28,24928.56,Verified
INV-01038,PO-01038,2026-05-07,74707.88,Verified
INV-01039,PO-01039,2026-02-12,213328.8,Verified
INV-01040,PO-01040,2026-02-04,11760.47,Verified
INV-01041,PO-01041,2026-02-20,80072.96,Mismatch
INV-01042,PO-01042,2026-02-23,116074.82,Verified
INV-01043,PO-01043,2026-02-10,25438.16,Verified
INV-01044,PO-01044,2026-04-29,4002.58,Verified
INV-01045,PO-01045,2026-03-08,13775.66,Verified
INV-01046,PO-01046,2026-04-10,100967.13,Verified
INV-01047,PO-01047,2026-04-27,435702.34,Mismatch
INV-01048,PO-01048,2026-06-03,32166.61,Verified
INV-01049,PO-01049,2026-01-14,166620.3,Verified
INV-01050,PO-01050,2026-04-19,435841.03,Mismatch
INV-01051,PO-01051,2026-06-04,284787.93,Verified
INV-01052,PO-01052,2026-03-09,212450.96,Verified
INV-01053,PO-01053,2026-01-21,590919.06,Verified
INV-01054,PO-01054,2026-03-26,86343.72,Mismatch
INV-01055,PO-01055,2026-02-12,118338.74,Verified
INV-01056,PO-01056,2026-02-07,63998.64,Verified
INV-01057,PO-01057,2026-05-25,304732.96,Verified
INV-01058,PO-01058,2026-03-04,17828.1,Verified
INV-01059,PO-01059,2026-06-26,12292.3,Verified
INV-01060,PO-01060,2026-03-03,21026.88,Verified
INV-01061,PO-01061,2026-03-24,263413.93,Mismatch
INV-01062,PO-01062,2026-03-16,268382.6,Verified
INV-01063,PO-01063,2026-03-23,859.1,Verified
INV-01064,PO-01064,2026-06-04,29435.44,Verified
INV-01065,PO-01065,2026-02-07,658026.32,Verified
INV-01066,PO-01066,2026-05-14,504213.45,Verified
INV-01067,PO-01067,2026-02-10,2408.99,Verified
INV-01068,PO-01068,2026-05-21,244771.75,Verified
INV-01069,PO-01069,2026-05-11,25057.77,Mismatch
INV-01070,PO-01070,2026-04-24,664119.0,Verified
INV-01071,PO-01071,2026-04-29,165307.92,Verified
INV-01072,PO-01072,2026-03-09,29810.18,Verified
INV-01073,PO-01073,2026-02-06,52483.86,Mismatch
INV-01074,PO-01074,2026-05-29,298833.75,Verified
INV-01075,PO-01075,2026-07-03,90811.98,Verified
INV-01076,PO-01076,2026-02-22,121085.0,Verified
INV-01077,PO-01077,2026-05-24,68739.5,Verified
INV-01078,PO-01078,2026-05-01,27122.4,Verified
INV-01079,PO-01079,2026-05-12,36500.49,Verified
INV-01080,PO-01080,2026-03-30,78739.01,Verified
INV-01081,PO-01081,2026-02-02,31156.25,Verified
INV-01082,PO-01082,2026-05-09,305331.25,Verified
INV-01083,PO-01083,2026-02-08,117530.4,Verified
INV-01084,PO-01084,2026-05-14,354196.8,Verified
INV-01085,PO-01085,2026-04-04,348773.2,Verified
INV-01086,PO-01086,2026-04-24,609737.58,Verified
INV-01087,PO-01087,2026-02-10,545630.85,Verified
INV-01088,PO-01088,2026-05-01,459922.65,Verified
INV-01089,PO-01089,2026-01-14,18422.04,Verified
INV-01090,PO-01090,2026-05-23,517229.6,Verified
INV-01091,PO-01091,2026-05-09,357974.37,Verified
INV-01092,PO-01092,2026-06-05,38056.08,Verified
INV-01093,PO-01093,2026-03-01,58858.72,Verified
INV-01094,PO-01094,2026-02-20,229634.16,Verified
INV-01095,PO-01095,2026-03-15,55983.89,Mismatch
INV-01096,PO-01096,2026-03-03,150680.0,Verified
INV-01097,PO-01097,2026-05-05,306178.88,Verified
INV-01098,PO-01098,2026-03-26,247465.46,Verified
INV-01099,PO-01099,2026-02-16,358580.69,Verified
INV-01100,PO-01100,2026-02-11,93501.24,Verified
INV-01101,PO-01101,2026-06-02,352594.58,Verified
INV-01102,PO-01102,2026-04-02,568952.56,Verified
INV-01103,PO-01103,2026-02-17,242245.08,Verified
INV-01104,PO-01104,2026-04-08,151228.48,Verified
INV-01105,PO-01105,2026-02-22,215975.81,Verified
INV-01106,PO-01106,2026-02-02,120732.39,Verified
INV-01107,PO-01107,2026-01-27,146502.59,Verified
INV-01108,PO-01108,2026-05-18,286179.3,Verified
INV-01109,PO-01109,2026-03-01,73628.46,Mismatch
INV-01110,PO-01110,2026-06-08,96255.18,Mismatch
INV-01111,PO-01111,2026-01-24,310582.9,Mismatch
INV-01112,PO-01112,2026-02-18,27551.32,Verified
INV-01113,PO-01113,2026-05-07,196494.24,Verified
INV-01114,PO-01114,2026-03-08,278798.24,Verified
INV-01115,PO-01115,2026-04-15,37807.12,Verified
INV-01116,PO-01116,2026-06-02,457504.2,Verified
INV-01117,PO-01117,2026-03-09,166190.4,Verified
INV-01118,PO-01118,2026-04-10,27794.7,Verified
INV-01119,PO-01119,2026-02-14,19667.68,Verified
INV-01120,PO-01120,2026-02-18,307704.6,Verified
INV-01121,PO-01121,2026-02-23,142214.05,Verified
INV-01122,PO-01122,2026-01-23,318604.3,Verified
INV-01123,PO-01123,2026-03-17,68328.66,Mismatch
INV-01124,PO-01124,2026-04-14,85554.7,Verified
INV-01125,PO-01125,2026-03-21,28538.1,Verified
INV-01126,PO-01126,2026-04-25,42736.75,Verified
INV-01127,PO-01127,2026-04-25,71483.3,Verified
INV-01128,PO-01128,2026-06-10,191614.73,Verified
INV-01129,PO-01129,2026-04-16,80760.8,Verified
INV-01130,PO-01130,2026-04-19,104685.6,Verified
INV-01131,PO-01131,2026-02-01,30837.8,Verified
INV-01132,PO-01132,2026-04-01,68536.09,Verified
INV-01133,PO-01133,2026-02-20,241772.64,Verified
INV-01134,PO-01134,2026-06-11,272180.16,Verified
INV-01135,PO-01135,2026-03-04,281552.23,Verified
INV-01136,PO-01136,2026-01-24,55266.12,Verified
INV-01137,PO-01137,2026-02-01,279431.49,Verified
INV-01138,PO-01138,2026-02-27,157880.88,Verified
INV-01139,PO-01139,2026-06-01,32966.6,Verified
INV-01140,PO-01140,2026-02-02,73566.78,Verified
INV-01141,PO-01141,2026-02-02,274694.0,Verified
INV-01142,PO-01142,2026-06-04,444112.2,Verified
INV-01143,PO-01143,2026-03-04,194390.35,Verified
INV-01144,PO-01144,2026-05-29,137610.33,Verified
INV-01145,PO-01145,2026-03-09,331491.18,Verified
INV-01146,PO-01146,2026-05-23,266387.0,Verified
INV-01147,PO-01147,2026-03-31,1576.21,Verified
INV-01148,PO-01148,2026-03-21,259347.2,Verified
INV-01149,PO-01149,2026-04-10,131102.76,Verified
INV-01150,PO-01150,2026-03-06,313307.84,Verified
INV-01151,PO-01151,2026-05-02,47731.41,Verified
INV-01152,PO-01152,2026-04-27,250866.9,Verified
INV-01153,PO-01153,2026-05-19,8719.33,Verified
INV-01154,PO-01154,2026-02-02,42236.91,Verified
INV-01155,PO-01155,2026-03-08,14017.92,Verified
INV-01156,PO-01156,2026-03-03,79272.5,Verified
INV-01157,PO-01157,2026-02-05,302712.5,Verified
INV-01158,PO-01158,2026-04-17,387810.93,Verified
INV-01159,PO-01159,2026-02-11,370534.56,Verified
INV-01160,PO-01160,2026-02-09,400785.05,Verified
INV-01161,PO-01161,2026-05-31,303661.05,Mismatch
INV-01162,PO-01162,2026-02-11,362060.72,Verified
INV-01163,PO-01163,2026-02-18,391419.9,Verified
INV-01164,PO-01164,2026-03-13,266655.48,Verified
INV-01165,PO-01165,2026-02-06,170145.56,Mismatch
INV-01166,PO-01166,2026-02-26,98144.13,Verified
INV-01167,PO-01167,2026-04-04,279018.56,Verified
INV-01168,PO-01168,2026-02-17,97953.68,Verified
INV-01169,PO-01169,2026-06-16,95950.98,Verified
INV-01170,PO-01170,2026-02-12,103280.8,Verified
INV-01171,PO-01171,2026-03-09,437398.4,Verified
INV-01172,PO-01172,2026-03-05,337770.81,Verified
INV-01173,PO-01173,2026-07-05,78326.96,Verified
INV-01174,PO-01174,2026-05-22,478954.71,Verified
INV-01175,PO-01175,2026-04-06,393533.53,Mismatch
INV-01176,PO-01176,2026-05-29,72081.08,Mismatch
INV-01177,PO-01177,2026-04-30,71320.48,Verified
INV-01178,PO-01178,2026-06-14,147869.74,Verified
INV-01179,PO-01179,2026-03-29,128210.25,Verified
INV-01180,PO-01180,2026-03-26,44913.28,Verified
INV-01181,PO-01181,2026-03-05,530160.34,Verified
INV-01182,PO-01182,2026-05-01,150084.09,Verified
INV-01183,PO-01183,2026-04-13,222116.83,Verified
INV-01184,PO-01184,2026-04-04,323728.01,Verified
INV-01185,PO-01185,2026-03-22,90813.75,Verified
INV-01186,PO-01186,2026-06-16,78440.88,Mismatch
INV-01187,PO-01187,2026-02-25,4824.78,Mismatch
INV-01188,PO-01188,2026-03-10,7527.42,Verified
INV-01189,PO-01189,2026-03-04,26721.51,Mismatch
INV-01190,PO-01190,2026-04-21,437904.48,Verified
INV-01191,PO-01191,2026-01-27,71808.3,Verified
INV-01192,PO-01192,2026-03-18,429139.55,Verified
INV-01193,PO-01193,2026-02-12,78814.01,Verified
INV-01194,PO-01194,2026-03-05,98768.59,Verified
INV-01195,PO-01195,2026-02-02,153903.24,Verified
INV-01196,PO-01196,2026-01-14,358988.7,Verified
INV-01197,PO-01197,2026-02-14,196085.13,Verified
INV-01198,PO-01198,2026-02-07,155168.88,Verified
INV-01199,PO-01199,2026-03-06,181646.6,Verified
INV-01200,PO-01200,2026-05-01,123423.82,Mismatch
INV-01201,PO-01201,2026-01-23,192296.49,Mismatch
INV-01202,PO-01202,2026-02-13,53306.1,Verified
INV-01203,PO-01203,2026-02-23,98347.19,Verified
INV-01204,PO-01204,2026-04-02,334492.8,Verified
INV-01205,PO-01205,2026-06-08,214982.38,Verified
INV-01206,PO-01206,2026-02-04,404750.12,Mismatch
INV-01207,PO-01207,2026-02-13,387922.2,Verified
INV-01208,PO-01208,2026-03-21,77530.96,Verified
INV-01209,PO-01209,2026-04-18,6593.32,Verified
INV-01210,PO-01210,2026-05-15,141254.0,Verified
INV-01211,PO-01211,2026-01-11,8150.4,Verified
INV-01212,PO-01212,2026-05-25,5064.2,Mismatch
INV-01213,PO-01213,2026-02-06,50547.53,Verified
INV-01214,PO-01214,2026-05-20,596764.44,Verified
INV-01215,PO-01215,2026-03-27,69170.08,Verified
INV-01216,PO-01216,2026-04-15,238330.95,Verified
INV-01217,PO-01217,2026-05-22,7734.0,Verified
INV-01218,PO-01218,2026-03-14,505952.46,Verified
INV-01219,PO-01219,2026-01-17,48456.85,Verified
INV-01220,PO-01220,2026-04-04,45899.52,Verified
INV-01221,PO-01221,2026-06-03,193827.4,Verified
INV-01222,PO-01222,2026-04-04,7980.6,Verified
INV-01223,PO-01223,2026-03-07,81129.18,Verified
INV-01224,PO-01224,2026-02-01,36736.5,Verified
INV-01225,PO-01225,2026-02-07,593439.0,Verified
INV-01226,PO-01226,2026-06-04,37549.49,Verified
INV-01227,PO-01227,2026-04-21,480833.4,Verified
INV-01228,PO-01228,2026-03-12,254849.71,Verified
INV-01229,PO-01229,2026-02-02,28355.34,Verified
INV-01230,PO-01230,2026-03-29,233883.66,Verified
INV-01231,PO-01231,2026-02-15,512192.1,Verified
INV-01232,PO-01232,2026-02-18,80178.28,Verified
INV-01233,PO-01233,2026-05-30,325471.92,Verified
INV-01234,PO-01234,2026-06-04,328054.02,Verified
INV-01235,PO-01235,2026-06-07,227058.25,Verified
INV-01236,PO-01236,2026-02-08,9385.98,Verified
INV-01237,PO-01237,2026-06-18,63576.31,Verified
INV-01238,PO-01238,2026-04-28,184181.36,Mismatch
INV-01239,PO-01239,2026-03-09,41811.15,Verified
INV-01240,PO-01240,2026-03-09,503493.9,Verified
INV-01241,PO-01241,2026-04-10,27799.22,Verified
INV-01242,PO-01242,2026-03-27,235542.6,Verified
INV-01243,PO-01243,2026-05-24,109235.76,Verified
INV-01244,PO-01244,2026-05-06,397378.44,Verified
INV-01245,PO-01245,2026-05-04,526624.8,Verified
INV-01246,PO-01246,2026-04-13,129307.4,Verified
INV-01247,PO-01247,2026-02-22,6483.68,Verified
INV-01248,PO-01248,2026-05-10,647388.0,Verified
INV-01249,PO-01249,2026-06-01,122070.62,Verified
INV-01250,PO-01250,2026-04-21,104685.6,Verified
INV-01251,PO-01251,2026-04-29,156237.82,Verified
INV-01252,PO-01252,2026-02-14,488207.88,Verified
INV-01253,PO-01253,2026-05-04,6792.0,Verified
INV-01254,PO-01254,2026-02-22,350274.78,Verified
INV-01255,PO-01255,2026-05-21,33317.26,Verified
INV-01256,PO-01256,2026-03-13,405656.7,Verified
INV-01257,PO-01257,2026-05-16,404617.29,Verified
INV-01258,PO-01258,2026-04-12,1409.67,Mismatch
INV-01259,PO-01259,2026-06-01,114099.86,Verified
INV-01260,PO-01260,2026-07-02,49044.52,Verified
INV-01261,PO-01261,2026-02-24,139455.75,Verified
INV-01262,PO-01262,2026-03-17,386757.3,Verified
INV-01263,PO-01263,2026-06-02,8904.88,Verified
INV-01264,PO-01264,2026-01-20,29516.4,Verified
INV-01265,PO-01265,2026-05-09,95393.1,Verified
INV-01266,PO-01266,2026-05-03,497130.33,Verified
INV-01267,PO-01267,2026-02-15,174397.77,Verified
INV-01268,PO-01268,2026-02-08,80178.28,Verified
INV-01269,PO-01269,2026-05-07,68830.52,Verified
INV-01270,PO-01270,2026-05-01,83140.5,Verified
INV-01271,PO-01271,2026-02-15,140090.3,Verified
INV-01272,PO-01272,2026-02-25,473859.7,Verified
INV-01273,PO-01273,2026-03-05,41357.07,Verified
INV-01274,PO-01274,2026-03-23,110813.54,Verified
INV-01275,PO-01275,2026-05-22,4931.81,Verified
INV-01276,PO-01276,2026-04-10,92093.65,Verified
INV-01277,PO-01277,2026-05-10,62533.23,Mismatch
INV-01278,PO-01278,2026-05-15,1980.9,Verified
INV-01279,PO-01279,2026-05-24,358988.7,Verified
INV-01280,PO-01280,2026-04-28,8276.28,Verified
INV-01281,PO-01281,2026-03-11,103280.8,Verified
INV-01282,PO-01282,2026-04-08,200112.12,Verified
INV-01283,PO-01283,2026-03-13,596204.16,Verified
INV-01284,PO-01284,2026-06-08,272180.16,Verified
INV-01285,PO-01285,2026-05-17,3169.44,Verified
INV-01286,PO-01286,2026-05-03,543091.08,Verified
INV-01287,PO-01287,2026-05-14,5943.0,Verified
INV-01288,PO-01288,2026-04-19,398471.4,Verified
INV-01289,PO-01289,2026-04-12,212504.0,Verified
INV-01290,PO-01290,2026-04-09,74010.72,Verified
INV-01291,PO-01291,2026-01-23,2655.59,Verified
INV-01292,PO-01292,2026-03-14,279254.5,Verified
INV-01293,PO-01293,2026-03-18,83992.24,Verified
INV-01294,PO-01294,2026-04-07,44469.36,Verified
INV-01295,PO-01295,2026-06-15,296457.22,Verified
INV-01296,PO-01296,2026-06-05,209459.55,Verified
INV-01297,PO-01297,2026-01-31,268445.52,Verified
INV-01298,PO-01298,2026-02-09,103586.57,Verified
INV-01299,PO-01299,2026-03-11,94741.5,Verified
INV-01300,PO-01300,2026-04-14,95334.86,Mismatch
INV-01301,PO-01301,2026-05-19,191330.36,Verified
INV-01302,PO-01302,2026-01-27,265101.67,Verified
INV-01303,PO-01303,2026-05-13,162038.4,Verified
INV-01304,PO-01304,2026-06-03,17212.32,Verified
INV-01305,PO-01305,2026-03-06,24925.0,Verified
INV-01306,PO-01306,2026-02-14,84596.36,Verified
INV-01307,PO-01307,2026-03-31,546.7,Verified
INV-01308,PO-01308,2026-02-13,250152.3,Verified
INV-01309,PO-01309,2026-04-09,361389.86,Verified
INV-01310,PO-01310,2026-03-27,191614.73,Verified
INV-01311,PO-01311,2026-01-18,455621.57,Verified
INV-01312,PO-01312,2026-02-24,367833.9,Verified
INV-01313,PO-01313,2026-05-07,60625.65,Verified
INV-01314,PO-01314,2026-04-10,74678.69,Verified
INV-01315,PO-01315,2026-06-19,183436.11,Verified
INV-01316,PO-01316,2026-02-19,47801.57,Verified
INV-01317,PO-01317,2026-06-21,379.37,Verified
INV-01318,PO-01318,2026-04-11,244376.44,Verified
INV-01319,PO-01319,2026-02-25,293722.56,Verified
INV-01320,PO-01320,2026-04-11,40167.97,Mismatch
INV-01321,PO-01321,2026-05-23,119475.98,Verified
INV-01322,PO-01322,2026-04-24,38577.88,Verified
INV-01323,PO-01323,2026-05-11,83623.2,Verified
INV-01324,PO-01324,2026-02-17,151376.4,Verified
INV-01325,PO-01325,2026-05-17,186937.5,Verified
INV-01326,PO-01326,2026-02-13,282460.47,Verified
INV-01327,PO-01327,2026-01-23,260332.75,Verified
INV-01328,PO-01328,2026-02-07,403554.48,Verified
INV-01329,PO-01329,2026-04-03,613230.2,Verified
INV-01330,PO-01330,2026-05-04,116296.44,Verified
INV-01331,PO-01331,2026-06-09,287233.2,Verified
INV-01332,PO-01332,2026-02-19,66704.04,Verified
INV-01333,PO-01333,2026-02-23,188103.96,Verified
INV-01334,PO-01334,2026-05-22,442746.0,Verified
INV-01335,PO-01335,2026-05-11,143102.3,Verified
INV-01336,PO-01336,2026-06-07,155600.13,Mismatch
INV-01337,PO-01337,2026-05-23,65701.86,Verified
INV-01338,PO-01338,2026-03-31,64608.64,Verified
INV-01339,PO-01339,2026-03-22,54488.25,Verified
INV-01340,PO-01340,2026-04-08,532879.78,Mismatch
INV-01341,PO-01341,2026-02-07,61035.31,Verified
INV-01342,PO-01342,2026-05-20,22987.04,Verified
INV-01343,PO-01343,2026-03-08,207782.39,Verified
INV-01344,PO-01344,2026-04-29,239022.81,Verified
INV-01345,PO-01345,2026-05-21,233345.84,Verified
INV-01346,PO-01346,2026-05-09,121251.3,Verified
INV-01347,PO-01347,2026-02-11,31358.7,Verified
INV-01348,PO-01348,2026-02-04,7033.86,Verified
INV-01349,PO-01349,2026-04-23,234186.22,Verified
INV-01350,PO-01350,2026-03-12,234679.16,Verified
INV-01351,PO-01351,2026-03-30,432883.07,Verified
INV-01352,PO-01352,2026-03-12,132783.77,Verified
INV-01353,PO-01353,2026-06-18,15418.9,Verified
INV-01354,PO-01354,2026-03-28,308646.87,Verified
INV-01355,PO-01355,2026-02-11,34189.4,Verified
INV-01356,PO-01356,2026-02-06,251767.88,Verified
INV-01357,PO-01357,2026-04-05,288999.97,Verified
INV-01358,PO-01358,2026-03-21,57881.72,Verified
INV-01359,PO-01359,2026-05-27,197594.89,Verified
INV-01360,PO-01360,2026-03-05,299157.25,Verified
INV-01361,PO-01361,2026-03-13,322615.21,Verified
INV-01362,PO-01362,2026-04-19,212882.04,Verified
INV-01363,PO-01363,2026-02-01,2655.59,Verified
INV-01364,PO-01364,2026-02-08,246258.24,Verified
INV-01365,PO-01365,2026-04-27,7881.05,Verified
INV-01366,PO-01366,2026-05-30,38765.48,Verified
INV-01367,PO-01367,2026-06-11,310758.8,Verified
INV-01368,PO-01368,2026-04-26,101095.06,Verified
INV-01369,PO-01369,2026-04-05,7641.0,Verified
INV-01370,PO-01370,2026-05-12,42989.46,Verified
INV-01371,PO-01371,2026-03-01,79496.67,Verified
INV-01372,PO-01372,2026-05-02,52342.8,Verified
INV-01373,PO-01373,2026-06-05,5737.44,Verified
INV-01374,PO-01374,2026-04-30,330437.88,Verified
INV-01375,PO-01375,2026-02-25,169519.0,Verified
INV-01376,PO-01376,2026-03-21,473719.68,Verified
INV-01377,PO-01377,2026-01-24,24217.0,Verified
INV-01378,PO-01378,2026-03-25,230602.56,Verified
INV-01379,PO-01379,2026-05-05,52239.06,Mismatch
INV-01380,PO-01380,2026-05-25,517427.78,Verified
INV-01381,PO-01381,2026-05-30,222332.4,Verified
INV-01382,PO-01382,2026-02-18,75012.17,Mismatch
INV-01383,PO-01383,2026-06-15,62486.48,Verified
INV-01384,PO-01384,2026-01-20,8005.16,Verified
INV-01385,PO-01385,2026-03-24,25370.72,Verified
INV-01386,PO-01386,2026-05-17,2547.0,Verified
INV-01387,PO-01387,2026-05-13,189266.7,Mismatch
INV-01388,PO-01388,2026-04-26,431405.01,Verified
INV-01389,PO-01389,2026-05-02,209303.75,Verified
INV-01390,PO-01390,2026-06-15,646427.5,Verified
INV-01391,PO-01391,2026-04-21,539489.72,Verified
INV-01392,PO-01392,2026-03-21,36783.39,Verified
INV-01393,PO-01393,2026-04-08,10320.27,Verified
INV-01394,PO-01394,2026-03-22,160.3,Mismatch
INV-01395,PO-01395,2026-05-27,306891.04,Verified
INV-01396,PO-01396,2026-06-23,455149.0,Verified
INV-01397,PO-01397,2026-05-14,387654.8,Verified
INV-01398,PO-01398,2026-02-16,284504.5,Verified
INV-01399,PO-01399,2026-06-07,117093.11,Verified
INV-01400,PO-01400,2026-05-28,60887.54,Verified
INV-01401,PO-01401,2026-02-14,117382.13,Verified
INV-01402,PO-01402,2026-02-13,116732.07,Verified
INV-01403,PO-01403,2026-04-09,17094.7,Verified
INV-01404,PO-01404,2026-04-05,44392.6,Verified
INV-01405,PO-01405,2026-03-15,129101.0,Verified
INV-01406,PO-01406,2026-02-08,281189.16,Verified
INV-01407,PO-01407,2026-06-01,295739.48,Verified
INV-01408,PO-01408,2026-03-15,476170.5,Verified
INV-01409,PO-01409,2026-05-13,576273.11,Verified
INV-01410,PO-01410,2026-04-30,235452.0,Verified
INV-01411,PO-01411,2026-05-27,110205.28,Verified
INV-01412,PO-01412,2026-06-04,8346.14,Verified
INV-01413,PO-01413,2026-05-10,265830.88,Verified
INV-01414,PO-01414,2026-03-23,80260.91,Verified
INV-01415,PO-01415,2026-02-10,581784.75,Verified
INV-01416,PO-01416,2026-02-27,57524.04,Verified
INV-01417,PO-01417,2026-04-10,252863.52,Verified
INV-01418,PO-01418,2026-02-11,252248.38,Verified
INV-01419,PO-01419,2026-04-02,64740.5,Verified
INV-01420,PO-01420,2026-02-18,223885.62,Verified
INV-01421,PO-01421,2026-05-21,454116.5,Verified
INV-01422,PO-01422,2026-06-08,211229.46,Verified
INV-01423,PO-01423,2026-04-10,5260.62,Verified
INV-01424,PO-01424,2026-05-19,51385.32,Verified
INV-01425,PO-01425,2026-02-10,158539.26,Verified
INV-01426,PO-01426,2026-02-14,517339.44,Verified
INV-01427,PO-01427,2026-01-26,6640.75,Verified
INV-01428,PO-01428,2026-04-24,71295.34,Verified
INV-01429,PO-01429,2026-03-31,154399.61,Verified
INV-01430,PO-01430,2026-03-23,147157.5,Verified
INV-01431,PO-01431,2026-03-05,273605.76,Verified
INV-01432,PO-01432,2026-04-14,133196.28,Verified
INV-01433,PO-01433,2026-01-16,613230.2,Verified
INV-01434,PO-01434,2026-02-25,132277.23,Verified
INV-01435,PO-01435,2026-05-19,452012.8,Verified
INV-01436,PO-01436,2026-03-09,172195.75,Verified
INV-01437,PO-01437,2026-05-01,63073.5,Verified
INV-01438,PO-01438,2026-05-24,432048.55,Verified
INV-01439,PO-01439,2026-02-21,29656.67,Verified
INV-01440,PO-01440,2026-05-17,639278.1,Verified
INV-01441,PO-01441,2026-06-01,256560.8,Verified
INV-01442,PO-01442,2026-04-30,185015.6,Verified
INV-01443,PO-01443,2026-05-11,472262.4,Verified
INV-01444,PO-01444,2026-01-30,30885.03,Verified
INV-01445,PO-01445,2026-04-23,781.54,Verified
INV-01446,PO-01446,2026-04-07,382446.62,Verified
INV-01447,PO-01447,2026-03-08,3226.2,Verified
INV-01448,PO-01448,2026-04-23,6342.68,Verified
INV-01449,PO-01449,2026-06-02,152895.71,Verified
INV-01450,PO-01450,2026-03-20,66977.2,Verified
INV-01451,PO-01451,2026-05-02,390.5,Verified
INV-01452,PO-01452,2026-01-27,79119.84,Verified
INV-01453,PO-01453,2026-03-01,163043.76,Verified
INV-01454,PO-01454,2026-04-04,224007.25,Verified
INV-01455,PO-01455,2026-05-17,165248.91,Verified
INV-01456,PO-01456,2026-04-19,682915.45,Verified
INV-01457,PO-01457,2026-05-12,403088.69,Verified
INV-01458,PO-01458,2026-04-13,85966.23,Verified
INV-01459,PO-01459,2026-06-05,404565.88,Mismatch
INV-01460,PO-01460,2026-02-10,307207.34,Verified
INV-01461,PO-01461,2026-04-03,28371.78,Verified
INV-01462,PO-01462,2026-06-14,273089.4,Verified
INV-01463,PO-01463,2026-02-09,69769.48,Verified
INV-01464,PO-01464,2026-02-24,413229.6,Verified
INV-01465,PO-01465,2026-02-24,256257.75,Verified
INV-01466,PO-01466,2026-03-26,439021.8,Verified
INV-01467,PO-01467,2026-06-11,68961.12,Verified
INV-01468,PO-01468,2026-05-15,82609.47,Verified
INV-01469,PO-01469,2026-01-18,51601.35,Verified
INV-01470,PO-01470,2026-04-10,305176.55,Verified
INV-01471,PO-01471,2026-02-05,37911.59,Verified
INV-01472,PO-01472,2026-04-10,293015.82,Mismatch
INV-01473,PO-01473,2026-04-28,268445.52,Verified
INV-01474,PO-01474,2026-02-15,64880.98,Verified
INV-01475,PO-01475,2026-04-12,259347.2,Verified
INV-01476,PO-01476,2026-03-24,37387.5,Verified
INV-01477,PO-01477,2026-02-24,44639.6,Verified
INV-01478,PO-01478,2026-03-06,271499.55,Verified
INV-01479,PO-01479,2026-03-27,146358.13,Verified
INV-01480,PO-01480,2026-06-03,529314.1,Verified
INV-01481,PO-01481,2026-05-11,105995.56,Verified
INV-01482,PO-01482,2026-04-07,223260.27,Mismatch
INV-01483,PO-01483,2026-03-24,162038.4,Verified
INV-01484,PO-01484,2026-03-05,117183.64,Verified
INV-01485,PO-01485,2026-04-26,5260.62,Verified
INV-01486,PO-01486,2026-05-04,64832.88,Verified
INV-01487,PO-01487,2026-05-21,480714.5,Verified
INV-01488,PO-01488,2026-01-27,71959.18,Verified
INV-01489,PO-01489,2026-02-14,113089.16,Verified
INV-01490,PO-01490,2026-06-22,21869.92,Verified
INV-01491,PO-01491,2026-02-28,172678.74,Verified
INV-01492,PO-01492,2026-01-30,36325.5,Verified
INV-01493,PO-01493,2026-04-15,76112.16,Verified
INV-01494,PO-01494,2026-04-11,11885.4,Verified
INV-01495,PO-01495,2026-05-31,77471.51,Verified
INV-01496,PO-01496,2026-01-14,87413.88,Mismatch
INV-01497,PO-01497,2026-04-09,183576.6,Verified
INV-01498,PO-01498,2026-03-16,148037.4,Verified
INV-01499,PO-01499,2026-03-09,108656.52,Verified
INV-01500,PO-01500,2026-06-29,391592.8,Verified
INV-01501,PO-01501,2026-01-23,9655.66,Verified
INV-01502,PO-01502,2026-04-11,475617.78,Verified
INV-01503,PO-01503,2026-02-04,167775.72,Verified
INV-01504,PO-01504,2026-05-27,109011.36,Verified
INV-01505,PO-01505,2026-06-24,297407.02,Verified
INV-01506,PO-01506,2026-02-20,48532.11,Mismatch
INV-01507,PO-01507,2026-04-12,143280.88,Verified
INV-01508,PO-01508,2026-06-05,167246.4,Verified
INV-01509,PO-01509,2026-04-16,85923.46,Verified
INV-01510,PO-01510,2026-04-28,25921.92,Verified
INV-01511,PO-01511,2026-03-29,3414.33,Verified
INV-01512,PO-01512,2026-02-06,350668.5,Verified
INV-01513,PO-01513,2026-02-22,937.2,Verified
INV-01514,PO-01514,2026-05-04,398935.0,Verified
INV-01515,PO-01515,2026-03-12,334921.88,Mismatch
INV-01516,PO-01516,2026-04-28,56081.25,Verified
INV-01517,PO-01517,2026-05-06,254883.44,Verified
INV-01518,PO-01518,2026-04-20,34480.56,Verified
INV-01519,PO-01519,2026-04-23,407663.1,Verified
INV-01520,PO-01520,2026-03-13,127190.8,Verified
INV-01521,PO-01521,2026-04-24,32966.6,Verified
INV-01522,PO-01522,2026-01-21,279819.76,Verified
INV-01523,PO-01523,2026-05-25,176605.8,Verified
INV-01524,PO-01524,2026-03-03,77098.56,Verified
INV-01525,PO-01525,2026-04-28,668978.4,Verified
INV-01526,PO-01526,2026-05-21,323881.92,Verified
INV-01527,PO-01527,2026-05-13,15762.1,Verified
INV-01528,PO-01528,2026-03-15,51714.2,Verified
INV-01529,PO-01529,2026-02-13,132598.4,Verified
INV-01530,PO-01530,2026-04-10,80143.92,Verified
INV-01531,PO-01531,2026-05-04,40509.6,Verified
INV-01532,PO-01532,2026-01-21,232426.25,Verified
INV-01533,PO-01533,2026-05-16,15174.8,Verified
INV-01534,PO-01534,2026-01-31,112061.82,Verified
INV-01535,PO-01535,2026-05-06,161521.6,Verified
INV-01536,PO-01536,2026-03-24,9385.98,Verified
INV-01537,PO-01537,2026-02-21,445079.25,Verified
INV-01538,PO-01538,2026-01-24,43361.82,Verified
INV-01539,PO-01539,2026-03-20,494046.08,Verified
INV-01540,PO-01540,2026-05-03,70297.29,Verified
INV-01541,PO-01541,2026-04-03,50588.79,Verified
INV-01542,PO-01542,2026-05-18,424379.55,Verified
INV-01543,PO-01543,2026-04-30,296074.8,Verified
INV-01544,PO-01544,2026-03-12,9863.62,Verified
INV-01545,PO-01545,2026-05-24,417550.26,Verified
INV-01546,PO-01546,2026-04-13,426676.16,Verified
INV-01547,PO-01547,2026-05-31,501733.8,Verified
INV-01548,PO-01548,2026-04-30,37314.27,Verified
INV-01549,PO-01549,2026-02-06,335662.6,Verified
INV-01550,PO-01550,2026-03-16,166072.1,Mismatch
INV-01551,PO-01551,2026-06-07,444787.52,Verified
INV-01552,PO-01552,2026-05-25,172925.2,Verified
INV-01553,PO-01553,2026-03-15,375228.45,Verified
INV-01554,PO-01554,2026-03-09,380936.4,Verified
INV-01555,PO-01555,2026-06-10,60253.6,Verified
INV-01556,PO-01556,2026-02-18,79272.5,Verified
INV-01557,PO-01557,2026-03-09,418599.2,Verified
INV-01558,PO-01558,2026-04-14,182806.64,Verified
INV-01559,PO-01559,2026-06-09,25367.2,Verified
INV-01560,PO-01560,2026-02-24,706450.56,Verified
INV-01561,PO-01561,2026-06-09,316840.18,Verified
INV-01562,PO-01562,2026-04-30,473528.6,Mismatch
INV-01563,PO-01563,2026-06-06,129731.4,Verified
INV-01564,PO-01564,2026-03-02,73861.34,Mismatch
INV-01565,PO-01565,2026-04-21,416920.5,Verified
INV-01566,PO-01566,2026-03-29,305791.42,Verified
INV-01567,PO-01567,2026-06-04,438943.4,Verified
INV-01568,PO-01568,2026-04-27,620773.68,Verified
INV-01569,PO-01569,2026-06-04,8150.4,Verified
INV-01570,PO-01570,2026-02-16,553631.2,Verified
INV-01571,PO-01571,2026-06-14,113421.36,Verified
INV-01572,PO-01572,2026-06-01,15054.84,Verified
INV-01573,PO-01573,2026-06-15,61145.37,Verified
INV-01574,PO-01574,2026-03-01,247988.65,Mismatch
INV-01575,PO-01575,2026-03-29,239405.04,Verified
INV-01576,PO-01576,2026-05-20,130473.3,Verified
INV-01577,PO-01577,2026-01-22,95950.98,Verified
INV-01578,PO-01578,2026-02-07,94418.17,Verified
INV-01579,PO-01579,2026-03-20,149571.36,Verified
INV-01580,PO-01580,2026-03-04,312.4,Verified
INV-01581,PO-01581,2026-06-16,679.2,Verified
INV-01582,PO-01582,2026-03-11,31959.98,Verified
INV-01583,PO-01583,2026-05-24,18524.37,Mismatch
INV-01584,PO-01584,2026-03-11,99684.12,Mismatch
INV-01585,PO-01585,2026-06-02,94821.54,Verified
INV-01586,PO-01586,2026-03-16,488207.88,Verified
INV-01587,PO-01587,2026-02-12,400852.94,Verified
INV-01588,PO-01588,2026-02-12,397346.17,Verified
INV-01589,PO-01589,2026-03-04,166190.4,Verified
INV-01590,PO-01590,2026-02-14,234546.84,Verified
INV-01591,PO-01591,2026-03-10,470203.28,Verified
INV-01592,PO-01592,2026-05-01,294354.4,Verified
INV-01593,PO-01593,2026-04-20,87394.4,Verified
INV-01594,PO-01594,2026-05-10,407037.54,Verified
INV-01595,PO-01595,2026-04-06,137293.36,Verified
INV-01596,PO-01596,2026-01-14,352471.32,Verified
INV-01597,PO-01597,2026-03-15,27793.35,Verified
INV-01598,PO-01598,2026-05-15,77094.5,Verified
INV-01599,PO-01599,2026-03-15,42777.35,Verified
INV-01600,PO-01600,2026-03-20,324039.9,Verified
INV-01601,PO-01601,2026-04-12,120494.2,Verified
INV-01602,PO-01602,2026-06-17,229622.68,Mismatch
INV-01603,PO-01603,2026-06-17,332074.5,Verified
INV-01604,PO-01604,2026-04-13,203419.95,Verified
INV-01605,PO-01605,2026-03-11,12222.1,Verified
INV-01606,PO-01606,2026-05-22,28659.64,Verified
INV-01607,PO-01607,2026-01-26,452499.25,Verified
INV-01608,PO-01608,2026-01-30,64740.5,Verified
INV-01609,PO-01609,2026-06-03,81006.25,Verified
INV-01610,PO-01610,2026-03-20,296719.5,Verified
INV-01611,PO-01611,2026-05-17,53346.87,Verified
INV-01612,PO-01612,2026-02-07,108656.52,Verified
INV-01613,PO-01613,2026-06-28,662982.36,Verified
INV-01614,PO-01614,2026-03-06,12462.5,Verified
INV-01615,PO-01615,2026-02-20,94817.7,Verified
INV-01616,PO-01616,2026-04-05,454116.5,Verified
INV-01617,PO-01617,2026-05-13,469961.76,Verified
INV-01618,PO-01618,2026-05-16,241021.84,Verified
INV-01619,PO-01619,2026-03-25,859.1,Verified
INV-01620,PO-01620,2026-06-01,388785.17,Mismatch
INV-01621,PO-01621,2026-06-02,405096.0,Verified
INV-01622,PO-01622,2026-04-26,49345.8,Verified
INV-01623,PO-01623,2026-03-19,257595.12,Verified
INV-01624,PO-01624,2026-04-11,479555.52,Verified
INV-01625,PO-01625,2026-02-26,50497.59,Verified
INV-01626,PO-01626,2026-04-18,155531.52,Verified
INV-01627,PO-01627,2026-02-26,177877.44,Verified
INV-01628,PO-01628,2026-04-21,38577.88,Verified
INV-01629,PO-01629,2026-02-16,347490.25,Verified
INV-01630,PO-01630,2026-02-16,264883.5,Verified
INV-01631,PO-01631,2026-06-11,129713.94,Verified
INV-01632,PO-01632,2026-04-05,528078.27,Verified
INV-01633,PO-01633,2026-05-23,104639.7,Verified
INV-01634,PO-01634,2026-03-15,209978.08,Verified
INV-01635,PO-01635,2026-03-23,159574.0,Verified
INV-01636,PO-01636,2026-05-21,128666.44,Verified
INV-01637,PO-01637,2026-06-17,18884.92,Verified
INV-01638,PO-01638,2026-01-14,157410.5,Verified
INV-01639,PO-01639,2026-05-31,404955.13,Verified
INV-01640,PO-01640,2026-03-30,187002.48,Verified
INV-01641,PO-01641,2026-04-12,90408.0,Verified
INV-01642,PO-01642,2026-05-24,339195.36,Verified
INV-01643,PO-01643,2026-02-14,219997.8,Verified
INV-01644,PO-01644,2026-04-15,57823.92,Verified
INV-01645,PO-01645,2026-02-15,222116.83,Verified
INV-01646,PO-01646,2026-06-09,223704.6,Verified
INV-01647,PO-01647,2026-05-05,343258.15,Verified
INV-01648,PO-01648,2026-02-26,55589.4,Verified
INV-01649,PO-01649,2026-03-29,167552.7,Verified
INV-01650,PO-01650,2026-01-24,75317.0,Verified
INV-01651,PO-01651,2026-01-31,686027.44,Verified
INV-01652,PO-01652,2026-05-18,200160.48,Verified
INV-01653,PO-01653,2026-03-16,226619.04,Verified
INV-01654,PO-01654,2026-03-10,4504.36,Mismatch
INV-01655,PO-01655,2026-05-30,81424.17,Verified
INV-01656,PO-01656,2026-06-12,633606.26,Verified
INV-01657,PO-01657,2026-03-30,356627.02,Verified
INV-01658,PO-01658,2026-05-12,409808.51,Verified
INV-01659,PO-01659,2026-04-02,376300.35,Verified
INV-01660,PO-01660,2026-04-06,216201.85,Mismatch
INV-01661,PO-01661,2026-04-15,28056.64,Verified
INV-01662,PO-01662,2026-05-10,103441.68,Verified
INV-01663,PO-01663,2026-05-25,117183.64,Verified
INV-01664,PO-01664,2026-06-02,73473.0,Verified
INV-01665,PO-01665,2026-05-05,171003.6,Verified
INV-01666,PO-01666,2026-04-27,519908.51,Mismatch
INV-01667,PO-01667,2026-02-17,46929.9,Verified
INV-01668,PO-01668,2026-04-23,83192.88,Verified
INV-01669,PO-01669,2026-05-20,154367.29,Mismatch
INV-01670,PO-01670,2026-04-24,69794.78,Verified
INV-01671,PO-01671,2026-03-30,162012.5,Verified
INV-01672,PO-01672,2026-03-08,339225.79,Mismatch
INV-01673,PO-01673,2026-04-17,176297.29,Verified
INV-01674,PO-01674,2026-06-13,10108.75,Verified
INV-01675,PO-01675,2026-04-29,8987.71,Verified
INV-01676,PO-01676,2026-02-13,14483.49,Verified
INV-01677,PO-01677,2026-01-30,12462.5,Verified
INV-01678,PO-01678,2026-03-16,13937.05,Verified
INV-01679,PO-01679,2026-05-30,101540.53,Verified
INV-01680,PO-01680,2026-06-05,232666.56,Verified
INV-01681,PO-01681,2026-04-14,175815.15,Verified
INV-01682,PO-01682,2026-05-31,401789.76,Verified
INV-01683,PO-01683,2026-04-05,287233.2,Verified
INV-01684,PO-01684,2026-05-24,15630.8,Verified
INV-01685,PO-01685,2026-02-01,586486.74,Verified
INV-01686,PO-01686,2026-05-19,67806.65,Verified
INV-01687,PO-01687,2026-06-24,390237.4,Verified
INV-01688,PO-01688,2026-04-25,285281.92,Verified
INV-01689,PO-01689,2026-06-18,392170.26,Verified
INV-01690,PO-01690,2026-02-04,80870.0,Verified
INV-01691,PO-01691,2026-03-01,75854.16,Verified
INV-01692,PO-01692,2026-03-02,210308.85,Verified
INV-01693,PO-01693,2026-04-27,78598.24,Verified
INV-01694,PO-01694,2026-05-04,131748.08,Mismatch
INV-01695,PO-01695,2026-01-28,6643.09,Verified
INV-01696,PO-01696,2026-06-09,167984.48,Verified
INV-01697,PO-01697,2026-05-16,354196.8,Verified
INV-01698,PO-01698,2026-03-07,144483.78,Verified
INV-01699,PO-01699,2026-03-08,418737.08,Verified
INV-01700,PO-01700,2026-06-04,279254.5,Verified
INV-01701,PO-01701,2026-04-17,529607.9,Verified
INV-01702,PO-01702,2026-06-09,338529.18,Mismatch
INV-01703,PO-01703,2026-05-08,9104.88,Verified
INV-01704,PO-01704,2026-02-27,580637.6,Verified
INV-01705,PO-01705,2026-06-04,17584.65,Verified
INV-01706,PO-01706,2026-06-04,362799.57,Verified
INV-01707,PO-01707,2026-05-13,16152.16,Verified
INV-01708,PO-01708,2026-06-07,735886.0,Verified
INV-01709,PO-01709,2026-06-10,582006.24,Verified
INV-01710,PO-01710,2026-04-07,73573.4,Verified
INV-01711,PO-01711,2026-06-14,73332.6,Verified
INV-01712,PO-01712,2026-03-04,283567.2,Verified
INV-01713,PO-01713,2026-06-12,29431.5,Verified
INV-01714,PO-01714,2026-02-19,154921.2,Verified
INV-01715,PO-01715,2026-04-24,60253.6,Verified
INV-01716,PO-01716,2026-05-16,89481.84,Verified
INV-01717,PO-01717,2026-05-13,254257.2,Verified
INV-01718,PO-01718,2026-05-20,337301.64,Verified
INV-01719,PO-01719,2026-02-16,32020.64,Verified
INV-01720,PO-01720,2026-01-30,104391.56,Verified
INV-01721,PO-01721,2026-04-06,56736.42,Mismatch
INV-01722,PO-01722,2026-02-28,125675.73,Verified
INV-01723,PO-01723,2026-05-17,166037.25,Verified
INV-01724,PO-01724,2026-03-22,30136.0,Verified
INV-01725,PO-01725,2026-05-24,336046.21,Verified
INV-01726,PO-01726,2026-04-10,54382.02,Verified
INV-01727,PO-01727,2026-02-23,130006.9,Verified
INV-01728,PO-01728,2026-01-29,167984.48,Verified
INV-01729,PO-01729,2026-02-16,31605.9,Verified
INV-01730,PO-01730,2026-02-19,60550.19,Mismatch
INV-01731,PO-01731,2026-05-05,76187.28,Verified
INV-01732,PO-01732,2026-06-04,478356.35,Verified
INV-01733,PO-01733,2026-04-25,151774.64,Verified
INV-01734,PO-01734,2026-06-02,3793.7,Verified
INV-01735,PO-01735,2026-05-09,346531.76,Mismatch
INV-01736,PO-01736,2026-02-06,351083.2,Verified
INV-01737,PO-01737,2026-03-13,129120.76,Verified
INV-01738,PO-01738,2026-05-22,126005.04,Verified
INV-01739,PO-01739,2026-03-16,409506.63,Verified
INV-01740,PO-01740,2026-05-14,117210.1,Verified
INV-01741,PO-01741,2026-02-19,55589.4,Verified
INV-01742,PO-01742,2026-06-09,106681.43,Verified
INV-01743,PO-01743,2026-05-03,117323.3,Verified
INV-01744,PO-01744,2026-07-06,145647.68,Verified
INV-01745,PO-01745,2026-05-26,691807.68,Verified
INV-01746,PO-01746,2026-03-05,209515.02,Verified
INV-01747,PO-01747,2026-04-24,291003.12,Verified
INV-01748,PO-01748,2026-06-19,60277.31,Verified
INV-01749,PO-01749,2026-02-20,62006.22,Mismatch
INV-01750,PO-01750,2026-03-31,362790.87,Verified
INV-01751,PO-01751,2026-02-19,154189.0,Verified
INV-01752,PO-01752,2026-05-17,78670.72,Verified
INV-01753,PO-01753,2026-04-09,265659.6,Verified
INV-01754,PO-01754,2026-03-05,294011.76,Verified
INV-01755,PO-01755,2026-04-14,226048.05,Verified
INV-01756,PO-01756,2026-03-26,323060.94,Mismatch
INV-01757,PO-01757,2026-01-29,263986.42,Verified
INV-01758,PO-01758,2026-01-27,488207.88,Verified
INV-01759,PO-01759,2026-06-05,123518.0,Verified
INV-01760,PO-01760,2026-05-10,389141.82,Verified
INV-01761,PO-01761,2026-04-17,33317.26,Verified
INV-01762,PO-01762,2026-02-28,14681.52,Verified
INV-01763,PO-01763,2026-03-16,245735.13,Verified
INV-01764,PO-01764,2026-02-06,62551.65,Verified
INV-01765,PO-01765,2026-04-08,678877.2,Verified
INV-01766,PO-01766,2026-02-26,78746.68,Mismatch
INV-01767,PO-01767,2026-04-28,88941.0,Verified
INV-01768,PO-01768,2026-05-19,96912.96,Verified
INV-01769,PO-01769,2026-03-02,22796.02,Verified
INV-01770,PO-01770,2026-02-26,97912.1,Verified
INV-01771,PO-01771,2026-04-29,129524.74,Mismatch
INV-01772,PO-01772,2026-03-15,267363.76,Mismatch
INV-01773,PO-01773,2026-05-03,468.6,Verified
INV-01774,PO-01774,2026-01-27,131102.76,Verified
INV-01775,PO-01775,2026-04-21,226928.8,Verified
INV-01776,PO-01776,2026-03-15,121729.72,Mismatch
INV-01777,PO-01777,2026-04-10,47258.9,Verified
INV-01778,PO-01778,2026-05-03,356627.02,Verified
INV-01779,PO-01779,2026-01-26,195495.58,Verified
INV-01780,PO-01780,2026-05-13,313307.84,Verified
INV-01781,PO-01781,2026-06-02,261038.47,Verified
INV-01782,PO-01782,2026-02-23,207252.36,Verified
INV-01783,PO-01783,2026-02-13,229277.12,Verified
INV-01784,PO-01784,2026-03-06,312514.37,Mismatch
INV-01785,PO-01785,2026-05-31,25818.48,Verified
INV-01786,PO-01786,2026-02-06,88797.52,Verified
INV-01787,PO-01787,2026-04-05,324329.22,Mismatch
INV-01788,PO-01788,2026-03-18,26283.6,Verified
INV-01789,PO-01789,2026-03-26,445605.6,Verified
INV-01790,PO-01790,2026-02-15,404617.5,Verified
INV-01791,PO-01791,2026-02-03,596204.16,Verified
INV-01792,PO-01792,2026-05-22,211113.09,Verified
INV-01793,PO-01793,2026-06-18,216606.39,Verified
INV-01794,PO-01794,2026-03-13,31243.24,Verified
INV-01795,PO-01795,2026-06-13,256505.4,Verified
INV-01796,PO-01796,2026-03-30,23596.95,Mismatch
INV-01797,PO-01797,2026-01-28,193761.49,Verified
INV-01798,PO-01798,2026-04-28,31959.98,Verified
INV-01799,PO-01799,2026-04-01,78326.96,Verified
INV-01800,PO-01800,2026-06-07,4245.0,Verified
INV-01801,PO-01801,2026-04-15,374972.64,Verified
INV-01802,PO-01802,2026-05-20,101054.88,Verified
INV-01803,PO-01803,2026-03-23,224357.04,Verified
INV-01804,PO-01804,2026-05-23,617293.74,Verified
INV-01805,PO-01805,2026-06-16,483588.84,Verified
INV-01806,PO-01806,2026-03-23,15621.62,Verified
INV-01807,PO-01807,2026-05-22,33108.03,Verified
INV-01808,PO-01808,2026-04-17,77087.68,Verified
INV-01809,PO-01809,2026-06-05,85554.7,Verified
INV-01810,PO-01810,2026-01-21,22239.25,Verified
INV-01811,PO-01811,2026-06-05,205136.4,Verified
INV-01812,PO-01812,2026-03-13,250201.24,Verified
INV-01813,PO-01813,2026-06-10,124273.05,Verified
INV-01814,PO-01814,2026-03-06,127152.62,Verified
INV-01815,PO-01815,2026-03-12,365325.24,Verified
INV-01816,PO-01816,2026-03-13,38050.8,Verified
INV-01817,PO-01817,2026-05-28,166180.56,Verified
INV-01818,PO-01818,2026-06-01,48217.6,Verified
INV-01819,PO-01819,2026-01-19,390.77,Verified
INV-01820,PO-01820,2026-06-12,424227.44,Mismatch
INV-01821,PO-01821,2026-05-14,7815.4,Verified
INV-01822,PO-01822,2026-04-01,79273.5,Verified
INV-01823,PO-01823,2026-05-25,25219.36,Verified
INV-01824,PO-01824,2026-03-29,272441.25,Verified
INV-01825,PO-01825,2026-05-10,178963.68,Verified
INV-01826,PO-01826,2026-02-27,140386.5,Verified
INV-01827,PO-01827,2026-05-24,62749.63,Mismatch
INV-01828,PO-01828,2026-01-26,191901.96,Verified
INV-01829,PO-01829,2026-03-16,437904.48,Verified
INV-01830,PO-01830,2026-06-11,336935.5,Mismatch
INV-01831,PO-01831,2026-04-11,183331.5,Verified
INV-01832,PO-01832,2026-03-03,333590.64,Verified
INV-01833,PO-01833,2026-04-13,375867.84,Verified
INV-01834,PO-01834,2026-02-03,248022.06,Verified
INV-01835,PO-01835,2026-07-06,2377.08,Verified
INV-01836,PO-01836,2026-05-24,3013.6,Verified
INV-01837,PO-01837,2026-03-15,298898.38,Verified
INV-01838,PO-01838,2026-05-30,522639.8,Verified
INV-01839,PO-01839,2026-02-04,596204.16,Verified
INV-01840,PO-01840,2026-05-14,19412.82,Verified
INV-01841,PO-01841,2026-05-31,15957.4,Verified
INV-01842,PO-01842,2026-03-11,39525.76,Verified
INV-01843,PO-01843,2026-05-05,37829.04,Verified
INV-01844,PO-01844,2026-06-23,400320.96,Verified
INV-01845,PO-01845,2026-04-17,307022.25,Verified
INV-01846,PO-01846,2026-05-09,310123.84,Verified
INV-01847,PO-01847,2026-01-24,9889.98,Verified
INV-01848,PO-01848,2026-05-20,18422.04,Verified
INV-01849,PO-01849,2026-03-04,56890.62,Verified
INV-01850,PO-01850,2026-05-26,128968.38,Verified
INV-01851,PO-01851,2026-06-02,74174.85,Verified
INV-01852,PO-01852,2026-05-15,92507.8,Verified
INV-01853,PO-01853,2026-02-24,223198.0,Verified
INV-01854,PO-01854,2026-04-26,355347.52,Verified
INV-01855,PO-01855,2026-03-19,45385.76,Verified
INV-01856,PO-01856,2026-06-18,390991.16,Verified
INV-01857,PO-01857,2026-05-27,254883.44,Verified
INV-01858,PO-01858,2026-02-16,276717.98,Mismatch
INV-01859,PO-01859,2026-02-11,61075.08,Mismatch
INV-01860,PO-01860,2026-06-15,94706.69,Mismatch
INV-01861,PO-01861,2026-02-16,48179.8,Verified
INV-01862,PO-01862,2026-01-14,332889.58,Verified
INV-01863,PO-01863,2026-04-06,16832.53,Verified
INV-01864,PO-01864,2026-05-16,130072.09,Verified
INV-01865,PO-01865,2026-03-08,317700.32,Verified
INV-01866,PO-01866,2026-06-24,291003.12,Verified
INV-01867,PO-01867,2026-04-28,781.54,Verified
INV-01868,PO-01868,2026-05-08,81926.82,Verified
INV-01869,PO-01869,2026-02-26,403804.0,Verified
INV-01870,PO-01870,2026-05-05,277933.5,Verified
INV-01871,PO-01871,2026-04-11,89048.8,Verified
INV-01872,PO-01872,2026-04-10,233345.84,Verified
INV-01873,PO-01873,2026-05-05,339197.95,Verified
INV-01874,PO-01874,2026-04-01,287737.89,Verified
INV-01875,PO-01875,2026-03-28,209515.02,Verified
INV-01876,PO-01876,2026-04-09,183630.2,Verified
INV-01877,PO-01877,2026-04-05,93501.24,Verified
INV-01878,PO-01878,2026-06-11,116672.92,Verified
INV-01879,PO-01879,2026-04-12,197838.86,Mismatch
INV-01880,PO-01880,2026-06-05,137293.36,Verified
INV-01881,PO-01881,2026-06-03,207477.76,Verified
INV-01882,PO-01882,2026-05-19,361482.8,Verified
INV-01883,PO-01883,2026-02-10,81740.97,Verified
INV-01884,PO-01884,2026-01-30,131804.75,Verified
INV-01885,PO-01885,2026-05-16,379.37,Verified
INV-01886,PO-01886,2026-03-20,544594.83,Verified
INV-01887,PO-01887,2026-05-31,230061.5,Verified
INV-01888,PO-01888,2026-03-10,26498.89,Verified
INV-01889,PO-01889,2026-05-24,145647.68,Verified
INV-01890,PO-01890,2026-02-21,634602.6,Verified
INV-01891,PO-01891,2026-05-12,557755.98,Verified
INV-01892,PO-01892,2026-05-01,79801.68,Verified
INV-01893,PO-01893,2026-05-05,138761.7,Verified
INV-01894,PO-01894,2026-03-12,142762.05,Verified
INV-01895,PO-01895,2026-05-04,145369.44,Verified
INV-01896,PO-01896,2026-03-25,336046.21,Verified
INV-01897,PO-01897,2026-05-17,170663.04,Verified
INV-01898,PO-01898,2026-05-06,245015.22,Verified
INV-01899,PO-01899,2026-04-09,252376.62,Verified
INV-01900,PO-01900,2026-02-10,359297.26,Verified
INV-01901,PO-01901,2026-06-05,374392.9,Verified
INV-01902,PO-01902,2026-05-07,135089.79,Verified
INV-01903,PO-01903,2026-02-11,93729.72,Verified
INV-01904,PO-01904,2026-05-05,71526.45,Mismatch
INV-01905,PO-01905,2026-03-26,512192.1,Verified
INV-01906,PO-01906,2026-03-09,158075.94,Verified
INV-01907,PO-01907,2026-05-26,36411.92,Verified
INV-01908,PO-01908,2026-03-15,230602.56,Verified
INV-01909,PO-01909,2026-03-22,177774.0,Verified
INV-01910,PO-01910,2026-05-15,474646.55,Verified
INV-01911,PO-01911,2026-06-22,73000.98,Verified
INV-01912,PO-01912,2026-03-07,45894.15,Verified
INV-01913,PO-01913,2026-04-10,57374.4,Verified
INV-01914,PO-01914,2026-05-29,184526.65,Verified
INV-01915,PO-01915,2026-03-31,207782.39,Verified
INV-01916,PO-01916,2026-05-16,109126.17,Verified
INV-01917,PO-01917,2026-03-13,164792.93,Verified
INV-01918,PO-01918,2026-05-13,135570.6,Verified
INV-01919,PO-01919,2026-02-06,142704.54,Verified
INV-01920,PO-01920,2026-02-17,234661.68,Verified
INV-01921,PO-01921,2026-01-29,131102.76,Verified
INV-01922,PO-01922,2026-04-18,8320.2,Verified
INV-01923,PO-01923,2026-06-07,306528.25,Verified
INV-01924,PO-01924,2026-03-27,228004.8,Verified
INV-01925,PO-01925,2026-03-02,111115.55,Verified
INV-01926,PO-01926,2026-05-05,116333.28,Verified
INV-01927,PO-01927,2026-03-01,87903.42,Mismatch
INV-01928,PO-01928,2026-05-18,523428.0,Verified
INV-01929,PO-01929,2026-05-28,63214.36,Verified
INV-01930,PO-01930,2026-07-01,381843.93,Verified
INV-01931,PO-01931,2026-03-18,121396.11,Verified
INV-01932,PO-01932,2026-01-29,144126.6,Verified
INV-01933,PO-01933,2026-03-25,199790.25,Verified
INV-01934,PO-01934,2026-05-01,27043.06,Verified
INV-01935,PO-01935,2026-04-12,143926.47,Verified
INV-01936,PO-01936,2026-04-22,291295.36,Verified
INV-01937,PO-01937,2026-06-06,60253.6,Verified
INV-01938,PO-01938,2026-04-14,37927.08,Verified
INV-01939,PO-01939,2026-01-25,138770.1,Verified
INV-01940,PO-01940,2026-01-08,162712.09,Mismatch
INV-01941,PO-01941,2026-06-14,33048.61,Verified
INV-01942,PO-01942,2026-02-06,271775.4,Verified
INV-01943,PO-01943,2026-02-18,6474.05,Verified
INV-01944,PO-01944,2026-02-27,129518.76,Verified
INV-01945,PO-01945,2026-05-30,144404.26,Verified
INV-01946,PO-01946,2026-05-15,257908.56,Verified
INV-01947,PO-01947,2026-05-12,64041.28,Verified
INV-01948,PO-01948,2026-01-31,56532.56,Verified
INV-01949,PO-01949,2026-02-23,182662.62,Verified
INV-01950,PO-01950,2026-05-15,144092.88,Verified
INV-01951,PO-01951,2026-03-08,35420.56,Mismatch
INV-01952,PO-01952,2026-01-25,343084.1,Verified
INV-01953,PO-01953,2026-05-26,562685.1,Verified
INV-01954,PO-01954,2026-01-10,134443.1,Verified
INV-01955,PO-01955,2026-03-22,90874.5,Verified
INV-01956,PO-01956,2026-01-21,246975.09,Mismatch
INV-01957,PO-01957,2026-05-20,399622.52,Verified
INV-01958,PO-01958,2026-06-03,134163.51,Verified
INV-01959,PO-01959,2026-05-12,317700.32,Verified
INV-01960,PO-01960,2026-04-27,205863.25,Verified
INV-01961,PO-01961,2026-06-01,99611.25,Verified
INV-01962,PO-01962,2026-01-25,4940.72,Verified
INV-01963,PO-01963,2026-03-05,51892.56,Verified
INV-01964,PO-01964,2026-06-08,143669.0,Verified
INV-01965,PO-01965,2026-02-06,247961.88,Verified
INV-01966,PO-01966,2026-03-19,232452.15,Verified
INV-01967,PO-01967,2026-05-02,28250.8,Verified
INV-01968,PO-01968,2026-03-10,153603.67,Verified
INV-01969,PO-01969,2026-02-25,107932.3,Verified
INV-01970,PO-01970,2026-02-15,41547.6,Verified
INV-01971,PO-01971,2026-03-04,489543.5,Verified
INV-01972,PO-01972,2026-06-10,19025.4,Verified
INV-01973,PO-01973,2026-04-18,26795.57,Verified
INV-01974,PO-01974,2026-01-26,298833.75,Verified
INV-01975,PO-01975,2026-04-23,62164.08,Mismatch
INV-01976,PO-01976,2026-03-12,674754.0,Verified
INV-01977,PO-01977,2026-03-28,179494.35,Verified
INV-01978,PO-01978,2026-01-27,122604.03,Verified
INV-01979,PO-01979,2026-04-19,27754.02,Verified
INV-01980,PO-01980,2026-03-01,18589.13,Verified
INV-01981,PO-01981,2026-04-20,24928.56,Verified
INV-01982,PO-01982,2026-03-27,61406.8,Verified
INV-01983,PO-01983,2026-01-31,374918.88,Verified
INV-01984,PO-01984,2026-01-31,36023.22,Verified
INV-01985,PO-01985,2026-04-10,78484.0,Verified
INV-01986,PO-01986,2026-06-18,206040.1,Verified
INV-01987,PO-01987,2026-06-07,250200.6,Verified
INV-01988,PO-01988,2026-01-26,34803.0,Verified
INV-01989,PO-01989,2026-02-08,13965.19,Mismatch
INV-01990,PO-01990,2026-05-16,53628.66,Mismatch
INV-01991,PO-01991,2026-02-22,630025.2,Verified
INV-01992,PO-01992,2026-05-15,360853.68,Verified
INV-01993,PO-01993,2026-02-02,694980.5,Verified
INV-01994,PO-01994,2026-06-08,360002.45,Verified
INV-01995,PO-01995,2026-04-20,115030.75,Verified
INV-01996,PO-01996,2026-04-27,268327.02,Verified
INV-01997,PO-01997,2026-02-24,19271.92,Verified
INV-01998,PO-01998,2026-02-17,20736.15,Mismatch
INV-01999,PO-01999,2026-02-12,268445.52,Verified
INV-02000,PO-02000,2026-01-12,112283.2,Verified
INV-02001,PO-02001,2026-05-01,568952.56,Verified
INV-02002,PO-02002,2026-02-20,132602.54,Verified
INV-02003,PO-02003,2026-03-23,406839.9,Verified
INV-02004,PO-02004,2026-05-15,165667.27,Verified
INV-02005,PO-02005,2026-03-07,490583.8,Verified
INV-02006,PO-02006,2026-03-15,280708.0,Verified
INV-02007,PO-02007,2026-03-12,400320.96,Verified
INV-02008,PO-02008,2026-02-12,44740.92,Verified
INV-02009,PO-02009,2026-04-20,228600.67,Mismatch
INV-02010,PO-02010,2026-06-15,202569.52,Verified
INV-02011,PO-02011,2026-03-02,133399.44,Verified
INV-02012,PO-02012,2026-05-29,135048.86,Verified
INV-02013,PO-02013,2026-04-04,243018.75,Verified
INV-02014,PO-02014,2026-02-10,206020.5,Verified
INV-02015,PO-02015,2026-04-22,69944.18,Mismatch
INV-02016,PO-02016,2026-02-03,10488.54,Mismatch
INV-02017,PO-02017,2026-06-08,286205.64,Verified
INV-02018,PO-02018,2026-03-17,8698.22,Verified
INV-02019,PO-02019,2026-02-26,247023.04,Verified
INV-02020,PO-02020,2026-02-25,76652.17,Verified
INV-02021,PO-02021,2026-04-20,9691.37,Verified
INV-02022,PO-02022,2026-03-15,202563.18,Verified
INV-02023,PO-02023,2026-01-18,373928.4,Verified
INV-02024,PO-02024,2026-06-09,29002.5,Verified
INV-02025,PO-02025,2026-03-10,22800.48,Verified
INV-02026,PO-02026,2026-02-19,209263.92,Verified
INV-02027,PO-02027,2026-04-29,98204.33,Mismatch
INV-02028,PO-02028,2026-02-05,83783.82,Verified
INV-02029,PO-02029,2026-02-08,17584.65,Verified
INV-02030,PO-02030,2026-06-04,285006.8,Mismatch
INV-02031,PO-02031,2026-03-10,325621.28,Verified
INV-02032,PO-02032,2026-04-05,236061.5,Verified
INV-02033,PO-02033,2026-05-09,77584.44,Verified
INV-02034,PO-02034,2026-03-04,15468.0,Verified
INV-02035,PO-02035,2026-06-27,317881.55,Verified
INV-02036,PO-02036,2026-03-24,32418.4,Verified
INV-02037,PO-02037,2026-04-10,177673.76,Verified
INV-02038,PO-02038,2026-01-20,91665.75,Verified
INV-02039,PO-02039,2026-05-21,345015.72,Verified
INV-02040,PO-02040,2026-04-09,5746.76,Verified
INV-02041,PO-02041,2026-02-05,38157.24,Verified
INV-02042,PO-02042,2026-02-06,2733.5,Verified
INV-02043,PO-02043,2026-01-31,303064.52,Verified
INV-02044,PO-02044,2026-03-30,117530.4,Verified
INV-02045,PO-02045,2026-04-10,93729.72,Verified
INV-02046,PO-02046,2026-05-15,29607.48,Verified
INV-02047,PO-02047,2026-01-27,34369.75,Verified
INV-02048,PO-02048,2026-04-22,480263.6,Verified
INV-02049,PO-02049,2026-05-11,80760.8,Verified
INV-02050,PO-02050,2026-04-01,352366.17,Verified
INV-02051,PO-02051,2026-05-31,153903.24,Verified
INV-02052,PO-02052,2026-06-01,87677.0,Verified
INV-02053,PO-02053,2026-02-14,190859.76,Verified
INV-02054,PO-02054,2026-06-16,104391.56,Verified
INV-02055,PO-02055,2026-06-01,368955.0,Verified
INV-02056,PO-02056,2026-06-01,42049.0,Verified
INV-02057,PO-02057,2026-05-04,90630.45,Mismatch
INV-02058,PO-02058,2026-04-29,8320.2,Verified
INV-02059,PO-02059,2026-06-02,75061.98,Verified
INV-02060,PO-02060,2026-04-24,147666.4,Verified
INV-02061,PO-02061,2026-03-10,215831.0,Verified
INV-02062,PO-02062,2026-03-24,166037.25,Verified
INV-02063,PO-02063,2026-04-23,19581.74,Verified
INV-02064,PO-02064,2026-05-07,166768.2,Verified
INV-02065,PO-02065,2026-04-21,55855.88,Verified
INV-02066,PO-02066,2026-02-09,188931.12,Verified
INV-02067,PO-02067,2026-04-18,75823.18,Verified
INV-02068,PO-02068,2026-02-26,406839.9,Verified
INV-02069,PO-02069,2026-06-07,67369.92,Verified
INV-02070,PO-02070,2026-06-06,203419.95,Verified
INV-02071,PO-02071,2026-01-27,413713.6,Verified
INV-02072,PO-02072,2026-05-02,460170.89,Verified
INV-02073,PO-02073,2026-01-10,324799.3,Verified
INV-02074,PO-02074,2026-02-27,8547.35,Verified
INV-02075,PO-02075,2026-04-12,117530.4,Verified
INV-02076,PO-02076,2026-01-21,96712.7,Verified
INV-02077,PO-02077,2026-02-09,251767.88,Verified
INV-02078,PO-02078,2026-02-24,53591.14,Verified
INV-02079,PO-02079,2026-06-27,94020.85,Verified
INV-02080,PO-02080,2026-01-26,66378.42,Verified
INV-02081,PO-02081,2026-02-09,350274.78,Verified
INV-02082,PO-02082,2026-04-26,334492.8,Verified
INV-02083,PO-02083,2026-05-16,50876.32,Verified
INV-02084,PO-02084,2026-01-26,87237.5,Verified
INV-02085,PO-02085,2026-02-18,48954.35,Verified
INV-02086,PO-02086,2026-02-09,15063.4,Verified
INV-02087,PO-02087,2026-06-03,132194.44,Verified
INV-02088,PO-02088,2026-03-17,56887.68,Verified
INV-02089,PO-02089,2026-06-15,197145.74,Verified
INV-02090,PO-02090,2026-04-24,186941.2,Verified
INV-02091,PO-02091,2026-02-15,3128.66,Verified
INV-02092,PO-02092,2026-06-03,24601.39,Verified
INV-02093,PO-02093,2026-01-25,373634.04,Verified
INV-02094,PO-02094,2026-07-03,543544.95,Verified
INV-02095,PO-02095,2026-02-02,252376.62,Verified
INV-02096,PO-02096,2026-02-25,367038.0,Verified
INV-02097,PO-02097,2026-06-17,155677.68,Verified
INV-02098,PO-02098,2026-04-14,36715.32,Verified
INV-02099,PO-02099,2026-06-17,389194.2,Verified
INV-02100,PO-02100,2026-05-16,24724.95,Verified
INV-02101,PO-02101,2026-04-13,181240.74,Verified
INV-02102,PO-02102,2026-04-08,112283.2,Verified
INV-02103,PO-02103,2026-04-20,177594.14,Verified
INV-02104,PO-02104,2026-05-01,358580.69,Verified
INV-02105,PO-02105,2026-01-26,546.7,Verified
INV-02106,PO-02106,2026-03-16,112892.75,Verified
INV-02107,PO-02107,2026-05-01,81129.18,Verified
INV-02108,PO-02108,2026-01-14,13963.97,Verified
INV-02109,PO-02109,2026-04-27,202642.44,Verified
INV-02110,PO-02110,2026-03-02,31797.7,Verified
INV-02111,PO-02111,2026-04-07,92808.0,Verified
INV-02112,PO-02112,2026-04-26,129518.76,Verified
INV-02113,PO-02113,2026-02-03,188152.2,Verified
INV-02114,PO-02114,2026-05-04,50040.12,Verified
INV-02115,PO-02115,2026-02-28,82609.47,Verified
INV-02116,PO-02116,2026-01-28,503516.49,Verified
INV-02117,PO-02117,2026-02-23,233676.5,Verified
INV-02118,PO-02118,2026-05-06,180694.93,Verified
INV-02119,PO-02119,2026-02-03,175541.6,Verified
INV-02120,PO-02120,2026-02-18,146340.6,Verified
INV-02121,PO-02121,2026-02-15,63829.6,Verified
INV-02122,PO-02122,2026-03-19,516537.0,Verified
INV-02123,PO-02123,2026-05-03,238822.43,Verified
INV-02124,PO-02124,2026-03-30,51627.66,Verified
INV-02125,PO-02125,2026-04-04,66216.06,Verified
INV-02126,PO-02126,2026-03-07,236677.48,Verified
INV-02127,PO-02127,2026-02-27,75436.45,Mismatch
INV-02128,PO-02128,2026-02-08,67581.53,Verified
INV-02129,PO-02129,2026-03-11,267905.64,Verified
INV-02130,PO-02130,2026-04-15,53126.0,Verified
INV-02131,PO-02131,2026-06-04,91665.75,Verified
INV-02132,PO-02132,2026-01-23,249981.76,Verified
INV-02133,PO-02133,2026-05-17,10300.68,Verified
INV-02134,PO-02134,2026-01-25,50232.9,Verified
INV-02135,PO-02135,2026-03-06,23506.26,Mismatch
INV-02136,PO-02136,2026-01-12,117093.11,Verified
INV-02137,PO-02137,2026-02-11,203518.77,Verified
INV-02138,PO-02138,2026-02-06,196178.08,Verified
INV-02139,PO-02139,2026-06-13,24228.24,Verified
INV-02140,PO-02140,2026-06-07,101764.74,Verified
INV-02141,PO-02141,2026-04-15,201664.65,Verified
INV-02142,PO-02142,2026-02-10,81129.18,Verified
INV-02143,PO-02143,2026-05-13,190859.76,Verified
INV-02144,PO-02144,2026-03-08,165218.94,Verified
INV-02145,PO-02145,2026-02-02,158103.04,Verified
INV-02146,PO-02146,2026-06-10,85710.69,Verified
INV-02147,PO-02147,2026-06-11,274799.7,Verified
INV-02148,PO-02148,2026-05-05,48522.0,Verified
INV-02149,PO-02149,2026-01-16,658026.32,Verified
INV-02150,PO-02150,2026-06-08,259427.88,Verified
INV-02151,PO-02151,2026-04-08,63919.96,Verified
INV-02152,PO-02152,2026-03-26,8276.28,Verified
INV-02153,PO-02153,2026-06-22,99622.35,Verified
INV-02154,PO-02154,2026-06-12,104391.56,Verified
INV-02155,PO-02155,2026-03-06,139065.96,Verified
INV-02156,PO-02156,2026-05-15,102817.66,Verified
INV-02157,PO-02157,2026-02-17,57644.6,Mismatch
INV-02158,PO-02158,2026-05-30,14681.52,Verified
INV-02159,PO-02159,2026-03-27,193570.43,Verified
INV-02160,PO-02160,2026-02-10,57881.72,Verified
INV-02161,PO-02161,2026-06-14,187459.44,Verified
INV-02162,PO-02162,2026-02-14,203518.77,Verified
INV-02163,PO-02163,2026-03-08,292868.75,Verified
INV-02164,PO-02164,2026-03-25,19046.82,Verified
INV-02165,PO-02165,2026-02-15,197175.08,Mismatch
INV-02166,PO-02166,2026-05-01,225785.5,Verified
INV-02167,PO-02167,2026-02-17,44923.68,Verified
INV-02168,PO-02168,2026-05-05,10550.79,Verified
INV-02169,PO-02169,2026-06-18,71295.34,Verified
INV-02170,PO-02170,2026-02-22,129584.8,Verified
INV-02171,PO-02171,2026-06-16,539803.2,Verified
INV-02172,PO-02172,2026-03-31,139909.88,Verified
INV-02173,PO-02173,2026-01-29,569884.01,Verified
INV-02174,PO-02174,2026-01-27,203518.77,Verified
INV-02175,PO-02175,2026-04-01,265830.88,Verified
INV-02176,PO-02176,2026-02-12,565016.0,Verified
INV-02177,PO-02177,2026-02-18,136915.67,Verified
INV-02178,PO-02178,2026-05-01,18756.96,Verified
INV-02179,PO-02179,2026-04-08,305474.5,Verified
INV-02180,PO-02180,2026-02-23,89279.2,Verified
INV-02181,PO-02181,2026-04-14,8927.92,Verified
INV-02182,PO-02182,2026-04-27,508514.4,Verified
INV-02183,PO-02183,2026-06-01,10513.44,Verified
INV-02184,PO-02184,2026-03-09,84169.92,Verified
INV-02185,PO-02185,2026-05-20,150463.11,Verified
INV-02186,PO-02186,2026-05-29,140290.56,Mismatch
INV-02187,PO-02187,2026-01-21,588023.52,Verified
INV-02188,PO-02188,2026-05-17,298898.38,Verified
INV-02189,PO-02189,2026-01-29,218732.01,Mismatch
INV-02190,PO-02190,2026-04-30,631991.21,Verified
INV-02191,PO-02191,2026-04-05,161672.17,Verified
INV-02192,PO-02192,2026-03-17,124625.0,Verified
INV-02193,PO-02193,2026-06-07,216189.9,Verified
INV-02194,PO-02194,2026-03-29,120886.32,Verified
INV-02195,PO-02195,2026-02-25,12125.13,Verified
INV-02196,PO-02196,2026-05-24,191454.92,Verified
INV-02197,PO-02197,2026-05-31,34614.93,Verified
INV-02198,PO-02198,2026-03-13,116190.9,Verified
INV-02199,PO-02199,2026-02-03,74964.91,Mismatch
INV-02200,PO-02200,2026-05-15,219038.43,Verified
INV-02201,PO-02201,2026-06-07,307591.35,Mismatch
INV-02202,PO-02202,2026-03-08,374972.64,Verified
INV-02203,PO-02203,2026-02-11,637382.51,Verified
INV-02204,PO-02204,2026-01-21,201835.2,Verified
INV-02205,PO-02205,2026-02-11,220571.04,Verified
INV-02206,PO-02206,2026-03-11,180999.7,Verified
INV-02207,PO-02207,2026-01-29,531898.74,Verified
INV-02208,PO-02208,2026-02-15,148221.6,Verified
INV-02209,PO-02209,2026-02-17,77765.76,Verified
INV-02210,PO-02210,2026-04-29,114935.2,Verified
INV-02211,PO-02211,2026-03-05,633498.95,Verified
INV-02212,PO-02212,2026-03-03,168071.15,Verified
INV-02213,PO-02213,2026-03-19,603562.68,Verified
INV-02214,PO-02214,2026-05-25,39900.84,Verified
INV-02215,PO-02215,2026-06-22,240569.12,Verified
INV-02216,PO-02216,2026-02-26,5737.44,Verified
INV-02217,PO-02217,2026-04-12,318756.0,Verified
INV-02218,PO-02218,2026-06-20,89847.36,Verified
INV-02219,PO-02219,2026-03-22,10941.56,Verified
INV-02220,PO-02220,2026-06-02,25020.06,Verified
INV-02221,PO-02221,2026-03-03,111711.76,Verified
INV-02222,PO-02222,2026-05-14,75766.13,Verified
INV-02223,PO-02223,2026-05-08,29516.4,Verified
INV-02224,PO-02224,2026-02-18,66588.9,Verified
INV-02225,PO-02225,2026-01-12,103445.92,Verified
INV-02226,PO-02226,2026-05-13,217975.92,Verified
INV-02227,PO-02227,2026-02-03,152224.32,Verified
INV-02228,PO-02228,2026-03-19,79450.01,Verified
INV-02229,PO-02229,2026-02-10,3169.44,Verified
INV-02230,PO-02230,2026-05-05,151612.19,Mismatch
INV-02231,PO-02231,2026-05-24,11228.32,Verified
INV-02232,PO-02232,2026-05-04,45385.76,Verified
INV-02233,PO-02233,2026-05-16,37549.49,Verified
INV-02234,PO-02234,2026-05-12,60277.31,Verified
INV-02235,PO-02235,2026-05-26,1358.4,Verified
INV-02236,PO-02236,2026-01-17,220445.12,Verified
INV-02237,PO-02237,2026-04-30,27874.1,Verified
INV-02238,PO-02238,2026-04-06,406016.24,Verified
INV-02239,PO-02239,2026-04-29,14343.6,Verified
INV-02240,PO-02240,2026-05-19,99324.09,Verified
INV-02241,PO-02241,2026-04-09,1563.08,Verified
INV-02242,PO-02242,2026-05-14,588023.52,Verified
INV-02243,PO-02243,2026-06-26,3826.9,Verified
INV-02244,PO-02244,2026-06-11,15854.5,Verified
INV-02245,PO-02245,2026-02-03,491368.12,Verified
INV-02246,PO-02246,2026-05-01,261712.5,Verified
INV-02247,PO-02247,2026-05-09,528891.87,Verified
INV-02248,PO-02248,2026-02-08,128082.56,Verified
INV-02249,PO-02249,2026-05-29,145501.56,Verified
INV-02250,PO-02250,2026-03-21,93873.68,Verified
INV-02251,PO-02251,2026-05-15,11093.04,Verified
INV-02252,PO-02252,2026-01-22,186571.35,Verified
INV-02253,PO-02253,2026-02-11,599293.15,Verified
INV-02254,PO-02254,2026-02-23,408704.85,Verified
INV-02255,PO-02255,2026-02-20,70761.25,Verified
INV-02256,PO-02256,2026-06-02,270064.0,Verified
INV-02257,PO-02257,2026-03-04,23464.95,Verified
INV-02258,PO-02258,2026-06-08,7008.96,Verified
INV-02259,PO-02259,2026-06-06,401504.08,Mismatch
INV-02260,PO-02260,2026-03-15,209978.08,Verified
INV-02261,PO-02261,2026-03-14,859.1,Verified
INV-02262,PO-02262,2026-06-27,216604.56,Verified
INV-02263,PO-02263,2026-01-25,305474.5,Verified
INV-02264,PO-02264,2026-06-26,290634.56,Verified
INV-02265,PO-02265,2026-03-05,529108.92,Verified
INV-02266,PO-02266,2026-04-18,543091.08,Verified
INV-02267,PO-02267,2026-02-10,341894.0,Verified
INV-02268,PO-02268,2026-04-10,183436.11,Verified
INV-02269,PO-02269,2026-05-08,103483.76,Mismatch
INV-02270,PO-02270,2026-06-13,80351.28,Verified
INV-02271,PO-02271,2026-03-31,194597.1,Verified
INV-02272,PO-02272,2026-02-22,45365.57,Verified
INV-02273,PO-02273,2026-04-27,137756.6,Verified
INV-02274,PO-02274,2026-06-22,150825.47,Verified
INV-02275,PO-02275,2026-05-16,47345.58,Verified
INV-02276,PO-02276,2026-03-12,2577.3,Verified
INV-02277,PO-02277,2026-01-22,1698.0,Verified
INV-02278,PO-02278,2026-05-01,116109.95,Verified
INV-02279,PO-02279,2026-05-05,667181.28,Verified
INV-02280,PO-02280,2026-03-29,29607.48,Verified
INV-02281,PO-02281,2026-04-25,4138.14,Verified
INV-02282,PO-02282,2026-06-12,15537.72,Verified
INV-02283,PO-02283,2026-04-14,348773.2,Verified
INV-02284,PO-02284,2026-06-24,151642.59,Verified
INV-02285,PO-02285,2026-02-10,562685.1,Verified
INV-02286,PO-02286,2026-02-18,126428.72,Verified
INV-02287,PO-02287,2026-03-24,58726.08,Verified
INV-02288,PO-02288,2026-05-14,535813.04,Verified
INV-02289,PO-02289,2026-03-22,542224.2,Verified
INV-02290,PO-02290,2026-04-05,2458.46,Verified
INV-02291,PO-02291,2026-02-22,57482.16,Verified
INV-02292,PO-02292,2026-04-30,542453.2,Verified
INV-02293,PO-02293,2026-04-25,95680.42,Verified
INV-02294,PO-02294,2026-04-05,488738.95,Verified
INV-02295,PO-02295,2026-04-05,8005.16,Verified
INV-02296,PO-02296,2026-05-01,104631.96,Verified
INV-02297,PO-02297,2026-03-31,326513.85,Verified
INV-02298,PO-02298,2026-01-25,34480.56,Verified
INV-02299,PO-02299,2026-05-28,35070.8,Verified
INV-02300,PO-02300,2026-02-03,176235.66,Verified
INV-02301,PO-02301,2026-02-17,236853.17,Mismatch
INV-02302,PO-02302,2026-01-13,282523.68,Verified
INV-02303,PO-02303,2026-05-17,117382.13,Verified
INV-02304,PO-02304,2026-05-24,42236.91,Verified
INV-02305,PO-02305,2026-05-06,29363.04,Verified
INV-02306,PO-02306,2026-03-18,205342.16,Verified
INV-02307,PO-02307,2026-05-29,17338.31,Verified
INV-02308,PO-02308,2026-05-31,151376.4,Verified
INV-02309,PO-02309,2026-05-23,22022.28,Verified
INV-02310,PO-02310,2026-03-26,156441.12,Verified
INV-02311,PO-02311,2026-02-03,121942.1,Verified
INV-02312,PO-02312,2026-02-13,133954.4,Verified
INV-02313,PO-02313,2026-05-28,48337.5,Verified
INV-02314,PO-02314,2026-05-26,39893.5,Verified
INV-02315,PO-02315,2026-03-31,21428.29,Verified
INV-02316,PO-02316,2026-04-10,197628.8,Verified
INV-02317,PO-02317,2026-03-07,457123.68,Verified
INV-02318,PO-02318,2026-05-17,60625.65,Verified
INV-02319,PO-02319,2026-03-03,110222.56,Verified
INV-02320,PO-02320,2026-05-30,144879.43,Verified
INV-02321,PO-02321,2026-05-07,185015.6,Verified
INV-02322,PO-02322,2026-03-21,206634.9,Verified
INV-02323,PO-02323,2026-06-10,109011.36,Verified
INV-02324,PO-02324,2026-02-20,28552.41,Verified
INV-02325,PO-02325,2026-04-03,24928.56,Verified
INV-02326,PO-02326,2026-03-15,366211.86,Verified
INV-02327,PO-02327,2026-03-02,129731.4,Verified
INV-02328,PO-02328,2026-02-01,2655.4,Verified
INV-02329,PO-02329,2026-06-25,18162.75,Verified
INV-02330,PO-02330,2026-03-01,142762.05,Verified
INV-02331,PO-02331,2026-05-08,605086.2,Verified
INV-02332,PO-02332,2026-04-22,123804.33,Verified
INV-02333,PO-02333,2026-04-04,433451.34,Verified
INV-02334,PO-02334,2026-06-16,364155.75,Verified
INV-02335,PO-02335,2026-03-16,77155.76,Verified
INV-02336,PO-02336,2026-01-17,7164.91,Verified
INV-02337,PO-02337,2026-04-13,177673.76,Verified
INV-02338,PO-02338,2026-05-09,3448.45,Verified
INV-02339,PO-02339,2026-04-12,45204.0,Verified
INV-02340,PO-02340,2026-05-05,303190.6,Verified
INV-02341,PO-02341,2026-01-30,33794.81,Verified
INV-02342,PO-02342,2026-06-03,451853.5,Verified
INV-02343,PO-02343,2026-03-05,90813.75,Verified
INV-02344,PO-02344,2026-05-22,319280.53,Mismatch
INV-02345,PO-02345,2026-03-09,392571.0,Verified
INV-02346,PO-02346,2026-03-29,284453.1,Verified
INV-02347,PO-02347,2026-05-15,303128.25,Verified
INV-02348,PO-02348,2026-06-06,242870.9,Mismatch
INV-02349,PO-02349,2026-02-14,51284.1,Verified
INV-02350,PO-02350,2026-05-16,103932.98,Mismatch
INV-02351,PO-02351,2026-04-10,109126.17,Verified
INV-02352,PO-02352,2026-03-09,2967.8,Verified
INV-02353,PO-02353,2026-03-16,467033.04,Verified
INV-02354,PO-02354,2026-04-24,116648.64,Verified
INV-02355,PO-02355,2026-02-08,362988.5,Verified
INV-02356,PO-02356,2026-02-07,42557.67,Verified
INV-02357,PO-02357,2026-05-17,51098.23,Verified
INV-02358,PO-02358,2026-06-09,51843.84,Verified
INV-02359,PO-02359,2026-02-19,55072.98,Verified
INV-02360,PO-02360,2026-02-03,457504.2,Verified
INV-02361,PO-02361,2026-06-03,294741.36,Verified
INV-02362,PO-02362,2026-05-07,2276.22,Verified
INV-02363,PO-02363,2026-04-19,111115.55,Verified
INV-02364,PO-02364,2026-02-02,6359.54,Verified
INV-02365,PO-02365,2026-02-07,7810.8,Verified
INV-02366,PO-02366,2026-03-23,47286.3,Verified
INV-02367,PO-02367,2026-05-15,51098.23,Verified
INV-02368,PO-02368,2026-03-04,161521.6,Verified
INV-02369,PO-02369,2026-03-18,40683.99,Verified
INV-02370,PO-02370,2026-03-06,43172.92,Verified
INV-02371,PO-02371,2026-05-09,112484.3,Verified
INV-02372,PO-02372,2026-04-26,138340.16,Verified
INV-02373,PO-02373,2026-03-23,129673.6,Verified
INV-02374,PO-02374,2026-03-12,2758.76,Verified
INV-02375,PO-02375,2026-05-04,9378.48,Verified
INV-02376,PO-02376,2026-04-23,106315.06,Verified
INV-02377,PO-02377,2026-01-22,8606.16,Verified
INV-02378,PO-02378,2026-01-31,39844.5,Verified
INV-02379,PO-02379,2026-05-31,78108.1,Verified
INV-02380,PO-02380,2026-05-16,59191.59,Mismatch
INV-02381,PO-02381,2026-04-29,235542.6,Verified
INV-02382,PO-02382,2026-03-14,136915.67,Verified
INV-02383,PO-02383,2026-01-30,49044.52,Verified
INV-02384,PO-02384,2026-04-22,365618.88,Verified
INV-02385,PO-02385,2026-04-15,98003.92,Verified
INV-02386,PO-02386,2026-02-18,596764.44,Verified
INV-02387,PO-02387,2026-01-16,245291.9,Verified
INV-02388,PO-02388,2026-04-02,32020.64,Verified
INV-02389,PO-02389,2026-02-19,112309.2,Verified
INV-02390,PO-02390,2026-02-17,44398.76,Verified
INV-02391,PO-02391,2026-03-10,139519.6,Verified
INV-02392,PO-02392,2026-01-25,257132.07,Verified
INV-02393,PO-02393,2026-01-27,52086.55,Mismatch
INV-02394,PO-02394,2026-05-28,95597.18,Verified
INV-02395,PO-02395,2026-03-16,62636.54,Verified
INV-02396,PO-02396,2026-03-23,94146.25,Verified
INV-02397,PO-02397,2026-04-09,29780.63,Verified
INV-02398,PO-02398,2026-05-15,2030.6,Verified
INV-02399,PO-02399,2026-05-12,574022.96,Verified
INV-02400,PO-02400,2026-03-15,5330.61,Verified
INV-02401,PO-02401,2026-06-15,319691.03,Verified
INV-02402,PO-02402,2026-05-25,80970.48,Verified
INV-02403,PO-02403,2026-03-15,137087.5,Verified
INV-02404,PO-02404,2026-04-29,3565.8,Verified
INV-02405,PO-02405,2026-02-12,89048.8,Verified
INV-02406,PO-02406,2026-03-20,470380.5,Verified
INV-02407,PO-02407,2026-04-25,328048.8,Verified
INV-02408,PO-02408,2026-01-15,130179.21,Mismatch
INV-02409,PO-02409,2026-03-04,542224.2,Verified
INV-02410,PO-02410,2026-02-21,516666.89,Verified
INV-02411,PO-02411,2026-04-24,323098.71,Verified
INV-02412,PO-02412,2026-04-14,293243.37,Verified
INV-02413,PO-02413,2026-05-15,30960.81,Verified
INV-02414,PO-02414,2026-04-09,28304.5,Verified
INV-02415,PO-02415,2026-02-25,235542.6,Verified
INV-02416,PO-02416,2026-02-12,658026.32,Verified
INV-02417,PO-02417,2026-01-19,54505.68,Verified
INV-02418,PO-02418,2026-02-19,244103.94,Verified
INV-02419,PO-02419,2026-03-22,10358.48,Verified
INV-02420,PO-02420,2026-06-19,51301.08,Verified
INV-02421,PO-02421,2026-02-26,494427.44,Mismatch
INV-02422,PO-02422,2026-02-24,506179.35,Verified
INV-02423,PO-02423,2026-04-23,47769.53,Mismatch
INV-02424,PO-02424,2026-05-04,49044.52,Verified
INV-02425,PO-02425,2026-05-03,39900.84,Verified
INV-02426,PO-02426,2026-02-21,24015.48,Verified
INV-02427,PO-02427,2026-05-30,142214.05,Verified
INV-02428,PO-02428,2026-02-25,28157.94,Verified
INV-02429,PO-02429,2026-04-26,47218.24,Mismatch
INV-02430,PO-02430,2026-06-05,378015.12,Verified
INV-02431,PO-02431,2026-05-07,63211.8,Verified
INV-02432,PO-02432,2026-05-08,358245.5,Verified
INV-02433,PO-02433,2026-03-24,79443.65,Verified
INV-02434,PO-02434,2026-03-17,154504.14,Verified
INV-02435,PO-02435,2026-05-06,116758.26,Verified
INV-02436,PO-02436,2026-02-05,278798.24,Verified
INV-02437,PO-02437,2026-06-08,72241.89,Verified
INV-02438,PO-02438,2026-06-05,546.7,Verified
INV-02439,PO-02439,2026-03-01,46864.86,Verified
INV-02440,PO-02440,2026-03-30,70297.29,Verified
INV-02441,PO-02441,2026-05-07,107932.3,Verified
INV-02442,PO-02442,2026-04-03,30703.4,Verified
INV-02443,PO-02443,2026-06-01,100056.06,Verified
INV-02444,PO-02444,2026-04-28,15173.18,Verified
INV-02445,PO-02445,2026-06-26,132035.42,Mismatch
INV-02446,PO-02446,2026-05-19,123518.0,Verified
INV-02447,PO-02447,2026-01-24,63684.87,Mismatch
INV-02448,PO-02448,2026-01-12,126853.6,Verified
INV-02449,PO-02449,2026-03-10,239896.16,Verified
INV-02450,PO-02450,2026-05-18,199244.7,Verified
INV-02451,PO-02451,2026-03-02,14017.92,Verified
INV-02452,PO-02452,2026-02-14,256926.6,Verified
INV-02453,PO-02453,2026-02-22,100308.74,Verified
INV-02454,PO-02454,2026-05-18,95873.4,Verified
INV-02455,PO-02455,2026-02-02,71832.64,Mismatch
INV-02456,PO-02456,2026-01-30,110532.24,Verified
INV-02457,PO-02457,2026-04-25,458612.55,Verified
INV-02458,PO-02458,2026-03-25,57881.72,Verified
INV-02459,PO-02459,2026-01-28,143705.4,Verified
INV-02460,PO-02460,2026-05-06,383650.52,Verified
INV-02461,PO-02461,2026-03-26,298660.32,Verified
INV-02462,PO-02462,2026-03-02,187486.32,Verified
INV-02463,PO-02463,2026-01-31,323728.01,Verified
INV-02464,PO-02464,2026-03-06,177595.04,Verified
INV-02465,PO-02465,2026-03-30,500402.48,Verified
INV-02466,PO-02466,2026-05-23,227574.5,Verified
INV-02467,PO-02467,2026-02-26,526002.75,Verified
INV-02468,PO-02468,2026-03-27,208893.59,Verified
INV-02469,PO-02469,2026-04-04,316059.0,Verified
INV-02470,PO-02470,2026-03-01,135108.24,Verified
INV-02471,PO-02471,2026-03-15,192859.24,Verified
INV-02472,PO-02472,2026-01-29,90408.0,Verified
INV-02473,PO-02473,2026-04-30,75766.13,Verified
INV-02474,PO-02474,2026-04-23,6896.9,Verified
INV-02475,PO-02475,2026-06-23,15537.72,Verified
INV-02476,PO-02476,2026-05-05,284543.73,Verified
INV-02477,PO-02477,2026-03-22,64836.8,Verified
INV-02478,PO-02478,2026-06-10,249856.99,Verified
INV-02479,PO-02479,2026-06-04,570282.24,Verified
INV-02480,PO-02480,2026-03-28,155729.35,Mismatch
INV-02481,PO-02481,2026-03-14,29779.96,Mismatch
INV-02482,PO-02482,2026-02-06,121172.62,Mismatch
INV-02483,PO-02483,2026-03-25,77252.07,Verified
INV-02484,PO-02484,2026-02-12,310453.27,Mismatch
INV-02485,PO-02485,2026-03-03,251975.62,Verified
INV-02486,PO-02486,2026-04-18,304125.5,Verified
INV-02487,PO-02487,2026-03-24,374023.46,Verified
INV-02488,PO-02488,2026-05-09,606256.5,Verified
INV-02489,PO-02489,2026-04-16,73566.78,Verified
INV-02490,PO-02490,2026-04-05,201088.24,Mismatch
INV-02491,PO-02491,2026-05-26,68836.88,Verified
INV-02492,PO-02492,2026-02-04,7301.4,Verified
INV-02493,PO-02493,2026-02-06,381426.31,Mismatch
INV-02494,PO-02494,2026-04-30,849.0,Verified
INV-02495,PO-02495,2026-06-07,118794.07,Mismatch
INV-02496,PO-02496,2026-02-07,232426.25,Verified
INV-02497,PO-02497,2026-04-27,562964.85,Verified
INV-02498,PO-02498,2026-02-14,80051.6,Verified
INV-02499,PO-02499,2026-02-24,19667.68,Verified
INV-02500,PO-02500,2026-01-27,169630.48,Verified
INV-02501,PO-02501,2026-04-08,66066.84,Verified
INV-02502,PO-02502,2026-04-29,431842.56,Verified
INV-02503,PO-02503,2026-05-10,145881.64,Verified
INV-02504,PO-02504,2026-03-23,191118.96,Verified
INV-02505,PO-02505,2026-05-23,31540.32,Verified
INV-02506,PO-02506,2026-05-17,525421.26,Verified
INV-02507,PO-02507,2026-03-19,519428.16,Mismatch
INV-02508,PO-02508,2026-02-26,54347.92,Verified
INV-02509,PO-02509,2026-05-24,165667.27,Verified
INV-02510,PO-02510,2026-04-30,230602.56,Verified
INV-02511,PO-02511,2026-04-05,23606.15,Verified
INV-02512,PO-02512,2026-03-01,661258.92,Verified
INV-02513,PO-02513,2026-04-14,185764.86,Verified
INV-02514,PO-02514,2026-01-27,53949.0,Verified
INV-02515,PO-02515,2026-02-26,273460.22,Verified
INV-02516,PO-02516,2026-02-09,386111.13,Mismatch
INV-02517,PO-02517,2026-02-17,151382.96,Verified
INV-02518,PO-02518,2026-05-09,415476.0,Verified
INV-02519,PO-02519,2026-01-24,242502.6,Verified
INV-02520,PO-02520,2026-02-26,1379.38,Verified
INV-02521,PO-02521,2026-03-02,69794.78,Verified
INV-02522,PO-02522,2026-05-24,465922.94,Verified
INV-02523,PO-02523,2026-01-18,500413.2,Verified
INV-02524,PO-02524,2026-03-26,40952.83,Verified
INV-02525,PO-02525,2026-04-26,247961.88,Verified
INV-02526,PO-02526,2026-04-06,305771.28,Verified
INV-02527,PO-02527,2026-03-26,80912.13,Mismatch
INV-02528,PO-02528,2026-01-26,345913.24,Verified
INV-02529,PO-02529,2026-06-10,678877.2,Verified
INV-02530,PO-02530,2026-07-04,47212.3,Verified
INV-02531,PO-02531,2026-05-16,22796.02,Verified
INV-02532,PO-02532,2026-03-30,344892.96,Verified
INV-02533,PO-02533,2026-03-08,275220.66,Verified
INV-02534,PO-02534,2026-03-07,188849.2,Verified
INV-02535,PO-02535,2026-02-11,55850.9,Verified
INV-02536,PO-02536,2026-03-11,199244.7,Verified
INV-02537,PO-02537,2026-04-26,186653.93,Mismatch
INV-02538,PO-02538,2026-04-08,185764.86,Verified
INV-02539,PO-02539,2026-02-19,488207.88,Verified
INV-02540,PO-02540,2026-02-25,71808.3,Verified
INV-02541,PO-02541,2026-05-23,48456.48,Verified
INV-02542,PO-02542,2026-03-04,56501.6,Verified
INV-02543,PO-02543,2026-03-30,295225.71,Verified
INV-02544,PO-02544,2026-04-21,8276.28,Verified
INV-02545,PO-02545,2026-04-30,53306.1,Verified
INV-02546,PO-02546,2026-02-25,78108.1,Verified
INV-02547,PO-02547,2026-06-18,7527.42,Verified
INV-02548,PO-02548,2026-03-26,415447.84,Verified
INV-02549,PO-02549,2026-03-02,78953.28,Verified
INV-02550,PO-02550,2026-03-21,470904.0,Verified
INV-02551,PO-02551,2026-05-15,100796.86,Verified
INV-02552,PO-02552,2026-04-22,129302.1,Verified
INV-02553,PO-02553,2026-02-20,199400.0,Verified
INV-02554,PO-02554,2026-03-17,12222.1,Verified
INV-02555,PO-02555,2026-02-26,268886.2,Verified
INV-02556,PO-02556,2026-04-23,562964.85,Verified
INV-02557,PO-02557,2026-02-28,173964.4,Verified
INV-02558,PO-02558,2026-05-31,387303.0,Verified
INV-02559,PO-02559,2026-01-21,383650.52,Verified
INV-02560,PO-02560,2026-03-14,625380.75,Verified
INV-02561,PO-02561,2026-05-07,179494.35,Verified
INV-02562,PO-02562,2026-03-06,69769.48,Verified
INV-02563,PO-02563,2026-01-10,17240.28,Verified
INV-02564,PO-02564,2026-02-03,73407.6,Verified
INV-02565,PO-02565,2026-02-04,460619.69,Mismatch
INV-02566,PO-02566,2026-03-18,98691.6,Verified
INV-02567,PO-02567,2026-03-27,43491.1,Verified
INV-02568,PO-02568,2026-05-28,88797.52,Verified
INV-02569,PO-02569,2026-06-15,70102.95,Verified
INV-02570,PO-02570,2026-02-13,66704.04,Verified
INV-02571,PO-02571,2026-04-20,30136.0,Verified
INV-02572,PO-02572,2026-05-27,311617.46,Verified
INV-02573,PO-02573,2026-04-07,173964.4,Verified
INV-02574,PO-02574,2026-01-31,391357.32,Verified
INV-02575,PO-02575,2026-03-21,182550.04,Verified
INV-02576,PO-02576,2026-04-02,33108.03,Verified
INV-02577,PO-02577,2026-02-17,172951.92,Verified
INV-02578,PO-02578,2026-01-14,412810.8,Verified
INV-02579,PO-02579,2026-02-25,66977.2,Verified
INV-02580,PO-02580,2026-03-05,242770.5,Verified
INV-02581,PO-02581,2026-02-28,5746.76,Verified
INV-02582,PO-02582,2026-05-13,78220.56,Verified
INV-02583,PO-02583,2026-01-18,247023.04,Verified
INV-02584,PO-02584,2026-03-17,66588.9,Verified
INV-02585,PO-02585,2026-03-23,3905.4,Verified
INV-02586,PO-02586,2026-05-04,22216.04,Verified
INV-02587,PO-02587,2026-06-12,6252.32,Verified
INV-02588,PO-02588,2026-06-07,69170.08,Verified
INV-02589,PO-02589,2026-05-10,77530.96,Verified
INV-02590,PO-02590,2026-02-24,488207.88,Verified
INV-02591,PO-02591,2026-01-11,91404.72,Verified
INV-02592,PO-02592,2026-03-03,90813.75,Verified
INV-02593,PO-02593,2026-05-18,50233.83,Mismatch
INV-02594,PO-02594,2026-05-06,8620.14,Verified
INV-02595,PO-02595,2026-07-03,94929.31,Verified
INV-02596,PO-02596,2026-03-24,11489.22,Verified
INV-02597,PO-02597,2026-05-30,368272.06,Verified
INV-02598,PO-02598,2026-06-02,66648.12,Verified
INV-02599,PO-02599,2026-02-27,144404.26,Verified
INV-02600,PO-02600,2026-04-23,18518.19,Mismatch
INV-02601,PO-02601,2026-04-12,234420.2,Verified
INV-02602,PO-02602,2026-05-07,12983.68,Mismatch
INV-02603,PO-02603,2026-03-18,64865.7,Verified
INV-02604,PO-02604,2026-05-18,199222.5,Verified
INV-02605,PO-02605,2026-03-30,29722.27,Verified
INV-02606,PO-02606,2026-06-05,108025.6,Verified
INV-02607,PO-02607,2026-04-01,74586.72,Verified
INV-02608,PO-02608,2026-05-02,60247.1,Verified
INV-02609,PO-02609,2026-05-28,31358.7,Verified
INV-02610,PO-02610,2026-05-16,184127.97,Verified
INV-02611,PO-02611,2026-06-02,441086.76,Verified
INV-02612,PO-02612,2026-01-27,607392.2,Verified
INV-02613,PO-02613,2026-05-17,339230.58,Verified
INV-02614,PO-02614,2026-03-01,24584.6,Verified
INV-02615,PO-02615,2026-04-21,616024.64,Verified
INV-02616,PO-02616,2026-05-03,66200.82,Verified
INV-02617,PO-02617,2026-05-06,191067.11,Verified
INV-02618,PO-02618,2026-05-26,528676.21,Verified
INV-02619,PO-02619,2026-06-08,28825.32,Verified
INV-02620,PO-02620,2026-05-07,93873.68,Verified
INV-02621,PO-02621,2026-02-15,242770.5,Verified
INV-02622,PO-02622,2026-06-02,217983.25,Verified
INV-02623,PO-02623,2026-03-06,220439.76,Verified
INV-02624,PO-02624,2026-02-22,82848.7,Verified
INV-02625,PO-02625,2026-05-04,39108.25,Verified
INV-02626,PO-02626,2026-04-06,93501.24,Verified
INV-02627,PO-02627,2026-05-28,85710.69,Verified
INV-02628,PO-02628,2026-03-13,1564.33,Verified
INV-02629,PO-02629,2026-02-28,696852.5,Verified
INV-02630,PO-02630,2026-05-16,176605.8,Verified
INV-02631,PO-02631,2026-04-22,321405.12,Verified
INV-02632,PO-02632,2026-06-14,47975.49,Verified
INV-02633,PO-02633,2026-02-05,311355.36,Verified
INV-02634,PO-02634,2026-02-03,51640.4,Verified
INV-02635,PO-02635,2026-03-29,154804.05,Verified
INV-02636,PO-02636,2026-04-28,75658.08,Verified
INV-02637,PO-02637,2026-02-26,413047.35,Verified
INV-02638,PO-02638,2026-03-17,36842.67,Verified
INV-02639,PO-02639,2026-05-20,160521.82,Verified
INV-02640,PO-02640,2026-01-27,339230.58,Verified
INV-02641,PO-02641,2026-01-27,504020.16,Verified
INV-02642,PO-02642,2026-05-16,485822.88,Verified
INV-02643,PO-02643,2026-02-02,259219.2,Verified
INV-02644,PO-02644,2026-04-09,102882.29,Verified
INV-02645,PO-02645,2026-04-22,347490.25,Verified
INV-02646,PO-02646,2026-05-25,345128.54,Verified
INV-02647,PO-02647,2026-03-18,239424.82,Mismatch
INV-02648,PO-02648,2026-05-03,74804.75,Verified
INV-02649,PO-02649,2026-02-05,139909.88,Verified
INV-02650,PO-02650,2026-05-28,26714.64,Verified
INV-02651,PO-02651,2026-06-02,43838.5,Verified
INV-02652,PO-02652,2026-05-25,250869.6,Verified
INV-02653,PO-02653,2026-04-11,207775.7,Verified
INV-02654,PO-02654,2026-03-07,418919.1,Verified
INV-02655,PO-02655,2026-03-14,355016.22,Verified
INV-02656,PO-02656,2026-02-18,32966.6,Verified
INV-02657,PO-02657,2026-04-21,281785.7,Mismatch
INV-02658,PO-02658,2026-05-25,293499.95,Mismatch
INV-02659,PO-02659,2026-03-24,44432.08,Verified
INV-02660,PO-02660,2026-06-02,3765.85,Verified
INV-02661,PO-02661,2026-06-10,404852.4,Verified
INV-02662,PO-02662,2026-04-13,547681.08,Verified
INV-02663,PO-02663,2026-02-16,390956.3,Verified
INV-02664,PO-02664,2026-01-20,361389.86,Verified
INV-02665,PO-02665,2026-02-21,4452.44,Verified
INV-02666,PO-02666,2026-06-16,69312.8,Verified
INV-02667,PO-02667,2026-03-03,515120.2,Verified
INV-02668,PO-02668,2026-02-03,1093.4,Verified
INV-02669,PO-02669,2026-04-30,122070.62,Verified
INV-02670,PO-02670,2026-02-25,460811.01,Verified
INV-02671,PO-02671,2026-06-14,59032.8,Verified
INV-02672,PO-02672,2026-05-30,57409.32,Mismatch
INV-02673,PO-02673,2026-02-06,20716.96,Verified
INV-02674,PO-02674,2026-04-15,146861.28,Verified
INV-02675,PO-02675,2026-02-17,199222.5,Verified
INV-02676,PO-02676,2026-06-22,337778.91,Verified
INV-02677,PO-02677,2026-04-03,105931.25,Verified
INV-02678,PO-02678,2026-02-20,40603.5,Verified
INV-02679,PO-02679,2026-04-09,100605.42,Mismatch
INV-02680,PO-02680,2026-02-24,392988.48,Verified
INV-02681,PO-02681,2026-04-06,78473.97,Verified
INV-02682,PO-02682,2026-03-24,97001.04,Verified
INV-02683,PO-02683,2026-03-30,41811.15,Verified
INV-02684,PO-02684,2026-03-27,117323.3,Verified
INV-02685,PO-02685,2026-06-18,53131.92,Verified
INV-02686,PO-02686,2026-04-14,166620.3,Verified
INV-02687,PO-02687,2026-02-11,76187.28,Verified
INV-02688,PO-02688,2026-03-17,491284.9,Verified
INV-02689,PO-02689,2026-05-19,339195.36,Verified
INV-02690,PO-02690,2026-03-30,12910.1,Verified
INV-02691,PO-02691,2026-03-24,35619.52,Verified
INV-02692,PO-02692,2026-03-08,3516.93,Verified
INV-02693,PO-02693,2026-04-09,145747.66,Mismatch
INV-02694,PO-02694,2026-02-17,351628.77,Verified
INV-02695,PO-02695,2026-03-17,70394.85,Verified
INV-02696,PO-02696,2026-02-12,720633.0,Verified
INV-02697,PO-02697,2026-02-11,44740.92,Verified
INV-02698,PO-02698,2026-03-03,607744.78,Verified
INV-02699,PO-02699,2026-02-23,195118.7,Verified
INV-02700,PO-02700,2026-02-06,31318.27,Verified
INV-02701,PO-02701,2026-03-01,12683.6,Verified
INV-02702,PO-02702,2026-05-07,88797.52,Verified
INV-02703,PO-02703,2026-02-24,158075.94,Verified
INV-02704,PO-02704,2026-01-24,398471.4,Verified
INV-02705,PO-02705,2026-06-20,4817.98,Verified
INV-02706,PO-02706,2026-05-20,12677.76,Verified
INV-02707,PO-02707,2026-06-13,391634.8,Verified
INV-02708,PO-02708,2026-01-17,73170.3,Verified
INV-02709,PO-02709,2026-06-09,312758.25,Verified
INV-02710,PO-02710,2026-02-27,622126.08,Verified
INV-02711,PO-02711,2026-05-29,116741.35,Verified
INV-02712,PO-02712,2026-03-27,156793.5,Verified
INV-02713,PO-02713,2026-02-12,232125.92,Verified
INV-02714,PO-02714,2026-03-14,675415.38,Verified
INV-02715,PO-02715,2026-06-17,172446.48,Verified
INV-02716,PO-02716,2026-03-13,338507.56,Verified
INV-02717,PO-02717,2026-03-01,3045.9,Verified
INV-02718,PO-02718,2026-03-11,512813.04,Verified
INV-02719,PO-02719,2026-04-30,29656.67,Verified
INV-02720,PO-02720,2026-03-15,32415.43,Verified
INV-02721,PO-02721,2026-03-30,179300.25,Verified
INV-02722,PO-02722,2026-05-07,91904.6,Verified
INV-02723,PO-02723,2026-06-07,38157.24,Verified
INV-02724,PO-02724,2026-06-19,51301.08,Verified
INV-02725,PO-02725,2026-02-08,427247.17,Verified
INV-02726,PO-02726,2026-05-03,133918.8,Verified
INV-02727,PO-02727,2026-06-02,58636.71,Verified
INV-02728,PO-02728,2026-04-11,13503.2,Verified
INV-02729,PO-02729,2026-03-07,12709.49,Mismatch
INV-02730,PO-02730,2026-01-06,4043.5,Verified
INV-02731,PO-02731,2026-03-12,33639.2,Verified
INV-02732,PO-02732,2026-06-07,97001.04,Verified
INV-02733,PO-02733,2026-01-25,454392.93,Verified
INV-02734,PO-02734,2026-03-23,66585.12,Verified
INV-02735,PO-02735,2026-02-02,84098.0,Verified
INV-02736,PO-02736,2026-06-01,16662.03,Verified
INV-02737,PO-02737,2026-03-06,64041.28,Verified
INV-02738,PO-02738,2026-02-15,117530.4,Verified
INV-02739,PO-02739,2026-03-22,17535.4,Verified
INV-02740,PO-02740,2026-04-02,254627.73,Verified
INV-02741,PO-02741,2026-04-25,477673.7,Verified
INV-02742,PO-02742,2026-03-31,136915.67,Verified
INV-02743,PO-02743,2026-02-13,367108.07,Verified
INV-02744,PO-02744,2026-05-31,124642.8,Verified
INV-02745,PO-02745,2026-01-15,127742.23,Verified
INV-02746,PO-02746,2026-05-16,143318.75,Verified
INV-02747,PO-02747,2026-04-23,27874.1,Verified
INV-02748,PO-02748,2026-03-06,255994.56,Verified
INV-02749,PO-02749,2026-06-06,373222.18,Verified
INV-02750,PO-02750,2026-06-07,8620.14,Verified
INV-02751,PO-02751,2026-03-11,18380.92,Verified
INV-02752,PO-02752,2026-06-03,188121.26,Verified
INV-02753,PO-02753,2026-03-25,56242.15,Verified
INV-02754,PO-02754,2026-01-26,9869.16,Verified
INV-02755,PO-02755,2026-05-22,132829.8,Verified
INV-02756,PO-02756,2026-04-08,209055.75,Verified
INV-02757,PO-02757,2026-04-22,155061.92,Verified
INV-02758,PO-02758,2026-03-11,85289.76,Verified
INV-02759,PO-02759,2026-02-14,291844.35,Verified
INV-02760,PO-02760,2026-05-09,108176.18,Mismatch
INV-02761,PO-02761,2026-04-19,22262.2,Verified
INV-02762,PO-02762,2026-05-01,246489.66,Verified
INV-02763,PO-02763,2026-02-21,1564.33,Verified
INV-02764,PO-02764,2026-06-01,157732.18,Mismatch
INV-02765,PO-02765,2026-04-14,375228.45,Verified
INV-02766,PO-02766,2026-06-07,530070.55,Verified
INV-02767,PO-02767,2026-04-26,9881.44,Verified
INV-02768,PO-02768,2026-04-02,357309.36,Verified
INV-02769,PO-02769,2026-03-05,166620.3,Verified
INV-02770,PO-02770,2026-03-21,184136.03,Verified
INV-02771,PO-02771,2026-01-28,70761.25,Verified
INV-02772,PO-02772,2026-05-10,4944.99,Verified
INV-02773,PO-02773,2026-05-01,86223.24,Verified
INV-02774,PO-02774,2026-03-14,7923.6,Verified
INV-02775,PO-02775,2026-01-20,663893.8,Verified
INV-02776,PO-02776,2026-01-28,79443.65,Verified
INV-02777,PO-02777,2026-06-14,9889.98,Verified
INV-02778,PO-02778,2026-02-01,58166.64,Verified
INV-02779,PO-02779,2026-02-14,198200.52,Verified
INV-02780,PO-02780,2026-05-11,661258.92,Verified
INV-02781,PO-02781,2026-02-13,309501.32,Verified
INV-02782,PO-02782,2026-01-13,54086.12,Verified
INV-02783,PO-02783,2026-02-27,16692.28,Verified
INV-02784,PO-02784,2026-06-03,357974.37,Verified
INV-02785,PO-02785,2026-05-10,101078.28,Verified
INV-02786,PO-02786,2026-05-23,309737.82,Verified
INV-02787,PO-02787,2026-03-26,21428.29,Verified
INV-02788,PO-02788,2026-02-08,74775.0,Verified
INV-02789,PO-02789,2026-06-07,12637.37,Mismatch
INV-02790,PO-02790,2026-04-02,19288.94,Verified
INV-02791,PO-02791,2026-05-11,631991.21,Verified
INV-02792,PO-02792,2026-05-26,118147.25,Verified
INV-02793,PO-02793,2026-02-12,174685.51,Verified
INV-02794,PO-02794,2026-03-01,198200.52,Verified
INV-02795,PO-02795,2026-04-18,89541.79,Verified
INV-02796,PO-02796,2026-03-10,45600.96,Verified
INV-02797,PO-02797,2026-06-11,22262.2,Verified
INV-02798,PO-02798,2026-04-11,7966.77,Verified
INV-02799,PO-02799,2026-03-02,134829.84,Verified
INV-02800,PO-02800,2026-03-27,69759.8,Verified
INV-02801,PO-02801,2026-02-07,448017.92,Verified
INV-02802,PO-02802,2026-05-19,342294.45,Mismatch
INV-02803,PO-02803,2026-04-17,177220.45,Verified
INV-02804,PO-02804,2026-02-07,195553.6,Verified
INV-02805,PO-02805,2026-04-22,231340.27,Verified
INV-02806,PO-02806,2026-02-24,157880.88,Verified
INV-02807,PO-02807,2026-04-01,191118.96,Verified
INV-02808,PO-02808,2026-01-21,117741.76,Verified
INV-02809,PO-02809,2026-05-24,55855.88,Verified
INV-02810,PO-02810,2026-04-11,4924.2,Verified
INV-02811,PO-02811,2026-03-31,66648.12,Verified
INV-02812,PO-02812,2026-06-14,381762.88,Verified
INV-02813,PO-02813,2026-05-14,50814.96,Verified
INV-02814,PO-02814,2026-02-27,197755.6,Verified
INV-02815,PO-02815,2026-03-19,114038.77,Verified
INV-02816,PO-02816,2026-04-20,95022.25,Verified
INV-02817,PO-02817,2026-02-05,83587.64,Verified
INV-02818,PO-02818,2026-02-26,236929.85,Verified
INV-02819,PO-02819,2026-05-28,101677.95,Verified
INV-02820,PO-02820,2026-05-03,84287.84,Verified
INV-02821,PO-02821,2026-05-07,528891.87,Verified
INV-02822,PO-02822,2026-04-11,109188.44,Verified
INV-02823,PO-02823,2026-03-30,175140.42,Verified
INV-02824,PO-02824,2026-05-08,162735.96,Verified
INV-02825,PO-02825,2026-05-11,159395.76,Verified
INV-02826,PO-02826,2026-05-01,70307.16,Verified
INV-02827,PO-02827,2026-03-07,55508.04,Verified
INV-02828,PO-02828,2026-06-29,19654.11,Verified
INV-02829,PO-02829,2026-03-03,600481.44,Verified
INV-02830,PO-02830,2026-02-19,41433.92,Verified
INV-02831,PO-02831,2026-05-02,112975.5,Verified
INV-02832,PO-02832,2026-03-03,270179.58,Verified
INV-02833,PO-02833,2026-03-29,184220.4,Verified
INV-02834,PO-02834,2026-04-20,66596.75,Verified
INV-02835,PO-02835,2026-05-07,174685.51,Verified
INV-02836,PO-02836,2026-03-31,18620.46,Verified
INV-02837,PO-02837,2026-02-13,79959.15,Verified
INV-02838,PO-02838,2026-05-20,14658.66,Verified
INV-02839,PO-02839,2026-03-11,48500.52,Verified
INV-02840,PO-02840,2026-05-11,73753.8,Verified
INV-02841,PO-02841,2026-04-16,294752.64,Verified
INV-02842,PO-02842,2026-02-05,94424.6,Verified
INV-02843,PO-02843,2026-05-20,5256.72,Verified
INV-02844,PO-02844,2026-06-15,140386.5,Verified
INV-02845,PO-02845,2026-04-08,343367.5,Verified
INV-02846,PO-02846,2026-06-09,247205.95,Mismatch
INV-02847,PO-02847,2026-03-12,127934.64,Verified
INV-02848,PO-02848,2026-04-19,69794.78,Verified
INV-02849,PO-02849,2026-03-29,60277.31,Verified
INV-02850,PO-02850,2026-03-16,330279.9,Mismatch
INV-02851,PO-02851,2026-03-01,75658.08,Verified
INV-02852,PO-02852,2026-02-19,135089.79,Verified
INV-02853,PO-02853,2026-05-18,573201.33,Verified
INV-02854,PO-02854,2026-02-10,18393.35,Verified
INV-02855,PO-02855,2026-06-17,158988.5,Verified
INV-02856,PO-02856,2026-02-13,44248.26,Verified
INV-02857,PO-02857,2026-04-28,197145.74,Verified
INV-02858,PO-02858,2026-03-09,619744.38,Verified
INV-02859,PO-02859,2026-03-30,574821.6,Verified
INV-02860,PO-02860,2026-03-24,619744.38,Verified
INV-02861,PO-02861,2026-03-31,131961.12,Verified
INV-02862,PO-02862,2026-03-18,202471.74,Verified
INV-02863,PO-02863,2026-02-15,14714.68,Verified
INV-02864,PO-02864,2026-05-22,73546.59,Mismatch
INV-02865,PO-02865,2026-04-19,28327.38,Verified
INV-02866,PO-02866,2026-03-31,143102.3,Verified
INV-02867,PO-02867,2026-03-28,12139.84,Verified
INV-02868,PO-02868,2026-03-22,243550.16,Verified
INV-02869,PO-02869,2026-02-10,129584.8,Verified
INV-02870,PO-02870,2026-04-06,297407.02,Verified
INV-02871,PO-02871,2026-06-03,74678.69,Verified
INV-02872,PO-02872,2026-01-26,88294.5,Verified
INV-02873,PO-02873,2026-05-03,628113.6,Verified
INV-02874,PO-02874,2026-03-26,11248.43,Verified
INV-02875,PO-02875,2026-04-21,125434.8,Verified
INV-02876,PO-02876,2026-06-13,148359.75,Verified
INV-02877,PO-02877,2026-04-01,238330.95,Verified
INV-02878,PO-02878,2026-05-11,42376.2,Verified
INV-02879,PO-02879,2026-01-07,76139.76,Verified
INV-02880,PO-02880,2026-01-26,401089.18,Verified
INV-02881,PO-02881,2026-02-06,42084.96,Verified
INV-02882,PO-02882,2026-03-06,18081.6,Verified
INV-02883,PO-02883,2026-05-03,146974.7,Verified
INV-02884,PO-02884,2026-04-12,435951.84,Verified
INV-02885,PO-02885,2026-05-17,59561.26,Verified
INV-02886,PO-02886,2026-01-15,56710.68,Verified
INV-02887,PO-02887,2026-02-08,533505.72,Verified
INV-02888,PO-02888,2026-05-09,237696.27,Verified
INV-02889,PO-02889,2026-04-06,320552.15,Verified
INV-02890,PO-02890,2026-02-24,456249.32,Verified
INV-02891,PO-02891,2026-06-02,31036.05,Verified
INV-02892,PO-02892,2026-04-06,70627.0,Verified
INV-02893,PO-02893,2026-02-11,56071.68,Verified
INV-02894,PO-02894,2026-03-01,353178.0,Verified
INV-02895,PO-02895,2026-03-24,203692.2,Mismatch
INV-02896,PO-02896,2026-04-09,164753.29,Verified
INV-02897,PO-02897,2026-03-08,628113.6,Verified
INV-02898,PO-02898,2026-04-28,214947.3,Verified
INV-02899,PO-02899,2026-03-21,89949.32,Mismatch
INV-02900,PO-02900,2026-04-14,390547.44,Verified
INV-02901,PO-02901,2026-01-16,199504.2,Verified
INV-02902,PO-02902,2026-02-09,364586.4,Verified
INV-02903,PO-02903,2026-03-17,77821.38,Verified
INV-02904,PO-02904,2026-05-01,164792.93,Verified
INV-02905,PO-02905,2026-05-08,166180.56,Verified
INV-02906,PO-02906,2026-04-28,300240.72,Verified
INV-02907,PO-02907,2026-02-26,234679.16,Verified
INV-02908,PO-02908,2026-06-07,265489.56,Verified
INV-02909,PO-02909,2026-01-27,9517.47,Verified
INV-02910,PO-02910,2026-03-15,558503.86,Verified
INV-02911,PO-02911,2026-02-01,197755.6,Verified
INV-02912,PO-02912,2026-05-14,343915.68,Verified
INV-02913,PO-02913,2026-05-31,15621.62,Verified
INV-02914,PO-02914,2026-06-14,447523.89,Verified
INV-02915,PO-02915,2026-04-14,258202.0,Verified
INV-02916,PO-02916,2026-06-15,335662.6,Verified
INV-02917,PO-02917,2026-04-10,73483.73,Mismatch
INV-02918,PO-02918,2026-04-01,13676.95,Verified
INV-02919,PO-02919,2026-01-19,77234.29,Verified
INV-02920,PO-02920,2026-06-08,114516.8,Verified
INV-02921,PO-02921,2026-06-05,122611.3,Verified
INV-02922,PO-02922,2026-03-15,12261.13,Verified
INV-02923,PO-02923,2026-03-26,13282.98,Verified
INV-02924,PO-02924,2026-02-05,251767.88,Verified
INV-02925,PO-02925,2026-03-03,117249.63,Mismatch
INV-02926,PO-02926,2026-03-01,191856.6,Verified
INV-02927,PO-02927,2026-06-03,137922.24,Verified
INV-02928,PO-02928,2026-02-09,330615.84,Verified
INV-02929,PO-02929,2026-04-27,64624.61,Verified
INV-02930,PO-02930,2026-03-28,547681.08,Verified
INV-02931,PO-02931,2026-02-20,521380.59,Verified
INV-02932,PO-02932,2026-04-16,76212.26,Verified
INV-02933,PO-02933,2026-04-29,194562.9,Verified
INV-02934,PO-02934,2026-05-26,73407.6,Verified
INV-02935,PO-02935,2026-06-22,89373.27,Mismatch
INV-02936,PO-02936,2026-01-22,475392.54,Verified
INV-02937,PO-02937,2026-05-11,452499.25,Verified
INV-02938,PO-02938,2026-04-30,203081.06,Verified
INV-02939,PO-02939,2026-05-29,418111.5,Verified
INV-02940,PO-02940,2026-05-07,7966.77,Verified
INV-02941,PO-02941,2026-03-27,426848.29,Mismatch
INV-02942,PO-02942,2026-03-18,109349.6,Verified
INV-02943,PO-02943,2026-03-03,129609.6,Verified
INV-02944,PO-02944,2026-04-19,245735.13,Verified
INV-02945,PO-02945,2026-04-03,45720.9,Mismatch
INV-02946,PO-02946,2026-03-16,36842.67,Verified
INV-02947,PO-02947,2026-05-24,86046.1,Verified
INV-02948,PO-02948,2026-04-05,23306.58,Verified
INV-02949,PO-02949,2026-02-21,243606.94,Verified
INV-02950,PO-02950,2026-05-09,22022.28,Verified
INV-02951,PO-02951,2026-05-29,291003.12,Verified
INV-02952,PO-02952,2026-02-28,461085.22,Verified
INV-02953,PO-02953,2026-04-22,303707.61,Verified
INV-02954,PO-02954,2026-06-01,41208.25,Verified
INV-02955,PO-02955,2026-06-22,25219.36,Verified
INV-02956,PO-02956,2026-05-01,161066.29,Verified
INV-02957,PO-02957,2026-05-03,5773.2,Verified
INV-02958,PO-02958,2026-03-23,79119.84,Verified
INV-02959,PO-02959,2026-02-26,12044.95,Verified
INV-02960,PO-02960,2026-06-09,62150.88,Verified
INV-02961,PO-02961,2026-03-17,5311.18,Verified
INV-02962,PO-02962,2026-03-13,569884.01,Verified
INV-02963,PO-02963,2026-02-18,64092.76,Mismatch
INV-02964,PO-02964,2026-03-28,189035.6,Verified
INV-02965,PO-02965,2026-01-26,30300.19,Mismatch
INV-02966,PO-02966,2026-05-13,29810.18,Verified
INV-02967,PO-02967,2026-02-25,345903.84,Verified
INV-02968,PO-02968,2026-02-08,202569.52,Verified
INV-02969,PO-02969,2026-05-08,24270.23,Mismatch
INV-02970,PO-02970,2026-04-05,229416.36,Verified
INV-02971,PO-02971,2026-04-03,132602.54,Verified
INV-02972,PO-02972,2026-02-02,61436.57,Verified
INV-02973,PO-02973,2026-05-15,225166.27,Verified
INV-02974,PO-02974,2026-02-19,475392.54,Verified
INV-02975,PO-02975,2026-03-02,21332.88,Verified
INV-02976,PO-02976,2026-04-08,313895.88,Verified
INV-02977,PO-02977,2026-06-04,289054.96,Mismatch
INV-02978,PO-02978,2026-04-07,254627.73,Verified
INV-02979,PO-02979,2026-05-25,18502.68,Verified
INV-02980,PO-02980,2026-03-02,92059.34,Verified
INV-02981,PO-02981,2026-01-27,13503.2,Verified
INV-02982,PO-02982,2026-02-17,252847.2,Verified
INV-02983,PO-02983,2026-03-31,285693.44,Verified
INV-02984,PO-02984,2026-01-28,80603.04,Verified
INV-02985,PO-02985,2026-02-12,71959.18,Verified
INV-02986,PO-02986,2026-02-08,71834.5,Verified
INV-02987,PO-02987,2026-01-28,290433.65,Mismatch
INV-02988,PO-02988,2026-01-28,46735.3,Verified
INV-02989,PO-02989,2026-04-13,418737.08,Verified
INV-02990,PO-02990,2026-03-24,82454.84,Verified
INV-02991,PO-02991,2026-04-14,635087.04,Verified
INV-02992,PO-02992,2026-06-03,430817.85,Verified
INV-02993,PO-02993,2026-03-09,77145.96,Mismatch
INV-02994,PO-02994,2026-03-09,71834.5,Verified
INV-02995,PO-02995,2026-04-18,35711.68,Verified
INV-02996,PO-02996,2026-03-13,216047.52,Verified
INV-02997,PO-02997,2026-02-21,380707.59,Verified
INV-02998,PO-02998,2026-05-23,270299.23,Verified
INV-02999,PO-02999,2026-06-09,50852.66,Verified
INV-03000,PO-03000,2026-05-04,8715.96,Verified
INV-03001,PO-03001,2026-05-12,100465.8,Verified
INV-03002,PO-03002,2026-01-11,1952.5,Verified
INV-03003,PO-03003,2026-01-21,4689.32,Mismatch
INV-03004,PO-03004,2026-06-07,139171.52,Verified
INV-03005,PO-03005,2026-03-12,609737.58,Verified
INV-03006,PO-03006,2026-05-10,37807.12,Verified
INV-03007,PO-03007,2026-06-06,401863.2,Verified
INV-03008,PO-03008,2026-02-26,146112.78,Verified
INV-03009,PO-03009,2026-05-26,145302.0,Verified
INV-03010,PO-03010,2026-06-14,252847.2,Verified
INV-03011,PO-03011,2026-01-26,383900.56,Verified
INV-03012,PO-03012,2026-02-22,528891.87,Verified
INV-03013,PO-03013,2026-04-11,5615.46,Verified
INV-03014,PO-03014,2026-06-18,416878.42,Verified
INV-03015,PO-03015,2026-04-06,533505.72,Verified
INV-03016,PO-03016,2026-05-21,364155.75,Verified
INV-03017,PO-03017,2026-05-06,131804.75,Verified
INV-03018,PO-03018,2026-01-25,8320.2,Verified
INV-03019,PO-03019,2026-01-29,475617.78,Verified
INV-03020,PO-03020,2026-04-11,434243.04,Verified
INV-03021,PO-03021,2026-04-27,40301.52,Verified
INV-03022,PO-03022,2026-04-14,52721.9,Verified
INV-03023,PO-03023,2026-03-27,118030.75,Verified
INV-03024,PO-03024,2026-03-11,7734.0,Verified
INV-03025,PO-03025,2026-02-21,126434.98,Verified
INV-03026,PO-03026,2026-05-22,345913.24,Verified
INV-03027,PO-03027,2026-04-21,620773.68,Verified
INV-03028,PO-03028,2026-06-07,365618.88,Verified
INV-03029,PO-03029,2026-03-26,2276.22,Verified
INV-03030,PO-03030,2026-01-20,27874.1,Verified
INV-03031,PO-03031,2026-05-11,649768.4,Verified
INV-03032,PO-03032,2026-03-06,84596.36,Verified
INV-03033,PO-03033,2026-06-17,86061.6,Verified
INV-03034,PO-03034,2026-03-27,17975.42,Verified
INV-03035,PO-03035,2026-03-02,19621.0,Verified
INV-03036,PO-03036,2026-01-25,147666.4,Verified
INV-03037,PO-03037,2026-04-06,7881.05,Verified
INV-03038,PO-03038,2026-02-03,269744.86,Verified
INV-03039,PO-03039,2026-02-13,358580.69,Verified
INV-03040,PO-03040,2026-03-11,557755.98,Verified
INV-03041,PO-03041,2026-03-29,634650.4,Verified
INV-03042,PO-03042,2026-05-11,71852.7,Verified
INV-03043,PO-03043,2026-05-03,161201.43,Verified
INV-03044,PO-03044,2026-02-04,213224.4,Verified
INV-03045,PO-03045,2026-02-17,191614.73,Verified
INV-03046,PO-03046,2026-02-16,566793.36,Verified
INV-03047,PO-03047,2026-04-27,82609.47,Verified
INV-03048,PO-03048,2026-05-02,129155.58,Verified
INV-03049,PO-03049,2026-04-20,60988.21,Verified
INV-03050,PO-03050,2026-05-21,135679.18,Verified
INV-03051,PO-03051,2026-06-21,53932.33,Verified
INV-03052,PO-03052,2026-01-18,89791.91,Verified
INV-03053,PO-03053,2026-02-13,63998.64,Verified
INV-03054,PO-03054,2026-04-25,404219.52,Verified
INV-03055,PO-03055,2026-02-08,110111.4,Verified
INV-03056,PO-03056,2026-02-03,26498.89,Verified
INV-03057,PO-03057,2026-05-31,255481.25,Verified
INV-03058,PO-03058,2026-06-03,210921.48,Verified
INV-03059,PO-03059,2026-03-02,133177.8,Verified
INV-03060,PO-03060,2026-06-03,312758.25,Verified
INV-03061,PO-03061,2026-03-26,266592.48,Verified
INV-03062,PO-03062,2026-05-03,185355.24,Verified
INV-03063,PO-03063,2026-03-09,58630.75,Verified
INV-03064,PO-03064,2026-02-19,124071.21,Verified
INV-03065,PO-03065,2026-02-23,60243.12,Verified
INV-03066,PO-03066,2026-04-14,262710.63,Verified
INV-03067,PO-03067,2026-05-18,75151.85,Mismatch
INV-03068,PO-03068,2026-02-02,34959.87,Verified
INV-03069,PO-03069,2026-03-31,323213.75,Verified
INV-03070,PO-03070,2026-02-25,7821.65,Verified
INV-03071,PO-03071,2026-03-27,97694.92,Verified
INV-03072,PO-03072,2026-01-17,25642.05,Verified
INV-03073,PO-03073,2026-01-20,167443.0,Verified
INV-03074,PO-03074,2026-02-26,109235.76,Verified
INV-03075,PO-03075,2026-02-01,25921.92,Verified
INV-03076,PO-03076,2026-02-25,415528.48,Verified
INV-03077,PO-03077,2026-05-27,78473.97,Verified
INV-03078,PO-03078,2026-02-24,358668.81,Mismatch
INV-03079,PO-03079,2026-04-08,325396.75,Verified
INV-03080,PO-03080,2026-04-03,205497.99,Mismatch
INV-03081,PO-03081,2026-06-17,660875.25,Verified
INV-03082,PO-03082,2026-05-26,181746.5,Mismatch
INV-03083,PO-03083,2026-04-03,188041.7,Verified
INV-03084,PO-03084,2026-05-18,29434.3,Verified
INV-03085,PO-03085,2026-05-08,291003.12,Verified
INV-03086,PO-03086,2026-04-04,613230.2,Verified
INV-03087,PO-03087,2026-03-21,120267.42,Verified
INV-03088,PO-03088,2026-05-27,32348.0,Verified
INV-03089,PO-03089,2026-03-21,115547.62,Verified
INV-03090,PO-03090,2026-02-22,350889.18,Verified
INV-03091,PO-03091,2026-02-28,318141.7,Verified
INV-03092,PO-03092,2026-04-26,437861.55,Verified
INV-03093,PO-03093,2026-02-24,159574.0,Verified
INV-03094,PO-03094,2026-05-05,4141.88,Mismatch
INV-03095,PO-03095,2026-03-05,90823.3,Verified
INV-03096,PO-03096,2026-05-17,305331.25,Verified
INV-03097,PO-03097,2026-04-10,36715.32,Verified
INV-03098,PO-03098,2026-05-17,390.5,Verified
INV-03099,PO-03099,2026-05-19,329506.58,Verified
INV-03100,PO-03100,2026-05-17,102406.12,Verified
INV-03101,PO-03101,2026-05-28,133408.08,Verified
INV-03102,PO-03102,2026-02-20,485541.0,Verified
INV-03103,PO-03103,2026-03-15,270189.92,Verified
INV-03104,PO-03104,2026-02-22,172951.92,Verified
INV-03105,PO-03105,2026-04-18,16483.3,Verified
INV-03106,PO-03106,2026-02-11,177728.32,Verified
INV-03107,PO-03107,2026-04-21,220222.8,Verified
INV-03108,PO-03108,2026-05-15,501733.8,Verified
INV-03109,PO-03109,2026-03-24,63418.0,Verified
INV-03110,PO-03110,2026-01-29,229634.16,Verified
INV-03111,PO-03111,2026-05-26,210308.85,Verified
INV-03112,PO-03112,2026-05-02,69170.08,Verified
INV-03113,PO-03113,2026-04-25,594140.8,Verified
INV-03114,PO-03114,2026-02-15,247364.52,Verified
INV-03115,PO-03115,2026-05-22,199428.48,Verified
INV-03116,PO-03116,2026-02-11,25438.16,Verified
INV-03117,PO-03117,2026-02-23,271775.4,Verified
INV-03118,PO-03118,2026-02-25,15854.5,Verified
INV-03119,PO-03119,2026-05-19,46256.7,Verified
INV-03120,PO-03120,2026-03-22,375228.45,Verified
INV-03121,PO-03121,2026-01-23,20905.8,Verified
INV-03122,PO-03122,2026-02-25,274214.16,Verified
INV-03123,PO-03123,2026-04-23,114981.9,Verified
INV-03124,PO-03124,2026-05-08,236061.5,Verified
INV-03125,PO-03125,2026-02-28,217176.58,Verified
INV-03126,PO-03126,2026-03-11,428540.16,Verified
INV-03127,PO-03127,2026-04-04,28250.8,Verified
INV-03128,PO-03128,2026-04-03,135637.9,Verified
INV-03129,PO-03129,2026-04-15,117924.66,Verified
INV-03130,PO-03130,2026-03-26,242792.35,Verified
INV-03131,PO-03131,2026-03-09,367260.4,Verified
INV-03132,PO-03132,2026-03-23,229216.23,Verified
INV-03133,PO-03133,2026-03-24,127075.96,Mismatch
INV-03134,PO-03134,2026-03-02,75539.68,Verified
INV-03135,PO-03135,2026-02-18,359392.31,Mismatch
INV-03136,PO-03136,2026-03-05,266186.07,Verified
INV-03137,PO-03137,2026-04-27,132714.31,Mismatch
INV-03138,PO-03138,2026-03-23,593439.0,Verified
INV-03139,PO-03139,2026-03-24,119662.9,Verified
INV-03140,PO-03140,2026-06-07,667072.8,Verified
INV-03141,PO-03141,2026-05-13,287410.8,Verified
INV-03142,PO-03142,2026-02-05,2377.2,Verified
INV-03143,PO-03143,2026-02-08,88829.72,Verified
INV-03144,PO-03144,2026-04-27,359949.76,Verified
INV-03145,PO-03145,2026-03-16,348999.84,Verified
INV-03146,PO-03146,2026-04-23,570282.24,Verified
INV-03147,PO-03147,2026-02-11,404219.52,Verified
INV-03148,PO-03148,2026-04-30,150698.7,Verified
INV-03149,PO-03149,2026-05-30,474646.55,Verified
INV-03150,PO-03150,2026-04-02,300247.92,Verified
INV-03151,PO-03151,2026-04-17,96913.7,Verified
INV-03152,PO-03152,2026-03-30,375300.9,Verified
INV-03153,PO-03153,2026-03-26,71551.15,Verified
INV-03154,PO-03154,2026-03-27,124668.32,Verified
INV-03155,PO-03155,2026-02-07,53949.0,Verified
INV-03156,PO-03156,2026-03-20,7966.77,Verified
INV-03157,PO-03157,2026-04-05,68543.75,Verified
INV-03158,PO-03158,2026-05-14,40485.24,Verified
INV-03159,PO-03159,2026-06-09,155452.01,Verified
INV-03160,PO-03160,2026-05-03,266655.48,Verified
INV-03161,PO-03161,2026-03-18,418737.08,Verified
INV-03162,PO-03162,2026-04-26,63967.32,Verified
INV-03163,PO-03163,2026-05-03,219510.9,Verified
INV-03164,PO-03164,2026-02-22,12642.36,Verified
INV-03165,PO-03165,2026-01-26,330615.84,Verified
INV-03166,PO-03166,2026-01-08,148021.44,Verified
INV-03167,PO-03167,2026-02-18,103317.45,Verified
INV-03168,PO-03168,2026-03-09,121455.72,Verified
INV-03169,PO-03169,2026-01-19,437861.55,Verified
INV-03170,PO-03170,2026-06-12,176178.24,Verified
INV-03171,PO-03171,2026-02-13,48847.46,Verified
INV-03172,PO-03172,2026-03-27,155954.37,Verified
INV-03173,PO-03173,2026-05-03,92655.09,Verified
INV-03174,PO-03174,2026-04-15,230602.56,Verified
INV-03175,PO-03175,2026-06-04,502702.92,Verified
INV-03176,PO-03176,2026-03-06,315253.38,Verified
INV-03177,PO-03177,2026-04-04,139909.88,Verified
INV-03178,PO-03178,2026-03-21,340690.32,Verified
INV-03179,PO-03179,2026-04-27,97255.2,Verified
INV-03180,PO-03180,2026-02-19,292681.2,Verified
INV-03181,PO-03181,2026-04-20,444112.2,Verified
INV-03182,PO-03182,2026-06-21,280405.8,Verified
INV-03183,PO-03183,2026-05-29,402167.34,Verified
INV-03184,PO-03184,2026-05-15,195118.7,Verified
INV-03185,PO-03185,2026-04-29,74776.48,Verified
INV-03186,PO-03186,2026-05-17,232961.47,Verified
INV-03187,PO-03187,2026-06-12,1171.5,Verified
INV-03188,PO-03188,2026-02-12,249285.6,Verified
INV-03189,PO-03189,2026-01-27,57482.16,Verified
INV-03190,PO-03190,2026-02-03,198138.36,Verified
INV-03191,PO-03191,2026-06-08,58868.6,Verified
INV-03192,PO-03192,2026-03-25,144404.26,Verified
INV-03193,PO-03193,2026-03-20,217455.5,Verified
INV-03194,PO-03194,2026-04-13,62495.44,Verified
INV-03195,PO-03195,2026-02-11,282027.88,Mismatch
INV-03196,PO-03196,2026-02-18,245291.9,Verified
INV-03197,PO-03197,2026-04-28,145370.55,Verified
INV-03198,PO-03198,2026-02-19,65980.56,Verified
INV-03199,PO-03199,2026-02-27,297095.46,Verified
INV-03200,PO-03200,2026-03-18,264967.85,Verified
INV-03201,PO-03201,2026-05-10,97281.45,Verified
INV-03202,PO-03202,2026-02-01,381843.93,Verified
INV-03203,PO-03203,2026-03-20,249292.02,Mismatch
INV-03204,PO-03204,2026-01-25,36786.7,Verified
INV-03205,PO-03205,2026-05-23,48456.85,Verified
INV-03206,PO-03206,2026-04-01,294621.36,Verified
INV-03207,PO-03207,2026-04-11,47630.91,Mismatch
INV-03208,PO-03208,2026-02-07,431592.0,Verified
INV-03209,PO-03209,2026-03-06,222112.21,Verified
INV-03210,PO-03210,2026-05-19,177594.14,Verified
INV-03211,PO-03211,2026-02-11,312080.22,Verified
INV-03212,PO-03212,2026-04-09,569791.35,Verified
INV-03213,PO-03213,2026-05-21,361999.4,Verified
INV-03214,PO-03214,2026-05-17,26897.91,Verified
INV-03215,PO-03215,2026-01-22,527228.59,Verified
INV-03216,PO-03216,2026-06-07,51869.44,Verified
INV-03217,PO-03217,2026-02-05,200265.56,Verified
INV-03218,PO-03218,2026-03-08,226990.68,Verified
INV-03219,PO-03219,2026-03-08,2021.75,Verified
INV-03220,PO-03220,2026-03-28,504443.1,Verified
INV-03221,PO-03221,2026-05-24,165667.27,Verified
INV-03222,PO-03222,2026-01-29,583243.2,Verified
INV-03223,PO-03223,2026-05-21,706270.0,Verified
INV-03224,PO-03224,2026-02-22,382134.22,Verified
INV-03225,PO-03225,2026-04-19,242135.11,Verified
INV-03226,PO-03226,2026-01-30,158029.5,Verified
INV-03227,PO-03227,2026-03-28,20001.01,Verified
INV-03228,PO-03228,2026-01-29,41281.08,Verified
INV-03229,PO-03229,2026-05-12,171312.62,Mismatch
INV-03230,PO-03230,2026-02-10,114152.4,Verified
INV-03231,PO-03231,2026-06-08,432883.07,Verified
INV-03232,PO-03232,2026-06-23,146815.2,Verified
INV-03233,PO-03233,2026-02-17,82562.16,Verified
INV-03234,PO-03234,2026-02-17,47822.71,Verified
INV-03235,PO-03235,2026-02-19,10622.36,Verified
INV-03236,PO-03236,2026-05-24,50734.4,Verified
INV-03237,PO-03237,2026-02-18,77520.74,Mismatch
INV-03238,PO-03238,2026-04-12,305331.25,Verified
INV-03239,PO-03239,2026-04-01,461093.5,Verified
INV-03240,PO-03240,2026-06-04,312882.24,Verified
INV-03241,PO-03241,2026-01-24,132432.12,Verified
INV-03242,PO-03242,2026-03-13,130857.0,Verified
INV-03243,PO-03243,2026-04-04,66588.9,Verified
INV-03244,PO-03244,2026-05-01,441472.5,Verified
INV-03245,PO-03245,2026-03-04,178067.12,Verified
INV-03246,PO-03246,2026-04-06,109838.51,Mismatch
INV-03247,PO-03247,2026-01-27,130789.95,Verified
INV-03248,PO-03248,2026-04-24,42049.0,Verified
INV-03249,PO-03249,2026-03-19,465506.64,Verified
INV-03250,PO-03250,2026-03-10,276765.52,Verified
INV-03251,PO-03251,2026-04-29,134739.84,Verified
INV-03252,PO-03252,2026-06-07,6735.06,Verified
INV-03253,PO-03253,2026-05-18,417787.18,Verified
INV-03254,PO-03254,2026-04-18,90499.85,Verified
INV-03255,PO-03255,2026-04-24,105122.5,Verified
INV-03256,PO-03256,2026-06-01,170663.04,Verified
INV-03257,PO-03257,2026-03-06,407663.1,Verified
INV-03258,PO-03258,2026-03-26,107864.66,Verified
INV-03259,PO-03259,2026-03-26,73688.16,Verified
INV-03260,PO-03260,2026-05-10,268625.37,Verified
INV-03261,PO-03261,2026-01-21,398935.0,Verified
INV-03262,PO-03262,2026-04-18,244771.75,Verified
INV-03263,PO-03263,2026-01-23,124990.88,Verified
INV-03264,PO-03264,2026-06-26,277933.5,Verified
INV-03265,PO-03265,2026-01-06,172110.94,Verified
INV-03266,PO-03266,2026-06-03,145370.55,Verified
INV-03267,PO-03267,2026-02-14,12222.1,Verified
INV-03268,PO-03268,2026-04-27,367436.75,Verified
INV-03269,PO-03269,2026-05-29,111880.08,Verified
INV-03270,PO-03270,2026-06-06,490525.0,Verified
INV-03271,PO-03271,2026-02-15,260049.88,Verified
INV-03272,PO-03272,2026-04-16,116672.92,Verified
INV-03273,PO-03273,2026-01-15,98605.41,Mismatch
INV-03274,PO-03274,2026-02-11,17975.42,Verified
INV-03275,PO-03275,2026-04-18,15770.16,Verified
INV-03276,PO-03276,2026-06-07,110532.84,Mismatch
INV-03277,PO-03277,2026-02-23,109327.4,Verified
INV-03278,PO-03278,2026-01-31,307207.34,Verified
INV-03279,PO-03279,2026-03-16,515330.54,Verified
INV-03280,PO-03280,2026-04-22,266510.64,Verified
INV-03281,PO-03281,2026-05-26,93470.6,Verified
INV-03282,PO-03282,2026-02-01,64832.88,Verified
INV-03283,PO-03283,2026-03-21,49099.12,Verified
INV-03284,PO-03284,2026-04-19,245208.06,Verified
INV-03285,PO-03285,2026-06-14,69819.85,Verified
INV-03286,PO-03286,2026-03-10,648048.0,Verified
INV-03287,PO-03287,2026-04-20,89791.91,Verified
INV-03288,PO-03288,2026-03-04,76314.48,Verified
INV-03289,PO-03289,2026-04-10,80178.28,Verified
INV-03290,PO-03290,2026-05-11,265315.43,Verified
INV-03291,PO-03291,2026-03-08,78953.28,Verified
INV-03292,PO-03292,2026-02-23,245707.75,Verified
INV-03293,PO-03293,2026-06-03,377027.19,Verified
INV-03294,PO-03294,2026-05-02,255869.28,Verified
INV-03295,PO-03295,2026-05-10,57524.04,Verified
INV-03296,PO-03296,2026-04-02,125987.81,Verified
INV-03297,PO-03297,2026-05-16,267905.64,Verified
INV-03298,PO-03298,2026-05-08,55855.88,Verified
INV-03299,PO-03299,2026-03-15,51133.77,Mismatch
INV-03300,PO-03300,2026-03-22,87007.5,Verified
INV-03301,PO-03301,2026-04-16,136915.67,Verified
INV-03302,PO-03302,2026-05-04,277551.75,Mismatch
INV-03303,PO-03303,2026-02-04,85074.0,Verified
INV-03304,PO-03304,2026-02-19,5470.78,Verified
INV-03305,PO-03305,2026-05-23,135089.79,Verified
INV-03306,PO-03306,2026-05-29,14370.54,Verified
INV-03307,PO-03307,2026-04-15,133296.24,Verified
INV-03308,PO-03308,2026-06-08,22011.77,Verified
INV-03309,PO-03309,2026-06-09,60625.65,Verified
INV-03310,PO-03310,2026-03-26,453981.36,Verified
INV-03311,PO-03311,2026-06-10,546053.4,Verified
INV-03312,PO-03312,2026-03-29,85066.02,Verified
INV-03313,PO-03313,2026-05-18,180741.4,Verified
INV-03314,PO-03314,2026-06-08,181030.36,Verified
INV-03315,PO-03315,2026-03-31,15847.2,Verified
INV-03316,PO-03316,2026-04-24,21036.78,Mismatch
INV-03317,PO-03317,2026-06-13,125103.3,Verified
INV-03318,PO-03318,2026-05-06,17975.42,Verified
INV-03319,PO-03319,2026-05-16,128666.44,Verified
INV-03320,PO-03320,2026-02-12,20001.01,Verified
INV-03321,PO-03321,2026-03-01,587985.51,Verified
INV-03322,PO-03322,2026-04-16,69312.8,Verified
INV-03323,PO-03323,2026-06-19,103202.7,Verified
INV-03324,PO-03324,2026-05-03,317977.0,Verified
INV-03325,PO-03325,2026-04-13,97747.79,Verified
INV-03326,PO-03326,2026-04-18,429831.15,Verified
INV-03327,PO-03327,2026-05-07,266530.5,Verified
INV-03328,PO-03328,2026-05-29,305943.96,Verified
INV-03329,PO-03329,2026-06-09,64137.53,Verified
INV-03330,PO-03330,2026-03-08,155145.26,Mismatch
INV-03331,PO-03331,2026-01-28,55167.35,Verified
INV-03332,PO-03332,2026-02-22,114152.4,Verified
INV-03333,PO-03333,2026-05-30,82562.16,Verified
INV-03334,PO-03334,2026-02-26,471589.44,Verified
INV-03335,PO-03335,2026-03-09,84752.4,Verified
INV-03336,PO-03336,2026-02-24,30346.36,Verified
INV-03337,PO-03337,2026-02-09,116074.82,Verified
INV-03338,PO-03338,2026-05-05,67839.59,Verified
INV-03339,PO-03339,2026-04-09,24601.39,Verified
INV-03340,PO-03340,2026-06-07,17396.44,Verified
INV-03341,PO-03341,2026-02-16,279819.76,Verified
INV-03342,PO-03342,2026-05-09,57140.46,Verified
INV-03343,PO-03343,2026-03-10,392369.85,Verified
INV-03344,PO-03344,2026-05-06,339260.96,Verified
INV-03345,PO-03345,2026-01-25,516502.72,Verified
INV-03346,PO-03346,2026-04-23,119475.98,Verified
INV-03347,PO-03347,2026-04-04,95512.45,Mismatch
INV-03348,PO-03348,2026-05-23,198080.96,Mismatch
INV-03349,PO-03349,2026-06-13,323213.75,Verified
INV-03350,PO-03350,2026-05-02,206614.8,Verified
INV-03351,PO-03351,2026-02-21,674754.0,Verified
INV-03352,PO-03352,2026-05-09,345015.72,Verified
INV-03353,PO-03353,2026-03-31,649219.57,Mismatch
INV-03354,PO-03354,2026-01-12,63449.8,Verified
INV-03355,PO-03355,2026-01-17,571007.25,Mismatch
INV-03356,PO-03356,2026-02-28,690781.09,Verified
INV-03357,PO-03357,2026-04-03,353135.0,Verified
INV-03358,PO-03358,2026-01-22,490583.8,Verified
INV-03359,PO-03359,2026-02-10,12510.33,Verified
INV-03360,PO-03360,2026-06-06,82848.7,Verified
INV-03361,PO-03361,2026-02-12,494930.92,Verified
INV-03362,PO-03362,2026-01-31,403554.48,Verified
INV-03363,PO-03363,2026-04-19,65609.76,Verified
INV-03364,PO-03364,2026-05-07,302712.5,Verified
INV-03365,PO-03365,2026-05-13,84752.4,Verified
INV-03366,PO-03366,2026-06-15,448017.92,Verified
INV-03367,PO-03367,2026-05-29,24108.8,Verified
INV-03368,PO-03368,2026-04-29,69312.8,Verified
INV-03369,PO-03369,2026-05-01,294621.36,Verified
INV-03370,PO-03370,2026-02-20,207375.36,Verified
INV-03371,PO-03371,2026-02-07,149702.84,Mismatch
INV-03372,PO-03372,2026-03-17,209308.44,Verified
INV-03373,PO-03373,2026-06-25,83783.82,Verified
INV-03374,PO-03374,2026-03-03,286637.5,Verified
INV-03375,PO-03375,2026-05-11,514201.95,Verified
INV-03376,PO-03376,2026-04-09,40025.8,Verified
INV-03377,PO-03377,2026-04-22,247686.48,Verified
INV-03378,PO-03378,2026-04-09,645505.0,Verified
INV-03379,PO-03379,2026-04-06,20012.9,Verified
INV-03380,PO-03380,2026-04-12,55167.35,Verified
INV-03381,PO-03381,2026-04-20,145302.0,Verified
INV-03382,PO-03382,2026-03-20,172446.48,Verified
INV-03383,PO-03383,2026-06-11,272270.75,Verified
INV-03384,PO-03384,2026-03-01,675415.38,Verified
INV-03385,PO-03385,2026-01-31,415140.48,Verified
INV-03386,PO-03386,2026-04-22,33149.6,Verified
INV-03387,PO-03387,2026-05-06,508514.4,Verified
INV-03388,PO-03388,2026-02-05,81740.97,Verified
INV-03389,PO-03389,2026-04-23,90963.02,Verified
INV-03390,PO-03390,2026-05-28,413123.2,Verified
INV-03391,PO-03391,2026-04-08,295243.92,Verified
INV-03392,PO-03392,2026-03-24,208757.28,Verified
INV-03393,PO-03393,2026-04-23,57076.2,Verified
INV-03394,PO-03394,2026-06-05,439765.9,Mismatch
INV-03395,PO-03395,2026-06-01,7301.4,Verified
INV-03396,PO-03396,2026-05-30,24549.56,Verified
INV-03397,PO-03397,2026-04-14,390540.19,Verified
INV-03398,PO-03398,2026-04-30,232961.47,Verified
INV-03399,PO-03399,2026-06-10,171939.04,Verified
INV-03400,PO-03400,2026-06-05,136157.28,Verified
INV-03401,PO-03401,2026-01-27,293726.1,Verified
INV-03402,PO-03402,2026-02-01,199712.42,Mismatch
INV-03403,PO-03403,2026-05-06,339260.96,Verified
INV-03404,PO-03404,2026-01-17,71808.3,Verified
INV-03405,PO-03405,2026-02-22,635643.0,Verified
INV-03406,PO-03406,2026-04-18,121775.08,Verified
INV-03407,PO-03407,2026-02-25,292193.0,Verified
INV-03408,PO-03408,2026-06-09,567095.68,Mismatch
INV-03409,PO-03409,2026-02-26,48976.84,Verified
INV-03410,PO-03410,2026-06-02,244771.75,Verified
INV-03411,PO-03411,2026-02-04,119680.5,Verified
INV-03412,PO-03412,2026-04-30,317700.32,Verified
INV-03413,PO-03413,2026-02-01,153162.32,Verified
INV-03414,PO-03414,2026-04-29,428553.45,Verified
INV-03415,PO-03415,2026-04-26,264353.49,Verified
INV-03416,PO-03416,2026-04-29,285584.07,Verified
INV-03417,PO-03417,2026-04-27,38910.69,Verified
INV-03418,PO-03418,2026-01-25,471589.44,Verified
INV-03419,PO-03419,2026-01-18,30326.25,Verified
INV-03420,PO-03420,2026-03-24,18393.35,Verified
INV-03421,PO-03421,2026-01-30,297095.46,Verified
INV-03422,PO-03422,2026-03-06,21586.46,Verified
INV-03423,PO-03423,2026-03-29,259462.8,Verified
INV-03424,PO-03424,2026-04-18,182267.67,Verified
INV-03425,PO-03425,2026-04-18,257936.76,Verified
INV-03426,PO-03426,2026-02-09,201864.85,Mismatch
INV-03427,PO-03427,2026-05-19,644025.76,Verified
INV-03428,PO-03428,2026-03-28,217390.94,Verified
INV-03429,PO-03429,2026-03-13,40302.79,Mismatch
INV-03430,PO-03430,2026-06-16,64251.81,Verified
INV-03431,PO-03431,2026-03-01,504213.45,Verified
INV-03432,PO-03432,2026-02-11,3169.44,Verified
INV-03433,PO-03433,2026-03-09,70102.95,Verified
INV-03434,PO-03434,2026-03-10,352366.17,Verified
INV-03435,PO-03435,2026-05-01,285006.0,Verified
INV-03436,PO-03436,2026-06-12,365325.24,Verified
INV-03437,PO-03437,2026-04-20,34189.4,Verified
INV-03438,PO-03438,2026-01-22,144092.88,Verified
INV-03439,PO-03439,2026-03-21,142011.1,Verified
INV-03440,PO-03440,2026-05-03,143616.6,Verified
INV-03441,PO-03441,2026-03-23,327126.7,Verified
INV-03442,PO-03442,2026-03-19,67516.0,Verified
INV-03443,PO-03443,2026-05-10,106252.0,Verified
INV-03444,PO-03444,2026-02-02,1564.33,Verified
INV-03445,PO-03445,2026-04-19,83090.28,Verified
INV-03446,PO-03446,2026-05-07,110111.4,Verified
INV-03447,PO-03447,2026-03-25,78514.2,Verified
INV-03448,PO-03448,2026-03-10,465185.76,Verified
INV-03449,PO-03449,2026-05-22,27122.66,Verified
INV-03450,PO-03450,2026-03-27,14412.66,Verified
INV-03451,PO-03451,2026-03-20,278798.24,Verified
INV-03452,PO-03452,2026-02-19,234980.88,Verified
INV-03453,PO-03453,2026-06-22,269962.32,Verified
INV-03454,PO-03454,2026-05-06,297407.02,Verified
INV-03455,PO-03455,2026-02-28,417967.14,Verified
INV-03456,PO-03456,2026-05-15,101752.64,Verified
INV-03457,PO-03457,2026-02-10,13676.95,Verified
INV-03458,PO-03458,2026-04-19,72202.13,Verified
INV-03459,PO-03459,2026-03-24,365618.88,Verified
INV-03460,PO-03460,2026-04-24,150123.96,Verified
INV-03461,PO-03461,2026-03-10,38844.3,Verified
INV-03462,PO-03462,2026-04-09,263297.1,Verified
INV-03463,PO-03463,2026-06-06,402167.34,Verified
INV-03464,PO-03464,2026-05-14,6452.4,Verified
INV-03465,PO-03465,2026-01-24,13085.7,Verified
INV-03466,PO-03466,2026-05-29,322216.97,Mismatch
INV-03467,PO-03467,2026-04-19,61008.87,Verified
INV-03468,PO-03468,2026-05-21,51720.84,Verified
INV-03469,PO-03469,2026-01-26,457999.5,Verified
INV-03470,PO-03470,2026-05-21,110924.45,Mismatch
INV-03471,PO-03471,2026-05-23,41281.08,Verified
INV-03472,PO-03472,2026-04-18,292868.75,Verified
INV-03473,PO-03473,2026-06-26,418116.0,Verified
INV-03474,PO-03474,2026-03-01,185764.86,Verified
INV-03475,PO-03475,2026-04-20,247961.88,Verified
INV-03476,PO-03476,2026-01-23,522764.59,Mismatch
INV-03477,PO-03477,2026-05-07,75766.13,Verified
INV-03478,PO-03478,2026-04-10,375289.47,Verified
INV-03479,PO-03479,2026-03-24,265101.67,Verified
INV-03480,PO-03480,2026-06-02,12689.96,Verified
INV-03481,PO-03481,2026-01-20,45514.9,Verified
INV-03482,PO-03482,2026-04-10,17071.65,Verified
INV-03483,PO-03483,2026-03-29,221056.02,Verified
INV-03484,PO-03484,2026-04-01,211418.2,Mismatch
INV-03485,PO-03485,2026-03-28,107473.65,Verified
INV-03486,PO-03486,2026-03-24,134872.5,Verified
INV-03487,PO-03487,2026-03-09,42984.76,Verified
INV-03488,PO-03488,2026-02-03,552977.25,Verified
INV-03489,PO-03489,2026-05-29,18224.28,Verified
INV-03490,PO-03490,2026-02-17,333346.65,Verified
INV-03491,PO-03491,2026-02-21,21586.46,Verified
INV-03492,PO-03492,2026-01-25,4414.8,Verified
INV-03493,PO-03493,2026-01-31,258614.8,Verified
INV-03494,PO-03494,2026-03-01,213717.12,Verified
INV-03495,PO-03495,2026-02-12,81207.0,Verified
INV-03496,PO-03496,2026-05-08,18127.34,Verified
INV-03497,PO-03497,2026-03-03,123236.39,Mismatch
INV-03498,PO-03498,2026-03-29,114981.9,Verified
INV-03499,PO-03499,2026-02-21,24217.0,Verified
INV-03500,PO-03500,2026-03-06,3765.85,Verified
INV-03501,PO-03501,2026-04-01,259427.88,Verified
INV-03502,PO-03502,2026-03-04,702244.12,Mismatch
INV-03503,PO-03503,2026-05-04,205631.25,Verified
INV-03504,PO-03504,2026-04-07,169630.48,Verified
INV-03505,PO-03505,2026-04-28,20708.02,Mismatch
INV-03506,PO-03506,2026-02-05,181646.6,Verified
INV-03507,PO-03507,2026-01-31,698198.5,Verified
INV-03508,PO-03508,2026-04-05,539924.64,Verified
INV-03509,PO-03509,2026-01-17,642342.62,Verified
INV-03510,PO-03510,2026-02-22,165406.15,Verified
INV-03511,PO-03511,2026-02-06,3436.4,Verified
INV-03512,PO-03512,2026-04-08,265315.43,Verified
INV-03513,PO-03513,2026-03-13,175334.25,Verified
INV-03514,PO-03514,2026-03-17,382977.6,Verified
INV-03515,PO-03515,2026-03-22,148405.39,Verified
INV-03516,PO-03516,2026-06-08,191360.84,Verified
INV-03517,PO-03517,2026-03-21,69312.8,Verified
INV-03518,PO-03518,2026-04-07,304621.59,Verified
INV-03519,PO-03519,2026-03-27,59938.5,Verified
INV-03520,PO-03520,2026-04-11,64229.36,Verified
INV-03521,PO-03521,2026-04-07,127997.28,Verified
INV-03522,PO-03522,2026-04-21,502968.9,Verified
INV-03523,PO-03523,2026-05-24,212665.05,Verified
INV-03524,PO-03524,2026-05-14,183937.72,Verified
INV-03525,PO-03525,2026-01-29,85827.91,Verified
INV-03526,PO-03526,2026-04-11,366211.86,Verified
INV-03527,PO-03527,2026-01-20,256560.8,Verified
INV-03528,PO-03528,2026-03-07,266655.48,Verified
INV-03529,PO-03529,2026-02-04,269744.86,Verified
INV-03530,PO-03530,2026-07-02,66066.84,Verified
INV-03531,PO-03531,2026-03-07,221993.8,Verified
INV-03532,PO-03532,2026-05-06,16819.6,Verified
INV-03533,PO-03533,2026-06-04,76652.17,Verified
INV-03534,PO-03534,2026-05-20,603562.68,Verified
INV-03535,PO-03535,2026-04-28,235794.72,Verified
INV-03536,PO-03536,2026-01-21,188026.72,Verified
INV-03537,PO-03537,2026-04-10,218169.56,Verified
INV-03538,PO-03538,2026-03-13,162092.0,Verified
INV-03539,PO-03539,2026-03-12,40089.14,Verified
INV-03540,PO-03540,2026-03-27,121803.47,Verified
INV-03541,PO-03541,2026-03-23,24584.6,Verified
INV-03542,PO-03542,2026-05-17,374918.88,Verified
INV-03543,PO-03543,2026-03-06,191746.8,Verified
INV-03544,PO-03544,2026-03-03,168575.68,Verified
INV-03545,PO-03545,2026-02-06,101519.68,Verified
INV-03546,PO-03546,2026-04-27,38056.99,Mismatch
INV-03547,PO-03547,2026-02-23,92808.0,Verified
INV-03548,PO-03548,2026-01-30,14262.48,Verified
INV-03549,PO-03549,2026-03-21,199222.5,Verified
INV-03550,PO-03550,2026-05-26,301781.34,Verified
INV-03551,PO-03551,2026-03-01,471589.44,Verified
INV-03552,PO-03552,2026-01-25,5603.4,Verified
INV-03553,PO-03553,2026-03-31,632861.96,Verified
INV-03554,PO-03554,2026-04-22,234851.94,Verified
INV-03555,PO-03555,2026-01-20,501739.2,Verified
INV-03556,PO-03556,2026-03-26,348572.7,Verified
INV-03557,PO-03557,2026-04-07,139471.29,Verified
INV-03558,PO-03558,2026-03-22,288253.2,Verified
INV-03559,PO-03559,2026-02-20,13503.2,Verified
INV-03560,PO-03560,2026-06-30,338957.38,Mismatch
INV-03561,PO-03561,2026-04-16,156100.62,Verified
INV-03562,PO-03562,2026-06-11,106605.07,Verified
INV-03563,PO-03563,2026-01-25,267908.8,Verified
INV-03564,PO-03564,2026-01-16,101138.88,Verified
INV-03565,PO-03565,2026-02-25,64482.79,Mismatch
INV-03566,PO-03566,2026-05-30,106612.2,Verified
INV-03567,PO-03567,2026-03-04,272469.9,Verified
INV-03568,PO-03568,2026-02-25,2458.46,Verified
INV-03569,PO-03569,2026-04-10,287219.35,Verified
INV-03570,PO-03570,2026-04-10,436111.65,Verified
INV-03571,PO-03571,2026-04-25,62334.16,Verified
INV-03572,PO-03572,2026-04-19,104529.0,Verified
INV-03573,PO-03573,2026-03-05,22072.02,Verified
INV-03574,PO-03574,2026-02-27,63285.6,Verified
INV-03575,PO-03575,2026-06-15,108560.76,Verified
INV-03576,PO-03576,2026-04-09,206634.9,Verified
INV-03577,PO-03577,2026-03-17,23464.95,Verified
INV-03578,PO-03578,2026-06-11,312477.2,Verified
INV-03579,PO-03579,2026-05-01,21042.48,Verified
INV-03580,PO-03580,2026-02-17,255869.28,Verified
INV-03581,PO-03581,2026-06-18,64759.38,Verified
INV-03582,PO-03582,2026-04-14,39844.5,Verified
INV-03583,PO-03583,2026-04-11,15455.93,Mismatch
INV-03584,PO-03584,2026-02-25,376221.06,Verified
INV-03585,PO-03585,2026-02-05,293387.03,Mismatch
INV-03586,PO-03586,2026-04-14,58462.75,Mismatch
INV-03587,PO-03587,2026-05-01,85978.92,Verified
INV-03588,PO-03588,2026-02-27,269744.86,Verified
INV-03589,PO-03589,2026-04-16,25857.1,Verified
INV-03590,PO-03590,2026-05-15,25946.28,Verified
INV-03591,PO-03591,2026-02-27,172659.5,Verified
INV-03592,PO-03592,2026-05-28,414750.72,Verified
INV-03593,PO-03593,2026-03-16,78810.5,Verified
INV-03594,PO-03594,2026-01-27,235302.98,Verified
INV-03595,PO-03595,2026-01-11,416728.91,Verified
INV-03596,PO-03596,2026-06-02,16010.32,Verified
INV-03597,PO-03597,2026-03-07,55508.04,Verified
INV-03598,PO-03598,2026-02-12,71649.1,Verified
INV-03599,PO-03599,2026-03-26,431662.0,Verified
INV-03600,PO-03600,2026-02-19,36375.39,Verified
INV-03601,PO-03601,2026-03-15,129673.6,Verified
INV-03602,PO-03602,2026-05-03,152098.04,Verified
INV-03603,PO-03603,2026-05-25,172659.5,Verified
INV-03604,PO-03604,2026-03-18,330522.42,Verified
INV-03605,PO-03605,2026-03-18,294621.36,Verified
INV-03606,PO-03606,2026-04-25,100308.74,Verified
INV-03607,PO-03607,2026-05-01,74545.69,Mismatch
INV-03608,PO-03608,2026-06-09,127997.28,Verified
INV-03609,PO-03609,2026-02-02,16744.3,Verified
INV-03610,PO-03610,2026-03-29,114638.56,Verified
INV-03611,PO-03611,2026-04-18,405096.0,Verified
INV-03612,PO-03612,2026-04-14,11035.04,Verified
INV-03613,PO-03613,2026-04-28,275220.66,Verified
INV-03614,PO-03614,2026-05-23,202642.44,Verified
INV-03615,PO-03615,2026-06-02,212665.05,Verified
INV-03616,PO-03616,2026-04-24,308799.22,Verified
INV-03617,PO-03617,2026-02-10,195118.7,Verified
INV-03618,PO-03618,2026-05-02,384637.65,Mismatch
INV-03619,PO-03619,2026-05-10,264967.85,Verified
INV-03620,PO-03620,2026-06-19,41326.98,Verified
INV-03621,PO-03621,2026-02-05,217121.52,Verified
INV-03622,PO-03622,2026-06-01,132175.48,Verified
INV-03623,PO-03623,2026-02-17,23449.46,Verified
INV-03624,PO-03624,2026-05-03,328054.02,Verified
INV-03625,PO-03625,2026-05-06,193452.57,Verified
INV-03626,PO-03626,2026-02-05,271308.66,Mismatch
INV-03627,PO-03627,2026-03-10,206614.8,Verified
INV-03628,PO-03628,2026-02-12,38157.24,Verified
INV-03629,PO-03629,2026-06-13,36023.22,Verified
INV-03630,PO-03630,2026-04-03,264353.49,Verified
INV-03631,PO-03631,2026-05-10,7226.97,Verified
INV-03632,PO-03632,2026-02-26,196285.5,Verified
INV-03633,PO-03633,2026-05-14,21586.46,Verified
INV-03634,PO-03634,2026-03-21,106693.74,Verified
INV-03635,PO-03635,2026-01-22,50271.0,Verified
INV-03636,PO-03636,2026-05-28,21900.62,Verified
INV-03637,PO-03637,2026-06-16,620413.5,Verified
INV-03638,PO-03638,2026-05-20,352356.48,Verified
INV-03639,PO-03639,2026-04-26,244581.48,Verified
INV-03640,PO-03640,2026-04-10,165491.42,Mismatch
INV-03641,PO-03641,2026-04-29,169630.48,Verified
INV-03642,PO-03642,2026-05-10,209515.02,Verified
INV-03643,PO-03643,2026-05-23,70002.8,Verified
INV-03644,PO-03644,2026-03-24,28304.5,Verified
INV-03645,PO-03645,2026-04-04,594131.37,Verified
INV-03646,PO-03646,2026-06-14,44470.5,Verified
INV-03647,PO-03647,2026-06-15,32966.6,Verified
INV-03648,PO-03648,2026-03-15,380707.59,Verified
INV-03649,PO-03649,2026-04-17,3013.6,Verified
INV-03650,PO-03650,2026-01-27,78484.0,Verified
INV-03651,PO-03651,2026-05-14,78484.0,Verified
INV-03652,PO-03652,2026-03-23,539490.0,Verified
INV-03653,PO-03653,2026-02-13,80351.28,Verified
INV-03654,PO-03654,2026-05-12,46256.7,Verified
INV-03655,PO-03655,2026-04-09,333590.64,Verified
INV-03656,PO-03656,2026-02-23,258251.36,Verified
INV-03657,PO-03657,2026-05-21,183282.33,Verified
INV-03658,PO-03658,2026-05-07,320243.21,Verified
INV-03659,PO-03659,2026-05-13,28966.98,Verified
INV-03660,PO-03660,2026-05-20,11724.73,Verified
INV-03661,PO-03661,2026-03-02,149107.03,Verified
INV-03662,PO-03662,2026-03-28,499028.25,Verified
INV-03663,PO-03663,2026-05-26,113089.16,Verified
INV-03664,PO-03664,2026-02-19,94929.31,Verified
INV-03665,PO-03665,2026-04-08,417967.14,Verified
INV-03666,PO-03666,2026-05-07,256926.6,Verified
INV-03667,PO-03667,2026-05-25,141853.88,Verified
INV-03668,PO-03668,2026-07-02,83328.02,Verified
INV-03669,PO-03669,2026-04-12,593783.52,Verified
INV-03670,PO-03670,2026-01-22,84314.65,Verified
INV-03671,PO-03671,2026-02-05,641199.3,Verified
INV-03672,PO-03672,2026-02-03,270064.0,Verified
INV-03673,PO-03673,2026-03-27,179494.35,Verified
INV-03674,PO-03674,2026-05-20,516502.72,Verified
INV-03675,PO-03675,2026-02-10,254305.24,Verified
INV-03676,PO-03676,2026-05-04,391428.14,Verified
INV-03677,PO-03677,2026-03-21,75340.0,Verified
INV-03678,PO-03678,2026-02-05,117093.11,Verified
INV-03679,PO-03679,2026-04-10,334492.8,Verified
INV-03680,PO-03680,2026-04-09,71483.3,Verified
INV-03681,PO-03681,2026-04-30,205608.27,Verified
INV-03682,PO-03682,2026-03-14,383900.56,Verified
INV-03683,PO-03683,2026-01-31,5737.44,Verified
INV-03684,PO-03684,2026-02-03,486486.35,Verified
INV-03685,PO-03685,2026-05-15,453633.6,Verified
INV-03686,PO-03686,2026-05-22,95680.42,Verified
INV-03687,PO-03687,2026-03-22,210554.36,Mismatch
INV-03688,PO-03688,2026-02-18,33725.86,Verified
INV-03689,PO-03689,2026-03-12,404852.4,Verified
INV-03690,PO-03690,2026-06-19,243550.16,Verified
INV-03691,PO-03691,2026-05-26,1564.33,Verified
INV-03692,PO-03692,2026-02-10,137325.49,Mismatch
INV-03693,PO-03693,2026-06-08,478437.38,Verified
INV-03694,PO-03694,2026-03-03,161897.97,Verified
INV-03695,PO-03695,2026-04-02,18422.04,Verified
INV-03696,PO-03696,2026-01-27,499618.4,Verified
INV-03697,PO-03697,2026-01-19,16174.0,Verified
INV-03698,PO-03698,2026-01-30,466594.56,Verified
INV-03699,PO-03699,2026-04-22,12928.55,Verified
INV-03700,PO-03700,2026-02-27,397346.17,Verified
INV-03701,PO-03701,2026-04-09,118429.92,Verified
INV-03702,PO-03702,2026-06-05,447523.89,Verified
INV-03703,PO-03703,2026-03-06,92442.48,Verified
INV-03704,PO-03704,2026-01-21,83397.66,Verified
INV-03705,PO-03705,2026-03-25,287730.69,Verified
INV-03706,PO-03706,2026-02-05,241074.05,Verified
INV-03707,PO-03707,2026-06-24,516502.72,Verified
INV-03708,PO-03708,2026-03-15,470319.04,Verified
INV-03709,PO-03709,2026-02-03,71295.34,Verified
INV-03710,PO-03710,2026-01-28,146096.5,Verified
INV-03711,PO-03711,2026-03-29,442112.04,Verified
INV-03712,PO-03712,2026-03-14,660875.25,Verified
INV-03713,PO-03713,2026-05-10,39108.25,Verified
INV-03714,PO-03714,2026-04-11,17193.88,Verified
INV-03715,PO-03715,2026-02-14,68928.45,Verified
INV-03716,PO-03716,2026-06-06,200265.56,Verified
INV-03717,PO-03717,2026-03-29,277992.2,Verified
INV-03718,PO-03718,2026-03-30,17855.84,Verified
INV-03719,PO-03719,2026-03-21,220291.92,Verified
INV-03720,PO-03720,2026-05-22,400852.94,Verified
INV-03721,PO-03721,2026-04-21,176576.16,Verified
INV-03722,PO-03722,2026-05-11,85253.82,Mismatch
INV-03723,PO-03723,2026-04-11,680970.15,Verified
INV-03724,PO-03724,2026-06-03,230778.45,Verified
INV-03725,PO-03725,2026-04-29,278911.5,Verified
INV-03726,PO-03726,2026-02-01,432883.07,Verified
INV-03727,PO-03727,2026-05-24,14020.59,Verified
INV-03728,PO-03728,2026-06-10,86731.5,Mismatch
INV-03729,PO-03729,2026-05-16,164792.93,Verified
INV-03730,PO-03730,2026-03-07,143942.7,Verified
INV-03731,PO-03731,2026-03-13,590328.0,Verified
INV-03732,PO-03732,2026-03-24,25946.28,Verified
INV-03733,PO-03733,2026-06-12,465564.55,Mismatch
INV-03734,PO-03734,2026-03-11,546748.0,Verified
INV-03735,PO-03735,2026-02-17,305508.54,Verified
INV-03736,PO-03736,2026-04-30,53346.87,Verified
INV-03737,PO-03737,2026-03-25,9869.16,Verified
INV-03738,PO-03738,2026-04-09,224287.85,Mismatch
INV-03739,PO-03739,2026-04-07,348889.32,Verified
INV-03740,PO-03740,2026-06-03,568044.4,Verified
INV-03741,PO-03741,2026-03-04,33684.96,Verified
INV-03742,PO-03742,2026-04-16,675408.0,Mismatch
INV-03743,PO-03743,2026-05-29,104848.52,Verified
INV-03744,PO-03744,2026-03-27,157028.4,Verified
INV-03745,PO-03745,2026-05-25,24846.86,Mismatch
INV-03746,PO-03746,2026-03-07,138025.64,Verified
INV-03747,PO-03747,2026-02-08,252448.84,Mismatch
INV-03748,PO-03748,2026-02-25,262205.52,Verified
INV-03749,PO-03749,2026-02-05,232753.32,Verified
INV-03750,PO-03750,2026-06-01,6474.05,Verified
INV-03751,PO-03751,2026-05-04,507375.76,Mismatch
INV-03752,PO-03752,2026-04-28,356145.81,Verified
INV-03753,PO-03753,2026-01-22,700028.0,Verified
INV-03754,PO-03754,2026-03-22,97908.7,Verified
INV-03755,PO-03755,2026-04-29,68043.86,Verified
INV-03756,PO-03756,2026-03-10,237154.56,Verified
INV-03757,PO-03757,2026-06-07,4725.89,Verified
INV-03758,PO-03758,2026-03-03,3358.3,Verified
INV-03759,PO-03759,2026-04-09,200112.12,Verified
INV-03760,PO-03760,2026-02-26,427987.8,Verified
INV-03761,PO-03761,2026-06-14,240569.12,Verified
INV-03762,PO-03762,2026-04-23,362906.88,Verified
INV-03763,PO-03763,2026-02-28,69759.8,Verified
INV-03764,PO-03764,2026-04-02,126853.6,Verified
INV-03765,PO-03765,2026-03-12,330522.42,Verified
INV-03766,PO-03766,2026-02-06,188121.26,Verified
INV-03767,PO-03767,2026-05-14,1015.3,Verified
INV-03768,PO-03768,2026-04-25,113522.97,Verified
INV-03769,PO-03769,2026-04-20,278741.0,Verified
INV-03770,PO-03770,2026-02-24,429831.15,Verified
INV-03771,PO-03771,2026-02-26,255481.25,Verified
INV-03772,PO-03772,2026-06-12,583791.3,Verified
INV-03773,PO-03773,2026-05-28,39405.25,Verified
INV-03774,PO-03774,2026-02-20,210008.4,Verified
INV-03775,PO-03775,2026-02-17,7734.0,Verified
INV-03776,PO-03776,2026-02-26,427247.17,Verified
INV-03777,PO-03777,2026-05-03,85614.3,Verified
INV-03778,PO-03778,2026-01-19,245627.2,Verified
INV-03779,PO-03779,2026-04-16,142219.2,Verified
INV-03780,PO-03780,2026-04-23,114038.77,Verified
INV-03781,PO-03781,2026-04-25,88829.72,Verified
INV-03782,PO-03782,2026-03-27,40461.75,Verified
INV-03783,PO-03783,2026-06-08,24562.72,Verified
INV-03784,PO-03784,2026-04-28,314272.53,Verified
INV-03785,PO-03785,2026-04-08,73594.08,Verified
INV-03786,PO-03786,2026-06-07,44568.73,Mismatch
INV-03787,PO-03787,2026-04-24,183576.6,Verified
INV-03788,PO-03788,2026-06-20,319578.0,Verified
INV-03789,PO-03789,2026-04-28,209055.75,Verified
INV-03790,PO-03790,2026-03-24,222112.21,Verified
INV-03791,PO-03791,2026-03-15,402375.12,Verified
INV-03792,PO-03792,2026-02-28,14458.49,Verified
INV-03793,PO-03793,2026-05-13,38785.65,Verified
INV-03794,PO-03794,2026-05-03,94929.31,Verified
INV-03795,PO-03795,2026-02-24,16819.6,Verified
INV-03796,PO-03796,2026-01-29,7273.32,Mismatch
INV-03797,PO-03797,2026-04-19,33149.6,Verified
INV-03798,PO-03798,2026-02-26,199400.0,Verified
INV-03799,PO-03799,2026-06-26,13282.98,Verified
INV-03800,PO-03800,2026-04-10,450380.02,Verified
INV-03801,PO-03801,2026-04-12,413713.6,Verified
INV-03802,PO-03802,2026-05-17,18195.75,Verified
INV-03803,PO-03803,2026-04-03,82079.9,Mismatch
INV-03804,PO-03804,2026-06-01,33100.41,Verified
INV-03805,PO-03805,2026-05-14,63211.8,Verified
INV-03806,PO-03806,2026-05-27,14366.9,Verified
INV-03807,PO-03807,2026-05-08,31358.7,Verified
INV-03808,PO-03808,2026-03-31,188821.5,Verified
INV-03809,PO-03809,2026-05-27,560451.06,Verified
INV-03810,PO-03810,2026-04-27,333557.0,Verified
INV-03811,PO-03811,2026-06-22,158420.09,Verified
INV-03812,PO-03812,2026-04-23,137087.5,Verified
INV-03813,PO-03813,2026-05-11,197145.74,Verified
INV-03814,PO-03814,2026-03-06,268382.6,Verified
INV-03815,PO-03815,2026-05-07,313587.0,Verified
INV-03816,PO-03816,2026-06-01,258909.68,Verified
INV-03817,PO-03817,2026-02-17,228336.48,Verified
INV-03818,PO-03818,2026-02-21,234.3,Verified
INV-03819,PO-03819,2026-05-28,132432.12,Verified
INV-03820,PO-03820,2026-02-04,18693.75,Verified
INV-03821,PO-03821,2026-04-27,55589.4,Verified
INV-03822,PO-03822,2026-03-02,126005.04,Verified
INV-03823,PO-03823,2026-05-13,216116.4,Mismatch
INV-03824,PO-03824,2026-01-21,7641.0,Verified
INV-03825,PO-03825,2026-03-01,47151.11,Mismatch
INV-03826,PO-03826,2026-01-30,9378.48,Verified
INV-03827,PO-03827,2026-04-13,60247.1,Verified
INV-03828,PO-03828,2026-06-13,264267.36,Verified
INV-03829,PO-03829,2026-05-02,146358.13,Verified
INV-03830,PO-03830,2026-02-12,156968.0,Verified
INV-03831,PO-03831,2026-01-25,96499.83,Verified
INV-03832,PO-03832,2026-03-25,10950.31,Verified
INV-03833,PO-03833,2026-04-15,475617.78,Verified
INV-03834,PO-03834,2026-04-24,73407.6,Verified
INV-03835,PO-03835,2026-04-07,87222.33,Verified
INV-03836,PO-03836,2026-03-06,337452.9,Verified
INV-03837,PO-03837,2026-03-04,106315.06,Verified
INV-03838,PO-03838,2026-02-24,215831.0,Verified
INV-03839,PO-03839,2026-05-04,169751.82,Verified
INV-03840,PO-03840,2026-06-02,282401.03,Verified
INV-03841,PO-03841,2026-03-01,350872.08,Verified
INV-03842,PO-03842,2026-03-27,48768.24,Verified
INV-03843,PO-03843,2026-03-15,656306.59,Verified
INV-03844,PO-03844,2026-03-19,74110.8,Verified
INV-03845,PO-03845,2026-06-04,503516.49,Verified
INV-03846,PO-03846,2026-03-21,546053.4,Verified
INV-03847,PO-03847,2026-02-16,499028.25,Verified
INV-03848,PO-03848,2026-02-15,281210.75,Verified
INV-03849,PO-03849,2026-04-27,172110.94,Verified
INV-03850,PO-03850,2026-02-07,38157.24,Verified
INV-03851,PO-03851,2026-06-11,90515.18,Verified
INV-03852,PO-03852,2026-02-04,57319.28,Verified
INV-03853,PO-03853,2026-04-06,143895.31,Mismatch
INV-03854,PO-03854,2026-01-24,340568.91,Verified
INV-03855,PO-03855,2026-02-04,337503.67,Verified
INV-03856,PO-03856,2026-04-16,103755.12,Verified
INV-03857,PO-03857,2026-03-25,137682.45,Verified
INV-03858,PO-03858,2026-03-31,104848.52,Verified
INV-03859,PO-03859,2026-03-20,84169.92,Verified
INV-03860,PO-03860,2026-02-06,322752.5,Verified
INV-03861,PO-03861,2026-05-04,566793.36,Verified
INV-03862,PO-03862,2026-05-21,9889.98,Verified
INV-03863,PO-03863,2026-04-09,216725.67,Verified
INV-03864,PO-03864,2026-05-06,196085.13,Verified
INV-03865,PO-03865,2026-05-17,603426.52,Verified
INV-03866,PO-03866,2026-05-20,261712.5,Verified
INV-03867,PO-03867,2026-01-24,680970.15,Verified
INV-03868,PO-03868,2026-03-10,238330.95,Verified
INV-03869,PO-03869,2026-01-20,50814.96,Verified
INV-03870,PO-03870,2026-02-03,26714.64,Verified
INV-03871,PO-03871,2026-02-18,417967.14,Verified
INV-03872,PO-03872,2026-03-24,658026.32,Verified
INV-03873,PO-03873,2026-04-16,648048.0,Verified
INV-03874,PO-03874,2026-03-15,286596.4,Verified
INV-03875,PO-03875,2026-05-02,273374.0,Verified
INV-03876,PO-03876,2026-05-25,122597.89,Mismatch
INV-03877,PO-03877,2026-04-07,95429.88,Verified
INV-03878,PO-03878,2026-06-01,143705.4,Verified
INV-03879,PO-03879,2026-06-07,115549.67,Mismatch
INV-03880,PO-03880,2026-02-12,226130.24,Verified
INV-03881,PO-03881,2026-06-17,387922.2,Verified
INV-03882,PO-03882,2026-02-24,169463.25,Verified
INV-03883,PO-03883,2026-04-17,491368.12,Verified
INV-03884,PO-03884,2026-01-31,199991.61,Verified
INV-03885,PO-03885,2026-03-16,247339.7,Verified
INV-03886,PO-03886,2026-06-19,165307.92,Verified
INV-03887,PO-03887,2026-04-16,1576.21,Verified
INV-03888,PO-03888,2026-02-16,35824.55,Verified
INV-03889,PO-03889,2026-03-07,500413.2,Verified
INV-03890,PO-03890,2026-02-12,387651.84,Verified
INV-03891,PO-03891,2026-03-10,348773.2,Verified
INV-03892,PO-03892,2026-05-12,11230.92,Verified
INV-03893,PO-03893,2026-05-29,62076.58,Mismatch
INV-03894,PO-03894,2026-04-09,64739.99,Mismatch
INV-03895,PO-03895,2026-02-12,297095.46,Verified
INV-03896,PO-03896,2026-02-17,182550.04,Verified
INV-03897,PO-03897,2026-01-22,401756.4,Verified
INV-03898,PO-03898,2026-05-14,91541.62,Verified
INV-03899,PO-03899,2026-05-06,103317.45,Verified
INV-03900,PO-03900,2026-06-26,49986.09,Verified
INV-03901,PO-03901,2026-05-02,64041.28,Verified
INV-03902,PO-03902,2026-06-02,587898.8,Verified
INV-03903,PO-03903,2026-03-25,503516.49,Verified
INV-03904,PO-03904,2026-05-13,95393.1,Verified
INV-03905,PO-03905,2026-01-27,91948.16,Verified
INV-03906,PO-03906,2026-04-14,211971.02,Mismatch
INV-03907,PO-03907,2026-03-09,69532.98,Verified
INV-03908,PO-03908,2026-02-15,95912.63,Verified
INV-03909,PO-03909,2026-05-03,27191.01,Verified
INV-03910,PO-03910,2026-05-29,421851.5,Verified
INV-03911,PO-03911,2026-06-13,505477.44,Verified
INV-03912,PO-03912,2026-06-21,28687.2,Verified
INV-03913,PO-03913,2026-03-29,351062.8,Verified
INV-03914,PO-03914,2026-05-28,3907.7,Verified
INV-03915,PO-03915,2026-05-04,307704.6,Verified
INV-03916,PO-03916,2026-03-17,14020.59,Verified
INV-03917,PO-03917,2026-01-20,113522.97,Verified
INV-03918,PO-03918,2026-05-29,41811.15,Verified
INV-03919,PO-03919,2026-02-12,84609.41,Verified
INV-03920,PO-03920,2026-06-01,116190.9,Verified
INV-03921,PO-03921,2026-02-13,96902.04,Verified
INV-03922,PO-03922,2026-05-31,167707.49,Mismatch
INV-03923,PO-03923,2026-04-20,95022.25,Verified
INV-03924,PO-03924,2026-02-01,17100.36,Verified
INV-03925,PO-03925,2026-06-03,137347.0,Verified
INV-03926,PO-03926,2026-03-17,194002.08,Verified
INV-03927,PO-03927,2026-06-06,264918.96,Verified
INV-03928,PO-03928,2026-02-28,108025.6,Verified
INV-03929,PO-03929,2026-06-19,109327.4,Verified
INV-03930,PO-03930,2026-05-25,615027.9,Verified
INV-03931,PO-03931,2026-03-13,185894.32,Verified
INV-03932,PO-03932,2026-04-25,220222.8,Verified
INV-03933,PO-03933,2026-04-09,34415.26,Verified
INV-03934,PO-03934,2026-05-22,322420.95,Verified
INV-03935,PO-03935,2026-06-20,3172.49,Verified
INV-03936,PO-03936,2026-04-26,655041.35,Verified
INV-03937,PO-03937,2026-02-13,107699.57,Verified
INV-03938,PO-03938,2026-02-25,230096.16,Verified
INV-03939,PO-03939,2026-05-11,667072.8,Verified
INV-03940,PO-03940,2026-05-30,159394.69,Verified
INV-03941,PO-03941,2026-02-05,262710.63,Verified
INV-03942,PO-03942,2026-03-15,382723.6,Verified
INV-03943,PO-03943,2026-03-19,792.36,Verified
INV-03944,PO-03944,2026-04-15,132175.48,Verified
INV-03945,PO-03945,2026-02-13,167244.6,Verified
INV-03946,PO-03946,2026-04-14,3670.7,Verified
INV-03947,PO-03947,2026-02-01,309922.2,Verified
INV-03948,PO-03948,2026-02-11,221064.48,Verified
INV-03949,PO-03949,2026-04-12,308921.75,Mismatch
INV-03950,PO-03950,2026-02-15,476019.04,Verified
INV-03951,PO-03951,2026-02-14,38448.38,Mismatch
INV-03952,PO-03952,2026-02-11,244141.24,Verified
INV-03953,PO-03953,2026-02-19,331334.54,Verified
INV-03954,PO-03954,2026-01-12,176576.16,Verified
INV-03955,PO-03955,2026-06-26,239361.0,Verified
INV-03956,PO-03956,2026-05-03,227550.72,Verified
INV-03957,PO-03957,2026-03-08,380936.4,Verified
INV-03958,PO-03958,2026-06-07,138770.1,Verified
INV-03959,PO-03959,2026-02-03,447500.39,Mismatch
INV-03960,PO-03960,2026-04-17,62537.39,Verified
INV-03961,PO-03961,2026-04-01,139859.08,Mismatch
INV-03962,PO-03962,2026-05-04,132926.34,Mismatch
INV-03963,PO-03963,2026-06-11,149724.02,Mismatch
INV-03964,PO-03964,2026-05-21,78848.25,Verified
INV-03965,PO-03965,2026-04-28,285620.36,Mismatch
INV-03966,PO-03966,2026-06-18,66162.46,Verified
INV-03967,PO-03967,2026-05-23,483682.49,Verified
INV-03968,PO-03968,2026-05-30,63285.6,Verified
INV-03969,PO-03969,2026-05-22,68543.75,Verified
INV-03970,PO-03970,2026-05-24,177254.83,Mismatch
INV-03971,PO-03971,2026-02-15,8276.28,Verified
INV-03972,PO-03972,2026-04-21,236217.03,Verified
INV-03973,PO-03973,2026-02-08,111880.08,Verified
INV-03974,PO-03974,2026-02-24,45514.9,Verified
INV-03975,PO-03975,2026-01-20,300240.72,Verified
INV-03976,PO-03976,2026-02-03,193168.75,Verified
INV-03977,PO-03977,2026-05-16,218252.34,Verified
INV-03978,PO-03978,2026-02-24,264049.24,Verified
INV-03979,PO-03979,2026-05-22,758.74,Verified
INV-03980,PO-03980,2026-02-10,58366.71,Mismatch
INV-03981,PO-03981,2026-04-22,646674.3,Verified
INV-03982,PO-03982,2026-03-27,122188.22,Verified
INV-03983,PO-03983,2026-03-16,304749.12,Verified
INV-03984,PO-03984,2026-03-15,236487.72,Verified
INV-03985,PO-03985,2026-03-18,29501.52,Verified
INV-03986,PO-03986,2026-05-23,176993.04,Verified
INV-03987,PO-03987,2026-02-25,362799.57,Verified
INV-03988,PO-03988,2026-01-20,78616.44,Verified
INV-03989,PO-03989,2026-01-25,118429.92,Verified
INV-03990,PO-03990,2026-06-17,166620.3,Verified
INV-03991,PO-03991,2026-02-22,108489.6,Verified
INV-03992,PO-03992,2026-04-08,47907.97,Verified
INV-03993,PO-03993,2026-02-07,16846.38,Verified
INV-03994,PO-03994,2026-01-21,210008.4,Verified
INV-03995,PO-03995,2026-03-31,207764.24,Verified
INV-03996,PO-03996,2026-06-01,393658.56,Verified
INV-03997,PO-03997,2026-05-20,188994.78,Verified
INV-03998,PO-03998,2026-02-11,266010.64,Verified
INV-03999,PO-03999,2026-04-20,171421.38,Verified
INV-04000,PO-04000,2026-05-30,178079.72,Verified
INV-04001,PO-04001,2026-04-15,228336.48,Verified
INV-04002,PO-04002,2026-05-22,45365.57,Verified
INV-04003,PO-04003,2026-04-28,388594.58,Mismatch
INV-04004,PO-04004,2026-03-07,50040.12,Verified
INV-04005,PO-04005,2026-05-31,88941.0,Verified
INV-04006,PO-04006,2026-03-26,113076.86,Verified
INV-04007,PO-04007,2026-05-27,564011.98,Verified
INV-04008,PO-04008,2026-03-25,518020.72,Verified
INV-04009,PO-04009,2026-02-25,36163.2,Verified
INV-04010,PO-04010,2026-02-28,123540.12,Verified
INV-04011,PO-04011,2026-01-29,301397.4,Verified
INV-04012,PO-04012,2026-05-31,3172.49,Verified
INV-04013,PO-04013,2026-05-17,58005.0,Verified
INV-04014,PO-04014,2026-05-12,49062.72,Verified
INV-04015,PO-04015,2026-05-29,120681.96,Verified
INV-04016,PO-04016,2026-02-04,6065.25,Verified
INV-04017,PO-04017,2026-02-02,352471.32,Verified
INV-04018,PO-04018,2026-03-06,75346.32,Verified
INV-04019,PO-04019,2026-03-18,23202.0,Verified
INV-04020,PO-04020,2026-03-02,196623.08,Verified
INV-04021,PO-04021,2026-04-21,291891.81,Verified
INV-04022,PO-04022,2026-04-04,123354.96,Verified
INV-04023,PO-04023,2026-02-26,19667.68,Verified
INV-04024,PO-04024,2026-06-02,88184.82,Verified
INV-04025,PO-04025,2026-03-26,239325.8,Verified
INV-04026,PO-04026,2026-06-08,25379.92,Verified
INV-04027,PO-04027,2026-01-15,52606.2,Verified
INV-04028,PO-04028,2026-04-17,68739.5,Verified
INV-04029,PO-04029,2026-03-17,116333.28,Verified
INV-04030,PO-04030,2026-05-19,399622.52,Verified
INV-04031,PO-04031,2026-04-06,177865.92,Verified
INV-04032,PO-04032,2026-03-29,352356.48,Verified
INV-04033,PO-04033,2026-03-02,3514.5,Verified
INV-04034,PO-04034,2026-05-05,200961.79,Verified
INV-04035,PO-04035,2026-03-23,348572.7,Verified
INV-04036,PO-04036,2026-02-02,198291.66,Verified
INV-04037,PO-04037,2026-01-31,33285.15,Mismatch
INV-04038,PO-04038,2026-02-19,67672.5,Verified
INV-04039,PO-04039,2026-06-03,153162.32,Verified
INV-04040,PO-04040,2026-06-09,58591.82,Verified
INV-04041,PO-04041,2026-05-23,392828.48,Verified
INV-04042,PO-04042,2026-01-29,430827.31,Mismatch
INV-04043,PO-04043,2026-04-08,472664.57,Mismatch
INV-04044,PO-04044,2026-06-04,308799.22,Verified
INV-04045,PO-04045,2026-04-13,161066.29,Verified
INV-04046,PO-04046,2026-03-18,215975.81,Verified
INV-04047,PO-04047,2026-05-09,126347.85,Verified
INV-04048,PO-04048,2026-06-04,640701.74,Mismatch
INV-04049,PO-04049,2026-04-02,254549.59,Mismatch
INV-04050,PO-04050,2026-04-26,268327.02,Verified
INV-04051,PO-04051,2026-03-15,28485.82,Verified
INV-04052,PO-04052,2026-03-28,337674.96,Verified
INV-04053,PO-04053,2026-04-02,24261.0,Verified
INV-04054,PO-04054,2026-02-14,118393.75,Verified
INV-04055,PO-04055,2026-04-27,397346.17,Verified
INV-04056,PO-04056,2026-06-06,723151.8,Verified
INV-04057,PO-04057,2026-05-01,380936.4,Verified
INV-04058,PO-04058,2026-05-19,283567.2,Verified
INV-04059,PO-04059,2026-02-07,77155.76,Verified
INV-04060,PO-04060,2026-03-07,321259.05,Verified
INV-04061,PO-04061,2026-04-10,389238.19,Mismatch
INV-04062,PO-04062,2026-02-22,60277.31,Verified
INV-04063,PO-04063,2026-04-27,70818.45,Verified
INV-04064,PO-04064,2026-06-06,87237.5,Verified
INV-04065,PO-04065,2026-03-24,47239.38,Mismatch
INV-04066,PO-04066,2026-06-18,443771.61,Verified
INV-04067,PO-04067,2026-05-26,27122.66,Verified
INV-04068,PO-04068,2026-01-19,244103.94,Verified
INV-04069,PO-04069,2026-01-26,36134.85,Verified
INV-04070,PO-04070,2026-04-24,4931.81,Verified
INV-04071,PO-04071,2026-05-06,5311.18,Verified
INV-04072,PO-04072,2026-06-11,142851.15,Verified
INV-04073,PO-04073,2026-02-20,282508.0,Verified
INV-04074,PO-04074,2026-01-30,157880.88,Verified
INV-04075,PO-04075,2026-06-18,25750.69,Verified
INV-04076,PO-04076,2026-06-21,512911.23,Verified
INV-04077,PO-04077,2026-04-30,324680.4,Verified
INV-04078,PO-04078,2026-04-06,483682.49,Verified
INV-04079,PO-04079,2026-03-18,142704.54,Verified
INV-04080,PO-04080,2026-04-14,3083.78,Verified
INV-04081,PO-04081,2026-02-27,169192.72,Verified
INV-04082,PO-04082,2026-03-02,27927.94,Verified
INV-04083,PO-04083,2026-03-22,164024.4,Verified
INV-04084,PO-04084,2026-06-26,431405.01,Verified
INV-04085,PO-04085,2026-02-10,191118.96,Verified
INV-04086,PO-04086,2026-04-17,21869.92,Verified
INV-04087,PO-04087,2026-03-06,4414.8,Verified
INV-04088,PO-04088,2026-05-24,99145.83,Verified
INV-04089,PO-04089,2026-05-15,59444.54,Verified
INV-04090,PO-04090,2026-04-20,14036.69,Verified
INV-04091,PO-04091,2026-01-17,530160.34,Verified
INV-04092,PO-04092,2026-05-12,43491.1,Verified
INV-04093,PO-04093,2026-02-22,344892.96,Verified
INV-04094,PO-04094,2026-05-31,332037.5,Verified
INV-04095,PO-04095,2026-04-10,44144.04,Verified
INV-04096,PO-04096,2026-05-23,188821.5,Verified
INV-04097,PO-04097,2026-06-02,220222.8,Verified
INV-04098,PO-04098,2026-04-21,77155.76,Verified
INV-04099,PO-04099,2026-02-08,664119.0,Verified
INV-04100,PO-04100,2026-05-05,219388.08,Mismatch
INV-04101,PO-04101,2026-06-08,72930.7,Verified
INV-04102,PO-04102,2026-06-11,405656.7,Verified
INV-04103,PO-04103,2026-01-28,141751.97,Mismatch
INV-04104,PO-04104,2026-03-08,103887.85,Verified
INV-04105,PO-04105,2026-05-27,517229.6,Verified
INV-04106,PO-04106,2026-05-12,89847.36,Verified
INV-04107,PO-04107,2026-03-06,38056.08,Verified
INV-04108,PO-04108,2026-05-26,241021.84,Verified
INV-04109,PO-04109,2026-02-20,199504.2,Verified
INV-04110,PO-04110,2026-06-14,181531.61,Verified
INV-04111,PO-04111,2026-06-02,260332.75,Verified
INV-04112,PO-04112,2026-05-09,99611.25,Verified
INV-04113,PO-04113,2026-06-06,197145.74,Verified
INV-04114,PO-04114,2026-06-10,418820.15,Verified
INV-04115,PO-04115,2026-04-10,104757.51,Verified
INV-04116,PO-04116,2026-03-29,431592.0,Verified
INV-04117,PO-04117,2026-05-02,112975.5,Verified
INV-04118,PO-04118,2026-04-30,359263.5,Verified
INV-04119,PO-04119,2026-02-07,117717.44,Verified
INV-04120,PO-04120,2026-02-09,13282.98,Verified
INV-04121,PO-04121,2026-03-17,4725.89,Verified
INV-04122,PO-04122,2026-05-15,222357.6,Verified
INV-04123,PO-04123,2026-03-23,53011.47,Mismatch
INV-04124,PO-04124,2026-05-28,156567.96,Verified
INV-04125,PO-04125,2026-03-17,19046.82,Verified
INV-04126,PO-04126,2026-04-17,452499.25,Verified
INV-04127,PO-04127,2026-03-12,5558.67,Verified
INV-04128,PO-04128,2026-03-17,272441.25,Verified
INV-04129,PO-04129,2026-06-03,33725.86,Verified
INV-04130,PO-04130,2026-06-23,108560.76,Verified
INV-04131,PO-04131,2026-05-01,503008.16,Verified
INV-04132,PO-04132,2026-06-01,22496.86,Verified
INV-04133,PO-04133,2026-05-10,366155.91,Verified
INV-04134,PO-04134,2026-06-04,62633.74,Verified
INV-04135,PO-04135,2026-02-14,63214.36,Verified
INV-04136,PO-04136,2026-06-04,175444.59,Verified
INV-04137,PO-04137,2026-01-17,102922.25,Verified
INV-04138,PO-04138,2026-05-18,298249.28,Verified
INV-04139,PO-04139,2026-02-08,60887.54,Verified
INV-04140,PO-04140,2026-03-04,61094.11,Verified
INV-04141,PO-04141,2026-04-25,337580.0,Verified
INV-04142,PO-04142,2026-03-03,521850.55,Mismatch
INV-04143,PO-04143,2026-05-23,186026.53,Verified
INV-04144,PO-04144,2026-04-23,382721.68,Verified
INV-04145,PO-04145,2026-01-20,355016.22,Verified
INV-04146,PO-04146,2026-02-24,152098.04,Verified
INV-04147,PO-04147,2026-03-05,72949.73,Mismatch
INV-04148,PO-04148,2026-05-10,51714.2,Verified
INV-04149,PO-04149,2026-05-16,434911.0,Verified
INV-04150,PO-04150,2026-04-29,48456.85,Verified
INV-04151,PO-04151,2026-02-06,219471.7,Verified
INV-04152,PO-04152,2026-05-21,157028.4,Verified
INV-04153,PO-04153,2026-06-23,69312.8,Verified
INV-04154,PO-04154,2026-05-12,299100.0,Verified
INV-04155,PO-04155,2026-04-18,210921.48,Verified
INV-04156,PO-04156,2026-02-19,67785.3,Verified
INV-04157,PO-04157,2026-04-22,16174.0,Verified
INV-04158,PO-04158,2026-06-03,228347.27,Mismatch
INV-04159,PO-04159,2026-01-26,169964.28,Verified
INV-04160,PO-04160,2026-02-26,103867.06,Verified
INV-04161,PO-04161,2026-04-02,239093.64,Verified
INV-04162,PO-04162,2026-03-09,646537.0,Verified
INV-04163,PO-04163,2026-03-26,359297.26,Verified
INV-04164,PO-04164,2026-05-25,31914.8,Verified
INV-04165,PO-04165,2026-04-09,189442.55,Verified
INV-04166,PO-04166,2026-04-20,67475.4,Verified
INV-04167,PO-04167,2026-02-10,12292.3,Verified
INV-04168,PO-04168,2026-05-25,100080.24,Verified
INV-04169,PO-04169,2026-04-10,54675.67,Verified
INV-04170,PO-04170,2026-02-18,455494.39,Verified
INV-04171,PO-04171,2026-03-17,71959.18,Verified
INV-04172,PO-04172,2026-05-26,392571.0,Verified
INV-04173,PO-04173,2026-06-16,102264.96,Verified
INV-04174,PO-04174,2026-02-28,104757.51,Verified
INV-04175,PO-04175,2026-05-15,335864.83,Verified
INV-04176,PO-04176,2026-03-04,508514.4,Verified
INV-04177,PO-04177,2026-05-18,160521.82,Verified
INV-04178,PO-04178,2026-02-12,10452.9,Verified
INV-04179,PO-04179,2026-05-16,295739.48,Verified
INV-04180,PO-04180,2026-04-29,317700.32,Verified
INV-04181,PO-04181,2026-03-26,562964.85,Verified
INV-04182,PO-04182,2026-04-06,76314.48,Verified
INV-04183,PO-04183,2026-02-04,361389.86,Verified
INV-04184,PO-04184,2026-05-16,88184.82,Verified
INV-04185,PO-04185,2026-06-02,220439.76,Verified
INV-04186,PO-04186,2026-01-31,49123.56,Verified
INV-04187,PO-04187,2026-05-07,303416.64,Verified
INV-04188,PO-04188,2026-04-08,5330.61,Verified
INV-04189,PO-04189,2026-05-21,66299.2,Verified
INV-04190,PO-04190,2026-02-20,387651.84,Verified
INV-04191,PO-04191,2026-02-24,136110.79,Verified
INV-04192,PO-04192,2026-02-02,250538.67,Verified
INV-04193,PO-04193,2026-03-01,88797.52,Verified
INV-04194,PO-04194,2026-03-13,393824.82,Mismatch
INV-04195,PO-04195,2026-05-13,38069.88,Verified
INV-04196,PO-04196,2026-02-23,380707.59,Verified
INV-04197,PO-04197,2026-01-13,205764.58,Verified
INV-04198,PO-04198,2026-03-10,168071.15,Verified
INV-04199,PO-04199,2026-02-21,291152.63,Mismatch
INV-04200,PO-04200,2026-02-24,571419.05,Verified
INV-04201,PO-04201,2026-05-14,676083.62,Verified
INV-04202,PO-04202,2026-03-01,57691.55,Verified
INV-04203,PO-04203,2026-04-08,108404.55,Verified
INV-04204,PO-04204,2026-05-25,249250.0,Verified
INV-04205,PO-04205,2026-04-12,574022.96,Verified
INV-04206,PO-04206,2026-05-12,229283.25,Verified
INV-04207,PO-04207,2026-06-15,36134.85,Verified
INV-04208,PO-04208,2026-06-05,5746.76,Verified
INV-04209,PO-04209,2026-06-29,96712.7,Verified
INV-04210,PO-04210,2026-02-05,103002.76,Verified
INV-04211,PO-04211,2026-02-01,282228.3,Verified
INV-04212,PO-04212,2026-06-05,2811.6,Verified
INV-04213,PO-04213,2026-01-22,129285.5,Verified
INV-04214,PO-04214,2026-02-24,775267.46,Mismatch
INV-04215,PO-04215,2026-03-29,61008.87,Verified
INV-04216,PO-04216,2026-04-16,257898.69,Verified
INV-04217,PO-04217,2026-05-17,34513.55,Mismatch
INV-04218,PO-04218,2026-01-22,12948.1,Verified
INV-04219,PO-04219,2026-01-18,104537.87,Mismatch
INV-04220,PO-04220,2026-02-25,18366.19,Verified
INV-04221,PO-04221,2026-03-01,174444.66,Verified
INV-04222,PO-04222,2026-05-01,22949.76,Verified
INV-04223,PO-04223,2026-04-03,134829.84,Verified
INV-04224,PO-04224,2026-03-04,718402.03,Mismatch
INV-04225,PO-04225,2026-05-12,31540.32,Verified
INV-04226,PO-04226,2026-02-08,50154.37,Verified
INV-04227,PO-04227,2026-04-27,287730.69,Verified
INV-04228,PO-04228,2026-04-16,313936.0,Verified
INV-04229,PO-04229,2026-05-30,187486.32,Verified
INV-04230,PO-04230,2026-04-07,61436.57,Verified
INV-04231,PO-04231,2026-05-19,344945.7,Verified
INV-04232,PO-04232,2026-03-23,9863.62,Verified
INV-04233,PO-04233,2026-06-04,22216.04,Verified
INV-04234,PO-04234,2026-06-15,243057.6,Verified
INV-04235,PO-04235,2026-04-02,222456.9,Verified
INV-04236,PO-04236,2026-03-04,296932.3,Verified
INV-04237,PO-04237,2026-05-31,17100.36,Verified
INV-04238,PO-04238,2026-04-28,57374.4,Verified
INV-04239,PO-04239,2026-03-04,46929.9,Verified
INV-04240,PO-04240,2026-02-02,184187.3,Verified
INV-04241,PO-04241,2026-06-23,239067.0,Verified
INV-04242,PO-04242,2026-06-01,60947.31,Mismatch
INV-04243,PO-04243,2026-03-08,88941.0,Verified
INV-04244,PO-04244,2026-01-11,622126.08,Verified
INV-04245,PO-04245,2026-02-22,97536.48,Verified
INV-04246,PO-04246,2026-02-13,59831.45,Verified
INV-04247,PO-04247,2026-04-28,27571.38,Verified
INV-04248,PO-04248,2026-02-28,37360.2,Mismatch
INV-04249,PO-04249,2026-06-26,314392.96,Verified
INV-04250,PO-04250,2026-02-09,121085.0,Verified
INV-04251,PO-04251,2026-03-14,209263.92,Verified
INV-04252,PO-04252,2026-05-08,54999.45,Verified
INV-04253,PO-04253,2026-04-09,416191.91,Verified
INV-04254,PO-04254,2026-01-19,614414.68,Verified
INV-04255,PO-04255,2026-05-18,96913.7,Verified
INV-04256,PO-04256,2026-06-20,625380.75,Verified
INV-04257,PO-04257,2026-05-14,83310.15,Verified
INV-04258,PO-04258,2026-04-20,10513.44,Verified
INV-04259,PO-04259,2026-06-25,429831.15,Verified
INV-04260,PO-04260,2026-03-04,248022.06,Verified
INV-04261,PO-04261,2026-02-23,201664.65,Verified
INV-04262,PO-04262,2026-01-26,238822.43,Verified
INV-04263,PO-04263,2026-07-07,29435.44,Verified
INV-04264,PO-04264,2026-02-26,42962.63,Mismatch
INV-04265,PO-04265,2026-02-15,185941.0,Verified
INV-04266,PO-04266,2026-05-09,80340.13,Verified
INV-04267,PO-04267,2026-02-11,90811.98,Verified
INV-04268,PO-04268,2026-04-05,298814.96,Verified
INV-04269,PO-04269,2026-05-14,426033.3,Verified
INV-04270,PO-04270,2026-05-15,153298.4,Mismatch
INV-04271,PO-04271,2026-06-01,15451.02,Verified
INV-04272,PO-04272,2026-04-03,391634.8,Verified
INV-04273,PO-04273,2026-05-12,19147.73,Verified
INV-04274,PO-04274,2026-05-12,222901.51,Verified
INV-04275,PO-04275,2026-04-28,207446.2,Verified
INV-04276,PO-04276,2026-04-17,533505.72,Verified
INV-04277,PO-04277,2026-04-29,110643.37,Mismatch
INV-04278,PO-04278,2026-05-06,36023.22,Verified
INV-04279,PO-04279,2026-06-17,70805.23,Mismatch
INV-04280,PO-04280,2026-03-06,44092.41,Verified
INV-04281,PO-04281,2026-05-29,116732.07,Verified
INV-04282,PO-04282,2026-03-15,18963.54,Verified
INV-04283,PO-04283,2026-06-02,137050.81,Verified
INV-04284,PO-04284,2026-02-03,409808.51,Verified
INV-04285,PO-04285,2026-03-14,254257.2,Verified
INV-04286,PO-04286,2026-02-05,136133.29,Verified
INV-04287,PO-04287,2026-03-09,80760.8,Verified
INV-04288,PO-04288,2026-03-19,376746.75,Verified
INV-04289,PO-04289,2026-04-01,47587.35,Verified
INV-04290,PO-04290,2026-06-21,291765.6,Verified
INV-04291,PO-04291,2026-02-27,70818.45,Verified
INV-04292,PO-04292,2026-06-09,542999.1,Verified
INV-04293,PO-04293,2026-06-14,366155.91,Verified
INV-04294,PO-04294,2026-06-10,3735.6,Verified
INV-04295,PO-04295,2026-05-27,153089.44,Verified
INV-04296,PO-04296,2026-05-21,300893.32,Verified
INV-04297,PO-04297,2026-03-30,331119.28,Verified
INV-04298,PO-04298,2026-02-26,218169.56,Verified
INV-04299,PO-04299,2026-04-12,23643.15,Verified
INV-04300,PO-04300,2026-05-23,256598.16,Verified
INV-04301,PO-04301,2026-04-19,98270.55,Verified
INV-04302,PO-04302,2026-04-15,274837.08,Verified
INV-04303,PO-04303,2026-03-28,201902.0,Verified
INV-04304,PO-04304,2026-02-08,555134.3,Verified
INV-04305,PO-04305,2026-04-03,9619.94,Mismatch
INV-04306,PO-04306,2026-01-13,125100.3,Verified
INV-04307,PO-04307,2026-03-29,127152.62,Verified
INV-04308,PO-04308,2026-02-14,119546.82,Verified
INV-04309,PO-04309,2026-03-10,3050.72,Mismatch
INV-04310,PO-04310,2026-03-06,354210.87,Verified
INV-04311,PO-04311,2026-06-27,108069.66,Verified
INV-04312,PO-04312,2026-05-21,98247.12,Verified
INV-04313,PO-04313,2026-05-22,130473.3,Verified
INV-04314,PO-04314,2026-03-22,92093.65,Verified
INV-04315,PO-04315,2026-04-07,126188.31,Verified
INV-04316,PO-04316,2026-04-04,186937.5,Verified
INV-04317,PO-04317,2026-05-21,4414.8,Verified
INV-04318,PO-04318,2026-04-23,327104.16,Verified
INV-04319,PO-04319,2026-02-21,28304.5,Verified
INV-04320,PO-04320,2026-06-02,42533.01,Verified
INV-04321,PO-04321,2026-03-13,588023.52,Verified
INV-04322,PO-04322,2026-06-03,336984.96,Verified
INV-04323,PO-04323,2026-06-08,229554.4,Verified
INV-04324,PO-04324,2026-04-06,529607.9,Verified
INV-04325,PO-04325,2026-02-09,22207.43,Verified
INV-04326,PO-04326,2026-03-03,106252.0,Verified
INV-04327,PO-04327,2026-06-03,149032.3,Verified
INV-04328,PO-04328,2026-03-25,143926.47,Verified
INV-04329,PO-04329,2026-04-28,220291.92,Verified
INV-04330,PO-04330,2026-02-28,33794.81,Verified
INV-04331,PO-04331,2026-03-10,525775.13,Mismatch
INV-04332,PO-04332,2026-04-29,22070.08,Verified
INV-04333,PO-04333,2026-04-20,2276.22,Verified
INV-04334,PO-04334,2026-06-26,464763.6,Verified
INV-04335,PO-04335,2026-02-25,191067.11,Verified
INV-04336,PO-04336,2026-05-13,90726.72,Verified
INV-04337,PO-04337,2026-02-09,116109.95,Verified
INV-04338,PO-04338,2026-04-26,79450.01,Verified
INV-04339,PO-04339,2026-02-27,229761.5,Verified
INV-04340,PO-04340,2026-05-09,75402.22,Verified
INV-04341,PO-04341,2026-04-23,312758.25,Verified
INV-04342,PO-04342,2026-05-14,6065.25,Verified
INV-04343,PO-04343,2026-02-14,176612.64,Verified
INV-04344,PO-04344,2026-03-05,271608.12,Verified
INV-04345,PO-04345,2026-03-26,310791.32,Verified
INV-04346,PO-04346,2026-05-11,12973.14,Verified
INV-04347,PO-04347,2026-03-31,204529.92,Verified
INV-04348,PO-04348,2026-05-05,377027.19,Verified
INV-04349,PO-04349,2026-02-15,285814.72,Mismatch
INV-04350,PO-04350,2026-06-21,181623.96,Verified
INV-04351,PO-04351,2026-04-20,223198.0,Verified
INV-04352,PO-04352,2026-05-04,238649.58,Verified
INV-04353,PO-04353,2026-04-27,114880.75,Verified
INV-04354,PO-04354,2026-04-30,620675.52,Verified
INV-04355,PO-04355,2026-03-24,185894.32,Verified
INV-04356,PO-04356,2026-03-26,4452.44,Verified
INV-04357,PO-04357,2026-05-31,63048.4,Verified
INV-04358,PO-04358,2026-03-10,324184.0,Verified
INV-04359,PO-04359,2026-04-13,215689.69,Mismatch
INV-04360,PO-04360,2026-06-24,200165.28,Verified
INV-04361,PO-04361,2026-04-07,236061.5,Verified
INV-04362,PO-04362,2026-05-05,65980.56,Verified
INV-04363,PO-04363,2026-03-01,63576.31,Verified
INV-04364,PO-04364,2026-04-24,574022.96,Verified
INV-04365,PO-04365,2026-03-13,249981.76,Verified
INV-04366,PO-04366,2026-05-01,202277.76,Verified
INV-04367,PO-04367,2026-03-21,72505.66,Verified
INV-04368,PO-04368,2026-01-28,204529.92,Verified
INV-04369,PO-04369,2026-05-29,195817.4,Verified
INV-04370,PO-04370,2026-05-15,160521.82,Verified
INV-04371,PO-04371,2026-01-19,33100.41,Verified
INV-04372,PO-04372,2026-04-05,269744.86,Verified
INV-04373,PO-04373,2026-03-05,141639.2,Verified
INV-04374,PO-04374,2026-05-01,265830.88,Verified
INV-04375,PO-04375,2026-03-17,31167.08,Verified
INV-04376,PO-04376,2026-02-26,156100.62,Verified
INV-04377,PO-04377,2026-02-04,257756.73,Verified
INV-04378,PO-04378,2026-06-05,71841.84,Verified
INV-04379,PO-04379,2026-04-25,9512.7,Verified
INV-04380,PO-04380,2026-06-05,133261.67,Verified
INV-04381,PO-04381,2026-05-25,143669.0,Verified
INV-04382,PO-04382,2026-05-23,32833.76,Mismatch
INV-04383,PO-04383,2026-05-10,86339.37,Verified
INV-04384,PO-04384,2026-06-15,107460.06,Verified
INV-04385,PO-04385,2026-05-25,445337.64,Verified
INV-04386,PO-04386,2026-04-02,257483.73,Verified
INV-04387,PO-04387,2026-02-03,193570.43,Verified
INV-04388,PO-04388,2026-01-27,63048.4,Verified
INV-04389,PO-04389,2026-05-10,3565.62,Verified
INV-04390,PO-04390,2026-04-16,32348.0,Verified
INV-04391,PO-04391,2026-04-13,117530.4,Verified
INV-04392,PO-04392,2026-04-10,166620.3,Verified
INV-04393,PO-04393,2026-02-04,300971.1,Verified
INV-04394,PO-04394,2026-01-27,197594.89,Verified
INV-04395,PO-04395,2026-01-27,124625.0,Verified
INV-04396,PO-04396,2026-01-28,425341.02,Verified
INV-04397,PO-04397,2026-03-22,100379.78,Mismatch
INV-04398,PO-04398,2026-03-29,226006.4,Verified
INV-04399,PO-04399,2026-04-30,207939.16,Verified
INV-04400,PO-04400,2026-05-13,257756.73,Verified
INV-04401,PO-04401,2026-04-28,458832.72,Verified
INV-04402,PO-04402,2026-04-02,300398.34,Verified
INV-04403,PO-04403,2026-04-23,152776.25,Verified
INV-04404,PO-04404,2026-01-28,179583.82,Verified
INV-04405,PO-04405,2026-01-29,89703.37,Verified
INV-04406,PO-04406,2026-02-09,426463.44,Verified
INV-04407,PO-04407,2026-04-08,51622.89,Verified
INV-04408,PO-04408,2026-06-07,89429.62,Verified
INV-04409,PO-04409,2026-05-11,106142.64,Verified
INV-04410,PO-04410,2026-04-02,374991.46,Verified
INV-04411,PO-04411,2026-06-22,40683.99,Verified
INV-04412,PO-04412,2026-04-04,250200.6,Verified
INV-04413,PO-04413,2026-05-13,176297.29,Verified
INV-04414,PO-04414,2026-05-02,220291.92,Verified
INV-04415,PO-04415,2026-02-02,334886.0,Verified
INV-04416,PO-04416,2026-04-19,12139.84,Verified
INV-04417,PO-04417,2026-05-04,113421.36,Verified
INV-04418,PO-04418,2026-03-23,139909.88,Verified
INV-04419,PO-04419,2026-04-10,8987.71,Verified
INV-04420,PO-04420,2026-04-22,315652.68,Verified
INV-04421,PO-04421,2026-06-08,103273.92,Verified
INV-04422,PO-04422,2026-01-23,377027.19,Verified
INV-04423,PO-04423,2026-03-27,1718.2,Verified
INV-04424,PO-04424,2026-03-02,10345.35,Verified
INV-04425,PO-04425,2026-01-30,3436.4,Verified
INV-04426,PO-04426,2026-01-31,86329.75,Verified
INV-04427,PO-04427,2026-02-06,256598.16,Verified
INV-04428,PO-04428,2026-03-11,366399.6,Verified
INV-04429,PO-04429,2026-03-17,263387.57,Verified
INV-04430,PO-04430,2026-06-10,46710.74,Verified
INV-04431,PO-04431,2026-05-21,158887.3,Verified
INV-04432,PO-04432,2026-02-17,445605.6,Verified
INV-04433,PO-04433,2026-03-26,165218.94,Verified
INV-04434,PO-04434,2026-03-29,485822.88,Verified
INV-04435,PO-04435,2026-05-24,543544.95,Verified
INV-04436,PO-04436,2026-05-30,143616.6,Verified
INV-04437,PO-04437,2026-04-20,293949.4,Verified
INV-04438,PO-04438,2026-04-29,358894.18,Mismatch
INV-04439,PO-04439,2026-04-11,66414.9,Verified
INV-04440,PO-04440,2026-02-05,151376.4,Verified
INV-04441,PO-04441,2026-03-25,371788.64,Verified
INV-04442,PO-04442,2026-06-01,16803.11,Verified
INV-04443,PO-04443,2026-03-17,18884.92,Verified
INV-04444,PO-04444,2026-03-13,337181.25,Verified
INV-04445,PO-04445,2026-03-15,136087.72,Verified
INV-04446,PO-04446,2026-05-17,14849.26,Verified
INV-04447,PO-04447,2026-05-30,423762.0,Verified
INV-04448,PO-04448,2026-01-26,318789.38,Verified
INV-04449,PO-04449,2026-05-24,375289.47,Verified
INV-04450,PO-04450,2026-05-10,200617.48,Verified
INV-04451,PO-04451,2026-03-12,84003.36,Verified
INV-04452,PO-04452,2026-05-16,76926.15,Verified
INV-04453,PO-04453,2026-02-06,1872.8,Mismatch
INV-04454,PO-04454,2026-04-05,210008.4,Verified
INV-04455,PO-04455,2026-02-04,131219.52,Verified
INV-04456,PO-04456,2026-05-07,109188.44,Verified
INV-04457,PO-04457,2026-03-27,6359.54,Verified
INV-04458,PO-04458,2026-05-27,562093.74,Verified
INV-04459,PO-04459,2026-04-15,587898.8,Verified
INV-04460,PO-04460,2026-02-24,447649.12,Mismatch
INV-04461,PO-04461,2026-02-15,29431.5,Verified
INV-04462,PO-04462,2026-05-14,178963.68,Verified
INV-04463,PO-04463,2026-02-23,268382.6,Verified
INV-04464,PO-04464,2026-05-06,8606.16,Verified
INV-04465,PO-04465,2026-02-17,398471.4,Verified
INV-04466,PO-04466,2026-05-10,78514.2,Verified
INV-04467,PO-04467,2026-04-06,275364.9,Verified
INV-04468,PO-04468,2026-02-23,85289.76,Verified
INV-04469,PO-04469,2026-02-03,6140.68,Verified
INV-04470,PO-04470,2026-05-14,9082.33,Verified
INV-04471,PO-04471,2026-02-12,61461.5,Verified
INV-04472,PO-04472,2026-03-16,215558.1,Verified
INV-04473,PO-04473,2026-01-29,74081.87,Verified
INV-04474,PO-04474,2026-02-02,215513.2,Mismatch
INV-04475,PO-04475,2026-02-15,160702.56,Verified
INV-04476,PO-04476,2026-05-04,69353.24,Verified
INV-04477,PO-04477,2026-06-25,12044.95,Verified
INV-04478,PO-04478,2026-04-26,694980.5,Verified
INV-04479,PO-04479,2026-03-23,216051.2,Verified
INV-04480,PO-04480,2026-03-04,236061.5,Verified
INV-04481,PO-04481,2026-03-10,256406.52,Verified
INV-04482,PO-04482,2026-03-17,130857.0,Verified
INV-04483,PO-04483,2026-01-16,117490.44,Verified
INV-04484,PO-04484,2026-06-12,6282.6,Verified
INV-04485,PO-04485,2026-05-20,90811.98,Verified
INV-04486,PO-04486,2026-04-26,148279.6,Mismatch
INV-04487,PO-04487,2026-01-19,690781.09,Verified
INV-04488,PO-04488,2026-04-27,114077.5,Mismatch
INV-04489,PO-04489,2026-04-30,278495.5,Verified
INV-04490,PO-04490,2026-02-15,115030.75,Verified
INV-04491,PO-04491,2026-03-05,418919.1,Verified
INV-04492,PO-04492,2026-04-28,168006.72,Verified
INV-04493,PO-04493,2026-06-05,261257.49,Verified
INV-04494,PO-04494,2026-06-22,569884.01,Verified
INV-04495,PO-04495,2026-02-19,25379.92,Verified
INV-04496,PO-04496,2026-05-16,31563.72,Verified
INV-04497,PO-04497,2026-06-01,14834.97,Verified
INV-04498,PO-04498,2026-03-03,165540.15,Verified
INV-04499,PO-04499,2026-05-22,236787.5,Verified
INV-04500,PO-04500,2026-05-25,178067.12,Verified
INV-04501,PO-04501,2026-04-04,404635.56,Verified
INV-04502,PO-04502,2026-05-01,33149.6,Verified
INV-04503,PO-04503,2026-03-11,453661.81,Verified
INV-04504,PO-04504,2026-04-22,4754.16,Verified
INV-04505,PO-04505,2026-05-31,132133.68,Verified
INV-04506,PO-04506,2026-05-11,75349.35,Verified
INV-04507,PO-04507,2026-06-03,317113.84,Verified
INV-04508,PO-04508,2026-04-03,215796.0,Verified
INV-04509,PO-04509,2026-02-07,265659.6,Verified
INV-04510,PO-04510,2026-03-17,117717.44,Verified
INV-04511,PO-04511,2026-06-10,90380.4,Verified
INV-04512,PO-04512,2026-03-11,88504.56,Verified
INV-04513,PO-04513,2026-05-07,189442.55,Verified
INV-04514,PO-04514,2026-04-14,22216.04,Verified
INV-04515,PO-04515,2026-06-16,19667.68,Verified
INV-04516,PO-04516,2026-04-29,46404.0,Verified
INV-04517,PO-04517,2026-06-06,77838.84,Verified
INV-04518,PO-04518,2026-05-22,439021.8,Verified
INV-04519,PO-04519,2026-04-11,436111.65,Verified
INV-04520,PO-04520,2026-06-08,88117.83,Verified
INV-04521,PO-04521,2026-04-15,79496.67,Verified
INV-04522,PO-04522,2026-02-08,475392.54,Verified
INV-04523,PO-04523,2026-03-07,447600.27,Verified
INV-04524,PO-04524,2026-04-19,175444.59,Verified
INV-04525,PO-04525,2026-05-01,474774.98,Verified
INV-04526,PO-04526,2026-02-07,3905.0,Verified
INV-04527,PO-04527,2026-04-13,12642.36,Verified
INV-04528,PO-04528,2026-05-21,546080.52,Verified
INV-04529,PO-04529,2026-02-25,347928.8,Verified
INV-04530,PO-04530,2026-03-17,50588.79,Verified
INV-04531,PO-04531,2026-05-26,59561.26,Verified
INV-04532,PO-04532,2026-04-14,58148.22,Verified
INV-04533,PO-04533,2026-04-09,270179.58,Verified
INV-04534,PO-04534,2026-04-24,122188.22,Verified
INV-04535,PO-04535,2026-03-05,203505.28,Verified
INV-04536,PO-04536,2026-05-19,245262.5,Verified
INV-04537,PO-04537,2026-04-01,99324.09,Verified
INV-04538,PO-04538,2026-06-01,316059.0,Verified
INV-04539,PO-04539,2026-03-10,682915.45,Verified
INV-04540,PO-04540,2026-01-24,249945.92,Verified
INV-04541,PO-04541,2026-04-13,52424.26,Verified
INV-04542,PO-04542,2026-06-09,135679.18,Verified
INV-04543,PO-04543,2026-05-17,279431.49,Verified
INV-04544,PO-04544,2026-04-08,624716.06,Mismatch
INV-04545,PO-04545,2026-05-16,191360.84,Verified
INV-04546,PO-04546,2026-03-07,298660.32,Verified
INV-04547,PO-04547,2026-03-06,55102.64,Verified
INV-04548,PO-04548,2026-02-04,392369.85,Verified
INV-04549,PO-04549,2026-06-04,127139.25,Verified
INV-04550,PO-04550,2026-02-17,33410.36,Mismatch
INV-04551,PO-04551,2026-04-12,40981.46,Verified
INV-04552,PO-04552,2026-06-03,143468.13,Verified
INV-04553,PO-04553,2026-05-10,181646.6,Verified
INV-04554,PO-04554,2026-03-28,358988.7,Verified
INV-04555,PO-04555,2026-01-31,181030.36,Verified
INV-04556,PO-04556,2026-06-23,190881.44,Verified
INV-04557,PO-04557,2026-03-05,400852.94,Verified
INV-04558,PO-04558,2026-02-22,133376.43,Verified
INV-04559,PO-04559,2026-05-21,111080.2,Verified
INV-04560,PO-04560,2026-06-06,124625.0,Verified
INV-04561,PO-04561,2026-05-31,240569.12,Verified
INV-04562,PO-04562,2026-01-31,16676.01,Verified
INV-04563,PO-04563,2026-02-18,232961.47,Verified
INV-04564,PO-04564,2026-04-20,67806.65,Verified
INV-04565,PO-04565,2026-03-20,217390.94,Verified
INV-04566,PO-04566,2026-03-12,51984.79,Verified
INV-04567,PO-04567,2026-05-17,546748.0,Verified
INV-04568,PO-04568,2026-05-21,34424.64,Verified
INV-04569,PO-04569,2026-04-13,340053.87,Verified
INV-04570,PO-04570,2026-02-21,177098.4,Verified
INV-04571,PO-04571,2026-04-09,9635.96,Verified
INV-04572,PO-04572,2026-01-15,404943.48,Verified
INV-04573,PO-04573,2026-07-04,61436.57,Verified
INV-04574,PO-04574,2026-04-18,285006.0,Verified
INV-04575,PO-04575,2026-04-15,217953.0,Verified
INV-04576,PO-04576,2026-03-31,206405.45,Mismatch
INV-04577,PO-04577,2026-03-08,45894.15,Verified
INV-04578,PO-04578,2026-07-05,104685.6,Verified
INV-04579,PO-04579,2026-01-21,46490.43,Verified
INV-04580,PO-04580,2026-03-24,188041.7,Verified
INV-04581,PO-04581,2026-02-05,39335.36,Verified
INV-04582,PO-04582,2026-06-06,86329.75,Verified
INV-04583,PO-04583,2026-03-12,57140.46,Verified
INV-04584,PO-04584,2026-05-14,292678.05,Verified
INV-04585,PO-04585,2026-01-31,274144.36,Verified
INV-04586,PO-04586,2026-03-19,206891.84,Verified
INV-04587,PO-04587,2026-01-21,11230.92,Verified
INV-04588,PO-04588,2026-06-14,72241.89,Verified
INV-04589,PO-04589,2026-03-19,286637.5,Verified
INV-04590,PO-04590,2026-02-04,24703.6,Verified
INV-04591,PO-04591,2026-06-11,112892.75,Verified
INV-04592,PO-04592,2026-05-19,65701.86,Verified
INV-04593,PO-04593,2026-04-04,400852.94,Verified
INV-04594,PO-04594,2026-03-06,542999.1,Verified
INV-04595,PO-04595,2026-03-22,14152.25,Verified
INV-04596,PO-04596,2026-02-02,56242.15,Verified
INV-04597,PO-04597,2026-02-16,284476.28,Verified
INV-04598,PO-04598,2026-06-03,594131.37,Verified
INV-04599,PO-04599,2026-02-20,612991.47,Verified
INV-04600,PO-04600,2026-02-18,245208.06,Verified
INV-04601,PO-04601,2026-06-11,240976.08,Verified
INV-04602,PO-04602,2026-03-25,44466.48,Verified
INV-04603,PO-04603,2026-06-15,16021.57,Verified
INV-04604,PO-04604,2026-03-30,106858.56,Verified
INV-04605,PO-04605,2026-04-11,439021.8,Verified
INV-04606,PO-04606,2026-03-18,19621.0,Verified
INV-04607,PO-04607,2026-04-09,68673.5,Verified
INV-04608,PO-04608,2026-04-13,103024.04,Verified
INV-04609,PO-04609,2026-03-27,1874.4,Verified
INV-04610,PO-04610,2026-03-07,649360.8,Verified
INV-04611,PO-04611,2026-01-15,440924.1,Verified
INV-04612,PO-04612,2026-05-15,406839.9,Verified
INV-04613,PO-04613,2026-03-20,37911.59,Verified
INV-04614,PO-04614,2026-04-14,118040.51,Verified
INV-04615,PO-04615,2026-05-27,529607.9,Verified
INV-04616,PO-04616,2026-02-16,750893.32,Mismatch
INV-04617,PO-04617,2026-04-06,30126.8,Verified
INV-04618,PO-04618,2026-05-05,186571.35,Verified
INV-04619,PO-04619,2026-02-17,418104.75,Verified
INV-04620,PO-04620,2026-04-02,167443.0,Verified
INV-04621,PO-04621,2026-02-07,249884.32,Mismatch
INV-04622,PO-04622,2026-02-09,216981.28,Verified
INV-04623,PO-04623,2026-01-30,299441.45,Verified
INV-04624,PO-04624,2026-02-18,106315.06,Verified
INV-04625,PO-04625,2026-03-22,317134.0,Verified
INV-04626,PO-04626,2026-05-25,84107.52,Verified
INV-04627,PO-04627,2026-03-19,27006.4,Verified
INV-04628,PO-04628,2026-02-27,43801.24,Verified
INV-04629,PO-04629,2026-03-27,662297.4,Verified
INV-04630,PO-04630,2026-02-18,116155.49,Mismatch
INV-04631,PO-04631,2026-02-03,116706.24,Verified
INV-04632,PO-04632,2026-04-09,8346.14,Verified
INV-04633,PO-04633,2026-03-26,215831.0,Verified
INV-04634,PO-04634,2026-02-18,307022.25,Verified
INV-04635,PO-04635,2026-04-18,12683.6,Verified
INV-04636,PO-04636,2026-02-18,87765.7,Verified
INV-04637,PO-04637,2026-05-10,247274.8,Mismatch
INV-04638,PO-04638,2026-03-31,611582.84,Verified
INV-04639,PO-04639,2026-03-23,86046.1,Verified
INV-04640,PO-04640,2026-04-16,125100.3,Verified
INV-04641,PO-04641,2026-05-04,6452.4,Verified
INV-04642,PO-04642,2026-01-17,353178.0,Verified
INV-04643,PO-04643,2026-04-24,469961.76,Verified
INV-04644,PO-04644,2026-02-25,177728.32,Verified
INV-04645,PO-04645,2026-06-09,175144.62,Verified
INV-04646,PO-04646,2026-02-19,222112.21,Verified
INV-04647,PO-04647,2026-03-18,546080.52,Verified
INV-04648,PO-04648,2026-05-01,359263.5,Verified
INV-04649,PO-04649,2026-05-01,264049.24,Verified
INV-04650,PO-04650,2026-03-11,338041.81,Verified
INV-04651,PO-04651,2026-05-08,27799.22,Verified
INV-04652,PO-04652,2026-01-16,209368.54,Verified
INV-04653,PO-04653,2026-01-31,85501.8,Verified
INV-04654,PO-04654,2026-05-08,110350.17,Verified
INV-04655,PO-04655,2026-05-20,415476.0,Verified
INV-04656,PO-04656,2026-04-24,229761.5,Verified
INV-04657,PO-04657,2026-05-29,348889.32,Verified
INV-04658,PO-04658,2026-03-13,75691.48,Verified
INV-04659,PO-04659,2026-04-18,337674.96,Verified
INV-04660,PO-04660,2026-06-01,461093.5,Verified
INV-04661,PO-04661,2026-02-22,781.0,Verified
INV-04662,PO-04662,2026-01-27,67777.03,Verified
INV-04663,PO-04663,2026-05-10,2589.62,Verified
INV-04664,PO-04664,2026-01-24,45385.76,Verified
INV-04665,PO-04665,2026-04-01,6359.54,Verified
INV-04666,PO-04666,2026-05-30,493458.0,Verified
INV-04667,PO-04667,2026-06-20,25062.75,Mismatch
INV-04668,PO-04668,2026-05-20,189858.62,Verified
INV-04669,PO-04669,2026-03-06,7916.14,Mismatch
INV-04670,PO-04670,2026-05-06,19271.92,Verified
INV-04671,PO-04671,2026-04-23,220336.32,Verified
INV-04672,PO-04672,2026-06-06,137072.18,Verified
INV-04673,PO-04673,2026-04-18,266506.92,Mismatch
INV-04674,PO-04674,2026-01-29,230556.25,Verified
INV-04675,PO-04675,2026-05-20,161066.29,Verified
INV-04676,PO-04676,2026-02-11,88184.82,Verified
INV-04677,PO-04677,2026-02-23,569791.35,Verified
INV-04678,PO-04678,2026-05-31,14370.54,Verified
INV-04679,PO-04679,2026-03-05,380095.03,Verified
INV-04680,PO-04680,2026-02-17,125682.56,Mismatch
INV-04681,PO-04681,2026-06-17,70627.0,Verified
INV-04682,PO-04682,2026-04-21,17855.84,Verified
INV-04683,PO-04683,2026-02-01,12960.96,Verified
INV-04684,PO-04684,2026-01-30,145795.46,Mismatch
INV-04685,PO-04685,2026-02-01,43801.24,Verified
INV-04686,PO-04686,2026-06-02,45318.35,Verified
INV-04687,PO-04687,2026-06-17,307207.34,Verified
INV-04688,PO-04688,2026-03-12,616024.64,Verified
INV-04689,PO-04689,2026-02-24,58726.08,Verified
INV-04690,PO-04690,2026-02-02,390956.3,Verified
INV-04691,PO-04691,2026-03-14,132783.77,Verified
INV-04692,PO-04692,2026-03-24,410235.35,Verified
INV-04693,PO-04693,2026-04-06,540359.16,Verified
INV-04694,PO-04694,2026-06-03,66216.06,Verified
INV-04695,PO-04695,2026-01-29,169519.0,Verified
INV-04696,PO-04696,2026-05-24,242792.35,Verified
INV-04697,PO-04697,2026-03-18,119533.5,Verified
INV-04698,PO-04698,2026-05-10,384897.24,Verified
INV-04699,PO-04699,2026-03-27,326204.47,Verified
INV-04700,PO-04700,2026-05-20,30555.25,Verified
INV-04701,PO-04701,2026-04-28,559273.36,Verified
INV-04702,PO-04702,2026-03-08,674362.5,Verified
INV-04703,PO-04703,2026-04-22,49340.48,Verified
INV-04704,PO-04704,2026-05-24,345128.54,Verified
INV-04705,PO-04705,2026-02-21,61461.5,Verified
INV-04706,PO-04706,2026-04-18,377963.43,Verified
INV-04707,PO-04707,2026-02-01,217675.9,Verified
INV-04708,PO-04708,2026-03-03,487796.75,Verified
INV-04709,PO-04709,2026-05-10,25642.05,Verified
INV-04710,PO-04710,2026-04-12,91956.1,Verified
INV-04711,PO-04711,2026-03-23,134556.8,Verified
INV-04712,PO-04712,2026-03-07,209264.68,Verified
INV-04713,PO-04713,2026-03-31,211113.09,Verified
INV-04714,PO-04714,2026-03-28,128666.44,Verified
INV-04715,PO-04715,2026-04-05,143942.7,Verified
INV-04716,PO-04716,2026-03-09,222116.83,Verified
INV-04717,PO-04717,2026-03-02,271608.12,Verified
INV-04718,PO-04718,2026-03-02,148445.88,Verified
INV-04719,PO-04719,2026-01-17,284453.1,Verified
INV-04720,PO-04720,2026-05-23,41547.6,Verified
INV-04721,PO-04721,2026-02-17,242284.25,Verified
INV-04722,PO-04722,2026-05-19,12130.5,Verified
INV-04723,PO-04723,2026-04-23,105713.78,Verified
INV-04724,PO-04724,2026-04-15,348077.92,Verified
INV-04725,PO-04725,2026-06-12,224329.44,Verified
INV-04726,PO-04726,2026-06-15,45894.15,Verified
INV-04727,PO-04727,2026-04-13,53591.14,Verified
INV-04728,PO-04728,2026-02-28,57001.2,Verified
INV-04729,PO-04729,2026-02-22,337770.81,Verified
INV-04730,PO-04730,2026-06-18,205635.32,Verified
INV-04731,PO-04731,2026-04-22,57881.72,Verified
INV-04732,PO-04732,2026-02-25,22072.02,Verified
INV-04733,PO-04733,2026-06-25,97559.35,Verified
INV-04734,PO-04734,2026-01-27,32850.93,Verified
INV-04735,PO-04735,2026-04-03,121251.3,Verified
INV-04736,PO-04736,2026-04-29,251164.5,Verified
INV-04737,PO-04737,2026-05-27,91956.1,Verified
INV-04738,PO-04738,2026-05-24,143318.75,Verified
INV-04739,PO-04739,2026-05-20,174685.51,Verified
INV-04740,PO-04740,2026-03-30,128954.28,Verified
INV-04741,PO-04741,2026-02-08,59444.54,Verified
INV-04742,PO-04742,2026-02-23,189442.55,Verified
INV-04743,PO-04743,2026-03-18,438943.4,Verified
INV-04744,PO-04744,2026-05-25,514201.95,Verified
INV-04745,PO-04745,2026-02-22,14795.43,Verified
INV-04746,PO-04746,2026-03-02,73048.25,Verified
INV-04747,PO-04747,2026-03-07,156947.94,Verified
INV-04748,PO-04748,2026-02-26,140005.6,Verified
INV-04749,PO-04749,2026-04-12,355016.22,Verified
INV-04750,PO-04750,2026-01-31,25222.47,Mismatch
INV-04751,PO-04751,2026-03-24,102264.96,Verified
INV-04752,PO-04752,2026-04-20,64642.75,Verified
INV-04753,PO-04753,2026-02-01,299441.45,Verified
INV-04754,PO-04754,2026-06-01,52721.9,Verified
INV-04755,PO-04755,2026-03-23,106315.06,Verified
INV-04756,PO-04756,2026-01-27,175334.25,Verified
INV-04757,PO-04757,2026-05-17,223423.52,Verified
INV-04758,PO-04758,2026-02-19,170579.52,Verified
INV-04759,PO-04759,2026-03-22,11489.22,Verified
INV-04760,PO-04760,2026-04-13,171003.6,Verified
INV-04761,PO-04761,2026-05-03,114638.56,Verified
INV-04762,PO-04762,2026-03-25,48456.85,Verified
INV-04763,PO-04763,2026-03-14,312.4,Verified
INV-04764,PO-04764,2026-05-29,303134.1,Verified
INV-04765,PO-04765,2026-06-18,145370.55,Verified
INV-04766,PO-04766,2026-02-13,381849.99,Verified
INV-04767,PO-04767,2026-04-04,303416.64,Verified
INV-04768,PO-04768,2026-03-11,123540.12,Verified
INV-04769,PO-04769,2026-01-30,10300.68,Verified
INV-04770,PO-04770,2026-05-06,18756.96,Verified
INV-04771,PO-04771,2026-06-18,601763.61,Verified
INV-04772,PO-04772,2026-02-02,337674.96,Verified
INV-04773,PO-04773,2026-03-02,166838.6,Mismatch
INV-04774,PO-04774,2026-05-22,147171.5,Verified
INV-04775,PO-04775,2026-01-14,483682.49,Verified
INV-04776,PO-04776,2026-04-18,69759.8,Verified
INV-04777,PO-04777,2026-06-14,579951.75,Verified
INV-04778,PO-04778,2026-01-23,23822.9,Mismatch
INV-04779,PO-04779,2026-05-01,434911.0,Verified
INV-04780,PO-04780,2026-04-26,111386.73,Mismatch
INV-04781,PO-04781,2026-02-03,325268.58,Verified
INV-04782,PO-04782,2026-04-27,271545.54,Verified
INV-04783,PO-04783,2026-01-26,670270.56,Verified
INV-04784,PO-04784,2026-06-15,42061.77,Verified
INV-04785,PO-04785,2026-03-19,80930.74,Verified
INV-04786,PO-04786,2026-03-07,397378.44,Verified
INV-04787,PO-04787,2026-03-18,76698.72,Verified
INV-04788,PO-04788,2026-02-03,68401.44,Verified
INV-04789,PO-04789,2026-02-27,376332.03,Verified
INV-04790,PO-04790,2026-03-12,145302.0,Verified
INV-04791,PO-04791,2026-06-24,199244.7,Verified
INV-04792,PO-04792,2026-03-04,181030.36,Verified
INV-04793,PO-04793,2026-06-01,55598.44,Verified
INV-04794,PO-04794,2026-05-23,236140.58,Verified
INV-04795,PO-04795,2026-06-02,172920.61,Verified
INV-04796,PO-04796,2026-06-06,237366.21,Verified
INV-04797,PO-04797,2026-05-31,188404.43,Verified
INV-04798,PO-04798,2026-02-25,311562.5,Verified
INV-04799,PO-04799,2026-03-12,163464.75,Verified
INV-04800,PO-04800,2026-05-11,122923.0,Verified
INV-04801,PO-04801,2026-03-25,21095.2,Verified
INV-04802,PO-04802,2026-04-08,61461.5,Verified
INV-04803,PO-04803,2026-03-07,142966.6,Verified
INV-04804,PO-04804,2026-03-02,279305.88,Verified
INV-04805,PO-04805,2026-03-06,224357.04,Verified
INV-04806,PO-04806,2026-04-14,23643.15,Verified
INV-04807,PO-04807,2026-02-03,271775.4,Verified
INV-04808,PO-04808,2026-03-22,129518.76,Verified
INV-04809,PO-04809,2026-05-28,284438.4,Verified
INV-04810,PO-04810,2026-02-07,273374.0,Verified
INV-04811,PO-04811,2026-03-09,306891.04,Verified
INV-04812,PO-04812,2026-03-16,8320.2,Verified
INV-04813,PO-04813,2026-04-03,4298.47,Verified
INV-04814,PO-04814,2026-03-25,155142.6,Verified
INV-04815,PO-04815,2026-02-28,76544.72,Verified
INV-04816,PO-04816,2026-05-26,222332.4,Verified
INV-04817,PO-04817,2026-02-18,206634.9,Verified
INV-04818,PO-04818,2026-03-14,206856.8,Verified
INV-04819,PO-04819,2026-05-20,84596.36,Verified
INV-04820,PO-04820,2026-05-12,51640.4,Verified
INV-04821,PO-04821,2026-02-01,25642.05,Verified
INV-04822,PO-04822,2026-02-10,472586.74,Verified
INV-04823,PO-04823,2026-03-23,40227.32,Verified
INV-04824,PO-04824,2026-01-29,85554.7,Verified
INV-04825,PO-04825,2026-06-23,34480.56,Verified
INV-04826,PO-04826,2026-02-20,42665.76,Verified
INV-04827,PO-04827,2026-05-17,117543.29,Mismatch
INV-04828,PO-04828,2026-03-03,213717.12,Verified
INV-04829,PO-04829,2026-05-10,226619.04,Verified
INV-04830,PO-04830,2026-01-13,202642.44,Verified
INV-04831,PO-04831,2026-02-28,88836.88,Verified
INV-04832,PO-04832,2026-02-17,116109.95,Verified
INV-04833,PO-04833,2026-05-01,101087.5,Verified
INV-04834,PO-04834,2026-01-30,284653.1,Verified
INV-04835,PO-04835,2026-02-25,48500.52,Verified
INV-04836,PO-04836,2026-06-01,26565.96,Verified
INV-04837,PO-04837,2026-02-11,29164.01,Mismatch
INV-04838,PO-04838,2026-05-31,2344.62,Verified
INV-04839,PO-04839,2026-05-23,71239.04,Verified
INV-04840,PO-04840,2026-06-09,63080.64,Verified
INV-04841,PO-04841,2026-01-16,2207.4,Verified
INV-04842,PO-04842,2026-03-12,339230.58,Verified
INV-04843,PO-04843,2026-02-22,60625.65,Verified
INV-04844,PO-04844,2026-05-12,337301.64,Verified
INV-04845,PO-04845,2026-05-16,83090.28,Verified
INV-04846,PO-04846,2026-03-02,143468.13,Verified
INV-04847,PO-04847,2026-05-31,440672.64,Verified
INV-04848,PO-04848,2026-02-12,153903.24,Verified
INV-04849,PO-04849,2026-05-08,127128.6,Verified
INV-04850,PO-04850,2026-01-16,100593.78,Verified
INV-04851,PO-04851,2026-04-25,3565.62,Verified
INV-04852,PO-04852,2026-05-31,114002.4,Verified
INV-04853,PO-04853,2026-05-11,15762.1,Verified
INV-04854,PO-04854,2026-06-16,90963.02,Verified
INV-04855,PO-04855,2026-04-11,33921.58,Verified
INV-04856,PO-04856,2026-03-16,291549.36,Verified
INV-04857,PO-04857,2026-02-05,86935.25,Verified
INV-04858,PO-04858,2026-04-25,3380.28,Mismatch
INV-04859,PO-04859,2026-04-27,88294.5,Verified
INV-04860,PO-04860,2026-06-06,122751.98,Verified
INV-04861,PO-04861,2026-05-14,132815.0,Verified
INV-04862,PO-04862,2026-02-25,124972.96,Verified
INV-04863,PO-04863,2026-02-06,359041.5,Verified
INV-04864,PO-04864,2026-02-23,458684.12,Mismatch
INV-04865,PO-04865,2026-03-02,7033.86,Verified
INV-04866,PO-04866,2026-04-04,25229.4,Verified
INV-04867,PO-04867,2026-04-06,191825.26,Verified
INV-04868,PO-04868,2026-03-14,166795.32,Verified
INV-04869,PO-04869,2026-04-25,128794.07,Mismatch
INV-04870,PO-04870,2026-05-11,236929.85,Verified
INV-04871,PO-04871,2026-03-05,240131.8,Verified
INV-04872,PO-04872,2026-05-11,344892.96,Verified
INV-04873,PO-04873,2026-04-27,72658.64,Verified
INV-04874,PO-04874,2026-06-13,30346.36,Verified
INV-04875,PO-04875,2026-04-23,266592.48,Verified
INV-04876,PO-04876,2026-01-25,184884.96,Verified
INV-04877,PO-04877,2026-05-24,495372.96,Verified
INV-04878,PO-04878,2026-03-22,144652.8,Verified
INV-04879,PO-04879,2026-02-19,127599.03,Verified
INV-04880,PO-04880,2026-04-08,381762.88,Verified
INV-04881,PO-04881,2026-04-23,252248.38,Verified
INV-04882,PO-04882,2026-02-09,131963.31,Verified
INV-04883,PO-04883,2026-04-24,432883.07,Verified
INV-04884,PO-04884,2026-05-17,299142.72,Verified
INV-04885,PO-04885,2026-03-30,311063.04,Verified
INV-04886,PO-04886,2026-05-05,416357.48,Mismatch
INV-04887,PO-04887,2026-01-23,76519.11,Mismatch
INV-04888,PO-04888,2026-01-26,99700.0,Verified
INV-04889,PO-04889,2026-02-08,136087.72,Verified
INV-04890,PO-04890,2026-03-28,403554.48,Verified
INV-04891,PO-04891,2026-05-23,8206.17,Verified
INV-04892,PO-04892,2026-05-31,434017.36,Verified
INV-04893,PO-04893,2026-01-24,549657.22,Mismatch
INV-04894,PO-04894,2026-04-05,54245.32,Verified
INV-04895,PO-04895,2026-05-19,320552.15,Verified
INV-04896,PO-04896,2026-05-04,180741.4,Verified
INV-04897,PO-04897,2026-04-22,25229.4,Verified
INV-04898,PO-04898,2026-03-07,282508.0,Verified
INV-04899,PO-04899,2026-02-18,282460.47,Verified
INV-04900,PO-04900,2026-05-19,157410.5,Verified
INV-04901,PO-04901,2026-02-26,14849.26,Verified
INV-04902,PO-04902,2026-05-04,164024.4,Verified
INV-04903,PO-04903,2026-06-18,139065.96,Verified
INV-04904,PO-04904,2026-04-14,56294.65,Mismatch
INV-04905,PO-04905,2026-02-18,67547.48,Verified
INV-04906,PO-04906,2026-03-19,259347.2,Verified
INV-04907,PO-04907,2026-06-08,145370.55,Verified
INV-04908,PO-04908,2026-04-14,34369.75,Verified
INV-04909,PO-04909,2026-06-06,120215.88,Verified
INV-04910,PO-04910,2026-06-04,139028.91,Mismatch
INV-04911,PO-04911,2026-05-18,230377.47,Verified
INV-04912,PO-04912,2026-02-15,110532.24,Verified
INV-04913,PO-04913,2026-02-25,47731.41,Verified
INV-04914,PO-04914,2026-02-15,59737.99,Verified
INV-04915,PO-04915,2026-04-26,64333.22,Verified
INV-04916,PO-04916,2026-04-04,227058.25,Verified
INV-04917,PO-04917,2026-03-11,157880.88,Verified
INV-04918,PO-04918,2026-03-13,77098.56,Verified
INV-04919,PO-04919,2026-02-17,144937.66,Verified
INV-04920,PO-04920,2026-01-26,675415.38,Verified
INV-04921,PO-04921,2026-05-15,261199.89,Verified
INV-04922,PO-04922,2026-04-07,39163.48,Verified
INV-04923,PO-04923,2026-04-19,587971.41,Verified
INV-04924,PO-04924,2026-03-04,324076.8,Verified
INV-04925,PO-04925,2026-06-02,40089.14,Verified
INV-04926,PO-04926,2026-03-20,99243.69,Verified
INV-04927,PO-04927,2026-05-07,271358.36,Verified
INV-04928,PO-04928,2026-01-19,84054.18,Verified
INV-04929,PO-04929,2026-04-07,37241.9,Mismatch
INV-04930,PO-04930,2026-03-30,55266.12,Verified
INV-04931,PO-04931,2026-03-20,413229.6,Verified
INV-04932,PO-04932,2026-03-01,74110.8,Verified
INV-04933,PO-04933,2026-05-21,100967.13,Verified
INV-04934,PO-04934,2026-06-08,83622.3,Verified
INV-04935,PO-04935,2026-04-20,449132.8,Verified
INV-04936,PO-04936,2026-04-09,516013.5,Verified
INV-04937,PO-04937,2026-06-04,142570.56,Verified
INV-04938,PO-04938,2026-05-30,175444.59,Verified
INV-04939,PO-04939,2026-02-07,315256.04,Verified
INV-04940,PO-04940,2026-02-27,341326.08,Verified
INV-04941,PO-04941,2026-05-18,1138.11,Verified
INV-04942,PO-04942,2026-02-06,400213.1,Verified
INV-04943,PO-04943,2026-05-30,292225.56,Verified
INV-04944,PO-04944,2026-02-08,315761.76,Verified
INV-04945,PO-04945,2026-04-17,265904.64,Verified
INV-04946,PO-04946,2026-05-23,309737.82,Verified
INV-04947,PO-04947,2026-02-12,202642.44,Verified
INV-04948,PO-04948,2026-05-16,257132.07,Verified
INV-04949,PO-04949,2026-05-17,1249.6,Verified
INV-04950,PO-04950,2026-04-24,106315.06,Verified
INV-04951,PO-04951,2026-02-05,175144.62,Verified
INV-04952,PO-04952,2026-02-25,79496.67,Verified
INV-04953,PO-04953,2026-04-24,411216.54,Verified
INV-04954,PO-04954,2026-04-02,259462.8,Verified
INV-04955,PO-04955,2026-03-02,300971.1,Verified
INV-04956,PO-04956,2026-04-11,15537.72,Verified
INV-04957,PO-04957,2026-05-09,117771.3,Verified
INV-04958,PO-04958,2026-06-04,189858.62,Verified
INV-04959,PO-04959,2026-06-14,381457.86,Verified
INV-04960,PO-04960,2026-04-14,110145.96,Verified
INV-04961,PO-04961,2026-03-05,670270.56,Verified
INV-04962,PO-04962,2026-04-27,34484.5,Verified
INV-04963,PO-04963,2026-02-01,116333.28,Verified
INV-04964,PO-04964,2026-05-18,614044.5,Verified
INV-04965,PO-04965,2026-04-09,94076.1,Verified
INV-04966,PO-04966,2026-04-27,413047.35,Verified
INV-04967,PO-04967,2026-03-21,169218.82,Verified
INV-04968,PO-04968,2026-05-21,301397.4,Verified
INV-04969,PO-04969,2026-02-25,2499.2,Verified
INV-04970,PO-04970,2026-03-06,147157.5,Verified
INV-04971,PO-04971,2026-05-10,51984.79,Verified
INV-04972,PO-04972,2026-06-10,21428.29,Verified
INV-04973,PO-04973,2026-02-08,220700.34,Verified
INV-04974,PO-04974,2026-03-09,292253.38,Mismatch
INV-04975,PO-04975,2026-03-11,210308.85,Verified
INV-04976,PO-04976,2026-05-27,39476.64,Verified
INV-04977,PO-04977,2026-01-27,55748.2,Verified
INV-04978,PO-04978,2026-02-20,412810.8,Verified
INV-04979,PO-04979,2026-06-11,219169.17,Verified
INV-04980,PO-04980,2026-01-24,372799.0,Verified
INV-04981,PO-04981,2026-05-02,513943.12,Verified
INV-04982,PO-04982,2026-05-01,125433.45,Verified
INV-04983,PO-04983,2026-02-04,14458.49,Verified
INV-04984,PO-04984,2026-02-23,324184.0,Verified
INV-04985,PO-04985,2026-04-15,73791.0,Verified
INV-04986,PO-04986,2026-06-25,18357.66,Verified
INV-04987,PO-04987,2026-06-20,40981.46,Verified
INV-04988,PO-04988,2026-03-16,311617.46,Verified
INV-04989,PO-04989,2026-04-27,121251.3,Verified
INV-04990,PO-04990,2026-05-04,142851.15,Verified
INV-04991,PO-04991,2026-05-31,57235.86,Verified
INV-04992,PO-04992,2026-03-25,6359.54,Verified
INV-04993,PO-04993,2026-04-27,26171.4,Verified
INV-04994,PO-04994,2026-03-12,200931.6,Verified
INV-04995,PO-04995,2026-06-02,2408.99,Verified
INV-04996,PO-04996,2026-05-20,114038.77,Verified
INV-04997,PO-04997,2026-04-27,382660.72,Verified
INV-04998,PO-04998,2026-04-26,50058.56,Verified
INV-04999,PO-04999,2026-01-24,78953.28,Verified
INV-05000,PO-05000,2026-05-01,377862.24,Verified
INV-05001,PO-05001,2026-02-28,17193.88,Verified
INV-05002,PO-05002,2026-05-29,258006.75,Verified
INV-05003,PO-05003,2026-05-20,490583.8,Verified
INV-05004,PO-05004,2026-05-17,162012.5,Verified
INV-05005,PO-05005,2026-04-11,180254.83,Verified
INV-05006,PO-05006,2026-06-10,235302.98,Verified
INV-05007,PO-05007,2026-05-18,61436.57,Verified
INV-05008,PO-05008,2026-04-03,382887.12,Mismatch
INV-05009,PO-05009,2026-02-08,446046.02,Verified
INV-05010,PO-05010,2026-01-21,33292.56,Verified
INV-05011,PO-05011,2026-04-23,242879.28,Verified
INV-05012,PO-05012,2026-03-01,312882.24,Verified
INV-05013,PO-05013,2026-04-22,374998.9,Verified
INV-05014,PO-05014,2026-02-03,533268.42,Verified
INV-05015,PO-05015,2026-06-13,120732.39,Verified
INV-05016,PO-05016,2026-01-22,226255.53,Mismatch
INV-05017,PO-05017,2026-05-10,113775.36,Verified
INV-05018,PO-05018,2026-05-24,239067.0,Verified
INV-05019,PO-05019,2026-03-23,331050.51,Verified
INV-05020,PO-05020,2026-05-12,22126.14,Verified
INV-05021,PO-05021,2026-02-01,174499.92,Verified
INV-05022,PO-05022,2026-01-24,161861.48,Verified
INV-05023,PO-05023,2026-05-04,189442.55,Verified
INV-05024,PO-05024,2026-03-30,292678.05,Verified
INV-05025,PO-05025,2026-02-03,430817.85,Verified
INV-05026,PO-05026,2026-02-21,258713.89,Verified
INV-05027,PO-05027,2026-05-05,241772.64,Verified
INV-05028,PO-05028,2026-02-26,55748.2,Verified
INV-05029,PO-05029,2026-03-02,78031.74,Mismatch
INV-05030,PO-05030,2026-06-09,266010.64,Verified
INV-05031,PO-05031,2026-02-07,635087.04,Verified
INV-05032,PO-05032,2026-05-26,15959.24,Mismatch
INV-05033,PO-05033,2026-04-01,12519.21,Verified
INV-05034,PO-05034,2026-03-31,242284.25,Verified
INV-05035,PO-05035,2026-03-12,272799.8,Mismatch
INV-05036,PO-05036,2026-02-26,3448.45,Verified
INV-05037,PO-05037,2026-05-27,452575.9,Verified
INV-05038,PO-05038,2026-02-24,115301.28,Verified
INV-05039,PO-05039,2026-03-06,140205.9,Verified
INV-05040,PO-05040,2026-05-27,20640.54,Verified
INV-05041,PO-05041,2026-04-02,76112.16,Verified
INV-05042,PO-05042,2026-06-17,38050.8,Verified
INV-05043,PO-05043,2026-02-28,154226.49,Verified
INV-05044,PO-05044,2026-05-03,2886.6,Verified
INV-05045,PO-05045,2026-06-02,15862.45,Verified
INV-05046,PO-05046,2026-03-31,305552.5,Verified
INV-05047,PO-05047,2026-04-04,51622.89,Verified
INV-05048,PO-05048,2026-03-16,56154.6,Verified
INV-05049,PO-05049,2026-04-30,113089.16,Verified
INV-05050,PO-05050,2026-02-17,25284.72,Verified
INV-05051,PO-05051,2026-06-06,502706.33,Verified
INV-05052,PO-05052,2026-05-05,138750.73,Mismatch
INV-05053,PO-05053,2026-04-30,414504.72,Verified
INV-05054,PO-05054,2026-05-05,207446.2,Verified
INV-05055,PO-05055,2026-06-07,7586.59,Verified
INV-05056,PO-05056,2026-05-30,136307.86,Mismatch
INV-05057,PO-05057,2026-06-07,2186.8,Verified
INV-05058,PO-05058,2026-04-09,5690.55,Verified
INV-05059,PO-05059,2026-02-10,937.2,Verified
INV-05060,PO-05060,2026-06-08,26653.05,Verified
INV-05061,PO-05061,2026-06-07,134872.5,Verified
INV-05062,PO-05062,2026-02-09,343864.92,Verified
INV-05063,PO-05063,2026-05-18,166795.32,Verified
INV-05064,PO-05064,2026-03-31,375867.84,Verified
INV-05065,PO-05065,2026-03-20,15770.16,Verified
INV-05066,PO-05066,2026-02-04,488738.95,Verified
INV-05067,PO-05067,2026-05-28,8087.0,Verified
INV-05068,PO-05068,2026-02-24,28371.78,Verified
INV-05069,PO-05069,2026-05-23,58005.0,Verified
INV-05070,PO-05070,2026-02-03,1796.3,Verified
INV-05071,PO-05071,2026-05-08,34415.26,Verified
INV-05072,PO-05072,2026-03-12,181627.5,Verified
INV-05073,PO-05073,2026-04-10,562951.35,Verified
INV-05074,PO-05074,2026-03-10,15854.5,Verified
INV-05075,PO-05075,2026-02-11,116648.64,Verified
INV-05076,PO-05076,2026-04-25,478954.71,Verified
INV-05077,PO-05077,2026-02-06,620413.5,Verified
INV-05078,PO-05078,2026-03-20,31036.05,Verified
INV-05079,PO-05079,2026-02-10,45592.04,Verified
INV-05080,PO-05080,2026-06-12,77234.29,Verified
INV-05081,PO-05081,2026-05-22,216606.39,Verified
INV-05082,PO-05082,2026-02-20,53187.22,Verified
INV-05083,PO-05083,2026-01-17,165667.27,Verified
INV-05084,PO-05084,2026-02-11,104972.84,Mismatch
INV-05085,PO-05085,2026-06-05,167552.7,Verified
INV-05086,PO-05086,2026-03-01,565016.0,Verified
INV-05087,PO-05087,2026-03-31,227205.16,Verified
INV-05088,PO-05088,2026-05-23,5737.44,Verified
INV-05089,PO-05089,2026-05-07,28157.94,Verified
INV-05090,PO-05090,2026-04-15,180944.79,Verified
INV-05091,PO-05091,2026-04-28,361389.86,Verified
INV-05092,PO-05092,2026-04-04,471085.2,Verified
INV-05093,PO-05093,2026-03-04,373222.18,Verified
INV-05094,PO-05094,2026-05-29,94424.6,Verified
INV-05095,PO-05095,2026-05-02,61008.87,Verified
INV-05096,PO-05096,2026-05-23,85657.23,Verified
INV-05097,PO-05097,2026-03-13,11760.47,Verified
INV-05098,PO-05098,2026-04-23,26653.05,Verified
INV-05099,PO-05099,2026-06-05,109282.07,Mismatch
INV-05100,PO-05100,2026-01-18,14795.43,Verified
INV-05101,PO-05101,2026-02-07,472880.07,Verified
INV-05102,PO-05102,2026-03-24,558558.8,Verified
INV-05103,PO-05103,2026-04-18,31316.87,Verified
INV-05104,PO-05104,2026-05-29,13357.32,Verified
INV-05105,PO-05105,2026-05-18,213683.75,Verified
INV-05106,PO-05106,2026-06-24,72241.89,Verified
INV-05107,PO-05107,2026-03-24,85554.7,Verified
INV-05108,PO-05108,2026-05-26,668978.4,Verified
INV-05109,PO-05109,2026-05-24,122070.62,Verified
INV-05110,PO-05110,2026-02-11,619744.38,Verified
INV-05111,PO-05111,2026-05-03,282062.55,Verified
INV-05112,PO-05112,2026-05-05,21494.73,Verified
INV-05113,PO-05113,2026-05-15,337181.25,Verified
INV-05114,PO-05114,2026-02-21,69978.77,Mismatch
INV-05115,PO-05115,2026-06-08,153603.67,Verified
INV-05116,PO-05116,2026-05-01,505274.4,Verified
INV-05117,PO-05117,2026-04-29,305508.54,Verified
INV-05118,PO-05118,2026-05-20,31075.44,Verified
INV-05119,PO-05119,2026-01-27,190881.44,Verified
INV-05120,PO-05120,2026-03-26,620570.4,Verified
INV-05121,PO-05121,2026-05-07,332037.5,Verified
INV-05122,PO-05122,2026-01-23,403804.0,Verified
INV-05123,PO-05123,2026-03-01,4754.16,Verified
INV-05124,PO-05124,2026-03-30,236929.85,Verified
INV-05125,PO-05125,2026-06-25,332867.17,Mismatch
INV-05126,PO-05126,2026-03-08,391592.8,Verified
INV-05127,PO-05127,2026-06-09,223423.52,Verified
INV-05128,PO-05128,2026-02-06,441472.5,Verified
INV-05129,PO-05129,2026-05-12,190728.93,Verified
INV-05130,PO-05130,2026-01-14,212455.35,Verified
INV-05131,PO-05131,2026-03-04,69894.73,Verified
INV-05132,PO-05132,2026-05-06,64577.79,Verified
INV-05133,PO-05133,2026-05-18,304448.64,Verified
INV-05134,PO-05134,2026-05-17,375228.45,Verified
INV-05135,PO-05135,2026-03-25,50497.59,Verified
INV-05136,PO-05136,2026-03-05,447600.27,Verified
INV-05137,PO-05137,2026-02-16,225641.5,Verified
INV-05138,PO-05138,2026-04-30,121396.11,Verified
INV-05139,PO-05139,2026-03-21,116109.95,Verified
INV-05140,PO-05140,2026-06-02,364119.2,Verified
INV-05141,PO-05141,2026-04-10,82443.4,Verified
INV-05142,PO-05142,2026-04-09,77571.3,Verified
INV-05143,PO-05143,2026-01-27,10160.02,Verified
INV-05144,PO-05144,2026-01-30,108976.5,Verified
INV-05145,PO-05145,2026-04-24,607644.0,Verified
INV-05146,PO-05146,2026-02-07,404219.52,Verified
INV-05147,PO-05147,2026-05-23,89987.44,Verified
INV-05148,PO-05148,2026-06-18,38577.88,Verified
INV-05149,PO-05149,2026-05-01,3170.9,Verified
INV-05150,PO-05150,2026-04-19,88288.08,Verified
INV-05151,PO-05151,2026-06-06,696852.5,Verified
INV-05152,PO-05152,2026-03-05,142131.66,Mismatch
INV-05153,PO-05153,2026-01-19,267943.75,Verified
INV-05154,PO-05154,2026-02-19,218471.52,Verified
INV-05155,PO-05155,2026-05-21,45514.9,Verified
INV-05156,PO-05156,2026-05-23,477112.72,Mismatch
INV-05157,PO-05157,2026-06-07,127599.03,Verified
INV-05158,PO-05158,2026-04-01,440589.15,Verified
INV-05159,PO-05159,2026-04-14,315256.04,Verified
INV-05160,PO-05160,2026-02-05,75688.2,Verified
INV-05161,PO-05161,2026-03-02,55167.35,Verified
INV-05162,PO-05162,2026-03-27,323728.01,Verified
INV-05163,PO-05163,2026-02-27,117452.16,Verified
INV-05164,PO-05164,2026-06-17,194978.7,Mismatch
INV-05165,PO-05165,2026-05-30,108023.76,Verified
INV-05166,PO-05166,2026-04-19,274997.25,Verified
INV-05167,PO-05167,2026-04-26,426869.51,Verified
INV-05168,PO-05168,2026-01-19,1188.6,Verified
INV-05169,PO-05169,2026-06-05,61404.45,Verified
INV-05170,PO-05170,2026-05-04,370534.56,Verified
INV-05171,PO-05171,2026-06-14,72269.7,Verified
INV-05172,PO-05172,2026-06-03,219510.9,Verified
INV-05173,PO-05173,2026-04-17,47563.5,Verified
INV-05174,PO-05174,2026-05-25,593864.6,Verified
INV-05175,PO-05175,2026-05-20,14152.25,Verified
INV-05176,PO-05176,2026-07-01,59366.64,Mismatch
INV-05177,PO-05177,2026-03-30,27308.94,Verified
INV-05178,PO-05178,2026-06-07,137682.45,Verified
INV-05179,PO-05179,2026-03-31,38878.07,Verified
INV-05180,PO-05180,2026-02-17,206127.21,Verified
INV-05181,PO-05181,2026-02-08,116062.96,Verified
INV-05182,PO-05182,2026-01-23,119533.5,Verified
INV-05183,PO-05183,2026-06-06,16174.0,Verified
INV-05184,PO-05184,2026-05-16,9753.84,Mismatch
INV-05185,PO-05185,2026-02-22,101482.88,Verified
INV-05186,PO-05186,2026-01-30,12609.68,Verified
INV-05187,PO-05187,2026-04-28,493458.0,Verified
INV-05188,PO-05188,2026-02-23,81587.87,Mismatch
INV-05189,PO-05189,2026-04-29,83635.66,Mismatch
INV-05190,PO-05190,2026-04-01,77756.14,Verified
INV-05191,PO-05191,2026-03-21,76698.72,Verified
INV-05192,PO-05192,2026-06-14,34792.88,Verified
INV-05193,PO-05193,2026-05-17,552977.25,Verified
INV-05194,PO-05194,2026-02-05,24831.66,Mismatch
INV-05195,PO-05195,2026-05-09,115222.69,Mismatch
INV-05196,PO-05196,2026-06-05,79119.84,Verified
INV-05197,PO-05197,2026-02-22,20801.25,Mismatch
INV-05198,PO-05198,2026-04-16,141636.9,Verified
INV-05199,PO-05199,2026-04-15,488598.36,Verified
INV-05200,PO-05200,2026-02-09,17100.36,Verified
INV-05201,PO-05201,2026-02-27,744134.72,Mismatch
INV-05202,PO-05202,2026-03-02,172400.9,Verified
INV-05203,PO-05203,2026-05-13,11332.33,Verified
INV-05204,PO-05204,2026-04-30,5773.2,Verified
INV-05205,PO-05205,2026-01-25,179320.23,Verified
INV-05206,PO-05206,2026-04-18,394689.69,Verified
INV-05207,PO-05207,2026-03-13,249238.47,Mismatch
INV-05208,PO-05208,2026-04-15,367020.2,Verified
INV-05209,PO-05209,2026-03-06,284438.4,Verified
INV-05210,PO-05210,2026-05-18,539489.72,Verified
INV-05211,PO-05211,2026-04-20,285702.3,Verified
INV-05212,PO-05212,2026-06-07,18693.75,Verified
INV-05213,PO-05213,2026-01-19,466138.2,Verified
INV-05214,PO-05214,2026-02-07,98680.96,Verified
INV-05215,PO-05215,2026-02-09,70394.85,Verified
INV-05216,PO-05216,2026-01-12,240131.8,Verified
INV-05217,PO-05217,2026-06-01,631991.21,Verified
INV-05218,PO-05218,2026-06-27,32453.92,Mismatch
INV-05219,PO-05219,2026-02-01,5094.0,Verified
INV-05220,PO-05220,2026-02-13,272374.83,Verified
INV-05221,PO-05221,2026-03-17,616024.64,Verified
INV-05222,PO-05222,2026-03-19,418104.75,Verified
INV-05223,PO-05223,2026-02-05,45365.57,Verified
INV-05224,PO-05224,2026-01-24,589192.14,Verified
INV-05225,PO-05225,2026-05-03,185894.32,Verified
INV-05226,PO-05226,2026-05-21,242135.11,Verified
INV-05227,PO-05227,2026-05-15,75340.0,Verified
INV-05228,PO-05228,2026-01-31,226108.85,Verified
INV-05229,PO-05229,2026-05-01,159789.0,Verified
INV-05230,PO-05230,2026-01-20,48500.52,Verified
INV-05231,PO-05231,2026-06-09,285702.3,Verified
INV-05232,PO-05232,2026-05-08,77838.84,Verified
INV-05233,PO-05233,2026-05-15,176369.64,Verified
INV-05234,PO-05234,2026-04-12,505693.23,Verified
INV-05235,PO-05235,2026-02-07,414083.78,Mismatch
INV-05236,PO-05236,2026-02-02,59561.26,Verified
INV-05237,PO-05237,2026-04-10,212882.04,Verified
INV-05238,PO-05238,2026-04-03,339195.36,Verified
INV-05239,PO-05239,2026-05-15,51408.83,Verified
INV-05240,PO-05240,2026-04-10,205886.19,Verified
INV-05241,PO-05241,2026-04-29,158545.0,Verified
INV-05242,PO-05242,2026-03-07,206040.1,Verified
INV-05243,PO-05243,2026-04-21,55748.2,Verified
INV-05244,PO-05244,2026-03-07,287737.89,Verified
INV-05245,PO-05245,2026-03-25,68836.88,Verified
INV-05246,PO-05246,2026-02-05,3565.62,Verified
INV-05247,PO-05247,2026-06-04,9104.88,Verified
INV-05248,PO-05248,2026-05-11,284022.2,Verified
INV-05249,PO-05249,2026-02-19,339197.95,Verified
INV-05250,PO-05250,2026-01-20,122923.0,Verified
INV-05251,PO-05251,2026-03-19,323795.94,Verified
INV-05252,PO-05252,2026-04-23,54587.25,Verified
INV-05253,PO-05253,2026-05-12,43361.82,Verified
INV-05254,PO-05254,2026-04-06,2716.8,Verified
INV-05255,PO-05255,2026-02-28,458832.72,Verified
INV-05256,PO-05256,2026-04-05,667181.28,Verified
INV-05257,PO-05257,2026-01-28,299142.72,Verified
INV-05258,PO-05258,2026-05-12,199400.0,Verified
INV-05259,PO-05259,2026-05-13,312942.91,Mismatch
INV-05260,PO-05260,2026-05-02,58630.75,Verified
INV-05261,PO-05261,2026-03-15,31036.05,Verified
INV-05262,PO-05262,2026-05-30,937.2,Verified
INV-05263,PO-05263,2026-03-08,32304.32,Verified
INV-05264,PO-05264,2026-02-19,11228.32,Verified
INV-05265,PO-05265,2026-05-07,361482.8,Verified
INV-05266,PO-05266,2026-04-01,2108.7,Verified
INV-05267,PO-05267,2026-06-05,505693.23,Verified
INV-05268,PO-05268,2026-04-22,348999.84,Verified
INV-05269,PO-05269,2026-06-02,430798.28,Verified
INV-05270,PO-05270,2026-05-11,221993.8,Verified
INV-05271,PO-05271,2026-03-25,216051.2,Verified
INV-05272,PO-05272,2026-02-26,400785.05,Verified
INV-05273,PO-05273,2026-02-28,188103.96,Verified
INV-05274,PO-05274,2026-04-18,480263.6,Verified
INV-05275,PO-05275,2026-06-02,513943.12,Verified
INV-05276,PO-05276,2026-01-20,157880.88,Verified
INV-05277,PO-05277,2026-05-17,294790.72,Mismatch
INV-05278,PO-05278,2026-06-06,303164.64,Verified
INV-05279,PO-05279,2026-02-16,54012.8,Verified
INV-05280,PO-05280,2026-04-09,247686.48,Verified
INV-05281,PO-05281,2026-04-08,58636.71,Verified
INV-05282,PO-05282,2026-05-04,407166.48,Verified
INV-05283,PO-05283,2026-05-24,31316.87,Verified
INV-05284,PO-05284,2026-03-22,272266.58,Verified
INV-05285,PO-05285,2026-04-29,16803.11,Verified
INV-05286,PO-05286,2026-05-21,459268.32,Verified
INV-05287,PO-05287,2026-02-07,284438.4,Verified
INV-05288,PO-05288,2026-01-31,145501.56,Verified
INV-05289,PO-05289,2026-05-03,319639.05,Verified
INV-05290,PO-05290,2026-01-25,582006.24,Verified
INV-05291,PO-05291,2026-02-13,546080.52,Verified
INV-05292,PO-05292,2026-03-13,295473.18,Mismatch
INV-05293,PO-05293,2026-01-20,284022.2,Verified
INV-05294,PO-05294,2026-05-29,275220.66,Verified
INV-05295,PO-05295,2026-03-15,29372.61,Verified
INV-05296,PO-05296,2026-04-19,146868.15,Verified
INV-05297,PO-05297,2026-01-31,502702.92,Verified
INV-05298,PO-05298,2026-01-31,93468.75,Verified
INV-05299,PO-05299,2026-02-15,56487.75,Verified
INV-05300,PO-05300,2026-04-04,21494.73,Verified
INV-05301,PO-05301,2026-06-18,646688.68,Verified
INV-05302,PO-05302,2026-05-04,175541.6,Verified
INV-05303,PO-05303,2026-04-14,138025.64,Verified
INV-05304,PO-05304,2026-06-22,692144.6,Verified
INV-05305,PO-05305,2026-02-19,283935.23,Verified
INV-05306,PO-05306,2026-04-17,401756.4,Verified
INV-05307,PO-05307,2026-01-22,199747.07,Verified
INV-05308,PO-05308,2026-06-01,569884.01,Verified
INV-05309,PO-05309,2026-02-13,152224.32,Verified
INV-05310,PO-05310,2026-04-04,4595.23,Verified
INV-05311,PO-05311,2026-05-08,39559.92,Verified
INV-05312,PO-05312,2026-02-03,46519.09,Mismatch
INV-05313,PO-05313,2026-01-19,441400.68,Verified
INV-05314,PO-05314,2026-02-25,560022.4,Verified
INV-05315,PO-05315,2026-04-05,19311.32,Verified
INV-05316,PO-05316,2026-03-22,82443.4,Verified
INV-05317,PO-05317,2026-03-03,34585.04,Verified
INV-05318,PO-05318,2026-03-16,631991.21,Verified
INV-05319,PO-05319,2026-05-08,642919.22,Mismatch
INV-05320,PO-05320,2026-04-11,15957.4,Verified
INV-05321,PO-05321,2026-05-19,197383.2,Verified
INV-05322,PO-05322,2026-02-23,66717.75,Verified
INV-05323,PO-05323,2026-02-18,350668.5,Verified
INV-05324,PO-05324,2026-03-31,126188.31,Verified
INV-05325,PO-05325,2026-02-25,114816.05,Mismatch
INV-05326,PO-05326,2026-04-30,78326.96,Verified
INV-05327,PO-05327,2026-03-12,93421.48,Verified
INV-05328,PO-05328,2026-03-05,16243.38,Verified
INV-05329,PO-05329,2026-05-23,193570.43,Verified
INV-05330,PO-05330,2026-02-10,410235.35,Verified
INV-05331,PO-05331,2026-02-07,73566.78,Verified
INV-05332,PO-05332,2026-05-21,219471.7,Verified
INV-05333,PO-05333,2026-02-27,3358.3,Verified
INV-05334,PO-05334,2026-05-04,230542.61,Verified
INV-05335,PO-05335,2026-03-06,173645.16,Verified
INV-05336,PO-05336,2026-02-21,393278.57,Verified
INV-05337,PO-05337,2026-04-13,360002.45,Verified
INV-05338,PO-05338,2026-04-05,229002.97,Verified
INV-05339,PO-05339,2026-02-25,257665.27,Verified
INV-05340,PO-05340,2026-04-17,43801.24,Verified
INV-05341,PO-05341,2026-03-10,258713.89,Verified
INV-05342,PO-05342,2026-07-08,324076.8,Verified
INV-05343,PO-05343,2026-04-17,79273.5,Verified
INV-05344,PO-05344,2026-05-25,40380.4,Verified
INV-05345,PO-05345,2026-03-11,3358.3,Verified
INV-05346,PO-05346,2026-05-25,85918.91,Verified
INV-05347,PO-05347,2026-02-17,390237.4,Verified
INV-05348,PO-05348,2026-04-30,390459.81,Verified
INV-05349,PO-05349,2026-06-09,285281.92,Verified
INV-05350,PO-05350,2026-04-02,323877.63,Mismatch
INV-05351,PO-05351,2026-03-15,72505.66,Verified
INV-05352,PO-05352,2026-04-02,308311.92,Verified
INV-05353,PO-05353,2026-01-20,422226.18,Verified
INV-05354,PO-05354,2026-05-15,127831.2,Verified
INV-05355,PO-05355,2026-06-04,53499.33,Mismatch
INV-05356,PO-05356,2026-06-07,45318.35,Verified
INV-05357,PO-05357,2026-03-16,68388.06,Verified
INV-05358,PO-05358,2026-03-12,45899.52,Verified
INV-05359,PO-05359,2026-05-04,159786.2,Verified
INV-05360,PO-05360,2026-04-19,224008.96,Verified
INV-05361,PO-05361,2026-01-25,239405.04,Verified
INV-05362,PO-05362,2026-04-21,125103.3,Verified
INV-05363,PO-05363,2026-02-10,81207.0,Verified
INV-05364,PO-05364,2026-04-06,214920.12,Verified
INV-05365,PO-05365,2026-04-11,28825.32,Verified
INV-05366,PO-05366,2026-02-14,38069.88,Verified
INV-05367,PO-05367,2026-06-09,201187.56,Verified
INV-05368,PO-05368,2026-04-17,446732.89,Mismatch
INV-05369,PO-05369,2026-03-25,196829.28,Verified
INV-05370,PO-05370,2026-03-04,9635.96,Verified
INV-05371,PO-05371,2026-03-02,167244.6,Verified
INV-05372,PO-05372,2026-06-01,242792.35,Verified
INV-05373,PO-05373,2026-02-25,19271.92,Verified
INV-05374,PO-05374,2026-03-01,11885.4,Verified
INV-05375,PO-05375,2026-04-29,602024.08,Verified
INV-05376,PO-05376,2026-06-07,226006.4,Verified
INV-05377,PO-05377,2026-04-18,33238.08,Verified
INV-05378,PO-05378,2026-03-22,239460.15,Mismatch
INV-05379,PO-05379,2026-04-11,298349.26,Verified
INV-05380,PO-05380,2026-05-06,224329.44,Verified
INV-05381,PO-05381,2026-06-22,98003.92,Verified
INV-05382,PO-05382,2026-03-25,29947.99,Verified
INV-05383,PO-05383,2026-02-23,15957.4,Verified
INV-05384,PO-05384,2026-04-08,168492.48,Verified
INV-05385,PO-05385,2026-04-17,161847.0,Verified
INV-05386,PO-05386,2026-01-28,341326.08,Verified
INV-05387,PO-05387,2026-05-04,135108.24,Verified
INV-05388,PO-05388,2026-03-07,284453.1,Verified
INV-05389,PO-05389,2026-04-06,75406.5,Verified
INV-05390,PO-05390,2026-02-14,9810.5,Verified
INV-05391,PO-05391,2026-04-20,388004.58,Verified
INV-05392,PO-05392,2026-04-24,311355.36,Verified
INV-05393,PO-05393,2026-04-03,12898.58,Verified
INV-05394,PO-05394,2026-05-24,255869.28,Verified
INV-05395,PO-05395,2026-04-11,266186.07,Verified
INV-05396,PO-05396,2026-03-30,470319.04,Verified
INV-05397,PO-05397,2026-03-07,255662.4,Verified
INV-05398,PO-05398,2026-04-22,141636.9,Verified
INV-05399,PO-05399,2026-04-22,153162.32,Verified
INV-05400,PO-05400,2026-02-06,219822.58,Verified
INV-05401,PO-05401,2026-05-26,189044.8,Verified
INV-05402,PO-05402,2026-05-22,17212.32,Verified
INV-05403,PO-05403,2026-05-08,73594.08,Verified
INV-05404,PO-05404,2026-05-16,72658.64,Verified
INV-05405,PO-05405,2026-05-26,84875.91,Verified
INV-05406,PO-05406,2026-03-05,202426.2,Verified
INV-05407,PO-05407,2026-05-11,426676.16,Verified
INV-05408,PO-05408,2026-03-25,161931.55,Verified
INV-05409,PO-05409,2026-03-31,129120.76,Verified
INV-05410,PO-05410,2026-03-28,171421.38,Verified
INV-05411,PO-05411,2026-04-05,402167.34,Verified
INV-05412,PO-05412,2026-05-07,42061.77,Verified
INV-05413,PO-05413,2026-05-14,254883.44,Verified
INV-05414,PO-05414,2026-05-02,39900.84,Verified
INV-05415,PO-05415,2026-02-27,179494.35,Verified
INV-05416,PO-05416,2026-04-06,94410.75,Verified
INV-05417,PO-05417,2026-06-28,544871.88,Verified
INV-05418,PO-05418,2026-02-14,125582.25,Verified
INV-05419,PO-05419,2026-05-19,12510.03,Verified
INV-05420,PO-05420,2026-06-09,116634.21,Verified
INV-05421,PO-05421,2026-02-06,10452.9,Verified
INV-05422,PO-05422,2026-03-23,48217.6,Verified
INV-05423,PO-05423,2026-04-15,313186.44,Verified
INV-05424,PO-05424,2026-02-23,220291.92,Verified
INV-05425,PO-05425,2026-05-22,157478.02,Verified
INV-05426,PO-05426,2026-02-10,339616.71,Verified
INV-05427,PO-05427,2026-01-24,29516.4,Verified
INV-05428,PO-05428,2026-02-05,426642.15,Verified
INV-05429,PO-05429,2026-05-12,18380.92,Verified
INV-05430,PO-05430,2026-02-26,44044.56,Verified
INV-05431,PO-05431,2026-01-30,340568.91,Verified
INV-05432,PO-05432,2026-06-12,37387.5,Verified
INV-05433,PO-05433,2026-02-09,219997.8,Verified
INV-05434,PO-05434,2026-03-09,431842.56,Verified
INV-05435,PO-05435,2026-01-16,103445.92,Verified
INV-05436,PO-05436,2026-02-10,77087.68,Verified
INV-05437,PO-05437,2026-03-08,181876.95,Verified
INV-05438,PO-05438,2026-02-26,207893.79,Verified
INV-05439,PO-05439,2026-05-08,269479.68,Verified
INV-05440,PO-05440,2026-02-03,11474.88,Verified
INV-05441,PO-05441,2026-06-12,622874.23,Mismatch
INV-05442,PO-05442,2026-06-18,121141.2,Verified
INV-05443,PO-05443,2026-05-20,86982.2,Verified
INV-05444,PO-05444,2026-05-09,38349.36,Verified
INV-05445,PO-05445,2026-02-08,24562.72,Verified
INV-05446,PO-05446,2026-04-27,8276.28,Verified
INV-05447,PO-05447,2026-07-01,188121.26,Verified
INV-05448,PO-05448,2026-03-10,9769.29,Mismatch
INV-05449,PO-05449,2026-06-01,3396.0,Verified
INV-05450,PO-05450,2026-03-16,276178.89,Verified
INV-05451,PO-05451,2026-05-26,80454.64,Verified
INV-05452,PO-05452,2026-03-04,575569.8,Verified
INV-05453,PO-05453,2026-04-22,486407.25,Verified
INV-05454,PO-05454,2026-06-09,471589.44,Verified
INV-05455,PO-05455,2026-05-29,12683.6,Verified
INV-05456,PO-05456,2026-04-28,127831.2,Verified
INV-05457,PO-05457,2026-01-21,298660.32,Verified
INV-05458,PO-05458,2026-03-10,54006.48,Mismatch
INV-05459,PO-05459,2026-06-17,474774.98,Verified
INV-05460,PO-05460,2026-02-15,59444.54,Verified
INV-05461,PO-05461,2026-04-06,392571.0,Verified
INV-05462,PO-05462,2026-05-01,705478.56,Verified
INV-05463,PO-05463,2026-04-30,365325.24,Verified
INV-05464,PO-05464,2026-03-14,641104.3,Verified
INV-05465,PO-05465,2026-02-25,14728.81,Mismatch
INV-05466,PO-05466,2026-03-02,207734.12,Verified
INV-05467,PO-05467,2026-05-24,385190.75,Mismatch
INV-05468,PO-05468,2026-02-14,18195.75,Verified
INV-05469,PO-05469,2026-04-01,49407.2,Verified
INV-05470,PO-05470,2026-02-28,35070.8,Verified
INV-05471,PO-05471,2026-05-18,8490.0,Verified
INV-05472,PO-05472,2026-03-04,106664.4,Verified
INV-05473,PO-05473,2026-02-14,19016.64,Verified
INV-05474,PO-05474,2026-05-22,506179.35,Verified
INV-05475,PO-05475,2026-02-08,279254.5,Verified
INV-05476,PO-05476,2026-03-24,600481.44,Verified
INV-05477,PO-05477,2026-05-05,34369.75,Verified
INV-05478,PO-05478,2026-01-31,3172.49,Verified
INV-05479,PO-05479,2026-02-04,222304.68,Verified
INV-05480,PO-05480,2026-01-15,78514.2,Verified
INV-05481,PO-05481,2026-04-18,138025.64,Verified
INV-05482,PO-05482,2026-03-19,103887.85,Verified
INV-05483,PO-05483,2026-01-24,145861.4,Verified
INV-05484,PO-05484,2026-04-01,207764.24,Verified
INV-05485,PO-05485,2026-04-11,529108.92,Verified
INV-05486,PO-05486,2026-03-24,350289.24,Verified
INV-05487,PO-05487,2026-06-01,79364.29,Mismatch
INV-05488,PO-05488,2026-03-06,109235.76,Verified
INV-05489,PO-05489,2026-01-31,504298.86,Verified
INV-05490,PO-05490,2026-02-05,238009.52,Verified
INV-05491,PO-05491,2026-04-17,285489.11,Mismatch
INV-05492,PO-05492,2026-02-04,196494.24,Verified
INV-05493,PO-05493,2026-05-02,152776.25,Verified
INV-05494,PO-05494,2026-04-08,57815.76,Verified
INV-05495,PO-05495,2026-03-22,202308.75,Verified
INV-05496,PO-05496,2026-02-08,180128.0,Mismatch
INV-05497,PO-05497,2026-06-06,614044.5,Verified
INV-05498,PO-05498,2026-06-04,482718.33,Mismatch
INV-05499,PO-05499,2026-01-23,250889.4,Verified
INV-05500,PO-05500,2026-06-23,318607.76,Mismatch
INV-05501,PO-05501,2026-03-22,98297.9,Verified
INV-05502,PO-05502,2026-06-11,88302.9,Verified
INV-05503,PO-05503,2026-04-09,68378.8,Verified
INV-05504,PO-05504,2026-04-01,254883.44,Verified
INV-05505,PO-05505,2026-02-05,26897.91,Verified
INV-05506,PO-05506,2026-02-26,158182.81,Verified
INV-05507,PO-05507,2026-03-03,4940.72,Verified
INV-05508,PO-05508,2026-05-10,402230.5,Verified
INV-05509,PO-05509,2026-03-21,212527.68,Verified
INV-05510,PO-05510,2026-03-25,36783.39,Verified
INV-05511,PO-05511,2026-05-13,444112.2,Verified
INV-05512,PO-05512,2026-03-29,254381.6,Verified
INV-05513,PO-05513,2026-05-12,89481.84,Verified
INV-05514,PO-05514,2026-06-06,682666.9,Mismatch
INV-05515,PO-05515,2026-04-20,17584.65,Verified
INV-05516,PO-05516,2026-02-03,44392.6,Verified
INV-05517,PO-05517,2026-03-04,305474.5,Verified
INV-05518,PO-05518,2026-05-23,466594.56,Verified
INV-05519,PO-05519,2026-02-19,85289.76,Verified
INV-05520,PO-05520,2026-06-12,108172.24,Verified
INV-05521,PO-05521,2026-06-04,428553.45,Verified
INV-05522,PO-05522,2026-05-15,282005.99,Verified
INV-05523,PO-05523,2026-05-17,415230.84,Mismatch
INV-05524,PO-05524,2026-06-18,494046.08,Verified
INV-05525,PO-05525,2026-01-31,163991.1,Verified
INV-05526,PO-05526,2026-02-09,77340.0,Verified
INV-05527,PO-05527,2026-05-21,418104.75,Verified
INV-05528,PO-05528,2026-06-02,134771.04,Verified
INV-05529,PO-05529,2026-03-26,448629.81,Verified
INV-05530,PO-05530,2026-04-03,33113.33,Mismatch
INV-05531,PO-05531,2026-02-09,208439.21,Verified
INV-05532,PO-05532,2026-02-18,4827.83,Verified
INV-05533,PO-05533,2026-04-15,82454.84,Verified
INV-05534,PO-05534,2026-04-25,15933.54,Verified
INV-05535,PO-05535,2026-03-20,426420.28,Verified
INV-05536,PO-05536,2026-04-11,127831.2,Verified
INV-05537,PO-05537,2026-05-21,458941.5,Verified
INV-05538,PO-05538,2026-01-15,114868.26,Mismatch
INV-05539,PO-05539,2026-05-12,19288.94,Verified
INV-05540,PO-05540,2026-04-24,339230.58,Verified
INV-05541,PO-05541,2026-05-24,621147.2,Verified
INV-05542,PO-05542,2026-07-01,145369.44,Verified
INV-05543,PO-05543,2026-02-28,204529.92,Verified
INV-05544,PO-05544,2026-06-05,27122.66,Verified
INV-05545,PO-05545,2026-04-27,265315.43,Verified
INV-05546,PO-05546,2026-05-23,125103.3,Verified
INV-05547,PO-05547,2026-03-22,8767.7,Verified
INV-05548,PO-05548,2026-03-28,54138.0,Verified
INV-05549,PO-05549,2026-03-29,3296.66,Verified
INV-05550,PO-05550,2026-04-28,108490.64,Verified
INV-05551,PO-05551,2026-04-26,194597.1,Verified
INV-05552,PO-05552,2026-02-02,9457.26,Verified
INV-05553,PO-05553,2026-04-08,9691.37,Verified
INV-05554,PO-05554,2026-05-14,89074.78,Verified
INV-05555,PO-05555,2026-02-02,75766.13,Verified
INV-05556,PO-05556,2026-06-10,207939.16,Verified
INV-05557,PO-05557,2026-01-29,80930.74,Verified
INV-05558,PO-05558,2026-04-28,160702.56,Verified
INV-05559,PO-05559,2026-04-02,16744.3,Verified
INV-05560,PO-05560,2026-04-12,206891.84,Verified
INV-05561,PO-05561,2026-07-02,32304.32,Verified
INV-05562,PO-05562,2026-05-26,50539.14,Verified
INV-05563,PO-05563,2026-05-28,230542.61,Verified
INV-05564,PO-05564,2026-04-17,1405.8,Verified
INV-05565,PO-05565,2026-04-25,557845.02,Verified
INV-05566,PO-05566,2026-02-19,318756.0,Verified
INV-05567,PO-05567,2026-05-29,31167.08,Verified
INV-05568,PO-05568,2026-05-29,92507.8,Verified
INV-05569,PO-05569,2026-01-28,309509.43,Mismatch
INV-05570,PO-05570,2026-02-11,258202.0,Verified
INV-05571,PO-05571,2026-03-03,207446.2,Verified
INV-05572,PO-05572,2026-06-02,69685.25,Verified
INV-05573,PO-05573,2026-03-23,261666.99,Verified
INV-05574,PO-05574,2026-01-28,269533.64,Mismatch
INV-05575,PO-05575,2026-03-27,100568.3,Verified
INV-05576,PO-05576,2026-02-02,11093.04,Verified
INV-05577,PO-05577,2026-03-09,190280.4,Verified
INV-05578,PO-05578,2026-01-29,262710.63,Verified
INV-05579,PO-05579,2026-04-30,206040.1,Verified
INV-05580,PO-05580,2026-01-22,151642.59,Verified
INV-05581,PO-05581,2026-04-30,271358.36,Verified
INV-05582,PO-05582,2026-01-27,17240.28,Verified
INV-05583,PO-05583,2026-02-28,107460.06,Verified
INV-05584,PO-05584,2026-02-20,323881.92,Verified
INV-05585,PO-05585,2026-03-05,382446.62,Verified
INV-05586,PO-05586,2026-03-26,100056.06,Verified
INV-05587,PO-05587,2026-05-13,23161.33,Mismatch
INV-05588,PO-05588,2026-04-11,44504.91,Verified
INV-05589,PO-05589,2026-06-15,394689.69,Verified
INV-05590,PO-05590,2026-05-03,73594.08,Verified
INV-05591,PO-05591,2026-05-16,141235.64,Verified
INV-05592,PO-05592,2026-04-06,379717.24,Verified
INV-05593,PO-05593,2026-06-06,42078.44,Mismatch
INV-05594,PO-05594,2026-02-19,414750.72,Verified
INV-05595,PO-05595,2026-02-01,46404.0,Verified
INV-05596,PO-05596,2026-05-04,442112.04,Verified
INV-05597,PO-05597,2026-03-03,40089.14,Verified
INV-05598,PO-05598,2026-02-16,151356.25,Verified
INV-05599,PO-05599,2026-06-06,36876.9,Verified
INV-05600,PO-05600,2026-04-04,223885.62,Verified
INV-05601,PO-05601,2026-06-15,295211.9,Verified
INV-05602,PO-05602,2026-05-20,279636.68,Verified
INV-05603,PO-05603,2026-04-10,244299.18,Verified
INV-05604,PO-05604,2026-05-15,267837.6,Verified
INV-05605,PO-05605,2026-02-26,15554.17,Verified
INV-05606,PO-05606,2026-06-14,183199.8,Verified
INV-05607,PO-05607,2026-06-10,367943.0,Verified
INV-05608,PO-05608,2026-05-26,99243.69,Verified
INV-05609,PO-05609,2026-05-06,64759.38,Verified
INV-05610,PO-05610,2026-02-14,17240.28,Verified
INV-05611,PO-05611,2026-06-05,298898.38,Verified
INV-05612,PO-05612,2026-02-19,348348.62,Mismatch
INV-05613,PO-05613,2026-02-10,206127.21,Verified
INV-05614,PO-05614,2026-04-03,93129.61,Mismatch
INV-05615,PO-05615,2026-03-28,15762.1,Verified
INV-05616,PO-05616,2026-06-12,282062.55,Verified
INV-05617,PO-05617,2026-01-26,119662.9,Verified
INV-05618,PO-05618,2026-01-26,234206.32,Verified
INV-05619,PO-05619,2026-02-17,253707.2,Verified
INV-05620,PO-05620,2026-06-10,159786.2,Verified
INV-05621,PO-05621,2026-05-14,610259.85,Verified
INV-05622,PO-05622,2026-04-06,245222.91,Verified
INV-05623,PO-05623,2026-04-25,3226.2,Verified
INV-05624,PO-05624,2026-02-27,116741.35,Verified
INV-05625,PO-05625,2026-03-23,99972.18,Verified
INV-05626,PO-05626,2026-03-16,44740.92,Verified
INV-05627,PO-05627,2026-01-21,418737.08,Verified
INV-05628,PO-05628,2026-01-30,285006.0,Verified
INV-05629,PO-05629,2026-04-21,64696.0,Verified
INV-05630,PO-05630,2026-01-26,609737.58,Verified
INV-05631,PO-05631,2026-04-30,157478.02,Verified
INV-05632,PO-05632,2026-03-22,24089.9,Verified
INV-05633,PO-05633,2026-06-02,299157.25,Verified
INV-05634,PO-05634,2026-05-27,625482.45,Verified
INV-05635,PO-05635,2026-03-05,386789.02,Mismatch
INV-05636,PO-05636,2026-03-19,81129.18,Verified
INV-05637,PO-05637,2026-05-07,339033.25,Verified
INV-05638,PO-05638,2026-06-01,492979.32,Verified
INV-05639,PO-05639,2026-04-17,174499.92,Verified
INV-05640,PO-05640,2026-05-08,25860.42,Verified
INV-05641,PO-05641,2026-02-16,161201.43,Verified
INV-05642,PO-05642,2026-01-19,108489.6,Verified
INV-05643,PO-05643,2026-04-08,42376.2,Verified
INV-05644,PO-05644,2026-06-07,472053.75,Verified
INV-05645,PO-05645,2026-02-09,41860.75,Verified
INV-05646,PO-05646,2026-05-11,40435.0,Verified
INV-05647,PO-05647,2026-04-11,88504.56,Verified
INV-05648,PO-05648,2026-05-16,225812.48,Mismatch
INV-05649,PO-05649,2026-05-06,58591.82,Verified
INV-05650,PO-05650,2026-04-19,6069.92,Verified
INV-05651,PO-05651,2026-02-26,295225.71,Verified
INV-05652,PO-05652,2026-03-03,379575.76,Verified
INV-05653,PO-05653,2026-03-03,219655.91,Verified
INV-05654,PO-05654,2026-05-20,209058.0,Verified
INV-05655,PO-05655,2026-05-22,305741.7,Verified
INV-05656,PO-05656,2026-04-28,630025.2,Verified
INV-05657,PO-05657,2026-05-14,80051.6,Verified
INV-05658,PO-05658,2026-06-09,166795.32,Verified
INV-05659,PO-05659,2026-05-15,221749.67,Mismatch
INV-05660,PO-05660,2026-02-03,42115.95,Verified
INV-05661,PO-05661,2026-03-28,21900.62,Verified
INV-05662,PO-05662,2026-03-13,42049.0,Verified
INV-05663,PO-05663,2026-04-30,264558.77,Mismatch
INV-05664,PO-05664,2026-02-08,117717.44,Verified
INV-05665,PO-05665,2026-06-11,80603.04,Verified
INV-05666,PO-05666,2026-05-10,12510.03,Verified
INV-05667,PO-05667,2026-02-06,266010.64,Verified
INV-05668,PO-05668,2026-06-22,336810.26,Verified
INV-05669,PO-05669,2026-02-02,44470.5,Verified
INV-05670,PO-05670,2026-04-01,6304.84,Verified
INV-05671,PO-05671,2026-04-29,58266.45,Verified
INV-05672,PO-05672,2026-04-16,471085.2,Verified
INV-05673,PO-05673,2026-03-04,58166.64,Verified
INV-05674,PO-05674,2026-04-27,183314.22,Verified
INV-05675,PO-05675,2026-02-02,96902.04,Verified
INV-05676,PO-05676,2026-04-13,15762.1,Verified
INV-05677,PO-05677,2026-04-29,80051.6,Verified
INV-05678,PO-05678,2026-05-07,14714.68,Verified
INV-05679,PO-05679,2026-04-01,17240.28,Verified
INV-05680,PO-05680,2026-03-09,48956.05,Verified
INV-05681,PO-05681,2026-04-19,133550.34,Verified
INV-05682,PO-05682,2026-02-03,88836.88,Verified
INV-05683,PO-05683,2026-03-24,10345.35,Verified
INV-05684,PO-05684,2026-03-05,279251.93,Verified
INV-05685,PO-05685,2026-03-21,330522.42,Verified
INV-05686,PO-05686,2026-06-09,176703.72,Verified
INV-05687,PO-05687,2026-03-19,418347.48,Verified
INV-05688,PO-05688,2026-03-26,356145.81,Verified
INV-05689,PO-05689,2026-01-25,257665.27,Verified
INV-05690,PO-05690,2026-05-23,349099.25,Verified
INV-05691,PO-05691,2026-02-14,57823.92,Verified
INV-05692,PO-05692,2026-02-09,13561.33,Verified
INV-05693,PO-05693,2026-06-07,418607.5,Verified
INV-05694,PO-05694,2026-03-12,362528.32,Mismatch
INV-05695,PO-05695,2026-04-03,60652.5,Verified
INV-05696,PO-05696,2026-04-29,513121.6,Verified
INV-05697,PO-05697,2026-04-03,218252.34,Verified
INV-05698,PO-05698,2026-05-09,9002.81,Mismatch
INV-05699,PO-05699,2026-03-02,103586.57,Verified
INV-05700,PO-05700,2026-04-01,88797.52,Verified
INV-05701,PO-05701,2026-01-30,9881.44,Verified
INV-05702,PO-05702,2026-04-19,185355.24,Verified
INV-05703,PO-05703,2026-03-12,13561.33,Verified
INV-05704,PO-05704,2026-05-30,276765.52,Verified
INV-05705,PO-05705,2026-05-18,137087.5,Verified
INV-05706,PO-05706,2026-06-25,245735.13,Verified
INV-05707,PO-05707,2026-04-25,365851.5,Verified
INV-05708,PO-05708,2026-05-23,336199.24,Verified
INV-05709,PO-05709,2026-02-12,609737.58,Verified
INV-05710,PO-05710,2026-05-29,151079.36,Verified
INV-05711,PO-05711,2026-04-07,351630.3,Verified
INV-05712,PO-05712,2026-02-09,278306.71,Mismatch
INV-05713,PO-05713,2026-05-04,232592.88,Verified
INV-05714,PO-05714,2026-02-18,96435.2,Verified
INV-05715,PO-05715,2026-06-08,324184.0,Verified
INV-05716,PO-05716,2026-03-09,382325.16,Verified
INV-05717,PO-05717,2026-01-31,43806.0,Verified
INV-05718,PO-05718,2026-03-11,77155.76,Verified
INV-05719,PO-05719,2026-04-16,186820.31,Mismatch
INV-05720,PO-05720,2026-04-13,137610.33,Verified
INV-05721,PO-05721,2026-06-08,299287.83,Verified
INV-05722,PO-05722,2026-02-24,119546.82,Verified
INV-05723,PO-05723,2026-06-18,480714.5,Verified
INV-05724,PO-05724,2026-03-05,1405.8,Verified
INV-05725,PO-05725,2026-05-17,93468.75,Verified
INV-05726,PO-05726,2026-05-30,150463.11,Verified
INV-05727,PO-05727,2026-04-17,88184.82,Verified
INV-05728,PO-05728,2026-05-03,98877.8,Verified
INV-05729,PO-05729,2026-05-05,17830.39,Verified
INV-05730,PO-05730,2026-01-27,206561.6,Verified
INV-05731,PO-05731,2026-02-14,80930.74,Verified
INV-05732,PO-05732,2026-05-23,324076.8,Verified
INV-05733,PO-05733,2026-02-21,229002.97,Verified
INV-05734,PO-05734,2026-05-07,47212.3,Verified
INV-05735,PO-05735,2026-03-31,388004.16,Verified
INV-05736,PO-05736,2026-02-15,10452.9,Verified
INV-05737,PO-05737,2026-03-09,53591.14,Verified
INV-05738,PO-05738,2026-02-18,238085.25,Verified
INV-05739,PO-05739,2026-05-07,42856.58,Verified
INV-05740,PO-05740,2026-05-11,232713.9,Verified
INV-05741,PO-05741,2026-06-26,3092.42,Mismatch
INV-05742,PO-05742,2026-05-01,77155.76,Verified
INV-05743,PO-05743,2026-03-23,147582.0,Verified
INV-05744,PO-05744,2026-01-28,300240.61,Mismatch
INV-05745,PO-05745,2026-03-24,249585.84,Verified
INV-05746,PO-05746,2026-02-28,221373.0,Verified
INV-05747,PO-05747,2026-06-22,400320.96,Verified
INV-05748,PO-05748,2026-01-24,129120.76,Verified
INV-05749,PO-05749,2026-01-31,33207.45,Verified
INV-05750,PO-05750,2026-06-05,14795.43,Verified
INV-05751,PO-05751,2026-03-07,57880.21,Verified
INV-05752,PO-05752,2026-03-09,530866.91,Mismatch
INV-05753,PO-05753,2026-03-23,340568.91,Verified
INV-05754,PO-05754,2026-05-07,239486.52,Verified
INV-05755,PO-05755,2026-04-09,332664.39,Mismatch
INV-05756,PO-05756,2026-04-16,229416.36,Verified
INV-05757,PO-05757,2026-06-20,22262.2,Verified
INV-05758,PO-05758,2026-05-24,209308.44,Verified
INV-05759,PO-05759,2026-02-03,120102.42,Verified
INV-05760,PO-05760,2026-05-24,12265.68,Verified
INV-05761,PO-05761,2026-02-18,455621.57,Verified
INV-05762,PO-05762,2026-04-17,14617.29,Mismatch
INV-05763,PO-05763,2026-03-30,120554.62,Verified
INV-05764,PO-05764,2026-05-10,12689.96,Verified
INV-05765,PO-05765,2026-01-26,374991.46,Verified
INV-05766,PO-05766,2026-02-25,418111.5,Verified
INV-05767,PO-05767,2026-04-13,162735.96,Verified
INV-05768,PO-05768,2026-06-02,216189.9,Verified
INV-05769,PO-05769,2026-02-26,333319.35,Verified
INV-05770,PO-05770,2026-03-08,480333.16,Mismatch
INV-05771,PO-05771,2026-04-02,31983.66,Verified
INV-05772,PO-05772,2026-02-15,78353.6,Verified
INV-05773,PO-05773,2026-05-17,333536.4,Verified
INV-05774,PO-05774,2026-02-26,63445.69,Verified
INV-05775,PO-05775,2026-03-09,28077.3,Verified
INV-05776,PO-05776,2026-03-02,54675.67,Verified
INV-05777,PO-05777,2026-05-13,441400.68,Verified
INV-05778,PO-05778,2026-03-28,212675.61,Verified
INV-05779,PO-05779,2026-04-05,66596.75,Verified
INV-05780,PO-05780,2026-01-27,147133.56,Verified
INV-05781,PO-05781,2026-06-03,299100.0,Verified
INV-05782,PO-05782,2026-03-02,587985.51,Verified
INV-05783,PO-05783,2026-05-28,593439.0,Verified
INV-05784,PO-05784,2026-03-03,4817.98,Verified
INV-05785,PO-05785,2026-03-19,75317.0,Verified
INV-05786,PO-05786,2026-05-14,361209.45,Verified
INV-05787,PO-05787,2026-03-09,120494.2,Verified
INV-05788,PO-05788,2026-01-27,88938.72,Verified
INV-05789,PO-05789,2026-03-16,341894.0,Verified
INV-05790,PO-05790,2026-05-18,204145.65,Mismatch
INV-05791,PO-05791,2026-04-10,127139.25,Verified
INV-05792,PO-05792,2026-03-19,283679.78,Mismatch
INV-05793,PO-05793,2026-04-09,79272.5,Verified
INV-05794,PO-05794,2026-05-14,528676.21,Verified
INV-05795,PO-05795,2026-03-27,488598.36,Verified
INV-05796,PO-05796,2026-02-23,656306.59,Verified
INV-05797,PO-05797,2026-03-25,72241.89,Verified
INV-05798,PO-05798,2026-04-29,133265.25,Verified
INV-05799,PO-05799,2026-03-14,183809.2,Verified
INV-05800,PO-05800,2026-03-22,588708.8,Verified
INV-05801,PO-05801,2026-05-30,24703.6,Verified
INV-05802,PO-05802,2026-05-24,201777.24,Verified
INV-05803,PO-05803,2026-03-24,287885.4,Verified
INV-05804,PO-05804,2026-03-25,427367.5,Verified
INV-05805,PO-05805,2026-03-14,485541.0,Verified
INV-05806,PO-05806,2026-02-14,29363.04,Verified
INV-05807,PO-05807,2026-05-24,164740.28,Verified
INV-05808,PO-05808,2026-05-01,111196.88,Verified
INV-05809,PO-05809,2026-02-04,503493.9,Verified
INV-05810,PO-05810,2026-02-14,563725.51,Mismatch
INV-05811,PO-05811,2026-01-13,26360.95,Verified
INV-05812,PO-05812,2026-05-22,73688.16,Verified
INV-05813,PO-05813,2026-05-23,38902.08,Verified
INV-05814,PO-05814,2026-01-27,111311.0,Verified
INV-05815,PO-05815,2026-03-04,7340.76,Verified
INV-05816,PO-05816,2026-02-03,123727.11,Verified
INV-05817,PO-05817,2026-04-22,46735.3,Verified
INV-05818,PO-05818,2026-01-31,2889.7,Verified
INV-05819,PO-05819,2026-03-29,62573.2,Verified
INV-05820,PO-05820,2026-04-30,154006.16,Verified
INV-05821,PO-05821,2026-04-25,619684.8,Verified
INV-05822,PO-05822,2026-04-09,31330.73,Mismatch
INV-05823,PO-05823,2026-04-29,136110.79,Verified
INV-05824,PO-05824,2026-06-02,284549.75,Verified
INV-05825,PO-05825,2026-03-02,177220.45,Verified
INV-05826,PO-05826,2026-03-25,119324.79,Verified
INV-05827,PO-05827,2026-05-17,5942.7,Verified
INV-05828,PO-05828,2026-05-26,526308.12,Verified
INV-05829,PO-05829,2026-06-01,61035.31,Verified
INV-05830,PO-05830,2026-05-17,46153.24,Verified
INV-05831,PO-05831,2026-03-23,478437.38,Verified
INV-05832,PO-05832,2026-04-14,482742.72,Mismatch
INV-05833,PO-05833,2026-05-20,134872.43,Verified
INV-05834,PO-05834,2026-04-22,5554.01,Verified
INV-05835,PO-05835,2026-03-03,78953.28,Verified
INV-05836,PO-05836,2026-04-30,176589.0,Verified
INV-05837,PO-05837,2026-03-17,300971.16,Verified
INV-05838,PO-05838,2026-06-01,151376.4,Verified
INV-05839,PO-05839,2026-02-19,120507.2,Verified
INV-05840,PO-05840,2026-03-18,368955.0,Verified
INV-05841,PO-05841,2026-04-05,21380.39,Verified
INV-05842,PO-05842,2026-03-26,492516.48,Verified
INV-05843,PO-05843,2026-06-05,24522.26,Verified
INV-05844,PO-05844,2026-04-17,110350.17,Verified
INV-05845,PO-05845,2026-03-13,491235.6,Verified
INV-05846,PO-05846,2026-03-25,48768.24,Verified
INV-05847,PO-05847,2026-04-29,10934.96,Verified
INV-05848,PO-05848,2026-05-13,42084.96,Verified
INV-05849,PO-05849,2026-03-01,47872.2,Verified
INV-05850,PO-05850,2026-03-01,45411.65,Verified
INV-05851,PO-05851,2026-01-18,36783.39,Verified
INV-05852,PO-05852,2026-06-10,251464.33,Mismatch
INV-05853,PO-05853,2026-02-16,66200.82,Verified
INV-05854,PO-05854,2026-05-14,29722.27,Verified
INV-05855,PO-05855,2026-05-30,152776.25,Verified
INV-05856,PO-05856,2026-06-12,60625.65,Verified
INV-05857,PO-05857,2026-04-01,5094.0,Verified
INV-05858,PO-05858,2026-05-21,298102.08,Verified
INV-05859,PO-05859,2026-03-16,392828.48,Verified
INV-05860,PO-05860,2026-03-20,235302.98,Verified
INV-05861,PO-05861,2026-06-19,97694.92,Verified
INV-05862,PO-05862,2026-04-05,4721.23,Verified
INV-05863,PO-05863,2026-01-31,94410.75,Verified
INV-05864,PO-05864,2026-05-23,69486.75,Verified
INV-05865,PO-05865,2026-01-19,528185.18,Verified
INV-05866,PO-05866,2026-06-07,25857.1,Verified
INV-05867,PO-05867,2026-04-07,65429.42,Verified
INV-05868,PO-05868,2026-03-20,461205.12,Verified
INV-05869,PO-05869,2026-05-14,237154.56,Verified
INV-05870,PO-05870,2026-05-12,427247.17,Verified
INV-05871,PO-05871,2026-06-06,441482.2,Mismatch
INV-05872,PO-05872,2026-03-25,121942.1,Verified
INV-05873,PO-05873,2026-02-25,447453.78,Mismatch
INV-05874,PO-05874,2026-01-24,2868.72,Verified
INV-05875,PO-05875,2026-02-26,167775.72,Verified
INV-05876,PO-05876,2026-05-11,32418.4,Verified
INV-05877,PO-05877,2026-03-08,48494.23,Verified
INV-05878,PO-05878,2026-06-06,18756.96,Verified
INV-05879,PO-05879,2026-04-29,293726.1,Verified
INV-05880,PO-05880,2026-04-29,257132.07,Verified
INV-05881,PO-05881,2026-03-11,24139.15,Verified
INV-05882,PO-05882,2026-05-05,5737.44,Verified
INV-05883,PO-05883,2026-03-05,348889.32,Verified
INV-05884,PO-05884,2026-05-22,14412.66,Verified
INV-05885,PO-05885,2026-04-08,550187.68,Verified
INV-05886,PO-05886,2026-04-14,165428.28,Verified
INV-05887,PO-05887,2026-05-11,151356.25,Verified
INV-05888,PO-05888,2026-03-05,83090.28,Verified
INV-05889,PO-05889,2026-03-08,144652.8,Verified
INV-05890,PO-05890,2026-04-18,562421.5,Verified
INV-05891,PO-05891,2026-04-05,60277.31,Verified
INV-05892,PO-05892,2026-06-16,337770.81,Verified
INV-05893,PO-05893,2026-03-17,142238.14,Verified
INV-05894,PO-05894,2026-06-04,427440.34,Verified
INV-05895,PO-05895,2026-01-20,35554.8,Verified
INV-05896,PO-05896,2026-03-22,359697.24,Verified
INV-05897,PO-05897,2026-01-16,7340.76,Verified
INV-05898,PO-05898,2026-03-25,206785.35,Verified
INV-05899,PO-05899,2026-05-06,146930.52,Verified
INV-05900,PO-05900,2026-04-01,106664.4,Verified
INV-05901,PO-05901,2026-06-06,440672.64,Verified
INV-05902,PO-05902,2026-06-06,367038.0,Verified
INV-05903,PO-05903,2026-03-20,126423.6,Verified
INV-05904,PO-05904,2026-02-07,101087.5,Verified
INV-05905,PO-05905,2026-02-06,23606.15,Verified
INV-05906,PO-05906,2026-05-09,67516.0,Verified
INV-05907,PO-05907,2026-03-14,24828.84,Verified
INV-05908,PO-05908,2026-02-22,182809.44,Verified
INV-05909,PO-05909,2026-05-27,445486.74,Verified
INV-05910,PO-05910,2026-05-09,720176.03,Verified
INV-05911,PO-05911,2026-01-30,117183.64,Verified
INV-05912,PO-05912,2026-05-20,61520.21,Mismatch
INV-05913,PO-05913,2026-05-05,691807.68,Verified
INV-05914,PO-05914,2026-05-03,191825.26,Verified
INV-05915,PO-05915,2026-05-28,6792.0,Verified
INV-05916,PO-05916,2026-06-10,51622.89,Verified
INV-05917,PO-05917,2026-05-15,119324.79,Verified
INV-05918,PO-05918,2026-02-01,4595.23,Verified
INV-05919,PO-05919,2026-05-18,215651.12,Verified
INV-05920,PO-05920,2026-06-13,298898.38,Verified
INV-05921,PO-05921,2026-05-10,196085.13,Verified
INV-05922,PO-05922,2026-03-31,22239.25,Verified
INV-05923,PO-05923,2026-05-24,12510.03,Verified
INV-05924,PO-05924,2026-05-28,299716.89,Verified
INV-05925,PO-05925,2026-02-16,100967.13,Verified
INV-05926,PO-05926,2026-06-13,336199.24,Verified
INV-05927,PO-05927,2026-04-18,64333.22,Verified
INV-05928,PO-05928,2026-01-26,3735.6,Verified
INV-05929,PO-05929,2026-04-22,449762.67,Verified
INV-05930,PO-05930,2026-02-16,643324.05,Mismatch
INV-05931,PO-05931,2026-02-06,63388.8,Mismatch
INV-05932,PO-05932,2026-01-22,209263.92,Verified
INV-05933,PO-05933,2026-02-09,184526.65,Verified
INV-05934,PO-05934,2026-06-01,63919.96,Verified
INV-05935,PO-05935,2026-05-31,7176.8,Mismatch
INV-05936,PO-05936,2026-06-22,528891.87,Verified
INV-05937,PO-05937,2026-06-21,145861.4,Verified
INV-05938,PO-05938,2026-06-07,237696.27,Verified
INV-05939,PO-05939,2026-03-13,26795.57,Verified
INV-05940,PO-05940,2026-05-05,16819.6,Verified
INV-05941,PO-05941,2026-03-17,88797.07,Verified
INV-05942,PO-05942,2026-03-06,34415.26,Verified
INV-05943,PO-05943,2026-01-20,80768.17,Verified
INV-05944,PO-05944,2026-03-18,324884.2,Verified
INV-05945,PO-05945,2026-05-18,100033.62,Mismatch
INV-05946,PO-05946,2026-03-27,430887.91,Verified
INV-05947,PO-05947,2026-04-26,57221.4,Mismatch
INV-05948,PO-05948,2026-05-21,10521.82,Mismatch
INV-05949,PO-05949,2026-06-19,146112.78,Verified
INV-05950,PO-05950,2026-03-15,158038.02,Mismatch
INV-05951,PO-05951,2026-04-30,25379.92,Verified
INV-05952,PO-05952,2026-05-17,200617.48,Verified
INV-05953,PO-05953,2026-01-28,515670.85,Verified
INV-05954,PO-05954,2026-02-27,330615.84,Verified
INV-05955,PO-05955,2026-02-07,60652.5,Verified
INV-05956,PO-05956,2026-01-24,3735.6,Verified
INV-05957,PO-05957,2026-06-07,108656.52,Verified
INV-05958,PO-05958,2026-06-14,19034.94,Verified
INV-05959,PO-05959,2026-02-15,234206.32,Verified
INV-05960,PO-05960,2026-03-21,492073.2,Verified
INV-05961,PO-05961,2026-06-12,38844.3,Verified
INV-05962,PO-05962,2026-04-18,126223.68,Verified
INV-05963,PO-05963,2026-05-03,607644.0,Verified
INV-05964,PO-05964,2026-03-22,309501.32,Verified
INV-05965,PO-05965,2026-05-07,8241.65,Verified
INV-05966,PO-05966,2026-03-20,75614.24,Verified
INV-05967,PO-05967,2026-02-20,62573.2,Verified
INV-05968,PO-05968,2026-01-18,123980.94,Verified
INV-05969,PO-05969,2026-02-03,88864.16,Verified
INV-05970,PO-05970,2026-03-28,306528.25,Verified
INV-05971,PO-05971,2026-03-09,97776.8,Verified
INV-05972,PO-05972,2026-07-09,142238.14,Verified
INV-05973,PO-05973,2026-03-17,209368.54,Verified
INV-05974,PO-05974,2026-05-16,61094.11,Verified
INV-05975,PO-05975,2026-02-13,28157.94,Verified
INV-05976,PO-05976,2026-04-15,140594.58,Verified
INV-05977,PO-05977,2026-05-25,19779.96,Verified
INV-05978,PO-05978,2026-03-12,391634.8,Verified
INV-05979,PO-05979,2026-01-21,183937.72,Verified
INV-05980,PO-05980,2026-02-10,18694.12,Verified
INV-05981,PO-05981,2026-01-30,39893.5,Verified
INV-05982,PO-05982,2026-03-21,129244.39,Mismatch
INV-05983,PO-05983,2026-04-22,23367.65,Verified
INV-05984,PO-05984,2026-03-16,481138.24,Verified
INV-05985,PO-05985,2026-04-02,284438.4,Verified
INV-05986,PO-05986,2026-04-09,61770.06,Verified
INV-05987,PO-05987,2026-03-09,377643.0,Verified
INV-05988,PO-05988,2026-05-16,53346.87,Verified
INV-05989,PO-05989,2026-04-19,387856.5,Verified
INV-05990,PO-05990,2026-06-12,279254.5,Verified
INV-05991,PO-05991,2026-03-23,218054.16,Verified
INV-05992,PO-05992,2026-02-22,357492.53,Verified
INV-05993,PO-05993,2026-02-23,206614.8,Verified
INV-05994,PO-05994,2026-04-02,131804.75,Verified
INV-05995,PO-05995,2026-03-26,14821.6,Mismatch
INV-05996,PO-05996,2026-01-20,84875.91,Verified
INV-05997,PO-05997,2026-05-16,593783.52,Verified
INV-05998,PO-05998,2026-02-20,69170.08,Verified
INV-05999,PO-05999,2026-04-27,96675.0,Verified
INV-06000,PO-06000,2026-05-02,42053.76,Verified
INV-06001,PO-06001,2026-05-06,114638.56,Verified
INV-06002,PO-06002,2026-03-19,58863.0,Verified
INV-06003,PO-06003,2026-05-12,13963.97,Verified
INV-06004,PO-06004,2026-05-20,160680.26,Verified
INV-06005,PO-06005,2026-06-07,239405.04,Verified
INV-06006,PO-06006,2026-05-06,201934.26,Verified
INV-06007,PO-06007,2026-04-09,21900.62,Verified
INV-06008,PO-06008,2026-02-25,154587.69,Verified
INV-06009,PO-06009,2026-06-23,229277.12,Verified
INV-06010,PO-06010,2026-02-08,260946.6,Verified
INV-06011,PO-06011,2026-06-17,112892.75,Verified
INV-06012,PO-06012,2026-03-26,98768.59,Verified
INV-06013,PO-06013,2026-01-13,499618.4,Verified
INV-06014,PO-06014,2026-03-03,117717.44,Verified
INV-06015,PO-06015,2026-05-03,150825.47,Verified
INV-06016,PO-06016,2026-05-06,5737.44,Verified
INV-06017,PO-06017,2026-04-23,59773.41,Verified
INV-06018,PO-06018,2026-05-28,181883.08,Mismatch
INV-06019,PO-06019,2026-01-28,269744.86,Verified
INV-06020,PO-06020,2026-01-26,201902.0,Verified
INV-06021,PO-06021,2026-03-19,17522.4,Verified
INV-06022,PO-06022,2026-02-10,279279.4,Verified
INV-06023,PO-06023,2026-03-22,74586.72,Verified
INV-06024,PO-06024,2026-03-31,69532.98,Verified
INV-06025,PO-06025,2026-06-01,258989.25,Verified
INV-06026,PO-06026,2026-05-19,60887.54,Verified
INV-06027,PO-06027,2026-02-04,189635.4,Verified
INV-06028,PO-06028,2026-04-07,315761.76,Verified
INV-06029,PO-06029,2026-04-02,150825.47,Verified
INV-06030,PO-06030,2026-05-17,347232.61,Mismatch
INV-06031,PO-06031,2026-05-24,207252.36,Verified
INV-06032,PO-06032,2026-06-21,237387.49,Verified
INV-06033,PO-06033,2026-04-04,19174.68,Verified
INV-06034,PO-06034,2026-04-23,86614.55,Verified
INV-06035,PO-06035,2026-03-27,41357.07,Verified
INV-06036,PO-06036,2026-05-16,172942.29,Mismatch
INV-06037,PO-06037,2026-03-11,84314.65,Verified
INV-06038,PO-06038,2026-04-14,400118.12,Verified
INV-06039,PO-06039,2026-02-08,98814.4,Verified
INV-06040,PO-06040,2026-01-27,3414.33,Verified
INV-06041,PO-06041,2026-05-06,106315.06,Verified
INV-06042,PO-06042,2026-05-18,25229.4,Verified
INV-06043,PO-06043,2026-05-19,299287.83,Verified
INV-06044,PO-06044,2026-06-01,77581.26,Verified
INV-06045,PO-06045,2026-02-15,142219.2,Verified
INV-06046,PO-06046,2026-02-27,15537.72,Verified
INV-06047,PO-06047,2026-05-07,138770.1,Verified
INV-06048,PO-06048,2026-03-28,250553.05,Verified
INV-06049,PO-06049,2026-03-27,229216.23,Verified
INV-06050,PO-06050,2026-02-11,154504.14,Verified
INV-06051,PO-06051,2026-02-14,419612.24,Verified
INV-06052,PO-06052,2026-02-22,78479.13,Mismatch
INV-06053,PO-06053,2026-02-09,184127.97,Verified
INV-06054,PO-06054,2026-03-08,216047.52,Verified
INV-06055,PO-06055,2026-05-22,119702.52,Verified
INV-06056,PO-06056,2026-05-06,7014.16,Verified
INV-06057,PO-06057,2026-06-06,66162.46,Verified
INV-06058,PO-06058,2026-05-20,379485.3,Verified
INV-06059,PO-06059,2026-03-25,2773.26,Verified
INV-06060,PO-06060,2026-05-08,647763.84,Verified
INV-06061,PO-06061,2026-05-04,569884.01,Verified
INV-06062,PO-06062,2026-05-31,573991.08,Verified
INV-06063,PO-06063,2026-06-20,177865.92,Verified
INV-06064,PO-06064,2026-06-13,43838.5,Verified
INV-06065,PO-06065,2026-03-03,23449.46,Verified
INV-06066,PO-06066,2026-04-26,32714.71,Verified
INV-06067,PO-06067,2026-03-23,476170.5,Verified
INV-06068,PO-06068,2026-05-01,114516.8,Verified
INV-06069,PO-06069,2026-05-01,222332.4,Verified
INV-06070,PO-06070,2026-04-19,128332.05,Verified
INV-06071,PO-06071,2026-04-10,225785.5,Verified
INV-06072,PO-06072,2026-04-28,167443.0,Verified
INV-06073,PO-06073,2026-02-16,186571.35,Verified
INV-06074,PO-06074,2026-04-25,47975.49,Verified
INV-06075,PO-06075,2026-02-07,13897.35,Verified
INV-06076,PO-06076,2026-03-15,108588.29,Verified
INV-06077,PO-06077,2026-04-13,43618.75,Verified
INV-06078,PO-06078,2026-03-26,445357.15,Mismatch
INV-06079,PO-06079,2026-03-14,267614.61,Mismatch
INV-06080,PO-06080,2026-06-02,406839.9,Verified
INV-06081,PO-06081,2026-05-10,325682.28,Verified
INV-06082,PO-06082,2026-01-11,252010.08,Verified
INV-06083,PO-06083,2026-01-16,18589.13,Verified
INV-06084,PO-06084,2026-03-06,55850.9,Verified
INV-06085,PO-06085,2026-04-10,546053.4,Verified
INV-06086,PO-06086,2026-03-20,144644.43,Verified
INV-06087,PO-06087,2026-06-07,51627.66,Verified
INV-06088,PO-06088,2026-02-08,437861.55,Verified
INV-06089,PO-06089,2026-05-31,145647.68,Verified
INV-06090,PO-06090,2026-03-07,335551.44,Verified
INV-06091,PO-06091,2026-02-17,44913.28,Verified
INV-06092,PO-06092,2026-04-28,324799.3,Verified
INV-06093,PO-06093,2026-03-04,138770.1,Verified
INV-06094,PO-06094,2026-05-24,576506.4,Verified
INV-06095,PO-06095,2026-03-09,514411.45,Verified
INV-06096,PO-06096,2026-04-07,517339.44,Verified
INV-06097,PO-06097,2026-03-21,9635.96,Verified
INV-06098,PO-06098,2026-03-31,122604.03,Verified
INV-06099,PO-06099,2026-05-26,144483.78,Verified
INV-06100,PO-06100,2026-05-12,442112.04,Verified
INV-06101,PO-06101,2026-01-20,67785.3,Verified
INV-06102,PO-06102,2026-04-03,15554.17,Verified
INV-06103,PO-06103,2026-03-07,550441.32,Verified
INV-06104,PO-06104,2026-04-02,114209.64,Verified
INV-06105,PO-06105,2026-05-19,215338.84,Mismatch
INV-06106,PO-06106,2026-04-04,166795.32,Verified
INV-06107,PO-06107,2026-04-16,449474.7,Verified
INV-06108,PO-06108,2026-02-01,52315.98,Verified
INV-06109,PO-06109,2026-04-03,16483.3,Verified
INV-06110,PO-06110,2026-04-29,370534.56,Verified
INV-06111,PO-06111,2026-04-26,413047.35,Verified
INV-06112,PO-06112,2026-02-22,141853.88,Verified
INV-06113,PO-06113,2026-05-18,103445.92,Verified
INV-06114,PO-06114,2026-05-06,88932.96,Verified
INV-06115,PO-06115,2026-04-17,270299.23,Verified
INV-06116,PO-06116,2026-04-29,200265.56,Verified
INV-06117,PO-06117,2026-02-13,127599.03,Verified
INV-06118,PO-06118,2026-04-03,358245.5,Verified
INV-06119,PO-06119,2026-03-10,321171.31,Verified
INV-06120,PO-06120,2026-05-07,211113.09,Verified
INV-06121,PO-06121,2026-04-16,465427.8,Verified
INV-06122,PO-06122,2026-06-14,119546.82,Verified
INV-06123,PO-06123,2026-05-31,19271.92,Verified
INV-06124,PO-06124,2026-02-01,414504.72,Verified
INV-06125,PO-06125,2026-03-24,125675.73,Verified
INV-06126,PO-06126,2026-04-09,200359.8,Verified
INV-06127,PO-06127,2026-04-11,9040.8,Verified
INV-06128,PO-06128,2026-02-04,348999.84,Verified
INV-06129,PO-06129,2026-04-25,84123.54,Verified
INV-06130,PO-06130,2026-03-02,394689.69,Verified
INV-06131,PO-06131,2026-02-05,90978.75,Verified
INV-06132,PO-06132,2026-03-29,523428.0,Verified
INV-06133,PO-06133,2026-02-18,377027.19,Verified
INV-06134,PO-06134,2026-05-17,247036.0,Verified
INV-06135,PO-06135,2026-06-05,19034.94,Verified
INV-06136,PO-06136,2026-05-14,167345.34,Mismatch
INV-06137,PO-06137,2026-03-06,91404.72,Verified
INV-06138,PO-06138,2026-06-06,134163.51,Verified
INV-06139,PO-06139,2026-05-15,94517.8,Verified
INV-06140,PO-06140,2026-04-07,254849.71,Verified
INV-06141,PO-06141,2026-02-21,400330.56,Verified
INV-06142,PO-06142,2026-03-14,210519.96,Mismatch
INV-06143,PO-06143,2026-02-16,116634.21,Verified
INV-06144,PO-06144,2026-03-16,148021.44,Verified
INV-06145,PO-06145,2026-04-07,87007.5,Verified
INV-06146,PO-06146,2026-04-05,99324.09,Verified
INV-06147,PO-06147,2026-02-01,603426.52,Verified
INV-06148,PO-06148,2026-02-08,317977.0,Verified
INV-06149,PO-06149,2026-04-21,233516.52,Verified
INV-06150,PO-06150,2026-02-28,274943.59,Mismatch
INV-06151,PO-06151,2026-05-14,291295.36,Verified
INV-06152,PO-06152,2026-04-20,42989.46,Verified
INV-06153,PO-06153,2026-04-23,391428.14,Verified
INV-06154,PO-06154,2026-01-28,9484.25,Verified
INV-06155,PO-06155,2026-03-19,33149.6,Verified
INV-06156,PO-06156,2026-04-14,107898.0,Verified
INV-06157,PO-06157,2026-01-25,59766.75,Verified
INV-06158,PO-06158,2026-03-12,390956.3,Verified
INV-06159,PO-06159,2026-03-21,319815.21,Verified
INV-06160,PO-06160,2026-06-09,224007.25,Verified
INV-06161,PO-06161,2026-06-01,102406.12,Verified
INV-06162,PO-06162,2026-03-05,237154.56,Verified
INV-06163,PO-06163,2026-04-24,277992.2,Verified
INV-06164,PO-06164,2026-01-30,215399.14,Verified
INV-06165,PO-06165,2026-04-19,706450.56,Verified
INV-06166,PO-06166,2026-04-15,672026.88,Verified
INV-06167,PO-06167,2026-02-21,105931.25,Verified
INV-06168,PO-06168,2026-05-12,292681.2,Verified
INV-06169,PO-06169,2026-02-16,345913.24,Verified
INV-06170,PO-06170,2026-03-29,287233.2,Verified
INV-06171,PO-06171,2026-02-20,325433.01,Verified
INV-06172,PO-06172,2026-02-26,37658.5,Verified
INV-06173,PO-06173,2026-03-03,286179.3,Verified
INV-06174,PO-06174,2026-02-07,303132.24,Mismatch
INV-06175,PO-06175,2026-06-04,262554.22,Mismatch
INV-06176,PO-06176,2026-06-10,544594.83,Verified
INV-06177,PO-06177,2026-02-18,84123.54,Verified
INV-06178,PO-06178,2026-05-15,54012.8,Verified
INV-06179,PO-06179,2026-05-04,80143.92,Verified
INV-06180,PO-06180,2026-01-08,226153.72,Verified
INV-06181,PO-06181,2026-04-15,298105.96,Verified
INV-06182,PO-06182,2026-05-19,75087.84,Verified
INV-06183,PO-06183,2026-05-10,238330.95,Verified
INV-06184,PO-06184,2026-05-29,138287.77,Mismatch
INV-06185,PO-06185,2026-05-28,273397.98,Mismatch
INV-06186,PO-06186,2026-03-07,77460.6,Verified
INV-06187,PO-06187,2026-03-09,758.74,Verified
INV-06188,PO-06188,2026-01-24,616024.64,Verified
INV-06189,PO-06189,2026-04-02,147133.56,Verified
INV-06190,PO-06190,2026-03-25,97694.92,Verified
INV-06191,PO-06191,2026-06-16,147005.88,Verified
INV-06192,PO-06192,2026-02-25,196288.26,Verified
INV-06193,PO-06193,2026-03-01,82416.38,Verified
INV-06194,PO-06194,2026-03-22,492516.48,Verified
INV-06195,PO-06195,2026-01-22,117617.52,Verified
INV-06196,PO-06196,2026-06-02,373319.91,Mismatch
INV-06197,PO-06197,2026-04-06,376746.75,Verified
INV-06198,PO-06198,2026-01-14,170132.04,Verified
INV-06199,PO-06199,2026-05-25,336849.6,Verified
INV-06200,PO-06200,2026-02-27,45899.52,Verified
INV-06201,PO-06201,2026-04-19,59773.41,Verified
INV-06202,PO-06202,2026-05-13,14078.97,Verified
INV-06203,PO-06203,2026-03-27,343084.1,Verified
INV-06204,PO-06204,2026-04-16,30703.4,Verified
INV-06205,PO-06205,2026-05-18,244299.18,Verified
INV-06206,PO-06206,2026-06-04,41242.37,Verified
INV-06207,PO-06207,2026-02-25,47258.9,Verified
INV-06208,PO-06208,2026-03-24,34439.15,Verified
INV-06209,PO-06209,2026-04-08,129731.4,Verified
INV-06210,PO-06210,2026-03-15,234546.84,Verified
INV-06211,PO-06211,2026-06-05,102264.96,Verified
INV-06212,PO-06212,2026-03-16,264554.46,Verified
INV-06213,PO-06213,2026-05-18,278942.58,Verified
INV-06214,PO-06214,2026-03-22,106664.4,Verified
INV-06215,PO-06215,2026-05-22,69486.75,Verified
INV-06216,PO-06216,2026-02-23,148203.12,Verified
INV-06217,PO-06217,2026-03-06,271226.6,Verified
INV-06218,PO-06218,2026-01-20,83140.5,Verified
INV-06219,PO-06219,2026-05-12,246258.24,Verified
INV-06220,PO-06220,2026-01-27,80662.84,Verified
INV-06221,PO-06221,2026-01-28,38844.3,Verified
INV-06222,PO-06222,2026-03-01,1753.54,Verified
INV-06223,PO-06223,2026-06-01,138850.25,Verified
INV-06224,PO-06224,2026-05-06,102462.4,Verified
INV-06225,PO-06225,2026-04-09,163481.94,Verified
INV-06226,PO-06226,2026-05-10,57691.55,Verified
INV-06227,PO-06227,2026-04-14,168006.72,Verified
INV-06228,PO-06228,2026-02-14,69481.37,Mismatch
INV-06229,PO-06229,2026-04-26,219785.35,Verified
INV-06230,PO-06230,2026-02-25,29431.5,Verified
INV-06231,PO-06231,2026-02-04,203518.77,Verified
INV-06232,PO-06232,2026-04-04,439645.16,Verified
INV-06233,PO-06233,2026-05-01,88864.16,Verified
INV-06234,PO-06234,2026-01-10,93421.48,Verified
INV-06235,PO-06235,2026-02-10,62486.48,Verified
INV-06236,PO-06236,2026-03-01,102568.2,Verified
INV-06237,PO-06237,2026-04-06,64019.45,Verified
INV-06238,PO-06238,2026-03-19,37530.09,Verified
INV-06239,PO-06239,2026-03-21,557755.98,Verified
INV-06240,PO-06240,2026-04-29,67843.16,Verified
INV-06241,PO-06241,2026-06-09,114471.72,Verified
INV-06242,PO-06242,2026-05-23,580288.44,Verified
INV-06243,PO-06243,2026-05-22,17071.65,Verified
INV-06244,PO-06244,2026-02-03,108588.29,Verified
INV-06245,PO-06245,2026-02-23,56082.36,Verified
INV-06246,PO-06246,2026-03-16,16639.56,Verified
INV-06247,PO-06247,2026-05-06,66977.2,Verified
INV-06248,PO-06248,2026-05-11,11093.04,Verified
INV-06249,PO-06249,2026-01-16,183809.2,Verified
INV-06250,PO-06250,2026-05-19,546748.0,Verified
INV-06251,PO-06251,2026-03-21,4692.99,Verified
INV-06252,PO-06252,2026-06-08,164792.93,Verified
INV-06253,PO-06253,2026-01-31,376304.4,Verified
INV-06254,PO-06254,2026-03-22,272146.49,Verified
INV-06255,PO-06255,2026-04-18,331334.54,Verified
INV-06256,PO-06256,2026-01-28,168575.68,Verified
INV-06257,PO-06257,2026-03-09,361331.1,Verified
INV-06258,PO-06258,2026-06-02,47345.58,Verified
INV-06259,PO-06259,2026-01-20,192581.75,Verified
INV-06260,PO-06260,2026-02-23,12462.5,Verified
INV-06261,PO-06261,2026-04-11,428540.16,Verified
INV-06262,PO-06262,2026-05-02,55855.88,Verified
INV-06263,PO-06263,2026-06-04,127152.62,Verified
INV-06264,PO-06264,2026-06-10,380095.03,Verified
INV-06265,PO-06265,2026-04-16,428553.45,Verified
INV-06266,PO-06266,2026-04-07,214920.12,Verified
INV-06267,PO-06267,2026-05-20,140995.36,Mismatch
INV-06268,PO-06268,2026-01-20,12960.96,Verified
INV-06269,PO-06269,2026-03-24,382067.2,Mismatch
INV-06270,PO-06270,2026-04-23,336984.96,Verified
INV-06271,PO-06271,2026-05-27,22234.68,Verified
INV-06272,PO-06272,2026-05-03,81740.97,Verified
INV-06273,PO-06273,2026-05-20,143616.6,Verified
INV-06274,PO-06274,2026-02-25,234186.22,Verified
INV-06275,PO-06275,2026-04-14,111586.57,Mismatch
INV-06276,PO-06276,2026-05-02,62573.2,Verified
INV-06277,PO-06277,2026-03-24,159651.57,Verified
INV-06278,PO-06278,2026-06-01,518855.76,Verified
INV-06279,PO-06279,2026-04-05,85501.8,Verified
INV-06280,PO-06280,2026-03-20,215831.0,Verified
INV-06281,PO-06281,2026-05-23,26360.95,Verified
INV-06282,PO-06282,2026-04-05,186399.5,Verified
INV-06283,PO-06283,2026-05-11,109327.4,Verified
INV-06284,PO-06284,2026-04-10,144525.42,Verified
INV-06285,PO-06285,2026-02-09,209864.82,Verified
INV-06286,PO-06286,2026-05-20,220571.04,Verified
INV-06287,PO-06287,2026-05-15,517339.44,Verified
INV-06288,PO-06288,2026-01-19,323789.84,Verified
INV-06289,PO-06289,2026-06-07,672026.88,Verified
INV-06290,PO-06290,2026-01-14,312080.22,Verified
INV-06291,PO-06291,2026-02-27,154921.2,Verified
INV-06292,PO-06292,2026-02-08,2343.0,Verified
INV-06293,PO-06293,2026-02-07,378089.6,Verified
INV-06294,PO-06294,2026-05-07,79051.52,Verified
INV-06295,PO-06295,2026-04-07,478954.71,Verified
INV-06296,PO-06296,2026-04-06,698198.5,Verified
INV-06297,PO-06297,2026-04-21,62317.66,Mismatch
INV-06298,PO-06298,2026-05-08,64229.36,Verified
INV-06299,PO-06299,2026-01-31,8596.94,Verified
INV-06300,PO-06300,2026-04-18,9769.25,Verified
INV-06301,PO-06301,2026-04-22,177644.88,Verified
INV-06302,PO-06302,2026-05-14,473719.68,Verified
INV-06303,PO-06303,2026-05-14,183538.45,Mismatch
INV-06304,PO-06304,2026-03-26,67843.16,Verified
INV-06305,PO-06305,2026-05-11,8965.97,Verified
INV-06306,PO-06306,2026-01-26,555927.65,Verified
INV-06307,PO-06307,2026-04-13,221897.81,Verified
INV-06308,PO-06308,2026-05-15,209515.02,Verified
INV-06309,PO-06309,2026-02-21,130351.9,Verified
INV-06310,PO-06310,2026-04-23,434017.36,Verified
INV-06311,PO-06311,2026-04-29,4940.72,Verified
INV-06312,PO-06312,2026-05-16,95907.06,Mismatch
INV-06313,PO-06313,2026-05-20,660875.25,Verified
INV-06314,PO-06314,2026-01-28,633498.95,Verified
INV-06315,PO-06315,2026-05-08,382134.22,Verified
INV-06316,PO-06316,2026-03-08,199747.07,Verified
INV-06317,PO-06317,2026-04-01,90978.75,Verified
INV-06318,PO-06318,2026-02-19,88836.88,Verified
INV-06319,PO-06319,2026-04-02,28733.8,Verified
INV-06320,PO-06320,2026-02-18,257908.56,Verified
INV-06321,PO-06321,2026-02-01,388828.8,Verified
INV-06322,PO-06322,2026-06-07,33238.08,Verified
INV-06323,PO-06323,2026-06-07,102462.4,Verified
INV-06324,PO-06324,2026-05-27,229216.23,Verified
INV-06325,PO-06325,2026-04-02,109209.65,Verified
INV-06326,PO-06326,2026-05-17,33665.06,Verified
INV-06327,PO-06327,2026-03-17,622126.08,Verified
INV-06328,PO-06328,2026-03-12,127152.62,Verified
INV-06329,PO-06329,2026-05-09,84380.8,Verified
INV-06330,PO-06330,2026-06-20,89074.78,Verified
INV-06331,PO-06331,2026-03-04,190468.2,Verified
INV-06332,PO-06332,2026-02-26,402375.12,Verified
INV-06333,PO-06333,2026-02-03,125074.78,Verified
INV-06334,PO-06334,2026-05-16,59003.04,Verified
INV-06335,PO-06335,2026-04-02,249312.76,Mismatch
INV-06336,PO-06336,2026-03-07,33892.65,Verified
INV-06337,PO-06337,2026-02-20,38069.88,Verified
INV-06338,PO-06338,2026-06-13,9691.37,Verified
INV-06339,PO-06339,2026-05-13,546021.84,Verified
INV-06340,PO-06340,2026-03-07,222357.6,Verified
INV-06341,PO-06341,2026-04-19,156793.5,Verified
INV-06342,PO-06342,2026-03-24,4944.99,Verified
INV-06343,PO-06343,2026-04-04,390.5,Verified
INV-06344,PO-06344,2026-06-25,625482.45,Verified
INV-06345,PO-06345,2026-04-27,42053.76,Verified
INV-06346,PO-06346,2026-01-26,258614.8,Verified
INV-06347,PO-06347,2026-04-26,63073.5,Verified
INV-06348,PO-06348,2026-03-19,94424.6,Verified
INV-06349,PO-06349,2026-01-29,80220.93,Mismatch
INV-06350,PO-06350,2026-01-24,198605.1,Verified
INV-06351,PO-06351,2026-02-10,276178.89,Verified
INV-06352,PO-06352,2026-05-02,211898.75,Verified
INV-06353,PO-06353,2026-06-01,39525.76,Verified
INV-06354,PO-06354,2026-03-18,132085.14,Verified
INV-06355,PO-06355,2026-02-16,176178.24,Verified
INV-06356,PO-06356,2026-05-27,292868.75,Verified
INV-06357,PO-06357,2026-05-19,14681.52,Verified
INV-06358,PO-06358,2026-03-27,34484.5,Verified
INV-06359,PO-06359,2026-03-19,132783.77,Verified
INV-06360,PO-06360,2026-02-16,188849.2,Verified
INV-06361,PO-06361,2026-06-11,573991.08,Verified
INV-06362,PO-06362,2026-02-07,617293.74,Verified
INV-06363,PO-06363,2026-01-29,189044.8,Verified
INV-06364,PO-06364,2026-06-24,87572.31,Verified
INV-06365,PO-06365,2026-03-08,280405.8,Verified
INV-06366,PO-06366,2026-04-13,330248.64,Verified
INV-06367,PO-06367,2026-01-13,16832.53,Verified
INV-06368,PO-06368,2026-04-10,589482.72,Verified
INV-06369,PO-06369,2026-06-23,28741.08,Verified
INV-06370,PO-06370,2026-05-23,562951.35,Verified
INV-06371,PO-06371,2026-02-10,106605.07,Verified
INV-06372,PO-06372,2026-04-19,16862.93,Verified
INV-06373,PO-06373,2026-04-14,179974.88,Verified
INV-06374,PO-06374,2026-05-13,437398.4,Verified
INV-06375,PO-06375,2026-03-27,474227.82,Verified
INV-06376,PO-06376,2026-06-10,216606.39,Verified
INV-06377,PO-06377,2026-02-06,150680.0,Verified
INV-06378,PO-06378,2026-05-28,3884.43,Verified
INV-06379,PO-06379,2026-03-20,6257.32,Verified
INV-06380,PO-06380,2026-06-16,126347.85,Verified
INV-06381,PO-06381,2026-05-26,19046.82,Verified
INV-06382,PO-06382,2026-02-20,20012.9,Verified
INV-06383,PO-06383,2026-04-14,177644.88,Verified
INV-06384,PO-06384,2026-04-19,570818.16,Verified
INV-06385,PO-06385,2026-06-16,162399.65,Verified
INV-06386,PO-06386,2026-04-25,91788.3,Verified
INV-06387,PO-06387,2026-04-26,129584.8,Verified
INV-06388,PO-06388,2026-01-27,41357.07,Verified
INV-06389,PO-06389,2026-06-12,51869.44,Verified
INV-06390,PO-06390,2026-05-27,543544.95,Verified
INV-06391,PO-06391,2026-02-14,66977.2,Verified
INV-06392,PO-06392,2026-06-03,44993.72,Verified
INV-06393,PO-06393,2026-02-28,114964.32,Verified
INV-06394,PO-06394,2026-04-14,161940.96,Verified
INV-06395,PO-06395,2026-04-26,84098.0,Verified
INV-06396,PO-06396,2026-02-24,599293.15,Verified
INV-06397,PO-06397,2026-04-10,706270.0,Verified
INV-06398,PO-06398,2026-05-02,68543.75,Verified
INV-06399,PO-06399,2026-05-13,207782.39,Verified
INV-06400,PO-06400,2026-01-17,246489.66,Verified
INV-06401,PO-06401,2026-02-11,418919.1,Verified
INV-06402,PO-06402,2026-04-19,202563.18,Verified
INV-06403,PO-06403,2026-02-26,128332.05,Verified
INV-06404,PO-06404,2026-05-23,154399.61,Verified
INV-06405,PO-06405,2026-03-19,10661.22,Verified
INV-06406,PO-06406,2026-05-15,542999.1,Verified
INV-06407,PO-06407,2026-03-02,225785.5,Verified
INV-06408,PO-06408,2026-02-12,367108.07,Verified
INV-06409,PO-06409,2026-03-08,9763.42,Mismatch
INV-06410,PO-06410,2026-03-13,146111.72,Mismatch
INV-06411,PO-06411,2026-05-19,17855.84,Verified
INV-06412,PO-06412,2026-04-07,172174.31,Verified
INV-06413,PO-06413,2026-02-10,313587.0,Verified
INV-06414,PO-06414,2026-06-21,107491.19,Verified
INV-06415,PO-06415,2026-04-02,344416.39,Mismatch
INV-06416,PO-06416,2026-04-19,164350.68,Verified
INV-06417,PO-06417,2026-06-11,284438.4,Verified
INV-06418,PO-06418,2026-04-08,41811.15,Verified
INV-06419,PO-06419,2026-05-21,170663.04,Verified
INV-06420,PO-06420,2026-03-28,32966.6,Verified
INV-06421,PO-06421,2026-05-11,409506.63,Verified
INV-06422,PO-06422,2026-05-02,22850.17,Mismatch
INV-06423,PO-06423,2026-02-03,406839.9,Verified
INV-06424,PO-06424,2026-03-11,56043.22,Verified
INV-06425,PO-06425,2026-04-29,334215.12,Verified
INV-06426,PO-06426,2026-06-11,532021.28,Verified
INV-06427,PO-06427,2026-02-12,70926.94,Verified
INV-06428,PO-06428,2026-04-12,89847.36,Verified
INV-06429,PO-06429,2026-04-04,212675.61,Verified
INV-06430,PO-06430,2026-02-21,99553.44,Verified
INV-06431,PO-06431,2026-01-23,273089.4,Verified
INV-06432,PO-06432,2026-04-27,359297.26,Verified
INV-06433,PO-06433,2026-04-02,106681.43,Verified
INV-06434,PO-06434,2026-04-18,215921.28,Verified
INV-06435,PO-06435,2026-06-07,40603.5,Verified
INV-06436,PO-06436,2026-03-22,117273.42,Verified
INV-06437,PO-06437,2026-02-02,402167.34,Verified
INV-06438,PO-06438,2026-04-09,3867.0,Verified
INV-06439,PO-06439,2026-02-09,56544.58,Verified
INV-06440,PO-06440,2026-03-01,391419.9,Verified
INV-06441,PO-06441,2026-05-07,162340.2,Verified
INV-06442,PO-06442,2026-05-26,84380.8,Verified
INV-06443,PO-06443,2026-03-30,30136.0,Verified
INV-06444,PO-06444,2026-02-19,31605.9,Verified
INV-06445,PO-06445,2026-06-02,323344.34,Verified
INV-06446,PO-06446,2026-02-17,62270.16,Mismatch
INV-06447,PO-06447,2026-03-18,60988.21,Verified
INV-06448,PO-06448,2026-02-20,112309.2,Verified
INV-06449,PO-06449,2026-02-02,22022.28,Verified
INV-06450,PO-06450,2026-02-25,88932.96,Verified
INV-06451,PO-06451,2026-03-28,90421.03,Mismatch
INV-06452,PO-06452,2026-01-22,79312.25,Verified
INV-06453,PO-06453,2026-04-04,38878.07,Verified
INV-06454,PO-06454,2026-05-27,492516.48,Verified
INV-06455,PO-06455,2026-01-23,88306.32,Verified
INV-06456,PO-06456,2026-03-24,36785.54,Mismatch
INV-06457,PO-06457,2026-05-06,141776.7,Verified
INV-06458,PO-06458,2026-05-19,186026.53,Verified
INV-06459,PO-06459,2026-02-03,340549.33,Mismatch
INV-06460,PO-06460,2026-04-03,18393.35,Verified
INV-06461,PO-06461,2026-04-09,79959.15,Verified
INV-06462,PO-06462,2026-02-25,85066.02,Verified
INV-06463,PO-06463,2026-04-24,88932.96,Verified
INV-06464,PO-06464,2026-06-18,138625.6,Verified
INV-06465,PO-06465,2026-05-08,116376.66,Verified
INV-06466,PO-06466,2026-03-06,81740.97,Verified
INV-06467,PO-06467,2026-04-27,258202.0,Verified
INV-06468,PO-06468,2026-02-07,620898.03,Mismatch
INV-06469,PO-06469,2026-04-24,483588.84,Verified
INV-06470,PO-06470,2026-05-26,353313.9,Verified
INV-06471,PO-06471,2026-04-17,73612.56,Mismatch
INV-06472,PO-06472,2026-03-31,4940.72,Verified
INV-06473,PO-06473,2026-03-02,1640.1,Verified
INV-06474,PO-06474,2026-03-03,137578.77,Verified
INV-06475,PO-06475,2026-05-29,575461.38,Verified
INV-06476,PO-06476,2026-03-14,78473.97,Verified
INV-06477,PO-06477,2026-02-17,255994.56,Verified
INV-06478,PO-06478,2026-04-20,128082.56,Verified
INV-06479,PO-06479,2026-04-20,254305.24,Verified
INV-06480,PO-06480,2026-04-05,334215.12,Verified
INV-06481,PO-06481,2026-06-01,310206.75,Verified
INV-06482,PO-06482,2026-04-25,158193.25,Mismatch
INV-06483,PO-06483,2026-05-10,53054.71,Mismatch
INV-06484,PO-06484,2026-02-23,291765.6,Verified
INV-06485,PO-06485,2026-04-04,12007.74,Verified
INV-06486,PO-06486,2026-05-26,181030.36,Verified
INV-06487,PO-06487,2026-05-26,331334.54,Verified
INV-06488,PO-06488,2026-04-28,254627.73,Verified
INV-06489,PO-06489,2026-05-07,221897.81,Verified
INV-06490,PO-06490,2026-06-20,566465.49,Mismatch
INV-06491,PO-06491,2026-04-26,165798.36,Verified
INV-06492,PO-06492,2026-06-19,288611.96,Verified
INV-06493,PO-06493,2026-03-07,47212.3,Verified
INV-06494,PO-06494,2026-04-20,191223.31,Verified
INV-06495,PO-06495,2026-03-27,98877.8,Verified
INV-06496,PO-06496,2026-04-05,312432.4,Verified
INV-06497,PO-06497,2026-02-28,38349.36,Verified
INV-06498,PO-06498,2026-04-13,383713.2,Verified
INV-06499,PO-06499,2026-04-13,19311.32,Verified
INV-06500,PO-06500,2026-04-14,404593.52,Verified
INV-06501,PO-06501,2026-05-19,6207.21,Verified
INV-06502,PO-06502,2026-02-24,16659.7,Mismatch
INV-06503,PO-06503,2026-04-01,128666.44,Verified
INV-06504,PO-06504,2026-01-29,16552.56,Verified
INV-06505,PO-06505,2026-04-18,31320.31,Mismatch
INV-06506,PO-06506,2026-05-03,1796.3,Verified
INV-06507,PO-06507,2026-03-20,481138.24,Verified
INV-06508,PO-06508,2026-03-22,400149.04,Mismatch
INV-06509,PO-06509,2026-05-18,110145.96,Verified
INV-06510,PO-06510,2026-04-16,303516.97,Verified
INV-06511,PO-06511,2026-06-12,31167.08,Verified
INV-06512,PO-06512,2026-01-29,58858.72,Verified
INV-06513,PO-06513,2026-01-16,72241.89,Verified
INV-06514,PO-06514,2026-03-14,586486.74,Verified
INV-06515,PO-06515,2026-03-30,179213.97,Verified
INV-06516,PO-06516,2026-04-18,409636.6,Verified
INV-06517,PO-06517,2026-03-27,1867.8,Verified
INV-06518,PO-06518,2026-05-22,431662.0,Verified
INV-06519,PO-06519,2026-06-18,26593.61,Verified
INV-06520,PO-06520,2026-03-07,244376.44,Verified
INV-06521,PO-06521,2026-06-10,29501.52,Verified
INV-06522,PO-06522,2026-03-06,65042.73,Verified
INV-06523,PO-06523,2026-03-14,11885.4,Verified
INV-06524,PO-06524,2026-02-07,220700.34,Verified
INV-06525,PO-06525,2026-01-25,116758.26,Verified
INV-06526,PO-06526,2026-05-27,20012.9,Verified
INV-06527,PO-06527,2026-06-05,139589.56,Verified
INV-06528,PO-06528,2026-02-24,28157.94,Verified
INV-06529,PO-06529,2026-03-03,120681.96,Verified
INV-06530,PO-06530,2026-06-09,486115.2,Verified
INV-06531,PO-06531,2026-06-03,96913.7,Verified
INV-06532,PO-06532,2026-03-19,201578.57,Mismatch
INV-06533,PO-06533,2026-05-21,374998.9,Verified
INV-06534,PO-06534,2026-01-24,32370.25,Verified
INV-06535,PO-06535,2026-04-27,11493.52,Verified
INV-06536,PO-06536,2026-03-22,72930.7,Verified
INV-06537,PO-06537,2026-01-29,19288.94,Verified
INV-06538,PO-06538,2026-03-10,361482.8,Verified
INV-06539,PO-06539,2026-04-20,67777.03,Verified
INV-06540,PO-06540,2026-05-25,266510.64,Verified
INV-06541,PO-06541,2026-02-23,52204.5,Verified
INV-06542,PO-06542,2026-03-03,3126.16,Verified
INV-06543,PO-06543,2026-04-26,175541.6,Verified
INV-06544,PO-06544,2026-02-13,340568.91,Verified
INV-06545,PO-06545,2026-03-25,224007.25,Verified
INV-06546,PO-06546,2026-06-21,89987.44,Verified
INV-06547,PO-06547,2026-04-01,68378.8,Verified
INV-06548,PO-06548,2026-04-25,121511.78,Verified
INV-06549,PO-06549,2026-02-22,142326.55,Verified
INV-06550,PO-06550,2026-05-04,21869.92,Verified
INV-06551,PO-06551,2026-06-02,50814.96,Verified
INV-06552,PO-06552,2026-06-15,383709.48,Mismatch
INV-06553,PO-06553,2026-04-26,196085.13,Verified
INV-06554,PO-06554,2026-03-19,2069.07,Verified
INV-06555,PO-06555,2026-05-20,15781.86,Verified
INV-06556,PO-06556,2026-04-15,117726.0,Verified
INV-06557,PO-06557,2026-02-05,376083.4,Verified
INV-06558,PO-06558,2026-02-28,205136.4,Verified
INV-06559,PO-06559,2026-06-02,120886.32,Verified
INV-06560,PO-06560,2026-04-20,116109.95,Verified
INV-06561,PO-06561,2026-03-24,56743.56,Verified
INV-06562,PO-06562,2026-05-02,451283.0,Verified
INV-06563,PO-06563,2026-01-23,42001.68,Verified
INV-06564,PO-06564,2026-05-06,93421.48,Verified
INV-06565,PO-06565,2026-06-18,187681.75,Verified
INV-06566,PO-06566,2026-03-30,37530.99,Verified
INV-06567,PO-06567,2026-02-10,47998.12,Mismatch
INV-06568,PO-06568,2026-01-26,30555.25,Verified
INV-06569,PO-06569,2026-05-28,632861.96,Verified
INV-06570,PO-06570,2026-05-31,488207.88,Verified
INV-06571,PO-06571,2026-06-07,632861.96,Verified
INV-06572,PO-06572,2026-04-05,19318.81,Mismatch
INV-06573,PO-06573,2026-03-11,76698.72,Verified
INV-06574,PO-06574,2026-06-03,191454.92,Verified
INV-06575,PO-06575,2026-02-23,196589.05,Verified
INV-06576,PO-06576,2026-04-13,25857.1,Verified
INV-06577,PO-06577,2026-05-20,244442.0,Verified
INV-06578,PO-06578,2026-01-21,168730.77,Mismatch
INV-06579,PO-06579,2026-04-12,4754.16,Verified
INV-06580,PO-06580,2026-05-05,167246.4,Verified
INV-06581,PO-06581,2026-06-08,23606.15,Verified
INV-06582,PO-06582,2026-04-29,261714.0,Verified
INV-06583,PO-06583,2026-01-29,615027.9,Verified
INV-06584,PO-06584,2026-01-21,261712.5,Verified
INV-06585,PO-06585,2026-01-23,291549.36,Verified
INV-06586,PO-06586,2026-05-31,206785.35,Verified
INV-06587,PO-06587,2026-03-15,36329.32,Verified
INV-06588,PO-06588,2026-03-08,225190.01,Verified
INV-06589,PO-06589,2026-03-06,39242.0,Verified
INV-06590,PO-06590,2026-03-09,185749.84,Verified
INV-06591,PO-06591,2026-05-21,22461.84,Verified
INV-06592,PO-06592,2026-03-28,279279.4,Verified
INV-06593,PO-06593,2026-06-12,292835.42,Mismatch
INV-06594,PO-06594,2026-05-05,48179.8,Verified
INV-06595,PO-06595,2026-04-14,168492.48,Verified
INV-06596,PO-06596,2026-04-23,199504.2,Verified
INV-06597,PO-06597,2026-05-28,1640.1,Verified
INV-06598,PO-06598,2026-01-22,59032.8,Verified
INV-06599,PO-06599,2026-03-31,7131.6,Verified
INV-06600,PO-06600,2026-04-11,148359.75,Verified
INV-06601,PO-06601,2026-05-31,56002.24,Verified
INV-06602,PO-06602,2026-05-09,55180.05,Verified
INV-06603,PO-06603,2026-05-23,53744.56,Mismatch
INV-06604,PO-06604,2026-04-11,142704.54,Verified
INV-06605,PO-06605,2026-02-23,272266.58,Verified
INV-06606,PO-06606,2026-03-23,123518.0,Verified
INV-06607,PO-06607,2026-04-04,397346.17,Verified
INV-06608,PO-06608,2026-03-06,426212.78,Verified
INV-06609,PO-06609,2026-06-15,154226.49,Verified
INV-06610,PO-06610,2026-06-14,223403.6,Verified
INV-06611,PO-06611,2026-04-16,25818.48,Verified
INV-06612,PO-06612,2026-04-02,8620.14,Verified
INV-06613,PO-06613,2026-06-15,2716.8,Verified
INV-06614,PO-06614,2026-02-13,174662.18,Mismatch
INV-06615,PO-06615,2026-02-13,505477.44,Verified
INV-06616,PO-06616,2026-05-07,113421.36,Verified
INV-06617,PO-06617,2026-05-29,216606.39,Verified
INV-06618,PO-06618,2026-03-01,242245.08,Verified
INV-06619,PO-06619,2026-05-29,225180.54,Verified
INV-06620,PO-06620,2026-05-29,401089.18,Verified
INV-06621,PO-06621,2026-04-08,2343.0,Verified
INV-06622,PO-06622,2026-06-15,123555.34,Verified
INV-06623,PO-06623,2026-02-15,52721.9,Verified
INV-06624,PO-06624,2026-03-22,60224.75,Verified
INV-06625,PO-06625,2026-04-20,234324.3,Verified
INV-06626,PO-06626,2026-06-13,278798.24,Verified
INV-06627,PO-06627,2026-05-09,9347.06,Verified
INV-06628,PO-06628,2026-05-22,642342.62,Verified
INV-06629,PO-06629,2026-02-26,114919.71,Mismatch
INV-06630,PO-06630,2026-06-12,132175.48,Verified
INV-06631,PO-06631,2026-03-20,41221.7,Verified
INV-06632,PO-06632,2026-06-13,38543.84,Verified
INV-06633,PO-06633,2026-05-24,77765.76,Verified
INV-06634,PO-06634,2026-02-24,116732.07,Verified
INV-06635,PO-06635,2026-02-28,225185.94,Verified
INV-06636,PO-06636,2026-01-26,78670.72,Verified
INV-06637,PO-06637,2026-04-04,39257.1,Verified
INV-06638,PO-06638,2026-03-15,475617.78,Verified
INV-06639,PO-06639,2026-02-01,673033.76,Mismatch
INV-06640,PO-06640,2026-02-28,303707.61,Verified
INV-06641,PO-06641,2026-05-27,67266.19,Verified
INV-06642,PO-06642,2026-01-16,15770.16,Verified
INV-06643,PO-06643,2026-06-22,16243.38,Verified
INV-06644,PO-06644,2026-05-23,102794.5,Mismatch
INV-06645,PO-06645,2026-04-21,620413.5,Verified
INV-06646,PO-06646,2026-05-24,17408.27,Mismatch
INV-06647,PO-06647,2026-02-23,391634.8,Verified
INV-06648,PO-06648,2026-05-05,62717.4,Verified
INV-06649,PO-06649,2026-01-15,213961.44,Verified
INV-06650,PO-06650,2026-02-23,2486.57,Mismatch
INV-06651,PO-06651,2026-04-02,39632.44,Mismatch
INV-06652,PO-06652,2026-04-19,220336.32,Verified
INV-06653,PO-06653,2026-06-10,112590.27,Verified
INV-06654,PO-06654,2026-06-09,318659.23,Mismatch
INV-06655,PO-06655,2026-05-12,67777.03,Verified
INV-06656,PO-06656,2026-04-05,434243.04,Verified
INV-06657,PO-06657,2026-05-09,219471.7,Verified
INV-06658,PO-06658,2026-02-25,272441.25,Verified
INV-06659,PO-06659,2026-04-06,60243.12,Verified
INV-06660,PO-06660,2026-05-27,43838.5,Verified
INV-06661,PO-06661,2026-06-02,54493.98,Verified
INV-06662,PO-06662,2026-02-20,700028.0,Verified
INV-06663,PO-06663,2026-04-12,161196.42,Mismatch
INV-06664,PO-06664,2026-04-27,107699.57,Verified
INV-06665,PO-06665,2026-04-13,42190.4,Verified
INV-06666,PO-06666,2026-03-19,368426.7,Verified
INV-06667,PO-06667,2026-05-07,194562.9,Verified
INV-06668,PO-06668,2026-01-30,123727.11,Verified
INV-06669,PO-06669,2026-05-15,14125.4,Verified
INV-06670,PO-06670,2026-05-28,76384.85,Mismatch
INV-06671,PO-06671,2026-02-04,658026.32,Verified
INV-06672,PO-06672,2026-06-11,54617.88,Verified
INV-06673,PO-06673,2026-03-31,313135.92,Verified
INV-06674,PO-06674,2026-01-09,332543.26,Mismatch
INV-06675,PO-06675,2026-04-07,170472.85,Mismatch
INV-06676,PO-06676,2026-05-27,312882.24,Verified
INV-06677,PO-06677,2026-04-15,522645.0,Verified
INV-06678,PO-06678,2026-02-06,5942.7,Verified
INV-06679,PO-06679,2026-03-17,67266.19,Verified
INV-06680,PO-06680,2026-03-11,288999.97,Verified
INV-06681,PO-06681,2026-02-20,500401.2,Verified
INV-06682,PO-06682,2026-02-22,219169.17,Verified
INV-06683,PO-06683,2026-05-15,291003.12,Verified
INV-06684,PO-06684,2026-05-23,158420.09,Verified
INV-06685,PO-06685,2026-02-22,226108.85,Verified
INV-06686,PO-06686,2026-04-20,51714.2,Verified
INV-06687,PO-06687,2026-01-13,48888.4,Verified
INV-06688,PO-06688,2026-03-18,325471.92,Verified
INV-06689,PO-06689,2026-01-28,96712.7,Verified
INV-06690,PO-06690,2026-03-19,160702.56,Verified
INV-06691,PO-06691,2026-02-23,56242.15,Verified
INV-06692,PO-06692,2026-01-31,214923.8,Verified
INV-06693,PO-06693,2026-03-04,3516.93,Verified
INV-06694,PO-06694,2026-03-04,68878.3,Verified
INV-06695,PO-06695,2026-04-18,69894.73,Verified
INV-06696,PO-06696,2026-04-26,45770.81,Verified
INV-06697,PO-06697,2026-04-19,49345.8,Verified
INV-06698,PO-06698,2026-03-27,17242.25,Verified
INV-06699,PO-06699,2026-03-31,257007.24,Verified
INV-06700,PO-06700,2026-02-21,54674.8,Verified
INV-06701,PO-06701,2026-06-30,4173.07,Verified
INV-06702,PO-06702,2026-03-07,156040.11,Verified
INV-06703,PO-06703,2026-04-17,71834.5,Verified
INV-06704,PO-06704,2026-02-09,181181.65,Verified
INV-06705,PO-06705,2026-03-13,107491.19,Verified
INV-06706,PO-06706,2026-04-05,17209.22,Verified
INV-06707,PO-06707,2026-03-31,4817.98,Verified
INV-06708,PO-06708,2026-03-14,425341.02,Verified
INV-06709,PO-06709,2026-06-12,465185.76,Verified
INV-06710,PO-06710,2026-05-20,120886.32,Verified
INV-06711,PO-06711,2026-04-25,401789.76,Verified
INV-06712,PO-06712,2026-04-15,613056.5,Verified
INV-06713,PO-06713,2026-04-24,166180.56,Verified
INV-06714,PO-06714,2026-06-18,160521.82,Verified
INV-06715,PO-06715,2026-05-14,14152.25,Verified
INV-06716,PO-06716,2026-06-10,51231.2,Verified
INV-06717,PO-06717,2026-03-07,62674.25,Verified
INV-06718,PO-06718,2026-05-18,27799.22,Verified
INV-06719,PO-06719,2026-04-28,634129.55,Mismatch
INV-06720,PO-06720,2026-04-17,5260.62,Verified
INV-06721,PO-06721,2026-04-26,73487.35,Verified
INV-06722,PO-06722,2026-04-11,518020.72,Verified
INV-06723,PO-06723,2026-01-29,291891.81,Verified
INV-06724,PO-06724,2026-05-13,87612.0,Verified
INV-06725,PO-06725,2026-02-07,14177.67,Verified
INV-06726,PO-06726,2026-02-14,381385.8,Verified
INV-06727,PO-06727,2026-06-15,247339.7,Verified
INV-06728,PO-06728,2026-04-27,70307.16,Verified
INV-06729,PO-06729,2026-02-06,146868.15,Verified
INV-06730,PO-06730,2026-05-15,214947.3,Verified
INV-06731,PO-06731,2026-02-27,111037.15,Verified
INV-06732,PO-06732,2026-01-29,41891.91,Verified
INV-06733,PO-06733,2026-01-12,60856.07,Verified
INV-06734,PO-06734,2026-06-04,266592.48,Verified
INV-06735,PO-06735,2026-05-29,284549.75,Verified
INV-06736,PO-06736,2026-05-02,35554.8,Verified
INV-06737,PO-06737,2026-04-03,47587.35,Verified
INV-06738,PO-06738,2026-02-12,200129.0,Verified
INV-06739,PO-06739,2026-05-23,781.0,Verified
INV-06740,PO-06740,2026-01-19,227058.25,Verified
INV-06741,PO-06741,2026-03-10,52315.98,Verified
INV-06742,PO-06742,2026-04-22,72269.7,Verified
INV-06743,PO-06743,2026-01-14,654285.0,Verified
INV-06744,PO-06744,2026-03-16,112975.5,Verified
INV-06745,PO-06745,2026-05-27,3793.7,Verified
INV-06746,PO-06746,2026-05-03,6483.68,Verified
INV-06747,PO-06747,2026-05-21,154096.05,Mismatch
INV-06748,PO-06748,2026-06-09,40683.99,Verified
INV-06749,PO-06749,2026-05-18,247828.41,Verified
INV-06750,PO-06750,2026-05-09,51933.53,Verified
INV-06751,PO-06751,2026-04-13,38880.46,Mismatch
INV-06752,PO-06752,2026-03-08,71483.3,Verified
INV-06753,PO-06753,2026-05-18,90408.0,Verified
INV-06754,PO-06754,2026-03-24,250889.4,Verified
INV-06755,PO-06755,2026-02-24,696852.5,Verified
INV-06756,PO-06756,2026-04-23,552977.25,Verified
INV-06757,PO-06757,2026-04-07,306615.1,Verified
INV-06758,PO-06758,2026-03-12,335105.4,Verified
INV-06759,PO-06759,2026-03-27,258713.89,Verified
INV-06760,PO-06760,2026-06-11,195817.4,Verified
INV-06761,PO-06761,2026-03-22,149174.63,Verified
INV-06762,PO-06762,2026-04-18,28687.2,Verified
INV-06763,PO-06763,2026-06-11,404617.5,Verified
INV-06764,PO-06764,2026-02-15,277992.2,Verified
INV-06765,PO-06765,2026-01-31,47258.9,Verified
INV-06766,PO-06766,2026-03-22,103280.8,Verified
INV-06767,PO-06767,2026-05-11,57881.72,Verified
INV-06768,PO-06768,2026-05-06,184526.65,Verified
INV-06769,PO-06769,2026-02-19,111016.08,Verified
INV-06770,PO-06770,2026-01-30,116145.96,Mismatch
INV-06771,PO-06771,2026-05-07,162092.0,Verified
INV-06772,PO-06772,2026-02-27,13937.05,Verified
INV-06773,PO-06773,2026-04-24,255902.68,Mismatch
INV-06774,PO-06774,2026-02-01,183331.5,Verified
INV-06775,PO-06775,2026-02-20,633900.75,Verified
INV-06776,PO-06776,2026-03-27,166037.25,Verified
INV-06777,PO-06777,2026-03-31,152203.2,Verified
INV-06778,PO-06778,2026-04-18,93950.61,Verified
INV-06779,PO-06779,2026-01-30,208439.21,Verified
INV-06780,PO-06780,2026-06-04,172174.31,Verified
INV-06781,PO-06781,2026-04-10,324799.3,Verified
INV-06782,PO-06782,2026-03-23,598372.0,Mismatch
INV-06783,PO-06783,2026-02-23,320243.21,Verified
INV-06784,PO-06784,2026-02-19,36391.5,Verified
INV-06785,PO-06785,2026-04-08,122051.97,Verified
INV-06786,PO-06786,2026-03-16,653175.45,Verified
INV-06787,PO-06787,2026-02-19,64284.87,Verified
INV-06788,PO-06788,2026-04-15,670270.56,Verified
INV-06789,PO-06789,2026-04-30,91948.16,Verified
INV-06790,PO-06790,2026-03-05,32020.64,Verified
INV-06791,PO-06791,2026-04-13,103886.01,Verified
INV-06792,PO-06792,2026-04-25,167443.0,Verified
INV-06793,PO-06793,2026-06-05,283567.2,Verified
INV-06794,PO-06794,2026-05-02,53949.0,Verified
INV-06795,PO-06795,2026-06-03,227563.56,Verified
INV-06796,PO-06796,2026-04-03,77765.76,Verified
INV-06797,PO-06797,2026-03-08,74081.87,Verified
INV-06798,PO-06798,2026-02-24,66622.29,Verified
INV-06799,PO-06799,2026-03-15,39257.1,Verified
INV-06800,PO-06800,2026-02-15,469961.76,Verified
INV-06801,PO-06801,2026-06-15,330333.04,Verified
INV-06802,PO-06802,2026-02-22,365851.5,Verified
INV-06803,PO-06803,2026-02-27,159657.68,Verified
INV-06804,PO-06804,2026-03-14,220291.92,Verified
INV-06805,PO-06805,2026-02-27,338041.81,Verified
INV-06806,PO-06806,2026-02-12,391592.8,Verified
INV-06807,PO-06807,2026-05-20,758.74,Verified
INV-06808,PO-06808,2026-04-25,13104.11,Verified
INV-06809,PO-06809,2026-05-13,181623.96,Verified
INV-06810,PO-06810,2026-03-17,243550.16,Verified
INV-06811,PO-06811,2026-05-14,348517.47,Mismatch
INV-06812,PO-06812,2026-05-09,367833.9,Verified
INV-06813,PO-06813,2026-05-15,56971.64,Verified
INV-06814,PO-06814,2026-02-18,518925.6,Verified
INV-06815,PO-06815,2026-03-18,140594.58,Verified
INV-06816,PO-06816,2026-02-05,135887.7,Verified
INV-06817,PO-06817,2026-05-27,3172.49,Verified
INV-06818,PO-06818,2026-06-15,28018.06,Verified
INV-06819,PO-06819,2026-06-01,343675.64,Verified
INV-06820,PO-06820,2026-05-29,309769.55,Verified
INV-06821,PO-06821,2026-05-31,134443.1,Verified
INV-06822,PO-06822,2026-05-22,12910.1,Verified
INV-06823,PO-06823,2026-06-04,80351.28,Verified
INV-06824,PO-06824,2026-04-02,160521.82,Verified
INV-06825,PO-06825,2026-05-20,620570.4,Verified
INV-06826,PO-06826,2026-03-02,153445.52,Verified
INV-06827,PO-06827,2026-04-03,611582.84,Verified
INV-06828,PO-06828,2026-04-13,580637.6,Verified
INV-06829,PO-06829,2026-05-29,150680.0,Verified
INV-06830,PO-06830,2026-03-31,90515.18,Verified
INV-06831,PO-06831,2026-06-04,10513.44,Verified
INV-06832,PO-06832,2026-03-27,191856.6,Verified
INV-06833,PO-06833,2026-01-17,531399.36,Verified
INV-06834,PO-06834,2026-04-20,128666.44,Verified
INV-06835,PO-06835,2026-03-16,122070.62,Verified
INV-06836,PO-06836,2026-02-21,349918.72,Verified
INV-06837,PO-06837,2026-01-19,56242.15,Verified
INV-06838,PO-06838,2026-05-10,99243.69,Verified
INV-06839,PO-06839,2026-03-29,375879.03,Verified
INV-06840,PO-06840,2026-03-20,67278.4,Verified
INV-06841,PO-06841,2026-04-01,27122.4,Verified
INV-06842,PO-06842,2026-04-28,614044.5,Verified
INV-06843,PO-06843,2026-05-20,85501.8,Verified
INV-06844,PO-06844,2026-05-13,42777.35,Verified
INV-06845,PO-06845,2026-03-09,68739.5,Verified
INV-06846,PO-06846,2026-01-28,49340.48,Verified
INV-06847,PO-06847,2026-05-29,73523.51,Verified
INV-06848,PO-06848,2026-03-22,230377.47,Verified
INV-06849,PO-06849,2026-02-24,98680.96,Verified
INV-06850,PO-06850,2026-06-04,340690.32,Verified
INV-06851,PO-06851,2026-04-19,120831.26,Verified
INV-06852,PO-06852,2026-05-19,517229.6,Verified
INV-06853,PO-06853,2026-06-19,327104.16,Verified
INV-06854,PO-06854,2026-03-01,358245.5,Verified
INV-06855,PO-06855,2026-02-22,343311.64,Verified
INV-06856,PO-06856,2026-02-22,184187.3,Verified
INV-06857,PO-06857,2026-02-08,188152.2,Verified
INV-06858,PO-06858,2026-05-12,138168.24,Verified
INV-06859,PO-06859,2026-04-27,397346.17,Verified
INV-06860,PO-06860,2026-01-31,14658.66,Verified
INV-06861,PO-06861,2026-01-29,218093.75,Verified
INV-06862,PO-06862,2026-02-24,166037.25,Verified
INV-06863,PO-06863,2026-04-12,419612.24,Verified
INV-06864,PO-06864,2026-04-30,57881.72,Verified
INV-06865,PO-06865,2026-06-13,174003.31,Mismatch
INV-06866,PO-06866,2026-03-05,18422.04,Verified
INV-06867,PO-06867,2026-02-19,157478.02,Verified
INV-06868,PO-06868,2026-03-01,67516.0,Verified
INV-06869,PO-06869,2026-04-02,12895.41,Verified
INV-06870,PO-06870,2026-05-16,222304.68,Verified
INV-06871,PO-06871,2026-02-23,58660.26,Mismatch
INV-06872,PO-06872,2026-04-07,75060.18,Verified
INV-06873,PO-06873,2026-01-25,206856.8,Verified
INV-06874,PO-06874,2026-03-27,272266.58,Verified
INV-06875,PO-06875,2026-05-03,158887.3,Verified
INV-06876,PO-06876,2026-03-23,74174.85,Verified
INV-06877,PO-06877,2026-05-25,323746.5,Verified
INV-06878,PO-06878,2026-05-21,263105.52,Verified
INV-06879,PO-06879,2026-02-13,3013.6,Verified
INV-06880,PO-06880,2026-02-04,546053.4,Verified
INV-06881,PO-06881,2026-04-05,273040.26,Verified
INV-06882,PO-06882,2026-02-04,553631.2,Verified
INV-06883,PO-06883,2026-04-20,582006.24,Verified
INV-06884,PO-06884,2026-06-14,77087.68,Verified
INV-06885,PO-06885,2026-03-17,158539.26,Verified
INV-06886,PO-06886,2026-06-04,89074.78,Verified
INV-06887,PO-06887,2026-06-13,444112.2,Verified
INV-06888,PO-06888,2026-03-13,364586.4,Verified
INV-06889,PO-06889,2026-05-24,147005.88,Verified
INV-06890,PO-06890,2026-01-25,374729.16,Verified
INV-06891,PO-06891,2026-04-16,352739.28,Verified
INV-06892,PO-06892,2026-03-25,158182.81,Verified
INV-06893,PO-06893,2026-02-22,4725.89,Verified
INV-06894,PO-06894,2026-05-20,56397.72,Mismatch
INV-06895,PO-06895,2026-04-09,546021.84,Verified
INV-06896,PO-06896,2026-05-31,300893.32,Verified
INV-06897,PO-06897,2026-04-05,426226.63,Verified
INV-06898,PO-06898,2026-06-13,66407.5,Verified
INV-06899,PO-06899,2026-05-18,5943.0,Verified
INV-06900,PO-06900,2026-04-29,445985.6,Verified
INV-06901,PO-06901,2026-05-26,153397.44,Verified
INV-06902,PO-06902,2026-04-15,390540.19,Verified
INV-06903,PO-06903,2026-04-10,152737.25,Verified
INV-06904,PO-06904,2026-05-15,178067.12,Verified
INV-06905,PO-06905,2026-02-08,303134.1,Verified
INV-06906,PO-06906,2026-05-23,67475.4,Verified
INV-06907,PO-06907,2026-01-29,487020.6,Verified
INV-06908,PO-06908,2026-03-21,218252.34,Verified
INV-06909,PO-06909,2026-02-28,565286.32,Mismatch
INV-06910,PO-06910,2026-04-07,145387.14,Verified
INV-06911,PO-06911,2026-02-07,36844.08,Verified
INV-06912,PO-06912,2026-01-19,148228.61,Verified
INV-06913,PO-06913,2026-06-02,390540.19,Verified
INV-06914,PO-06914,2026-01-23,3592.6,Verified
INV-06915,PO-06915,2026-06-02,491368.12,Verified
INV-06916,PO-06916,2026-05-17,381457.86,Verified
INV-06917,PO-06917,2026-01-16,6167.56,Verified
INV-06918,PO-06918,2026-03-26,194414.4,Verified
INV-06919,PO-06919,2026-03-24,78598.24,Verified
INV-06920,PO-06920,2026-06-03,220222.8,Verified
INV-06921,PO-06921,2026-02-19,232370.1,Mismatch
INV-06922,PO-06922,2026-03-19,14717.72,Verified
INV-06923,PO-06923,2026-02-24,505693.23,Verified
INV-06924,PO-06924,2026-06-05,97297.27,Verified
INV-06925,PO-06925,2026-06-04,362060.72,Verified
INV-06926,PO-06926,2026-02-21,3152.42,Verified
INV-06927,PO-06927,2026-05-12,429893.41,Mismatch
INV-06928,PO-06928,2026-02-19,1718.2,Verified
INV-06929,PO-06929,2026-02-21,183576.6,Verified
INV-06930,PO-06930,2026-03-09,86475.96,Verified
INV-06931,PO-06931,2026-06-08,88504.56,Verified
INV-06932,PO-06932,2026-06-16,8987.71,Verified
INV-06933,PO-06933,2026-05-06,378015.12,Verified
INV-06934,PO-06934,2026-02-26,257756.73,Verified
INV-06935,PO-06935,2026-05-04,407663.1,Verified
INV-06936,PO-06936,2026-02-03,52859.96,Mismatch
INV-06937,PO-06937,2026-02-20,48030.96,Verified
INV-06938,PO-06938,2026-04-22,309072.12,Verified
INV-06939,PO-06939,2026-05-29,407037.54,Verified
INV-06940,PO-06940,2026-06-03,236929.85,Verified
INV-06941,PO-06941,2026-06-05,70761.25,Verified
INV-06942,PO-06942,2026-04-17,134556.8,Verified
INV-06943,PO-06943,2026-04-26,222112.21,Verified
INV-06944,PO-06944,2026-04-20,344892.96,Verified
INV-06945,PO-06945,2026-06-22,16862.93,Verified
INV-06946,PO-06946,2026-02-21,268327.02,Verified
INV-06947,PO-06947,2026-05-15,17438.66,Verified
INV-06948,PO-06948,2026-04-29,67672.5,Verified
INV-06949,PO-06949,2026-05-20,126423.6,Verified
INV-06950,PO-06950,2026-05-30,93000.5,Verified
INV-06951,PO-06951,2026-02-13,368272.06,Verified
INV-06952,PO-06952,2026-05-25,34480.56,Verified
INV-06953,PO-06953,2026-02-25,6257.32,Verified
INV-06954,PO-06954,2026-02-19,466594.56,Verified
INV-06955,PO-06955,2026-03-16,1327.7,Verified
INV-06956,PO-06956,2026-03-14,295164.0,Verified
INV-06957,PO-06957,2026-03-07,42053.76,Verified
INV-06958,PO-06958,2026-06-15,457123.68,Verified
INV-06959,PO-06959,2026-06-17,59339.88,Verified
INV-06960,PO-06960,2026-03-20,7329.85,Mismatch
INV-06961,PO-06961,2026-03-31,184220.4,Verified
INV-06962,PO-06962,2026-06-06,340816.56,Mismatch
INV-06963,PO-06963,2026-06-08,78326.96,Verified
INV-06964,PO-06964,2026-05-20,287885.4,Verified
INV-06965,PO-06965,2026-02-14,376300.35,Verified
INV-06966,PO-06966,2026-05-03,60340.98,Verified
INV-06967,PO-06967,2026-05-02,159603.36,Verified
INV-06968,PO-06968,2026-01-31,92110.2,Verified
INV-06969,PO-06969,2026-05-18,101764.74,Verified
INV-06970,PO-06970,2026-06-02,31158.69,Mismatch
INV-06971,PO-06971,2026-05-01,205136.4,Verified
INV-06972,PO-06972,2026-02-01,31957.8,Verified
INV-06973,PO-06973,2026-04-21,13963.97,Verified
INV-06974,PO-06974,2026-05-16,31959.98,Verified
INV-06975,PO-06975,2026-03-16,412810.8,Verified
INV-06976,PO-06976,2026-06-06,296891.76,Verified
INV-06977,PO-06977,2026-03-22,129092.4,Verified
INV-06978,PO-06978,2026-03-29,119533.5,Verified
INV-06979,PO-06979,2026-03-07,77581.26,Verified
INV-06980,PO-06980,2026-04-30,352366.17,Verified
INV-06981,PO-06981,2026-05-02,64019.45,Verified
INV-06982,PO-06982,2026-02-09,63111.84,Verified
INV-06983,PO-06983,2026-04-04,114638.56,Verified
INV-06984,PO-06984,2026-01-23,252248.38,Verified
INV-06985,PO-06985,2026-03-24,85969.52,Verified
INV-06986,PO-06986,2026-04-14,545471.0,Mismatch
INV-06987,PO-06987,2026-02-22,10345.35,Verified
INV-06988,PO-06988,2026-05-28,20490.73,Verified
INV-06989,PO-06989,2026-05-24,111178.8,Verified
INV-06990,PO-06990,2026-02-05,530630.86,Verified
INV-06991,PO-06991,2026-06-27,140090.3,Verified
INV-06992,PO-06992,2026-04-18,407663.1,Verified
INV-06993,PO-06993,2026-05-24,488598.36,Verified
INV-06994,PO-06994,2026-06-01,88836.88,Verified
INV-06995,PO-06995,2026-01-22,245262.5,Verified
INV-06996,PO-06996,2026-01-12,245105.16,Verified
INV-06997,PO-06997,2026-03-05,77460.6,Verified
INV-06998,PO-06998,2026-03-26,497130.33,Verified
INV-06999,PO-06999,2026-03-01,193651.5,Verified
INV-07000,PO-07000,2026-02-11,8423.19,Verified
INV-07001,PO-07001,2026-03-22,135613.3,Verified
INV-07002,PO-07002,2026-03-23,14036.69,Verified
INV-07003,PO-07003,2026-04-21,8987.71,Verified
INV-07004,PO-07004,2026-03-27,41811.6,Verified
INV-07005,PO-07005,2026-02-17,27571.38,Verified
INV-07006,PO-07006,2026-02-19,574821.6,Verified
INV-07007,PO-07007,2026-05-13,365325.24,Verified
INV-07008,PO-07008,2026-04-19,394789.7,Mismatch
INV-07009,PO-07009,2026-02-20,220222.8,Verified
INV-07010,PO-07010,2026-06-15,247686.48,Verified
INV-07011,PO-07011,2026-02-14,12504.64,Verified
INV-07012,PO-07012,2026-05-13,37314.27,Verified
INV-07013,PO-07013,2026-05-08,266467.32,Verified
INV-07014,PO-07014,2026-02-04,142238.14,Verified
INV-07015,PO-07015,2026-04-05,566793.36,Verified
INV-07016,PO-07016,2026-03-08,88797.52,Verified
INV-07017,PO-07017,2026-04-02,391216.4,Mismatch
INV-07018,PO-07018,2026-05-05,159378.0,Verified
INV-07019,PO-07019,2026-03-19,506179.35,Verified
INV-07020,PO-07020,2026-02-24,135686.32,Verified
INV-07021,PO-07021,2026-05-16,460361.12,Verified
INV-07022,PO-07022,2026-04-05,215424.9,Verified
INV-07023,PO-07023,2026-06-09,17338.31,Verified
INV-07024,PO-07024,2026-02-27,161940.96,Verified
INV-07025,PO-07025,2026-06-12,113636.56,Verified
INV-07026,PO-07026,2026-03-31,56890.62,Verified
INV-07027,PO-07027,2026-02-14,73170.3,Verified
INV-07028,PO-07028,2026-04-09,392356.16,Verified
INV-07029,PO-07029,2026-05-25,7471.2,Verified
INV-07030,PO-07030,2026-02-21,38952.0,Mismatch
INV-07031,PO-07031,2026-04-24,555432.6,Mismatch
INV-07032,PO-07032,2026-03-12,214982.38,Verified
INV-07033,PO-07033,2026-04-19,56654.76,Verified
INV-07034,PO-07034,2026-04-09,176204.36,Mismatch
INV-07035,PO-07035,2026-02-17,34676.62,Verified
INV-07036,PO-07036,2026-07-05,324767.68,Mismatch
INV-07037,PO-07037,2026-05-15,388004.16,Verified
INV-07038,PO-07038,2026-06-15,425351.22,Verified
INV-07039,PO-07039,2026-06-15,163481.94,Verified
INV-07040,PO-07040,2026-03-23,4204.9,Verified
INV-07041,PO-07041,2026-02-17,215651.12,Verified
INV-07042,PO-07042,2026-05-12,455621.57,Verified
INV-07043,PO-07043,2026-05-11,429831.15,Verified
INV-07044,PO-07044,2026-03-04,18694.12,Verified
INV-07045,PO-07045,2026-05-07,184220.4,Verified
INV-07046,PO-07046,2026-04-20,15621.62,Verified
INV-07047,PO-07047,2026-06-11,383900.56,Verified
INV-07048,PO-07048,2026-04-15,486407.25,Verified
INV-07049,PO-07049,2026-06-29,61770.06,Verified
INV-07050,PO-07050,2026-03-04,164740.28,Verified
INV-07051,PO-07051,2026-02-23,330437.88,Verified
INV-07052,PO-07052,2026-02-23,46485.25,Verified
INV-07053,PO-07053,2026-02-13,176994.95,Verified
INV-07054,PO-07054,2026-04-09,4204.9,Verified
INV-07055,PO-07055,2026-06-13,60253.6,Verified
INV-07056,PO-07056,2026-04-13,10345.35,Verified
INV-07057,PO-07057,2026-02-05,380597.48,Mismatch
INV-07058,PO-07058,2026-03-26,184187.3,Verified
INV-07059,PO-07059,2026-01-17,72750.78,Verified
INV-07060,PO-07060,2026-03-16,186059.17,Mismatch
INV-07061,PO-07061,2026-06-19,37549.49,Verified
INV-07062,PO-07062,2026-05-24,73648.68,Verified
INV-07063,PO-07063,2026-03-04,18131.63,Verified
INV-07064,PO-07064,2026-05-20,512813.04,Verified
INV-07065,PO-07065,2026-04-01,27587.6,Verified
INV-07066,PO-07066,2026-04-07,22234.68,Verified
INV-07067,PO-07067,2026-03-04,6237.48,Mismatch
INV-07068,PO-07068,2026-03-28,29501.52,Verified
INV-07069,PO-07069,2026-05-21,113003.2,Verified
INV-07070,PO-07070,2026-03-19,79312.25,Verified
INV-07071,PO-07071,2026-04-04,67436.25,Verified
INV-07072,PO-07072,2026-02-15,265315.43,Verified
INV-07073,PO-07073,2026-03-03,25229.4,Verified
INV-07074,PO-07074,2026-01-22,233464.14,Verified
INV-07075,PO-07075,2026-03-25,316151.88,Verified
INV-07076,PO-07076,2026-05-18,349129.98,Verified
INV-07077,PO-07077,2026-04-25,319815.21,Verified
INV-07078,PO-07078,2026-03-04,85397.68,Mismatch
INV-07079,PO-07079,2026-05-25,93950.61,Verified
INV-07080,PO-07080,2026-05-05,168726.45,Verified
INV-07081,PO-07081,2026-05-26,13104.11,Verified
INV-07082,PO-07082,2026-02-05,51100.24,Mismatch
INV-07083,PO-07083,2026-01-22,180665.55,Verified
INV-07084,PO-07084,2026-03-15,44248.26,Verified
INV-07085,PO-07085,2026-02-25,165798.36,Verified
INV-07086,PO-07086,2026-05-16,274175.0,Verified
INV-07087,PO-07087,2026-03-08,306178.16,Mismatch
INV-07088,PO-07088,2026-05-21,17348.54,Mismatch
INV-07089,PO-07089,2026-03-09,193961.1,Verified
INV-07090,PO-07090,2026-02-17,697669.85,Mismatch
INV-07091,PO-07091,2026-06-25,565016.0,Verified
INV-07092,PO-07092,2026-02-15,245780.46,Verified
INV-07093,PO-07093,2026-06-07,73000.98,Verified
INV-07094,PO-07094,2026-05-20,169597.68,Verified
INV-07095,PO-07095,2026-04-09,64642.75,Verified
INV-07096,PO-07096,2026-03-13,154587.69,Verified
INV-07097,PO-07097,2026-06-05,197232.57,Verified
INV-07098,PO-07098,2026-03-20,70627.0,Verified
INV-07099,PO-07099,2026-03-17,148037.4,Verified
INV-07100,PO-07100,2026-06-15,66585.12,Verified
INV-07101,PO-07101,2026-05-07,200165.28,Verified
INV-07102,PO-07102,2026-03-25,44470.5,Verified
INV-07103,PO-07103,2026-04-01,432883.07,Verified
INV-07104,PO-07104,2026-05-29,371529.72,Verified
INV-07105,PO-07105,2026-05-05,3202.1,Verified
INV-07106,PO-07106,2026-03-02,82848.7,Verified
INV-07107,PO-07107,2026-03-18,4931.81,Verified
INV-07108,PO-07108,2026-02-23,77155.76,Verified
INV-07109,PO-07109,2026-06-26,37549.49,Verified
INV-07110,PO-07110,2026-05-21,425351.22,Verified
INV-07111,PO-07111,2026-06-19,6112.8,Verified
INV-07112,PO-07112,2026-05-07,589192.14,Verified
INV-07113,PO-07113,2026-05-18,148405.39,Verified
INV-07114,PO-07114,2026-05-03,233464.14,Verified
INV-07115,PO-07115,2026-05-22,81367.98,Verified
INV-07116,PO-07116,2026-04-27,470904.0,Verified
INV-07117,PO-07117,2026-02-24,227298.39,Verified
INV-07118,PO-07118,2026-01-22,38413.25,Verified
INV-07119,PO-07119,2026-05-18,88056.76,Verified
INV-07120,PO-07120,2026-04-21,217313.04,Verified
INV-07121,PO-07121,2026-03-19,77581.26,Verified
INV-07122,PO-07122,2026-05-12,20490.73,Verified
INV-07123,PO-07123,2026-03-07,12274.78,Verified
INV-07124,PO-07124,2026-03-05,118065.6,Verified
INV-07125,PO-07125,2026-02-04,317977.0,Verified
INV-07126,PO-07126,2026-04-20,138761.7,Verified
INV-07127,PO-07127,2026-03-29,47188.1,Mismatch
INV-07128,PO-07128,2026-02-04,21322.44,Verified
INV-07129,PO-07129,2026-05-06,227714.41,Verified
INV-07130,PO-07130,2026-05-19,197628.8,Verified
INV-07131,PO-07131,2026-04-09,75061.98,Verified
INV-07132,PO-07132,2026-05-18,29501.52,Verified
INV-07133,PO-07133,2026-02-25,159574.0,Verified
INV-07134,PO-07134,2026-04-25,220571.04,Verified
INV-07135,PO-07135,2026-04-02,28277.29,Verified
INV-07136,PO-07136,2026-04-10,550187.68,Verified
INV-07137,PO-07137,2026-02-09,300403.32,Verified
INV-07138,PO-07138,2026-03-16,560022.4,Verified
INV-07139,PO-07139,2026-03-06,522645.0,Verified
INV-07140,PO-07140,2026-02-11,17242.25,Verified
INV-07141,PO-07141,2026-06-12,351486.45,Verified
INV-07142,PO-07142,2026-02-06,72791.67,Mismatch
INV-07143,PO-07143,2026-06-04,3045.9,Verified
INV-07144,PO-07144,2026-03-29,141254.0,Verified
INV-07145,PO-07145,2026-06-09,364367.16,Verified
INV-07146,PO-07146,2026-02-19,191454.92,Verified
INV-07147,PO-07147,2026-02-08,96359.6,Verified
INV-07148,PO-07148,2026-02-10,216981.28,Verified
INV-07149,PO-07149,2026-02-10,174685.51,Verified
INV-07150,PO-07150,2026-06-08,43111.62,Verified
INV-07151,PO-07151,2026-05-20,39405.25,Verified
INV-07152,PO-07152,2026-04-01,133399.44,Verified
INV-07153,PO-07153,2026-05-18,33745.29,Verified
INV-07154,PO-07154,2026-02-17,425351.22,Verified
INV-07155,PO-07155,2026-04-27,143721.64,Mismatch
INV-07156,PO-07156,2026-03-16,349945.92,Verified
INV-07157,PO-07157,2026-03-29,323746.5,Verified
INV-07158,PO-07158,2026-05-29,351080.59,Verified
INV-07159,PO-07159,2026-01-18,143102.3,Verified
INV-07160,PO-07160,2026-06-02,58266.45,Verified
INV-07161,PO-07161,2026-03-14,233883.66,Verified
INV-07162,PO-07162,2026-02-07,355289.76,Verified
INV-07163,PO-07163,2026-02-08,213717.12,Verified
INV-07164,PO-07164,2026-05-16,314967.12,Verified
INV-07165,PO-07165,2026-02-05,7110.96,Verified
INV-07166,PO-07166,2026-05-14,36761.84,Verified
INV-07167,PO-07167,2026-06-04,207738.0,Verified
INV-07168,PO-07168,2026-02-06,87092.2,Mismatch
INV-07169,PO-07169,2026-05-15,126428.72,Verified
INV-07170,PO-07170,2026-03-02,127997.28,Verified
INV-07171,PO-07171,2026-06-14,68673.5,Verified
INV-07172,PO-07172,2026-04-09,145302.0,Verified
INV-07173,PO-07173,2026-04-03,237387.49,Verified
INV-07174,PO-07174,2026-06-19,207782.39,Verified
INV-07175,PO-07175,2026-01-13,48956.05,Verified
INV-07176,PO-07176,2026-05-06,11703.87,Mismatch
INV-07177,PO-07177,2026-03-13,94424.6,Verified
INV-07178,PO-07178,2026-03-03,221897.81,Verified
INV-07179,PO-07179,2026-05-24,165248.91,Verified
INV-07180,PO-07180,2026-02-07,207252.36,Verified
INV-07181,PO-07181,2026-04-26,47617.05,Verified
INV-07182,PO-07182,2026-04-11,38878.07,Verified
INV-07183,PO-07183,2026-02-04,18829.25,Verified
INV-07184,PO-07184,2026-05-02,381843.93,Verified
INV-07185,PO-07185,2026-02-03,76932.8,Mismatch
INV-07186,PO-07186,2026-05-20,261257.49,Verified
INV-07187,PO-07187,2026-02-24,581883.3,Verified
INV-07188,PO-07188,2026-01-27,65980.56,Verified
INV-07189,PO-07189,2026-03-11,359949.76,Verified
INV-07190,PO-07190,2026-03-06,222583.9,Verified
INV-07191,PO-07191,2026-06-06,156.2,Verified
INV-07192,PO-07192,2026-05-20,597586.05,Verified
INV-07193,PO-07193,2026-03-24,737910.0,Verified
INV-07194,PO-07194,2026-06-05,55508.04,Verified
INV-07195,PO-07195,2026-06-04,49125.44,Verified
INV-07196,PO-07196,2026-06-02,179213.97,Verified
INV-07197,PO-07197,2026-06-06,379717.24,Verified
INV-07198,PO-07198,2026-05-21,39844.5,Verified
INV-07199,PO-07199,2026-03-31,323268.5,Verified
INV-07200,PO-07200,2026-06-04,48030.96,Verified
INV-07201,PO-07201,2026-03-03,21380.39,Verified
INV-07202,PO-07202,2026-03-21,227549.2,Mismatch
INV-07203,PO-07203,2026-03-27,199747.07,Verified
INV-07204,PO-07204,2026-02-03,120449.5,Verified
INV-07205,PO-07205,2026-05-25,528078.27,Verified
INV-07206,PO-07206,2026-05-18,213210.14,Verified
INV-07207,PO-07207,2026-04-25,80760.8,Verified
INV-07208,PO-07208,2026-03-16,267905.64,Verified
INV-07209,PO-07209,2026-02-18,245642.45,Verified
INV-07210,PO-07210,2026-06-06,242170.0,Verified
INV-07211,PO-07211,2026-05-25,142326.55,Verified
INV-07212,PO-07212,2026-01-23,285532.03,Mismatch
INV-07213,PO-07213,2026-05-24,236859.84,Verified
INV-07214,PO-07214,2026-02-24,6643.09,Verified
INV-07215,PO-07215,2026-04-10,404219.52,Verified
INV-07216,PO-07216,2026-04-09,4452.44,Verified
INV-07217,PO-07217,2026-02-25,19233.02,Mismatch
INV-07218,PO-07218,2026-02-25,41692.05,Verified
INV-07219,PO-07219,2026-05-18,11489.22,Verified
INV-07220,PO-07220,2026-04-03,215558.1,Verified
INV-07221,PO-07221,2026-03-09,124071.21,Verified
INV-07222,PO-07222,2026-05-30,4595.23,Verified
INV-07223,PO-07223,2026-06-03,169597.68,Verified
INV-07224,PO-07224,2026-04-28,46929.9,Verified
INV-07225,PO-07225,2026-03-29,114168.24,Verified
INV-07226,PO-07226,2026-02-03,25896.2,Verified
INV-07227,PO-07227,2026-01-31,45558.24,Verified
INV-07228,PO-07228,2026-06-01,45190.2,Verified
INV-07229,PO-07229,2026-04-01,145893.83,Mismatch
INV-07230,PO-07230,2026-01-22,139171.52,Verified
INV-07231,PO-07231,2026-06-12,81740.97,Verified
INV-07232,PO-07232,2026-04-23,54394.89,Verified
INV-07233,PO-07233,2026-04-16,34585.04,Verified
INV-07234,PO-07234,2026-03-04,281049.73,Verified
INV-07235,PO-07235,2026-02-06,93729.72,Verified
INV-07236,PO-07236,2026-01-27,341326.08,Verified
INV-07237,PO-07237,2026-05-01,145369.44,Verified
INV-07238,PO-07238,2026-02-09,472327.8,Verified
INV-07239,PO-07239,2026-03-29,64041.28,Verified
INV-07240,PO-07240,2026-06-25,19311.32,Verified
INV-07241,PO-07241,2026-04-25,116376.66,Verified
INV-07242,PO-07242,2026-02-10,325682.28,Verified
INV-07243,PO-07243,2026-02-23,32799.6,Mismatch
INV-07244,PO-07244,2026-04-15,51722.96,Verified
INV-07245,PO-07245,2026-04-12,40603.5,Verified
INV-07246,PO-07246,2026-02-04,437468.08,Verified
INV-07247,PO-07247,2026-05-31,94076.1,Verified
INV-07248,PO-07248,2026-04-15,381849.99,Verified
INV-07249,PO-07249,2026-06-20,12265.68,Verified
INV-07250,PO-07250,2026-03-06,71959.18,Verified
INV-07251,PO-07251,2026-03-12,9512.7,Verified
INV-07252,PO-07252,2026-02-06,44432.08,Verified
INV-07253,PO-07253,2026-03-23,260371.12,Mismatch
INV-07254,PO-07254,2026-04-29,213683.75,Verified
INV-07255,PO-07255,2026-06-16,550454.52,Verified
INV-07256,PO-07256,2026-03-23,59737.99,Verified
INV-07257,PO-07257,2026-02-27,303516.97,Verified
INV-07258,PO-07258,2026-01-15,133543.89,Mismatch
INV-07259,PO-07259,2026-03-16,28056.64,Verified
INV-07260,PO-07260,2026-04-24,159070.85,Verified
INV-07261,PO-07261,2026-05-22,190361.08,Verified
INV-07262,PO-07262,2026-04-09,43618.75,Verified
INV-07263,PO-07263,2026-03-03,116634.21,Verified
INV-07264,PO-07264,2026-06-06,88785.2,Verified
INV-07265,PO-07265,2026-05-04,65980.56,Verified
INV-07266,PO-07266,2026-04-05,647388.0,Verified
INV-07267,PO-07267,2026-04-30,64284.87,Verified
INV-07268,PO-07268,2026-05-08,272469.9,Verified
INV-07269,PO-07269,2026-05-13,155800.59,Verified
INV-07270,PO-07270,2026-01-19,57881.72,Verified
INV-07271,PO-07271,2026-05-22,370534.56,Verified
INV-07272,PO-07272,2026-03-20,3436.4,Verified
INV-07273,PO-07273,2026-03-20,426869.51,Verified
INV-07274,PO-07274,2026-03-21,84982.14,Verified
INV-07275,PO-07275,2026-05-08,80970.48,Verified
INV-07276,PO-07276,2026-01-29,440672.64,Verified
INV-07277,PO-07277,2026-03-29,69170.08,Verified
INV-07278,PO-07278,2026-03-29,132823.8,Verified
INV-07279,PO-07279,2026-03-07,72930.7,Verified
INV-07280,PO-07280,2026-01-22,171003.6,Verified
INV-07281,PO-07281,2026-03-14,85710.69,Verified
INV-07282,PO-07282,2026-02-02,244771.75,Verified
INV-07283,PO-07283,2026-02-06,222357.6,Verified
INV-07284,PO-07284,2026-02-15,161894.92,Verified
INV-07285,PO-07285,2026-04-05,139509.28,Verified
INV-07286,PO-07286,2026-01-27,207446.2,Verified
INV-07287,PO-07287,2026-06-15,91665.75,Verified
INV-07288,PO-07288,2026-06-01,264967.85,Verified
INV-07289,PO-07289,2026-01-16,185961.72,Verified
INV-07290,PO-07290,2026-01-30,10513.44,Verified
INV-07291,PO-07291,2026-05-28,26171.4,Verified
INV-07292,PO-07292,2026-06-01,133954.4,Verified
INV-07293,PO-07293,2026-04-08,13186.64,Verified
INV-07294,PO-07294,2026-05-20,290609.9,Verified
INV-07295,PO-07295,2026-05-30,107825.56,Verified
INV-07296,PO-07296,2026-04-15,101087.5,Verified
INV-07297,PO-07297,2026-04-12,5554.01,Verified
INV-07298,PO-07298,2026-06-03,271775.4,Verified
INV-07299,PO-07299,2026-03-29,4944.99,Verified
INV-07300,PO-07300,2026-03-19,560451.06,Verified
INV-07301,PO-07301,2026-05-06,197755.6,Verified
INV-07302,PO-07302,2026-06-10,228943.44,Verified
INV-07303,PO-07303,2026-02-03,5554.01,Verified
INV-07304,PO-07304,2026-02-22,33203.75,Verified
INV-07305,PO-07305,2026-05-27,30555.25,Verified
INV-07306,PO-07306,2026-01-14,187650.45,Verified
INV-07307,PO-07307,2026-02-15,10452.9,Verified
INV-07308,PO-07308,2026-07-01,88504.56,Verified
INV-07309,PO-07309,2026-06-10,3056.4,Verified
INV-07310,PO-07310,2026-05-09,300403.32,Verified
INV-07311,PO-07311,2026-05-08,401425.67,Verified
INV-07312,PO-07312,2026-03-18,444787.52,Verified
INV-07313,PO-07313,2026-04-07,402490.53,Verified
INV-07314,PO-07314,2026-05-25,94146.25,Verified
INV-07315,PO-07315,2026-06-27,131804.75,Verified
INV-07316,PO-07316,2026-04-28,113003.2,Verified
INV-07317,PO-07317,2026-05-27,132194.44,Verified
INV-07318,PO-07318,2026-05-04,9104.88,Verified
INV-07319,PO-07319,2026-05-02,389125.8,Verified
INV-07320,PO-07320,2026-01-18,474774.98,Verified
INV-07321,PO-07321,2026-05-24,328048.8,Verified
INV-07322,PO-07322,2026-03-04,317078.52,Verified
INV-07323,PO-07323,2026-03-22,6140.68,Verified
INV-07324,PO-07324,2026-02-20,75539.68,Verified
INV-07325,PO-07325,2026-05-30,287041.26,Verified
INV-07326,PO-07326,2026-03-09,8715.96,Verified
INV-07327,PO-07327,2026-04-22,488738.95,Verified
INV-07328,PO-07328,2026-05-06,448301.07,Mismatch
INV-07329,PO-07329,2026-05-05,16846.38,Verified
INV-07330,PO-07330,2026-03-15,291295.36,Verified
INV-07331,PO-07331,2026-01-25,217675.9,Verified
INV-07332,PO-07332,2026-05-28,50588.79,Verified
INV-07333,PO-07333,2026-03-19,18884.92,Verified
INV-07334,PO-07334,2026-02-24,188292.5,Verified
INV-07335,PO-07335,2026-03-01,71320.48,Verified
INV-07336,PO-07336,2026-01-23,363070.01,Mismatch
INV-07337,PO-07337,2026-02-07,58726.08,Verified
INV-07338,PO-07338,2026-04-08,305508.54,Verified
INV-07339,PO-07339,2026-02-05,94063.29,Mismatch
INV-07340,PO-07340,2026-02-07,132744.78,Verified
INV-07341,PO-07341,2026-05-02,18502.68,Verified
INV-07342,PO-07342,2026-03-24,258614.8,Verified
INV-07343,PO-07343,2026-04-09,230778.45,Verified
INV-07344,PO-07344,2026-02-09,322420.95,Verified
INV-07345,PO-07345,2026-03-09,62633.74,Verified
INV-07346,PO-07346,2026-05-14,135414.24,Mismatch
INV-07347,PO-07347,2026-01-27,336199.24,Verified
INV-07348,PO-07348,2026-05-03,489543.5,Verified
INV-07349,PO-07349,2026-05-27,71649.43,Mismatch
INV-07350,PO-07350,2026-03-03,427367.5,Verified
INV-07351,PO-07351,2026-03-15,29810.18,Verified
INV-07352,PO-07352,2026-02-06,243018.75,Verified
INV-07353,PO-07353,2026-04-26,95127.0,Verified
INV-07354,PO-07354,2026-04-04,674362.5,Verified
INV-07355,PO-07355,2026-03-12,19581.74,Verified
INV-07356,PO-07356,2026-06-12,38910.69,Verified
INV-07357,PO-07357,2026-03-22,54488.25,Verified
INV-07358,PO-07358,2026-02-21,25379.92,Verified
INV-07359,PO-07359,2026-03-31,484568.5,Verified
INV-07360,PO-07360,2026-05-18,183436.11,Verified
INV-07361,PO-07361,2026-03-26,77838.84,Verified
INV-07362,PO-07362,2026-02-21,518925.6,Verified
INV-07363,PO-07363,2026-05-19,43100.7,Verified
INV-07364,PO-07364,2026-06-16,62334.16,Verified
INV-07365,PO-07365,2026-03-19,267837.6,Verified
INV-07366,PO-07366,2026-04-15,78850.8,Verified
INV-07367,PO-07367,2026-02-28,272374.83,Verified
INV-07368,PO-07368,2026-06-08,452575.9,Verified
INV-07369,PO-07369,2026-04-01,119324.79,Verified
INV-07370,PO-07370,2026-02-01,133177.8,Verified
INV-07371,PO-07371,2026-03-19,51231.2,Verified
INV-07372,PO-07372,2026-03-15,445688.62,Mismatch
INV-07373,PO-07373,2026-04-28,158900.02,Verified
INV-07374,PO-07374,2026-05-22,210943.98,Mismatch
INV-07375,PO-07375,2026-05-11,64550.5,Verified
INV-07376,PO-07376,2026-06-29,166768.2,Verified
INV-07377,PO-07377,2026-03-19,170947.0,Verified
INV-07378,PO-07378,2026-03-28,333590.64,Verified
INV-07379,PO-07379,2026-06-04,112905.33,Verified
INV-07380,PO-07380,2026-04-17,38069.88,Verified
INV-07381,PO-07381,2026-02-06,173964.4,Verified
INV-07382,PO-07382,2026-05-07,455621.57,Verified
INV-07383,PO-07383,2026-06-12,217313.04,Verified
INV-07384,PO-07384,2026-01-18,25566.24,Verified
INV-07385,PO-07385,2026-05-31,188103.96,Verified
INV-07386,PO-07386,2026-02-28,38363.72,Mismatch
INV-07387,PO-07387,2026-03-25,166778.5,Verified
INV-07388,PO-07388,2026-03-22,240204.84,Verified
INV-07389,PO-07389,2026-02-26,54347.92,Verified
INV-07390,PO-07390,2026-04-24,104848.52,Verified
INV-07391,PO-07391,2026-03-28,147627.28,Mismatch
INV-07392,PO-07392,2026-02-01,197145.74,Verified
INV-07393,PO-07393,2026-03-13,40331.42,Verified
INV-07394,PO-07394,2026-06-11,104639.7,Verified
INV-07395,PO-07395,2026-06-13,36252.83,Verified
INV-07396,PO-07396,2026-02-19,24522.26,Verified
INV-07397,PO-07397,2026-03-23,39406.95,Mismatch
INV-07398,PO-07398,2026-04-07,392988.48,Verified
INV-07399,PO-07399,2026-04-08,77252.07,Verified
INV-07400,PO-07400,2026-05-19,633606.26,Verified
INV-07401,PO-07401,2026-06-19,461185.63,Verified
INV-07402,PO-07402,2026-04-24,664119.0,Verified
INV-07403,PO-07403,2026-04-21,184426.66,Verified
INV-07404,PO-07404,2026-02-02,3748.8,Verified
INV-07405,PO-07405,2026-03-10,225641.5,Verified
INV-07406,PO-07406,2026-05-09,426212.78,Verified
INV-07407,PO-07407,2026-04-14,222357.6,Verified
INV-07408,PO-07408,2026-04-02,152776.25,Verified
INV-07409,PO-07409,2026-04-08,348437.04,Verified
INV-07410,PO-07410,2026-03-19,291763.28,Verified
INV-07411,PO-07411,2026-02-26,60224.75,Verified
INV-07412,PO-07412,2026-03-21,25861.48,Verified
INV-07413,PO-07413,2026-02-26,5149.06,Mismatch
INV-07414,PO-07414,2026-06-06,152895.71,Verified
INV-07415,PO-07415,2026-06-18,207893.79,Verified
INV-07416,PO-07416,2026-06-20,128954.28,Verified
INV-07417,PO-07417,2026-02-03,240204.84,Verified
INV-07418,PO-07418,2026-03-14,165243.05,Verified
INV-07419,PO-07419,2026-01-31,469.77,Mismatch
INV-07420,PO-07420,2026-01-31,491235.6,Verified
INV-07421,PO-07421,2026-03-09,407166.48,Verified
INV-07422,PO-07422,2026-03-30,258251.36,Verified
INV-07423,PO-07423,2026-05-11,60224.75,Verified
INV-07424,PO-07424,2026-06-05,100593.78,Verified
INV-07425,PO-07425,2026-02-25,90874.5,Verified
INV-07426,PO-07426,2026-04-19,207893.79,Verified
INV-07427,PO-07427,2026-06-01,240131.8,Verified
INV-07428,PO-07428,2026-02-27,22949.76,Verified
INV-07429,PO-07429,2026-03-23,15991.83,Verified
INV-07430,PO-07430,2026-01-18,44133.88,Verified
INV-07431,PO-07431,2026-03-31,16639.56,Verified
INV-07432,PO-07432,2026-03-13,228561.84,Verified
INV-07433,PO-07433,2026-05-16,337181.25,Verified
INV-07434,PO-07434,2026-02-22,11001.73,Verified
INV-07435,PO-07435,2026-05-30,338041.81,Verified
INV-07436,PO-07436,2026-06-19,9667.5,Verified
INV-07437,PO-07437,2026-01-25,781.54,Verified
INV-07438,PO-07438,2026-04-06,16552.56,Verified
INV-07439,PO-07439,2026-05-01,82416.5,Verified
INV-07440,PO-07440,2026-06-19,318791.52,Verified
INV-07441,PO-07441,2026-03-13,49776.72,Verified
INV-07442,PO-07442,2026-06-02,8987.71,Verified
INV-07443,PO-07443,2026-02-20,374927.95,Verified
INV-07444,PO-07444,2026-03-24,224329.44,Verified
INV-07445,PO-07445,2026-06-05,191995.92,Verified
INV-07446,PO-07446,2026-04-12,28277.29,Verified
INV-07447,PO-07447,2026-05-16,3516.93,Verified
INV-07448,PO-07448,2026-03-07,207782.39,Verified
INV-07449,PO-07449,2026-02-18,459268.32,Verified
INV-07450,PO-07450,2026-02-10,44153.16,Verified
INV-07451,PO-07451,2026-05-25,486486.35,Verified
INV-07452,PO-07452,2026-03-13,268327.02,Verified
INV-07453,PO-07453,2026-05-01,309608.1,Verified
INV-07454,PO-07454,2026-05-25,306528.25,Verified
INV-07455,PO-07455,2026-03-09,375289.47,Verified
INV-07456,PO-07456,2026-02-09,198380.84,Mismatch
INV-07457,PO-07457,2026-02-18,79496.67,Verified
INV-07458,PO-07458,2026-02-03,298349.26,Verified
INV-07459,PO-07459,2026-01-30,194553.45,Verified
INV-07460,PO-07460,2026-03-30,39054.05,Verified
INV-07461,PO-07461,2026-03-31,43974.86,Mismatch
INV-07462,PO-07462,2026-02-18,1188.6,Verified
INV-07463,PO-07463,2026-02-09,126347.85,Verified
INV-07464,PO-07464,2026-04-28,79697.88,Verified
INV-07465,PO-07465,2026-01-26,91665.75,Verified
INV-07466,PO-07466,2026-02-07,260332.75,Verified
INV-07467,PO-07467,2026-02-19,648153.6,Verified
INV-07468,PO-07468,2026-01-31,247873.15,Verified
INV-07469,PO-07469,2026-06-06,100796.86,Verified
INV-07470,PO-07470,2026-02-21,8241.65,Verified
INV-07471,PO-07471,2026-02-03,285141.12,Verified
INV-07472,PO-07472,2026-04-09,45318.35,Verified
INV-07473,PO-07473,2026-02-13,119662.9,Verified
INV-07474,PO-07474,2026-02-24,501739.2,Verified
INV-07475,PO-07475,2026-04-19,321259.05,Verified
INV-07476,PO-07476,2026-06-08,10941.56,Verified
INV-07477,PO-07477,2026-04-25,304621.59,Verified
INV-07478,PO-07478,2026-03-17,348999.84,Verified
INV-07479,PO-07479,2026-03-17,611483.4,Verified
INV-07480,PO-07480,2026-03-05,195907.36,Verified
INV-07481,PO-07481,2026-06-01,255484.46,Verified
INV-07482,PO-07482,2026-06-20,502968.9,Verified
INV-07483,PO-07483,2026-04-23,682624.23,Mismatch
INV-07484,PO-07484,2026-05-03,47872.2,Verified
INV-07485,PO-07485,2026-01-25,2276.22,Verified
INV-07486,PO-07486,2026-05-07,645505.0,Verified
INV-07487,PO-07487,2026-04-19,215399.14,Verified
INV-07488,PO-07488,2026-03-06,140205.9,Verified
INV-07489,PO-07489,2026-02-07,517142.0,Verified
INV-07490,PO-07490,2026-03-23,400118.12,Verified
INV-07491,PO-07491,2026-06-04,117183.64,Verified
INV-07492,PO-07492,2026-06-07,606774.7,Verified
INV-07493,PO-07493,2026-01-18,361209.45,Verified
INV-07494,PO-07494,2026-04-13,77530.96,Verified
INV-07495,PO-07495,2026-04-13,168575.68,Verified
INV-07496,PO-07496,2026-02-17,382721.68,Verified
INV-07497,PO-07497,2026-04-17,31540.32,Verified
INV-07498,PO-07498,2026-04-27,298349.26,Verified
INV-07499,PO-07499,2026-02-03,106252.0,Verified
INV-07500,PO-07500,2026-04-14,132459.48,Verified
INV-07501,PO-07501,2026-02-06,169964.28,Verified
INV-07502,PO-07502,2026-02-09,371529.72,Verified
INV-07503,PO-07503,2026-01-31,393178.1,Verified
INV-07504,PO-07504,2026-02-18,33684.96,Verified
INV-07505,PO-07505,2026-06-11,246729.0,Verified
INV-07506,PO-07506,2026-04-04,86935.25,Verified
INV-07507,PO-07507,2026-04-24,36163.2,Verified
INV-07508,PO-07508,2026-01-31,133408.08,Verified
INV-07509,PO-07509,2026-01-27,250805.28,Verified
INV-07510,PO-07510,2026-03-17,11493.52,Verified
INV-07511,PO-07511,2026-05-13,26714.64,Verified
INV-07512,PO-07512,2026-03-06,151807.7,Mismatch
INV-07513,PO-07513,2026-02-22,4357.98,Verified
INV-07514,PO-07514,2026-04-20,172956.62,Verified
INV-07515,PO-07515,2026-04-17,225685.92,Mismatch
INV-07516,PO-07516,2026-06-11,538057.28,Mismatch
INV-07517,PO-07517,2026-04-21,24561.78,Verified
INV-07518,PO-07518,2026-03-12,81006.25,Verified
INV-07519,PO-07519,2026-03-27,254883.44,Verified
INV-07520,PO-07520,2026-05-06,154399.61,Verified
INV-07521,PO-07521,2026-01-25,565016.0,Verified
INV-07522,PO-07522,2026-05-05,208981.91,Mismatch
INV-07523,PO-07523,2026-02-09,319639.05,Verified
INV-07524,PO-07524,2026-04-19,311617.46,Verified
INV-07525,PO-07525,2026-01-28,34585.04,Verified
INV-07526,PO-07526,2026-05-29,110630.7,Verified
INV-07527,PO-07527,2026-03-02,386033.57,Mismatch
INV-07528,PO-07528,2026-01-31,6140.68,Verified
INV-07529,PO-07529,2026-04-28,610259.85,Verified
INV-07530,PO-07530,2026-05-17,235794.72,Verified
INV-07531,PO-07531,2026-05-20,387922.2,Verified
INV-07532,PO-07532,2026-04-21,177774.0,Verified
INV-07533,PO-07533,2026-06-07,90370.7,Verified
INV-07534,PO-07534,2026-04-27,145302.0,Verified
INV-07535,PO-07535,2026-02-20,472586.74,Verified
INV-07536,PO-07536,2026-06-08,242770.5,Verified
INV-07537,PO-07537,2026-02-28,12719.08,Verified
INV-07538,PO-07538,2026-02-17,30555.25,Verified
INV-07539,PO-07539,2026-02-13,213328.8,Verified
INV-07540,PO-07540,2026-04-18,372053.06,Verified
INV-07541,PO-07541,2026-02-09,9667.5,Verified
INV-07542,PO-07542,2026-06-03,6641.49,Verified
INV-07543,PO-07543,2026-06-12,257908.56,Verified
INV-07544,PO-07544,2026-03-31,100132.78,Verified
INV-07545,PO-07545,2026-04-20,168196.0,Verified
INV-07546,PO-07546,2026-04-13,49986.09,Verified
INV-07547,PO-07547,2026-06-02,18195.75,Verified
INV-07548,PO-07548,2026-02-24,79496.67,Verified
INV-07549,PO-07549,2026-03-19,326204.47,Verified
INV-07550,PO-07550,2026-06-07,118070.29,Verified
INV-07551,PO-07551,2026-04-24,114152.4,Verified
INV-07552,PO-07552,2026-02-26,25269.57,Verified
INV-07553,PO-07553,2026-04-02,49123.56,Verified
INV-07554,PO-07554,2026-04-09,354210.87,Verified
INV-07555,PO-07555,2026-05-05,250805.28,Verified
INV-07556,PO-07556,2026-01-23,4204.9,Verified
INV-07557,PO-07557,2026-06-12,289686.02,Mismatch
INV-07558,PO-07558,2026-03-05,264267.36,Verified
INV-07559,PO-07559,2026-03-09,245208.06,Verified
INV-07560,PO-07560,2026-03-04,18195.75,Verified
INV-07561,PO-07561,2026-02-10,580288.44,Verified
INV-07562,PO-07562,2026-06-03,585442.09,Mismatch
INV-07563,PO-07563,2026-02-25,487891.17,Verified
INV-07564,PO-07564,2026-02-04,373634.04,Verified
INV-07565,PO-07565,2026-04-06,422226.18,Verified
INV-07566,PO-07566,2026-02-09,135637.9,Verified
INV-07567,PO-07567,2026-05-21,222160.4,Verified
INV-07568,PO-07568,2026-03-28,539490.0,Verified
INV-07569,PO-07569,2026-03-21,217975.92,Verified
INV-07570,PO-07570,2026-05-28,601763.61,Verified
INV-07571,PO-07571,2026-05-16,28035.84,Verified
INV-07572,PO-07572,2026-05-28,12281.58,Verified
INV-07573,PO-07573,2026-06-14,577201.83,Verified
INV-07574,PO-07574,2026-05-17,555002.1,Mismatch
INV-07575,PO-07575,2026-03-18,256257.75,Verified
INV-07576,PO-07576,2026-04-06,141776.7,Verified
INV-07577,PO-07577,2026-03-12,77155.76,Verified
INV-07578,PO-07578,2026-05-01,244442.0,Verified
INV-07579,PO-07579,2026-03-20,257007.24,Verified
INV-07580,PO-07580,2026-03-25,460170.89,Verified
INV-07581,PO-07581,2026-02-07,34676.62,Verified
INV-07582,PO-07582,2026-05-22,18963.54,Verified
INV-07583,PO-07583,2026-04-18,257072.15,Mismatch
INV-07584,PO-07584,2026-06-02,65739.0,Verified
INV-07585,PO-07585,2026-03-17,184213.35,Verified
INV-07586,PO-07586,2026-01-25,232452.15,Verified
INV-07587,PO-07587,2026-04-24,168099.62,Verified
INV-07588,PO-07588,2026-01-18,85859.76,Verified
INV-07589,PO-07589,2026-02-27,140005.6,Verified
INV-07590,PO-07590,2026-01-26,232452.15,Verified
INV-07591,PO-07591,2026-04-20,492073.2,Verified
INV-07592,PO-07592,2026-05-20,234186.22,Verified
INV-07593,PO-07593,2026-03-10,53429.28,Verified
INV-07594,PO-07594,2026-05-13,147171.5,Verified
INV-07595,PO-07595,2026-06-19,158887.3,Verified
INV-07596,PO-07596,2026-04-29,240131.8,Verified
INV-07597,PO-07597,2026-06-13,33684.96,Verified
INV-07598,PO-07598,2026-02-21,193961.1,Verified
INV-07599,PO-07599,2026-05-27,285409.08,Verified
INV-07600,PO-07600,2026-03-24,51098.23,Verified
INV-07601,PO-07601,2026-05-19,219038.43,Verified
INV-07602,PO-07602,2026-05-19,3514.5,Verified
INV-07603,PO-07603,2026-02-02,4298.47,Verified
INV-07604,PO-07604,2026-04-15,199222.5,Verified
INV-07605,PO-07605,2026-05-14,168575.68,Verified
INV-07606,PO-07606,2026-05-12,202548.0,Verified
INV-07607,PO-07607,2026-05-29,382729.69,Verified
INV-07608,PO-07608,2026-02-25,681080.89,Verified
INV-07609,PO-07609,2026-04-15,33324.06,Verified
INV-07610,PO-07610,2026-02-05,59620.36,Verified
INV-07611,PO-07611,2026-04-29,512515.5,Verified
INV-07612,PO-07612,2026-03-11,431828.1,Verified
INV-07613,PO-07613,2026-03-15,73648.68,Verified
INV-07614,PO-07614,2026-04-13,48494.23,Verified
INV-07615,PO-07615,2026-06-17,115030.75,Verified
INV-07616,PO-07616,2026-02-10,327707.28,Verified
INV-07617,PO-07617,2026-02-14,389189.08,Verified
INV-07618,PO-07618,2026-03-01,1640.1,Verified
INV-07619,PO-07619,2026-01-31,29394.94,Verified
INV-07620,PO-07620,2026-05-18,28545.81,Mismatch
INV-07621,PO-07621,2026-04-21,9904.5,Verified
INV-07622,PO-07622,2026-02-24,61990.47,Verified
INV-07623,PO-07623,2026-04-04,24261.0,Verified
INV-07624,PO-07624,2026-01-23,309952.35,Verified
INV-07625,PO-07625,2026-03-19,13866.3,Verified
INV-07626,PO-07626,2026-02-27,85657.23,Verified
INV-07627,PO-07627,2026-05-22,41424.35,Verified
INV-07628,PO-07628,2026-01-29,47872.2,Verified
INV-07629,PO-07629,2026-06-02,133244.58,Verified
INV-07630,PO-07630,2026-06-03,245291.9,Verified
INV-07631,PO-07631,2026-02-26,304448.64,Verified
INV-07632,PO-07632,2026-06-02,323694.0,Verified
INV-07633,PO-07633,2026-04-11,166778.5,Verified
INV-07634,PO-07634,2026-02-02,358721.36,Mismatch
INV-07635,PO-07635,2026-03-07,255484.46,Verified
INV-07636,PO-07636,2026-03-07,409506.63,Verified
INV-07637,PO-07637,2026-05-22,277700.5,Verified
INV-07638,PO-07638,2026-04-09,185355.24,Verified
INV-07639,PO-07639,2026-04-14,136757.6,Verified
INV-07640,PO-07640,2026-06-03,128332.05,Verified
INV-07641,PO-07641,2026-03-18,119475.98,Verified
INV-07642,PO-07642,2026-01-20,183199.8,Verified
INV-07643,PO-07643,2026-02-18,160833.05,Verified
INV-07644,PO-07644,2026-02-03,550441.32,Verified
INV-07645,PO-07645,2026-04-15,620570.4,Verified
INV-07646,PO-07646,2026-02-04,211898.75,Verified
INV-07647,PO-07647,2026-05-14,208893.59,Verified
INV-07648,PO-07648,2026-05-28,278647.29,Verified
INV-07649,PO-07649,2026-04-17,13937.05,Verified
INV-07650,PO-07650,2026-03-19,101540.53,Verified
INV-07651,PO-07651,2026-05-15,133550.34,Verified
INV-07652,PO-07652,2026-03-21,44504.91,Verified
INV-07653,PO-07653,2026-04-24,40139.11,Verified
INV-07654,PO-07654,2026-06-05,228371.2,Mismatch
INV-07655,PO-07655,2026-04-25,72783.0,Verified
INV-07656,PO-07656,2026-05-21,240976.08,Verified
INV-07657,PO-07657,2026-03-26,432379.8,Verified
INV-07658,PO-07658,2026-06-09,577201.83,Verified
INV-07659,PO-07659,2026-04-23,483588.84,Verified
INV-07660,PO-07660,2026-03-02,73523.51,Verified
INV-07661,PO-07661,2026-04-19,126571.2,Verified
INV-07662,PO-07662,2026-03-02,312477.2,Verified
INV-07663,PO-07663,2026-05-07,12281.36,Verified
INV-07664,PO-07664,2026-04-10,287219.35,Verified
INV-07665,PO-07665,2026-05-10,126423.6,Verified
INV-07666,PO-07666,2026-03-09,194553.45,Verified
INV-07667,PO-07667,2026-03-26,348999.84,Verified
INV-07668,PO-07668,2026-05-29,529314.1,Verified
INV-07669,PO-07669,2026-04-29,452012.8,Verified
INV-07670,PO-07670,2026-01-24,10513.44,Verified
INV-07671,PO-07671,2026-03-15,46929.9,Verified
INV-07672,PO-07672,2026-03-31,148203.12,Verified
INV-07673,PO-07673,2026-05-14,6640.75,Verified
INV-07674,PO-07674,2026-03-16,121385.25,Verified
INV-07675,PO-07675,2026-04-22,528099.3,Verified
INV-07676,PO-07676,2026-05-30,190859.76,Verified
INV-07677,PO-07677,2026-02-20,59576.16,Verified
INV-07678,PO-07678,2026-05-20,77234.29,Verified
INV-07679,PO-07679,2026-04-17,404943.48,Verified
INV-07680,PO-07680,2026-06-07,86061.6,Verified
INV-07681,PO-07681,2026-02-10,126428.72,Verified
INV-07682,PO-07682,2026-04-23,62550.15,Verified
INV-07683,PO-07683,2026-05-15,232753.32,Verified
INV-07684,PO-07684,2026-04-23,63048.4,Verified
INV-07685,PO-07685,2026-03-02,102462.4,Verified
INV-07686,PO-07686,2026-03-22,22166.42,Mismatch
INV-07687,PO-07687,2026-06-22,512515.5,Verified
INV-07688,PO-07688,2026-03-09,84752.4,Verified
INV-07689,PO-07689,2026-05-06,134443.1,Verified
INV-07690,PO-07690,2026-03-12,36824.34,Verified
INV-07691,PO-07691,2026-01-17,86046.1,Verified
INV-07692,PO-07692,2026-06-01,181543.04,Verified
INV-07693,PO-07693,2026-02-13,273040.26,Verified
INV-07694,PO-07694,2026-05-20,136087.72,Verified
INV-07695,PO-07695,2026-04-16,227273.12,Verified
INV-07696,PO-07696,2026-02-23,268445.52,Verified
INV-07697,PO-07697,2026-03-21,280708.0,Verified
INV-07698,PO-07698,2026-03-26,46929.9,Verified
INV-07699,PO-07699,2026-03-21,291763.28,Verified
INV-07700,PO-07700,2026-06-25,83622.3,Verified
INV-07701,PO-07701,2026-02-18,25642.05,Verified
INV-07702,PO-07702,2026-01-27,139509.28,Verified
INV-07703,PO-07703,2026-04-11,38670.0,Verified
INV-07704,PO-07704,2026-02-20,240569.12,Verified
INV-07705,PO-07705,2026-04-03,614414.68,Verified
INV-07706,PO-07706,2026-01-12,54359.74,Verified
INV-07707,PO-07707,2026-04-02,294752.64,Verified
INV-07708,PO-07708,2026-06-01,91799.04,Verified
INV-07709,PO-07709,2026-02-06,169751.82,Verified
INV-07710,PO-07710,2026-07-04,32348.0,Verified
INV-07711,PO-07711,2026-06-26,197145.74,Verified
INV-07712,PO-07712,2026-06-04,214920.12,Verified
INV-07713,PO-07713,2026-02-23,306528.25,Verified
INV-07714,PO-07714,2026-04-07,129731.4,Verified
INV-07715,PO-07715,2026-05-28,109349.6,Verified
INV-07716,PO-07716,2026-05-07,123843.24,Verified
INV-07717,PO-07717,2026-02-06,66648.12,Verified
INV-07718,PO-07718,2026-03-29,257665.27,Verified
INV-07719,PO-07719,2026-03-13,319148.0,Verified
INV-07720,PO-07720,2026-03-18,105122.5,Verified
INV-07721,PO-07721,2026-04-16,191614.73,Verified
INV-07722,PO-07722,2026-05-10,117737.2,Verified
INV-07723,PO-07723,2026-04-13,232666.56,Verified
INV-07724,PO-07724,2026-05-18,556014.53,Verified
INV-07725,PO-07725,2026-03-31,50058.56,Verified
INV-07726,PO-07726,2026-06-10,381457.86,Verified
INV-07727,PO-07727,2026-06-17,327378.51,Verified
INV-07728,PO-07728,2026-05-22,102882.29,Verified
INV-07729,PO-07729,2026-04-20,246526.02,Verified
INV-07730,PO-07730,2026-06-19,20113.66,Verified
INV-07731,PO-07731,2026-02-13,116376.66,Verified
INV-07732,PO-07732,2026-02-16,551207.15,Mismatch
INV-07733,PO-07733,2026-03-04,41281.08,Verified
INV-07734,PO-07734,2026-02-02,244442.0,Verified
INV-07735,PO-07735,2026-03-23,14078.97,Verified
INV-07736,PO-07736,2026-04-05,13503.2,Verified
INV-07737,PO-07737,2026-02-20,26373.28,Verified
INV-07738,PO-07738,2026-04-25,37530.09,Verified
INV-07739,PO-07739,2026-04-17,203518.77,Verified
INV-07740,PO-07740,2026-03-13,25934.72,Verified
INV-07741,PO-07741,2026-04-17,551750.85,Verified
INV-07742,PO-07742,2026-01-30,55167.35,Verified
INV-07743,PO-07743,2026-04-12,197628.8,Verified
INV-07744,PO-07744,2026-03-14,4725.89,Verified
INV-07745,PO-07745,2026-03-13,25946.28,Verified
INV-07746,PO-07746,2026-01-19,411216.54,Verified
INV-07747,PO-07747,2026-02-13,170132.04,Verified
INV-07748,PO-07748,2026-02-08,330437.88,Verified
INV-07749,PO-07749,2026-03-12,691732.84,Verified
INV-07750,PO-07750,2026-04-11,95680.42,Verified
INV-07751,PO-07751,2026-04-28,12335.12,Verified
INV-07752,PO-07752,2026-05-30,72262.71,Verified
INV-07753,PO-07753,2026-03-23,40461.75,Verified
INV-07754,PO-07754,2026-03-26,307624.19,Mismatch
INV-07755,PO-07755,2026-01-27,21428.29,Verified
INV-07756,PO-07756,2026-02-26,207294.75,Mismatch
INV-07757,PO-07757,2026-03-27,196007.84,Verified
INV-07758,PO-07758,2026-03-07,208598.94,Verified
INV-07759,PO-07759,2026-02-26,758.74,Verified
INV-07760,PO-07760,2026-05-20,536765.2,Verified
INV-07761,PO-07761,2026-05-29,98297.9,Verified
INV-07762,PO-07762,2026-05-30,91404.72,Verified
INV-07763,PO-07763,2026-03-07,14717.72,Verified
INV-07764,PO-07764,2026-03-27,55167.35,Verified
INV-07765,PO-07765,2026-06-03,40683.99,Verified
INV-07766,PO-07766,2026-02-20,121511.78,Verified
INV-07767,PO-07767,2026-03-19,392420.0,Verified
INV-07768,PO-07768,2026-06-17,10358.48,Verified
INV-07769,PO-07769,2026-04-06,163991.1,Verified
INV-07770,PO-07770,2026-03-03,232426.25,Verified
INV-07771,PO-07771,2026-02-04,182059.6,Verified
INV-07772,PO-07772,2026-02-13,94146.25,Verified
INV-07773,PO-07773,2026-05-08,250201.24,Verified
INV-07774,PO-07774,2026-01-30,525421.26,Verified
INV-07775,PO-07775,2026-04-18,614414.68,Verified
INV-07776,PO-07776,2026-01-11,63720.86,Verified
INV-07777,PO-07777,2026-03-26,60038.7,Verified
INV-07778,PO-07778,2026-05-12,47212.3,Verified
INV-07779,PO-07779,2026-01-22,215558.91,Mismatch
INV-07780,PO-07780,2026-04-27,142570.56,Verified
INV-07781,PO-07781,2026-03-25,279018.56,Verified
INV-07782,PO-07782,2026-06-16,354196.8,Verified
INV-07783,PO-07783,2026-03-25,118040.51,Verified
INV-07784,PO-07784,2026-01-31,138770.1,Verified
INV-07785,PO-07785,2026-05-16,381762.88,Verified
INV-07786,PO-07786,2026-03-11,53567.52,Verified
INV-07787,PO-07787,2026-04-04,184884.96,Verified
INV-07788,PO-07788,2026-02-02,624.8,Verified
INV-07789,PO-07789,2026-03-22,226108.85,Verified
INV-07790,PO-07790,2026-06-03,387810.93,Verified
INV-07791,PO-07791,2026-02-11,15957.4,Verified
INV-07792,PO-07792,2026-03-02,150026.5,Mismatch
INV-07793,PO-07793,2026-05-16,156653.92,Verified
INV-07794,PO-07794,2026-03-06,4817.98,Verified
INV-07795,PO-07795,2026-03-18,218093.75,Verified
INV-07796,PO-07796,2026-06-09,94522.4,Verified
INV-07797,PO-07797,2026-06-08,263986.42,Verified
INV-07798,PO-07798,2026-02-24,487891.17,Verified
INV-07799,PO-07799,2026-04-01,78108.1,Verified
INV-07800,PO-07800,2026-03-30,248883.6,Verified
INV-07801,PO-07801,2026-05-03,279636.68,Verified
INV-07802,PO-07802,2026-01-31,205670.79,Verified
INV-07803,PO-07803,2026-03-11,86061.6,Verified
INV-07804,PO-07804,2026-02-10,77584.44,Verified
INV-07805,PO-07805,2026-02-09,142011.1,Verified
INV-07806,PO-07806,2026-06-01,20663.49,Verified
INV-07807,PO-07807,2026-06-06,41457.16,Mismatch
INV-07808,PO-07808,2026-06-08,122751.98,Verified
INV-07809,PO-07809,2026-05-18,148221.6,Verified
INV-07810,PO-07810,2026-06-11,13793.8,Verified
INV-07811,PO-07811,2026-03-23,238649.58,Verified
INV-07812,PO-07812,2026-02-15,84169.92,Verified
INV-07813,PO-07813,2026-04-27,288483.68,Mismatch
INV-07814,PO-07814,2026-06-19,368374.6,Verified
INV-07815,PO-07815,2026-05-22,218093.75,Verified
INV-07816,PO-07816,2026-04-24,135094.96,Verified
INV-07817,PO-07817,2026-04-08,398856.96,Verified
INV-07818,PO-07818,2026-03-08,265659.6,Verified
INV-07819,PO-07819,2026-02-23,16819.6,Verified
INV-07820,PO-07820,2026-02-03,612840.73,Mismatch
INV-07821,PO-07821,2026-02-10,298867.05,Verified
INV-07822,PO-07822,2026-06-01,487902.87,Verified
INV-07823,PO-07823,2026-02-18,13282.98,Verified
INV-07824,PO-07824,2026-05-12,291763.28,Verified
INV-07825,PO-07825,2026-01-24,272301.09,Verified
INV-07826,PO-07826,2026-03-08,153903.24,Verified
INV-07827,PO-07827,2026-03-13,193961.1,Verified
INV-07828,PO-07828,2026-02-07,207375.36,Verified
INV-07829,PO-07829,2026-03-17,16819.6,Verified
INV-07830,PO-07830,2026-02-05,390540.19,Verified
INV-07831,PO-07831,2026-05-18,391634.8,Verified
INV-07832,PO-07832,2026-06-17,592297.27,Mismatch
INV-07833,PO-07833,2026-05-28,19451.04,Verified
INV-07834,PO-07834,2026-06-10,21380.39,Verified
INV-07835,PO-07835,2026-02-20,425351.22,Verified
INV-07836,PO-07836,2026-02-08,428113.62,Verified
INV-07837,PO-07837,2026-04-11,142478.08,Verified
INV-07838,PO-07838,2026-04-03,53905.3,Verified
INV-07839,PO-07839,2026-01-25,383900.56,Verified
INV-07840,PO-07840,2026-02-12,68388.06,Verified
INV-07841,PO-07841,2026-04-10,93515.96,Mismatch
INV-07842,PO-07842,2026-03-23,147582.0,Verified
INV-07843,PO-07843,2026-02-23,123518.0,Verified
INV-07844,PO-07844,2026-05-03,256257.75,Verified
INV-07845,PO-07845,2026-05-12,138770.1,Verified
INV-07846,PO-07846,2026-06-23,455494.39,Verified
INV-07847,PO-07847,2026-03-09,357492.53,Verified
INV-07848,PO-07848,2026-04-01,390547.44,Verified
INV-07849,PO-07849,2026-02-24,82562.16,Verified
INV-07850,PO-07850,2026-04-07,12967.36,Verified
INV-07851,PO-07851,2026-05-10,28001.12,Verified
INV-07852,PO-07852,2026-05-31,84752.4,Verified
INV-07853,PO-07853,2026-03-24,194562.9,Verified
INV-07854,PO-07854,2026-06-02,175069.38,Mismatch
INV-07855,PO-07855,2026-03-25,169597.68,Verified
INV-07856,PO-07856,2026-03-10,465185.76,Verified
INV-07857,PO-07857,2026-02-16,69297.93,Verified
INV-07858,PO-07858,2026-05-18,538959.36,Verified
INV-07859,PO-07859,2026-06-08,55291.69,Mismatch
INV-07860,PO-07860,2026-01-30,19422.15,Verified
INV-07861,PO-07861,2026-03-10,437468.08,Verified
INV-07862,PO-07862,2026-04-07,585356.1,Verified
INV-07863,PO-07863,2026-03-22,62334.16,Verified
INV-07864,PO-07864,2026-04-05,602024.08,Verified
INV-07865,PO-07865,2026-03-16,487891.17,Verified
INV-07866,PO-07866,2026-04-04,522645.0,Verified
INV-07867,PO-07867,2026-03-16,409634.1,Verified
INV-07868,PO-07868,2026-05-02,134872.43,Verified
INV-07869,PO-07869,2026-06-26,146815.2,Verified
INV-07870,PO-07870,2026-05-07,311562.5,Verified
INV-07871,PO-07871,2026-04-10,384897.24,Verified
INV-07872,PO-07872,2026-02-26,236254.95,Verified
INV-07873,PO-07873,2026-06-20,374991.46,Verified
INV-07874,PO-07874,2026-05-08,307704.6,Verified
INV-07875,PO-07875,2026-02-25,307452.24,Verified
INV-07876,PO-07876,2026-02-25,265659.6,Verified
INV-07877,PO-07877,2026-03-10,281210.75,Verified
INV-07878,PO-07878,2026-03-12,22022.28,Verified
INV-07879,PO-07879,2026-05-31,312477.2,Verified
INV-07880,PO-07880,2026-01-23,220700.34,Verified
INV-07881,PO-07881,2026-05-01,120886.32,Verified
INV-07882,PO-07882,2026-04-13,155379.4,Verified
INV-07883,PO-07883,2026-02-28,88941.0,Verified
INV-07884,PO-07884,2026-04-19,128082.56,Verified
INV-07885,PO-07885,2026-05-17,181181.65,Verified
INV-07886,PO-07886,2026-01-20,582006.24,Verified
INV-07887,PO-07887,2026-04-01,169.8,Verified
INV-07888,PO-07888,2026-04-10,282062.55,Verified
INV-07889,PO-07889,2026-05-20,400531.12,Verified
INV-07890,PO-07890,2026-02-18,56487.75,Verified
INV-07891,PO-07891,2026-06-17,47617.05,Verified
INV-07892,PO-07892,2026-01-22,494389.0,Verified
INV-07893,PO-07893,2026-02-10,678019.2,Verified
INV-07894,PO-07894,2026-03-24,296658.25,Verified
INV-07895,PO-07895,2026-04-16,193813.57,Mismatch
INV-07896,PO-07896,2026-05-14,530630.86,Verified
INV-07897,PO-07897,2026-05-23,158988.5,Verified
INV-07898,PO-07898,2026-03-27,99324.09,Verified
INV-07899,PO-07899,2026-02-22,480263.6,Verified
INV-07900,PO-07900,2026-03-04,226006.4,Verified
INV-07901,PO-07901,2026-05-26,102406.12,Verified
INV-07902,PO-07902,2026-02-21,2716.8,Verified
INV-07903,PO-07903,2026-02-20,351630.3,Verified
INV-07904,PO-07904,2026-04-11,136087.72,Verified
INV-07905,PO-07905,2026-05-24,42001.68,Verified
INV-07906,PO-07906,2026-04-07,658026.32,Verified
INV-07907,PO-07907,2026-03-26,245684.06,Verified
INV-07908,PO-07908,2026-03-15,447600.27,Verified
INV-07909,PO-07909,2026-03-01,162630.39,Verified
INV-07910,PO-07910,2026-03-27,107960.64,Verified
INV-07911,PO-07911,2026-05-28,544871.88,Verified
INV-07912,PO-07912,2026-05-11,46404.0,Verified
INV-07913,PO-07913,2026-02-16,185764.86,Verified
INV-07914,PO-07914,2026-03-28,94741.5,Verified
INV-07915,PO-07915,2026-01-29,194693.28,Mismatch
INV-07916,PO-07916,2026-05-02,48434.0,Verified
INV-07917,PO-07917,2026-04-29,24562.72,Verified
INV-07918,PO-07918,2026-06-08,122873.14,Verified
INV-07919,PO-07919,2026-02-15,133550.34,Verified
INV-07920,PO-07920,2026-04-02,72202.13,Verified
INV-07921,PO-07921,2026-03-17,167984.48,Verified
INV-07922,PO-07922,2026-03-13,418116.0,Verified
INV-07923,PO-07923,2026-03-20,187364.58,Verified
INV-07924,PO-07924,2026-04-28,134872.5,Verified
INV-07925,PO-07925,2026-02-19,232452.15,Verified
INV-07926,PO-07926,2026-04-24,254883.44,Verified
INV-07927,PO-07927,2026-05-01,25379.92,Verified
INV-07928,PO-07928,2026-05-05,156040.11,Verified
INV-07929,PO-07929,2026-02-05,461093.5,Verified
INV-07930,PO-07930,2026-02-24,6896.9,Verified
INV-07931,PO-07931,2026-03-14,193961.1,Verified
INV-07932,PO-07932,2026-06-29,531898.74,Verified
INV-07933,PO-07933,2026-05-25,251767.88,Verified
INV-07934,PO-07934,2026-03-10,86201.4,Verified
INV-07935,PO-07935,2026-05-02,198138.36,Verified
INV-07936,PO-07936,2026-02-25,381251.68,Mismatch
INV-07937,PO-07937,2026-04-05,120544.0,Verified
INV-07938,PO-07938,2026-05-21,168108.36,Verified
INV-07939,PO-07939,2026-05-02,25247.88,Mismatch
INV-07940,PO-07940,2026-06-07,254305.24,Verified
INV-07941,PO-07941,2026-05-22,221373.0,Verified
INV-07942,PO-07942,2026-05-19,159395.76,Verified
INV-07943,PO-07943,2026-01-19,111115.55,Verified
INV-07944,PO-07944,2026-06-01,84054.18,Verified
INV-07945,PO-07945,2026-01-20,250358.48,Verified
INV-07946,PO-07946,2026-02-17,32418.4,Verified
INV-07947,PO-07947,2026-01-22,290738.88,Verified
INV-07948,PO-07948,2026-03-08,9889.98,Verified
INV-07949,PO-07949,2026-04-09,257007.24,Verified
INV-07950,PO-07950,2026-04-25,9655.66,Verified
INV-07951,PO-07951,2026-03-18,309501.32,Verified
INV-07952,PO-07952,2026-03-04,458941.5,Verified
INV-07953,PO-07953,2026-04-30,99145.83,Verified
INV-07954,PO-07954,2026-01-31,295164.0,Verified
INV-07955,PO-07955,2026-02-19,296633.4,Verified
INV-07956,PO-07956,2026-05-22,1358.4,Verified
INV-07957,PO-07957,2026-04-28,7810.8,Verified
INV-07958,PO-07958,2026-01-23,209978.08,Verified
INV-07959,PO-07959,2026-01-29,155061.92,Verified
INV-07960,PO-07960,2026-04-08,223423.52,Verified
INV-07961,PO-07961,2026-02-20,2886.6,Verified
INV-07962,PO-07962,2026-03-13,46143.96,Mismatch
INV-07963,PO-07963,2026-06-21,247608.66,Verified
INV-07964,PO-07964,2026-02-19,257898.69,Verified
INV-07965,PO-07965,2026-05-18,586486.74,Verified
INV-07966,PO-07966,2026-02-20,202190.12,Verified
INV-07967,PO-07967,2026-02-04,165540.15,Verified
INV-07968,PO-07968,2026-05-12,209864.82,Verified
INV-07969,PO-07969,2026-05-24,389141.82,Verified
INV-07970,PO-07970,2026-05-30,36411.92,Verified
INV-07971,PO-07971,2026-05-24,151774.64,Verified
INV-07972,PO-07972,2026-04-27,64759.38,Verified
INV-07973,PO-07973,2026-03-09,196623.08,Verified
INV-07974,PO-07974,2026-04-19,15418.9,Verified
INV-07975,PO-07975,2026-03-08,129518.76,Verified
INV-07976,PO-07976,2026-06-18,56487.75,Verified
INV-07977,PO-07977,2026-01-17,1867.8,Verified
INV-07978,PO-07978,2026-04-06,380730.87,Mismatch
INV-07979,PO-07979,2026-03-06,118147.25,Verified
INV-07980,PO-07980,2026-02-20,203505.28,Verified
INV-07981,PO-07981,2026-03-29,28966.98,Verified
INV-07982,PO-07982,2026-03-30,22072.02,Verified
INV-07983,PO-07983,2026-02-17,28327.38,Verified
INV-07984,PO-07984,2026-03-06,177699.3,Verified
INV-07985,PO-07985,2026-02-08,53087.21,Verified
INV-07986,PO-07986,2026-02-03,206217.84,Verified
INV-07987,PO-07987,2026-03-27,177699.3,Verified
INV-07988,PO-07988,2026-05-07,116634.21,Verified
INV-07989,PO-07989,2026-02-20,95234.1,Verified
INV-07990,PO-07990,2026-03-22,17584.65,Verified
INV-07991,PO-07991,2026-01-09,11036.01,Verified
INV-07992,PO-07992,2026-03-13,187459.44,Verified
INV-07993,PO-07993,2026-03-02,151079.36,Verified
INV-07994,PO-07994,2026-02-24,360853.68,Verified
INV-07995,PO-07995,2026-05-28,226702.58,Verified
INV-07996,PO-07996,2026-02-28,219510.9,Verified
INV-07997,PO-07997,2026-03-03,194562.9,Verified
INV-07998,PO-07998,2026-04-18,365618.88,Verified
INV-07999,PO-07999,2026-02-10,239486.52,Verified
INV-08000,PO-08000,2026-01-18,497130.33,Verified
INV-08001,PO-08001,2026-03-29,29780.63,Verified
INV-08002,PO-08002,2026-02-04,274586.72,Verified
INV-08003,PO-08003,2026-04-23,563371.16,Mismatch
INV-08004,PO-08004,2026-05-31,43111.62,Verified
INV-08005,PO-08005,2026-06-19,196210.0,Verified
INV-08006,PO-08006,2026-02-19,56710.68,Verified
INV-08007,PO-08007,2026-05-12,59214.96,Verified
INV-08008,PO-08008,2026-03-01,372980.51,Mismatch
INV-08009,PO-08009,2026-02-28,196285.5,Verified
INV-08010,PO-08010,2026-03-03,221373.0,Verified
INV-08011,PO-08011,2026-03-29,53905.3,Verified
INV-08012,PO-08012,2026-03-31,73332.6,Verified
INV-08013,PO-08013,2026-02-12,63449.8,Verified
INV-08014,PO-08014,2026-01-24,48456.85,Verified
INV-08015,PO-08015,2026-04-25,124972.96,Verified
INV-08016,PO-08016,2026-06-18,172400.9,Verified
INV-08017,PO-08017,2026-04-11,392356.16,Verified
INV-08018,PO-08018,2026-01-28,24601.39,Verified
INV-08019,PO-08019,2026-02-25,44133.88,Verified
INV-08020,PO-08020,2026-04-21,323694.0,Verified
INV-08021,PO-08021,2026-03-02,161672.17,Verified
INV-08022,PO-08022,2026-05-28,327142.5,Verified
INV-08023,PO-08023,2026-04-13,89132.63,Verified
INV-08024,PO-08024,2026-04-25,491368.12,Verified
INV-08025,PO-08025,2026-06-03,39525.76,Verified
INV-08026,PO-08026,2026-01-31,323043.2,Verified
INV-08027,PO-08027,2026-05-15,261322.5,Verified
INV-08028,PO-08028,2026-02-02,122611.3,Verified
INV-08029,PO-08029,2026-05-13,173964.4,Verified
INV-08030,PO-08030,2026-05-28,132783.77,Verified
INV-08031,PO-08031,2026-02-28,143298.2,Verified
INV-08032,PO-08032,2026-02-09,13104.11,Verified
INV-08033,PO-08033,2026-04-26,25946.28,Verified
INV-08034,PO-08034,2026-04-19,84380.8,Verified
INV-08035,PO-08035,2026-03-13,682915.45,Verified
INV-08036,PO-08036,2026-05-28,83384.1,Verified
INV-08037,PO-08037,2026-05-18,11493.52,Verified
INV-08038,PO-08038,2026-02-14,51627.66,Verified
INV-08039,PO-08039,2026-02-06,11035.04,Verified
INV-08040,PO-08040,2026-05-10,322420.95,Verified
INV-08041,PO-08041,2026-03-19,681080.89,Verified
INV-08042,PO-08042,2026-04-03,97255.2,Verified
INV-08043,PO-08043,2026-03-04,263297.1,Verified
INV-08044,PO-08044,2026-03-08,3414.33,Verified
INV-08045,PO-08045,2026-05-22,418116.0,Verified
INV-08046,PO-08046,2026-05-08,155800.59,Verified
INV-08047,PO-08047,2026-01-20,60427.07,Mismatch
INV-08048,PO-08048,2026-01-14,72620.1,Mismatch
INV-08049,PO-08049,2026-05-18,92093.65,Verified
INV-08050,PO-08050,2026-04-24,311617.46,Verified
INV-08051,PO-08051,2026-04-03,3169.44,Verified
INV-08052,PO-08052,2026-06-16,404617.5,Verified
INV-08053,PO-08053,2026-02-03,667072.8,Verified
INV-08054,PO-08054,2026-03-16,300240.72,Verified
INV-08055,PO-08055,2026-03-05,328417.84,Mismatch
INV-08056,PO-08056,2026-04-17,119217.91,Mismatch
INV-08057,PO-08057,2026-04-15,55180.05,Verified
INV-08058,PO-08058,2026-04-25,30960.81,Verified
INV-08059,PO-08059,2026-02-19,227058.25,Verified
INV-08060,PO-08060,2026-04-23,522639.8,Verified
INV-08061,PO-08061,2026-03-19,590919.06,Verified
INV-08062,PO-08062,2026-02-26,42777.35,Verified
INV-08063,PO-08063,2026-05-08,409506.63,Verified
INV-08064,PO-08064,2026-06-24,234163.96,Mismatch
INV-08065,PO-08065,2026-06-20,86723.64,Verified
INV-08066,PO-08066,2026-03-25,38349.36,Verified
INV-08067,PO-08067,2026-04-11,324024.0,Verified
INV-08068,PO-08068,2026-03-31,248628.3,Verified
INV-08069,PO-08069,2026-04-07,582006.24,Verified
INV-08070,PO-08070,2026-04-29,184884.96,Verified
INV-08071,PO-08071,2026-05-05,22800.48,Verified
INV-08072,PO-08072,2026-05-23,456249.32,Verified
INV-08073,PO-08073,2026-05-10,184213.35,Verified
INV-08074,PO-08074,2026-05-29,101519.68,Verified
INV-08075,PO-08075,2026-05-16,257007.24,Verified
INV-08076,PO-08076,2026-04-28,314056.8,Verified
INV-08077,PO-08077,2026-06-10,227562.48,Verified
INV-08078,PO-08078,2026-04-08,188836.34,Verified
INV-08079,PO-08079,2026-05-02,312115.25,Verified
INV-08080,PO-08080,2026-03-02,145934.54,Verified
INV-08081,PO-08081,2026-02-09,61436.57,Verified
INV-08082,PO-08082,2026-03-20,526624.8,Verified
INV-08083,PO-08083,2026-03-30,128458.72,Verified
INV-08084,PO-08084,2026-04-24,454059.9,Verified
INV-08085,PO-08085,2026-05-26,254305.24,Verified
INV-08086,PO-08086,2026-04-22,331584.03,Verified
INV-08087,PO-08087,2026-03-19,12159.29,Mismatch
INV-08088,PO-08088,2026-03-01,257595.12,Verified
INV-08089,PO-08089,2026-06-03,77094.5,Verified
INV-08090,PO-08090,2026-03-09,280011.2,Verified
INV-08091,PO-08091,2026-02-08,628378.65,Verified
INV-08092,PO-08092,2026-04-30,54617.88,Verified
INV-08093,PO-08093,2026-02-15,322993.44,Verified
INV-08094,PO-08094,2026-04-12,151360.84,Mismatch
INV-08095,PO-08095,2026-04-14,207939.16,Verified
INV-08096,PO-08096,2026-06-11,272180.16,Verified
INV-08097,PO-08097,2026-05-30,110528.01,Verified
INV-08098,PO-08098,2026-01-22,76212.26,Verified
INV-08099,PO-08099,2026-02-19,58148.22,Verified
INV-08100,PO-08100,2026-03-17,527731.04,Verified
INV-08101,PO-08101,2026-03-02,402375.12,Verified
INV-08102,PO-08102,2026-02-03,183519.0,Verified
INV-08103,PO-08103,2026-05-07,110222.56,Verified
INV-08104,PO-08104,2026-06-01,573201.33,Verified
INV-08105,PO-08105,2026-05-18,42777.35,Verified
INV-08106,PO-08106,2026-05-09,61373.9,Verified
INV-08107,PO-08107,2026-02-01,200359.8,Verified
INV-08108,PO-08108,2026-03-25,61375.99,Verified
INV-08109,PO-08109,2026-04-01,134950.8,Verified
INV-08110,PO-08110,2026-04-09,92980.86,Verified
INV-08111,PO-08111,2026-02-17,49099.12,Verified
INV-08112,PO-08112,2026-05-12,261737.54,Verified
INV-08113,PO-08113,2026-02-01,14020.59,Verified
INV-08114,PO-08114,2026-02-18,78.1,Verified
INV-08115,PO-08115,2026-03-02,63214.36,Verified
INV-08116,PO-08116,2026-03-12,243018.75,Verified
INV-08117,PO-08117,2026-06-05,182267.67,Verified
INV-08118,PO-08118,2026-01-29,63080.64,Verified
INV-08119,PO-08119,2026-04-03,359697.24,Verified
INV-08120,PO-08120,2026-04-07,78739.01,Verified
INV-08121,PO-08121,2026-04-16,254293.85,Mismatch
INV-08122,PO-08122,2026-06-22,29501.52,Verified
INV-08123,PO-08123,2026-06-14,575475.18,Verified
INV-08124,PO-08124,2026-02-08,125096.49,Verified
INV-08125,PO-08125,2026-05-07,37476.25,Mismatch
INV-08126,PO-08126,2026-04-29,177098.4,Verified
INV-08127,PO-08127,2026-05-29,55589.4,Verified
INV-08128,PO-08128,2026-06-02,488207.88,Verified
INV-08129,PO-08129,2026-05-29,269744.86,Verified
INV-08130,PO-08130,2026-05-11,357543.14,Mismatch
INV-08131,PO-08131,2026-02-02,516013.5,Verified
INV-08132,PO-08132,2026-04-14,74678.69,Verified
INV-08133,PO-08133,2026-01-14,139336.45,Verified
INV-08134,PO-08134,2026-02-02,209055.75,Verified
INV-08135,PO-08135,2026-05-12,77094.5,Verified
INV-08136,PO-08136,2026-03-07,256257.75,Verified
INV-08137,PO-08137,2026-04-24,9691.37,Verified
INV-08138,PO-08138,2026-01-24,172400.9,Verified
INV-08139,PO-08139,2026-05-22,54630.98,Mismatch
INV-08140,PO-08140,2026-03-09,70888.35,Verified
INV-08141,PO-08141,2026-06-09,37549.49,Verified
INV-08142,PO-08142,2026-03-17,92655.09,Verified
INV-08143,PO-08143,2026-06-11,205863.25,Verified
INV-08144,PO-08144,2026-05-06,387651.84,Verified
INV-08145,PO-08145,2026-06-06,150634.0,Verified
INV-08146,PO-08146,2026-06-06,131961.12,Verified
INV-08147,PO-08147,2026-04-02,261737.54,Verified
INV-08148,PO-08148,2026-02-20,33684.96,Verified
INV-08149,PO-08149,2026-04-24,125103.3,Verified
INV-08150,PO-08150,2026-05-15,174444.66,Verified
INV-08151,PO-08151,2026-02-10,473661.8,Mismatch
INV-08152,PO-08152,2026-01-21,124792.92,Verified
INV-08153,PO-08153,2026-05-29,441125.53,Mismatch
INV-08154,PO-08154,2026-05-31,222112.21,Verified
INV-08155,PO-08155,2026-01-16,22949.76,Verified
INV-08156,PO-08156,2026-03-23,77455.44,Verified
INV-08157,PO-08157,2026-04-20,111711.76,Verified
INV-08158,PO-08158,2026-05-24,268625.37,Verified
INV-08159,PO-08159,2026-06-20,234015.55,Mismatch
INV-08160,PO-08160,2026-01-17,45770.81,Verified
INV-08161,PO-08161,2026-03-02,395872.22,Mismatch
INV-08162,PO-08162,2026-04-04,247036.0,Verified
INV-08163,PO-08163,2026-03-20,5470.78,Verified
INV-08164,PO-08164,2026-03-14,38543.84,Verified
INV-08165,PO-08165,2026-05-06,49986.09,Verified
INV-08166,PO-08166,2026-04-23,47310.48,Verified
INV-08167,PO-08167,2026-05-20,35070.8,Verified
INV-08168,PO-08168,2026-02-15,140005.6,Verified
INV-08169,PO-08169,2026-05-03,228996.64,Mismatch
INV-08170,PO-08170,2026-03-18,77821.38,Verified
INV-08171,PO-08171,2026-05-08,165540.15,Verified
INV-08172,PO-08172,2026-01-17,569881.11,Verified
INV-08173,PO-08173,2026-03-15,70888.35,Verified
INV-08174,PO-08174,2026-02-11,15933.54,Verified
INV-08175,PO-08175,2026-01-24,93285.87,Mismatch
INV-08176,PO-08176,2026-05-17,77571.58,Mismatch
INV-08177,PO-08177,2026-02-12,102264.96,Verified
INV-08178,PO-08178,2026-04-01,26157.99,Verified
INV-08179,PO-08179,2026-02-23,315813.12,Verified
INV-08180,PO-08180,2026-04-18,241772.64,Verified
INV-08181,PO-08181,2026-04-02,59620.36,Verified
INV-08182,PO-08182,2026-03-18,166768.2,Verified
INV-08183,PO-08183,2026-02-15,37388.24,Verified
INV-08184,PO-08184,2026-06-04,60243.12,Verified
INV-08185,PO-08185,2026-05-14,441086.76,Verified
INV-08186,PO-08186,2026-06-06,66066.84,Verified
INV-08187,PO-08187,2026-02-08,410684.32,Verified
INV-08188,PO-08188,2026-06-02,132783.77,Verified
INV-08189,PO-08189,2026-03-31,236929.85,Verified
INV-08190,PO-08190,2026-05-16,94817.7,Verified
INV-08191,PO-08191,2026-05-07,85289.76,Verified
INV-08192,PO-08192,2026-04-21,5773.2,Verified
INV-08193,PO-08193,2026-03-23,187747.36,Verified
INV-08194,PO-08194,2026-05-19,691732.84,Verified
INV-08195,PO-08195,2026-04-01,103738.88,Verified
INV-08196,PO-08196,2026-01-28,531399.36,Verified
INV-08197,PO-08197,2026-05-08,205136.4,Verified
INV-08198,PO-08198,2026-04-17,125433.45,Verified
INV-08199,PO-08199,2026-05-16,117717.44,Verified
INV-08200,PO-08200,2026-06-17,92110.2,Verified
INV-08201,PO-08201,2026-04-30,126899.6,Verified
INV-08202,PO-08202,2026-02-16,15173.18,Verified
INV-08203,PO-08203,2026-05-16,216788.13,Verified
INV-08204,PO-08204,2026-06-15,426212.78,Verified
INV-08205,PO-08205,2026-03-24,78283.98,Verified
INV-08206,PO-08206,2026-04-03,11431.87,Mismatch
INV-08207,PO-08207,2026-02-25,49449.9,Verified
INV-08208,PO-08208,2026-02-01,73332.6,Verified
INV-08209,PO-08209,2026-04-11,309608.1,Verified
INV-08210,PO-08210,2026-03-17,362790.87,Verified
INV-08211,PO-08211,2026-05-13,180741.4,Verified
INV-08212,PO-08212,2026-06-08,2577.3,Verified
INV-08213,PO-08213,2026-03-24,119702.52,Verified
INV-08214,PO-08214,2026-04-14,128954.28,Verified
INV-08215,PO-08215,2026-03-13,170579.52,Verified
INV-08216,PO-08216,2026-03-18,635087.04,Verified
INV-08217,PO-08217,2026-05-03,28733.8,Verified
INV-08218,PO-08218,2026-06-02,143669.0,Verified
INV-08219,PO-08219,2026-06-02,5615.46,Verified
INV-08220,PO-08220,2026-05-09,188041.7,Verified
INV-08221,PO-08221,2026-04-02,207375.36,Verified
INV-08222,PO-08222,2026-05-24,310573.6,Verified
INV-08223,PO-08223,2026-06-07,332889.58,Verified
INV-08224,PO-08224,2026-01-27,218555.01,Verified
INV-08225,PO-08225,2026-02-08,216981.28,Verified
INV-08226,PO-08226,2026-06-11,25642.05,Verified
INV-08227,PO-08227,2026-02-11,208783.12,Verified
INV-08228,PO-08228,2026-04-18,531898.74,Verified
INV-08229,PO-08229,2026-05-05,123637.77,Mismatch
INV-08230,PO-08230,2026-04-17,455494.39,Verified
INV-08231,PO-08231,2026-04-09,5690.55,Verified
INV-08232,PO-08232,2026-02-13,8423.19,Verified
INV-08233,PO-08233,2026-01-23,576273.11,Verified
INV-08234,PO-08234,2026-02-08,425351.22,Verified
INV-08235,PO-08235,2026-05-30,178067.12,Verified
INV-08236,PO-08236,2026-03-01,184309.71,Verified
INV-08237,PO-08237,2026-05-29,246526.02,Verified
INV-08238,PO-08238,2026-03-29,91665.75,Verified
INV-08239,PO-08239,2026-05-19,233345.84,Verified
INV-08240,PO-08240,2026-06-05,24015.48,Verified
INV-08241,PO-08241,2026-03-08,172572.12,Verified
INV-08242,PO-08242,2026-01-26,106605.07,Verified
INV-08243,PO-08243,2026-04-17,13186.64,Verified
INV-08244,PO-08244,2026-04-02,72967.27,Verified
INV-08245,PO-08245,2026-05-10,106605.07,Verified
INV-08246,PO-08246,2026-02-24,142452.13,Verified
INV-08247,PO-08247,2026-03-25,16676.01,Verified
INV-08248,PO-08248,2026-05-03,409624.25,Mismatch
INV-08249,PO-08249,2026-05-31,334489.2,Verified
INV-08250,PO-08250,2026-03-15,4673.53,Verified
INV-08251,PO-08251,2026-05-20,130789.95,Verified
INV-08252,PO-08252,2026-03-06,467033.04,Verified
INV-08253,PO-08253,2026-01-20,17438.66,Verified
INV-08254,PO-08254,2026-02-17,4414.8,Verified
INV-08255,PO-08255,2026-04-28,48862.51,Verified
INV-08256,PO-08256,2026-02-04,161940.96,Verified
INV-08257,PO-08257,2026-05-16,219785.35,Verified
INV-08258,PO-08258,2026-05-23,145968.16,Verified
INV-08259,PO-08259,2026-05-26,200961.79,Verified
INV-08260,PO-08260,2026-03-05,14834.97,Verified
INV-08261,PO-08261,2026-02-01,368272.06,Verified
INV-08262,PO-08262,2026-03-26,187650.45,Verified
INV-08263,PO-08263,2026-03-27,85473.5,Verified
INV-08264,PO-08264,2026-05-20,313162.69,Mismatch
INV-08265,PO-08265,2026-04-22,146112.78,Verified
INV-08266,PO-08266,2026-02-16,73048.25,Verified
INV-08267,PO-08267,2026-04-23,88836.88,Verified
INV-08268,PO-08268,2026-05-02,94817.7,Verified
INV-08269,PO-08269,2026-02-21,305474.5,Verified
INV-08270,PO-08270,2026-03-22,188821.5,Verified
INV-08271,PO-08271,2026-06-17,79801.68,Verified
INV-08272,PO-08272,2026-05-19,73170.3,Verified
INV-08273,PO-08273,2026-03-03,129155.58,Verified
INV-08274,PO-08274,2026-04-23,111115.55,Verified
INV-08275,PO-08275,2026-04-25,367260.4,Verified
INV-08276,PO-08276,2026-04-28,322012.88,Verified
INV-08277,PO-08277,2026-06-02,70002.8,Verified
INV-08278,PO-08278,2026-01-28,380095.03,Verified
INV-08279,PO-08279,2026-03-18,191825.26,Verified
INV-08280,PO-08280,2026-06-25,153445.52,Verified
INV-08281,PO-08281,2026-05-31,6640.75,Verified
INV-08282,PO-08282,2026-04-03,112162.5,Verified
INV-08283,PO-08283,2026-05-18,15630.8,Verified
INV-08284,PO-08284,2026-06-07,330334.2,Verified
INV-08285,PO-08285,2026-02-19,358767.7,Mismatch
INV-08286,PO-08286,2026-04-14,100080.24,Verified
INV-08287,PO-08287,2026-01-29,383650.52,Verified
INV-08288,PO-08288,2026-05-17,390547.44,Verified
INV-08289,PO-08289,2026-01-22,187002.48,Verified
INV-08290,PO-08290,2026-04-05,580954.5,Verified
INV-08291,PO-08291,2026-01-25,200265.56,Verified
INV-08292,PO-08292,2026-02-15,31316.87,Verified
INV-08293,PO-08293,2026-06-18,418405.55,Mismatch
INV-08294,PO-08294,2026-04-25,190728.93,Verified
INV-08295,PO-08295,2026-03-18,37005.36,Verified
INV-08296,PO-08296,2026-05-05,99611.25,Verified
INV-08297,PO-08297,2026-05-06,174397.77,Verified
INV-08298,PO-08298,2026-02-26,60038.7,Verified
INV-08299,PO-08299,2026-06-08,74245.33,Mismatch
INV-08300,PO-08300,2026-05-04,18765.14,Mismatch
INV-08301,PO-08301,2026-02-17,292538.84,Verified
INV-08302,PO-08302,2026-04-30,544555.64,Verified
INV-08303,PO-08303,2026-03-09,44092.41,Verified
INV-08304,PO-08304,2026-04-18,362262.19,Verified
INV-08305,PO-08305,2026-03-22,646537.0,Verified
INV-08306,PO-08306,2026-06-06,238649.58,Verified
INV-08307,PO-08307,2026-06-17,165218.94,Verified
INV-08308,PO-08308,2026-05-15,60856.07,Verified
INV-08309,PO-08309,2026-06-11,142690.5,Verified
INV-08310,PO-08310,2026-01-18,287620.2,Verified
INV-08311,PO-08311,2026-03-11,233676.5,Verified
INV-08312,PO-08312,2026-05-21,501739.2,Verified
INV-08313,PO-08313,2026-04-04,518925.6,Verified
INV-08314,PO-08314,2026-02-16,48768.24,Verified
INV-08315,PO-08315,2026-06-26,53905.3,Verified
INV-08316,PO-08316,2026-07-02,69585.76,Verified
INV-08317,PO-08317,2026-03-21,159574.0,Verified
INV-08318,PO-08318,2026-01-30,92882.43,Verified
INV-08319,PO-08319,2026-06-10,10950.31,Verified
INV-08320,PO-08320,2026-04-09,149958.27,Verified
INV-08321,PO-08321,2026-05-28,271775.4,Verified
INV-08322,PO-08322,2026-02-19,199244.7,Verified
INV-08323,PO-08323,2026-04-13,278741.0,Verified
INV-08324,PO-08324,2026-04-28,17212.32,Verified
INV-08325,PO-08325,2026-02-17,103024.04,Verified
INV-08326,PO-08326,2026-02-01,28001.12,Verified
INV-08327,PO-08327,2026-02-28,85066.02,Verified
INV-08328,PO-08328,2026-02-24,39054.05,Verified
INV-08329,PO-08329,2026-04-07,401863.2,Verified
INV-08330,PO-08330,2026-01-23,347585.6,Mismatch
INV-08331,PO-08331,2026-06-10,654285.0,Verified
INV-08332,PO-08332,2026-03-05,501769.21,Verified
INV-08333,PO-08333,2026-01-26,34418.44,Verified
INV-08334,PO-08334,2026-05-01,580637.6,Verified
INV-08335,PO-08335,2026-03-22,26795.57,Verified
INV-08336,PO-08336,2026-02-19,285006.0,Verified
INV-08337,PO-08337,2026-05-13,51301.08,Verified
INV-08338,PO-08338,2026-05-21,265315.43,Verified
INV-08339,PO-08339,2026-03-15,57216.3,Mismatch
INV-08340,PO-08340,2026-06-12,470380.5,Verified
INV-08341,PO-08341,2026-05-04,266510.64,Verified
INV-08342,PO-08342,2026-03-14,220700.34,Verified
INV-08343,PO-08343,2026-05-06,418104.75,Verified
INV-08344,PO-08344,2026-02-22,196589.05,Verified
INV-08345,PO-08345,2026-04-30,312432.4,Verified
INV-08346,PO-08346,2026-04-14,111311.0,Verified
INV-08347,PO-08347,2026-04-29,145934.54,Verified
INV-08348,PO-08348,2026-06-03,14717.72,Verified
INV-08349,PO-08349,2026-02-27,16678.32,Mismatch
INV-08350,PO-08350,2026-04-01,69585.76,Verified
INV-08351,PO-08351,2026-02-11,272180.16,Verified
INV-08352,PO-08352,2026-02-06,175436.04,Verified
INV-08353,PO-08353,2026-03-28,394689.69,Verified
INV-08354,PO-08354,2026-06-03,514285.57,Verified
INV-08355,PO-08355,2026-04-15,27874.1,Verified
INV-08356,PO-08356,2026-04-07,5311.18,Verified
INV-08357,PO-08357,2026-04-23,88117.83,Verified
INV-08358,PO-08358,2026-02-27,382721.68,Verified
INV-08359,PO-08359,2026-01-07,191488.8,Verified
INV-08360,PO-08360,2026-06-03,41547.6,Verified
INV-08361,PO-08361,2026-03-06,158567.0,Verified
INV-08362,PO-08362,2026-06-08,95675.17,Mismatch
INV-08363,PO-08363,2026-03-16,238649.58,Verified
INV-08364,PO-08364,2026-04-06,16483.3,Verified
INV-08365,PO-08365,2026-04-25,39893.5,Verified
INV-08366,PO-08366,2026-05-05,51869.44,Verified
INV-08367,PO-08367,2026-02-13,33794.81,Verified
INV-08368,PO-08368,2026-01-22,352320.24,Mismatch
INV-08369,PO-08369,2026-03-17,107898.0,Verified
INV-08370,PO-08370,2026-03-16,312750.75,Verified
INV-08371,PO-08371,2026-02-22,4689.24,Verified
INV-08372,PO-08372,2026-03-27,41860.75,Verified
INV-08373,PO-08373,2026-05-03,8596.94,Verified
INV-08374,PO-08374,2026-06-11,6792.0,Verified
INV-08375,PO-08375,2026-01-28,351062.8,Verified
INV-08376,PO-08376,2026-03-30,69486.75,Verified
INV-08377,PO-08377,2026-02-19,278798.24,Verified
INV-08378,PO-08378,2026-06-08,647388.0,Verified
INV-08379,PO-08379,2026-06-06,454091.88,Verified
INV-08380,PO-08380,2026-01-07,17584.65,Verified
INV-08381,PO-08381,2026-05-20,249585.84,Verified
INV-08382,PO-08382,2026-05-07,69170.08,Verified
INV-08383,PO-08383,2026-03-03,160833.05,Verified
INV-08384,PO-08384,2026-03-31,72651.0,Verified
INV-08385,PO-08385,2026-04-16,229416.36,Verified
INV-08386,PO-08386,2026-03-20,114964.32,Verified
INV-08387,PO-08387,2026-04-13,169630.48,Verified
INV-08388,PO-08388,2026-03-29,145369.44,Verified
INV-08389,PO-08389,2026-03-21,211229.46,Verified
INV-08390,PO-08390,2026-03-27,210814.77,Mismatch
INV-08391,PO-08391,2026-04-01,9347.06,Verified
INV-08392,PO-08392,2026-05-10,245627.2,Verified
INV-08393,PO-08393,2026-06-30,459927.6,Verified
INV-08394,PO-08394,2026-05-04,594713.3,Verified
INV-08395,PO-08395,2026-02-15,127934.64,Verified
INV-08396,PO-08396,2026-04-28,112061.82,Verified
INV-08397,PO-08397,2026-04-02,101468.8,Verified
INV-08398,PO-08398,2026-02-17,90620.37,Verified
INV-08399,PO-08399,2026-05-01,99905.63,Verified
INV-08400,PO-08400,2026-06-22,222116.83,Verified
INV-08401,PO-08401,2026-05-17,39844.5,Verified
INV-08402,PO-08402,2026-02-22,59773.41,Verified
INV-08403,PO-08403,2026-04-02,92655.09,Verified
INV-08404,PO-08404,2026-04-20,566647.12,Mismatch
INV-08405,PO-08405,2026-03-17,247873.15,Verified
INV-08406,PO-08406,2026-03-06,317134.0,Verified
INV-08407,PO-08407,2026-05-10,268445.52,Verified
INV-08408,PO-08408,2026-01-23,124870.75,Mismatch
INV-08409,PO-08409,2026-04-19,531898.74,Verified
INV-08410,PO-08410,2026-02-01,156040.11,Verified
INV-08411,PO-08411,2026-01-26,38069.88,Verified
INV-08412,PO-08412,2026-02-11,34484.5,Verified
INV-08413,PO-08413,2026-03-01,22496.38,Mismatch
INV-08414,PO-08414,2026-04-27,859.1,Verified
INV-08415,PO-08415,2026-03-27,514201.95,Verified
INV-08416,PO-08416,2026-05-08,255822.14,Mismatch
INV-08417,PO-08417,2026-04-27,11228.32,Verified
INV-08418,PO-08418,2026-01-31,142154.48,Verified
INV-08419,PO-08419,2026-02-11,436111.65,Verified
INV-08420,PO-08420,2026-03-24,448017.92,Verified
INV-08421,PO-08421,2026-03-16,129584.8,Verified
INV-08422,PO-08422,2026-04-22,110360.1,Verified
INV-08423,PO-08423,2026-01-24,3202.1,Verified
INV-08424,PO-08424,2026-06-03,589192.14,Verified
INV-08425,PO-08425,2026-05-07,2868.72,Verified
INV-08426,PO-08426,2026-03-07,155142.6,Verified
INV-08427,PO-08427,2026-02-01,536765.2,Verified
INV-08428,PO-08428,2026-03-25,146502.59,Verified
INV-08429,PO-08429,2026-03-23,4552.44,Verified
INV-08430,PO-08430,2026-04-02,461185.63,Verified
INV-08431,PO-08431,2026-01-25,55142.76,Verified
INV-08432,PO-08432,2026-06-19,7131.6,Verified
INV-08433,PO-08433,2026-03-09,228004.8,Verified
INV-08434,PO-08434,2026-04-25,271112.1,Verified
INV-08435,PO-08435,2026-06-19,67475.4,Verified
INV-08436,PO-08436,2026-05-28,424373.88,Verified
INV-08437,PO-08437,2026-05-07,6304.84,Verified
INV-08438,PO-08438,2026-01-16,93729.72,Verified
INV-08439,PO-08439,2026-01-17,202471.74,Verified
INV-08440,PO-08440,2026-03-20,99622.35,Verified
INV-08441,PO-08441,2026-02-25,145387.14,Verified
INV-08442,PO-08442,2026-02-05,287233.2,Verified
INV-08443,PO-08443,2026-02-25,106858.56,Verified
INV-08444,PO-08444,2026-04-21,171655.82,Verified
INV-08445,PO-08445,2026-05-29,10242.99,Verified
INV-08446,PO-08446,2026-04-13,25370.72,Verified
INV-08447,PO-08447,2026-02-09,528099.3,Verified
INV-08448,PO-08448,2026-03-26,5741.37,Mismatch
INV-08449,PO-08449,2026-03-30,132815.0,Verified
INV-08450,PO-08450,2026-03-15,51892.56,Verified
INV-08451,PO-08451,2026-02-10,25116.45,Verified
INV-08452,PO-08452,2026-06-12,282062.55,Verified
INV-08453,PO-08453,2026-02-14,26897.91,Verified
INV-08454,PO-08454,2026-05-10,196085.13,Verified
INV-08455,PO-08455,2026-03-29,435966.5,Verified
INV-08456,PO-08456,2026-04-24,849.0,Verified
INV-08457,PO-08457,2026-01-25,455494.39,Verified
INV-08458,PO-08458,2026-04-18,191995.92,Verified
INV-08459,PO-08459,2026-04-04,13897.35,Verified
INV-08460,PO-08460,2026-05-09,240976.08,Verified
INV-08461,PO-08461,2026-06-05,315256.04,Verified
INV-08462,PO-08462,2026-06-15,73588.6,Verified
INV-08463,PO-08463,2026-03-18,330532.36,Verified
INV-08464,PO-08464,2026-03-19,90726.72,Verified
INV-08465,PO-08465,2026-04-16,216725.67,Verified
INV-08466,PO-08466,2026-03-13,324884.2,Verified
INV-08467,PO-08467,2026-06-22,107460.06,Verified
INV-08468,PO-08468,2026-05-08,23449.46,Verified
INV-08469,PO-08469,2026-02-09,819299.44,Mismatch
INV-08470,PO-08470,2026-01-26,528078.27,Verified
INV-08471,PO-08471,2026-01-29,391130.25,Verified
INV-08472,PO-08472,2026-05-01,236787.5,Verified
INV-08473,PO-08473,2026-06-04,194562.9,Verified
INV-08474,PO-08474,2026-02-21,102259.97,Mismatch
INV-08475,PO-08475,2026-05-08,202190.12,Verified
INV-08476,PO-08476,2026-05-14,34189.4,Verified
INV-08477,PO-08477,2026-03-09,264049.65,Verified
INV-08478,PO-08478,2026-05-01,407663.1,Verified
INV-08479,PO-08479,2026-02-19,128210.25,Verified
INV-08480,PO-08480,2026-03-24,199991.61,Verified
INV-08481,PO-08481,2026-05-28,390.77,Verified
INV-08482,PO-08482,2026-03-06,122923.0,Verified
INV-08483,PO-08483,2026-02-11,75402.22,Verified
INV-08484,PO-08484,2026-03-26,212323.35,Mismatch
INV-08485,PO-08485,2026-03-11,78473.97,Verified
INV-08486,PO-08486,2026-05-12,680970.15,Verified
INV-08487,PO-08487,2026-04-29,2811.6,Verified
INV-08488,PO-08488,2026-06-10,374392.9,Verified
INV-08489,PO-08489,2026-02-13,196126.42,Verified
INV-08490,PO-08490,2026-05-18,522645.0,Verified
INV-08491,PO-08491,2026-05-12,376746.75,Verified
INV-08492,PO-08492,2026-02-03,499713.98,Verified
INV-08493,PO-08493,2026-03-24,246729.0,Verified
INV-08494,PO-08494,2026-05-18,69819.85,Verified
INV-08495,PO-08495,2026-02-17,366155.91,Verified
INV-08496,PO-08496,2026-05-22,222622.0,Verified
INV-08497,PO-08497,2026-03-28,374023.46,Verified
INV-08498,PO-08498,2026-06-13,77838.84,Verified
INV-08499,PO-08499,2026-04-17,411216.54,Verified
INV-08500,PO-08500,2026-04-24,13561.33,Verified
INV-08501,PO-08501,2026-06-15,57076.2,Verified
INV-08502,PO-08502,2026-01-29,388321.92,Mismatch
INV-08503,PO-08503,2026-05-29,37293.36,Verified
INV-08504,PO-08504,2026-04-03,169082.21,Mismatch
INV-08505,PO-08505,2026-06-13,25284.72,Verified
INV-08506,PO-08506,2026-04-08,38050.8,Verified
INV-08507,PO-08507,2026-02-27,279819.76,Verified
INV-08508,PO-08508,2026-02-02,117924.66,Verified
INV-08509,PO-08509,2026-03-08,279819.76,Verified
INV-08510,PO-08510,2026-03-15,252891.52,Mismatch
INV-08511,PO-08511,2026-05-16,672026.88,Verified
INV-08512,PO-08512,2026-02-17,116190.9,Verified
INV-08513,PO-08513,2026-04-04,204529.92,Verified
INV-08514,PO-08514,2026-02-09,102922.25,Verified
INV-08515,PO-08515,2026-02-15,84596.36,Verified
INV-08516,PO-08516,2026-03-03,84003.36,Verified
INV-08517,PO-08517,2026-03-12,50154.37,Verified
INV-08518,PO-08518,2026-03-12,83328.68,Mismatch
INV-08519,PO-08519,2026-03-20,200994.08,Verified
INV-08520,PO-08520,2026-05-31,513943.12,Verified
INV-08521,PO-08521,2026-02-09,25020.66,Verified
INV-08522,PO-08522,2026-02-07,60038.7,Verified
INV-08523,PO-08523,2026-03-06,546021.84,Verified
INV-08524,PO-08524,2026-01-27,348889.32,Verified
INV-08525,PO-08525,2026-06-08,525433.86,Verified
INV-08526,PO-08526,2026-03-10,529108.92,Verified
INV-08527,PO-08527,2026-05-29,272469.9,Verified
INV-08528,PO-08528,2026-06-01,75691.48,Verified
INV-08529,PO-08529,2026-04-21,349099.25,Verified
INV-08530,PO-08530,2026-02-03,18357.66,Verified
INV-08531,PO-08531,2026-05-21,229283.25,Verified
INV-08532,PO-08532,2026-02-22,485822.88,Verified
INV-08533,PO-08533,2026-04-23,245627.2,Verified
INV-08534,PO-08534,2026-05-12,21322.44,Verified
INV-08535,PO-08535,2026-06-05,75808.71,Verified
INV-08536,PO-08536,2026-03-06,88957.0,Verified
INV-08537,PO-08537,2026-02-18,261666.99,Verified
INV-08538,PO-08538,2026-03-31,315652.68,Verified
INV-08539,PO-08539,2026-06-11,146502.59,Verified
INV-08540,PO-08540,2026-01-18,117490.44,Verified
INV-08541,PO-08541,2026-04-08,100049.74,Mismatch
INV-08542,PO-08542,2026-02-22,143468.13,Verified
INV-08543,PO-08543,2026-04-02,147171.5,Verified
INV-08544,PO-08544,2026-06-05,24732.41,Mismatch
INV-08545,PO-08545,2026-05-07,116648.64,Verified
INV-08546,PO-08546,2026-05-02,412021.5,Mismatch
INV-08547,PO-08547,2026-01-27,206040.1,Verified
INV-08548,PO-08548,2026-03-30,128419.55,Mismatch
INV-08549,PO-08549,2026-06-18,227045.94,Verified
INV-08550,PO-08550,2026-03-07,115631.52,Verified
INV-08551,PO-08551,2026-02-16,103002.76,Verified
INV-08552,PO-08552,2026-06-04,3507.08,Verified
INV-08553,PO-08553,2026-02-18,241772.64,Verified
INV-08554,PO-08554,2026-04-23,393278.57,Verified
INV-08555,PO-08555,2026-05-29,303707.61,Verified
INV-08556,PO-08556,2026-04-21,71706.68,Mismatch
INV-08557,PO-08557,2026-04-28,28703.76,Mismatch
INV-08558,PO-08558,2026-02-16,186595.35,Mismatch
INV-08559,PO-08559,2026-03-30,18195.75,Verified
INV-08560,PO-08560,2026-02-18,80748.36,Verified
INV-08561,PO-08561,2026-05-12,34369.75,Verified
INV-08562,PO-08562,2026-05-15,336984.96,Verified
INV-08563,PO-08563,2026-04-05,15173.18,Verified
INV-08564,PO-08564,2026-05-18,58005.0,Verified
INV-08565,PO-08565,2026-02-08,13765.96,Mismatch
INV-08566,PO-08566,2026-05-06,587985.51,Verified
INV-08567,PO-08567,2026-03-20,419030.04,Verified
INV-08568,PO-08568,2026-01-16,333319.35,Verified
INV-08569,PO-08569,2026-02-02,146861.28,Verified
INV-08570,PO-08570,2026-04-26,139455.75,Verified
INV-08571,PO-08571,2026-05-15,83721.5,Verified
INV-08572,PO-08572,2026-06-23,161496.72,Verified
INV-08573,PO-08573,2026-02-07,360002.45,Verified
INV-08574,PO-08574,2026-06-23,134556.8,Verified
INV-08575,PO-08575,2026-05-08,528099.3,Verified
INV-08576,PO-08576,2026-06-21,16744.3,Verified
INV-08577,PO-08577,2026-04-04,172678.74,Verified
INV-08578,PO-08578,2026-01-16,570818.16,Verified
INV-08579,PO-08579,2026-03-23,126185.31,Verified
INV-08580,PO-08580,2026-02-28,514967.46,Verified
INV-08581,PO-08581,2026-05-21,7557.89,Mismatch
INV-08582,PO-08582,2026-03-10,374918.88,Verified
INV-08583,PO-08583,2026-03-11,145501.56,Verified
INV-08584,PO-08584,2026-03-15,100080.24,Verified
INV-08585,PO-08585,2026-03-19,63127.44,Verified
INV-08586,PO-08586,2026-06-17,155578.86,Mismatch
INV-08587,PO-08587,2026-03-15,16483.3,Verified
INV-08588,PO-08588,2026-02-12,34792.88,Verified
INV-08589,PO-08589,2026-03-02,21306.22,Mismatch
INV-08590,PO-08590,2026-03-26,25349.3,Mismatch
INV-08591,PO-08591,2026-01-23,159402.89,Mismatch
INV-08592,PO-08592,2026-04-15,54663.7,Verified
INV-08593,PO-08593,2026-01-31,75317.0,Verified
INV-08594,PO-08594,2026-03-16,302901.39,Verified
INV-08595,PO-08595,2026-01-28,105931.25,Verified
INV-08596,PO-08596,2026-03-23,79496.67,Verified
INV-08597,PO-08597,2026-04-09,18756.96,Verified
INV-08598,PO-08598,2026-02-09,168492.48,Verified
INV-08599,PO-08599,2026-03-02,78473.97,Verified
INV-08600,PO-08600,2026-05-29,34614.93,Verified
INV-08601,PO-08601,2026-02-21,179083.58,Verified
INV-08602,PO-08602,2026-02-08,3961.8,Verified
INV-08603,PO-08603,2026-04-27,274837.08,Verified
INV-08604,PO-08604,2026-04-05,678877.2,Verified
INV-08605,PO-08605,2026-03-06,58745.22,Verified
INV-08606,PO-08606,2026-01-29,242095.28,Verified
INV-08607,PO-08607,2026-03-28,403023.15,Verified
INV-08608,PO-08608,2026-03-29,215651.12,Verified
INV-08609,PO-08609,2026-05-12,529314.1,Verified
INV-08610,PO-08610,2026-06-17,159603.36,Verified
INV-08611,PO-08611,2026-06-11,251767.88,Verified
INV-08612,PO-08612,2026-01-27,662297.4,Verified
INV-08613,PO-08613,2026-05-23,261714.0,Verified
INV-08614,PO-08614,2026-02-17,28552.41,Verified
INV-08615,PO-08615,2026-04-04,171003.6,Verified
INV-08616,PO-08616,2026-03-19,94821.54,Verified
INV-08617,PO-08617,2026-02-16,550441.32,Verified
INV-08618,PO-08618,2026-02-24,1752.24,Verified
INV-08619,PO-08619,2026-05-06,108172.24,Verified
INV-08620,PO-08620,2026-05-13,107825.56,Verified
INV-08621,PO-08621,2026-05-10,80870.0,Verified
INV-08622,PO-08622,2026-06-06,229216.23,Verified
INV-08623,PO-08623,2026-05-03,54097.49,Mismatch
INV-08624,PO-08624,2026-06-16,112162.5,Verified
INV-08625,PO-08625,2026-03-09,392420.0,Verified
INV-08626,PO-08626,2026-05-16,29442.72,Mismatch
INV-08627,PO-08627,2026-01-29,385510.86,Verified
INV-08628,PO-08628,2026-04-23,212675.61,Verified
INV-08629,PO-08629,2026-05-29,62636.54,Verified
INV-08630,PO-08630,2026-03-19,206040.1,Verified
INV-08631,PO-08631,2026-06-20,392170.26,Verified
INV-08632,PO-08632,2026-04-19,181623.96,Verified
INV-08633,PO-08633,2026-05-19,145809.17,Mismatch
INV-08634,PO-08634,2026-02-26,416191.91,Verified
INV-08635,PO-08635,2026-04-04,168726.45,Verified
INV-08636,PO-08636,2026-04-09,50814.96,Verified
INV-08637,PO-08637,2026-04-04,123732.73,Verified
INV-08638,PO-08638,2026-01-30,371515.69,Mismatch
INV-08639,PO-08639,2026-02-16,17338.31,Verified
INV-08640,PO-08640,2026-02-20,2547.0,Verified
INV-08641,PO-08641,2026-03-14,134163.51,Verified
INV-08642,PO-08642,2026-02-10,267837.6,Verified
INV-08643,PO-08643,2026-04-27,68043.86,Verified
INV-08644,PO-08644,2026-03-10,20336.29,Verified
INV-08645,PO-08645,2026-02-19,436111.65,Verified
INV-08646,PO-08646,2026-02-24,512192.1,Verified
INV-08647,PO-08647,2026-04-30,252913.46,Mismatch
INV-08648,PO-08648,2026-02-27,416191.91,Verified
INV-08649,PO-08649,2026-06-22,185764.86,Verified
INV-08650,PO-08650,2026-03-09,238082.36,Mismatch
INV-08651,PO-08651,2026-02-06,181030.36,Verified
INV-08652,PO-08652,2026-05-09,188821.5,Verified
INV-08653,PO-08653,2026-05-15,217483.74,Mismatch
INV-08654,PO-08654,2026-04-24,465185.76,Verified
INV-08655,PO-08655,2026-03-25,54138.0,Verified
INV-08656,PO-08656,2026-04-19,512923.53,Verified
INV-08657,PO-08657,2026-05-27,242284.25,Verified
INV-08658,PO-08658,2026-05-23,116838.25,Verified
INV-08659,PO-08659,2026-03-05,155677.68,Verified
INV-08660,PO-08660,2026-03-06,509144.76,Mismatch
INV-08661,PO-08661,2026-05-09,88957.0,Verified
INV-08662,PO-08662,2026-05-16,132602.54,Verified
INV-08663,PO-08663,2026-05-08,4754.4,Verified
INV-08664,PO-08664,2026-02-13,40981.46,Verified
INV-08665,PO-08665,2026-03-16,82355.28,Verified
INV-08666,PO-08666,2026-03-21,504443.1,Verified
INV-08667,PO-08667,2026-05-11,48954.35,Verified
INV-08668,PO-08668,2026-05-15,85405.25,Mismatch
INV-08669,PO-08669,2026-05-26,37388.24,Verified
INV-08670,PO-08670,2026-05-16,86935.25,Verified
INV-08671,PO-08671,2026-02-08,77094.5,Verified
INV-08672,PO-08672,2026-03-18,44504.91,Verified
INV-08673,PO-08673,2026-02-06,406016.24,Verified
INV-08674,PO-08674,2026-03-17,415476.0,Verified
INV-08675,PO-08675,2026-02-05,16862.93,Verified
INV-08676,PO-08676,2026-04-25,82674.02,Verified
INV-08677,PO-08677,2026-02-11,299716.89,Verified
INV-08678,PO-08678,2026-04-06,472586.74,Verified
INV-08679,PO-08679,2026-04-23,54347.92,Verified
INV-08680,PO-08680,2026-06-01,258989.25,Verified
INV-08681,PO-08681,2026-06-05,18589.13,Verified
INV-08682,PO-08682,2026-04-21,201934.26,Verified
INV-08683,PO-08683,2026-03-07,542084.79,Verified
INV-08684,PO-08684,2026-02-13,461185.63,Verified
INV-08685,PO-08685,2026-04-24,1093.4,Verified
INV-08686,PO-08686,2026-02-13,542453.2,Verified
INV-08687,PO-08687,2026-02-03,200544.59,Verified
INV-08688,PO-08688,2026-04-30,675415.38,Verified
INV-08689,PO-08689,2026-03-03,150698.7,Verified
INV-08690,PO-08690,2026-02-18,158887.3,Verified
INV-08691,PO-08691,2026-04-06,355548.0,Verified
INV-08692,PO-08692,2026-03-31,216189.9,Verified
INV-08693,PO-08693,2026-01-19,283935.23,Verified
INV-08694,PO-08694,2026-01-18,70929.45,Verified
INV-08695,PO-08695,2026-02-18,392170.26,Verified
INV-08696,PO-08696,2026-01-24,14458.49,Verified
INV-08697,PO-08697,2026-04-05,171421.38,Verified
INV-08698,PO-08698,2026-02-05,543091.08,Verified
INV-08699,PO-08699,2026-04-03,792.36,Verified
INV-08700,PO-08700,2026-03-16,167831.3,Verified
INV-08701,PO-08701,2026-05-23,79959.15,Verified
INV-08702,PO-08702,2026-06-05,102817.66,Verified
INV-08703,PO-08703,2026-02-19,539490.0,Verified
INV-08704,PO-08704,2026-03-19,251767.88,Verified
INV-08705,PO-08705,2026-05-28,120284.56,Verified
INV-08706,PO-08706,2026-04-07,308799.22,Verified
INV-08707,PO-08707,2026-03-29,238649.58,Verified
INV-08708,PO-08708,2026-02-06,101482.88,Verified
INV-08709,PO-08709,2026-05-19,208598.94,Verified
INV-08710,PO-08710,2026-05-30,25861.48,Verified
INV-08711,PO-08711,2026-04-17,15554.17,Verified
INV-08712,PO-08712,2026-04-07,168726.45,Verified
INV-08713,PO-08713,2026-05-02,677395.02,Verified
INV-08714,PO-08714,2026-01-18,392991.2,Verified
INV-08715,PO-08715,2026-04-29,564011.98,Verified
INV-08716,PO-08716,2026-04-23,184526.65,Verified
INV-08717,PO-08717,2026-05-22,150084.09,Verified
INV-08718,PO-08718,2026-04-03,227905.47,Verified
INV-08719,PO-08719,2026-05-27,179320.23,Verified
INV-08720,PO-08720,2026-02-14,90620.37,Verified
INV-08721,PO-08721,2026-06-12,7815.4,Verified
INV-08722,PO-08722,2026-06-13,392170.26,Verified
INV-08723,PO-08723,2026-06-06,19654.11,Verified
INV-08724,PO-08724,2026-02-24,277788.61,Mismatch
INV-08725,PO-08725,2026-03-25,50543.75,Verified
INV-08726,PO-08726,2026-02-03,303064.52,Verified
INV-08727,PO-08727,2026-02-05,132459.48,Verified
INV-08728,PO-08728,2026-04-05,483588.84,Verified
INV-08729,PO-08729,2026-06-02,198138.36,Verified
INV-08730,PO-08730,2026-04-24,47258.9,Verified
INV-08731,PO-08731,2026-03-10,131102.76,Verified
INV-08732,PO-08732,2026-06-16,11033.47,Verified
INV-08733,PO-08733,2026-01-29,319993.2,Verified
INV-08734,PO-08734,2026-03-10,63211.8,Verified
INV-08735,PO-08735,2026-02-19,41424.35,Verified
INV-08736,PO-08736,2026-04-03,66066.84,Verified
INV-08737,PO-08737,2026-04-06,287737.59,Verified
INV-08738,PO-08738,2026-02-12,285552.25,Verified
INV-08739,PO-08739,2026-05-15,401756.4,Verified
INV-08740,PO-08740,2026-06-04,268445.52,Verified
INV-08741,PO-08741,2026-05-26,478437.38,Verified
INV-08742,PO-08742,2026-06-19,258669.72,Verified
INV-08743,PO-08743,2026-05-11,63214.36,Verified
INV-08744,PO-08744,2026-04-15,51843.84,Verified
INV-08745,PO-08745,2026-06-14,555894.0,Verified
INV-08746,PO-08746,2026-03-06,140614.32,Verified
INV-08747,PO-08747,2026-03-16,60625.65,Verified
INV-08748,PO-08748,2026-02-28,180694.93,Verified
INV-08749,PO-08749,2026-05-18,278798.24,Verified
INV-08750,PO-08750,2026-06-05,105526.19,Verified
INV-08751,PO-08751,2026-02-27,124642.8,Verified
INV-08752,PO-08752,2026-06-07,444280.87,Mismatch
INV-08753,PO-08753,2026-03-22,366399.6,Verified
INV-08754,PO-08754,2026-02-04,25921.92,Verified
INV-08755,PO-08755,2026-04-22,65428.5,Verified
INV-08756,PO-08756,2026-02-20,24724.95,Verified
INV-08757,PO-08757,2026-02-25,135637.9,Verified
INV-08758,PO-08758,2026-04-23,180706.25,Verified
INV-08759,PO-08759,2026-06-14,57823.92,Verified
INV-08760,PO-08760,2026-04-20,135679.18,Verified
INV-08761,PO-08761,2026-06-09,86723.64,Verified
INV-08762,PO-08762,2026-02-21,494389.0,Verified
INV-08763,PO-08763,2026-04-25,99753.84,Mismatch
INV-08764,PO-08764,2026-02-16,176589.0,Verified
INV-08765,PO-08765,2026-02-07,325268.58,Verified
INV-08766,PO-08766,2026-02-14,392356.16,Verified
INV-08767,PO-08767,2026-06-17,67451.72,Verified
INV-08768,PO-08768,2026-02-06,24703.6,Verified
INV-08769,PO-08769,2026-05-04,440924.1,Verified
INV-08770,PO-08770,2026-03-22,80324.16,Verified
INV-08771,PO-08771,2026-02-12,79787.0,Verified
INV-08772,PO-08772,2026-04-20,61461.5,Verified
INV-08773,PO-08773,2026-04-27,44524.4,Verified
INV-08774,PO-08774,2026-06-01,594713.3,Verified
INV-08775,PO-08775,2026-02-16,95429.88,Verified
INV-08776,PO-08776,2026-06-04,68674.99,Mismatch
INV-08777,PO-08777,2026-05-26,36736.5,Verified
INV-08778,PO-08778,2026-04-11,134556.8,Verified
INV-08779,PO-08779,2026-03-18,168099.62,Verified
INV-08780,PO-08780,2026-03-22,51627.66,Verified
INV-08781,PO-08781,2026-05-30,84596.36,Verified
INV-08782,PO-08782,2026-04-02,76049.02,Verified
INV-08783,PO-08783,2026-04-30,95680.42,Verified
INV-08784,PO-08784,2026-06-23,2021.75,Verified
INV-08785,PO-08785,2026-06-13,472262.4,Verified
INV-08786,PO-08786,2026-04-22,92507.8,Verified
INV-08787,PO-08787,2026-02-18,260946.6,Verified
INV-08788,PO-08788,2026-06-06,181646.6,Verified
INV-08789,PO-08789,2026-02-20,28500.6,Verified
INV-08790,PO-08790,2026-05-18,54675.67,Verified
INV-08791,PO-08791,2026-05-30,8087.0,Verified
INV-08792,PO-08792,2026-01-16,639382.06,Verified
INV-08793,PO-08793,2026-05-03,91948.16,Verified
INV-08794,PO-08794,2026-05-22,9769.25,Verified
INV-08795,PO-08795,2026-04-30,193761.49,Verified
INV-08796,PO-08796,2026-02-22,674362.5,Verified
INV-08797,PO-08797,2026-02-16,14483.49,Verified
INV-08798,PO-08798,2026-06-27,216981.28,Verified
INV-08799,PO-08799,2026-02-27,599293.15,Verified
INV-08800,PO-08800,2026-02-13,49340.48,Verified
INV-08801,PO-08801,2026-05-11,227562.48,Verified
INV-08802,PO-08802,2026-06-23,207939.16,Verified
INV-08803,PO-08803,2026-03-25,8150.4,Verified
INV-08804,PO-08804,2026-05-28,26094.66,Verified
INV-08805,PO-08805,2026-02-18,458941.5,Verified
INV-08806,PO-08806,2026-04-20,339197.95,Verified
INV-08807,PO-08807,2026-03-19,12281.58,Verified
INV-08808,PO-08808,2026-02-14,100593.78,Verified
INV-08809,PO-08809,2026-01-11,17438.66,Verified
INV-08810,PO-08810,2026-02-27,118429.92,Verified
INV-08811,PO-08811,2026-05-06,28041.18,Verified
INV-08812,PO-08812,2026-03-17,655041.35,Verified
INV-08813,PO-08813,2026-03-21,352356.48,Verified
INV-08814,PO-08814,2026-03-25,19288.94,Verified
INV-08815,PO-08815,2026-06-01,158165.7,Verified
INV-08816,PO-08816,2026-05-11,271275.8,Verified
INV-08817,PO-08817,2026-01-10,366399.6,Verified
INV-08818,PO-08818,2026-02-01,430887.91,Verified
INV-08819,PO-08819,2026-02-07,167775.72,Verified
INV-08820,PO-08820,2026-04-16,133261.67,Verified
INV-08821,PO-08821,2026-04-17,50040.12,Verified
INV-08822,PO-08822,2026-02-08,21869.92,Verified
INV-08823,PO-08823,2026-02-25,29656.67,Verified
INV-08824,PO-08824,2026-02-28,73048.25,Verified
INV-08825,PO-08825,2026-04-12,15991.83,Verified
INV-08826,PO-08826,2026-06-20,63048.4,Verified
INV-08827,PO-08827,2026-03-08,176235.66,Verified
INV-08828,PO-08828,2026-02-28,25379.92,Verified
INV-08829,PO-08829,2026-05-15,125582.25,Verified
INV-08830,PO-08830,2026-06-04,137610.33,Verified
INV-08831,PO-08831,2026-05-11,126899.6,Verified
INV-08832,PO-08832,2026-03-13,80051.6,Verified
INV-08833,PO-08833,2026-06-10,653281.67,Verified
INV-08834,PO-08834,2026-03-25,368489.22,Mismatch
INV-08835,PO-08835,2026-04-22,406016.24,Verified
INV-08836,PO-08836,2026-05-27,25284.72,Verified
INV-08837,PO-08837,2026-02-08,25861.48,Verified
INV-08838,PO-08838,2026-03-09,7821.65,Verified
INV-08839,PO-08839,2026-05-30,504020.16,Verified
INV-08840,PO-08840,2026-04-29,206561.6,Verified
INV-08841,PO-08841,2026-04-12,458832.72,Verified
INV-08842,PO-08842,2026-03-31,20166.59,Mismatch
INV-08843,PO-08843,2026-04-19,200544.59,Verified
INV-08844,PO-08844,2026-03-15,518438.4,Verified
INV-08845,PO-08845,2026-04-25,92093.65,Verified
INV-08846,PO-08846,2026-05-14,268625.37,Verified
INV-08847,PO-08847,2026-02-11,1188.6,Verified
INV-08848,PO-08848,2026-06-11,83140.5,Verified
INV-08849,PO-08849,2026-06-07,38765.48,Verified
INV-08850,PO-08850,2026-05-14,25438.16,Verified
INV-08851,PO-08851,2026-04-26,264883.5,Verified
INV-08852,PO-08852,2026-02-03,22496.86,Verified
INV-08853,PO-08853,2026-05-05,107864.66,Verified
INV-08854,PO-08854,2026-03-13,597683.23,Verified
INV-08855,PO-08855,2026-06-24,550441.32,Verified
INV-08856,PO-08856,2026-05-30,6961.8,Verified
INV-08857,PO-08857,2026-01-18,311617.46,Verified
INV-08858,PO-08858,2026-04-14,6027.2,Verified
INV-08859,PO-08859,2026-04-01,606256.5,Verified
INV-08860,PO-08860,2026-03-30,338041.81,Verified
INV-08861,PO-08861,2026-02-06,371529.72,Verified
INV-08862,PO-08862,2026-05-09,85473.5,Verified
INV-08863,PO-08863,2026-04-10,456249.32,Verified
INV-08864,PO-08864,2026-05-08,570818.16,Verified
INV-08865,PO-08865,2026-05-04,478954.71,Verified
INV-08866,PO-08866,2026-05-03,474732.42,Verified
INV-08867,PO-08867,2026-03-10,343258.15,Verified
INV-08868,PO-08868,2026-05-27,45894.15,Verified
INV-08869,PO-08869,2026-03-05,124079.98,Verified
INV-08870,PO-08870,2026-06-16,389194.2,Verified
INV-08871,PO-08871,2026-05-08,117273.42,Verified
INV-08872,PO-08872,2026-04-22,117579.76,Verified
INV-08873,PO-08873,2026-05-30,118070.29,Verified
INV-08874,PO-08874,2026-03-28,13286.18,Verified
INV-08875,PO-08875,2026-02-14,255318.4,Verified
INV-08876,PO-08876,2026-04-29,5485.79,Mismatch
INV-08877,PO-08877,2026-05-30,10320.27,Verified
INV-08878,PO-08878,2026-06-04,286205.64,Verified
INV-08879,PO-08879,2026-02-20,324071.28,Verified
INV-08880,PO-08880,2026-03-02,114748.8,Verified
INV-08881,PO-08881,2026-04-20,223198.0,Verified
INV-08882,PO-08882,2026-02-18,107825.56,Verified
INV-08883,PO-08883,2026-02-14,87677.0,Verified
INV-08884,PO-08884,2026-03-02,125074.78,Verified
INV-08885,PO-08885,2026-05-07,38785.65,Verified
INV-08886,PO-08886,2026-02-11,39176.8,Verified
INV-08887,PO-08887,2026-04-27,21268.5,Verified
INV-08888,PO-08888,2026-05-12,88930.32,Verified
INV-08889,PO-08889,2026-02-12,18081.6,Verified
INV-08890,PO-08890,2026-06-25,29058.15,Mismatch
INV-08891,PO-08891,2026-07-03,108987.96,Verified
INV-08892,PO-08892,2026-01-29,168108.36,Verified
INV-08893,PO-08893,2026-05-13,546021.84,Verified
INV-08894,PO-08894,2026-05-25,244103.94,Verified
INV-08895,PO-08895,2026-03-01,313551.03,Mismatch
INV-08896,PO-08896,2026-03-31,62701.32,Verified
INV-08897,PO-08897,2026-01-25,14453.94,Verified
INV-08898,PO-08898,2026-05-23,51720.84,Verified
INV-08899,PO-08899,2026-06-07,227550.72,Verified
INV-08900,PO-08900,2026-04-24,111942.81,Verified
INV-08901,PO-08901,2026-05-10,168726.45,Verified
INV-08902,PO-08902,2026-04-16,327707.28,Verified
INV-08903,PO-08903,2026-03-27,177826.66,Mismatch
INV-08904,PO-08904,2026-03-17,146863.05,Verified
INV-08905,PO-08905,2026-04-12,501778.8,Verified
INV-08906,PO-08906,2026-06-30,264883.5,Verified
INV-08907,PO-08907,2026-02-08,51636.96,Verified
INV-08908,PO-08908,2026-01-20,180741.4,Verified
INV-08909,PO-08909,2026-06-01,74707.88,Verified
INV-08910,PO-08910,2026-05-10,165428.28,Verified
INV-08911,PO-08911,2026-02-02,159070.85,Verified
INV-08912,PO-08912,2026-01-23,41281.08,Verified
INV-08913,PO-08913,2026-02-01,454964.91,Mismatch
INV-08914,PO-08914,2026-06-01,269644.82,Verified
INV-08915,PO-08915,2026-02-07,2499.2,Verified
INV-08916,PO-08916,2026-06-16,34631.9,Mismatch
INV-08917,PO-08917,2026-02-13,9512.7,Verified
INV-08918,PO-08918,2026-03-18,115547.62,Verified
INV-08919,PO-08919,2026-03-09,265830.88,Verified
INV-08920,PO-08920,2026-04-19,87193.3,Verified
INV-08921,PO-08921,2026-03-06,146974.7,Verified
INV-08922,PO-08922,2026-03-23,373222.18,Verified
INV-08923,PO-08923,2026-03-10,195270.25,Verified
INV-08924,PO-08924,2026-06-12,27770.05,Verified
INV-08925,PO-08925,2026-02-18,527731.04,Verified
INV-08926,PO-08926,2026-06-19,71649.1,Verified
INV-08927,PO-08927,2026-05-20,113309.52,Verified
INV-08928,PO-08928,2026-03-01,446396.0,Verified
INV-08929,PO-08929,2026-01-22,47801.57,Verified
INV-08930,PO-08930,2026-02-03,487902.87,Verified
INV-08931,PO-08931,2026-04-05,142682.87,Mismatch
INV-08932,PO-08932,2026-03-01,153089.44,Verified
INV-08933,PO-08933,2026-04-20,315813.12,Verified
INV-08934,PO-08934,2026-03-21,296891.76,Verified
INV-08935,PO-08935,2026-05-04,319148.0,Verified
INV-08936,PO-08936,2026-05-21,19034.94,Verified
INV-08937,PO-08937,2026-06-03,152628.96,Verified
INV-08938,PO-08938,2026-04-21,74658.64,Mismatch
INV-08939,PO-08939,2026-03-14,78232.81,Mismatch
INV-08940,PO-08940,2026-01-17,418111.5,Verified
INV-08941,PO-08941,2026-02-17,160833.05,Verified
INV-08942,PO-08942,2026-05-04,576506.4,Verified
INV-08943,PO-08943,2026-04-07,435951.84,Verified
INV-08944,PO-08944,2026-03-27,560022.4,Verified
INV-08945,PO-08945,2026-06-09,225785.5,Verified
INV-08946,PO-08946,2026-06-14,82145.28,Mismatch
INV-08947,PO-08947,2026-03-10,165266.18,Verified
INV-08948,PO-08948,2026-03-02,45899.52,Verified
INV-08949,PO-08949,2026-04-27,544594.83,Verified
INV-08950,PO-08950,2026-02-16,161861.48,Verified
INV-08951,PO-08951,2026-04-24,112905.33,Verified
INV-08952,PO-08952,2026-02-28,259536.65,Verified
INV-08953,PO-08953,2026-06-06,257665.27,Verified
INV-08954,PO-08954,2026-03-13,265567.54,Verified
INV-08955,PO-08955,2026-03-09,431750.63,Mismatch
INV-08956,PO-08956,2026-02-04,365325.24,Verified
INV-08957,PO-08957,2026-02-07,549717.61,Mismatch
INV-08958,PO-08958,2026-03-19,300893.32,Verified
INV-08959,PO-08959,2026-03-06,217176.58,Verified
INV-08960,PO-08960,2026-02-14,140567.28,Verified
INV-08961,PO-08961,2026-02-08,381849.99,Verified
INV-08962,PO-08962,2026-04-05,154587.69,Verified
INV-08963,PO-08963,2026-05-01,526308.12,Verified
INV-08964,PO-08964,2026-03-13,177644.88,Verified
INV-08965,PO-08965,2026-05-03,237387.49,Verified
INV-08966,PO-08966,2026-02-23,61110.5,Verified
INV-08967,PO-08967,2026-06-08,242502.6,Verified
INV-08968,PO-08968,2026-06-01,398856.96,Verified
INV-08969,PO-08969,2026-05-05,217390.94,Verified
INV-08970,PO-08970,2026-03-12,69769.48,Verified
INV-08971,PO-08971,2026-05-24,50271.0,Verified
INV-08972,PO-08972,2026-05-14,590328.0,Verified
INV-08973,PO-08973,2026-01-15,225810.66,Verified
INV-08974,PO-08974,2026-03-24,127441.72,Verified
INV-08975,PO-08975,2026-02-17,108069.66,Verified
INV-08976,PO-08976,2026-02-07,10320.27,Verified
INV-08977,PO-08977,2026-04-04,196126.42,Verified
INV-08978,PO-08978,2026-04-08,19779.96,Verified
INV-08979,PO-08979,2026-03-23,78705.25,Verified
INV-08980,PO-08980,2026-03-30,105931.25,Verified
INV-08981,PO-08981,2026-02-20,111016.08,Verified
INV-08982,PO-08982,2026-05-10,413783.68,Verified
INV-08983,PO-08983,2026-06-12,89048.8,Verified
INV-08984,PO-08984,2026-05-20,73688.16,Verified
INV-08985,PO-08985,2026-05-20,245208.06,Verified
INV-08986,PO-08986,2026-04-08,87309.37,Verified
INV-08987,PO-08987,2026-01-27,229568.99,Mismatch
INV-08988,PO-08988,2026-02-22,42533.01,Verified
INV-08989,PO-08989,2026-01-28,84054.18,Verified
INV-08990,PO-08990,2026-02-03,367833.9,Verified
INV-08991,PO-08991,2026-02-12,83090.28,Verified
INV-08992,PO-08992,2026-03-15,219655.91,Verified
INV-08993,PO-08993,2026-02-21,94667.76,Verified
INV-08994,PO-08994,2026-06-18,10941.56,Verified
INV-08995,PO-08995,2026-02-04,1980.9,Verified
INV-08996,PO-08996,2026-04-20,91956.1,Verified
INV-08997,PO-08997,2026-03-23,634157.04,Verified
INV-08998,PO-08998,2026-04-03,256598.16,Verified
INV-08999,PO-08999,2026-05-16,296542.34,Mismatch
INV-09000,PO-09000,2026-02-24,391130.25,Verified
INV-09001,PO-09001,2026-02-19,88932.96,Verified
INV-09002,PO-09002,2026-05-04,227563.56,Verified
INV-09003,PO-09003,2026-06-02,35070.8,Verified
INV-09004,PO-09004,2026-03-01,52721.9,Verified
INV-09005,PO-09005,2026-01-19,199747.07,Verified
INV-09006,PO-09006,2026-05-11,339503.64,Verified
INV-09007,PO-09007,2026-06-07,119546.82,Verified
INV-09008,PO-09008,2026-01-31,428540.16,Verified
INV-09009,PO-09009,2026-06-21,184127.97,Verified
INV-09010,PO-09010,2026-02-11,83192.88,Verified
INV-09011,PO-09011,2026-05-03,88056.76,Verified
INV-09012,PO-09012,2026-02-10,26783.76,Verified
INV-09013,PO-09013,2026-05-03,23306.58,Verified
INV-09014,PO-09014,2026-05-04,64041.28,Verified
INV-09015,PO-09015,2026-03-20,89138.36,Mismatch
INV-09016,PO-09016,2026-03-17,144069.19,Mismatch
INV-09017,PO-09017,2026-05-12,177673.76,Verified
INV-09018,PO-09018,2026-06-07,353313.9,Verified
INV-09019,PO-09019,2026-05-18,286205.64,Verified
INV-09020,PO-09020,2026-05-08,284504.5,Verified
INV-09021,PO-09021,2026-02-05,60542.5,Verified
INV-09022,PO-09022,2026-01-29,258251.36,Verified
INV-09023,PO-09023,2026-01-14,478356.35,Verified
INV-09024,PO-09024,2026-04-28,108404.55,Verified
INV-09025,PO-09025,2026-02-05,93470.6,Verified
INV-09026,PO-09026,2026-04-08,323881.92,Verified
INV-09027,PO-09027,2026-05-25,119546.82,Verified
INV-09028,PO-09028,2026-05-31,15054.84,Verified
INV-09029,PO-09029,2026-02-28,188152.2,Verified
INV-09030,PO-09030,2026-04-02,63080.64,Verified
INV-09031,PO-09031,2026-02-17,76544.72,Verified
INV-09032,PO-09032,2026-02-25,458566.5,Verified
INV-09033,PO-09033,2026-02-13,221897.81,Verified
INV-09034,PO-09034,2026-03-09,110222.56,Verified
INV-09035,PO-09035,2026-05-31,101054.88,Verified
INV-09036,PO-09036,2026-05-28,137072.18,Verified
INV-09037,PO-09037,2026-04-07,181646.6,Verified
INV-09038,PO-09038,2026-02-16,136110.79,Verified
INV-09039,PO-09039,2026-02-11,36842.67,Verified
INV-09040,PO-09040,2026-06-11,426714.42,Verified
INV-09041,PO-09041,2026-02-25,142762.05,Verified
INV-09042,PO-09042,2026-03-05,81367.98,Verified
INV-09043,PO-09043,2026-05-01,11248.43,Verified
INV-09044,PO-09044,2026-02-13,28277.29,Verified
INV-09045,PO-09045,2026-02-23,81019.2,Verified
INV-09046,PO-09046,2026-06-02,12007.74,Verified
INV-09047,PO-09047,2026-03-19,170663.04,Verified
INV-09048,PO-09048,2026-05-05,114935.2,Verified
INV-09049,PO-09049,2026-05-07,46404.0,Verified
INV-09050,PO-09050,2026-03-25,270189.92,Verified
INV-09051,PO-09051,2026-05-01,219510.9,Verified
INV-09052,PO-09052,2026-04-14,16639.56,Verified
INV-09053,PO-09053,2026-06-05,415476.0,Verified
INV-09054,PO-09054,2026-02-12,215796.0,Verified
INV-09055,PO-09055,2026-03-26,216604.56,Verified
INV-09056,PO-09056,2026-04-25,98089.04,Verified
INV-09057,PO-09057,2026-01-19,95680.42,Verified
INV-09058,PO-09058,2026-03-24,167552.7,Verified
INV-09059,PO-09059,2026-02-06,205670.79,Verified
INV-09060,PO-09060,2026-01-30,64804.8,Verified
INV-09061,PO-09061,2026-03-26,86614.55,Verified
INV-09062,PO-09062,2026-05-14,53126.0,Verified
INV-09063,PO-09063,2026-04-14,426463.44,Verified
INV-09064,PO-09064,2026-03-22,16846.38,Verified
INV-09065,PO-09065,2026-04-02,48456.48,Verified
INV-09066,PO-09066,2026-03-03,187747.36,Verified
INV-09067,PO-09067,2026-04-26,84098.0,Verified
INV-09068,PO-09068,2026-03-22,159789.0,Verified
INV-09069,PO-09069,2026-02-03,236677.48,Verified
INV-09070,PO-09070,2026-05-21,351486.45,Verified
INV-09071,PO-09071,2026-05-11,160680.26,Verified
INV-09072,PO-09072,2026-03-25,352739.28,Verified
INV-09073,PO-09073,2026-02-01,169964.28,Verified
INV-09074,PO-09074,2026-04-11,185764.86,Verified
INV-09075,PO-09075,2026-03-05,454091.88,Verified
INV-09076,PO-09076,2026-05-27,3083.78,Verified
INV-09077,PO-09077,2026-06-25,84596.36,Verified
INV-09078,PO-09078,2026-05-06,480263.6,Verified
INV-09079,PO-09079,2026-03-31,8150.4,Verified
INV-09080,PO-09080,2026-02-22,132133.2,Mismatch
INV-09081,PO-09081,2026-01-25,64880.98,Verified
INV-09082,PO-09082,2026-02-16,295164.0,Verified
INV-09083,PO-09083,2026-05-23,336046.21,Verified
INV-09084,PO-09084,2026-02-17,7199.43,Mismatch
INV-09085,PO-09085,2026-06-04,15068.0,Verified
INV-09086,PO-09086,2026-04-18,423762.0,Verified
INV-09087,PO-09087,2026-03-31,13937.05,Verified
INV-09088,PO-09088,2026-03-04,73791.0,Verified
INV-09089,PO-09089,2026-05-13,144652.8,Verified
INV-09090,PO-09090,2026-04-19,132815.0,Verified
INV-09091,PO-09091,2026-05-06,159651.57,Verified
INV-09092,PO-09092,2026-03-21,38628.86,Mismatch
INV-09093,PO-09093,2026-03-22,104311.09,Mismatch
INV-09094,PO-09094,2026-06-11,295243.92,Verified
INV-09095,PO-09095,2026-03-17,517427.78,Verified
INV-09096,PO-09096,2026-01-19,240976.08,Verified
INV-09097,PO-09097,2026-06-03,704156.46,Verified
INV-09098,PO-09098,2026-05-12,219471.7,Verified
INV-09099,PO-09099,2026-02-24,163552.08,Verified
INV-09100,PO-09100,2026-05-31,64333.22,Verified
INV-09101,PO-09101,2026-02-15,172678.74,Verified
INV-09102,PO-09102,2026-03-03,90515.18,Verified
INV-09103,PO-09103,2026-06-04,77756.14,Verified
INV-09104,PO-09104,2026-05-16,190859.76,Verified
INV-09105,PO-09105,2026-06-22,95462.82,Verified
INV-09106,PO-09106,2026-04-26,254883.44,Verified
INV-09107,PO-09107,2026-05-08,41281.08,Verified
INV-09108,PO-09108,2026-02-08,74785.68,Verified
INV-09109,PO-09109,2026-02-27,73000.98,Verified
INV-09110,PO-09110,2026-03-08,174685.51,Verified
INV-09111,PO-09111,2026-03-10,75061.98,Verified
INV-09112,PO-09112,2026-02-02,29429.36,Verified
INV-09113,PO-09113,2026-02-12,257595.12,Verified
INV-09114,PO-09114,2026-03-21,81529.52,Mismatch
INV-09115,PO-09115,2026-05-22,331491.18,Verified
INV-09116,PO-09116,2026-03-19,240204.84,Verified
INV-09117,PO-09117,2026-04-26,42644.88,Verified
INV-09118,PO-09118,2026-02-17,135048.86,Verified
INV-09119,PO-09119,2026-05-31,91966.75,Verified
INV-09120,PO-09120,2026-03-17,28304.5,Verified
INV-09121,PO-09121,2026-05-17,390237.4,Verified
INV-09122,PO-09122,2026-05-11,146229.59,Verified
INV-09123,PO-09123,2026-05-24,126188.31,Verified
INV-09124,PO-09124,2026-02-01,226153.72,Verified
INV-09125,PO-09125,2026-05-30,617293.74,Verified
INV-09126,PO-09126,2026-02-23,271775.4,Verified
INV-09127,PO-09127,2026-02-23,103867.06,Verified
INV-09128,PO-09128,2026-05-12,482817.76,Verified
INV-09129,PO-09129,2026-05-07,287885.4,Verified
INV-09130,PO-09130,2026-01-16,134872.5,Verified
INV-09131,PO-09131,2026-06-01,186399.5,Verified
INV-09132,PO-09132,2026-05-12,71718.0,Verified
INV-09133,PO-09133,2026-04-23,240976.08,Verified
INV-09134,PO-09134,2026-04-23,134872.5,Verified
INV-09135,PO-09135,2026-05-20,166037.25,Verified
INV-09136,PO-09136,2026-04-30,337580.0,Verified
INV-09137,PO-09137,2026-03-11,330334.2,Verified
INV-09138,PO-09138,2026-04-10,134556.8,Verified
INV-09139,PO-09139,2026-03-30,134981.16,Verified
INV-09140,PO-09140,2026-07-05,53949.0,Verified
INV-09141,PO-09141,2026-04-23,306891.04,Verified
INV-09142,PO-09142,2026-02-01,249981.76,Verified
INV-09143,PO-09143,2026-04-29,360316.5,Verified
INV-09144,PO-09144,2026-04-15,67516.0,Verified
INV-09145,PO-09145,2026-06-11,170132.04,Verified
INV-09146,PO-09146,2026-05-04,67475.4,Verified
INV-09147,PO-09147,2026-04-21,112162.5,Verified
INV-09148,PO-09148,2026-03-01,1933.5,Verified
INV-09149,PO-09149,2026-04-10,192602.76,Mismatch
INV-09150,PO-09150,2026-01-26,303164.64,Verified
INV-09151,PO-09151,2026-04-04,187514.04,Verified
INV-09152,PO-09152,2026-06-16,111782.56,Mismatch
INV-09153,PO-09153,2026-03-01,139909.88,Verified
INV-09154,PO-09154,2026-04-01,10300.68,Verified
INV-09155,PO-09155,2026-05-01,272146.49,Verified
INV-09156,PO-09156,2026-06-11,48456.85,Verified
INV-09157,PO-09157,2026-03-06,153517.0,Verified
INV-09158,PO-09158,2026-05-10,390540.19,Verified
INV-09159,PO-09159,2026-02-02,393695.05,Verified
INV-09160,PO-09160,2026-05-02,472860.28,Mismatch
INV-09161,PO-09161,2026-02-23,303416.64,Verified
INV-09162,PO-09162,2026-03-23,446847.04,Verified
INV-09163,PO-09163,2026-02-06,53905.3,Verified
INV-09164,PO-09164,2026-03-12,423637.37,Mismatch
INV-09165,PO-09165,2026-06-24,252863.52,Verified
INV-09166,PO-09166,2026-05-06,349070.85,Verified
INV-09167,PO-09167,2026-04-08,516502.72,Verified
INV-09168,PO-09168,2026-02-20,36163.2,Verified
INV-09169,PO-09169,2026-06-27,218702.68,Verified
INV-09170,PO-09170,2026-02-03,170579.52,Verified
INV-09171,PO-09171,2026-02-26,460811.01,Verified
INV-09172,PO-09172,2026-02-27,183937.72,Verified
INV-09173,PO-09173,2026-04-09,57880.21,Verified
INV-09174,PO-09174,2026-05-06,48456.85,Verified
INV-09175,PO-09175,2026-05-16,607744.78,Verified
INV-09176,PO-09176,2026-02-09,257483.73,Verified
INV-09177,PO-09177,2026-04-25,217455.5,Verified
INV-09178,PO-09178,2026-02-18,23643.15,Verified
INV-09179,PO-09179,2026-01-16,95140.2,Verified
INV-09180,PO-09180,2026-04-02,293630.4,Verified
INV-09181,PO-09181,2026-01-09,49123.56,Verified
INV-09182,PO-09182,2026-01-23,10941.56,Verified
INV-09183,PO-09183,2026-04-01,193761.49,Verified
INV-09184,PO-09184,2026-04-10,263986.42,Verified
INV-09185,PO-09185,2026-02-08,202965.76,Verified
INV-09186,PO-09186,2026-04-28,53525.1,Mismatch
INV-09187,PO-09187,2026-03-28,36329.32,Verified
INV-09188,PO-09188,2026-06-16,36163.2,Verified
INV-09189,PO-09189,2026-05-14,41860.75,Verified
INV-09190,PO-09190,2026-04-11,222231.1,Verified
INV-09191,PO-09191,2026-05-08,321171.31,Verified
INV-09192,PO-09192,2026-06-07,122808.9,Verified
INV-09193,PO-09193,2026-05-15,129217.28,Verified
INV-09194,PO-09194,2026-02-23,56887.68,Verified
INV-09195,PO-09195,2026-05-21,169630.48,Verified
INV-09196,PO-09196,2026-02-20,227714.41,Verified
INV-09197,PO-09197,2026-04-01,8447.6,Mismatch
INV-09198,PO-09198,2026-04-26,589192.14,Verified
INV-09199,PO-09199,2026-05-31,54594.22,Verified
INV-09200,PO-09200,2026-01-12,641199.3,Verified
INV-09201,PO-09201,2026-03-22,80340.13,Verified
INV-09202,PO-09202,2026-04-22,178963.68,Verified
INV-09203,PO-09203,2026-02-24,173964.4,Verified
INV-09204,PO-09204,2026-06-10,222393.76,Verified
INV-09205,PO-09205,2026-02-08,28687.2,Verified
INV-09206,PO-09206,2026-02-12,14758.2,Verified
INV-09207,PO-09207,2026-02-09,261322.5,Verified
INV-09208,PO-09208,2026-05-30,257898.69,Verified
INV-09209,PO-09209,2026-03-18,43739.84,Verified
INV-09210,PO-09210,2026-01-22,226619.04,Verified
INV-09211,PO-09211,2026-01-23,7641.0,Verified
INV-09212,PO-09212,2026-05-11,33488.6,Verified
INV-09213,PO-09213,2026-02-10,85614.3,Verified
INV-09214,PO-09214,2026-03-25,279279.4,Verified
INV-09215,PO-09215,2026-01-17,446792.46,Verified
INV-09216,PO-09216,2026-06-14,132744.78,Verified
INV-09217,PO-09217,2026-05-14,574022.96,Verified
INV-09218,PO-09218,2026-02-03,474877.13,Verified
INV-09219,PO-09219,2026-04-14,79082.85,Verified
INV-09220,PO-09220,2026-04-21,512515.5,Verified
INV-09221,PO-09221,2026-03-23,115048.08,Verified
INV-09222,PO-09222,2026-06-30,98247.12,Verified
INV-09223,PO-09223,2026-03-28,538959.36,Verified
INV-09224,PO-09224,2026-03-07,108069.66,Verified
INV-09225,PO-09225,2026-06-30,404635.56,Verified
INV-09226,PO-09226,2026-03-16,15933.54,Verified
INV-09227,PO-09227,2026-02-02,205204.32,Verified
INV-09228,PO-09228,2026-02-09,12614.7,Verified
INV-09229,PO-09229,2026-05-31,179300.25,Verified
INV-09230,PO-09230,2026-04-16,47212.3,Verified
INV-09231,PO-09231,2026-03-18,60988.21,Verified
INV-09232,PO-09232,2026-05-07,311355.36,Verified
INV-09233,PO-09233,2026-01-20,510342.3,Verified
INV-09234,PO-09234,2026-02-08,88822.44,Verified
INV-09235,PO-09235,2026-02-25,364367.16,Verified
INV-09236,PO-09236,2026-04-14,247036.0,Verified
INV-09237,PO-09237,2026-02-01,70297.29,Verified
INV-09238,PO-09238,2026-04-14,31957.8,Verified
INV-09239,PO-09239,2026-06-01,113065.12,Verified
INV-09240,PO-09240,2026-03-23,404955.13,Verified
INV-09241,PO-09241,2026-03-24,380707.59,Verified
INV-09242,PO-09242,2026-03-15,6282.6,Verified
INV-09243,PO-09243,2026-04-13,257595.12,Verified
INV-09244,PO-09244,2026-03-13,328048.8,Verified
INV-09245,PO-09245,2026-04-11,114935.2,Verified
INV-09246,PO-09246,2026-05-12,195956.58,Verified
INV-09247,PO-09247,2026-04-16,53131.92,Verified
INV-09248,PO-09248,2026-05-07,282523.68,Verified
INV-09249,PO-09249,2026-06-11,43806.0,Verified
INV-09250,PO-09250,2026-05-18,154804.05,Verified
INV-09251,PO-09251,2026-03-12,3867.0,Verified
INV-09252,PO-09252,2026-02-02,7190.39,Mismatch
INV-09253,PO-09253,2026-02-09,43739.84,Verified
INV-09254,PO-09254,2026-03-05,123557.6,Verified
INV-09255,PO-09255,2026-03-10,59576.16,Verified
INV-09256,PO-09256,2026-05-17,162399.65,Verified
INV-09257,PO-09257,2026-03-30,583783.62,Verified
INV-09258,PO-09258,2026-04-11,59444.54,Verified
INV-09259,PO-09259,2026-01-25,562685.1,Verified
INV-09260,PO-09260,2026-02-07,4173.07,Verified
INV-09261,PO-09261,2026-03-03,32415.43,Verified
INV-09262,PO-09262,2026-06-05,97044.0,Verified
INV-09263,PO-09263,2026-03-09,251222.18,Mismatch
INV-09264,PO-09264,2026-04-15,50028.03,Verified
INV-09265,PO-09265,2026-04-23,392420.0,Verified
INV-09266,PO-09266,2026-06-07,32638.19,Mismatch
INV-09267,PO-09267,2026-02-11,12614.7,Verified
INV-09268,PO-09268,2026-03-30,556021.82,Verified
INV-09269,PO-09269,2026-02-09,1517.48,Verified
INV-09270,PO-09270,2026-04-10,191330.36,Verified
INV-09271,PO-09271,2026-01-27,108023.76,Verified
INV-09272,PO-09272,2026-03-08,65429.42,Verified
INV-09273,PO-09273,2026-05-22,691732.84,Verified
INV-09274,PO-09274,2026-02-08,84314.65,Verified
INV-09275,PO-09275,2026-03-03,198200.52,Verified
INV-09276,PO-09276,2026-01-21,551173.07,Verified
INV-09277,PO-09277,2026-03-19,21268.5,Verified
INV-09278,PO-09278,2026-03-11,39242.0,Verified
INV-09279,PO-09279,2026-02-15,74174.85,Verified
INV-09280,PO-09280,2026-03-21,54236.32,Mismatch
INV-09281,PO-09281,2026-02-20,89987.44,Verified
INV-09282,PO-09282,2026-02-16,46404.0,Verified
INV-09283,PO-09283,2026-05-07,545630.85,Verified
INV-09284,PO-09284,2026-04-28,84092.72,Mismatch
INV-09285,PO-09285,2026-01-18,26157.99,Verified
INV-09286,PO-09286,2026-03-20,28001.12,Verified
INV-09287,PO-09287,2026-01-25,310206.75,Verified
INV-09288,PO-09288,2026-03-25,560022.4,Verified
INV-09289,PO-09289,2026-05-23,155374.1,Verified
INV-09290,PO-09290,2026-04-27,132432.12,Verified
INV-09291,PO-09291,2026-03-08,445985.6,Verified
INV-09292,PO-09292,2026-04-17,142011.1,Verified
INV-09293,PO-09293,2026-05-02,146861.28,Verified
INV-09294,PO-09294,2026-03-02,73685.34,Verified
INV-09295,PO-09295,2026-04-08,264049.24,Verified
INV-09296,PO-09296,2026-02-03,39476.64,Verified
INV-09297,PO-09297,2026-06-07,146868.15,Verified
INV-09298,PO-09298,2026-03-22,306178.88,Verified
INV-09299,PO-09299,2026-04-03,287410.8,Verified
INV-09300,PO-09300,2026-05-05,31167.08,Verified
INV-09301,PO-09301,2026-04-03,28035.84,Verified
INV-09302,PO-09302,2026-04-30,482188.29,Mismatch
INV-09303,PO-09303,2026-01-15,390459.81,Verified
INV-09304,PO-09304,2026-03-16,1867.8,Verified
INV-09305,PO-09305,2026-05-24,134872.5,Verified
INV-09306,PO-09306,2026-06-06,186941.2,Verified
INV-09307,PO-09307,2026-03-04,317078.52,Verified
INV-09308,PO-09308,2026-06-29,45592.04,Verified
INV-09309,PO-09309,2026-02-06,362799.57,Verified
INV-09310,PO-09310,2026-06-16,38882.88,Verified
INV-09311,PO-09311,2026-03-08,205342.16,Verified
INV-09312,PO-09312,2026-04-16,362906.88,Verified
INV-09313,PO-09313,2026-06-13,417787.18,Verified
INV-09314,PO-09314,2026-03-09,42001.68,Verified
INV-09315,PO-09315,2026-04-18,21984.62,Mismatch
INV-09316,PO-09316,2026-05-17,247961.88,Verified
INV-09317,PO-09317,2026-03-21,13785.69,Verified
INV-09318,PO-09318,2026-05-21,480006.18,Verified
INV-09319,PO-09319,2026-02-07,449132.8,Verified
INV-09320,PO-09320,2026-02-02,27551.32,Verified
INV-09321,PO-09321,2026-03-07,13561.33,Verified
INV-09322,PO-09322,2026-05-23,361999.4,Verified
INV-09323,PO-09323,2026-04-20,130038.88,Mismatch
INV-09324,PO-09324,2026-04-12,51869.44,Verified
INV-09325,PO-09325,2026-01-25,190728.93,Verified
INV-09326,PO-09326,2026-02-03,88932.96,Verified
INV-09327,PO-09327,2026-05-25,348077.92,Verified
INV-09328,PO-09328,2026-03-14,123189.92,Verified
INV-09329,PO-09329,2026-03-22,382723.6,Verified
INV-09330,PO-09330,2026-05-24,181240.74,Verified
INV-09331,PO-09331,2026-06-14,128753.45,Verified
INV-09332,PO-09332,2026-03-19,274997.25,Verified
INV-09333,PO-09333,2026-06-19,79450.01,Verified
INV-09334,PO-09334,2026-05-28,222160.4,Verified
INV-09335,PO-09335,2026-06-16,208460.25,Verified
INV-09336,PO-09336,2026-04-14,77455.44,Verified
INV-09337,PO-09337,2026-03-15,137698.56,Verified
INV-09338,PO-09338,2026-06-02,103723.1,Verified
INV-09339,PO-09339,2026-03-19,24217.0,Verified
INV-09340,PO-09340,2026-06-25,582006.24,Verified
INV-09341,PO-09341,2026-05-27,69685.25,Verified
INV-09342,PO-09342,2026-05-20,171003.6,Verified
INV-09343,PO-09343,2026-05-13,156947.94,Verified
INV-09344,PO-09344,2026-02-18,43361.82,Verified
INV-09345,PO-09345,2026-02-18,155642.76,Verified
INV-09346,PO-09346,2026-06-10,48768.24,Verified
INV-09347,PO-09347,2026-02-18,9691.37,Verified
INV-09348,PO-09348,2026-07-02,12783.12,Verified
INV-09349,PO-09349,2026-06-12,360853.68,Verified
INV-09350,PO-09350,2026-05-30,95744.4,Verified
INV-09351,PO-09351,2026-05-14,28056.64,Verified
INV-09352,PO-09352,2026-02-19,154226.49,Verified
INV-09353,PO-09353,2026-06-03,13963.97,Verified
INV-09354,PO-09354,2026-02-15,266530.5,Verified
INV-09355,PO-09355,2026-06-19,330986.94,Mismatch
INV-09356,PO-09356,2026-04-28,9040.8,Verified
INV-09357,PO-09357,2026-03-02,165667.27,Verified
INV-09358,PO-09358,2026-06-21,67806.65,Verified
INV-09359,PO-09359,2026-06-18,18829.25,Verified
INV-09360,PO-09360,2026-05-20,537944.19,Verified
INV-09361,PO-09361,2026-03-15,484170.9,Verified
INV-09362,PO-09362,2026-05-20,375879.03,Verified
INV-09363,PO-09363,2026-02-28,18620.46,Verified
INV-09364,PO-09364,2026-03-04,158567.0,Verified
INV-09365,PO-09365,2026-06-08,458687.13,Verified
INV-09366,PO-09366,2026-03-05,440924.1,Verified
INV-09367,PO-09367,2026-05-02,25135.5,Verified
INV-09368,PO-09368,2026-05-17,3226.2,Verified
INV-09369,PO-09369,2026-05-21,94424.6,Verified
INV-09370,PO-09370,2026-03-06,69754.64,Verified
INV-09371,PO-09371,2026-03-30,323694.0,Verified
INV-09372,PO-09372,2026-01-24,148021.44,Verified
INV-09373,PO-09373,2026-02-23,6167.56,Verified
INV-09374,PO-09374,2026-02-14,135089.79,Verified
INV-09375,PO-09375,2026-05-23,247339.7,Verified
INV-09376,PO-09376,2026-02-04,35711.68,Verified
INV-09377,PO-09377,2026-06-10,71539.5,Verified
INV-09378,PO-09378,2026-04-03,6027.2,Verified
INV-09379,PO-09379,2026-03-19,161496.72,Verified
INV-09380,PO-09380,2026-05-07,151382.96,Verified
INV-09381,PO-09381,2026-01-28,514201.95,Verified
INV-09382,PO-09382,2026-03-26,271275.8,Verified
INV-09383,PO-09383,2026-02-22,267776.93,Mismatch
INV-09384,PO-09384,2026-05-11,38730.3,Verified
INV-09385,PO-09385,2026-05-16,95429.88,Verified
INV-09386,PO-09386,2026-01-21,13963.97,Verified
INV-09387,PO-09387,2026-01-17,1341.16,Mismatch
INV-09388,PO-09388,2026-01-26,80870.0,Verified
INV-09389,PO-09389,2026-02-09,3013.6,Verified
INV-09390,PO-09390,2026-02-24,10521.24,Verified
INV-09391,PO-09391,2026-06-05,449832.06,Mismatch
INV-09392,PO-09392,2026-05-27,193928.25,Verified
INV-09393,PO-09393,2026-03-20,142851.15,Verified
INV-09394,PO-09394,2026-03-14,130006.9,Verified
INV-09395,PO-09395,2026-06-04,98814.4,Verified
INV-09396,PO-09396,2026-04-20,271275.8,Verified
INV-09397,PO-09397,2026-05-17,12967.36,Verified
INV-09398,PO-09398,2026-03-22,14036.69,Verified
INV-09399,PO-09399,2026-02-27,126223.68,Verified
INV-09400,PO-09400,2026-03-27,348188.88,Verified
INV-09401,PO-09401,2026-03-16,339438.6,Verified
INV-09402,PO-09402,2026-02-17,273374.0,Verified
INV-09403,PO-09403,2026-05-16,216981.28,Verified
INV-09404,PO-09404,2026-05-16,55586.7,Verified
INV-09405,PO-09405,2026-06-10,8904.88,Verified
INV-09406,PO-09406,2026-03-13,162399.65,Verified
INV-09407,PO-09407,2026-03-29,412096.16,Verified
INV-09408,PO-09408,2026-06-25,94410.75,Verified
INV-09409,PO-09409,2026-04-04,248224.25,Verified
INV-09410,PO-09410,2026-01-28,4931.81,Verified
INV-09411,PO-09411,2026-02-22,251975.62,Verified
INV-09412,PO-09412,2026-05-21,209055.75,Verified
INV-09413,PO-09413,2026-03-26,339.6,Verified
INV-09414,PO-09414,2026-04-23,123727.11,Verified
INV-09415,PO-09415,2026-02-02,199504.2,Verified
INV-09416,PO-09416,2026-03-31,89703.37,Verified
INV-09417,PO-09417,2026-03-10,456249.32,Verified
INV-09418,PO-09418,2026-03-25,27053.15,Mismatch
INV-09419,PO-09419,2026-03-08,119324.79,Verified
INV-09420,PO-09420,2026-05-24,272441.25,Verified
INV-09421,PO-09421,2026-04-24,575461.38,Verified
INV-09422,PO-09422,2026-02-17,323881.92,Verified
INV-09423,PO-09423,2026-05-04,446847.04,Verified
INV-09424,PO-09424,2026-03-31,74101.56,Verified
INV-09425,PO-09425,2026-04-26,41793.82,Verified
INV-09426,PO-09426,2026-01-14,44478.5,Verified
INV-09427,PO-09427,2026-01-27,359306.24,Verified
INV-09428,PO-09428,2026-06-14,207446.2,Verified
INV-09429,PO-09429,2026-05-27,620570.4,Verified
INV-09430,PO-09430,2026-01-23,85614.3,Verified
INV-09431,PO-09431,2026-01-24,55266.12,Verified
INV-09432,PO-09432,2026-04-25,36786.7,Verified
INV-09433,PO-09433,2026-05-04,680970.15,Verified
INV-09434,PO-09434,2026-03-12,233082.88,Mismatch
INV-09435,PO-09435,2026-04-27,661386.15,Verified
INV-09436,PO-09436,2026-04-01,3083.78,Verified
INV-09437,PO-09437,2026-06-06,244299.18,Verified
INV-09438,PO-09438,2026-02-03,341326.08,Verified
INV-09439,PO-09439,2026-02-15,518925.6,Verified
INV-09440,PO-09440,2026-05-31,458719.99,Mismatch
INV-09441,PO-09441,2026-05-12,59339.88,Verified
INV-09442,PO-09442,2026-01-31,91404.72,Verified
INV-09443,PO-09443,2026-03-10,98144.13,Verified
INV-09444,PO-09444,2026-03-13,28041.18,Verified
INV-09445,PO-09445,2026-02-24,159789.0,Verified
INV-09446,PO-09446,2026-03-12,75539.68,Verified
INV-09447,PO-09447,2026-05-12,107932.3,Verified
INV-09448,PO-09448,2026-03-09,103445.92,Verified
INV-09449,PO-09449,2026-04-24,599293.15,Verified
INV-09450,PO-09450,2026-04-28,516404.0,Verified
INV-09451,PO-09451,2026-04-03,280257.8,Mismatch
INV-09452,PO-09452,2026-01-23,8965.97,Verified
INV-09453,PO-09453,2026-05-13,145647.68,Verified
INV-09454,PO-09454,2026-02-09,225166.27,Verified
INV-09455,PO-09455,2026-03-07,647579.68,Verified
INV-09456,PO-09456,2026-04-14,440924.1,Verified
INV-09457,PO-09457,2026-04-13,12280.89,Verified
INV-09458,PO-09458,2026-06-03,294752.64,Verified
INV-09459,PO-09459,2026-01-21,36500.49,Verified
INV-09460,PO-09460,2026-01-27,94465.56,Verified
INV-09461,PO-09461,2026-02-23,293243.37,Verified
INV-09462,PO-09462,2026-05-26,187472.26,Mismatch
INV-09463,PO-09463,2026-02-25,62537.39,Verified
INV-09464,PO-09464,2026-05-11,492979.32,Verified
INV-09465,PO-09465,2026-02-08,163464.75,Verified
INV-09466,PO-09466,2026-03-17,367436.75,Verified
INV-09467,PO-09467,2026-02-14,74586.72,Verified
INV-09468,PO-09468,2026-06-04,42084.96,Verified
INV-09469,PO-09469,2026-06-10,17071.65,Verified
INV-09470,PO-09470,2026-05-04,355398.6,Verified
INV-09471,PO-09471,2026-05-11,500220.27,Mismatch
INV-09472,PO-09472,2026-05-29,264918.96,Verified
INV-09473,PO-09473,2026-02-10,466138.2,Verified
INV-09474,PO-09474,2026-04-21,135032.0,Verified
INV-09475,PO-09475,2026-04-25,126434.98,Verified
INV-09476,PO-09476,2026-05-29,149107.03,Verified
INV-09477,PO-09477,2026-05-27,145934.54,Verified
INV-09478,PO-09478,2026-04-18,3358.3,Verified
INV-09479,PO-09479,2026-05-18,17451.02,Verified
INV-09480,PO-09480,2026-05-06,501769.21,Verified
INV-09481,PO-09481,2026-03-20,51297.61,Mismatch
INV-09482,PO-09482,2026-03-18,172174.31,Verified
INV-09483,PO-09483,2026-02-20,220222.8,Verified
INV-09484,PO-09484,2026-04-26,616024.64,Verified
INV-09485,PO-09485,2026-06-04,42115.95,Verified
INV-09486,PO-09486,2026-04-21,389189.08,Verified
INV-09487,PO-09487,2026-02-20,528185.18,Verified
INV-09488,PO-09488,2026-04-29,28552.41,Verified
INV-09489,PO-09489,2026-03-24,167567.64,Verified
INV-09490,PO-09490,2026-01-27,536513.7,Verified
INV-09491,PO-09491,2026-01-10,367833.9,Verified
INV-09492,PO-09492,2026-04-23,125987.81,Verified
INV-09493,PO-09493,2026-04-28,317113.84,Verified
INV-09494,PO-09494,2026-04-17,307207.34,Verified
INV-09495,PO-09495,2026-02-25,3592.6,Verified
INV-09496,PO-09496,2026-02-24,11117.34,Verified
INV-09497,PO-09497,2026-02-17,95393.1,Verified
INV-09498,PO-09498,2026-04-17,376304.4,Verified
INV-09499,PO-09499,2026-02-17,5277.43,Mismatch
INV-09500,PO-09500,2026-05-17,244771.75,Verified
INV-09501,PO-09501,2026-04-03,46929.9,Verified
INV-09502,PO-09502,2026-03-19,165749.01,Mismatch
INV-09503,PO-09503,2026-04-28,351062.8,Verified
INV-09504,PO-09504,2026-05-22,305572.98,Mismatch
INV-09505,PO-09505,2026-06-17,307034.0,Verified
INV-09506,PO-09506,2026-06-12,177728.32,Verified
INV-09507,PO-09507,2026-03-14,155835.4,Verified
INV-09508,PO-09508,2026-06-04,13073.94,Verified
INV-09509,PO-09509,2026-05-25,654808.01,Mismatch
INV-09510,PO-09510,2026-04-11,124642.8,Verified
INV-09511,PO-09511,2026-05-03,560022.4,Verified
INV-09512,PO-09512,2026-04-22,69585.76,Verified
INV-09513,PO-09513,2026-03-24,196414.24,Verified
INV-09514,PO-09514,2026-02-18,555984.4,Verified
INV-09515,PO-09515,2026-02-21,263986.42,Verified
INV-09516,PO-09516,2026-04-18,348437.04,Verified
INV-09517,PO-09517,2026-03-17,75766.13,Verified
INV-09518,PO-09518,2026-03-23,60542.5,Verified
INV-09519,PO-09519,2026-06-13,257007.24,Verified
INV-09520,PO-09520,2026-06-18,123518.0,Verified
INV-09521,PO-09521,2026-04-20,191454.92,Verified
INV-09522,PO-09522,2026-06-21,55850.9,Verified
INV-09523,PO-09523,2026-03-07,88294.5,Verified
INV-09524,PO-09524,2026-05-23,75317.0,Verified
INV-09525,PO-09525,2026-03-03,40071.96,Verified
INV-09526,PO-09526,2026-04-13,23936.1,Verified
INV-09527,PO-09527,2026-04-02,11228.32,Verified
INV-09528,PO-09528,2026-05-23,49052.5,Verified
INV-09529,PO-09529,2026-02-23,13277.95,Verified
INV-09530,PO-09530,2026-05-07,392420.0,Verified
INV-09531,PO-09531,2026-02-27,280405.8,Verified
INV-09532,PO-09532,2026-05-04,704156.46,Verified
INV-09533,PO-09533,2026-04-14,34135.5,Mismatch
INV-09534,PO-09534,2026-04-12,28966.98,Verified
INV-09535,PO-09535,2026-03-14,634157.04,Verified
INV-09536,PO-09536,2026-02-06,98247.12,Verified
INV-09537,PO-09537,2026-01-26,17209.22,Verified
INV-09538,PO-09538,2026-05-20,163043.76,Verified
INV-09539,PO-09539,2026-02-05,402375.12,Verified
INV-09540,PO-09540,2026-04-23,633900.75,Verified
INV-09541,PO-09541,2026-05-25,449937.2,Verified
INV-09542,PO-09542,2026-05-16,135513.67,Mismatch
INV-09543,PO-09543,2026-02-22,520078.01,Mismatch
INV-09544,PO-09544,2026-03-26,311562.5,Verified
INV-09545,PO-09545,2026-04-16,111037.15,Verified
INV-09546,PO-09546,2026-03-01,283935.23,Verified
INV-09547,PO-09547,2026-06-21,33692.76,Verified
INV-09548,PO-09548,2026-05-02,348701.33,Verified
INV-09549,PO-09549,2026-04-16,293330.4,Verified
INV-09550,PO-09550,2026-04-26,596698.52,Verified
INV-09551,PO-09551,2026-05-14,6828.66,Verified
INV-09552,PO-09552,2026-02-27,315652.68,Verified
INV-09553,PO-09553,2026-04-30,216604.56,Verified
INV-09554,PO-09554,2026-03-25,27006.4,Verified
INV-09555,PO-09555,2026-04-07,174685.51,Verified
INV-09556,PO-09556,2026-05-14,85066.02,Verified
INV-09557,PO-09557,2026-04-25,190280.4,Verified
INV-09558,PO-09558,2026-05-24,244299.18,Verified
INV-09559,PO-09559,2026-03-19,25269.57,Verified
INV-09560,PO-09560,2026-06-22,27551.32,Verified
INV-09561,PO-09561,2026-02-28,165697.4,Verified
INV-09562,PO-09562,2026-02-13,164740.28,Verified
INV-09563,PO-09563,2026-04-25,17024.34,Mismatch
INV-09564,PO-09564,2026-04-10,53949.0,Verified
INV-09565,PO-09565,2026-06-16,170502.26,Mismatch
INV-09566,PO-09566,2026-02-22,165124.32,Verified
INV-09567,PO-09567,2026-03-25,77234.29,Verified
INV-09568,PO-09568,2026-06-02,37005.36,Verified
INV-09569,PO-09569,2026-04-05,120464.54,Verified
INV-09570,PO-09570,2026-04-28,230542.61,Verified
INV-09571,PO-09571,2026-05-12,54347.92,Verified
INV-09572,PO-09572,2026-02-21,437468.08,Verified
INV-09573,PO-09573,2026-05-21,455621.57,Verified
INV-09574,PO-09574,2026-02-21,10521.24,Verified
INV-09575,PO-09575,2026-04-04,74804.75,Verified
INV-09576,PO-09576,2026-02-25,222346.8,Verified
INV-09577,PO-09577,2026-06-03,242770.5,Verified
INV-09578,PO-09578,2026-02-28,426714.42,Verified
INV-09579,PO-09579,2026-02-22,36844.08,Verified
INV-09580,PO-09580,2026-06-16,114099.86,Verified
INV-09581,PO-09581,2026-03-16,211113.09,Verified
INV-09582,PO-09582,2026-03-20,297356.65,Verified
INV-09583,PO-09583,2026-04-24,42236.91,Verified
INV-09584,PO-09584,2026-03-18,212665.05,Verified
INV-09585,PO-09585,2026-05-12,103586.57,Verified
INV-09586,PO-09586,2026-05-24,350014.0,Verified
INV-09587,PO-09587,2026-05-27,77098.56,Verified
INV-09588,PO-09588,2026-05-22,98814.4,Verified
INV-09589,PO-09589,2026-01-30,124990.88,Verified
INV-09590,PO-09590,2026-01-24,111311.0,Verified
INV-09591,PO-09591,2026-01-23,42736.75,Verified
INV-09592,PO-09592,2026-06-15,133244.58,Verified
INV-09593,PO-09593,2026-03-04,356627.02,Verified
INV-09594,PO-09594,2026-06-15,601421.97,Mismatch
INV-09595,PO-09595,2026-05-18,135679.18,Verified
INV-09596,PO-09596,2026-02-14,67436.25,Verified
INV-09597,PO-09597,2026-02-11,154804.05,Verified
INV-09598,PO-09598,2026-03-10,119702.52,Verified
INV-09599,PO-09599,2026-03-07,146112.78,Verified
INV-09600,PO-09600,2026-05-04,233336.91,Verified
INV-09601,PO-09601,2026-03-06,210921.48,Verified
INV-09602,PO-09602,2026-04-08,648048.0,Verified
INV-09603,PO-09603,2026-02-17,178067.12,Verified
INV-09604,PO-09604,2026-07-01,237154.56,Verified
INV-09605,PO-09605,2026-02-07,568875.51,Mismatch
INV-09606,PO-09606,2026-05-11,350668.5,Verified
INV-09607,PO-09607,2026-05-15,87572.31,Verified
INV-09608,PO-09608,2026-05-23,672026.88,Verified
INV-09609,PO-09609,2026-06-27,202471.74,Verified
INV-09610,PO-09610,2026-06-16,71881.94,Mismatch
INV-09611,PO-09611,2026-05-02,50876.32,Verified
INV-09612,PO-09612,2026-06-13,259168.38,Verified
INV-09613,PO-09613,2026-02-22,83587.64,Verified
INV-09614,PO-09614,2026-04-29,150463.11,Verified
INV-09615,PO-09615,2026-04-20,424317.29,Mismatch
INV-09616,PO-09616,2026-06-07,412840.89,Verified
INV-09617,PO-09617,2026-01-29,129584.8,Verified
INV-09618,PO-09618,2026-05-26,64333.22,Verified
INV-09619,PO-09619,2026-03-27,152224.32,Verified
INV-09620,PO-09620,2026-03-05,556021.82,Verified
INV-09621,PO-09621,2026-03-02,74775.0,Verified
INV-09622,PO-09622,2026-05-26,392750.28,Mismatch
INV-09623,PO-09623,2026-06-08,352356.48,Verified
INV-09624,PO-09624,2026-01-30,219785.35,Verified
INV-09625,PO-09625,2026-02-20,781.0,Verified
INV-09626,PO-09626,2026-05-16,633606.26,Verified
INV-09627,PO-09627,2026-01-27,577201.83,Verified
INV-09628,PO-09628,2026-05-09,116333.28,Verified
INV-09629,PO-09629,2026-05-30,48030.96,Verified
INV-09630,PO-09630,2026-03-28,85074.0,Verified
INV-09631,PO-09631,2026-05-14,51501.38,Verified
INV-09632,PO-09632,2026-02-07,185749.84,Verified
INV-09633,PO-09633,2026-05-14,93873.68,Verified
INV-09634,PO-09634,2026-03-12,115048.08,Verified
INV-09635,PO-09635,2026-04-27,213886.75,Verified
INV-09636,PO-09636,2026-06-02,490030.44,Verified
INV-09637,PO-09637,2026-05-23,4689.24,Verified
INV-09638,PO-09638,2026-01-27,339033.25,Verified
INV-09639,PO-09639,2026-05-12,56887.68,Verified
INV-09640,PO-09640,2026-02-27,488207.88,Verified
INV-09641,PO-09641,2026-05-04,24217.0,Verified
INV-09642,PO-09642,2026-04-25,95234.1,Verified
INV-09643,PO-09643,2026-05-18,329585.86,Verified
INV-09644,PO-09644,2026-04-25,72269.7,Verified
INV-09645,PO-09645,2026-05-28,518855.76,Verified
INV-09646,PO-09646,2026-01-27,54347.92,Verified
INV-09647,PO-09647,2026-03-08,172195.75,Verified
INV-09648,PO-09648,2026-01-15,251975.62,Verified
INV-09649,PO-09649,2026-04-04,291891.81,Verified
INV-09650,PO-09650,2026-06-11,375990.84,Mismatch
INV-09651,PO-09651,2026-01-30,172318.77,Verified
INV-09652,PO-09652,2026-02-07,123980.94,Verified
INV-09653,PO-09653,2026-05-25,73523.51,Verified
INV-09654,PO-09654,2026-05-19,91541.62,Verified
INV-09655,PO-09655,2026-01-29,214920.12,Verified
INV-09656,PO-09656,2026-06-23,110630.7,Verified
INV-09657,PO-09657,2026-05-14,31432.0,Mismatch
INV-09658,PO-09658,2026-02-27,555927.65,Verified
INV-09659,PO-09659,2026-04-19,134981.16,Verified
INV-09660,PO-09660,2026-04-01,387651.84,Verified
INV-09661,PO-09661,2026-02-06,82416.5,Verified
INV-09662,PO-09662,2026-02-22,122333.4,Mismatch
INV-09663,PO-09663,2026-03-24,86339.37,Verified
INV-09664,PO-09664,2026-04-06,195118.7,Verified
INV-09665,PO-09665,2026-03-16,497256.6,Verified
INV-09666,PO-09666,2026-05-15,121141.2,Verified
INV-09667,PO-09667,2026-03-07,5700.12,Verified
INV-09668,PO-09668,2026-05-10,183874.58,Mismatch
INV-09669,PO-09669,2026-04-03,195907.36,Verified
INV-09670,PO-09670,2026-03-08,22976.15,Verified
INV-09671,PO-09671,2026-03-08,122873.14,Verified
INV-09672,PO-09672,2026-01-23,30936.0,Verified
INV-09673,PO-09673,2026-02-12,324184.0,Verified
INV-09674,PO-09674,2026-04-22,155379.4,Verified
INV-09675,PO-09675,2026-02-11,169519.0,Verified
INV-09676,PO-09676,2026-03-09,265659.6,Verified
INV-09677,PO-09677,2026-02-22,147370.68,Verified
INV-09678,PO-09678,2026-01-31,1576.21,Verified
INV-09679,PO-09679,2026-03-29,113636.56,Verified
INV-09680,PO-09680,2026-05-07,285584.07,Verified
INV-09681,PO-09681,2026-02-21,66414.9,Verified
INV-09682,PO-09682,2026-04-04,1483.9,Verified
INV-09683,PO-09683,2026-02-28,6304.84,Verified
INV-09684,PO-09684,2026-03-16,29516.4,Verified
INV-09685,PO-09685,2026-01-28,101177.58,Verified
INV-09686,PO-09686,2026-01-19,165540.15,Verified
INV-09687,PO-09687,2026-04-28,396.18,Verified
INV-09688,PO-09688,2026-03-09,89074.78,Verified
INV-09689,PO-09689,2026-05-20,387654.8,Verified
INV-09690,PO-09690,2026-05-05,413713.6,Verified
INV-09691,PO-09691,2026-03-09,355016.22,Verified
INV-09692,PO-09692,2026-05-19,143102.3,Verified
INV-09693,PO-09693,2026-01-19,121085.0,Verified
INV-09694,PO-09694,2026-03-15,233345.84,Verified
INV-09695,PO-09695,2026-06-11,88941.0,Verified
INV-09696,PO-09696,2026-02-11,165667.27,Verified
INV-09697,PO-09697,2026-05-04,482817.76,Verified
INV-09698,PO-09698,2026-02-19,79893.1,Verified
INV-09699,PO-09699,2026-04-02,192559.45,Verified
INV-09700,PO-09700,2026-04-13,37844.1,Verified
INV-09701,PO-09701,2026-01-23,284549.75,Verified
INV-09702,PO-09702,2026-03-09,125096.49,Verified
INV-09703,PO-09703,2026-05-02,101078.28,Verified
INV-09704,PO-09704,2026-04-25,32324.86,Mismatch
INV-09705,PO-09705,2026-03-03,136802.88,Verified
INV-09706,PO-09706,2026-02-17,276765.52,Verified
INV-09707,PO-09707,2026-06-05,392571.0,Verified
INV-09708,PO-09708,2026-06-09,212882.04,Verified
INV-09709,PO-09709,2026-05-03,271005.24,Mismatch
INV-09710,PO-09710,2026-04-29,305257.92,Verified
INV-09711,PO-09711,2026-05-07,530160.34,Verified
INV-09712,PO-09712,2026-02-15,18034.85,Mismatch
INV-09713,PO-09713,2026-03-15,479555.52,Verified
INV-09714,PO-09714,2026-02-06,188994.78,Verified
INV-09715,PO-09715,2026-04-27,26653.05,Verified
INV-09716,PO-09716,2026-02-22,14453.94,Verified
INV-09717,PO-09717,2026-02-22,68878.3,Verified
INV-09718,PO-09718,2026-05-12,191454.92,Verified
INV-09719,PO-09719,2026-04-14,152098.04,Verified
INV-09720,PO-09720,2026-03-22,312080.22,Verified
INV-09721,PO-09721,2026-02-13,25269.57,Verified
INV-09722,PO-09722,2026-06-07,92970.5,Verified
INV-09723,PO-09723,2026-03-18,658026.32,Verified
INV-09724,PO-09724,2026-05-27,245105.16,Verified
INV-09725,PO-09725,2026-05-03,27122.4,Verified
INV-09726,PO-09726,2026-06-10,114516.8,Verified
INV-09727,PO-09727,2026-04-22,613056.5,Verified
INV-09728,PO-09728,2026-02-18,172956.62,Verified
INV-09729,PO-09729,2026-03-26,60542.5,Verified
INV-09730,PO-09730,2026-04-05,5470.78,Verified
INV-09731,PO-09731,2026-04-20,195907.36,Verified
INV-09732,PO-09732,2026-02-07,284453.1,Verified
INV-09733,PO-09733,2026-04-16,24601.39,Verified
INV-09734,PO-09734,2026-05-31,12683.6,Verified
INV-09735,PO-09735,2026-05-27,162012.5,Verified
INV-09736,PO-09736,2026-05-02,106252.0,Verified
INV-09737,PO-09737,2026-03-27,95127.0,Verified
INV-09738,PO-09738,2026-06-24,38349.36,Verified
INV-09739,PO-09739,2026-05-25,236217.03,Verified
INV-09740,PO-09740,2026-01-24,98247.12,Verified
INV-09741,PO-09741,2026-06-21,374392.9,Verified
INV-09742,PO-09742,2026-03-12,566160.37,Mismatch
INV-09743,PO-09743,2026-02-27,36163.2,Verified
INV-09744,PO-09744,2026-02-02,165243.05,Verified
INV-09745,PO-09745,2026-04-21,632594.9,Verified
INV-09746,PO-09746,2026-01-21,148037.4,Verified
INV-09747,PO-09747,2026-04-24,303549.28,Verified
INV-09748,PO-09748,2026-02-03,55406.77,Verified
INV-09749,PO-09749,2026-02-14,91029.8,Verified
INV-09750,PO-09750,2026-02-12,412254.42,Verified
INV-09751,PO-09751,2026-06-15,91541.62,Verified
INV-09752,PO-09752,2026-01-15,276765.52,Verified
INV-09753,PO-09753,2026-05-03,61145.37,Verified
INV-09754,PO-09754,2026-05-05,538606.67,Mismatch
INV-09755,PO-09755,2026-04-17,50232.9,Verified
INV-09756,PO-09756,2026-04-19,127742.23,Verified
INV-09757,PO-09757,2026-03-22,57866.82,Verified
INV-09758,PO-09758,2026-02-19,71852.7,Verified
INV-09759,PO-09759,2026-04-08,147005.88,Verified
INV-09760,PO-09760,2026-03-24,48337.5,Verified
INV-09761,PO-09761,2026-05-22,7527.42,Verified
INV-09762,PO-09762,2026-06-08,109351.34,Verified
INV-09763,PO-09763,2026-04-15,145304.95,Verified
INV-09764,PO-09764,2026-05-18,68836.88,Verified
INV-09765,PO-09765,2026-03-16,304621.59,Verified
INV-09766,PO-09766,2026-02-20,324071.28,Verified
INV-09767,PO-09767,2026-06-11,156567.96,Verified
INV-09768,PO-09768,2026-05-31,364014.56,Verified
INV-09769,PO-09769,2026-02-03,24724.95,Verified
INV-09770,PO-09770,2026-02-26,51984.79,Verified
INV-09771,PO-09771,2026-03-25,116648.64,Verified
INV-09772,PO-09772,2026-04-18,28428.02,Mismatch
INV-09773,PO-09773,2026-03-02,18968.5,Verified
INV-09774,PO-09774,2026-05-17,404617.29,Verified
INV-09775,PO-09775,2026-02-10,277327.44,Verified
INV-09776,PO-09776,2026-01-29,63111.84,Verified
INV-09777,PO-09777,2026-04-19,164909.68,Verified
INV-09778,PO-09778,2026-05-15,199400.0,Verified
INV-09779,PO-09779,2026-01-17,16639.56,Verified
INV-09780,PO-09780,2026-06-12,39893.5,Verified
INV-09781,PO-09781,2026-01-25,145968.16,Verified
INV-09782,PO-09782,2026-06-14,71852.7,Verified
INV-09783,PO-09783,2026-05-10,27356.94,Mismatch
INV-09784,PO-09784,2026-03-10,5517.52,Verified
INV-09785,PO-09785,2026-04-25,132783.77,Verified
INV-09786,PO-09786,2026-03-09,44144.04,Verified
INV-09787,PO-09787,2026-04-02,484170.9,Verified
INV-09788,PO-09788,2026-05-31,50539.14,Verified
INV-09789,PO-09789,2026-04-19,133244.58,Verified
INV-09790,PO-09790,2026-02-06,316151.88,Verified
INV-09791,PO-09791,2026-05-20,54751.55,Verified
INV-09792,PO-09792,2026-02-22,196285.5,Verified
INV-09793,PO-09793,2026-02-14,79648.03,Mismatch
INV-09794,PO-09794,2026-04-12,88932.96,Verified
INV-09795,PO-09795,2026-03-16,485822.88,Verified
INV-09796,PO-09796,2026-05-02,215303.6,Mismatch
INV-09797,PO-09797,2026-01-10,67777.03,Verified
INV-09798,PO-09798,2026-06-16,188292.5,Verified
INV-09799,PO-09799,2026-04-13,142570.56,Verified
INV-09800,PO-09800,2026-02-09,101078.28,Verified
INV-09801,PO-09801,2026-05-30,321171.31,Verified
INV-09802,PO-09802,2026-05-21,222583.9,Verified
INV-09803,PO-09803,2026-02-22,317881.55,Verified
INV-09804,PO-09804,2026-04-26,172564.27,Verified
INV-09805,PO-09805,2026-01-28,368426.7,Verified
INV-09806,PO-09806,2026-05-15,51933.53,Verified
INV-09807,PO-09807,2026-03-20,18422.04,Verified
INV-09808,PO-09808,2026-03-15,65042.73,Verified
INV-09809,PO-09809,2026-06-14,198200.52,Verified
INV-09810,PO-09810,2026-03-26,143318.75,Verified
INV-09811,PO-09811,2026-03-01,64804.8,Verified
INV-09812,PO-09812,2026-04-28,34484.5,Verified
INV-09813,PO-09813,2026-03-07,165697.4,Verified
INV-09814,PO-09814,2026-02-09,412830.99,Verified
INV-09815,PO-09815,2026-01-30,6231.25,Verified
INV-09816,PO-09816,2026-03-11,161201.43,Verified
INV-09817,PO-09817,2026-02-18,14849.26,Verified
INV-09818,PO-09818,2026-03-10,258614.8,Verified
INV-09819,PO-09819,2026-01-18,221897.81,Verified
INV-09820,PO-09820,2026-04-15,28035.84,Verified
INV-09821,PO-09821,2026-03-16,88117.83,Verified
INV-09822,PO-09822,2026-05-22,98247.12,Verified
INV-09823,PO-09823,2026-04-04,62633.74,Verified
INV-09824,PO-09824,2026-02-26,29516.4,Verified
INV-09825,PO-09825,2026-05-18,278495.5,Verified
INV-09826,PO-09826,2026-05-13,371412.99,Verified
INV-09827,PO-09827,2026-06-10,143102.3,Verified
INV-09828,PO-09828,2026-05-10,78283.98,Verified
INV-09829,PO-09829,2026-04-15,56544.58,Verified
INV-09830,PO-09830,2026-03-17,2758.76,Verified
INV-09831,PO-09831,2026-02-23,299170.5,Mismatch
INV-09832,PO-09832,2026-04-02,129120.76,Verified
INV-09833,PO-09833,2026-03-07,124990.88,Verified
INV-09834,PO-09834,2026-02-19,299441.45,Verified
INV-09835,PO-09835,2026-04-16,261199.89,Verified
INV-09836,PO-09836,2026-03-03,237696.27,Verified
INV-09837,PO-09837,2026-05-16,191360.84,Verified
INV-09838,PO-09838,2026-04-17,122611.3,Verified
INV-09839,PO-09839,2026-05-14,3905.4,Verified
INV-09840,PO-09840,2026-02-15,1640.1,Verified
INV-09841,PO-09841,2026-05-13,266816.16,Verified
INV-09842,PO-09842,2026-04-04,205541.28,Verified
INV-09843,PO-09843,2026-06-07,196829.28,Verified
INV-09844,PO-09844,2026-01-20,17100.36,Verified
INV-09845,PO-09845,2026-05-05,59288.64,Verified
INV-09846,PO-09846,2026-03-01,26593.61,Verified
INV-09847,PO-09847,2026-04-24,261579.9,Verified
INV-09848,PO-09848,2026-04-03,306891.04,Verified
INV-09849,PO-09849,2026-02-23,17094.7,Verified
INV-09850,PO-09850,2026-02-24,229761.5,Verified
INV-09851,PO-09851,2026-05-10,102568.2,Verified
INV-09852,PO-09852,2026-03-31,98768.59,Verified
INV-09853,PO-09853,2026-02-08,258820.57,Mismatch
INV-09854,PO-09854,2026-03-07,75317.0,Verified
INV-09855,PO-09855,2026-01-15,542084.79,Verified
INV-09856,PO-09856,2026-03-23,360316.5,Verified
INV-09857,PO-09857,2026-05-17,58745.22,Verified
INV-09858,PO-09858,2026-05-17,152754.27,Verified
INV-09859,PO-09859,2026-03-16,257756.73,Verified
INV-09860,PO-09860,2026-03-14,142704.54,Verified
INV-09861,PO-09861,2026-01-15,217975.92,Verified
INV-09862,PO-09862,2026-05-25,45894.15,Verified
INV-09863,PO-09863,2026-02-24,27571.38,Verified
INV-09864,PO-09864,2026-02-03,605331.72,Verified
INV-09865,PO-09865,2026-05-10,316151.88,Verified
INV-09866,PO-09866,2026-05-02,69860.71,Verified
INV-09867,PO-09867,2026-03-14,379258.31,Mismatch
INV-09868,PO-09868,2026-04-17,64653.7,Verified
INV-09869,PO-09869,2026-05-30,136802.88,Verified
INV-09870,PO-09870,2026-04-01,118147.25,Verified
INV-09871,PO-09871,2026-02-18,84752.4,Verified
INV-09872,PO-09872,2026-03-24,12229.3,Mismatch
INV-09873,PO-09873,2026-04-13,45894.15,Verified
INV-09874,PO-09874,2026-04-06,129307.4,Verified
INV-09875,PO-09875,2026-05-01,143436.0,Verified
INV-09876,PO-09876,2026-01-26,18393.35,Verified
INV-09877,PO-09877,2026-03-20,9063.67,Verified
INV-09878,PO-09878,2026-02-28,583791.3,Verified
INV-09879,PO-09879,2026-02-24,181623.96,Verified
INV-09880,PO-09880,2026-03-06,180314.92,Mismatch
INV-09881,PO-09881,2026-05-06,234980.88,Verified
INV-09882,PO-09882,2026-02-18,518594.82,Mismatch
INV-09883,PO-09883,2026-03-21,18195.75,Verified
INV-09884,PO-09884,2026-04-01,230096.16,Verified
INV-09885,PO-09885,2026-05-20,383650.52,Verified
INV-09886,PO-09886,2026-03-07,1563.08,Verified
INV-09887,PO-09887,2026-03-13,78473.97,Verified
INV-09888,PO-09888,2026-02-14,279636.68,Verified
INV-09889,PO-09889,2026-06-13,201664.65,Verified
INV-09890,PO-09890,2026-02-17,44092.41,Verified
INV-09891,PO-09891,2026-05-31,344533.17,Mismatch
INV-09892,PO-09892,2026-05-22,57482.16,Verified
INV-09893,PO-09893,2026-05-24,361999.4,Verified
INV-09894,PO-09894,2026-01-30,23306.58,Verified
INV-09895,PO-09895,2026-04-08,254257.2,Verified
INV-09896,PO-09896,2026-03-28,469961.76,Verified
INV-09897,PO-09897,2026-03-09,172572.12,Verified
INV-09898,PO-09898,2026-03-08,132133.68,Verified
INV-09899,PO-09899,2026-05-29,118030.75,Verified
INV-09900,PO-09900,2026-06-05,96429.62,Verified
INV-09901,PO-09901,2026-04-26,6140.68,Verified
INV-09902,PO-09902,2026-05-26,45899.52,Verified
INV-09903,PO-09903,2026-02-25,102462.4,Verified
INV-09904,PO-09904,2026-01-21,350872.08,Verified
INV-09905,PO-09905,2026-04-08,94410.75,Verified
INV-09906,PO-09906,2026-01-24,267837.6,Verified
INV-09907,PO-09907,2026-02-25,56242.15,Verified
INV-09908,PO-09908,2026-03-04,200160.48,Verified
INV-09909,PO-09909,2026-01-21,279819.76,Verified
INV-09910,PO-09910,2026-05-12,351486.45,Verified
INV-09911,PO-09911,2026-04-02,66786.6,Verified
INV-09912,PO-09912,2026-03-19,148228.61,Verified
INV-09913,PO-09913,2026-04-05,193827.4,Verified
INV-09914,PO-09914,2026-04-18,381762.88,Verified
INV-09915,PO-09915,2026-04-26,200617.48,Verified
INV-09916,PO-09916,2026-04-10,12510.33,Verified
INV-09917,PO-09917,2026-03-02,335551.44,Verified
INV-09918,PO-09918,2026-03-09,254883.44,Verified
INV-09919,PO-09919,2026-03-17,6167.56,Verified
INV-09920,PO-09920,2026-05-22,138996.1,Verified
INV-09921,PO-09921,2026-05-13,279077.92,Verified
INV-09922,PO-09922,2026-03-31,68673.5,Verified
INV-09923,PO-09923,2026-05-03,689785.92,Verified
INV-09924,PO-09924,2026-04-22,222456.59,Mismatch
INV-09925,PO-09925,2026-02-08,648657.0,Verified
INV-09926,PO-09926,2026-03-25,49857.12,Verified
INV-09927,PO-09927,2026-03-01,52625.54,Mismatch
INV-09928,PO-09928,2026-06-14,168243.75,Verified
INV-09929,PO-09929,2026-02-03,198291.66,Verified
INV-09930,PO-09930,2026-03-15,75406.5,Verified
INV-09931,PO-09931,2026-03-29,180760.8,Verified
INV-09932,PO-09932,2026-04-01,33692.76,Verified
INV-09933,PO-09933,2026-04-26,6065.25,Verified
INV-09934,PO-09934,2026-04-25,264554.46,Verified
INV-09935,PO-09935,2026-04-28,28001.12,Verified
INV-09936,PO-09936,2026-03-21,427440.34,Verified
INV-09937,PO-09937,2026-02-19,147005.88,Verified
INV-09938,PO-09938,2026-03-24,19422.15,Verified
INV-09939,PO-09939,2026-06-17,3678.67,Verified
INV-09940,PO-09940,2026-05-17,22262.2,Verified
INV-09941,PO-09941,2026-04-25,42491.07,Verified
INV-09942,PO-09942,2026-03-28,111196.88,Verified
INV-09943,PO-09943,2026-06-03,303516.97,Verified
INV-09944,PO-09944,2026-04-17,239459.36,Mismatch
INV-09945,PO-09945,2026-03-16,31167.08,Verified
INV-09946,PO-09946,2026-04-20,116741.35,Verified
INV-09947,PO-09947,2026-05-11,22207.43,Verified
INV-09948,PO-09948,2026-02-16,259536.65,Verified
INV-09949,PO-09949,2026-04-14,32304.32,Verified
INV-09950,PO-09950,2026-06-04,196589.05,Verified
INV-09951,PO-09951,2026-05-10,216051.2,Verified
INV-09952,PO-09952,2026-02-08,96902.04,Verified
INV-09953,PO-09953,2026-04-29,23202.0,Verified
INV-09954,PO-09954,2026-01-19,7815.4,Verified
INV-09955,PO-09955,2026-04-26,50569.44,Verified
INV-09956,PO-09956,2026-02-04,103997.82,Mismatch
INV-09957,PO-09957,2026-06-21,183105.93,Verified
INV-09958,PO-09958,2026-03-09,202277.76,Verified
INV-09959,PO-09959,2026-03-29,46490.43,Verified
INV-09960,PO-09960,2026-02-10,106664.4,Verified
INV-09961,PO-09961,2026-05-13,58863.0,Verified
INV-09962,PO-09962,2026-01-24,152628.96,Verified
INV-09963,PO-09963,2026-06-12,57319.28,Verified
INV-09964,PO-09964,2026-05-01,362551.98,Mismatch
INV-09965,PO-09965,2026-04-16,51301.08,Verified
INV-09966,PO-09966,2026-03-09,164350.68,Verified
INV-09967,PO-09967,2026-02-28,420401.23,Verified
INV-09968,PO-09968,2026-05-28,65428.5,Verified
INV-09969,PO-09969,2026-04-05,404174.45,Verified
INV-09970,PO-09970,2026-06-05,64137.53,Verified
INV-09971,PO-09971,2026-06-02,107473.65,Verified
INV-09972,PO-09972,2026-05-17,237154.56,Verified
INV-09973,PO-09973,2026-05-20,272180.16,Verified
INV-09974,PO-09974,2026-03-30,97694.92,Verified
INV-09975,PO-09975,2026-06-05,70616.13,Mismatch
INV-09976,PO-09976,2026-06-06,160661.82,Mismatch
INV-09977,PO-09977,2026-03-30,7226.97,Verified
INV-09978,PO-09978,2026-06-04,391419.9,Verified
INV-09979,PO-09979,2026-01-27,196829.28,Verified
INV-09980,PO-09980,2026-02-05,33665.06,Verified
INV-09981,PO-09981,2026-06-09,115048.08,Verified
INV-09982,PO-09982,2026-02-25,174685.51,Verified
INV-09983,PO-09983,2026-01-17,26653.05,Verified
INV-09984,PO-09984,2026-02-06,250992.07,Mismatch
INV-09985,PO-09985,2026-04-14,435951.84,Verified
INV-09986,PO-09986,2026-04-28,78118.91,Verified
INV-09987,PO-09987,2026-03-10,303190.6,Verified
INV-09988,PO-09988,2026-05-30,235452.0,Verified
INV-09989,PO-09989,2026-03-20,157265.98,Mismatch
INV-09990,PO-09990,2026-02-18,50588.79,Verified
INV-09991,PO-09991,2026-05-19,6640.75,Verified
INV-09992,PO-09992,2026-04-03,660875.25,Verified
INV-09993,PO-09993,2026-03-17,6342.68,Verified
INV-09994,PO-09994,2026-04-29,310492.97,Mismatch
INV-09995,PO-09995,2026-04-14,194594.54,Verified
INV-09996,PO-09996,2026-04-14,202563.18,Verified
INV-09997,PO-09997,2026-01-30,219997.8,Verified
INV-09998,PO-09998,2026-03-20,426642.15,Verified
INV-09999,PO-09999,2026-03-06,185961.72,Verified
INV-10000,PO-10000,2026-04-25,668978.4,Verified
