payment_id,invoice_id,payment_date,payment_amount,payment_status
PAY-00001,INV-00001,2026-04-13,301781.34,Completed
PAY-00002,INV-00002,2026-03-29,333765.17,Completed
PAY-00003,INV-00003,2026-02-10,121085.0,Completed
PAY-00004,INV-00004,2026-04-15,57235.86,Completed
PAY-00005,INV-00005,2026-02-24,192603.21,Completed
PAY-00006,INV-00006,2026-03-24,293722.56,Completed
PAY-00007,INV-00007,2026-03-01,89826.56,Completed
PAY-00008,INV-00008,2026-04-03,251836.52,Completed
PAY-00009,INV-00009,2026-06-10,155374.1,Completed
PAY-00010,INV-00010,2026-04-03,330437.88,Completed
PAY-00011,INV-00011,2026-05-18,230185.16,Completed
PAY-00012,INV-00012,2026-06-01,631991.21,Completed
PAY-00013,INV-00013,2026-05-18,185764.86,Completed
PAY-00014,INV-00014,2026-02-25,60247.1,Completed
PAY-00015,INV-00015,2026-04-07,392988.48,Completed
PAY-00016,INV-00016,2026-05-17,42989.46,Completed
PAY-00017,INV-00017,2026-04-03,208783.12,Completed
PAY-00018,INV-00018,2026-03-01,437887.4,Completed
PAY-00019,INV-00019,2026-04-17,384941.64,Completed
PAY-00020,INV-00020,2026-05-06,135531.79,Completed
PAY-00021,INV-00021,2026-06-09,80973.88,Completed
PAY-00022,INV-00022,2026-05-20,169630.48,Completed
PAY-00023,INV-00023,2026-02-25,34879.9,Completed
PAY-00024,INV-00024,2026-06-21,63829.6,Completed
PAY-00025,INV-00025,2026-06-13,99324.09,Completed
PAY-00026,INV-00026,2026-03-26,184127.97,Completed
PAY-00027,INV-00027,2026-02-02,8927.92,Completed
PAY-00028,INV-00028,2026-06-15,342680.45,Completed
PAY-00029,INV-00029,2026-06-03,17584.65,Completed
PAY-00030,INV-00030,2026-04-05,451283.0,Completed
PAY-00031,INV-00031,2026-04-23,405269.37,Completed
PAY-00032,INV-00032,2026-02-12,447600.27,Completed
PAY-00033,INV-00033,2026-02-10,351083.2,Completed
PAY-00034,INV-00034,2026-06-21,318604.3,Completed
PAY-00035,INV-00035,2026-03-27,379717.24,Completed
PAY-00036,INV-00036,2026-05-13,38765.48,Completed
PAY-00037,INV-00037,2026-05-25,250805.28,Completed
PAY-00038,INV-00038,2026-03-10,126223.68,Completed
PAY-00039,INV-00039,2026-04-08,1648.33,Completed
PAY-00040,INV-00040,2026-04-15,200544.59,Completed
PAY-00041,INV-00041,2026-05-19,147916.31,Completed
PAY-00042,INV-00042,2026-03-28,17828.1,Completed
PAY-00043,INV-00043,2026-04-10,58789.88,Completed
PAY-00044,INV-00044,2026-03-28,552977.25,Completed
PAY-00045,INV-00045,2026-03-06,63418.0,Completed
PAY-00046,INV-00046,2026-06-28,84107.52,Completed
PAY-00047,INV-00047,2026-02-24,34879.9,Completed
PAY-00048,INV-00048,2026-04-10,1980.9,Completed
PAY-00049,INV-00049,2026-05-01,78118.91,Completed
PAY-00050,INV-00050,2026-04-26,232592.88,Completed
PAY-00051,INV-00051,2026-05-23,106664.4,Completed
PAY-00052,INV-00052,2026-04-04,33745.29,Completed
PAY-00053,INV-00053,2026-02-25,84231.9,Completed
PAY-00054,INV-00054,2026-06-16,196501.76,Completed
PAY-00055,INV-00055,2026-02-11,209371.2,Completed
PAY-00056,INV-00056,2026-04-25,170114.1,Completed
PAY-00057,INV-00057,2026-02-26,21941.03,Completed
PAY-00058,INV-00058,2026-03-29,69170.08,Completed
PAY-00059,INV-00059,2026-04-28,25818.48,Completed
PAY-00060,INV-00060,2026-02-06,114638.56,Completed
PAY-00061,INV-00061,2026-02-26,211862.5,Completed
PAY-00062,INV-00062,2026-05-23,266186.07,Completed
PAY-00063,INV-00063,2026-05-31,430817.85,Completed
PAY-00064,INV-00064,2026-02-11,505477.44,Completed
PAY-00065,INV-00065,2026-04-14,195270.25,Completed
PAY-00066,INV-00066,2026-06-06,108490.64,Completed
PAY-00067,INV-00067,2026-05-14,50271.0,Completed
PAY-00068,INV-00068,2026-04-10,109349.6,Completed
PAY-00069,INV-00069,2026-01-28,435951.84,Completed
PAY-00070,INV-00070,2026-06-29,343084.1,Completed
PAY-00071,INV-00071,2026-05-06,131102.76,Completed
PAY-00072,INV-00072,2026-03-09,313895.88,Completed
PAY-00073,INV-00073,2026-06-26,186941.2,Completed
PAY-00074,INV-00074,2026-04-04,135094.96,Completed
PAY-00075,INV-00075,2026-02-17,227905.47,Completed
PAY-00076,INV-00076,2026-06-01,54347.92,Completed
PAY-00077,INV-00077,2026-06-13,684234.53,Completed
PAY-00078,INV-00078,2026-04-07,185971.41,Completed
PAY-00079,INV-00079,2026-04-24,169192.72,Completed
PAY-00080,INV-00080,2026-02-04,189858.62,Completed
PAY-00081,INV-00081,2026-02-22,96435.2,Completed
PAY-00082,INV-00082,2026-03-09,27154.93,Completed
PAY-00083,INV-00083,2026-02-24,23606.15,Completed
PAY-00084,INV-00084,2026-06-12,12462.5,Completed
PAY-00085,INV-00085,2026-05-25,30936.0,Completed
PAY-00086,INV-00086,2026-05-31,209515.02,Completed
PAY-00087,INV-00087,2026-02-16,319578.0,Completed
PAY-00088,INV-00088,2026-03-21,333346.65,Completed
PAY-00089,INV-00089,2026-03-09,2264.9,Completed
PAY-00090,INV-00090,2026-04-14,130006.9,Completed
PAY-00091,INV-00091,2026-01-29,92002.21,Completed
PAY-00092,INV-00092,2026-04-14,142503.0,Completed
PAY-00093,INV-00093,2026-05-21,236442.03,Completed
PAY-00094,INV-00094,2026-05-13,187002.48,Completed
PAY-00095,INV-00095,2026-05-25,136802.88,Completed
PAY-00096,INV-00096,2026-05-09,265830.88,Completed
PAY-00097,INV-00097,2026-04-16,29788.08,Completed
PAY-00098,INV-00098,2026-04-15,91904.6,Completed
PAY-00099,INV-00099,2026-03-05,381457.86,Completed
PAY-00100,INV-00100,2026-05-26,3898.72,Completed
PAY-00101,INV-00101,2026-04-15,73487.35,Completed
PAY-00102,INV-00102,2026-05-19,476170.5,Completed
PAY-00103,INV-00103,2026-03-19,1867.8,Completed
PAY-00104,INV-00104,2026-05-17,229002.97,Completed
PAY-00105,INV-00105,2026-03-27,90380.4,Completed
PAY-00106,INV-00106,2026-05-27,153603.67,Completed
PAY-00107,INV-00107,2026-03-25,46490.43,Completed
PAY-00108,INV-00108,2026-04-19,141254.0,Completed
PAY-00109,INV-00109,2026-03-11,362363.3,Completed
PAY-00110,INV-00110,2026-04-29,21095.2,Completed
PAY-00111,INV-00111,2026-02-24,92882.43,Completed
PAY-00112,INV-00112,2026-05-20,23076.62,Completed
PAY-00113,INV-00113,2026-02-16,124972.96,Completed
PAY-00114,INV-00114,2026-02-20,356627.02,Completed
PAY-00115,INV-00115,2026-02-23,139509.28,Completed
PAY-00116,INV-00116,2026-02-20,360853.68,Completed
PAY-00117,INV-00117,2026-05-03,107460.06,Completed
PAY-00118,INV-00118,2026-02-18,90726.72,Completed
PAY-00119,INV-00119,2026-03-08,56710.68,Completed
PAY-00120,INV-00120,2026-05-20,145861.4,Completed
PAY-00121,INV-00121,2026-01-27,291891.81,Completed
PAY-00122,INV-00122,2026-06-14,165266.18,Completed
PAY-00123,INV-00123,2026-04-16,382134.22,Completed
PAY-00124,INV-00124,2026-04-17,13470.12,Completed
PAY-00125,INV-00125,2026-05-15,29947.99,Completed
PAY-00126,INV-00126,2026-04-23,298249.28,Completed
PAY-00127,INV-00127,2026-04-20,4754.4,Completed
PAY-00128,INV-00128,2026-02-15,105995.56,Completed
PAY-00129,INV-00129,2026-03-15,192476.28,Completed
PAY-00130,INV-00130,2026-04-14,17431.92,Completed
PAY-00131,INV-00131,2026-05-06,208757.28,Completed
PAY-00132,INV-00132,2026-03-31,220445.12,Completed
PAY-00133,INV-00133,2026-04-17,309952.35,Completed
PAY-00134,INV-00134,2026-03-30,109235.76,Completed
PAY-00135,INV-00135,2026-02-10,28500.6,Completed
PAY-00136,INV-00136,2026-04-12,36134.85,Completed
PAY-00137,INV-00137,2026-03-04,117382.13,Completed
PAY-00138,INV-00138,2026-02-20,165248.91,Completed
PAY-00139,INV-00139,2026-06-26,303134.1,Completed
PAY-00140,INV-00140,2026-03-10,99448.8,Completed
PAY-00141,INV-00141,2026-03-01,283567.2,Completed
PAY-00142,INV-00142,2026-04-13,162634.29,Completed
PAY-00143,INV-00143,2026-03-01,287737.89,Completed
PAY-00144,INV-00144,2026-03-18,60988.21,Completed
PAY-00145,INV-00145,2026-02-25,720633.0,Completed
PAY-00146,INV-00146,2026-05-25,189442.55,Completed
PAY-00147,INV-00147,2026-03-31,109209.65,Completed
PAY-00148,INV-00148,2026-03-12,150463.11,Completed
PAY-00149,INV-00149,2026-04-28,254627.73,Completed
PAY-00150,INV-00150,2026-04-19,53346.87,Completed
PAY-00151,INV-00151,2026-04-06,119324.79,Completed
PAY-00152,INV-00152,2026-06-05,38902.08,Completed
PAY-00153,INV-00153,2026-03-15,53346.87,Completed
PAY-00154,INV-00154,2026-04-15,116190.9,Completed
PAY-00155,INV-00155,2026-05-02,160287.84,Completed
PAY-00156,INV-00156,2026-02-16,183809.2,Completed
PAY-00157,INV-00157,2026-03-05,209263.92,Completed
PAY-00158,INV-00158,2026-06-02,47975.49,Completed
PAY-00159,INV-00159,2026-06-11,50588.79,Completed
PAY-00160,INV-00160,2026-03-08,182809.44,Completed
PAY-00161,INV-00161,2026-06-07,63111.84,Completed
PAY-00162,INV-00162,2026-06-28,422431.31,Completed
PAY-00163,INV-00163,2026-02-06,292868.75,Completed
PAY-00164,INV-00164,2026-03-07,100082.64,Completed
PAY-00165,INV-00165,2026-04-14,364586.4,Completed
PAY-00166,INV-00166,2026-02-17,60340.98,Completed
PAY-00167,INV-00167,2026-06-01,269744.86,Completed
PAY-00168,INV-00168,2026-06-05,110111.4,Completed
PAY-00169,INV-00169,2026-04-17,283396.68,Completed
PAY-00170,INV-00170,2026-04-24,2030.6,Completed
PAY-00171,INV-00171,2026-04-05,391357.32,Completed
PAY-00172,INV-00172,2026-03-19,102602.16,Completed
PAY-00173,INV-00173,2026-03-19,1584.72,Completed
PAY-00174,INV-00174,2026-05-22,264353.49,Completed
PAY-00175,INV-00175,2026-05-25,116109.95,Completed
PAY-00176,INV-00176,2026-06-23,154921.2,Completed
PAY-00177,INV-00177,2026-02-08,37089.91,Completed
PAY-00178,INV-00178,2026-05-09,12677.76,Completed
PAY-00179,INV-00179,2026-05-30,106605.07,Completed
PAY-00180,INV-00180,2026-03-20,540359.16,Completed
PAY-00181,INV-00181,2026-04-26,443771.61,Completed
PAY-00182,INV-00182,2026-06-02,85289.76,Completed
PAY-00183,INV-00183,2026-05-01,124792.92,Completed
PAY-00184,INV-00184,2026-01-28,157410.5,Completed
PAY-00185,INV-00185,2026-02-21,187650.45,Completed
PAY-00186,INV-00186,2026-03-18,196857.19,Completed
PAY-00187,INV-00187,2026-04-04,192603.21,Completed
PAY-00188,INV-00188,2026-02-07,128299.08,Completed
PAY-00189,INV-00189,2026-03-11,201777.24,Completed
PAY-00190,INV-00190,2026-02-16,82609.47,Completed
PAY-00191,INV-00191,2026-06-17,491286.3,Completed
PAY-00192,INV-00192,2026-02-01,97216.13,Completed
PAY-00193,INV-00193,2026-06-05,10242.99,Completed
PAY-00194,INV-00194,2026-05-19,49857.12,Completed
PAY-00195,INV-00195,2026-04-17,58353.12,Completed
PAY-00196,INV-00196,2026-01-31,245163.37,Completed
PAY-00197,INV-00197,2026-04-03,146229.59,Completed
PAY-00198,INV-00198,2026-01-19,116333.28,Completed
PAY-00199,INV-00199,2026-05-19,217675.9,Completed
PAY-00200,INV-00200,2026-01-28,236487.72,Completed
PAY-00201,INV-00201,2026-03-27,191995.92,Completed
PAY-00202,INV-00202,2026-06-20,24828.84,Completed
PAY-00203,INV-00203,2026-05-03,97908.7,Completed
PAY-00204,INV-00204,2026-06-06,329585.86,Completed
PAY-00205,INV-00205,2026-02-02,109126.17,Completed
PAY-00206,INV-00206,2026-03-17,453633.6,Completed
PAY-00207,INV-00207,2026-03-03,11036.01,Completed
PAY-00208,INV-00208,2026-06-23,259523.86,Completed
PAY-00209,INV-00209,2026-03-23,408704.85,Completed
PAY-00210,INV-00210,2026-05-06,20690.7,Completed
PAY-00211,INV-00211,2026-04-14,62495.44,Completed
PAY-00212,INV-00212,2026-04-27,239896.16,Completed
PAY-00213,INV-00213,2026-02-07,52204.5,Completed
PAY-00214,INV-00214,2026-04-07,500385.96,Completed
PAY-00215,INV-00215,2026-03-31,29780.63,Completed
PAY-00216,INV-00216,2026-03-06,123354.96,Completed
PAY-00217,INV-00217,2026-05-06,12510.33,Completed
PAY-00218,INV-00218,2026-04-30,153162.32,Completed
PAY-00219,INV-00219,2026-01-20,335551.44,Completed
PAY-00220,INV-00220,2026-01-15,94410.75,Completed
PAY-00221,INV-00221,2026-03-13,9863.62,Completed
PAY-00222,INV-00222,2026-06-13,268921.75,Completed
PAY-00223,INV-00223,2026-02-04,418104.75,Completed
PAY-00224,INV-00224,2026-03-12,151532.26,Completed
PAY-00225,INV-00225,2026-06-02,284543.73,Completed
PAY-00226,INV-00226,2026-04-13,79082.85,Completed
PAY-00227,INV-00227,2026-06-21,316251.95,Completed
PAY-00228,INV-00228,2026-07-01,664119.0,Completed
PAY-00229,INV-00229,2026-01-31,6622.2,Completed
PAY-00230,INV-00230,2026-04-13,43030.8,Completed
PAY-00231,INV-00231,2026-05-20,34484.5,Completed
PAY-00232,INV-00232,2026-02-15,233704.92,Completed
PAY-00233,INV-00233,2026-04-17,263387.57,Completed
PAY-00234,INV-00234,2026-02-26,163928.56,Completed
PAY-00235,INV-00235,2026-02-10,544594.83,Completed
PAY-00236,INV-00236,2026-05-03,336750.77,Completed
PAY-00237,INV-00237,2026-06-11,25860.42,Completed
PAY-00238,INV-00238,2026-05-18,133399.44,Completed
PAY-00239,INV-00239,2026-05-03,354210.87,Completed
PAY-00240,INV-00240,2026-02-12,517229.6,Completed
PAY-00241,INV-00241,2026-05-31,125096.49,Completed
PAY-00242,INV-00242,2026-05-23,622710.72,Completed
PAY-00243,INV-00243,2026-06-18,136802.88,Completed
PAY-00244,INV-00244,2026-06-12,337674.96,Completed
PAY-00245,INV-00245,2026-02-16,96868.0,Completed
PAY-00246,INV-00246,2026-05-17,368272.06,Completed
PAY-00247,INV-00247,2026-07-05,3202.1,Completed
PAY-00248,INV-00248,2026-03-29,19451.04,Completed
PAY-00249,INV-00249,2026-04-10,147157.5,Completed
PAY-00250,INV-00250,2026-05-21,545630.85,Completed
PAY-00251,INV-00251,2026-02-07,72658.64,Completed
PAY-00252,INV-00252,2026-04-18,51098.23,Completed
PAY-00253,INV-00253,2026-05-19,43111.62,Completed
PAY-00254,INV-00254,2026-02-05,114638.56,Completed
PAY-00255,INV-00255,2026-04-18,53087.21,Completed
PAY-00256,INV-00256,2026-05-11,390237.4,Completed
PAY-00257,INV-00257,2026-03-19,73332.6,Completed
PAY-00258,INV-00258,2026-05-20,602596.27,Completed
PAY-00259,INV-00259,2026-05-06,160103.2,Completed
PAY-00260,INV-00260,2026-01-29,49169.2,Completed
PAY-00261,INV-00261,2026-03-07,322615.21,Completed
PAY-00262,INV-00262,2026-05-28,111016.08,Completed
PAY-00263,INV-00263,2026-03-05,58870.88,Completed
PAY-00264,INV-00264,2026-05-20,146930.52,Completed
PAY-00265,INV-00265,2026-06-08,543806.39,Completed
PAY-00266,INV-00266,2026-04-24,142011.1,Completed
PAY-00267,INV-00267,2026-06-17,18968.5,Completed
PAY-00268,INV-00268,2026-06-02,94465.56,Completed
PAY-00269,INV-00269,2026-04-24,47801.57,Completed
PAY-00270,INV-00270,2026-03-29,189035.6,Completed
PAY-00271,INV-00271,2026-02-24,211113.09,Completed
PAY-00272,INV-00272,2026-04-18,124273.05,Completed
PAY-00273,INV-00273,2026-03-13,250140.15,Completed
PAY-00274,INV-00274,2026-03-07,52565.5,Completed
PAY-00275,INV-00275,2026-05-10,122751.98,Completed
PAY-00276,INV-00276,2026-05-13,324184.0,Completed
PAY-00277,INV-00277,2026-05-15,82443.4,Completed
PAY-00278,INV-00278,2026-03-29,236503.85,Completed
PAY-00279,INV-00279,2026-04-12,251164.5,Completed
PAY-00280,INV-00280,2026-05-12,44466.48,Completed
PAY-00281,INV-00281,2026-03-02,65609.76,Completed
PAY-00282,INV-00282,2026-02-21,373760.28,Completed
PAY-00283,INV-00283,2026-01-27,94817.7,Completed
PAY-00284,INV-00284,2026-01-21,373928.4,Completed
PAY-00285,INV-00285,2026-03-31,58400.4,Completed
PAY-00286,INV-00286,2026-03-11,32418.4,Completed
PAY-00287,INV-00287,2026-02-28,428540.16,Completed
PAY-00288,INV-00288,2026-05-13,120494.2,Completed
PAY-00289,INV-00289,2026-05-06,83384.1,Completed
PAY-00290,INV-00290,2026-01-27,54394.89,Completed
PAY-00291,INV-00291,2026-04-10,209303.75,Completed
PAY-00292,INV-00292,2026-02-19,151356.25,Completed
PAY-00293,INV-00293,2026-04-22,19382.74,Completed
PAY-00294,INV-00294,2026-03-30,241731.75,Completed
PAY-00295,INV-00295,2026-05-06,403587.07,Completed
PAY-00296,INV-00296,2026-02-08,12619.93,Completed
PAY-00297,INV-00297,2026-04-18,75539.68,Completed
PAY-00298,INV-00298,2026-02-13,443771.61,Completed
PAY-00299,INV-00299,2026-02-14,267908.8,Completed
PAY-00300,INV-00300,2026-03-13,103785.12,Completed
PAY-00301,INV-00301,2026-04-18,255484.46,Completed
PAY-00302,INV-00302,2026-06-01,205670.79,Completed
PAY-00303,INV-00303,2026-04-06,136544.7,Completed
PAY-00304,INV-00304,2026-02-26,285719.88,Completed
PAY-00305,INV-00305,2026-02-21,49874.08,Completed
PAY-00306,INV-00306,2026-04-11,274175.0,Completed
PAY-00307,INV-00307,2026-03-27,266010.64,Completed
PAY-00308,INV-00308,2026-04-07,54663.7,Completed
PAY-00309,INV-00309,2026-04-10,298898.38,Completed
PAY-00310,INV-00310,2026-03-14,336679.96,Completed
PAY-00311,INV-00311,2026-05-07,61675.6,Completed
PAY-00312,INV-00312,2026-05-08,2377.08,Completed
PAY-00313,INV-00313,2026-06-07,242879.28,Completed
PAY-00314,INV-00314,2026-04-25,122115.75,Completed
PAY-00315,INV-00315,2026-04-05,148021.44,Completed
PAY-00316,INV-00316,2026-04-04,98877.8,Completed
PAY-00317,INV-00317,2026-05-22,143318.75,Completed
PAY-00318,INV-00318,2026-05-26,69769.48,Completed
PAY-00319,INV-00319,2026-02-01,106252.0,Completed
PAY-00320,INV-00320,2026-06-10,361331.1,Completed
PAY-00321,INV-00321,2026-02-13,6111.05,Completed
PAY-00322,INV-00322,2026-02-28,233268.42,Completed
PAY-00323,INV-00323,2026-02-25,88822.44,Completed
PAY-00324,INV-00324,2026-03-13,80454.64,Completed
PAY-00325,INV-00325,2026-05-24,35979.59,Completed
PAY-00326,INV-00326,2026-03-23,286596.4,Completed
PAY-00327,INV-00327,2026-05-28,109998.9,Completed
PAY-00328,INV-00328,2026-03-14,28825.32,Completed
PAY-00329,INV-00329,2026-05-25,235794.72,Completed
PAY-00330,INV-00330,2026-02-11,31914.8,Completed
PAY-00331,INV-00331,2026-06-09,102264.96,Completed
PAY-00332,INV-00332,2026-06-11,258006.75,Completed
PAY-00333,INV-00333,2026-03-13,185749.84,Completed
PAY-00334,INV-00334,2026-04-18,461205.12,Completed
PAY-00335,INV-00335,2026-05-21,136544.7,Completed
PAY-00336,INV-00336,2026-01-12,620773.68,Completed
PAY-00337,INV-00337,2026-02-15,427367.5,Completed
PAY-00338,INV-00338,2026-02-04,261714.0,Completed
PAY-00339,INV-00339,2026-05-10,382237.92,Completed
PAY-00340,INV-00340,2026-03-20,124625.0,Completed
PAY-00341,INV-00341,2026-03-06,559859.35,Completed
PAY-00342,INV-00342,2026-03-21,218555.01,Completed
PAY-00343,INV-00343,2026-03-04,62701.32,Completed
PAY-00344,INV-00344,2026-04-13,285420.6,Completed
PAY-00345,INV-00345,2026-02-10,460170.89,Completed
PAY-00346,INV-00346,2026-05-20,22196.3,Completed
PAY-00347,INV-00347,2026-03-08,12281.36,Completed
PAY-00348,INV-00348,2026-02-14,41547.6,Completed
PAY-00349,INV-00349,2026-05-06,103002.76,Completed
PAY-00350,INV-00350,2026-05-03,48956.05,Completed
PAY-00351,INV-00351,2026-04-12,233883.66,Completed
PAY-00352,INV-00352,2026-03-20,237690.57,Completed
PAY-00353,INV-00353,2026-03-06,196085.13,Completed
PAY-00354,INV-00354,2026-02-27,1327.7,Completed
PAY-00355,INV-00355,2026-03-13,5256.72,Completed
PAY-00356,INV-00356,2026-03-31,446046.02,Completed
PAY-00357,INV-00357,2026-02-23,196126.42,Completed
PAY-00358,INV-00358,2026-05-14,14458.49,Completed
PAY-00359,INV-00359,2026-04-16,210921.48,Completed
PAY-00360,INV-00360,2026-02-12,14185.89,Completed
PAY-00361,INV-00361,2026-05-29,33462.05,Completed
PAY-00362,INV-00362,2026-02-11,28371.78,Completed
PAY-00363,INV-00363,2026-06-15,63915.6,Completed
PAY-00364,INV-00364,2026-02-26,211113.09,Completed
PAY-00365,INV-00365,2026-05-25,26379.29,Completed
PAY-00366,INV-00366,2026-03-15,26094.66,Completed
PAY-00367,INV-00367,2026-04-02,217121.52,Completed
PAY-00368,INV-00368,2026-05-05,20113.66,Completed
PAY-00369,INV-00369,2026-02-22,577201.83,Completed
PAY-00370,INV-00370,2026-03-23,56071.68,Completed
PAY-00371,INV-00371,2026-02-03,371198.19,Completed
PAY-00372,INV-00372,2026-03-07,44092.41,Completed
PAY-00373,INV-00373,2026-03-20,400361.59,Completed
PAY-00374,INV-00374,2026-01-31,4552.44,Completed
PAY-00375,INV-00375,2026-06-25,183008.47,Completed
PAY-00376,INV-00376,2026-04-04,143436.0,Completed
PAY-00377,INV-00377,2026-03-30,246946.28,Completed
PAY-00378,INV-00378,2026-06-01,110222.56,Completed
PAY-00379,INV-00379,2026-04-06,219785.35,Completed
PAY-00380,INV-00380,2026-06-06,227298.39,Completed
PAY-00381,INV-00381,2026-06-14,593783.52,Completed
PAY-00382,INV-00382,2026-04-12,15933.54,Completed
PAY-00383,INV-00383,2026-03-05,95879.94,Completed
PAY-00384,INV-00384,2026-03-02,161897.97,Completed
PAY-00385,INV-00385,2026-05-16,37293.36,Completed
PAY-00386,INV-00386,2026-06-22,98814.4,Completed
PAY-00387,INV-00387,2026-04-27,135048.86,Completed
PAY-00388,INV-00388,2026-04-21,538959.36,Completed
PAY-00389,INV-00389,2026-04-25,1358.4,Completed
PAY-00390,INV-00390,2026-05-31,308799.22,Completed
PAY-00391,INV-00391,2026-02-25,261579.9,Completed
PAY-00392,INV-00392,2026-02-18,569791.35,Completed
PAY-00393,INV-00393,2026-04-21,206040.1,Completed
PAY-00394,INV-00394,2026-05-07,199467.5,Completed
PAY-00395,INV-00395,2026-05-10,11117.34,Completed
PAY-00396,INV-00396,2026-03-25,323213.75,Completed
PAY-00397,INV-00397,2026-03-09,463850.52,Completed
PAY-00398,INV-00398,2026-05-07,77234.29,Completed
PAY-00399,INV-00399,2026-01-24,77471.51,Completed
PAY-00400,INV-00400,2026-02-24,78810.5,Completed
PAY-00401,INV-00401,2026-02-06,165540.15,Completed
PAY-00402,INV-00402,2026-04-27,129609.6,Completed
PAY-00403,INV-00403,2026-04-13,490445.2,Completed
PAY-00404,INV-00404,2026-05-25,89703.37,Completed
PAY-00405,INV-00405,2026-06-01,95429.88,Completed
PAY-00406,INV-00406,2026-04-21,212665.05,Completed
PAY-00407,INV-00407,2026-03-19,531709.98,Completed
PAY-00408,INV-00408,2026-02-26,62537.39,Completed
PAY-00409,INV-00409,2026-04-25,19451.04,Completed
PAY-00410,INV-00410,2026-04-11,116190.9,Completed
PAY-00411,INV-00411,2026-04-24,38349.36,Completed
PAY-00412,INV-00412,2026-03-04,166018.75,Completed
PAY-00413,INV-00413,2026-05-13,188121.26,Completed
PAY-00414,INV-00414,2026-02-14,379485.3,Completed
PAY-00415,INV-00415,2026-05-14,81740.97,Completed
PAY-00416,INV-00416,2026-02-26,226295.16,Completed
PAY-00417,INV-00417,2026-05-09,97747.79,Completed
PAY-00418,INV-00418,2026-05-25,55598.44,Completed
PAY-00419,INV-00419,2026-05-31,551173.07,Completed
PAY-00420,INV-00420,2026-04-09,176605.8,Completed
PAY-00421,INV-00421,2026-03-08,14750.76,Completed
PAY-00422,INV-00422,2026-04-30,111606.37,Completed
PAY-00423,INV-00423,2026-06-09,96359.6,Completed
PAY-00424,INV-00424,2026-05-20,141776.7,Completed
PAY-00425,INV-00425,2026-04-18,209055.75,Completed
PAY-00426,INV-00426,2026-04-26,18162.75,Completed
PAY-00427,INV-00427,2026-03-05,175541.6,Completed
PAY-00428,INV-00428,2026-03-16,85859.76,Completed
PAY-00429,INV-00429,2026-05-24,2470.83,Completed
PAY-00430,INV-00430,2026-06-16,129302.1,Completed
PAY-00431,INV-00431,2026-02-19,1952.5,Completed
PAY-00432,INV-00432,2026-04-03,78283.98,Completed
PAY-00433,INV-00433,2026-06-11,43172.92,Completed
PAY-00434,INV-00434,2026-04-25,276280.95,Completed
PAY-00435,INV-00435,2026-03-03,260332.75,Completed
PAY-00436,INV-00436,2026-05-13,44524.4,Completed
PAY-00437,INV-00437,2026-03-23,97908.7,Completed
PAY-00438,INV-00438,2026-03-10,188849.2,Completed
PAY-00439,INV-00439,2026-06-23,274997.25,Completed
PAY-00440,INV-00440,2026-04-29,376759.84,Completed
PAY-00441,INV-00441,2026-04-05,152279.52,Completed
PAY-00442,INV-00442,2026-04-06,176612.64,Completed
PAY-00443,INV-00443,2026-05-03,78473.97,Completed
PAY-00444,INV-00444,2026-02-03,129285.5,Completed
PAY-00445,INV-00445,2026-04-09,3592.6,Completed
PAY-00446,INV-00446,2026-03-18,191995.92,Completed
PAY-00447,INV-00447,2026-02-20,215399.14,Completed
PAY-00448,INV-00448,2026-06-24,69585.76,Completed
PAY-00449,INV-00449,2026-03-29,292225.56,Completed
PAY-00450,INV-00450,2026-03-09,15621.62,Completed
PAY-00451,INV-00451,2026-05-31,129518.76,Completed
PAY-00452,INV-00452,2026-02-14,8241.65,Completed
PAY-00453,INV-00453,2026-05-17,446396.0,Completed
PAY-00454,INV-00454,2026-02-24,53567.52,Completed
PAY-00455,INV-00455,2026-03-28,230778.45,Completed
PAY-00456,INV-00456,2026-05-15,299157.25,Completed
PAY-00457,INV-00457,2026-06-23,237690.57,Completed
PAY-00458,INV-00458,2026-02-20,14329.82,Completed
PAY-00459,INV-00459,2026-03-03,428568.9,Completed
PAY-00460,INV-00460,2026-01-26,1648.33,Completed
PAY-00461,INV-00461,2026-06-09,501739.2,Completed
PAY-00462,INV-00462,2026-03-16,106664.4,Completed
PAY-00463,INV-00463,2026-03-25,426212.78,Completed
PAY-00464,INV-00464,2026-06-19,32166.61,Completed
PAY-00465,INV-00465,2026-04-23,54675.67,Completed
PAY-00466,INV-00466,2026-03-23,527228.59,Completed
PAY-00467,INV-00467,2026-06-14,61145.37,Completed
PAY-00468,INV-00468,2026-03-16,202190.12,Completed
PAY-00469,INV-00469,2026-05-18,501733.8,Completed
PAY-00470,INV-00470,2026-04-02,218555.01,Completed
PAY-00471,INV-00471,2026-02-17,336199.24,Completed
PAY-00472,INV-00472,2026-02-15,549599.4,Completed
PAY-00473,INV-00473,2026-05-19,133439.8,Completed
PAY-00474,INV-00474,2026-05-01,188849.2,Completed
PAY-00475,INV-00475,2026-06-01,120183.61,Completed
PAY-00476,INV-00476,2026-04-25,62550.15,Completed
PAY-00477,INV-00477,2026-02-08,242135.11,Completed
PAY-00478,INV-00478,2026-02-10,260741.14,Completed
PAY-00479,INV-00479,2026-06-25,118030.75,Completed
PAY-00480,INV-00480,2026-06-27,8348.56,Completed
PAY-00481,INV-00481,2026-05-28,281049.73,Completed
PAY-00482,INV-00482,2026-05-31,155379.4,Completed
PAY-00483,INV-00483,2026-03-19,351062.8,Completed
PAY-00484,INV-00484,2026-02-27,116648.64,Completed
PAY-00485,INV-00485,2026-02-20,51714.2,Completed
PAY-00486,INV-00486,2026-06-11,336750.77,Completed
PAY-00487,INV-00487,2026-02-09,7586.59,Completed
PAY-00488,INV-00488,2026-03-08,120886.32,Completed
PAY-00489,INV-00489,2026-05-25,78284.68,Completed
PAY-00490,INV-00490,2026-03-13,472880.07,Completed
PAY-00491,INV-00491,2026-02-03,176703.72,Completed
PAY-00492,INV-00492,2026-05-14,251576.65,Completed
PAY-00493,INV-00493,2026-05-16,462871.11,Completed
PAY-00494,INV-00494,2026-04-06,222304.68,Completed
PAY-00495,INV-00495,2026-04-02,484170.9,Completed
PAY-00496,INV-00496,2026-05-07,9104.88,Completed
PAY-00497,INV-00497,2026-06-25,226108.85,Completed
PAY-00498,INV-00498,2026-05-17,147133.56,Completed
PAY-00499,INV-00499,2026-03-24,650943.84,Completed
PAY-00500,INV-00500,2026-03-28,33665.06,Completed
PAY-00501,INV-00501,2026-03-13,348701.33,Completed
PAY-00502,INV-00502,2026-02-09,526624.8,Completed
PAY-00503,INV-00503,2026-05-14,49044.52,Completed
PAY-00504,INV-00504,2026-06-03,186399.5,Completed
PAY-00505,INV-00505,2026-03-07,13963.97,Completed
PAY-00506,INV-00506,2026-04-04,152098.04,Completed
PAY-00507,INV-00507,2026-02-09,114516.8,Completed
PAY-00508,INV-00508,2026-03-22,7810.81,Completed
PAY-00509,INV-00509,2026-06-01,88056.76,Completed
PAY-00510,INV-00510,2026-06-09,358580.69,Completed
PAY-00511,INV-00511,2026-04-08,69585.76,Completed
PAY-00512,INV-00512,2026-03-12,40331.42,Completed
PAY-00513,INV-00513,2026-04-03,224329.44,Completed
PAY-00514,INV-00514,2026-06-17,232786.17,Completed
PAY-00515,INV-00515,2026-06-02,164753.29,Completed
PAY-00516,INV-00516,2026-03-27,9889.98,Completed
PAY-00517,INV-00517,2026-01-19,244442.0,Completed
PAY-00518,INV-00518,2026-05-29,313186.44,Completed
PAY-00519,INV-00519,2026-06-01,296932.3,Completed
PAY-00520,INV-00520,2026-05-25,2021.75,Completed
PAY-00521,INV-00521,2026-04-27,219785.35,Completed
PAY-00522,INV-00522,2026-03-29,74775.0,Completed
PAY-00523,INV-00523,2026-05-12,276178.89,Completed
PAY-00524,INV-00524,2026-07-13,55508.04,Completed
PAY-00525,INV-00525,2026-05-18,264967.85,Completed
PAY-00526,INV-00526,2026-05-21,221241.3,Completed
PAY-00527,INV-00527,2026-04-14,128458.72,Completed
PAY-00528,INV-00528,2026-02-18,83192.88,Completed
PAY-00529,INV-00529,2026-04-18,18205.96,Completed
PAY-00530,INV-00530,2026-03-28,108987.96,Completed
PAY-00531,INV-00531,2026-04-21,39848.94,Completed
PAY-00532,INV-00532,2026-05-27,69794.78,Completed
PAY-00533,INV-00533,2026-02-03,236217.03,Completed
PAY-00534,INV-00534,2026-05-01,114516.8,Completed
PAY-00535,INV-00535,2026-05-10,261038.47,Completed
PAY-00536,INV-00536,2026-03-03,31605.9,Completed
PAY-00537,INV-00537,2026-06-03,661258.92,Completed
PAY-00538,INV-00538,2026-03-24,7923.6,Completed
PAY-00539,INV-00539,2026-05-23,18164.66,Completed
PAY-00540,INV-00540,2026-04-16,441400.68,Completed
PAY-00541,INV-00541,2026-05-28,503516.49,Completed
PAY-00542,INV-00542,2026-05-28,181646.6,Completed
PAY-00543,INV-00543,2026-03-08,310386.84,Completed
PAY-00544,INV-00544,2026-06-01,95879.94,Completed
PAY-00545,INV-00545,2026-06-12,138595.86,Completed
PAY-00546,INV-00546,2026-05-03,11035.04,Completed
PAY-00547,INV-00547,2026-04-27,170114.1,Completed
PAY-00548,INV-00548,2026-02-20,242792.35,Completed
PAY-00549,INV-00549,2026-03-11,25020.66,Completed
PAY-00550,INV-00550,2026-03-31,13503.2,Completed
PAY-00551,INV-00551,2026-01-30,461205.12,Completed
PAY-00552,INV-00552,2026-02-06,265647.6,Completed
PAY-00553,INV-00553,2026-06-04,12910.1,Completed
PAY-00554,INV-00554,2026-05-09,86201.4,Completed
PAY-00555,INV-00555,2026-07-01,89048.8,Completed
PAY-00556,INV-00556,2026-01-27,142452.13,Completed
PAY-00557,INV-00557,2026-04-22,117737.2,Completed
PAY-00558,INV-00558,2026-04-03,38792.22,Completed
PAY-00559,INV-00559,2026-02-24,81367.98,Completed
PAY-00560,INV-00560,2026-02-17,516729.81,Completed
PAY-00561,INV-00561,2026-05-29,143280.88,Completed
PAY-00562,INV-00562,2026-04-21,601942.2,Completed
PAY-00563,INV-00563,2026-06-14,228074.34,Completed
PAY-00564,INV-00564,2026-04-08,66414.9,Completed
PAY-00565,INV-00565,2026-06-08,274641.27,Completed
PAY-00566,INV-00566,2026-04-30,528078.27,Completed
PAY-00567,INV-00567,2026-03-16,347928.8,Completed
PAY-00568,INV-00568,2026-05-02,14177.67,Completed
PAY-00569,INV-00569,2026-03-08,42984.76,Completed
PAY-00570,INV-00570,2026-06-14,11474.88,Completed
PAY-00571,INV-00571,2026-01-14,130072.09,Completed
PAY-00572,INV-00572,2026-05-10,151382.96,Completed
PAY-00573,INV-00573,2026-04-10,60856.07,Completed
PAY-00574,INV-00574,2026-04-01,130072.09,Completed
PAY-00575,INV-00575,2026-02-20,627167.25,Completed
PAY-00576,INV-00576,2026-03-12,67266.19,Completed
PAY-00577,INV-00577,2026-04-29,681080.89,Completed
PAY-00578,INV-00578,2026-03-31,224329.44,Completed
PAY-00579,INV-00579,2026-05-22,75406.5,Completed
PAY-00580,INV-00580,2026-04-07,18357.66,Completed
PAY-00581,INV-00581,2026-06-25,32714.71,Completed
PAY-00582,INV-00582,2026-03-04,184213.35,Completed
PAY-00583,INV-00583,2026-02-14,45411.65,Completed
PAY-00584,INV-00584,2026-03-04,117924.66,Completed
PAY-00585,INV-00585,2026-02-11,50876.32,Completed
PAY-00586,INV-00586,2026-01-27,20090.45,Completed
PAY-00587,INV-00587,2026-04-22,557570.27,Completed
PAY-00588,INV-00588,2026-06-23,10160.02,Completed
PAY-00589,INV-00589,2026-02-15,33665.06,Completed
PAY-00590,INV-00590,2026-06-08,14067.72,Completed
PAY-00591,INV-00591,2026-06-18,2716.8,Completed
PAY-00592,INV-00592,2026-05-14,179300.25,Completed
PAY-00593,INV-00593,2026-03-19,120449.5,Completed
PAY-00594,INV-00594,2026-05-12,108023.76,Completed
PAY-00595,INV-00595,2026-02-08,159070.85,Completed
PAY-00596,INV-00596,2026-04-14,303416.64,Completed
PAY-00597,INV-00597,2026-06-05,261257.49,Completed
PAY-00598,INV-00598,2026-04-26,11474.88,Completed
PAY-00599,INV-00599,2026-01-31,23306.58,Completed
PAY-00600,INV-00600,2026-03-09,125582.25,Completed
PAY-00601,INV-00601,2026-04-04,22796.02,Completed
PAY-00602,INV-00602,2026-06-19,271226.6,Completed
PAY-00603,INV-00603,2026-03-09,3202.1,Completed
PAY-00604,INV-00604,2026-02-02,242770.5,Completed
PAY-00605,INV-00605,2026-04-27,44023.54,Completed
PAY-00606,INV-00606,2026-05-05,504213.45,Completed
PAY-00607,INV-00607,2026-04-04,182007.28,Completed
PAY-00608,INV-00608,2026-06-04,64832.88,Completed
PAY-00609,INV-00609,2026-02-14,272180.16,Completed
PAY-00610,INV-00610,2026-02-13,90962.33,Completed
PAY-00611,INV-00611,2026-03-01,151121.37,Completed
PAY-00612,INV-00612,2026-06-26,303064.52,Completed
PAY-00613,INV-00613,2026-05-28,438076.86,Completed
PAY-00614,INV-00614,2026-05-02,70818.45,Completed
PAY-00615,INV-00615,2026-04-12,613006.17,Completed
PAY-00616,INV-00616,2026-05-13,236131.2,Completed
PAY-00617,INV-00617,2026-04-29,64880.98,Completed
PAY-00618,INV-00618,2026-06-11,500402.48,Completed
PAY-00619,INV-00619,2026-06-26,168492.48,Completed
PAY-00620,INV-00620,2026-04-12,249250.0,Completed
PAY-00621,INV-00621,2026-05-29,25379.92,Completed
PAY-00622,INV-00622,2026-05-10,190280.4,Completed
PAY-00623,INV-00623,2026-06-07,16552.08,Completed
PAY-00624,INV-00624,2026-02-23,241772.64,Completed
PAY-00625,INV-00625,2026-05-04,295211.9,Completed
PAY-00626,INV-00626,2026-03-19,378015.12,Completed
PAY-00627,INV-00627,2026-04-05,5554.01,Completed
PAY-00628,INV-00628,2026-01-25,4673.53,Completed
PAY-00629,INV-00629,2026-03-28,89496.32,Completed
PAY-00630,INV-00630,2026-04-07,96429.62,Completed
PAY-00631,INV-00631,2026-02-12,272735.24,Completed
PAY-00632,INV-00632,2026-04-15,31607.18,Completed
PAY-00633,INV-00633,2026-05-15,34484.5,Completed
PAY-00634,INV-00634,2026-05-03,87309.37,Completed
PAY-00635,INV-00635,2026-04-08,583791.3,Completed
PAY-00636,INV-00636,2026-02-15,272441.25,Completed
PAY-00637,INV-00637,2026-05-06,348773.2,Completed
PAY-00638,INV-00638,2026-07-06,444715.2,Completed
PAY-00639,INV-00639,2026-04-19,15554.17,Completed
PAY-00640,INV-00640,2026-05-13,512911.23,Completed
PAY-00641,INV-00641,2026-04-05,63080.64,Completed
PAY-00642,INV-00642,2026-02-22,14036.69,Completed
PAY-00643,INV-00643,2026-03-17,348701.33,Completed
PAY-00644,INV-00644,2026-02-28,136173.75,Completed
PAY-00645,INV-00645,2026-02-14,236217.03,Completed
PAY-00646,INV-00646,2026-03-13,55586.7,Completed
PAY-00647,INV-00647,2026-04-12,478954.71,Completed
PAY-00648,INV-00648,2026-04-13,224357.04,Completed
PAY-00649,INV-00649,2026-04-28,21026.88,Completed
PAY-00650,INV-00650,2026-03-04,458687.13,Completed
PAY-00651,INV-00651,2026-06-19,319578.0,Completed
PAY-00652,INV-00652,2026-03-18,208783.12,Completed
PAY-00653,INV-00653,2026-02-06,423762.0,Completed
PAY-00654,INV-00654,2026-06-08,300971.16,Completed
PAY-00655,INV-00655,2026-03-19,674362.5,Completed
PAY-00656,INV-00656,2026-03-17,3124.0,Completed
PAY-00657,INV-00657,2026-03-28,19335.0,Completed
PAY-00658,INV-00658,2026-06-20,82848.7,Completed
PAY-00659,INV-00659,2026-02-21,195270.25,Completed
PAY-00660,INV-00660,2026-05-11,408704.85,Completed
PAY-00661,INV-00661,2026-04-22,61921.62,Completed
PAY-00662,INV-00662,2026-06-24,42379.75,Completed
PAY-00663,INV-00663,2026-05-16,151708.32,Completed
PAY-00664,INV-00664,2026-04-15,98089.04,Completed
PAY-00665,INV-00665,2026-03-17,459922.65,Completed
PAY-00666,INV-00666,2026-04-29,67125.47,Completed
PAY-00667,INV-00667,2026-03-28,347490.25,Completed
PAY-00668,INV-00668,2026-05-20,581883.3,Completed
PAY-00669,INV-00669,2026-06-27,1640.1,Completed
PAY-00670,INV-00670,2026-03-06,66411.7,Completed
PAY-00671,INV-00671,2026-04-24,361889.58,Completed
PAY-00672,INV-00672,2026-03-09,273374.0,Completed
PAY-00673,INV-00673,2026-03-23,277992.2,Completed
PAY-00674,INV-00674,2026-05-08,340228.2,Completed
PAY-00675,INV-00675,2026-02-20,205204.32,Completed
PAY-00676,INV-00676,2026-02-24,375028.08,Completed
PAY-00677,INV-00677,2026-04-24,273460.22,Completed
PAY-00678,INV-00678,2026-03-14,24089.9,Completed
PAY-00679,INV-00679,2026-03-10,395072.1,Completed
PAY-00680,INV-00680,2026-02-23,492073.2,Completed
PAY-00681,INV-00681,2026-03-10,261322.5,Completed
PAY-00682,INV-00682,2026-05-08,11035.04,Completed
PAY-00683,INV-00683,2026-04-30,522639.8,Completed
PAY-00684,INV-00684,2026-02-15,197630.3,Completed
PAY-00685,INV-00685,2026-05-31,54557.86,Completed
PAY-00686,INV-00686,2026-06-25,472053.75,Completed
PAY-00687,INV-00687,2026-05-27,4584.6,Completed
PAY-00688,INV-00688,2026-04-19,224968.6,Completed
PAY-00689,INV-00689,2026-02-05,50040.12,Completed
PAY-00690,INV-00690,2026-02-13,33203.75,Completed
PAY-00691,INV-00691,2026-03-30,6391.56,Completed
PAY-00692,INV-00692,2026-03-06,280406.25,Completed
PAY-00693,INV-00693,2026-06-07,31724.9,Completed
PAY-00694,INV-00694,2026-05-13,42190.4,Completed
PAY-00695,INV-00695,2026-02-05,69769.48,Completed
PAY-00696,INV-00696,2026-04-09,80603.04,Completed
PAY-00697,INV-00697,2026-02-27,32370.25,Completed
PAY-00698,INV-00698,2026-02-28,16639.56,Completed
PAY-00699,INV-00699,2026-04-02,325260.78,Completed
PAY-00700,INV-00700,2026-07-01,88089.12,Completed
PAY-00701,INV-00701,2026-01-20,2655.59,Completed
PAY-00702,INV-00702,2026-03-17,22456.64,Completed
PAY-00703,INV-00703,2026-03-16,238330.95,Completed
PAY-00704,INV-00704,2026-02-28,262775.15,Completed
PAY-00705,INV-00705,2026-04-07,36391.5,Completed
PAY-00706,INV-00706,2026-04-20,252860.57,Completed
PAY-00707,INV-00707,2026-04-28,332037.5,Completed
PAY-00708,INV-00708,2026-05-12,69486.75,Completed
PAY-00709,INV-00709,2026-05-29,13495.08,Completed
PAY-00710,INV-00710,2026-04-01,227298.39,Completed
PAY-00711,INV-00711,2026-06-05,293025.25,Completed
PAY-00712,INV-00712,2026-05-31,77098.56,Completed
PAY-00713,INV-00713,2026-02-22,406839.9,Completed
PAY-00714,INV-00714,2026-03-22,103723.1,Completed
PAY-00715,INV-00715,2026-02-16,212882.04,Completed
PAY-00716,INV-00716,2026-02-04,431842.56,Completed
PAY-00717,INV-00717,2026-06-06,36329.32,Completed
PAY-00718,INV-00718,2026-05-14,125074.78,Completed
PAY-00719,INV-00719,2026-06-10,255318.4,Completed
PAY-00720,INV-00720,2026-01-27,51722.96,Completed
PAY-00721,INV-00721,2026-05-31,97747.79,Completed
PAY-00722,INV-00722,2026-02-05,361389.86,Completed
PAY-00723,INV-00723,2026-04-13,18393.35,Completed
PAY-00724,INV-00724,2026-05-20,200165.28,Completed
PAY-00725,INV-00725,2026-02-27,249945.92,Completed
PAY-00726,INV-00726,2026-03-01,332037.5,Completed
PAY-00727,INV-00727,2026-03-17,114638.56,Completed
PAY-00728,INV-00728,2026-03-13,60272.0,Completed
PAY-00729,INV-00729,2026-06-06,341894.0,Completed
PAY-00730,INV-00730,2026-06-01,108025.6,Completed
PAY-00731,INV-00731,2026-05-19,433451.34,Completed
PAY-00732,INV-00732,2026-05-06,60887.54,Completed
PAY-00733,INV-00733,2026-03-07,114638.56,Completed
PAY-00734,INV-00734,2026-05-07,221373.0,Completed
PAY-00735,INV-00735,2026-03-16,415140.48,Completed
PAY-00736,INV-00736,2026-02-26,133296.24,Completed
PAY-00737,INV-00737,2026-04-19,239877.45,Completed
PAY-00738,INV-00738,2026-02-24,483588.84,Completed
PAY-00739,INV-00739,2026-03-12,92110.2,Completed
PAY-00740,INV-00740,2026-03-10,4002.58,Completed
PAY-00741,INV-00741,2026-04-09,62312.5,Completed
PAY-00742,INV-00742,2026-05-17,33684.96,Completed
PAY-00743,INV-00743,2026-05-20,23199.26,Completed
PAY-00744,INV-00744,2026-05-04,65701.86,Completed
PAY-00745,INV-00745,2026-05-19,415447.84,Completed
PAY-00746,INV-00746,2026-06-11,99714.24,Completed
PAY-00747,INV-00747,2026-06-11,324024.0,Completed
PAY-00748,INV-00748,2026-06-10,70089.6,Completed
PAY-00749,INV-00749,2026-02-07,234546.84,Completed
PAY-00750,INV-00750,2026-02-17,353225.28,Completed
PAY-00751,INV-00751,2026-06-12,226928.8,Completed
PAY-00752,INV-00752,2026-06-23,294011.76,Completed
PAY-00753,INV-00753,2026-05-22,4075.2,Completed
PAY-00754,INV-00754,2026-06-20,419030.04,Completed
PAY-00755,INV-00755,2026-06-09,1880.48,Completed
PAY-00756,INV-00756,2026-02-07,72241.89,Completed
PAY-00757,INV-00757,2026-03-04,193570.43,Completed
PAY-00758,INV-00758,2026-06-17,579447.02,Completed
PAY-00759,INV-00759,2026-03-08,133177.8,Completed
PAY-00760,INV-00760,2026-04-17,442112.04,Completed
PAY-00761,INV-00761,2026-06-18,197145.74,Completed
PAY-00762,INV-00762,2026-02-15,27587.6,Completed
PAY-00763,INV-00763,2026-03-15,38853.35,Completed
PAY-00764,INV-00764,2026-05-15,649768.4,Completed
PAY-00765,INV-00765,2026-04-27,98270.55,Completed
PAY-00766,INV-00766,2026-04-22,9810.5,Completed
PAY-00767,INV-00767,2026-04-22,146974.7,Completed
PAY-00768,INV-00768,2026-04-20,61990.47,Completed
PAY-00769,INV-00769,2026-03-29,310573.6,Completed
PAY-00770,INV-00770,2026-03-15,16744.3,Completed
PAY-00771,INV-00771,2026-02-11,252863.52,Completed
PAY-00772,INV-00772,2026-04-24,348426.25,Completed
PAY-00773,INV-00773,2026-04-18,188931.12,Completed
PAY-00774,INV-00774,2026-05-12,312115.25,Completed
PAY-00775,INV-00775,2026-06-20,205863.25,Completed
PAY-00776,INV-00776,2026-02-13,531898.74,Completed
PAY-00777,INV-00777,2026-03-22,47822.71,Completed
PAY-00778,INV-00778,2026-04-09,121085.0,Completed
PAY-00779,INV-00779,2026-03-22,82891.75,Completed
PAY-00780,INV-00780,2026-02-16,135612.0,Completed
PAY-00781,INV-00781,2026-02-25,191488.8,Completed
PAY-00782,INV-00782,2026-03-25,205631.25,Completed
PAY-00783,INV-00783,2026-04-06,58005.0,Completed
PAY-00784,INV-00784,2026-05-02,357492.53,Completed
PAY-00785,INV-00785,2026-02-15,323098.71,Completed
PAY-00786,INV-00786,2026-02-26,365618.88,Completed
PAY-00787,INV-00787,2026-04-27,7810.81,Completed
PAY-00788,INV-00788,2026-04-26,43172.92,Completed
PAY-00789,INV-00789,2026-03-25,132175.48,Completed
PAY-00790,INV-00790,2026-05-11,387810.93,Completed
PAY-00791,INV-00791,2026-02-19,290774.28,Completed
PAY-00792,INV-00792,2026-03-13,1528.2,Completed
PAY-00793,INV-00793,2026-05-07,692144.6,Completed
PAY-00794,INV-00794,2026-02-25,117741.76,Completed
PAY-00795,INV-00795,2026-02-07,487891.17,Completed
PAY-00796,INV-00796,2026-03-21,582006.24,Completed
PAY-00797,INV-00797,2026-05-12,28056.64,Completed
PAY-00798,INV-00798,2026-02-11,181181.65,Completed
PAY-00799,INV-00799,2026-06-18,400852.94,Completed
PAY-00800,INV-00800,2026-05-16,339503.64,Completed
PAY-00801,INV-00801,2026-05-13,181240.74,Completed
PAY-00802,INV-00802,2026-03-27,89826.56,Completed
PAY-00803,INV-00803,2026-04-14,120510.92,Completed
PAY-00804,INV-00804,2026-03-08,4204.9,Completed
PAY-00805,INV-00805,2026-02-27,81661.89,Completed
PAY-00806,INV-00806,2026-04-29,23367.65,Completed
PAY-00807,INV-00807,2026-04-23,93468.75,Completed
PAY-00808,INV-00808,2026-04-25,112997.59,Completed
PAY-00809,INV-00809,2026-05-19,10358.48,Completed
PAY-00810,INV-00810,2026-03-29,51640.4,Completed
PAY-00811,INV-00811,2026-02-03,15378.05,Completed
PAY-00812,INV-00812,2026-02-22,72262.71,Completed
PAY-00813,INV-00813,2026-06-08,312477.2,Completed
PAY-00814,INV-00814,2026-05-09,83328.02,Completed
PAY-00815,INV-00815,2026-03-05,350280.84,Completed
PAY-00816,INV-00816,2026-05-25,114152.4,Completed
PAY-00817,INV-00817,2026-05-22,26593.61,Completed
PAY-00818,INV-00818,2026-04-20,18162.75,Completed
PAY-00819,INV-00819,2026-04-21,77094.5,Completed
PAY-00820,INV-00820,2026-04-19,6338.88,Completed
PAY-00821,INV-00821,2026-02-04,125325.77,Completed
PAY-00822,INV-00822,2026-02-05,12414.42,Completed
PAY-00823,INV-00823,2026-06-25,139471.29,Completed
PAY-00824,INV-00824,2026-02-24,184526.65,Completed
PAY-00825,INV-00825,2026-05-02,65108.76,Completed
PAY-00826,INV-00826,2026-04-17,194414.4,Completed
PAY-00827,INV-00827,2026-06-25,491928.24,Completed
PAY-00828,INV-00828,2026-05-03,89048.8,Completed
PAY-00829,INV-00829,2026-05-20,33665.06,Completed
PAY-00830,INV-00830,2026-06-18,63967.32,Completed
PAY-00831,INV-00831,2026-06-15,69841.14,Completed
PAY-00832,INV-00832,2026-05-27,63595.4,Completed
PAY-00833,INV-00833,2026-05-21,195495.58,Completed
PAY-00834,INV-00834,2026-04-09,20716.96,Completed
PAY-00835,INV-00835,2026-03-01,418742.4,Completed
PAY-00836,INV-00836,2026-05-14,132459.48,Completed
PAY-00837,INV-00837,2026-06-17,9635.96,Completed
PAY-00838,INV-00838,2026-04-19,4075.2,Completed
PAY-00839,INV-00839,2026-05-06,387651.84,Completed
PAY-00840,INV-00840,2026-07-07,278343.04,Completed
PAY-00841,INV-00841,2026-03-14,209303.75,Completed
PAY-00842,INV-00842,2026-05-12,163481.94,Completed
PAY-00843,INV-00843,2026-06-18,111496.4,Completed
PAY-00844,INV-00844,2026-06-03,253390.92,Completed
PAY-00845,INV-00845,2026-02-01,25566.24,Completed
PAY-00846,INV-00846,2026-04-21,37543.92,Completed
PAY-00847,INV-00847,2026-05-29,104391.56,Completed
PAY-00848,INV-00848,2026-04-13,200129.0,Completed
PAY-00849,INV-00849,2026-03-30,298349.26,Completed
PAY-00850,INV-00850,2026-03-08,165798.36,Completed
PAY-00851,INV-00851,2026-05-14,583688.7,Completed
PAY-00852,INV-00852,2026-02-26,262710.63,Completed
PAY-00853,INV-00853,2026-03-04,311169.3,Completed
PAY-00854,INV-00854,2026-05-26,375934.3,Completed
PAY-00855,INV-00855,2026-03-17,43838.5,Completed
PAY-00856,INV-00856,2026-02-17,26283.6,Completed
PAY-00857,INV-00857,2026-03-11,413229.6,Completed
PAY-00858,INV-00858,2026-02-16,438076.86,Completed
PAY-00859,INV-00859,2026-05-26,36391.5,Completed
PAY-00860,INV-00860,2026-04-19,195495.58,Completed
PAY-00861,INV-00861,2026-03-01,121439.64,Completed
PAY-00862,INV-00862,2026-05-20,375309.9,Completed
PAY-00863,INV-00863,2026-03-09,151356.25,Completed
PAY-00864,INV-00864,2026-02-14,145317.28,Completed
PAY-00865,INV-00865,2026-02-14,60272.0,Completed
PAY-00866,INV-00866,2026-02-28,80748.36,Completed
PAY-00867,INV-00867,2026-06-01,343864.92,Completed
PAY-00868,INV-00868,2026-04-25,140410.85,Completed
PAY-00869,INV-00869,2026-03-21,41424.35,Completed
PAY-00870,INV-00870,2026-02-21,26563.0,Completed
PAY-00871,INV-00871,2026-05-11,108490.64,Completed
PAY-00872,INV-00872,2026-02-10,404852.4,Completed
PAY-00873,INV-00873,2026-02-18,114981.9,Completed
PAY-00874,INV-00874,2026-06-25,439645.16,Completed
PAY-00875,INV-00875,2026-05-20,55850.9,Completed
PAY-00876,INV-00876,2026-04-10,4827.83,Completed
PAY-00877,INV-00877,2026-02-14,270299.23,Completed
PAY-00878,INV-00878,2026-01-31,236217.03,Completed
PAY-00879,INV-00879,2026-03-06,47617.05,Completed
PAY-00880,INV-00880,2026-02-13,18081.6,Completed
PAY-00881,INV-00881,2026-03-10,63595.4,Completed
PAY-00882,INV-00882,2026-05-16,92059.34,Completed
PAY-00883,INV-00883,2026-06-10,51720.84,Completed
PAY-00884,INV-00884,2026-02-15,553631.2,Completed
PAY-00885,INV-00885,2026-06-06,132598.4,Completed
PAY-00886,INV-00886,2026-06-12,244141.24,Completed
PAY-00887,INV-00887,2026-04-08,234186.22,Completed
PAY-00888,INV-00888,2026-06-03,155642.76,Completed
PAY-00889,INV-00889,2026-06-10,562421.5,Completed
PAY-00890,INV-00890,2026-05-19,38349.36,Completed
PAY-00891,INV-00891,2026-05-03,412810.8,Completed
PAY-00892,INV-00892,2026-03-30,121803.47,Completed
PAY-00893,INV-00893,2026-05-15,14758.2,Completed
PAY-00894,INV-00894,2026-06-03,3089.02,Completed
PAY-00895,INV-00895,2026-04-15,88294.5,Completed
PAY-00896,INV-00896,2026-02-22,305943.96,Completed
PAY-00897,INV-00897,2026-05-10,247036.0,Completed
PAY-00898,INV-00898,2026-05-06,31036.05,Completed
PAY-00899,INV-00899,2026-05-27,54505.68,Completed
PAY-00900,INV-00900,2026-02-08,274694.0,Completed
PAY-00901,INV-00901,2026-06-16,144525.42,Completed
PAY-00902,INV-00902,2026-03-26,499317.96,Completed
PAY-00903,INV-00903,2026-04-19,282684.73,Completed
PAY-00904,INV-00904,2026-05-12,32415.43,Completed
PAY-00905,INV-00905,2026-05-25,139909.88,Completed
PAY-00906,INV-00906,2026-03-04,363970.49,Completed
PAY-00907,INV-00907,2026-03-09,37387.5,Completed
PAY-00908,INV-00908,2026-03-17,10550.79,Completed
PAY-00909,INV-00909,2026-04-19,70926.94,Completed
PAY-00910,INV-00910,2026-02-20,276336.48,Completed
PAY-00911,INV-00911,2026-02-25,149124.64,Completed
PAY-00912,INV-00912,2026-03-09,623821.18,Completed
PAY-00913,INV-00913,2026-06-03,85827.91,Completed
PAY-00914,INV-00914,2026-05-30,72326.4,Completed
PAY-00915,INV-00915,2026-05-21,603562.68,Completed
PAY-00916,INV-00916,2026-02-24,146358.13,Completed
PAY-00917,INV-00917,2026-02-13,603078.72,Completed
PAY-00918,INV-00918,2026-06-12,54587.25,Completed
PAY-00919,INV-00919,2026-02-08,448311.83,Completed
PAY-00920,INV-00920,2026-04-21,312.4,Completed
PAY-00921,INV-00921,2026-03-15,83587.64,Completed
PAY-00922,INV-00922,2026-05-12,589482.72,Completed
PAY-00923,INV-00923,2026-01-14,319303.14,Completed
PAY-00924,INV-00924,2026-07-04,298102.08,Completed
PAY-00925,INV-00925,2026-03-07,280708.0,Completed
PAY-00926,INV-00926,2026-06-01,376304.4,Completed
PAY-00927,INV-00927,2026-03-20,103887.85,Completed
PAY-00928,INV-00928,2026-05-04,110222.56,Completed
PAY-00929,INV-00929,2026-02-24,589482.72,Completed
PAY-00930,INV-00930,2026-03-30,273460.22,Completed
PAY-00931,INV-00931,2026-05-09,292225.56,Completed
PAY-00932,INV-00932,2026-05-29,232219.9,Completed
PAY-00933,INV-00933,2026-05-24,14750.76,Completed
PAY-00934,INV-00934,2026-02-25,69353.24,Completed
PAY-00935,INV-00935,2026-04-02,276330.6,Completed
PAY-00936,INV-00936,2026-05-04,217390.94,Completed
PAY-00937,INV-00937,2026-03-21,160287.84,Completed
PAY-00938,INV-00938,2026-05-03,12614.7,Completed
PAY-00939,INV-00939,2026-05-11,18164.66,Completed
PAY-00940,INV-00940,2026-06-29,55142.76,Completed
PAY-00941,INV-00941,2026-01-20,77455.44,Completed
PAY-00942,INV-00942,2026-06-28,634268.76,Completed
PAY-00943,INV-00943,2026-02-22,234206.32,Completed
PAY-00944,INV-00944,2026-02-08,109327.4,Completed
PAY-00945,INV-00945,2026-05-14,557755.98,Completed
PAY-00946,INV-00946,2026-07-07,165680.18,Completed
PAY-00947,INV-00947,2026-06-08,1379.38,Completed
PAY-00948,INV-00948,2026-01-22,175573.25,Completed
PAY-00949,INV-00949,2026-04-30,254883.44,Completed
PAY-00950,INV-00950,2026-06-13,546.7,Completed
PAY-00951,INV-00951,2026-02-23,143298.2,Completed
PAY-00952,INV-00952,2026-02-05,39476.64,Completed
PAY-00953,INV-00953,2026-04-14,89826.56,Completed
PAY-00954,INV-00954,2026-07-16,636.59,Completed
PAY-00955,INV-00955,2026-05-23,165798.36,Completed
PAY-00956,INV-00956,2026-04-05,633606.26,Completed
PAY-00957,INV-00957,2026-04-06,199790.25,Completed
PAY-00958,INV-00958,2026-04-22,314392.96,Completed
PAY-00959,INV-00959,2026-02-24,278911.5,Completed
PAY-00960,INV-00960,2026-01-26,158029.5,Completed
PAY-00961,INV-00961,2026-06-14,472053.75,Completed
PAY-00962,INV-00962,2026-02-21,2811.6,Completed
PAY-00963,INV-00963,2026-03-15,199811.26,Completed
PAY-00964,INV-00964,2026-03-26,541996.65,Completed
PAY-00965,INV-00965,2026-01-26,63967.32,Completed
PAY-00966,INV-00966,2026-05-22,30367.47,Completed
PAY-00967,INV-00967,2026-03-03,94146.25,Completed
PAY-00968,INV-00968,2026-02-27,193928.25,Completed
PAY-00969,INV-00969,2026-05-25,3396.0,Completed
PAY-00970,INV-00970,2026-03-15,138625.6,Completed
PAY-00971,INV-00971,2026-01-16,428113.62,Completed
PAY-00972,INV-00972,2026-06-07,345913.24,Completed
PAY-00973,INV-00973,2026-03-02,658026.32,Completed
PAY-00974,INV-00974,2026-01-30,228943.44,Completed
PAY-00975,INV-00975,2026-05-05,75808.71,Completed
PAY-00976,INV-00976,2026-05-23,47563.5,Completed
PAY-00977,INV-00977,2026-06-08,38577.88,Completed
PAY-00978,INV-00978,2026-03-10,58636.71,Completed
PAY-00979,INV-00979,2026-02-23,164105.78,Completed
PAY-00980,INV-00980,2026-03-27,307207.34,Completed
PAY-00981,INV-00981,2026-02-11,263387.57,Completed
PAY-00982,INV-00982,2026-02-13,41357.07,Completed
PAY-00983,INV-00983,2026-02-02,20081.04,Completed
PAY-00984,INV-00984,2026-04-08,193961.1,Completed
PAY-00985,INV-00985,2026-05-19,6792.0,Completed
PAY-00986,INV-00986,2026-05-15,24182.85,Completed
PAY-00987,INV-00987,2026-03-13,287737.59,Completed
PAY-00988,INV-00988,2026-03-09,71808.3,Completed
PAY-00989,INV-00989,2026-06-13,718527.0,Completed
PAY-00990,INV-00990,2026-04-14,259172.54,Completed
PAY-00991,INV-00991,2026-02-09,67451.72,Completed
PAY-00992,INV-00992,2026-03-19,129092.4,Completed
PAY-00993,INV-00993,2026-04-22,44504.91,Completed
PAY-00994,INV-00994,2026-05-15,46256.7,Completed
PAY-00995,INV-00995,2026-03-17,162092.0,Completed
PAY-00996,INV-00996,2026-01-22,404219.52,Completed
PAY-00997,INV-00997,2026-05-07,7357.34,Completed
PAY-00998,INV-00998,2026-03-02,478149.89,Completed
PAY-00999,INV-00999,2026-01-18,59773.41,Completed
PAY-01000,INV-01000,2026-04-21,333536.4,Completed
PAY-01001,INV-01001,2026-02-04,98270.55,Completed
PAY-01002,INV-01002,2026-04-07,692144.6,Completed
PAY-01003,INV-01003,2026-06-23,272301.09,Completed
PAY-01004,INV-01004,2026-06-16,338983.76,Completed
PAY-01005,INV-01005,2026-03-24,57815.76,Completed
PAY-01006,INV-01006,2026-03-26,72505.66,Completed
PAY-01007,INV-01007,2026-04-18,25642.05,Completed
PAY-01008,INV-01008,2026-05-13,172195.75,Completed
PAY-01009,INV-01009,2026-03-21,263986.42,Completed
PAY-01010,INV-01010,2026-06-28,232666.56,Completed
PAY-01011,INV-01011,2026-04-27,20905.8,Completed
PAY-01012,INV-01012,2026-04-08,155954.37,Completed
PAY-01013,INV-01013,2026-04-03,9517.47,Completed
PAY-01014,INV-01014,2026-03-10,562421.5,Completed
PAY-01015,INV-01015,2026-04-03,502968.9,Completed
PAY-01016,INV-01016,2026-04-14,59444.54,Completed
PAY-01017,INV-01017,2026-05-20,136544.7,Completed
PAY-01018,INV-01018,2026-06-14,461093.5,Completed
PAY-01019,INV-01019,2026-02-17,39308.22,Completed
PAY-01020,INV-01020,2026-04-26,306794.88,Completed
PAY-01021,INV-01021,2026-05-08,480714.5,Completed
PAY-01022,INV-01022,2026-04-08,60542.5,Completed
PAY-01023,INV-01023,2026-07-02,142503.0,Completed
PAY-01024,INV-01024,2026-02-05,134443.1,Completed
PAY-01025,INV-01025,2026-04-13,166768.2,Completed
PAY-01026,INV-01026,2026-01-30,195118.7,Completed
PAY-01027,INV-01027,2026-05-15,77252.07,Completed
PAY-01028,INV-01028,2026-04-27,41397.19,Completed
PAY-01029,INV-01029,2026-03-06,273460.22,Completed
PAY-01030,INV-01030,2026-07-03,143616.6,Completed
PAY-01031,INV-01031,2026-05-12,285141.12,Completed
PAY-01032,INV-01032,2026-05-12,207764.24,Completed
PAY-01033,INV-01033,2026-04-17,124071.21,Completed
PAY-01034,INV-01034,2026-05-23,336199.24,Completed
PAY-01035,INV-01035,2026-04-15,374931.19,Completed
PAY-01036,INV-01036,2026-06-03,466647.09,Completed
PAY-01037,INV-01037,2026-05-06,24928.56,Completed
PAY-01038,INV-01038,2026-05-12,74707.88,Completed
PAY-01039,INV-01039,2026-02-16,213328.8,Completed
PAY-01040,INV-01040,2026-02-08,11760.47,Completed
PAY-01041,INV-01041,2026-03-06,80072.96,Completed
PAY-01042,INV-01042,2026-02-28,116074.82,Completed
PAY-01043,INV-01043,2026-02-14,25438.16,Completed
PAY-01044,INV-01044,2026-05-04,4002.58,Completed
PAY-01045,INV-01045,2026-03-12,13775.66,Completed
PAY-01046,INV-01046,2026-04-16,100967.13,Completed
PAY-01047,INV-01047,2026-05-05,435702.34,Completed
PAY-01048,INV-01048,2026-06-10,32166.61,Completed
PAY-01049,INV-01049,2026-01-20,166620.3,Completed
PAY-01050,INV-01050,2026-05-03,435841.03,Completed
PAY-01051,INV-01051,2026-06-08,284787.93,Completed
PAY-01052,INV-01052,2026-03-13,212450.96,Completed
PAY-01053,INV-01053,2026-01-23,590919.06,Completed
PAY-01054,INV-01054,2026-04-01,86343.72,Completed
PAY-01055,INV-01055,2026-02-18,118338.74,Completed
PAY-01056,INV-01056,2026-02-14,63998.64,Completed
PAY-01057,INV-01057,2026-05-31,304732.96,Completed
PAY-01058,INV-01058,2026-03-08,17828.1,Completed
PAY-01059,INV-01059,2026-06-29,12292.3,Completed
PAY-01060,INV-01060,2026-03-07,21026.88,Completed
PAY-01061,INV-01061,2026-04-06,263413.93,Completed
PAY-01062,INV-01062,2026-03-22,268382.6,Completed
PAY-01063,INV-01063,2026-03-30,859.1,Completed
PAY-01064,INV-01064,2026-06-06,29435.44,Completed
PAY-01065,INV-01065,2026-02-15,658026.32,Completed
PAY-01066,INV-01066,2026-05-16,504213.45,Completed
PAY-01067,INV-01067,2026-02-14,2408.99,Completed
PAY-01068,INV-01068,2026-05-28,244771.75,Completed
PAY-01069,INV-01069,2026-05-22,25057.77,Completed
PAY-01070,INV-01070,2026-05-02,664119.0,Completed
PAY-01071,INV-01071,2026-05-02,165307.92,Completed
PAY-01072,INV-01072,2026-03-17,29810.18,Completed
PAY-01073,INV-01073,2026-02-18,52483.86,Completed
PAY-01074,INV-01074,2026-06-02,298833.75,Completed
PAY-01075,INV-01075,2026-07-09,90811.98,Completed
PAY-01076,INV-01076,2026-02-27,121085.0,Completed
PAY-01077,INV-01077,2026-06-01,68739.5,Completed
PAY-01078,INV-01078,2026-05-05,27122.4,Completed
PAY-01079,INV-01079,2026-05-17,36500.49,Completed
PAY-01080,INV-01080,2026-04-03,78739.01,Completed
PAY-01081,INV-01081,2026-02-10,31156.25,Completed
PAY-01082,INV-01082,2026-05-11,305331.25,Completed
PAY-01083,INV-01083,2026-02-15,117530.4,Completed
PAY-01084,INV-01084,2026-05-18,354196.8,Completed
PAY-01085,INV-01085,2026-04-12,348773.2,Completed
PAY-01086,INV-01086,2026-04-27,609737.58,Completed
PAY-01087,INV-01087,2026-02-13,545630.85,Completed
PAY-01088,INV-01088,2026-05-08,459922.65,Completed
PAY-01089,INV-01089,2026-01-18,18422.04,Completed
PAY-01090,INV-01090,2026-05-28,517229.6,Completed
PAY-01091,INV-01091,2026-05-12,357974.37,Completed
PAY-01092,INV-01092,2026-06-10,38056.08,Completed
PAY-01093,INV-01093,2026-03-06,58858.72,Completed
PAY-01094,INV-01094,2026-02-27,229634.16,Completed
PAY-01095,INV-01095,2026-03-25,55983.89,Completed
PAY-01096,INV-01096,2026-03-11,150680.0,Completed
PAY-01097,INV-01097,2026-05-10,306178.88,Completed
PAY-01098,INV-01098,2026-04-01,247465.46,Completed
PAY-01099,INV-01099,2026-02-20,358580.69,Completed
PAY-01100,INV-01100,2026-02-18,93501.24,Completed
PAY-01101,INV-01101,2026-06-06,352594.58,Completed
PAY-01102,INV-01102,2026-04-06,568952.56,Completed
PAY-01103,INV-01103,2026-02-25,242245.08,Completed
PAY-01104,INV-01104,2026-04-15,151228.48,Completed
PAY-01105,INV-01105,2026-02-26,215975.81,Completed
PAY-01106,INV-01106,2026-02-07,120732.39,Completed
PAY-01107,INV-01107,2026-02-01,146502.59,Completed
PAY-01108,INV-01108,2026-05-22,286179.3,Completed
PAY-01109,INV-01109,2026-03-09,73628.46,Completed
PAY-01110,INV-01110,2026-06-19,96255.18,Completed
PAY-01111,INV-01111,2026-01-31,310582.9,Completed
PAY-01112,INV-01112,2026-02-24,27551.32,Completed
PAY-01113,INV-01113,2026-05-10,196494.24,Completed
PAY-01114,INV-01114,2026-03-11,278798.24,Completed
PAY-01115,INV-01115,2026-04-18,37807.12,Completed
PAY-01116,INV-01116,2026-06-07,457504.2,Completed
PAY-01117,INV-01117,2026-03-13,166190.4,Completed
PAY-01118,INV-01118,2026-04-16,27794.7,Completed
PAY-01119,INV-01119,2026-02-21,19667.68,Completed
PAY-01120,INV-01120,2026-02-25,307704.6,Completed
PAY-01121,INV-01121,2026-03-02,142214.05,Completed
PAY-01122,INV-01122,2026-01-28,318604.3,Completed
PAY-01123,INV-01123,2026-03-24,68328.66,Completed
PAY-01124,INV-01124,2026-04-17,85554.7,Completed
PAY-01125,INV-01125,2026-03-28,28538.1,Completed
PAY-01126,INV-01126,2026-05-01,42736.75,Completed
PAY-01127,INV-01127,2026-04-29,71483.3,Completed
PAY-01128,INV-01128,2026-06-12,191614.73,Completed
PAY-01129,INV-01129,2026-04-23,80760.8,Completed
PAY-01130,INV-01130,2026-04-23,104685.6,Completed
PAY-01131,INV-01131,2026-02-09,30837.8,Completed
PAY-01132,INV-01132,2026-04-07,68536.09,Completed
PAY-01133,INV-01133,2026-02-23,241772.64,Completed
PAY-01134,INV-01134,2026-06-18,272180.16,Completed
PAY-01135,INV-01135,2026-03-07,281552.23,Completed
PAY-01136,INV-01136,2026-01-26,55266.12,Completed
PAY-01137,INV-01137,2026-02-05,279431.49,Completed
PAY-01138,INV-01138,2026-03-02,157880.88,Completed
PAY-01139,INV-01139,2026-06-06,32966.6,Completed
PAY-01140,INV-01140,2026-02-06,73566.78,Completed
PAY-01141,INV-01141,2026-02-05,274694.0,Completed
PAY-01142,INV-01142,2026-06-10,444112.2,Completed
PAY-01143,INV-01143,2026-03-08,194390.35,Completed
PAY-01144,INV-01144,2026-06-01,137610.33,Completed
PAY-01145,INV-01145,2026-03-16,331491.18,Completed
PAY-01146,INV-01146,2026-05-29,266387.0,Completed
PAY-01147,INV-01147,2026-04-03,1576.21,Completed
PAY-01148,INV-01148,2026-03-26,259347.2,Completed
PAY-01149,INV-01149,2026-04-16,131102.76,Completed
PAY-01150,INV-01150,2026-03-11,313307.84,Completed
PAY-01151,INV-01151,2026-05-09,47731.41,Completed
PAY-01152,INV-01152,2026-04-29,250866.9,Completed
PAY-01153,INV-01153,2026-05-22,8719.33,Completed
PAY-01154,INV-01154,2026-02-08,42236.91,Completed
PAY-01155,INV-01155,2026-03-13,14017.92,Completed
PAY-01156,INV-01156,2026-03-09,79272.5,Completed
PAY-01157,INV-01157,2026-02-12,302712.5,Completed
PAY-01158,INV-01158,2026-04-22,387810.93,Completed
PAY-01159,INV-01159,2026-02-19,370534.56,Completed
PAY-01160,INV-01160,2026-02-12,400785.05,Completed
PAY-01161,INV-01161,2026-06-15,303661.05,Completed
PAY-01162,INV-01162,2026-02-15,362060.72,Completed
PAY-01163,INV-01163,2026-02-21,391419.9,Completed
PAY-01164,INV-01164,2026-03-19,266655.48,Completed
PAY-01165,INV-01165,2026-02-16,170145.56,Completed
PAY-01166,INV-01166,2026-03-02,98144.13,Completed
PAY-01167,INV-01167,2026-04-09,279018.56,Completed
PAY-01168,INV-01168,2026-02-22,97953.68,Completed
PAY-01169,INV-01169,2026-06-19,95950.98,Completed
PAY-01170,INV-01170,2026-02-19,103280.8,Completed
PAY-01171,INV-01171,2026-03-15,437398.4,Completed
PAY-01172,INV-01172,2026-03-11,337770.81,Completed
PAY-01173,INV-01173,2026-07-08,78326.96,Completed
PAY-01174,INV-01174,2026-05-27,478954.71,Completed
PAY-01175,INV-01175,2026-04-22,393533.53,Completed
PAY-01176,INV-01176,2026-06-05,72081.08,Completed
PAY-01177,INV-01177,2026-05-07,71320.48,Completed
PAY-01178,INV-01178,2026-06-17,147869.74,Completed
PAY-01179,INV-01179,2026-04-02,128210.25,Completed
PAY-01180,INV-01180,2026-03-29,44913.28,Completed
PAY-01181,INV-01181,2026-03-12,530160.34,Completed
PAY-01182,INV-01182,2026-05-03,150084.09,Completed
PAY-01183,INV-01183,2026-04-20,222116.83,Completed
PAY-01184,INV-01184,2026-04-08,323728.01,Completed
PAY-01185,INV-01185,2026-03-25,90813.75,Completed
PAY-01186,INV-01186,2026-06-25,78440.88,Completed
PAY-01187,INV-01187,2026-03-06,4824.78,Completed
PAY-01188,INV-01188,2026-03-15,7527.42,Completed
PAY-01189,INV-01189,2026-03-14,26721.51,Completed
PAY-01190,INV-01190,2026-04-24,437904.48,Completed
PAY-01191,INV-01191,2026-02-03,71808.3,Completed
PAY-01192,INV-01192,2026-03-22,429139.55,Completed
PAY-01193,INV-01193,2026-02-16,78814.01,Completed
PAY-01194,INV-01194,2026-03-11,98768.59,Completed
PAY-01195,INV-01195,2026-02-07,153903.24,Completed
PAY-01196,INV-01196,2026-01-18,358988.7,Completed
PAY-01197,INV-01197,2026-02-21,196085.13,Completed
PAY-01198,INV-01198,2026-02-10,155168.88,Completed
PAY-01199,INV-01199,2026-03-10,181646.6,Completed
PAY-01200,INV-01200,2026-05-11,123423.82,Completed
PAY-01201,INV-01201,2026-02-06,192296.49,Completed
PAY-01202,INV-01202,2026-02-17,53306.1,Completed
PAY-01203,INV-01203,2026-03-02,98347.19,Completed
PAY-01204,INV-01204,2026-04-07,334492.8,Completed
PAY-01205,INV-01205,2026-06-13,214982.38,Completed
PAY-01206,INV-01206,2026-02-18,404750.12,Completed
PAY-01207,INV-01207,2026-02-20,387922.2,Completed
PAY-01208,INV-01208,2026-03-29,77530.96,Completed
PAY-01209,INV-01209,2026-04-21,6593.32,Completed
PAY-01210,INV-01210,2026-05-19,141254.0,Completed
PAY-01211,INV-01211,2026-01-17,8150.4,Completed
PAY-01212,INV-01212,2026-06-07,5064.2,Completed
PAY-01213,INV-01213,2026-02-09,50547.53,Completed
PAY-01214,INV-01214,2026-05-25,596764.44,Completed
PAY-01215,INV-01215,2026-04-01,69170.08,Completed
PAY-01216,INV-01216,2026-04-19,238330.95,Completed
PAY-01217,INV-01217,2026-05-28,7734.0,Completed
PAY-01218,INV-01218,2026-03-16,505952.46,Completed
PAY-01219,INV-01219,2026-01-19,48456.85,Completed
PAY-01220,INV-01220,2026-04-06,45899.52,Completed
PAY-01221,INV-01221,2026-06-08,193827.4,Completed
PAY-01222,INV-01222,2026-04-07,7980.6,Completed
PAY-01223,INV-01223,2026-03-11,81129.18,Completed
PAY-01224,INV-01224,2026-02-05,36736.5,Completed
PAY-01225,INV-01225,2026-02-09,593439.0,Completed
PAY-01226,INV-01226,2026-06-10,37549.49,Completed
PAY-01227,INV-01227,2026-04-26,480833.4,Completed
PAY-01228,INV-01228,2026-03-18,254849.71,Completed
PAY-01229,INV-01229,2026-02-07,28355.34,Completed
PAY-01230,INV-01230,2026-04-06,233883.66,Completed
PAY-01231,INV-01231,2026-02-18,512192.1,Completed
PAY-01232,INV-01232,2026-02-25,80178.28,Completed
PAY-01233,INV-01233,2026-06-03,325471.92,Completed
PAY-01234,INV-01234,2026-06-11,328054.02,Completed
PAY-01235,INV-01235,2026-06-13,227058.25,Completed
PAY-01236,INV-01236,2026-02-13,9385.98,Completed
PAY-01237,INV-01237,2026-06-23,63576.31,Completed
PAY-01238,INV-01238,2026-05-12,184181.36,Completed
PAY-01239,INV-01239,2026-03-15,41811.15,Completed
PAY-01240,INV-01240,2026-03-12,503493.9,Completed
PAY-01241,INV-01241,2026-04-16,27799.22,Completed
PAY-01242,INV-01242,2026-04-03,235542.6,Completed
PAY-01243,INV-01243,2026-05-28,109235.76,Completed
PAY-01244,INV-01244,2026-05-12,397378.44,Completed
PAY-01245,INV-01245,2026-05-10,526624.8,Completed
PAY-01246,INV-01246,2026-04-17,129307.4,Completed
PAY-01247,INV-01247,2026-02-26,6483.68,Completed
PAY-01248,INV-01248,2026-05-16,647388.0,Completed
PAY-01249,INV-01249,2026-06-07,122070.62,Completed
PAY-01250,INV-01250,2026-04-28,104685.6,Completed
PAY-01251,INV-01251,2026-05-04,156237.82,Completed
PAY-01252,INV-01252,2026-02-21,488207.88,Completed
PAY-01253,INV-01253,2026-05-08,6792.0,Completed
PAY-01254,INV-01254,2026-02-24,350274.78,Completed
PAY-01255,INV-01255,2026-05-28,33317.26,Completed
PAY-01256,INV-01256,2026-03-18,405656.7,Completed
PAY-01257,INV-01257,2026-05-19,404617.29,Completed
PAY-01258,INV-01258,2026-04-21,1409.67,Completed
PAY-01259,INV-01259,2026-06-08,114099.86,Completed
PAY-01260,INV-01260,2026-07-08,49044.52,Completed
PAY-01261,INV-01261,2026-03-02,139455.75,Completed
PAY-01262,INV-01262,2026-03-22,386757.3,Completed
PAY-01263,INV-01263,2026-06-07,8904.88,Completed
PAY-01264,INV-01264,2026-01-25,29516.4,Completed
PAY-01265,INV-01265,2026-05-13,95393.1,Completed
PAY-01266,INV-01266,2026-05-10,497130.33,Completed
PAY-01267,INV-01267,2026-02-21,174397.77,Completed
PAY-01268,INV-01268,2026-02-14,80178.28,Completed
PAY-01269,INV-01269,2026-05-10,68830.52,Completed
PAY-01270,INV-01270,2026-05-09,83140.5,Completed
PAY-01271,INV-01271,2026-02-23,140090.3,Completed
PAY-01272,INV-01272,2026-03-03,473859.7,Completed
PAY-01273,INV-01273,2026-03-09,41357.07,Completed
PAY-01274,INV-01274,2026-03-29,110813.54,Completed
PAY-01275,INV-01275,2026-05-26,4931.81,Completed
PAY-01276,INV-01276,2026-04-14,92093.65,Completed
PAY-01277,INV-01277,2026-05-23,62533.23,Completed
PAY-01278,INV-01278,2026-05-19,1980.9,Completed
PAY-01279,INV-01279,2026-05-29,358988.7,Completed
PAY-01280,INV-01280,2026-05-03,8276.28,Completed
PAY-01281,INV-01281,2026-03-15,103280.8,Completed
PAY-01282,INV-01282,2026-04-15,200112.12,Completed
PAY-01283,INV-01283,2026-03-18,596204.16,Completed
PAY-01284,INV-01284,2026-06-14,272180.16,Completed
PAY-01285,INV-01285,2026-05-23,3169.44,Completed
PAY-01286,INV-01286,2026-05-07,543091.08,Completed
PAY-01287,INV-01287,2026-05-21,5943.0,Completed
PAY-01288,INV-01288,2026-04-23,398471.4,Completed
PAY-01289,INV-01289,2026-04-14,212504.0,Completed
PAY-01290,INV-01290,2026-04-17,74010.72,Completed
PAY-01291,INV-01291,2026-01-30,2655.59,Completed
PAY-01292,INV-01292,2026-03-17,279254.5,Completed
PAY-01293,INV-01293,2026-03-20,83992.24,Completed
PAY-01294,INV-01294,2026-04-12,44469.36,Completed
PAY-01295,INV-01295,2026-06-21,296457.22,Completed
PAY-01296,INV-01296,2026-06-10,209459.55,Completed
PAY-01297,INV-01297,2026-02-05,268445.52,Completed
PAY-01298,INV-01298,2026-02-13,103586.57,Completed
PAY-01299,INV-01299,2026-03-16,94741.5,Completed
PAY-01300,INV-01300,2026-04-26,95334.86,Completed
PAY-01301,INV-01301,2026-05-21,191330.36,Completed
PAY-01302,INV-01302,2026-02-02,265101.67,Completed
PAY-01303,INV-01303,2026-05-19,162038.4,Completed
PAY-01304,INV-01304,2026-06-10,17212.32,Completed
PAY-01305,INV-01305,2026-03-13,24925.0,Completed
PAY-01306,INV-01306,2026-02-22,84596.36,Completed
PAY-01307,INV-01307,2026-04-04,546.7,Completed
PAY-01308,INV-01308,2026-02-17,250152.3,Completed
PAY-01309,INV-01309,2026-04-13,361389.86,Completed
PAY-01310,INV-01310,2026-04-03,191614.73,Completed
PAY-01311,INV-01311,2026-01-23,455621.57,Completed
PAY-01312,INV-01312,2026-03-03,367833.9,Completed
PAY-01313,INV-01313,2026-05-12,60625.65,Completed
PAY-01314,INV-01314,2026-04-15,74678.69,Completed
PAY-01315,INV-01315,2026-06-23,183436.11,Completed
PAY-01316,INV-01316,2026-02-22,47801.57,Completed
PAY-01317,INV-01317,2026-06-25,379.37,Completed
PAY-01318,INV-01318,2026-04-17,244376.44,Completed
PAY-01319,INV-01319,2026-02-28,293722.56,Completed
PAY-01320,INV-01320,2026-04-21,40167.97,Completed
PAY-01321,INV-01321,2026-05-26,119475.98,Completed
PAY-01322,INV-01322,2026-04-28,38577.88,Completed
PAY-01323,INV-01323,2026-05-16,83623.2,Completed
PAY-01324,INV-01324,2026-02-22,151376.4,Completed
PAY-01325,INV-01325,2026-05-22,186937.5,Completed
PAY-01326,INV-01326,2026-02-17,282460.47,Completed
PAY-01327,INV-01327,2026-01-29,260332.75,Completed
PAY-01328,INV-01328,2026-02-14,403554.48,Completed
PAY-01329,INV-01329,2026-04-06,613230.2,Completed
PAY-01330,INV-01330,2026-05-09,116296.44,Completed
PAY-01331,INV-01331,2026-06-14,287233.2,Completed
PAY-01332,INV-01332,2026-02-23,66704.04,Completed
PAY-01333,INV-01333,2026-03-02,188103.96,Completed
PAY-01334,INV-01334,2026-05-24,442746.0,Completed
PAY-01335,INV-01335,2026-05-17,143102.3,Completed
PAY-01336,INV-01336,2026-06-15,155600.13,Completed
PAY-01337,INV-01337,2026-05-27,65701.86,Completed
PAY-01338,INV-01338,2026-04-08,64608.64,Completed
PAY-01339,INV-01339,2026-03-26,54488.25,Completed
PAY-01340,INV-01340,2026-04-16,532879.78,Completed
PAY-01341,INV-01341,2026-02-13,61035.31,Completed
PAY-01342,INV-01342,2026-05-25,22987.04,Completed
PAY-01343,INV-01343,2026-03-13,207782.39,Completed
PAY-01344,INV-01344,2026-05-05,239022.81,Completed
PAY-01345,INV-01345,2026-05-23,233345.84,Completed
PAY-01346,INV-01346,2026-05-13,121251.3,Completed
PAY-01347,INV-01347,2026-02-16,31358.7,Completed
PAY-01348,INV-01348,2026-02-09,7033.86,Completed
PAY-01349,INV-01349,2026-04-30,234186.22,Completed
PAY-01350,INV-01350,2026-03-18,234679.16,Completed
PAY-01351,INV-01351,2026-04-06,432883.07,Completed
PAY-01352,INV-01352,2026-03-18,132783.77,Completed
PAY-01353,INV-01353,2026-06-21,15418.9,Completed
PAY-01354,INV-01354,2026-04-02,308646.87,Completed
PAY-01355,INV-01355,2026-02-15,34189.4,Completed
PAY-01356,INV-01356,2026-02-12,251767.88,Completed
PAY-01357,INV-01357,2026-04-13,288999.97,Completed
PAY-01358,INV-01358,2026-03-26,57881.72,Completed
PAY-01359,INV-01359,2026-05-31,197594.89,Completed
PAY-01360,INV-01360,2026-03-10,299157.25,Completed
PAY-01361,INV-01361,2026-03-17,322615.21,Completed
PAY-01362,INV-01362,2026-04-26,212882.04,Completed
PAY-01363,INV-01363,2026-02-08,2655.59,Completed
PAY-01364,INV-01364,2026-02-11,246258.24,Completed
PAY-01365,INV-01365,2026-05-02,7881.05,Completed
PAY-01366,INV-01366,2026-06-03,38765.48,Completed
PAY-01367,INV-01367,2026-06-17,310758.8,Completed
PAY-01368,INV-01368,2026-04-28,101095.06,Completed
PAY-01369,INV-01369,2026-04-09,7641.0,Completed
PAY-01370,INV-01370,2026-05-14,42989.46,Completed
PAY-01371,INV-01371,2026-03-05,79496.67,Completed
PAY-01372,INV-01372,2026-05-08,52342.8,Completed
PAY-01373,INV-01373,2026-06-12,5737.44,Completed
PAY-01374,INV-01374,2026-05-02,330437.88,Completed
PAY-01375,INV-01375,2026-03-04,169519.0,Completed
PAY-01376,INV-01376,2026-03-23,473719.68,Completed
PAY-01377,INV-01377,2026-02-01,24217.0,Completed
PAY-01378,INV-01378,2026-03-28,230602.56,Completed
PAY-01379,INV-01379,2026-05-13,52239.06,Completed
PAY-01380,INV-01380,2026-05-28,517427.78,Completed
PAY-01381,INV-01381,2026-06-04,222332.4,Completed
PAY-01382,INV-01382,2026-02-27,75012.17,Completed
PAY-01383,INV-01383,2026-06-19,62486.48,Completed
PAY-01384,INV-01384,2026-01-23,8005.16,Completed
PAY-01385,INV-01385,2026-03-31,25370.72,Completed
PAY-01386,INV-01386,2026-05-21,2547.0,Completed
PAY-01387,INV-01387,2026-05-22,189266.7,Completed
PAY-01388,INV-01388,2026-05-01,431405.01,Completed
PAY-01389,INV-01389,2026-05-04,209303.75,Completed
PAY-01390,INV-01390,2026-06-22,646427.5,Completed
PAY-01391,INV-01391,2026-04-23,539489.72,Completed
PAY-01392,INV-01392,2026-03-23,36783.39,Completed
PAY-01393,INV-01393,2026-04-11,10320.27,Completed
PAY-01394,INV-01394,2026-04-01,160.3,Completed
PAY-01395,INV-01395,2026-05-30,306891.04,Completed
PAY-01396,INV-01396,2026-06-28,455149.0,Completed
PAY-01397,INV-01397,2026-05-17,387654.8,Completed
PAY-01398,INV-01398,2026-02-20,284504.5,Completed
PAY-01399,INV-01399,2026-06-13,117093.11,Completed
PAY-01400,INV-01400,2026-06-03,60887.54,Completed
PAY-01401,INV-01401,2026-02-20,117382.13,Completed
PAY-01402,INV-01402,2026-02-21,116732.07,Completed
PAY-01403,INV-01403,2026-04-14,17094.7,Completed
PAY-01404,INV-01404,2026-04-09,44392.6,Completed
PAY-01405,INV-01405,2026-03-19,129101.0,Completed
PAY-01406,INV-01406,2026-02-13,281189.16,Completed
PAY-01407,INV-01407,2026-06-04,295739.48,Completed
PAY-01408,INV-01408,2026-03-17,476170.5,Completed
PAY-01409,INV-01409,2026-05-17,576273.11,Completed
PAY-01410,INV-01410,2026-05-03,235452.0,Completed
PAY-01411,INV-01411,2026-05-31,110205.28,Completed
PAY-01412,INV-01412,2026-06-10,8346.14,Completed
PAY-01413,INV-01413,2026-05-14,265830.88,Completed
PAY-01414,INV-01414,2026-03-26,80260.91,Completed
PAY-01415,INV-01415,2026-02-13,581784.75,Completed
PAY-01416,INV-01416,2026-03-05,57524.04,Completed
PAY-01417,INV-01417,2026-04-16,252863.52,Completed
PAY-01418,INV-01418,2026-02-18,252248.38,Completed
PAY-01419,INV-01419,2026-04-06,64740.5,Completed
PAY-01420,INV-01420,2026-02-21,223885.62,Completed
PAY-01421,INV-01421,2026-05-23,454116.5,Completed
PAY-01422,INV-01422,2026-06-14,211229.46,Completed
PAY-01423,INV-01423,2026-04-14,5260.62,Completed
PAY-01424,INV-01424,2026-05-25,51385.32,Completed
PAY-01425,INV-01425,2026-02-17,158539.26,Completed
PAY-01426,INV-01426,2026-02-19,517339.44,Completed
PAY-01427,INV-01427,2026-02-02,6640.75,Completed
PAY-01428,INV-01428,2026-05-02,71295.34,Completed
PAY-01429,INV-01429,2026-04-05,154399.61,Completed
PAY-01430,INV-01430,2026-03-30,147157.5,Completed
PAY-01431,INV-01431,2026-03-12,273605.76,Completed
PAY-01432,INV-01432,2026-04-17,133196.28,Completed
PAY-01433,INV-01433,2026-01-21,613230.2,Completed
PAY-01434,INV-01434,2026-03-04,132277.23,Completed
PAY-01435,INV-01435,2026-05-21,452012.8,Completed
PAY-01436,INV-01436,2026-03-13,172195.75,Completed
PAY-01437,INV-01437,2026-05-07,63073.5,Completed
PAY-01438,INV-01438,2026-05-31,432048.55,Completed
PAY-01439,INV-01439,2026-02-26,29656.67,Completed
PAY-01440,INV-01440,2026-05-23,639278.1,Completed
PAY-01441,INV-01441,2026-06-07,256560.8,Completed
PAY-01442,INV-01442,2026-05-07,185015.6,Completed
PAY-01443,INV-01443,2026-05-16,472262.4,Completed
PAY-01444,INV-01444,2026-02-04,30885.03,Completed
PAY-01445,INV-01445,2026-04-27,781.54,Completed
PAY-01446,INV-01446,2026-04-11,382446.62,Completed
PAY-01447,INV-01447,2026-03-13,3226.2,Completed
PAY-01448,INV-01448,2026-04-30,6342.68,Completed
PAY-01449,INV-01449,2026-06-06,152895.71,Completed
PAY-01450,INV-01450,2026-03-28,66977.2,Completed
PAY-01451,INV-01451,2026-05-07,390.5,Completed
PAY-01452,INV-01452,2026-02-03,79119.84,Completed
PAY-01453,INV-01453,2026-03-06,163043.76,Completed
PAY-01454,INV-01454,2026-04-12,224007.25,Completed
PAY-01455,INV-01455,2026-05-21,165248.91,Completed
PAY-01456,INV-01456,2026-04-25,682915.45,Completed
PAY-01457,INV-01457,2026-05-15,403088.69,Completed
PAY-01458,INV-01458,2026-04-19,85966.23,Completed
PAY-01459,INV-01459,2026-06-16,404565.88,Completed
PAY-01460,INV-01460,2026-02-17,307207.34,Completed
PAY-01461,INV-01461,2026-04-06,28371.78,Completed
PAY-01462,INV-01462,2026-06-21,273089.4,Completed
PAY-01463,INV-01463,2026-02-11,69769.48,Completed
PAY-01464,INV-01464,2026-03-03,413229.6,Completed
PAY-01465,INV-01465,2026-03-01,256257.75,Completed
PAY-01466,INV-01466,2026-04-03,439021.8,Completed
PAY-01467,INV-01467,2026-06-16,68961.12,Completed
PAY-01468,INV-01468,2026-05-19,82609.47,Completed
PAY-01469,INV-01469,2026-01-24,51601.35,Completed
PAY-01470,INV-01470,2026-04-13,305176.55,Completed
PAY-01471,INV-01471,2026-02-07,37911.59,Completed
PAY-01472,INV-01472,2026-04-18,293015.82,Completed
PAY-01473,INV-01473,2026-05-05,268445.52,Completed
PAY-01474,INV-01474,2026-02-20,64880.98,Completed
PAY-01475,INV-01475,2026-04-16,259347.2,Completed
PAY-01476,INV-01476,2026-03-26,37387.5,Completed
PAY-01477,INV-01477,2026-02-28,44639.6,Completed
PAY-01478,INV-01478,2026-03-10,271499.55,Completed
PAY-01479,INV-01479,2026-04-04,146358.13,Completed
PAY-01480,INV-01480,2026-06-08,529314.1,Completed
PAY-01481,INV-01481,2026-05-14,105995.56,Completed
PAY-01482,INV-01482,2026-04-21,223260.27,Completed
PAY-01483,INV-01483,2026-03-31,162038.4,Completed
PAY-01484,INV-01484,2026-03-12,117183.64,Completed
PAY-01485,INV-01485,2026-05-01,5260.62,Completed
PAY-01486,INV-01486,2026-05-11,64832.88,Completed
PAY-01487,INV-01487,2026-05-25,480714.5,Completed
PAY-01488,INV-01488,2026-01-30,71959.18,Completed
PAY-01489,INV-01489,2026-02-19,113089.16,Completed
PAY-01490,INV-01490,2026-06-28,21869.92,Completed
PAY-01491,INV-01491,2026-03-07,172678.74,Completed
PAY-01492,INV-01492,2026-02-04,36325.5,Completed
PAY-01493,INV-01493,2026-04-20,76112.16,Completed
PAY-01494,INV-01494,2026-04-15,11885.4,Completed
PAY-01495,INV-01495,2026-06-04,77471.51,Completed
PAY-01496,INV-01496,2026-01-29,87413.88,Completed
PAY-01497,INV-01497,2026-04-13,183576.6,Completed
PAY-01498,INV-01498,2026-03-21,148037.4,Completed
PAY-01499,INV-01499,2026-03-15,108656.52,Completed
PAY-01500,INV-01500,2026-07-07,391592.8,Completed
PAY-01501,INV-01501,2026-01-28,9655.66,Completed
PAY-01502,INV-01502,2026-04-17,475617.78,Completed
PAY-01503,INV-01503,2026-02-08,167775.72,Completed
PAY-01504,INV-01504,2026-06-01,109011.36,Completed
PAY-01505,INV-01505,2026-06-30,297407.02,Completed
PAY-01506,INV-01506,2026-03-07,48532.11,Completed
PAY-01507,INV-01507,2026-04-17,143280.88,Completed
PAY-01508,INV-01508,2026-06-11,167246.4,Completed
PAY-01509,INV-01509,2026-04-20,85923.46,Completed
PAY-01510,INV-01510,2026-05-01,25921.92,Completed
PAY-01511,INV-01511,2026-04-01,3414.33,Completed
PAY-01512,INV-01512,2026-02-13,350668.5,Completed
PAY-01513,INV-01513,2026-02-25,937.2,Completed
PAY-01514,INV-01514,2026-05-10,398935.0,Completed
PAY-01515,INV-01515,2026-03-25,334921.88,Completed
PAY-01516,INV-01516,2026-05-02,56081.25,Completed
PAY-01517,INV-01517,2026-05-13,254883.44,Completed
PAY-01518,INV-01518,2026-04-22,34480.56,Completed
PAY-01519,INV-01519,2026-04-29,407663.1,Completed
PAY-01520,INV-01520,2026-03-20,127190.8,Completed
PAY-01521,INV-01521,2026-04-29,32966.6,Completed
PAY-01522,INV-01522,2026-01-26,279819.76,Completed
PAY-01523,INV-01523,2026-05-30,176605.8,Completed
PAY-01524,INV-01524,2026-03-09,77098.56,Completed
PAY-01525,INV-01525,2026-05-03,668978.4,Completed
PAY-01526,INV-01526,2026-05-27,323881.92,Completed
PAY-01527,INV-01527,2026-05-16,15762.1,Completed
PAY-01528,INV-01528,2026-03-23,51714.2,Completed
PAY-01529,INV-01529,2026-02-17,132598.4,Completed
PAY-01530,INV-01530,2026-04-17,80143.92,Completed
PAY-01531,INV-01531,2026-05-10,40509.6,Completed
PAY-01532,INV-01532,2026-01-27,232426.25,Completed
PAY-01533,INV-01533,2026-05-18,15174.8,Completed
PAY-01534,INV-01534,2026-02-06,112061.82,Completed
PAY-01535,INV-01535,2026-05-10,161521.6,Completed
PAY-01536,INV-01536,2026-03-29,9385.98,Completed
PAY-01537,INV-01537,2026-02-24,445079.25,Completed
PAY-01538,INV-01538,2026-01-30,43361.82,Completed
PAY-01539,INV-01539,2026-03-24,494046.08,Completed
PAY-01540,INV-01540,2026-05-07,70297.29,Completed
PAY-01541,INV-01541,2026-04-11,50588.79,Completed
PAY-01542,INV-01542,2026-05-25,424379.55,Completed
PAY-01543,INV-01543,2026-05-04,296074.8,Completed
PAY-01544,INV-01544,2026-03-18,9863.62,Completed
PAY-01545,INV-01545,2026-05-29,417550.26,Completed
PAY-01546,INV-01546,2026-04-19,426676.16,Completed
PAY-01547,INV-01547,2026-06-02,501733.8,Completed
PAY-01548,INV-01548,2026-05-04,37314.27,Completed
PAY-01549,INV-01549,2026-02-14,335662.6,Completed
PAY-01550,INV-01550,2026-03-29,166072.1,Completed
PAY-01551,INV-01551,2026-06-12,444787.52,Completed
PAY-01552,INV-01552,2026-05-31,172925.2,Completed
PAY-01553,INV-01553,2026-03-19,375228.45,Completed
PAY-01554,INV-01554,2026-03-12,380936.4,Completed
PAY-01555,INV-01555,2026-06-16,60253.6,Completed
PAY-01556,INV-01556,2026-02-24,79272.5,Completed
PAY-01557,INV-01557,2026-03-13,418599.2,Completed
PAY-01558,INV-01558,2026-04-20,182806.64,Completed
PAY-01559,INV-01559,2026-06-13,25367.2,Completed
PAY-01560,INV-01560,2026-02-28,706450.56,Completed
PAY-01561,INV-01561,2026-06-16,316840.18,Completed
PAY-01562,INV-01562,2026-05-12,473528.6,Completed
PAY-01563,INV-01563,2026-06-13,129731.4,Completed
PAY-01564,INV-01564,2026-03-08,73861.34,Completed
PAY-01565,INV-01565,2026-04-28,416920.5,Completed
PAY-01566,INV-01566,2026-04-03,305791.42,Completed
PAY-01567,INV-01567,2026-06-12,438943.4,Completed
PAY-01568,INV-01568,2026-05-01,620773.68,Completed
PAY-01569,INV-01569,2026-06-08,8150.4,Completed
PAY-01570,INV-01570,2026-02-19,553631.2,Completed
PAY-01571,INV-01571,2026-06-18,113421.36,Completed
PAY-01572,INV-01572,2026-06-05,15054.84,Completed
PAY-01573,INV-01573,2026-06-22,61145.37,Completed
PAY-01574,INV-01574,2026-03-17,247988.65,Completed
PAY-01575,INV-01575,2026-04-04,239405.04,Completed
PAY-01576,INV-01576,2026-05-26,130473.3,Completed
PAY-01577,INV-01577,2026-01-24,95950.98,Completed
PAY-01578,INV-01578,2026-02-11,94418.17,Completed
PAY-01579,INV-01579,2026-03-26,149571.36,Completed
PAY-01580,INV-01580,2026-03-10,312.4,Completed
PAY-01581,INV-01581,2026-06-20,679.2,Completed
PAY-01582,INV-01582,2026-03-15,31959.98,Completed
PAY-01583,INV-01583,2026-06-09,18524.37,Completed
PAY-01584,INV-01584,2026-03-22,99684.12,Completed
PAY-01585,INV-01585,2026-06-09,94821.54,Completed
PAY-01586,INV-01586,2026-03-22,488207.88,Completed
PAY-01587,INV-01587,2026-02-19,400852.94,Completed
PAY-01588,INV-01588,2026-02-16,397346.17,Completed
PAY-01589,INV-01589,2026-03-06,166190.4,Completed
PAY-01590,INV-01590,2026-02-22,234546.84,Completed
PAY-01591,INV-01591,2026-03-16,470203.28,Completed
PAY-01592,INV-01592,2026-05-05,294354.4,Completed
PAY-01593,INV-01593,2026-04-26,87394.4,Completed
PAY-01594,INV-01594,2026-05-15,407037.54,Completed
PAY-01595,INV-01595,2026-04-10,137293.36,Completed
PAY-01596,INV-01596,2026-01-22,352471.32,Completed
PAY-01597,INV-01597,2026-03-20,27793.35,Completed
PAY-01598,INV-01598,2026-05-18,77094.5,Completed
PAY-01599,INV-01599,2026-03-22,42777.35,Completed
PAY-01600,INV-01600,2026-03-26,324039.9,Completed
PAY-01601,INV-01601,2026-04-16,120494.2,Completed
PAY-01602,INV-01602,2026-06-27,229622.68,Completed
PAY-01603,INV-01603,2026-06-24,332074.5,Completed
PAY-01604,INV-01604,2026-04-16,203419.95,Completed
PAY-01605,INV-01605,2026-03-15,12222.1,Completed
PAY-01606,INV-01606,2026-05-28,28659.64,Completed
PAY-01607,INV-01607,2026-01-31,452499.25,Completed
PAY-01608,INV-01608,2026-02-04,64740.5,Completed
PAY-01609,INV-01609,2026-06-11,81006.25,Completed
PAY-01610,INV-01610,2026-03-27,296719.5,Completed
PAY-01611,INV-01611,2026-05-23,53346.87,Completed
PAY-01612,INV-01612,2026-02-12,108656.52,Completed
PAY-01613,INV-01613,2026-07-04,662982.36,Completed
PAY-01614,INV-01614,2026-03-11,12462.5,Completed
PAY-01615,INV-01615,2026-02-26,94817.7,Completed
PAY-01616,INV-01616,2026-04-13,454116.5,Completed
PAY-01617,INV-01617,2026-05-18,469961.76,Completed
PAY-01618,INV-01618,2026-05-22,241021.84,Completed
PAY-01619,INV-01619,2026-03-27,859.1,Completed
PAY-01620,INV-01620,2026-06-14,388785.17,Completed
PAY-01621,INV-01621,2026-06-08,405096.0,Completed
PAY-01622,INV-01622,2026-05-01,49345.8,Completed
PAY-01623,INV-01623,2026-03-23,257595.12,Completed
PAY-01624,INV-01624,2026-04-19,479555.52,Completed
PAY-01625,INV-01625,2026-03-04,50497.59,Completed
PAY-01626,INV-01626,2026-04-23,155531.52,Completed
PAY-01627,INV-01627,2026-03-02,177877.44,Completed
PAY-01628,INV-01628,2026-04-25,38577.88,Completed
PAY-01629,INV-01629,2026-02-19,347490.25,Completed
PAY-01630,INV-01630,2026-02-22,264883.5,Completed
PAY-01631,INV-01631,2026-06-17,129713.94,Completed
PAY-01632,INV-01632,2026-04-08,528078.27,Completed
PAY-01633,INV-01633,2026-05-30,104639.7,Completed
PAY-01634,INV-01634,2026-03-17,209978.08,Completed
PAY-01635,INV-01635,2026-03-26,159574.0,Completed
PAY-01636,INV-01636,2026-05-26,128666.44,Completed
PAY-01637,INV-01637,2026-06-21,18884.92,Completed
PAY-01638,INV-01638,2026-01-21,157410.5,Completed
PAY-01639,INV-01639,2026-06-03,404955.13,Completed
PAY-01640,INV-01640,2026-04-02,187002.48,Completed
PAY-01641,INV-01641,2026-04-14,90408.0,Completed
PAY-01642,INV-01642,2026-05-29,339195.36,Completed
PAY-01643,INV-01643,2026-02-19,219997.8,Completed
PAY-01644,INV-01644,2026-04-22,57823.92,Completed
PAY-01645,INV-01645,2026-02-19,222116.83,Completed
PAY-01646,INV-01646,2026-06-14,223704.6,Completed
PAY-01647,INV-01647,2026-05-12,343258.15,Completed
PAY-01648,INV-01648,2026-03-05,55589.4,Completed
PAY-01649,INV-01649,2026-04-02,167552.7,Completed
PAY-01650,INV-01650,2026-01-30,75317.0,Completed
PAY-01651,INV-01651,2026-02-03,686027.44,Completed
PAY-01652,INV-01652,2026-05-22,200160.48,Completed
PAY-01653,INV-01653,2026-03-24,226619.04,Completed
PAY-01654,INV-01654,2026-03-23,4504.36,Completed
PAY-01655,INV-01655,2026-06-06,81424.17,Completed
PAY-01656,INV-01656,2026-06-17,633606.26,Completed
PAY-01657,INV-01657,2026-04-05,356627.02,Completed
PAY-01658,INV-01658,2026-05-17,409808.51,Completed
PAY-01659,INV-01659,2026-04-08,376300.35,Completed
PAY-01660,INV-01660,2026-04-20,216201.85,Completed
PAY-01661,INV-01661,2026-04-20,28056.64,Completed
PAY-01662,INV-01662,2026-05-14,103441.68,Completed
PAY-01663,INV-01663,2026-05-27,117183.64,Completed
PAY-01664,INV-01664,2026-06-08,73473.0,Completed
PAY-01665,INV-01665,2026-05-08,171003.6,Completed
PAY-01666,INV-01666,2026-05-10,519908.51,Completed
PAY-01667,INV-01667,2026-02-24,46929.9,Completed
PAY-01668,INV-01668,2026-04-25,83192.88,Completed
PAY-01669,INV-01669,2026-06-06,154367.29,Completed
PAY-01670,INV-01670,2026-04-30,69794.78,Completed
PAY-01671,INV-01671,2026-04-06,162012.5,Completed
PAY-01672,INV-01672,2026-03-21,339225.79,Completed
PAY-01673,INV-01673,2026-04-24,176297.29,Completed
PAY-01674,INV-01674,2026-06-21,10108.75,Completed
PAY-01675,INV-01675,2026-05-07,8987.71,Completed
PAY-01676,INV-01676,2026-02-18,14483.49,Completed
PAY-01677,INV-01677,2026-02-02,12462.5,Completed
PAY-01678,INV-01678,2026-03-18,13937.05,Completed
PAY-01679,INV-01679,2026-06-07,101540.53,Completed
PAY-01680,INV-01680,2026-06-11,232666.56,Completed
PAY-01681,INV-01681,2026-04-18,175815.15,Completed
PAY-01682,INV-01682,2026-06-06,401789.76,Completed
PAY-01683,INV-01683,2026-04-08,287233.2,Completed
PAY-01684,INV-01684,2026-05-29,15630.8,Completed
PAY-01685,INV-01685,2026-02-07,586486.74,Completed
PAY-01686,INV-01686,2026-05-25,67806.65,Completed
PAY-01687,INV-01687,2026-06-29,390237.4,Completed
PAY-01688,INV-01688,2026-05-01,285281.92,Completed
PAY-01689,INV-01689,2026-06-21,392170.26,Completed
PAY-01690,INV-01690,2026-02-11,80870.0,Completed
PAY-01691,INV-01691,2026-03-07,75854.16,Completed
PAY-01692,INV-01692,2026-03-06,210308.85,Completed
PAY-01693,INV-01693,2026-05-04,78598.24,Completed
PAY-01694,INV-01694,2026-05-16,131748.08,Completed
PAY-01695,INV-01695,2026-02-01,6643.09,Completed
PAY-01696,INV-01696,2026-06-17,167984.48,Completed
PAY-01697,INV-01697,2026-05-22,354196.8,Completed
PAY-01698,INV-01698,2026-03-14,144483.78,Completed
PAY-01699,INV-01699,2026-03-13,418737.08,Completed
PAY-01700,INV-01700,2026-06-07,279254.5,Completed
PAY-01701,INV-01701,2026-04-21,529607.9,Completed
PAY-01702,INV-01702,2026-06-22,338529.18,Completed
PAY-01703,INV-01703,2026-05-12,9104.88,Completed
PAY-01704,INV-01704,2026-03-03,580637.6,Completed
PAY-01705,INV-01705,2026-06-10,17584.65,Completed
PAY-01706,INV-01706,2026-06-09,362799.57,Completed
PAY-01707,INV-01707,2026-05-18,16152.16,Completed
PAY-01708,INV-01708,2026-06-12,735886.0,Completed
PAY-01709,INV-01709,2026-06-14,582006.24,Completed
PAY-01710,INV-01710,2026-04-14,73573.4,Completed
PAY-01711,INV-01711,2026-06-17,73332.6,Completed
PAY-01712,INV-01712,2026-03-07,283567.2,Completed
PAY-01713,INV-01713,2026-06-18,29431.5,Completed
PAY-01714,INV-01714,2026-02-23,154921.2,Completed
PAY-01715,INV-01715,2026-05-02,60253.6,Completed
PAY-01716,INV-01716,2026-05-22,89481.84,Completed
PAY-01717,INV-01717,2026-05-16,254257.2,Completed
PAY-01718,INV-01718,2026-05-24,337301.64,Completed
PAY-01719,INV-01719,2026-02-22,32020.64,Completed
PAY-01720,INV-01720,2026-02-01,104391.56,Completed
PAY-01721,INV-01721,2026-04-17,56736.42,Completed
PAY-01722,INV-01722,2026-03-07,125675.73,Completed
PAY-01723,INV-01723,2026-05-21,166037.25,Completed
PAY-01724,INV-01724,2026-03-24,30136.0,Completed
PAY-01725,INV-01725,2026-06-01,336046.21,Completed
PAY-01726,INV-01726,2026-04-17,54382.02,Completed
PAY-01727,INV-01727,2026-02-28,130006.9,Completed
PAY-01728,INV-01728,2026-02-04,167984.48,Completed
PAY-01729,INV-01729,2026-02-19,31605.9,Completed
PAY-01730,INV-01730,2026-02-26,60550.19,Completed
PAY-01731,INV-01731,2026-05-09,76187.28,Completed
PAY-01732,INV-01732,2026-06-09,478356.35,Completed
PAY-01733,INV-01733,2026-05-02,151774.64,Completed
PAY-01734,INV-01734,2026-06-06,3793.7,Completed
PAY-01735,INV-01735,2026-05-17,346531.76,Completed
PAY-01736,INV-01736,2026-02-12,351083.2,Completed
PAY-01737,INV-01737,2026-03-21,129120.76,Completed
PAY-01738,INV-01738,2026-05-25,126005.04,Completed
PAY-01739,INV-01739,2026-03-22,409506.63,Completed
PAY-01740,INV-01740,2026-05-16,117210.1,Completed
PAY-01741,INV-01741,2026-02-23,55589.4,Completed
PAY-01742,INV-01742,2026-06-12,106681.43,Completed
PAY-01743,INV-01743,2026-05-07,117323.3,Completed
PAY-01744,INV-01744,2026-07-12,145647.68,Completed
PAY-01745,INV-01745,2026-05-29,691807.68,Completed
PAY-01746,INV-01746,2026-03-09,209515.02,Completed
PAY-01747,INV-01747,2026-04-30,291003.12,Completed
PAY-01748,INV-01748,2026-06-24,60277.31,Completed
PAY-01749,INV-01749,2026-03-04,62006.22,Completed
PAY-01750,INV-01750,2026-04-08,362790.87,Completed
PAY-01751,INV-01751,2026-02-26,154189.0,Completed
PAY-01752,INV-01752,2026-05-20,78670.72,Completed
PAY-01753,INV-01753,2026-04-17,265659.6,Completed
PAY-01754,INV-01754,2026-03-08,294011.76,Completed
PAY-01755,INV-01755,2026-04-17,226048.05,Completed
PAY-01756,INV-01756,2026-04-01,323060.94,Completed
PAY-01757,INV-01757,2026-02-05,263986.42,Completed
PAY-01758,INV-01758,2026-01-29,488207.88,Completed
PAY-01759,INV-01759,2026-06-10,123518.0,Completed
PAY-01760,INV-01760,2026-05-14,389141.82,Completed
PAY-01761,INV-01761,2026-04-21,33317.26,Completed
PAY-01762,INV-01762,2026-03-05,14681.52,Completed
PAY-01763,INV-01763,2026-03-20,245735.13,Completed
PAY-01764,INV-01764,2026-02-12,62551.65,Completed
PAY-01765,INV-01765,2026-04-14,678877.2,Completed
PAY-01766,INV-01766,2026-03-11,78746.68,Completed
PAY-01767,INV-01767,2026-05-01,88941.0,Completed
PAY-01768,INV-01768,2026-05-23,96912.96,Completed
PAY-01769,INV-01769,2026-03-08,22796.02,Completed
PAY-01770,INV-01770,2026-03-02,97912.1,Completed
PAY-01771,INV-01771,2026-05-05,129524.74,Completed
PAY-01772,INV-01772,2026-03-28,267363.76,Completed
PAY-01773,INV-01773,2026-05-09,468.6,Completed
PAY-01774,INV-01774,2026-02-02,131102.76,Completed
PAY-01775,INV-01775,2026-04-28,226928.8,Completed
PAY-01776,INV-01776,2026-03-31,121729.72,Completed
PAY-01777,INV-01777,2026-04-15,47258.9,Completed
PAY-01778,INV-01778,2026-05-10,356627.02,Completed
PAY-01779,INV-01779,2026-01-31,195495.58,Completed
PAY-01780,INV-01780,2026-05-18,313307.84,Completed
PAY-01781,INV-01781,2026-06-06,261038.47,Completed
PAY-01782,INV-01782,2026-02-27,207252.36,Completed
PAY-01783,INV-01783,2026-02-21,229277.12,Completed
PAY-01784,INV-01784,2026-03-21,312514.37,Completed
PAY-01785,INV-01785,2026-06-05,25818.48,Completed
PAY-01786,INV-01786,2026-02-13,88797.52,Completed
PAY-01787,INV-01787,2026-04-17,324329.22,Completed
PAY-01788,INV-01788,2026-03-22,26283.6,Completed
PAY-01789,INV-01789,2026-04-01,445605.6,Completed
PAY-01790,INV-01790,2026-02-17,404617.5,Completed
PAY-01791,INV-01791,2026-02-09,596204.16,Completed
PAY-01792,INV-01792,2026-05-27,211113.09,Completed
PAY-01793,INV-01793,2026-06-21,216606.39,Completed
PAY-01794,INV-01794,2026-03-19,31243.24,Completed
PAY-01795,INV-01795,2026-06-18,256505.4,Completed
PAY-01796,INV-01796,2026-04-13,23596.95,Completed
PAY-01797,INV-01797,2026-02-02,193761.49,Completed
PAY-01798,INV-01798,2026-05-06,31959.98,Completed
PAY-01799,INV-01799,2026-04-04,78326.96,Completed
PAY-01800,INV-01800,2026-06-11,4245.0,Completed
PAY-01801,INV-01801,2026-04-21,374972.64,Completed
PAY-01802,INV-01802,2026-05-22,101054.88,Completed
PAY-01803,INV-01803,2026-03-25,224357.04,Completed
PAY-01804,INV-01804,2026-05-31,617293.74,Completed
PAY-01805,INV-01805,2026-06-21,483588.84,Completed
PAY-01806,INV-01806,2026-03-28,15621.62,Completed
PAY-01807,INV-01807,2026-05-28,33108.03,Completed
PAY-01808,INV-01808,2026-04-22,77087.68,Completed
PAY-01809,INV-01809,2026-06-08,85554.7,Completed
PAY-01810,INV-01810,2026-01-26,22239.25,Completed
PAY-01811,INV-01811,2026-06-10,205136.4,Completed
PAY-01812,INV-01812,2026-03-18,250201.24,Completed
PAY-01813,INV-01813,2026-06-13,124273.05,Completed
PAY-01814,INV-01814,2026-03-09,127152.62,Completed
PAY-01815,INV-01815,2026-03-19,365325.24,Completed
PAY-01816,INV-01816,2026-03-16,38050.8,Completed
PAY-01817,INV-01817,2026-06-02,166180.56,Completed
PAY-01818,INV-01818,2026-06-06,48217.6,Completed
PAY-01819,INV-01819,2026-01-26,390.77,Completed
PAY-01820,INV-01820,2026-06-27,424227.44,Completed
PAY-01821,INV-01821,2026-05-19,7815.4,Completed
PAY-01822,INV-01822,2026-04-05,79273.5,Completed
PAY-01823,INV-01823,2026-05-30,25219.36,Completed
PAY-01824,INV-01824,2026-04-04,272441.25,Completed
PAY-01825,INV-01825,2026-05-16,178963.68,Completed
PAY-01826,INV-01826,2026-03-06,140386.5,Completed
PAY-01827,INV-01827,2026-06-06,62749.63,Completed
PAY-01828,INV-01828,2026-01-31,191901.96,Completed
PAY-01829,INV-01829,2026-03-23,437904.48,Completed
PAY-01830,INV-01830,2026-06-28,336935.5,Completed
PAY-01831,INV-01831,2026-04-16,183331.5,Completed
PAY-01832,INV-01832,2026-03-09,333590.64,Completed
PAY-01833,INV-01833,2026-04-18,375867.84,Completed
PAY-01834,INV-01834,2026-02-10,248022.06,Completed
PAY-01835,INV-01835,2026-07-12,2377.08,Completed
PAY-01836,INV-01836,2026-05-29,3013.6,Completed
PAY-01837,INV-01837,2026-03-22,298898.38,Completed
PAY-01838,INV-01838,2026-06-05,522639.8,Completed
PAY-01839,INV-01839,2026-02-12,596204.16,Completed
PAY-01840,INV-01840,2026-05-17,19412.82,Completed
PAY-01841,INV-01841,2026-06-06,15957.4,Completed
PAY-01842,INV-01842,2026-03-17,39525.76,Completed
PAY-01843,INV-01843,2026-05-11,37829.04,Completed
PAY-01844,INV-01844,2026-06-27,400320.96,Completed
PAY-01845,INV-01845,2026-04-22,307022.25,Completed
PAY-01846,INV-01846,2026-05-16,310123.84,Completed
PAY-01847,INV-01847,2026-01-30,9889.98,Completed
PAY-01848,INV-01848,2026-05-26,18422.04,Completed
PAY-01849,INV-01849,2026-03-07,56890.62,Completed
PAY-01850,INV-01850,2026-05-30,128968.38,Completed
PAY-01851,INV-01851,2026-06-07,74174.85,Completed
PAY-01852,INV-01852,2026-05-18,92507.8,Completed
PAY-01853,INV-01853,2026-03-02,223198.0,Completed
PAY-01854,INV-01854,2026-05-02,355347.52,Completed
PAY-01855,INV-01855,2026-03-25,45385.76,Completed
PAY-01856,INV-01856,2026-06-20,390991.16,Completed
PAY-01857,INV-01857,2026-06-02,254883.44,Completed
PAY-01858,INV-01858,2026-02-23,276717.98,Completed
PAY-01859,INV-01859,2026-02-19,61075.08,Completed
PAY-01860,INV-01860,2026-06-28,94706.69,Completed
PAY-01861,INV-01861,2026-02-20,48179.8,Completed
PAY-01862,INV-01862,2026-01-18,332889.58,Completed
PAY-01863,INV-01863,2026-04-13,16832.53,Completed
PAY-01864,INV-01864,2026-05-20,130072.09,Completed
PAY-01865,INV-01865,2026-03-10,317700.32,Completed
PAY-01866,INV-01866,2026-07-02,291003.12,Completed
PAY-01867,INV-01867,2026-05-03,781.54,Completed
PAY-01868,INV-01868,2026-05-11,81926.82,Completed
PAY-01869,INV-01869,2026-03-06,403804.0,Completed
PAY-01870,INV-01870,2026-05-12,277933.5,Completed
PAY-01871,INV-01871,2026-04-17,89048.8,Completed
PAY-01872,INV-01872,2026-04-16,233345.84,Completed
PAY-01873,INV-01873,2026-05-12,339197.95,Completed
PAY-01874,INV-01874,2026-04-06,287737.89,Completed
PAY-01875,INV-01875,2026-04-01,209515.02,Completed
PAY-01876,INV-01876,2026-04-14,183630.2,Completed
PAY-01877,INV-01877,2026-04-09,93501.24,Completed
PAY-01878,INV-01878,2026-06-18,116672.92,Completed
PAY-01879,INV-01879,2026-04-24,197838.86,Completed
PAY-01880,INV-01880,2026-06-11,137293.36,Completed
PAY-01881,INV-01881,2026-06-10,207477.76,Completed
PAY-01882,INV-01882,2026-05-25,361482.8,Completed
PAY-01883,INV-01883,2026-02-13,81740.97,Completed
PAY-01884,INV-01884,2026-02-06,131804.75,Completed
PAY-01885,INV-01885,2026-05-23,379.37,Completed
PAY-01886,INV-01886,2026-03-27,544594.83,Completed
PAY-01887,INV-01887,2026-06-06,230061.5,Completed
PAY-01888,INV-01888,2026-03-16,26498.89,Completed
PAY-01889,INV-01889,2026-05-28,145647.68,Completed
PAY-01890,INV-01890,2026-02-26,634602.6,Completed
PAY-01891,INV-01891,2026-05-20,557755.98,Completed
PAY-01892,INV-01892,2026-05-05,79801.68,Completed
PAY-01893,INV-01893,2026-05-13,138761.7,Completed
PAY-01894,INV-01894,2026-03-16,142762.05,Completed
PAY-01895,INV-01895,2026-05-11,145369.44,Completed
PAY-01896,INV-01896,2026-03-29,336046.21,Completed
PAY-01897,INV-01897,2026-05-21,170663.04,Completed
PAY-01898,INV-01898,2026-05-11,245015.22,Completed
PAY-01899,INV-01899,2026-04-15,252376.62,Completed
PAY-01900,INV-01900,2026-02-14,359297.26,Completed
PAY-01901,INV-01901,2026-06-12,374392.9,Completed
PAY-01902,INV-01902,2026-05-12,135089.79,Completed
PAY-01903,INV-01903,2026-02-15,93729.72,Completed
PAY-01904,INV-01904,2026-05-19,71526.45,Completed
PAY-01905,INV-01905,2026-04-01,512192.1,Completed
PAY-01906,INV-01906,2026-03-14,158075.94,Completed
PAY-01907,INV-01907,2026-06-01,36411.92,Completed
PAY-01908,INV-01908,2026-03-18,230602.56,Completed
PAY-01909,INV-01909,2026-03-24,177774.0,Completed
PAY-01910,INV-01910,2026-05-19,474646.55,Completed
PAY-01911,INV-01911,2026-06-24,73000.98,Completed
PAY-01912,INV-01912,2026-03-12,45894.15,Completed
PAY-01913,INV-01913,2026-04-18,57374.4,Completed
PAY-01914,INV-01914,2026-06-02,184526.65,Completed
PAY-01915,INV-01915,2026-04-06,207782.39,Completed
PAY-01916,INV-01916,2026-05-22,109126.17,Completed
PAY-01917,INV-01917,2026-03-19,164792.93,Completed
PAY-01918,INV-01918,2026-05-16,135570.6,Completed
PAY-01919,INV-01919,2026-02-11,142704.54,Completed
PAY-01920,INV-01920,2026-02-21,234661.68,Completed
PAY-01921,INV-01921,2026-02-02,131102.76,Completed
PAY-01922,INV-01922,2026-04-21,8320.2,Completed
PAY-01923,INV-01923,2026-06-12,306528.25,Completed
PAY-01924,INV-01924,2026-03-29,228004.8,Completed
PAY-01925,INV-01925,2026-03-08,111115.55,Completed
PAY-01926,INV-01926,2026-05-08,116333.28,Completed
PAY-01927,INV-01927,2026-03-12,87903.42,Completed
PAY-01928,INV-01928,2026-05-22,523428.0,Completed
PAY-01929,INV-01929,2026-06-05,63214.36,Completed
PAY-01930,INV-01930,2026-07-08,381843.93,Completed
PAY-01931,INV-01931,2026-03-22,121396.11,Completed
PAY-01932,INV-01932,2026-02-02,144126.6,Completed
PAY-01933,INV-01933,2026-03-31,199790.25,Completed
PAY-01934,INV-01934,2026-05-07,27043.06,Completed
PAY-01935,INV-01935,2026-04-15,143926.47,Completed
PAY-01936,INV-01936,2026-04-30,291295.36,Completed
PAY-01937,INV-01937,2026-06-12,60253.6,Completed
PAY-01938,INV-01938,2026-04-17,37927.08,Completed
PAY-01939,INV-01939,2026-01-31,138770.1,Completed
PAY-01940,INV-01940,2026-01-19,162712.09,Completed
PAY-01941,INV-01941,2026-06-18,33048.61,Completed
PAY-01942,INV-01942,2026-02-10,271775.4,Completed
PAY-01943,INV-01943,2026-02-23,6474.05,Completed
PAY-01944,INV-01944,2026-03-02,129518.76,Completed
PAY-01945,INV-01945,2026-06-04,144404.26,Completed
PAY-01946,INV-01946,2026-05-21,257908.56,Completed
PAY-01947,INV-01947,2026-05-16,64041.28,Completed
PAY-01948,INV-01948,2026-02-04,56532.56,Completed
PAY-01949,INV-01949,2026-03-02,182662.62,Completed
PAY-01950,INV-01950,2026-05-23,144092.88,Completed
PAY-01951,INV-01951,2026-03-21,35420.56,Completed
PAY-01952,INV-01952,2026-01-28,343084.1,Completed
PAY-01953,INV-01953,2026-06-01,562685.1,Completed
PAY-01954,INV-01954,2026-01-13,134443.1,Completed
PAY-01955,INV-01955,2026-03-24,90874.5,Completed
PAY-01956,INV-01956,2026-01-29,246975.09,Completed
PAY-01957,INV-01957,2026-05-24,399622.52,Completed
PAY-01958,INV-01958,2026-06-06,134163.51,Completed
PAY-01959,INV-01959,2026-05-17,317700.32,Completed
PAY-01960,INV-01960,2026-05-03,205863.25,Completed
PAY-01961,INV-01961,2026-06-08,99611.25,Completed
PAY-01962,INV-01962,2026-01-29,4940.72,Completed
PAY-01963,INV-01963,2026-03-11,51892.56,Completed
PAY-01964,INV-01964,2026-06-15,143669.0,Completed
PAY-01965,INV-01965,2026-02-13,247961.88,Completed
PAY-01966,INV-01966,2026-03-25,232452.15,Completed
PAY-01967,INV-01967,2026-05-07,28250.8,Completed
PAY-01968,INV-01968,2026-03-14,153603.67,Completed
PAY-01969,INV-01969,2026-03-05,107932.3,Completed
PAY-01970,INV-01970,2026-02-22,41547.6,Completed
PAY-01971,INV-01971,2026-03-09,489543.5,Completed
PAY-01972,INV-01972,2026-06-16,19025.4,Completed
PAY-01973,INV-01973,2026-04-21,26795.57,Completed
PAY-01974,INV-01974,2026-02-03,298833.75,Completed
PAY-01975,INV-01975,2026-05-03,62164.08,Completed
PAY-01976,INV-01976,2026-03-19,674754.0,Completed
PAY-01977,INV-01977,2026-04-03,179494.35,Completed
PAY-01978,INV-01978,2026-02-04,122604.03,Completed
PAY-01979,INV-01979,2026-04-25,27754.02,Completed
PAY-01980,INV-01980,2026-03-04,18589.13,Completed
PAY-01981,INV-01981,2026-04-24,24928.56,Completed
PAY-01982,INV-01982,2026-03-31,61406.8,Completed
PAY-01983,INV-01983,2026-02-03,374918.88,Completed
PAY-01984,INV-01984,2026-02-04,36023.22,Completed
PAY-01985,INV-01985,2026-04-17,78484.0,Completed
PAY-01986,INV-01986,2026-06-22,206040.1,Completed
PAY-01987,INV-01987,2026-06-14,250200.6,Completed
PAY-01988,INV-01988,2026-01-30,34803.0,Completed
PAY-01989,INV-01989,2026-02-19,13965.19,Completed
PAY-01990,INV-01990,2026-05-20,53628.66,Completed
PAY-01991,INV-01991,2026-02-27,630025.2,Completed
PAY-01992,INV-01992,2026-05-19,360853.68,Completed
PAY-01993,INV-01993,2026-02-07,694980.5,Completed
PAY-01994,INV-01994,2026-06-13,360002.45,Completed
PAY-01995,INV-01995,2026-04-26,115030.75,Completed
PAY-01996,INV-01996,2026-05-04,268327.02,Completed
PAY-01997,INV-01997,2026-03-04,19271.92,Completed
PAY-01998,INV-01998,2026-02-27,20736.15,Completed
PAY-01999,INV-01999,2026-02-15,268445.52,Completed
PAY-02000,INV-02000,2026-01-18,112283.2,Completed
PAY-02001,INV-02001,2026-05-06,568952.56,Completed
PAY-02002,INV-02002,2026-02-27,132602.54,Completed
PAY-02003,INV-02003,2026-03-25,406839.9,Completed
PAY-02004,INV-02004,2026-05-22,165667.27,Completed
PAY-02005,INV-02005,2026-03-12,490583.8,Completed
PAY-02006,INV-02006,2026-03-18,280708.0,Completed
PAY-02007,INV-02007,2026-03-15,400320.96,Completed
PAY-02008,INV-02008,2026-02-15,44740.92,Completed
PAY-02009,INV-02009,2026-05-02,228600.67,Completed
PAY-02010,INV-02010,2026-06-17,202569.52,Completed
PAY-02011,INV-02011,2026-03-06,133399.44,Completed
PAY-02012,INV-02012,2026-06-04,135048.86,Completed
PAY-02013,INV-02013,2026-04-07,243018.75,Completed
PAY-02014,INV-02014,2026-02-14,206020.5,Completed
PAY-02015,INV-02015,2026-05-09,69944.18,Completed
PAY-02016,INV-02016,2026-02-10,10488.54,Completed
PAY-02017,INV-02017,2026-06-13,286205.64,Completed
PAY-02018,INV-02018,2026-03-22,8698.22,Completed
PAY-02019,INV-02019,2026-03-02,247023.04,Completed
PAY-02020,INV-02020,2026-03-04,76652.17,Completed
PAY-02021,INV-02021,2026-04-23,9691.37,Completed
PAY-02022,INV-02022,2026-03-21,202563.18,Completed
PAY-02023,INV-02023,2026-01-22,373928.4,Completed
PAY-02024,INV-02024,2026-06-17,29002.5,Completed
PAY-02025,INV-02025,2026-03-17,22800.48,Completed
PAY-02026,INV-02026,2026-02-26,209263.92,Completed
PAY-02027,INV-02027,2026-05-07,98204.33,Completed
PAY-02028,INV-02028,2026-02-11,83783.82,Completed
PAY-02029,INV-02029,2026-02-16,17584.65,Completed
PAY-02030,INV-02030,2026-06-15,285006.8,Completed
PAY-02031,INV-02031,2026-03-18,325621.28,Completed
PAY-02032,INV-02032,2026-04-10,236061.5,Completed
PAY-02033,INV-02033,2026-05-13,77584.44,Completed
PAY-02034,INV-02034,2026-03-09,15468.0,Completed
PAY-02035,INV-02035,2026-07-03,317881.55,Completed
PAY-02036,INV-02036,2026-03-28,32418.4,Completed
PAY-02037,INV-02037,2026-04-15,177673.76,Completed
PAY-02038,INV-02038,2026-01-26,91665.75,Completed
PAY-02039,INV-02039,2026-05-28,345015.72,Completed
PAY-02040,INV-02040,2026-04-13,5746.76,Completed
PAY-02041,INV-02041,2026-02-10,38157.24,Completed
PAY-02042,INV-02042,2026-02-11,2733.5,Completed
PAY-02043,INV-02043,2026-02-07,303064.52,Completed
PAY-02044,INV-02044,2026-04-01,117530.4,Completed
PAY-02045,INV-02045,2026-04-16,93729.72,Completed
PAY-02046,INV-02046,2026-05-23,29607.48,Completed
PAY-02047,INV-02047,2026-01-31,34369.75,Completed
PAY-02048,INV-02048,2026-04-26,480263.6,Completed
PAY-02049,INV-02049,2026-05-17,80760.8,Completed
PAY-02050,INV-02050,2026-04-03,352366.17,Completed
PAY-02051,INV-02051,2026-06-05,153903.24,Completed
PAY-02052,INV-02052,2026-06-05,87677.0,Completed
PAY-02053,INV-02053,2026-02-20,190859.76,Completed
PAY-02054,INV-02054,2026-06-22,104391.56,Completed
PAY-02055,INV-02055,2026-06-05,368955.0,Completed
PAY-02056,INV-02056,2026-06-07,42049.0,Completed
PAY-02057,INV-02057,2026-05-18,90630.45,Completed
PAY-02058,INV-02058,2026-05-03,8320.2,Completed
PAY-02059,INV-02059,2026-06-08,75061.98,Completed
PAY-02060,INV-02060,2026-04-30,147666.4,Completed
PAY-02061,INV-02061,2026-03-14,215831.0,Completed
PAY-02062,INV-02062,2026-03-28,166037.25,Completed
PAY-02063,INV-02063,2026-04-30,19581.74,Completed
PAY-02064,INV-02064,2026-05-11,166768.2,Completed
PAY-02065,INV-02065,2026-04-27,55855.88,Completed
PAY-02066,INV-02066,2026-02-16,188931.12,Completed
PAY-02067,INV-02067,2026-04-23,75823.18,Completed
PAY-02068,INV-02068,2026-03-05,406839.9,Completed
PAY-02069,INV-02069,2026-06-14,67369.92,Completed
PAY-02070,INV-02070,2026-06-10,203419.95,Completed
PAY-02071,INV-02071,2026-01-29,413713.6,Completed
PAY-02072,INV-02072,2026-05-05,460170.89,Completed
PAY-02073,INV-02073,2026-01-16,324799.3,Completed
PAY-02074,INV-02074,2026-03-03,8547.35,Completed
PAY-02075,INV-02075,2026-04-15,117530.4,Completed
PAY-02076,INV-02076,2026-01-25,96712.7,Completed
PAY-02077,INV-02077,2026-02-16,251767.88,Completed
PAY-02078,INV-02078,2026-03-01,53591.14,Completed
PAY-02079,INV-02079,2026-07-02,94020.85,Completed
PAY-02080,INV-02080,2026-01-29,66378.42,Completed
PAY-02081,INV-02081,2026-02-14,350274.78,Completed
PAY-02082,INV-02082,2026-04-30,334492.8,Completed
PAY-02083,INV-02083,2026-05-22,50876.32,Completed
PAY-02084,INV-02084,2026-02-02,87237.5,Completed
PAY-02085,INV-02085,2026-02-24,48954.35,Completed
PAY-02086,INV-02086,2026-02-14,15063.4,Completed
PAY-02087,INV-02087,2026-06-07,132194.44,Completed
PAY-02088,INV-02088,2026-03-21,56887.68,Completed
PAY-02089,INV-02089,2026-06-20,197145.74,Completed
PAY-02090,INV-02090,2026-05-01,186941.2,Completed
PAY-02091,INV-02091,2026-02-22,3128.66,Completed
PAY-02092,INV-02092,2026-06-06,24601.39,Completed
PAY-02093,INV-02093,2026-01-27,373634.04,Completed
PAY-02094,INV-02094,2026-07-08,543544.95,Completed
PAY-02095,INV-02095,2026-02-05,252376.62,Completed
PAY-02096,INV-02096,2026-02-27,367038.0,Completed
PAY-02097,INV-02097,2026-06-25,155677.68,Completed
PAY-02098,INV-02098,2026-04-22,36715.32,Completed
PAY-02099,INV-02099,2026-06-23,389194.2,Completed
PAY-02100,INV-02100,2026-05-22,24724.95,Completed
PAY-02101,INV-02101,2026-04-21,181240.74,Completed
PAY-02102,INV-02102,2026-04-14,112283.2,Completed
PAY-02103,INV-02103,2026-04-24,177594.14,Completed
PAY-02104,INV-02104,2026-05-04,358580.69,Completed
PAY-02105,INV-02105,2026-01-31,546.7,Completed
PAY-02106,INV-02106,2026-03-21,112892.75,Completed
PAY-02107,INV-02107,2026-05-06,81129.18,Completed
PAY-02108,INV-02108,2026-01-20,13963.97,Completed
PAY-02109,INV-02109,2026-05-04,202642.44,Completed
PAY-02110,INV-02110,2026-03-09,31797.7,Completed
PAY-02111,INV-02111,2026-04-14,92808.0,Completed
PAY-02112,INV-02112,2026-05-02,129518.76,Completed
PAY-02113,INV-02113,2026-02-10,188152.2,Completed
PAY-02114,INV-02114,2026-05-07,50040.12,Completed
PAY-02115,INV-02115,2026-03-07,82609.47,Completed
PAY-02116,INV-02116,2026-02-03,503516.49,Completed
PAY-02117,INV-02117,2026-02-27,233676.5,Completed
PAY-02118,INV-02118,2026-05-12,180694.93,Completed
PAY-02119,INV-02119,2026-02-10,175541.6,Completed
PAY-02120,INV-02120,2026-02-23,146340.6,Completed
PAY-02121,INV-02121,2026-02-19,63829.6,Completed
PAY-02122,INV-02122,2026-03-27,516537.0,Completed
PAY-02123,INV-02123,2026-05-05,238822.43,Completed
PAY-02124,INV-02124,2026-04-06,51627.66,Completed
PAY-02125,INV-02125,2026-04-09,66216.06,Completed
PAY-02126,INV-02126,2026-03-12,236677.48,Completed
PAY-02127,INV-02127,2026-03-05,75436.45,Completed
PAY-02128,INV-02128,2026-02-12,67581.53,Completed
PAY-02129,INV-02129,2026-03-18,267905.64,Completed
PAY-02130,INV-02130,2026-04-23,53126.0,Completed
PAY-02131,INV-02131,2026-06-08,91665.75,Completed
PAY-02132,INV-02132,2026-01-28,249981.76,Completed
PAY-02133,INV-02133,2026-05-20,10300.68,Completed
PAY-02134,INV-02134,2026-01-29,50232.9,Completed
PAY-02135,INV-02135,2026-03-22,23506.26,Completed
PAY-02136,INV-02136,2026-01-18,117093.11,Completed
PAY-02137,INV-02137,2026-02-15,203518.77,Completed
PAY-02138,INV-02138,2026-02-09,196178.08,Completed
PAY-02139,INV-02139,2026-06-17,24228.24,Completed
PAY-02140,INV-02140,2026-06-09,101764.74,Completed
PAY-02141,INV-02141,2026-04-20,201664.65,Completed
PAY-02142,INV-02142,2026-02-17,81129.18,Completed
PAY-02143,INV-02143,2026-05-21,190859.76,Completed
PAY-02144,INV-02144,2026-03-12,165218.94,Completed
PAY-02145,INV-02145,2026-02-05,158103.04,Completed
PAY-02146,INV-02146,2026-06-15,85710.69,Completed
PAY-02147,INV-02147,2026-06-16,274799.7,Completed
PAY-02148,INV-02148,2026-05-09,48522.0,Completed
PAY-02149,INV-02149,2026-01-18,658026.32,Completed
PAY-02150,INV-02150,2026-06-11,259427.88,Completed
PAY-02151,INV-02151,2026-04-15,63919.96,Completed
PAY-02152,INV-02152,2026-03-30,8276.28,Completed
PAY-02153,INV-02153,2026-06-28,99622.35,Completed
PAY-02154,INV-02154,2026-06-16,104391.56,Completed
PAY-02155,INV-02155,2026-03-12,139065.96,Completed
PAY-02156,INV-02156,2026-05-20,102817.66,Completed
PAY-02157,INV-02157,2026-03-02,57644.6,Completed
PAY-02158,INV-02158,2026-06-06,14681.52,Completed
PAY-02159,INV-02159,2026-03-31,193570.43,Completed
PAY-02160,INV-02160,2026-02-17,57881.72,Completed
PAY-02161,INV-02161,2026-06-19,187459.44,Completed
PAY-02162,INV-02162,2026-02-20,203518.77,Completed
PAY-02163,INV-02163,2026-03-12,292868.75,Completed
PAY-02164,INV-02164,2026-04-02,19046.82,Completed
PAY-02165,INV-02165,2026-02-25,197175.08,Completed
PAY-02166,INV-02166,2026-05-07,225785.5,Completed
PAY-02167,INV-02167,2026-02-23,44923.68,Completed
PAY-02168,INV-02168,2026-05-10,10550.79,Completed
PAY-02169,INV-02169,2026-06-24,71295.34,Completed
PAY-02170,INV-02170,2026-03-02,129584.8,Completed
PAY-02171,INV-02171,2026-06-21,539803.2,Completed
PAY-02172,INV-02172,2026-04-03,139909.88,Completed
PAY-02173,INV-02173,2026-02-02,569884.01,Completed
PAY-02174,INV-02174,2026-01-31,203518.77,Completed
PAY-02175,INV-02175,2026-04-06,265830.88,Completed
PAY-02176,INV-02176,2026-02-19,565016.0,Completed
PAY-02177,INV-02177,2026-02-24,136915.67,Completed
PAY-02178,INV-02178,2026-05-08,18756.96,Completed
PAY-02179,INV-02179,2026-04-14,305474.5,Completed
PAY-02180,INV-02180,2026-03-02,89279.2,Completed
PAY-02181,INV-02181,2026-04-20,8927.92,Completed
PAY-02182,INV-02182,2026-05-02,508514.4,Completed
PAY-02183,INV-02183,2026-06-05,10513.44,Completed
PAY-02184,INV-02184,2026-03-14,84169.92,Completed
PAY-02185,INV-02185,2026-05-22,150463.11,Completed
PAY-02186,INV-02186,2026-06-11,140290.56,Completed
PAY-02187,INV-02187,2026-01-25,588023.52,Completed
PAY-02188,INV-02188,2026-05-22,298898.38,Completed
PAY-02189,INV-02189,2026-02-07,218732.01,Completed
PAY-02190,INV-02190,2026-05-05,631991.21,Completed
PAY-02191,INV-02191,2026-04-11,161672.17,Completed
PAY-02192,INV-02192,2026-03-20,124625.0,Completed
PAY-02193,INV-02193,2026-06-10,216189.9,Completed
PAY-02194,INV-02194,2026-04-01,120886.32,Completed
PAY-02195,INV-02195,2026-03-03,12125.13,Completed
PAY-02196,INV-02196,2026-05-30,191454.92,Completed
PAY-02197,INV-02197,2026-06-04,34614.93,Completed
PAY-02198,INV-02198,2026-03-20,116190.9,Completed
PAY-02199,INV-02199,2026-02-17,74964.91,Completed
PAY-02200,INV-02200,2026-05-21,219038.43,Completed
PAY-02201,INV-02201,2026-06-14,307591.35,Completed
PAY-02202,INV-02202,2026-03-10,374972.64,Completed
PAY-02203,INV-02203,2026-02-17,637382.51,Completed
PAY-02204,INV-02204,2026-01-25,201835.2,Completed
PAY-02205,INV-02205,2026-02-15,220571.04,Completed
PAY-02206,INV-02206,2026-03-13,180999.7,Completed
PAY-02207,INV-02207,2026-02-01,531898.74,Completed
PAY-02208,INV-02208,2026-02-22,148221.6,Completed
PAY-02209,INV-02209,2026-02-22,77765.76,Completed
PAY-02210,INV-02210,2026-05-05,114935.2,Completed
PAY-02211,INV-02211,2026-03-11,633498.95,Completed
PAY-02212,INV-02212,2026-03-10,168071.15,Completed
PAY-02213,INV-02213,2026-03-22,603562.68,Completed
PAY-02214,INV-02214,2026-05-30,39900.84,Completed
PAY-02215,INV-02215,2026-06-27,240569.12,Completed
PAY-02216,INV-02216,2026-03-03,5737.44,Completed
PAY-02217,INV-02217,2026-04-16,318756.0,Completed
PAY-02218,INV-02218,2026-06-25,89847.36,Completed
PAY-02219,INV-02219,2026-03-26,10941.56,Completed
PAY-02220,INV-02220,2026-06-10,25020.06,Completed
PAY-02221,INV-02221,2026-03-08,111711.76,Completed
PAY-02222,INV-02222,2026-05-17,75766.13,Completed
PAY-02223,INV-02223,2026-05-14,29516.4,Completed
PAY-02224,INV-02224,2026-02-23,66588.9,Completed
PAY-02225,INV-02225,2026-01-16,103445.92,Completed
PAY-02226,INV-02226,2026-05-18,217975.92,Completed
PAY-02227,INV-02227,2026-02-09,152224.32,Completed
PAY-02228,INV-02228,2026-03-22,79450.01,Completed
PAY-02229,INV-02229,2026-02-13,3169.44,Completed
PAY-02230,INV-02230,2026-05-16,151612.19,Completed
PAY-02231,INV-02231,2026-05-27,11228.32,Completed
PAY-02232,INV-02232,2026-05-08,45385.76,Completed
PAY-02233,INV-02233,2026-05-20,37549.49,Completed
PAY-02234,INV-02234,2026-05-16,60277.31,Completed
PAY-02235,INV-02235,2026-05-31,1358.4,Completed
PAY-02236,INV-02236,2026-01-19,220445.12,Completed
PAY-02237,INV-02237,2026-05-04,27874.1,Completed
PAY-02238,INV-02238,2026-04-11,406016.24,Completed
PAY-02239,INV-02239,2026-05-05,14343.6,Completed
PAY-02240,INV-02240,2026-05-27,99324.09,Completed
PAY-02241,INV-02241,2026-04-15,1563.08,Completed
PAY-02242,INV-02242,2026-05-19,588023.52,Completed
PAY-02243,INV-02243,2026-06-28,3826.9,Completed
PAY-02244,INV-02244,2026-06-16,15854.5,Completed
PAY-02245,INV-02245,2026-02-06,491368.12,Completed
PAY-02246,INV-02246,2026-05-06,261712.5,Completed
PAY-02247,INV-02247,2026-05-14,528891.87,Completed
PAY-02248,INV-02248,2026-02-14,128082.56,Completed
PAY-02249,INV-02249,2026-06-03,145501.56,Completed
PAY-02250,INV-02250,2026-03-28,93873.68,Completed
PAY-02251,INV-02251,2026-05-21,11093.04,Completed
PAY-02252,INV-02252,2026-01-28,186571.35,Completed
PAY-02253,INV-02253,2026-02-15,599293.15,Completed
PAY-02254,INV-02254,2026-03-03,408704.85,Completed
PAY-02255,INV-02255,2026-02-22,70761.25,Completed
PAY-02256,INV-02256,2026-06-06,270064.0,Completed
PAY-02257,INV-02257,2026-03-10,23464.95,Completed
PAY-02258,INV-02258,2026-06-12,7008.96,Completed
PAY-02259,INV-02259,2026-06-17,401504.08,Completed
PAY-02260,INV-02260,2026-03-21,209978.08,Completed
PAY-02261,INV-02261,2026-03-20,859.1,Completed
PAY-02262,INV-02262,2026-06-30,216604.56,Completed
PAY-02263,INV-02263,2026-01-30,305474.5,Completed
PAY-02264,INV-02264,2026-06-30,290634.56,Completed
PAY-02265,INV-02265,2026-03-12,529108.92,Completed
PAY-02266,INV-02266,2026-04-23,543091.08,Completed
PAY-02267,INV-02267,2026-02-15,341894.0,Completed
PAY-02268,INV-02268,2026-04-15,183436.11,Completed
PAY-02269,INV-02269,2026-05-21,103483.76,Completed
PAY-02270,INV-02270,2026-06-15,80351.28,Completed
PAY-02271,INV-02271,2026-04-03,194597.1,Completed
PAY-02272,INV-02272,2026-03-01,45365.57,Completed
PAY-02273,INV-02273,2026-05-03,137756.6,Completed
PAY-02274,INV-02274,2026-06-30,150825.47,Completed
PAY-02275,INV-02275,2026-05-19,47345.58,Completed
PAY-02276,INV-02276,2026-03-17,2577.3,Completed
PAY-02277,INV-02277,2026-01-30,1698.0,Completed
PAY-02278,INV-02278,2026-05-06,116109.95,Completed
PAY-02279,INV-02279,2026-05-11,667181.28,Completed
PAY-02280,INV-02280,2026-04-04,29607.48,Completed
PAY-02281,INV-02281,2026-04-30,4138.14,Completed
PAY-02282,INV-02282,2026-06-17,15537.72,Completed
PAY-02283,INV-02283,2026-04-20,348773.2,Completed
PAY-02284,INV-02284,2026-06-30,151642.59,Completed
PAY-02285,INV-02285,2026-02-18,562685.1,Completed
PAY-02286,INV-02286,2026-02-25,126428.72,Completed
PAY-02287,INV-02287,2026-03-27,58726.08,Completed
PAY-02288,INV-02288,2026-05-19,535813.04,Completed
PAY-02289,INV-02289,2026-03-26,542224.2,Completed
PAY-02290,INV-02290,2026-04-12,2458.46,Completed
PAY-02291,INV-02291,2026-02-26,57482.16,Completed
PAY-02292,INV-02292,2026-05-04,542453.2,Completed
PAY-02293,INV-02293,2026-04-30,95680.42,Completed
PAY-02294,INV-02294,2026-04-12,488738.95,Completed
PAY-02295,INV-02295,2026-04-07,8005.16,Completed
PAY-02296,INV-02296,2026-05-06,104631.96,Completed
PAY-02297,INV-02297,2026-04-05,326513.85,Completed
PAY-02298,INV-02298,2026-02-01,34480.56,Completed
PAY-02299,INV-02299,2026-06-04,35070.8,Completed
PAY-02300,INV-02300,2026-02-09,176235.66,Completed
PAY-02301,INV-02301,2026-03-03,236853.17,Completed
PAY-02302,INV-02302,2026-01-18,282523.68,Completed
PAY-02303,INV-02303,2026-05-21,117382.13,Completed
PAY-02304,INV-02304,2026-05-29,42236.91,Completed
PAY-02305,INV-02305,2026-05-12,29363.04,Completed
PAY-02306,INV-02306,2026-03-22,205342.16,Completed
PAY-02307,INV-02307,2026-06-04,17338.31,Completed
PAY-02308,INV-02308,2026-06-05,151376.4,Completed
PAY-02309,INV-02309,2026-05-27,22022.28,Completed
PAY-02310,INV-02310,2026-03-30,156441.12,Completed
PAY-02311,INV-02311,2026-02-07,121942.1,Completed
PAY-02312,INV-02312,2026-02-21,133954.4,Completed
PAY-02313,INV-02313,2026-06-01,48337.5,Completed
PAY-02314,INV-02314,2026-05-30,39893.5,Completed
PAY-02315,INV-02315,2026-04-07,21428.29,Completed
PAY-02316,INV-02316,2026-04-17,197628.8,Completed
PAY-02317,INV-02317,2026-03-12,457123.68,Completed
PAY-02318,INV-02318,2026-05-24,60625.65,Completed
PAY-02319,INV-02319,2026-03-09,110222.56,Completed
PAY-02320,INV-02320,2026-06-04,144879.43,Completed
PAY-02321,INV-02321,2026-05-11,185015.6,Completed
PAY-02322,INV-02322,2026-03-24,206634.9,Completed
PAY-02323,INV-02323,2026-06-16,109011.36,Completed
PAY-02324,INV-02324,2026-02-28,28552.41,Completed
PAY-02325,INV-02325,2026-04-08,24928.56,Completed
PAY-02326,INV-02326,2026-03-21,366211.86,Completed
PAY-02327,INV-02327,2026-03-07,129731.4,Completed
PAY-02328,INV-02328,2026-02-07,2655.4,Completed
PAY-02329,INV-02329,2026-07-01,18162.75,Completed
PAY-02330,INV-02330,2026-03-03,142762.05,Completed
PAY-02331,INV-02331,2026-05-14,605086.2,Completed
PAY-02332,INV-02332,2026-04-24,123804.33,Completed
PAY-02333,INV-02333,2026-04-09,433451.34,Completed
PAY-02334,INV-02334,2026-06-24,364155.75,Completed
PAY-02335,INV-02335,2026-03-23,77155.76,Completed
PAY-02336,INV-02336,2026-01-20,7164.91,Completed
PAY-02337,INV-02337,2026-04-16,177673.76,Completed
PAY-02338,INV-02338,2026-05-13,3448.45,Completed
PAY-02339,INV-02339,2026-04-18,45204.0,Completed
PAY-02340,INV-02340,2026-05-08,303190.6,Completed
PAY-02341,INV-02341,2026-02-03,33794.81,Completed
PAY-02342,INV-02342,2026-06-09,451853.5,Completed
PAY-02343,INV-02343,2026-03-11,90813.75,Completed
PAY-02344,INV-02344,2026-06-08,319280.53,Completed
PAY-02345,INV-02345,2026-03-14,392571.0,Completed
PAY-02346,INV-02346,2026-04-05,284453.1,Completed
PAY-02347,INV-02347,2026-05-19,303128.25,Completed
PAY-02348,INV-02348,2026-06-16,242870.9,Completed
PAY-02349,INV-02349,2026-02-19,51284.1,Completed
PAY-02350,INV-02350,2026-05-23,103932.98,Completed
PAY-02351,INV-02351,2026-04-17,109126.17,Completed
PAY-02352,INV-02352,2026-03-15,2967.8,Completed
PAY-02353,INV-02353,2026-03-23,467033.04,Completed
PAY-02354,INV-02354,2026-04-30,116648.64,Completed
PAY-02355,INV-02355,2026-02-16,362988.5,Completed
PAY-02356,INV-02356,2026-02-14,42557.67,Completed
PAY-02357,INV-02357,2026-05-21,51098.23,Completed
PAY-02358,INV-02358,2026-06-15,51843.84,Completed
PAY-02359,INV-02359,2026-02-27,55072.98,Completed
PAY-02360,INV-02360,2026-02-07,457504.2,Completed
PAY-02361,INV-02361,2026-06-11,294741.36,Completed
PAY-02362,INV-02362,2026-05-12,2276.22,Completed
PAY-02363,INV-02363,2026-04-22,111115.55,Completed
PAY-02364,INV-02364,2026-02-10,6359.54,Completed
PAY-02365,INV-02365,2026-02-12,7810.8,Completed
PAY-02366,INV-02366,2026-03-30,47286.3,Completed
PAY-02367,INV-02367,2026-05-22,51098.23,Completed
PAY-02368,INV-02368,2026-03-10,161521.6,Completed
PAY-02369,INV-02369,2026-03-23,40683.99,Completed
PAY-02370,INV-02370,2026-03-13,43172.92,Completed
PAY-02371,INV-02371,2026-05-14,112484.3,Completed
PAY-02372,INV-02372,2026-04-29,138340.16,Completed
PAY-02373,INV-02373,2026-03-29,129673.6,Completed
PAY-02374,INV-02374,2026-03-16,2758.76,Completed
PAY-02375,INV-02375,2026-05-11,9378.48,Completed
PAY-02376,INV-02376,2026-05-01,106315.06,Completed
PAY-02377,INV-02377,2026-01-26,8606.16,Completed
PAY-02378,INV-02378,2026-02-04,39844.5,Completed
PAY-02379,INV-02379,2026-06-02,78108.1,Completed
PAY-02380,INV-02380,2026-05-27,59191.59,Completed
PAY-02381,INV-02381,2026-05-01,235542.6,Completed
PAY-02382,INV-02382,2026-03-19,136915.67,Completed
PAY-02383,INV-02383,2026-02-03,49044.52,Completed
PAY-02384,INV-02384,2026-04-26,365618.88,Completed
PAY-02385,INV-02385,2026-04-19,98003.92,Completed
PAY-02386,INV-02386,2026-02-22,596764.44,Completed
PAY-02387,INV-02387,2026-01-19,245291.9,Completed
PAY-02388,INV-02388,2026-04-10,32020.64,Completed
PAY-02389,INV-02389,2026-02-24,112309.2,Completed
PAY-02390,INV-02390,2026-02-22,44398.76,Completed
PAY-02391,INV-02391,2026-03-18,139519.6,Completed
PAY-02392,INV-02392,2026-01-31,257132.07,Completed
PAY-02393,INV-02393,2026-02-09,52086.55,Completed
PAY-02394,INV-02394,2026-05-31,95597.18,Completed
PAY-02395,INV-02395,2026-03-21,62636.54,Completed
PAY-02396,INV-02396,2026-03-30,94146.25,Completed
PAY-02397,INV-02397,2026-04-12,29780.63,Completed
PAY-02398,INV-02398,2026-05-22,2030.6,Completed
PAY-02399,INV-02399,2026-05-16,574022.96,Completed
PAY-02400,INV-02400,2026-03-21,5330.61,Completed
PAY-02401,INV-02401,2026-06-22,319691.03,Completed
PAY-02402,INV-02402,2026-05-28,80970.48,Completed
PAY-02403,INV-02403,2026-03-18,137087.5,Completed
PAY-02404,INV-02404,2026-05-05,3565.8,Completed
PAY-02405,INV-02405,2026-02-19,89048.8,Completed
PAY-02406,INV-02406,2026-03-27,470380.5,Completed
PAY-02407,INV-02407,2026-04-30,328048.8,Completed
PAY-02408,INV-02408,2026-01-23,130179.21,Completed
PAY-02409,INV-02409,2026-03-09,542224.2,Completed
PAY-02410,INV-02410,2026-02-24,516666.89,Completed
PAY-02411,INV-02411,2026-04-27,323098.71,Completed
PAY-02412,INV-02412,2026-04-20,293243.37,Completed
PAY-02413,INV-02413,2026-05-21,30960.81,Completed
PAY-02414,INV-02414,2026-04-17,28304.5,Completed
PAY-02415,INV-02415,2026-03-02,235542.6,Completed
PAY-02416,INV-02416,2026-02-17,658026.32,Completed
PAY-02417,INV-02417,2026-01-22,54505.68,Completed
PAY-02418,INV-02418,2026-02-21,244103.94,Completed
PAY-02419,INV-02419,2026-03-28,10358.48,Completed
PAY-02420,INV-02420,2026-06-21,51301.08,Completed
PAY-02421,INV-02421,2026-03-13,494427.44,Completed
PAY-02422,INV-02422,2026-03-02,506179.35,Completed
PAY-02423,INV-02423,2026-05-08,47769.53,Completed
PAY-02424,INV-02424,2026-05-08,49044.52,Completed
PAY-02425,INV-02425,2026-05-07,39900.84,Completed
PAY-02426,INV-02426,2026-02-28,24015.48,Completed
PAY-02427,INV-02427,2026-06-05,142214.05,Completed
PAY-02428,INV-02428,2026-03-03,28157.94,Completed
PAY-02429,INV-02429,2026-05-06,47218.24,Completed
PAY-02430,INV-02430,2026-06-10,378015.12,Completed
PAY-02431,INV-02431,2026-05-10,63211.8,Completed
PAY-02432,INV-02432,2026-05-13,358245.5,Completed
PAY-02433,INV-02433,2026-03-31,79443.65,Completed
PAY-02434,INV-02434,2026-03-24,154504.14,Completed
PAY-02435,INV-02435,2026-05-12,116758.26,Completed
PAY-02436,INV-02436,2026-02-08,278798.24,Completed
PAY-02437,INV-02437,2026-06-12,72241.89,Completed
PAY-02438,INV-02438,2026-06-11,546.7,Completed
PAY-02439,INV-02439,2026-03-06,46864.86,Completed
PAY-02440,INV-02440,2026-04-02,70297.29,Completed
PAY-02441,INV-02441,2026-05-13,107932.3,Completed
PAY-02442,INV-02442,2026-04-05,30703.4,Completed
PAY-02443,INV-02443,2026-06-05,100056.06,Completed
PAY-02444,INV-02444,2026-05-06,15173.18,Completed
PAY-02445,INV-02445,2026-07-04,132035.42,Completed
PAY-02446,INV-02446,2026-05-23,123518.0,Completed
PAY-02447,INV-02447,2026-02-03,63684.87,Completed
PAY-02448,INV-02448,2026-01-18,126853.6,Completed
PAY-02449,INV-02449,2026-03-16,239896.16,Completed
PAY-02450,INV-02450,2026-05-24,199244.7,Completed
PAY-02451,INV-02451,2026-03-08,14017.92,Completed
PAY-02452,INV-02452,2026-02-22,256926.6,Completed
PAY-02453,INV-02453,2026-02-28,100308.74,Completed
PAY-02454,INV-02454,2026-05-25,95873.4,Completed
PAY-02455,INV-02455,2026-02-17,71832.64,Completed
PAY-02456,INV-02456,2026-02-05,110532.24,Completed
PAY-02457,INV-02457,2026-05-03,458612.55,Completed
PAY-02458,INV-02458,2026-03-30,57881.72,Completed
PAY-02459,INV-02459,2026-02-01,143705.4,Completed
PAY-02460,INV-02460,2026-05-10,383650.52,Completed
PAY-02461,INV-02461,2026-03-30,298660.32,Completed
PAY-02462,INV-02462,2026-03-05,187486.32,Completed
PAY-02463,INV-02463,2026-02-07,323728.01,Completed
PAY-02464,INV-02464,2026-03-08,177595.04,Completed
PAY-02465,INV-02465,2026-04-02,500402.48,Completed
PAY-02466,INV-02466,2026-05-28,227574.5,Completed
PAY-02467,INV-02467,2026-03-02,526002.75,Completed
PAY-02468,INV-02468,2026-04-03,208893.59,Completed
PAY-02469,INV-02469,2026-04-10,316059.0,Completed
PAY-02470,INV-02470,2026-03-04,135108.24,Completed
PAY-02471,INV-02471,2026-03-18,192859.24,Completed
PAY-02472,INV-02472,2026-02-04,90408.0,Completed
PAY-02473,INV-02473,2026-05-05,75766.13,Completed
PAY-02474,INV-02474,2026-04-28,6896.9,Completed
PAY-02475,INV-02475,2026-06-26,15537.72,Completed
PAY-02476,INV-02476,2026-05-11,284543.73,Completed
PAY-02477,INV-02477,2026-03-27,64836.8,Completed
PAY-02478,INV-02478,2026-06-16,249856.99,Completed
PAY-02479,INV-02479,2026-06-06,570282.24,Completed
PAY-02480,INV-02480,2026-04-04,155729.35,Completed
PAY-02481,INV-02481,2026-03-26,29779.96,Completed
PAY-02482,INV-02482,2026-02-15,121172.62,Completed
PAY-02483,INV-02483,2026-03-30,77252.07,Completed
PAY-02484,INV-02484,2026-02-24,310453.27,Completed
PAY-02485,INV-02485,2026-03-07,251975.62,Completed
PAY-02486,INV-02486,2026-04-22,304125.5,Completed
PAY-02487,INV-02487,2026-03-28,374023.46,Completed
PAY-02488,INV-02488,2026-05-13,606256.5,Completed
PAY-02489,INV-02489,2026-04-18,73566.78,Completed
PAY-02490,INV-02490,2026-04-12,201088.24,Completed
PAY-02491,INV-02491,2026-05-28,68836.88,Completed
PAY-02492,INV-02492,2026-02-08,7301.4,Completed
PAY-02493,INV-02493,2026-02-11,381426.31,Completed
PAY-02494,INV-02494,2026-05-04,849.0,Completed
PAY-02495,INV-02495,2026-06-13,118794.07,Completed
PAY-02496,INV-02496,2026-02-14,232426.25,Completed
PAY-02497,INV-02497,2026-05-04,562964.85,Completed
PAY-02498,INV-02498,2026-02-19,80051.6,Completed
PAY-02499,INV-02499,2026-02-28,19667.68,Completed
PAY-02500,INV-02500,2026-02-01,169630.48,Completed
PAY-02501,INV-02501,2026-04-15,66066.84,Completed
PAY-02502,INV-02502,2026-05-05,431842.56,Completed
PAY-02503,INV-02503,2026-05-16,145881.64,Completed
PAY-02504,INV-02504,2026-03-29,191118.96,Completed
PAY-02505,INV-02505,2026-05-27,31540.32,Completed
PAY-02506,INV-02506,2026-05-25,525421.26,Completed
PAY-02507,INV-02507,2026-03-28,519428.16,Completed
PAY-02508,INV-02508,2026-03-06,54347.92,Completed
PAY-02509,INV-02509,2026-05-27,165667.27,Completed
PAY-02510,INV-02510,2026-05-07,230602.56,Completed
PAY-02511,INV-02511,2026-04-10,23606.15,Completed
PAY-02512,INV-02512,2026-03-05,661258.92,Completed
PAY-02513,INV-02513,2026-04-19,185764.86,Completed
PAY-02514,INV-02514,2026-02-02,53949.0,Completed
PAY-02515,INV-02515,2026-03-03,273460.22,Completed
PAY-02516,INV-02516,2026-02-17,386111.13,Completed
PAY-02517,INV-02517,2026-02-21,151382.96,Completed
PAY-02518,INV-02518,2026-05-16,415476.0,Completed
PAY-02519,INV-02519,2026-01-30,242502.6,Completed
PAY-02520,INV-02520,2026-03-05,1379.38,Completed
PAY-02521,INV-02521,2026-03-08,69794.78,Completed
PAY-02522,INV-02522,2026-05-28,465922.94,Completed
PAY-02523,INV-02523,2026-01-20,500413.2,Completed
PAY-02524,INV-02524,2026-04-03,40952.83,Completed
PAY-02525,INV-02525,2026-05-04,247961.88,Completed
PAY-02526,INV-02526,2026-04-09,305771.28,Completed
PAY-02527,INV-02527,2026-04-08,80912.13,Completed
PAY-02528,INV-02528,2026-01-31,345913.24,Completed
PAY-02529,INV-02529,2026-06-14,678877.2,Completed
PAY-02530,INV-02530,2026-07-09,47212.3,Completed
PAY-02531,INV-02531,2026-05-23,22796.02,Completed
PAY-02532,INV-02532,2026-04-03,344892.96,Completed
PAY-02533,INV-02533,2026-03-12,275220.66,Completed
PAY-02534,INV-02534,2026-03-09,188849.2,Completed
PAY-02535,INV-02535,2026-02-13,55850.9,Completed
PAY-02536,INV-02536,2026-03-15,199244.7,Completed
PAY-02537,INV-02537,2026-05-08,186653.93,Completed
PAY-02538,INV-02538,2026-04-11,185764.86,Completed
PAY-02539,INV-02539,2026-02-21,488207.88,Completed
PAY-02540,INV-02540,2026-03-02,71808.3,Completed
PAY-02541,INV-02541,2026-05-28,48456.48,Completed
PAY-02542,INV-02542,2026-03-10,56501.6,Completed
PAY-02543,INV-02543,2026-04-05,295225.71,Completed
PAY-02544,INV-02544,2026-04-29,8276.28,Completed
PAY-02545,INV-02545,2026-05-04,53306.1,Completed
PAY-02546,INV-02546,2026-03-02,78108.1,Completed
PAY-02547,INV-02547,2026-06-22,7527.42,Completed
PAY-02548,INV-02548,2026-04-02,415447.84,Completed
PAY-02549,INV-02549,2026-03-09,78953.28,Completed
PAY-02550,INV-02550,2026-03-24,470904.0,Completed
PAY-02551,INV-02551,2026-05-21,100796.86,Completed
PAY-02552,INV-02552,2026-04-29,129302.1,Completed
PAY-02553,INV-02553,2026-02-25,199400.0,Completed
PAY-02554,INV-02554,2026-03-19,12222.1,Completed
PAY-02555,INV-02555,2026-03-03,268886.2,Completed
PAY-02556,INV-02556,2026-04-25,562964.85,Completed
PAY-02557,INV-02557,2026-03-04,173964.4,Completed
PAY-02558,INV-02558,2026-06-06,387303.0,Completed
PAY-02559,INV-02559,2026-01-26,383650.52,Completed
PAY-02560,INV-02560,2026-03-20,625380.75,Completed
PAY-02561,INV-02561,2026-05-11,179494.35,Completed
PAY-02562,INV-02562,2026-03-11,69769.48,Completed
PAY-02563,INV-02563,2026-01-14,17240.28,Completed
PAY-02564,INV-02564,2026-02-08,73407.6,Completed
PAY-02565,INV-02565,2026-02-12,460619.69,Completed
PAY-02566,INV-02566,2026-03-22,98691.6,Completed
PAY-02567,INV-02567,2026-03-31,43491.1,Completed
PAY-02568,INV-02568,2026-06-01,88797.52,Completed
PAY-02569,INV-02569,2026-06-19,70102.95,Completed
PAY-02570,INV-02570,2026-02-21,66704.04,Completed
PAY-02571,INV-02571,2026-04-25,30136.0,Completed
PAY-02572,INV-02572,2026-06-02,311617.46,Completed
PAY-02573,INV-02573,2026-04-10,173964.4,Completed
PAY-02574,INV-02574,2026-02-03,391357.32,Completed
PAY-02575,INV-02575,2026-03-27,182550.04,Completed
PAY-02576,INV-02576,2026-04-10,33108.03,Completed
PAY-02577,INV-02577,2026-02-23,172951.92,Completed
PAY-02578,INV-02578,2026-01-16,412810.8,Completed
PAY-02579,INV-02579,2026-03-04,66977.2,Completed
PAY-02580,INV-02580,2026-03-08,242770.5,Completed
PAY-02581,INV-02581,2026-03-05,5746.76,Completed
PAY-02582,INV-02582,2026-05-17,78220.56,Completed
PAY-02583,INV-02583,2026-01-25,247023.04,Completed
PAY-02584,INV-02584,2026-03-21,66588.9,Completed
PAY-02585,INV-02585,2026-03-29,3905.4,Completed
PAY-02586,INV-02586,2026-05-09,22216.04,Completed
PAY-02587,INV-02587,2026-06-16,6252.32,Completed
PAY-02588,INV-02588,2026-06-14,69170.08,Completed
PAY-02589,INV-02589,2026-05-14,77530.96,Completed
PAY-02590,INV-02590,2026-03-01,488207.88,Completed
PAY-02591,INV-02591,2026-01-18,91404.72,Completed
PAY-02592,INV-02592,2026-03-09,90813.75,Completed
PAY-02593,INV-02593,2026-05-26,50233.83,Completed
PAY-02594,INV-02594,2026-05-09,8620.14,Completed
PAY-02595,INV-02595,2026-07-08,94929.31,Completed
PAY-02596,INV-02596,2026-03-29,11489.22,Completed
PAY-02597,INV-02597,2026-06-03,368272.06,Completed
PAY-02598,INV-02598,2026-06-08,66648.12,Completed
PAY-02599,INV-02599,2026-03-03,144404.26,Completed
PAY-02600,INV-02600,2026-04-30,18518.19,Completed
PAY-02601,INV-02601,2026-04-17,234420.2,Completed
PAY-02602,INV-02602,2026-05-14,12983.68,Completed
PAY-02603,INV-02603,2026-03-24,64865.7,Completed
PAY-02604,INV-02604,2026-05-23,199222.5,Completed
PAY-02605,INV-02605,2026-04-04,29722.27,Completed
PAY-02606,INV-02606,2026-06-07,108025.6,Completed
PAY-02607,INV-02607,2026-04-05,74586.72,Completed
PAY-02608,INV-02608,2026-05-10,60247.1,Completed
PAY-02609,INV-02609,2026-06-02,31358.7,Completed
PAY-02610,INV-02610,2026-05-21,184127.97,Completed
PAY-02611,INV-02611,2026-06-06,441086.76,Completed
PAY-02612,INV-02612,2026-02-02,607392.2,Completed
PAY-02613,INV-02613,2026-05-20,339230.58,Completed
PAY-02614,INV-02614,2026-03-05,24584.6,Completed
PAY-02615,INV-02615,2026-04-25,616024.64,Completed
PAY-02616,INV-02616,2026-05-08,66200.82,Completed
PAY-02617,INV-02617,2026-05-12,191067.11,Completed
PAY-02618,INV-02618,2026-05-31,528676.21,Completed
PAY-02619,INV-02619,2026-06-15,28825.32,Completed
PAY-02620,INV-02620,2026-05-11,93873.68,Completed
PAY-02621,INV-02621,2026-02-20,242770.5,Completed
PAY-02622,INV-02622,2026-06-09,217983.25,Completed
PAY-02623,INV-02623,2026-03-10,220439.76,Completed
PAY-02624,INV-02624,2026-02-28,82848.7,Completed
PAY-02625,INV-02625,2026-05-10,39108.25,Completed
PAY-02626,INV-02626,2026-04-10,93501.24,Completed
PAY-02627,INV-02627,2026-06-03,85710.69,Completed
PAY-02628,INV-02628,2026-03-20,1564.33,Completed
PAY-02629,INV-02629,2026-03-05,696852.5,Completed
PAY-02630,INV-02630,2026-05-24,176605.8,Completed
PAY-02631,INV-02631,2026-04-25,321405.12,Completed
PAY-02632,INV-02632,2026-06-21,47975.49,Completed
PAY-02633,INV-02633,2026-02-10,311355.36,Completed
PAY-02634,INV-02634,2026-02-07,51640.4,Completed
PAY-02635,INV-02635,2026-04-01,154804.05,Completed
PAY-02636,INV-02636,2026-05-02,75658.08,Completed
PAY-02637,INV-02637,2026-03-03,413047.35,Completed
PAY-02638,INV-02638,2026-03-23,36842.67,Completed
PAY-02639,INV-02639,2026-05-23,160521.82,Completed
PAY-02640,INV-02640,2026-01-31,339230.58,Completed
PAY-02641,INV-02641,2026-02-03,504020.16,Completed
PAY-02642,INV-02642,2026-05-24,485822.88,Completed
PAY-02643,INV-02643,2026-02-07,259219.2,Completed
PAY-02644,INV-02644,2026-04-16,102882.29,Completed
PAY-02645,INV-02645,2026-04-25,347490.25,Completed
PAY-02646,INV-02646,2026-05-31,345128.54,Completed
PAY-02647,INV-02647,2026-03-28,239424.82,Completed
PAY-02648,INV-02648,2026-05-09,74804.75,Completed
PAY-02649,INV-02649,2026-02-11,139909.88,Completed
PAY-02650,INV-02650,2026-06-03,26714.64,Completed
PAY-02651,INV-02651,2026-06-06,43838.5,Completed
PAY-02652,INV-02652,2026-05-29,250869.6,Completed
PAY-02653,INV-02653,2026-04-17,207775.7,Completed
PAY-02654,INV-02654,2026-03-14,418919.1,Completed
PAY-02655,INV-02655,2026-03-18,355016.22,Completed
PAY-02656,INV-02656,2026-02-24,32966.6,Completed
PAY-02657,INV-02657,2026-05-05,281785.7,Completed
PAY-02658,INV-02658,2026-06-08,293499.95,Completed
PAY-02659,INV-02659,2026-03-28,44432.08,Completed
PAY-02660,INV-02660,2026-06-05,3765.85,Completed
PAY-02661,INV-02661,2026-06-14,404852.4,Completed
PAY-02662,INV-02662,2026-04-16,547681.08,Completed
PAY-02663,INV-02663,2026-02-22,390956.3,Completed
PAY-02664,INV-02664,2026-01-24,361389.86,Completed
PAY-02665,INV-02665,2026-02-23,4452.44,Completed
PAY-02666,INV-02666,2026-06-21,69312.8,Completed
PAY-02667,INV-02667,2026-03-07,515120.2,Completed
PAY-02668,INV-02668,2026-02-10,1093.4,Completed
PAY-02669,INV-02669,2026-05-06,122070.62,Completed
PAY-02670,INV-02670,2026-02-28,460811.01,Completed
PAY-02671,INV-02671,2026-06-18,59032.8,Completed
PAY-02672,INV-02672,2026-06-11,57409.32,Completed
PAY-02673,INV-02673,2026-02-10,20716.96,Completed
PAY-02674,INV-02674,2026-04-23,146861.28,Completed
PAY-02675,INV-02675,2026-02-24,199222.5,Completed
PAY-02676,INV-02676,2026-06-26,337778.91,Completed
PAY-02677,INV-02677,2026-04-08,105931.25,Completed
PAY-02678,INV-02678,2026-02-23,40603.5,Completed
PAY-02679,INV-02679,2026-04-15,100605.42,Completed
PAY-02680,INV-02680,2026-03-01,392988.48,Completed
PAY-02681,INV-02681,2026-04-12,78473.97,Completed
PAY-02682,INV-02682,2026-03-31,97001.04,Completed
PAY-02683,INV-02683,2026-04-04,41811.15,Completed
PAY-02684,INV-02684,2026-04-02,117323.3,Completed
PAY-02685,INV-02685,2026-06-26,53131.92,Completed
PAY-02686,INV-02686,2026-04-20,166620.3,Completed
PAY-02687,INV-02687,2026-02-16,76187.28,Completed
PAY-02688,INV-02688,2026-03-22,491284.9,Completed
PAY-02689,INV-02689,2026-05-25,339195.36,Completed
PAY-02690,INV-02690,2026-04-03,12910.1,Completed
PAY-02691,INV-02691,2026-03-28,35619.52,Completed
PAY-02692,INV-02692,2026-03-10,3516.93,Completed
PAY-02693,INV-02693,2026-04-21,145747.66,Completed
PAY-02694,INV-02694,2026-02-23,351628.77,Completed
PAY-02695,INV-02695,2026-03-23,70394.85,Completed
PAY-02696,INV-02696,2026-02-14,720633.0,Completed
PAY-02697,INV-02697,2026-02-16,44740.92,Completed
PAY-02698,INV-02698,2026-03-11,607744.78,Completed
PAY-02699,INV-02699,2026-03-01,195118.7,Completed
PAY-02700,INV-02700,2026-02-09,31318.27,Completed
PAY-02701,INV-02701,2026-03-06,12683.6,Completed
PAY-02702,INV-02702,2026-05-14,88797.52,Completed
PAY-02703,INV-02703,2026-03-03,158075.94,Completed
PAY-02704,INV-02704,2026-01-30,398471.4,Completed
PAY-02705,INV-02705,2026-06-25,4817.98,Completed
PAY-02706,INV-02706,2026-05-22,12677.76,Completed
PAY-02707,INV-02707,2026-06-19,391634.8,Completed
PAY-02708,INV-02708,2026-01-24,73170.3,Completed
PAY-02709,INV-02709,2026-06-12,312758.25,Completed
PAY-02710,INV-02710,2026-03-05,622126.08,Completed
PAY-02711,INV-02711,2026-06-03,116741.35,Completed
PAY-02712,INV-02712,2026-04-03,156793.5,Completed
PAY-02713,INV-02713,2026-02-15,232125.92,Completed
PAY-02714,INV-02714,2026-03-19,675415.38,Completed
PAY-02715,INV-02715,2026-06-23,172446.48,Completed
PAY-02716,INV-02716,2026-03-20,338507.56,Completed
PAY-02717,INV-02717,2026-03-05,3045.9,Completed
PAY-02718,INV-02718,2026-03-16,512813.04,Completed
PAY-02719,INV-02719,2026-05-07,29656.67,Completed
PAY-02720,INV-02720,2026-03-23,32415.43,Completed
PAY-02721,INV-02721,2026-04-03,179300.25,Completed
PAY-02722,INV-02722,2026-05-11,91904.6,Completed
PAY-02723,INV-02723,2026-06-11,38157.24,Completed
PAY-02724,INV-02724,2026-06-26,51301.08,Completed
PAY-02725,INV-02725,2026-02-13,427247.17,Completed
PAY-02726,INV-02726,2026-05-09,133918.8,Completed
PAY-02727,INV-02727,2026-06-09,58636.71,Completed
PAY-02728,INV-02728,2026-04-14,13503.2,Completed
PAY-02729,INV-02729,2026-03-16,12709.49,Completed
PAY-02730,INV-02730,2026-01-14,4043.5,Completed
PAY-02731,INV-02731,2026-03-14,33639.2,Completed
PAY-02732,INV-02732,2026-06-13,97001.04,Completed
PAY-02733,INV-02733,2026-02-01,454392.93,Completed
PAY-02734,INV-02734,2026-03-29,66585.12,Completed
PAY-02735,INV-02735,2026-02-06,84098.0,Completed
PAY-02736,INV-02736,2026-06-07,16662.03,Completed
PAY-02737,INV-02737,2026-03-14,64041.28,Completed
PAY-02738,INV-02738,2026-02-19,117530.4,Completed
PAY-02739,INV-02739,2026-03-27,17535.4,Completed
PAY-02740,INV-02740,2026-04-09,254627.73,Completed
PAY-02741,INV-02741,2026-05-01,477673.7,Completed
PAY-02742,INV-02742,2026-04-03,136915.67,Completed
PAY-02743,INV-02743,2026-02-18,367108.07,Completed
PAY-02744,INV-02744,2026-06-06,124642.8,Completed
PAY-02745,INV-02745,2026-01-17,127742.23,Completed
PAY-02746,INV-02746,2026-05-20,143318.75,Completed
PAY-02747,INV-02747,2026-04-30,27874.1,Completed
PAY-02748,INV-02748,2026-03-08,255994.56,Completed
PAY-02749,INV-02749,2026-06-13,373222.18,Completed
PAY-02750,INV-02750,2026-06-10,8620.14,Completed
PAY-02751,INV-02751,2026-03-15,18380.92,Completed
PAY-02752,INV-02752,2026-06-08,188121.26,Completed
PAY-02753,INV-02753,2026-03-29,56242.15,Completed
PAY-02754,INV-02754,2026-01-31,9869.16,Completed
PAY-02755,INV-02755,2026-05-28,132829.8,Completed
PAY-02756,INV-02756,2026-04-12,209055.75,Completed
PAY-02757,INV-02757,2026-04-25,155061.92,Completed
PAY-02758,INV-02758,2026-03-16,85289.76,Completed
PAY-02759,INV-02759,2026-02-20,291844.35,Completed
PAY-02760,INV-02760,2026-05-21,108176.18,Completed
PAY-02761,INV-02761,2026-04-23,22262.2,Completed
PAY-02762,INV-02762,2026-05-03,246489.66,Completed
PAY-02763,INV-02763,2026-02-26,1564.33,Completed
PAY-02764,INV-02764,2026-06-16,157732.18,Completed
PAY-02765,INV-02765,2026-04-19,375228.45,Completed
PAY-02766,INV-02766,2026-06-13,530070.55,Completed
PAY-02767,INV-02767,2026-05-01,9881.44,Completed
PAY-02768,INV-02768,2026-04-07,357309.36,Completed
PAY-02769,INV-02769,2026-03-10,166620.3,Completed
PAY-02770,INV-02770,2026-03-28,184136.03,Completed
PAY-02771,INV-02771,2026-02-04,70761.25,Completed
PAY-02772,INV-02772,2026-05-14,4944.99,Completed
PAY-02773,INV-02773,2026-05-06,86223.24,Completed
PAY-02774,INV-02774,2026-03-20,7923.6,Completed
PAY-02775,INV-02775,2026-01-27,663893.8,Completed
PAY-02776,INV-02776,2026-02-05,79443.65,Completed
PAY-02777,INV-02777,2026-06-20,9889.98,Completed
PAY-02778,INV-02778,2026-02-08,58166.64,Completed
PAY-02779,INV-02779,2026-02-20,198200.52,Completed
PAY-02780,INV-02780,2026-05-14,661258.92,Completed
PAY-02781,INV-02781,2026-02-20,309501.32,Completed
PAY-02782,INV-02782,2026-01-16,54086.12,Completed
PAY-02783,INV-02783,2026-03-02,16692.28,Completed
PAY-02784,INV-02784,2026-06-09,357974.37,Completed
PAY-02785,INV-02785,2026-05-16,101078.28,Completed
PAY-02786,INV-02786,2026-05-30,309737.82,Completed
PAY-02787,INV-02787,2026-04-01,21428.29,Completed
PAY-02788,INV-02788,2026-02-14,74775.0,Completed
PAY-02789,INV-02789,2026-06-19,12637.37,Completed
PAY-02790,INV-02790,2026-04-10,19288.94,Completed
PAY-02791,INV-02791,2026-05-18,631991.21,Completed
PAY-02792,INV-02792,2026-05-30,118147.25,Completed
PAY-02793,INV-02793,2026-02-14,174685.51,Completed
PAY-02794,INV-02794,2026-03-08,198200.52,Completed
PAY-02795,INV-02795,2026-04-23,89541.79,Completed
PAY-02796,INV-02796,2026-03-16,45600.96,Completed
PAY-02797,INV-02797,2026-06-19,22262.2,Completed
PAY-02798,INV-02798,2026-04-16,7966.77,Completed
PAY-02799,INV-02799,2026-03-06,134829.84,Completed
PAY-02800,INV-02800,2026-03-31,69759.8,Completed
PAY-02801,INV-02801,2026-02-14,448017.92,Completed
PAY-02802,INV-02802,2026-05-28,342294.45,Completed
PAY-02803,INV-02803,2026-04-25,177220.45,Completed
PAY-02804,INV-02804,2026-02-12,195553.6,Completed
PAY-02805,INV-02805,2026-04-28,231340.27,Completed
PAY-02806,INV-02806,2026-02-27,157880.88,Completed
PAY-02807,INV-02807,2026-04-07,191118.96,Completed
PAY-02808,INV-02808,2026-01-29,117741.76,Completed
PAY-02809,INV-02809,2026-05-27,55855.88,Completed
PAY-02810,INV-02810,2026-04-18,4924.2,Completed
PAY-02811,INV-02811,2026-04-07,66648.12,Completed
PAY-02812,INV-02812,2026-06-21,381762.88,Completed
PAY-02813,INV-02813,2026-05-18,50814.96,Completed
PAY-02814,INV-02814,2026-03-02,197755.6,Completed
PAY-02815,INV-02815,2026-03-22,114038.77,Completed
PAY-02816,INV-02816,2026-04-27,95022.25,Completed
PAY-02817,INV-02817,2026-02-08,83587.64,Completed
PAY-02818,INV-02818,2026-03-03,236929.85,Completed
PAY-02819,INV-02819,2026-06-01,101677.95,Completed
PAY-02820,INV-02820,2026-05-09,84287.84,Completed
PAY-02821,INV-02821,2026-05-12,528891.87,Completed
PAY-02822,INV-02822,2026-04-16,109188.44,Completed
PAY-02823,INV-02823,2026-04-07,175140.42,Completed
PAY-02824,INV-02824,2026-05-12,162735.96,Completed
PAY-02825,INV-02825,2026-05-16,159395.76,Completed
PAY-02826,INV-02826,2026-05-04,70307.16,Completed
PAY-02827,INV-02827,2026-03-11,55508.04,Completed
PAY-02828,INV-02828,2026-07-07,19654.11,Completed
PAY-02829,INV-02829,2026-03-09,600481.44,Completed
PAY-02830,INV-02830,2026-02-24,41433.92,Completed
PAY-02831,INV-02831,2026-05-06,112975.5,Completed
PAY-02832,INV-02832,2026-03-06,270179.58,Completed
PAY-02833,INV-02833,2026-04-01,184220.4,Completed
PAY-02834,INV-02834,2026-04-27,66596.75,Completed
PAY-02835,INV-02835,2026-05-10,174685.51,Completed
PAY-02836,INV-02836,2026-04-06,18620.46,Completed
PAY-02837,INV-02837,2026-02-17,79959.15,Completed
PAY-02838,INV-02838,2026-05-24,14658.66,Completed
PAY-02839,INV-02839,2026-03-17,48500.52,Completed
PAY-02840,INV-02840,2026-05-15,73753.8,Completed
PAY-02841,INV-02841,2026-04-24,294752.64,Completed
PAY-02842,INV-02842,2026-02-11,94424.6,Completed
PAY-02843,INV-02843,2026-05-24,5256.72,Completed
PAY-02844,INV-02844,2026-06-20,140386.5,Completed
PAY-02845,INV-02845,2026-04-15,343367.5,Completed
PAY-02846,INV-02846,2026-06-20,247205.95,Completed
PAY-02847,INV-02847,2026-03-18,127934.64,Completed
PAY-02848,INV-02848,2026-04-24,69794.78,Completed
PAY-02849,INV-02849,2026-03-31,60277.31,Completed
PAY-02850,INV-02850,2026-03-27,330279.9,Completed
PAY-02851,INV-02851,2026-03-04,75658.08,Completed
PAY-02852,INV-02852,2026-02-22,135089.79,Completed
PAY-02853,INV-02853,2026-05-25,573201.33,Completed
PAY-02854,INV-02854,2026-02-16,18393.35,Completed
PAY-02855,INV-02855,2026-06-21,158988.5,Completed
PAY-02856,INV-02856,2026-02-18,44248.26,Completed
PAY-02857,INV-02857,2026-05-05,197145.74,Completed
PAY-02858,INV-02858,2026-03-13,619744.38,Completed
PAY-02859,INV-02859,2026-04-03,574821.6,Completed
PAY-02860,INV-02860,2026-03-31,619744.38,Completed
PAY-02861,INV-02861,2026-04-05,131961.12,Completed
PAY-02862,INV-02862,2026-03-25,202471.74,Completed
PAY-02863,INV-02863,2026-02-21,14714.68,Completed
PAY-02864,INV-02864,2026-05-31,73546.59,Completed
PAY-02865,INV-02865,2026-04-25,28327.38,Completed
PAY-02866,INV-02866,2026-04-03,143102.3,Completed
PAY-02867,INV-02867,2026-03-31,12139.84,Completed
PAY-02868,INV-02868,2026-03-27,243550.16,Completed
PAY-02869,INV-02869,2026-02-13,129584.8,Completed
PAY-02870,INV-02870,2026-04-10,297407.02,Completed
PAY-02871,INV-02871,2026-06-09,74678.69,Completed
PAY-02872,INV-02872,2026-02-02,88294.5,Completed
PAY-02873,INV-02873,2026-05-07,628113.6,Completed
PAY-02874,INV-02874,2026-03-29,11248.43,Completed
PAY-02875,INV-02875,2026-04-27,125434.8,Completed
PAY-02876,INV-02876,2026-06-19,148359.75,Completed
PAY-02877,INV-02877,2026-04-07,238330.95,Completed
PAY-02878,INV-02878,2026-05-18,42376.2,Completed
PAY-02879,INV-02879,2026-01-14,76139.76,Completed
PAY-02880,INV-02880,2026-01-31,401089.18,Completed
PAY-02881,INV-02881,2026-02-14,42084.96,Completed
PAY-02882,INV-02882,2026-03-12,18081.6,Completed
PAY-02883,INV-02883,2026-05-07,146974.7,Completed
PAY-02884,INV-02884,2026-04-15,435951.84,Completed
PAY-02885,INV-02885,2026-05-25,59561.26,Completed
PAY-02886,INV-02886,2026-01-18,56710.68,Completed
PAY-02887,INV-02887,2026-02-13,533505.72,Completed
PAY-02888,INV-02888,2026-05-12,237696.27,Completed
PAY-02889,INV-02889,2026-04-12,320552.15,Completed
PAY-02890,INV-02890,2026-02-26,456249.32,Completed
PAY-02891,INV-02891,2026-06-10,31036.05,Completed
PAY-02892,INV-02892,2026-04-10,70627.0,Completed
PAY-02893,INV-02893,2026-02-15,56071.68,Completed
PAY-02894,INV-02894,2026-03-07,353178.0,Completed
PAY-02895,INV-02895,2026-04-04,203692.2,Completed
PAY-02896,INV-02896,2026-04-15,164753.29,Completed
PAY-02897,INV-02897,2026-03-13,628113.6,Completed
PAY-02898,INV-02898,2026-05-03,214947.3,Completed
PAY-02899,INV-02899,2026-04-02,89949.32,Completed
PAY-02900,INV-02900,2026-04-21,390547.44,Completed
PAY-02901,INV-02901,2026-01-18,199504.2,Completed
PAY-02902,INV-02902,2026-02-15,364586.4,Completed
PAY-02903,INV-02903,2026-03-20,77821.38,Completed
PAY-02904,INV-02904,2026-05-03,164792.93,Completed
PAY-02905,INV-02905,2026-05-15,166180.56,Completed
PAY-02906,INV-02906,2026-05-03,300240.72,Completed
PAY-02907,INV-02907,2026-02-28,234679.16,Completed
PAY-02908,INV-02908,2026-06-13,265489.56,Completed
PAY-02909,INV-02909,2026-02-03,9517.47,Completed
PAY-02910,INV-02910,2026-03-19,558503.86,Completed
PAY-02911,INV-02911,2026-02-04,197755.6,Completed
PAY-02912,INV-02912,2026-05-17,343915.68,Completed
PAY-02913,INV-02913,2026-06-04,15621.62,Completed
PAY-02914,INV-02914,2026-06-18,447523.89,Completed
PAY-02915,INV-02915,2026-04-22,258202.0,Completed
PAY-02916,INV-02916,2026-06-20,335662.6,Completed
PAY-02917,INV-02917,2026-04-23,73483.73,Completed
PAY-02918,INV-02918,2026-04-06,13676.95,Completed
PAY-02919,INV-02919,2026-01-22,77234.29,Completed
PAY-02920,INV-02920,2026-06-14,114516.8,Completed
PAY-02921,INV-02921,2026-06-09,122611.3,Completed
PAY-02922,INV-02922,2026-03-21,12261.13,Completed
PAY-02923,INV-02923,2026-03-30,13282.98,Completed
PAY-02924,INV-02924,2026-02-11,251767.88,Completed
PAY-02925,INV-02925,2026-03-17,117249.63,Completed
PAY-02926,INV-02926,2026-03-04,191856.6,Completed
PAY-02927,INV-02927,2026-06-08,137922.24,Completed
PAY-02928,INV-02928,2026-02-16,330615.84,Completed
PAY-02929,INV-02929,2026-05-05,64624.61,Completed
PAY-02930,INV-02930,2026-04-05,547681.08,Completed
PAY-02931,INV-02931,2026-02-26,521380.59,Completed
PAY-02932,INV-02932,2026-04-21,76212.26,Completed
PAY-02933,INV-02933,2026-05-01,194562.9,Completed
PAY-02934,INV-02934,2026-06-02,73407.6,Completed
PAY-02935,INV-02935,2026-07-03,89373.27,Completed
PAY-02936,INV-02936,2026-01-25,475392.54,Completed
PAY-02937,INV-02937,2026-05-15,452499.25,Completed
PAY-02938,INV-02938,2026-05-05,203081.06,Completed
PAY-02939,INV-02939,2026-06-02,418111.5,Completed
PAY-02940,INV-02940,2026-05-10,7966.77,Completed
PAY-02941,INV-02941,2026-04-08,426848.29,Completed
PAY-02942,INV-02942,2026-03-24,109349.6,Completed
PAY-02943,INV-02943,2026-03-07,129609.6,Completed
PAY-02944,INV-02944,2026-04-22,245735.13,Completed
PAY-02945,INV-02945,2026-04-16,45720.9,Completed
PAY-02946,INV-02946,2026-03-23,36842.67,Completed
PAY-02947,INV-02947,2026-05-29,86046.1,Completed
PAY-02948,INV-02948,2026-04-09,23306.58,Completed
PAY-02949,INV-02949,2026-02-24,243606.94,Completed
PAY-02950,INV-02950,2026-05-15,22022.28,Completed
PAY-02951,INV-02951,2026-06-01,291003.12,Completed
PAY-02952,INV-02952,2026-03-07,461085.22,Completed
PAY-02953,INV-02953,2026-04-29,303707.61,Completed
PAY-02954,INV-02954,2026-06-06,41208.25,Completed
PAY-02955,INV-02955,2026-06-25,25219.36,Completed
PAY-02956,INV-02956,2026-05-09,161066.29,Completed
PAY-02957,INV-02957,2026-05-11,5773.2,Completed
PAY-02958,INV-02958,2026-03-29,79119.84,Completed
PAY-02959,INV-02959,2026-03-03,12044.95,Completed
PAY-02960,INV-02960,2026-06-14,62150.88,Completed
PAY-02961,INV-02961,2026-03-24,5311.18,Completed
PAY-02962,INV-02962,2026-03-18,569884.01,Completed
PAY-02963,INV-02963,2026-02-25,64092.76,Completed
PAY-02964,INV-02964,2026-04-01,189035.6,Completed
PAY-02965,INV-02965,2026-02-04,30300.19,Completed
PAY-02966,INV-02966,2026-05-18,29810.18,Completed
PAY-02967,INV-02967,2026-03-03,345903.84,Completed
PAY-02968,INV-02968,2026-02-15,202569.52,Completed
PAY-02969,INV-02969,2026-05-19,24270.23,Completed
PAY-02970,INV-02970,2026-04-12,229416.36,Completed
PAY-02971,INV-02971,2026-04-09,132602.54,Completed
PAY-02972,INV-02972,2026-02-07,61436.57,Completed
PAY-02973,INV-02973,2026-05-20,225166.27,Completed
PAY-02974,INV-02974,2026-02-26,475392.54,Completed
PAY-02975,INV-02975,2026-03-06,21332.88,Completed
PAY-02976,INV-02976,2026-04-12,313895.88,Completed
PAY-02977,INV-02977,2026-06-17,289054.96,Completed
PAY-02978,INV-02978,2026-04-13,254627.73,Completed
PAY-02979,INV-02979,2026-06-01,18502.68,Completed
PAY-02980,INV-02980,2026-03-08,92059.34,Completed
PAY-02981,INV-02981,2026-02-02,13503.2,Completed
PAY-02982,INV-02982,2026-02-21,252847.2,Completed
PAY-02983,INV-02983,2026-04-06,285693.44,Completed
PAY-02984,INV-02984,2026-02-03,80603.04,Completed
PAY-02985,INV-02985,2026-02-16,71959.18,Completed
PAY-02986,INV-02986,2026-02-13,71834.5,Completed
PAY-02987,INV-02987,2026-02-14,290433.65,Completed
PAY-02988,INV-02988,2026-02-01,46735.3,Completed
PAY-02989,INV-02989,2026-04-17,418737.08,Completed
PAY-02990,INV-02990,2026-03-30,82454.84,Completed
PAY-02991,INV-02991,2026-04-16,635087.04,Completed
PAY-02992,INV-02992,2026-06-08,430817.85,Completed
PAY-02993,INV-02993,2026-03-16,77145.96,Completed
PAY-02994,INV-02994,2026-03-12,71834.5,Completed
PAY-02995,INV-02995,2026-04-22,35711.68,Completed
PAY-02996,INV-02996,2026-03-21,216047.52,Completed
PAY-02997,INV-02997,2026-02-26,380707.59,Completed
PAY-02998,INV-02998,2026-05-28,270299.23,Completed
PAY-02999,INV-02999,2026-06-16,50852.66,Completed
PAY-03000,INV-03000,2026-05-11,8715.96,Completed
PAY-03001,INV-03001,2026-05-17,100465.8,Completed
PAY-03002,INV-03002,2026-01-17,1952.5,Completed
PAY-03003,INV-03003,2026-02-03,4689.32,Completed
PAY-03004,INV-03004,2026-06-11,139171.52,Completed
PAY-03005,INV-03005,2026-03-17,609737.58,Completed
PAY-03006,INV-03006,2026-05-18,37807.12,Completed
PAY-03007,INV-03007,2026-06-13,401863.2,Completed
PAY-03008,INV-03008,2026-03-04,146112.78,Completed
PAY-03009,INV-03009,2026-05-31,145302.0,Completed
PAY-03010,INV-03010,2026-06-18,252847.2,Completed
PAY-03011,INV-03011,2026-01-31,383900.56,Completed
PAY-03012,INV-03012,2026-03-01,528891.87,Completed
PAY-03013,INV-03013,2026-04-16,5615.46,Completed
PAY-03014,INV-03014,2026-06-23,416878.42,Completed
PAY-03015,INV-03015,2026-04-11,533505.72,Completed
PAY-03016,INV-03016,2026-05-29,364155.75,Completed
PAY-03017,INV-03017,2026-05-11,131804.75,Completed
PAY-03018,INV-03018,2026-01-30,8320.2,Completed
PAY-03019,INV-03019,2026-02-02,475617.78,Completed
PAY-03020,INV-03020,2026-04-14,434243.04,Completed
PAY-03021,INV-03021,2026-05-01,40301.52,Completed
PAY-03022,INV-03022,2026-04-17,52721.9,Completed
PAY-03023,INV-03023,2026-03-30,118030.75,Completed
PAY-03024,INV-03024,2026-03-14,7734.0,Completed
PAY-03025,INV-03025,2026-02-27,126434.98,Completed
PAY-03026,INV-03026,2026-05-27,345913.24,Completed
PAY-03027,INV-03027,2026-04-24,620773.68,Completed
PAY-03028,INV-03028,2026-06-09,365618.88,Completed
PAY-03029,INV-03029,2026-03-30,2276.22,Completed
PAY-03030,INV-03030,2026-01-24,27874.1,Completed
PAY-03031,INV-03031,2026-05-18,649768.4,Completed
PAY-03032,INV-03032,2026-03-09,84596.36,Completed
PAY-03033,INV-03033,2026-06-22,86061.6,Completed
PAY-03034,INV-03034,2026-03-31,17975.42,Completed
PAY-03035,INV-03035,2026-03-09,19621.0,Completed
PAY-03036,INV-03036,2026-01-31,147666.4,Completed
PAY-03037,INV-03037,2026-04-12,7881.05,Completed
PAY-03038,INV-03038,2026-02-09,269744.86,Completed
PAY-03039,INV-03039,2026-02-18,358580.69,Completed
PAY-03040,INV-03040,2026-03-15,557755.98,Completed
PAY-03041,INV-03041,2026-04-05,634650.4,Completed
PAY-03042,INV-03042,2026-05-15,71852.7,Completed
PAY-03043,INV-03043,2026-05-10,161201.43,Completed
PAY-03044,INV-03044,2026-02-10,213224.4,Completed
PAY-03045,INV-03045,2026-02-22,191614.73,Completed
PAY-03046,INV-03046,2026-02-21,566793.36,Completed
PAY-03047,INV-03047,2026-05-05,82609.47,Completed
PAY-03048,INV-03048,2026-05-07,129155.58,Completed
PAY-03049,INV-03049,2026-04-26,60988.21,Completed
PAY-03050,INV-03050,2026-05-23,135679.18,Completed
PAY-03051,INV-03051,2026-06-26,53932.33,Completed
PAY-03052,INV-03052,2026-01-25,89791.91,Completed
PAY-03053,INV-03053,2026-02-17,63998.64,Completed
PAY-03054,INV-03054,2026-04-30,404219.52,Completed
PAY-03055,INV-03055,2026-02-10,110111.4,Completed
PAY-03056,INV-03056,2026-02-06,26498.89,Completed
PAY-03057,INV-03057,2026-06-05,255481.25,Completed
PAY-03058,INV-03058,2026-06-06,210921.48,Completed
PAY-03059,INV-03059,2026-03-07,133177.8,Completed
PAY-03060,INV-03060,2026-06-08,312758.25,Completed
PAY-03061,INV-03061,2026-03-31,266592.48,Completed
PAY-03062,INV-03062,2026-05-08,185355.24,Completed
PAY-03063,INV-03063,2026-03-17,58630.75,Completed
PAY-03064,INV-03064,2026-02-23,124071.21,Completed
PAY-03065,INV-03065,2026-02-26,60243.12,Completed
PAY-03066,INV-03066,2026-04-20,262710.63,Completed
PAY-03067,INV-03067,2026-05-25,75151.85,Completed
PAY-03068,INV-03068,2026-02-07,34959.87,Completed
PAY-03069,INV-03069,2026-04-08,323213.75,Completed
PAY-03070,INV-03070,2026-03-03,7821.65,Completed
PAY-03071,INV-03071,2026-04-02,97694.92,Completed
PAY-03072,INV-03072,2026-01-23,25642.05,Completed
PAY-03073,INV-03073,2026-01-24,167443.0,Completed
PAY-03074,INV-03074,2026-02-28,109235.76,Completed
PAY-03075,INV-03075,2026-02-07,25921.92,Completed
PAY-03076,INV-03076,2026-03-01,415528.48,Completed
PAY-03077,INV-03077,2026-06-03,78473.97,Completed
PAY-03078,INV-03078,2026-03-03,358668.81,Completed
PAY-03079,INV-03079,2026-04-10,325396.75,Completed
PAY-03080,INV-03080,2026-04-18,205497.99,Completed
PAY-03081,INV-03081,2026-06-23,660875.25,Completed
PAY-03082,INV-03082,2026-06-06,181746.5,Completed
PAY-03083,INV-03083,2026-04-11,188041.7,Completed
PAY-03084,INV-03084,2026-05-23,29434.3,Completed
PAY-03085,INV-03085,2026-05-13,291003.12,Completed
PAY-03086,INV-03086,2026-04-10,613230.2,Completed
PAY-03087,INV-03087,2026-03-23,120267.42,Completed
PAY-03088,INV-03088,2026-06-02,32348.0,Completed
PAY-03089,INV-03089,2026-03-28,115547.62,Completed
PAY-03090,INV-03090,2026-02-26,350889.18,Completed
PAY-03091,INV-03091,2026-03-04,318141.7,Completed
PAY-03092,INV-03092,2026-04-30,437861.55,Completed
PAY-03093,INV-03093,2026-03-03,159574.0,Completed
PAY-03094,INV-03094,2026-05-18,4141.88,Completed
PAY-03095,INV-03095,2026-03-09,90823.3,Completed
PAY-03096,INV-03096,2026-05-21,305331.25,Completed
PAY-03097,INV-03097,2026-04-14,36715.32,Completed
PAY-03098,INV-03098,2026-05-21,390.5,Completed
PAY-03099,INV-03099,2026-05-26,329506.58,Completed
PAY-03100,INV-03100,2026-05-24,102406.12,Completed
PAY-03101,INV-03101,2026-06-02,133408.08,Completed
PAY-03102,INV-03102,2026-02-23,485541.0,Completed
PAY-03103,INV-03103,2026-03-23,270189.92,Completed
PAY-03104,INV-03104,2026-02-28,172951.92,Completed
PAY-03105,INV-03105,2026-04-25,16483.3,Completed
PAY-03106,INV-03106,2026-02-17,177728.32,Completed
PAY-03107,INV-03107,2026-04-28,220222.8,Completed
PAY-03108,INV-03108,2026-05-21,501733.8,Completed
PAY-03109,INV-03109,2026-03-27,63418.0,Completed
PAY-03110,INV-03110,2026-02-05,229634.16,Completed
PAY-03111,INV-03111,2026-05-30,210308.85,Completed
PAY-03112,INV-03112,2026-05-09,69170.08,Completed
PAY-03113,INV-03113,2026-05-03,594140.8,Completed
PAY-03114,INV-03114,2026-02-22,247364.52,Completed
PAY-03115,INV-03115,2026-05-27,199428.48,Completed
PAY-03116,INV-03116,2026-02-14,25438.16,Completed
PAY-03117,INV-03117,2026-02-27,271775.4,Completed
PAY-03118,INV-03118,2026-03-04,15854.5,Completed
PAY-03119,INV-03119,2026-05-23,46256.7,Completed
PAY-03120,INV-03120,2026-03-28,375228.45,Completed
PAY-03121,INV-03121,2026-01-27,20905.8,Completed
PAY-03122,INV-03122,2026-03-04,274214.16,Completed
PAY-03123,INV-03123,2026-04-25,114981.9,Completed
PAY-03124,INV-03124,2026-05-10,236061.5,Completed
PAY-03125,INV-03125,2026-03-05,217176.58,Completed
PAY-03126,INV-03126,2026-03-15,428540.16,Completed
PAY-03127,INV-03127,2026-04-10,28250.8,Completed
PAY-03128,INV-03128,2026-04-06,135637.9,Completed
PAY-03129,INV-03129,2026-04-19,117924.66,Completed
PAY-03130,INV-03130,2026-03-29,242792.35,Completed
PAY-03131,INV-03131,2026-03-15,367260.4,Completed
PAY-03132,INV-03132,2026-03-31,229216.23,Completed
PAY-03133,INV-03133,2026-04-04,127075.96,Completed
PAY-03134,INV-03134,2026-03-09,75539.68,Completed
PAY-03135,INV-03135,2026-03-06,359392.31,Completed
PAY-03136,INV-03136,2026-03-12,266186.07,Completed
PAY-03137,INV-03137,2026-05-02,132714.31,Completed
PAY-03138,INV-03138,2026-03-28,593439.0,Completed
PAY-03139,INV-03139,2026-03-29,119662.9,Completed
PAY-03140,INV-03140,2026-06-12,667072.8,Completed
PAY-03141,INV-03141,2026-05-17,287410.8,Completed
PAY-03142,INV-03142,2026-02-09,2377.2,Completed
PAY-03143,INV-03143,2026-02-11,88829.72,Completed
PAY-03144,INV-03144,2026-05-04,359949.76,Completed
PAY-03145,INV-03145,2026-03-19,348999.84,Completed
PAY-03146,INV-03146,2026-04-30,570282.24,Completed
PAY-03147,INV-03147,2026-02-18,404219.52,Completed
PAY-03148,INV-03148,2026-05-05,150698.7,Completed
PAY-03149,INV-03149,2026-06-02,474646.55,Completed
PAY-03150,INV-03150,2026-04-06,300247.92,Completed
PAY-03151,INV-03151,2026-04-20,96913.7,Completed
PAY-03152,INV-03152,2026-04-06,375300.9,Completed
PAY-03153,INV-03153,2026-04-03,71551.15,Completed
PAY-03154,INV-03154,2026-04-01,124668.32,Completed
PAY-03155,INV-03155,2026-02-14,53949.0,Completed
PAY-03156,INV-03156,2026-03-25,7966.77,Completed
PAY-03157,INV-03157,2026-04-09,68543.75,Completed
PAY-03158,INV-03158,2026-05-19,40485.24,Completed
PAY-03159,INV-03159,2026-06-11,155452.01,Completed
PAY-03160,INV-03160,2026-05-10,266655.48,Completed
PAY-03161,INV-03161,2026-03-26,418737.08,Completed
PAY-03162,INV-03162,2026-04-30,63967.32,Completed
PAY-03163,INV-03163,2026-05-07,219510.9,Completed
PAY-03164,INV-03164,2026-03-02,12642.36,Completed
PAY-03165,INV-03165,2026-02-03,330615.84,Completed
PAY-03166,INV-03166,2026-01-14,148021.44,Completed
PAY-03167,INV-03167,2026-02-23,103317.45,Completed
PAY-03168,INV-03168,2026-03-14,121455.72,Completed
PAY-03169,INV-03169,2026-01-24,437861.55,Completed
PAY-03170,INV-03170,2026-06-15,176178.24,Completed
PAY-03171,INV-03171,2026-02-16,48847.46,Completed
PAY-03172,INV-03172,2026-03-29,155954.37,Completed
PAY-03173,INV-03173,2026-05-08,92655.09,Completed
PAY-03174,INV-03174,2026-04-20,230602.56,Completed
PAY-03175,INV-03175,2026-06-09,502702.92,Completed
PAY-03176,INV-03176,2026-03-13,315253.38,Completed
PAY-03177,INV-03177,2026-04-11,139909.88,Completed
PAY-03178,INV-03178,2026-03-26,340690.32,Completed
PAY-03179,INV-03179,2026-04-30,97255.2,Completed
PAY-03180,INV-03180,2026-02-27,292681.2,Completed
PAY-03181,INV-03181,2026-04-24,444112.2,Completed
PAY-03182,INV-03182,2026-06-26,280405.8,Completed
PAY-03183,INV-03183,2026-06-05,402167.34,Completed
PAY-03184,INV-03184,2026-05-19,195118.7,Completed
PAY-03185,INV-03185,2026-05-04,74776.48,Completed
PAY-03186,INV-03186,2026-05-20,232961.47,Completed
PAY-03187,INV-03187,2026-06-17,1171.5,Completed
PAY-03188,INV-03188,2026-02-15,249285.6,Completed
PAY-03189,INV-03189,2026-02-03,57482.16,Completed
PAY-03190,INV-03190,2026-02-09,198138.36,Completed
PAY-03191,INV-03191,2026-06-14,58868.6,Completed
PAY-03192,INV-03192,2026-03-29,144404.26,Completed
PAY-03193,INV-03193,2026-03-24,217455.5,Completed
PAY-03194,INV-03194,2026-04-21,62495.44,Completed
PAY-03195,INV-03195,2026-02-20,282027.88,Completed
PAY-03196,INV-03196,2026-02-22,245291.9,Completed
PAY-03197,INV-03197,2026-05-02,145370.55,Completed
PAY-03198,INV-03198,2026-02-24,65980.56,Completed
PAY-03199,INV-03199,2026-03-04,297095.46,Completed
PAY-03200,INV-03200,2026-03-24,264967.85,Completed
PAY-03201,INV-03201,2026-05-17,97281.45,Completed
PAY-03202,INV-03202,2026-02-07,381843.93,Completed
PAY-03203,INV-03203,2026-03-28,249292.02,Completed
PAY-03204,INV-03204,2026-01-31,36786.7,Completed
PAY-03205,INV-03205,2026-05-30,48456.85,Completed
PAY-03206,INV-03206,2026-04-08,294621.36,Completed
PAY-03207,INV-03207,2026-04-25,47630.91,Completed
PAY-03208,INV-03208,2026-02-13,431592.0,Completed
PAY-03209,INV-03209,2026-03-08,222112.21,Completed
PAY-03210,INV-03210,2026-05-24,177594.14,Completed
PAY-03211,INV-03211,2026-02-18,312080.22,Completed
PAY-03212,INV-03212,2026-04-16,569791.35,Completed
PAY-03213,INV-03213,2026-05-26,361999.4,Completed
PAY-03214,INV-03214,2026-05-25,26897.91,Completed
PAY-03215,INV-03215,2026-01-27,527228.59,Completed
PAY-03216,INV-03216,2026-06-12,51869.44,Completed
PAY-03217,INV-03217,2026-02-11,200265.56,Completed
PAY-03218,INV-03218,2026-03-12,226990.68,Completed
PAY-03219,INV-03219,2026-03-11,2021.75,Completed
PAY-03220,INV-03220,2026-04-01,504443.1,Completed
PAY-03221,INV-03221,2026-06-01,165667.27,Completed
PAY-03222,INV-03222,2026-02-02,583243.2,Completed
PAY-03223,INV-03223,2026-05-24,706270.0,Completed
PAY-03224,INV-03224,2026-03-02,382134.22,Completed
PAY-03225,INV-03225,2026-04-26,242135.11,Completed
PAY-03226,INV-03226,2026-02-04,158029.5,Completed
PAY-03227,INV-03227,2026-04-05,20001.01,Completed
PAY-03228,INV-03228,2026-02-03,41281.08,Completed
PAY-03229,INV-03229,2026-05-27,171312.62,Completed
PAY-03230,INV-03230,2026-02-14,114152.4,Completed
PAY-03231,INV-03231,2026-06-16,432883.07,Completed
PAY-03232,INV-03232,2026-06-25,146815.2,Completed
PAY-03233,INV-03233,2026-02-22,82562.16,Completed
PAY-03234,INV-03234,2026-02-24,47822.71,Completed
PAY-03235,INV-03235,2026-02-24,10622.36,Completed
PAY-03236,INV-03236,2026-05-29,50734.4,Completed
PAY-03237,INV-03237,2026-03-01,77520.74,Completed
PAY-03238,INV-03238,2026-04-15,305331.25,Completed
PAY-03239,INV-03239,2026-04-09,461093.5,Completed
PAY-03240,INV-03240,2026-06-11,312882.24,Completed
PAY-03241,INV-03241,2026-01-29,132432.12,Completed
PAY-03242,INV-03242,2026-03-19,130857.0,Completed
PAY-03243,INV-03243,2026-04-09,66588.9,Completed
PAY-03244,INV-03244,2026-05-08,441472.5,Completed
PAY-03245,INV-03245,2026-03-09,178067.12,Completed
PAY-03246,INV-03246,2026-04-11,109838.51,Completed
PAY-03247,INV-03247,2026-02-01,130789.95,Completed
PAY-03248,INV-03248,2026-04-27,42049.0,Completed
PAY-03249,INV-03249,2026-03-24,465506.64,Completed
PAY-03250,INV-03250,2026-03-16,276765.52,Completed
PAY-03251,INV-03251,2026-05-05,134739.84,Completed
PAY-03252,INV-03252,2026-06-10,6735.06,Completed
PAY-03253,INV-03253,2026-05-21,417787.18,Completed
PAY-03254,INV-03254,2026-04-23,90499.85,Completed
PAY-03255,INV-03255,2026-04-30,105122.5,Completed
PAY-03256,INV-03256,2026-06-06,170663.04,Completed
PAY-03257,INV-03257,2026-03-11,407663.1,Completed
PAY-03258,INV-03258,2026-03-31,107864.66,Completed
PAY-03259,INV-03259,2026-03-29,73688.16,Completed
PAY-03260,INV-03260,2026-05-16,268625.37,Completed
PAY-03261,INV-03261,2026-01-28,398935.0,Completed
PAY-03262,INV-03262,2026-04-24,244771.75,Completed
PAY-03263,INV-03263,2026-01-31,124990.88,Completed
PAY-03264,INV-03264,2026-07-01,277933.5,Completed
PAY-03265,INV-03265,2026-01-12,172110.94,Completed
PAY-03266,INV-03266,2026-06-08,145370.55,Completed
PAY-03267,INV-03267,2026-02-21,12222.1,Completed
PAY-03268,INV-03268,2026-04-30,367436.75,Completed
PAY-03269,INV-03269,2026-06-06,111880.08,Completed
PAY-03270,INV-03270,2026-06-11,490525.0,Completed
PAY-03271,INV-03271,2026-02-20,260049.88,Completed
PAY-03272,INV-03272,2026-04-20,116672.92,Completed
PAY-03273,INV-03273,2026-01-24,98605.41,Completed
PAY-03274,INV-03274,2026-02-17,17975.42,Completed
PAY-03275,INV-03275,2026-04-24,15770.16,Completed
PAY-03276,INV-03276,2026-06-15,110532.84,Completed
PAY-03277,INV-03277,2026-02-27,109327.4,Completed
PAY-03278,INV-03278,2026-02-04,307207.34,Completed
PAY-03279,INV-03279,2026-03-21,515330.54,Completed
PAY-03280,INV-03280,2026-04-28,266510.64,Completed
PAY-03281,INV-03281,2026-06-01,93470.6,Completed
PAY-03282,INV-03282,2026-02-04,64832.88,Completed
PAY-03283,INV-03283,2026-03-26,49099.12,Completed
PAY-03284,INV-03284,2026-04-24,245208.06,Completed
PAY-03285,INV-03285,2026-06-17,69819.85,Completed
PAY-03286,INV-03286,2026-03-15,648048.0,Completed
PAY-03287,INV-03287,2026-04-23,89791.91,Completed
PAY-03288,INV-03288,2026-03-09,76314.48,Completed
PAY-03289,INV-03289,2026-04-15,80178.28,Completed
PAY-03290,INV-03290,2026-05-16,265315.43,Completed
PAY-03291,INV-03291,2026-03-10,78953.28,Completed
PAY-03292,INV-03292,2026-03-02,245707.75,Completed
PAY-03293,INV-03293,2026-06-09,377027.19,Completed
PAY-03294,INV-03294,2026-05-07,255869.28,Completed
PAY-03295,INV-03295,2026-05-16,57524.04,Completed
PAY-03296,INV-03296,2026-04-08,125987.81,Completed
PAY-03297,INV-03297,2026-05-21,267905.64,Completed
PAY-03298,INV-03298,2026-05-14,55855.88,Completed
PAY-03299,INV-03299,2026-03-27,51133.77,Completed
PAY-03300,INV-03300,2026-03-29,87007.5,Completed
PAY-03301,INV-03301,2026-04-21,136915.67,Completed
PAY-03302,INV-03302,2026-05-16,277551.75,Completed
PAY-03303,INV-03303,2026-02-10,85074.0,Completed
PAY-03304,INV-03304,2026-02-26,5470.78,Completed
PAY-03305,INV-03305,2026-05-31,135089.79,Completed
PAY-03306,INV-03306,2026-06-04,14370.54,Completed
PAY-03307,INV-03307,2026-04-20,133296.24,Completed
PAY-03308,INV-03308,2026-06-10,22011.77,Completed
PAY-03309,INV-03309,2026-06-14,60625.65,Completed
PAY-03310,INV-03310,2026-03-31,453981.36,Completed
PAY-03311,INV-03311,2026-06-13,546053.4,Completed
PAY-03312,INV-03312,2026-04-03,85066.02,Completed
PAY-03313,INV-03313,2026-05-26,180741.4,Completed
PAY-03314,INV-03314,2026-06-12,181030.36,Completed
PAY-03315,INV-03315,2026-04-07,15847.2,Completed
PAY-03316,INV-03316,2026-05-01,21036.78,Completed
PAY-03317,INV-03317,2026-06-20,125103.3,Completed
PAY-03318,INV-03318,2026-05-12,17975.42,Completed
PAY-03319,INV-03319,2026-05-22,128666.44,Completed
PAY-03320,INV-03320,2026-02-19,20001.01,Completed
PAY-03321,INV-03321,2026-03-06,587985.51,Completed
PAY-03322,INV-03322,2026-04-24,69312.8,Completed
PAY-03323,INV-03323,2026-06-24,103202.7,Completed
PAY-03324,INV-03324,2026-05-06,317977.0,Completed
PAY-03325,INV-03325,2026-04-18,97747.79,Completed
PAY-03326,INV-03326,2026-04-24,429831.15,Completed
PAY-03327,INV-03327,2026-05-10,266530.5,Completed
PAY-03328,INV-03328,2026-06-01,305943.96,Completed
PAY-03329,INV-03329,2026-06-13,64137.53,Completed
PAY-03330,INV-03330,2026-03-19,155145.26,Completed
PAY-03331,INV-03331,2026-02-01,55167.35,Completed
PAY-03332,INV-03332,2026-02-27,114152.4,Completed
PAY-03333,INV-03333,2026-06-05,82562.16,Completed
PAY-03334,INV-03334,2026-03-01,471589.44,Completed
PAY-03335,INV-03335,2026-03-14,84752.4,Completed
PAY-03336,INV-03336,2026-02-26,30346.36,Completed
PAY-03337,INV-03337,2026-02-15,116074.82,Completed
PAY-03338,INV-03338,2026-05-09,67839.59,Completed
PAY-03339,INV-03339,2026-04-13,24601.39,Completed
PAY-03340,INV-03340,2026-06-11,17396.44,Completed
PAY-03341,INV-03341,2026-02-22,279819.76,Completed
PAY-03342,INV-03342,2026-05-13,57140.46,Completed
PAY-03343,INV-03343,2026-03-14,392369.85,Completed
PAY-03344,INV-03344,2026-05-13,339260.96,Completed
PAY-03345,INV-03345,2026-01-31,516502.72,Completed
PAY-03346,INV-03346,2026-05-01,119475.98,Completed
PAY-03347,INV-03347,2026-04-12,95512.45,Completed
PAY-03348,INV-03348,2026-05-29,198080.96,Completed
PAY-03349,INV-03349,2026-06-17,323213.75,Completed
PAY-03350,INV-03350,2026-05-05,206614.8,Completed
PAY-03351,INV-03351,2026-02-28,674754.0,Completed
PAY-03352,INV-03352,2026-05-17,345015.72,Completed
PAY-03353,INV-03353,2026-04-08,649219.57,Completed
PAY-03354,INV-03354,2026-01-16,63449.8,Completed
PAY-03355,INV-03355,2026-01-28,571007.25,Completed
PAY-03356,INV-03356,2026-03-04,690781.09,Completed
PAY-03357,INV-03357,2026-04-09,353135.0,Completed
PAY-03358,INV-03358,2026-01-26,490583.8,Completed
PAY-03359,INV-03359,2026-02-16,12510.33,Completed
PAY-03360,INV-03360,2026-06-08,82848.7,Completed
PAY-03361,INV-03361,2026-02-20,494930.92,Completed
PAY-03362,INV-03362,2026-02-04,403554.48,Completed
PAY-03363,INV-03363,2026-04-24,65609.76,Completed
PAY-03364,INV-03364,2026-05-11,302712.5,Completed
PAY-03365,INV-03365,2026-05-19,84752.4,Completed
PAY-03366,INV-03366,2026-06-23,448017.92,Completed
PAY-03367,INV-03367,2026-06-06,24108.8,Completed
PAY-03368,INV-03368,2026-05-04,69312.8,Completed
PAY-03369,INV-03369,2026-05-06,294621.36,Completed
PAY-03370,INV-03370,2026-02-22,207375.36,Completed
PAY-03371,INV-03371,2026-02-17,149702.84,Completed
PAY-03372,INV-03372,2026-03-19,209308.44,Completed
PAY-03373,INV-03373,2026-06-27,83783.82,Completed
PAY-03374,INV-03374,2026-03-09,286637.5,Completed
PAY-03375,INV-03375,2026-05-13,514201.95,Completed
PAY-03376,INV-03376,2026-04-15,40025.8,Completed
PAY-03377,INV-03377,2026-04-26,247686.48,Completed
PAY-03378,INV-03378,2026-04-11,645505.0,Completed
PAY-03379,INV-03379,2026-04-11,20012.9,Completed
PAY-03380,INV-03380,2026-04-19,55167.35,Completed
PAY-03381,INV-03381,2026-04-25,145302.0,Completed
PAY-03382,INV-03382,2026-03-24,172446.48,Completed
PAY-03383,INV-03383,2026-06-17,272270.75,Completed
PAY-03384,INV-03384,2026-03-05,675415.38,Completed
PAY-03385,INV-03385,2026-02-03,415140.48,Completed
PAY-03386,INV-03386,2026-04-30,33149.6,Completed
PAY-03387,INV-03387,2026-05-12,508514.4,Completed
PAY-03388,INV-03388,2026-02-07,81740.97,Completed
PAY-03389,INV-03389,2026-05-01,90963.02,Completed
PAY-03390,INV-03390,2026-06-03,413123.2,Completed
PAY-03391,INV-03391,2026-04-13,295243.92,Completed
PAY-03392,INV-03392,2026-03-30,208757.28,Completed
PAY-03393,INV-03393,2026-04-29,57076.2,Completed
PAY-03394,INV-03394,2026-06-21,439765.9,Completed
PAY-03395,INV-03395,2026-06-08,7301.4,Completed
PAY-03396,INV-03396,2026-06-04,24549.56,Completed
PAY-03397,INV-03397,2026-04-19,390540.19,Completed
PAY-03398,INV-03398,2026-05-03,232961.47,Completed
PAY-03399,INV-03399,2026-06-17,171939.04,Completed
PAY-03400,INV-03400,2026-06-10,136157.28,Completed
PAY-03401,INV-03401,2026-02-03,293726.1,Completed
PAY-03402,INV-03402,2026-02-17,199712.42,Completed
PAY-03403,INV-03403,2026-05-14,339260.96,Completed
PAY-03404,INV-03404,2026-01-22,71808.3,Completed
PAY-03405,INV-03405,2026-02-25,635643.0,Completed
PAY-03406,INV-03406,2026-04-22,121775.08,Completed
PAY-03407,INV-03407,2026-03-04,292193.0,Completed
PAY-03408,INV-03408,2026-06-17,567095.68,Completed
PAY-03409,INV-03409,2026-03-06,48976.84,Completed
PAY-03410,INV-03410,2026-06-10,244771.75,Completed
PAY-03411,INV-03411,2026-02-12,119680.5,Completed
PAY-03412,INV-03412,2026-05-05,317700.32,Completed
PAY-03413,INV-03413,2026-02-04,153162.32,Completed
PAY-03414,INV-03414,2026-05-05,428553.45,Completed
PAY-03415,INV-03415,2026-05-02,264353.49,Completed
PAY-03416,INV-03416,2026-05-05,285584.07,Completed
PAY-03417,INV-03417,2026-05-02,38910.69,Completed
PAY-03418,INV-03418,2026-01-31,471589.44,Completed
PAY-03419,INV-03419,2026-01-23,30326.25,Completed
PAY-03420,INV-03420,2026-03-28,18393.35,Completed
PAY-03421,INV-03421,2026-02-05,297095.46,Completed
PAY-03422,INV-03422,2026-03-12,21586.46,Completed
PAY-03423,INV-03423,2026-04-04,259462.8,Completed
PAY-03424,INV-03424,2026-04-21,182267.67,Completed
PAY-03425,INV-03425,2026-04-22,257936.76,Completed
PAY-03426,INV-03426,2026-02-13,201864.85,Completed
PAY-03427,INV-03427,2026-05-21,644025.76,Completed
PAY-03428,INV-03428,2026-03-31,217390.94,Completed
PAY-03429,INV-03429,2026-03-18,40302.79,Completed
PAY-03430,INV-03430,2026-06-20,64251.81,Completed
PAY-03431,INV-03431,2026-03-06,504213.45,Completed
PAY-03432,INV-03432,2026-02-14,3169.44,Completed
PAY-03433,INV-03433,2026-03-15,70102.95,Completed
PAY-03434,INV-03434,2026-03-16,352366.17,Completed
PAY-03435,INV-03435,2026-05-07,285006.0,Completed
PAY-03436,INV-03436,2026-06-17,365325.24,Completed
PAY-03437,INV-03437,2026-04-25,34189.4,Completed
PAY-03438,INV-03438,2026-01-28,144092.88,Completed
PAY-03439,INV-03439,2026-03-28,142011.1,Completed
PAY-03440,INV-03440,2026-05-10,143616.6,Completed
PAY-03441,INV-03441,2026-03-31,327126.7,Completed
PAY-03442,INV-03442,2026-03-23,67516.0,Completed
PAY-03443,INV-03443,2026-05-14,106252.0,Completed
PAY-03444,INV-03444,2026-02-06,1564.33,Completed
PAY-03445,INV-03445,2026-04-23,83090.28,Completed
PAY-03446,INV-03446,2026-05-13,110111.4,Completed
PAY-03447,INV-03447,2026-03-31,78514.2,Completed
PAY-03448,INV-03448,2026-03-12,465185.76,Completed
PAY-03449,INV-03449,2026-05-24,27122.66,Completed
PAY-03450,INV-03450,2026-03-31,14412.66,Completed
PAY-03451,INV-03451,2026-03-26,278798.24,Completed
PAY-03452,INV-03452,2026-02-24,234980.88,Completed
PAY-03453,INV-03453,2026-06-28,269962.32,Completed
PAY-03454,INV-03454,2026-05-10,297407.02,Completed
PAY-03455,INV-03455,2026-03-05,417967.14,Completed
PAY-03456,INV-03456,2026-05-23,101752.64,Completed
PAY-03457,INV-03457,2026-02-14,13676.95,Completed
PAY-03458,INV-03458,2026-04-24,72202.13,Completed
PAY-03459,INV-03459,2026-03-31,365618.88,Completed
PAY-03460,INV-03460,2026-04-27,150123.96,Completed
PAY-03461,INV-03461,2026-03-14,38844.3,Completed
PAY-03462,INV-03462,2026-04-17,263297.1,Completed
PAY-03463,INV-03463,2026-06-10,402167.34,Completed
PAY-03464,INV-03464,2026-05-19,6452.4,Completed
PAY-03465,INV-03465,2026-01-30,13085.7,Completed
PAY-03466,INV-03466,2026-06-10,322216.97,Completed
PAY-03467,INV-03467,2026-04-26,61008.87,Completed
PAY-03468,INV-03468,2026-05-27,51720.84,Completed
PAY-03469,INV-03469,2026-01-30,457999.5,Completed
PAY-03470,INV-03470,2026-06-03,110924.45,Completed
PAY-03471,INV-03471,2026-05-27,41281.08,Completed
PAY-03472,INV-03472,2026-04-23,292868.75,Completed
PAY-03473,INV-03473,2026-06-29,418116.0,Completed
PAY-03474,INV-03474,2026-03-04,185764.86,Completed
PAY-03475,INV-03475,2026-04-26,247961.88,Completed
PAY-03476,INV-03476,2026-02-09,522764.59,Completed
PAY-03477,INV-03477,2026-05-13,75766.13,Completed
PAY-03478,INV-03478,2026-04-14,375289.47,Completed
PAY-03479,INV-03479,2026-03-31,265101.67,Completed
PAY-03480,INV-03480,2026-06-07,12689.96,Completed
PAY-03481,INV-03481,2026-01-24,45514.9,Completed
PAY-03482,INV-03482,2026-04-15,17071.65,Completed
PAY-03483,INV-03483,2026-04-01,221056.02,Completed
PAY-03484,INV-03484,2026-04-10,211418.2,Completed
PAY-03485,INV-03485,2026-04-02,107473.65,Completed
PAY-03486,INV-03486,2026-03-31,134872.5,Completed
PAY-03487,INV-03487,2026-03-16,42984.76,Completed
PAY-03488,INV-03488,2026-02-10,552977.25,Completed
PAY-03489,INV-03489,2026-06-05,18224.28,Completed
PAY-03490,INV-03490,2026-02-21,333346.65,Completed
PAY-03491,INV-03491,2026-02-23,21586.46,Completed
PAY-03492,INV-03492,2026-01-30,4414.8,Completed
PAY-03493,INV-03493,2026-02-07,258614.8,Completed
PAY-03494,INV-03494,2026-03-04,213717.12,Completed
PAY-03495,INV-03495,2026-02-17,81207.0,Completed
PAY-03496,INV-03496,2026-05-15,18127.34,Completed
PAY-03497,INV-03497,2026-03-08,123236.39,Completed
PAY-03498,INV-03498,2026-04-04,114981.9,Completed
PAY-03499,INV-03499,2026-03-01,24217.0,Completed
PAY-03500,INV-03500,2026-03-11,3765.85,Completed
PAY-03501,INV-03501,2026-04-07,259427.88,Completed
PAY-03502,INV-03502,2026-03-11,702244.12,Completed
PAY-03503,INV-03503,2026-05-11,205631.25,Completed
PAY-03504,INV-03504,2026-04-13,169630.48,Completed
PAY-03505,INV-03505,2026-05-10,20708.02,Completed
PAY-03506,INV-03506,2026-02-07,181646.6,Completed
PAY-03507,INV-03507,2026-02-05,698198.5,Completed
PAY-03508,INV-03508,2026-04-09,539924.64,Completed
PAY-03509,INV-03509,2026-01-21,642342.62,Completed
PAY-03510,INV-03510,2026-02-26,165406.15,Completed
PAY-03511,INV-03511,2026-02-11,3436.4,Completed
PAY-03512,INV-03512,2026-04-13,265315.43,Completed
PAY-03513,INV-03513,2026-03-17,175334.25,Completed
PAY-03514,INV-03514,2026-03-23,382977.6,Completed
PAY-03515,INV-03515,2026-03-26,148405.39,Completed
PAY-03516,INV-03516,2026-06-14,191360.84,Completed
PAY-03517,INV-03517,2026-03-25,69312.8,Completed
PAY-03518,INV-03518,2026-04-11,304621.59,Completed
PAY-03519,INV-03519,2026-03-31,59938.5,Completed
PAY-03520,INV-03520,2026-04-17,64229.36,Completed
PAY-03521,INV-03521,2026-04-11,127997.28,Completed
PAY-03522,INV-03522,2026-04-25,502968.9,Completed
PAY-03523,INV-03523,2026-06-01,212665.05,Completed
PAY-03524,INV-03524,2026-05-19,183937.72,Completed
PAY-03525,INV-03525,2026-02-04,85827.91,Completed
PAY-03526,INV-03526,2026-04-16,366211.86,Completed
PAY-03527,INV-03527,2026-01-25,256560.8,Completed
PAY-03528,INV-03528,2026-03-11,266655.48,Completed
PAY-03529,INV-03529,2026-02-10,269744.86,Completed
PAY-03530,INV-03530,2026-07-08,66066.84,Completed
PAY-03531,INV-03531,2026-03-11,221993.8,Completed
PAY-03532,INV-03532,2026-05-13,16819.6,Completed
PAY-03533,INV-03533,2026-06-12,76652.17,Completed
PAY-03534,INV-03534,2026-05-28,603562.68,Completed
PAY-03535,INV-03535,2026-05-02,235794.72,Completed
PAY-03536,INV-03536,2026-01-28,188026.72,Completed
PAY-03537,INV-03537,2026-04-13,218169.56,Completed
PAY-03538,INV-03538,2026-03-21,162092.0,Completed
PAY-03539,INV-03539,2026-03-16,40089.14,Completed
PAY-03540,INV-03540,2026-04-01,121803.47,Completed
PAY-03541,INV-03541,2026-03-31,24584.6,Completed
PAY-03542,INV-03542,2026-05-24,374918.88,Completed
PAY-03543,INV-03543,2026-03-10,191746.8,Completed
PAY-03544,INV-03544,2026-03-07,168575.68,Completed
PAY-03545,INV-03545,2026-02-11,101519.68,Completed
PAY-03546,INV-03546,2026-05-03,38056.99,Completed
PAY-03547,INV-03547,2026-03-02,92808.0,Completed
PAY-03548,INV-03548,2026-02-06,14262.48,Completed
PAY-03549,INV-03549,2026-03-24,199222.5,Completed
PAY-03550,INV-03550,2026-06-01,301781.34,Completed
PAY-03551,INV-03551,2026-03-04,471589.44,Completed
PAY-03552,INV-03552,2026-01-31,5603.4,Completed
PAY-03553,INV-03553,2026-04-06,632861.96,Completed
PAY-03554,INV-03554,2026-04-28,234851.94,Completed
PAY-03555,INV-03555,2026-01-27,501739.2,Completed
PAY-03556,INV-03556,2026-03-28,348572.7,Completed
PAY-03557,INV-03557,2026-04-09,139471.29,Completed
PAY-03558,INV-03558,2026-03-25,288253.2,Completed
PAY-03559,INV-03559,2026-02-25,13503.2,Completed
PAY-03560,INV-03560,2026-07-04,338957.38,Completed
PAY-03561,INV-03561,2026-04-22,156100.62,Completed
PAY-03562,INV-03562,2026-06-16,106605.07,Completed
PAY-03563,INV-03563,2026-01-27,267908.8,Completed
PAY-03564,INV-03564,2026-01-19,101138.88,Completed
PAY-03565,INV-03565,2026-03-10,64482.79,Completed
PAY-03566,INV-03566,2026-06-02,106612.2,Completed
PAY-03567,INV-03567,2026-03-07,272469.9,Completed
PAY-03568,INV-03568,2026-02-28,2458.46,Completed
PAY-03569,INV-03569,2026-04-13,287219.35,Completed
PAY-03570,INV-03570,2026-04-14,436111.65,Completed
PAY-03571,INV-03571,2026-05-01,62334.16,Completed
PAY-03572,INV-03572,2026-04-26,104529.0,Completed
PAY-03573,INV-03573,2026-03-09,22072.02,Completed
PAY-03574,INV-03574,2026-03-01,63285.6,Completed
PAY-03575,INV-03575,2026-06-18,108560.76,Completed
PAY-03576,INV-03576,2026-04-15,206634.9,Completed
PAY-03577,INV-03577,2026-03-23,23464.95,Completed
PAY-03578,INV-03578,2026-06-18,312477.2,Completed
PAY-03579,INV-03579,2026-05-03,21042.48,Completed
PAY-03580,INV-03580,2026-02-19,255869.28,Completed
PAY-03581,INV-03581,2026-06-21,64759.38,Completed
PAY-03582,INV-03582,2026-04-16,39844.5,Completed
PAY-03583,INV-03583,2026-04-21,15455.93,Completed
PAY-03584,INV-03584,2026-03-02,376221.06,Completed
PAY-03585,INV-03585,2026-02-11,293387.03,Completed
PAY-03586,INV-03586,2026-04-26,58462.75,Completed
PAY-03587,INV-03587,2026-05-06,85978.92,Completed
PAY-03588,INV-03588,2026-03-06,269744.86,Completed
PAY-03589,INV-03589,2026-04-19,25857.1,Completed
PAY-03590,INV-03590,2026-05-20,25946.28,Completed
PAY-03591,INV-03591,2026-03-05,172659.5,Completed
PAY-03592,INV-03592,2026-06-02,414750.72,Completed
PAY-03593,INV-03593,2026-03-24,78810.5,Completed
PAY-03594,INV-03594,2026-02-01,235302.98,Completed
PAY-03595,INV-03595,2026-01-16,416728.91,Completed
PAY-03596,INV-03596,2026-06-05,16010.32,Completed
PAY-03597,INV-03597,2026-03-10,55508.04,Completed
PAY-03598,INV-03598,2026-02-14,71649.1,Completed
PAY-03599,INV-03599,2026-03-30,431662.0,Completed
PAY-03600,INV-03600,2026-02-23,36375.39,Completed
PAY-03601,INV-03601,2026-03-21,129673.6,Completed
PAY-03602,INV-03602,2026-05-09,152098.04,Completed
PAY-03603,INV-03603,2026-05-31,172659.5,Completed
PAY-03604,INV-03604,2026-03-22,330522.42,Completed
PAY-03605,INV-03605,2026-03-23,294621.36,Completed
PAY-03606,INV-03606,2026-04-29,100308.74,Completed
PAY-03607,INV-03607,2026-05-05,74545.69,Completed
PAY-03608,INV-03608,2026-06-13,127997.28,Completed
PAY-03609,INV-03609,2026-02-07,16744.3,Completed
PAY-03610,INV-03610,2026-04-02,114638.56,Completed
PAY-03611,INV-03611,2026-04-26,405096.0,Completed
PAY-03612,INV-03612,2026-04-19,11035.04,Completed
PAY-03613,INV-03613,2026-04-30,275220.66,Completed
PAY-03614,INV-03614,2026-05-31,202642.44,Completed
PAY-03615,INV-03615,2026-06-06,212665.05,Completed
PAY-03616,INV-03616,2026-04-27,308799.22,Completed
PAY-03617,INV-03617,2026-02-15,195118.7,Completed
PAY-03618,INV-03618,2026-05-11,384637.65,Completed
PAY-03619,INV-03619,2026-05-17,264967.85,Completed
PAY-03620,INV-03620,2026-06-24,41326.98,Completed
PAY-03621,INV-03621,2026-02-07,217121.52,Completed
PAY-03622,INV-03622,2026-06-03,132175.48,Completed
PAY-03623,INV-03623,2026-02-25,23449.46,Completed
PAY-03624,INV-03624,2026-05-07,328054.02,Completed
PAY-03625,INV-03625,2026-05-10,193452.57,Completed
PAY-03626,INV-03626,2026-02-11,271308.66,Completed
PAY-03627,INV-03627,2026-03-13,206614.8,Completed
PAY-03628,INV-03628,2026-02-20,38157.24,Completed
PAY-03629,INV-03629,2026-06-18,36023.22,Completed
PAY-03630,INV-03630,2026-04-06,264353.49,Completed
PAY-03631,INV-03631,2026-05-13,7226.97,Completed
PAY-03632,INV-03632,2026-03-03,196285.5,Completed
PAY-03633,INV-03633,2026-05-18,21586.46,Completed
PAY-03634,INV-03634,2026-03-25,106693.74,Completed
PAY-03635,INV-03635,2026-01-27,50271.0,Completed
PAY-03636,INV-03636,2026-06-01,21900.62,Completed
PAY-03637,INV-03637,2026-06-24,620413.5,Completed
PAY-03638,INV-03638,2026-05-25,352356.48,Completed
PAY-03639,INV-03639,2026-05-02,244581.48,Completed
PAY-03640,INV-03640,2026-04-18,165491.42,Completed
PAY-03641,INV-03641,2026-05-03,169630.48,Completed
PAY-03642,INV-03642,2026-05-14,209515.02,Completed
PAY-03643,INV-03643,2026-05-31,70002.8,Completed
PAY-03644,INV-03644,2026-03-27,28304.5,Completed
PAY-03645,INV-03645,2026-04-07,594131.37,Completed
PAY-03646,INV-03646,2026-06-20,44470.5,Completed
PAY-03647,INV-03647,2026-06-21,32966.6,Completed
PAY-03648,INV-03648,2026-03-20,380707.59,Completed
PAY-03649,INV-03649,2026-04-22,3013.6,Completed
PAY-03650,INV-03650,2026-02-02,78484.0,Completed
PAY-03651,INV-03651,2026-05-16,78484.0,Completed
PAY-03652,INV-03652,2026-03-27,539490.0,Completed
PAY-03653,INV-03653,2026-02-18,80351.28,Completed
PAY-03654,INV-03654,2026-05-19,46256.7,Completed
PAY-03655,INV-03655,2026-04-14,333590.64,Completed
PAY-03656,INV-03656,2026-02-28,258251.36,Completed
PAY-03657,INV-03657,2026-05-27,183282.33,Completed
PAY-03658,INV-03658,2026-05-12,320243.21,Completed
PAY-03659,INV-03659,2026-05-17,28966.98,Completed
PAY-03660,INV-03660,2026-05-23,11724.73,Completed
PAY-03661,INV-03661,2026-03-08,149107.03,Completed
PAY-03662,INV-03662,2026-04-03,499028.25,Completed
PAY-03663,INV-03663,2026-06-01,113089.16,Completed
PAY-03664,INV-03664,2026-02-23,94929.31,Completed
PAY-03665,INV-03665,2026-04-10,417967.14,Completed
PAY-03666,INV-03666,2026-05-10,256926.6,Completed
PAY-03667,INV-03667,2026-06-01,141853.88,Completed
PAY-03668,INV-03668,2026-07-10,83328.02,Completed
PAY-03669,INV-03669,2026-04-16,593783.52,Completed
PAY-03670,INV-03670,2026-01-25,84314.65,Completed
PAY-03671,INV-03671,2026-02-07,641199.3,Completed
PAY-03672,INV-03672,2026-02-09,270064.0,Completed
PAY-03673,INV-03673,2026-04-01,179494.35,Completed
PAY-03674,INV-03674,2026-05-28,516502.72,Completed
PAY-03675,INV-03675,2026-02-14,254305.24,Completed
PAY-03676,INV-03676,2026-05-07,391428.14,Completed
PAY-03677,INV-03677,2026-03-25,75340.0,Completed
PAY-03678,INV-03678,2026-02-11,117093.11,Completed
PAY-03679,INV-03679,2026-04-12,334492.8,Completed
PAY-03680,INV-03680,2026-04-17,71483.3,Completed
PAY-03681,INV-03681,2026-05-05,205608.27,Completed
PAY-03682,INV-03682,2026-03-20,383900.56,Completed
PAY-03683,INV-03683,2026-02-04,5737.44,Completed
PAY-03684,INV-03684,2026-02-10,486486.35,Completed
PAY-03685,INV-03685,2026-05-21,453633.6,Completed
PAY-03686,INV-03686,2026-05-28,95680.42,Completed
PAY-03687,INV-03687,2026-04-04,210554.36,Completed
PAY-03688,INV-03688,2026-02-23,33725.86,Completed
PAY-03689,INV-03689,2026-03-14,404852.4,Completed
PAY-03690,INV-03690,2026-06-23,243550.16,Completed
PAY-03691,INV-03691,2026-05-31,1564.33,Completed
PAY-03692,INV-03692,2026-02-21,137325.49,Completed
PAY-03693,INV-03693,2026-06-16,478437.38,Completed
PAY-03694,INV-03694,2026-03-08,161897.97,Completed
PAY-03695,INV-03695,2026-04-06,18422.04,Completed
PAY-03696,INV-03696,2026-02-03,499618.4,Completed
PAY-03697,INV-03697,2026-01-26,16174.0,Completed
PAY-03698,INV-03698,2026-02-01,466594.56,Completed
PAY-03699,INV-03699,2026-04-28,12928.55,Completed
PAY-03700,INV-03700,2026-03-06,397346.17,Completed
PAY-03701,INV-03701,2026-04-15,118429.92,Completed
PAY-03702,INV-03702,2026-06-11,447523.89,Completed
PAY-03703,INV-03703,2026-03-12,92442.48,Completed
PAY-03704,INV-03704,2026-01-25,83397.66,Completed
PAY-03705,INV-03705,2026-03-28,287730.69,Completed
PAY-03706,INV-03706,2026-02-08,241074.05,Completed
PAY-03707,INV-03707,2026-06-28,516502.72,Completed
PAY-03708,INV-03708,2026-03-18,470319.04,Completed
PAY-03709,INV-03709,2026-02-10,71295.34,Completed
PAY-03710,INV-03710,2026-02-03,146096.5,Completed
PAY-03711,INV-03711,2026-04-01,442112.04,Completed
PAY-03712,INV-03712,2026-03-19,660875.25,Completed
PAY-03713,INV-03713,2026-05-18,39108.25,Completed
PAY-03714,INV-03714,2026-04-15,17193.88,Completed
PAY-03715,INV-03715,2026-02-16,68928.45,Completed
PAY-03716,INV-03716,2026-06-13,200265.56,Completed
PAY-03717,INV-03717,2026-04-02,277992.2,Completed
PAY-03718,INV-03718,2026-04-01,17855.84,Completed
PAY-03719,INV-03719,2026-03-25,220291.92,Completed
PAY-03720,INV-03720,2026-05-24,400852.94,Completed
PAY-03721,INV-03721,2026-04-25,176576.16,Completed
PAY-03722,INV-03722,2026-05-20,85253.82,Completed
PAY-03723,INV-03723,2026-04-15,680970.15,Completed
PAY-03724,INV-03724,2026-06-08,230778.45,Completed
PAY-03725,INV-03725,2026-05-03,278911.5,Completed
PAY-03726,INV-03726,2026-02-08,432883.07,Completed
PAY-03727,INV-03727,2026-05-29,14020.59,Completed
PAY-03728,INV-03728,2026-06-17,86731.5,Completed
PAY-03729,INV-03729,2026-05-22,164792.93,Completed
PAY-03730,INV-03730,2026-03-15,143942.7,Completed
PAY-03731,INV-03731,2026-03-19,590328.0,Completed
PAY-03732,INV-03732,2026-03-28,25946.28,Completed
PAY-03733,INV-03733,2026-06-23,465564.55,Completed
PAY-03734,INV-03734,2026-03-18,546748.0,Completed
PAY-03735,INV-03735,2026-02-20,305508.54,Completed
PAY-03736,INV-03736,2026-05-05,53346.87,Completed
PAY-03737,INV-03737,2026-03-31,9869.16,Completed
PAY-03738,INV-03738,2026-04-17,224287.85,Completed
PAY-03739,INV-03739,2026-04-10,348889.32,Completed
PAY-03740,INV-03740,2026-06-05,568044.4,Completed
PAY-03741,INV-03741,2026-03-08,33684.96,Completed
PAY-03742,INV-03742,2026-05-01,675408.0,Completed
PAY-03743,INV-03743,2026-06-04,104848.52,Completed
PAY-03744,INV-03744,2026-04-02,157028.4,Completed
PAY-03745,INV-03745,2026-06-04,24846.86,Completed
PAY-03746,INV-03746,2026-03-10,138025.64,Completed
PAY-03747,INV-03747,2026-02-16,252448.84,Completed
PAY-03748,INV-03748,2026-03-02,262205.52,Completed
PAY-03749,INV-03749,2026-02-12,232753.32,Completed
PAY-03750,INV-03750,2026-06-04,6474.05,Completed
PAY-03751,INV-03751,2026-05-12,507375.76,Completed
PAY-03752,INV-03752,2026-05-05,356145.81,Completed
PAY-03753,INV-03753,2026-01-26,700028.0,Completed
PAY-03754,INV-03754,2026-03-29,97908.7,Completed
PAY-03755,INV-03755,2026-05-03,68043.86,Completed
PAY-03756,INV-03756,2026-03-14,237154.56,Completed
PAY-03757,INV-03757,2026-06-12,4725.89,Completed
PAY-03758,INV-03758,2026-03-05,3358.3,Completed
PAY-03759,INV-03759,2026-04-11,200112.12,Completed
PAY-03760,INV-03760,2026-03-03,427987.8,Completed
PAY-03761,INV-03761,2026-06-19,240569.12,Completed
PAY-03762,INV-03762,2026-04-29,362906.88,Completed
PAY-03763,INV-03763,2026-03-02,69759.8,Completed
PAY-03764,INV-03764,2026-04-04,126853.6,Completed
PAY-03765,INV-03765,2026-03-20,330522.42,Completed
PAY-03766,INV-03766,2026-02-12,188121.26,Completed
PAY-03767,INV-03767,2026-05-22,1015.3,Completed
PAY-03768,INV-03768,2026-05-02,113522.97,Completed
PAY-03769,INV-03769,2026-04-26,278741.0,Completed
PAY-03770,INV-03770,2026-02-28,429831.15,Completed
PAY-03771,INV-03771,2026-03-02,255481.25,Completed
PAY-03772,INV-03772,2026-06-16,583791.3,Completed
PAY-03773,INV-03773,2026-05-31,39405.25,Completed
PAY-03774,INV-03774,2026-02-25,210008.4,Completed
PAY-03775,INV-03775,2026-02-25,7734.0,Completed
PAY-03776,INV-03776,2026-03-05,427247.17,Completed
PAY-03777,INV-03777,2026-05-09,85614.3,Completed
PAY-03778,INV-03778,2026-01-24,245627.2,Completed
PAY-03779,INV-03779,2026-04-21,142219.2,Completed
PAY-03780,INV-03780,2026-05-01,114038.77,Completed
PAY-03781,INV-03781,2026-05-01,88829.72,Completed
PAY-03782,INV-03782,2026-03-29,40461.75,Completed
PAY-03783,INV-03783,2026-06-12,24562.72,Completed
PAY-03784,INV-03784,2026-05-04,314272.53,Completed
PAY-03785,INV-03785,2026-04-10,73594.08,Completed
PAY-03786,INV-03786,2026-06-17,44568.73,Completed
PAY-03787,INV-03787,2026-04-28,183576.6,Completed
PAY-03788,INV-03788,2026-06-25,319578.0,Completed
PAY-03789,INV-03789,2026-05-03,209055.75,Completed
PAY-03790,INV-03790,2026-03-30,222112.21,Completed
PAY-03791,INV-03791,2026-03-19,402375.12,Completed
PAY-03792,INV-03792,2026-03-03,14458.49,Completed
PAY-03793,INV-03793,2026-05-20,38785.65,Completed
PAY-03794,INV-03794,2026-05-10,94929.31,Completed
PAY-03795,INV-03795,2026-03-01,16819.6,Completed
PAY-03796,INV-03796,2026-02-10,7273.32,Completed
PAY-03797,INV-03797,2026-04-27,33149.6,Completed
PAY-03798,INV-03798,2026-03-06,199400.0,Completed
PAY-03799,INV-03799,2026-06-30,13282.98,Completed
PAY-03800,INV-03800,2026-04-14,450380.02,Completed
PAY-03801,INV-03801,2026-04-20,413713.6,Completed
PAY-03802,INV-03802,2026-05-19,18195.75,Completed
PAY-03803,INV-03803,2026-04-11,82079.9,Completed
PAY-03804,INV-03804,2026-06-06,33100.41,Completed
PAY-03805,INV-03805,2026-05-17,63211.8,Completed
PAY-03806,INV-03806,2026-05-31,14366.9,Completed
PAY-03807,INV-03807,2026-05-14,31358.7,Completed
PAY-03808,INV-03808,2026-04-07,188821.5,Completed
PAY-03809,INV-03809,2026-06-03,560451.06,Completed
PAY-03810,INV-03810,2026-05-03,333557.0,Completed
PAY-03811,INV-03811,2026-06-27,158420.09,Completed
PAY-03812,INV-03812,2026-04-26,137087.5,Completed
PAY-03813,INV-03813,2026-05-17,197145.74,Completed
PAY-03814,INV-03814,2026-03-10,268382.6,Completed
PAY-03815,INV-03815,2026-05-13,313587.0,Completed
PAY-03816,INV-03816,2026-06-09,258909.68,Completed
PAY-03817,INV-03817,2026-02-22,228336.48,Completed
PAY-03818,INV-03818,2026-02-28,234.3,Completed
PAY-03819,INV-03819,2026-06-05,132432.12,Completed
PAY-03820,INV-03820,2026-02-09,18693.75,Completed
PAY-03821,INV-03821,2026-05-02,55589.4,Completed
PAY-03822,INV-03822,2026-03-05,126005.04,Completed
PAY-03823,INV-03823,2026-05-27,216116.4,Completed
PAY-03824,INV-03824,2026-01-24,7641.0,Completed
PAY-03825,INV-03825,2026-03-13,47151.11,Completed
PAY-03826,INV-03826,2026-02-05,9378.48,Completed
PAY-03827,INV-03827,2026-04-19,60247.1,Completed
PAY-03828,INV-03828,2026-06-19,264267.36,Completed
PAY-03829,INV-03829,2026-05-07,146358.13,Completed
PAY-03830,INV-03830,2026-02-16,156968.0,Completed
PAY-03831,INV-03831,2026-01-30,96499.83,Completed
PAY-03832,INV-03832,2026-04-01,10950.31,Completed
PAY-03833,INV-03833,2026-04-20,475617.78,Completed
PAY-03834,INV-03834,2026-04-27,73407.6,Completed
PAY-03835,INV-03835,2026-04-11,87222.33,Completed
PAY-03836,INV-03836,2026-03-10,337452.9,Completed
PAY-03837,INV-03837,2026-03-07,106315.06,Completed
PAY-03838,INV-03838,2026-03-03,215831.0,Completed
PAY-03839,INV-03839,2026-05-10,169751.82,Completed
PAY-03840,INV-03840,2026-06-10,282401.03,Completed
PAY-03841,INV-03841,2026-03-07,350872.08,Completed
PAY-03842,INV-03842,2026-03-31,48768.24,Completed
PAY-03843,INV-03843,2026-03-21,656306.59,Completed
PAY-03844,INV-03844,2026-03-21,74110.8,Completed
PAY-03845,INV-03845,2026-06-11,503516.49,Completed
PAY-03846,INV-03846,2026-03-25,546053.4,Completed
PAY-03847,INV-03847,2026-02-22,499028.25,Completed
PAY-03848,INV-03848,2026-02-17,281210.75,Completed
PAY-03849,INV-03849,2026-05-03,172110.94,Completed
PAY-03850,INV-03850,2026-02-13,38157.24,Completed
PAY-03851,INV-03851,2026-06-16,90515.18,Completed
PAY-03852,INV-03852,2026-02-08,57319.28,Completed
PAY-03853,INV-03853,2026-04-22,143895.31,Completed
PAY-03854,INV-03854,2026-01-29,340568.91,Completed
PAY-03855,INV-03855,2026-02-12,337503.67,Completed
PAY-03856,INV-03856,2026-04-19,103755.12,Completed
PAY-03857,INV-03857,2026-03-30,137682.45,Completed
PAY-03858,INV-03858,2026-04-02,104848.52,Completed
PAY-03859,INV-03859,2026-03-25,84169.92,Completed
PAY-03860,INV-03860,2026-02-08,322752.5,Completed
PAY-03861,INV-03861,2026-05-11,566793.36,Completed
PAY-03862,INV-03862,2026-05-29,9889.98,Completed
PAY-03863,INV-03863,2026-04-17,216725.67,Completed
PAY-03864,INV-03864,2026-05-10,196085.13,Completed
PAY-03865,INV-03865,2026-05-21,603426.52,Completed
PAY-03866,INV-03866,2026-05-22,261712.5,Completed
PAY-03867,INV-03867,2026-01-30,680970.15,Completed
PAY-03868,INV-03868,2026-03-14,238330.95,Completed
PAY-03869,INV-03869,2026-01-25,50814.96,Completed
PAY-03870,INV-03870,2026-02-07,26714.64,Completed
PAY-03871,INV-03871,2026-02-24,417967.14,Completed
PAY-03872,INV-03872,2026-03-28,658026.32,Completed
PAY-03873,INV-03873,2026-04-21,648048.0,Completed
PAY-03874,INV-03874,2026-03-19,286596.4,Completed
PAY-03875,INV-03875,2026-05-05,273374.0,Completed
PAY-03876,INV-03876,2026-05-31,122597.89,Completed
PAY-03877,INV-03877,2026-04-12,95429.88,Completed
PAY-03878,INV-03878,2026-06-07,143705.4,Completed
PAY-03879,INV-03879,2026-06-14,115549.67,Completed
PAY-03880,INV-03880,2026-02-19,226130.24,Completed
PAY-03881,INV-03881,2026-06-24,387922.2,Completed
PAY-03882,INV-03882,2026-03-02,169463.25,Completed
PAY-03883,INV-03883,2026-04-25,491368.12,Completed
PAY-03884,INV-03884,2026-02-08,199991.61,Completed
PAY-03885,INV-03885,2026-03-22,247339.7,Completed
PAY-03886,INV-03886,2026-06-21,165307.92,Completed
PAY-03887,INV-03887,2026-04-20,1576.21,Completed
PAY-03888,INV-03888,2026-02-23,35824.55,Completed
PAY-03889,INV-03889,2026-03-13,500413.2,Completed
PAY-03890,INV-03890,2026-02-18,387651.84,Completed
PAY-03891,INV-03891,2026-03-16,348773.2,Completed
PAY-03892,INV-03892,2026-05-15,11230.92,Completed
PAY-03893,INV-03893,2026-06-07,62076.58,Completed
PAY-03894,INV-03894,2026-04-18,64739.99,Completed
PAY-03895,INV-03895,2026-02-19,297095.46,Completed
PAY-03896,INV-03896,2026-02-23,182550.04,Completed
PAY-03897,INV-03897,2026-01-25,401756.4,Completed
PAY-03898,INV-03898,2026-05-22,91541.62,Completed
PAY-03899,INV-03899,2026-05-11,103317.45,Completed
PAY-03900,INV-03900,2026-07-02,49986.09,Completed
PAY-03901,INV-03901,2026-05-07,64041.28,Completed
PAY-03902,INV-03902,2026-06-09,587898.8,Completed
PAY-03903,INV-03903,2026-04-02,503516.49,Completed
PAY-03904,INV-03904,2026-05-19,95393.1,Completed
PAY-03905,INV-03905,2026-01-31,91948.16,Completed
PAY-03906,INV-03906,2026-04-19,211971.02,Completed
PAY-03907,INV-03907,2026-03-14,69532.98,Completed
PAY-03908,INV-03908,2026-02-22,95912.63,Completed
PAY-03909,INV-03909,2026-05-07,27191.01,Completed
PAY-03910,INV-03910,2026-06-04,421851.5,Completed
PAY-03911,INV-03911,2026-06-17,505477.44,Completed
PAY-03912,INV-03912,2026-06-25,28687.2,Completed
PAY-03913,INV-03913,2026-04-04,351062.8,Completed
PAY-03914,INV-03914,2026-06-04,3907.7,Completed
PAY-03915,INV-03915,2026-05-08,307704.6,Completed
PAY-03916,INV-03916,2026-03-23,14020.59,Completed
PAY-03917,INV-03917,2026-01-25,113522.97,Completed
PAY-03918,INV-03918,2026-06-06,41811.15,Completed
PAY-03919,INV-03919,2026-02-19,84609.41,Completed
PAY-03920,INV-03920,2026-06-09,116190.9,Completed
PAY-03921,INV-03921,2026-02-20,96902.04,Completed
PAY-03922,INV-03922,2026-06-07,167707.49,Completed
PAY-03923,INV-03923,2026-04-24,95022.25,Completed
PAY-03924,INV-03924,2026-02-08,17100.36,Completed
PAY-03925,INV-03925,2026-06-09,137347.0,Completed
PAY-03926,INV-03926,2026-03-23,194002.08,Completed
PAY-03927,INV-03927,2026-06-13,264918.96,Completed
PAY-03928,INV-03928,2026-03-06,108025.6,Completed
PAY-03929,INV-03929,2026-06-23,109327.4,Completed
PAY-03930,INV-03930,2026-05-28,615027.9,Completed
PAY-03931,INV-03931,2026-03-18,185894.32,Completed
PAY-03932,INV-03932,2026-04-27,220222.8,Completed
PAY-03933,INV-03933,2026-04-12,34415.26,Completed
PAY-03934,INV-03934,2026-05-25,322420.95,Completed
PAY-03935,INV-03935,2026-06-24,3172.49,Completed
PAY-03936,INV-03936,2026-05-03,655041.35,Completed
PAY-03937,INV-03937,2026-02-18,107699.57,Completed
PAY-03938,INV-03938,2026-03-01,230096.16,Completed
PAY-03939,INV-03939,2026-05-14,667072.8,Completed
PAY-03940,INV-03940,2026-06-03,159394.69,Completed
PAY-03941,INV-03941,2026-02-08,262710.63,Completed
PAY-03942,INV-03942,2026-03-20,382723.6,Completed
PAY-03943,INV-03943,2026-03-24,792.36,Completed
PAY-03944,INV-03944,2026-04-20,132175.48,Completed
PAY-03945,INV-03945,2026-02-17,167244.6,Completed
PAY-03946,INV-03946,2026-04-21,3670.7,Completed
PAY-03947,INV-03947,2026-02-04,309922.2,Completed
PAY-03948,INV-03948,2026-02-18,221064.48,Completed
PAY-03949,INV-03949,2026-04-24,308921.75,Completed
PAY-03950,INV-03950,2026-02-19,476019.04,Completed
PAY-03951,INV-03951,2026-02-25,38448.38,Completed
PAY-03952,INV-03952,2026-02-19,244141.24,Completed
PAY-03953,INV-03953,2026-02-24,331334.54,Completed
PAY-03954,INV-03954,2026-01-18,176576.16,Completed
PAY-03955,INV-03955,2026-07-02,239361.0,Completed
PAY-03956,INV-03956,2026-05-06,227550.72,Completed
PAY-03957,INV-03957,2026-03-15,380936.4,Completed
PAY-03958,INV-03958,2026-06-09,138770.1,Completed
PAY-03959,INV-03959,2026-02-07,447500.39,Completed
PAY-03960,INV-03960,2026-04-21,62537.39,Completed
PAY-03961,INV-03961,2026-04-17,139859.08,Completed
PAY-03962,INV-03962,2026-05-11,132926.34,Completed
PAY-03963,INV-03963,2026-06-21,149724.02,Completed
PAY-03964,INV-03964,2026-05-24,78848.25,Completed
PAY-03965,INV-03965,2026-05-11,285620.36,Completed
PAY-03966,INV-03966,2026-06-24,66162.46,Completed
PAY-03967,INV-03967,2026-05-29,483682.49,Completed
PAY-03968,INV-03968,2026-06-05,63285.6,Completed
PAY-03969,INV-03969,2026-05-24,68543.75,Completed
PAY-03970,INV-03970,2026-05-29,177254.83,Completed
PAY-03971,INV-03971,2026-02-19,8276.28,Completed
PAY-03972,INV-03972,2026-04-25,236217.03,Completed
PAY-03973,INV-03973,2026-02-14,111880.08,Completed
PAY-03974,INV-03974,2026-03-03,45514.9,Completed
PAY-03975,INV-03975,2026-01-23,300240.72,Completed
PAY-03976,INV-03976,2026-02-08,193168.75,Completed
PAY-03977,INV-03977,2026-05-21,218252.34,Completed
PAY-03978,INV-03978,2026-03-04,264049.24,Completed
PAY-03979,INV-03979,2026-05-28,758.74,Completed
PAY-03980,INV-03980,2026-02-23,58366.71,Completed
PAY-03981,INV-03981,2026-04-28,646674.3,Completed
PAY-03982,INV-03982,2026-03-29,122188.22,Completed
PAY-03983,INV-03983,2026-03-20,304749.12,Completed
PAY-03984,INV-03984,2026-03-18,236487.72,Completed
PAY-03985,INV-03985,2026-03-26,29501.52,Completed
PAY-03986,INV-03986,2026-05-28,176993.04,Completed
PAY-03987,INV-03987,2026-03-02,362799.57,Completed
PAY-03988,INV-03988,2026-01-25,78616.44,Completed
PAY-03989,INV-03989,2026-01-31,118429.92,Completed
PAY-03990,INV-03990,2026-06-24,166620.3,Completed
PAY-03991,INV-03991,2026-03-01,108489.6,Completed
PAY-03992,INV-03992,2026-04-13,47907.97,Completed
PAY-03993,INV-03993,2026-02-12,16846.38,Completed
PAY-03994,INV-03994,2026-01-27,210008.4,Completed
PAY-03995,INV-03995,2026-04-04,207764.24,Completed
PAY-03996,INV-03996,2026-06-08,393658.56,Completed
PAY-03997,INV-03997,2026-05-25,188994.78,Completed
PAY-03998,INV-03998,2026-02-18,266010.64,Completed
PAY-03999,INV-03999,2026-04-26,171421.38,Completed
PAY-04000,INV-04000,2026-06-05,178079.72,Completed
PAY-04001,INV-04001,2026-04-20,228336.48,Completed
PAY-04002,INV-04002,2026-05-30,45365.57,Completed
PAY-04003,INV-04003,2026-05-10,388594.58,Completed
PAY-04004,INV-04004,2026-03-11,50040.12,Completed
PAY-04005,INV-04005,2026-06-04,88941.0,Completed
PAY-04006,INV-04006,2026-03-30,113076.86,Completed
PAY-04007,INV-04007,2026-06-01,564011.98,Completed
PAY-04008,INV-04008,2026-03-28,518020.72,Completed
PAY-04009,INV-04009,2026-03-03,36163.2,Completed
PAY-04010,INV-04010,2026-03-03,123540.12,Completed
PAY-04011,INV-04011,2026-02-04,301397.4,Completed
PAY-04012,INV-04012,2026-06-03,3172.49,Completed
PAY-04013,INV-04013,2026-05-24,58005.0,Completed
PAY-04014,INV-04014,2026-05-15,49062.72,Completed
PAY-04015,INV-04015,2026-06-02,120681.96,Completed
PAY-04016,INV-04016,2026-02-07,6065.25,Completed
PAY-04017,INV-04017,2026-02-09,352471.32,Completed
PAY-04018,INV-04018,2026-03-11,75346.32,Completed
PAY-04019,INV-04019,2026-03-25,23202.0,Completed
PAY-04020,INV-04020,2026-03-08,196623.08,Completed
PAY-04021,INV-04021,2026-04-25,291891.81,Completed
PAY-04022,INV-04022,2026-04-07,123354.96,Completed
PAY-04023,INV-04023,2026-03-03,19667.68,Completed
PAY-04024,INV-04024,2026-06-05,88184.82,Completed
PAY-04025,INV-04025,2026-03-29,239325.8,Completed
PAY-04026,INV-04026,2026-06-11,25379.92,Completed
PAY-04027,INV-04027,2026-01-19,52606.2,Completed
PAY-04028,INV-04028,2026-04-21,68739.5,Completed
PAY-04029,INV-04029,2026-03-25,116333.28,Completed
PAY-04030,INV-04030,2026-05-24,399622.52,Completed
PAY-04031,INV-04031,2026-04-09,177865.92,Completed
PAY-04032,INV-04032,2026-04-01,352356.48,Completed
PAY-04033,INV-04033,2026-03-07,3514.5,Completed
PAY-04034,INV-04034,2026-05-10,200961.79,Completed
PAY-04035,INV-04035,2026-03-31,348572.7,Completed
PAY-04036,INV-04036,2026-02-06,198291.66,Completed
PAY-04037,INV-04037,2026-02-05,33285.15,Completed
PAY-04038,INV-04038,2026-02-23,67672.5,Completed
PAY-04039,INV-04039,2026-06-10,153162.32,Completed
PAY-04040,INV-04040,2026-06-13,58591.82,Completed
PAY-04041,INV-04041,2026-05-28,392828.48,Completed
PAY-04042,INV-04042,2026-02-10,430827.31,Completed
PAY-04043,INV-04043,2026-04-19,472664.57,Completed
PAY-04044,INV-04044,2026-06-07,308799.22,Completed
PAY-04045,INV-04045,2026-04-17,161066.29,Completed
PAY-04046,INV-04046,2026-03-23,215975.81,Completed
PAY-04047,INV-04047,2026-05-14,126347.85,Completed
PAY-04048,INV-04048,2026-06-09,640701.74,Completed
PAY-04049,INV-04049,2026-04-17,254549.59,Completed
PAY-04050,INV-04050,2026-04-30,268327.02,Completed
PAY-04051,INV-04051,2026-03-23,28485.82,Completed
PAY-04052,INV-04052,2026-04-03,337674.96,Completed
PAY-04053,INV-04053,2026-04-07,24261.0,Completed
PAY-04054,INV-04054,2026-02-19,118393.75,Completed
PAY-04055,INV-04055,2026-05-02,397346.17,Completed
PAY-04056,INV-04056,2026-06-09,723151.8,Completed
PAY-04057,INV-04057,2026-05-08,380936.4,Completed
PAY-04058,INV-04058,2026-05-24,283567.2,Completed
PAY-04059,INV-04059,2026-02-11,77155.76,Completed
PAY-04060,INV-04060,2026-03-11,321259.05,Completed
PAY-04061,INV-04061,2026-04-17,389238.19,Completed
PAY-04062,INV-04062,2026-02-28,60277.31,Completed
PAY-04063,INV-04063,2026-05-01,70818.45,Completed
PAY-04064,INV-04064,2026-06-10,87237.5,Completed
PAY-04065,INV-04065,2026-04-01,47239.38,Completed
PAY-04066,INV-04066,2026-06-21,443771.61,Completed
PAY-04067,INV-04067,2026-06-03,27122.66,Completed
PAY-04068,INV-04068,2026-01-23,244103.94,Completed
PAY-04069,INV-04069,2026-02-01,36134.85,Completed
PAY-04070,INV-04070,2026-04-28,4931.81,Completed
PAY-04071,INV-04071,2026-05-08,5311.18,Completed
PAY-04072,INV-04072,2026-06-16,142851.15,Completed
PAY-04073,INV-04073,2026-02-25,282508.0,Completed
PAY-04074,INV-04074,2026-02-07,157880.88,Completed
PAY-04075,INV-04075,2026-06-23,25750.69,Completed
PAY-04076,INV-04076,2026-06-28,512911.23,Completed
PAY-04077,INV-04077,2026-05-05,324680.4,Completed
PAY-04078,INV-04078,2026-04-11,483682.49,Completed
PAY-04079,INV-04079,2026-03-23,142704.54,Completed
PAY-04080,INV-04080,2026-04-20,3083.78,Completed
PAY-04081,INV-04081,2026-03-01,169192.72,Completed
PAY-04082,INV-04082,2026-03-06,27927.94,Completed
PAY-04083,INV-04083,2026-03-28,164024.4,Completed
PAY-04084,INV-04084,2026-07-01,431405.01,Completed
PAY-04085,INV-04085,2026-02-17,191118.96,Completed
PAY-04086,INV-04086,2026-04-23,21869.92,Completed
PAY-04087,INV-04087,2026-03-13,4414.8,Completed
PAY-04088,INV-04088,2026-05-30,99145.83,Completed
PAY-04089,INV-04089,2026-05-20,59444.54,Completed
PAY-04090,INV-04090,2026-04-24,14036.69,Completed
PAY-04091,INV-04091,2026-01-24,530160.34,Completed
PAY-04092,INV-04092,2026-05-15,43491.1,Completed
PAY-04093,INV-04093,2026-03-01,344892.96,Completed
PAY-04094,INV-04094,2026-06-02,332037.5,Completed
PAY-04095,INV-04095,2026-04-14,44144.04,Completed
PAY-04096,INV-04096,2026-05-27,188821.5,Completed
PAY-04097,INV-04097,2026-06-07,220222.8,Completed
PAY-04098,INV-04098,2026-04-24,77155.76,Completed
PAY-04099,INV-04099,2026-02-14,664119.0,Completed
PAY-04100,INV-04100,2026-05-09,219388.08,Completed
PAY-04101,INV-04101,2026-06-13,72930.7,Completed
PAY-04102,INV-04102,2026-06-14,405656.7,Completed
PAY-04103,INV-04103,2026-02-09,141751.97,Completed
PAY-04104,INV-04104,2026-03-12,103887.85,Completed
PAY-04105,INV-04105,2026-06-02,517229.6,Completed
PAY-04106,INV-04106,2026-05-16,89847.36,Completed
PAY-04107,INV-04107,2026-03-11,38056.08,Completed
PAY-04108,INV-04108,2026-06-01,241021.84,Completed
PAY-04109,INV-04109,2026-02-26,199504.2,Completed
PAY-04110,INV-04110,2026-06-21,181531.61,Completed
PAY-04111,INV-04111,2026-06-05,260332.75,Completed
PAY-04112,INV-04112,2026-05-13,99611.25,Completed
PAY-04113,INV-04113,2026-06-12,197145.74,Completed
PAY-04114,INV-04114,2026-06-15,418820.15,Completed
PAY-04115,INV-04115,2026-04-14,104757.51,Completed
PAY-04116,INV-04116,2026-04-04,431592.0,Completed
PAY-04117,INV-04117,2026-05-04,112975.5,Completed
PAY-04118,INV-04118,2026-05-04,359263.5,Completed
PAY-04119,INV-04119,2026-02-13,117717.44,Completed
PAY-04120,INV-04120,2026-02-14,13282.98,Completed
PAY-04121,INV-04121,2026-03-20,4725.89,Completed
PAY-04122,INV-04122,2026-05-19,222357.6,Completed
PAY-04123,INV-04123,2026-04-03,53011.47,Completed
PAY-04124,INV-04124,2026-06-02,156567.96,Completed
PAY-04125,INV-04125,2026-03-22,19046.82,Completed
PAY-04126,INV-04126,2026-04-25,452499.25,Completed
PAY-04127,INV-04127,2026-03-20,5558.67,Completed
PAY-04128,INV-04128,2026-03-21,272441.25,Completed
PAY-04129,INV-04129,2026-06-06,33725.86,Completed
PAY-04130,INV-04130,2026-06-25,108560.76,Completed
PAY-04131,INV-04131,2026-05-04,503008.16,Completed
PAY-04132,INV-04132,2026-06-09,22496.86,Completed
PAY-04133,INV-04133,2026-05-15,366155.91,Completed
PAY-04134,INV-04134,2026-06-07,62633.74,Completed
PAY-04135,INV-04135,2026-02-19,63214.36,Completed
PAY-04136,INV-04136,2026-06-11,175444.59,Completed
PAY-04137,INV-04137,2026-01-24,102922.25,Completed
PAY-04138,INV-04138,2026-05-23,298249.28,Completed
PAY-04139,INV-04139,2026-02-15,60887.54,Completed
PAY-04140,INV-04140,2026-03-06,61094.11,Completed
PAY-04141,INV-04141,2026-05-01,337580.0,Completed
PAY-04142,INV-04142,2026-03-13,521850.55,Completed
PAY-04143,INV-04143,2026-05-30,186026.53,Completed
PAY-04144,INV-04144,2026-04-29,382721.68,Completed
PAY-04145,INV-04145,2026-01-23,355016.22,Completed
PAY-04146,INV-04146,2026-03-01,152098.04,Completed
PAY-04147,INV-04147,2026-03-14,72949.73,Completed
PAY-04148,INV-04148,2026-05-18,51714.2,Completed
PAY-04149,INV-04149,2026-05-22,434911.0,Completed
PAY-04150,INV-04150,2026-05-03,48456.85,Completed
PAY-04151,INV-04151,2026-02-09,219471.7,Completed
PAY-04152,INV-04152,2026-05-27,157028.4,Completed
PAY-04153,INV-04153,2026-06-27,69312.8,Completed
PAY-04154,INV-04154,2026-05-15,299100.0,Completed
PAY-04155,INV-04155,2026-04-25,210921.48,Completed
PAY-04156,INV-04156,2026-02-25,67785.3,Completed
PAY-04157,INV-04157,2026-04-26,16174.0,Completed
PAY-04158,INV-04158,2026-06-13,228347.27,Completed
PAY-04159,INV-04159,2026-01-30,169964.28,Completed
PAY-04160,INV-04160,2026-03-04,103867.06,Completed
PAY-04161,INV-04161,2026-04-04,239093.64,Completed
PAY-04162,INV-04162,2026-03-15,646537.0,Completed
PAY-04163,INV-04163,2026-04-01,359297.26,Completed
PAY-04164,INV-04164,2026-05-31,31914.8,Completed
PAY-04165,INV-04165,2026-04-13,189442.55,Completed
PAY-04166,INV-04166,2026-04-22,67475.4,Completed
PAY-04167,INV-04167,2026-02-14,12292.3,Completed
PAY-04168,INV-04168,2026-06-01,100080.24,Completed
PAY-04169,INV-04169,2026-04-16,54675.67,Completed
PAY-04170,INV-04170,2026-02-22,455494.39,Completed
PAY-04171,INV-04171,2026-03-24,71959.18,Completed
PAY-04172,INV-04172,2026-06-03,392571.0,Completed
PAY-04173,INV-04173,2026-06-21,102264.96,Completed
PAY-04174,INV-04174,2026-03-04,104757.51,Completed
PAY-04175,INV-04175,2026-05-21,335864.83,Completed
PAY-04176,INV-04176,2026-03-08,508514.4,Completed
PAY-04177,INV-04177,2026-05-24,160521.82,Completed
PAY-04178,INV-04178,2026-02-20,10452.9,Completed
PAY-04179,INV-04179,2026-05-23,295739.48,Completed
PAY-04180,INV-04180,2026-05-06,317700.32,Completed
PAY-04181,INV-04181,2026-04-01,562964.85,Completed
PAY-04182,INV-04182,2026-04-12,76314.48,Completed
PAY-04183,INV-04183,2026-02-06,361389.86,Completed
PAY-04184,INV-04184,2026-05-21,88184.82,Completed
PAY-04185,INV-04185,2026-06-07,220439.76,Completed
PAY-04186,INV-04186,2026-02-05,49123.56,Completed
PAY-04187,INV-04187,2026-05-15,303416.64,Completed
PAY-04188,INV-04188,2026-04-11,5330.61,Completed
PAY-04189,INV-04189,2026-05-28,66299.2,Completed
PAY-04190,INV-04190,2026-02-25,387651.84,Completed
PAY-04191,INV-04191,2026-02-28,136110.79,Completed
PAY-04192,INV-04192,2026-02-09,250538.67,Completed
PAY-04193,INV-04193,2026-03-06,88797.52,Completed
PAY-04194,INV-04194,2026-03-26,393824.82,Completed
PAY-04195,INV-04195,2026-05-19,38069.88,Completed
PAY-04196,INV-04196,2026-03-01,380707.59,Completed
PAY-04197,INV-04197,2026-01-18,205764.58,Completed
PAY-04198,INV-04198,2026-03-14,168071.15,Completed
PAY-04199,INV-04199,2026-03-05,291152.63,Completed
PAY-04200,INV-04200,2026-02-28,571419.05,Completed
PAY-04201,INV-04201,2026-05-21,676083.62,Completed
PAY-04202,INV-04202,2026-03-05,57691.55,Completed
PAY-04203,INV-04203,2026-04-10,108404.55,Completed
PAY-04204,INV-04204,2026-05-28,249250.0,Completed
PAY-04205,INV-04205,2026-04-15,574022.96,Completed
PAY-04206,INV-04206,2026-05-16,229283.25,Completed
PAY-04207,INV-04207,2026-06-20,36134.85,Completed
PAY-04208,INV-04208,2026-06-11,5746.76,Completed
PAY-04209,INV-04209,2026-07-05,96712.7,Completed
PAY-04210,INV-04210,2026-02-10,103002.76,Completed
PAY-04211,INV-04211,2026-02-07,282228.3,Completed
PAY-04212,INV-04212,2026-06-12,2811.6,Completed
PAY-04213,INV-04213,2026-01-27,129285.5,Completed
PAY-04214,INV-04214,2026-03-05,775267.46,Completed
PAY-04215,INV-04215,2026-04-02,61008.87,Completed
PAY-04216,INV-04216,2026-04-21,257898.69,Completed
PAY-04217,INV-04217,2026-05-27,34513.55,Completed
PAY-04218,INV-04218,2026-01-25,12948.1,Completed
PAY-04219,INV-04219,2026-02-01,104537.87,Completed
PAY-04220,INV-04220,2026-03-04,18366.19,Completed
PAY-04221,INV-04221,2026-03-04,174444.66,Completed
PAY-04222,INV-04222,2026-05-04,22949.76,Completed
PAY-04223,INV-04223,2026-04-07,134829.84,Completed
PAY-04224,INV-04224,2026-03-14,718402.03,Completed
PAY-04225,INV-04225,2026-05-18,31540.32,Completed
PAY-04226,INV-04226,2026-02-11,50154.37,Completed
PAY-04227,INV-04227,2026-05-01,287730.69,Completed
PAY-04228,INV-04228,2026-04-22,313936.0,Completed
PAY-04229,INV-04229,2026-06-03,187486.32,Completed
PAY-04230,INV-04230,2026-04-11,61436.57,Completed
PAY-04231,INV-04231,2026-05-27,344945.7,Completed
PAY-04232,INV-04232,2026-03-30,9863.62,Completed
PAY-04233,INV-04233,2026-06-11,22216.04,Completed
PAY-04234,INV-04234,2026-06-18,243057.6,Completed
PAY-04235,INV-04235,2026-04-05,222456.9,Completed
PAY-04236,INV-04236,2026-03-09,296932.3,Completed
PAY-04237,INV-04237,2026-06-03,17100.36,Completed
PAY-04238,INV-04238,2026-05-01,57374.4,Completed
PAY-04239,INV-04239,2026-03-10,46929.9,Completed
PAY-04240,INV-04240,2026-02-08,184187.3,Completed
PAY-04241,INV-04241,2026-06-30,239067.0,Completed
PAY-04242,INV-04242,2026-06-10,60947.31,Completed
PAY-04243,INV-04243,2026-03-15,88941.0,Completed
PAY-04244,INV-04244,2026-01-18,622126.08,Completed
PAY-04245,INV-04245,2026-02-28,97536.48,Completed
PAY-04246,INV-04246,2026-02-16,59831.45,Completed
PAY-04247,INV-04247,2026-05-03,27571.38,Completed
PAY-04248,INV-04248,2026-03-12,37360.2,Completed
PAY-04249,INV-04249,2026-07-03,314392.96,Completed
PAY-04250,INV-04250,2026-02-14,121085.0,Completed
PAY-04251,INV-04251,2026-03-21,209263.92,Completed
PAY-04252,INV-04252,2026-05-14,54999.45,Completed
PAY-04253,INV-04253,2026-04-14,416191.91,Completed
PAY-04254,INV-04254,2026-01-21,614414.68,Completed
PAY-04255,INV-04255,2026-05-23,96913.7,Completed
PAY-04256,INV-04256,2026-06-25,625380.75,Completed
PAY-04257,INV-04257,2026-05-17,83310.15,Completed
PAY-04258,INV-04258,2026-04-26,10513.44,Completed
PAY-04259,INV-04259,2026-06-29,429831.15,Completed
PAY-04260,INV-04260,2026-03-08,248022.06,Completed
PAY-04261,INV-04261,2026-03-01,201664.65,Completed
PAY-04262,INV-04262,2026-01-31,238822.43,Completed
PAY-04263,INV-04263,2026-07-10,29435.44,Completed
PAY-04264,INV-04264,2026-03-12,42962.63,Completed
PAY-04265,INV-04265,2026-02-18,185941.0,Completed
PAY-04266,INV-04266,2026-05-14,80340.13,Completed
PAY-04267,INV-04267,2026-02-16,90811.98,Completed
PAY-04268,INV-04268,2026-04-12,298814.96,Completed
PAY-04269,INV-04269,2026-05-17,426033.3,Completed
PAY-04270,INV-04270,2026-05-26,153298.4,Completed
PAY-04271,INV-04271,2026-06-06,15451.02,Completed
PAY-04272,INV-04272,2026-04-05,391634.8,Completed
PAY-04273,INV-04273,2026-05-18,19147.73,Completed
PAY-04274,INV-04274,2026-05-20,222901.51,Completed
PAY-04275,INV-04275,2026-05-01,207446.2,Completed
PAY-04276,INV-04276,2026-04-24,533505.72,Completed
PAY-04277,INV-04277,2026-05-05,110643.37,Completed
PAY-04278,INV-04278,2026-05-11,36023.22,Completed
PAY-04279,INV-04279,2026-06-23,70805.23,Completed
PAY-04280,INV-04280,2026-03-12,44092.41,Completed
PAY-04281,INV-04281,2026-06-02,116732.07,Completed
PAY-04282,INV-04282,2026-03-21,18963.54,Completed
PAY-04283,INV-04283,2026-06-06,137050.81,Completed
PAY-04284,INV-04284,2026-02-08,409808.51,Completed
PAY-04285,INV-04285,2026-03-20,254257.2,Completed
PAY-04286,INV-04286,2026-02-12,136133.29,Completed
PAY-04287,INV-04287,2026-03-15,80760.8,Completed
PAY-04288,INV-04288,2026-03-23,376746.75,Completed
PAY-04289,INV-04289,2026-04-08,47587.35,Completed
PAY-04290,INV-04290,2026-06-25,291765.6,Completed
PAY-04291,INV-04291,2026-03-02,70818.45,Completed
PAY-04292,INV-04292,2026-06-15,542999.1,Completed
PAY-04293,INV-04293,2026-06-18,366155.91,Completed
PAY-04294,INV-04294,2026-06-16,3735.6,Completed
PAY-04295,INV-04295,2026-05-31,153089.44,Completed
PAY-04296,INV-04296,2026-05-23,300893.32,Completed
PAY-04297,INV-04297,2026-04-05,331119.28,Completed
PAY-04298,INV-04298,2026-03-03,218169.56,Completed
PAY-04299,INV-04299,2026-04-17,23643.15,Completed
PAY-04300,INV-04300,2026-05-27,256598.16,Completed
PAY-04301,INV-04301,2026-04-21,98270.55,Completed
PAY-04302,INV-04302,2026-04-22,274837.08,Completed
PAY-04303,INV-04303,2026-03-31,201902.0,Completed
PAY-04304,INV-04304,2026-02-14,555134.3,Completed
PAY-04305,INV-04305,2026-04-18,9619.94,Completed
PAY-04306,INV-04306,2026-01-16,125100.3,Completed
PAY-04307,INV-04307,2026-04-01,127152.62,Completed
PAY-04308,INV-04308,2026-02-18,119546.82,Completed
PAY-04309,INV-04309,2026-03-18,3050.72,Completed
PAY-04310,INV-04310,2026-03-10,354210.87,Completed
PAY-04311,INV-04311,2026-06-29,108069.66,Completed
PAY-04312,INV-04312,2026-05-27,98247.12,Completed
PAY-04313,INV-04313,2026-05-26,130473.3,Completed
PAY-04314,INV-04314,2026-03-26,92093.65,Completed
PAY-04315,INV-04315,2026-04-13,126188.31,Completed
PAY-04316,INV-04316,2026-04-09,186937.5,Completed
PAY-04317,INV-04317,2026-05-27,4414.8,Completed
PAY-04318,INV-04318,2026-04-27,327104.16,Completed
PAY-04319,INV-04319,2026-02-25,28304.5,Completed
PAY-04320,INV-04320,2026-06-06,42533.01,Completed
PAY-04321,INV-04321,2026-03-21,588023.52,Completed
PAY-04322,INV-04322,2026-06-07,336984.96,Completed
PAY-04323,INV-04323,2026-06-13,229554.4,Completed
PAY-04324,INV-04324,2026-04-14,529607.9,Completed
PAY-04325,INV-04325,2026-02-14,22207.43,Completed
PAY-04326,INV-04326,2026-03-06,106252.0,Completed
PAY-04327,INV-04327,2026-06-08,149032.3,Completed
PAY-04328,INV-04328,2026-03-29,143926.47,Completed
PAY-04329,INV-04329,2026-05-04,220291.92,Completed
PAY-04330,INV-04330,2026-03-05,33794.81,Completed
PAY-04331,INV-04331,2026-03-18,525775.13,Completed
PAY-04332,INV-04332,2026-05-06,22070.08,Completed
PAY-04333,INV-04333,2026-04-25,2276.22,Completed
PAY-04334,INV-04334,2026-07-03,464763.6,Completed
PAY-04335,INV-04335,2026-03-05,191067.11,Completed
PAY-04336,INV-04336,2026-05-20,90726.72,Completed
PAY-04337,INV-04337,2026-02-14,116109.95,Completed
PAY-04338,INV-04338,2026-05-02,79450.01,Completed
PAY-04339,INV-04339,2026-03-06,229761.5,Completed
PAY-04340,INV-04340,2026-05-14,75402.22,Completed
PAY-04341,INV-04341,2026-04-30,312758.25,Completed
PAY-04342,INV-04342,2026-05-20,6065.25,Completed
PAY-04343,INV-04343,2026-02-20,176612.64,Completed
PAY-04344,INV-04344,2026-03-09,271608.12,Completed
PAY-04345,INV-04345,2026-04-01,310791.32,Completed
PAY-04346,INV-04346,2026-05-17,12973.14,Completed
PAY-04347,INV-04347,2026-04-07,204529.92,Completed
PAY-04348,INV-04348,2026-05-10,377027.19,Completed
PAY-04349,INV-04349,2026-02-25,285814.72,Completed
PAY-04350,INV-04350,2026-06-28,181623.96,Completed
PAY-04351,INV-04351,2026-04-27,223198.0,Completed
PAY-04352,INV-04352,2026-05-07,238649.58,Completed
PAY-04353,INV-04353,2026-05-05,114880.75,Completed
PAY-04354,INV-04354,2026-05-06,620675.52,Completed
PAY-04355,INV-04355,2026-03-28,185894.32,Completed
PAY-04356,INV-04356,2026-03-30,4452.44,Completed
PAY-04357,INV-04357,2026-06-07,63048.4,Completed
PAY-04358,INV-04358,2026-03-14,324184.0,Completed
PAY-04359,INV-04359,2026-04-19,215689.69,Completed
PAY-04360,INV-04360,2026-06-30,200165.28,Completed
PAY-04361,INV-04361,2026-04-11,236061.5,Completed
PAY-04362,INV-04362,2026-05-10,65980.56,Completed
PAY-04363,INV-04363,2026-03-08,63576.31,Completed
PAY-04364,INV-04364,2026-05-01,574022.96,Completed
PAY-04365,INV-04365,2026-03-19,249981.76,Completed
PAY-04366,INV-04366,2026-05-06,202277.76,Completed
PAY-04367,INV-04367,2026-03-24,72505.66,Completed
PAY-04368,INV-04368,2026-02-03,204529.92,Completed
PAY-04369,INV-04369,2026-06-01,195817.4,Completed
PAY-04370,INV-04370,2026-05-22,160521.82,Completed
PAY-04371,INV-04371,2026-01-24,33100.41,Completed
PAY-04372,INV-04372,2026-04-12,269744.86,Completed
PAY-04373,INV-04373,2026-03-11,141639.2,Completed
PAY-04374,INV-04374,2026-05-07,265830.88,Completed
PAY-04375,INV-04375,2026-03-23,31167.08,Completed
PAY-04376,INV-04376,2026-03-01,156100.62,Completed
PAY-04377,INV-04377,2026-02-10,257756.73,Completed
PAY-04378,INV-04378,2026-06-12,71841.84,Completed
PAY-04379,INV-04379,2026-05-03,9512.7,Completed
PAY-04380,INV-04380,2026-06-09,133261.67,Completed
PAY-04381,INV-04381,2026-05-31,143669.0,Completed
PAY-04382,INV-04382,2026-06-06,32833.76,Completed
PAY-04383,INV-04383,2026-05-14,86339.37,Completed
PAY-04384,INV-04384,2026-06-20,107460.06,Completed
PAY-04385,INV-04385,2026-05-27,445337.64,Completed
PAY-04386,INV-04386,2026-04-08,257483.73,Completed
PAY-04387,INV-04387,2026-02-07,193570.43,Completed
PAY-04388,INV-04388,2026-02-03,63048.4,Completed
PAY-04389,INV-04389,2026-05-17,3565.62,Completed
PAY-04390,INV-04390,2026-04-18,32348.0,Completed
PAY-04391,INV-04391,2026-04-17,117530.4,Completed
PAY-04392,INV-04392,2026-04-17,166620.3,Completed
PAY-04393,INV-04393,2026-02-09,300971.1,Completed
PAY-04394,INV-04394,2026-01-31,197594.89,Completed
PAY-04395,INV-04395,2026-02-02,124625.0,Completed
PAY-04396,INV-04396,2026-02-03,425341.02,Completed
PAY-04397,INV-04397,2026-04-05,100379.78,Completed
PAY-04398,INV-04398,2026-04-03,226006.4,Completed
PAY-04399,INV-04399,2026-05-08,207939.16,Completed
PAY-04400,INV-04400,2026-05-17,257756.73,Completed
PAY-04401,INV-04401,2026-05-02,458832.72,Completed
PAY-04402,INV-04402,2026-04-04,300398.34,Completed
PAY-04403,INV-04403,2026-04-27,152776.25,Completed
PAY-04404,INV-04404,2026-02-01,179583.82,Completed
PAY-04405,INV-04405,2026-02-01,89703.37,Completed
PAY-04406,INV-04406,2026-02-14,426463.44,Completed
PAY-04407,INV-04407,2026-04-13,51622.89,Completed
PAY-04408,INV-04408,2026-06-14,89429.62,Completed
PAY-04409,INV-04409,2026-05-17,106142.64,Completed
PAY-04410,INV-04410,2026-04-07,374991.46,Completed
PAY-04411,INV-04411,2026-06-25,40683.99,Completed
PAY-04412,INV-04412,2026-04-07,250200.6,Completed
PAY-04413,INV-04413,2026-05-18,176297.29,Completed
PAY-04414,INV-04414,2026-05-05,220291.92,Completed
PAY-04415,INV-04415,2026-02-05,334886.0,Completed
PAY-04416,INV-04416,2026-04-24,12139.84,Completed
PAY-04417,INV-04417,2026-05-07,113421.36,Completed
PAY-04418,INV-04418,2026-03-27,139909.88,Completed
PAY-04419,INV-04419,2026-04-16,8987.71,Completed
PAY-04420,INV-04420,2026-04-27,315652.68,Completed
PAY-04421,INV-04421,2026-06-14,103273.92,Completed
PAY-04422,INV-04422,2026-01-30,377027.19,Completed
PAY-04423,INV-04423,2026-03-31,1718.2,Completed
PAY-04424,INV-04424,2026-03-06,10345.35,Completed
PAY-04425,INV-04425,2026-02-01,3436.4,Completed
PAY-04426,INV-04426,2026-02-05,86329.75,Completed
PAY-04427,INV-04427,2026-02-12,256598.16,Completed
PAY-04428,INV-04428,2026-03-13,366399.6,Completed
PAY-04429,INV-04429,2026-03-22,263387.57,Completed
PAY-04430,INV-04430,2026-06-15,46710.74,Completed
PAY-04431,INV-04431,2026-05-23,158887.3,Completed
PAY-04432,INV-04432,2026-02-20,445605.6,Completed
PAY-04433,INV-04433,2026-03-30,165218.94,Completed
PAY-04434,INV-04434,2026-04-04,485822.88,Completed
PAY-04435,INV-04435,2026-05-28,543544.95,Completed
PAY-04436,INV-04436,2026-06-05,143616.6,Completed
PAY-04437,INV-04437,2026-04-28,293949.4,Completed
PAY-04438,INV-04438,2026-05-13,358894.18,Completed
PAY-04439,INV-04439,2026-04-16,66414.9,Completed
PAY-04440,INV-04440,2026-02-11,151376.4,Completed
PAY-04441,INV-04441,2026-03-28,371788.64,Completed
PAY-04442,INV-04442,2026-06-07,16803.11,Completed
PAY-04443,INV-04443,2026-03-23,18884.92,Completed
PAY-04444,INV-04444,2026-03-16,337181.25,Completed
PAY-04445,INV-04445,2026-03-20,136087.72,Completed
PAY-04446,INV-04446,2026-05-21,14849.26,Completed
PAY-04447,INV-04447,2026-06-06,423762.0,Completed
PAY-04448,INV-04448,2026-02-02,318789.38,Completed
PAY-04449,INV-04449,2026-05-28,375289.47,Completed
PAY-04450,INV-04450,2026-05-16,200617.48,Completed
PAY-04451,INV-04451,2026-03-16,84003.36,Completed
PAY-04452,INV-04452,2026-05-22,76926.15,Completed
PAY-04453,INV-04453,2026-02-21,1872.8,Completed
PAY-04454,INV-04454,2026-04-10,210008.4,Completed
PAY-04455,INV-04455,2026-02-09,131219.52,Completed
PAY-04456,INV-04456,2026-05-13,109188.44,Completed
PAY-04457,INV-04457,2026-04-02,6359.54,Completed
PAY-04458,INV-04458,2026-06-01,562093.74,Completed
PAY-04459,INV-04459,2026-04-18,587898.8,Completed
PAY-04460,INV-04460,2026-03-04,447649.12,Completed
PAY-04461,INV-04461,2026-02-20,29431.5,Completed
PAY-04462,INV-04462,2026-05-17,178963.68,Completed
PAY-04463,INV-04463,2026-03-03,268382.6,Completed
PAY-04464,INV-04464,2026-05-10,8606.16,Completed
PAY-04465,INV-04465,2026-02-23,398471.4,Completed
PAY-04466,INV-04466,2026-05-13,78514.2,Completed
PAY-04467,INV-04467,2026-04-12,275364.9,Completed
PAY-04468,INV-04468,2026-02-25,85289.76,Completed
PAY-04469,INV-04469,2026-02-08,6140.68,Completed
PAY-04470,INV-04470,2026-05-17,9082.33,Completed
PAY-04471,INV-04471,2026-02-16,61461.5,Completed
PAY-04472,INV-04472,2026-03-22,215558.1,Completed
PAY-04473,INV-04473,2026-02-02,74081.87,Completed
PAY-04474,INV-04474,2026-02-13,215513.2,Completed
PAY-04475,INV-04475,2026-02-18,160702.56,Completed
PAY-04476,INV-04476,2026-05-09,69353.24,Completed
PAY-04477,INV-04477,2026-06-30,12044.95,Completed
PAY-04478,INV-04478,2026-05-03,694980.5,Completed
PAY-04479,INV-04479,2026-03-25,216051.2,Completed
PAY-04480,INV-04480,2026-03-09,236061.5,Completed
PAY-04481,INV-04481,2026-03-14,256406.52,Completed
PAY-04482,INV-04482,2026-03-21,130857.0,Completed
PAY-04483,INV-04483,2026-01-22,117490.44,Completed
PAY-04484,INV-04484,2026-06-16,6282.6,Completed
PAY-04485,INV-04485,2026-05-24,90811.98,Completed
PAY-04486,INV-04486,2026-05-07,148279.6,Completed
PAY-04487,INV-04487,2026-01-24,690781.09,Completed
PAY-04488,INV-04488,2026-05-13,114077.5,Completed
PAY-04489,INV-04489,2026-05-06,278495.5,Completed
PAY-04490,INV-04490,2026-02-18,115030.75,Completed
PAY-04491,INV-04491,2026-03-09,418919.1,Completed
PAY-04492,INV-04492,2026-05-06,168006.72,Completed
PAY-04493,INV-04493,2026-06-12,261257.49,Completed
PAY-04494,INV-04494,2026-06-27,569884.01,Completed
PAY-04495,INV-04495,2026-02-23,25379.92,Completed
PAY-04496,INV-04496,2026-05-19,31563.72,Completed
PAY-04497,INV-04497,2026-06-07,14834.97,Completed
PAY-04498,INV-04498,2026-03-09,165540.15,Completed
PAY-04499,INV-04499,2026-05-29,236787.5,Completed
PAY-04500,INV-04500,2026-05-28,178067.12,Completed
PAY-04501,INV-04501,2026-04-08,404635.56,Completed
PAY-04502,INV-04502,2026-05-04,33149.6,Completed
PAY-04503,INV-04503,2026-03-15,453661.81,Completed
PAY-04504,INV-04504,2026-04-27,4754.16,Completed
PAY-04505,INV-04505,2026-06-07,132133.68,Completed
PAY-04506,INV-04506,2026-05-19,75349.35,Completed
PAY-04507,INV-04507,2026-06-07,317113.84,Completed
PAY-04508,INV-04508,2026-04-09,215796.0,Completed
PAY-04509,INV-04509,2026-02-10,265659.6,Completed
PAY-04510,INV-04510,2026-03-22,117717.44,Completed
PAY-04511,INV-04511,2026-06-13,90380.4,Completed
PAY-04512,INV-04512,2026-03-16,88504.56,Completed
PAY-04513,INV-04513,2026-05-10,189442.55,Completed
PAY-04514,INV-04514,2026-04-18,22216.04,Completed
PAY-04515,INV-04515,2026-06-22,19667.68,Completed
PAY-04516,INV-04516,2026-05-02,46404.0,Completed
PAY-04517,INV-04517,2026-06-09,77838.84,Completed
PAY-04518,INV-04518,2026-05-24,439021.8,Completed
PAY-04519,INV-04519,2026-04-19,436111.65,Completed
PAY-04520,INV-04520,2026-06-14,88117.83,Completed
PAY-04521,INV-04521,2026-04-21,79496.67,Completed
PAY-04522,INV-04522,2026-02-11,475392.54,Completed
PAY-04523,INV-04523,2026-03-12,447600.27,Completed
PAY-04524,INV-04524,2026-04-24,175444.59,Completed
PAY-04525,INV-04525,2026-05-09,474774.98,Completed
PAY-04526,INV-04526,2026-02-14,3905.0,Completed
PAY-04527,INV-04527,2026-04-19,12642.36,Completed
PAY-04528,INV-04528,2026-05-25,546080.52,Completed
PAY-04529,INV-04529,2026-03-03,347928.8,Completed
PAY-04530,INV-04530,2026-03-24,50588.79,Completed
PAY-04531,INV-04531,2026-05-30,59561.26,Completed
PAY-04532,INV-04532,2026-04-20,58148.22,Completed
PAY-04533,INV-04533,2026-04-15,270179.58,Completed
PAY-04534,INV-04534,2026-04-29,122188.22,Completed
PAY-04535,INV-04535,2026-03-12,203505.28,Completed
PAY-04536,INV-04536,2026-05-27,245262.5,Completed
PAY-04537,INV-04537,2026-04-03,99324.09,Completed
PAY-04538,INV-04538,2026-06-04,316059.0,Completed
PAY-04539,INV-04539,2026-03-18,682915.45,Completed
PAY-04540,INV-04540,2026-01-26,249945.92,Completed
PAY-04541,INV-04541,2026-04-19,52424.26,Completed
PAY-04542,INV-04542,2026-06-15,135679.18,Completed
PAY-04543,INV-04543,2026-05-23,279431.49,Completed
PAY-04544,INV-04544,2026-04-16,624716.06,Completed
PAY-04545,INV-04545,2026-05-21,191360.84,Completed
PAY-04546,INV-04546,2026-03-10,298660.32,Completed
PAY-04547,INV-04547,2026-03-13,55102.64,Completed
PAY-04548,INV-04548,2026-02-08,392369.85,Completed
PAY-04549,INV-04549,2026-06-09,127139.25,Completed
PAY-04550,INV-04550,2026-02-23,33410.36,Completed
PAY-04551,INV-04551,2026-04-16,40981.46,Completed
PAY-04552,INV-04552,2026-06-09,143468.13,Completed
PAY-04553,INV-04553,2026-05-13,181646.6,Completed
PAY-04554,INV-04554,2026-04-03,358988.7,Completed
PAY-04555,INV-04555,2026-02-06,181030.36,Completed
PAY-04556,INV-04556,2026-06-29,190881.44,Completed
PAY-04557,INV-04557,2026-03-11,400852.94,Completed
PAY-04558,INV-04558,2026-02-28,133376.43,Completed
PAY-04559,INV-04559,2026-05-28,111080.2,Completed
PAY-04560,INV-04560,2026-06-12,124625.0,Completed
PAY-04561,INV-04561,2026-06-07,240569.12,Completed
PAY-04562,INV-04562,2026-02-03,16676.01,Completed
PAY-04563,INV-04563,2026-02-22,232961.47,Completed
PAY-04564,INV-04564,2026-04-24,67806.65,Completed
PAY-04565,INV-04565,2026-03-25,217390.94,Completed
PAY-04566,INV-04566,2026-03-18,51984.79,Completed
PAY-04567,INV-04567,2026-05-23,546748.0,Completed
PAY-04568,INV-04568,2026-05-24,34424.64,Completed
PAY-04569,INV-04569,2026-04-16,340053.87,Completed
PAY-04570,INV-04570,2026-02-27,177098.4,Completed
PAY-04571,INV-04571,2026-04-12,9635.96,Completed
PAY-04572,INV-04572,2026-01-22,404943.48,Completed
PAY-04573,INV-04573,2026-07-08,61436.57,Completed
PAY-04574,INV-04574,2026-04-22,285006.0,Completed
PAY-04575,INV-04575,2026-04-19,217953.0,Completed
PAY-04576,INV-04576,2026-04-16,206405.45,Completed
PAY-04577,INV-04577,2026-03-16,45894.15,Completed
PAY-04578,INV-04578,2026-07-09,104685.6,Completed
PAY-04579,INV-04579,2026-01-26,46490.43,Completed
PAY-04580,INV-04580,2026-03-28,188041.7,Completed
PAY-04581,INV-04581,2026-02-08,39335.36,Completed
PAY-04582,INV-04582,2026-06-08,86329.75,Completed
PAY-04583,INV-04583,2026-03-17,57140.46,Completed
PAY-04584,INV-04584,2026-05-18,292678.05,Completed
PAY-04585,INV-04585,2026-02-05,274144.36,Completed
PAY-04586,INV-04586,2026-03-25,206891.84,Completed
PAY-04587,INV-04587,2026-01-26,11230.92,Completed
PAY-04588,INV-04588,2026-06-18,72241.89,Completed
PAY-04589,INV-04589,2026-03-22,286637.5,Completed
PAY-04590,INV-04590,2026-02-10,24703.6,Completed
PAY-04591,INV-04591,2026-06-15,112892.75,Completed
PAY-04592,INV-04592,2026-05-26,65701.86,Completed
PAY-04593,INV-04593,2026-04-08,400852.94,Completed
PAY-04594,INV-04594,2026-03-12,542999.1,Completed
PAY-04595,INV-04595,2026-03-28,14152.25,Completed
PAY-04596,INV-04596,2026-02-05,56242.15,Completed
PAY-04597,INV-04597,2026-02-19,284476.28,Completed
PAY-04598,INV-04598,2026-06-07,594131.37,Completed
PAY-04599,INV-04599,2026-02-25,612991.47,Completed
PAY-04600,INV-04600,2026-02-24,245208.06,Completed
PAY-04601,INV-04601,2026-06-16,240976.08,Completed
PAY-04602,INV-04602,2026-04-01,44466.48,Completed
PAY-04603,INV-04603,2026-06-21,16021.57,Completed
PAY-04604,INV-04604,2026-04-04,106858.56,Completed
PAY-04605,INV-04605,2026-04-15,439021.8,Completed
PAY-04606,INV-04606,2026-03-20,19621.0,Completed
PAY-04607,INV-04607,2026-04-14,68673.5,Completed
PAY-04608,INV-04608,2026-04-21,103024.04,Completed
PAY-04609,INV-04609,2026-04-04,1874.4,Completed
PAY-04610,INV-04610,2026-03-14,649360.8,Completed
PAY-04611,INV-04611,2026-01-19,440924.1,Completed
PAY-04612,INV-04612,2026-05-18,406839.9,Completed
PAY-04613,INV-04613,2026-03-26,37911.59,Completed
PAY-04614,INV-04614,2026-04-20,118040.51,Completed
PAY-04615,INV-04615,2026-06-03,529607.9,Completed
PAY-04616,INV-04616,2026-02-27,750893.32,Completed
PAY-04617,INV-04617,2026-04-09,30126.8,Completed
PAY-04618,INV-04618,2026-05-10,186571.35,Completed
PAY-04619,INV-04619,2026-02-22,418104.75,Completed
PAY-04620,INV-04620,2026-04-08,167443.0,Completed
PAY-04621,INV-04621,2026-02-12,249884.32,Completed
PAY-04622,INV-04622,2026-02-14,216981.28,Completed
PAY-04623,INV-04623,2026-02-03,299441.45,Completed
PAY-04624,INV-04624,2026-02-23,106315.06,Completed
PAY-04625,INV-04625,2026-03-26,317134.0,Completed
PAY-04626,INV-04626,2026-05-31,84107.52,Completed
PAY-04627,INV-04627,2026-03-25,27006.4,Completed
PAY-04628,INV-04628,2026-03-03,43801.24,Completed
PAY-04629,INV-04629,2026-03-29,662297.4,Completed
PAY-04630,INV-04630,2026-02-25,116155.49,Completed
PAY-04631,INV-04631,2026-02-07,116706.24,Completed
PAY-04632,INV-04632,2026-04-13,8346.14,Completed
PAY-04633,INV-04633,2026-03-31,215831.0,Completed
PAY-04634,INV-04634,2026-02-23,307022.25,Completed
PAY-04635,INV-04635,2026-04-25,12683.6,Completed
PAY-04636,INV-04636,2026-02-22,87765.7,Completed
PAY-04637,INV-04637,2026-05-21,247274.8,Completed
PAY-04638,INV-04638,2026-04-07,611582.84,Completed
PAY-04639,INV-04639,2026-03-31,86046.1,Completed
PAY-04640,INV-04640,2026-04-20,125100.3,Completed
PAY-04641,INV-04641,2026-05-10,6452.4,Completed
PAY-04642,INV-04642,2026-01-22,353178.0,Completed
PAY-04643,INV-04643,2026-04-29,469961.76,Completed
PAY-04644,INV-04644,2026-03-04,177728.32,Completed
PAY-04645,INV-04645,2026-06-14,175144.62,Completed
PAY-04646,INV-04646,2026-02-23,222112.21,Completed
PAY-04647,INV-04647,2026-03-24,546080.52,Completed
PAY-04648,INV-04648,2026-05-09,359263.5,Completed
PAY-04649,INV-04649,2026-05-05,264049.24,Completed
PAY-04650,INV-04650,2026-03-16,338041.81,Completed
PAY-04651,INV-04651,2026-05-11,27799.22,Completed
PAY-04652,INV-04652,2026-01-23,209368.54,Completed
PAY-04653,INV-04653,2026-02-06,85501.8,Completed
PAY-04654,INV-04654,2026-05-11,110350.17,Completed
PAY-04655,INV-04655,2026-05-27,415476.0,Completed
PAY-04656,INV-04656,2026-04-30,229761.5,Completed
PAY-04657,INV-04657,2026-06-03,348889.32,Completed
PAY-04658,INV-04658,2026-03-20,75691.48,Completed
PAY-04659,INV-04659,2026-04-22,337674.96,Completed
PAY-04660,INV-04660,2026-06-07,461093.5,Completed
PAY-04661,INV-04661,2026-02-27,781.0,Completed
PAY-04662,INV-04662,2026-02-02,67777.03,Completed
PAY-04663,INV-04663,2026-05-15,2589.62,Completed
PAY-04664,INV-04664,2026-01-26,45385.76,Completed
PAY-04665,INV-04665,2026-04-05,6359.54,Completed
PAY-04666,INV-04666,2026-06-04,493458.0,Completed
PAY-04667,INV-04667,2026-06-26,25062.75,Completed
PAY-04668,INV-04668,2026-05-27,189858.62,Completed
PAY-04669,INV-04669,2026-03-19,7916.14,Completed
PAY-04670,INV-04670,2026-05-12,19271.92,Completed
PAY-04671,INV-04671,2026-04-27,220336.32,Completed
PAY-04672,INV-04672,2026-06-09,137072.18,Completed
PAY-04673,INV-04673,2026-04-30,266506.92,Completed
PAY-04674,INV-04674,2026-02-03,230556.25,Completed
PAY-04675,INV-04675,2026-05-26,161066.29,Completed
PAY-04676,INV-04676,2026-02-15,88184.82,Completed
PAY-04677,INV-04677,2026-02-28,569791.35,Completed
PAY-04678,INV-04678,2026-06-04,14370.54,Completed
PAY-04679,INV-04679,2026-03-12,380095.03,Completed
PAY-04680,INV-04680,2026-03-01,125682.56,Completed
PAY-04681,INV-04681,2026-06-22,70627.0,Completed
PAY-04682,INV-04682,2026-04-25,17855.84,Completed
PAY-04683,INV-04683,2026-02-07,12960.96,Completed
PAY-04684,INV-04684,2026-02-06,145795.46,Completed
PAY-04685,INV-04685,2026-02-07,43801.24,Completed
PAY-04686,INV-04686,2026-06-10,45318.35,Completed
PAY-04687,INV-04687,2026-06-23,307207.34,Completed
PAY-04688,INV-04688,2026-03-19,616024.64,Completed
PAY-04689,INV-04689,2026-02-28,58726.08,Completed
PAY-04690,INV-04690,2026-02-07,390956.3,Completed
PAY-04691,INV-04691,2026-03-20,132783.77,Completed
PAY-04692,INV-04692,2026-03-28,410235.35,Completed
PAY-04693,INV-04693,2026-04-09,540359.16,Completed
PAY-04694,INV-04694,2026-06-07,66216.06,Completed
PAY-04695,INV-04695,2026-02-02,169519.0,Completed
PAY-04696,INV-04696,2026-06-01,242792.35,Completed
PAY-04697,INV-04697,2026-03-20,119533.5,Completed
PAY-04698,INV-04698,2026-05-16,384897.24,Completed
PAY-04699,INV-04699,2026-04-02,326204.47,Completed
PAY-04700,INV-04700,2026-05-27,30555.25,Completed
PAY-04701,INV-04701,2026-05-01,559273.36,Completed
PAY-04702,INV-04702,2026-03-12,674362.5,Completed
PAY-04703,INV-04703,2026-04-27,49340.48,Completed
PAY-04704,INV-04704,2026-05-31,345128.54,Completed
PAY-04705,INV-04705,2026-02-25,61461.5,Completed
PAY-04706,INV-04706,2026-04-24,377963.43,Completed
PAY-04707,INV-04707,2026-02-05,217675.9,Completed
PAY-04708,INV-04708,2026-03-10,487796.75,Completed
PAY-04709,INV-04709,2026-05-15,25642.05,Completed
PAY-04710,INV-04710,2026-04-17,91956.1,Completed
PAY-04711,INV-04711,2026-03-31,134556.8,Completed
PAY-04712,INV-04712,2026-03-11,209264.68,Completed
PAY-04713,INV-04713,2026-04-05,211113.09,Completed
PAY-04714,INV-04714,2026-04-01,128666.44,Completed
PAY-04715,INV-04715,2026-04-11,143942.7,Completed
PAY-04716,INV-04716,2026-03-15,222116.83,Completed
PAY-04717,INV-04717,2026-03-05,271608.12,Completed
PAY-04718,INV-04718,2026-03-10,148445.88,Completed
PAY-04719,INV-04719,2026-01-21,284453.1,Completed
PAY-04720,INV-04720,2026-05-28,41547.6,Completed
PAY-04721,INV-04721,2026-02-22,242284.25,Completed
PAY-04722,INV-04722,2026-05-23,12130.5,Completed
PAY-04723,INV-04723,2026-04-29,105713.78,Completed
PAY-04724,INV-04724,2026-04-18,348077.92,Completed
PAY-04725,INV-04725,2026-06-17,224329.44,Completed
PAY-04726,INV-04726,2026-06-17,45894.15,Completed
PAY-04727,INV-04727,2026-04-16,53591.14,Completed
PAY-04728,INV-04728,2026-03-08,57001.2,Completed
PAY-04729,INV-04729,2026-02-25,337770.81,Completed
PAY-04730,INV-04730,2026-06-24,205635.32,Completed
PAY-04731,INV-04731,2026-04-29,57881.72,Completed
PAY-04732,INV-04732,2026-02-27,22072.02,Completed
PAY-04733,INV-04733,2026-07-01,97559.35,Completed
PAY-04734,INV-04734,2026-02-01,32850.93,Completed
PAY-04735,INV-04735,2026-04-07,121251.3,Completed
PAY-04736,INV-04736,2026-05-03,251164.5,Completed
PAY-04737,INV-04737,2026-06-03,91956.1,Completed
PAY-04738,INV-04738,2026-05-29,143318.75,Completed
PAY-04739,INV-04739,2026-05-25,174685.51,Completed
PAY-04740,INV-04740,2026-04-06,128954.28,Completed
PAY-04741,INV-04741,2026-02-11,59444.54,Completed
PAY-04742,INV-04742,2026-02-28,189442.55,Completed
PAY-04743,INV-04743,2026-03-25,438943.4,Completed
PAY-04744,INV-04744,2026-05-30,514201.95,Completed
PAY-04745,INV-04745,2026-02-25,14795.43,Completed
PAY-04746,INV-04746,2026-03-09,73048.25,Completed
PAY-04747,INV-04747,2026-03-12,156947.94,Completed
PAY-04748,INV-04748,2026-03-02,140005.6,Completed
PAY-04749,INV-04749,2026-04-19,355016.22,Completed
PAY-04750,INV-04750,2026-02-08,25222.47,Completed
PAY-04751,INV-04751,2026-03-27,102264.96,Completed
PAY-04752,INV-04752,2026-04-24,64642.75,Completed
PAY-04753,INV-04753,2026-02-06,299441.45,Completed
PAY-04754,INV-04754,2026-06-06,52721.9,Completed
PAY-04755,INV-04755,2026-03-31,106315.06,Completed
PAY-04756,INV-04756,2026-02-02,175334.25,Completed
PAY-04757,INV-04757,2026-05-20,223423.52,Completed
PAY-04758,INV-04758,2026-02-24,170579.52,Completed
PAY-04759,INV-04759,2026-03-26,11489.22,Completed
PAY-04760,INV-04760,2026-04-16,171003.6,Completed
PAY-04761,INV-04761,2026-05-09,114638.56,Completed
PAY-04762,INV-04762,2026-03-30,48456.85,Completed
PAY-04763,INV-04763,2026-03-17,312.4,Completed
PAY-04764,INV-04764,2026-06-06,303134.1,Completed
PAY-04765,INV-04765,2026-06-26,145370.55,Completed
PAY-04766,INV-04766,2026-02-20,381849.99,Completed
PAY-04767,INV-04767,2026-04-07,303416.64,Completed
PAY-04768,INV-04768,2026-03-16,123540.12,Completed
PAY-04769,INV-04769,2026-02-05,10300.68,Completed
PAY-04770,INV-04770,2026-05-11,18756.96,Completed
PAY-04771,INV-04771,2026-06-26,601763.61,Completed
PAY-04772,INV-04772,2026-02-06,337674.96,Completed
PAY-04773,INV-04773,2026-03-19,166838.6,Completed
PAY-04774,INV-04774,2026-05-26,147171.5,Completed
PAY-04775,INV-04775,2026-01-16,483682.49,Completed
PAY-04776,INV-04776,2026-04-24,69759.8,Completed
PAY-04777,INV-04777,2026-06-21,579951.75,Completed
PAY-04778,INV-04778,2026-02-04,23822.9,Completed
PAY-04779,INV-04779,2026-05-06,434911.0,Completed
PAY-04780,INV-04780,2026-05-06,111386.73,Completed
PAY-04781,INV-04781,2026-02-06,325268.58,Completed
PAY-04782,INV-04782,2026-05-01,271545.54,Completed
PAY-04783,INV-04783,2026-01-29,670270.56,Completed
PAY-04784,INV-04784,2026-06-20,42061.77,Completed
PAY-04785,INV-04785,2026-03-24,80930.74,Completed
PAY-04786,INV-04786,2026-03-12,397378.44,Completed
PAY-04787,INV-04787,2026-03-26,76698.72,Completed
PAY-04788,INV-04788,2026-02-06,68401.44,Completed
PAY-04789,INV-04789,2026-03-04,376332.03,Completed
PAY-04790,INV-04790,2026-03-14,145302.0,Completed
PAY-04791,INV-04791,2026-06-27,199244.7,Completed
PAY-04792,INV-04792,2026-03-08,181030.36,Completed
PAY-04793,INV-04793,2026-06-04,55598.44,Completed
PAY-04794,INV-04794,2026-05-25,236140.58,Completed
PAY-04795,INV-04795,2026-06-05,172920.61,Completed
PAY-04796,INV-04796,2026-06-09,237366.21,Completed
PAY-04797,INV-04797,2026-06-06,188404.43,Completed
PAY-04798,INV-04798,2026-03-03,311562.5,Completed
PAY-04799,INV-04799,2026-03-16,163464.75,Completed
PAY-04800,INV-04800,2026-05-15,122923.0,Completed
PAY-04801,INV-04801,2026-04-01,21095.2,Completed
PAY-04802,INV-04802,2026-04-11,61461.5,Completed
PAY-04803,INV-04803,2026-03-10,142966.6,Completed
PAY-04804,INV-04804,2026-03-04,279305.88,Completed
PAY-04805,INV-04805,2026-03-13,224357.04,Completed
PAY-04806,INV-04806,2026-04-17,23643.15,Completed
PAY-04807,INV-04807,2026-02-08,271775.4,Completed
PAY-04808,INV-04808,2026-03-26,129518.76,Completed
PAY-04809,INV-04809,2026-06-03,284438.4,Completed
PAY-04810,INV-04810,2026-02-11,273374.0,Completed
PAY-04811,INV-04811,2026-03-12,306891.04,Completed
PAY-04812,INV-04812,2026-03-18,8320.2,Completed
PAY-04813,INV-04813,2026-04-09,4298.47,Completed
PAY-04814,INV-04814,2026-03-27,155142.6,Completed
PAY-04815,INV-04815,2026-03-03,76544.72,Completed
PAY-04816,INV-04816,2026-05-31,222332.4,Completed
PAY-04817,INV-04817,2026-02-24,206634.9,Completed
PAY-04818,INV-04818,2026-03-19,206856.8,Completed
PAY-04819,INV-04819,2026-05-26,84596.36,Completed
PAY-04820,INV-04820,2026-05-18,51640.4,Completed
PAY-04821,INV-04821,2026-02-03,25642.05,Completed
PAY-04822,INV-04822,2026-02-14,472586.74,Completed
PAY-04823,INV-04823,2026-03-26,40227.32,Completed
PAY-04824,INV-04824,2026-01-31,85554.7,Completed
PAY-04825,INV-04825,2026-06-29,34480.56,Completed
PAY-04826,INV-04826,2026-02-22,42665.76,Completed
PAY-04827,INV-04827,2026-05-24,117543.29,Completed
PAY-04828,INV-04828,2026-03-08,213717.12,Completed
PAY-04829,INV-04829,2026-05-16,226619.04,Completed
PAY-04830,INV-04830,2026-01-18,202642.44,Completed
PAY-04831,INV-04831,2026-03-05,88836.88,Completed
PAY-04832,INV-04832,2026-02-21,116109.95,Completed
PAY-04833,INV-04833,2026-05-04,101087.5,Completed
PAY-04834,INV-04834,2026-02-03,284653.1,Completed
PAY-04835,INV-04835,2026-03-02,48500.52,Completed
PAY-04836,INV-04836,2026-06-06,26565.96,Completed
PAY-04837,INV-04837,2026-02-27,29164.01,Completed
PAY-04838,INV-04838,2026-06-05,2344.62,Completed
PAY-04839,INV-04839,2026-05-26,71239.04,Completed
PAY-04840,INV-04840,2026-06-12,63080.64,Completed
PAY-04841,INV-04841,2026-01-22,2207.4,Completed
PAY-04842,INV-04842,2026-03-18,339230.58,Completed
PAY-04843,INV-04843,2026-02-28,60625.65,Completed
PAY-04844,INV-04844,2026-05-17,337301.64,Completed
PAY-04845,INV-04845,2026-05-19,83090.28,Completed
PAY-04846,INV-04846,2026-03-05,143468.13,Completed
PAY-04847,INV-04847,2026-06-07,440672.64,Completed
PAY-04848,INV-04848,2026-02-17,153903.24,Completed
PAY-04849,INV-04849,2026-05-15,127128.6,Completed
PAY-04850,INV-04850,2026-01-20,100593.78,Completed
PAY-04851,INV-04851,2026-04-28,3565.62,Completed
PAY-04852,INV-04852,2026-06-03,114002.4,Completed
PAY-04853,INV-04853,2026-05-15,15762.1,Completed
PAY-04854,INV-04854,2026-06-19,90963.02,Completed
PAY-04855,INV-04855,2026-04-16,33921.58,Completed
PAY-04856,INV-04856,2026-03-24,291549.36,Completed
PAY-04857,INV-04857,2026-02-09,86935.25,Completed
PAY-04858,INV-04858,2026-05-05,3380.28,Completed
PAY-04859,INV-04859,2026-05-03,88294.5,Completed
PAY-04860,INV-04860,2026-06-09,122751.98,Completed
PAY-04861,INV-04861,2026-05-18,132815.0,Completed
PAY-04862,INV-04862,2026-03-03,124972.96,Completed
PAY-04863,INV-04863,2026-02-12,359041.5,Completed
PAY-04864,INV-04864,2026-03-02,458684.12,Completed
PAY-04865,INV-04865,2026-03-08,7033.86,Completed
PAY-04866,INV-04866,2026-04-10,25229.4,Completed
PAY-04867,INV-04867,2026-04-09,191825.26,Completed
PAY-04868,INV-04868,2026-03-20,166795.32,Completed
PAY-04869,INV-04869,2026-05-06,128794.07,Completed
PAY-04870,INV-04870,2026-05-19,236929.85,Completed
PAY-04871,INV-04871,2026-03-09,240131.8,Completed
PAY-04872,INV-04872,2026-05-18,344892.96,Completed
PAY-04873,INV-04873,2026-05-04,72658.64,Completed
PAY-04874,INV-04874,2026-06-20,30346.36,Completed
PAY-04875,INV-04875,2026-04-27,266592.48,Completed
PAY-04876,INV-04876,2026-01-29,184884.96,Completed
PAY-04877,INV-04877,2026-05-31,495372.96,Completed
PAY-04878,INV-04878,2026-03-29,144652.8,Completed
PAY-04879,INV-04879,2026-02-22,127599.03,Completed
PAY-04880,INV-04880,2026-04-15,381762.88,Completed
PAY-04881,INV-04881,2026-04-29,252248.38,Completed
PAY-04882,INV-04882,2026-02-15,131963.31,Completed
PAY-04883,INV-04883,2026-04-27,432883.07,Completed
PAY-04884,INV-04884,2026-05-22,299142.72,Completed
PAY-04885,INV-04885,2026-04-01,311063.04,Completed
PAY-04886,INV-04886,2026-05-18,416357.48,Completed
PAY-04887,INV-04887,2026-02-03,76519.11,Completed
PAY-04888,INV-04888,2026-01-31,99700.0,Completed
PAY-04889,INV-04889,2026-02-12,136087.72,Completed
PAY-04890,INV-04890,2026-04-03,403554.48,Completed
PAY-04891,INV-04891,2026-05-26,8206.17,Completed
PAY-04892,INV-04892,2026-06-07,434017.36,Completed
PAY-04893,INV-04893,2026-01-31,549657.22,Completed
PAY-04894,INV-04894,2026-04-08,54245.32,Completed
PAY-04895,INV-04895,2026-05-25,320552.15,Completed
PAY-04896,INV-04896,2026-05-08,180741.4,Completed
PAY-04897,INV-04897,2026-04-29,25229.4,Completed
PAY-04898,INV-04898,2026-03-11,282508.0,Completed
PAY-04899,INV-04899,2026-02-20,282460.47,Completed
PAY-04900,INV-04900,2026-05-24,157410.5,Completed
PAY-04901,INV-04901,2026-03-01,14849.26,Completed
PAY-04902,INV-04902,2026-05-11,164024.4,Completed
PAY-04903,INV-04903,2026-06-21,139065.96,Completed
PAY-04904,INV-04904,2026-04-20,56294.65,Completed
PAY-04905,INV-04905,2026-02-25,67547.48,Completed
PAY-04906,INV-04906,2026-03-25,259347.2,Completed
PAY-04907,INV-04907,2026-06-15,145370.55,Completed
PAY-04908,INV-04908,2026-04-18,34369.75,Completed
PAY-04909,INV-04909,2026-06-10,120215.88,Completed
PAY-04910,INV-04910,2026-06-15,139028.91,Completed
PAY-04911,INV-04911,2026-05-21,230377.47,Completed
PAY-04912,INV-04912,2026-02-20,110532.24,Completed
PAY-04913,INV-04913,2026-03-04,47731.41,Completed
PAY-04914,INV-04914,2026-02-17,59737.99,Completed
PAY-04915,INV-04915,2026-05-02,64333.22,Completed
PAY-04916,INV-04916,2026-04-09,227058.25,Completed
PAY-04917,INV-04917,2026-03-16,157880.88,Completed
PAY-04918,INV-04918,2026-03-19,77098.56,Completed
PAY-04919,INV-04919,2026-02-22,144937.66,Completed
PAY-04920,INV-04920,2026-01-31,675415.38,Completed
PAY-04921,INV-04921,2026-05-18,261199.89,Completed
PAY-04922,INV-04922,2026-04-13,39163.48,Completed
PAY-04923,INV-04923,2026-04-23,587971.41,Completed
PAY-04924,INV-04924,2026-03-09,324076.8,Completed
PAY-04925,INV-04925,2026-06-04,40089.14,Completed
PAY-04926,INV-04926,2026-03-26,99243.69,Completed
PAY-04927,INV-04927,2026-05-12,271358.36,Completed
PAY-04928,INV-04928,2026-01-23,84054.18,Completed
PAY-04929,INV-04929,2026-04-16,37241.9,Completed
PAY-04930,INV-04930,2026-04-01,55266.12,Completed
PAY-04931,INV-04931,2026-03-24,413229.6,Completed
PAY-04932,INV-04932,2026-03-05,74110.8,Completed
PAY-04933,INV-04933,2026-05-27,100967.13,Completed
PAY-04934,INV-04934,2026-06-11,83622.3,Completed
PAY-04935,INV-04935,2026-04-25,449132.8,Completed
PAY-04936,INV-04936,2026-04-14,516013.5,Completed
PAY-04937,INV-04937,2026-06-12,142570.56,Completed
PAY-04938,INV-04938,2026-06-01,175444.59,Completed
PAY-04939,INV-04939,2026-02-14,315256.04,Completed
PAY-04940,INV-04940,2026-03-01,341326.08,Completed
PAY-04941,INV-04941,2026-05-25,1138.11,Completed
PAY-04942,INV-04942,2026-02-09,400213.1,Completed
PAY-04943,INV-04943,2026-06-04,292225.56,Completed
PAY-04944,INV-04944,2026-02-13,315761.76,Completed
PAY-04945,INV-04945,2026-04-23,265904.64,Completed
PAY-04946,INV-04946,2026-05-28,309737.82,Completed
PAY-04947,INV-04947,2026-02-18,202642.44,Completed
PAY-04948,INV-04948,2026-05-21,257132.07,Completed
PAY-04949,INV-04949,2026-05-22,1249.6,Completed
PAY-04950,INV-04950,2026-04-30,106315.06,Completed
PAY-04951,INV-04951,2026-02-11,175144.62,Completed
PAY-04952,INV-04952,2026-02-28,79496.67,Completed
PAY-04953,INV-04953,2026-04-30,411216.54,Completed
PAY-04954,INV-04954,2026-04-08,259462.8,Completed
PAY-04955,INV-04955,2026-03-08,300971.1,Completed
PAY-04956,INV-04956,2026-04-17,15537.72,Completed
PAY-04957,INV-04957,2026-05-15,117771.3,Completed
PAY-04958,INV-04958,2026-06-07,189858.62,Completed
PAY-04959,INV-04959,2026-06-18,381457.86,Completed
PAY-04960,INV-04960,2026-04-19,110145.96,Completed
PAY-04961,INV-04961,2026-03-07,670270.56,Completed
PAY-04962,INV-04962,2026-05-03,34484.5,Completed
PAY-04963,INV-04963,2026-02-06,116333.28,Completed
PAY-04964,INV-04964,2026-05-23,614044.5,Completed
PAY-04965,INV-04965,2026-04-13,94076.1,Completed
PAY-04966,INV-04966,2026-05-04,413047.35,Completed
PAY-04967,INV-04967,2026-03-27,169218.82,Completed
PAY-04968,INV-04968,2026-05-25,301397.4,Completed
PAY-04969,INV-04969,2026-03-01,2499.2,Completed
PAY-04970,INV-04970,2026-03-12,147157.5,Completed
PAY-04971,INV-04971,2026-05-12,51984.79,Completed
PAY-04972,INV-04972,2026-06-15,21428.29,Completed
PAY-04973,INV-04973,2026-02-13,220700.34,Completed
PAY-04974,INV-04974,2026-03-18,292253.38,Completed
PAY-04975,INV-04975,2026-03-19,210308.85,Completed
PAY-04976,INV-04976,2026-06-03,39476.64,Completed
PAY-04977,INV-04977,2026-02-01,55748.2,Completed
PAY-04978,INV-04978,2026-02-24,412810.8,Completed
PAY-04979,INV-04979,2026-06-16,219169.17,Completed
PAY-04980,INV-04980,2026-01-28,372799.0,Completed
PAY-04981,INV-04981,2026-05-05,513943.12,Completed
PAY-04982,INV-04982,2026-05-08,125433.45,Completed
PAY-04983,INV-04983,2026-02-07,14458.49,Completed
PAY-04984,INV-04984,2026-03-01,324184.0,Completed
PAY-04985,INV-04985,2026-04-23,73791.0,Completed
PAY-04986,INV-04986,2026-06-29,18357.66,Completed
PAY-04987,INV-04987,2026-06-26,40981.46,Completed
PAY-04988,INV-04988,2026-03-23,311617.46,Completed
PAY-04989,INV-04989,2026-05-03,121251.3,Completed
PAY-04990,INV-04990,2026-05-11,142851.15,Completed
PAY-04991,INV-04991,2026-06-05,57235.86,Completed
PAY-04992,INV-04992,2026-03-29,6359.54,Completed
PAY-04993,INV-04993,2026-04-30,26171.4,Completed
PAY-04994,INV-04994,2026-03-17,200931.6,Completed
PAY-04995,INV-04995,2026-06-10,2408.99,Completed
PAY-04996,INV-04996,2026-05-24,114038.77,Completed
PAY-04997,INV-04997,2026-05-03,382660.72,Completed
PAY-04998,INV-04998,2026-04-30,50058.56,Completed
PAY-04999,INV-04999,2026-01-30,78953.28,Completed
PAY-05000,INV-05000,2026-05-05,377862.24,Completed
PAY-05001,INV-05001,2026-03-06,17193.88,Completed
PAY-05002,INV-05002,2026-05-31,258006.75,Completed
PAY-05003,INV-05003,2026-05-24,490583.8,Completed
PAY-05004,INV-05004,2026-05-21,162012.5,Completed
PAY-05005,INV-05005,2026-04-17,180254.83,Completed
PAY-05006,INV-05006,2026-06-17,235302.98,Completed
PAY-05007,INV-05007,2026-05-21,61436.57,Completed
PAY-05008,INV-05008,2026-04-10,382887.12,Completed
PAY-05009,INV-05009,2026-02-12,446046.02,Completed
PAY-05010,INV-05010,2026-01-26,33292.56,Completed
PAY-05011,INV-05011,2026-04-25,242879.28,Completed
PAY-05012,INV-05012,2026-03-06,312882.24,Completed
PAY-05013,INV-05013,2026-04-26,374998.9,Completed
PAY-05014,INV-05014,2026-02-10,533268.42,Completed
PAY-05015,INV-05015,2026-06-15,120732.39,Completed
PAY-05016,INV-05016,2026-02-02,226255.53,Completed
PAY-05017,INV-05017,2026-05-17,113775.36,Completed
PAY-05018,INV-05018,2026-05-27,239067.0,Completed
PAY-05019,INV-05019,2026-03-29,331050.51,Completed
PAY-05020,INV-05020,2026-05-17,22126.14,Completed
PAY-05021,INV-05021,2026-02-08,174499.92,Completed
PAY-05022,INV-05022,2026-01-31,161861.48,Completed
PAY-05023,INV-05023,2026-05-09,189442.55,Completed
PAY-05024,INV-05024,2026-04-06,292678.05,Completed
PAY-05025,INV-05025,2026-02-06,430817.85,Completed
PAY-05026,INV-05026,2026-02-25,258713.89,Completed
PAY-05027,INV-05027,2026-05-11,241772.64,Completed
PAY-05028,INV-05028,2026-03-05,55748.2,Completed
PAY-05029,INV-05029,2026-03-18,78031.74,Completed
PAY-05030,INV-05030,2026-06-13,266010.64,Completed
PAY-05031,INV-05031,2026-02-14,635087.04,Completed
PAY-05032,INV-05032,2026-06-03,15959.24,Completed
PAY-05033,INV-05033,2026-04-08,12519.21,Completed
PAY-05034,INV-05034,2026-04-06,242284.25,Completed
PAY-05035,INV-05035,2026-03-22,272799.8,Completed
PAY-05036,INV-05036,2026-03-02,3448.45,Completed
PAY-05037,INV-05037,2026-06-02,452575.9,Completed
PAY-05038,INV-05038,2026-03-02,115301.28,Completed
PAY-05039,INV-05039,2026-03-09,140205.9,Completed
PAY-05040,INV-05040,2026-06-04,20640.54,Completed
PAY-05041,INV-05041,2026-04-05,76112.16,Completed
PAY-05042,INV-05042,2026-06-23,38050.8,Completed
PAY-05043,INV-05043,2026-03-04,154226.49,Completed
PAY-05044,INV-05044,2026-05-08,2886.6,Completed
PAY-05045,INV-05045,2026-06-05,15862.45,Completed
PAY-05046,INV-05046,2026-04-04,305552.5,Completed
PAY-05047,INV-05047,2026-04-09,51622.89,Completed
PAY-05048,INV-05048,2026-03-18,56154.6,Completed
PAY-05049,INV-05049,2026-05-04,113089.16,Completed
PAY-05050,INV-05050,2026-02-22,25284.72,Completed
PAY-05051,INV-05051,2026-06-10,502706.33,Completed
PAY-05052,INV-05052,2026-05-16,138750.73,Completed
PAY-05053,INV-05053,2026-05-06,414504.72,Completed
PAY-05054,INV-05054,2026-05-08,207446.2,Completed
PAY-05055,INV-05055,2026-06-15,7586.59,Completed
PAY-05056,INV-05056,2026-06-10,136307.86,Completed
PAY-05057,INV-05057,2026-06-12,2186.8,Completed
PAY-05058,INV-05058,2026-04-15,5690.55,Completed
PAY-05059,INV-05059,2026-02-15,937.2,Completed
PAY-05060,INV-05060,2026-06-15,26653.05,Completed
PAY-05061,INV-05061,2026-06-11,134872.5,Completed
PAY-05062,INV-05062,2026-02-16,343864.92,Completed
PAY-05063,INV-05063,2026-05-22,166795.32,Completed
PAY-05064,INV-05064,2026-04-02,375867.84,Completed
PAY-05065,INV-05065,2026-03-23,15770.16,Completed
PAY-05066,INV-05066,2026-02-12,488738.95,Completed
PAY-05067,INV-05067,2026-06-04,8087.0,Completed
PAY-05068,INV-05068,2026-02-26,28371.78,Completed
PAY-05069,INV-05069,2026-05-30,58005.0,Completed
PAY-05070,INV-05070,2026-02-09,1796.3,Completed
PAY-05071,INV-05071,2026-05-12,34415.26,Completed
PAY-05072,INV-05072,2026-03-19,181627.5,Completed
PAY-05073,INV-05073,2026-04-14,562951.35,Completed
PAY-05074,INV-05074,2026-03-14,15854.5,Completed
PAY-05075,INV-05075,2026-02-15,116648.64,Completed
PAY-05076,INV-05076,2026-04-30,478954.71,Completed
PAY-05077,INV-05077,2026-02-09,620413.5,Completed
PAY-05078,INV-05078,2026-03-23,31036.05,Completed
PAY-05079,INV-05079,2026-02-13,45592.04,Completed
PAY-05080,INV-05080,2026-06-14,77234.29,Completed
PAY-05081,INV-05081,2026-05-27,216606.39,Completed
PAY-05082,INV-05082,2026-02-24,53187.22,Completed
PAY-05083,INV-05083,2026-01-25,165667.27,Completed
PAY-05084,INV-05084,2026-02-21,104972.84,Completed
PAY-05085,INV-05085,2026-06-09,167552.7,Completed
PAY-05086,INV-05086,2026-03-06,565016.0,Completed
PAY-05087,INV-05087,2026-04-04,227205.16,Completed
PAY-05088,INV-05088,2026-05-26,5737.44,Completed
PAY-05089,INV-05089,2026-05-15,28157.94,Completed
PAY-05090,INV-05090,2026-04-20,180944.79,Completed
PAY-05091,INV-05091,2026-05-05,361389.86,Completed
PAY-05092,INV-05092,2026-04-12,471085.2,Completed
PAY-05093,INV-05093,2026-03-10,373222.18,Completed
PAY-05094,INV-05094,2026-06-04,94424.6,Completed
PAY-05095,INV-05095,2026-05-08,61008.87,Completed
PAY-05096,INV-05096,2026-05-29,85657.23,Completed
PAY-05097,INV-05097,2026-03-16,11760.47,Completed
PAY-05098,INV-05098,2026-04-28,26653.05,Completed
PAY-05099,INV-05099,2026-06-14,109282.07,Completed
PAY-05100,INV-05100,2026-01-21,14795.43,Completed
PAY-05101,INV-05101,2026-02-11,472880.07,Completed
PAY-05102,INV-05102,2026-03-30,558558.8,Completed
PAY-05103,INV-05103,2026-04-23,31316.87,Completed
PAY-05104,INV-05104,2026-06-06,13357.32,Completed
PAY-05105,INV-05105,2026-05-21,213683.75,Completed
PAY-05106,INV-05106,2026-06-27,72241.89,Completed
PAY-05107,INV-05107,2026-03-30,85554.7,Completed
PAY-05108,INV-05108,2026-06-03,668978.4,Completed
PAY-05109,INV-05109,2026-05-29,122070.62,Completed
PAY-05110,INV-05110,2026-02-16,619744.38,Completed
PAY-05111,INV-05111,2026-05-07,282062.55,Completed
PAY-05112,INV-05112,2026-05-12,21494.73,Completed
PAY-05113,INV-05113,2026-05-20,337181.25,Completed
PAY-05114,INV-05114,2026-03-07,69978.77,Completed
PAY-05115,INV-05115,2026-06-12,153603.67,Completed
PAY-05116,INV-05116,2026-05-05,505274.4,Completed
PAY-05117,INV-05117,2026-05-03,305508.54,Completed
PAY-05118,INV-05118,2026-05-25,31075.44,Completed
PAY-05119,INV-05119,2026-01-30,190881.44,Completed
PAY-05120,INV-05120,2026-04-02,620570.4,Completed
PAY-05121,INV-05121,2026-05-10,332037.5,Completed
PAY-05122,INV-05122,2026-01-31,403804.0,Completed
PAY-05123,INV-05123,2026-03-07,4754.16,Completed
PAY-05124,INV-05124,2026-04-02,236929.85,Completed
PAY-05125,INV-05125,2026-07-08,332867.17,Completed
PAY-05126,INV-05126,2026-03-14,391592.8,Completed
PAY-05127,INV-05127,2026-06-15,223423.52,Completed
PAY-05128,INV-05128,2026-02-10,441472.5,Completed
PAY-05129,INV-05129,2026-05-19,190728.93,Completed
PAY-05130,INV-05130,2026-01-19,212455.35,Completed
PAY-05131,INV-05131,2026-03-08,69894.73,Completed
PAY-05132,INV-05132,2026-05-12,64577.79,Completed
PAY-05133,INV-05133,2026-05-25,304448.64,Completed
PAY-05134,INV-05134,2026-05-20,375228.45,Completed
PAY-05135,INV-05135,2026-04-02,50497.59,Completed
PAY-05136,INV-05136,2026-03-09,447600.27,Completed
PAY-05137,INV-05137,2026-02-22,225641.5,Completed
PAY-05138,INV-05138,2026-05-05,121396.11,Completed
PAY-05139,INV-05139,2026-03-26,116109.95,Completed
PAY-05140,INV-05140,2026-06-08,364119.2,Completed
PAY-05141,INV-05141,2026-04-13,82443.4,Completed
PAY-05142,INV-05142,2026-04-16,77571.3,Completed
PAY-05143,INV-05143,2026-02-02,10160.02,Completed
PAY-05144,INV-05144,2026-02-03,108976.5,Completed
PAY-05145,INV-05145,2026-04-30,607644.0,Completed
PAY-05146,INV-05146,2026-02-09,404219.52,Completed
PAY-05147,INV-05147,2026-05-30,89987.44,Completed
PAY-05148,INV-05148,2026-06-22,38577.88,Completed
PAY-05149,INV-05149,2026-05-06,3170.9,Completed
PAY-05150,INV-05150,2026-04-24,88288.08,Completed
PAY-05151,INV-05151,2026-06-09,696852.5,Completed
PAY-05152,INV-05152,2026-03-18,142131.66,Completed
PAY-05153,INV-05153,2026-01-22,267943.75,Completed
PAY-05154,INV-05154,2026-02-22,218471.52,Completed
PAY-05155,INV-05155,2026-05-26,45514.9,Completed
PAY-05156,INV-05156,2026-05-28,477112.72,Completed
PAY-05157,INV-05157,2026-06-10,127599.03,Completed
PAY-05158,INV-05158,2026-04-08,440589.15,Completed
PAY-05159,INV-05159,2026-04-21,315256.04,Completed
PAY-05160,INV-05160,2026-02-11,75688.2,Completed
PAY-05161,INV-05161,2026-03-06,55167.35,Completed
PAY-05162,INV-05162,2026-03-30,323728.01,Completed
PAY-05163,INV-05163,2026-03-07,117452.16,Completed
PAY-05164,INV-05164,2026-06-25,194978.7,Completed
PAY-05165,INV-05165,2026-06-06,108023.76,Completed
PAY-05166,INV-05166,2026-04-22,274997.25,Completed
PAY-05167,INV-05167,2026-05-03,426869.51,Completed
PAY-05168,INV-05168,2026-01-26,1188.6,Completed
PAY-05169,INV-05169,2026-06-10,61404.45,Completed
PAY-05170,INV-05170,2026-05-09,370534.56,Completed
PAY-05171,INV-05171,2026-06-16,72269.7,Completed
PAY-05172,INV-05172,2026-06-10,219510.9,Completed
PAY-05173,INV-05173,2026-04-22,47563.5,Completed
PAY-05174,INV-05174,2026-05-29,593864.6,Completed
PAY-05175,INV-05175,2026-05-26,14152.25,Completed
PAY-05176,INV-05176,2026-07-14,59366.64,Completed
PAY-05177,INV-05177,2026-04-03,27308.94,Completed
PAY-05178,INV-05178,2026-06-14,137682.45,Completed
PAY-05179,INV-05179,2026-04-05,38878.07,Completed
PAY-05180,INV-05180,2026-02-21,206127.21,Completed
PAY-05181,INV-05181,2026-02-11,116062.96,Completed
PAY-05182,INV-05182,2026-01-29,119533.5,Completed
PAY-05183,INV-05183,2026-06-13,16174.0,Completed
PAY-05184,INV-05184,2026-05-27,9753.84,Completed
PAY-05185,INV-05185,2026-02-27,101482.88,Completed
PAY-05186,INV-05186,2026-02-02,12609.68,Completed
PAY-05187,INV-05187,2026-05-05,493458.0,Completed
PAY-05188,INV-05188,2026-03-06,81587.87,Completed
PAY-05189,INV-05189,2026-05-09,83635.66,Completed
PAY-05190,INV-05190,2026-04-07,77756.14,Completed
PAY-05191,INV-05191,2026-03-28,76698.72,Completed
PAY-05192,INV-05192,2026-06-20,34792.88,Completed
PAY-05193,INV-05193,2026-05-25,552977.25,Completed
PAY-05194,INV-05194,2026-02-18,24831.66,Completed
PAY-05195,INV-05195,2026-05-21,115222.69,Completed
PAY-05196,INV-05196,2026-06-08,79119.84,Completed
PAY-05197,INV-05197,2026-03-04,20801.25,Completed
PAY-05198,INV-05198,2026-04-20,141636.9,Completed
PAY-05199,INV-05199,2026-04-22,488598.36,Completed
PAY-05200,INV-05200,2026-02-13,17100.36,Completed
PAY-05201,INV-05201,2026-03-11,744134.72,Completed
PAY-05202,INV-05202,2026-03-07,172400.9,Completed
PAY-05203,INV-05203,2026-05-17,11332.33,Completed
PAY-05204,INV-05204,2026-05-04,5773.2,Completed
PAY-05205,INV-05205,2026-01-29,179320.23,Completed
PAY-05206,INV-05206,2026-04-22,394689.69,Completed
PAY-05207,INV-05207,2026-03-25,249238.47,Completed
PAY-05208,INV-05208,2026-04-20,367020.2,Completed
PAY-05209,INV-05209,2026-03-09,284438.4,Completed
PAY-05210,INV-05210,2026-05-22,539489.72,Completed
PAY-05211,INV-05211,2026-04-22,285702.3,Completed
PAY-05212,INV-05212,2026-06-13,18693.75,Completed
PAY-05213,INV-05213,2026-01-22,466138.2,Completed
PAY-05214,INV-05214,2026-02-12,98680.96,Completed
PAY-05215,INV-05215,2026-02-12,70394.85,Completed
PAY-05216,INV-05216,2026-01-16,240131.8,Completed
PAY-05217,INV-05217,2026-06-05,631991.21,Completed
PAY-05218,INV-05218,2026-07-02,32453.92,Completed
PAY-05219,INV-05219,2026-02-08,5094.0,Completed
PAY-05220,INV-05220,2026-02-19,272374.83,Completed
PAY-05221,INV-05221,2026-03-24,616024.64,Completed
PAY-05222,INV-05222,2026-03-22,418104.75,Completed
PAY-05223,INV-05223,2026-02-09,45365.57,Completed
PAY-05224,INV-05224,2026-01-29,589192.14,Completed
PAY-05225,INV-05225,2026-05-08,185894.32,Completed
PAY-05226,INV-05226,2026-05-29,242135.11,Completed
PAY-05227,INV-05227,2026-05-19,75340.0,Completed
PAY-05228,INV-05228,2026-02-05,226108.85,Completed
PAY-05229,INV-05229,2026-05-08,159789.0,Completed
PAY-05230,INV-05230,2026-01-24,48500.52,Completed
PAY-05231,INV-05231,2026-06-16,285702.3,Completed
PAY-05232,INV-05232,2026-05-11,77838.84,Completed
PAY-05233,INV-05233,2026-05-20,176369.64,Completed
PAY-05234,INV-05234,2026-04-18,505693.23,Completed
PAY-05235,INV-05235,2026-02-12,414083.78,Completed
PAY-05236,INV-05236,2026-02-07,59561.26,Completed
PAY-05237,INV-05237,2026-04-15,212882.04,Completed
PAY-05238,INV-05238,2026-04-09,339195.36,Completed
PAY-05239,INV-05239,2026-05-18,51408.83,Completed
PAY-05240,INV-05240,2026-04-16,205886.19,Completed
PAY-05241,INV-05241,2026-05-05,158545.0,Completed
PAY-05242,INV-05242,2026-03-13,206040.1,Completed
PAY-05243,INV-05243,2026-04-29,55748.2,Completed
PAY-05244,INV-05244,2026-03-11,287737.89,Completed
PAY-05245,INV-05245,2026-04-02,68836.88,Completed
PAY-05246,INV-05246,2026-02-11,3565.62,Completed
PAY-05247,INV-05247,2026-06-10,9104.88,Completed
PAY-05248,INV-05248,2026-05-16,284022.2,Completed
PAY-05249,INV-05249,2026-02-21,339197.95,Completed
PAY-05250,INV-05250,2026-01-27,122923.0,Completed
PAY-05251,INV-05251,2026-03-27,323795.94,Completed
PAY-05252,INV-05252,2026-04-25,54587.25,Completed
PAY-05253,INV-05253,2026-05-19,43361.82,Completed
PAY-05254,INV-05254,2026-04-12,2716.8,Completed
PAY-05255,INV-05255,2026-03-06,458832.72,Completed
PAY-05256,INV-05256,2026-04-11,667181.28,Completed
PAY-05257,INV-05257,2026-01-31,299142.72,Completed
PAY-05258,INV-05258,2026-05-20,199400.0,Completed
PAY-05259,INV-05259,2026-05-22,312942.91,Completed
PAY-05260,INV-05260,2026-05-05,58630.75,Completed
PAY-05261,INV-05261,2026-03-20,31036.05,Completed
PAY-05262,INV-05262,2026-06-02,937.2,Completed
PAY-05263,INV-05263,2026-03-11,32304.32,Completed
PAY-05264,INV-05264,2026-02-23,11228.32,Completed
PAY-05265,INV-05265,2026-05-09,361482.8,Completed
PAY-05266,INV-05266,2026-04-08,2108.7,Completed
PAY-05267,INV-05267,2026-06-07,505693.23,Completed
PAY-05268,INV-05268,2026-04-24,348999.84,Completed
PAY-05269,INV-05269,2026-06-05,430798.28,Completed
PAY-05270,INV-05270,2026-05-18,221993.8,Completed
PAY-05271,INV-05271,2026-03-31,216051.2,Completed
PAY-05272,INV-05272,2026-03-02,400785.05,Completed
PAY-05273,INV-05273,2026-03-06,188103.96,Completed
PAY-05274,INV-05274,2026-04-22,480263.6,Completed
PAY-05275,INV-05275,2026-06-07,513943.12,Completed
PAY-05276,INV-05276,2026-01-26,157880.88,Completed
PAY-05277,INV-05277,2026-05-30,294790.72,Completed
PAY-05278,INV-05278,2026-06-09,303164.64,Completed
PAY-05279,INV-05279,2026-02-22,54012.8,Completed
PAY-05280,INV-05280,2026-04-12,247686.48,Completed
PAY-05281,INV-05281,2026-04-11,58636.71,Completed
PAY-05282,INV-05282,2026-05-07,407166.48,Completed
PAY-05283,INV-05283,2026-05-30,31316.87,Completed
PAY-05284,INV-05284,2026-03-30,272266.58,Completed
PAY-05285,INV-05285,2026-05-03,16803.11,Completed
PAY-05286,INV-05286,2026-05-25,459268.32,Completed
PAY-05287,INV-05287,2026-02-12,284438.4,Completed
PAY-05288,INV-05288,2026-02-04,145501.56,Completed
PAY-05289,INV-05289,2026-05-10,319639.05,Completed
PAY-05290,INV-05290,2026-02-01,582006.24,Completed
PAY-05291,INV-05291,2026-02-16,546080.52,Completed
PAY-05292,INV-05292,2026-03-19,295473.18,Completed
PAY-05293,INV-05293,2026-01-24,284022.2,Completed
PAY-05294,INV-05294,2026-06-04,275220.66,Completed
PAY-05295,INV-05295,2026-03-23,29372.61,Completed
PAY-05296,INV-05296,2026-04-27,146868.15,Completed
PAY-05297,INV-05297,2026-02-02,502702.92,Completed
PAY-05298,INV-05298,2026-02-04,93468.75,Completed
PAY-05299,INV-05299,2026-02-18,56487.75,Completed
PAY-05300,INV-05300,2026-04-12,21494.73,Completed
PAY-05301,INV-05301,2026-06-20,646688.68,Completed
PAY-05302,INV-05302,2026-05-11,175541.6,Completed
PAY-05303,INV-05303,2026-04-17,138025.64,Completed
PAY-05304,INV-05304,2026-06-27,692144.6,Completed
PAY-05305,INV-05305,2026-02-24,283935.23,Completed
PAY-05306,INV-05306,2026-04-23,401756.4,Completed
PAY-05307,INV-05307,2026-01-29,199747.07,Completed
PAY-05308,INV-05308,2026-06-08,569884.01,Completed
PAY-05309,INV-05309,2026-02-21,152224.32,Completed
PAY-05310,INV-05310,2026-04-11,4595.23,Completed
PAY-05311,INV-05311,2026-05-12,39559.92,Completed
PAY-05312,INV-05312,2026-02-10,46519.09,Completed
PAY-05313,INV-05313,2026-01-25,441400.68,Completed
PAY-05314,INV-05314,2026-03-04,560022.4,Completed
PAY-05315,INV-05315,2026-04-12,19311.32,Completed
PAY-05316,INV-05316,2026-03-27,82443.4,Completed
PAY-05317,INV-05317,2026-03-07,34585.04,Completed
PAY-05318,INV-05318,2026-03-21,631991.21,Completed
PAY-05319,INV-05319,2026-05-15,642919.22,Completed
PAY-05320,INV-05320,2026-04-14,15957.4,Completed
PAY-05321,INV-05321,2026-05-25,197383.2,Completed
PAY-05322,INV-05322,2026-02-28,66717.75,Completed
PAY-05323,INV-05323,2026-02-21,350668.5,Completed
PAY-05324,INV-05324,2026-04-05,126188.31,Completed
PAY-05325,INV-05325,2026-03-04,114816.05,Completed
PAY-05326,INV-05326,2026-05-07,78326.96,Completed
PAY-05327,INV-05327,2026-03-15,93421.48,Completed
PAY-05328,INV-05328,2026-03-08,16243.38,Completed
PAY-05329,INV-05329,2026-05-28,193570.43,Completed
PAY-05330,INV-05330,2026-02-13,410235.35,Completed
PAY-05331,INV-05331,2026-02-13,73566.78,Completed
PAY-05332,INV-05332,2026-05-26,219471.7,Completed
PAY-05333,INV-05333,2026-03-02,3358.3,Completed
PAY-05334,INV-05334,2026-05-09,230542.61,Completed
PAY-05335,INV-05335,2026-03-12,173645.16,Completed
PAY-05336,INV-05336,2026-03-01,393278.57,Completed
PAY-05337,INV-05337,2026-04-18,360002.45,Completed
PAY-05338,INV-05338,2026-04-09,229002.97,Completed
PAY-05339,INV-05339,2026-03-05,257665.27,Completed
PAY-05340,INV-05340,2026-04-25,43801.24,Completed
PAY-05341,INV-05341,2026-03-15,258713.89,Completed
PAY-05342,INV-05342,2026-07-14,324076.8,Completed
PAY-05343,INV-05343,2026-04-24,79273.5,Completed
PAY-05344,INV-05344,2026-05-29,40380.4,Completed
PAY-05345,INV-05345,2026-03-15,3358.3,Completed
PAY-05346,INV-05346,2026-05-31,85918.91,Completed
PAY-05347,INV-05347,2026-02-22,390237.4,Completed
PAY-05348,INV-05348,2026-05-05,390459.81,Completed
PAY-05349,INV-05349,2026-06-12,285281.92,Completed
PAY-05350,INV-05350,2026-04-17,323877.63,Completed
PAY-05351,INV-05351,2026-03-19,72505.66,Completed
PAY-05352,INV-05352,2026-04-05,308311.92,Completed
PAY-05353,INV-05353,2026-01-25,422226.18,Completed
PAY-05354,INV-05354,2026-05-20,127831.2,Completed
PAY-05355,INV-05355,2026-06-12,53499.33,Completed
PAY-05356,INV-05356,2026-06-12,45318.35,Completed
PAY-05357,INV-05357,2026-03-22,68388.06,Completed
PAY-05358,INV-05358,2026-03-18,45899.52,Completed
PAY-05359,INV-05359,2026-05-10,159786.2,Completed
PAY-05360,INV-05360,2026-04-23,224008.96,Completed
PAY-05361,INV-05361,2026-01-28,239405.04,Completed
PAY-05362,INV-05362,2026-04-26,125103.3,Completed
PAY-05363,INV-05363,2026-02-15,81207.0,Completed
PAY-05364,INV-05364,2026-04-11,214920.12,Completed
PAY-05365,INV-05365,2026-04-16,28825.32,Completed
PAY-05366,INV-05366,2026-02-20,38069.88,Completed
PAY-05367,INV-05367,2026-06-17,201187.56,Completed
PAY-05368,INV-05368,2026-04-29,446732.89,Completed
PAY-05369,INV-05369,2026-03-29,196829.28,Completed
PAY-05370,INV-05370,2026-03-10,9635.96,Completed
PAY-05371,INV-05371,2026-03-04,167244.6,Completed
PAY-05372,INV-05372,2026-06-05,242792.35,Completed
PAY-05373,INV-05373,2026-03-03,19271.92,Completed
PAY-05374,INV-05374,2026-03-07,11885.4,Completed
PAY-05375,INV-05375,2026-05-05,602024.08,Completed
PAY-05376,INV-05376,2026-06-14,226006.4,Completed
PAY-05377,INV-05377,2026-04-21,33238.08,Completed
PAY-05378,INV-05378,2026-03-29,239460.15,Completed
PAY-05379,INV-05379,2026-04-18,298349.26,Completed
PAY-05380,INV-05380,2026-05-10,224329.44,Completed
PAY-05381,INV-05381,2026-06-28,98003.92,Completed
PAY-05382,INV-05382,2026-03-28,29947.99,Completed
PAY-05383,INV-05383,2026-02-28,15957.4,Completed
PAY-05384,INV-05384,2026-04-14,168492.48,Completed
PAY-05385,INV-05385,2026-04-21,161847.0,Completed
PAY-05386,INV-05386,2026-01-31,341326.08,Completed
PAY-05387,INV-05387,2026-05-10,135108.24,Completed
PAY-05388,INV-05388,2026-03-10,284453.1,Completed
PAY-05389,INV-05389,2026-04-10,75406.5,Completed
PAY-05390,INV-05390,2026-02-17,9810.5,Completed
PAY-05391,INV-05391,2026-04-26,388004.58,Completed
PAY-05392,INV-05392,2026-05-01,311355.36,Completed
PAY-05393,INV-05393,2026-04-09,12898.58,Completed
PAY-05394,INV-05394,2026-06-01,255869.28,Completed
PAY-05395,INV-05395,2026-04-18,266186.07,Completed
PAY-05396,INV-05396,2026-04-05,470319.04,Completed
PAY-05397,INV-05397,2026-03-14,255662.4,Completed
PAY-05398,INV-05398,2026-04-30,141636.9,Completed
PAY-05399,INV-05399,2026-04-25,153162.32,Completed
PAY-05400,INV-05400,2026-02-12,219822.58,Completed
PAY-05401,INV-05401,2026-06-02,189044.8,Completed
PAY-05402,INV-05402,2026-05-29,17212.32,Completed
PAY-05403,INV-05403,2026-05-15,73594.08,Completed
PAY-05404,INV-05404,2026-05-23,72658.64,Completed
PAY-05405,INV-05405,2026-05-30,84875.91,Completed
PAY-05406,INV-05406,2026-03-08,202426.2,Completed
PAY-05407,INV-05407,2026-05-15,426676.16,Completed
PAY-05408,INV-05408,2026-03-30,161931.55,Completed
PAY-05409,INV-05409,2026-04-06,129120.76,Completed
PAY-05410,INV-05410,2026-04-02,171421.38,Completed
PAY-05411,INV-05411,2026-04-10,402167.34,Completed
PAY-05412,INV-05412,2026-05-11,42061.77,Completed
PAY-05413,INV-05413,2026-05-22,254883.44,Completed
PAY-05414,INV-05414,2026-05-08,39900.84,Completed
PAY-05415,INV-05415,2026-03-01,179494.35,Completed
PAY-05416,INV-05416,2026-04-14,94410.75,Completed
PAY-05417,INV-05417,2026-07-01,544871.88,Completed
PAY-05418,INV-05418,2026-02-18,125582.25,Completed
PAY-05419,INV-05419,2026-05-23,12510.03,Completed
PAY-05420,INV-05420,2026-06-13,116634.21,Completed
PAY-05421,INV-05421,2026-02-12,10452.9,Completed
PAY-05422,INV-05422,2026-03-29,48217.6,Completed
PAY-05423,INV-05423,2026-04-18,313186.44,Completed
PAY-05424,INV-05424,2026-02-27,220291.92,Completed
PAY-05425,INV-05425,2026-05-27,157478.02,Completed
PAY-05426,INV-05426,2026-02-18,339616.71,Completed
PAY-05427,INV-05427,2026-01-28,29516.4,Completed
PAY-05428,INV-05428,2026-02-08,426642.15,Completed
PAY-05429,INV-05429,2026-05-15,18380.92,Completed
PAY-05430,INV-05430,2026-03-05,44044.56,Completed
PAY-05431,INV-05431,2026-02-01,340568.91,Completed
PAY-05432,INV-05432,2026-06-17,37387.5,Completed
PAY-05433,INV-05433,2026-02-16,219997.8,Completed
PAY-05434,INV-05434,2026-03-13,431842.56,Completed
PAY-05435,INV-05435,2026-01-21,103445.92,Completed
PAY-05436,INV-05436,2026-02-14,77087.68,Completed
PAY-05437,INV-05437,2026-03-13,181876.95,Completed
PAY-05438,INV-05438,2026-03-05,207893.79,Completed
PAY-05439,INV-05439,2026-05-14,269479.68,Completed
PAY-05440,INV-05440,2026-02-10,11474.88,Completed
PAY-05441,INV-05441,2026-06-22,622874.23,Completed
PAY-05442,INV-05442,2026-06-24,121141.2,Completed
PAY-05443,INV-05443,2026-05-22,86982.2,Completed
PAY-05444,INV-05444,2026-05-12,38349.36,Completed
PAY-05445,INV-05445,2026-02-12,24562.72,Completed
PAY-05446,INV-05446,2026-05-03,8276.28,Completed
PAY-05447,INV-05447,2026-07-05,188121.26,Completed
PAY-05448,INV-05448,2026-03-26,9769.29,Completed
PAY-05449,INV-05449,2026-06-09,3396.0,Completed
PAY-05450,INV-05450,2026-03-21,276178.89,Completed
PAY-05451,INV-05451,2026-05-29,80454.64,Completed
PAY-05452,INV-05452,2026-03-08,575569.8,Completed
PAY-05453,INV-05453,2026-04-26,486407.25,Completed
PAY-05454,INV-05454,2026-06-12,471589.44,Completed
PAY-05455,INV-05455,2026-06-05,12683.6,Completed
PAY-05456,INV-05456,2026-05-06,127831.2,Completed
PAY-05457,INV-05457,2026-01-26,298660.32,Completed
PAY-05458,INV-05458,2026-03-19,54006.48,Completed
PAY-05459,INV-05459,2026-06-21,474774.98,Completed
PAY-05460,INV-05460,2026-02-21,59444.54,Completed
PAY-05461,INV-05461,2026-04-08,392571.0,Completed
PAY-05462,INV-05462,2026-05-07,705478.56,Completed
PAY-05463,INV-05463,2026-05-06,365325.24,Completed
PAY-05464,INV-05464,2026-03-21,641104.3,Completed
PAY-05465,INV-05465,2026-03-03,14728.81,Completed
PAY-05466,INV-05466,2026-03-07,207734.12,Completed
PAY-05467,INV-05467,2026-06-04,385190.75,Completed
PAY-05468,INV-05468,2026-02-18,18195.75,Completed
PAY-05469,INV-05469,2026-04-08,49407.2,Completed
PAY-05470,INV-05470,2026-03-02,35070.8,Completed
PAY-05471,INV-05471,2026-05-24,8490.0,Completed
PAY-05472,INV-05472,2026-03-10,106664.4,Completed
PAY-05473,INV-05473,2026-02-17,19016.64,Completed
PAY-05474,INV-05474,2026-05-25,506179.35,Completed
PAY-05475,INV-05475,2026-02-12,279254.5,Completed
PAY-05476,INV-05476,2026-03-29,600481.44,Completed
PAY-05477,INV-05477,2026-05-10,34369.75,Completed
PAY-05478,INV-05478,2026-02-03,3172.49,Completed
PAY-05479,INV-05479,2026-02-08,222304.68,Completed
PAY-05480,INV-05480,2026-01-21,78514.2,Completed
PAY-05481,INV-05481,2026-04-23,138025.64,Completed
PAY-05482,INV-05482,2026-03-22,103887.85,Completed
PAY-05483,INV-05483,2026-01-29,145861.4,Completed
PAY-05484,INV-05484,2026-04-05,207764.24,Completed
PAY-05485,INV-05485,2026-04-16,529108.92,Completed
PAY-05486,INV-05486,2026-03-28,350289.24,Completed
PAY-05487,INV-05487,2026-06-10,79364.29,Completed
PAY-05488,INV-05488,2026-03-08,109235.76,Completed
PAY-05489,INV-05489,2026-02-06,504298.86,Completed
PAY-05490,INV-05490,2026-02-10,238009.52,Completed
PAY-05491,INV-05491,2026-04-25,285489.11,Completed
PAY-05492,INV-05492,2026-02-11,196494.24,Completed
PAY-05493,INV-05493,2026-05-08,152776.25,Completed
PAY-05494,INV-05494,2026-04-12,57815.76,Completed
PAY-05495,INV-05495,2026-03-26,202308.75,Completed
PAY-05496,INV-05496,2026-02-16,180128.0,Completed
PAY-05497,INV-05497,2026-06-13,614044.5,Completed
PAY-05498,INV-05498,2026-06-12,482718.33,Completed
PAY-05499,INV-05499,2026-01-28,250889.4,Completed
PAY-05500,INV-05500,2026-07-07,318607.76,Completed
PAY-05501,INV-05501,2026-03-28,98297.9,Completed
PAY-05502,INV-05502,2026-06-15,88302.9,Completed
PAY-05503,INV-05503,2026-04-11,68378.8,Completed
PAY-05504,INV-05504,2026-04-05,254883.44,Completed
PAY-05505,INV-05505,2026-02-12,26897.91,Completed
PAY-05506,INV-05506,2026-03-03,158182.81,Completed
PAY-05507,INV-05507,2026-03-08,4940.72,Completed
PAY-05508,INV-05508,2026-05-13,402230.5,Completed
PAY-05509,INV-05509,2026-03-25,212527.68,Completed
PAY-05510,INV-05510,2026-03-28,36783.39,Completed
PAY-05511,INV-05511,2026-05-19,444112.2,Completed
PAY-05512,INV-05512,2026-04-01,254381.6,Completed
PAY-05513,INV-05513,2026-05-17,89481.84,Completed
PAY-05514,INV-05514,2026-06-14,682666.9,Completed
PAY-05515,INV-05515,2026-04-25,17584.65,Completed
PAY-05516,INV-05516,2026-02-08,44392.6,Completed
PAY-05517,INV-05517,2026-03-09,305474.5,Completed
PAY-05518,INV-05518,2026-05-27,466594.56,Completed
PAY-05519,INV-05519,2026-02-22,85289.76,Completed
PAY-05520,INV-05520,2026-06-17,108172.24,Completed
PAY-05521,INV-05521,2026-06-07,428553.45,Completed
PAY-05522,INV-05522,2026-05-19,282005.99,Completed
PAY-05523,INV-05523,2026-05-28,415230.84,Completed
PAY-05524,INV-05524,2026-06-23,494046.08,Completed
PAY-05525,INV-05525,2026-02-03,163991.1,Completed
PAY-05526,INV-05526,2026-02-11,77340.0,Completed
PAY-05527,INV-05527,2026-05-23,418104.75,Completed
PAY-05528,INV-05528,2026-06-04,134771.04,Completed
PAY-05529,INV-05529,2026-03-30,448629.81,Completed
PAY-05530,INV-05530,2026-04-10,33113.33,Completed
PAY-05531,INV-05531,2026-02-14,208439.21,Completed
PAY-05532,INV-05532,2026-02-21,4827.83,Completed
PAY-05533,INV-05533,2026-04-18,82454.84,Completed
PAY-05534,INV-05534,2026-04-30,15933.54,Completed
PAY-05535,INV-05535,2026-03-24,426420.28,Completed
PAY-05536,INV-05536,2026-04-19,127831.2,Completed
PAY-05537,INV-05537,2026-05-24,458941.5,Completed
PAY-05538,INV-05538,2026-01-19,114868.26,Completed
PAY-05539,INV-05539,2026-05-17,19288.94,Completed
PAY-05540,INV-05540,2026-04-27,339230.58,Completed
PAY-05541,INV-05541,2026-05-27,621147.2,Completed
PAY-05542,INV-05542,2026-07-09,145369.44,Completed
PAY-05543,INV-05543,2026-03-03,204529.92,Completed
PAY-05544,INV-05544,2026-06-10,27122.66,Completed
PAY-05545,INV-05545,2026-04-30,265315.43,Completed
PAY-05546,INV-05546,2026-05-28,125103.3,Completed
PAY-05547,INV-05547,2026-03-29,8767.7,Completed
PAY-05548,INV-05548,2026-03-31,54138.0,Completed
PAY-05549,INV-05549,2026-04-06,3296.66,Completed
PAY-05550,INV-05550,2026-05-04,108490.64,Completed
PAY-05551,INV-05551,2026-05-02,194597.1,Completed
PAY-05552,INV-05552,2026-02-09,9457.26,Completed
PAY-05553,INV-05553,2026-04-13,9691.37,Completed
PAY-05554,INV-05554,2026-05-16,89074.78,Completed
PAY-05555,INV-05555,2026-02-06,75766.13,Completed
PAY-05556,INV-05556,2026-06-14,207939.16,Completed
PAY-05557,INV-05557,2026-02-02,80930.74,Completed
PAY-05558,INV-05558,2026-05-01,160702.56,Completed
PAY-05559,INV-05559,2026-04-05,16744.3,Completed
PAY-05560,INV-05560,2026-04-17,206891.84,Completed
PAY-05561,INV-05561,2026-07-04,32304.32,Completed
PAY-05562,INV-05562,2026-05-30,50539.14,Completed
PAY-05563,INV-05563,2026-06-04,230542.61,Completed
PAY-05564,INV-05564,2026-04-25,1405.8,Completed
PAY-05565,INV-05565,2026-04-27,557845.02,Completed
PAY-05566,INV-05566,2026-02-26,318756.0,Completed
PAY-05567,INV-05567,2026-06-02,31167.08,Completed
PAY-05568,INV-05568,2026-06-02,92507.8,Completed
PAY-05569,INV-05569,2026-02-12,309509.43,Completed
PAY-05570,INV-05570,2026-02-19,258202.0,Completed
PAY-05571,INV-05571,2026-03-06,207446.2,Completed
PAY-05572,INV-05572,2026-06-05,69685.25,Completed
PAY-05573,INV-05573,2026-03-29,261666.99,Completed
PAY-05574,INV-05574,2026-02-07,269533.64,Completed
PAY-05575,INV-05575,2026-04-01,100568.3,Completed
PAY-05576,INV-05576,2026-02-05,11093.04,Completed
PAY-05577,INV-05577,2026-03-11,190280.4,Completed
PAY-05578,INV-05578,2026-02-01,262710.63,Completed
PAY-05579,INV-05579,2026-05-07,206040.1,Completed
PAY-05580,INV-05580,2026-01-30,151642.59,Completed
PAY-05581,INV-05581,2026-05-04,271358.36,Completed
PAY-05582,INV-05582,2026-01-31,17240.28,Completed
PAY-05583,INV-05583,2026-03-03,107460.06,Completed
PAY-05584,INV-05584,2026-02-25,323881.92,Completed
PAY-05585,INV-05585,2026-03-11,382446.62,Completed
PAY-05586,INV-05586,2026-04-01,100056.06,Completed
PAY-05587,INV-05587,2026-05-19,23161.33,Completed
PAY-05588,INV-05588,2026-04-15,44504.91,Completed
PAY-05589,INV-05589,2026-06-19,394689.69,Completed
PAY-05590,INV-05590,2026-05-06,73594.08,Completed
PAY-05591,INV-05591,2026-05-23,141235.64,Completed
PAY-05592,INV-05592,2026-04-09,379717.24,Completed
PAY-05593,INV-05593,2026-06-21,42078.44,Completed
PAY-05594,INV-05594,2026-02-27,414750.72,Completed
PAY-05595,INV-05595,2026-02-05,46404.0,Completed
PAY-05596,INV-05596,2026-05-07,442112.04,Completed
PAY-05597,INV-05597,2026-03-07,40089.14,Completed
PAY-05598,INV-05598,2026-02-22,151356.25,Completed
PAY-05599,INV-05599,2026-06-13,36876.9,Completed
PAY-05600,INV-05600,2026-04-09,223885.62,Completed
PAY-05601,INV-05601,2026-06-19,295211.9,Completed
PAY-05602,INV-05602,2026-05-24,279636.68,Completed
PAY-05603,INV-05603,2026-04-18,244299.18,Completed
PAY-05604,INV-05604,2026-05-19,267837.6,Completed
PAY-05605,INV-05605,2026-03-01,15554.17,Completed
PAY-05606,INV-05606,2026-06-18,183199.8,Completed
PAY-05607,INV-05607,2026-06-15,367943.0,Completed
PAY-05608,INV-05608,2026-05-31,99243.69,Completed
PAY-05609,INV-05609,2026-05-11,64759.38,Completed
PAY-05610,INV-05610,2026-02-20,17240.28,Completed
PAY-05611,INV-05611,2026-06-09,298898.38,Completed
PAY-05612,INV-05612,2026-03-01,348348.62,Completed
PAY-05613,INV-05613,2026-02-17,206127.21,Completed
PAY-05614,INV-05614,2026-04-13,93129.61,Completed
PAY-05615,INV-05615,2026-04-04,15762.1,Completed
PAY-05616,INV-05616,2026-06-15,282062.55,Completed
PAY-05617,INV-05617,2026-02-02,119662.9,Completed
PAY-05618,INV-05618,2026-01-30,234206.32,Completed
PAY-05619,INV-05619,2026-02-25,253707.2,Completed
PAY-05620,INV-05620,2026-06-13,159786.2,Completed
PAY-05621,INV-05621,2026-05-22,610259.85,Completed
PAY-05622,INV-05622,2026-04-10,245222.91,Completed
PAY-05623,INV-05623,2026-04-30,3226.2,Completed
PAY-05624,INV-05624,2026-03-06,116741.35,Completed
PAY-05625,INV-05625,2026-03-29,99972.18,Completed
PAY-05626,INV-05626,2026-03-20,44740.92,Completed
PAY-05627,INV-05627,2026-01-24,418737.08,Completed
PAY-05628,INV-05628,2026-02-02,285006.0,Completed
PAY-05629,INV-05629,2026-04-24,64696.0,Completed
PAY-05630,INV-05630,2026-01-31,609737.58,Completed
PAY-05631,INV-05631,2026-05-08,157478.02,Completed
PAY-05632,INV-05632,2026-03-25,24089.9,Completed
PAY-05633,INV-05633,2026-06-09,299157.25,Completed
PAY-05634,INV-05634,2026-06-01,625482.45,Completed
PAY-05635,INV-05635,2026-03-18,386789.02,Completed
PAY-05636,INV-05636,2026-03-23,81129.18,Completed
PAY-05637,INV-05637,2026-05-11,339033.25,Completed
PAY-05638,INV-05638,2026-06-07,492979.32,Completed
PAY-05639,INV-05639,2026-04-22,174499.92,Completed
PAY-05640,INV-05640,2026-05-10,25860.42,Completed
PAY-05641,INV-05641,2026-02-21,161201.43,Completed
PAY-05642,INV-05642,2026-01-23,108489.6,Completed
PAY-05643,INV-05643,2026-04-14,42376.2,Completed
PAY-05644,INV-05644,2026-06-10,472053.75,Completed
PAY-05645,INV-05645,2026-02-15,41860.75,Completed
PAY-05646,INV-05646,2026-05-18,40435.0,Completed
PAY-05647,INV-05647,2026-04-13,88504.56,Completed
PAY-05648,INV-05648,2026-05-28,225812.48,Completed
PAY-05649,INV-05649,2026-05-10,58591.82,Completed
PAY-05650,INV-05650,2026-04-27,6069.92,Completed
PAY-05651,INV-05651,2026-03-03,295225.71,Completed
PAY-05652,INV-05652,2026-03-08,379575.76,Completed
PAY-05653,INV-05653,2026-03-06,219655.91,Completed
PAY-05654,INV-05654,2026-05-24,209058.0,Completed
PAY-05655,INV-05655,2026-05-27,305741.7,Completed
PAY-05656,INV-05656,2026-05-05,630025.2,Completed
PAY-05657,INV-05657,2026-05-21,80051.6,Completed
PAY-05658,INV-05658,2026-06-12,166795.32,Completed
PAY-05659,INV-05659,2026-05-30,221749.67,Completed
PAY-05660,INV-05660,2026-02-07,42115.95,Completed
PAY-05661,INV-05661,2026-04-03,21900.62,Completed
PAY-05662,INV-05662,2026-03-20,42049.0,Completed
PAY-05663,INV-05663,2026-05-12,264558.77,Completed
PAY-05664,INV-05664,2026-02-15,117717.44,Completed
PAY-05665,INV-05665,2026-06-19,80603.04,Completed
PAY-05666,INV-05666,2026-05-15,12510.03,Completed
PAY-05667,INV-05667,2026-02-12,266010.64,Completed
PAY-05668,INV-05668,2026-06-26,336810.26,Completed
PAY-05669,INV-05669,2026-02-08,44470.5,Completed
PAY-05670,INV-05670,2026-04-06,6304.84,Completed
PAY-05671,INV-05671,2026-05-02,58266.45,Completed
PAY-05672,INV-05672,2026-04-22,471085.2,Completed
PAY-05673,INV-05673,2026-03-12,58166.64,Completed
PAY-05674,INV-05674,2026-05-03,183314.22,Completed
PAY-05675,INV-05675,2026-02-09,96902.04,Completed
PAY-05676,INV-05676,2026-04-18,15762.1,Completed
PAY-05677,INV-05677,2026-05-06,80051.6,Completed
PAY-05678,INV-05678,2026-05-14,14714.68,Completed
PAY-05679,INV-05679,2026-04-04,17240.28,Completed
PAY-05680,INV-05680,2026-03-16,48956.05,Completed
PAY-05681,INV-05681,2026-04-23,133550.34,Completed
PAY-05682,INV-05682,2026-02-09,88836.88,Completed
PAY-05683,INV-05683,2026-04-01,10345.35,Completed
PAY-05684,INV-05684,2026-03-07,279251.93,Completed
PAY-05685,INV-05685,2026-03-23,330522.42,Completed
PAY-05686,INV-05686,2026-06-15,176703.72,Completed
PAY-05687,INV-05687,2026-03-22,418347.48,Completed
PAY-05688,INV-05688,2026-04-02,356145.81,Completed
PAY-05689,INV-05689,2026-01-30,257665.27,Completed
PAY-05690,INV-05690,2026-05-26,349099.25,Completed
PAY-05691,INV-05691,2026-02-16,57823.92,Completed
PAY-05692,INV-05692,2026-02-15,13561.33,Completed
PAY-05693,INV-05693,2026-06-10,418607.5,Completed
PAY-05694,INV-05694,2026-03-23,362528.32,Completed
PAY-05695,INV-05695,2026-04-08,60652.5,Completed
PAY-05696,INV-05696,2026-05-03,513121.6,Completed
PAY-05697,INV-05697,2026-04-08,218252.34,Completed
PAY-05698,INV-05698,2026-05-19,9002.81,Completed
PAY-05699,INV-05699,2026-03-06,103586.57,Completed
PAY-05700,INV-05700,2026-04-08,88797.52,Completed
PAY-05701,INV-05701,2026-02-05,9881.44,Completed
PAY-05702,INV-05702,2026-04-24,185355.24,Completed
PAY-05703,INV-05703,2026-03-16,13561.33,Completed
PAY-05704,INV-05704,2026-06-03,276765.52,Completed
PAY-05705,INV-05705,2026-05-22,137087.5,Completed
PAY-05706,INV-05706,2026-06-29,245735.13,Completed
PAY-05707,INV-05707,2026-04-29,365851.5,Completed
PAY-05708,INV-05708,2026-05-29,336199.24,Completed
PAY-05709,INV-05709,2026-02-16,609737.58,Completed
PAY-05710,INV-05710,2026-06-05,151079.36,Completed
PAY-05711,INV-05711,2026-04-12,351630.3,Completed
PAY-05712,INV-05712,2026-02-16,278306.71,Completed
PAY-05713,INV-05713,2026-05-08,232592.88,Completed
PAY-05714,INV-05714,2026-02-23,96435.2,Completed
PAY-05715,INV-05715,2026-06-12,324184.0,Completed
PAY-05716,INV-05716,2026-03-13,382325.16,Completed
PAY-05717,INV-05717,2026-02-05,43806.0,Completed
PAY-05718,INV-05718,2026-03-19,77155.76,Completed
PAY-05719,INV-05719,2026-04-30,186820.31,Completed
PAY-05720,INV-05720,2026-04-17,137610.33,Completed
PAY-05721,INV-05721,2026-06-15,299287.83,Completed
PAY-05722,INV-05722,2026-02-28,119546.82,Completed
PAY-05723,INV-05723,2026-06-23,480714.5,Completed
PAY-05724,INV-05724,2026-03-13,1405.8,Completed
PAY-05725,INV-05725,2026-05-25,93468.75,Completed
PAY-05726,INV-05726,2026-06-04,150463.11,Completed
PAY-05727,INV-05727,2026-04-22,88184.82,Completed
PAY-05728,INV-05728,2026-05-09,98877.8,Completed
PAY-05729,INV-05729,2026-05-11,17830.39,Completed
PAY-05730,INV-05730,2026-02-01,206561.6,Completed
PAY-05731,INV-05731,2026-02-18,80930.74,Completed
PAY-05732,INV-05732,2026-05-26,324076.8,Completed
PAY-05733,INV-05733,2026-02-26,229002.97,Completed
PAY-05734,INV-05734,2026-05-11,47212.3,Completed
PAY-05735,INV-05735,2026-04-08,388004.16,Completed
PAY-05736,INV-05736,2026-02-21,10452.9,Completed
PAY-05737,INV-05737,2026-03-13,53591.14,Completed
PAY-05738,INV-05738,2026-02-22,238085.25,Completed
PAY-05739,INV-05739,2026-05-11,42856.58,Completed
PAY-05740,INV-05740,2026-05-16,232713.9,Completed
PAY-05741,INV-05741,2026-07-10,3092.42,Completed
PAY-05742,INV-05742,2026-05-09,77155.76,Completed
PAY-05743,INV-05743,2026-03-26,147582.0,Completed
PAY-05744,INV-05744,2026-02-10,300240.61,Completed
PAY-05745,INV-05745,2026-03-30,249585.84,Completed
PAY-05746,INV-05746,2026-03-06,221373.0,Completed
PAY-05747,INV-05747,2026-06-30,400320.96,Completed
PAY-05748,INV-05748,2026-01-30,129120.76,Completed
PAY-05749,INV-05749,2026-02-06,33207.45,Completed
PAY-05750,INV-05750,2026-06-12,14795.43,Completed
PAY-05751,INV-05751,2026-03-11,57880.21,Completed
PAY-05752,INV-05752,2026-03-21,530866.91,Completed
PAY-05753,INV-05753,2026-03-30,340568.91,Completed
PAY-05754,INV-05754,2026-05-15,239486.52,Completed
PAY-05755,INV-05755,2026-04-16,332664.39,Completed
PAY-05756,INV-05756,2026-04-22,229416.36,Completed
PAY-05757,INV-05757,2026-06-22,22262.2,Completed
PAY-05758,INV-05758,2026-05-28,209308.44,Completed
PAY-05759,INV-05759,2026-02-06,120102.42,Completed
PAY-05760,INV-05760,2026-05-29,12265.68,Completed
PAY-05761,INV-05761,2026-02-24,455621.57,Completed
PAY-05762,INV-05762,2026-05-01,14617.29,Completed
PAY-05763,INV-05763,2026-04-03,120554.62,Completed
PAY-05764,INV-05764,2026-05-16,12689.96,Completed
PAY-05765,INV-05765,2026-01-29,374991.46,Completed
PAY-05766,INV-05766,2026-03-01,418111.5,Completed
PAY-05767,INV-05767,2026-04-20,162735.96,Completed
PAY-05768,INV-05768,2026-06-08,216189.9,Completed
PAY-05769,INV-05769,2026-03-01,333319.35,Completed
PAY-05770,INV-05770,2026-03-20,480333.16,Completed
PAY-05771,INV-05771,2026-04-07,31983.66,Completed
PAY-05772,INV-05772,2026-02-21,78353.6,Completed
PAY-05773,INV-05773,2026-05-20,333536.4,Completed
PAY-05774,INV-05774,2026-03-02,63445.69,Completed
PAY-05775,INV-05775,2026-03-17,28077.3,Completed
PAY-05776,INV-05776,2026-03-06,54675.67,Completed
PAY-05777,INV-05777,2026-05-18,441400.68,Completed
PAY-05778,INV-05778,2026-04-05,212675.61,Completed
PAY-05779,INV-05779,2026-04-10,66596.75,Completed
PAY-05780,INV-05780,2026-02-01,147133.56,Completed
PAY-05781,INV-05781,2026-06-08,299100.0,Completed
PAY-05782,INV-05782,2026-03-09,587985.51,Completed
PAY-05783,INV-05783,2026-06-02,593439.0,Completed
PAY-05784,INV-05784,2026-03-08,4817.98,Completed
PAY-05785,INV-05785,2026-03-26,75317.0,Completed
PAY-05786,INV-05786,2026-05-16,361209.45,Completed
PAY-05787,INV-05787,2026-03-12,120494.2,Completed
PAY-05788,INV-05788,2026-02-03,88938.72,Completed
PAY-05789,INV-05789,2026-03-20,341894.0,Completed
PAY-05790,INV-05790,2026-05-30,204145.65,Completed
PAY-05791,INV-05791,2026-04-15,127139.25,Completed
PAY-05792,INV-05792,2026-03-24,283679.78,Completed
PAY-05793,INV-05793,2026-04-17,79272.5,Completed
PAY-05794,INV-05794,2026-05-20,528676.21,Completed
PAY-05795,INV-05795,2026-04-03,488598.36,Completed
PAY-05796,INV-05796,2026-03-01,656306.59,Completed
PAY-05797,INV-05797,2026-03-27,72241.89,Completed
PAY-05798,INV-05798,2026-05-03,133265.25,Completed
PAY-05799,INV-05799,2026-03-17,183809.2,Completed
PAY-05800,INV-05800,2026-03-27,588708.8,Completed
PAY-05801,INV-05801,2026-06-02,24703.6,Completed
PAY-05802,INV-05802,2026-05-31,201777.24,Completed
PAY-05803,INV-05803,2026-03-28,287885.4,Completed
PAY-05804,INV-05804,2026-03-28,427367.5,Completed
PAY-05805,INV-05805,2026-03-18,485541.0,Completed
PAY-05806,INV-05806,2026-02-21,29363.04,Completed
PAY-05807,INV-05807,2026-05-29,164740.28,Completed
PAY-05808,INV-05808,2026-05-09,111196.88,Completed
PAY-05809,INV-05809,2026-02-06,503493.9,Completed
PAY-05810,INV-05810,2026-02-21,563725.51,Completed
PAY-05811,INV-05811,2026-01-16,26360.95,Completed
PAY-05812,INV-05812,2026-05-26,73688.16,Completed
PAY-05813,INV-05813,2026-05-28,38902.08,Completed
PAY-05814,INV-05814,2026-01-31,111311.0,Completed
PAY-05815,INV-05815,2026-03-10,7340.76,Completed
PAY-05816,INV-05816,2026-02-09,123727.11,Completed
PAY-05817,INV-05817,2026-04-26,46735.3,Completed
PAY-05818,INV-05818,2026-02-06,2889.7,Completed
PAY-05819,INV-05819,2026-04-04,62573.2,Completed
PAY-05820,INV-05820,2026-05-03,154006.16,Completed
PAY-05821,INV-05821,2026-05-03,619684.8,Completed
PAY-05822,INV-05822,2026-04-22,31330.73,Completed
PAY-05823,INV-05823,2026-05-06,136110.79,Completed
PAY-05824,INV-05824,2026-06-08,284549.75,Completed
PAY-05825,INV-05825,2026-03-07,177220.45,Completed
PAY-05826,INV-05826,2026-03-28,119324.79,Completed
PAY-05827,INV-05827,2026-05-20,5942.7,Completed
PAY-05828,INV-05828,2026-06-01,526308.12,Completed
PAY-05829,INV-05829,2026-06-07,61035.31,Completed
PAY-05830,INV-05830,2026-05-21,46153.24,Completed
PAY-05831,INV-05831,2026-03-28,478437.38,Completed
PAY-05832,INV-05832,2026-04-27,482742.72,Completed
PAY-05833,INV-05833,2026-05-26,134872.43,Completed
PAY-05834,INV-05834,2026-04-27,5554.01,Completed
PAY-05835,INV-05835,2026-03-06,78953.28,Completed
PAY-05836,INV-05836,2026-05-06,176589.0,Completed
PAY-05837,INV-05837,2026-03-21,300971.16,Completed
PAY-05838,INV-05838,2026-06-05,151376.4,Completed
PAY-05839,INV-05839,2026-02-25,120507.2,Completed
PAY-05840,INV-05840,2026-03-25,368955.0,Completed
PAY-05841,INV-05841,2026-04-10,21380.39,Completed
PAY-05842,INV-05842,2026-03-31,492516.48,Completed
PAY-05843,INV-05843,2026-06-09,24522.26,Completed
PAY-05844,INV-05844,2026-04-24,110350.17,Completed
PAY-05845,INV-05845,2026-03-18,491235.6,Completed
PAY-05846,INV-05846,2026-03-31,48768.24,Completed
PAY-05847,INV-05847,2026-05-05,10934.96,Completed
PAY-05848,INV-05848,2026-05-19,42084.96,Completed
PAY-05849,INV-05849,2026-03-08,47872.2,Completed
PAY-05850,INV-05850,2026-03-09,45411.65,Completed
PAY-05851,INV-05851,2026-01-24,36783.39,Completed
PAY-05852,INV-05852,2026-06-26,251464.33,Completed
PAY-05853,INV-05853,2026-02-20,66200.82,Completed
PAY-05854,INV-05854,2026-05-21,29722.27,Completed
PAY-05855,INV-05855,2026-06-04,152776.25,Completed
PAY-05856,INV-05856,2026-06-18,60625.65,Completed
PAY-05857,INV-05857,2026-04-06,5094.0,Completed
PAY-05858,INV-05858,2026-05-26,298102.08,Completed
PAY-05859,INV-05859,2026-03-23,392828.48,Completed
PAY-05860,INV-05860,2026-03-24,235302.98,Completed
PAY-05861,INV-05861,2026-06-23,97694.92,Completed
PAY-05862,INV-05862,2026-04-11,4721.23,Completed
PAY-05863,INV-05863,2026-02-06,94410.75,Completed
PAY-05864,INV-05864,2026-05-26,69486.75,Completed
PAY-05865,INV-05865,2026-01-26,528185.18,Completed
PAY-05866,INV-05866,2026-06-11,25857.1,Completed
PAY-05867,INV-05867,2026-04-11,65429.42,Completed
PAY-05868,INV-05868,2026-03-25,461205.12,Completed
PAY-05869,INV-05869,2026-05-17,237154.56,Completed
PAY-05870,INV-05870,2026-05-16,427247.17,Completed
PAY-05871,INV-05871,2026-06-20,441482.2,Completed
PAY-05872,INV-05872,2026-04-01,121942.1,Completed
PAY-05873,INV-05873,2026-03-06,447453.78,Completed
PAY-05874,INV-05874,2026-02-01,2868.72,Completed
PAY-05875,INV-05875,2026-03-02,167775.72,Completed
PAY-05876,INV-05876,2026-05-15,32418.4,Completed
PAY-05877,INV-05877,2026-03-16,48494.23,Completed
PAY-05878,INV-05878,2026-06-13,18756.96,Completed
PAY-05879,INV-05879,2026-05-05,293726.1,Completed
PAY-05880,INV-05880,2026-05-02,257132.07,Completed
PAY-05881,INV-05881,2026-03-15,24139.15,Completed
PAY-05882,INV-05882,2026-05-11,5737.44,Completed
PAY-05883,INV-05883,2026-03-10,348889.32,Completed
PAY-05884,INV-05884,2026-05-27,14412.66,Completed
PAY-05885,INV-05885,2026-04-10,550187.68,Completed
PAY-05886,INV-05886,2026-04-17,165428.28,Completed
PAY-05887,INV-05887,2026-05-14,151356.25,Completed
PAY-05888,INV-05888,2026-03-11,83090.28,Completed
PAY-05889,INV-05889,2026-03-14,144652.8,Completed
PAY-05890,INV-05890,2026-04-23,562421.5,Completed
PAY-05891,INV-05891,2026-04-09,60277.31,Completed
PAY-05892,INV-05892,2026-06-24,337770.81,Completed
PAY-05893,INV-05893,2026-03-21,142238.14,Completed
PAY-05894,INV-05894,2026-06-08,427440.34,Completed
PAY-05895,INV-05895,2026-01-23,35554.8,Completed
PAY-05896,INV-05896,2026-03-26,359697.24,Completed
PAY-05897,INV-05897,2026-01-23,7340.76,Completed
PAY-05898,INV-05898,2026-04-01,206785.35,Completed
PAY-05899,INV-05899,2026-05-13,146930.52,Completed
PAY-05900,INV-05900,2026-04-05,106664.4,Completed
PAY-05901,INV-05901,2026-06-08,440672.64,Completed
PAY-05902,INV-05902,2026-06-08,367038.0,Completed
PAY-05903,INV-05903,2026-03-23,126423.6,Completed
PAY-05904,INV-05904,2026-02-09,101087.5,Completed
PAY-05905,INV-05905,2026-02-10,23606.15,Completed
PAY-05906,INV-05906,2026-05-17,67516.0,Completed
PAY-05907,INV-05907,2026-03-18,24828.84,Completed
PAY-05908,INV-05908,2026-02-27,182809.44,Completed
PAY-05909,INV-05909,2026-06-04,445486.74,Completed
PAY-05910,INV-05910,2026-05-15,720176.03,Completed
PAY-05911,INV-05911,2026-02-02,117183.64,Completed
PAY-05912,INV-05912,2026-05-28,61520.21,Completed
PAY-05913,INV-05913,2026-05-10,691807.68,Completed
PAY-05914,INV-05914,2026-05-08,191825.26,Completed
PAY-05915,INV-05915,2026-06-03,6792.0,Completed
PAY-05916,INV-05916,2026-06-14,51622.89,Completed
PAY-05917,INV-05917,2026-05-18,119324.79,Completed
PAY-05918,INV-05918,2026-02-08,4595.23,Completed
PAY-05919,INV-05919,2026-05-24,215651.12,Completed
PAY-05920,INV-05920,2026-06-16,298898.38,Completed
PAY-05921,INV-05921,2026-05-14,196085.13,Completed
PAY-05922,INV-05922,2026-04-08,22239.25,Completed
PAY-05923,INV-05923,2026-05-30,12510.03,Completed
PAY-05924,INV-05924,2026-06-05,299716.89,Completed
PAY-05925,INV-05925,2026-02-21,100967.13,Completed
PAY-05926,INV-05926,2026-06-20,336199.24,Completed
PAY-05927,INV-05927,2026-04-22,64333.22,Completed
PAY-05928,INV-05928,2026-01-29,3735.6,Completed
PAY-05929,INV-05929,2026-04-28,449762.67,Completed
PAY-05930,INV-05930,2026-02-28,643324.05,Completed
PAY-05931,INV-05931,2026-02-15,63388.8,Completed
PAY-05932,INV-05932,2026-01-26,209263.92,Completed
PAY-05933,INV-05933,2026-02-17,184526.65,Completed
PAY-05934,INV-05934,2026-06-08,63919.96,Completed
PAY-05935,INV-05935,2026-06-13,7176.8,Completed
PAY-05936,INV-05936,2026-06-30,528891.87,Completed
PAY-05937,INV-05937,2026-06-27,145861.4,Completed
PAY-05938,INV-05938,2026-06-11,237696.27,Completed
PAY-05939,INV-05939,2026-03-16,26795.57,Completed
PAY-05940,INV-05940,2026-05-11,16819.6,Completed
PAY-05941,INV-05941,2026-03-22,88797.07,Completed
PAY-05942,INV-05942,2026-03-11,34415.26,Completed
PAY-05943,INV-05943,2026-01-24,80768.17,Completed
PAY-05944,INV-05944,2026-03-23,324884.2,Completed
PAY-05945,INV-05945,2026-05-29,100033.62,Completed
PAY-05946,INV-05946,2026-04-02,430887.91,Completed
PAY-05947,INV-05947,2026-05-08,57221.4,Completed
PAY-05948,INV-05948,2026-06-06,10521.82,Completed
PAY-05949,INV-05949,2026-06-25,146112.78,Completed
PAY-05950,INV-05950,2026-03-28,158038.02,Completed
PAY-05951,INV-05951,2026-05-06,25379.92,Completed
PAY-05952,INV-05952,2026-05-20,200617.48,Completed
PAY-05953,INV-05953,2026-02-04,515670.85,Completed
PAY-05954,INV-05954,2026-03-04,330615.84,Completed
PAY-05955,INV-05955,2026-02-09,60652.5,Completed
PAY-05956,INV-05956,2026-01-28,3735.6,Completed
PAY-05957,INV-05957,2026-06-12,108656.52,Completed
PAY-05958,INV-05958,2026-06-21,19034.94,Completed
PAY-05959,INV-05959,2026-02-21,234206.32,Completed
PAY-05960,INV-05960,2026-03-23,492073.2,Completed
PAY-05961,INV-05961,2026-06-17,38844.3,Completed
PAY-05962,INV-05962,2026-04-22,126223.68,Completed
PAY-05963,INV-05963,2026-05-10,607644.0,Completed
PAY-05964,INV-05964,2026-03-28,309501.32,Completed
PAY-05965,INV-05965,2026-05-13,8241.65,Completed
PAY-05966,INV-05966,2026-03-25,75614.24,Completed
PAY-05967,INV-05967,2026-02-27,62573.2,Completed
PAY-05968,INV-05968,2026-01-22,123980.94,Completed
PAY-05969,INV-05969,2026-02-05,88864.16,Completed
PAY-05970,INV-05970,2026-03-31,306528.25,Completed
PAY-05971,INV-05971,2026-03-16,97776.8,Completed
PAY-05972,INV-05972,2026-07-13,142238.14,Completed
PAY-05973,INV-05973,2026-03-19,209368.54,Completed
PAY-05974,INV-05974,2026-05-20,61094.11,Completed
PAY-05975,INV-05975,2026-02-19,28157.94,Completed
PAY-05976,INV-05976,2026-04-19,140594.58,Completed
PAY-05977,INV-05977,2026-06-01,19779.96,Completed
PAY-05978,INV-05978,2026-03-18,391634.8,Completed
PAY-05979,INV-05979,2026-01-25,183937.72,Completed
PAY-05980,INV-05980,2026-02-18,18694.12,Completed
PAY-05981,INV-05981,2026-02-05,39893.5,Completed
PAY-05982,INV-05982,2026-04-01,129244.39,Completed
PAY-05983,INV-05983,2026-04-27,23367.65,Completed
PAY-05984,INV-05984,2026-03-21,481138.24,Completed
PAY-05985,INV-05985,2026-04-04,284438.4,Completed
PAY-05986,INV-05986,2026-04-14,61770.06,Completed
PAY-05987,INV-05987,2026-03-12,377643.0,Completed
PAY-05988,INV-05988,2026-05-19,53346.87,Completed
PAY-05989,INV-05989,2026-04-27,387856.5,Completed
PAY-05990,INV-05990,2026-06-15,279254.5,Completed
PAY-05991,INV-05991,2026-03-28,218054.16,Completed
PAY-05992,INV-05992,2026-02-27,357492.53,Completed
PAY-05993,INV-05993,2026-03-02,206614.8,Completed
PAY-05994,INV-05994,2026-04-07,131804.75,Completed
PAY-05995,INV-05995,2026-04-03,14821.6,Completed
PAY-05996,INV-05996,2026-01-24,84875.91,Completed
PAY-05997,INV-05997,2026-05-23,593783.52,Completed
PAY-05998,INV-05998,2026-02-22,69170.08,Completed
PAY-05999,INV-05999,2026-05-02,96675.0,Completed
PAY-06000,INV-06000,2026-05-10,42053.76,Completed
PAY-06001,INV-06001,2026-05-11,114638.56,Completed
PAY-06002,INV-06002,2026-03-24,58863.0,Completed
PAY-06003,INV-06003,2026-05-17,13963.97,Completed
PAY-06004,INV-06004,2026-05-23,160680.26,Completed
PAY-06005,INV-06005,2026-06-12,239405.04,Completed
PAY-06006,INV-06006,2026-05-11,201934.26,Completed
PAY-06007,INV-06007,2026-04-14,21900.62,Completed
PAY-06008,INV-06008,2026-03-02,154587.69,Completed
PAY-06009,INV-06009,2026-06-29,229277.12,Completed
PAY-06010,INV-06010,2026-02-11,260946.6,Completed
PAY-06011,INV-06011,2026-06-20,112892.75,Completed
PAY-06012,INV-06012,2026-04-01,98768.59,Completed
PAY-06013,INV-06013,2026-01-16,499618.4,Completed
PAY-06014,INV-06014,2026-03-10,117717.44,Completed
PAY-06015,INV-06015,2026-05-08,150825.47,Completed
PAY-06016,INV-06016,2026-05-09,5737.44,Completed
PAY-06017,INV-06017,2026-04-30,59773.41,Completed
PAY-06018,INV-06018,2026-06-14,181883.08,Completed
PAY-06019,INV-06019,2026-02-03,269744.86,Completed
PAY-06020,INV-06020,2026-02-01,201902.0,Completed
PAY-06021,INV-06021,2026-03-26,17522.4,Completed
PAY-06022,INV-06022,2026-02-14,279279.4,Completed
PAY-06023,INV-06023,2026-03-29,74586.72,Completed
PAY-06024,INV-06024,2026-04-04,69532.98,Completed
PAY-06025,INV-06025,2026-06-06,258989.25,Completed
PAY-06026,INV-06026,2026-05-25,60887.54,Completed
PAY-06027,INV-06027,2026-02-11,189635.4,Completed
PAY-06028,INV-06028,2026-04-13,315761.76,Completed
PAY-06029,INV-06029,2026-04-08,150825.47,Completed
PAY-06030,INV-06030,2026-06-02,347232.61,Completed
PAY-06031,INV-06031,2026-05-29,207252.36,Completed
PAY-06032,INV-06032,2026-06-27,237387.49,Completed
PAY-06033,INV-06033,2026-04-10,19174.68,Completed
PAY-06034,INV-06034,2026-04-28,86614.55,Completed
PAY-06035,INV-06035,2026-04-02,41357.07,Completed
PAY-06036,INV-06036,2026-05-29,172942.29,Completed
PAY-06037,INV-06037,2026-03-17,84314.65,Completed
PAY-06038,INV-06038,2026-04-19,400118.12,Completed
PAY-06039,INV-06039,2026-02-15,98814.4,Completed
PAY-06040,INV-06040,2026-02-03,3414.33,Completed
PAY-06041,INV-06041,2026-05-10,106315.06,Completed
PAY-06042,INV-06042,2026-05-24,25229.4,Completed
PAY-06043,INV-06043,2026-05-25,299287.83,Completed
PAY-06044,INV-06044,2026-06-09,77581.26,Completed
PAY-06045,INV-06045,2026-02-20,142219.2,Completed
PAY-06046,INV-06046,2026-03-01,15537.72,Completed
PAY-06047,INV-06047,2026-05-11,138770.1,Completed
PAY-06048,INV-06048,2026-03-31,250553.05,Completed
PAY-06049,INV-06049,2026-04-01,229216.23,Completed
PAY-06050,INV-06050,2026-02-17,154504.14,Completed
PAY-06051,INV-06051,2026-02-17,419612.24,Completed
PAY-06052,INV-06052,2026-03-04,78479.13,Completed
PAY-06053,INV-06053,2026-02-14,184127.97,Completed
PAY-06054,INV-06054,2026-03-12,216047.52,Completed
PAY-06055,INV-06055,2026-05-27,119702.52,Completed
PAY-06056,INV-06056,2026-05-09,7014.16,Completed
PAY-06057,INV-06057,2026-06-10,66162.46,Completed
PAY-06058,INV-06058,2026-05-25,379485.3,Completed
PAY-06059,INV-06059,2026-03-29,2773.26,Completed
PAY-06060,INV-06060,2026-05-11,647763.84,Completed
PAY-06061,INV-06061,2026-05-08,569884.01,Completed
PAY-06062,INV-06062,2026-06-06,573991.08,Completed
PAY-06063,INV-06063,2026-06-27,177865.92,Completed
PAY-06064,INV-06064,2026-06-16,43838.5,Completed
PAY-06065,INV-06065,2026-03-05,23449.46,Completed
PAY-06066,INV-06066,2026-04-28,32714.71,Completed
PAY-06067,INV-06067,2026-03-31,476170.5,Completed
PAY-06068,INV-06068,2026-05-06,114516.8,Completed
PAY-06069,INV-06069,2026-05-08,222332.4,Completed
PAY-06070,INV-06070,2026-04-25,128332.05,Completed
PAY-06071,INV-06071,2026-04-16,225785.5,Completed
PAY-06072,INV-06072,2026-05-03,167443.0,Completed
PAY-06073,INV-06073,2026-02-20,186571.35,Completed
PAY-06074,INV-06074,2026-04-29,47975.49,Completed
PAY-06075,INV-06075,2026-02-11,13897.35,Completed
PAY-06076,INV-06076,2026-03-18,108588.29,Completed
PAY-06077,INV-06077,2026-04-15,43618.75,Completed
PAY-06078,INV-06078,2026-04-04,445357.15,Completed
PAY-06079,INV-06079,2026-03-22,267614.61,Completed
PAY-06080,INV-06080,2026-06-08,406839.9,Completed
PAY-06081,INV-06081,2026-05-14,325682.28,Completed
PAY-06082,INV-06082,2026-01-17,252010.08,Completed
PAY-06083,INV-06083,2026-01-22,18589.13,Completed
PAY-06084,INV-06084,2026-03-12,55850.9,Completed
PAY-06085,INV-06085,2026-04-14,546053.4,Completed
PAY-06086,INV-06086,2026-03-26,144644.43,Completed
PAY-06087,INV-06087,2026-06-11,51627.66,Completed
PAY-06088,INV-06088,2026-02-12,437861.55,Completed
PAY-06089,INV-06089,2026-06-05,145647.68,Completed
PAY-06090,INV-06090,2026-03-09,335551.44,Completed
PAY-06091,INV-06091,2026-02-23,44913.28,Completed
PAY-06092,INV-06092,2026-05-06,324799.3,Completed
PAY-06093,INV-06093,2026-03-09,138770.1,Completed
PAY-06094,INV-06094,2026-05-29,576506.4,Completed
PAY-06095,INV-06095,2026-03-15,514411.45,Completed
PAY-06096,INV-06096,2026-04-11,517339.44,Completed
PAY-06097,INV-06097,2026-03-23,9635.96,Completed
PAY-06098,INV-06098,2026-04-05,122604.03,Completed
PAY-06099,INV-06099,2026-05-31,144483.78,Completed
PAY-06100,INV-06100,2026-05-18,442112.04,Completed
PAY-06101,INV-06101,2026-01-25,67785.3,Completed
PAY-06102,INV-06102,2026-04-06,15554.17,Completed
PAY-06103,INV-06103,2026-03-15,550441.32,Completed
PAY-06104,INV-06104,2026-04-05,114209.64,Completed
PAY-06105,INV-06105,2026-05-24,215338.84,Completed
PAY-06106,INV-06106,2026-04-06,166795.32,Completed
PAY-06107,INV-06107,2026-04-23,449474.7,Completed
PAY-06108,INV-06108,2026-02-06,52315.98,Completed
PAY-06109,INV-06109,2026-04-07,16483.3,Completed
PAY-06110,INV-06110,2026-05-04,370534.56,Completed
PAY-06111,INV-06111,2026-05-03,413047.35,Completed
PAY-06112,INV-06112,2026-03-01,141853.88,Completed
PAY-06113,INV-06113,2026-05-24,103445.92,Completed
PAY-06114,INV-06114,2026-05-10,88932.96,Completed
PAY-06115,INV-06115,2026-04-21,270299.23,Completed
PAY-06116,INV-06116,2026-05-05,200265.56,Completed
PAY-06117,INV-06117,2026-02-16,127599.03,Completed
PAY-06118,INV-06118,2026-04-06,358245.5,Completed
PAY-06119,INV-06119,2026-03-18,321171.31,Completed
PAY-06120,INV-06120,2026-05-11,211113.09,Completed
PAY-06121,INV-06121,2026-04-20,465427.8,Completed
PAY-06122,INV-06122,2026-06-18,119546.82,Completed
PAY-06123,INV-06123,2026-06-02,19271.92,Completed
PAY-06124,INV-06124,2026-02-08,414504.72,Completed
PAY-06125,INV-06125,2026-03-28,125675.73,Completed
PAY-06126,INV-06126,2026-04-13,200359.8,Completed
PAY-06127,INV-06127,2026-04-14,9040.8,Completed
PAY-06128,INV-06128,2026-02-08,348999.84,Completed
PAY-06129,INV-06129,2026-04-29,84123.54,Completed
PAY-06130,INV-06130,2026-03-08,394689.69,Completed
PAY-06131,INV-06131,2026-02-11,90978.75,Completed
PAY-06132,INV-06132,2026-04-01,523428.0,Completed
PAY-06133,INV-06133,2026-02-24,377027.19,Completed
PAY-06134,INV-06134,2026-05-20,247036.0,Completed
PAY-06135,INV-06135,2026-06-08,19034.94,Completed
PAY-06136,INV-06136,2026-05-31,167345.34,Completed
PAY-06137,INV-06137,2026-03-10,91404.72,Completed
PAY-06138,INV-06138,2026-06-12,134163.51,Completed
PAY-06139,INV-06139,2026-05-19,94517.8,Completed
PAY-06140,INV-06140,2026-04-12,254849.71,Completed
PAY-06141,INV-06141,2026-02-26,400330.56,Completed
PAY-06142,INV-06142,2026-03-24,210519.96,Completed
PAY-06143,INV-06143,2026-02-21,116634.21,Completed
PAY-06144,INV-06144,2026-03-23,148021.44,Completed
PAY-06145,INV-06145,2026-04-10,87007.5,Completed
PAY-06146,INV-06146,2026-04-07,99324.09,Completed
PAY-06147,INV-06147,2026-02-07,603426.52,Completed
PAY-06148,INV-06148,2026-02-11,317977.0,Completed
PAY-06149,INV-06149,2026-04-26,233516.52,Completed
PAY-06150,INV-06150,2026-03-14,274943.59,Completed
PAY-06151,INV-06151,2026-05-18,291295.36,Completed
PAY-06152,INV-06152,2026-04-26,42989.46,Completed
PAY-06153,INV-06153,2026-04-28,391428.14,Completed
PAY-06154,INV-06154,2026-02-02,9484.25,Completed
PAY-06155,INV-06155,2026-03-25,33149.6,Completed
PAY-06156,INV-06156,2026-04-21,107898.0,Completed
PAY-06157,INV-06157,2026-01-31,59766.75,Completed
PAY-06158,INV-06158,2026-03-19,390956.3,Completed
PAY-06159,INV-06159,2026-03-24,319815.21,Completed
PAY-06160,INV-06160,2026-06-13,224007.25,Completed
PAY-06161,INV-06161,2026-06-07,102406.12,Completed
PAY-06162,INV-06162,2026-03-11,237154.56,Completed
PAY-06163,INV-06163,2026-04-29,277992.2,Completed
PAY-06164,INV-06164,2026-02-02,215399.14,Completed
PAY-06165,INV-06165,2026-04-26,706450.56,Completed
PAY-06166,INV-06166,2026-04-18,672026.88,Completed
PAY-06167,INV-06167,2026-02-23,105931.25,Completed
PAY-06168,INV-06168,2026-05-19,292681.2,Completed
PAY-06169,INV-06169,2026-02-18,345913.24,Completed
PAY-06170,INV-06170,2026-04-03,287233.2,Completed
PAY-06171,INV-06171,2026-02-28,325433.01,Completed
PAY-06172,INV-06172,2026-03-03,37658.5,Completed
PAY-06173,INV-06173,2026-03-07,286179.3,Completed
PAY-06174,INV-06174,2026-02-16,303132.24,Completed
PAY-06175,INV-06175,2026-06-10,262554.22,Completed
PAY-06176,INV-06176,2026-06-12,544594.83,Completed
PAY-06177,INV-06177,2026-02-24,84123.54,Completed
PAY-06178,INV-06178,2026-05-18,54012.8,Completed
PAY-06179,INV-06179,2026-05-10,80143.92,Completed
PAY-06180,INV-06180,2026-01-12,226153.72,Completed
PAY-06181,INV-06181,2026-04-17,298105.96,Completed
PAY-06182,INV-06182,2026-05-24,75087.84,Completed
PAY-06183,INV-06183,2026-05-14,238330.95,Completed
PAY-06184,INV-06184,2026-06-03,138287.77,Completed
PAY-06185,INV-06185,2026-06-01,273397.98,Completed
PAY-06186,INV-06186,2026-03-13,77460.6,Completed
PAY-06187,INV-06187,2026-03-15,758.74,Completed
PAY-06188,INV-06188,2026-01-27,616024.64,Completed
PAY-06189,INV-06189,2026-04-09,147133.56,Completed
PAY-06190,INV-06190,2026-04-01,97694.92,Completed
PAY-06191,INV-06191,2026-06-20,147005.88,Completed
PAY-06192,INV-06192,2026-03-01,196288.26,Completed
PAY-06193,INV-06193,2026-03-07,82416.38,Completed
PAY-06194,INV-06194,2026-03-28,492516.48,Completed
PAY-06195,INV-06195,2026-01-25,117617.52,Completed
PAY-06196,INV-06196,2026-06-11,373319.91,Completed
PAY-06197,INV-06197,2026-04-10,376746.75,Completed
PAY-06198,INV-06198,2026-01-20,170132.04,Completed
PAY-06199,INV-06199,2026-06-01,336849.6,Completed
PAY-06200,INV-06200,2026-03-03,45899.52,Completed
PAY-06201,INV-06201,2026-04-23,59773.41,Completed
PAY-06202,INV-06202,2026-05-17,14078.97,Completed
PAY-06203,INV-06203,2026-04-03,343084.1,Completed
PAY-06204,INV-06204,2026-04-20,30703.4,Completed
PAY-06205,INV-06205,2026-05-22,244299.18,Completed
PAY-06206,INV-06206,2026-06-08,41242.37,Completed
PAY-06207,INV-06207,2026-03-01,47258.9,Completed
PAY-06208,INV-06208,2026-03-28,34439.15,Completed
PAY-06209,INV-06209,2026-04-11,129731.4,Completed
PAY-06210,INV-06210,2026-03-18,234546.84,Completed
PAY-06211,INV-06211,2026-06-10,102264.96,Completed
PAY-06212,INV-06212,2026-03-20,264554.46,Completed
PAY-06213,INV-06213,2026-05-23,278942.58,Completed
PAY-06214,INV-06214,2026-03-29,106664.4,Completed
PAY-06215,INV-06215,2026-05-26,69486.75,Completed
PAY-06216,INV-06216,2026-02-27,148203.12,Completed
PAY-06217,INV-06217,2026-03-10,271226.6,Completed
PAY-06218,INV-06218,2026-01-27,83140.5,Completed
PAY-06219,INV-06219,2026-05-15,246258.24,Completed
PAY-06220,INV-06220,2026-01-29,80662.84,Completed
PAY-06221,INV-06221,2026-02-02,38844.3,Completed
PAY-06222,INV-06222,2026-03-07,1753.54,Completed
PAY-06223,INV-06223,2026-06-07,138850.25,Completed
PAY-06224,INV-06224,2026-05-11,102462.4,Completed
PAY-06225,INV-06225,2026-04-14,163481.94,Completed
PAY-06226,INV-06226,2026-05-17,57691.55,Completed
PAY-06227,INV-06227,2026-04-19,168006.72,Completed
PAY-06228,INV-06228,2026-02-28,69481.37,Completed
PAY-06229,INV-06229,2026-05-01,219785.35,Completed
PAY-06230,INV-06230,2026-02-28,29431.5,Completed
PAY-06231,INV-06231,2026-02-11,203518.77,Completed
PAY-06232,INV-06232,2026-04-06,439645.16,Completed
PAY-06233,INV-06233,2026-05-05,88864.16,Completed
PAY-06234,INV-06234,2026-01-14,93421.48,Completed
PAY-06235,INV-06235,2026-02-15,62486.48,Completed
PAY-06236,INV-06236,2026-03-03,102568.2,Completed
PAY-06237,INV-06237,2026-04-14,64019.45,Completed
PAY-06238,INV-06238,2026-03-24,37530.09,Completed
PAY-06239,INV-06239,2026-03-26,557755.98,Completed
PAY-06240,INV-06240,2026-05-06,67843.16,Completed
PAY-06241,INV-06241,2026-06-16,114471.72,Completed
PAY-06242,INV-06242,2026-05-31,580288.44,Completed
PAY-06243,INV-06243,2026-05-24,17071.65,Completed
PAY-06244,INV-06244,2026-02-07,108588.29,Completed
PAY-06245,INV-06245,2026-02-26,56082.36,Completed
PAY-06246,INV-06246,2026-03-23,16639.56,Completed
PAY-06247,INV-06247,2026-05-10,66977.2,Completed
PAY-06248,INV-06248,2026-05-16,11093.04,Completed
PAY-06249,INV-06249,2026-01-21,183809.2,Completed
PAY-06250,INV-06250,2026-05-22,546748.0,Completed
PAY-06251,INV-06251,2026-03-24,4692.99,Completed
PAY-06252,INV-06252,2026-06-14,164792.93,Completed
PAY-06253,INV-06253,2026-02-07,376304.4,Completed
PAY-06254,INV-06254,2026-03-30,272146.49,Completed
PAY-06255,INV-06255,2026-04-24,331334.54,Completed
PAY-06256,INV-06256,2026-02-01,168575.68,Completed
PAY-06257,INV-06257,2026-03-12,361331.1,Completed
PAY-06258,INV-06258,2026-06-07,47345.58,Completed
PAY-06259,INV-06259,2026-01-24,192581.75,Completed
PAY-06260,INV-06260,2026-02-27,12462.5,Completed
PAY-06261,INV-06261,2026-04-15,428540.16,Completed
PAY-06262,INV-06262,2026-05-08,55855.88,Completed
PAY-06263,INV-06263,2026-06-10,127152.62,Completed
PAY-06264,INV-06264,2026-06-17,380095.03,Completed
PAY-06265,INV-06265,2026-04-22,428553.45,Completed
PAY-06266,INV-06266,2026-04-13,214920.12,Completed
PAY-06267,INV-06267,2026-05-30,140995.36,Completed
PAY-06268,INV-06268,2026-01-28,12960.96,Completed
PAY-06269,INV-06269,2026-04-05,382067.2,Completed
PAY-06270,INV-06270,2026-04-28,336984.96,Completed
PAY-06271,INV-06271,2026-05-30,22234.68,Completed
PAY-06272,INV-06272,2026-05-06,81740.97,Completed
PAY-06273,INV-06273,2026-05-26,143616.6,Completed
PAY-06274,INV-06274,2026-03-02,234186.22,Completed
PAY-06275,INV-06275,2026-04-26,111586.57,Completed
PAY-06276,INV-06276,2026-05-08,62573.2,Completed
PAY-06277,INV-06277,2026-03-26,159651.57,Completed
PAY-06278,INV-06278,2026-06-06,518855.76,Completed
PAY-06279,INV-06279,2026-04-13,85501.8,Completed
PAY-06280,INV-06280,2026-03-27,215831.0,Completed
PAY-06281,INV-06281,2026-05-28,26360.95,Completed
PAY-06282,INV-06282,2026-04-09,186399.5,Completed
PAY-06283,INV-06283,2026-05-14,109327.4,Completed
PAY-06284,INV-06284,2026-04-15,144525.42,Completed
PAY-06285,INV-06285,2026-02-12,209864.82,Completed
PAY-06286,INV-06286,2026-05-26,220571.04,Completed
PAY-06287,INV-06287,2026-05-20,517339.44,Completed
PAY-06288,INV-06288,2026-01-23,323789.84,Completed
PAY-06289,INV-06289,2026-06-12,672026.88,Completed
PAY-06290,INV-06290,2026-01-20,312080.22,Completed
PAY-06291,INV-06291,2026-03-03,154921.2,Completed
PAY-06292,INV-06292,2026-02-10,2343.0,Completed
PAY-06293,INV-06293,2026-02-13,378089.6,Completed
PAY-06294,INV-06294,2026-05-13,79051.52,Completed
PAY-06295,INV-06295,2026-04-10,478954.71,Completed
PAY-06296,INV-06296,2026-04-13,698198.5,Completed
PAY-06297,INV-06297,2026-05-04,62317.66,Completed
PAY-06298,INV-06298,2026-05-12,64229.36,Completed
PAY-06299,INV-06299,2026-02-02,8596.94,Completed
PAY-06300,INV-06300,2026-04-22,9769.25,Completed
PAY-06301,INV-06301,2026-04-24,177644.88,Completed
PAY-06302,INV-06302,2026-05-19,473719.68,Completed
PAY-06303,INV-06303,2026-05-24,183538.45,Completed
PAY-06304,INV-06304,2026-03-30,67843.16,Completed
PAY-06305,INV-06305,2026-05-16,8965.97,Completed
PAY-06306,INV-06306,2026-01-29,555927.65,Completed
PAY-06307,INV-06307,2026-04-17,221897.81,Completed
PAY-06308,INV-06308,2026-05-21,209515.02,Completed
PAY-06309,INV-06309,2026-02-24,130351.9,Completed
PAY-06310,INV-06310,2026-04-29,434017.36,Completed
PAY-06311,INV-06311,2026-05-01,4940.72,Completed
PAY-06312,INV-06312,2026-05-25,95907.06,Completed
PAY-06313,INV-06313,2026-05-24,660875.25,Completed
PAY-06314,INV-06314,2026-02-03,633498.95,Completed
PAY-06315,INV-06315,2026-05-11,382134.22,Completed
PAY-06316,INV-06316,2026-03-12,199747.07,Completed
PAY-06317,INV-06317,2026-04-08,90978.75,Completed
PAY-06318,INV-06318,2026-02-25,88836.88,Completed
PAY-06319,INV-06319,2026-04-10,28733.8,Completed
PAY-06320,INV-06320,2026-02-26,257908.56,Completed
PAY-06321,INV-06321,2026-02-03,388828.8,Completed
PAY-06322,INV-06322,2026-06-15,33238.08,Completed
PAY-06323,INV-06323,2026-06-12,102462.4,Completed
PAY-06324,INV-06324,2026-06-01,229216.23,Completed
PAY-06325,INV-06325,2026-04-09,109209.65,Completed
PAY-06326,INV-06326,2026-05-24,33665.06,Completed
PAY-06327,INV-06327,2026-03-20,622126.08,Completed
PAY-06328,INV-06328,2026-03-18,127152.62,Completed
PAY-06329,INV-06329,2026-05-13,84380.8,Completed
PAY-06330,INV-06330,2026-06-25,89074.78,Completed
PAY-06331,INV-06331,2026-03-08,190468.2,Completed
PAY-06332,INV-06332,2026-03-03,402375.12,Completed
PAY-06333,INV-06333,2026-02-10,125074.78,Completed
PAY-06334,INV-06334,2026-05-22,59003.04,Completed
PAY-06335,INV-06335,2026-04-14,249312.76,Completed
PAY-06336,INV-06336,2026-03-14,33892.65,Completed
PAY-06337,INV-06337,2026-02-24,38069.88,Completed
PAY-06338,INV-06338,2026-06-19,9691.37,Completed
PAY-06339,INV-06339,2026-05-15,546021.84,Completed
PAY-06340,INV-06340,2026-03-10,222357.6,Completed
PAY-06341,INV-06341,2026-04-26,156793.5,Completed
PAY-06342,INV-06342,2026-03-29,4944.99,Completed
PAY-06343,INV-06343,2026-04-10,390.5,Completed
PAY-06344,INV-06344,2026-06-30,625482.45,Completed
PAY-06345,INV-06345,2026-05-03,42053.76,Completed
PAY-06346,INV-06346,2026-02-01,258614.8,Completed
PAY-06347,INV-06347,2026-05-01,63073.5,Completed
PAY-06348,INV-06348,2026-03-23,94424.6,Completed
PAY-06349,INV-06349,2026-02-08,80220.93,Completed
PAY-06350,INV-06350,2026-02-01,198605.1,Completed
PAY-06351,INV-06351,2026-02-16,276178.89,Completed
PAY-06352,INV-06352,2026-05-07,211898.75,Completed
PAY-06353,INV-06353,2026-06-04,39525.76,Completed
PAY-06354,INV-06354,2026-03-25,132085.14,Completed
PAY-06355,INV-06355,2026-02-22,176178.24,Completed
PAY-06356,INV-06356,2026-06-03,292868.75,Completed
PAY-06357,INV-06357,2026-05-26,14681.52,Completed
PAY-06358,INV-06358,2026-04-02,34484.5,Completed
PAY-06359,INV-06359,2026-03-23,132783.77,Completed
PAY-06360,INV-06360,2026-02-19,188849.2,Completed
PAY-06361,INV-06361,2026-06-14,573991.08,Completed
PAY-06362,INV-06362,2026-02-13,617293.74,Completed
PAY-06363,INV-06363,2026-02-03,189044.8,Completed
PAY-06364,INV-06364,2026-06-29,87572.31,Completed
PAY-06365,INV-06365,2026-03-16,280405.8,Completed
PAY-06366,INV-06366,2026-04-17,330248.64,Completed
PAY-06367,INV-06367,2026-01-20,16832.53,Completed
PAY-06368,INV-06368,2026-04-13,589482.72,Completed
PAY-06369,INV-06369,2026-06-28,28741.08,Completed
PAY-06370,INV-06370,2026-05-29,562951.35,Completed
PAY-06371,INV-06371,2026-02-14,106605.07,Completed
PAY-06372,INV-06372,2026-04-25,16862.93,Completed
PAY-06373,INV-06373,2026-04-20,179974.88,Completed
PAY-06374,INV-06374,2026-05-19,437398.4,Completed
PAY-06375,INV-06375,2026-04-02,474227.82,Completed
PAY-06376,INV-06376,2026-06-12,216606.39,Completed
PAY-06377,INV-06377,2026-02-14,150680.0,Completed
PAY-06378,INV-06378,2026-06-04,3884.43,Completed
PAY-06379,INV-06379,2026-03-25,6257.32,Completed
PAY-06380,INV-06380,2026-06-22,126347.85,Completed
PAY-06381,INV-06381,2026-06-01,19046.82,Completed
PAY-06382,INV-06382,2026-02-27,20012.9,Completed
PAY-06383,INV-06383,2026-04-20,177644.88,Completed
PAY-06384,INV-06384,2026-04-25,570818.16,Completed
PAY-06385,INV-06385,2026-06-21,162399.65,Completed
PAY-06386,INV-06386,2026-05-01,91788.3,Completed
PAY-06387,INV-06387,2026-05-01,129584.8,Completed
PAY-06388,INV-06388,2026-01-31,41357.07,Completed
PAY-06389,INV-06389,2026-06-16,51869.44,Completed
PAY-06390,INV-06390,2026-06-02,543544.95,Completed
PAY-06391,INV-06391,2026-02-22,66977.2,Completed
PAY-06392,INV-06392,2026-06-10,44993.72,Completed
PAY-06393,INV-06393,2026-03-06,114964.32,Completed
PAY-06394,INV-06394,2026-04-21,161940.96,Completed
PAY-06395,INV-06395,2026-04-30,84098.0,Completed
PAY-06396,INV-06396,2026-03-02,599293.15,Completed
PAY-06397,INV-06397,2026-04-12,706270.0,Completed
PAY-06398,INV-06398,2026-05-06,68543.75,Completed
PAY-06399,INV-06399,2026-05-19,207782.39,Completed
PAY-06400,INV-06400,2026-01-23,246489.66,Completed
PAY-06401,INV-06401,2026-02-17,418919.1,Completed
PAY-06402,INV-06402,2026-04-26,202563.18,Completed
PAY-06403,INV-06403,2026-03-01,128332.05,Completed
PAY-06404,INV-06404,2026-05-30,154399.61,Completed
PAY-06405,INV-06405,2026-03-23,10661.22,Completed
PAY-06406,INV-06406,2026-05-22,542999.1,Completed
PAY-06407,INV-06407,2026-03-09,225785.5,Completed
PAY-06408,INV-06408,2026-02-19,367108.07,Completed
PAY-06409,INV-06409,2026-03-13,9763.42,Completed
PAY-06410,INV-06410,2026-03-24,146111.72,Completed
PAY-06411,INV-06411,2026-05-23,17855.84,Completed
PAY-06412,INV-06412,2026-04-11,172174.31,Completed
PAY-06413,INV-06413,2026-02-13,313587.0,Completed
PAY-06414,INV-06414,2026-06-26,107491.19,Completed
PAY-06415,INV-06415,2026-04-08,344416.39,Completed
PAY-06416,INV-06416,2026-04-24,164350.68,Completed
PAY-06417,INV-06417,2026-06-14,284438.4,Completed
PAY-06418,INV-06418,2026-04-14,41811.15,Completed
PAY-06419,INV-06419,2026-05-25,170663.04,Completed
PAY-06420,INV-06420,2026-04-01,32966.6,Completed
PAY-06421,INV-06421,2026-05-17,409506.63,Completed
PAY-06422,INV-06422,2026-05-11,22850.17,Completed
PAY-06423,INV-06423,2026-02-10,406839.9,Completed
PAY-06424,INV-06424,2026-03-17,56043.22,Completed
PAY-06425,INV-06425,2026-05-03,334215.12,Completed
PAY-06426,INV-06426,2026-06-16,532021.28,Completed
PAY-06427,INV-06427,2026-02-15,70926.94,Completed
PAY-06428,INV-06428,2026-04-14,89847.36,Completed
PAY-06429,INV-06429,2026-04-10,212675.61,Completed
PAY-06430,INV-06430,2026-02-27,99553.44,Completed
PAY-06431,INV-06431,2026-01-28,273089.4,Completed
PAY-06432,INV-06432,2026-04-30,359297.26,Completed
PAY-06433,INV-06433,2026-04-06,106681.43,Completed
PAY-06434,INV-06434,2026-04-20,215921.28,Completed
PAY-06435,INV-06435,2026-06-11,40603.5,Completed
PAY-06436,INV-06436,2026-03-25,117273.42,Completed
PAY-06437,INV-06437,2026-02-05,402167.34,Completed
PAY-06438,INV-06438,2026-04-14,3867.0,Completed
PAY-06439,INV-06439,2026-02-15,56544.58,Completed
PAY-06440,INV-06440,2026-03-05,391419.9,Completed
PAY-06441,INV-06441,2026-05-12,162340.2,Completed
PAY-06442,INV-06442,2026-06-01,84380.8,Completed
PAY-06443,INV-06443,2026-04-07,30136.0,Completed
PAY-06444,INV-06444,2026-02-21,31605.9,Completed
PAY-06445,INV-06445,2026-06-10,323344.34,Completed
PAY-06446,INV-06446,2026-02-25,62270.16,Completed
PAY-06447,INV-06447,2026-03-24,60988.21,Completed
PAY-06448,INV-06448,2026-02-26,112309.2,Completed
PAY-06449,INV-06449,2026-02-05,22022.28,Completed
PAY-06450,INV-06450,2026-03-02,88932.96,Completed
PAY-06451,INV-06451,2026-04-06,90421.03,Completed
PAY-06452,INV-06452,2026-01-28,79312.25,Completed
PAY-06453,INV-06453,2026-04-07,38878.07,Completed
PAY-06454,INV-06454,2026-06-01,492516.48,Completed
PAY-06455,INV-06455,2026-01-28,88306.32,Completed
PAY-06456,INV-06456,2026-04-03,36785.54,Completed
PAY-06457,INV-06457,2026-05-10,141776.7,Completed
PAY-06458,INV-06458,2026-05-22,186026.53,Completed
PAY-06459,INV-06459,2026-02-10,340549.33,Completed
PAY-06460,INV-06460,2026-04-11,18393.35,Completed
PAY-06461,INV-06461,2026-04-15,79959.15,Completed
PAY-06462,INV-06462,2026-03-01,85066.02,Completed
PAY-06463,INV-06463,2026-04-26,88932.96,Completed
PAY-06464,INV-06464,2026-06-20,138625.6,Completed
PAY-06465,INV-06465,2026-05-14,116376.66,Completed
PAY-06466,INV-06466,2026-03-10,81740.97,Completed
PAY-06467,INV-06467,2026-05-02,258202.0,Completed
PAY-06468,INV-06468,2026-02-21,620898.03,Completed
PAY-06469,INV-06469,2026-04-26,483588.84,Completed
PAY-06470,INV-06470,2026-05-31,353313.9,Completed
PAY-06471,INV-06471,2026-05-01,73612.56,Completed
PAY-06472,INV-06472,2026-04-02,4940.72,Completed
PAY-06473,INV-06473,2026-03-06,1640.1,Completed
PAY-06474,INV-06474,2026-03-05,137578.77,Completed
PAY-06475,INV-06475,2026-06-04,575461.38,Completed
PAY-06476,INV-06476,2026-03-16,78473.97,Completed
PAY-06477,INV-06477,2026-02-22,255994.56,Completed
PAY-06478,INV-06478,2026-04-26,128082.56,Completed
PAY-06479,INV-06479,2026-04-23,254305.24,Completed
PAY-06480,INV-06480,2026-04-08,334215.12,Completed
PAY-06481,INV-06481,2026-06-06,310206.75,Completed
PAY-06482,INV-06482,2026-05-08,158193.25,Completed
PAY-06483,INV-06483,2026-05-25,53054.71,Completed
PAY-06484,INV-06484,2026-02-27,291765.6,Completed
PAY-06485,INV-06485,2026-04-10,12007.74,Completed
PAY-06486,INV-06486,2026-06-02,181030.36,Completed
PAY-06487,INV-06487,2026-05-30,331334.54,Completed
PAY-06488,INV-06488,2026-05-02,254627.73,Completed
PAY-06489,INV-06489,2026-05-10,221897.81,Completed
PAY-06490,INV-06490,2026-06-29,566465.49,Completed
PAY-06491,INV-06491,2026-05-03,165798.36,Completed
PAY-06492,INV-06492,2026-06-25,288611.96,Completed
PAY-06493,INV-06493,2026-03-09,47212.3,Completed
PAY-06494,INV-06494,2026-04-26,191223.31,Completed
PAY-06495,INV-06495,2026-04-01,98877.8,Completed
PAY-06496,INV-06496,2026-04-09,312432.4,Completed
PAY-06497,INV-06497,2026-03-05,38349.36,Completed
PAY-06498,INV-06498,2026-04-19,383713.2,Completed
PAY-06499,INV-06499,2026-04-16,19311.32,Completed
PAY-06500,INV-06500,2026-04-20,404593.52,Completed
PAY-06501,INV-06501,2026-05-23,6207.21,Completed
PAY-06502,INV-06502,2026-03-10,16659.7,Completed
PAY-06503,INV-06503,2026-04-07,128666.44,Completed
PAY-06504,INV-06504,2026-02-01,16552.56,Completed
PAY-06505,INV-06505,2026-04-29,31320.31,Completed
PAY-06506,INV-06506,2026-05-05,1796.3,Completed
PAY-06507,INV-06507,2026-03-26,481138.24,Completed
PAY-06508,INV-06508,2026-03-31,400149.04,Completed
PAY-06509,INV-06509,2026-05-24,110145.96,Completed
PAY-06510,INV-06510,2026-04-21,303516.97,Completed
PAY-06511,INV-06511,2026-06-18,31167.08,Completed
PAY-06512,INV-06512,2026-02-06,58858.72,Completed
PAY-06513,INV-06513,2026-01-23,72241.89,Completed
PAY-06514,INV-06514,2026-03-18,586486.74,Completed
PAY-06515,INV-06515,2026-04-04,179213.97,Completed
PAY-06516,INV-06516,2026-04-22,409636.6,Completed
PAY-06517,INV-06517,2026-04-02,1867.8,Completed
PAY-06518,INV-06518,2026-05-27,431662.0,Completed
PAY-06519,INV-06519,2026-06-25,26593.61,Completed
PAY-06520,INV-06520,2026-03-14,244376.44,Completed
PAY-06521,INV-06521,2026-06-13,29501.52,Completed
PAY-06522,INV-06522,2026-03-14,65042.73,Completed
PAY-06523,INV-06523,2026-03-20,11885.4,Completed
PAY-06524,INV-06524,2026-02-10,220700.34,Completed
PAY-06525,INV-06525,2026-01-30,116758.26,Completed
PAY-06526,INV-06526,2026-05-29,20012.9,Completed
PAY-06527,INV-06527,2026-06-10,139589.56,Completed
PAY-06528,INV-06528,2026-02-27,28157.94,Completed
PAY-06529,INV-06529,2026-03-07,120681.96,Completed
PAY-06530,INV-06530,2026-06-15,486115.2,Completed
PAY-06531,INV-06531,2026-06-08,96913.7,Completed
PAY-06532,INV-06532,2026-03-29,201578.57,Completed
PAY-06533,INV-06533,2026-05-26,374998.9,Completed
PAY-06534,INV-06534,2026-01-29,32370.25,Completed
PAY-06535,INV-06535,2026-05-04,11493.52,Completed
PAY-06536,INV-06536,2026-03-29,72930.7,Completed
PAY-06537,INV-06537,2026-02-04,19288.94,Completed
PAY-06538,INV-06538,2026-03-14,361482.8,Completed
PAY-06539,INV-06539,2026-04-25,67777.03,Completed
PAY-06540,INV-06540,2026-05-29,266510.64,Completed
PAY-06541,INV-06541,2026-02-27,52204.5,Completed
PAY-06542,INV-06542,2026-03-09,3126.16,Completed
PAY-06543,INV-06543,2026-05-01,175541.6,Completed
PAY-06544,INV-06544,2026-02-17,340568.91,Completed
PAY-06545,INV-06545,2026-03-30,224007.25,Completed
PAY-06546,INV-06546,2026-06-24,89987.44,Completed
PAY-06547,INV-06547,2026-04-04,68378.8,Completed
PAY-06548,INV-06548,2026-04-29,121511.78,Completed
PAY-06549,INV-06549,2026-02-26,142326.55,Completed
PAY-06550,INV-06550,2026-05-09,21869.92,Completed
PAY-06551,INV-06551,2026-06-09,50814.96,Completed
PAY-06552,INV-06552,2026-06-20,383709.48,Completed
PAY-06553,INV-06553,2026-05-02,196085.13,Completed
PAY-06554,INV-06554,2026-03-27,2069.07,Completed
PAY-06555,INV-06555,2026-05-24,15781.86,Completed
PAY-06556,INV-06556,2026-04-23,117726.0,Completed
PAY-06557,INV-06557,2026-02-08,376083.4,Completed
PAY-06558,INV-06558,2026-03-08,205136.4,Completed
PAY-06559,INV-06559,2026-06-09,120886.32,Completed
PAY-06560,INV-06560,2026-04-26,116109.95,Completed
PAY-06561,INV-06561,2026-03-30,56743.56,Completed
PAY-06562,INV-06562,2026-05-09,451283.0,Completed
PAY-06563,INV-06563,2026-01-31,42001.68,Completed
PAY-06564,INV-06564,2026-05-08,93421.48,Completed
PAY-06565,INV-06565,2026-06-26,187681.75,Completed
PAY-06566,INV-06566,2026-04-03,37530.99,Completed
PAY-06567,INV-06567,2026-02-22,47998.12,Completed
PAY-06568,INV-06568,2026-01-31,30555.25,Completed
PAY-06569,INV-06569,2026-06-01,632861.96,Completed
PAY-06570,INV-06570,2026-06-08,488207.88,Completed
PAY-06571,INV-06571,2026-06-11,632861.96,Completed
PAY-06572,INV-06572,2026-04-10,19318.81,Completed
PAY-06573,INV-06573,2026-03-15,76698.72,Completed
PAY-06574,INV-06574,2026-06-07,191454.92,Completed
PAY-06575,INV-06575,2026-02-25,196589.05,Completed
PAY-06576,INV-06576,2026-04-18,25857.1,Completed
PAY-06577,INV-06577,2026-05-23,244442.0,Completed
PAY-06578,INV-06578,2026-02-03,168730.77,Completed
PAY-06579,INV-06579,2026-04-15,4754.16,Completed
PAY-06580,INV-06580,2026-05-12,167246.4,Completed
PAY-06581,INV-06581,2026-06-12,23606.15,Completed
PAY-06582,INV-06582,2026-05-05,261714.0,Completed
PAY-06583,INV-06583,2026-02-03,615027.9,Completed
PAY-06584,INV-06584,2026-01-26,261712.5,Completed
PAY-06585,INV-06585,2026-01-28,291549.36,Completed
PAY-06586,INV-06586,2026-06-02,206785.35,Completed
PAY-06587,INV-06587,2026-03-17,36329.32,Completed
PAY-06588,INV-06588,2026-03-13,225190.01,Completed
PAY-06589,INV-06589,2026-03-12,39242.0,Completed
PAY-06590,INV-06590,2026-03-14,185749.84,Completed
PAY-06591,INV-06591,2026-05-27,22461.84,Completed
PAY-06592,INV-06592,2026-03-31,279279.4,Completed
PAY-06593,INV-06593,2026-06-22,292835.42,Completed
PAY-06594,INV-06594,2026-05-10,48179.8,Completed
PAY-06595,INV-06595,2026-04-17,168492.48,Completed
PAY-06596,INV-06596,2026-04-28,199504.2,Completed
PAY-06597,INV-06597,2026-06-03,1640.1,Completed
PAY-06598,INV-06598,2026-01-26,59032.8,Completed
PAY-06599,INV-06599,2026-04-05,7131.6,Completed
PAY-06600,INV-06600,2026-04-15,148359.75,Completed
PAY-06601,INV-06601,2026-06-06,56002.24,Completed
PAY-06602,INV-06602,2026-05-13,55180.05,Completed
PAY-06603,INV-06603,2026-05-29,53744.56,Completed
PAY-06604,INV-06604,2026-04-14,142704.54,Completed
PAY-06605,INV-06605,2026-03-01,272266.58,Completed
PAY-06606,INV-06606,2026-03-29,123518.0,Completed
PAY-06607,INV-06607,2026-04-09,397346.17,Completed
PAY-06608,INV-06608,2026-03-09,426212.78,Completed
PAY-06609,INV-06609,2026-06-18,154226.49,Completed
PAY-06610,INV-06610,2026-06-17,223403.6,Completed
PAY-06611,INV-06611,2026-04-23,25818.48,Completed
PAY-06612,INV-06612,2026-04-07,8620.14,Completed
PAY-06613,INV-06613,2026-06-22,2716.8,Completed
PAY-06614,INV-06614,2026-02-20,174662.18,Completed
PAY-06615,INV-06615,2026-02-18,505477.44,Completed
PAY-06616,INV-06616,2026-05-14,113421.36,Completed
PAY-06617,INV-06617,2026-06-03,216606.39,Completed
PAY-06618,INV-06618,2026-03-05,242245.08,Completed
PAY-06619,INV-06619,2026-06-03,225180.54,Completed
PAY-06620,INV-06620,2026-06-02,401089.18,Completed
PAY-06621,INV-06621,2026-04-15,2343.0,Completed
PAY-06622,INV-06622,2026-06-22,123555.34,Completed
PAY-06623,INV-06623,2026-02-20,52721.9,Completed
PAY-06624,INV-06624,2026-03-25,60224.75,Completed
PAY-06625,INV-06625,2026-04-26,234324.3,Completed
PAY-06626,INV-06626,2026-06-17,278798.24,Completed
PAY-06627,INV-06627,2026-05-15,9347.06,Completed
PAY-06628,INV-06628,2026-05-28,642342.62,Completed
PAY-06629,INV-06629,2026-03-09,114919.71,Completed
PAY-06630,INV-06630,2026-06-17,132175.48,Completed
PAY-06631,INV-06631,2026-03-26,41221.7,Completed
PAY-06632,INV-06632,2026-06-19,38543.84,Completed
PAY-06633,INV-06633,2026-05-28,77765.76,Completed
PAY-06634,INV-06634,2026-02-28,116732.07,Completed
PAY-06635,INV-06635,2026-03-06,225185.94,Completed
PAY-06636,INV-06636,2026-02-01,78670.72,Completed
PAY-06637,INV-06637,2026-04-09,39257.1,Completed
PAY-06638,INV-06638,2026-03-22,475617.78,Completed
PAY-06639,INV-06639,2026-02-14,673033.76,Completed
PAY-06640,INV-06640,2026-03-02,303707.61,Completed
PAY-06641,INV-06641,2026-05-29,67266.19,Completed
PAY-06642,INV-06642,2026-01-21,15770.16,Completed
PAY-06643,INV-06643,2026-06-25,16243.38,Completed
PAY-06644,INV-06644,2026-06-01,102794.5,Completed
PAY-06645,INV-06645,2026-04-27,620413.5,Completed
PAY-06646,INV-06646,2026-06-03,17408.27,Completed
PAY-06647,INV-06647,2026-02-25,391634.8,Completed
PAY-06648,INV-06648,2026-05-08,62717.4,Completed
PAY-06649,INV-06649,2026-01-17,213961.44,Completed
PAY-06650,INV-06650,2026-03-07,2486.57,Completed
PAY-06651,INV-06651,2026-04-11,39632.44,Completed
PAY-06652,INV-06652,2026-04-24,220336.32,Completed
PAY-06653,INV-06653,2026-06-12,112590.27,Completed
PAY-06654,INV-06654,2026-06-21,318659.23,Completed
PAY-06655,INV-06655,2026-05-18,67777.03,Completed
PAY-06656,INV-06656,2026-04-11,434243.04,Completed
PAY-06657,INV-06657,2026-05-14,219471.7,Completed
PAY-06658,INV-06658,2026-02-28,272441.25,Completed
PAY-06659,INV-06659,2026-04-13,60243.12,Completed
PAY-06660,INV-06660,2026-06-01,43838.5,Completed
PAY-06661,INV-06661,2026-06-06,54493.98,Completed
PAY-06662,INV-06662,2026-02-24,700028.0,Completed
PAY-06663,INV-06663,2026-04-18,161196.42,Completed
PAY-06664,INV-06664,2026-05-04,107699.57,Completed
PAY-06665,INV-06665,2026-04-17,42190.4,Completed
PAY-06666,INV-06666,2026-03-23,368426.7,Completed
PAY-06667,INV-06667,2026-05-11,194562.9,Completed
PAY-06668,INV-06668,2026-02-03,123727.11,Completed
PAY-06669,INV-06669,2026-05-21,14125.4,Completed
PAY-06670,INV-06670,2026-06-13,76384.85,Completed
PAY-06671,INV-06671,2026-02-09,658026.32,Completed
PAY-06672,INV-06672,2026-06-14,54617.88,Completed
PAY-06673,INV-06673,2026-04-06,313135.92,Completed
PAY-06674,INV-06674,2026-01-18,332543.26,Completed
PAY-06675,INV-06675,2026-04-20,170472.85,Completed
PAY-06676,INV-06676,2026-05-30,312882.24,Completed
PAY-06677,INV-06677,2026-04-20,522645.0,Completed
PAY-06678,INV-06678,2026-02-14,5942.7,Completed
PAY-06679,INV-06679,2026-03-25,67266.19,Completed
PAY-06680,INV-06680,2026-03-17,288999.97,Completed
PAY-06681,INV-06681,2026-02-25,500401.2,Completed
PAY-06682,INV-06682,2026-02-28,219169.17,Completed
PAY-06683,INV-06683,2026-05-19,291003.12,Completed
PAY-06684,INV-06684,2026-05-27,158420.09,Completed
PAY-06685,INV-06685,2026-03-02,226108.85,Completed
PAY-06686,INV-06686,2026-04-25,51714.2,Completed
PAY-06687,INV-06687,2026-01-18,48888.4,Completed
PAY-06688,INV-06688,2026-03-25,325471.92,Completed
PAY-06689,INV-06689,2026-02-04,96712.7,Completed
PAY-06690,INV-06690,2026-03-23,160702.56,Completed
PAY-06691,INV-06691,2026-03-01,56242.15,Completed
PAY-06692,INV-06692,2026-02-05,214923.8,Completed
PAY-06693,INV-06693,2026-03-07,3516.93,Completed
PAY-06694,INV-06694,2026-03-06,68878.3,Completed
PAY-06695,INV-06695,2026-04-22,69894.73,Completed
PAY-06696,INV-06696,2026-04-30,45770.81,Completed
PAY-06697,INV-06697,2026-04-21,49345.8,Completed
PAY-06698,INV-06698,2026-04-03,17242.25,Completed
PAY-06699,INV-06699,2026-04-07,257007.24,Completed
PAY-06700,INV-06700,2026-03-01,54674.8,Completed
PAY-06701,INV-06701,2026-07-06,4173.07,Completed
PAY-06702,INV-06702,2026-03-13,156040.11,Completed
PAY-06703,INV-06703,2026-04-22,71834.5,Completed
PAY-06704,INV-06704,2026-02-13,181181.65,Completed
PAY-06705,INV-06705,2026-03-19,107491.19,Completed
PAY-06706,INV-06706,2026-04-10,17209.22,Completed
PAY-06707,INV-06707,2026-04-05,4817.98,Completed
PAY-06708,INV-06708,2026-03-22,425341.02,Completed
PAY-06709,INV-06709,2026-06-17,465185.76,Completed
PAY-06710,INV-06710,2026-05-23,120886.32,Completed
PAY-06711,INV-06711,2026-04-30,401789.76,Completed
PAY-06712,INV-06712,2026-04-21,613056.5,Completed
PAY-06713,INV-06713,2026-05-01,166180.56,Completed
PAY-06714,INV-06714,2026-06-23,160521.82,Completed
PAY-06715,INV-06715,2026-05-21,14152.25,Completed
PAY-06716,INV-06716,2026-06-16,51231.2,Completed
PAY-06717,INV-06717,2026-03-09,62674.25,Completed
PAY-06718,INV-06718,2026-05-22,27799.22,Completed
PAY-06719,INV-06719,2026-05-06,634129.55,Completed
PAY-06720,INV-06720,2026-04-23,5260.62,Completed
PAY-06721,INV-06721,2026-05-02,73487.35,Completed
PAY-06722,INV-06722,2026-04-17,518020.72,Completed
PAY-06723,INV-06723,2026-02-04,291891.81,Completed
PAY-06724,INV-06724,2026-05-15,87612.0,Completed
PAY-06725,INV-06725,2026-02-13,14177.67,Completed
PAY-06726,INV-06726,2026-02-19,381385.8,Completed
PAY-06727,INV-06727,2026-06-18,247339.7,Completed
PAY-06728,INV-06728,2026-05-03,70307.16,Completed
PAY-06729,INV-06729,2026-02-11,146868.15,Completed
PAY-06730,INV-06730,2026-05-22,214947.3,Completed
PAY-06731,INV-06731,2026-03-03,111037.15,Completed
PAY-06732,INV-06732,2026-02-04,41891.91,Completed
PAY-06733,INV-06733,2026-01-16,60856.07,Completed
PAY-06734,INV-06734,2026-06-08,266592.48,Completed
PAY-06735,INV-06735,2026-06-02,284549.75,Completed
PAY-06736,INV-06736,2026-05-05,35554.8,Completed
PAY-06737,INV-06737,2026-04-07,47587.35,Completed
PAY-06738,INV-06738,2026-02-18,200129.0,Completed
PAY-06739,INV-06739,2026-05-27,781.0,Completed
PAY-06740,INV-06740,2026-01-24,227058.25,Completed
PAY-06741,INV-06741,2026-03-16,52315.98,Completed
PAY-06742,INV-06742,2026-04-29,72269.7,Completed
PAY-06743,INV-06743,2026-01-18,654285.0,Completed
PAY-06744,INV-06744,2026-03-24,112975.5,Completed
PAY-06745,INV-06745,2026-06-03,3793.7,Completed
PAY-06746,INV-06746,2026-05-07,6483.68,Completed
PAY-06747,INV-06747,2026-06-01,154096.05,Completed
PAY-06748,INV-06748,2026-06-17,40683.99,Completed
PAY-06749,INV-06749,2026-05-23,247828.41,Completed
PAY-06750,INV-06750,2026-05-15,51933.53,Completed
PAY-06751,INV-06751,2026-04-21,38880.46,Completed
PAY-06752,INV-06752,2026-03-13,71483.3,Completed
PAY-06753,INV-06753,2026-05-22,90408.0,Completed
PAY-06754,INV-06754,2026-03-27,250889.4,Completed
PAY-06755,INV-06755,2026-03-01,696852.5,Completed
PAY-06756,INV-06756,2026-04-26,552977.25,Completed
PAY-06757,INV-06757,2026-04-09,306615.1,Completed
PAY-06758,INV-06758,2026-03-18,335105.4,Completed
PAY-06759,INV-06759,2026-03-30,258713.89,Completed
PAY-06760,INV-06760,2026-06-19,195817.4,Completed
PAY-06761,INV-06761,2026-03-27,149174.63,Completed
PAY-06762,INV-06762,2026-04-25,28687.2,Completed
PAY-06763,INV-06763,2026-06-16,404617.5,Completed
PAY-06764,INV-06764,2026-02-21,277992.2,Completed
PAY-06765,INV-06765,2026-02-03,47258.9,Completed
PAY-06766,INV-06766,2026-03-27,103280.8,Completed
PAY-06767,INV-06767,2026-05-16,57881.72,Completed
PAY-06768,INV-06768,2026-05-12,184526.65,Completed
PAY-06769,INV-06769,2026-02-22,111016.08,Completed
PAY-06770,INV-06770,2026-02-11,116145.96,Completed
PAY-06771,INV-06771,2026-05-11,162092.0,Completed
PAY-06772,INV-06772,2026-03-04,13937.05,Completed
PAY-06773,INV-06773,2026-05-01,255902.68,Completed
PAY-06774,INV-06774,2026-02-05,183331.5,Completed
PAY-06775,INV-06775,2026-02-25,633900.75,Completed
PAY-06776,INV-06776,2026-04-04,166037.25,Completed
PAY-06777,INV-06777,2026-04-05,152203.2,Completed
PAY-06778,INV-06778,2026-04-25,93950.61,Completed
PAY-06779,INV-06779,2026-02-06,208439.21,Completed
PAY-06780,INV-06780,2026-06-09,172174.31,Completed
PAY-06781,INV-06781,2026-04-16,324799.3,Completed
PAY-06782,INV-06782,2026-04-03,598372.0,Completed
PAY-06783,INV-06783,2026-02-28,320243.21,Completed
PAY-06784,INV-06784,2026-02-25,36391.5,Completed
PAY-06785,INV-06785,2026-04-14,122051.97,Completed
PAY-06786,INV-06786,2026-03-21,653175.45,Completed
PAY-06787,INV-06787,2026-02-25,64284.87,Completed
PAY-06788,INV-06788,2026-04-18,670270.56,Completed
PAY-06789,INV-06789,2026-05-06,91948.16,Completed
PAY-06790,INV-06790,2026-03-09,32020.64,Completed
PAY-06791,INV-06791,2026-04-18,103886.01,Completed
PAY-06792,INV-06792,2026-05-02,167443.0,Completed
PAY-06793,INV-06793,2026-06-11,283567.2,Completed
PAY-06794,INV-06794,2026-05-08,53949.0,Completed
PAY-06795,INV-06795,2026-06-11,227563.56,Completed
PAY-06796,INV-06796,2026-04-06,77765.76,Completed
PAY-06797,INV-06797,2026-03-15,74081.87,Completed
PAY-06798,INV-06798,2026-03-02,66622.29,Completed
PAY-06799,INV-06799,2026-03-19,39257.1,Completed
PAY-06800,INV-06800,2026-02-20,469961.76,Completed
PAY-06801,INV-06801,2026-06-20,330333.04,Completed
PAY-06802,INV-06802,2026-02-26,365851.5,Completed
PAY-06803,INV-06803,2026-03-04,159657.68,Completed
PAY-06804,INV-06804,2026-03-21,220291.92,Completed
PAY-06805,INV-06805,2026-03-03,338041.81,Completed
PAY-06806,INV-06806,2026-02-17,391592.8,Completed
PAY-06807,INV-06807,2026-05-24,758.74,Completed
PAY-06808,INV-06808,2026-05-02,13104.11,Completed
PAY-06809,INV-06809,2026-05-19,181623.96,Completed
PAY-06810,INV-06810,2026-03-19,243550.16,Completed
PAY-06811,INV-06811,2026-05-23,348517.47,Completed
PAY-06812,INV-06812,2026-05-14,367833.9,Completed
PAY-06813,INV-06813,2026-05-19,56971.64,Completed
PAY-06814,INV-06814,2026-02-26,518925.6,Completed
PAY-06815,INV-06815,2026-03-24,140594.58,Completed
PAY-06816,INV-06816,2026-02-11,135887.7,Completed
PAY-06817,INV-06817,2026-05-31,3172.49,Completed
PAY-06818,INV-06818,2026-06-18,28018.06,Completed
PAY-06819,INV-06819,2026-06-06,343675.64,Completed
PAY-06820,INV-06820,2026-06-01,309769.55,Completed
PAY-06821,INV-06821,2026-06-05,134443.1,Completed
PAY-06822,INV-06822,2026-05-27,12910.1,Completed
PAY-06823,INV-06823,2026-06-10,80351.28,Completed
PAY-06824,INV-06824,2026-04-07,160521.82,Completed
PAY-06825,INV-06825,2026-05-25,620570.4,Completed
PAY-06826,INV-06826,2026-03-04,153445.52,Completed
PAY-06827,INV-06827,2026-04-11,611582.84,Completed
PAY-06828,INV-06828,2026-04-20,580637.6,Completed
PAY-06829,INV-06829,2026-05-31,150680.0,Completed
PAY-06830,INV-06830,2026-04-05,90515.18,Completed
PAY-06831,INV-06831,2026-06-07,10513.44,Completed
PAY-06832,INV-06832,2026-03-31,191856.6,Completed
PAY-06833,INV-06833,2026-01-21,531399.36,Completed
PAY-06834,INV-06834,2026-04-25,128666.44,Completed
PAY-06835,INV-06835,2026-03-24,122070.62,Completed
PAY-06836,INV-06836,2026-02-25,349918.72,Completed
PAY-06837,INV-06837,2026-01-26,56242.15,Completed
PAY-06838,INV-06838,2026-05-13,99243.69,Completed
PAY-06839,INV-06839,2026-04-02,375879.03,Completed
PAY-06840,INV-06840,2026-03-24,67278.4,Completed
PAY-06841,INV-06841,2026-04-03,27122.4,Completed
PAY-06842,INV-06842,2026-05-02,614044.5,Completed
PAY-06843,INV-06843,2026-05-24,85501.8,Completed
PAY-06844,INV-06844,2026-05-18,42777.35,Completed
PAY-06845,INV-06845,2026-03-14,68739.5,Completed
PAY-06846,INV-06846,2026-02-01,49340.48,Completed
PAY-06847,INV-06847,2026-06-02,73523.51,Completed
PAY-06848,INV-06848,2026-03-25,230377.47,Completed
PAY-06849,INV-06849,2026-03-01,98680.96,Completed
PAY-06850,INV-06850,2026-06-07,340690.32,Completed
PAY-06851,INV-06851,2026-04-21,120831.26,Completed
PAY-06852,INV-06852,2026-05-23,517229.6,Completed
PAY-06853,INV-06853,2026-06-22,327104.16,Completed
PAY-06854,INV-06854,2026-03-09,358245.5,Completed
PAY-06855,INV-06855,2026-02-28,343311.64,Completed
PAY-06856,INV-06856,2026-02-26,184187.3,Completed
PAY-06857,INV-06857,2026-02-12,188152.2,Completed
PAY-06858,INV-06858,2026-05-17,138168.24,Completed
PAY-06859,INV-06859,2026-05-02,397346.17,Completed
PAY-06860,INV-06860,2026-02-06,14658.66,Completed
PAY-06861,INV-06861,2026-02-03,218093.75,Completed
PAY-06862,INV-06862,2026-03-02,166037.25,Completed
PAY-06863,INV-06863,2026-04-17,419612.24,Completed
PAY-06864,INV-06864,2026-05-05,57881.72,Completed
PAY-06865,INV-06865,2026-06-21,174003.31,Completed
PAY-06866,INV-06866,2026-03-10,18422.04,Completed
PAY-06867,INV-06867,2026-02-27,157478.02,Completed
PAY-06868,INV-06868,2026-03-08,67516.0,Completed
PAY-06869,INV-06869,2026-04-04,12895.41,Completed
PAY-06870,INV-06870,2026-05-20,222304.68,Completed
PAY-06871,INV-06871,2026-03-02,58660.26,Completed
PAY-06872,INV-06872,2026-04-13,75060.18,Completed
PAY-06873,INV-06873,2026-02-01,206856.8,Completed
PAY-06874,INV-06874,2026-03-30,272266.58,Completed
PAY-06875,INV-06875,2026-05-07,158887.3,Completed
PAY-06876,INV-06876,2026-03-29,74174.85,Completed
PAY-06877,INV-06877,2026-05-30,323746.5,Completed
PAY-06878,INV-06878,2026-05-27,263105.52,Completed
PAY-06879,INV-06879,2026-02-16,3013.6,Completed
PAY-06880,INV-06880,2026-02-10,546053.4,Completed
PAY-06881,INV-06881,2026-04-08,273040.26,Completed
PAY-06882,INV-06882,2026-02-09,553631.2,Completed
PAY-06883,INV-06883,2026-04-23,582006.24,Completed
PAY-06884,INV-06884,2026-06-17,77087.68,Completed
PAY-06885,INV-06885,2026-03-20,158539.26,Completed
PAY-06886,INV-06886,2026-06-09,89074.78,Completed
PAY-06887,INV-06887,2026-06-17,444112.2,Completed
PAY-06888,INV-06888,2026-03-20,364586.4,Completed
PAY-06889,INV-06889,2026-05-30,147005.88,Completed
PAY-06890,INV-06890,2026-01-30,374729.16,Completed
PAY-06891,INV-06891,2026-04-22,352739.28,Completed
PAY-06892,INV-06892,2026-03-29,158182.81,Completed
PAY-06893,INV-06893,2026-02-26,4725.89,Completed
PAY-06894,INV-06894,2026-05-31,56397.72,Completed
PAY-06895,INV-06895,2026-04-12,546021.84,Completed
PAY-06896,INV-06896,2026-06-05,300893.32,Completed
PAY-06897,INV-06897,2026-04-08,426226.63,Completed
PAY-06898,INV-06898,2026-06-20,66407.5,Completed
PAY-06899,INV-06899,2026-05-25,5943.0,Completed
PAY-06900,INV-06900,2026-05-05,445985.6,Completed
PAY-06901,INV-06901,2026-05-30,153397.44,Completed
PAY-06902,INV-06902,2026-04-20,390540.19,Completed
PAY-06903,INV-06903,2026-04-14,152737.25,Completed
PAY-06904,INV-06904,2026-05-18,178067.12,Completed
PAY-06905,INV-06905,2026-02-11,303134.1,Completed
PAY-06906,INV-06906,2026-05-28,67475.4,Completed
PAY-06907,INV-06907,2026-02-01,487020.6,Completed
PAY-06908,INV-06908,2026-03-27,218252.34,Completed
PAY-06909,INV-06909,2026-03-14,565286.32,Completed
PAY-06910,INV-06910,2026-04-13,145387.14,Completed
PAY-06911,INV-06911,2026-02-10,36844.08,Completed
PAY-06912,INV-06912,2026-01-21,148228.61,Completed
PAY-06913,INV-06913,2026-06-08,390540.19,Completed
PAY-06914,INV-06914,2026-01-28,3592.6,Completed
PAY-06915,INV-06915,2026-06-06,491368.12,Completed
PAY-06916,INV-06916,2026-05-21,381457.86,Completed
PAY-06917,INV-06917,2026-01-24,6167.56,Completed
PAY-06918,INV-06918,2026-03-29,194414.4,Completed
PAY-06919,INV-06919,2026-03-28,78598.24,Completed
PAY-06920,INV-06920,2026-06-08,220222.8,Completed
PAY-06921,INV-06921,2026-03-01,232370.1,Completed
PAY-06922,INV-06922,2026-03-25,14717.72,Completed
PAY-06923,INV-06923,2026-02-28,505693.23,Completed
PAY-06924,INV-06924,2026-06-07,97297.27,Completed
PAY-06925,INV-06925,2026-06-09,362060.72,Completed
PAY-06926,INV-06926,2026-02-27,3152.42,Completed
PAY-06927,INV-06927,2026-05-20,429893.41,Completed
PAY-06928,INV-06928,2026-02-26,1718.2,Completed
PAY-06929,INV-06929,2026-02-26,183576.6,Completed
PAY-06930,INV-06930,2026-03-14,86475.96,Completed
PAY-06931,INV-06931,2026-06-16,88504.56,Completed
PAY-06932,INV-06932,2026-06-23,8987.71,Completed
PAY-06933,INV-06933,2026-05-11,378015.12,Completed
PAY-06934,INV-06934,2026-03-03,257756.73,Completed
PAY-06935,INV-06935,2026-05-08,407663.1,Completed
PAY-06936,INV-06936,2026-02-08,52859.96,Completed
PAY-06937,INV-06937,2026-02-23,48030.96,Completed
PAY-06938,INV-06938,2026-04-26,309072.12,Completed
PAY-06939,INV-06939,2026-06-03,407037.54,Completed
PAY-06940,INV-06940,2026-06-07,236929.85,Completed
PAY-06941,INV-06941,2026-06-12,70761.25,Completed
PAY-06942,INV-06942,2026-04-24,134556.8,Completed
PAY-06943,INV-06943,2026-05-02,222112.21,Completed
PAY-06944,INV-06944,2026-04-24,344892.96,Completed
PAY-06945,INV-06945,2026-06-29,16862.93,Completed
PAY-06946,INV-06946,2026-02-25,268327.02,Completed
PAY-06947,INV-06947,2026-05-23,17438.66,Completed
PAY-06948,INV-06948,2026-05-06,67672.5,Completed
PAY-06949,INV-06949,2026-05-26,126423.6,Completed
PAY-06950,INV-06950,2026-06-03,93000.5,Completed
PAY-06951,INV-06951,2026-02-20,368272.06,Completed
PAY-06952,INV-06952,2026-05-31,34480.56,Completed
PAY-06953,INV-06953,2026-02-27,6257.32,Completed
PAY-06954,INV-06954,2026-02-21,466594.56,Completed
PAY-06955,INV-06955,2026-03-19,1327.7,Completed
PAY-06956,INV-06956,2026-03-18,295164.0,Completed
PAY-06957,INV-06957,2026-03-14,42053.76,Completed
PAY-06958,INV-06958,2026-06-22,457123.68,Completed
PAY-06959,INV-06959,2026-06-23,59339.88,Completed
PAY-06960,INV-06960,2026-04-03,7329.85,Completed
PAY-06961,INV-06961,2026-04-05,184220.4,Completed
PAY-06962,INV-06962,2026-06-16,340816.56,Completed
PAY-06963,INV-06963,2026-06-11,78326.96,Completed
PAY-06964,INV-06964,2026-05-25,287885.4,Completed
PAY-06965,INV-06965,2026-02-19,376300.35,Completed
PAY-06966,INV-06966,2026-05-07,60340.98,Completed
PAY-06967,INV-06967,2026-05-09,159603.36,Completed
PAY-06968,INV-06968,2026-02-04,92110.2,Completed
PAY-06969,INV-06969,2026-05-24,101764.74,Completed
PAY-06970,INV-06970,2026-06-13,31158.69,Completed
PAY-06971,INV-06971,2026-05-05,205136.4,Completed
PAY-06972,INV-06972,2026-02-08,31957.8,Completed
PAY-06973,INV-06973,2026-04-26,13963.97,Completed
PAY-06974,INV-06974,2026-05-20,31959.98,Completed
PAY-06975,INV-06975,2026-03-21,412810.8,Completed
PAY-06976,INV-06976,2026-06-10,296891.76,Completed
PAY-06977,INV-06977,2026-03-25,129092.4,Completed
PAY-06978,INV-06978,2026-03-31,119533.5,Completed
PAY-06979,INV-06979,2026-03-12,77581.26,Completed
PAY-06980,INV-06980,2026-05-03,352366.17,Completed
PAY-06981,INV-06981,2026-05-07,64019.45,Completed
PAY-06982,INV-06982,2026-02-13,63111.84,Completed
PAY-06983,INV-06983,2026-04-08,114638.56,Completed
PAY-06984,INV-06984,2026-01-30,252248.38,Completed
PAY-06985,INV-06985,2026-03-29,85969.52,Completed
PAY-06986,INV-06986,2026-04-25,545471.0,Completed
PAY-06987,INV-06987,2026-02-27,10345.35,Completed
PAY-06988,INV-06988,2026-06-01,20490.73,Completed
PAY-06989,INV-06989,2026-05-30,111178.8,Completed
PAY-06990,INV-06990,2026-02-07,530630.86,Completed
PAY-06991,INV-06991,2026-07-04,140090.3,Completed
PAY-06992,INV-06992,2026-04-23,407663.1,Completed
PAY-06993,INV-06993,2026-05-31,488598.36,Completed
PAY-06994,INV-06994,2026-06-06,88836.88,Completed
PAY-06995,INV-06995,2026-01-24,245262.5,Completed
PAY-06996,INV-06996,2026-01-18,245105.16,Completed
PAY-06997,INV-06997,2026-03-10,77460.6,Completed
PAY-06998,INV-06998,2026-03-29,497130.33,Completed
PAY-06999,INV-06999,2026-03-06,193651.5,Completed
PAY-07000,INV-07000,2026-02-16,8423.19,Completed
PAY-07001,INV-07001,2026-03-26,135613.3,Completed
PAY-07002,INV-07002,2026-03-29,14036.69,Completed
PAY-07003,INV-07003,2026-04-29,8987.71,Completed
PAY-07004,INV-07004,2026-03-31,41811.6,Completed
PAY-07005,INV-07005,2026-02-23,27571.38,Completed
PAY-07006,INV-07006,2026-02-26,574821.6,Completed
PAY-07007,INV-07007,2026-05-18,365325.24,Completed
PAY-07008,INV-07008,2026-04-30,394789.7,Completed
PAY-07009,INV-07009,2026-02-26,220222.8,Completed
PAY-07010,INV-07010,2026-06-20,247686.48,Completed
PAY-07011,INV-07011,2026-02-16,12504.64,Completed
PAY-07012,INV-07012,2026-05-20,37314.27,Completed
PAY-07013,INV-07013,2026-05-15,266467.32,Completed
PAY-07014,INV-07014,2026-02-11,142238.14,Completed
PAY-07015,INV-07015,2026-04-10,566793.36,Completed
PAY-07016,INV-07016,2026-03-12,88797.52,Completed
PAY-07017,INV-07017,2026-04-15,391216.4,Completed
PAY-07018,INV-07018,2026-05-09,159378.0,Completed
PAY-07019,INV-07019,2026-03-25,506179.35,Completed
PAY-07020,INV-07020,2026-03-02,135686.32,Completed
PAY-07021,INV-07021,2026-05-20,460361.12,Completed
PAY-07022,INV-07022,2026-04-12,215424.9,Completed
PAY-07023,INV-07023,2026-06-13,17338.31,Completed
PAY-07024,INV-07024,2026-03-04,161940.96,Completed
PAY-07025,INV-07025,2026-06-19,113636.56,Completed
PAY-07026,INV-07026,2026-04-07,56890.62,Completed
PAY-07027,INV-07027,2026-02-21,73170.3,Completed
PAY-07028,INV-07028,2026-04-14,392356.16,Completed
PAY-07029,INV-07029,2026-05-29,7471.2,Completed
PAY-07030,INV-07030,2026-02-25,38952.0,Completed
PAY-07031,INV-07031,2026-05-02,555432.6,Completed
PAY-07032,INV-07032,2026-03-14,214982.38,Completed
PAY-07033,INV-07033,2026-04-25,56654.76,Completed
PAY-07034,INV-07034,2026-04-17,176204.36,Completed
PAY-07035,INV-07035,2026-02-21,34676.62,Completed
PAY-07036,INV-07036,2026-07-16,324767.68,Completed
PAY-07037,INV-07037,2026-05-19,388004.16,Completed
PAY-07038,INV-07038,2026-06-21,425351.22,Completed
PAY-07039,INV-07039,2026-06-21,163481.94,Completed
PAY-07040,INV-07040,2026-03-26,4204.9,Completed
PAY-07041,INV-07041,2026-02-23,215651.12,Completed
PAY-07042,INV-07042,2026-05-18,455621.57,Completed
PAY-07043,INV-07043,2026-05-14,429831.15,Completed
PAY-07044,INV-07044,2026-03-12,18694.12,Completed
PAY-07045,INV-07045,2026-05-10,184220.4,Completed
PAY-07046,INV-07046,2026-04-24,15621.62,Completed
PAY-07047,INV-07047,2026-06-18,383900.56,Completed
PAY-07048,INV-07048,2026-04-20,486407.25,Completed
PAY-07049,INV-07049,2026-07-03,61770.06,Completed
PAY-07050,INV-07050,2026-03-12,164740.28,Completed
PAY-07051,INV-07051,2026-02-28,330437.88,Completed
PAY-07052,INV-07052,2026-02-27,46485.25,Completed
PAY-07053,INV-07053,2026-02-17,176994.95,Completed
PAY-07054,INV-07054,2026-04-15,4204.9,Completed
PAY-07055,INV-07055,2026-06-16,60253.6,Completed
PAY-07056,INV-07056,2026-04-18,10345.35,Completed
PAY-07057,INV-07057,2026-02-16,380597.48,Completed
PAY-07058,INV-07058,2026-03-30,184187.3,Completed
PAY-07059,INV-07059,2026-01-20,72750.78,Completed
PAY-07060,INV-07060,2026-03-31,186059.17,Completed
PAY-07061,INV-07061,2026-06-22,37549.49,Completed
PAY-07062,INV-07062,2026-05-28,73648.68,Completed
PAY-07063,INV-07063,2026-03-07,18131.63,Completed
PAY-07064,INV-07064,2026-05-27,512813.04,Completed
PAY-07065,INV-07065,2026-04-08,27587.6,Completed
PAY-07066,INV-07066,2026-04-11,22234.68,Completed
PAY-07067,INV-07067,2026-03-12,6237.48,Completed
PAY-07068,INV-07068,2026-04-04,29501.52,Completed
PAY-07069,INV-07069,2026-05-26,113003.2,Completed
PAY-07070,INV-07070,2026-03-25,79312.25,Completed
PAY-07071,INV-07071,2026-04-07,67436.25,Completed
PAY-07072,INV-07072,2026-02-18,265315.43,Completed
PAY-07073,INV-07073,2026-03-06,25229.4,Completed
PAY-07074,INV-07074,2026-01-29,233464.14,Completed
PAY-07075,INV-07075,2026-03-27,316151.88,Completed
PAY-07076,INV-07076,2026-05-23,349129.98,Completed
PAY-07077,INV-07077,2026-05-02,319815.21,Completed
PAY-07078,INV-07078,2026-03-18,85397.68,Completed
PAY-07079,INV-07079,2026-06-01,93950.61,Completed
PAY-07080,INV-07080,2026-05-13,168726.45,Completed
PAY-07081,INV-07081,2026-05-30,13104.11,Completed
PAY-07082,INV-07082,2026-02-19,51100.24,Completed
PAY-07083,INV-07083,2026-01-26,180665.55,Completed
PAY-07084,INV-07084,2026-03-20,44248.26,Completed
PAY-07085,INV-07085,2026-03-03,165798.36,Completed
PAY-07086,INV-07086,2026-05-19,274175.0,Completed
PAY-07087,INV-07087,2026-03-18,306178.16,Completed
PAY-07088,INV-07088,2026-05-28,17348.54,Completed
PAY-07089,INV-07089,2026-03-14,193961.1,Completed
PAY-07090,INV-07090,2026-02-25,697669.85,Completed
PAY-07091,INV-07091,2026-06-28,565016.0,Completed
PAY-07092,INV-07092,2026-02-17,245780.46,Completed
PAY-07093,INV-07093,2026-06-14,73000.98,Completed
PAY-07094,INV-07094,2026-05-26,169597.68,Completed
PAY-07095,INV-07095,2026-04-17,64642.75,Completed
PAY-07096,INV-07096,2026-03-20,154587.69,Completed
PAY-07097,INV-07097,2026-06-10,197232.57,Completed
PAY-07098,INV-07098,2026-03-27,70627.0,Completed
PAY-07099,INV-07099,2026-03-22,148037.4,Completed
PAY-07100,INV-07100,2026-06-21,66585.12,Completed
PAY-07101,INV-07101,2026-05-12,200165.28,Completed
PAY-07102,INV-07102,2026-03-27,44470.5,Completed
PAY-07103,INV-07103,2026-04-05,432883.07,Completed
PAY-07104,INV-07104,2026-06-01,371529.72,Completed
PAY-07105,INV-07105,2026-05-11,3202.1,Completed
PAY-07106,INV-07106,2026-03-08,82848.7,Completed
PAY-07107,INV-07107,2026-03-26,4931.81,Completed
PAY-07108,INV-07108,2026-02-26,77155.76,Completed
PAY-07109,INV-07109,2026-06-30,37549.49,Completed
PAY-07110,INV-07110,2026-05-27,425351.22,Completed
PAY-07111,INV-07111,2026-06-27,6112.8,Completed
PAY-07112,INV-07112,2026-05-12,589192.14,Completed
PAY-07113,INV-07113,2026-05-24,148405.39,Completed
PAY-07114,INV-07114,2026-05-07,233464.14,Completed
PAY-07115,INV-07115,2026-05-27,81367.98,Completed
PAY-07116,INV-07116,2026-05-01,470904.0,Completed
PAY-07117,INV-07117,2026-02-28,227298.39,Completed
PAY-07118,INV-07118,2026-01-25,38413.25,Completed
PAY-07119,INV-07119,2026-05-20,88056.76,Completed
PAY-07120,INV-07120,2026-04-26,217313.04,Completed
PAY-07121,INV-07121,2026-03-24,77581.26,Completed
PAY-07122,INV-07122,2026-05-17,20490.73,Completed
PAY-07123,INV-07123,2026-03-12,12274.78,Completed
PAY-07124,INV-07124,2026-03-13,118065.6,Completed
PAY-07125,INV-07125,2026-02-12,317977.0,Completed
PAY-07126,INV-07126,2026-04-23,138761.7,Completed
PAY-07127,INV-07127,2026-04-07,47188.1,Completed
PAY-07128,INV-07128,2026-02-08,21322.44,Completed
PAY-07129,INV-07129,2026-05-10,227714.41,Completed
PAY-07130,INV-07130,2026-05-26,197628.8,Completed
PAY-07131,INV-07131,2026-04-15,75061.98,Completed
PAY-07132,INV-07132,2026-05-22,29501.52,Completed
PAY-07133,INV-07133,2026-03-02,159574.0,Completed
PAY-07134,INV-07134,2026-05-01,220571.04,Completed
PAY-07135,INV-07135,2026-04-08,28277.29,Completed
PAY-07136,INV-07136,2026-04-13,550187.68,Completed
PAY-07137,INV-07137,2026-02-15,300403.32,Completed
PAY-07138,INV-07138,2026-03-24,560022.4,Completed
PAY-07139,INV-07139,2026-03-09,522645.0,Completed
PAY-07140,INV-07140,2026-02-16,17242.25,Completed
PAY-07141,INV-07141,2026-06-16,351486.45,Completed
PAY-07142,INV-07142,2026-02-18,72791.67,Completed
PAY-07143,INV-07143,2026-06-08,3045.9,Completed
PAY-07144,INV-07144,2026-03-31,141254.0,Completed
PAY-07145,INV-07145,2026-06-13,364367.16,Completed
PAY-07146,INV-07146,2026-02-21,191454.92,Completed
PAY-07147,INV-07147,2026-02-14,96359.6,Completed
PAY-07148,INV-07148,2026-02-12,216981.28,Completed
PAY-07149,INV-07149,2026-02-17,174685.51,Completed
PAY-07150,INV-07150,2026-06-14,43111.62,Completed
PAY-07151,INV-07151,2026-05-26,39405.25,Completed
PAY-07152,INV-07152,2026-04-05,133399.44,Completed
PAY-07153,INV-07153,2026-05-23,33745.29,Completed
PAY-07154,INV-07154,2026-02-20,425351.22,Completed
PAY-07155,INV-07155,2026-05-11,143721.64,Completed
PAY-07156,INV-07156,2026-03-18,349945.92,Completed
PAY-07157,INV-07157,2026-04-04,323746.5,Completed
PAY-07158,INV-07158,2026-06-03,351080.59,Completed
PAY-07159,INV-07159,2026-01-23,143102.3,Completed
PAY-07160,INV-07160,2026-06-07,58266.45,Completed
PAY-07161,INV-07161,2026-03-20,233883.66,Completed
PAY-07162,INV-07162,2026-02-12,355289.76,Completed
PAY-07163,INV-07163,2026-02-15,213717.12,Completed
PAY-07164,INV-07164,2026-05-20,314967.12,Completed
PAY-07165,INV-07165,2026-02-12,7110.96,Completed
PAY-07166,INV-07166,2026-05-16,36761.84,Completed
PAY-07167,INV-07167,2026-06-06,207738.0,Completed
PAY-07168,INV-07168,2026-02-10,87092.2,Completed
PAY-07169,INV-07169,2026-05-20,126428.72,Completed
PAY-07170,INV-07170,2026-03-10,127997.28,Completed
PAY-07171,INV-07171,2026-06-17,68673.5,Completed
PAY-07172,INV-07172,2026-04-15,145302.0,Completed
PAY-07173,INV-07173,2026-04-07,237387.49,Completed
PAY-07174,INV-07174,2026-06-26,207782.39,Completed
PAY-07175,INV-07175,2026-01-20,48956.05,Completed
PAY-07176,INV-07176,2026-05-18,11703.87,Completed
PAY-07177,INV-07177,2026-03-16,94424.6,Completed
PAY-07178,INV-07178,2026-03-08,221897.81,Completed
PAY-07179,INV-07179,2026-05-28,165248.91,Completed
PAY-07180,INV-07180,2026-02-11,207252.36,Completed
PAY-07181,INV-07181,2026-05-02,47617.05,Completed
PAY-07182,INV-07182,2026-04-19,38878.07,Completed
PAY-07183,INV-07183,2026-02-11,18829.25,Completed
PAY-07184,INV-07184,2026-05-04,381843.93,Completed
PAY-07185,INV-07185,2026-02-15,76932.8,Completed
PAY-07186,INV-07186,2026-05-27,261257.49,Completed
PAY-07187,INV-07187,2026-02-28,581883.3,Completed
PAY-07188,INV-07188,2026-01-31,65980.56,Completed
PAY-07189,INV-07189,2026-03-17,359949.76,Completed
PAY-07190,INV-07190,2026-03-11,222583.9,Completed
PAY-07191,INV-07191,2026-06-08,156.2,Completed
PAY-07192,INV-07192,2026-05-27,597586.05,Completed
PAY-07193,INV-07193,2026-03-28,737910.0,Completed
PAY-07194,INV-07194,2026-06-12,55508.04,Completed
PAY-07195,INV-07195,2026-06-10,49125.44,Completed
PAY-07196,INV-07196,2026-06-07,179213.97,Completed
PAY-07197,INV-07197,2026-06-13,379717.24,Completed
PAY-07198,INV-07198,2026-05-26,39844.5,Completed
PAY-07199,INV-07199,2026-04-03,323268.5,Completed
PAY-07200,INV-07200,2026-06-10,48030.96,Completed
PAY-07201,INV-07201,2026-03-08,21380.39,Completed
PAY-07202,INV-07202,2026-04-03,227549.2,Completed
PAY-07203,INV-07203,2026-03-30,199747.07,Completed
PAY-07204,INV-07204,2026-02-10,120449.5,Completed
PAY-07205,INV-07205,2026-05-30,528078.27,Completed
PAY-07206,INV-07206,2026-05-21,213210.14,Completed
PAY-07207,INV-07207,2026-04-29,80760.8,Completed
PAY-07208,INV-07208,2026-03-20,267905.64,Completed
PAY-07209,INV-07209,2026-02-23,245642.45,Completed
PAY-07210,INV-07210,2026-06-11,242170.0,Completed
PAY-07211,INV-07211,2026-05-28,142326.55,Completed
PAY-07212,INV-07212,2026-02-01,285532.03,Completed
PAY-07213,INV-07213,2026-05-30,236859.84,Completed
PAY-07214,INV-07214,2026-03-02,6643.09,Completed
PAY-07215,INV-07215,2026-04-16,404219.52,Completed
PAY-07216,INV-07216,2026-04-14,4452.44,Completed
PAY-07217,INV-07217,2026-03-14,19233.02,Completed
PAY-07218,INV-07218,2026-03-01,41692.05,Completed
PAY-07219,INV-07219,2026-05-26,11489.22,Completed
PAY-07220,INV-07220,2026-04-07,215558.1,Completed
PAY-07221,INV-07221,2026-03-15,124071.21,Completed
PAY-07222,INV-07222,2026-06-05,4595.23,Completed
PAY-07223,INV-07223,2026-06-08,169597.68,Completed
PAY-07224,INV-07224,2026-05-01,46929.9,Completed
PAY-07225,INV-07225,2026-03-31,114168.24,Completed
PAY-07226,INV-07226,2026-02-11,25896.2,Completed
PAY-07227,INV-07227,2026-02-05,45558.24,Completed
PAY-07228,INV-07228,2026-06-08,45190.2,Completed
PAY-07229,INV-07229,2026-04-07,145893.83,Completed
PAY-07230,INV-07230,2026-01-26,139171.52,Completed
PAY-07231,INV-07231,2026-06-18,81740.97,Completed
PAY-07232,INV-07232,2026-05-01,54394.89,Completed
PAY-07233,INV-07233,2026-04-20,34585.04,Completed
PAY-07234,INV-07234,2026-03-07,281049.73,Completed
PAY-07235,INV-07235,2026-02-10,93729.72,Completed
PAY-07236,INV-07236,2026-02-02,341326.08,Completed
PAY-07237,INV-07237,2026-05-05,145369.44,Completed
PAY-07238,INV-07238,2026-02-14,472327.8,Completed
PAY-07239,INV-07239,2026-04-02,64041.28,Completed
PAY-07240,INV-07240,2026-06-30,19311.32,Completed
PAY-07241,INV-07241,2026-04-30,116376.66,Completed
PAY-07242,INV-07242,2026-02-12,325682.28,Completed
PAY-07243,INV-07243,2026-03-03,32799.6,Completed
PAY-07244,INV-07244,2026-04-21,51722.96,Completed
PAY-07245,INV-07245,2026-04-20,40603.5,Completed
PAY-07246,INV-07246,2026-02-10,437468.08,Completed
PAY-07247,INV-07247,2026-06-04,94076.1,Completed
PAY-07248,INV-07248,2026-04-23,381849.99,Completed
PAY-07249,INV-07249,2026-06-26,12265.68,Completed
PAY-07250,INV-07250,2026-03-10,71959.18,Completed
PAY-07251,INV-07251,2026-03-18,9512.7,Completed
PAY-07252,INV-07252,2026-02-11,44432.08,Completed
PAY-07253,INV-07253,2026-03-31,260371.12,Completed
PAY-07254,INV-07254,2026-05-04,213683.75,Completed
PAY-07255,INV-07255,2026-06-19,550454.52,Completed
PAY-07256,INV-07256,2026-03-29,59737.99,Completed
PAY-07257,INV-07257,2026-03-04,303516.97,Completed
PAY-07258,INV-07258,2026-01-25,133543.89,Completed
PAY-07259,INV-07259,2026-03-24,28056.64,Completed
PAY-07260,INV-07260,2026-04-29,159070.85,Completed
PAY-07261,INV-07261,2026-05-25,190361.08,Completed
PAY-07262,INV-07262,2026-04-15,43618.75,Completed
PAY-07263,INV-07263,2026-03-08,116634.21,Completed
PAY-07264,INV-07264,2026-06-09,88785.2,Completed
PAY-07265,INV-07265,2026-05-10,65980.56,Completed
PAY-07266,INV-07266,2026-04-08,647388.0,Completed
PAY-07267,INV-07267,2026-05-02,64284.87,Completed
PAY-07268,INV-07268,2026-05-15,272469.9,Completed
PAY-07269,INV-07269,2026-05-18,155800.59,Completed
PAY-07270,INV-07270,2026-01-25,57881.72,Completed
PAY-07271,INV-07271,2026-05-28,370534.56,Completed
PAY-07272,INV-07272,2026-03-26,3436.4,Completed
PAY-07273,INV-07273,2026-03-26,426869.51,Completed
PAY-07274,INV-07274,2026-03-25,84982.14,Completed
PAY-07275,INV-07275,2026-05-14,80970.48,Completed
PAY-07276,INV-07276,2026-02-02,440672.64,Completed
PAY-07277,INV-07277,2026-04-02,69170.08,Completed
PAY-07278,INV-07278,2026-04-05,132823.8,Completed
PAY-07279,INV-07279,2026-03-10,72930.7,Completed
PAY-07280,INV-07280,2026-01-26,171003.6,Completed
PAY-07281,INV-07281,2026-03-21,85710.69,Completed
PAY-07282,INV-07282,2026-02-05,244771.75,Completed
PAY-07283,INV-07283,2026-02-13,222357.6,Completed
PAY-07284,INV-07284,2026-02-20,161894.92,Completed
PAY-07285,INV-07285,2026-04-10,139509.28,Completed
PAY-07286,INV-07286,2026-01-30,207446.2,Completed
PAY-07287,INV-07287,2026-06-17,91665.75,Completed
PAY-07288,INV-07288,2026-06-06,264967.85,Completed
PAY-07289,INV-07289,2026-01-21,185961.72,Completed
PAY-07290,INV-07290,2026-02-03,10513.44,Completed
PAY-07291,INV-07291,2026-06-02,26171.4,Completed
PAY-07292,INV-07292,2026-06-08,133954.4,Completed
PAY-07293,INV-07293,2026-04-14,13186.64,Completed
PAY-07294,INV-07294,2026-05-23,290609.9,Completed
PAY-07295,INV-07295,2026-06-03,107825.56,Completed
PAY-07296,INV-07296,2026-04-17,101087.5,Completed
PAY-07297,INV-07297,2026-04-16,5554.01,Completed
PAY-07298,INV-07298,2026-06-05,271775.4,Completed
PAY-07299,INV-07299,2026-04-02,4944.99,Completed
PAY-07300,INV-07300,2026-03-25,560451.06,Completed
PAY-07301,INV-07301,2026-05-10,197755.6,Completed
PAY-07302,INV-07302,2026-06-15,228943.44,Completed
PAY-07303,INV-07303,2026-02-08,5554.01,Completed
PAY-07304,INV-07304,2026-03-02,33203.75,Completed
PAY-07305,INV-07305,2026-06-02,30555.25,Completed
PAY-07306,INV-07306,2026-01-18,187650.45,Completed
PAY-07307,INV-07307,2026-02-22,10452.9,Completed
PAY-07308,INV-07308,2026-07-05,88504.56,Completed
PAY-07309,INV-07309,2026-06-16,3056.4,Completed
PAY-07310,INV-07310,2026-05-14,300403.32,Completed
PAY-07311,INV-07311,2026-05-13,401425.67,Completed
PAY-07312,INV-07312,2026-03-21,444787.52,Completed
PAY-07313,INV-07313,2026-04-14,402490.53,Completed
PAY-07314,INV-07314,2026-05-30,94146.25,Completed
PAY-07315,INV-07315,2026-07-04,131804.75,Completed
PAY-07316,INV-07316,2026-05-03,113003.2,Completed
PAY-07317,INV-07317,2026-05-30,132194.44,Completed
PAY-07318,INV-07318,2026-05-10,9104.88,Completed
PAY-07319,INV-07319,2026-05-09,389125.8,Completed
PAY-07320,INV-07320,2026-01-26,474774.98,Completed
PAY-07321,INV-07321,2026-05-27,328048.8,Completed
PAY-07322,INV-07322,2026-03-09,317078.52,Completed
PAY-07323,INV-07323,2026-03-24,6140.68,Completed
PAY-07324,INV-07324,2026-02-22,75539.68,Completed
PAY-07325,INV-07325,2026-06-03,287041.26,Completed
PAY-07326,INV-07326,2026-03-15,8715.96,Completed
PAY-07327,INV-07327,2026-04-29,488738.95,Completed
PAY-07328,INV-07328,2026-05-17,448301.07,Completed
PAY-07329,INV-07329,2026-05-12,16846.38,Completed
PAY-07330,INV-07330,2026-03-22,291295.36,Completed
PAY-07331,INV-07331,2026-01-29,217675.9,Completed
PAY-07332,INV-07332,2026-06-03,50588.79,Completed
PAY-07333,INV-07333,2026-03-24,18884.92,Completed
PAY-07334,INV-07334,2026-02-28,188292.5,Completed
PAY-07335,INV-07335,2026-03-08,71320.48,Completed
PAY-07336,INV-07336,2026-01-29,363070.01,Completed
PAY-07337,INV-07337,2026-02-13,58726.08,Completed
PAY-07338,INV-07338,2026-04-14,305508.54,Completed
PAY-07339,INV-07339,2026-02-15,94063.29,Completed
PAY-07340,INV-07340,2026-02-14,132744.78,Completed
PAY-07341,INV-07341,2026-05-04,18502.68,Completed
PAY-07342,INV-07342,2026-03-29,258614.8,Completed
PAY-07343,INV-07343,2026-04-14,230778.45,Completed
PAY-07344,INV-07344,2026-02-12,322420.95,Completed
PAY-07345,INV-07345,2026-03-17,62633.74,Completed
PAY-07346,INV-07346,2026-05-20,135414.24,Completed
PAY-07347,INV-07347,2026-01-31,336199.24,Completed
PAY-07348,INV-07348,2026-05-10,489543.5,Completed
PAY-07349,INV-07349,2026-06-02,71649.43,Completed
PAY-07350,INV-07350,2026-03-10,427367.5,Completed
PAY-07351,INV-07351,2026-03-22,29810.18,Completed
PAY-07352,INV-07352,2026-02-14,243018.75,Completed
PAY-07353,INV-07353,2026-05-02,95127.0,Completed
PAY-07354,INV-07354,2026-04-11,674362.5,Completed
PAY-07355,INV-07355,2026-03-17,19581.74,Completed
PAY-07356,INV-07356,2026-06-16,38910.69,Completed
PAY-07357,INV-07357,2026-03-27,54488.25,Completed
PAY-07358,INV-07358,2026-03-01,25379.92,Completed
PAY-07359,INV-07359,2026-04-04,484568.5,Completed
PAY-07360,INV-07360,2026-05-24,183436.11,Completed
PAY-07361,INV-07361,2026-03-31,77838.84,Completed
PAY-07362,INV-07362,2026-02-27,518925.6,Completed
PAY-07363,INV-07363,2026-05-22,43100.7,Completed
PAY-07364,INV-07364,2026-06-22,62334.16,Completed
PAY-07365,INV-07365,2026-03-22,267837.6,Completed
PAY-07366,INV-07366,2026-04-20,78850.8,Completed
PAY-07367,INV-07367,2026-03-05,272374.83,Completed
PAY-07368,INV-07368,2026-06-15,452575.9,Completed
PAY-07369,INV-07369,2026-04-09,119324.79,Completed
PAY-07370,INV-07370,2026-02-04,133177.8,Completed
PAY-07371,INV-07371,2026-03-26,51231.2,Completed
PAY-07372,INV-07372,2026-04-01,445688.62,Completed
PAY-07373,INV-07373,2026-05-01,158900.02,Completed
PAY-07374,INV-07374,2026-05-27,210943.98,Completed
PAY-07375,INV-07375,2026-05-17,64550.5,Completed
PAY-07376,INV-07376,2026-07-06,166768.2,Completed
PAY-07377,INV-07377,2026-03-26,170947.0,Completed
PAY-07378,INV-07378,2026-04-03,333590.64,Completed
PAY-07379,INV-07379,2026-06-10,112905.33,Completed
PAY-07380,INV-07380,2026-04-21,38069.88,Completed
PAY-07381,INV-07381,2026-02-12,173964.4,Completed
PAY-07382,INV-07382,2026-05-14,455621.57,Completed
PAY-07383,INV-07383,2026-06-17,217313.04,Completed
PAY-07384,INV-07384,2026-01-22,25566.24,Completed
PAY-07385,INV-07385,2026-06-05,188103.96,Completed
PAY-07386,INV-07386,2026-03-09,38363.72,Completed
PAY-07387,INV-07387,2026-03-28,166778.5,Completed
PAY-07388,INV-07388,2026-03-26,240204.84,Completed
PAY-07389,INV-07389,2026-02-28,54347.92,Completed
PAY-07390,INV-07390,2026-04-26,104848.52,Completed
PAY-07391,INV-07391,2026-04-04,147627.28,Completed
PAY-07392,INV-07392,2026-02-05,197145.74,Completed
PAY-07393,INV-07393,2026-03-18,40331.42,Completed
PAY-07394,INV-07394,2026-06-14,104639.7,Completed
PAY-07395,INV-07395,2026-06-16,36252.83,Completed
PAY-07396,INV-07396,2026-02-25,24522.26,Completed
PAY-07397,INV-07397,2026-04-03,39406.95,Completed
PAY-07398,INV-07398,2026-04-10,392988.48,Completed
PAY-07399,INV-07399,2026-04-12,77252.07,Completed
PAY-07400,INV-07400,2026-05-26,633606.26,Completed
PAY-07401,INV-07401,2026-06-22,461185.63,Completed
PAY-07402,INV-07402,2026-05-02,664119.0,Completed
PAY-07403,INV-07403,2026-04-26,184426.66,Completed
PAY-07404,INV-07404,2026-02-07,3748.8,Completed
PAY-07405,INV-07405,2026-03-15,225641.5,Completed
PAY-07406,INV-07406,2026-05-14,426212.78,Completed
PAY-07407,INV-07407,2026-04-20,222357.6,Completed
PAY-07408,INV-07408,2026-04-08,152776.25,Completed
PAY-07409,INV-07409,2026-04-11,348437.04,Completed
PAY-07410,INV-07410,2026-03-22,291763.28,Completed
PAY-07411,INV-07411,2026-03-03,60224.75,Completed
PAY-07412,INV-07412,2026-03-25,25861.48,Completed
PAY-07413,INV-07413,2026-03-10,5149.06,Completed
PAY-07414,INV-07414,2026-06-10,152895.71,Completed
PAY-07415,INV-07415,2026-06-24,207893.79,Completed
PAY-07416,INV-07416,2026-06-25,128954.28,Completed
PAY-07417,INV-07417,2026-02-07,240204.84,Completed
PAY-07418,INV-07418,2026-03-17,165243.05,Completed
PAY-07419,INV-07419,2026-02-11,469.77,Completed
PAY-07420,INV-07420,2026-02-06,491235.6,Completed
PAY-07421,INV-07421,2026-03-17,407166.48,Completed
PAY-07422,INV-07422,2026-04-05,258251.36,Completed
PAY-07423,INV-07423,2026-05-19,60224.75,Completed
PAY-07424,INV-07424,2026-06-09,100593.78,Completed
PAY-07425,INV-07425,2026-03-02,90874.5,Completed
PAY-07426,INV-07426,2026-04-25,207893.79,Completed
PAY-07427,INV-07427,2026-06-03,240131.8,Completed
PAY-07428,INV-07428,2026-03-02,22949.76,Completed
PAY-07429,INV-07429,2026-03-29,15991.83,Completed
PAY-07430,INV-07430,2026-01-23,44133.88,Completed
PAY-07431,INV-07431,2026-04-07,16639.56,Completed
PAY-07432,INV-07432,2026-03-15,228561.84,Completed
PAY-07433,INV-07433,2026-05-21,337181.25,Completed
PAY-07434,INV-07434,2026-02-26,11001.73,Completed
PAY-07435,INV-07435,2026-06-02,338041.81,Completed
PAY-07436,INV-07436,2026-06-24,9667.5,Completed
PAY-07437,INV-07437,2026-01-27,781.54,Completed
PAY-07438,INV-07438,2026-04-11,16552.56,Completed
PAY-07439,INV-07439,2026-05-03,82416.5,Completed
PAY-07440,INV-07440,2026-06-27,318791.52,Completed
PAY-07441,INV-07441,2026-03-18,49776.72,Completed
PAY-07442,INV-07442,2026-06-08,8987.71,Completed
PAY-07443,INV-07443,2026-02-23,374927.95,Completed
PAY-07444,INV-07444,2026-03-28,224329.44,Completed
PAY-07445,INV-07445,2026-06-12,191995.92,Completed
PAY-07446,INV-07446,2026-04-16,28277.29,Completed
PAY-07447,INV-07447,2026-05-19,3516.93,Completed
PAY-07448,INV-07448,2026-03-11,207782.39,Completed
PAY-07449,INV-07449,2026-02-23,459268.32,Completed
PAY-07450,INV-07450,2026-02-15,44153.16,Completed
PAY-07451,INV-07451,2026-06-01,486486.35,Completed
PAY-07452,INV-07452,2026-03-19,268327.02,Completed
PAY-07453,INV-07453,2026-05-07,309608.1,Completed
PAY-07454,INV-07454,2026-05-28,306528.25,Completed
PAY-07455,INV-07455,2026-03-12,375289.47,Completed
PAY-07456,INV-07456,2026-02-15,198380.84,Completed
PAY-07457,INV-07457,2026-02-22,79496.67,Completed
PAY-07458,INV-07458,2026-02-10,298349.26,Completed
PAY-07459,INV-07459,2026-02-07,194553.45,Completed
PAY-07460,INV-07460,2026-04-02,39054.05,Completed
PAY-07461,INV-07461,2026-04-06,43974.86,Completed
PAY-07462,INV-07462,2026-02-25,1188.6,Completed
PAY-07463,INV-07463,2026-02-14,126347.85,Completed
PAY-07464,INV-07464,2026-05-04,79697.88,Completed
PAY-07465,INV-07465,2026-02-02,91665.75,Completed
PAY-07466,INV-07466,2026-02-10,260332.75,Completed
PAY-07467,INV-07467,2026-02-25,648153.6,Completed
PAY-07468,INV-07468,2026-02-04,247873.15,Completed
PAY-07469,INV-07469,2026-06-13,100796.86,Completed
PAY-07470,INV-07470,2026-02-26,8241.65,Completed
PAY-07471,INV-07471,2026-02-09,285141.12,Completed
PAY-07472,INV-07472,2026-04-14,45318.35,Completed
PAY-07473,INV-07473,2026-02-20,119662.9,Completed
PAY-07474,INV-07474,2026-03-04,501739.2,Completed
PAY-07475,INV-07475,2026-04-25,321259.05,Completed
PAY-07476,INV-07476,2026-06-16,10941.56,Completed
PAY-07477,INV-07477,2026-04-29,304621.59,Completed
PAY-07478,INV-07478,2026-03-21,348999.84,Completed
PAY-07479,INV-07479,2026-03-21,611483.4,Completed
PAY-07480,INV-07480,2026-03-12,195907.36,Completed
PAY-07481,INV-07481,2026-06-08,255484.46,Completed
PAY-07482,INV-07482,2026-06-23,502968.9,Completed
PAY-07483,INV-07483,2026-05-02,682624.23,Completed
PAY-07484,INV-07484,2026-05-09,47872.2,Completed
PAY-07485,INV-07485,2026-01-31,2276.22,Completed
PAY-07486,INV-07486,2026-05-09,645505.0,Completed
PAY-07487,INV-07487,2026-04-24,215399.14,Completed
PAY-07488,INV-07488,2026-03-13,140205.9,Completed
PAY-07489,INV-07489,2026-02-12,517142.0,Completed
PAY-07490,INV-07490,2026-03-29,400118.12,Completed
PAY-07491,INV-07491,2026-06-10,117183.64,Completed
PAY-07492,INV-07492,2026-06-15,606774.7,Completed
PAY-07493,INV-07493,2026-01-23,361209.45,Completed
PAY-07494,INV-07494,2026-04-21,77530.96,Completed
PAY-07495,INV-07495,2026-04-19,168575.68,Completed
PAY-07496,INV-07496,2026-02-23,382721.68,Completed
PAY-07497,INV-07497,2026-04-23,31540.32,Completed
PAY-07498,INV-07498,2026-05-04,298349.26,Completed
PAY-07499,INV-07499,2026-02-09,106252.0,Completed
PAY-07500,INV-07500,2026-04-20,132459.48,Completed
PAY-07501,INV-07501,2026-02-11,169964.28,Completed
PAY-07502,INV-07502,2026-02-16,371529.72,Completed
PAY-07503,INV-07503,2026-02-06,393178.1,Completed
PAY-07504,INV-07504,2026-02-25,33684.96,Completed
PAY-07505,INV-07505,2026-06-14,246729.0,Completed
PAY-07506,INV-07506,2026-04-07,86935.25,Completed
PAY-07507,INV-07507,2026-04-29,36163.2,Completed
PAY-07508,INV-07508,2026-02-05,133408.08,Completed
PAY-07509,INV-07509,2026-02-03,250805.28,Completed
PAY-07510,INV-07510,2026-03-22,11493.52,Completed
PAY-07511,INV-07511,2026-05-17,26714.64,Completed
PAY-07512,INV-07512,2026-03-13,151807.7,Completed
PAY-07513,INV-07513,2026-03-01,4357.98,Completed
PAY-07514,INV-07514,2026-04-26,172956.62,Completed
PAY-07515,INV-07515,2026-04-29,225685.92,Completed
PAY-07516,INV-07516,2026-06-26,538057.28,Completed
PAY-07517,INV-07517,2026-04-24,24561.78,Completed
PAY-07518,INV-07518,2026-03-17,81006.25,Completed
PAY-07519,INV-07519,2026-03-31,254883.44,Completed
PAY-07520,INV-07520,2026-05-11,154399.61,Completed
PAY-07521,INV-07521,2026-02-01,565016.0,Completed
PAY-07522,INV-07522,2026-05-19,208981.91,Completed
PAY-07523,INV-07523,2026-02-12,319639.05,Completed
PAY-07524,INV-07524,2026-04-24,311617.46,Completed
PAY-07525,INV-07525,2026-02-03,34585.04,Completed
PAY-07526,INV-07526,2026-06-02,110630.7,Completed
PAY-07527,INV-07527,2026-03-13,386033.57,Completed
PAY-07528,INV-07528,2026-02-03,6140.68,Completed
PAY-07529,INV-07529,2026-05-02,610259.85,Completed
PAY-07530,INV-07530,2026-05-23,235794.72,Completed
PAY-07531,INV-07531,2026-05-26,387922.2,Completed
PAY-07532,INV-07532,2026-04-25,177774.0,Completed
PAY-07533,INV-07533,2026-06-10,90370.7,Completed
PAY-07534,INV-07534,2026-04-30,145302.0,Completed
PAY-07535,INV-07535,2026-02-26,472586.74,Completed
PAY-07536,INV-07536,2026-06-14,242770.5,Completed
PAY-07537,INV-07537,2026-03-06,12719.08,Completed
PAY-07538,INV-07538,2026-02-20,30555.25,Completed
PAY-07539,INV-07539,2026-02-16,213328.8,Completed
PAY-07540,INV-07540,2026-04-23,372053.06,Completed
PAY-07541,INV-07541,2026-02-12,9667.5,Completed
PAY-07542,INV-07542,2026-06-09,6641.49,Completed
PAY-07543,INV-07543,2026-06-19,257908.56,Completed
PAY-07544,INV-07544,2026-04-03,100132.78,Completed
PAY-07545,INV-07545,2026-04-26,168196.0,Completed
PAY-07546,INV-07546,2026-04-16,49986.09,Completed
PAY-07547,INV-07547,2026-06-06,18195.75,Completed
PAY-07548,INV-07548,2026-03-01,79496.67,Completed
PAY-07549,INV-07549,2026-03-25,326204.47,Completed
PAY-07550,INV-07550,2026-06-14,118070.29,Completed
PAY-07551,INV-07551,2026-04-28,114152.4,Completed
PAY-07552,INV-07552,2026-03-05,25269.57,Completed
PAY-07553,INV-07553,2026-04-09,49123.56,Completed
PAY-07554,INV-07554,2026-04-15,354210.87,Completed
PAY-07555,INV-07555,2026-05-08,250805.28,Completed
PAY-07556,INV-07556,2026-01-27,4204.9,Completed
PAY-07557,INV-07557,2026-06-21,289686.02,Completed
PAY-07558,INV-07558,2026-03-10,264267.36,Completed
PAY-07559,INV-07559,2026-03-11,245208.06,Completed
PAY-07560,INV-07560,2026-03-06,18195.75,Completed
PAY-07561,INV-07561,2026-02-15,580288.44,Completed
PAY-07562,INV-07562,2026-06-12,585442.09,Completed
PAY-07563,INV-07563,2026-02-28,487891.17,Completed
PAY-07564,INV-07564,2026-02-12,373634.04,Completed
PAY-07565,INV-07565,2026-04-09,422226.18,Completed
PAY-07566,INV-07566,2026-02-12,135637.9,Completed
PAY-07567,INV-07567,2026-05-27,222160.4,Completed
PAY-07568,INV-07568,2026-04-01,539490.0,Completed
PAY-07569,INV-07569,2026-03-26,217975.92,Completed
PAY-07570,INV-07570,2026-06-03,601763.61,Completed
PAY-07571,INV-07571,2026-05-21,28035.84,Completed
PAY-07572,INV-07572,2026-06-01,12281.58,Completed
PAY-07573,INV-07573,2026-06-18,577201.83,Completed
PAY-07574,INV-07574,2026-05-30,555002.1,Completed
PAY-07575,INV-07575,2026-03-23,256257.75,Completed
PAY-07576,INV-07576,2026-04-12,141776.7,Completed
PAY-07577,INV-07577,2026-03-16,77155.76,Completed
PAY-07578,INV-07578,2026-05-03,244442.0,Completed
PAY-07579,INV-07579,2026-03-25,257007.24,Completed
PAY-07580,INV-07580,2026-03-29,460170.89,Completed
PAY-07581,INV-07581,2026-02-14,34676.62,Completed
PAY-07582,INV-07582,2026-05-30,18963.54,Completed
PAY-07583,INV-07583,2026-04-22,257072.15,Completed
PAY-07584,INV-07584,2026-06-05,65739.0,Completed
PAY-07585,INV-07585,2026-03-24,184213.35,Completed
PAY-07586,INV-07586,2026-01-27,232452.15,Completed
PAY-07587,INV-07587,2026-04-27,168099.62,Completed
PAY-07588,INV-07588,2026-01-23,85859.76,Completed
PAY-07589,INV-07589,2026-03-04,140005.6,Completed
PAY-07590,INV-07590,2026-01-30,232452.15,Completed
PAY-07591,INV-07591,2026-04-27,492073.2,Completed
PAY-07592,INV-07592,2026-05-22,234186.22,Completed
PAY-07593,INV-07593,2026-03-16,53429.28,Completed
PAY-07594,INV-07594,2026-05-20,147171.5,Completed
PAY-07595,INV-07595,2026-06-23,158887.3,Completed
PAY-07596,INV-07596,2026-05-05,240131.8,Completed
PAY-07597,INV-07597,2026-06-17,33684.96,Completed
PAY-07598,INV-07598,2026-02-25,193961.1,Completed
PAY-07599,INV-07599,2026-06-02,285409.08,Completed
PAY-07600,INV-07600,2026-03-30,51098.23,Completed
PAY-07601,INV-07601,2026-05-23,219038.43,Completed
PAY-07602,INV-07602,2026-05-26,3514.5,Completed
PAY-07603,INV-07603,2026-02-09,4298.47,Completed
PAY-07604,INV-07604,2026-04-21,199222.5,Completed
PAY-07605,INV-07605,2026-05-17,168575.68,Completed
PAY-07606,INV-07606,2026-05-18,202548.0,Completed
PAY-07607,INV-07607,2026-06-03,382729.69,Completed
PAY-07608,INV-07608,2026-03-04,681080.89,Completed
PAY-07609,INV-07609,2026-04-21,33324.06,Completed
PAY-07610,INV-07610,2026-02-12,59620.36,Completed
PAY-07611,INV-07611,2026-05-06,512515.5,Completed
PAY-07612,INV-07612,2026-03-19,431828.1,Completed
PAY-07613,INV-07613,2026-03-23,73648.68,Completed
PAY-07614,INV-07614,2026-04-17,48494.23,Completed
PAY-07615,INV-07615,2026-06-21,115030.75,Completed
PAY-07616,INV-07616,2026-02-14,327707.28,Completed
PAY-07617,INV-07617,2026-02-20,389189.08,Completed
PAY-07618,INV-07618,2026-03-06,1640.1,Completed
PAY-07619,INV-07619,2026-02-04,29394.94,Completed
PAY-07620,INV-07620,2026-05-26,28545.81,Completed
PAY-07621,INV-07621,2026-04-26,9904.5,Completed
PAY-07622,INV-07622,2026-02-26,61990.47,Completed
PAY-07623,INV-07623,2026-04-10,24261.0,Completed
PAY-07624,INV-07624,2026-01-30,309952.35,Completed
PAY-07625,INV-07625,2026-03-21,13866.3,Completed
PAY-07626,INV-07626,2026-03-03,85657.23,Completed
PAY-07627,INV-07627,2026-05-26,41424.35,Completed
PAY-07628,INV-07628,2026-02-04,47872.2,Completed
PAY-07629,INV-07629,2026-06-04,133244.58,Completed
PAY-07630,INV-07630,2026-06-08,245291.9,Completed
PAY-07631,INV-07631,2026-02-28,304448.64,Completed
PAY-07632,INV-07632,2026-06-08,323694.0,Completed
PAY-07633,INV-07633,2026-04-16,166778.5,Completed
PAY-07634,INV-07634,2026-02-18,358721.36,Completed
PAY-07635,INV-07635,2026-03-12,255484.46,Completed
PAY-07636,INV-07636,2026-03-14,409506.63,Completed
PAY-07637,INV-07637,2026-05-28,277700.5,Completed
PAY-07638,INV-07638,2026-04-16,185355.24,Completed
PAY-07639,INV-07639,2026-04-16,136757.6,Completed
PAY-07640,INV-07640,2026-06-10,128332.05,Completed
PAY-07641,INV-07641,2026-03-24,119475.98,Completed
PAY-07642,INV-07642,2026-01-25,183199.8,Completed
PAY-07643,INV-07643,2026-02-22,160833.05,Completed
PAY-07644,INV-07644,2026-02-07,550441.32,Completed
PAY-07645,INV-07645,2026-04-23,620570.4,Completed
PAY-07646,INV-07646,2026-02-11,211898.75,Completed
PAY-07647,INV-07647,2026-05-18,208893.59,Completed
PAY-07648,INV-07648,2026-06-02,278647.29,Completed
PAY-07649,INV-07649,2026-04-23,13937.05,Completed
PAY-07650,INV-07650,2026-03-24,101540.53,Completed
PAY-07651,INV-07651,2026-05-18,133550.34,Completed
PAY-07652,INV-07652,2026-03-27,44504.91,Completed
PAY-07653,INV-07653,2026-05-01,40139.11,Completed
PAY-07654,INV-07654,2026-06-17,228371.2,Completed
PAY-07655,INV-07655,2026-04-29,72783.0,Completed
PAY-07656,INV-07656,2026-05-29,240976.08,Completed
PAY-07657,INV-07657,2026-03-30,432379.8,Completed
PAY-07658,INV-07658,2026-06-14,577201.83,Completed
PAY-07659,INV-07659,2026-04-25,483588.84,Completed
PAY-07660,INV-07660,2026-03-10,73523.51,Completed
PAY-07661,INV-07661,2026-04-23,126571.2,Completed
PAY-07662,INV-07662,2026-03-06,312477.2,Completed
PAY-07663,INV-07663,2026-05-14,12281.36,Completed
PAY-07664,INV-07664,2026-04-15,287219.35,Completed
PAY-07665,INV-07665,2026-05-13,126423.6,Completed
PAY-07666,INV-07666,2026-03-15,194553.45,Completed
PAY-07667,INV-07667,2026-04-01,348999.84,Completed
PAY-07668,INV-07668,2026-06-03,529314.1,Completed
PAY-07669,INV-07669,2026-05-02,452012.8,Completed
PAY-07670,INV-07670,2026-01-29,10513.44,Completed
PAY-07671,INV-07671,2026-03-20,46929.9,Completed
PAY-07672,INV-07672,2026-04-05,148203.12,Completed
PAY-07673,INV-07673,2026-05-20,6640.75,Completed
PAY-07674,INV-07674,2026-03-22,121385.25,Completed
PAY-07675,INV-07675,2026-04-26,528099.3,Completed
PAY-07676,INV-07676,2026-06-02,190859.76,Completed
PAY-07677,INV-07677,2026-02-22,59576.16,Completed
PAY-07678,INV-07678,2026-05-24,77234.29,Completed
PAY-07679,INV-07679,2026-04-21,404943.48,Completed
PAY-07680,INV-07680,2026-06-11,86061.6,Completed
PAY-07681,INV-07681,2026-02-15,126428.72,Completed
PAY-07682,INV-07682,2026-04-28,62550.15,Completed
PAY-07683,INV-07683,2026-05-19,232753.32,Completed
PAY-07684,INV-07684,2026-04-26,63048.4,Completed
PAY-07685,INV-07685,2026-03-06,102462.4,Completed
PAY-07686,INV-07686,2026-03-29,22166.42,Completed
PAY-07687,INV-07687,2026-06-29,512515.5,Completed
PAY-07688,INV-07688,2026-03-15,84752.4,Completed
PAY-07689,INV-07689,2026-05-10,134443.1,Completed
PAY-07690,INV-07690,2026-03-19,36824.34,Completed
PAY-07691,INV-07691,2026-01-22,86046.1,Completed
PAY-07692,INV-07692,2026-06-05,181543.04,Completed
PAY-07693,INV-07693,2026-02-17,273040.26,Completed
PAY-07694,INV-07694,2026-05-25,136087.72,Completed
PAY-07695,INV-07695,2026-04-22,227273.12,Completed
PAY-07696,INV-07696,2026-03-02,268445.52,Completed
PAY-07697,INV-07697,2026-03-28,280708.0,Completed
PAY-07698,INV-07698,2026-03-29,46929.9,Completed
PAY-07699,INV-07699,2026-03-23,291763.28,Completed
PAY-07700,INV-07700,2026-06-30,83622.3,Completed
PAY-07701,INV-07701,2026-02-21,25642.05,Completed
PAY-07702,INV-07702,2026-01-31,139509.28,Completed
PAY-07703,INV-07703,2026-04-13,38670.0,Completed
PAY-07704,INV-07704,2026-02-26,240569.12,Completed
PAY-07705,INV-07705,2026-04-09,614414.68,Completed
PAY-07706,INV-07706,2026-01-17,54359.74,Completed
PAY-07707,INV-07707,2026-04-07,294752.64,Completed
PAY-07708,INV-07708,2026-06-08,91799.04,Completed
PAY-07709,INV-07709,2026-02-09,169751.82,Completed
PAY-07710,INV-07710,2026-07-10,32348.0,Completed
PAY-07711,INV-07711,2026-07-01,197145.74,Completed
PAY-07712,INV-07712,2026-06-06,214920.12,Completed
PAY-07713,INV-07713,2026-03-02,306528.25,Completed
PAY-07714,INV-07714,2026-04-12,129731.4,Completed
PAY-07715,INV-07715,2026-06-01,109349.6,Completed
PAY-07716,INV-07716,2026-05-12,123843.24,Completed
PAY-07717,INV-07717,2026-02-13,66648.12,Completed
PAY-07718,INV-07718,2026-04-03,257665.27,Completed
PAY-07719,INV-07719,2026-03-16,319148.0,Completed
PAY-07720,INV-07720,2026-03-20,105122.5,Completed
PAY-07721,INV-07721,2026-04-19,191614.73,Completed
PAY-07722,INV-07722,2026-05-16,117737.2,Completed
PAY-07723,INV-07723,2026-04-17,232666.56,Completed
PAY-07724,INV-07724,2026-05-24,556014.53,Completed
PAY-07725,INV-07725,2026-04-05,50058.56,Completed
PAY-07726,INV-07726,2026-06-13,381457.86,Completed
PAY-07727,INV-07727,2026-06-25,327378.51,Completed
PAY-07728,INV-07728,2026-05-30,102882.29,Completed
PAY-07729,INV-07729,2026-04-22,246526.02,Completed
PAY-07730,INV-07730,2026-06-27,20113.66,Completed
PAY-07731,INV-07731,2026-02-17,116376.66,Completed
PAY-07732,INV-07732,2026-02-28,551207.15,Completed
PAY-07733,INV-07733,2026-03-11,41281.08,Completed
PAY-07734,INV-07734,2026-02-06,244442.0,Completed
PAY-07735,INV-07735,2026-03-25,14078.97,Completed
PAY-07736,INV-07736,2026-04-08,13503.2,Completed
PAY-07737,INV-07737,2026-02-23,26373.28,Completed
PAY-07738,INV-07738,2026-04-29,37530.09,Completed
PAY-07739,INV-07739,2026-04-21,203518.77,Completed
PAY-07740,INV-07740,2026-03-17,25934.72,Completed
PAY-07741,INV-07741,2026-04-24,551750.85,Completed
PAY-07742,INV-07742,2026-02-05,55167.35,Completed
PAY-07743,INV-07743,2026-04-16,197628.8,Completed
PAY-07744,INV-07744,2026-03-19,4725.89,Completed
PAY-07745,INV-07745,2026-03-17,25946.28,Completed
PAY-07746,INV-07746,2026-01-22,411216.54,Completed
PAY-07747,INV-07747,2026-02-15,170132.04,Completed
PAY-07748,INV-07748,2026-02-15,330437.88,Completed
PAY-07749,INV-07749,2026-03-14,691732.84,Completed
PAY-07750,INV-07750,2026-04-18,95680.42,Completed
PAY-07751,INV-07751,2026-05-02,12335.12,Completed
PAY-07752,INV-07752,2026-06-05,72262.71,Completed
PAY-07753,INV-07753,2026-03-25,40461.75,Completed
PAY-07754,INV-07754,2026-04-03,307624.19,Completed
PAY-07755,INV-07755,2026-01-30,21428.29,Completed
PAY-07756,INV-07756,2026-03-08,207294.75,Completed
PAY-07757,INV-07757,2026-04-03,196007.84,Completed
PAY-07758,INV-07758,2026-03-13,208598.94,Completed
PAY-07759,INV-07759,2026-03-04,758.74,Completed
PAY-07760,INV-07760,2026-05-26,536765.2,Completed
PAY-07761,INV-07761,2026-06-04,98297.9,Completed
PAY-07762,INV-07762,2026-06-03,91404.72,Completed
PAY-07763,INV-07763,2026-03-15,14717.72,Completed
PAY-07764,INV-07764,2026-04-03,55167.35,Completed
PAY-07765,INV-07765,2026-06-10,40683.99,Completed
PAY-07766,INV-07766,2026-02-24,121511.78,Completed
PAY-07767,INV-07767,2026-03-23,392420.0,Completed
PAY-07768,INV-07768,2026-06-25,10358.48,Completed
PAY-07769,INV-07769,2026-04-08,163991.1,Completed
PAY-07770,INV-07770,2026-03-09,232426.25,Completed
PAY-07771,INV-07771,2026-02-08,182059.6,Completed
PAY-07772,INV-07772,2026-02-17,94146.25,Completed
PAY-07773,INV-07773,2026-05-12,250201.24,Completed
PAY-07774,INV-07774,2026-02-06,525421.26,Completed
PAY-07775,INV-07775,2026-04-23,614414.68,Completed
PAY-07776,INV-07776,2026-01-14,63720.86,Completed
PAY-07777,INV-07777,2026-03-28,60038.7,Completed
PAY-07778,INV-07778,2026-05-16,47212.3,Completed
PAY-07779,INV-07779,2026-02-07,215558.91,Completed
PAY-07780,INV-07780,2026-04-30,142570.56,Completed
PAY-07781,INV-07781,2026-03-29,279018.56,Completed
PAY-07782,INV-07782,2026-06-20,354196.8,Completed
PAY-07783,INV-07783,2026-03-30,118040.51,Completed
PAY-07784,INV-07784,2026-02-05,138770.1,Completed
PAY-07785,INV-07785,2026-05-22,381762.88,Completed
PAY-07786,INV-07786,2026-03-16,53567.52,Completed
PAY-07787,INV-07787,2026-04-10,184884.96,Completed
PAY-07788,INV-07788,2026-02-07,624.8,Completed
PAY-07789,INV-07789,2026-03-28,226108.85,Completed
PAY-07790,INV-07790,2026-06-08,387810.93,Completed
PAY-07791,INV-07791,2026-02-14,15957.4,Completed
PAY-07792,INV-07792,2026-03-15,150026.5,Completed
PAY-07793,INV-07793,2026-05-22,156653.92,Completed
PAY-07794,INV-07794,2026-03-12,4817.98,Completed
PAY-07795,INV-07795,2026-03-23,218093.75,Completed
PAY-07796,INV-07796,2026-06-16,94522.4,Completed
PAY-07797,INV-07797,2026-06-13,263986.42,Completed
PAY-07798,INV-07798,2026-03-01,487891.17,Completed
PAY-07799,INV-07799,2026-04-05,78108.1,Completed
PAY-07800,INV-07800,2026-04-06,248883.6,Completed
PAY-07801,INV-07801,2026-05-09,279636.68,Completed
PAY-07802,INV-07802,2026-02-03,205670.79,Completed
PAY-07803,INV-07803,2026-03-14,86061.6,Completed
PAY-07804,INV-07804,2026-02-15,77584.44,Completed
PAY-07805,INV-07805,2026-02-16,142011.1,Completed
PAY-07806,INV-07806,2026-06-08,20663.49,Completed
PAY-07807,INV-07807,2026-06-17,41457.16,Completed
PAY-07808,INV-07808,2026-06-13,122751.98,Completed
PAY-07809,INV-07809,2026-05-23,148221.6,Completed
PAY-07810,INV-07810,2026-06-15,13793.8,Completed
PAY-07811,INV-07811,2026-03-26,238649.58,Completed
PAY-07812,INV-07812,2026-02-23,84169.92,Completed
PAY-07813,INV-07813,2026-05-05,288483.68,Completed
PAY-07814,INV-07814,2026-06-23,368374.6,Completed
PAY-07815,INV-07815,2026-05-30,218093.75,Completed
PAY-07816,INV-07816,2026-04-28,135094.96,Completed
PAY-07817,INV-07817,2026-04-11,398856.96,Completed
PAY-07818,INV-07818,2026-03-12,265659.6,Completed
PAY-07819,INV-07819,2026-03-02,16819.6,Completed
PAY-07820,INV-07820,2026-02-14,612840.73,Completed
PAY-07821,INV-07821,2026-02-15,298867.05,Completed
PAY-07822,INV-07822,2026-06-03,487902.87,Completed
PAY-07823,INV-07823,2026-02-25,13282.98,Completed
PAY-07824,INV-07824,2026-05-18,291763.28,Completed
PAY-07825,INV-07825,2026-01-27,272301.09,Completed
PAY-07826,INV-07826,2026-03-12,153903.24,Completed
PAY-07827,INV-07827,2026-03-17,193961.1,Completed
PAY-07828,INV-07828,2026-02-12,207375.36,Completed
PAY-07829,INV-07829,2026-03-22,16819.6,Completed
PAY-07830,INV-07830,2026-02-08,390540.19,Completed
PAY-07831,INV-07831,2026-05-25,391634.8,Completed
PAY-07832,INV-07832,2026-07-01,592297.27,Completed
PAY-07833,INV-07833,2026-06-03,19451.04,Completed
PAY-07834,INV-07834,2026-06-18,21380.39,Completed
PAY-07835,INV-07835,2026-02-22,425351.22,Completed
PAY-07836,INV-07836,2026-02-15,428113.62,Completed
PAY-07837,INV-07837,2026-04-14,142478.08,Completed
PAY-07838,INV-07838,2026-04-07,53905.3,Completed
PAY-07839,INV-07839,2026-01-29,383900.56,Completed
PAY-07840,INV-07840,2026-02-19,68388.06,Completed
PAY-07841,INV-07841,2026-04-19,93515.96,Completed
PAY-07842,INV-07842,2026-03-29,147582.0,Completed
PAY-07843,INV-07843,2026-02-26,123518.0,Completed
PAY-07844,INV-07844,2026-05-08,256257.75,Completed
PAY-07845,INV-07845,2026-05-14,138770.1,Completed
PAY-07846,INV-07846,2026-06-28,455494.39,Completed
PAY-07847,INV-07847,2026-03-12,357492.53,Completed
PAY-07848,INV-07848,2026-04-07,390547.44,Completed
PAY-07849,INV-07849,2026-03-01,82562.16,Completed
PAY-07850,INV-07850,2026-04-10,12967.36,Completed
PAY-07851,INV-07851,2026-05-14,28001.12,Completed
PAY-07852,INV-07852,2026-06-03,84752.4,Completed
PAY-07853,INV-07853,2026-03-29,194562.9,Completed
PAY-07854,INV-07854,2026-06-13,175069.38,Completed
PAY-07855,INV-07855,2026-03-30,169597.68,Completed
PAY-07856,INV-07856,2026-03-15,465185.76,Completed
PAY-07857,INV-07857,2026-02-22,69297.93,Completed
PAY-07858,INV-07858,2026-05-22,538959.36,Completed
PAY-07859,INV-07859,2026-06-19,55291.69,Completed
PAY-07860,INV-07860,2026-02-03,19422.15,Completed
PAY-07861,INV-07861,2026-03-17,437468.08,Completed
PAY-07862,INV-07862,2026-04-12,585356.1,Completed
PAY-07863,INV-07863,2026-03-28,62334.16,Completed
PAY-07864,INV-07864,2026-04-10,602024.08,Completed
PAY-07865,INV-07865,2026-03-20,487891.17,Completed
PAY-07866,INV-07866,2026-04-06,522645.0,Completed
PAY-07867,INV-07867,2026-03-19,409634.1,Completed
PAY-07868,INV-07868,2026-05-05,134872.43,Completed
PAY-07869,INV-07869,2026-07-03,146815.2,Completed
PAY-07870,INV-07870,2026-05-13,311562.5,Completed
PAY-07871,INV-07871,2026-04-15,384897.24,Completed
PAY-07872,INV-07872,2026-03-05,236254.95,Completed
PAY-07873,INV-07873,2026-06-25,374991.46,Completed
PAY-07874,INV-07874,2026-05-14,307704.6,Completed
PAY-07875,INV-07875,2026-03-03,307452.24,Completed
PAY-07876,INV-07876,2026-03-05,265659.6,Completed
PAY-07877,INV-07877,2026-03-17,281210.75,Completed
PAY-07878,INV-07878,2026-03-16,22022.28,Completed
PAY-07879,INV-07879,2026-06-08,312477.2,Completed
PAY-07880,INV-07880,2026-01-28,220700.34,Completed
PAY-07881,INV-07881,2026-05-07,120886.32,Completed
PAY-07882,INV-07882,2026-04-18,155379.4,Completed
PAY-07883,INV-07883,2026-03-06,88941.0,Completed
PAY-07884,INV-07884,2026-04-25,128082.56,Completed
PAY-07885,INV-07885,2026-05-24,181181.65,Completed
PAY-07886,INV-07886,2026-01-24,582006.24,Completed
PAY-07887,INV-07887,2026-04-05,169.8,Completed
PAY-07888,INV-07888,2026-04-16,282062.55,Completed
PAY-07889,INV-07889,2026-05-23,400531.12,Completed
PAY-07890,INV-07890,2026-02-22,56487.75,Completed
PAY-07891,INV-07891,2026-06-25,47617.05,Completed
PAY-07892,INV-07892,2026-01-26,494389.0,Completed
PAY-07893,INV-07893,2026-02-12,678019.2,Completed
PAY-07894,INV-07894,2026-03-30,296658.25,Completed
PAY-07895,INV-07895,2026-04-25,193813.57,Completed
PAY-07896,INV-07896,2026-05-19,530630.86,Completed
PAY-07897,INV-07897,2026-05-30,158988.5,Completed
PAY-07898,INV-07898,2026-03-31,99324.09,Completed
PAY-07899,INV-07899,2026-02-25,480263.6,Completed
PAY-07900,INV-07900,2026-03-12,226006.4,Completed
PAY-07901,INV-07901,2026-05-31,102406.12,Completed
PAY-07902,INV-07902,2026-02-23,2716.8,Completed
PAY-07903,INV-07903,2026-02-23,351630.3,Completed
PAY-07904,INV-07904,2026-04-18,136087.72,Completed
PAY-07905,INV-07905,2026-05-26,42001.68,Completed
PAY-07906,INV-07906,2026-04-10,658026.32,Completed
PAY-07907,INV-07907,2026-03-30,245684.06,Completed
PAY-07908,INV-07908,2026-03-22,447600.27,Completed
PAY-07909,INV-07909,2026-03-03,162630.39,Completed
PAY-07910,INV-07910,2026-04-01,107960.64,Completed
PAY-07911,INV-07911,2026-06-02,544871.88,Completed
PAY-07912,INV-07912,2026-05-16,46404.0,Completed
PAY-07913,INV-07913,2026-02-22,185764.86,Completed
PAY-07914,INV-07914,2026-03-31,94741.5,Completed
PAY-07915,INV-07915,2026-02-07,194693.28,Completed
PAY-07916,INV-07916,2026-05-05,48434.0,Completed
PAY-07917,INV-07917,2026-05-03,24562.72,Completed
PAY-07918,INV-07918,2026-06-14,122873.14,Completed
PAY-07919,INV-07919,2026-02-18,133550.34,Completed
PAY-07920,INV-07920,2026-04-06,72202.13,Completed
PAY-07921,INV-07921,2026-03-21,167984.48,Completed
PAY-07922,INV-07922,2026-03-18,418116.0,Completed
PAY-07923,INV-07923,2026-03-23,187364.58,Completed
PAY-07924,INV-07924,2026-05-06,134872.5,Completed
PAY-07925,INV-07925,2026-02-25,232452.15,Completed
PAY-07926,INV-07926,2026-04-26,254883.44,Completed
PAY-07927,INV-07927,2026-05-05,25379.92,Completed
PAY-07928,INV-07928,2026-05-07,156040.11,Completed
PAY-07929,INV-07929,2026-02-11,461093.5,Completed
PAY-07930,INV-07930,2026-02-28,6896.9,Completed
PAY-07931,INV-07931,2026-03-20,193961.1,Completed
PAY-07932,INV-07932,2026-07-05,531898.74,Completed
PAY-07933,INV-07933,2026-06-01,251767.88,Completed
PAY-07934,INV-07934,2026-03-14,86201.4,Completed
PAY-07935,INV-07935,2026-05-07,198138.36,Completed
PAY-07936,INV-07936,2026-03-03,381251.68,Completed
PAY-07937,INV-07937,2026-04-12,120544.0,Completed
PAY-07938,INV-07938,2026-05-24,168108.36,Completed
PAY-07939,INV-07939,2026-05-11,25247.88,Completed
PAY-07940,INV-07940,2026-06-13,254305.24,Completed
PAY-07941,INV-07941,2026-05-25,221373.0,Completed
PAY-07942,INV-07942,2026-05-23,159395.76,Completed
PAY-07943,INV-07943,2026-01-26,111115.55,Completed
PAY-07944,INV-07944,2026-06-06,84054.18,Completed
PAY-07945,INV-07945,2026-01-26,250358.48,Completed
PAY-07946,INV-07946,2026-02-23,32418.4,Completed
PAY-07947,INV-07947,2026-01-27,290738.88,Completed
PAY-07948,INV-07948,2026-03-14,9889.98,Completed
PAY-07949,INV-07949,2026-04-12,257007.24,Completed
PAY-07950,INV-07950,2026-04-30,9655.66,Completed
PAY-07951,INV-07951,2026-03-22,309501.32,Completed
PAY-07952,INV-07952,2026-03-10,458941.5,Completed
PAY-07953,INV-07953,2026-05-05,99145.83,Completed
PAY-07954,INV-07954,2026-02-04,295164.0,Completed
PAY-07955,INV-07955,2026-02-27,296633.4,Completed
PAY-07956,INV-07956,2026-05-26,1358.4,Completed
PAY-07957,INV-07957,2026-05-04,7810.8,Completed
PAY-07958,INV-07958,2026-01-29,209978.08,Completed
PAY-07959,INV-07959,2026-02-03,155061.92,Completed
PAY-07960,INV-07960,2026-04-11,223423.52,Completed
PAY-07961,INV-07961,2026-02-22,2886.6,Completed
PAY-07962,INV-07962,2026-03-24,46143.96,Completed
PAY-07963,INV-07963,2026-06-25,247608.66,Completed
PAY-07964,INV-07964,2026-02-22,257898.69,Completed
PAY-07965,INV-07965,2026-05-24,586486.74,Completed
PAY-07966,INV-07966,2026-02-26,202190.12,Completed
PAY-07967,INV-07967,2026-02-08,165540.15,Completed
PAY-07968,INV-07968,2026-05-14,209864.82,Completed
PAY-07969,INV-07969,2026-05-31,389141.82,Completed
PAY-07970,INV-07970,2026-06-01,36411.92,Completed
PAY-07971,INV-07971,2026-05-29,151774.64,Completed
PAY-07972,INV-07972,2026-05-03,64759.38,Completed
PAY-07973,INV-07973,2026-03-12,196623.08,Completed
PAY-07974,INV-07974,2026-04-23,15418.9,Completed
PAY-07975,INV-07975,2026-03-13,129518.76,Completed
PAY-07976,INV-07976,2026-06-22,56487.75,Completed
PAY-07977,INV-07977,2026-01-20,1867.8,Completed
PAY-07978,INV-07978,2026-04-15,380730.87,Completed
PAY-07979,INV-07979,2026-03-10,118147.25,Completed
PAY-07980,INV-07980,2026-02-27,203505.28,Completed
PAY-07981,INV-07981,2026-04-05,28966.98,Completed
PAY-07982,INV-07982,2026-04-06,22072.02,Completed
PAY-07983,INV-07983,2026-02-20,28327.38,Completed
PAY-07984,INV-07984,2026-03-11,177699.3,Completed
PAY-07985,INV-07985,2026-02-16,53087.21,Completed
PAY-07986,INV-07986,2026-02-11,206217.84,Completed
PAY-07987,INV-07987,2026-04-02,177699.3,Completed
PAY-07988,INV-07988,2026-05-12,116634.21,Completed
PAY-07989,INV-07989,2026-02-23,95234.1,Completed
PAY-07990,INV-07990,2026-03-30,17584.65,Completed
PAY-07991,INV-07991,2026-01-14,11036.01,Completed
PAY-07992,INV-07992,2026-03-16,187459.44,Completed
PAY-07993,INV-07993,2026-03-06,151079.36,Completed
PAY-07994,INV-07994,2026-03-02,360853.68,Completed
PAY-07995,INV-07995,2026-06-03,226702.58,Completed
PAY-07996,INV-07996,2026-03-07,219510.9,Completed
PAY-07997,INV-07997,2026-03-07,194562.9,Completed
PAY-07998,INV-07998,2026-04-22,365618.88,Completed
PAY-07999,INV-07999,2026-02-15,239486.52,Completed
PAY-08000,INV-08000,2026-01-23,497130.33,Completed
PAY-08001,INV-08001,2026-04-03,29780.63,Completed
PAY-08002,INV-08002,2026-02-07,274586.72,Completed
PAY-08003,INV-08003,2026-05-08,563371.16,Completed
PAY-08004,INV-08004,2026-06-06,43111.62,Completed
PAY-08005,INV-08005,2026-06-25,196210.0,Completed
PAY-08006,INV-08006,2026-02-26,56710.68,Completed
PAY-08007,INV-08007,2026-05-14,59214.96,Completed
PAY-08008,INV-08008,2026-03-16,372980.51,Completed
PAY-08009,INV-08009,2026-03-03,196285.5,Completed
PAY-08010,INV-08010,2026-03-10,221373.0,Completed
PAY-08011,INV-08011,2026-04-01,53905.3,Completed
PAY-08012,INV-08012,2026-04-05,73332.6,Completed
PAY-08013,INV-08013,2026-02-15,63449.8,Completed
PAY-08014,INV-08014,2026-01-27,48456.85,Completed
PAY-08015,INV-08015,2026-04-30,124972.96,Completed
PAY-08016,INV-08016,2026-06-25,172400.9,Completed
PAY-08017,INV-08017,2026-04-18,392356.16,Completed
PAY-08018,INV-08018,2026-02-03,24601.39,Completed
PAY-08019,INV-08019,2026-03-01,44133.88,Completed
PAY-08020,INV-08020,2026-04-26,323694.0,Completed
PAY-08021,INV-08021,2026-03-07,161672.17,Completed
PAY-08022,INV-08022,2026-05-31,327142.5,Completed
PAY-08023,INV-08023,2026-04-16,89132.63,Completed
PAY-08024,INV-08024,2026-04-28,491368.12,Completed
PAY-08025,INV-08025,2026-06-09,39525.76,Completed
PAY-08026,INV-08026,2026-02-03,323043.2,Completed
PAY-08027,INV-08027,2026-05-21,261322.5,Completed
PAY-08028,INV-08028,2026-02-10,122611.3,Completed
PAY-08029,INV-08029,2026-05-20,173964.4,Completed
PAY-08030,INV-08030,2026-05-31,132783.77,Completed
PAY-08031,INV-08031,2026-03-05,143298.2,Completed
PAY-08032,INV-08032,2026-02-12,13104.11,Completed
PAY-08033,INV-08033,2026-05-02,25946.28,Completed
PAY-08034,INV-08034,2026-04-24,84380.8,Completed
PAY-08035,INV-08035,2026-03-18,682915.45,Completed
PAY-08036,INV-08036,2026-06-02,83384.1,Completed
PAY-08037,INV-08037,2026-05-24,11493.52,Completed
PAY-08038,INV-08038,2026-02-20,51627.66,Completed
PAY-08039,INV-08039,2026-02-10,11035.04,Completed
PAY-08040,INV-08040,2026-05-14,322420.95,Completed
PAY-08041,INV-08041,2026-03-24,681080.89,Completed
PAY-08042,INV-08042,2026-04-10,97255.2,Completed
PAY-08043,INV-08043,2026-03-08,263297.1,Completed
PAY-08044,INV-08044,2026-03-14,3414.33,Completed
PAY-08045,INV-08045,2026-05-27,418116.0,Completed
PAY-08046,INV-08046,2026-05-12,155800.59,Completed
PAY-08047,INV-08047,2026-01-30,60427.07,Completed
PAY-08048,INV-08048,2026-01-24,72620.1,Completed
PAY-08049,INV-08049,2026-05-24,92093.65,Completed
PAY-08050,INV-08050,2026-04-29,311617.46,Completed
PAY-08051,INV-08051,2026-04-05,3169.44,Completed
PAY-08052,INV-08052,2026-06-18,404617.5,Completed
PAY-08053,INV-08053,2026-02-06,667072.8,Completed
PAY-08054,INV-08054,2026-03-20,300240.72,Completed
PAY-08055,INV-08055,2026-03-18,328417.84,Completed
PAY-08056,INV-08056,2026-04-24,119217.91,Completed
PAY-08057,INV-08057,2026-04-22,55180.05,Completed
PAY-08058,INV-08058,2026-04-29,30960.81,Completed
PAY-08059,INV-08059,2026-02-22,227058.25,Completed
PAY-08060,INV-08060,2026-04-28,522639.8,Completed
PAY-08061,INV-08061,2026-03-25,590919.06,Completed
PAY-08062,INV-08062,2026-03-03,42777.35,Completed
PAY-08063,INV-08063,2026-05-13,409506.63,Completed
PAY-08064,INV-08064,2026-06-30,234163.96,Completed
PAY-08065,INV-08065,2026-06-22,86723.64,Completed
PAY-08066,INV-08066,2026-04-01,38349.36,Completed
PAY-08067,INV-08067,2026-04-16,324024.0,Completed
PAY-08068,INV-08068,2026-04-03,248628.3,Completed
PAY-08069,INV-08069,2026-04-09,582006.24,Completed
PAY-08070,INV-08070,2026-05-02,184884.96,Completed
PAY-08071,INV-08071,2026-05-08,22800.48,Completed
PAY-08072,INV-08072,2026-05-27,456249.32,Completed
PAY-08073,INV-08073,2026-05-15,184213.35,Completed
PAY-08074,INV-08074,2026-06-04,101519.68,Completed
PAY-08075,INV-08075,2026-05-20,257007.24,Completed
PAY-08076,INV-08076,2026-05-02,314056.8,Completed
PAY-08077,INV-08077,2026-06-12,227562.48,Completed
PAY-08078,INV-08078,2026-04-11,188836.34,Completed
PAY-08079,INV-08079,2026-05-06,312115.25,Completed
PAY-08080,INV-08080,2026-03-07,145934.54,Completed
PAY-08081,INV-08081,2026-02-14,61436.57,Completed
PAY-08082,INV-08082,2026-03-25,526624.8,Completed
PAY-08083,INV-08083,2026-04-01,128458.72,Completed
PAY-08084,INV-08084,2026-04-29,454059.9,Completed
PAY-08085,INV-08085,2026-06-01,254305.24,Completed
PAY-08086,INV-08086,2026-04-25,331584.03,Completed
PAY-08087,INV-08087,2026-04-02,12159.29,Completed
PAY-08088,INV-08088,2026-03-05,257595.12,Completed
PAY-08089,INV-08089,2026-06-06,77094.5,Completed
PAY-08090,INV-08090,2026-03-13,280011.2,Completed
PAY-08091,INV-08091,2026-02-12,628378.65,Completed
PAY-08092,INV-08092,2026-05-08,54617.88,Completed
PAY-08093,INV-08093,2026-02-21,322993.44,Completed
PAY-08094,INV-08094,2026-04-19,151360.84,Completed
PAY-08095,INV-08095,2026-04-22,207939.16,Completed
PAY-08096,INV-08096,2026-06-14,272180.16,Completed
PAY-08097,INV-08097,2026-06-07,110528.01,Completed
PAY-08098,INV-08098,2026-01-28,76212.26,Completed
PAY-08099,INV-08099,2026-02-25,58148.22,Completed
PAY-08100,INV-08100,2026-03-24,527731.04,Completed
PAY-08101,INV-08101,2026-03-09,402375.12,Completed
PAY-08102,INV-08102,2026-02-09,183519.0,Completed
PAY-08103,INV-08103,2026-05-11,110222.56,Completed
PAY-08104,INV-08104,2026-06-05,573201.33,Completed
PAY-08105,INV-08105,2026-05-24,42777.35,Completed
PAY-08106,INV-08106,2026-05-15,61373.9,Completed
PAY-08107,INV-08107,2026-02-03,200359.8,Completed
PAY-08108,INV-08108,2026-03-27,61375.99,Completed
PAY-08109,INV-08109,2026-04-06,134950.8,Completed
PAY-08110,INV-08110,2026-04-13,92980.86,Completed
PAY-08111,INV-08111,2026-02-21,49099.12,Completed
PAY-08112,INV-08112,2026-05-19,261737.54,Completed
PAY-08113,INV-08113,2026-02-05,14020.59,Completed
PAY-08114,INV-08114,2026-02-20,78.1,Completed
PAY-08115,INV-08115,2026-03-08,63214.36,Completed
PAY-08116,INV-08116,2026-03-20,243018.75,Completed
PAY-08117,INV-08117,2026-06-11,182267.67,Completed
PAY-08118,INV-08118,2026-02-02,63080.64,Completed
PAY-08119,INV-08119,2026-04-09,359697.24,Completed
PAY-08120,INV-08120,2026-04-14,78739.01,Completed
PAY-08121,INV-08121,2026-04-30,254293.85,Completed
PAY-08122,INV-08122,2026-06-28,29501.52,Completed
PAY-08123,INV-08123,2026-06-19,575475.18,Completed
PAY-08124,INV-08124,2026-02-11,125096.49,Completed
PAY-08125,INV-08125,2026-05-14,37476.25,Completed
PAY-08126,INV-08126,2026-05-02,177098.4,Completed
PAY-08127,INV-08127,2026-06-04,55589.4,Completed
PAY-08128,INV-08128,2026-06-06,488207.88,Completed
PAY-08129,INV-08129,2026-06-05,269744.86,Completed
PAY-08130,INV-08130,2026-05-16,357543.14,Completed
PAY-08131,INV-08131,2026-02-08,516013.5,Completed
PAY-08132,INV-08132,2026-04-20,74678.69,Completed
PAY-08133,INV-08133,2026-01-18,139336.45,Completed
PAY-08134,INV-08134,2026-02-06,209055.75,Completed
PAY-08135,INV-08135,2026-05-19,77094.5,Completed
PAY-08136,INV-08136,2026-03-12,256257.75,Completed
PAY-08137,INV-08137,2026-04-29,9691.37,Completed
PAY-08138,INV-08138,2026-01-30,172400.9,Completed
PAY-08139,INV-08139,2026-05-30,54630.98,Completed
PAY-08140,INV-08140,2026-03-14,70888.35,Completed
PAY-08141,INV-08141,2026-06-15,37549.49,Completed
PAY-08142,INV-08142,2026-03-22,92655.09,Completed
PAY-08143,INV-08143,2026-06-16,205863.25,Completed
PAY-08144,INV-08144,2026-05-10,387651.84,Completed
PAY-08145,INV-08145,2026-06-12,150634.0,Completed
PAY-08146,INV-08146,2026-06-11,131961.12,Completed
PAY-08147,INV-08147,2026-04-05,261737.54,Completed
PAY-08148,INV-08148,2026-02-24,33684.96,Completed
PAY-08149,INV-08149,2026-05-01,125103.3,Completed
PAY-08150,INV-08150,2026-05-22,174444.66,Completed
PAY-08151,INV-08151,2026-02-14,473661.8,Completed
PAY-08152,INV-08152,2026-01-24,124792.92,Completed
PAY-08153,INV-08153,2026-06-11,441125.53,Completed
PAY-08154,INV-08154,2026-06-06,222112.21,Completed
PAY-08155,INV-08155,2026-01-22,22949.76,Completed
PAY-08156,INV-08156,2026-03-28,77455.44,Completed
PAY-08157,INV-08157,2026-04-22,111711.76,Completed
PAY-08158,INV-08158,2026-05-31,268625.37,Completed
PAY-08159,INV-08159,2026-06-30,234015.55,Completed
PAY-08160,INV-08160,2026-01-23,45770.81,Completed
PAY-08161,INV-08161,2026-03-17,395872.22,Completed
PAY-08162,INV-08162,2026-04-08,247036.0,Completed
PAY-08163,INV-08163,2026-03-22,5470.78,Completed
PAY-08164,INV-08164,2026-03-18,38543.84,Completed
PAY-08165,INV-08165,2026-05-11,49986.09,Completed
PAY-08166,INV-08166,2026-04-25,47310.48,Completed
PAY-08167,INV-08167,2026-05-26,35070.8,Completed
PAY-08168,INV-08168,2026-02-20,140005.6,Completed
PAY-08169,INV-08169,2026-05-09,228996.64,Completed
PAY-08170,INV-08170,2026-03-22,77821.38,Completed
PAY-08171,INV-08171,2026-05-11,165540.15,Completed
PAY-08172,INV-08172,2026-01-24,569881.11,Completed
PAY-08173,INV-08173,2026-03-19,70888.35,Completed
PAY-08174,INV-08174,2026-02-17,15933.54,Completed
PAY-08175,INV-08175,2026-02-02,93285.87,Completed
PAY-08176,INV-08176,2026-05-30,77571.58,Completed
PAY-08177,INV-08177,2026-02-18,102264.96,Completed
PAY-08178,INV-08178,2026-04-03,26157.99,Completed
PAY-08179,INV-08179,2026-03-01,315813.12,Completed
PAY-08180,INV-08180,2026-04-24,241772.64,Completed
PAY-08181,INV-08181,2026-04-09,59620.36,Completed
PAY-08182,INV-08182,2026-03-25,166768.2,Completed
PAY-08183,INV-08183,2026-02-19,37388.24,Completed
PAY-08184,INV-08184,2026-06-10,60243.12,Completed
PAY-08185,INV-08185,2026-05-17,441086.76,Completed
PAY-08186,INV-08186,2026-06-14,66066.84,Completed
PAY-08187,INV-08187,2026-02-12,410684.32,Completed
PAY-08188,INV-08188,2026-06-06,132783.77,Completed
PAY-08189,INV-08189,2026-04-04,236929.85,Completed
PAY-08190,INV-08190,2026-05-21,94817.7,Completed
PAY-08191,INV-08191,2026-05-11,85289.76,Completed
PAY-08192,INV-08192,2026-04-29,5773.2,Completed
PAY-08193,INV-08193,2026-03-27,187747.36,Completed
PAY-08194,INV-08194,2026-05-26,691732.84,Completed
PAY-08195,INV-08195,2026-04-07,103738.88,Completed
PAY-08196,INV-08196,2026-02-05,531399.36,Completed
PAY-08197,INV-08197,2026-05-12,205136.4,Completed
PAY-08198,INV-08198,2026-04-23,125433.45,Completed
PAY-08199,INV-08199,2026-05-23,117717.44,Completed
PAY-08200,INV-08200,2026-06-23,92110.2,Completed
PAY-08201,INV-08201,2026-05-04,126899.6,Completed
PAY-08202,INV-08202,2026-02-19,15173.18,Completed
PAY-08203,INV-08203,2026-05-21,216788.13,Completed
PAY-08204,INV-08204,2026-06-20,426212.78,Completed
PAY-08205,INV-08205,2026-03-30,78283.98,Completed
PAY-08206,INV-08206,2026-04-16,11431.87,Completed
PAY-08207,INV-08207,2026-02-27,49449.9,Completed
PAY-08208,INV-08208,2026-02-09,73332.6,Completed
PAY-08209,INV-08209,2026-04-19,309608.1,Completed
PAY-08210,INV-08210,2026-03-21,362790.87,Completed
PAY-08211,INV-08211,2026-05-15,180741.4,Completed
PAY-08212,INV-08212,2026-06-10,2577.3,Completed
PAY-08213,INV-08213,2026-03-28,119702.52,Completed
PAY-08214,INV-08214,2026-04-19,128954.28,Completed
PAY-08215,INV-08215,2026-03-20,170579.52,Completed
PAY-08216,INV-08216,2026-03-26,635087.04,Completed
PAY-08217,INV-08217,2026-05-10,28733.8,Completed
PAY-08218,INV-08218,2026-06-07,143669.0,Completed
PAY-08219,INV-08219,2026-06-05,5615.46,Completed
PAY-08220,INV-08220,2026-05-15,188041.7,Completed
PAY-08221,INV-08221,2026-04-06,207375.36,Completed
PAY-08222,INV-08222,2026-05-30,310573.6,Completed
PAY-08223,INV-08223,2026-06-12,332889.58,Completed
PAY-08224,INV-08224,2026-01-31,218555.01,Completed
PAY-08225,INV-08225,2026-02-14,216981.28,Completed
PAY-08226,INV-08226,2026-06-15,25642.05,Completed
PAY-08227,INV-08227,2026-02-18,208783.12,Completed
PAY-08228,INV-08228,2026-04-25,531898.74,Completed
PAY-08229,INV-08229,2026-05-21,123637.77,Completed
PAY-08230,INV-08230,2026-04-22,455494.39,Completed
PAY-08231,INV-08231,2026-04-12,5690.55,Completed
PAY-08232,INV-08232,2026-02-21,8423.19,Completed
PAY-08233,INV-08233,2026-01-27,576273.11,Completed
PAY-08234,INV-08234,2026-02-14,425351.22,Completed
PAY-08235,INV-08235,2026-06-04,178067.12,Completed
PAY-08236,INV-08236,2026-03-04,184309.71,Completed
PAY-08237,INV-08237,2026-06-04,246526.02,Completed
PAY-08238,INV-08238,2026-04-04,91665.75,Completed
PAY-08239,INV-08239,2026-05-23,233345.84,Completed
PAY-08240,INV-08240,2026-06-11,24015.48,Completed
PAY-08241,INV-08241,2026-03-15,172572.12,Completed
PAY-08242,INV-08242,2026-01-29,106605.07,Completed
PAY-08243,INV-08243,2026-04-25,13186.64,Completed
PAY-08244,INV-08244,2026-04-05,72967.27,Completed
PAY-08245,INV-08245,2026-05-14,106605.07,Completed
PAY-08246,INV-08246,2026-03-04,142452.13,Completed
PAY-08247,INV-08247,2026-03-31,16676.01,Completed
PAY-08248,INV-08248,2026-05-13,409624.25,Completed
PAY-08249,INV-08249,2026-06-04,334489.2,Completed
PAY-08250,INV-08250,2026-03-20,4673.53,Completed
PAY-08251,INV-08251,2026-05-28,130789.95,Completed
PAY-08252,INV-08252,2026-03-12,467033.04,Completed
PAY-08253,INV-08253,2026-01-25,17438.66,Completed
PAY-08254,INV-08254,2026-02-21,4414.8,Completed
PAY-08255,INV-08255,2026-05-01,48862.51,Completed
PAY-08256,INV-08256,2026-02-09,161940.96,Completed
PAY-08257,INV-08257,2026-05-23,219785.35,Completed
PAY-08258,INV-08258,2026-05-26,145968.16,Completed
PAY-08259,INV-08259,2026-05-29,200961.79,Completed
PAY-08260,INV-08260,2026-03-09,14834.97,Completed
PAY-08261,INV-08261,2026-02-07,368272.06,Completed
PAY-08262,INV-08262,2026-03-30,187650.45,Completed
PAY-08263,INV-08263,2026-04-03,85473.5,Completed
PAY-08264,INV-08264,2026-05-27,313162.69,Completed
PAY-08265,INV-08265,2026-04-26,146112.78,Completed
PAY-08266,INV-08266,2026-02-19,73048.25,Completed
PAY-08267,INV-08267,2026-04-29,88836.88,Completed
PAY-08268,INV-08268,2026-05-05,94817.7,Completed
PAY-08269,INV-08269,2026-02-25,305474.5,Completed
PAY-08270,INV-08270,2026-03-29,188821.5,Completed
PAY-08271,INV-08271,2026-06-24,79801.68,Completed
PAY-08272,INV-08272,2026-05-25,73170.3,Completed
PAY-08273,INV-08273,2026-03-08,129155.58,Completed
PAY-08274,INV-08274,2026-04-30,111115.55,Completed
PAY-08275,INV-08275,2026-04-30,367260.4,Completed
PAY-08276,INV-08276,2026-05-01,322012.88,Completed
PAY-08277,INV-08277,2026-06-05,70002.8,Completed
PAY-08278,INV-08278,2026-02-04,380095.03,Completed
PAY-08279,INV-08279,2026-03-22,191825.26,Completed
PAY-08280,INV-08280,2026-06-29,153445.52,Completed
PAY-08281,INV-08281,2026-06-04,6640.75,Completed
PAY-08282,INV-08282,2026-04-08,112162.5,Completed
PAY-08283,INV-08283,2026-05-22,15630.8,Completed
PAY-08284,INV-08284,2026-06-12,330334.2,Completed
PAY-08285,INV-08285,2026-02-27,358767.7,Completed
PAY-08286,INV-08286,2026-04-18,100080.24,Completed
PAY-08287,INV-08287,2026-02-03,383650.52,Completed
PAY-08288,INV-08288,2026-05-23,390547.44,Completed
PAY-08289,INV-08289,2026-01-25,187002.48,Completed
PAY-08290,INV-08290,2026-04-09,580954.5,Completed
PAY-08291,INV-08291,2026-01-28,200265.56,Completed
PAY-08292,INV-08292,2026-02-23,31316.87,Completed
PAY-08293,INV-08293,2026-06-25,418405.55,Completed
PAY-08294,INV-08294,2026-04-30,190728.93,Completed
PAY-08295,INV-08295,2026-03-24,37005.36,Completed
PAY-08296,INV-08296,2026-05-11,99611.25,Completed
PAY-08297,INV-08297,2026-05-13,174397.77,Completed
PAY-08298,INV-08298,2026-03-01,60038.7,Completed
PAY-08299,INV-08299,2026-06-22,74245.33,Completed
PAY-08300,INV-08300,2026-05-16,18765.14,Completed
PAY-08301,INV-08301,2026-02-19,292538.84,Completed
PAY-08302,INV-08302,2026-05-03,544555.64,Completed
PAY-08303,INV-08303,2026-03-17,44092.41,Completed
PAY-08304,INV-08304,2026-04-21,362262.19,Completed
PAY-08305,INV-08305,2026-03-26,646537.0,Completed
PAY-08306,INV-08306,2026-06-08,238649.58,Completed
PAY-08307,INV-08307,2026-06-21,165218.94,Completed
PAY-08308,INV-08308,2026-05-18,60856.07,Completed
PAY-08309,INV-08309,2026-06-14,142690.5,Completed
PAY-08310,INV-08310,2026-01-25,287620.2,Completed
PAY-08311,INV-08311,2026-03-18,233676.5,Completed
PAY-08312,INV-08312,2026-05-27,501739.2,Completed
PAY-08313,INV-08313,2026-04-08,518925.6,Completed
PAY-08314,INV-08314,2026-02-18,48768.24,Completed
PAY-08315,INV-08315,2026-07-01,53905.3,Completed
PAY-08316,INV-08316,2026-07-04,69585.76,Completed
PAY-08317,INV-08317,2026-03-25,159574.0,Completed
PAY-08318,INV-08318,2026-02-06,92882.43,Completed
PAY-08319,INV-08319,2026-06-16,10950.31,Completed
PAY-08320,INV-08320,2026-04-17,149958.27,Completed
PAY-08321,INV-08321,2026-06-04,271775.4,Completed
PAY-08322,INV-08322,2026-02-25,199244.7,Completed
PAY-08323,INV-08323,2026-04-15,278741.0,Completed
PAY-08324,INV-08324,2026-05-05,17212.32,Completed
PAY-08325,INV-08325,2026-02-23,103024.04,Completed
PAY-08326,INV-08326,2026-02-07,28001.12,Completed
PAY-08327,INV-08327,2026-03-06,85066.02,Completed
PAY-08328,INV-08328,2026-02-28,39054.05,Completed
PAY-08329,INV-08329,2026-04-11,401863.2,Completed
PAY-08330,INV-08330,2026-02-09,347585.6,Completed
PAY-08331,INV-08331,2026-06-18,654285.0,Completed
PAY-08332,INV-08332,2026-03-10,501769.21,Completed
PAY-08333,INV-08333,2026-02-01,34418.44,Completed
PAY-08334,INV-08334,2026-05-07,580637.6,Completed
PAY-08335,INV-08335,2026-03-25,26795.57,Completed
PAY-08336,INV-08336,2026-02-25,285006.0,Completed
PAY-08337,INV-08337,2026-05-15,51301.08,Completed
PAY-08338,INV-08338,2026-05-25,265315.43,Completed
PAY-08339,INV-08339,2026-03-27,57216.3,Completed
PAY-08340,INV-08340,2026-06-18,470380.5,Completed
PAY-08341,INV-08341,2026-05-07,266510.64,Completed
PAY-08342,INV-08342,2026-03-19,220700.34,Completed
PAY-08343,INV-08343,2026-05-08,418104.75,Completed
PAY-08344,INV-08344,2026-02-25,196589.05,Completed
PAY-08345,INV-08345,2026-05-04,312432.4,Completed
PAY-08346,INV-08346,2026-04-18,111311.0,Completed
PAY-08347,INV-08347,2026-05-03,145934.54,Completed
PAY-08348,INV-08348,2026-06-06,14717.72,Completed
PAY-08349,INV-08349,2026-03-12,16678.32,Completed
PAY-08350,INV-08350,2026-04-08,69585.76,Completed
PAY-08351,INV-08351,2026-02-16,272180.16,Completed
PAY-08352,INV-08352,2026-02-10,175436.04,Completed
PAY-08353,INV-08353,2026-04-03,394689.69,Completed
PAY-08354,INV-08354,2026-06-07,514285.57,Completed
PAY-08355,INV-08355,2026-04-23,27874.1,Completed
PAY-08356,INV-08356,2026-04-11,5311.18,Completed
PAY-08357,INV-08357,2026-04-30,88117.83,Completed
PAY-08358,INV-08358,2026-03-02,382721.68,Completed
PAY-08359,INV-08359,2026-01-13,191488.8,Completed
PAY-08360,INV-08360,2026-06-09,41547.6,Completed
PAY-08361,INV-08361,2026-03-10,158567.0,Completed
PAY-08362,INV-08362,2026-06-17,95675.17,Completed
PAY-08363,INV-08363,2026-03-22,238649.58,Completed
PAY-08364,INV-08364,2026-04-12,16483.3,Completed
PAY-08365,INV-08365,2026-05-03,39893.5,Completed
PAY-08366,INV-08366,2026-05-08,51869.44,Completed
PAY-08367,INV-08367,2026-02-16,33794.81,Completed
PAY-08368,INV-08368,2026-02-04,352320.24,Completed
PAY-08369,INV-08369,2026-03-25,107898.0,Completed
PAY-08370,INV-08370,2026-03-20,312750.75,Completed
PAY-08371,INV-08371,2026-02-26,4689.24,Completed
PAY-08372,INV-08372,2026-04-02,41860.75,Completed
PAY-08373,INV-08373,2026-05-11,8596.94,Completed
PAY-08374,INV-08374,2026-06-15,6792.0,Completed
PAY-08375,INV-08375,2026-02-01,351062.8,Completed
PAY-08376,INV-08376,2026-04-06,69486.75,Completed
PAY-08377,INV-08377,2026-02-23,278798.24,Completed
PAY-08378,INV-08378,2026-06-16,647388.0,Completed
PAY-08379,INV-08379,2026-06-12,454091.88,Completed
PAY-08380,INV-08380,2026-01-12,17584.65,Completed
PAY-08381,INV-08381,2026-05-24,249585.84,Completed
PAY-08382,INV-08382,2026-05-13,69170.08,Completed
PAY-08383,INV-08383,2026-03-07,160833.05,Completed
PAY-08384,INV-08384,2026-04-06,72651.0,Completed
PAY-08385,INV-08385,2026-04-23,229416.36,Completed
PAY-08386,INV-08386,2026-03-28,114964.32,Completed
PAY-08387,INV-08387,2026-04-15,169630.48,Completed
PAY-08388,INV-08388,2026-03-31,145369.44,Completed
PAY-08389,INV-08389,2026-03-27,211229.46,Completed
PAY-08390,INV-08390,2026-04-04,210814.77,Completed
PAY-08391,INV-08391,2026-04-06,9347.06,Completed
PAY-08392,INV-08392,2026-05-18,245627.2,Completed
PAY-08393,INV-08393,2026-07-05,459927.6,Completed
PAY-08394,INV-08394,2026-05-07,594713.3,Completed
PAY-08395,INV-08395,2026-02-20,127934.64,Completed
PAY-08396,INV-08396,2026-05-03,112061.82,Completed
PAY-08397,INV-08397,2026-04-07,101468.8,Completed
PAY-08398,INV-08398,2026-02-22,90620.37,Completed
PAY-08399,INV-08399,2026-05-07,99905.63,Completed
PAY-08400,INV-08400,2026-06-30,222116.83,Completed
PAY-08401,INV-08401,2026-05-20,39844.5,Completed
PAY-08402,INV-08402,2026-02-24,59773.41,Completed
PAY-08403,INV-08403,2026-04-05,92655.09,Completed
PAY-08404,INV-08404,2026-04-30,566647.12,Completed
PAY-08405,INV-08405,2026-03-20,247873.15,Completed
PAY-08406,INV-08406,2026-03-11,317134.0,Completed
PAY-08407,INV-08407,2026-05-15,268445.52,Completed
PAY-08408,INV-08408,2026-02-04,124870.75,Completed
PAY-08409,INV-08409,2026-04-23,531898.74,Completed
PAY-08410,INV-08410,2026-02-07,156040.11,Completed
PAY-08411,INV-08411,2026-01-29,38069.88,Completed
PAY-08412,INV-08412,2026-02-14,34484.5,Completed
PAY-08413,INV-08413,2026-03-15,22496.38,Completed
PAY-08414,INV-08414,2026-05-04,859.1,Completed
PAY-08415,INV-08415,2026-04-03,514201.95,Completed
PAY-08416,INV-08416,2026-05-15,255822.14,Completed
PAY-08417,INV-08417,2026-05-02,11228.32,Completed
PAY-08418,INV-08418,2026-02-05,142154.48,Completed
PAY-08419,INV-08419,2026-02-14,436111.65,Completed
PAY-08420,INV-08420,2026-03-27,448017.92,Completed
PAY-08421,INV-08421,2026-03-20,129584.8,Completed
PAY-08422,INV-08422,2026-04-28,110360.1,Completed
PAY-08423,INV-08423,2026-01-29,3202.1,Completed
PAY-08424,INV-08424,2026-06-08,589192.14,Completed
PAY-08425,INV-08425,2026-05-14,2868.72,Completed
PAY-08426,INV-08426,2026-03-09,155142.6,Completed
PAY-08427,INV-08427,2026-02-04,536765.2,Completed
PAY-08428,INV-08428,2026-03-30,146502.59,Completed
PAY-08429,INV-08429,2026-03-30,4552.44,Completed
PAY-08430,INV-08430,2026-04-06,461185.63,Completed
PAY-08431,INV-08431,2026-01-29,55142.76,Completed
PAY-08432,INV-08432,2026-06-22,7131.6,Completed
PAY-08433,INV-08433,2026-03-12,228004.8,Completed
PAY-08434,INV-08434,2026-04-28,271112.1,Completed
PAY-08435,INV-08435,2026-06-22,67475.4,Completed
PAY-08436,INV-08436,2026-05-31,424373.88,Completed
PAY-08437,INV-08437,2026-05-12,6304.84,Completed
PAY-08438,INV-08438,2026-01-20,93729.72,Completed
PAY-08439,INV-08439,2026-01-19,202471.74,Completed
PAY-08440,INV-08440,2026-03-27,99622.35,Completed
PAY-08441,INV-08441,2026-03-02,145387.14,Completed
PAY-08442,INV-08442,2026-02-11,287233.2,Completed
PAY-08443,INV-08443,2026-02-27,106858.56,Completed
PAY-08444,INV-08444,2026-04-24,171655.82,Completed
PAY-08445,INV-08445,2026-06-03,10242.99,Completed
PAY-08446,INV-08446,2026-04-16,25370.72,Completed
PAY-08447,INV-08447,2026-02-14,528099.3,Completed
PAY-08448,INV-08448,2026-04-01,5741.37,Completed
PAY-08449,INV-08449,2026-04-02,132815.0,Completed
PAY-08450,INV-08450,2026-03-21,51892.56,Completed
PAY-08451,INV-08451,2026-02-14,25116.45,Completed
PAY-08452,INV-08452,2026-06-16,282062.55,Completed
PAY-08453,INV-08453,2026-02-19,26897.91,Completed
PAY-08454,INV-08454,2026-05-13,196085.13,Completed
PAY-08455,INV-08455,2026-03-31,435966.5,Completed
PAY-08456,INV-08456,2026-04-28,849.0,Completed
PAY-08457,INV-08457,2026-02-01,455494.39,Completed
PAY-08458,INV-08458,2026-04-22,191995.92,Completed
PAY-08459,INV-08459,2026-04-08,13897.35,Completed
PAY-08460,INV-08460,2026-05-17,240976.08,Completed
PAY-08461,INV-08461,2026-06-13,315256.04,Completed
PAY-08462,INV-08462,2026-06-20,73588.6,Completed
PAY-08463,INV-08463,2026-03-24,330532.36,Completed
PAY-08464,INV-08464,2026-03-24,90726.72,Completed
PAY-08465,INV-08465,2026-04-20,216725.67,Completed
PAY-08466,INV-08466,2026-03-21,324884.2,Completed
PAY-08467,INV-08467,2026-06-28,107460.06,Completed
PAY-08468,INV-08468,2026-05-14,23449.46,Completed
PAY-08469,INV-08469,2026-02-19,819299.44,Completed
PAY-08470,INV-08470,2026-01-31,528078.27,Completed
PAY-08471,INV-08471,2026-02-02,391130.25,Completed
PAY-08472,INV-08472,2026-05-03,236787.5,Completed
PAY-08473,INV-08473,2026-06-10,194562.9,Completed
PAY-08474,INV-08474,2026-03-05,102259.97,Completed
PAY-08475,INV-08475,2026-05-12,202190.12,Completed
PAY-08476,INV-08476,2026-05-21,34189.4,Completed
PAY-08477,INV-08477,2026-03-13,264049.65,Completed
PAY-08478,INV-08478,2026-05-07,407663.1,Completed
PAY-08479,INV-08479,2026-02-25,128210.25,Completed
PAY-08480,INV-08480,2026-03-29,199991.61,Completed
PAY-08481,INV-08481,2026-06-02,390.77,Completed
PAY-08482,INV-08482,2026-03-09,122923.0,Completed
PAY-08483,INV-08483,2026-02-16,75402.22,Completed
PAY-08484,INV-08484,2026-03-31,212323.35,Completed
PAY-08485,INV-08485,2026-03-17,78473.97,Completed
PAY-08486,INV-08486,2026-05-19,680970.15,Completed
PAY-08487,INV-08487,2026-05-01,2811.6,Completed
PAY-08488,INV-08488,2026-06-16,374392.9,Completed
PAY-08489,INV-08489,2026-02-18,196126.42,Completed
PAY-08490,INV-08490,2026-05-22,522645.0,Completed
PAY-08491,INV-08491,2026-05-16,376746.75,Completed
PAY-08492,INV-08492,2026-02-09,499713.98,Completed
PAY-08493,INV-08493,2026-03-28,246729.0,Completed
PAY-08494,INV-08494,2026-05-25,69819.85,Completed
PAY-08495,INV-08495,2026-02-24,366155.91,Completed
PAY-08496,INV-08496,2026-05-24,222622.0,Completed
PAY-08497,INV-08497,2026-04-02,374023.46,Completed
PAY-08498,INV-08498,2026-06-16,77838.84,Completed
PAY-08499,INV-08499,2026-04-22,411216.54,Completed
PAY-08500,INV-08500,2026-04-30,13561.33,Completed
PAY-08501,INV-08501,2026-06-20,57076.2,Completed
PAY-08502,INV-08502,2026-02-05,388321.92,Completed
PAY-08503,INV-08503,2026-06-03,37293.36,Completed
PAY-08504,INV-08504,2026-04-18,169082.21,Completed
PAY-08505,INV-08505,2026-06-19,25284.72,Completed
PAY-08506,INV-08506,2026-04-14,38050.8,Completed
PAY-08507,INV-08507,2026-03-03,279819.76,Completed
PAY-08508,INV-08508,2026-02-07,117924.66,Completed
PAY-08509,INV-08509,2026-03-14,279819.76,Completed
PAY-08510,INV-08510,2026-03-25,252891.52,Completed
PAY-08511,INV-08511,2026-05-20,672026.88,Completed
PAY-08512,INV-08512,2026-02-21,116190.9,Completed
PAY-08513,INV-08513,2026-04-09,204529.92,Completed
PAY-08514,INV-08514,2026-02-11,102922.25,Completed
PAY-08515,INV-08515,2026-02-17,84596.36,Completed
PAY-08516,INV-08516,2026-03-09,84003.36,Completed
PAY-08517,INV-08517,2026-03-16,50154.37,Completed
PAY-08518,INV-08518,2026-03-24,83328.68,Completed
PAY-08519,INV-08519,2026-03-28,200994.08,Completed
PAY-08520,INV-08520,2026-06-05,513943.12,Completed
PAY-08521,INV-08521,2026-02-13,25020.66,Completed
PAY-08522,INV-08522,2026-02-12,60038.7,Completed
PAY-08523,INV-08523,2026-03-13,546021.84,Completed
PAY-08524,INV-08524,2026-02-03,348889.32,Completed
PAY-08525,INV-08525,2026-06-15,525433.86,Completed
PAY-08526,INV-08526,2026-03-17,529108.92,Completed
PAY-08527,INV-08527,2026-06-02,272469.9,Completed
PAY-08528,INV-08528,2026-06-05,75691.48,Completed
PAY-08529,INV-08529,2026-04-28,349099.25,Completed
PAY-08530,INV-08530,2026-02-10,18357.66,Completed
PAY-08531,INV-08531,2026-05-28,229283.25,Completed
PAY-08532,INV-08532,2026-02-26,485822.88,Completed
PAY-08533,INV-08533,2026-04-29,245627.2,Completed
PAY-08534,INV-08534,2026-05-18,21322.44,Completed
PAY-08535,INV-08535,2026-06-10,75808.71,Completed
PAY-08536,INV-08536,2026-03-10,88957.0,Completed
PAY-08537,INV-08537,2026-02-25,261666.99,Completed
PAY-08538,INV-08538,2026-04-03,315652.68,Completed
PAY-08539,INV-08539,2026-06-16,146502.59,Completed
PAY-08540,INV-08540,2026-01-22,117490.44,Completed
PAY-08541,INV-08541,2026-04-17,100049.74,Completed
PAY-08542,INV-08542,2026-02-26,143468.13,Completed
PAY-08543,INV-08543,2026-04-07,147171.5,Completed
PAY-08544,INV-08544,2026-06-09,24732.41,Completed
PAY-08545,INV-08545,2026-05-12,116648.64,Completed
PAY-08546,INV-08546,2026-05-16,412021.5,Completed
PAY-08547,INV-08547,2026-02-04,206040.1,Completed
PAY-08548,INV-08548,2026-04-12,128419.55,Completed
PAY-08549,INV-08549,2026-06-22,227045.94,Completed
PAY-08550,INV-08550,2026-03-11,115631.52,Completed
PAY-08551,INV-08551,2026-02-19,103002.76,Completed
PAY-08552,INV-08552,2026-06-08,3507.08,Completed
PAY-08553,INV-08553,2026-02-24,241772.64,Completed
PAY-08554,INV-08554,2026-04-27,393278.57,Completed
PAY-08555,INV-08555,2026-06-02,303707.61,Completed
PAY-08556,INV-08556,2026-05-04,71706.68,Completed
PAY-08557,INV-08557,2026-05-08,28703.76,Completed
PAY-08558,INV-08558,2026-02-23,186595.35,Completed
PAY-08559,INV-08559,2026-04-03,18195.75,Completed
PAY-08560,INV-08560,2026-02-24,80748.36,Completed
PAY-08561,INV-08561,2026-05-17,34369.75,Completed
PAY-08562,INV-08562,2026-05-18,336984.96,Completed
PAY-08563,INV-08563,2026-04-10,15173.18,Completed
PAY-08564,INV-08564,2026-05-22,58005.0,Completed
PAY-08565,INV-08565,2026-02-15,13765.96,Completed
PAY-08566,INV-08566,2026-05-11,587985.51,Completed
PAY-08567,INV-08567,2026-03-26,419030.04,Completed
PAY-08568,INV-08568,2026-01-20,333319.35,Completed
PAY-08569,INV-08569,2026-02-07,146861.28,Completed
PAY-08570,INV-08570,2026-05-01,139455.75,Completed
PAY-08571,INV-08571,2026-05-21,83721.5,Completed
PAY-08572,INV-08572,2026-06-28,161496.72,Completed
PAY-08573,INV-08573,2026-02-13,360002.45,Completed
PAY-08574,INV-08574,2026-06-26,134556.8,Completed
PAY-08575,INV-08575,2026-05-13,528099.3,Completed
PAY-08576,INV-08576,2026-06-26,16744.3,Completed
PAY-08577,INV-08577,2026-04-12,172678.74,Completed
PAY-08578,INV-08578,2026-01-22,570818.16,Completed
PAY-08579,INV-08579,2026-03-27,126185.31,Completed
PAY-08580,INV-08580,2026-03-08,514967.46,Completed
PAY-08581,INV-08581,2026-06-07,7557.89,Completed
PAY-08582,INV-08582,2026-03-16,374918.88,Completed
PAY-08583,INV-08583,2026-03-16,145501.56,Completed
PAY-08584,INV-08584,2026-03-19,100080.24,Completed
PAY-08585,INV-08585,2026-03-27,63127.44,Completed
PAY-08586,INV-08586,2026-06-28,155578.86,Completed
PAY-08587,INV-08587,2026-03-21,16483.3,Completed
PAY-08588,INV-08588,2026-02-18,34792.88,Completed
PAY-08589,INV-08589,2026-03-08,21306.22,Completed
PAY-08590,INV-08590,2026-04-06,25349.3,Completed
PAY-08591,INV-08591,2026-02-07,159402.89,Completed
PAY-08592,INV-08592,2026-04-19,54663.7,Completed
PAY-08593,INV-08593,2026-02-07,75317.0,Completed
PAY-08594,INV-08594,2026-03-20,302901.39,Completed
PAY-08595,INV-08595,2026-02-01,105931.25,Completed
PAY-08596,INV-08596,2026-03-28,79496.67,Completed
PAY-08597,INV-08597,2026-04-15,18756.96,Completed
PAY-08598,INV-08598,2026-02-15,168492.48,Completed
PAY-08599,INV-08599,2026-03-08,78473.97,Completed
PAY-08600,INV-08600,2026-06-01,34614.93,Completed
PAY-08601,INV-08601,2026-02-27,179083.58,Completed
PAY-08602,INV-08602,2026-02-13,3961.8,Completed
PAY-08603,INV-08603,2026-05-02,274837.08,Completed
PAY-08604,INV-08604,2026-04-12,678877.2,Completed
PAY-08605,INV-08605,2026-03-11,58745.22,Completed
PAY-08606,INV-08606,2026-02-06,242095.28,Completed
PAY-08607,INV-08607,2026-03-31,403023.15,Completed
PAY-08608,INV-08608,2026-04-05,215651.12,Completed
PAY-08609,INV-08609,2026-05-16,529314.1,Completed
PAY-08610,INV-08610,2026-06-23,159603.36,Completed
PAY-08611,INV-08611,2026-06-16,251767.88,Completed
PAY-08612,INV-08612,2026-01-29,662297.4,Completed
PAY-08613,INV-08613,2026-05-25,261714.0,Completed
PAY-08614,INV-08614,2026-02-20,28552.41,Completed
PAY-08615,INV-08615,2026-04-08,171003.6,Completed
PAY-08616,INV-08616,2026-03-23,94821.54,Completed
PAY-08617,INV-08617,2026-02-24,550441.32,Completed
PAY-08618,INV-08618,2026-03-04,1752.24,Completed
PAY-08619,INV-08619,2026-05-10,108172.24,Completed
PAY-08620,INV-08620,2026-05-20,107825.56,Completed
PAY-08621,INV-08621,2026-05-15,80870.0,Completed
PAY-08622,INV-08622,2026-06-09,229216.23,Completed
PAY-08623,INV-08623,2026-05-13,54097.49,Completed
PAY-08624,INV-08624,2026-06-20,112162.5,Completed
PAY-08625,INV-08625,2026-03-15,392420.0,Completed
PAY-08626,INV-08626,2026-05-29,29442.72,Completed
PAY-08627,INV-08627,2026-01-31,385510.86,Completed
PAY-08628,INV-08628,2026-04-26,212675.61,Completed
PAY-08629,INV-08629,2026-06-04,62636.54,Completed
PAY-08630,INV-08630,2026-03-22,206040.1,Completed
PAY-08631,INV-08631,2026-06-26,392170.26,Completed
PAY-08632,INV-08632,2026-04-22,181623.96,Completed
PAY-08633,INV-08633,2026-05-29,145809.17,Completed
PAY-08634,INV-08634,2026-03-04,416191.91,Completed
PAY-08635,INV-08635,2026-04-09,168726.45,Completed
PAY-08636,INV-08636,2026-04-12,50814.96,Completed
PAY-08637,INV-08637,2026-04-11,123732.73,Completed
PAY-08638,INV-08638,2026-02-13,371515.69,Completed
PAY-08639,INV-08639,2026-02-19,17338.31,Completed
PAY-08640,INV-08640,2026-02-23,2547.0,Completed
PAY-08641,INV-08641,2026-03-17,134163.51,Completed
PAY-08642,INV-08642,2026-02-17,267837.6,Completed
PAY-08643,INV-08643,2026-05-02,68043.86,Completed
PAY-08644,INV-08644,2026-03-12,20336.29,Completed
PAY-08645,INV-08645,2026-02-21,436111.65,Completed
PAY-08646,INV-08646,2026-03-02,512192.1,Completed
PAY-08647,INV-08647,2026-05-12,252913.46,Completed
PAY-08648,INV-08648,2026-03-02,416191.91,Completed
PAY-08649,INV-08649,2026-06-30,185764.86,Completed
PAY-08650,INV-08650,2026-03-23,238082.36,Completed
PAY-08651,INV-08651,2026-02-10,181030.36,Completed
PAY-08652,INV-08652,2026-05-13,188821.5,Completed
PAY-08653,INV-08653,2026-05-23,217483.74,Completed
PAY-08654,INV-08654,2026-04-27,465185.76,Completed
PAY-08655,INV-08655,2026-04-01,54138.0,Completed
PAY-08656,INV-08656,2026-04-27,512923.53,Completed
PAY-08657,INV-08657,2026-05-31,242284.25,Completed
PAY-08658,INV-08658,2026-05-27,116838.25,Completed
PAY-08659,INV-08659,2026-03-09,155677.68,Completed
PAY-08660,INV-08660,2026-03-22,509144.76,Completed
PAY-08661,INV-08661,2026-05-15,88957.0,Completed
PAY-08662,INV-08662,2026-05-18,132602.54,Completed
PAY-08663,INV-08663,2026-05-13,4754.4,Completed
PAY-08664,INV-08664,2026-02-18,40981.46,Completed
PAY-08665,INV-08665,2026-03-23,82355.28,Completed
PAY-08666,INV-08666,2026-03-26,504443.1,Completed
PAY-08667,INV-08667,2026-05-18,48954.35,Completed
PAY-08668,INV-08668,2026-05-24,85405.25,Completed
PAY-08669,INV-08669,2026-06-02,37388.24,Completed
PAY-08670,INV-08670,2026-05-21,86935.25,Completed
PAY-08671,INV-08671,2026-02-11,77094.5,Completed
PAY-08672,INV-08672,2026-03-25,44504.91,Completed
PAY-08673,INV-08673,2026-02-12,406016.24,Completed
PAY-08674,INV-08674,2026-03-23,415476.0,Completed
PAY-08675,INV-08675,2026-02-10,16862.93,Completed
PAY-08676,INV-08676,2026-04-29,82674.02,Completed
PAY-08677,INV-08677,2026-02-17,299716.89,Completed
PAY-08678,INV-08678,2026-04-10,472586.74,Completed
PAY-08679,INV-08679,2026-04-29,54347.92,Completed
PAY-08680,INV-08680,2026-06-05,258989.25,Completed
PAY-08681,INV-08681,2026-06-08,18589.13,Completed
PAY-08682,INV-08682,2026-04-27,201934.26,Completed
PAY-08683,INV-08683,2026-03-12,542084.79,Completed
PAY-08684,INV-08684,2026-02-19,461185.63,Completed
PAY-08685,INV-08685,2026-04-28,1093.4,Completed
PAY-08686,INV-08686,2026-02-16,542453.2,Completed
PAY-08687,INV-08687,2026-02-11,200544.59,Completed
PAY-08688,INV-08688,2026-05-04,675415.38,Completed
PAY-08689,INV-08689,2026-03-07,150698.7,Completed
PAY-08690,INV-08690,2026-02-23,158887.3,Completed
PAY-08691,INV-08691,2026-04-14,355548.0,Completed
PAY-08692,INV-08692,2026-04-05,216189.9,Completed
PAY-08693,INV-08693,2026-01-24,283935.23,Completed
PAY-08694,INV-08694,2026-01-22,70929.45,Completed
PAY-08695,INV-08695,2026-02-21,392170.26,Completed
PAY-08696,INV-08696,2026-01-28,14458.49,Completed
PAY-08697,INV-08697,2026-04-11,171421.38,Completed
PAY-08698,INV-08698,2026-02-10,543091.08,Completed
PAY-08699,INV-08699,2026-04-08,792.36,Completed
PAY-08700,INV-08700,2026-03-19,167831.3,Completed
PAY-08701,INV-08701,2026-05-30,79959.15,Completed
PAY-08702,INV-08702,2026-06-07,102817.66,Completed
PAY-08703,INV-08703,2026-02-25,539490.0,Completed
PAY-08704,INV-08704,2026-03-23,251767.88,Completed
PAY-08705,INV-08705,2026-06-02,120284.56,Completed
PAY-08706,INV-08706,2026-04-12,308799.22,Completed
PAY-08707,INV-08707,2026-04-04,238649.58,Completed
PAY-08708,INV-08708,2026-02-12,101482.88,Completed
PAY-08709,INV-08709,2026-05-24,208598.94,Completed
PAY-08710,INV-08710,2026-06-07,25861.48,Completed
PAY-08711,INV-08711,2026-04-24,15554.17,Completed
PAY-08712,INV-08712,2026-04-14,168726.45,Completed
PAY-08713,INV-08713,2026-05-05,677395.02,Completed
PAY-08714,INV-08714,2026-01-20,392991.2,Completed
PAY-08715,INV-08715,2026-05-07,564011.98,Completed
PAY-08716,INV-08716,2026-04-28,184526.65,Completed
PAY-08717,INV-08717,2026-05-26,150084.09,Completed
PAY-08718,INV-08718,2026-04-05,227905.47,Completed
PAY-08719,INV-08719,2026-06-01,179320.23,Completed
PAY-08720,INV-08720,2026-02-19,90620.37,Completed
PAY-08721,INV-08721,2026-06-15,7815.4,Completed
PAY-08722,INV-08722,2026-06-18,392170.26,Completed
PAY-08723,INV-08723,2026-06-13,19654.11,Completed
PAY-08724,INV-08724,2026-03-04,277788.61,Completed
PAY-08725,INV-08725,2026-04-01,50543.75,Completed
PAY-08726,INV-08726,2026-02-08,303064.52,Completed
PAY-08727,INV-08727,2026-02-07,132459.48,Completed
PAY-08728,INV-08728,2026-04-09,483588.84,Completed
PAY-08729,INV-08729,2026-06-08,198138.36,Completed
PAY-08730,INV-08730,2026-04-27,47258.9,Completed
PAY-08731,INV-08731,2026-03-15,131102.76,Completed
PAY-08732,INV-08732,2026-06-22,11033.47,Completed
PAY-08733,INV-08733,2026-02-01,319993.2,Completed
PAY-08734,INV-08734,2026-03-14,63211.8,Completed
PAY-08735,INV-08735,2026-02-27,41424.35,Completed
PAY-08736,INV-08736,2026-04-10,66066.84,Completed
PAY-08737,INV-08737,2026-04-13,287737.59,Completed
PAY-08738,INV-08738,2026-02-17,285552.25,Completed
PAY-08739,INV-08739,2026-05-21,401756.4,Completed
PAY-08740,INV-08740,2026-06-08,268445.52,Completed
PAY-08741,INV-08741,2026-05-28,478437.38,Completed
PAY-08742,INV-08742,2026-06-25,258669.72,Completed
PAY-08743,INV-08743,2026-05-15,63214.36,Completed
PAY-08744,INV-08744,2026-04-19,51843.84,Completed
PAY-08745,INV-08745,2026-06-20,555894.0,Completed
PAY-08746,INV-08746,2026-03-10,140614.32,Completed
PAY-08747,INV-08747,2026-03-24,60625.65,Completed
PAY-08748,INV-08748,2026-03-05,180694.93,Completed
PAY-08749,INV-08749,2026-05-22,278798.24,Completed
PAY-08750,INV-08750,2026-06-09,105526.19,Completed
PAY-08751,INV-08751,2026-03-06,124642.8,Completed
PAY-08752,INV-08752,2026-06-21,444280.87,Completed
PAY-08753,INV-08753,2026-03-30,366399.6,Completed
PAY-08754,INV-08754,2026-02-08,25921.92,Completed
PAY-08755,INV-08755,2026-04-28,65428.5,Completed
PAY-08756,INV-08756,2026-02-25,24724.95,Completed
PAY-08757,INV-08757,2026-03-02,135637.9,Completed
PAY-08758,INV-08758,2026-05-01,180706.25,Completed
PAY-08759,INV-08759,2026-06-18,57823.92,Completed
PAY-08760,INV-08760,2026-04-25,135679.18,Completed
PAY-08761,INV-08761,2026-06-11,86723.64,Completed
PAY-08762,INV-08762,2026-03-01,494389.0,Completed
PAY-08763,INV-08763,2026-05-06,99753.84,Completed
PAY-08764,INV-08764,2026-02-22,176589.0,Completed
PAY-08765,INV-08765,2026-02-12,325268.58,Completed
PAY-08766,INV-08766,2026-02-21,392356.16,Completed
PAY-08767,INV-08767,2026-06-20,67451.72,Completed
PAY-08768,INV-08768,2026-02-12,24703.6,Completed
PAY-08769,INV-08769,2026-05-12,440924.1,Completed
PAY-08770,INV-08770,2026-03-27,80324.16,Completed
PAY-08771,INV-08771,2026-02-18,79787.0,Completed
PAY-08772,INV-08772,2026-04-24,61461.5,Completed
PAY-08773,INV-08773,2026-05-02,44524.4,Completed
PAY-08774,INV-08774,2026-06-05,594713.3,Completed
PAY-08775,INV-08775,2026-02-22,95429.88,Completed
PAY-08776,INV-08776,2026-06-10,68674.99,Completed
PAY-08777,INV-08777,2026-06-01,36736.5,Completed
PAY-08778,INV-08778,2026-04-14,134556.8,Completed
PAY-08779,INV-08779,2026-03-26,168099.62,Completed
PAY-08780,INV-08780,2026-03-25,51627.66,Completed
PAY-08781,INV-08781,2026-06-03,84596.36,Completed
PAY-08782,INV-08782,2026-04-08,76049.02,Completed
PAY-08783,INV-08783,2026-05-03,95680.42,Completed
PAY-08784,INV-08784,2026-06-28,2021.75,Completed
PAY-08785,INV-08785,2026-06-15,472262.4,Completed
PAY-08786,INV-08786,2026-04-29,92507.8,Completed
PAY-08787,INV-08787,2026-02-22,260946.6,Completed
PAY-08788,INV-08788,2026-06-11,181646.6,Completed
PAY-08789,INV-08789,2026-02-22,28500.6,Completed
PAY-08790,INV-08790,2026-05-26,54675.67,Completed
PAY-08791,INV-08791,2026-06-06,8087.0,Completed
PAY-08792,INV-08792,2026-01-20,639382.06,Completed
PAY-08793,INV-08793,2026-05-05,91948.16,Completed
PAY-08794,INV-08794,2026-05-25,9769.25,Completed
PAY-08795,INV-08795,2026-05-06,193761.49,Completed
PAY-08796,INV-08796,2026-03-01,674362.5,Completed
PAY-08797,INV-08797,2026-02-23,14483.49,Completed
PAY-08798,INV-08798,2026-06-30,216981.28,Completed
PAY-08799,INV-08799,2026-03-05,599293.15,Completed
PAY-08800,INV-08800,2026-02-17,49340.48,Completed
PAY-08801,INV-08801,2026-05-16,227562.48,Completed
PAY-08802,INV-08802,2026-06-28,207939.16,Completed
PAY-08803,INV-08803,2026-04-01,8150.4,Completed
PAY-08804,INV-08804,2026-05-30,26094.66,Completed
PAY-08805,INV-08805,2026-02-25,458941.5,Completed
PAY-08806,INV-08806,2026-04-23,339197.95,Completed
PAY-08807,INV-08807,2026-03-23,12281.58,Completed
PAY-08808,INV-08808,2026-02-17,100593.78,Completed
PAY-08809,INV-08809,2026-01-17,17438.66,Completed
PAY-08810,INV-08810,2026-03-06,118429.92,Completed
PAY-08811,INV-08811,2026-05-11,28041.18,Completed
PAY-08812,INV-08812,2026-03-22,655041.35,Completed
PAY-08813,INV-08813,2026-03-26,352356.48,Completed
PAY-08814,INV-08814,2026-03-31,19288.94,Completed
PAY-08815,INV-08815,2026-06-06,158165.7,Completed
PAY-08816,INV-08816,2026-05-15,271275.8,Completed
PAY-08817,INV-08817,2026-01-15,366399.6,Completed
PAY-08818,INV-08818,2026-02-03,430887.91,Completed
PAY-08819,INV-08819,2026-02-14,167775.72,Completed
PAY-08820,INV-08820,2026-04-19,133261.67,Completed
PAY-08821,INV-08821,2026-04-25,50040.12,Completed
PAY-08822,INV-08822,2026-02-14,21869.92,Completed
PAY-08823,INV-08823,2026-02-28,29656.67,Completed
PAY-08824,INV-08824,2026-03-04,73048.25,Completed
PAY-08825,INV-08825,2026-04-19,15991.83,Completed
PAY-08826,INV-08826,2026-06-26,63048.4,Completed
PAY-08827,INV-08827,2026-03-15,176235.66,Completed
PAY-08828,INV-08828,2026-03-05,25379.92,Completed
PAY-08829,INV-08829,2026-05-20,125582.25,Completed
PAY-08830,INV-08830,2026-06-09,137610.33,Completed
PAY-08831,INV-08831,2026-05-16,126899.6,Completed
PAY-08832,INV-08832,2026-03-19,80051.6,Completed
PAY-08833,INV-08833,2026-06-16,653281.67,Completed
PAY-08834,INV-08834,2026-04-03,368489.22,Completed
PAY-08835,INV-08835,2026-04-25,406016.24,Completed
PAY-08836,INV-08836,2026-05-29,25284.72,Completed
PAY-08837,INV-08837,2026-02-10,25861.48,Completed
PAY-08838,INV-08838,2026-03-13,7821.65,Completed
PAY-08839,INV-08839,2026-06-04,504020.16,Completed
PAY-08840,INV-08840,2026-05-06,206561.6,Completed
PAY-08841,INV-08841,2026-04-19,458832.72,Completed
PAY-08842,INV-08842,2026-04-06,20166.59,Completed
PAY-08843,INV-08843,2026-04-22,200544.59,Completed
PAY-08844,INV-08844,2026-03-18,518438.4,Completed
PAY-08845,INV-08845,2026-04-28,92093.65,Completed
PAY-08846,INV-08846,2026-05-20,268625.37,Completed
PAY-08847,INV-08847,2026-02-14,1188.6,Completed
PAY-08848,INV-08848,2026-06-18,83140.5,Completed
PAY-08849,INV-08849,2026-06-15,38765.48,Completed
PAY-08850,INV-08850,2026-05-18,25438.16,Completed
PAY-08851,INV-08851,2026-05-03,264883.5,Completed
PAY-08852,INV-08852,2026-02-09,22496.86,Completed
PAY-08853,INV-08853,2026-05-07,107864.66,Completed
PAY-08854,INV-08854,2026-03-17,597683.23,Completed
PAY-08855,INV-08855,2026-06-30,550441.32,Completed
PAY-08856,INV-08856,2026-06-07,6961.8,Completed
PAY-08857,INV-08857,2026-01-25,311617.46,Completed
PAY-08858,INV-08858,2026-04-17,6027.2,Completed
PAY-08859,INV-08859,2026-04-07,606256.5,Completed
PAY-08860,INV-08860,2026-04-02,338041.81,Completed
PAY-08861,INV-08861,2026-02-13,371529.72,Completed
PAY-08862,INV-08862,2026-05-12,85473.5,Completed
PAY-08863,INV-08863,2026-04-15,456249.32,Completed
PAY-08864,INV-08864,2026-05-14,570818.16,Completed
PAY-08865,INV-08865,2026-05-11,478954.71,Completed
PAY-08866,INV-08866,2026-05-06,474732.42,Completed
PAY-08867,INV-08867,2026-03-16,343258.15,Completed
PAY-08868,INV-08868,2026-05-29,45894.15,Completed
PAY-08869,INV-08869,2026-03-10,124079.98,Completed
PAY-08870,INV-08870,2026-06-20,389194.2,Completed
PAY-08871,INV-08871,2026-05-16,117273.42,Completed
PAY-08872,INV-08872,2026-04-27,117579.76,Completed
PAY-08873,INV-08873,2026-06-05,118070.29,Completed
PAY-08874,INV-08874,2026-04-04,13286.18,Completed
PAY-08875,INV-08875,2026-02-18,255318.4,Completed
PAY-08876,INV-08876,2026-05-06,5485.79,Completed
PAY-08877,INV-08877,2026-06-06,10320.27,Completed
PAY-08878,INV-08878,2026-06-10,286205.64,Completed
PAY-08879,INV-08879,2026-02-26,324071.28,Completed
PAY-08880,INV-08880,2026-03-04,114748.8,Completed
PAY-08881,INV-08881,2026-04-27,223198.0,Completed
PAY-08882,INV-08882,2026-02-26,107825.56,Completed
PAY-08883,INV-08883,2026-02-22,87677.0,Completed
PAY-08884,INV-08884,2026-03-05,125074.78,Completed
PAY-08885,INV-08885,2026-05-10,38785.65,Completed
PAY-08886,INV-08886,2026-02-18,39176.8,Completed
PAY-08887,INV-08887,2026-05-01,21268.5,Completed
PAY-08888,INV-08888,2026-05-16,88930.32,Completed
PAY-08889,INV-08889,2026-02-15,18081.6,Completed
PAY-08890,INV-08890,2026-07-05,29058.15,Completed
PAY-08891,INV-08891,2026-07-06,108987.96,Completed
PAY-08892,INV-08892,2026-02-03,168108.36,Completed
PAY-08893,INV-08893,2026-05-17,546021.84,Completed
PAY-08894,INV-08894,2026-05-29,244103.94,Completed
PAY-08895,INV-08895,2026-03-13,313551.03,Completed
PAY-08896,INV-08896,2026-04-02,62701.32,Completed
PAY-08897,INV-08897,2026-01-30,14453.94,Completed
PAY-08898,INV-08898,2026-05-26,51720.84,Completed
PAY-08899,INV-08899,2026-06-13,227550.72,Completed
PAY-08900,INV-08900,2026-05-01,111942.81,Completed
PAY-08901,INV-08901,2026-05-16,168726.45,Completed
PAY-08902,INV-08902,2026-04-21,327707.28,Completed
PAY-08903,INV-08903,2026-04-08,177826.66,Completed
PAY-08904,INV-08904,2026-03-24,146863.05,Completed
PAY-08905,INV-08905,2026-04-16,501778.8,Completed
PAY-08906,INV-08906,2026-07-06,264883.5,Completed
PAY-08907,INV-08907,2026-02-11,51636.96,Completed
PAY-08908,INV-08908,2026-01-24,180741.4,Completed
PAY-08909,INV-08909,2026-06-05,74707.88,Completed
PAY-08910,INV-08910,2026-05-15,165428.28,Completed
PAY-08911,INV-08911,2026-02-06,159070.85,Completed
PAY-08912,INV-08912,2026-01-27,41281.08,Completed
PAY-08913,INV-08913,2026-02-14,454964.91,Completed
PAY-08914,INV-08914,2026-06-06,269644.82,Completed
PAY-08915,INV-08915,2026-02-13,2499.2,Completed
PAY-08916,INV-08916,2026-06-30,34631.9,Completed
PAY-08917,INV-08917,2026-02-19,9512.7,Completed
PAY-08918,INV-08918,2026-03-23,115547.62,Completed
PAY-08919,INV-08919,2026-03-14,265830.88,Completed
PAY-08920,INV-08920,2026-04-27,87193.3,Completed
PAY-08921,INV-08921,2026-03-11,146974.7,Completed
PAY-08922,INV-08922,2026-03-26,373222.18,Completed
PAY-08923,INV-08923,2026-03-12,195270.25,Completed
PAY-08924,INV-08924,2026-06-17,27770.05,Completed
PAY-08925,INV-08925,2026-02-20,527731.04,Completed
PAY-08926,INV-08926,2026-06-22,71649.1,Completed
PAY-08927,INV-08927,2026-05-22,113309.52,Completed
PAY-08928,INV-08928,2026-03-04,446396.0,Completed
PAY-08929,INV-08929,2026-01-28,47801.57,Completed
PAY-08930,INV-08930,2026-02-09,487902.87,Completed
PAY-08931,INV-08931,2026-04-16,142682.87,Completed
PAY-08932,INV-08932,2026-03-09,153089.44,Completed
PAY-08933,INV-08933,2026-04-27,315813.12,Completed
PAY-08934,INV-08934,2026-03-24,296891.76,Completed
PAY-08935,INV-08935,2026-05-10,319148.0,Completed
PAY-08936,INV-08936,2026-05-25,19034.94,Completed
PAY-08937,INV-08937,2026-06-08,152628.96,Completed
PAY-08938,INV-08938,2026-04-27,74658.64,Completed
PAY-08939,INV-08939,2026-03-28,78232.81,Completed
PAY-08940,INV-08940,2026-01-21,418111.5,Completed
PAY-08941,INV-08941,2026-02-22,160833.05,Completed
PAY-08942,INV-08942,2026-05-09,576506.4,Completed
PAY-08943,INV-08943,2026-04-10,435951.84,Completed
PAY-08944,INV-08944,2026-03-29,560022.4,Completed
PAY-08945,INV-08945,2026-06-16,225785.5,Completed
PAY-08946,INV-08946,2026-06-26,82145.28,Completed
PAY-08947,INV-08947,2026-03-14,165266.18,Completed
PAY-08948,INV-08948,2026-03-08,45899.52,Completed
PAY-08949,INV-08949,2026-05-02,544594.83,Completed
PAY-08950,INV-08950,2026-02-22,161861.48,Completed
PAY-08951,INV-08951,2026-04-29,112905.33,Completed
PAY-08952,INV-08952,2026-03-05,259536.65,Completed
PAY-08953,INV-08953,2026-06-11,257665.27,Completed
PAY-08954,INV-08954,2026-03-21,265567.54,Completed
PAY-08955,INV-08955,2026-03-20,431750.63,Completed
PAY-08956,INV-08956,2026-02-08,365325.24,Completed
PAY-08957,INV-08957,2026-02-21,549717.61,Completed
PAY-08958,INV-08958,2026-03-24,300893.32,Completed
PAY-08959,INV-08959,2026-03-11,217176.58,Completed
PAY-08960,INV-08960,2026-02-21,140567.28,Completed
PAY-08961,INV-08961,2026-02-11,381849.99,Completed
PAY-08962,INV-08962,2026-04-10,154587.69,Completed
PAY-08963,INV-08963,2026-05-03,526308.12,Completed
PAY-08964,INV-08964,2026-03-17,177644.88,Completed
PAY-08965,INV-08965,2026-05-07,237387.49,Completed
PAY-08966,INV-08966,2026-03-01,61110.5,Completed
PAY-08967,INV-08967,2026-06-14,242502.6,Completed
PAY-08968,INV-08968,2026-06-03,398856.96,Completed
PAY-08969,INV-08969,2026-05-12,217390.94,Completed
PAY-08970,INV-08970,2026-03-16,69769.48,Completed
PAY-08971,INV-08971,2026-05-31,50271.0,Completed
PAY-08972,INV-08972,2026-05-21,590328.0,Completed
PAY-08973,INV-08973,2026-01-20,225810.66,Completed
PAY-08974,INV-08974,2026-03-27,127441.72,Completed
PAY-08975,INV-08975,2026-02-21,108069.66,Completed
PAY-08976,INV-08976,2026-02-14,10320.27,Completed
PAY-08977,INV-08977,2026-04-09,196126.42,Completed
PAY-08978,INV-08978,2026-04-10,19779.96,Completed
PAY-08979,INV-08979,2026-03-27,78705.25,Completed
PAY-08980,INV-08980,2026-04-06,105931.25,Completed
PAY-08981,INV-08981,2026-02-28,111016.08,Completed
PAY-08982,INV-08982,2026-05-13,413783.68,Completed
PAY-08983,INV-08983,2026-06-20,89048.8,Completed
PAY-08984,INV-08984,2026-05-25,73688.16,Completed
PAY-08985,INV-08985,2026-05-25,245208.06,Completed
PAY-08986,INV-08986,2026-04-10,87309.37,Completed
PAY-08987,INV-08987,2026-02-01,229568.99,Completed
PAY-08988,INV-08988,2026-02-26,42533.01,Completed
PAY-08989,INV-08989,2026-02-01,84054.18,Completed
PAY-08990,INV-08990,2026-02-09,367833.9,Completed
PAY-08991,INV-08991,2026-02-19,83090.28,Completed
PAY-08992,INV-08992,2026-03-22,219655.91,Completed
PAY-08993,INV-08993,2026-02-27,94667.76,Completed
PAY-08994,INV-08994,2026-06-26,10941.56,Completed
PAY-08995,INV-08995,2026-02-08,1980.9,Completed
PAY-08996,INV-08996,2026-04-25,91956.1,Completed
PAY-08997,INV-08997,2026-03-26,634157.04,Completed
PAY-08998,INV-08998,2026-04-06,256598.16,Completed
PAY-08999,INV-08999,2026-05-27,296542.34,Completed
PAY-09000,INV-09000,2026-03-01,391130.25,Completed
PAY-09001,INV-09001,2026-02-24,88932.96,Completed
PAY-09002,INV-09002,2026-05-07,227563.56,Completed
PAY-09003,INV-09003,2026-06-08,35070.8,Completed
PAY-09004,INV-09004,2026-03-05,52721.9,Completed
PAY-09005,INV-09005,2026-01-23,199747.07,Completed
PAY-09006,INV-09006,2026-05-16,339503.64,Completed
PAY-09007,INV-09007,2026-06-14,119546.82,Completed
PAY-09008,INV-09008,2026-02-08,428540.16,Completed
PAY-09009,INV-09009,2026-06-26,184127.97,Completed
PAY-09010,INV-09010,2026-02-14,83192.88,Completed
PAY-09011,INV-09011,2026-05-06,88056.76,Completed
PAY-09012,INV-09012,2026-02-13,26783.76,Completed
PAY-09013,INV-09013,2026-05-10,23306.58,Completed
PAY-09014,INV-09014,2026-05-10,64041.28,Completed
PAY-09015,INV-09015,2026-03-24,89138.36,Completed
PAY-09016,INV-09016,2026-03-25,144069.19,Completed
PAY-09017,INV-09017,2026-05-16,177673.76,Completed
PAY-09018,INV-09018,2026-06-12,353313.9,Completed
PAY-09019,INV-09019,2026-05-24,286205.64,Completed
PAY-09020,INV-09020,2026-05-11,284504.5,Completed
PAY-09021,INV-09021,2026-02-10,60542.5,Completed
PAY-09022,INV-09022,2026-02-03,258251.36,Completed
PAY-09023,INV-09023,2026-01-17,478356.35,Completed
PAY-09024,INV-09024,2026-05-04,108404.55,Completed
PAY-09025,INV-09025,2026-02-07,93470.6,Completed
PAY-09026,INV-09026,2026-04-13,323881.92,Completed
PAY-09027,INV-09027,2026-05-29,119546.82,Completed
PAY-09028,INV-09028,2026-06-04,15054.84,Completed
PAY-09029,INV-09029,2026-03-03,188152.2,Completed
PAY-09030,INV-09030,2026-04-05,63080.64,Completed
PAY-09031,INV-09031,2026-02-23,76544.72,Completed
PAY-09032,INV-09032,2026-03-02,458566.5,Completed
PAY-09033,INV-09033,2026-02-16,221897.81,Completed
PAY-09034,INV-09034,2026-03-13,110222.56,Completed
PAY-09035,INV-09035,2026-06-04,101054.88,Completed
PAY-09036,INV-09036,2026-06-02,137072.18,Completed
PAY-09037,INV-09037,2026-04-14,181646.6,Completed
PAY-09038,INV-09038,2026-02-22,136110.79,Completed
PAY-09039,INV-09039,2026-02-16,36842.67,Completed
PAY-09040,INV-09040,2026-06-14,426714.42,Completed
PAY-09041,INV-09041,2026-03-02,142762.05,Completed
PAY-09042,INV-09042,2026-03-09,81367.98,Completed
PAY-09043,INV-09043,2026-05-06,11248.43,Completed
PAY-09044,INV-09044,2026-02-18,28277.29,Completed
PAY-09045,INV-09045,2026-03-03,81019.2,Completed
PAY-09046,INV-09046,2026-06-07,12007.74,Completed
PAY-09047,INV-09047,2026-03-26,170663.04,Completed
PAY-09048,INV-09048,2026-05-10,114935.2,Completed
PAY-09049,INV-09049,2026-05-13,46404.0,Completed
PAY-09050,INV-09050,2026-03-31,270189.92,Completed
PAY-09051,INV-09051,2026-05-07,219510.9,Completed
PAY-09052,INV-09052,2026-04-18,16639.56,Completed
PAY-09053,INV-09053,2026-06-11,415476.0,Completed
PAY-09054,INV-09054,2026-02-14,215796.0,Completed
PAY-09055,INV-09055,2026-03-29,216604.56,Completed
PAY-09056,INV-09056,2026-05-03,98089.04,Completed
PAY-09057,INV-09057,2026-01-24,95680.42,Completed
PAY-09058,INV-09058,2026-03-31,167552.7,Completed
PAY-09059,INV-09059,2026-02-14,205670.79,Completed
PAY-09060,INV-09060,2026-02-04,64804.8,Completed
PAY-09061,INV-09061,2026-03-31,86614.55,Completed
PAY-09062,INV-09062,2026-05-18,53126.0,Completed
PAY-09063,INV-09063,2026-04-21,426463.44,Completed
PAY-09064,INV-09064,2026-03-28,16846.38,Completed
PAY-09065,INV-09065,2026-04-05,48456.48,Completed
PAY-09066,INV-09066,2026-03-08,187747.36,Completed
PAY-09067,INV-09067,2026-05-04,84098.0,Completed
PAY-09068,INV-09068,2026-03-30,159789.0,Completed
PAY-09069,INV-09069,2026-02-07,236677.48,Completed
PAY-09070,INV-09070,2026-05-28,351486.45,Completed
PAY-09071,INV-09071,2026-05-16,160680.26,Completed
PAY-09072,INV-09072,2026-03-31,352739.28,Completed
PAY-09073,INV-09073,2026-02-08,169964.28,Completed
PAY-09074,INV-09074,2026-04-18,185764.86,Completed
PAY-09075,INV-09075,2026-03-07,454091.88,Completed
PAY-09076,INV-09076,2026-05-31,3083.78,Completed
PAY-09077,INV-09077,2026-06-30,84596.36,Completed
PAY-09078,INV-09078,2026-05-11,480263.6,Completed
PAY-09079,INV-09079,2026-04-04,8150.4,Completed
PAY-09080,INV-09080,2026-03-05,132133.2,Completed
PAY-09081,INV-09081,2026-01-30,64880.98,Completed
PAY-09082,INV-09082,2026-02-19,295164.0,Completed
PAY-09083,INV-09083,2026-05-27,336046.21,Completed
PAY-09084,INV-09084,2026-02-27,7199.43,Completed
PAY-09085,INV-09085,2026-06-06,15068.0,Completed
PAY-09086,INV-09086,2026-04-22,423762.0,Completed
PAY-09087,INV-09087,2026-04-06,13937.05,Completed
PAY-09088,INV-09088,2026-03-09,73791.0,Completed
PAY-09089,INV-09089,2026-05-17,144652.8,Completed
PAY-09090,INV-09090,2026-04-22,132815.0,Completed
PAY-09091,INV-09091,2026-05-10,159651.57,Completed
PAY-09092,INV-09092,2026-03-28,38628.86,Completed
PAY-09093,INV-09093,2026-04-01,104311.09,Completed
PAY-09094,INV-09094,2026-06-15,295243.92,Completed
PAY-09095,INV-09095,2026-03-23,517427.78,Completed
PAY-09096,INV-09096,2026-01-22,240976.08,Completed
PAY-09097,INV-09097,2026-06-09,704156.46,Completed
PAY-09098,INV-09098,2026-05-17,219471.7,Completed
PAY-09099,INV-09099,2026-03-03,163552.08,Completed
PAY-09100,INV-09100,2026-06-06,64333.22,Completed
PAY-09101,INV-09101,2026-02-19,172678.74,Completed
PAY-09102,INV-09102,2026-03-06,90515.18,Completed
PAY-09103,INV-09103,2026-06-10,77756.14,Completed
PAY-09104,INV-09104,2026-05-21,190859.76,Completed
PAY-09105,INV-09105,2026-06-24,95462.82,Completed
PAY-09106,INV-09106,2026-05-01,254883.44,Completed
PAY-09107,INV-09107,2026-05-12,41281.08,Completed
PAY-09108,INV-09108,2026-02-12,74785.68,Completed
PAY-09109,INV-09109,2026-03-03,73000.98,Completed
PAY-09110,INV-09110,2026-03-14,174685.51,Completed
PAY-09111,INV-09111,2026-03-17,75061.98,Completed
PAY-09112,INV-09112,2026-02-09,29429.36,Completed
PAY-09113,INV-09113,2026-02-19,257595.12,Completed
PAY-09114,INV-09114,2026-04-07,81529.52,Completed
PAY-09115,INV-09115,2026-05-27,331491.18,Completed
PAY-09116,INV-09116,2026-03-22,240204.84,Completed
PAY-09117,INV-09117,2026-05-01,42644.88,Completed
PAY-09118,INV-09118,2026-02-21,135048.86,Completed
PAY-09119,INV-09119,2026-06-04,91966.75,Completed
PAY-09120,INV-09120,2026-03-21,28304.5,Completed
PAY-09121,INV-09121,2026-05-23,390237.4,Completed
PAY-09122,INV-09122,2026-05-13,146229.59,Completed
PAY-09123,INV-09123,2026-05-28,126188.31,Completed
PAY-09124,INV-09124,2026-02-06,226153.72,Completed
PAY-09125,INV-09125,2026-06-05,617293.74,Completed
PAY-09126,INV-09126,2026-03-03,271775.4,Completed
PAY-09127,INV-09127,2026-02-28,103867.06,Completed
PAY-09128,INV-09128,2026-05-16,482817.76,Completed
PAY-09129,INV-09129,2026-05-12,287885.4,Completed
PAY-09130,INV-09130,2026-01-22,134872.5,Completed
PAY-09131,INV-09131,2026-06-04,186399.5,Completed
PAY-09132,INV-09132,2026-05-17,71718.0,Completed
PAY-09133,INV-09133,2026-04-25,240976.08,Completed
PAY-09134,INV-09134,2026-04-27,134872.5,Completed
PAY-09135,INV-09135,2026-05-24,166037.25,Completed
PAY-09136,INV-09136,2026-05-06,337580.0,Completed
PAY-09137,INV-09137,2026-03-16,330334.2,Completed
PAY-09138,INV-09138,2026-04-16,134556.8,Completed
PAY-09139,INV-09139,2026-04-06,134981.16,Completed
PAY-09140,INV-09140,2026-07-12,53949.0,Completed
PAY-09141,INV-09141,2026-04-28,306891.04,Completed
PAY-09142,INV-09142,2026-02-05,249981.76,Completed
PAY-09143,INV-09143,2026-05-04,360316.5,Completed
PAY-09144,INV-09144,2026-04-17,67516.0,Completed
PAY-09145,INV-09145,2026-06-19,170132.04,Completed
PAY-09146,INV-09146,2026-05-10,67475.4,Completed
PAY-09147,INV-09147,2026-04-29,112162.5,Completed
PAY-09148,INV-09148,2026-03-08,1933.5,Completed
PAY-09149,INV-09149,2026-04-19,192602.76,Completed
PAY-09150,INV-09150,2026-01-30,303164.64,Completed
PAY-09151,INV-09151,2026-04-09,187514.04,Completed
PAY-09152,INV-09152,2026-06-22,111782.56,Completed
PAY-09153,INV-09153,2026-03-09,139909.88,Completed
PAY-09154,INV-09154,2026-04-04,10300.68,Completed
PAY-09155,INV-09155,2026-05-04,272146.49,Completed
PAY-09156,INV-09156,2026-06-18,48456.85,Completed
PAY-09157,INV-09157,2026-03-11,153517.0,Completed
PAY-09158,INV-09158,2026-05-15,390540.19,Completed
PAY-09159,INV-09159,2026-02-05,393695.05,Completed
PAY-09160,INV-09160,2026-05-10,472860.28,Completed
PAY-09161,INV-09161,2026-03-02,303416.64,Completed
PAY-09162,INV-09162,2026-03-29,446847.04,Completed
PAY-09163,INV-09163,2026-02-09,53905.3,Completed
PAY-09164,INV-09164,2026-03-23,423637.37,Completed
PAY-09165,INV-09165,2026-06-30,252863.52,Completed
PAY-09166,INV-09166,2026-05-12,349070.85,Completed
PAY-09167,INV-09167,2026-04-15,516502.72,Completed
PAY-09168,INV-09168,2026-02-22,36163.2,Completed
PAY-09169,INV-09169,2026-06-30,218702.68,Completed
PAY-09170,INV-09170,2026-02-06,170579.52,Completed
PAY-09171,INV-09171,2026-03-06,460811.01,Completed
PAY-09172,INV-09172,2026-03-05,183937.72,Completed
PAY-09173,INV-09173,2026-04-12,57880.21,Completed
PAY-09174,INV-09174,2026-05-10,48456.85,Completed
PAY-09175,INV-09175,2026-05-21,607744.78,Completed
PAY-09176,INV-09176,2026-02-13,257483.73,Completed
PAY-09177,INV-09177,2026-05-03,217455.5,Completed
PAY-09178,INV-09178,2026-02-22,23643.15,Completed
PAY-09179,INV-09179,2026-01-23,95140.2,Completed
PAY-09180,INV-09180,2026-04-04,293630.4,Completed
PAY-09181,INV-09181,2026-01-15,49123.56,Completed
PAY-09182,INV-09182,2026-01-30,10941.56,Completed
PAY-09183,INV-09183,2026-04-05,193761.49,Completed
PAY-09184,INV-09184,2026-04-16,263986.42,Completed
PAY-09185,INV-09185,2026-02-13,202965.76,Completed
PAY-09186,INV-09186,2026-05-08,53525.1,Completed
PAY-09187,INV-09187,2026-03-30,36329.32,Completed
PAY-09188,INV-09188,2026-06-22,36163.2,Completed
PAY-09189,INV-09189,2026-05-18,41860.75,Completed
PAY-09190,INV-09190,2026-04-15,222231.1,Completed
PAY-09191,INV-09191,2026-05-12,321171.31,Completed
PAY-09192,INV-09192,2026-06-12,122808.9,Completed
PAY-09193,INV-09193,2026-05-20,129217.28,Completed
PAY-09194,INV-09194,2026-02-28,56887.68,Completed
PAY-09195,INV-09195,2026-05-26,169630.48,Completed
PAY-09196,INV-09196,2026-02-27,227714.41,Completed
PAY-09197,INV-09197,2026-04-13,8447.6,Completed
PAY-09198,INV-09198,2026-05-01,589192.14,Completed
PAY-09199,INV-09199,2026-06-06,54594.22,Completed
PAY-09200,INV-09200,2026-01-18,641199.3,Completed
PAY-09201,INV-09201,2026-03-27,80340.13,Completed
PAY-09202,INV-09202,2026-04-24,178963.68,Completed
PAY-09203,INV-09203,2026-03-03,173964.4,Completed
PAY-09204,INV-09204,2026-06-16,222393.76,Completed
PAY-09205,INV-09205,2026-02-16,28687.2,Completed
PAY-09206,INV-09206,2026-02-17,14758.2,Completed
PAY-09207,INV-09207,2026-02-13,261322.5,Completed
PAY-09208,INV-09208,2026-06-01,257898.69,Completed
PAY-09209,INV-09209,2026-03-22,43739.84,Completed
PAY-09210,INV-09210,2026-01-27,226619.04,Completed
PAY-09211,INV-09211,2026-01-29,7641.0,Completed
PAY-09212,INV-09212,2026-05-13,33488.6,Completed
PAY-09213,INV-09213,2026-02-13,85614.3,Completed
PAY-09214,INV-09214,2026-03-31,279279.4,Completed
PAY-09215,INV-09215,2026-01-24,446792.46,Completed
PAY-09216,INV-09216,2026-06-17,132744.78,Completed
PAY-09217,INV-09217,2026-05-20,574022.96,Completed
PAY-09218,INV-09218,2026-02-08,474877.13,Completed
PAY-09219,INV-09219,2026-04-20,79082.85,Completed
PAY-09220,INV-09220,2026-04-27,512515.5,Completed
PAY-09221,INV-09221,2026-03-28,115048.08,Completed
PAY-09222,INV-09222,2026-07-03,98247.12,Completed
PAY-09223,INV-09223,2026-04-04,538959.36,Completed
PAY-09224,INV-09224,2026-03-14,108069.66,Completed
PAY-09225,INV-09225,2026-07-05,404635.56,Completed
PAY-09226,INV-09226,2026-03-24,15933.54,Completed
PAY-09227,INV-09227,2026-02-05,205204.32,Completed
PAY-09228,INV-09228,2026-02-17,12614.7,Completed
PAY-09229,INV-09229,2026-06-06,179300.25,Completed
PAY-09230,INV-09230,2026-04-22,47212.3,Completed
PAY-09231,INV-09231,2026-03-20,60988.21,Completed
PAY-09232,INV-09232,2026-05-14,311355.36,Completed
PAY-09233,INV-09233,2026-01-27,510342.3,Completed
PAY-09234,INV-09234,2026-02-14,88822.44,Completed
PAY-09235,INV-09235,2026-02-28,364367.16,Completed
PAY-09236,INV-09236,2026-04-17,247036.0,Completed
PAY-09237,INV-09237,2026-02-06,70297.29,Completed
PAY-09238,INV-09238,2026-04-22,31957.8,Completed
PAY-09239,INV-09239,2026-06-05,113065.12,Completed
PAY-09240,INV-09240,2026-03-26,404955.13,Completed
PAY-09241,INV-09241,2026-03-28,380707.59,Completed
PAY-09242,INV-09242,2026-03-19,6282.6,Completed
PAY-09243,INV-09243,2026-04-17,257595.12,Completed
PAY-09244,INV-09244,2026-03-19,328048.8,Completed
PAY-09245,INV-09245,2026-04-17,114935.2,Completed
PAY-09246,INV-09246,2026-05-16,195956.58,Completed
PAY-09247,INV-09247,2026-04-21,53131.92,Completed
PAY-09248,INV-09248,2026-05-13,282523.68,Completed
PAY-09249,INV-09249,2026-06-18,43806.0,Completed
PAY-09250,INV-09250,2026-05-23,154804.05,Completed
PAY-09251,INV-09251,2026-03-17,3867.0,Completed
PAY-09252,INV-09252,2026-02-10,7190.39,Completed
PAY-09253,INV-09253,2026-02-13,43739.84,Completed
PAY-09254,INV-09254,2026-03-08,123557.6,Completed
PAY-09255,INV-09255,2026-03-13,59576.16,Completed
PAY-09256,INV-09256,2026-05-23,162399.65,Completed
PAY-09257,INV-09257,2026-04-07,583783.62,Completed
PAY-09258,INV-09258,2026-04-18,59444.54,Completed
PAY-09259,INV-09259,2026-01-31,562685.1,Completed
PAY-09260,INV-09260,2026-02-11,4173.07,Completed
PAY-09261,INV-09261,2026-03-09,32415.43,Completed
PAY-09262,INV-09262,2026-06-11,97044.0,Completed
PAY-09263,INV-09263,2026-03-24,251222.18,Completed
PAY-09264,INV-09264,2026-04-23,50028.03,Completed
PAY-09265,INV-09265,2026-04-29,392420.0,Completed
PAY-09266,INV-09266,2026-06-14,32638.19,Completed
PAY-09267,INV-09267,2026-02-16,12614.7,Completed
PAY-09268,INV-09268,2026-04-02,556021.82,Completed
PAY-09269,INV-09269,2026-02-15,1517.48,Completed
PAY-09270,INV-09270,2026-04-12,191330.36,Completed
PAY-09271,INV-09271,2026-02-02,108023.76,Completed
PAY-09272,INV-09272,2026-03-14,65429.42,Completed
PAY-09273,INV-09273,2026-05-26,691732.84,Completed
PAY-09274,INV-09274,2026-02-16,84314.65,Completed
PAY-09275,INV-09275,2026-03-11,198200.52,Completed
PAY-09276,INV-09276,2026-01-27,551173.07,Completed
PAY-09277,INV-09277,2026-03-26,21268.5,Completed
PAY-09278,INV-09278,2026-03-13,39242.0,Completed
PAY-09279,INV-09279,2026-02-18,74174.85,Completed
PAY-09280,INV-09280,2026-04-01,54236.32,Completed
PAY-09281,INV-09281,2026-02-22,89987.44,Completed
PAY-09282,INV-09282,2026-02-24,46404.0,Completed
PAY-09283,INV-09283,2026-05-13,545630.85,Completed
PAY-09284,INV-09284,2026-05-07,84092.72,Completed
PAY-09285,INV-09285,2026-01-25,26157.99,Completed
PAY-09286,INV-09286,2026-03-24,28001.12,Completed
PAY-09287,INV-09287,2026-01-31,310206.75,Completed
PAY-09288,INV-09288,2026-04-01,560022.4,Completed
PAY-09289,INV-09289,2026-05-30,155374.1,Completed
PAY-09290,INV-09290,2026-05-02,132432.12,Completed
PAY-09291,INV-09291,2026-03-13,445985.6,Completed
PAY-09292,INV-09292,2026-04-24,142011.1,Completed
PAY-09293,INV-09293,2026-05-09,146861.28,Completed
PAY-09294,INV-09294,2026-03-07,73685.34,Completed
PAY-09295,INV-09295,2026-04-12,264049.24,Completed
PAY-09296,INV-09296,2026-02-10,39476.64,Completed
PAY-09297,INV-09297,2026-06-12,146868.15,Completed
PAY-09298,INV-09298,2026-03-27,306178.88,Completed
PAY-09299,INV-09299,2026-04-07,287410.8,Completed
PAY-09300,INV-09300,2026-05-10,31167.08,Completed
PAY-09301,INV-09301,2026-04-08,28035.84,Completed
PAY-09302,INV-09302,2026-05-08,482188.29,Completed
PAY-09303,INV-09303,2026-01-18,390459.81,Completed
PAY-09304,INV-09304,2026-03-23,1867.8,Completed
PAY-09305,INV-09305,2026-05-29,134872.5,Completed
PAY-09306,INV-09306,2026-06-10,186941.2,Completed
PAY-09307,INV-09307,2026-03-10,317078.52,Completed
PAY-09308,INV-09308,2026-07-06,45592.04,Completed
PAY-09309,INV-09309,2026-02-10,362799.57,Completed
PAY-09310,INV-09310,2026-06-19,38882.88,Completed
PAY-09311,INV-09311,2026-03-14,205342.16,Completed
PAY-09312,INV-09312,2026-04-21,362906.88,Completed
PAY-09313,INV-09313,2026-06-19,417787.18,Completed
PAY-09314,INV-09314,2026-03-14,42001.68,Completed
PAY-09315,INV-09315,2026-05-03,21984.62,Completed
PAY-09316,INV-09316,2026-05-19,247961.88,Completed
PAY-09317,INV-09317,2026-03-27,13785.69,Completed
PAY-09318,INV-09318,2026-05-26,480006.18,Completed
PAY-09319,INV-09319,2026-02-10,449132.8,Completed
PAY-09320,INV-09320,2026-02-07,27551.32,Completed
PAY-09321,INV-09321,2026-03-14,13561.33,Completed
PAY-09322,INV-09322,2026-05-31,361999.4,Completed
PAY-09323,INV-09323,2026-04-30,130038.88,Completed
PAY-09324,INV-09324,2026-04-17,51869.44,Completed
PAY-09325,INV-09325,2026-01-31,190728.93,Completed
PAY-09326,INV-09326,2026-02-07,88932.96,Completed
PAY-09327,INV-09327,2026-05-29,348077.92,Completed
PAY-09328,INV-09328,2026-03-21,123189.92,Completed
PAY-09329,INV-09329,2026-03-28,382723.6,Completed
PAY-09330,INV-09330,2026-05-30,181240.74,Completed
PAY-09331,INV-09331,2026-06-18,128753.45,Completed
PAY-09332,INV-09332,2026-03-25,274997.25,Completed
PAY-09333,INV-09333,2026-06-26,79450.01,Completed
PAY-09334,INV-09334,2026-06-03,222160.4,Completed
PAY-09335,INV-09335,2026-06-21,208460.25,Completed
PAY-09336,INV-09336,2026-04-20,77455.44,Completed
PAY-09337,INV-09337,2026-03-21,137698.56,Completed
PAY-09338,INV-09338,2026-06-08,103723.1,Completed
PAY-09339,INV-09339,2026-03-26,24217.0,Completed
PAY-09340,INV-09340,2026-06-27,582006.24,Completed
PAY-09341,INV-09341,2026-06-01,69685.25,Completed
PAY-09342,INV-09342,2026-05-24,171003.6,Completed
PAY-09343,INV-09343,2026-05-16,156947.94,Completed
PAY-09344,INV-09344,2026-02-26,43361.82,Completed
PAY-09345,INV-09345,2026-02-21,155642.76,Completed
PAY-09346,INV-09346,2026-06-17,48768.24,Completed
PAY-09347,INV-09347,2026-02-24,9691.37,Completed
PAY-09348,INV-09348,2026-07-05,12783.12,Completed
PAY-09349,INV-09349,2026-06-18,360853.68,Completed
PAY-09350,INV-09350,2026-06-04,95744.4,Completed
PAY-09351,INV-09351,2026-05-20,28056.64,Completed
PAY-09352,INV-09352,2026-02-23,154226.49,Completed
PAY-09353,INV-09353,2026-06-05,13963.97,Completed
PAY-09354,INV-09354,2026-02-20,266530.5,Completed
PAY-09355,INV-09355,2026-07-02,330986.94,Completed
PAY-09356,INV-09356,2026-05-05,9040.8,Completed
PAY-09357,INV-09357,2026-03-08,165667.27,Completed
PAY-09358,INV-09358,2026-06-27,67806.65,Completed
PAY-09359,INV-09359,2026-06-21,18829.25,Completed
PAY-09360,INV-09360,2026-05-26,537944.19,Completed
PAY-09361,INV-09361,2026-03-19,484170.9,Completed
PAY-09362,INV-09362,2026-05-28,375879.03,Completed
PAY-09363,INV-09363,2026-03-06,18620.46,Completed
PAY-09364,INV-09364,2026-03-08,158567.0,Completed
PAY-09365,INV-09365,2026-06-15,458687.13,Completed
PAY-09366,INV-09366,2026-03-09,440924.1,Completed
PAY-09367,INV-09367,2026-05-08,25135.5,Completed
PAY-09368,INV-09368,2026-05-22,3226.2,Completed
PAY-09369,INV-09369,2026-05-27,94424.6,Completed
PAY-09370,INV-09370,2026-03-09,69754.64,Completed
PAY-09371,INV-09371,2026-04-06,323694.0,Completed
PAY-09372,INV-09372,2026-01-31,148021.44,Completed
PAY-09373,INV-09373,2026-03-02,6167.56,Completed
PAY-09374,INV-09374,2026-02-20,135089.79,Completed
PAY-09375,INV-09375,2026-05-29,247339.7,Completed
PAY-09376,INV-09376,2026-02-08,35711.68,Completed
PAY-09377,INV-09377,2026-06-14,71539.5,Completed
PAY-09378,INV-09378,2026-04-11,6027.2,Completed
PAY-09379,INV-09379,2026-03-25,161496.72,Completed
PAY-09380,INV-09380,2026-05-11,151382.96,Completed
PAY-09381,INV-09381,2026-02-01,514201.95,Completed
PAY-09382,INV-09382,2026-04-01,271275.8,Completed
PAY-09383,INV-09383,2026-03-08,267776.93,Completed
PAY-09384,INV-09384,2026-05-16,38730.3,Completed
PAY-09385,INV-09385,2026-05-22,95429.88,Completed
PAY-09386,INV-09386,2026-01-24,13963.97,Completed
PAY-09387,INV-09387,2026-01-25,1341.16,Completed
PAY-09388,INV-09388,2026-01-30,80870.0,Completed
PAY-09389,INV-09389,2026-02-15,3013.6,Completed
PAY-09390,INV-09390,2026-03-03,10521.24,Completed
PAY-09391,INV-09391,2026-06-15,449832.06,Completed
PAY-09392,INV-09392,2026-06-01,193928.25,Completed
PAY-09393,INV-09393,2026-03-27,142851.15,Completed
PAY-09394,INV-09394,2026-03-21,130006.9,Completed
PAY-09395,INV-09395,2026-06-09,98814.4,Completed
PAY-09396,INV-09396,2026-04-27,271275.8,Completed
PAY-09397,INV-09397,2026-05-23,12967.36,Completed
PAY-09398,INV-09398,2026-03-27,14036.69,Completed
PAY-09399,INV-09399,2026-03-03,126223.68,Completed
PAY-09400,INV-09400,2026-04-02,348188.88,Completed
PAY-09401,INV-09401,2026-03-20,339438.6,Completed
PAY-09402,INV-09402,2026-02-23,273374.0,Completed
PAY-09403,INV-09403,2026-05-20,216981.28,Completed
PAY-09404,INV-09404,2026-05-23,55586.7,Completed
PAY-09405,INV-09405,2026-06-17,8904.88,Completed
PAY-09406,INV-09406,2026-03-18,162399.65,Completed
PAY-09407,INV-09407,2026-04-01,412096.16,Completed
PAY-09408,INV-09408,2026-07-01,94410.75,Completed
PAY-09409,INV-09409,2026-04-08,248224.25,Completed
PAY-09410,INV-09410,2026-02-04,4931.81,Completed
PAY-09411,INV-09411,2026-02-28,251975.62,Completed
PAY-09412,INV-09412,2026-05-26,209055.75,Completed
PAY-09413,INV-09413,2026-04-01,339.6,Completed
PAY-09414,INV-09414,2026-04-28,123727.11,Completed
PAY-09415,INV-09415,2026-02-10,199504.2,Completed
PAY-09416,INV-09416,2026-04-05,89703.37,Completed
PAY-09417,INV-09417,2026-03-15,456249.32,Completed
PAY-09418,INV-09418,2026-04-03,27053.15,Completed
PAY-09419,INV-09419,2026-03-12,119324.79,Completed
PAY-09420,INV-09420,2026-05-29,272441.25,Completed
PAY-09421,INV-09421,2026-04-28,575461.38,Completed
PAY-09422,INV-09422,2026-02-25,323881.92,Completed
PAY-09423,INV-09423,2026-05-09,446847.04,Completed
PAY-09424,INV-09424,2026-04-04,74101.56,Completed
PAY-09425,INV-09425,2026-05-03,41793.82,Completed
PAY-09426,INV-09426,2026-01-19,44478.5,Completed
PAY-09427,INV-09427,2026-02-04,359306.24,Completed
PAY-09428,INV-09428,2026-06-19,207446.2,Completed
PAY-09429,INV-09429,2026-06-03,620570.4,Completed
PAY-09430,INV-09430,2026-01-25,85614.3,Completed
PAY-09431,INV-09431,2026-01-28,55266.12,Completed
PAY-09432,INV-09432,2026-05-01,36786.7,Completed
PAY-09433,INV-09433,2026-05-07,680970.15,Completed
PAY-09434,INV-09434,2026-03-20,233082.88,Completed
PAY-09435,INV-09435,2026-05-01,661386.15,Completed
PAY-09436,INV-09436,2026-04-05,3083.78,Completed
PAY-09437,INV-09437,2026-06-12,244299.18,Completed
PAY-09438,INV-09438,2026-02-10,341326.08,Completed
PAY-09439,INV-09439,2026-02-21,518925.6,Completed
PAY-09440,INV-09440,2026-06-05,458719.99,Completed
PAY-09441,INV-09441,2026-05-15,59339.88,Completed
PAY-09442,INV-09442,2026-02-05,91404.72,Completed
PAY-09443,INV-09443,2026-03-17,98144.13,Completed
PAY-09444,INV-09444,2026-03-19,28041.18,Completed
PAY-09445,INV-09445,2026-03-02,159789.0,Completed
PAY-09446,INV-09446,2026-03-18,75539.68,Completed
PAY-09447,INV-09447,2026-05-16,107932.3,Completed
PAY-09448,INV-09448,2026-03-13,103445.92,Completed
PAY-09449,INV-09449,2026-04-28,599293.15,Completed
PAY-09450,INV-09450,2026-05-04,516404.0,Completed
PAY-09451,INV-09451,2026-04-12,280257.8,Completed
PAY-09452,INV-09452,2026-01-29,8965.97,Completed
PAY-09453,INV-09453,2026-05-18,145647.68,Completed
PAY-09454,INV-09454,2026-02-14,225166.27,Completed
PAY-09455,INV-09455,2026-03-10,647579.68,Completed
PAY-09456,INV-09456,2026-04-18,440924.1,Completed
PAY-09457,INV-09457,2026-04-17,12280.89,Completed
PAY-09458,INV-09458,2026-06-11,294752.64,Completed
PAY-09459,INV-09459,2026-01-26,36500.49,Completed
PAY-09460,INV-09460,2026-02-03,94465.56,Completed
PAY-09461,INV-09461,2026-02-25,293243.37,Completed
PAY-09462,INV-09462,2026-06-08,187472.26,Completed
PAY-09463,INV-09463,2026-03-02,62537.39,Completed
PAY-09464,INV-09464,2026-05-15,492979.32,Completed
PAY-09465,INV-09465,2026-02-13,163464.75,Completed
PAY-09466,INV-09466,2026-03-21,367436.75,Completed
PAY-09467,INV-09467,2026-02-20,74586.72,Completed
PAY-09468,INV-09468,2026-06-06,42084.96,Completed
PAY-09469,INV-09469,2026-06-16,17071.65,Completed
PAY-09470,INV-09470,2026-05-09,355398.6,Completed
PAY-09471,INV-09471,2026-05-25,500220.27,Completed
PAY-09472,INV-09472,2026-06-03,264918.96,Completed
PAY-09473,INV-09473,2026-02-16,466138.2,Completed
PAY-09474,INV-09474,2026-04-27,135032.0,Completed
PAY-09475,INV-09475,2026-05-01,126434.98,Completed
PAY-09476,INV-09476,2026-06-04,149107.03,Completed
PAY-09477,INV-09477,2026-06-02,145934.54,Completed
PAY-09478,INV-09478,2026-04-25,3358.3,Completed
PAY-09479,INV-09479,2026-05-24,17451.02,Completed
PAY-09480,INV-09480,2026-05-13,501769.21,Completed
PAY-09481,INV-09481,2026-03-31,51297.61,Completed
PAY-09482,INV-09482,2026-03-22,172174.31,Completed
PAY-09483,INV-09483,2026-02-27,220222.8,Completed
PAY-09484,INV-09484,2026-05-02,616024.64,Completed
PAY-09485,INV-09485,2026-06-07,42115.95,Completed
PAY-09486,INV-09486,2026-04-25,389189.08,Completed
PAY-09487,INV-09487,2026-02-24,528185.18,Completed
PAY-09488,INV-09488,2026-05-04,28552.41,Completed
PAY-09489,INV-09489,2026-03-31,167567.64,Completed
PAY-09490,INV-09490,2026-01-31,536513.7,Completed
PAY-09491,INV-09491,2026-01-16,367833.9,Completed
PAY-09492,INV-09492,2026-04-27,125987.81,Completed
PAY-09493,INV-09493,2026-05-03,317113.84,Completed
PAY-09494,INV-09494,2026-04-20,307207.34,Completed
PAY-09495,INV-09495,2026-02-27,3592.6,Completed
PAY-09496,INV-09496,2026-03-04,11117.34,Completed
PAY-09497,INV-09497,2026-02-23,95393.1,Completed
PAY-09498,INV-09498,2026-04-22,376304.4,Completed
PAY-09499,INV-09499,2026-02-24,5277.43,Completed
PAY-09500,INV-09500,2026-05-21,244771.75,Completed
PAY-09501,INV-09501,2026-04-09,46929.9,Completed
PAY-09502,INV-09502,2026-03-25,165749.01,Completed
PAY-09503,INV-09503,2026-05-03,351062.8,Completed
PAY-09504,INV-09504,2026-05-29,305572.98,Completed
PAY-09505,INV-09505,2026-06-22,307034.0,Completed
PAY-09506,INV-09506,2026-06-14,177728.32,Completed
PAY-09507,INV-09507,2026-03-21,155835.4,Completed
PAY-09508,INV-09508,2026-06-11,13073.94,Completed
PAY-09509,INV-09509,2026-06-10,654808.01,Completed
PAY-09510,INV-09510,2026-04-17,124642.8,Completed
PAY-09511,INV-09511,2026-05-09,560022.4,Completed
PAY-09512,INV-09512,2026-04-25,69585.76,Completed
PAY-09513,INV-09513,2026-03-28,196414.24,Completed
PAY-09514,INV-09514,2026-02-21,555984.4,Completed
PAY-09515,INV-09515,2026-03-01,263986.42,Completed
PAY-09516,INV-09516,2026-04-24,348437.04,Completed
PAY-09517,INV-09517,2026-03-22,75766.13,Completed
PAY-09518,INV-09518,2026-03-29,60542.5,Completed
PAY-09519,INV-09519,2026-06-21,257007.24,Completed
PAY-09520,INV-09520,2026-06-25,123518.0,Completed
PAY-09521,INV-09521,2026-04-27,191454.92,Completed
PAY-09522,INV-09522,2026-06-26,55850.9,Completed
PAY-09523,INV-09523,2026-03-15,88294.5,Completed
PAY-09524,INV-09524,2026-05-29,75317.0,Completed
PAY-09525,INV-09525,2026-03-07,40071.96,Completed
PAY-09526,INV-09526,2026-04-18,23936.1,Completed
PAY-09527,INV-09527,2026-04-06,11228.32,Completed
PAY-09528,INV-09528,2026-05-28,49052.5,Completed
PAY-09529,INV-09529,2026-02-28,13277.95,Completed
PAY-09530,INV-09530,2026-05-11,392420.0,Completed
PAY-09531,INV-09531,2026-03-06,280405.8,Completed
PAY-09532,INV-09532,2026-05-08,704156.46,Completed
PAY-09533,INV-09533,2026-04-22,34135.5,Completed
PAY-09534,INV-09534,2026-04-19,28966.98,Completed
PAY-09535,INV-09535,2026-03-20,634157.04,Completed
PAY-09536,INV-09536,2026-02-12,98247.12,Completed
PAY-09537,INV-09537,2026-01-31,17209.22,Completed
PAY-09538,INV-09538,2026-05-26,163043.76,Completed
PAY-09539,INV-09539,2026-02-11,402375.12,Completed
PAY-09540,INV-09540,2026-04-27,633900.75,Completed
PAY-09541,INV-09541,2026-06-01,449937.2,Completed
PAY-09542,INV-09542,2026-05-31,135513.67,Completed
PAY-09543,INV-09543,2026-03-07,520078.01,Completed
PAY-09544,INV-09544,2026-04-01,311562.5,Completed
PAY-09545,INV-09545,2026-04-20,111037.15,Completed
PAY-09546,INV-09546,2026-03-06,283935.23,Completed
PAY-09547,INV-09547,2026-06-28,33692.76,Completed
PAY-09548,INV-09548,2026-05-09,348701.33,Completed
PAY-09549,INV-09549,2026-04-22,293330.4,Completed
PAY-09550,INV-09550,2026-04-30,596698.52,Completed
PAY-09551,INV-09551,2026-05-17,6828.66,Completed
PAY-09552,INV-09552,2026-03-05,315652.68,Completed
PAY-09553,INV-09553,2026-05-06,216604.56,Completed
PAY-09554,INV-09554,2026-03-29,27006.4,Completed
PAY-09555,INV-09555,2026-04-11,174685.51,Completed
PAY-09556,INV-09556,2026-05-18,85066.02,Completed
PAY-09557,INV-09557,2026-04-28,190280.4,Completed
PAY-09558,INV-09558,2026-05-26,244299.18,Completed
PAY-09559,INV-09559,2026-03-24,25269.57,Completed
PAY-09560,INV-09560,2026-06-25,27551.32,Completed
PAY-09561,INV-09561,2026-03-07,165697.4,Completed
PAY-09562,INV-09562,2026-02-17,164740.28,Completed
PAY-09563,INV-09563,2026-05-08,17024.34,Completed
PAY-09564,INV-09564,2026-04-18,53949.0,Completed
PAY-09565,INV-09565,2026-06-21,170502.26,Completed
PAY-09566,INV-09566,2026-03-02,165124.32,Completed
PAY-09567,INV-09567,2026-03-28,77234.29,Completed
PAY-09568,INV-09568,2026-06-10,37005.36,Completed
PAY-09569,INV-09569,2026-04-09,120464.54,Completed
PAY-09570,INV-09570,2026-05-04,230542.61,Completed
PAY-09571,INV-09571,2026-05-20,54347.92,Completed
PAY-09572,INV-09572,2026-02-25,437468.08,Completed
PAY-09573,INV-09573,2026-05-28,455621.57,Completed
PAY-09574,INV-09574,2026-03-01,10521.24,Completed
PAY-09575,INV-09575,2026-04-10,74804.75,Completed
PAY-09576,INV-09576,2026-03-05,222346.8,Completed
PAY-09577,INV-09577,2026-06-08,242770.5,Completed
PAY-09578,INV-09578,2026-03-04,426714.42,Completed
PAY-09579,INV-09579,2026-02-28,36844.08,Completed
PAY-09580,INV-09580,2026-06-21,114099.86,Completed
PAY-09581,INV-09581,2026-03-22,211113.09,Completed
PAY-09582,INV-09582,2026-03-25,297356.65,Completed
PAY-09583,INV-09583,2026-04-28,42236.91,Completed
PAY-09584,INV-09584,2026-03-22,212665.05,Completed
PAY-09585,INV-09585,2026-05-14,103586.57,Completed
PAY-09586,INV-09586,2026-05-28,350014.0,Completed
PAY-09587,INV-09587,2026-06-03,77098.56,Completed
PAY-09588,INV-09588,2026-05-30,98814.4,Completed
PAY-09589,INV-09589,2026-02-04,124990.88,Completed
PAY-09590,INV-09590,2026-01-28,111311.0,Completed
PAY-09591,INV-09591,2026-01-25,42736.75,Completed
PAY-09592,INV-09592,2026-06-19,133244.58,Completed
PAY-09593,INV-09593,2026-03-07,356627.02,Completed
PAY-09594,INV-09594,2026-06-21,601421.97,Completed
PAY-09595,INV-09595,2026-05-21,135679.18,Completed
PAY-09596,INV-09596,2026-02-22,67436.25,Completed
PAY-09597,INV-09597,2026-02-15,154804.05,Completed
PAY-09598,INV-09598,2026-03-14,119702.52,Completed
PAY-09599,INV-09599,2026-03-12,146112.78,Completed
PAY-09600,INV-09600,2026-05-10,233336.91,Completed
PAY-09601,INV-09601,2026-03-08,210921.48,Completed
PAY-09602,INV-09602,2026-04-12,648048.0,Completed
PAY-09603,INV-09603,2026-02-20,178067.12,Completed
PAY-09604,INV-09604,2026-07-07,237154.56,Completed
PAY-09605,INV-09605,2026-02-17,568875.51,Completed
PAY-09606,INV-09606,2026-05-14,350668.5,Completed
PAY-09607,INV-09607,2026-05-20,87572.31,Completed
PAY-09608,INV-09608,2026-05-29,672026.88,Completed
PAY-09609,INV-09609,2026-07-02,202471.74,Completed
PAY-09610,INV-09610,2026-07-01,71881.94,Completed
PAY-09611,INV-09611,2026-05-08,50876.32,Completed
PAY-09612,INV-09612,2026-06-18,259168.38,Completed
PAY-09613,INV-09613,2026-03-01,83587.64,Completed
PAY-09614,INV-09614,2026-05-04,150463.11,Completed
PAY-09615,INV-09615,2026-05-02,424317.29,Completed
PAY-09616,INV-09616,2026-06-14,412840.89,Completed
PAY-09617,INV-09617,2026-02-02,129584.8,Completed
PAY-09618,INV-09618,2026-06-01,64333.22,Completed
PAY-09619,INV-09619,2026-03-31,152224.32,Completed
PAY-09620,INV-09620,2026-03-10,556021.82,Completed
PAY-09621,INV-09621,2026-03-07,74775.0,Completed
PAY-09622,INV-09622,2026-06-02,392750.28,Completed
PAY-09623,INV-09623,2026-06-12,352356.48,Completed
PAY-09624,INV-09624,2026-02-06,219785.35,Completed
PAY-09625,INV-09625,2026-02-24,781.0,Completed
PAY-09626,INV-09626,2026-05-22,633606.26,Completed
PAY-09627,INV-09627,2026-02-01,577201.83,Completed
PAY-09628,INV-09628,2026-05-12,116333.28,Completed
PAY-09629,INV-09629,2026-06-05,48030.96,Completed
PAY-09630,INV-09630,2026-04-03,85074.0,Completed
PAY-09631,INV-09631,2026-05-18,51501.38,Completed
PAY-09632,INV-09632,2026-02-10,185749.84,Completed
PAY-09633,INV-09633,2026-05-16,93873.68,Completed
PAY-09634,INV-09634,2026-03-18,115048.08,Completed
PAY-09635,INV-09635,2026-05-01,213886.75,Completed
PAY-09636,INV-09636,2026-06-06,490030.44,Completed
PAY-09637,INV-09637,2026-05-29,4689.24,Completed
PAY-09638,INV-09638,2026-02-03,339033.25,Completed
PAY-09639,INV-09639,2026-05-19,56887.68,Completed
PAY-09640,INV-09640,2026-03-06,488207.88,Completed
PAY-09641,INV-09641,2026-05-11,24217.0,Completed
PAY-09642,INV-09642,2026-05-03,95234.1,Completed
PAY-09643,INV-09643,2026-05-21,329585.86,Completed
PAY-09644,INV-09644,2026-04-28,72269.7,Completed
PAY-09645,INV-09645,2026-06-02,518855.76,Completed
PAY-09646,INV-09646,2026-02-03,54347.92,Completed
PAY-09647,INV-09647,2026-03-14,172195.75,Completed
PAY-09648,INV-09648,2026-01-21,251975.62,Completed
PAY-09649,INV-09649,2026-04-08,291891.81,Completed
PAY-09650,INV-09650,2026-06-17,375990.84,Completed
PAY-09651,INV-09651,2026-02-06,172318.77,Completed
PAY-09652,INV-09652,2026-02-12,123980.94,Completed
PAY-09653,INV-09653,2026-05-29,73523.51,Completed
PAY-09654,INV-09654,2026-05-27,91541.62,Completed
PAY-09655,INV-09655,2026-02-05,214920.12,Completed
PAY-09656,INV-09656,2026-06-29,110630.7,Completed
PAY-09657,INV-09657,2026-05-24,31432.0,Completed
PAY-09658,INV-09658,2026-03-01,555927.65,Completed
PAY-09659,INV-09659,2026-04-24,134981.16,Completed
PAY-09660,INV-09660,2026-04-04,387651.84,Completed
PAY-09661,INV-09661,2026-02-13,82416.5,Completed
PAY-09662,INV-09662,2026-03-03,122333.4,Completed
PAY-09663,INV-09663,2026-03-31,86339.37,Completed
PAY-09664,INV-09664,2026-04-08,195118.7,Completed
PAY-09665,INV-09665,2026-03-20,497256.6,Completed
PAY-09666,INV-09666,2026-05-21,121141.2,Completed
PAY-09667,INV-09667,2026-03-14,5700.12,Completed
PAY-09668,INV-09668,2026-05-18,183874.58,Completed
PAY-09669,INV-09669,2026-04-05,195907.36,Completed
PAY-09670,INV-09670,2026-03-11,22976.15,Completed
PAY-09671,INV-09671,2026-03-12,122873.14,Completed
PAY-09672,INV-09672,2026-01-27,30936.0,Completed
PAY-09673,INV-09673,2026-02-18,324184.0,Completed
PAY-09674,INV-09674,2026-04-24,155379.4,Completed
PAY-09675,INV-09675,2026-02-16,169519.0,Completed
PAY-09676,INV-09676,2026-03-15,265659.6,Completed
PAY-09677,INV-09677,2026-02-25,147370.68,Completed
PAY-09678,INV-09678,2026-02-03,1576.21,Completed
PAY-09679,INV-09679,2026-04-01,113636.56,Completed
PAY-09680,INV-09680,2026-05-12,285584.07,Completed
PAY-09681,INV-09681,2026-02-25,66414.9,Completed
PAY-09682,INV-09682,2026-04-07,1483.9,Completed
PAY-09683,INV-09683,2026-03-06,6304.84,Completed
PAY-09684,INV-09684,2026-03-22,29516.4,Completed
PAY-09685,INV-09685,2026-02-01,101177.58,Completed
PAY-09686,INV-09686,2026-01-25,165540.15,Completed
PAY-09687,INV-09687,2026-04-30,396.18,Completed
PAY-09688,INV-09688,2026-03-12,89074.78,Completed
PAY-09689,INV-09689,2026-05-26,387654.8,Completed
PAY-09690,INV-09690,2026-05-11,413713.6,Completed
PAY-09691,INV-09691,2026-03-12,355016.22,Completed
PAY-09692,INV-09692,2026-05-21,143102.3,Completed
PAY-09693,INV-09693,2026-01-24,121085.0,Completed
PAY-09694,INV-09694,2026-03-20,233345.84,Completed
PAY-09695,INV-09695,2026-06-18,88941.0,Completed
PAY-09696,INV-09696,2026-02-16,165667.27,Completed
PAY-09697,INV-09697,2026-05-07,482817.76,Completed
PAY-09698,INV-09698,2026-02-24,79893.1,Completed
PAY-09699,INV-09699,2026-04-06,192559.45,Completed
PAY-09700,INV-09700,2026-04-20,37844.1,Completed
PAY-09701,INV-09701,2026-01-26,284549.75,Completed
PAY-09702,INV-09702,2026-03-13,125096.49,Completed
PAY-09703,INV-09703,2026-05-07,101078.28,Completed
PAY-09704,INV-09704,2026-05-02,32324.86,Completed
PAY-09705,INV-09705,2026-03-09,136802.88,Completed
PAY-09706,INV-09706,2026-02-20,276765.52,Completed
PAY-09707,INV-09707,2026-06-08,392571.0,Completed
PAY-09708,INV-09708,2026-06-13,212882.04,Completed
PAY-09709,INV-09709,2026-05-07,271005.24,Completed
PAY-09710,INV-09710,2026-05-07,305257.92,Completed
PAY-09711,INV-09711,2026-05-13,530160.34,Completed
PAY-09712,INV-09712,2026-03-03,18034.85,Completed
PAY-09713,INV-09713,2026-03-21,479555.52,Completed
PAY-09714,INV-09714,2026-02-08,188994.78,Completed
PAY-09715,INV-09715,2026-05-01,26653.05,Completed
PAY-09716,INV-09716,2026-02-27,14453.94,Completed
PAY-09717,INV-09717,2026-02-25,68878.3,Completed
PAY-09718,INV-09718,2026-05-16,191454.92,Completed
PAY-09719,INV-09719,2026-04-18,152098.04,Completed
PAY-09720,INV-09720,2026-03-29,312080.22,Completed
PAY-09721,INV-09721,2026-02-16,25269.57,Completed
PAY-09722,INV-09722,2026-06-11,92970.5,Completed
PAY-09723,INV-09723,2026-03-23,658026.32,Completed
PAY-09724,INV-09724,2026-06-02,245105.16,Completed
PAY-09725,INV-09725,2026-05-10,27122.4,Completed
PAY-09726,INV-09726,2026-06-15,114516.8,Completed
PAY-09727,INV-09727,2026-04-27,613056.5,Completed
PAY-09728,INV-09728,2026-02-26,172956.62,Completed
PAY-09729,INV-09729,2026-03-30,60542.5,Completed
PAY-09730,INV-09730,2026-04-09,5470.78,Completed
PAY-09731,INV-09731,2026-04-25,195907.36,Completed
PAY-09732,INV-09732,2026-02-14,284453.1,Completed
PAY-09733,INV-09733,2026-04-23,24601.39,Completed
PAY-09734,INV-09734,2026-06-07,12683.6,Completed
PAY-09735,INV-09735,2026-06-01,162012.5,Completed
PAY-09736,INV-09736,2026-05-06,106252.0,Completed
PAY-09737,INV-09737,2026-03-31,95127.0,Completed
PAY-09738,INV-09738,2026-06-27,38349.36,Completed
PAY-09739,INV-09739,2026-05-28,236217.03,Completed
PAY-09740,INV-09740,2026-01-30,98247.12,Completed
PAY-09741,INV-09741,2026-06-26,374392.9,Completed
PAY-09742,INV-09742,2026-03-25,566160.37,Completed
PAY-09743,INV-09743,2026-03-06,36163.2,Completed
PAY-09744,INV-09744,2026-02-08,165243.05,Completed
PAY-09745,INV-09745,2026-04-29,632594.9,Completed
PAY-09746,INV-09746,2026-01-23,148037.4,Completed
PAY-09747,INV-09747,2026-04-29,303549.28,Completed
PAY-09748,INV-09748,2026-02-07,55406.77,Completed
PAY-09749,INV-09749,2026-02-17,91029.8,Completed
PAY-09750,INV-09750,2026-02-16,412254.42,Completed
PAY-09751,INV-09751,2026-06-20,91541.62,Completed
PAY-09752,INV-09752,2026-01-21,276765.52,Completed
PAY-09753,INV-09753,2026-05-08,61145.37,Completed
PAY-09754,INV-09754,2026-05-20,538606.67,Completed
PAY-09755,INV-09755,2026-04-19,50232.9,Completed
PAY-09756,INV-09756,2026-04-23,127742.23,Completed
PAY-09757,INV-09757,2026-03-25,57866.82,Completed
PAY-09758,INV-09758,2026-02-24,71852.7,Completed
PAY-09759,INV-09759,2026-04-11,147005.88,Completed
PAY-09760,INV-09760,2026-03-29,48337.5,Completed
PAY-09761,INV-09761,2026-05-30,7527.42,Completed
PAY-09762,INV-09762,2026-06-16,109351.34,Completed
PAY-09763,INV-09763,2026-04-20,145304.95,Completed
PAY-09764,INV-09764,2026-05-22,68836.88,Completed
PAY-09765,INV-09765,2026-03-22,304621.59,Completed
PAY-09766,INV-09766,2026-02-25,324071.28,Completed
PAY-09767,INV-09767,2026-06-15,156567.96,Completed
PAY-09768,INV-09768,2026-06-07,364014.56,Completed
PAY-09769,INV-09769,2026-02-09,24724.95,Completed
PAY-09770,INV-09770,2026-03-02,51984.79,Completed
PAY-09771,INV-09771,2026-03-30,116648.64,Completed
PAY-09772,INV-09772,2026-05-03,28428.02,Completed
PAY-09773,INV-09773,2026-03-08,18968.5,Completed
PAY-09774,INV-09774,2026-05-21,404617.29,Completed
PAY-09775,INV-09775,2026-02-15,277327.44,Completed
PAY-09776,INV-09776,2026-02-01,63111.84,Completed
PAY-09777,INV-09777,2026-04-25,164909.68,Completed
PAY-09778,INV-09778,2026-05-17,199400.0,Completed
PAY-09779,INV-09779,2026-01-22,16639.56,Completed
PAY-09780,INV-09780,2026-06-18,39893.5,Completed
PAY-09781,INV-09781,2026-02-01,145968.16,Completed
PAY-09782,INV-09782,2026-06-19,71852.7,Completed
PAY-09783,INV-09783,2026-05-22,27356.94,Completed
PAY-09784,INV-09784,2026-03-14,5517.52,Completed
PAY-09785,INV-09785,2026-04-30,132783.77,Completed
PAY-09786,INV-09786,2026-03-15,44144.04,Completed
PAY-09787,INV-09787,2026-04-08,484170.9,Completed
PAY-09788,INV-09788,2026-06-06,50539.14,Completed
PAY-09789,INV-09789,2026-04-22,133244.58,Completed
PAY-09790,INV-09790,2026-02-09,316151.88,Completed
PAY-09791,INV-09791,2026-05-22,54751.55,Completed
PAY-09792,INV-09792,2026-02-26,196285.5,Completed
PAY-09793,INV-09793,2026-02-22,79648.03,Completed
PAY-09794,INV-09794,2026-04-19,88932.96,Completed
PAY-09795,INV-09795,2026-03-19,485822.88,Completed
PAY-09796,INV-09796,2026-05-14,215303.6,Completed
PAY-09797,INV-09797,2026-01-15,67777.03,Completed
PAY-09798,INV-09798,2026-06-23,188292.5,Completed
PAY-09799,INV-09799,2026-04-15,142570.56,Completed
PAY-09800,INV-09800,2026-02-16,101078.28,Completed
PAY-09801,INV-09801,2026-06-06,321171.31,Completed
PAY-09802,INV-09802,2026-05-25,222583.9,Completed
PAY-09803,INV-09803,2026-02-27,317881.55,Completed
PAY-09804,INV-09804,2026-05-04,172564.27,Completed
PAY-09805,INV-09805,2026-02-02,368426.7,Completed
PAY-09806,INV-09806,2026-05-21,51933.53,Completed
PAY-09807,INV-09807,2026-03-25,18422.04,Completed
PAY-09808,INV-09808,2026-03-17,65042.73,Completed
PAY-09809,INV-09809,2026-06-18,198200.52,Completed
PAY-09810,INV-09810,2026-04-01,143318.75,Completed
PAY-09811,INV-09811,2026-03-06,64804.8,Completed
PAY-09812,INV-09812,2026-05-06,34484.5,Completed
PAY-09813,INV-09813,2026-03-12,165697.4,Completed
PAY-09814,INV-09814,2026-02-15,412830.99,Completed
PAY-09815,INV-09815,2026-02-05,6231.25,Completed
PAY-09816,INV-09816,2026-03-14,161201.43,Completed
PAY-09817,INV-09817,2026-02-24,14849.26,Completed
PAY-09818,INV-09818,2026-03-14,258614.8,Completed
PAY-09819,INV-09819,2026-01-23,221897.81,Completed
PAY-09820,INV-09820,2026-04-22,28035.84,Completed
PAY-09821,INV-09821,2026-03-20,88117.83,Completed
PAY-09822,INV-09822,2026-05-25,98247.12,Completed
PAY-09823,INV-09823,2026-04-11,62633.74,Completed
PAY-09824,INV-09824,2026-03-04,29516.4,Completed
PAY-09825,INV-09825,2026-05-24,278495.5,Completed
PAY-09826,INV-09826,2026-05-16,371412.99,Completed
PAY-09827,INV-09827,2026-06-14,143102.3,Completed
PAY-09828,INV-09828,2026-05-14,78283.98,Completed
PAY-09829,INV-09829,2026-04-20,56544.58,Completed
PAY-09830,INV-09830,2026-03-22,2758.76,Completed
PAY-09831,INV-09831,2026-03-07,299170.5,Completed
PAY-09832,INV-09832,2026-04-08,129120.76,Completed
PAY-09833,INV-09833,2026-03-12,124990.88,Completed
PAY-09834,INV-09834,2026-02-23,299441.45,Completed
PAY-09835,INV-09835,2026-04-23,261199.89,Completed
PAY-09836,INV-09836,2026-03-09,237696.27,Completed
PAY-09837,INV-09837,2026-05-20,191360.84,Completed
PAY-09838,INV-09838,2026-04-20,122611.3,Completed
PAY-09839,INV-09839,2026-05-22,3905.4,Completed
PAY-09840,INV-09840,2026-02-17,1640.1,Completed
PAY-09841,INV-09841,2026-05-17,266816.16,Completed
PAY-09842,INV-09842,2026-04-09,205541.28,Completed
PAY-09843,INV-09843,2026-06-12,196829.28,Completed
PAY-09844,INV-09844,2026-01-26,17100.36,Completed
PAY-09845,INV-09845,2026-05-08,59288.64,Completed
PAY-09846,INV-09846,2026-03-07,26593.61,Completed
PAY-09847,INV-09847,2026-04-27,261579.9,Completed
PAY-09848,INV-09848,2026-04-07,306891.04,Completed
PAY-09849,INV-09849,2026-03-03,17094.7,Completed
PAY-09850,INV-09850,2026-03-02,229761.5,Completed
PAY-09851,INV-09851,2026-05-15,102568.2,Completed
PAY-09852,INV-09852,2026-04-05,98768.59,Completed
PAY-09853,INV-09853,2026-02-17,258820.57,Completed
PAY-09854,INV-09854,2026-03-12,75317.0,Completed
PAY-09855,INV-09855,2026-01-18,542084.79,Completed
PAY-09856,INV-09856,2026-03-27,360316.5,Completed
PAY-09857,INV-09857,2026-05-20,58745.22,Completed
PAY-09858,INV-09858,2026-05-20,152754.27,Completed
PAY-09859,INV-09859,2026-03-23,257756.73,Completed
PAY-09860,INV-09860,2026-03-21,142704.54,Completed
PAY-09861,INV-09861,2026-01-21,217975.92,Completed
PAY-09862,INV-09862,2026-05-31,45894.15,Completed
PAY-09863,INV-09863,2026-03-02,27571.38,Completed
PAY-09864,INV-09864,2026-02-08,605331.72,Completed
PAY-09865,INV-09865,2026-05-15,316151.88,Completed
PAY-09866,INV-09866,2026-05-07,69860.71,Completed
PAY-09867,INV-09867,2026-03-23,379258.31,Completed
PAY-09868,INV-09868,2026-04-23,64653.7,Completed
PAY-09869,INV-09869,2026-06-07,136802.88,Completed
PAY-09870,INV-09870,2026-04-06,118147.25,Completed
PAY-09871,INV-09871,2026-02-24,84752.4,Completed
PAY-09872,INV-09872,2026-04-08,12229.3,Completed
PAY-09873,INV-09873,2026-04-18,45894.15,Completed
PAY-09874,INV-09874,2026-04-12,129307.4,Completed
PAY-09875,INV-09875,2026-05-04,143436.0,Completed
PAY-09876,INV-09876,2026-01-29,18393.35,Completed
PAY-09877,INV-09877,2026-03-22,9063.67,Completed
PAY-09878,INV-09878,2026-03-04,583791.3,Completed
PAY-09879,INV-09879,2026-03-03,181623.96,Completed
PAY-09880,INV-09880,2026-03-15,180314.92,Completed
PAY-09881,INV-09881,2026-05-10,234980.88,Completed
PAY-09882,INV-09882,2026-02-25,518594.82,Completed
PAY-09883,INV-09883,2026-03-27,18195.75,Completed
PAY-09884,INV-09884,2026-04-08,230096.16,Completed
PAY-09885,INV-09885,2026-05-26,383650.52,Completed
PAY-09886,INV-09886,2026-03-10,1563.08,Completed
PAY-09887,INV-09887,2026-03-20,78473.97,Completed
PAY-09888,INV-09888,2026-02-16,279636.68,Completed
PAY-09889,INV-09889,2026-06-16,201664.65,Completed
PAY-09890,INV-09890,2026-02-21,44092.41,Completed
PAY-09891,INV-09891,2026-06-14,344533.17,Completed
PAY-09892,INV-09892,2026-05-26,57482.16,Completed
PAY-09893,INV-09893,2026-05-31,361999.4,Completed
PAY-09894,INV-09894,2026-02-02,23306.58,Completed
PAY-09895,INV-09895,2026-04-10,254257.2,Completed
PAY-09896,INV-09896,2026-04-01,469961.76,Completed
PAY-09897,INV-09897,2026-03-15,172572.12,Completed
PAY-09898,INV-09898,2026-03-14,132133.68,Completed
PAY-09899,INV-09899,2026-06-02,118030.75,Completed
PAY-09900,INV-09900,2026-06-10,96429.62,Completed
PAY-09901,INV-09901,2026-04-28,6140.68,Completed
PAY-09902,INV-09902,2026-05-30,45899.52,Completed
PAY-09903,INV-09903,2026-03-05,102462.4,Completed
PAY-09904,INV-09904,2026-01-25,350872.08,Completed
PAY-09905,INV-09905,2026-04-14,94410.75,Completed
PAY-09906,INV-09906,2026-02-01,267837.6,Completed
PAY-09907,INV-09907,2026-02-28,56242.15,Completed
PAY-09908,INV-09908,2026-03-09,200160.48,Completed
PAY-09909,INV-09909,2026-01-29,279819.76,Completed
PAY-09910,INV-09910,2026-05-18,351486.45,Completed
PAY-09911,INV-09911,2026-04-09,66786.6,Completed
PAY-09912,INV-09912,2026-03-22,148228.61,Completed
PAY-09913,INV-09913,2026-04-09,193827.4,Completed
PAY-09914,INV-09914,2026-04-24,381762.88,Completed
PAY-09915,INV-09915,2026-05-01,200617.48,Completed
PAY-09916,INV-09916,2026-04-14,12510.33,Completed
PAY-09917,INV-09917,2026-03-07,335551.44,Completed
PAY-09918,INV-09918,2026-03-13,254883.44,Completed
PAY-09919,INV-09919,2026-03-25,6167.56,Completed
PAY-09920,INV-09920,2026-05-25,138996.1,Completed
PAY-09921,INV-09921,2026-05-18,279077.92,Completed
PAY-09922,INV-09922,2026-04-08,68673.5,Completed
PAY-09923,INV-09923,2026-05-07,689785.92,Completed
PAY-09924,INV-09924,2026-04-27,222456.59,Completed
PAY-09925,INV-09925,2026-02-14,648657.0,Completed
PAY-09926,INV-09926,2026-03-29,49857.12,Completed
PAY-09927,INV-09927,2026-03-10,52625.54,Completed
PAY-09928,INV-09928,2026-06-19,168243.75,Completed
PAY-09929,INV-09929,2026-02-06,198291.66,Completed
PAY-09930,INV-09930,2026-03-23,75406.5,Completed
PAY-09931,INV-09931,2026-03-31,180760.8,Completed
PAY-09932,INV-09932,2026-04-08,33692.76,Completed
PAY-09933,INV-09933,2026-05-01,6065.25,Completed
PAY-09934,INV-09934,2026-04-28,264554.46,Completed
PAY-09935,INV-09935,2026-05-05,28001.12,Completed
PAY-09936,INV-09936,2026-03-24,427440.34,Completed
PAY-09937,INV-09937,2026-02-22,147005.88,Completed
PAY-09938,INV-09938,2026-03-28,19422.15,Completed
PAY-09939,INV-09939,2026-06-21,3678.67,Completed
PAY-09940,INV-09940,2026-05-24,22262.2,Completed
PAY-09941,INV-09941,2026-05-03,42491.07,Completed
PAY-09942,INV-09942,2026-04-02,111196.88,Completed
PAY-09943,INV-09943,2026-06-11,303516.97,Completed
PAY-09944,INV-09944,2026-04-27,239459.36,Completed
PAY-09945,INV-09945,2026-03-19,31167.08,Completed
PAY-09946,INV-09946,2026-04-26,116741.35,Completed
PAY-09947,INV-09947,2026-05-16,22207.43,Completed
PAY-09948,INV-09948,2026-02-20,259536.65,Completed
PAY-09949,INV-09949,2026-04-18,32304.32,Completed
PAY-09950,INV-09950,2026-06-11,196589.05,Completed
PAY-09951,INV-09951,2026-05-18,216051.2,Completed
PAY-09952,INV-09952,2026-02-14,96902.04,Completed
PAY-09953,INV-09953,2026-05-06,23202.0,Completed
PAY-09954,INV-09954,2026-01-25,7815.4,Completed
PAY-09955,INV-09955,2026-05-04,50569.44,Completed
PAY-09956,INV-09956,2026-02-17,103997.82,Completed
PAY-09957,INV-09957,2026-06-26,183105.93,Completed
PAY-09958,INV-09958,2026-03-16,202277.76,Completed
PAY-09959,INV-09959,2026-04-03,46490.43,Completed
PAY-09960,INV-09960,2026-02-14,106664.4,Completed
PAY-09961,INV-09961,2026-05-17,58863.0,Completed
PAY-09962,INV-09962,2026-02-01,152628.96,Completed
PAY-09963,INV-09963,2026-06-16,57319.28,Completed
PAY-09964,INV-09964,2026-05-07,362551.98,Completed
PAY-09965,INV-09965,2026-04-20,51301.08,Completed
PAY-09966,INV-09966,2026-03-14,164350.68,Completed
PAY-09967,INV-09967,2026-03-07,420401.23,Completed
PAY-09968,INV-09968,2026-06-03,65428.5,Completed
PAY-09969,INV-09969,2026-04-09,404174.45,Completed
PAY-09970,INV-09970,2026-06-11,64137.53,Completed
PAY-09971,INV-09971,2026-06-06,107473.65,Completed
PAY-09972,INV-09972,2026-05-22,237154.56,Completed
PAY-09973,INV-09973,2026-05-26,272180.16,Completed
PAY-09974,INV-09974,2026-04-04,97694.92,Completed
PAY-09975,INV-09975,2026-06-13,70616.13,Completed
PAY-09976,INV-09976,2026-06-12,160661.82,Completed
PAY-09977,INV-09977,2026-04-05,7226.97,Completed
PAY-09978,INV-09978,2026-06-08,391419.9,Completed
PAY-09979,INV-09979,2026-02-01,196829.28,Completed
PAY-09980,INV-09980,2026-02-08,33665.06,Completed
PAY-09981,INV-09981,2026-06-15,115048.08,Completed
PAY-09982,INV-09982,2026-03-04,174685.51,Completed
PAY-09983,INV-09983,2026-01-22,26653.05,Completed
PAY-09984,INV-09984,2026-02-15,250992.07,Completed
PAY-09985,INV-09985,2026-04-19,435951.84,Completed
PAY-09986,INV-09986,2026-04-30,78118.91,Completed
PAY-09987,INV-09987,2026-03-17,303190.6,Completed
PAY-09988,INV-09988,2026-06-04,235452.0,Completed
PAY-09989,INV-09989,2026-04-02,157265.98,Completed
PAY-09990,INV-09990,2026-02-24,50588.79,Completed
PAY-09991,INV-09991,2026-05-25,6640.75,Completed
PAY-09992,INV-09992,2026-04-07,660875.25,Completed
PAY-09993,INV-09993,2026-03-21,6342.68,Completed
PAY-09994,INV-09994,2026-05-14,310492.97,Completed
PAY-09995,INV-09995,2026-04-20,194594.54,Completed
PAY-09996,INV-09996,2026-04-16,202563.18,Completed
PAY-09997,INV-09997,2026-02-03,219997.8,Completed
PAY-09998,INV-09998,2026-03-27,426642.15,Completed
PAY-09999,INV-09999,2026-03-12,185961.72,Completed
PAY-10000,INV-10000,2026-04-28,668978.4,Completed
