pr_id,requester_id,department_id,supplier_id,request_date,approval_date,status
PR-00001,EMP-00084,Sales,SUP-00002,2026-03-20,2026-03-23,Approved
PR-00002,EMP-00061,Operations,SUP-00005,2026-02-19,2026-02-25,Approved
PR-00003,EMP-00027,Operations,SUP-00016,2026-01-26,2026-01-29,Approved
PR-00004,EMP-00027,Operations,SUP-00004,2026-03-12,2026-03-13,Approved
PR-00005,EMP-00046,Operations,SUP-00048,2026-01-27,2026-02-01,Approved
PR-00006,EMP-00035,Marketing,SUP-00013,2026-03-06,2026-03-08,Approved
PR-00007,EMP-00026,Operations,SUP-00043,2026-02-08,2026-02-09,Approved
PR-00008,EMP-00090,Engineering,SUP-00043,2026-02-27,2026-03-03,Rejected
PR-00009,EMP-00097,Sales,SUP-00001,2026-05-26,2026-06-06,Approved
PR-00010,EMP-00059,Marketing,SUP-00031,2026-03-09,2026-03-12,Approved
PR-00011,EMP-00073,HR,SUP-00043,2026-04-15,2026-04-20,Approved
PR-00012,EMP-00011,Sales,SUP-00030,2026-04-27,2026-05-03,Approved
PR-00013,EMP-00037,IT,SUP-00021,2026-04-19,2026-04-24,Approved
PR-00014,EMP-00032,Procurement,SUP-00019,2026-01-16,2026-01-27,Approved
PR-00015,EMP-00099,Sales,SUP-00021,2026-03-19,2026-03-25,Approved
PR-00016,EMP-00100,Engineering,SUP-00006,2026-04-21,2026-04-24,Approved
PR-00017,EMP-00002,Marketing,SUP-00040,2026-03-10,2026-03-13,Approved
PR-00018,EMP-00091,Operations,SUP-00033,2026-02-16,2026-02-20,Approved
PR-00019,EMP-00065,Marketing,SUP-00033,2026-03-24,2026-03-27,Approved
PR-00020,EMP-00060,Operations,SUP-00009,2026-04-13,2026-04-16,Approved
PR-00021,EMP-00068,Marketing,SUP-00035,2026-05-12,2026-05-17,Approved
PR-00022,EMP-00055,Procurement,SUP-00032,2026-04-24,2026-04-30,Approved
PR-00023,EMP-00075,Marketing,SUP-00031,2026-02-01,2026-02-02,Approved
PR-00024,EMP-00099,Sales,SUP-00036,2026-05-22,2026-05-24,Approved
PR-00025,EMP-00015,Operations,SUP-00030,2026-05-08,2026-05-18,Approved
PR-00026,EMP-00003,Engineering,SUP-00015,2026-03-04,2026-03-09,Approved
PR-00027,EMP-00013,Procurement,SUP-00033,2026-01-18,2026-01-25,Approved
PR-00028,EMP-00049,IT,SUP-00046,2026-05-31,2026-06-03,Approved
PR-00029,EMP-00054,HR,SUP-00046,2026-05-22,2026-05-26,Approved
PR-00030,EMP-00066,Finance,SUP-00006,2026-03-01,2026-03-08,Approved
PR-00031,EMP-00041,Marketing,SUP-00049,2026-04-09,2026-04-12,Rejected
PR-00032,EMP-00082,Sales,SUP-00035,2026-01-26,2026-01-27,Approved
PR-00033,EMP-00023,IT,SUP-00003,2026-01-20,2026-01-27,Approved
PR-00034,EMP-00004,Engineering,SUP-00004,2026-05-17,2026-05-29,Approved
PR-00035,EMP-00091,Operations,SUP-00037,2026-03-02,2026-03-07,Rejected
PR-00036,EMP-00084,Sales,SUP-00006,2026-04-24,2026-04-25,Approved
PR-00037,EMP-00061,Operations,SUP-00040,2026-04-21,2026-04-23,Approved
PR-00038,EMP-00055,Procurement,SUP-00041,2026-02-14,2026-02-19,Approved
PR-00039,EMP-00025,Marketing,SUP-00019,2026-03-01,2026-03-04,Approved
PR-00040,EMP-00046,Operations,SUP-00027,2026-03-15,2026-03-18,Rejected
PR-00041,EMP-00045,IT,SUP-00035,2026-04-19,2026-04-22,Approved
PR-00042,EMP-00099,Sales,SUP-00016,2026-03-02,2026-03-09,Approved
PR-00043,EMP-00082,Sales,SUP-00023,2026-03-12,2026-03-27,Approved
PR-00044,EMP-00035,Marketing,SUP-00045,2026-03-15,2026-03-20,Approved
PR-00045,EMP-00040,Sales,SUP-00047,2026-02-05,2026-02-17,Approved
PR-00046,EMP-00062,HR,SUP-00038,2026-05-29,2026-05-31,Approved
PR-00047,EMP-00095,Marketing,SUP-00045,2026-02-03,2026-02-13,Approved
PR-00048,EMP-00035,Marketing,SUP-00038,2026-03-17,2026-03-20,Approved
PR-00049,EMP-00060,Operations,SUP-00022,2026-04-12,2026-04-15,Approved
PR-00050,EMP-00009,Finance,SUP-00024,2026-04-05,2026-04-08,Approved
PR-00051,EMP-00085,Sales,SUP-00043,2026-05-01,2026-05-06,Approved
PR-00052,EMP-00089,Operations,SUP-00046,2026-03-19,2026-03-22,Approved
PR-00053,EMP-00022,Marketing,SUP-00029,2026-01-30,2026-01-31,Approved
PR-00054,EMP-00006,HR,SUP-00009,2026-05-31,2026-06-08,Approved
PR-00055,EMP-00095,Marketing,SUP-00019,2026-01-09,2026-01-12,Approved
PR-00056,EMP-00081,IT,SUP-00021,2026-04-05,2026-04-08,Rejected
PR-00057,EMP-00007,Engineering,SUP-00041,2026-01-24,2026-02-05,Approved
PR-00058,EMP-00029,IT,SUP-00005,2026-03-04,2026-03-05,Approved
PR-00059,EMP-00040,Sales,SUP-00010,2026-03-26,2026-03-31,Approved
PR-00060,EMP-00061,Operations,SUP-00017,2026-01-29,2026-02-01,Approved
PR-00061,EMP-00012,Finance,SUP-00023,2026-02-14,2026-02-18,Approved
PR-00062,EMP-00069,Finance,SUP-00024,2026-05-02,2026-05-12,Approved
PR-00063,EMP-00022,Marketing,SUP-00013,2026-05-14,2026-05-16,Approved
PR-00064,EMP-00017,Sales,SUP-00009,2026-01-28,2026-01-30,Approved
PR-00065,EMP-00006,HR,SUP-00032,2026-03-12,2026-03-22,Rejected
PR-00066,EMP-00030,Sales,SUP-00012,2026-04-27,2026-04-30,Approved
PR-00067,EMP-00020,Marketing,SUP-00005,2026-04-21,2026-04-23,Approved
PR-00068,EMP-00094,HR,SUP-00047,2026-03-22,2026-03-25,Approved
PR-00069,EMP-00084,Sales,SUP-00013,2026-01-18,2026-01-19,Approved
PR-00070,EMP-00071,Procurement,SUP-00050,2026-05-23,2026-06-02,Approved
PR-00071,EMP-00082,Sales,SUP-00023,2026-04-19,2026-04-25,Approved
PR-00072,EMP-00017,Sales,SUP-00018,2026-02-09,2026-02-12,Approved
PR-00073,EMP-00011,Sales,SUP-00039,2026-05-27,2026-06-11,Approved
PR-00074,EMP-00002,Marketing,SUP-00048,2026-03-10,2026-03-16,Approved
PR-00075,EMP-00063,Finance,SUP-00046,2026-02-06,2026-02-09,Rejected
PR-00076,EMP-00079,Operations,SUP-00007,2026-05-16,2026-05-20,Approved
PR-00077,EMP-00046,Operations,SUP-00008,2026-05-26,2026-05-29,Approved
PR-00078,EMP-00052,Finance,SUP-00028,2026-03-11,2026-03-20,Approved
PR-00079,EMP-00035,Marketing,SUP-00037,2026-03-30,2026-04-05,Approved
PR-00080,EMP-00050,Procurement,SUP-00029,2026-01-12,2026-01-13,Approved
PR-00081,EMP-00063,Finance,SUP-00035,2026-02-05,2026-02-07,Approved
PR-00082,EMP-00069,Finance,SUP-00045,2026-02-03,2026-02-05,Approved
PR-00083,EMP-00050,Procurement,SUP-00027,2026-01-19,2026-01-21,Approved
PR-00084,EMP-00025,Marketing,SUP-00021,2026-05-27,2026-05-29,Rejected
PR-00085,EMP-00095,Marketing,SUP-00010,2026-04-28,2026-05-01,Approved
PR-00086,EMP-00031,Procurement,SUP-00013,2026-05-15,2026-05-19,Approved
PR-00087,EMP-00057,HR,SUP-00044,2026-01-20,2026-01-30,Approved
PR-00088,EMP-00090,Engineering,SUP-00011,2026-03-02,2026-03-03,Approved
PR-00089,EMP-00099,Sales,SUP-00013,2026-02-15,2026-02-24,Approved
PR-00090,EMP-00061,Operations,SUP-00015,2026-03-22,2026-03-26,Approved
PR-00091,EMP-00043,Finance,SUP-00003,2026-01-15,2026-01-20,Approved
PR-00092,EMP-00029,IT,SUP-00049,2026-03-15,2026-03-26,Approved
PR-00093,EMP-00090,Engineering,SUP-00048,2026-04-26,2026-05-03,Approved
PR-00094,EMP-00063,Finance,SUP-00039,2026-04-26,2026-04-27,Approved
PR-00095,EMP-00050,Procurement,SUP-00012,2026-04-23,2026-05-03,Approved
PR-00096,EMP-00054,HR,SUP-00028,2026-04-10,2026-04-22,Approved
PR-00097,EMP-00097,Sales,SUP-00039,2026-03-26,2026-03-31,Approved
PR-00098,EMP-00023,IT,SUP-00006,2026-03-27,2026-03-28,Rejected
PR-00099,EMP-00012,Finance,SUP-00045,2026-02-03,2026-02-09,Approved
PR-00100,EMP-00029,IT,SUP-00046,2026-05-15,2026-05-19,Approved
PR-00101,EMP-00100,Engineering,SUP-00048,2026-03-29,2026-03-31,Approved
PR-00102,EMP-00002,Marketing,SUP-00009,2026-05-10,2026-05-12,Approved
PR-00103,EMP-00039,Operations,SUP-00028,2026-02-09,2026-02-24,Approved
PR-00104,EMP-00069,Finance,SUP-00010,2026-04-16,2026-04-25,Approved
PR-00105,EMP-00049,IT,SUP-00028,2026-03-01,2026-03-03,Approved
PR-00106,EMP-00022,Marketing,SUP-00043,2026-04-29,2026-05-09,Approved
PR-00107,EMP-00006,HR,SUP-00016,2026-03-06,2026-03-10,Approved
PR-00108,EMP-00083,Engineering,SUP-00043,2026-03-14,2026-03-16,Approved
PR-00109,EMP-00096,HR,SUP-00009,2026-02-26,2026-03-01,Approved
PR-00110,EMP-00001,Engineering,SUP-00023,2026-04-09,2026-04-10,Approved
PR-00111,EMP-00020,Marketing,SUP-00046,2026-02-07,2026-02-08,Approved
PR-00112,EMP-00091,Operations,SUP-00023,2026-04-25,2026-04-28,Approved
PR-00113,EMP-00046,Operations,SUP-00027,2026-01-29,2026-01-31,Approved
PR-00114,EMP-00040,Sales,SUP-00037,2026-01-17,2026-01-28,Approved
PR-00115,EMP-00058,IT,SUP-00047,2026-02-06,2026-02-08,Approved
PR-00116,EMP-00014,Marketing,SUP-00032,2026-01-22,2026-01-25,Approved
PR-00117,EMP-00001,Engineering,SUP-00043,2026-04-10,2026-04-11,Approved
PR-00118,EMP-00077,Operations,SUP-00049,2026-01-18,2026-01-31,Approved
PR-00119,EMP-00078,HR,SUP-00019,2026-02-04,2026-02-07,Approved
PR-00120,EMP-00073,HR,SUP-00021,2026-05-03,2026-05-06,Approved
PR-00121,EMP-00039,Operations,SUP-00013,2026-01-10,2026-01-12,Approved
PR-00122,EMP-00007,Engineering,SUP-00036,2026-05-20,2026-05-22,Approved
PR-00123,EMP-00080,Marketing,SUP-00034,2026-03-26,2026-03-27,Approved
PR-00124,EMP-00044,IT,SUP-00041,2026-03-28,2026-04-01,Approved
PR-00125,EMP-00018,Engineering,SUP-00010,2026-04-19,2026-04-20,Approved
PR-00126,EMP-00093,IT,SUP-00031,2026-03-25,2026-03-28,Approved
PR-00127,EMP-00043,Finance,SUP-00014,2026-03-31,2026-04-01,Approved
PR-00128,EMP-00074,Engineering,SUP-00024,2026-01-20,2026-01-27,Approved
PR-00129,EMP-00087,IT,SUP-00049,2026-02-06,2026-02-09,Approved
PR-00130,EMP-00059,Marketing,SUP-00046,2026-04-03,2026-04-05,Approved
PR-00131,EMP-00098,Sales,SUP-00032,2026-04-06,2026-04-08,Approved
PR-00132,EMP-00060,Operations,SUP-00032,2026-03-05,2026-03-06,Approved
PR-00133,EMP-00094,HR,SUP-00029,2026-03-09,2026-03-14,Approved
PR-00134,EMP-00008,HR,SUP-00027,2026-02-21,2026-02-22,Approved
PR-00135,EMP-00018,Engineering,SUP-00008,2026-01-23,2026-01-26,Approved
PR-00136,EMP-00093,IT,SUP-00028,2026-03-18,2026-03-20,Approved
PR-00137,EMP-00074,Engineering,SUP-00038,2026-02-05,2026-02-09,Approved
PR-00138,EMP-00073,HR,SUP-00030,2026-01-23,2026-01-31,Approved
PR-00139,EMP-00020,Marketing,SUP-00010,2026-05-28,2026-06-04,Approved
PR-00140,EMP-00032,Procurement,SUP-00006,2026-02-02,2026-02-05,Approved
PR-00141,EMP-00057,HR,SUP-00017,2026-02-01,2026-02-04,Approved
PR-00142,EMP-00091,Operations,SUP-00033,2026-03-30,2026-04-02,Approved
PR-00143,EMP-00041,Marketing,SUP-00028,2026-02-02,2026-02-13,Approved
PR-00144,EMP-00085,Sales,SUP-00027,2026-02-13,2026-02-26,Approved
PR-00145,EMP-00086,HR,SUP-00040,2026-01-21,2026-01-27,Approved
PR-00146,EMP-00070,Sales,SUP-00003,2026-05-08,2026-05-14,Approved
PR-00147,EMP-00023,IT,SUP-00044,2026-03-18,2026-03-20,Approved
PR-00148,EMP-00100,Engineering,SUP-00008,2026-02-22,2026-02-27,Approved
PR-00149,EMP-00091,Operations,SUP-00046,2026-04-13,2026-04-23,Approved
PR-00150,EMP-00015,Operations,SUP-00006,2026-03-10,2026-03-12,Approved
PR-00151,EMP-00088,Operations,SUP-00039,2026-03-05,2026-03-16,Approved
PR-00152,EMP-00044,IT,SUP-00038,2026-05-12,2026-05-16,Approved
PR-00153,EMP-00016,Marketing,SUP-00021,2026-03-03,2026-03-04,Approved
PR-00154,EMP-00007,Engineering,SUP-00043,2026-03-15,2026-03-18,Approved
PR-00155,EMP-00021,IT,SUP-00037,2026-04-14,2026-04-16,Approved
PR-00156,EMP-00100,Engineering,SUP-00021,2026-01-19,2026-01-28,Approved
PR-00157,EMP-00014,Marketing,SUP-00037,2026-02-02,2026-02-06,Approved
PR-00158,EMP-00073,HR,SUP-00004,2026-05-11,2026-05-13,Approved
PR-00159,EMP-00063,Finance,SUP-00026,2026-05-13,2026-05-24,Approved
PR-00160,EMP-00035,Marketing,SUP-00041,2026-02-11,2026-02-16,Approved
PR-00161,EMP-00076,HR,SUP-00001,2026-05-25,2026-05-27,Approved
PR-00162,EMP-00016,Marketing,SUP-00001,2026-05-30,2026-05-31,Approved
PR-00163,EMP-00018,Engineering,SUP-00028,2026-01-14,2026-01-18,Approved
PR-00164,EMP-00092,Engineering,SUP-00002,2026-02-07,2026-02-09,Approved
PR-00165,EMP-00062,HR,SUP-00030,2026-03-22,2026-03-30,Approved
PR-00166,EMP-00092,Engineering,SUP-00010,2026-01-16,2026-01-19,Rejected
PR-00167,EMP-00029,IT,SUP-00009,2026-05-15,2026-05-18,Approved
PR-00168,EMP-00059,Marketing,SUP-00045,2026-05-04,2026-05-10,Approved
PR-00169,EMP-00068,Marketing,SUP-00004,2026-03-15,2026-03-28,Approved
PR-00170,EMP-00043,Finance,SUP-00005,2026-03-15,2026-03-27,Approved
PR-00171,EMP-00067,Sales,SUP-00032,2026-03-16,2026-03-17,Approved
PR-00172,EMP-00071,Procurement,SUP-00050,2026-02-24,2026-03-02,Approved
PR-00173,EMP-00003,Engineering,SUP-00016,2026-03-04,2026-03-09,Approved
PR-00174,EMP-00085,Sales,SUP-00001,2026-05-01,2026-05-03,Approved
PR-00175,EMP-00062,HR,SUP-00019,2026-05-03,2026-05-05,Approved
PR-00176,EMP-00024,HR,SUP-00049,2026-05-27,2026-06-09,Approved
PR-00177,EMP-00039,Operations,SUP-00031,2026-01-10,2026-01-14,Approved
PR-00178,EMP-00068,Marketing,SUP-00015,2026-03-27,2026-04-08,Approved
PR-00179,EMP-00077,Operations,SUP-00050,2026-05-10,2026-05-12,Approved
PR-00180,EMP-00051,Procurement,SUP-00029,2026-02-17,2026-02-20,Approved
PR-00181,EMP-00016,Marketing,SUP-00045,2026-04-14,2026-04-16,Approved
PR-00182,EMP-00022,Marketing,SUP-00032,2026-05-03,2026-05-05,Approved
PR-00183,EMP-00074,Engineering,SUP-00019,2026-03-26,2026-04-08,Approved
PR-00184,EMP-00100,Engineering,SUP-00003,2026-01-16,2026-01-17,Approved
PR-00185,EMP-00068,Marketing,SUP-00042,2026-01-31,2026-02-07,Rejected
PR-00186,EMP-00095,Marketing,SUP-00042,2026-02-09,2026-02-14,Approved
PR-00187,EMP-00004,Engineering,SUP-00020,2026-03-05,2026-03-08,Approved
PR-00188,EMP-00014,Marketing,SUP-00008,2026-01-20,2026-01-22,Approved
PR-00189,EMP-00095,Marketing,SUP-00035,2026-02-12,2026-02-14,Approved
PR-00190,EMP-00081,IT,SUP-00018,2026-01-24,2026-01-27,Approved
PR-00191,EMP-00022,Marketing,SUP-00017,2026-05-25,2026-06-03,Approved
PR-00192,EMP-00067,Sales,SUP-00037,2026-01-01,2026-01-04,Approved
PR-00193,EMP-00026,Operations,SUP-00035,2026-05-19,2026-05-20,Approved
PR-00194,EMP-00045,IT,SUP-00042,2026-04-18,2026-04-22,Approved
PR-00195,EMP-00034,IT,SUP-00025,2026-03-31,2026-04-02,Approved
PR-00196,EMP-00041,Marketing,SUP-00013,2026-01-01,2026-01-10,Approved
PR-00197,EMP-00096,HR,SUP-00038,2026-02-28,2026-03-01,Approved
PR-00198,EMP-00073,HR,SUP-00018,2026-01-09,2026-01-12,Approved
PR-00199,EMP-00011,Sales,SUP-00005,2026-04-25,2026-04-30,Approved
PR-00200,EMP-00074,Engineering,SUP-00013,2026-01-15,2026-01-16,Approved
PR-00201,EMP-00078,HR,SUP-00026,2026-03-02,2026-03-14,Approved
PR-00202,EMP-00035,Marketing,SUP-00040,2026-05-23,2026-06-04,Approved
PR-00203,EMP-00039,Operations,SUP-00019,2026-04-08,2026-04-11,Approved
PR-00204,EMP-00063,Finance,SUP-00020,2026-05-18,2026-05-20,Approved
PR-00205,EMP-00054,HR,SUP-00001,2026-01-15,2026-01-23,Approved
PR-00206,EMP-00063,Finance,SUP-00015,2026-02-22,2026-02-23,Approved
PR-00207,EMP-00087,IT,SUP-00014,2026-01-14,2026-01-26,Approved
PR-00208,EMP-00046,Operations,SUP-00033,2026-05-31,2026-06-05,Approved
PR-00209,EMP-00007,Engineering,SUP-00038,2026-02-24,2026-02-25,Approved
PR-00210,EMP-00067,Sales,SUP-00024,2026-04-12,2026-04-17,Approved
PR-00211,EMP-00037,IT,SUP-00011,2026-03-20,2026-03-23,Approved
PR-00212,EMP-00012,Finance,SUP-00022,2026-03-23,2026-03-26,Approved
PR-00213,EMP-00037,IT,SUP-00039,2026-01-05,2026-01-16,Approved
PR-00214,EMP-00095,Marketing,SUP-00026,2026-03-26,2026-03-27,Approved
PR-00215,EMP-00073,HR,SUP-00037,2026-03-07,2026-03-09,Approved
PR-00216,EMP-00069,Finance,SUP-00012,2026-02-17,2026-02-20,Approved
PR-00217,EMP-00051,Procurement,SUP-00012,2026-04-16,2026-04-19,Approved
PR-00218,EMP-00004,Engineering,SUP-00046,2026-04-06,2026-04-18,Approved
PR-00219,EMP-00014,Marketing,SUP-00024,2026-01-02,2026-01-05,Approved
PR-00220,EMP-00084,Sales,SUP-00021,2026-01-05,2026-01-08,Approved
PR-00221,EMP-00073,HR,SUP-00032,2026-02-19,2026-02-24,Approved
PR-00222,EMP-00067,Sales,SUP-00040,2026-04-28,2026-05-01,Approved
PR-00223,EMP-00065,Marketing,SUP-00037,2026-01-09,2026-01-13,Approved
PR-00224,EMP-00066,Finance,SUP-00042,2026-02-13,2026-02-17,Approved
PR-00225,EMP-00072,Procurement,SUP-00043,2026-05-16,2026-05-21,Approved
PR-00226,EMP-00082,Sales,SUP-00029,2026-03-13,2026-03-16,Approved
PR-00227,EMP-00051,Procurement,SUP-00048,2026-05-31,2026-06-04,Approved
PR-00228,EMP-00023,IT,SUP-00034,2026-05-19,2026-06-02,Approved
PR-00229,EMP-00024,HR,SUP-00003,2026-01-14,2026-01-15,Approved
PR-00230,EMP-00072,Procurement,SUP-00004,2026-03-25,2026-03-28,Approved
PR-00231,EMP-00032,Procurement,SUP-00034,2026-04-21,2026-04-26,Approved
PR-00232,EMP-00073,HR,SUP-00034,2026-01-19,2026-01-22,Approved
PR-00233,EMP-00093,IT,SUP-00020,2026-03-23,2026-03-25,Approved
PR-00234,EMP-00091,Operations,SUP-00010,2026-01-27,2026-01-28,Approved
PR-00235,EMP-00022,Marketing,SUP-00013,2026-01-27,2026-02-03,Approved
PR-00236,EMP-00057,HR,SUP-00011,2026-04-09,2026-04-12,Approved
PR-00237,EMP-00014,Marketing,SUP-00018,2026-05-27,2026-05-29,Approved
PR-00238,EMP-00079,Operations,SUP-00033,2026-05-07,2026-05-08,Approved
PR-00239,EMP-00066,Finance,SUP-00041,2026-04-03,2026-04-16,Approved
PR-00240,EMP-00066,Finance,SUP-00041,2026-01-28,2026-01-31,Approved
PR-00241,EMP-00096,HR,SUP-00049,2026-04-23,2026-05-08,Approved
PR-00242,EMP-00061,Operations,SUP-00037,2026-05-03,2026-05-05,Approved
PR-00243,EMP-00076,HR,SUP-00004,2026-05-28,2026-05-31,Approved
PR-00244,EMP-00049,IT,SUP-00027,2026-05-20,2026-05-22,Approved
PR-00245,EMP-00081,IT,SUP-00027,2026-01-18,2026-01-22,Approved
PR-00246,EMP-00059,Marketing,SUP-00048,2026-04-19,2026-04-28,Approved
PR-00247,EMP-00078,HR,SUP-00005,2026-05-20,2026-06-02,Approved
PR-00248,EMP-00050,Procurement,SUP-00011,2026-03-05,2026-03-09,Approved
PR-00249,EMP-00090,Engineering,SUP-00044,2026-03-26,2026-03-28,Approved
PR-00250,EMP-00068,Marketing,SUP-00008,2026-04-25,2026-05-04,Approved
PR-00251,EMP-00021,IT,SUP-00041,2026-01-07,2026-01-08,Approved
PR-00252,EMP-00047,IT,SUP-00017,2026-03-31,2026-04-02,Approved
PR-00253,EMP-00078,HR,SUP-00006,2026-04-23,2026-04-26,Approved
PR-00254,EMP-00032,Procurement,SUP-00036,2026-01-06,2026-01-08,Approved
PR-00255,EMP-00030,Sales,SUP-00041,2026-03-26,2026-03-29,Approved
PR-00256,EMP-00030,Sales,SUP-00014,2026-04-12,2026-04-17,Approved
PR-00257,EMP-00037,IT,SUP-00030,2026-02-22,2026-02-24,Approved
PR-00258,EMP-00035,Marketing,SUP-00039,2026-04-28,2026-05-01,Approved
PR-00259,EMP-00097,Sales,SUP-00042,2026-04-11,2026-04-12,Approved
PR-00260,EMP-00060,Operations,SUP-00023,2026-01-22,2026-01-25,Approved
PR-00261,EMP-00094,HR,SUP-00024,2026-02-06,2026-02-14,Approved
PR-00262,EMP-00021,IT,SUP-00045,2026-05-05,2026-05-18,Approved
PR-00263,EMP-00083,Engineering,SUP-00021,2026-02-05,2026-02-08,Approved
PR-00264,EMP-00036,Engineering,SUP-00022,2026-05-05,2026-05-07,Approved
PR-00265,EMP-00057,HR,SUP-00019,2026-05-06,2026-05-08,Approved
PR-00266,EMP-00034,IT,SUP-00049,2026-03-16,2026-03-21,Approved
PR-00267,EMP-00004,Engineering,SUP-00035,2026-05-21,2026-05-24,Approved
PR-00268,EMP-00039,Operations,SUP-00033,2026-05-19,2026-05-20,Approved
PR-00269,EMP-00074,Engineering,SUP-00010,2026-03-18,2026-03-22,Approved
PR-00270,EMP-00045,IT,SUP-00038,2026-03-02,2026-03-07,Approved
PR-00271,EMP-00041,Marketing,SUP-00039,2026-02-05,2026-02-06,Approved
PR-00272,EMP-00079,Operations,SUP-00042,2026-03-24,2026-03-30,Rejected
PR-00273,EMP-00014,Marketing,SUP-00016,2026-02-04,2026-02-10,Approved
PR-00274,EMP-00090,Engineering,SUP-00050,2026-02-07,2026-02-10,Approved
PR-00275,EMP-00043,Finance,SUP-00029,2026-04-17,2026-04-20,Approved
PR-00276,EMP-00089,Operations,SUP-00050,2026-04-05,2026-04-12,Approved
PR-00277,EMP-00082,Sales,SUP-00001,2026-04-28,2026-05-01,Approved
PR-00278,EMP-00078,HR,SUP-00040,2026-02-24,2026-02-27,Approved
PR-00279,EMP-00074,Engineering,SUP-00009,2026-03-29,2026-04-01,Approved
PR-00280,EMP-00092,Engineering,SUP-00007,2026-04-23,2026-04-25,Approved
PR-00281,EMP-00016,Marketing,SUP-00037,2026-02-10,2026-02-11,Approved
PR-00282,EMP-00094,HR,SUP-00043,2026-01-14,2026-01-27,Approved
PR-00283,EMP-00030,Sales,SUP-00029,2026-01-01,2026-01-02,Approved
PR-00284,EMP-00100,Engineering,SUP-00046,2026-01-03,2026-01-04,Approved
PR-00285,EMP-00084,Sales,SUP-00010,2026-02-28,2026-03-02,Approved
PR-00286,EMP-00070,Sales,SUP-00031,2026-02-05,2026-02-17,Approved
PR-00287,EMP-00024,HR,SUP-00022,2026-02-12,2026-02-14,Approved
PR-00288,EMP-00049,IT,SUP-00038,2026-04-24,2026-04-25,Approved
PR-00289,EMP-00016,Marketing,SUP-00009,2026-04-20,2026-04-22,Approved
PR-00290,EMP-00049,IT,SUP-00008,2026-01-07,2026-01-12,Approved
PR-00291,EMP-00077,Operations,SUP-00010,2026-03-17,2026-03-20,Approved
PR-00292,EMP-00090,Engineering,SUP-00029,2026-01-19,2026-01-20,Approved
PR-00293,EMP-00013,Procurement,SUP-00032,2026-04-04,2026-04-06,Approved
PR-00294,EMP-00008,HR,SUP-00046,2026-03-09,2026-03-10,Approved
PR-00295,EMP-00014,Marketing,SUP-00033,2026-04-19,2026-04-22,Approved
PR-00296,EMP-00086,HR,SUP-00023,2026-01-22,2026-01-24,Approved
PR-00297,EMP-00014,Marketing,SUP-00012,2026-03-21,2026-03-24,Approved
PR-00298,EMP-00085,Sales,SUP-00016,2026-01-30,2026-02-01,Approved
PR-00299,EMP-00019,IT,SUP-00025,2026-01-31,2026-02-01,Rejected
PR-00300,EMP-00022,Marketing,SUP-00050,2026-02-12,2026-02-14,Approved
PR-00301,EMP-00044,IT,SUP-00024,2026-03-27,2026-03-29,Rejected
PR-00302,EMP-00028,Marketing,SUP-00036,2026-05-08,2026-05-10,Approved
PR-00303,EMP-00027,Operations,SUP-00037,2026-03-07,2026-03-19,Approved
PR-00304,EMP-00019,IT,SUP-00036,2026-01-12,2026-01-14,Approved
PR-00305,EMP-00030,Sales,SUP-00019,2026-01-10,2026-01-14,Approved
PR-00306,EMP-00003,Engineering,SUP-00002,2026-03-11,2026-03-12,Approved
PR-00307,EMP-00014,Marketing,SUP-00039,2026-02-27,2026-03-02,Approved
PR-00308,EMP-00066,Finance,SUP-00026,2026-03-25,2026-03-26,Approved
PR-00309,EMP-00046,Operations,SUP-00036,2026-03-04,2026-03-07,Approved
PR-00310,EMP-00012,Finance,SUP-00042,2026-02-08,2026-02-09,Approved
PR-00311,EMP-00020,Marketing,SUP-00034,2026-03-27,2026-04-11,Approved
PR-00312,EMP-00039,Operations,SUP-00004,2026-04-18,2026-04-22,Approved
PR-00313,EMP-00071,Procurement,SUP-00015,2026-05-14,2026-05-23,Approved
PR-00314,EMP-00051,Procurement,SUP-00049,2026-04-11,2026-04-12,Rejected
PR-00315,EMP-00071,Procurement,SUP-00047,2026-03-16,2026-03-19,Approved
PR-00316,EMP-00016,Marketing,SUP-00011,2026-03-11,2026-03-12,Approved
PR-00317,EMP-00083,Engineering,SUP-00031,2026-04-26,2026-04-28,Rejected
PR-00318,EMP-00071,Procurement,SUP-00025,2026-04-26,2026-04-28,Approved
PR-00319,EMP-00026,Operations,SUP-00035,2026-01-11,2026-01-12,Rejected
PR-00320,EMP-00088,Operations,SUP-00022,2026-05-12,2026-05-13,Approved
PR-00321,EMP-00069,Finance,SUP-00043,2026-01-25,2026-01-27,Approved
PR-00322,EMP-00009,Finance,SUP-00037,2026-02-03,2026-02-10,Approved
PR-00323,EMP-00057,HR,SUP-00038,2026-01-20,2026-01-25,Approved
PR-00324,EMP-00018,Engineering,SUP-00030,2026-02-01,2026-02-02,Approved
PR-00325,EMP-00062,HR,SUP-00024,2026-05-08,2026-05-12,Approved
PR-00326,EMP-00073,HR,SUP-00009,2026-03-12,2026-03-14,Approved
PR-00327,EMP-00082,Sales,SUP-00005,2026-05-08,2026-05-10,Approved
PR-00328,EMP-00080,Marketing,SUP-00009,2026-02-21,2026-02-26,Rejected
PR-00329,EMP-00050,Procurement,SUP-00042,2026-05-03,2026-05-10,Approved
PR-00330,EMP-00089,Operations,SUP-00019,2026-01-07,2026-01-09,Approved
PR-00331,EMP-00042,Marketing,SUP-00027,2026-05-16,2026-05-18,Approved
PR-00332,EMP-00070,Sales,SUP-00039,2026-05-17,2026-05-20,Approved
PR-00333,EMP-00019,IT,SUP-00025,2026-02-15,2026-02-22,Approved
PR-00334,EMP-00054,HR,SUP-00018,2026-04-01,2026-04-05,Approved
PR-00335,EMP-00095,Marketing,SUP-00015,2026-05-06,2026-05-07,Approved
PR-00336,EMP-00036,Engineering,SUP-00018,2026-01-01,2026-01-03,Approved
PR-00337,EMP-00017,Sales,SUP-00028,2026-01-16,2026-01-27,Approved
PR-00338,EMP-00003,Engineering,SUP-00003,2026-01-19,2026-01-21,Approved
PR-00339,EMP-00086,HR,SUP-00016,2026-04-22,2026-04-26,Rejected
PR-00340,EMP-00063,Finance,SUP-00034,2026-02-27,2026-03-02,Approved
PR-00341,EMP-00053,Operations,SUP-00033,2026-02-02,2026-02-15,Rejected
PR-00342,EMP-00093,IT,SUP-00019,2026-02-16,2026-03-02,Approved
PR-00343,EMP-00099,Sales,SUP-00014,2026-02-06,2026-02-07,Approved
PR-00344,EMP-00056,Finance,SUP-00011,2026-03-27,2026-03-29,Approved
PR-00345,EMP-00001,Engineering,SUP-00046,2026-01-28,2026-01-29,Approved
PR-00346,EMP-00044,IT,SUP-00008,2026-04-16,2026-04-23,Approved
PR-00347,EMP-00078,HR,SUP-00020,2026-02-11,2026-02-13,Approved
PR-00348,EMP-00092,Engineering,SUP-00029,2026-01-19,2026-01-21,Approved
PR-00349,EMP-00072,Procurement,SUP-00022,2026-03-28,2026-04-06,Approved
PR-00350,EMP-00027,Operations,SUP-00026,2026-04-22,2026-04-23,Approved
PR-00351,EMP-00098,Sales,SUP-00034,2026-03-14,2026-03-16,Approved
PR-00352,EMP-00042,Marketing,SUP-00020,2026-02-09,2026-02-12,Approved
PR-00353,EMP-00099,Sales,SUP-00046,2026-02-21,2026-02-22,Rejected
PR-00354,EMP-00099,Sales,SUP-00005,2026-01-30,2026-02-03,Approved
PR-00355,EMP-00073,HR,SUP-00019,2026-02-17,2026-02-19,Approved
PR-00356,EMP-00032,Procurement,SUP-00030,2026-03-09,2026-03-10,Approved
PR-00357,EMP-00085,Sales,SUP-00001,2026-01-22,2026-02-05,Approved
PR-00358,EMP-00086,HR,SUP-00016,2026-04-10,2026-04-20,Approved
PR-00359,EMP-00033,IT,SUP-00047,2026-03-18,2026-04-02,Approved
PR-00360,EMP-00082,Sales,SUP-00023,2026-01-31,2026-02-02,Approved
PR-00361,EMP-00048,Operations,SUP-00026,2026-04-22,2026-05-07,Approved
PR-00362,EMP-00003,Engineering,SUP-00025,2026-01-23,2026-01-31,Approved
PR-00363,EMP-00016,Marketing,SUP-00013,2026-05-31,2026-06-04,Approved
PR-00364,EMP-00088,Operations,SUP-00039,2026-01-28,2026-01-29,Approved
PR-00365,EMP-00095,Marketing,SUP-00041,2026-04-09,2026-04-20,Approved
PR-00366,EMP-00047,IT,SUP-00014,2026-02-06,2026-02-18,Approved
PR-00367,EMP-00060,Operations,SUP-00041,2026-03-02,2026-03-06,Approved
PR-00368,EMP-00058,IT,SUP-00034,2026-03-21,2026-04-05,Rejected
PR-00369,EMP-00053,Operations,SUP-00018,2026-02-04,2026-02-08,Approved
PR-00370,EMP-00054,HR,SUP-00022,2026-02-18,2026-02-20,Approved
PR-00371,EMP-00010,Operations,SUP-00002,2026-01-15,2026-01-17,Approved
PR-00372,EMP-00035,Marketing,SUP-00049,2026-02-14,2026-02-15,Approved
PR-00373,EMP-00090,Engineering,SUP-00049,2026-02-20,2026-02-23,Approved
PR-00374,EMP-00076,HR,SUP-00046,2026-01-08,2026-01-17,Rejected
PR-00375,EMP-00002,Marketing,SUP-00045,2026-05-31,2026-06-03,Approved
PR-00376,EMP-00013,Procurement,SUP-00008,2026-03-14,2026-03-15,Rejected
PR-00377,EMP-00067,Sales,SUP-00043,2026-02-27,2026-03-05,Approved
PR-00378,EMP-00067,Sales,SUP-00002,2026-05-02,2026-05-03,Approved
PR-00379,EMP-00059,Marketing,SUP-00002,2026-03-12,2026-03-16,Approved
PR-00380,EMP-00021,IT,SUP-00034,2026-05-14,2026-05-17,Rejected
PR-00381,EMP-00050,Procurement,SUP-00012,2026-05-24,2026-05-29,Approved
PR-00382,EMP-00002,Marketing,SUP-00013,2026-03-28,2026-03-31,Approved
PR-00383,EMP-00069,Finance,SUP-00017,2026-02-18,2026-02-19,Approved
PR-00384,EMP-00023,IT,SUP-00012,2026-02-05,2026-02-06,Approved
PR-00385,EMP-00076,HR,SUP-00027,2026-04-10,2026-04-21,Approved
PR-00386,EMP-00075,Marketing,SUP-00007,2026-05-17,2026-05-21,Approved
PR-00387,EMP-00014,Marketing,SUP-00048,2026-03-17,2026-03-21,Approved
PR-00388,EMP-00074,Engineering,SUP-00049,2026-03-27,2026-03-28,Approved
PR-00389,EMP-00042,Marketing,SUP-00014,2026-03-26,2026-03-29,Approved
PR-00390,EMP-00030,Sales,SUP-00036,2026-05-01,2026-05-04,Approved
PR-00391,EMP-00022,Marketing,SUP-00020,2026-02-08,2026-02-10,Approved
PR-00392,EMP-00021,IT,SUP-00010,2026-01-21,2026-01-23,Approved
PR-00393,EMP-00065,Marketing,SUP-00019,2026-03-12,2026-03-13,Approved
PR-00394,EMP-00075,Marketing,SUP-00025,2026-04-22,2026-04-26,Approved
PR-00395,EMP-00072,Procurement,SUP-00036,2026-04-06,2026-04-20,Approved
PR-00396,EMP-00013,Procurement,SUP-00037,2026-02-27,2026-03-02,Approved
PR-00397,EMP-00042,Marketing,SUP-00036,2026-02-12,2026-02-13,Approved
PR-00398,EMP-00073,HR,SUP-00025,2026-04-22,2026-04-24,Approved
PR-00399,EMP-00087,IT,SUP-00049,2026-01-05,2026-01-06,Approved
PR-00400,EMP-00098,Sales,SUP-00043,2026-02-01,2026-02-09,Approved
PR-00401,EMP-00004,Engineering,SUP-00042,2026-01-13,2026-01-16,Approved
PR-00402,EMP-00045,IT,SUP-00042,2026-04-08,2026-04-13,Approved
PR-00403,EMP-00062,HR,SUP-00044,2026-03-19,2026-03-31,Approved
PR-00404,EMP-00062,HR,SUP-00038,2026-04-18,2026-05-01,Approved
PR-00405,EMP-00052,Finance,SUP-00044,2026-05-08,2026-05-13,Approved
PR-00406,EMP-00044,IT,SUP-00027,2026-03-17,2026-03-18,Approved
PR-00407,EMP-00023,IT,SUP-00008,2026-03-02,2026-03-03,Approved
PR-00408,EMP-00069,Finance,SUP-00011,2026-01-24,2026-02-06,Approved
PR-00409,EMP-00016,Marketing,SUP-00020,2026-03-17,2026-03-19,Approved
PR-00410,EMP-00039,Operations,SUP-00008,2026-03-22,2026-03-24,Approved
PR-00411,EMP-00036,Engineering,SUP-00048,2026-03-26,2026-03-30,Approved
PR-00412,EMP-00029,IT,SUP-00003,2026-02-16,2026-02-20,Approved
PR-00413,EMP-00100,Engineering,SUP-00040,2026-04-18,2026-04-21,Approved
PR-00414,EMP-00022,Marketing,SUP-00009,2026-01-27,2026-02-05,Approved
PR-00415,EMP-00018,Engineering,SUP-00012,2026-04-02,2026-04-17,Approved
PR-00416,EMP-00073,HR,SUP-00030,2026-01-29,2026-01-31,Approved
PR-00417,EMP-00067,Sales,SUP-00040,2026-03-28,2026-04-10,Approved
PR-00418,EMP-00034,IT,SUP-00016,2026-05-04,2026-05-08,Approved
PR-00419,EMP-00006,HR,SUP-00015,2026-05-10,2026-05-12,Approved
PR-00420,EMP-00053,Operations,SUP-00045,2026-03-26,2026-03-28,Approved
PR-00421,EMP-00099,Sales,SUP-00005,2026-01-21,2026-02-04,Approved
PR-00422,EMP-00066,Finance,SUP-00002,2026-03-22,2026-04-04,Approved
PR-00423,EMP-00025,Marketing,SUP-00015,2026-05-23,2026-05-26,Approved
PR-00424,EMP-00082,Sales,SUP-00015,2026-04-27,2026-04-29,Approved
PR-00425,EMP-00080,Marketing,SUP-00017,2026-04-04,2026-04-07,Approved
PR-00426,EMP-00026,Operations,SUP-00012,2026-03-16,2026-03-23,Approved
PR-00427,EMP-00076,HR,SUP-00002,2026-02-05,2026-02-09,Approved
PR-00428,EMP-00051,Procurement,SUP-00045,2026-02-25,2026-02-27,Approved
PR-00429,EMP-00056,Finance,SUP-00029,2026-04-26,2026-04-28,Approved
PR-00430,EMP-00092,Engineering,SUP-00043,2026-05-22,2026-05-31,Approved
PR-00431,EMP-00050,Procurement,SUP-00002,2026-01-27,2026-02-01,Approved
PR-00432,EMP-00086,HR,SUP-00019,2026-03-12,2026-03-15,Approved
PR-00433,EMP-00012,Finance,SUP-00004,2026-05-21,2026-05-23,Approved
PR-00434,EMP-00043,Finance,SUP-00050,2026-03-30,2026-04-12,Approved
PR-00435,EMP-00079,Operations,SUP-00030,2026-01-30,2026-02-08,Approved
PR-00436,EMP-00039,Operations,SUP-00040,2026-04-19,2026-04-20,Approved
PR-00437,EMP-00029,IT,SUP-00018,2026-02-21,2026-02-27,Approved
PR-00438,EMP-00042,Marketing,SUP-00033,2026-02-22,2026-02-23,Approved
PR-00439,EMP-00046,Operations,SUP-00028,2026-05-24,2026-06-03,Approved
PR-00440,EMP-00045,IT,SUP-00025,2026-04-10,2026-04-12,Approved
PR-00441,EMP-00031,Procurement,SUP-00050,2026-02-27,2026-03-13,Approved
PR-00442,EMP-00037,IT,SUP-00049,2026-03-17,2026-03-19,Approved
PR-00443,EMP-00069,Finance,SUP-00030,2026-04-07,2026-04-13,Approved
PR-00444,EMP-00100,Engineering,SUP-00040,2026-01-02,2026-01-04,Approved
PR-00445,EMP-00018,Engineering,SUP-00002,2026-03-19,2026-03-24,Approved
PR-00446,EMP-00063,Finance,SUP-00031,2026-02-17,2026-03-03,Approved
PR-00447,EMP-00022,Marketing,SUP-00019,2026-01-24,2026-01-29,Approved
PR-00448,EMP-00042,Marketing,SUP-00004,2026-05-16,2026-05-31,Approved
PR-00449,EMP-00063,Finance,SUP-00050,2026-03-03,2026-03-06,Approved
PR-00450,EMP-00003,Engineering,SUP-00001,2026-01-30,2026-02-09,Approved
PR-00451,EMP-00091,Operations,SUP-00030,2026-05-12,2026-05-15,Approved
PR-00452,EMP-00078,HR,SUP-00031,2026-01-25,2026-01-26,Approved
PR-00453,EMP-00078,HR,SUP-00035,2026-04-19,2026-04-29,Approved
PR-00454,EMP-00012,Finance,SUP-00037,2026-02-09,2026-02-13,Approved
PR-00455,EMP-00028,Marketing,SUP-00036,2026-03-06,2026-03-09,Approved
PR-00456,EMP-00036,Engineering,SUP-00004,2026-04-21,2026-04-29,Approved
PR-00457,EMP-00008,HR,SUP-00018,2026-05-30,2026-06-06,Approved
PR-00458,EMP-00092,Engineering,SUP-00050,2026-01-23,2026-01-27,Approved
PR-00459,EMP-00010,Operations,SUP-00001,2026-02-04,2026-02-18,Approved
PR-00460,EMP-00026,Operations,SUP-00048,2026-01-03,2026-01-06,Approved
PR-00461,EMP-00070,Sales,SUP-00005,2026-05-18,2026-05-21,Approved
PR-00462,EMP-00038,Marketing,SUP-00047,2026-02-24,2026-02-26,Approved
PR-00463,EMP-00012,Finance,SUP-00033,2026-02-19,2026-03-03,Approved
PR-00464,EMP-00005,HR,SUP-00032,2026-05-21,2026-05-22,Approved
PR-00465,EMP-00020,Marketing,SUP-00008,2026-03-26,2026-04-07,Approved
PR-00466,EMP-00045,IT,SUP-00032,2026-02-19,2026-02-23,Approved
PR-00467,EMP-00062,HR,SUP-00023,2026-05-25,2026-05-28,Approved
PR-00468,EMP-00026,Operations,SUP-00044,2026-02-26,2026-03-02,Approved
PR-00469,EMP-00064,IT,SUP-00045,2026-04-29,2026-05-02,Approved
PR-00470,EMP-00037,IT,SUP-00011,2026-03-13,2026-03-18,Approved
PR-00471,EMP-00008,HR,SUP-00011,2026-01-05,2026-01-20,Approved
PR-00472,EMP-00035,Marketing,SUP-00024,2026-01-10,2026-01-20,Approved
PR-00473,EMP-00026,Operations,SUP-00019,2026-04-11,2026-04-16,Approved
PR-00474,EMP-00049,IT,SUP-00004,2026-04-12,2026-04-14,Approved
PR-00475,EMP-00025,Marketing,SUP-00043,2026-04-25,2026-05-06,Approved
PR-00476,EMP-00009,Finance,SUP-00050,2026-04-02,2026-04-04,Approved
PR-00477,EMP-00080,Marketing,SUP-00028,2026-01-11,2026-01-13,Approved
PR-00478,EMP-00065,Marketing,SUP-00001,2026-01-11,2026-01-14,Approved
PR-00479,EMP-00083,Engineering,SUP-00037,2026-05-29,2026-06-03,Approved
PR-00480,EMP-00009,Finance,SUP-00038,2026-05-13,2026-05-18,Approved
PR-00481,EMP-00004,Engineering,SUP-00019,2026-05-05,2026-05-07,Approved
PR-00482,EMP-00027,Operations,SUP-00021,2026-05-12,2026-05-15,Approved
PR-00483,EMP-00071,Procurement,SUP-00015,2026-02-28,2026-03-02,Approved
PR-00484,EMP-00053,Operations,SUP-00004,2026-02-11,2026-02-14,Approved
PR-00485,EMP-00045,IT,SUP-00013,2026-02-04,2026-02-06,Approved
PR-00486,EMP-00066,Finance,SUP-00012,2026-05-13,2026-05-24,Approved
PR-00487,EMP-00039,Operations,SUP-00013,2026-01-22,2026-01-26,Approved
PR-00488,EMP-00007,Engineering,SUP-00026,2026-02-06,2026-02-17,Approved
PR-00489,EMP-00012,Finance,SUP-00050,2026-04-27,2026-04-30,Approved
PR-00490,EMP-00018,Engineering,SUP-00022,2026-02-21,2026-02-26,Approved
PR-00491,EMP-00040,Sales,SUP-00014,2026-01-10,2026-01-13,Approved
PR-00492,EMP-00046,Operations,SUP-00024,2026-04-21,2026-04-24,Approved
PR-00493,EMP-00033,IT,SUP-00027,2026-04-08,2026-04-22,Approved
PR-00494,EMP-00087,IT,SUP-00001,2026-03-07,2026-03-09,Approved
PR-00495,EMP-00020,Marketing,SUP-00047,2026-03-07,2026-03-20,Approved
PR-00496,EMP-00016,Marketing,SUP-00037,2026-04-07,2026-04-09,Approved
PR-00497,EMP-00097,Sales,SUP-00035,2026-05-30,2026-06-14,Approved
PR-00498,EMP-00069,Finance,SUP-00006,2026-04-12,2026-04-22,Approved
PR-00499,EMP-00012,Finance,SUP-00025,2026-03-06,2026-03-13,Approved
PR-00500,EMP-00021,IT,SUP-00031,2026-02-28,2026-03-02,Approved
PR-00501,EMP-00025,Marketing,SUP-00004,2026-02-11,2026-02-13,Approved
PR-00502,EMP-00032,Procurement,SUP-00012,2026-01-23,2026-01-26,Approved
PR-00503,EMP-00001,Engineering,SUP-00013,2026-04-13,2026-04-19,Approved
PR-00504,EMP-00049,IT,SUP-00024,2026-05-07,2026-05-12,Approved
PR-00505,EMP-00025,Marketing,SUP-00004,2026-02-13,2026-02-16,Rejected
PR-00506,EMP-00090,Engineering,SUP-00039,2026-03-12,2026-03-15,Approved
PR-00507,EMP-00002,Marketing,SUP-00028,2026-01-18,2026-01-24,Approved
PR-00508,EMP-00093,IT,SUP-00004,2026-02-27,2026-03-01,Approved
PR-00509,EMP-00078,HR,SUP-00012,2026-05-10,2026-05-13,Approved
PR-00510,EMP-00047,IT,SUP-00032,2026-05-18,2026-05-21,Approved
PR-00511,EMP-00072,Procurement,SUP-00013,2026-03-28,2026-03-30,Approved
PR-00512,EMP-00079,Operations,SUP-00003,2026-02-26,2026-02-28,Approved
PR-00513,EMP-00072,Procurement,SUP-00008,2026-03-09,2026-03-12,Approved
PR-00514,EMP-00055,Procurement,SUP-00005,2026-05-22,2026-05-26,Approved
PR-00515,EMP-00025,Marketing,SUP-00037,2026-05-08,2026-05-13,Approved
PR-00516,EMP-00052,Finance,SUP-00005,2026-03-05,2026-03-08,Approved
PR-00517,EMP-00065,Marketing,SUP-00044,2026-01-02,2026-01-03,Approved
PR-00518,EMP-00044,IT,SUP-00048,2026-05-06,2026-05-11,Approved
PR-00519,EMP-00079,Operations,SUP-00011,2026-05-15,2026-05-17,Approved
PR-00520,EMP-00036,Engineering,SUP-00022,2026-04-28,2026-05-03,Approved
PR-00521,EMP-00048,Operations,SUP-00049,2026-04-08,2026-04-09,Approved
PR-00522,EMP-00100,Engineering,SUP-00019,2026-03-02,2026-03-06,Approved
PR-00523,EMP-00065,Marketing,SUP-00004,2026-04-18,2026-04-21,Approved
PR-00524,EMP-00008,HR,SUP-00019,2026-05-28,2026-05-31,Approved
PR-00525,EMP-00067,Sales,SUP-00006,2026-04-08,2026-04-22,Approved
PR-00526,EMP-00066,Finance,SUP-00004,2026-04-18,2026-05-03,Approved
PR-00527,EMP-00062,HR,SUP-00033,2026-03-18,2026-04-02,Approved
PR-00528,EMP-00088,Operations,SUP-00038,2026-01-16,2026-01-25,Approved
PR-00529,EMP-00067,Sales,SUP-00016,2026-04-03,2026-04-08,Approved
PR-00530,EMP-00015,Operations,SUP-00043,2026-02-20,2026-03-04,Rejected
PR-00531,EMP-00029,IT,SUP-00045,2026-04-01,2026-04-10,Approved
PR-00532,EMP-00039,Operations,SUP-00014,2026-04-29,2026-05-02,Approved
PR-00533,EMP-00083,Engineering,SUP-00024,2026-01-19,2026-01-20,Approved
PR-00534,EMP-00050,Procurement,SUP-00025,2026-04-12,2026-04-16,Approved
PR-00535,EMP-00088,Operations,SUP-00024,2026-04-16,2026-04-17,Approved
PR-00536,EMP-00074,Engineering,SUP-00050,2026-01-21,2026-01-22,Approved
PR-00537,EMP-00035,Marketing,SUP-00017,2026-05-21,2026-05-22,Rejected
PR-00538,EMP-00068,Marketing,SUP-00016,2026-03-09,2026-03-12,Approved
PR-00539,EMP-00027,Operations,SUP-00036,2026-04-24,2026-04-28,Approved
PR-00540,EMP-00017,Sales,SUP-00001,2026-03-25,2026-04-09,Approved
PR-00541,EMP-00010,Operations,SUP-00030,2026-04-27,2026-05-05,Approved
PR-00542,EMP-00055,Procurement,SUP-00039,2026-05-04,2026-05-07,Approved
PR-00543,EMP-00072,Procurement,SUP-00027,2026-02-09,2026-02-11,Approved
PR-00544,EMP-00079,Operations,SUP-00050,2026-05-06,2026-05-09,Approved
PR-00545,EMP-00070,Sales,SUP-00047,2026-05-21,2026-05-29,Approved
PR-00546,EMP-00034,IT,SUP-00032,2026-04-07,2026-04-10,Approved
PR-00547,EMP-00021,IT,SUP-00038,2026-03-14,2026-03-19,Approved
PR-00548,EMP-00029,IT,SUP-00050,2026-02-04,2026-02-05,Approved
PR-00549,EMP-00015,Operations,SUP-00031,2026-02-18,2026-02-20,Approved
PR-00550,EMP-00038,Marketing,SUP-00008,2026-03-14,2026-03-16,Approved
PR-00551,EMP-00066,Finance,SUP-00048,2026-01-04,2026-01-06,Rejected
PR-00552,EMP-00053,Operations,SUP-00001,2026-01-09,2026-01-11,Approved
PR-00553,EMP-00069,Finance,SUP-00033,2026-05-20,2026-05-22,Approved
PR-00554,EMP-00005,HR,SUP-00002,2026-04-09,2026-04-11,Approved
PR-00555,EMP-00090,Engineering,SUP-00040,2026-05-14,2026-05-16,Approved
PR-00556,EMP-00028,Marketing,SUP-00044,2026-01-11,2026-01-14,Approved
PR-00557,EMP-00042,Marketing,SUP-00030,2026-04-03,2026-04-04,Approved
PR-00558,EMP-00011,Sales,SUP-00014,2026-03-12,2026-03-15,Approved
PR-00559,EMP-00080,Marketing,SUP-00045,2026-02-09,2026-02-11,Approved
PR-00560,EMP-00022,Marketing,SUP-00011,2026-01-16,2026-01-17,Approved
PR-00561,EMP-00037,IT,SUP-00018,2026-05-05,2026-05-15,Approved
PR-00562,EMP-00045,IT,SUP-00025,2026-04-07,2026-04-09,Approved
PR-00563,EMP-00083,Engineering,SUP-00048,2026-05-19,2026-05-24,Approved
PR-00564,EMP-00036,Engineering,SUP-00028,2026-03-12,2026-03-15,Approved
PR-00565,EMP-00077,Operations,SUP-00046,2026-05-19,2026-05-21,Approved
PR-00566,EMP-00059,Marketing,SUP-00004,2026-04-04,2026-04-11,Rejected
PR-00567,EMP-00030,Sales,SUP-00021,2026-02-18,2026-03-04,Approved
PR-00568,EMP-00008,HR,SUP-00035,2026-03-24,2026-04-03,Approved
PR-00569,EMP-00081,IT,SUP-00030,2026-02-15,2026-02-17,Approved
PR-00570,EMP-00060,Operations,SUP-00029,2026-05-06,2026-05-19,Approved
PR-00571,EMP-00096,HR,SUP-00024,2026-01-04,2026-01-05,Approved
PR-00572,EMP-00036,Engineering,SUP-00034,2026-04-05,2026-04-20,Approved
PR-00573,EMP-00027,Operations,SUP-00010,2026-03-19,2026-03-20,Approved
PR-00574,EMP-00052,Finance,SUP-00019,2026-02-18,2026-02-19,Approved
PR-00575,EMP-00001,Engineering,SUP-00018,2026-01-28,2026-02-04,Approved
PR-00576,EMP-00090,Engineering,SUP-00018,2026-02-12,2026-02-20,Approved
PR-00577,EMP-00087,IT,SUP-00012,2026-04-01,2026-04-06,Approved
PR-00578,EMP-00047,IT,SUP-00042,2026-03-03,2026-03-08,Approved
PR-00579,EMP-00080,Marketing,SUP-00020,2026-04-25,2026-04-27,Approved
PR-00580,EMP-00061,Operations,SUP-00003,2026-03-19,2026-03-20,Approved
PR-00581,EMP-00097,Sales,SUP-00006,2026-05-22,2026-06-02,Approved
PR-00582,EMP-00054,HR,SUP-00035,2026-02-09,2026-02-16,Approved
PR-00583,EMP-00001,Engineering,SUP-00047,2026-01-24,2026-01-27,Approved
PR-00584,EMP-00069,Finance,SUP-00047,2026-02-14,2026-02-16,Approved
PR-00585,EMP-00037,IT,SUP-00003,2026-01-21,2026-01-24,Approved
PR-00586,EMP-00049,IT,SUP-00012,2026-01-03,2026-01-07,Approved
PR-00587,EMP-00030,Sales,SUP-00030,2026-03-25,2026-03-28,Rejected
PR-00588,EMP-00040,Sales,SUP-00034,2026-05-28,2026-05-29,Approved
PR-00589,EMP-00074,Engineering,SUP-00010,2026-01-22,2026-01-24,Approved
PR-00590,EMP-00089,Operations,SUP-00036,2026-05-09,2026-05-11,Approved
PR-00591,EMP-00009,Finance,SUP-00026,2026-05-27,2026-06-07,Approved
PR-00592,EMP-00014,Marketing,SUP-00035,2026-04-21,2026-04-23,Approved
PR-00593,EMP-00054,HR,SUP-00027,2026-02-18,2026-03-01,Approved
PR-00594,EMP-00064,IT,SUP-00021,2026-04-24,2026-04-27,Approved
PR-00595,EMP-00075,Marketing,SUP-00008,2026-01-22,2026-01-27,Approved
PR-00596,EMP-00079,Operations,SUP-00034,2026-03-20,2026-03-24,Approved
PR-00597,EMP-00034,IT,SUP-00021,2026-05-20,2026-05-23,Rejected
PR-00598,EMP-00051,Procurement,SUP-00003,2026-04-07,2026-04-12,Approved
PR-00599,EMP-00023,IT,SUP-00006,2026-01-14,2026-01-15,Approved
PR-00600,EMP-00087,IT,SUP-00036,2026-01-28,2026-02-12,Rejected
PR-00601,EMP-00005,HR,SUP-00001,2026-03-22,2026-03-24,Approved
PR-00602,EMP-00095,Marketing,SUP-00011,2026-05-24,2026-05-27,Approved
PR-00603,EMP-00034,IT,SUP-00037,2026-02-10,2026-02-13,Approved
PR-00604,EMP-00056,Finance,SUP-00046,2026-01-16,2026-01-19,Approved
PR-00605,EMP-00045,IT,SUP-00009,2026-04-11,2026-04-14,Rejected
PR-00606,EMP-00021,IT,SUP-00021,2026-04-17,2026-04-22,Approved
PR-00607,EMP-00089,Operations,SUP-00039,2026-02-22,2026-03-05,Approved
PR-00608,EMP-00081,IT,SUP-00016,2026-05-15,2026-05-16,Approved
PR-00609,EMP-00079,Operations,SUP-00003,2026-01-18,2026-01-21,Approved
PR-00610,EMP-00024,HR,SUP-00001,2026-01-08,2026-01-12,Approved
PR-00611,EMP-00058,IT,SUP-00025,2026-02-08,2026-02-09,Rejected
PR-00612,EMP-00092,Engineering,SUP-00040,2026-05-26,2026-05-29,Approved
PR-00613,EMP-00034,IT,SUP-00007,2026-05-03,2026-05-18,Approved
PR-00614,EMP-00082,Sales,SUP-00010,2026-04-10,2026-04-12,Approved
PR-00615,EMP-00060,Operations,SUP-00004,2026-03-11,2026-03-24,Approved
PR-00616,EMP-00092,Engineering,SUP-00007,2026-04-23,2026-04-27,Approved
PR-00617,EMP-00051,Procurement,SUP-00001,2026-04-08,2026-04-16,Approved
PR-00618,EMP-00020,Marketing,SUP-00020,2026-05-14,2026-05-15,Approved
PR-00619,EMP-00041,Marketing,SUP-00010,2026-05-23,2026-06-06,Approved
PR-00620,EMP-00040,Sales,SUP-00033,2026-03-19,2026-03-23,Approved
PR-00621,EMP-00001,Engineering,SUP-00032,2026-04-29,2026-05-02,Approved
PR-00622,EMP-00076,HR,SUP-00029,2026-04-11,2026-04-13,Approved
PR-00623,EMP-00041,Marketing,SUP-00024,2026-04-27,2026-05-04,Approved
PR-00624,EMP-00046,Operations,SUP-00027,2026-01-24,2026-01-28,Approved
PR-00625,EMP-00073,HR,SUP-00016,2026-04-07,2026-04-10,Approved
PR-00626,EMP-00065,Marketing,SUP-00004,2026-02-11,2026-02-25,Approved
PR-00627,EMP-00059,Marketing,SUP-00024,2026-03-15,2026-03-18,Approved
PR-00628,EMP-00031,Procurement,SUP-00002,2026-01-04,2026-01-08,Approved
PR-00629,EMP-00093,IT,SUP-00047,2026-03-02,2026-03-07,Approved
PR-00630,EMP-00002,Marketing,SUP-00036,2026-03-04,2026-03-15,Approved
PR-00631,EMP-00072,Procurement,SUP-00048,2026-01-15,2026-01-18,Approved
PR-00632,EMP-00097,Sales,SUP-00032,2026-03-26,2026-03-27,Approved
PR-00633,EMP-00077,Operations,SUP-00015,2026-04-27,2026-04-30,Approved
PR-00634,EMP-00098,Sales,SUP-00015,2026-04-08,2026-04-23,Approved
PR-00635,EMP-00079,Operations,SUP-00029,2026-03-12,2026-03-20,Approved
PR-00636,EMP-00089,Operations,SUP-00011,2026-01-28,2026-02-02,Approved
PR-00637,EMP-00034,IT,SUP-00001,2026-04-20,2026-04-26,Approved
PR-00638,EMP-00059,Marketing,SUP-00034,2026-05-25,2026-06-07,Approved
PR-00639,EMP-00083,Engineering,SUP-00011,2026-03-16,2026-03-17,Approved
PR-00640,EMP-00100,Engineering,SUP-00019,2026-04-17,2026-04-18,Approved
PR-00641,EMP-00090,Engineering,SUP-00012,2026-03-14,2026-03-15,Approved
PR-00642,EMP-00100,Engineering,SUP-00036,2026-01-30,2026-02-02,Approved
PR-00643,EMP-00076,HR,SUP-00009,2026-02-14,2026-02-17,Approved
PR-00644,EMP-00087,IT,SUP-00033,2026-02-04,2026-02-06,Approved
PR-00645,EMP-00078,HR,SUP-00034,2026-01-15,2026-01-26,Approved
PR-00646,EMP-00042,Marketing,SUP-00042,2026-02-23,2026-02-26,Approved
PR-00647,EMP-00097,Sales,SUP-00035,2026-03-28,2026-03-30,Approved
PR-00648,EMP-00095,Marketing,SUP-00035,2026-03-20,2026-03-23,Approved
PR-00649,EMP-00033,IT,SUP-00030,2026-04-06,2026-04-11,Approved
PR-00650,EMP-00052,Finance,SUP-00003,2026-02-21,2026-02-22,Approved
PR-00651,EMP-00046,Operations,SUP-00014,2026-05-04,2026-05-09,Approved
PR-00652,EMP-00002,Marketing,SUP-00004,2026-02-22,2026-02-23,Approved
PR-00653,EMP-00027,Operations,SUP-00008,2026-01-12,2026-01-15,Approved
PR-00654,EMP-00070,Sales,SUP-00043,2026-05-14,2026-05-16,Approved
PR-00655,EMP-00008,HR,SUP-00030,2026-02-21,2026-02-27,Approved
PR-00656,EMP-00015,Operations,SUP-00013,2026-03-11,2026-03-12,Approved
PR-00657,EMP-00070,Sales,SUP-00022,2026-02-22,2026-02-25,Approved
PR-00658,EMP-00011,Sales,SUP-00048,2026-05-27,2026-05-29,Approved
PR-00659,EMP-00037,IT,SUP-00011,2026-02-03,2026-02-04,Approved
PR-00660,EMP-00002,Marketing,SUP-00008,2026-04-11,2026-04-22,Approved
PR-00661,EMP-00100,Engineering,SUP-00022,2026-03-21,2026-04-03,Rejected
PR-00662,EMP-00093,IT,SUP-00009,2026-05-26,2026-06-10,Approved
PR-00663,EMP-00084,Sales,SUP-00023,2026-05-01,2026-05-05,Approved
PR-00664,EMP-00022,Marketing,SUP-00042,2026-03-25,2026-03-27,Approved
PR-00665,EMP-00063,Finance,SUP-00029,2026-02-13,2026-02-24,Approved
PR-00666,EMP-00023,IT,SUP-00036,2026-03-25,2026-03-26,Approved
PR-00667,EMP-00040,Sales,SUP-00035,2026-03-03,2026-03-06,Approved
PR-00668,EMP-00085,Sales,SUP-00050,2026-04-21,2026-04-26,Approved
PR-00669,EMP-00093,IT,SUP-00005,2026-05-27,2026-06-07,Approved
PR-00670,EMP-00032,Procurement,SUP-00046,2026-02-15,2026-02-18,Approved
PR-00671,EMP-00049,IT,SUP-00002,2026-03-25,2026-03-27,Approved
PR-00672,EMP-00013,Procurement,SUP-00038,2026-02-07,2026-02-16,Approved
PR-00673,EMP-00089,Operations,SUP-00028,2026-02-20,2026-02-26,Approved
PR-00674,EMP-00001,Engineering,SUP-00022,2026-03-30,2026-04-01,Approved
PR-00675,EMP-00051,Procurement,SUP-00043,2026-01-16,2026-01-18,Approved
PR-00676,EMP-00059,Marketing,SUP-00037,2026-01-29,2026-01-30,Approved
PR-00677,EMP-00084,Sales,SUP-00046,2026-04-08,2026-04-16,Approved
PR-00678,EMP-00047,IT,SUP-00039,2026-02-18,2026-02-22,Approved
PR-00679,EMP-00076,HR,SUP-00018,2026-02-04,2026-02-05,Approved
PR-00680,EMP-00019,IT,SUP-00042,2026-02-04,2026-02-06,Approved
PR-00681,EMP-00054,HR,SUP-00033,2026-02-16,2026-02-24,Approved
PR-00682,EMP-00013,Procurement,SUP-00049,2026-04-19,2026-04-20,Approved
PR-00683,EMP-00073,HR,SUP-00001,2026-04-16,2026-04-19,Approved
PR-00684,EMP-00028,Marketing,SUP-00016,2026-01-29,2026-02-01,Approved
PR-00685,EMP-00041,Marketing,SUP-00044,2026-04-30,2026-05-10,Approved
PR-00686,EMP-00039,Operations,SUP-00038,2026-05-19,2026-05-22,Approved
PR-00687,EMP-00012,Finance,SUP-00048,2026-04-27,2026-05-08,Approved
PR-00688,EMP-00082,Sales,SUP-00035,2026-03-16,2026-03-29,Approved
PR-00689,EMP-00028,Marketing,SUP-00035,2026-01-16,2026-01-19,Approved
PR-00690,EMP-00076,HR,SUP-00042,2026-01-07,2026-01-09,Approved
PR-00691,EMP-00021,IT,SUP-00027,2026-03-06,2026-03-11,Approved
PR-00692,EMP-00014,Marketing,SUP-00034,2026-02-08,2026-02-11,Approved
PR-00693,EMP-00078,HR,SUP-00049,2026-05-16,2026-05-17,Approved
PR-00694,EMP-00067,Sales,SUP-00034,2026-04-09,2026-04-22,Approved
PR-00695,EMP-00048,Operations,SUP-00050,2026-01-14,2026-01-17,Approved
PR-00696,EMP-00024,HR,SUP-00025,2026-03-19,2026-03-24,Approved
PR-00697,EMP-00082,Sales,SUP-00037,2026-02-07,2026-02-11,Approved
PR-00698,EMP-00098,Sales,SUP-00014,2026-01-25,2026-01-28,Approved
PR-00699,EMP-00057,HR,SUP-00028,2026-03-11,2026-03-17,Approved
PR-00700,EMP-00077,Operations,SUP-00032,2026-05-31,2026-06-07,Approved
PR-00701,EMP-00030,Sales,SUP-00045,2026-01-03,2026-01-04,Approved
PR-00702,EMP-00004,Engineering,SUP-00025,2026-02-26,2026-03-01,Approved
PR-00703,EMP-00050,Procurement,SUP-00012,2026-02-25,2026-02-28,Approved
PR-00704,EMP-00031,Procurement,SUP-00035,2026-01-29,2026-01-31,Approved
PR-00705,EMP-00054,HR,SUP-00010,2026-03-12,2026-03-14,Approved
PR-00706,EMP-00057,HR,SUP-00043,2026-04-10,2026-04-11,Approved
PR-00707,EMP-00062,HR,SUP-00022,2026-04-11,2026-04-12,Approved
PR-00708,EMP-00046,Operations,SUP-00031,2026-04-24,2026-04-27,Approved
PR-00709,EMP-00018,Engineering,SUP-00011,2026-04-25,2026-04-29,Approved
PR-00710,EMP-00020,Marketing,SUP-00031,2026-03-10,2026-03-18,Approved
PR-00711,EMP-00066,Finance,SUP-00006,2026-05-03,2026-05-18,Approved
PR-00712,EMP-00069,Finance,SUP-00038,2026-05-04,2026-05-09,Approved
PR-00713,EMP-00054,HR,SUP-00035,2026-01-24,2026-01-29,Approved
PR-00714,EMP-00020,Marketing,SUP-00038,2026-02-21,2026-02-26,Approved
PR-00715,EMP-00070,Sales,SUP-00003,2026-01-28,2026-01-31,Approved
PR-00716,EMP-00031,Procurement,SUP-00035,2026-01-10,2026-01-23,Approved
PR-00717,EMP-00031,Procurement,SUP-00034,2026-05-08,2026-05-11,Approved
PR-00718,EMP-00023,IT,SUP-00032,2026-04-14,2026-04-28,Approved
PR-00719,EMP-00022,Marketing,SUP-00013,2026-05-29,2026-05-31,Approved
PR-00720,EMP-00008,HR,SUP-00023,2026-01-12,2026-01-13,Approved
PR-00721,EMP-00064,IT,SUP-00031,2026-04-27,2026-05-12,Approved
PR-00722,EMP-00008,HR,SUP-00016,2026-01-17,2026-01-24,Approved
PR-00723,EMP-00091,Operations,SUP-00030,2026-03-24,2026-03-25,Approved
PR-00724,EMP-00068,Marketing,SUP-00048,2026-04-17,2026-04-18,Approved
PR-00725,EMP-00032,Procurement,SUP-00030,2026-02-04,2026-02-05,Approved
PR-00726,EMP-00013,Procurement,SUP-00013,2026-02-15,2026-02-20,Approved
PR-00727,EMP-00004,Engineering,SUP-00017,2026-02-22,2026-02-25,Approved
PR-00728,EMP-00041,Marketing,SUP-00034,2026-02-16,2026-02-19,Approved
PR-00729,EMP-00066,Finance,SUP-00046,2026-05-23,2026-05-26,Approved
PR-00730,EMP-00036,Engineering,SUP-00048,2026-04-29,2026-05-02,Approved
PR-00731,EMP-00029,IT,SUP-00044,2026-05-08,2026-05-09,Approved
PR-00732,EMP-00099,Sales,SUP-00026,2026-04-22,2026-04-25,Approved
PR-00733,EMP-00064,IT,SUP-00032,2026-02-10,2026-02-11,Approved
PR-00734,EMP-00063,Finance,SUP-00015,2026-04-18,2026-04-19,Approved
PR-00735,EMP-00025,Marketing,SUP-00034,2026-02-21,2026-02-23,Approved
PR-00736,EMP-00061,Operations,SUP-00049,2026-02-07,2026-02-08,Approved
PR-00737,EMP-00058,IT,SUP-00028,2026-04-02,2026-04-04,Approved
PR-00738,EMP-00098,Sales,SUP-00044,2026-02-04,2026-02-08,Approved
PR-00739,EMP-00036,Engineering,SUP-00027,2026-02-10,2026-02-14,Approved
PR-00740,EMP-00030,Sales,SUP-00045,2026-02-25,2026-03-01,Approved
PR-00741,EMP-00064,IT,SUP-00038,2026-03-05,2026-03-07,Approved
PR-00742,EMP-00083,Engineering,SUP-00036,2026-04-17,2026-04-26,Approved
PR-00743,EMP-00024,HR,SUP-00018,2026-05-03,2026-05-04,Approved
PR-00744,EMP-00094,HR,SUP-00031,2026-04-15,2026-04-17,Rejected
PR-00745,EMP-00089,Operations,SUP-00013,2026-05-03,2026-05-07,Approved
PR-00746,EMP-00100,Engineering,SUP-00027,2026-04-27,2026-05-12,Approved
PR-00747,EMP-00048,Operations,SUP-00019,2026-04-29,2026-05-14,Approved
PR-00748,EMP-00076,HR,SUP-00050,2026-05-16,2026-05-19,Approved
PR-00749,EMP-00071,Procurement,SUP-00026,2026-01-21,2026-01-24,Approved
PR-00750,EMP-00016,Marketing,SUP-00023,2026-01-29,2026-02-07,Approved
PR-00751,EMP-00006,HR,SUP-00015,2026-05-24,2026-05-26,Approved
PR-00752,EMP-00003,Engineering,SUP-00023,2026-05-29,2026-06-12,Approved
PR-00753,EMP-00002,Marketing,SUP-00024,2026-05-09,2026-05-12,Approved
PR-00754,EMP-00082,Sales,SUP-00010,2026-05-09,2026-05-18,Approved
PR-00755,EMP-00021,IT,SUP-00049,2026-04-26,2026-05-10,Approved
PR-00756,EMP-00009,Finance,SUP-00023,2026-01-23,2026-01-27,Approved
PR-00757,EMP-00010,Operations,SUP-00040,2026-02-07,2026-02-09,Approved
PR-00758,EMP-00009,Finance,SUP-00047,2026-05-19,2026-05-23,Approved
PR-00759,EMP-00075,Marketing,SUP-00035,2026-02-18,2026-02-19,Approved
PR-00760,EMP-00088,Operations,SUP-00016,2026-03-25,2026-04-06,Approved
PR-00761,EMP-00045,IT,SUP-00038,2026-05-26,2026-05-29,Approved
PR-00762,EMP-00100,Engineering,SUP-00032,2026-01-13,2026-01-16,Approved
PR-00763,EMP-00046,Operations,SUP-00042,2026-02-16,2026-02-17,Rejected
PR-00764,EMP-00035,Marketing,SUP-00012,2026-04-23,2026-04-25,Approved
PR-00765,EMP-00085,Sales,SUP-00041,2026-03-30,2026-04-08,Approved
PR-00766,EMP-00024,HR,SUP-00013,2026-04-14,2026-04-16,Rejected
PR-00767,EMP-00032,Procurement,SUP-00009,2026-03-17,2026-03-31,Approved
PR-00768,EMP-00066,Finance,SUP-00048,2026-03-28,2026-03-29,Approved
PR-00769,EMP-00033,IT,SUP-00023,2026-03-20,2026-03-21,Approved
PR-00770,EMP-00001,Engineering,SUP-00002,2026-02-19,2026-02-24,Approved
PR-00771,EMP-00074,Engineering,SUP-00018,2026-01-23,2026-01-27,Approved
PR-00772,EMP-00016,Marketing,SUP-00047,2026-04-03,2026-04-05,Approved
PR-00773,EMP-00096,HR,SUP-00026,2026-03-30,2026-04-08,Approved
PR-00774,EMP-00053,Operations,SUP-00025,2026-04-17,2026-04-21,Approved
PR-00775,EMP-00036,Engineering,SUP-00039,2026-05-31,2026-06-03,Rejected
PR-00776,EMP-00075,Marketing,SUP-00011,2026-01-17,2026-01-20,Approved
PR-00777,EMP-00039,Operations,SUP-00028,2026-02-14,2026-02-27,Approved
PR-00778,EMP-00080,Marketing,SUP-00005,2026-03-16,2026-03-20,Approved
PR-00779,EMP-00010,Operations,SUP-00008,2026-02-27,2026-02-28,Approved
PR-00780,EMP-00062,HR,SUP-00026,2026-02-01,2026-02-04,Approved
PR-00781,EMP-00018,Engineering,SUP-00002,2026-01-31,2026-02-03,Approved
PR-00782,EMP-00023,IT,SUP-00024,2026-03-08,2026-03-11,Approved
PR-00783,EMP-00010,Operations,SUP-00041,2026-03-08,2026-03-09,Approved
PR-00784,EMP-00032,Procurement,SUP-00020,2026-04-02,2026-04-03,Approved
PR-00785,EMP-00003,Engineering,SUP-00040,2026-01-13,2026-01-23,Approved
PR-00786,EMP-00050,Procurement,SUP-00002,2026-01-25,2026-01-27,Approved
PR-00787,EMP-00050,Procurement,SUP-00018,2026-04-03,2026-04-08,Approved
PR-00788,EMP-00098,Sales,SUP-00049,2026-04-06,2026-04-08,Approved
PR-00789,EMP-00077,Operations,SUP-00008,2026-02-18,2026-03-03,Approved
PR-00790,EMP-00077,Operations,SUP-00042,2026-04-17,2026-04-19,Approved
PR-00791,EMP-00011,Sales,SUP-00039,2026-02-05,2026-02-10,Approved
PR-00792,EMP-00073,HR,SUP-00046,2026-02-26,2026-02-27,Approved
PR-00793,EMP-00090,Engineering,SUP-00037,2026-04-19,2026-04-22,Approved
PR-00794,EMP-00065,Marketing,SUP-00010,2026-01-28,2026-01-29,Approved
PR-00795,EMP-00010,Operations,SUP-00039,2026-01-17,2026-01-19,Approved
PR-00796,EMP-00098,Sales,SUP-00020,2026-02-17,2026-02-20,Approved
PR-00797,EMP-00015,Operations,SUP-00011,2026-04-01,2026-04-15,Approved
PR-00798,EMP-00057,HR,SUP-00017,2026-01-26,2026-01-29,Rejected
PR-00799,EMP-00057,HR,SUP-00042,2026-05-18,2026-05-23,Approved
PR-00800,EMP-00039,Operations,SUP-00043,2026-04-23,2026-04-24,Approved
PR-00801,EMP-00049,IT,SUP-00029,2026-04-15,2026-04-18,Approved
PR-00802,EMP-00075,Marketing,SUP-00004,2026-03-15,2026-03-16,Approved
PR-00803,EMP-00018,Engineering,SUP-00024,2026-03-21,2026-03-26,Rejected
PR-00804,EMP-00070,Sales,SUP-00045,2026-02-18,2026-02-22,Rejected
PR-00805,EMP-00080,Marketing,SUP-00024,2026-01-27,2026-02-06,Approved
PR-00806,EMP-00043,Finance,SUP-00008,2026-04-13,2026-04-16,Approved
PR-00807,EMP-00053,Operations,SUP-00033,2026-03-28,2026-04-02,Approved
PR-00808,EMP-00029,IT,SUP-00020,2026-03-13,2026-03-18,Approved
PR-00809,EMP-00018,Engineering,SUP-00049,2026-05-05,2026-05-08,Approved
PR-00810,EMP-00085,Sales,SUP-00003,2026-03-01,2026-03-04,Approved
PR-00811,EMP-00037,IT,SUP-00009,2026-01-07,2026-01-18,Approved
PR-00812,EMP-00088,Operations,SUP-00010,2026-01-20,2026-01-25,Approved
PR-00813,EMP-00046,Operations,SUP-00040,2026-05-06,2026-05-09,Approved
PR-00814,EMP-00079,Operations,SUP-00033,2026-04-21,2026-04-25,Approved
PR-00815,EMP-00002,Marketing,SUP-00022,2026-02-15,2026-02-18,Approved
PR-00816,EMP-00068,Marketing,SUP-00031,2026-05-05,2026-05-10,Approved
PR-00817,EMP-00089,Operations,SUP-00031,2026-05-02,2026-05-05,Approved
PR-00818,EMP-00056,Finance,SUP-00006,2026-04-01,2026-04-03,Approved
PR-00819,EMP-00081,IT,SUP-00002,2026-03-31,2026-04-02,Approved
PR-00820,EMP-00029,IT,SUP-00028,2026-04-02,2026-04-04,Approved
PR-00821,EMP-00001,Engineering,SUP-00024,2026-01-22,2026-01-23,Approved
PR-00822,EMP-00034,IT,SUP-00006,2026-01-10,2026-01-21,Approved
PR-00823,EMP-00048,Operations,SUP-00015,2026-05-31,2026-06-08,Approved
PR-00824,EMP-00070,Sales,SUP-00041,2026-01-26,2026-01-28,Approved
PR-00825,EMP-00015,Operations,SUP-00027,2026-03-18,2026-03-22,Approved
PR-00826,EMP-00025,Marketing,SUP-00006,2026-03-15,2026-03-21,Approved
PR-00827,EMP-00040,Sales,SUP-00018,2026-05-29,2026-06-03,Approved
PR-00828,EMP-00016,Marketing,SUP-00047,2026-04-20,2026-04-21,Approved
PR-00829,EMP-00007,Engineering,SUP-00040,2026-04-21,2026-04-24,Approved
PR-00830,EMP-00038,Marketing,SUP-00024,2026-05-21,2026-06-02,Approved
PR-00831,EMP-00099,Sales,SUP-00019,2026-04-30,2026-05-14,Approved
PR-00832,EMP-00001,Engineering,SUP-00025,2026-05-14,2026-05-15,Approved
PR-00833,EMP-00087,IT,SUP-00008,2026-04-22,2026-04-24,Approved
PR-00834,EMP-00007,Engineering,SUP-00018,2026-03-15,2026-03-21,Approved
PR-00835,EMP-00035,Marketing,SUP-00012,2026-02-08,2026-02-09,Approved
PR-00836,EMP-00055,Procurement,SUP-00002,2026-04-19,2026-04-22,Approved
PR-00837,EMP-00096,HR,SUP-00013,2026-05-21,2026-05-22,Approved
PR-00838,EMP-00041,Marketing,SUP-00010,2026-03-22,2026-03-25,Approved
PR-00839,EMP-00052,Finance,SUP-00027,2026-04-12,2026-04-15,Approved
PR-00840,EMP-00045,IT,SUP-00019,2026-05-14,2026-05-28,Approved
PR-00841,EMP-00039,Operations,SUP-00011,2026-02-01,2026-02-16,Approved
PR-00842,EMP-00067,Sales,SUP-00039,2026-04-19,2026-04-20,Approved
PR-00843,EMP-00092,Engineering,SUP-00047,2026-05-31,2026-06-04,Approved
PR-00844,EMP-00025,Marketing,SUP-00043,2026-05-02,2026-05-05,Approved
PR-00845,EMP-00045,IT,SUP-00037,2026-01-06,2026-01-08,Approved
PR-00846,EMP-00042,Marketing,SUP-00036,2026-03-06,2026-03-12,Approved
PR-00847,EMP-00002,Marketing,SUP-00009,2026-05-17,2026-05-18,Approved
PR-00848,EMP-00045,IT,SUP-00035,2026-03-18,2026-03-27,Approved
PR-00849,EMP-00056,Finance,SUP-00046,2026-03-12,2026-03-21,Approved
PR-00850,EMP-00077,Operations,SUP-00027,2026-02-11,2026-02-14,Approved
PR-00851,EMP-00056,Finance,SUP-00039,2026-04-27,2026-04-30,Approved
PR-00852,EMP-00025,Marketing,SUP-00020,2026-02-04,2026-02-09,Approved
PR-00853,EMP-00004,Engineering,SUP-00045,2026-02-10,2026-02-23,Approved
PR-00854,EMP-00017,Sales,SUP-00050,2026-04-26,2026-04-28,Approved
PR-00855,EMP-00083,Engineering,SUP-00008,2026-02-20,2026-02-21,Approved
PR-00856,EMP-00017,Sales,SUP-00018,2026-01-06,2026-01-18,Approved
PR-00857,EMP-00069,Finance,SUP-00016,2026-02-20,2026-02-22,Approved
PR-00858,EMP-00100,Engineering,SUP-00037,2026-01-23,2026-01-25,Approved
PR-00859,EMP-00049,IT,SUP-00030,2026-05-07,2026-05-08,Approved
PR-00860,EMP-00033,IT,SUP-00013,2026-04-08,2026-04-09,Rejected
PR-00861,EMP-00080,Marketing,SUP-00046,2026-02-18,2026-02-20,Rejected
PR-00862,EMP-00049,IT,SUP-00023,2026-04-26,2026-05-07,Approved
PR-00863,EMP-00005,HR,SUP-00014,2026-02-04,2026-02-06,Approved
PR-00864,EMP-00086,HR,SUP-00027,2026-01-19,2026-01-20,Approved
PR-00865,EMP-00071,Procurement,SUP-00037,2026-01-12,2026-01-22,Rejected
PR-00866,EMP-00092,Engineering,SUP-00012,2026-02-03,2026-02-06,Approved
PR-00867,EMP-00085,Sales,SUP-00035,2026-04-30,2026-05-07,Approved
PR-00868,EMP-00003,Engineering,SUP-00006,2026-03-22,2026-03-24,Approved
PR-00869,EMP-00017,Sales,SUP-00009,2026-03-09,2026-03-12,Approved
PR-00870,EMP-00088,Operations,SUP-00008,2026-02-08,2026-02-11,Approved
PR-00871,EMP-00038,Marketing,SUP-00013,2026-05-01,2026-05-03,Rejected
PR-00872,EMP-00070,Sales,SUP-00043,2026-01-11,2026-01-24,Approved
PR-00873,EMP-00028,Marketing,SUP-00047,2026-02-01,2026-02-02,Approved
PR-00874,EMP-00044,IT,SUP-00037,2026-05-25,2026-05-30,Approved
PR-00875,EMP-00068,Marketing,SUP-00014,2026-04-17,2026-04-19,Approved
PR-00876,EMP-00036,Engineering,SUP-00008,2026-03-14,2026-03-15,Approved
PR-00877,EMP-00068,Marketing,SUP-00044,2026-01-08,2026-01-23,Approved
PR-00878,EMP-00053,Operations,SUP-00021,2026-01-02,2026-01-14,Approved
PR-00879,EMP-00081,IT,SUP-00025,2026-02-24,2026-02-25,Approved
PR-00880,EMP-00077,Operations,SUP-00030,2026-01-24,2026-01-26,Approved
PR-00881,EMP-00036,Engineering,SUP-00050,2026-02-11,2026-02-17,Approved
PR-00882,EMP-00002,Marketing,SUP-00033,2026-04-21,2026-05-03,Approved
PR-00883,EMP-00073,HR,SUP-00050,2026-05-12,2026-05-16,Approved
PR-00884,EMP-00035,Marketing,SUP-00036,2026-01-24,2026-01-26,Approved
PR-00885,EMP-00044,IT,SUP-00042,2026-05-12,2026-05-14,Approved
PR-00886,EMP-00087,IT,SUP-00036,2026-05-15,2026-05-20,Approved
PR-00887,EMP-00079,Operations,SUP-00024,2026-03-18,2026-03-20,Approved
PR-00888,EMP-00056,Finance,SUP-00007,2026-05-22,2026-05-23,Approved
PR-00889,EMP-00036,Engineering,SUP-00017,2026-05-26,2026-06-01,Approved
PR-00890,EMP-00080,Marketing,SUP-00042,2026-04-29,2026-05-01,Approved
PR-00891,EMP-00057,HR,SUP-00001,2026-03-22,2026-04-05,Approved
PR-00892,EMP-00055,Procurement,SUP-00042,2026-02-17,2026-02-20,Approved
PR-00893,EMP-00007,Engineering,SUP-00034,2026-04-22,2026-04-23,Approved
PR-00894,EMP-00072,Procurement,SUP-00024,2026-04-28,2026-05-13,Approved
PR-00895,EMP-00098,Sales,SUP-00017,2026-04-03,2026-04-07,Approved
PR-00896,EMP-00012,Finance,SUP-00010,2026-01-29,2026-01-30,Approved
PR-00897,EMP-00048,Operations,SUP-00043,2026-04-22,2026-04-25,Approved
PR-00898,EMP-00039,Operations,SUP-00046,2026-04-19,2026-04-20,Approved
PR-00899,EMP-00010,Operations,SUP-00027,2026-05-01,2026-05-02,Approved
PR-00900,EMP-00051,Procurement,SUP-00035,2026-01-14,2026-01-17,Rejected
PR-00901,EMP-00090,Engineering,SUP-00047,2026-05-29,2026-06-01,Approved
PR-00902,EMP-00017,Sales,SUP-00006,2026-03-01,2026-03-04,Approved
PR-00903,EMP-00069,Finance,SUP-00041,2026-03-10,2026-03-13,Approved
PR-00904,EMP-00021,IT,SUP-00016,2026-04-25,2026-04-28,Approved
PR-00905,EMP-00098,Sales,SUP-00039,2026-04-23,2026-04-28,Approved
PR-00906,EMP-00012,Finance,SUP-00002,2026-02-03,2026-02-11,Approved
PR-00907,EMP-00089,Operations,SUP-00018,2026-02-11,2026-02-17,Approved
PR-00908,EMP-00035,Marketing,SUP-00030,2026-02-14,2026-02-16,Approved
PR-00909,EMP-00094,HR,SUP-00050,2026-03-19,2026-03-20,Approved
PR-00910,EMP-00061,Operations,SUP-00045,2026-02-10,2026-02-11,Approved
PR-00911,EMP-00005,HR,SUP-00004,2026-01-31,2026-02-02,Approved
PR-00912,EMP-00004,Engineering,SUP-00050,2026-02-08,2026-02-19,Approved
PR-00913,EMP-00014,Marketing,SUP-00049,2026-04-28,2026-05-12,Approved
PR-00914,EMP-00069,Finance,SUP-00024,2026-05-10,2026-05-11,Approved
PR-00915,EMP-00004,Engineering,SUP-00049,2026-04-24,2026-04-27,Approved
PR-00916,EMP-00091,Operations,SUP-00048,2026-02-01,2026-02-02,Approved
PR-00917,EMP-00033,IT,SUP-00001,2026-01-22,2026-01-25,Approved
PR-00918,EMP-00038,Marketing,SUP-00023,2026-05-16,2026-05-18,Approved
PR-00919,EMP-00011,Sales,SUP-00009,2026-01-08,2026-01-10,Approved
PR-00920,EMP-00007,Engineering,SUP-00010,2026-03-28,2026-03-30,Approved
PR-00921,EMP-00009,Finance,SUP-00036,2026-02-08,2026-02-20,Rejected
PR-00922,EMP-00053,Operations,SUP-00004,2026-04-13,2026-04-18,Approved
PR-00923,EMP-00030,Sales,SUP-00045,2026-01-03,2026-01-05,Approved
PR-00924,EMP-00086,HR,SUP-00014,2026-05-20,2026-05-25,Approved
PR-00925,EMP-00033,IT,SUP-00031,2026-02-20,2026-02-22,Approved
PR-00926,EMP-00011,Sales,SUP-00026,2026-05-14,2026-05-17,Approved
PR-00927,EMP-00040,Sales,SUP-00004,2026-02-10,2026-02-24,Approved
PR-00928,EMP-00053,Operations,SUP-00025,2026-04-19,2026-04-22,Approved
PR-00929,EMP-00094,HR,SUP-00022,2026-02-01,2026-02-02,Approved
PR-00930,EMP-00081,IT,SUP-00005,2026-03-02,2026-03-13,Approved
PR-00931,EMP-00046,Operations,SUP-00040,2026-03-31,2026-04-12,Approved
PR-00932,EMP-00042,Marketing,SUP-00016,2026-05-14,2026-05-16,Approved
PR-00933,EMP-00062,HR,SUP-00027,2026-04-27,2026-04-29,Approved
PR-00934,EMP-00026,Operations,SUP-00030,2026-02-03,2026-02-05,Approved
PR-00935,EMP-00039,Operations,SUP-00009,2026-03-09,2026-03-13,Approved
PR-00936,EMP-00058,IT,SUP-00047,2026-04-17,2026-04-18,Approved
PR-00937,EMP-00081,IT,SUP-00038,2026-02-24,2026-02-26,Approved
PR-00938,EMP-00001,Engineering,SUP-00008,2026-04-15,2026-04-22,Approved
PR-00939,EMP-00008,HR,SUP-00004,2026-04-06,2026-04-09,Approved
PR-00940,EMP-00097,Sales,SUP-00001,2026-05-31,2026-06-01,Approved
PR-00941,EMP-00052,Finance,SUP-00006,2026-01-01,2026-01-02,Approved
PR-00942,EMP-00071,Procurement,SUP-00038,2026-05-25,2026-05-28,Approved
PR-00943,EMP-00020,Marketing,SUP-00013,2026-02-05,2026-02-09,Approved
PR-00944,EMP-00094,HR,SUP-00025,2026-01-23,2026-01-28,Approved
PR-00945,EMP-00007,Engineering,SUP-00036,2026-04-24,2026-04-27,Approved
PR-00946,EMP-00059,Marketing,SUP-00030,2026-05-24,2026-06-05,Rejected
PR-00947,EMP-00011,Sales,SUP-00017,2026-05-26,2026-05-28,Approved
PR-00948,EMP-00044,IT,SUP-00001,2026-01-05,2026-01-10,Approved
PR-00949,EMP-00071,Procurement,SUP-00031,2026-04-13,2026-04-16,Approved
PR-00950,EMP-00004,Engineering,SUP-00036,2026-05-16,2026-05-18,Approved
PR-00951,EMP-00014,Marketing,SUP-00021,2026-02-06,2026-02-07,Rejected
PR-00952,EMP-00030,Sales,SUP-00028,2026-01-16,2026-01-19,Approved
PR-00953,EMP-00070,Sales,SUP-00041,2026-03-23,2026-03-27,Approved
PR-00954,EMP-00021,IT,SUP-00040,2026-05-31,2026-06-10,Approved
PR-00955,EMP-00014,Marketing,SUP-00034,2026-04-29,2026-05-03,Approved
PR-00956,EMP-00061,Operations,SUP-00028,2026-03-10,2026-03-13,Approved
PR-00957,EMP-00046,Operations,SUP-00003,2026-03-19,2026-03-22,Approved
PR-00958,EMP-00005,HR,SUP-00023,2026-04-06,2026-04-09,Rejected
PR-00959,EMP-00091,Operations,SUP-00019,2026-01-11,2026-01-26,Rejected
PR-00960,EMP-00069,Finance,SUP-00018,2026-01-16,2026-01-19,Rejected
PR-00961,EMP-00015,Operations,SUP-00009,2026-05-30,2026-06-02,Approved
PR-00962,EMP-00032,Procurement,SUP-00038,2026-01-23,2026-01-25,Rejected
PR-00963,EMP-00063,Finance,SUP-00028,2026-02-23,2026-02-28,Approved
PR-00964,EMP-00085,Sales,SUP-00025,2026-03-11,2026-03-12,Approved
PR-00965,EMP-00043,Finance,SUP-00043,2026-01-01,2026-01-04,Approved
PR-00966,EMP-00003,Engineering,SUP-00036,2026-04-11,2026-04-25,Approved
PR-00967,EMP-00056,Finance,SUP-00027,2026-02-01,2026-02-16,Approved
PR-00968,EMP-00061,Operations,SUP-00029,2026-02-01,2026-02-04,Approved
PR-00969,EMP-00019,IT,SUP-00028,2026-04-02,2026-04-17,Approved
PR-00970,EMP-00096,HR,SUP-00016,2026-03-01,2026-03-04,Approved
PR-00971,EMP-00094,HR,SUP-00046,2026-01-02,2026-01-06,Approved
PR-00972,EMP-00037,IT,SUP-00018,2026-05-25,2026-05-28,Approved
PR-00973,EMP-00006,HR,SUP-00026,2026-02-02,2026-02-04,Approved
PR-00974,EMP-00088,Operations,SUP-00033,2026-01-06,2026-01-11,Approved
PR-00975,EMP-00014,Marketing,SUP-00044,2026-04-20,2026-04-21,Approved
PR-00976,EMP-00038,Marketing,SUP-00013,2026-05-07,2026-05-09,Approved
PR-00977,EMP-00064,IT,SUP-00041,2026-05-17,2026-05-20,Approved
PR-00978,EMP-00056,Finance,SUP-00015,2026-02-27,2026-03-02,Approved
PR-00979,EMP-00072,Procurement,SUP-00031,2026-01-25,2026-01-26,Approved
PR-00980,EMP-00005,HR,SUP-00002,2026-03-05,2026-03-09,Approved
PR-00981,EMP-00072,Procurement,SUP-00041,2026-01-19,2026-01-22,Approved
PR-00982,EMP-00067,Sales,SUP-00044,2026-01-16,2026-01-23,Approved
PR-00983,EMP-00083,Engineering,SUP-00015,2026-01-15,2026-01-20,Approved
PR-00984,EMP-00070,Sales,SUP-00045,2026-03-17,2026-03-20,Approved
PR-00985,EMP-00058,IT,SUP-00039,2026-04-27,2026-05-01,Approved
PR-00986,EMP-00034,IT,SUP-00002,2026-04-27,2026-04-30,Approved
PR-00987,EMP-00004,Engineering,SUP-00009,2026-02-19,2026-03-03,Approved
PR-00988,EMP-00080,Marketing,SUP-00042,2026-02-17,2026-02-18,Approved
PR-00989,EMP-00019,IT,SUP-00018,2026-05-12,2026-05-18,Approved
PR-00990,EMP-00044,IT,SUP-00047,2026-03-21,2026-03-24,Approved
PR-00991,EMP-00034,IT,SUP-00008,2026-01-15,2026-01-30,Approved
PR-00992,EMP-00051,Procurement,SUP-00032,2026-02-21,2026-02-26,Approved
PR-00993,EMP-00045,IT,SUP-00015,2026-03-26,2026-04-02,Approved
PR-00994,EMP-00093,IT,SUP-00009,2026-04-27,2026-04-28,Approved
PR-00995,EMP-00049,IT,SUP-00011,2026-02-24,2026-02-28,Approved
PR-00996,EMP-00062,HR,SUP-00037,2026-01-02,2026-01-03,Approved
PR-00997,EMP-00060,Operations,SUP-00003,2026-04-23,2026-04-28,Approved
PR-00998,EMP-00092,Engineering,SUP-00018,2026-02-14,2026-02-15,Approved
PR-00999,EMP-00092,Engineering,SUP-00046,2026-01-06,2026-01-07,Approved
PR-01000,EMP-00048,Operations,SUP-00006,2026-03-28,2026-03-29,Approved
PR-01001,EMP-00037,IT,SUP-00032,2026-01-17,2026-01-18,Approved
PR-01002,EMP-00026,Operations,SUP-00042,2026-03-23,2026-03-26,Approved
PR-01003,EMP-00097,Sales,SUP-00048,2026-05-18,2026-05-20,Approved
PR-01004,EMP-00063,Finance,SUP-00005,2026-05-11,2026-05-16,Approved
PR-01005,EMP-00077,Operations,SUP-00042,2026-02-12,2026-02-26,Approved
PR-01006,EMP-00057,HR,SUP-00027,2026-02-15,2026-02-25,Rejected
PR-01007,EMP-00028,Marketing,SUP-00038,2026-03-10,2026-03-22,Approved
PR-01008,EMP-00054,HR,SUP-00017,2026-04-26,2026-04-30,Approved
PR-01009,EMP-00001,Engineering,SUP-00046,2026-03-07,2026-03-10,Approved
PR-01010,EMP-00027,Operations,SUP-00004,2026-05-30,2026-06-09,Approved
PR-01011,EMP-00064,IT,SUP-00026,2026-04-15,2026-04-19,Approved
PR-01012,EMP-00039,Operations,SUP-00032,2026-03-09,2026-03-12,Approved
PR-01013,EMP-00033,IT,SUP-00036,2026-03-12,2026-03-13,Approved
PR-01014,EMP-00036,Engineering,SUP-00009,2026-02-20,2026-02-23,Approved
PR-01015,EMP-00087,IT,SUP-00036,2026-02-18,2026-02-22,Approved
PR-01016,EMP-00066,Finance,SUP-00024,2026-03-18,2026-03-21,Approved
PR-01017,EMP-00022,Marketing,SUP-00030,2026-05-01,2026-05-04,Approved
PR-01018,EMP-00062,HR,SUP-00019,2026-05-02,2026-05-13,Approved
PR-01019,EMP-00017,Sales,SUP-00015,2026-01-22,2026-01-30,Approved
PR-01020,EMP-00090,Engineering,SUP-00005,2026-04-06,2026-04-07,Approved
PR-01021,EMP-00006,HR,SUP-00034,2026-03-28,2026-04-05,Approved
PR-01022,EMP-00013,Procurement,SUP-00033,2026-03-25,2026-03-28,Rejected
PR-01023,EMP-00051,Procurement,SUP-00040,2026-05-26,2026-06-06,Approved
PR-01024,EMP-00071,Procurement,SUP-00041,2026-01-17,2026-01-21,Approved
PR-01025,EMP-00083,Engineering,SUP-00028,2026-03-19,2026-03-22,Approved
PR-01026,EMP-00038,Marketing,SUP-00050,2026-01-07,2026-01-09,Approved
PR-01027,EMP-00013,Procurement,SUP-00023,2026-04-27,2026-04-28,Approved
PR-01028,EMP-00016,Marketing,SUP-00026,2026-04-11,2026-04-15,Approved
PR-01029,EMP-00066,Finance,SUP-00023,2026-02-22,2026-02-24,Approved
PR-01030,EMP-00080,Marketing,SUP-00035,2026-05-31,2026-06-13,Approved
PR-01031,EMP-00015,Operations,SUP-00013,2026-04-25,2026-04-26,Approved
PR-01032,EMP-00023,IT,SUP-00026,2026-04-28,2026-04-30,Approved
PR-01033,EMP-00026,Operations,SUP-00046,2026-03-30,2026-04-07,Approved
PR-01034,EMP-00076,HR,SUP-00008,2026-04-28,2026-05-11,Approved
PR-01035,EMP-00064,IT,SUP-00020,2026-03-03,2026-03-15,Approved
PR-01036,EMP-00025,Marketing,SUP-00032,2026-05-07,2026-05-12,Approved
PR-01037,EMP-00039,Operations,SUP-00006,2026-04-15,2026-04-17,Approved
PR-01038,EMP-00087,IT,SUP-00025,2026-04-29,2026-05-02,Approved
PR-01039,EMP-00017,Sales,SUP-00007,2026-01-30,2026-02-06,Approved
PR-01040,EMP-00033,IT,SUP-00044,2026-01-22,2026-01-24,Approved
PR-01041,EMP-00096,HR,SUP-00008,2026-02-13,2026-02-14,Approved
PR-01042,EMP-00073,HR,SUP-00013,2026-02-13,2026-02-14,Approved
PR-01043,EMP-00035,Marketing,SUP-00049,2026-01-09,2026-01-14,Approved
PR-01044,EMP-00006,HR,SUP-00041,2026-04-10,2026-04-13,Approved
PR-01045,EMP-00062,HR,SUP-00028,2026-02-21,2026-02-22,Approved
PR-01046,EMP-00041,Marketing,SUP-00043,2026-03-28,2026-03-29,Approved
PR-01047,EMP-00092,Engineering,SUP-00050,2026-04-17,2026-04-18,Approved
PR-01048,EMP-00061,Operations,SUP-00039,2026-05-19,2026-05-21,Approved
PR-01049,EMP-00084,Sales,SUP-00023,2026-01-04,2026-01-07,Approved
PR-01050,EMP-00014,Marketing,SUP-00041,2026-04-05,2026-04-06,Approved
PR-01051,EMP-00050,Procurement,SUP-00028,2026-05-18,2026-05-21,Rejected
PR-01052,EMP-00058,IT,SUP-00028,2026-02-04,2026-02-16,Approved
PR-01053,EMP-00031,Procurement,SUP-00044,2026-01-05,2026-01-10,Approved
PR-01054,EMP-00053,Operations,SUP-00019,2026-03-01,2026-03-02,Approved
PR-01055,EMP-00051,Procurement,SUP-00015,2026-01-21,2026-01-23,Approved
PR-01056,EMP-00093,IT,SUP-00027,2026-01-10,2026-01-19,Approved
PR-01057,EMP-00054,HR,SUP-00037,2026-05-14,2026-05-16,Approved
PR-01058,EMP-00032,Procurement,SUP-00025,2026-02-22,2026-02-25,Approved
PR-01059,EMP-00023,IT,SUP-00041,2026-05-14,2026-05-23,Approved
PR-01060,EMP-00053,Operations,SUP-00019,2026-02-19,2026-02-20,Approved
PR-01061,EMP-00012,Finance,SUP-00041,2026-03-02,2026-03-10,Approved
PR-01062,EMP-00071,Procurement,SUP-00020,2026-03-04,2026-03-06,Approved
PR-01063,EMP-00035,Marketing,SUP-00024,2026-03-11,2026-03-12,Approved
PR-01064,EMP-00009,Finance,SUP-00033,2026-05-10,2026-05-13,Approved
PR-01065,EMP-00091,Operations,SUP-00004,2026-01-22,2026-01-24,Approved
PR-01066,EMP-00003,Engineering,SUP-00039,2026-04-29,2026-05-03,Approved
PR-01067,EMP-00075,Marketing,SUP-00033,2026-02-04,2026-02-07,Approved
PR-01068,EMP-00004,Engineering,SUP-00007,2026-05-06,2026-05-14,Approved
PR-01069,EMP-00099,Sales,SUP-00030,2026-04-15,2026-04-23,Approved
PR-01070,EMP-00004,Engineering,SUP-00012,2026-03-31,2026-04-12,Approved
PR-01071,EMP-00087,IT,SUP-00047,2026-04-19,2026-04-21,Approved
PR-01072,EMP-00091,Operations,SUP-00036,2026-02-07,2026-02-16,Approved
PR-01073,EMP-00076,HR,SUP-00020,2026-01-04,2026-01-16,Approved
PR-01074,EMP-00044,IT,SUP-00015,2026-05-13,2026-05-17,Approved
PR-01075,EMP-00029,IT,SUP-00050,2026-05-31,2026-06-14,Approved
PR-01076,EMP-00071,Procurement,SUP-00031,2026-02-06,2026-02-08,Approved
PR-01077,EMP-00079,Operations,SUP-00002,2026-05-06,2026-05-09,Approved
PR-01078,EMP-00090,Engineering,SUP-00008,2026-04-21,2026-04-22,Approved
PR-01079,EMP-00043,Finance,SUP-00025,2026-05-09,2026-05-10,Approved
PR-01080,EMP-00095,Marketing,SUP-00019,2026-02-19,2026-02-28,Approved
PR-01081,EMP-00079,Operations,SUP-00008,2026-01-21,2026-01-23,Approved
PR-01082,EMP-00027,Operations,SUP-00046,2026-05-03,2026-05-05,Rejected
PR-01083,EMP-00006,HR,SUP-00003,2026-01-25,2026-01-26,Approved
PR-01084,EMP-00036,Engineering,SUP-00003,2026-05-05,2026-05-08,Approved
PR-01085,EMP-00065,Marketing,SUP-00011,2026-03-22,2026-03-25,Approved
PR-01086,EMP-00062,HR,SUP-00033,2026-03-26,2026-04-04,Approved
PR-01087,EMP-00022,Marketing,SUP-00045,2026-01-07,2026-01-22,Approved
PR-01088,EMP-00066,Finance,SUP-00005,2026-04-05,2026-04-17,Approved
PR-01089,EMP-00023,IT,SUP-00016,2026-01-01,2026-01-03,Rejected
PR-01090,EMP-00019,IT,SUP-00043,2026-04-24,2026-04-29,Approved
PR-01091,EMP-00030,Sales,SUP-00004,2026-04-20,2026-04-21,Approved
PR-01092,EMP-00037,IT,SUP-00020,2026-05-14,2026-05-17,Approved
PR-01093,EMP-00067,Sales,SUP-00017,2026-02-13,2026-02-22,Approved
PR-01094,EMP-00035,Marketing,SUP-00028,2026-01-23,2026-01-24,Approved
PR-01095,EMP-00088,Operations,SUP-00022,2026-02-26,2026-03-01,Approved
PR-01096,EMP-00002,Marketing,SUP-00029,2026-01-24,2026-01-27,Approved
PR-01097,EMP-00036,Engineering,SUP-00006,2026-03-29,2026-04-10,Approved
PR-01098,EMP-00099,Sales,SUP-00022,2026-03-08,2026-03-09,Approved
PR-01099,EMP-00071,Procurement,SUP-00011,2026-01-30,2026-02-02,Approved
PR-01100,EMP-00056,Finance,SUP-00010,2026-01-16,2026-01-21,Approved
PR-01101,EMP-00056,Finance,SUP-00041,2026-05-14,2026-05-17,Approved
PR-01102,EMP-00054,HR,SUP-00048,2026-03-22,2026-03-23,Approved
PR-01103,EMP-00038,Marketing,SUP-00009,2026-02-07,2026-02-08,Rejected
PR-01104,EMP-00009,Finance,SUP-00006,2026-03-12,2026-03-21,Approved
PR-01105,EMP-00073,HR,SUP-00045,2026-01-16,2026-01-31,Approved
PR-01106,EMP-00020,Marketing,SUP-00017,2026-01-14,2026-01-18,Approved
PR-01107,EMP-00036,Engineering,SUP-00012,2026-01-06,2026-01-10,Rejected
PR-01108,EMP-00038,Marketing,SUP-00043,2026-04-11,2026-04-16,Approved
PR-01109,EMP-00044,IT,SUP-00010,2026-01-25,2026-02-08,Approved
PR-01110,EMP-00044,IT,SUP-00015,2026-05-28,2026-06-01,Approved
PR-01111,EMP-00073,HR,SUP-00010,2026-01-03,2026-01-06,Rejected
PR-01112,EMP-00026,Operations,SUP-00007,2026-02-13,2026-02-14,Approved
PR-01113,EMP-00066,Finance,SUP-00037,2026-04-22,2026-04-23,Approved
PR-01114,EMP-00014,Marketing,SUP-00009,2026-02-14,2026-02-28,Approved
PR-01115,EMP-00084,Sales,SUP-00047,2026-04-08,2026-04-10,Approved
PR-01116,EMP-00081,IT,SUP-00028,2026-05-11,2026-05-22,Approved
PR-01117,EMP-00053,Operations,SUP-00033,2026-02-16,2026-02-28,Approved
PR-01118,EMP-00078,HR,SUP-00037,2026-03-25,2026-03-30,Approved
PR-01119,EMP-00097,Sales,SUP-00026,2026-01-17,2026-01-27,Approved
PR-01120,EMP-00058,IT,SUP-00004,2026-01-31,2026-02-01,Approved
PR-01121,EMP-00059,Marketing,SUP-00019,2026-02-01,2026-02-02,Approved
PR-01122,EMP-00011,Sales,SUP-00025,2026-01-09,2026-01-10,Approved
PR-01123,EMP-00048,Operations,SUP-00021,2026-03-05,2026-03-06,Approved
PR-01124,EMP-00029,IT,SUP-00007,2026-03-22,2026-04-02,Approved
PR-01125,EMP-00011,Sales,SUP-00014,2026-03-02,2026-03-04,Approved
PR-01126,EMP-00076,HR,SUP-00009,2026-04-02,2026-04-15,Approved
PR-01127,EMP-00066,Finance,SUP-00024,2026-04-08,2026-04-10,Approved
PR-01128,EMP-00082,Sales,SUP-00017,2026-05-18,2026-05-30,Approved
PR-01129,EMP-00032,Procurement,SUP-00033,2026-04-06,2026-04-09,Approved
PR-01130,EMP-00013,Procurement,SUP-00001,2026-04-08,2026-04-09,Approved
PR-01131,EMP-00071,Procurement,SUP-00039,2026-01-17,2026-01-18,Approved
PR-01132,EMP-00003,Engineering,SUP-00025,2026-03-12,2026-03-13,Approved
PR-01133,EMP-00052,Finance,SUP-00008,2026-02-14,2026-02-17,Approved
PR-01134,EMP-00075,Marketing,SUP-00012,2026-05-22,2026-05-24,Approved
PR-01135,EMP-00064,IT,SUP-00044,2026-02-16,2026-02-26,Approved
PR-01136,EMP-00066,Finance,SUP-00020,2026-01-03,2026-01-06,Approved
PR-01137,EMP-00054,HR,SUP-00015,2026-01-14,2026-01-17,Approved
PR-01138,EMP-00049,IT,SUP-00045,2026-02-16,2026-02-19,Approved
PR-01139,EMP-00067,Sales,SUP-00035,2026-05-14,2026-05-20,Approved
PR-01140,EMP-00043,Finance,SUP-00007,2026-01-24,2026-01-27,Approved
PR-01141,EMP-00030,Sales,SUP-00025,2026-01-22,2026-01-25,Approved
PR-01142,EMP-00040,Sales,SUP-00010,2026-05-03,2026-05-15,Approved
PR-01143,EMP-00004,Engineering,SUP-00024,2026-02-18,2026-02-19,Approved
PR-01144,EMP-00038,Marketing,SUP-00011,2026-05-16,2026-05-18,Approved
PR-01145,EMP-00006,HR,SUP-00034,2026-02-14,2026-02-15,Rejected
PR-01146,EMP-00080,Marketing,SUP-00010,2026-05-07,2026-05-09,Approved
PR-01147,EMP-00064,IT,SUP-00033,2026-03-16,2026-03-20,Approved
PR-01148,EMP-00099,Sales,SUP-00044,2026-02-25,2026-02-27,Approved
PR-01149,EMP-00044,IT,SUP-00033,2026-04-02,2026-04-07,Approved
PR-01150,EMP-00025,Marketing,SUP-00019,2026-02-17,2026-02-19,Approved
PR-01151,EMP-00067,Sales,SUP-00031,2026-04-16,2026-04-17,Approved
PR-01152,EMP-00049,IT,SUP-00012,2026-04-06,2026-04-08,Approved
PR-01153,EMP-00033,IT,SUP-00027,2026-04-23,2026-04-30,Approved
PR-01154,EMP-00083,Engineering,SUP-00046,2026-01-29,2026-01-30,Approved
PR-01155,EMP-00014,Marketing,SUP-00015,2026-02-11,2026-02-20,Approved
PR-01156,EMP-00046,Operations,SUP-00036,2026-02-02,2026-02-12,Approved
PR-01157,EMP-00011,Sales,SUP-00042,2026-01-06,2026-01-13,Approved
PR-01158,EMP-00043,Finance,SUP-00036,2026-03-29,2026-03-31,Approved
PR-01159,EMP-00075,Marketing,SUP-00030,2026-01-22,2026-01-24,Approved
PR-01160,EMP-00029,IT,SUP-00030,2026-01-30,2026-02-01,Approved
PR-01161,EMP-00069,Finance,SUP-00010,2026-05-09,2026-05-14,Approved
PR-01162,EMP-00094,HR,SUP-00021,2026-02-03,2026-02-05,Approved
PR-01163,EMP-00099,Sales,SUP-00005,2026-01-24,2026-02-01,Approved
PR-01164,EMP-00021,IT,SUP-00042,2026-02-26,2026-02-28,Approved
PR-01165,EMP-00043,Finance,SUP-00016,2026-01-29,2026-02-01,Approved
PR-01166,EMP-00072,Procurement,SUP-00046,2026-02-16,2026-02-18,Approved
PR-01167,EMP-00017,Sales,SUP-00020,2026-03-13,2026-03-16,Approved
PR-01168,EMP-00026,Operations,SUP-00001,2026-01-29,2026-02-10,Approved
PR-01169,EMP-00071,Procurement,SUP-00025,2026-05-31,2026-06-03,Approved
PR-01170,EMP-00027,Operations,SUP-00046,2026-01-23,2026-02-04,Approved
PR-01171,EMP-00017,Sales,SUP-00012,2026-02-19,2026-02-22,Approved
PR-01172,EMP-00067,Sales,SUP-00035,2026-02-21,2026-02-24,Approved
PR-01173,EMP-00061,Operations,SUP-00050,2026-05-24,2026-06-02,Approved
PR-01174,EMP-00038,Marketing,SUP-00005,2026-05-04,2026-05-06,Approved
PR-01175,EMP-00066,Finance,SUP-00037,2026-03-16,2026-03-18,Approved
PR-01176,EMP-00073,HR,SUP-00009,2026-05-17,2026-05-18,Approved
PR-01177,EMP-00092,Engineering,SUP-00043,2026-04-13,2026-04-16,Approved
PR-01178,EMP-00058,IT,SUP-00032,2026-05-12,2026-05-25,Approved
PR-01179,EMP-00055,Procurement,SUP-00027,2026-03-17,2026-03-20,Approved
PR-01180,EMP-00013,Procurement,SUP-00001,2026-03-16,2026-03-17,Approved
PR-01181,EMP-00016,Marketing,SUP-00047,2026-02-23,2026-02-25,Approved
PR-01182,EMP-00075,Marketing,SUP-00037,2026-03-25,2026-03-31,Approved
PR-01183,EMP-00097,Sales,SUP-00041,2026-03-25,2026-03-26,Rejected
PR-01184,EMP-00049,IT,SUP-00049,2026-03-07,2026-03-19,Approved
PR-01185,EMP-00031,Procurement,SUP-00004,2026-03-07,2026-03-10,Approved
PR-01186,EMP-00089,Operations,SUP-00004,2026-05-29,2026-06-02,Approved
PR-01187,EMP-00024,HR,SUP-00039,2026-02-07,2026-02-09,Approved
PR-01188,EMP-00053,Operations,SUP-00024,2026-02-18,2026-02-21,Approved
PR-01189,EMP-00061,Operations,SUP-00010,2026-02-15,2026-02-17,Approved
PR-01190,EMP-00058,IT,SUP-00046,2026-04-14,2026-04-18,Approved
PR-01191,EMP-00049,IT,SUP-00011,2026-01-06,2026-01-20,Approved
PR-01192,EMP-00070,Sales,SUP-00049,2026-03-10,2026-03-11,Approved
PR-01193,EMP-00001,Engineering,SUP-00007,2026-01-22,2026-01-31,Approved
PR-01194,EMP-00029,IT,SUP-00022,2026-02-09,2026-02-19,Approved
PR-01195,EMP-00052,Finance,SUP-00020,2026-01-12,2026-01-13,Approved
PR-01196,EMP-00062,HR,SUP-00017,2026-01-07,2026-01-08,Approved
PR-01197,EMP-00087,IT,SUP-00004,2026-01-29,2026-01-31,Approved
PR-01198,EMP-00040,Sales,SUP-00009,2026-01-31,2026-02-02,Approved
PR-01199,EMP-00026,Operations,SUP-00044,2026-02-16,2026-02-20,Approved
PR-01200,EMP-00075,Marketing,SUP-00035,2026-03-31,2026-04-09,Approved
PR-01201,EMP-00069,Finance,SUP-00014,2026-01-01,2026-01-02,Approved
PR-01202,EMP-00030,Sales,SUP-00050,2026-01-18,2026-01-26,Approved
PR-01203,EMP-00088,Operations,SUP-00017,2026-02-16,2026-02-19,Approved
PR-01204,EMP-00022,Marketing,SUP-00023,2026-03-27,2026-03-29,Approved
PR-01205,EMP-00069,Finance,SUP-00001,2026-05-17,2026-05-20,Approved
PR-01206,EMP-00082,Sales,SUP-00018,2026-01-23,2026-01-24,Approved
PR-01207,EMP-00088,Operations,SUP-00034,2026-01-29,2026-01-30,Approved
PR-01208,EMP-00047,IT,SUP-00011,2026-03-04,2026-03-06,Rejected
PR-01209,EMP-00060,Operations,SUP-00015,2026-04-07,2026-04-08,Approved
PR-01210,EMP-00024,HR,SUP-00018,2026-05-03,2026-05-06,Approved
PR-01211,EMP-00083,Engineering,SUP-00033,2026-01-04,2026-01-07,Approved
PR-01212,EMP-00018,Engineering,SUP-00033,2026-05-01,2026-05-10,Approved
PR-01213,EMP-00012,Finance,SUP-00035,2026-01-16,2026-01-19,Approved
PR-01214,EMP-00090,Engineering,SUP-00031,2026-04-27,2026-05-08,Approved
PR-01215,EMP-00037,IT,SUP-00022,2026-03-11,2026-03-12,Approved
PR-01216,EMP-00060,Operations,SUP-00048,2026-02-26,2026-03-13,Approved
PR-01217,EMP-00022,Marketing,SUP-00046,2026-05-03,2026-05-07,Approved
PR-01218,EMP-00054,HR,SUP-00030,2026-02-19,2026-02-21,Approved
PR-01219,EMP-00019,IT,SUP-00003,2026-01-08,2026-01-12,Approved
PR-01220,EMP-00057,HR,SUP-00033,2026-03-21,2026-03-26,Approved
PR-01221,EMP-00039,Operations,SUP-00047,2026-05-25,2026-05-26,Approved
PR-01222,EMP-00036,Engineering,SUP-00028,2026-03-14,2026-03-19,Approved
PR-01223,EMP-00090,Engineering,SUP-00027,2026-01-25,2026-02-07,Approved
PR-01224,EMP-00057,HR,SUP-00042,2026-01-07,2026-01-16,Approved
PR-01225,EMP-00097,Sales,SUP-00010,2026-01-21,2026-01-24,Approved
PR-01226,EMP-00014,Marketing,SUP-00026,2026-05-09,2026-05-21,Approved
PR-01227,EMP-00085,Sales,SUP-00012,2026-03-16,2026-03-21,Approved
PR-01228,EMP-00062,HR,SUP-00001,2026-03-03,2026-03-04,Approved
PR-01229,EMP-00096,HR,SUP-00026,2026-01-25,2026-01-27,Approved
PR-01230,EMP-00011,Sales,SUP-00026,2026-03-22,2026-03-23,Approved
PR-01231,EMP-00011,Sales,SUP-00033,2026-01-19,2026-01-23,Approved
PR-01232,EMP-00071,Procurement,SUP-00024,2026-02-01,2026-02-05,Approved
PR-01233,EMP-00045,IT,SUP-00038,2026-04-23,2026-05-08,Approved
PR-01234,EMP-00060,Operations,SUP-00034,2026-05-10,2026-05-12,Approved
PR-01235,EMP-00091,Operations,SUP-00032,2026-05-24,2026-05-25,Approved
PR-01236,EMP-00046,Operations,SUP-00027,2026-01-19,2026-01-23,Approved
PR-01237,EMP-00097,Sales,SUP-00042,2026-05-17,2026-05-19,Approved
PR-01238,EMP-00054,HR,SUP-00013,2026-04-21,2026-04-22,Rejected
PR-01239,EMP-00091,Operations,SUP-00018,2026-02-24,2026-02-28,Approved
PR-01240,EMP-00098,Sales,SUP-00014,2026-02-07,2026-02-14,Approved
PR-01241,EMP-00100,Engineering,SUP-00044,2026-04-03,2026-04-05,Rejected
PR-01242,EMP-00028,Marketing,SUP-00011,2026-03-11,2026-03-13,Approved
PR-01243,EMP-00025,Marketing,SUP-00028,2026-04-26,2026-05-01,Approved
PR-01244,EMP-00005,HR,SUP-00037,2026-04-20,2026-04-22,Approved
PR-01245,EMP-00078,HR,SUP-00004,2026-04-22,2026-04-24,Approved
PR-01246,EMP-00027,Operations,SUP-00040,2026-03-24,2026-03-27,Approved
PR-01247,EMP-00030,Sales,SUP-00020,2026-01-30,2026-02-05,Rejected
PR-01248,EMP-00053,Operations,SUP-00039,2026-04-26,2026-04-29,Rejected
PR-01249,EMP-00021,IT,SUP-00004,2026-05-20,2026-05-21,Rejected
PR-01250,EMP-00092,Engineering,SUP-00027,2026-04-05,2026-04-06,Approved
PR-01251,EMP-00090,Engineering,SUP-00008,2026-04-16,2026-04-23,Rejected
PR-01252,EMP-00009,Finance,SUP-00021,2026-01-30,2026-02-03,Approved
PR-01253,EMP-00087,IT,SUP-00024,2026-04-08,2026-04-12,Approved
PR-01254,EMP-00044,IT,SUP-00034,2026-01-23,2026-01-24,Approved
PR-01255,EMP-00059,Marketing,SUP-00042,2026-04-24,2026-04-27,Approved
PR-01256,EMP-00099,Sales,SUP-00018,2026-02-27,2026-03-01,Rejected
PR-01257,EMP-00003,Engineering,SUP-00006,2026-04-29,2026-05-03,Approved
PR-01258,EMP-00058,IT,SUP-00014,2026-03-20,2026-03-22,Approved
PR-01259,EMP-00033,IT,SUP-00015,2026-05-13,2026-05-18,Rejected
PR-01260,EMP-00025,Marketing,SUP-00010,2026-05-23,2026-06-03,Approved
PR-01261,EMP-00068,Marketing,SUP-00029,2026-02-02,2026-02-05,Approved
PR-01262,EMP-00073,HR,SUP-00026,2026-03-01,2026-03-02,Approved
PR-01263,EMP-00050,Procurement,SUP-00001,2026-05-22,2026-05-23,Approved
PR-01264,EMP-00065,Marketing,SUP-00042,2026-01-08,2026-01-11,Approved
PR-01265,EMP-00073,HR,SUP-00033,2026-04-27,2026-04-30,Approved
PR-01266,EMP-00044,IT,SUP-00005,2026-04-07,2026-04-09,Approved
PR-01267,EMP-00031,Procurement,SUP-00034,2026-01-29,2026-01-31,Approved
PR-01268,EMP-00057,HR,SUP-00033,2026-01-24,2026-01-28,Approved
PR-01269,EMP-00048,Operations,SUP-00034,2026-04-16,2026-04-17,Approved
PR-01270,EMP-00029,IT,SUP-00013,2026-04-26,2026-04-27,Approved
PR-01271,EMP-00014,Marketing,SUP-00016,2026-01-31,2026-02-09,Approved
PR-01272,EMP-00037,IT,SUP-00034,2026-02-01,2026-02-03,Approved
PR-01273,EMP-00084,Sales,SUP-00023,2026-02-25,2026-02-27,Approved
PR-01274,EMP-00091,Operations,SUP-00031,2026-03-10,2026-03-12,Approved
PR-01275,EMP-00021,IT,SUP-00018,2026-04-30,2026-05-08,Approved
PR-01276,EMP-00015,Operations,SUP-00007,2026-03-13,2026-03-24,Approved
PR-01277,EMP-00071,Procurement,SUP-00026,2026-04-21,2026-05-02,Approved
PR-01278,EMP-00035,Marketing,SUP-00010,2026-04-20,2026-04-25,Approved
PR-01279,EMP-00022,Marketing,SUP-00046,2026-05-11,2026-05-16,Rejected
PR-01280,EMP-00001,Engineering,SUP-00019,2026-04-12,2026-04-13,Approved
PR-01281,EMP-00074,Engineering,SUP-00015,2026-02-25,2026-02-28,Approved
PR-01282,EMP-00058,IT,SUP-00004,2026-03-26,2026-03-30,Approved
PR-01283,EMP-00006,HR,SUP-00039,2026-02-24,2026-02-27,Approved
PR-01284,EMP-00095,Marketing,SUP-00044,2026-05-27,2026-05-31,Approved
PR-01285,EMP-00013,Procurement,SUP-00011,2026-05-07,2026-05-08,Approved
PR-01286,EMP-00093,IT,SUP-00028,2026-04-09,2026-04-14,Approved
PR-01287,EMP-00019,IT,SUP-00047,2026-04-29,2026-05-01,Approved
PR-01288,EMP-00004,Engineering,SUP-00034,2026-03-28,2026-03-29,Approved
PR-01289,EMP-00040,Sales,SUP-00019,2026-03-23,2026-03-26,Approved
PR-01290,EMP-00027,Operations,SUP-00013,2026-03-18,2026-03-27,Approved
PR-01291,EMP-00008,HR,SUP-00028,2026-01-08,2026-01-09,Rejected
PR-01292,EMP-00034,IT,SUP-00024,2026-02-27,2026-03-04,Rejected
PR-01293,EMP-00051,Procurement,SUP-00026,2026-03-08,2026-03-09,Approved
PR-01294,EMP-00044,IT,SUP-00027,2026-03-11,2026-03-15,Approved
PR-01295,EMP-00020,Marketing,SUP-00004,2026-05-30,2026-06-01,Approved
PR-01296,EMP-00074,Engineering,SUP-00019,2026-05-06,2026-05-20,Approved
PR-01297,EMP-00054,HR,SUP-00017,2026-01-22,2026-01-24,Approved
PR-01298,EMP-00022,Marketing,SUP-00019,2026-01-20,2026-01-21,Approved
PR-01299,EMP-00040,Sales,SUP-00014,2026-02-18,2026-02-20,Approved
PR-01300,EMP-00052,Finance,SUP-00037,2026-03-21,2026-03-24,Approved
PR-01301,EMP-00037,IT,SUP-00019,2026-04-04,2026-04-19,Approved
PR-01302,EMP-00062,HR,SUP-00001,2026-01-18,2026-01-22,Approved
PR-01303,EMP-00056,Finance,SUP-00009,2026-04-29,2026-04-30,Approved
PR-01304,EMP-00033,IT,SUP-00014,2026-05-16,2026-05-18,Approved
PR-01305,EMP-00046,Operations,SUP-00036,2026-02-08,2026-02-16,Approved
PR-01306,EMP-00037,IT,SUP-00004,2026-01-26,2026-01-30,Approved
PR-01307,EMP-00050,Procurement,SUP-00031,2026-03-12,2026-03-21,Approved
PR-01308,EMP-00057,HR,SUP-00024,2026-01-29,2026-01-30,Approved
PR-01309,EMP-00041,Marketing,SUP-00043,2026-03-12,2026-03-25,Approved
PR-01310,EMP-00004,Engineering,SUP-00037,2026-03-10,2026-03-12,Approved
PR-01311,EMP-00034,IT,SUP-00009,2026-01-01,2026-01-11,Approved
PR-01312,EMP-00075,Marketing,SUP-00024,2026-02-13,2026-02-15,Approved
PR-01313,EMP-00006,HR,SUP-00003,2026-05-02,2026-05-04,Approved
PR-01314,EMP-00063,Finance,SUP-00013,2026-04-01,2026-04-06,Approved
PR-01315,EMP-00027,Operations,SUP-00020,2026-05-26,2026-05-29,Approved
PR-01316,EMP-00094,HR,SUP-00015,2026-01-25,2026-02-08,Approved
PR-01317,EMP-00017,Sales,SUP-00025,2026-05-20,2026-05-24,Approved
PR-01318,EMP-00008,HR,SUP-00023,2026-03-27,2026-03-30,Approved
PR-01319,EMP-00019,IT,SUP-00028,2026-02-07,2026-02-09,Approved
PR-01320,EMP-00100,Engineering,SUP-00026,2026-04-03,2026-04-04,Rejected
PR-01321,EMP-00009,Finance,SUP-00037,2026-05-15,2026-05-18,Approved
PR-01322,EMP-00039,Operations,SUP-00002,2026-03-21,2026-04-01,Approved
PR-01323,EMP-00085,Sales,SUP-00041,2026-04-21,2026-04-26,Rejected
PR-01324,EMP-00063,Finance,SUP-00008,2026-02-07,2026-02-09,Approved
PR-01325,EMP-00063,Finance,SUP-00028,2026-05-05,2026-05-06,Approved
PR-01326,EMP-00039,Operations,SUP-00016,2026-02-01,2026-02-02,Approved
PR-01327,EMP-00003,Engineering,SUP-00003,2026-01-13,2026-01-15,Rejected
PR-01328,EMP-00045,IT,SUP-00017,2026-01-23,2026-01-27,Approved
PR-01329,EMP-00061,Operations,SUP-00002,2026-03-16,2026-03-17,Approved
PR-01330,EMP-00062,HR,SUP-00036,2026-04-13,2026-04-19,Approved
PR-01331,EMP-00056,Finance,SUP-00025,2026-05-29,2026-05-30,Approved
PR-01332,EMP-00080,Marketing,SUP-00048,2026-01-22,2026-01-27,Approved
PR-01333,EMP-00072,Procurement,SUP-00043,2026-01-25,2026-02-03,Approved
PR-01334,EMP-00003,Engineering,SUP-00020,2026-04-30,2026-05-04,Approved
PR-01335,EMP-00055,Procurement,SUP-00038,2026-04-18,2026-04-20,Approved
PR-01336,EMP-00036,Engineering,SUP-00020,2026-05-20,2026-05-23,Approved
PR-01337,EMP-00007,Engineering,SUP-00024,2026-05-13,2026-05-15,Approved
PR-01338,EMP-00026,Operations,SUP-00002,2026-03-16,2026-03-20,Approved
PR-01339,EMP-00081,IT,SUP-00034,2026-02-22,2026-03-04,Approved
PR-01340,EMP-00089,Operations,SUP-00010,2026-03-19,2026-03-22,Approved
PR-01341,EMP-00085,Sales,SUP-00036,2026-01-18,2026-01-19,Approved
PR-01342,EMP-00086,HR,SUP-00040,2026-05-02,2026-05-07,Approved
PR-01343,EMP-00053,Operations,SUP-00016,2026-02-17,2026-02-23,Approved
PR-01344,EMP-00035,Marketing,SUP-00002,2026-04-21,2026-04-22,Approved
PR-01345,EMP-00060,Operations,SUP-00005,2026-05-02,2026-05-08,Approved
PR-01346,EMP-00073,HR,SUP-00019,2026-04-11,2026-04-12,Approved
PR-01347,EMP-00076,HR,SUP-00007,2026-01-31,2026-02-02,Approved
PR-01348,EMP-00013,Procurement,SUP-00030,2026-01-11,2026-01-20,Approved
PR-01349,EMP-00011,Sales,SUP-00010,2026-04-02,2026-04-07,Approved
PR-01350,EMP-00055,Procurement,SUP-00035,2026-02-14,2026-02-21,Approved
PR-01351,EMP-00032,Procurement,SUP-00047,2026-03-13,2026-03-16,Approved
PR-01352,EMP-00002,Marketing,SUP-00047,2026-02-16,2026-03-02,Approved
PR-01353,EMP-00093,IT,SUP-00016,2026-05-31,2026-06-11,Approved
PR-01354,EMP-00041,Marketing,SUP-00026,2026-03-01,2026-03-10,Approved
PR-01355,EMP-00077,Operations,SUP-00028,2026-01-27,2026-01-31,Approved
PR-01356,EMP-00032,Procurement,SUP-00049,2026-01-10,2026-01-11,Approved
PR-01357,EMP-00011,Sales,SUP-00043,2026-03-24,2026-03-25,Approved
PR-01358,EMP-00083,Engineering,SUP-00015,2026-03-06,2026-03-10,Approved
PR-01359,EMP-00049,IT,SUP-00017,2026-05-16,2026-05-17,Approved
PR-01360,EMP-00047,IT,SUP-00047,2026-02-05,2026-02-08,Approved
PR-01361,EMP-00026,Operations,SUP-00022,2026-02-17,2026-02-20,Approved
PR-01362,EMP-00005,HR,SUP-00006,2026-04-02,2026-04-05,Approved
PR-01363,EMP-00081,IT,SUP-00024,2026-01-19,2026-01-23,Approved
PR-01364,EMP-00090,Engineering,SUP-00049,2026-01-14,2026-01-17,Approved
PR-01365,EMP-00049,IT,SUP-00040,2026-04-10,2026-04-13,Approved
PR-01366,EMP-00095,Marketing,SUP-00041,2026-05-13,2026-05-18,Approved
PR-01367,EMP-00056,Finance,SUP-00017,2026-05-30,2026-06-01,Approved
PR-01368,EMP-00040,Sales,SUP-00019,2026-03-27,2026-04-01,Approved
PR-01369,EMP-00040,Sales,SUP-00014,2026-03-02,2026-03-16,Approved
PR-01370,EMP-00078,HR,SUP-00006,2026-03-30,2026-04-10,Approved
PR-01371,EMP-00043,Finance,SUP-00029,2026-02-03,2026-02-05,Approved
PR-01372,EMP-00049,IT,SUP-00009,2026-04-21,2026-04-23,Approved
PR-01373,EMP-00082,Sales,SUP-00023,2026-05-17,2026-05-29,Approved
PR-01374,EMP-00053,Operations,SUP-00001,2026-04-10,2026-04-18,Approved
PR-01375,EMP-00047,IT,SUP-00039,2026-01-31,2026-02-03,Approved
PR-01376,EMP-00035,Marketing,SUP-00045,2026-03-01,2026-03-02,Approved
PR-01377,EMP-00100,Engineering,SUP-00030,2026-01-04,2026-01-07,Approved
PR-01378,EMP-00074,Engineering,SUP-00001,2026-03-14,2026-03-21,Rejected
PR-01379,EMP-00028,Marketing,SUP-00002,2026-04-12,2026-04-14,Approved
PR-01380,EMP-00091,Operations,SUP-00040,2026-05-07,2026-05-10,Approved
PR-01381,EMP-00034,IT,SUP-00026,2026-05-22,2026-05-24,Approved
PR-01382,EMP-00008,HR,SUP-00002,2026-01-14,2026-01-27,Approved
PR-01383,EMP-00060,Operations,SUP-00039,2026-05-14,2026-05-27,Approved
PR-01384,EMP-00036,Engineering,SUP-00007,2026-01-10,2026-01-14,Approved
PR-01385,EMP-00074,Engineering,SUP-00021,2026-03-11,2026-03-16,Approved
PR-01386,EMP-00099,Sales,SUP-00009,2026-05-07,2026-05-11,Approved
PR-01387,EMP-00099,Sales,SUP-00005,2026-04-21,2026-04-22,Approved
PR-01388,EMP-00056,Finance,SUP-00032,2026-03-28,2026-03-30,Approved
PR-01389,EMP-00084,Sales,SUP-00016,2026-04-20,2026-04-23,Rejected
PR-01390,EMP-00070,Sales,SUP-00032,2026-05-17,2026-05-28,Approved
PR-01391,EMP-00071,Procurement,SUP-00024,2026-04-08,2026-04-10,Rejected
PR-01392,EMP-00061,Operations,SUP-00025,2026-03-05,2026-03-12,Approved
PR-01393,EMP-00037,IT,SUP-00041,2026-03-10,2026-03-24,Approved
PR-01394,EMP-00041,Marketing,SUP-00028,2026-03-09,2026-03-10,Approved
PR-01395,EMP-00070,Sales,SUP-00047,2026-05-03,2026-05-08,Approved
PR-01396,EMP-00045,IT,SUP-00014,2026-05-22,2026-05-24,Approved
PR-01397,EMP-00020,Marketing,SUP-00009,2026-05-07,2026-05-08,Approved
PR-01398,EMP-00008,HR,SUP-00043,2026-01-30,2026-02-03,Approved
PR-01399,EMP-00011,Sales,SUP-00022,2026-05-22,2026-05-24,Approved
PR-01400,EMP-00096,HR,SUP-00007,2026-05-19,2026-05-22,Approved
PR-01401,EMP-00071,Procurement,SUP-00050,2026-01-29,2026-02-01,Approved
PR-01402,EMP-00078,HR,SUP-00038,2026-01-19,2026-01-22,Approved
PR-01403,EMP-00027,Operations,SUP-00013,2026-03-27,2026-03-30,Approved
PR-01404,EMP-00094,HR,SUP-00041,2026-03-16,2026-03-17,Approved
PR-01405,EMP-00080,Marketing,SUP-00023,2026-02-25,2026-02-27,Approved
PR-01406,EMP-00065,Marketing,SUP-00011,2026-01-20,2026-01-30,Approved
PR-01407,EMP-00024,HR,SUP-00007,2026-05-16,2026-05-25,Approved
PR-01408,EMP-00001,Engineering,SUP-00010,2026-02-19,2026-02-22,Rejected
PR-01409,EMP-00036,Engineering,SUP-00021,2026-04-27,2026-04-29,Rejected
PR-01410,EMP-00003,Engineering,SUP-00040,2026-04-03,2026-04-13,Approved
PR-01411,EMP-00017,Sales,SUP-00036,2026-04-25,2026-04-27,Approved
PR-01412,EMP-00011,Sales,SUP-00031,2026-05-30,2026-06-01,Approved
PR-01413,EMP-00072,Procurement,SUP-00033,2026-04-15,2026-04-19,Approved
PR-01414,EMP-00003,Engineering,SUP-00014,2026-02-16,2026-02-18,Approved
PR-01415,EMP-00025,Marketing,SUP-00006,2026-01-26,2026-01-27,Approved
PR-01416,EMP-00079,Operations,SUP-00038,2026-02-03,2026-02-08,Approved
PR-01417,EMP-00089,Operations,SUP-00019,2026-03-17,2026-03-20,Approved
PR-01418,EMP-00037,IT,SUP-00041,2026-01-19,2026-01-22,Approved
PR-01419,EMP-00039,Operations,SUP-00025,2026-03-16,2026-03-18,Approved
PR-01420,EMP-00080,Marketing,SUP-00046,2026-02-08,2026-02-13,Approved
PR-01421,EMP-00051,Procurement,SUP-00032,2026-04-23,2026-05-06,Approved
PR-01422,EMP-00002,Marketing,SUP-00032,2026-05-07,2026-05-18,Approved
PR-01423,EMP-00070,Sales,SUP-00039,2026-03-15,2026-03-17,Approved
PR-01424,EMP-00015,Operations,SUP-00039,2026-04-21,2026-05-02,Approved
PR-01425,EMP-00092,Engineering,SUP-00023,2026-01-31,2026-02-03,Approved
PR-01426,EMP-00004,Engineering,SUP-00017,2026-01-28,2026-01-29,Approved
PR-01427,EMP-00041,Marketing,SUP-00008,2026-01-08,2026-01-18,Approved
PR-01428,EMP-00055,Procurement,SUP-00039,2026-04-05,2026-04-08,Approved
PR-01429,EMP-00015,Operations,SUP-00019,2026-03-17,2026-03-18,Approved
PR-01430,EMP-00087,IT,SUP-00049,2026-03-13,2026-03-16,Approved
PR-01431,EMP-00007,Engineering,SUP-00005,2026-02-10,2026-02-13,Approved
PR-01432,EMP-00040,Sales,SUP-00004,2026-03-22,2026-03-25,Approved
PR-01433,EMP-00012,Finance,SUP-00031,2026-01-03,2026-01-05,Approved
PR-01434,EMP-00025,Marketing,SUP-00008,2026-02-08,2026-02-10,Approved
PR-01435,EMP-00096,HR,SUP-00013,2026-05-13,2026-05-15,Approved
PR-01436,EMP-00042,Marketing,SUP-00036,2026-02-15,2026-02-19,Approved
PR-01437,EMP-00035,Marketing,SUP-00010,2026-03-31,2026-04-02,Approved
PR-01438,EMP-00022,Marketing,SUP-00044,2026-05-06,2026-05-10,Approved
PR-01439,EMP-00057,HR,SUP-00029,2026-01-29,2026-02-02,Approved
PR-01440,EMP-00006,HR,SUP-00029,2026-04-29,2026-05-06,Approved
PR-01441,EMP-00057,HR,SUP-00038,2026-05-06,2026-05-09,Approved
PR-01442,EMP-00007,Engineering,SUP-00001,2026-04-15,2026-04-20,Approved
PR-01443,EMP-00041,Marketing,SUP-00002,2026-04-24,2026-04-26,Approved
PR-01444,EMP-00081,IT,SUP-00037,2026-01-12,2026-01-14,Approved
PR-01445,EMP-00027,Operations,SUP-00040,2026-03-26,2026-03-27,Approved
PR-01446,EMP-00002,Marketing,SUP-00044,2026-03-27,2026-03-30,Approved
PR-01447,EMP-00047,IT,SUP-00033,2026-02-10,2026-02-25,Approved
PR-01448,EMP-00100,Engineering,SUP-00008,2026-03-26,2026-04-05,Approved
PR-01449,EMP-00076,HR,SUP-00006,2026-05-15,2026-05-20,Approved
PR-01450,EMP-00078,HR,SUP-00016,2026-02-28,2026-03-02,Approved
PR-01451,EMP-00068,Marketing,SUP-00040,2026-04-13,2026-04-14,Approved
PR-01452,EMP-00066,Finance,SUP-00048,2026-01-06,2026-01-07,Approved
PR-01453,EMP-00019,IT,SUP-00033,2026-02-19,2026-02-22,Approved
PR-01454,EMP-00084,Sales,SUP-00038,2026-03-12,2026-03-14,Approved
PR-01455,EMP-00096,HR,SUP-00020,2026-04-20,2026-04-28,Approved
PR-01456,EMP-00015,Operations,SUP-00044,2026-04-08,2026-04-12,Approved
PR-01457,EMP-00095,Marketing,SUP-00039,2026-04-26,2026-05-01,Approved
PR-01458,EMP-00024,HR,SUP-00039,2026-03-21,2026-04-04,Approved
PR-01459,EMP-00023,IT,SUP-00040,2026-05-06,2026-05-09,Approved
PR-01460,EMP-00079,Operations,SUP-00040,2026-01-16,2026-01-19,Approved
PR-01461,EMP-00028,Marketing,SUP-00045,2026-03-24,2026-03-29,Approved
PR-01462,EMP-00082,Sales,SUP-00048,2026-05-20,2026-05-22,Approved
PR-01463,EMP-00063,Finance,SUP-00043,2026-01-27,2026-01-29,Approved
PR-01464,EMP-00039,Operations,SUP-00024,2026-02-12,2026-02-13,Approved
PR-01465,EMP-00083,Engineering,SUP-00019,2026-02-05,2026-02-10,Approved
PR-01466,EMP-00095,Marketing,SUP-00049,2026-03-11,2026-03-14,Approved
PR-01467,EMP-00084,Sales,SUP-00011,2026-05-14,2026-05-28,Approved
PR-01468,EMP-00009,Finance,SUP-00003,2026-05-01,2026-05-08,Approved
PR-01469,EMP-00028,Marketing,SUP-00044,2026-01-03,2026-01-05,Rejected
PR-01470,EMP-00095,Marketing,SUP-00040,2026-03-21,2026-03-26,Approved
PR-01471,EMP-00006,HR,SUP-00034,2026-01-16,2026-01-19,Approved
PR-01472,EMP-00064,IT,SUP-00030,2026-03-30,2026-03-31,Approved
PR-01473,EMP-00062,HR,SUP-00015,2026-04-05,2026-04-11,Approved
PR-01474,EMP-00016,Marketing,SUP-00033,2026-02-09,2026-02-10,Approved
PR-01475,EMP-00016,Marketing,SUP-00050,2026-03-26,2026-03-31,Approved
PR-01476,EMP-00045,IT,SUP-00035,2026-02-23,2026-02-24,Approved
PR-01477,EMP-00034,IT,SUP-00044,2026-02-06,2026-02-07,Approved
PR-01478,EMP-00084,Sales,SUP-00029,2026-02-05,2026-02-13,Approved
PR-01479,EMP-00005,HR,SUP-00019,2026-03-03,2026-03-07,Approved
PR-01480,EMP-00063,Finance,SUP-00016,2026-05-16,2026-05-17,Approved
PR-01481,EMP-00098,Sales,SUP-00031,2026-04-22,2026-05-01,Approved
PR-01482,EMP-00079,Operations,SUP-00007,2026-03-31,2026-04-01,Approved
PR-01483,EMP-00093,IT,SUP-00015,2026-02-24,2026-03-01,Approved
PR-01484,EMP-00042,Marketing,SUP-00041,2026-02-20,2026-02-22,Approved
PR-01485,EMP-00052,Finance,SUP-00014,2026-04-05,2026-04-07,Approved
PR-01486,EMP-00009,Finance,SUP-00044,2026-04-12,2026-04-18,Approved
PR-01487,EMP-00023,IT,SUP-00050,2026-04-27,2026-05-06,Approved
PR-01488,EMP-00095,Marketing,SUP-00046,2026-01-10,2026-01-21,Approved
PR-01489,EMP-00042,Marketing,SUP-00010,2026-01-22,2026-01-23,Approved
PR-01490,EMP-00049,IT,SUP-00038,2026-05-20,2026-06-01,Approved
PR-01491,EMP-00096,HR,SUP-00033,2026-02-13,2026-02-16,Approved
PR-01492,EMP-00039,Operations,SUP-00013,2026-01-17,2026-01-21,Approved
PR-01493,EMP-00012,Finance,SUP-00038,2026-03-12,2026-03-25,Approved
PR-01494,EMP-00001,Engineering,SUP-00043,2026-03-21,2026-03-23,Approved
PR-01495,EMP-00080,Marketing,SUP-00008,2026-05-25,2026-05-27,Approved
PR-01496,EMP-00045,IT,SUP-00023,2026-01-06,2026-01-11,Approved
PR-01497,EMP-00022,Marketing,SUP-00001,2026-03-20,2026-04-02,Approved
PR-01498,EMP-00087,IT,SUP-00012,2026-02-15,2026-02-17,Approved
PR-01499,EMP-00065,Marketing,SUP-00023,2026-02-21,2026-02-27,Approved
PR-01500,EMP-00041,Marketing,SUP-00013,2026-05-29,2026-06-12,Approved
PR-01501,EMP-00005,HR,SUP-00029,2026-01-10,2026-01-14,Rejected
PR-01502,EMP-00015,Operations,SUP-00009,2026-03-30,2026-04-02,Approved
PR-01503,EMP-00034,IT,SUP-00037,2026-01-24,2026-01-27,Approved
PR-01504,EMP-00017,Sales,SUP-00028,2026-05-13,2026-05-16,Approved
PR-01505,EMP-00010,Operations,SUP-00031,2026-05-31,2026-06-01,Approved
PR-01506,EMP-00092,Engineering,SUP-00046,2026-02-10,2026-02-14,Approved
PR-01507,EMP-00036,Engineering,SUP-00018,2026-03-20,2026-03-21,Approved
PR-01508,EMP-00033,IT,SUP-00016,2026-05-28,2026-06-01,Approved
PR-01509,EMP-00015,Operations,SUP-00024,2026-03-28,2026-03-30,Approved
PR-01510,EMP-00031,Procurement,SUP-00025,2026-04-18,2026-04-21,Approved
PR-01511,EMP-00025,Marketing,SUP-00016,2026-03-18,2026-03-23,Approved
PR-01512,EMP-00040,Sales,SUP-00035,2026-01-24,2026-01-26,Approved
PR-01513,EMP-00048,Operations,SUP-00034,2026-02-07,2026-02-09,Approved
PR-01514,EMP-00077,Operations,SUP-00011,2026-04-22,2026-04-26,Approved
PR-01515,EMP-00028,Marketing,SUP-00029,2026-02-10,2026-02-19,Approved
PR-01516,EMP-00018,Engineering,SUP-00042,2026-04-07,2026-04-09,Approved
PR-01517,EMP-00080,Marketing,SUP-00046,2026-04-13,2026-04-28,Approved
PR-01518,EMP-00009,Finance,SUP-00046,2026-03-30,2026-04-01,Approved
PR-01519,EMP-00043,Finance,SUP-00016,2026-04-03,2026-04-05,Approved
PR-01520,EMP-00091,Operations,SUP-00030,2026-02-28,2026-03-01,Approved
PR-01521,EMP-00063,Finance,SUP-00049,2026-04-09,2026-04-12,Approved
PR-01522,EMP-00044,IT,SUP-00043,2026-01-09,2026-01-11,Approved
PR-01523,EMP-00012,Finance,SUP-00022,2026-04-30,2026-05-12,Approved
PR-01524,EMP-00022,Marketing,SUP-00045,2026-02-11,2026-02-22,Approved
PR-01525,EMP-00089,Operations,SUP-00024,2026-04-13,2026-04-14,Approved
PR-01526,EMP-00080,Marketing,SUP-00041,2026-05-09,2026-05-13,Approved
PR-01527,EMP-00039,Operations,SUP-00007,2026-04-19,2026-05-04,Approved
PR-01528,EMP-00044,IT,SUP-00039,2026-02-20,2026-02-25,Approved
PR-01529,EMP-00085,Sales,SUP-00008,2026-02-01,2026-02-03,Approved
PR-01530,EMP-00016,Marketing,SUP-00016,2026-03-28,2026-03-31,Approved
PR-01531,EMP-00023,IT,SUP-00012,2026-04-17,2026-04-21,Approved
PR-01532,EMP-00001,Engineering,SUP-00040,2026-01-10,2026-01-13,Approved
PR-01533,EMP-00030,Sales,SUP-00013,2026-05-07,2026-05-10,Approved
PR-01534,EMP-00031,Procurement,SUP-00032,2026-01-11,2026-01-12,Rejected
PR-01535,EMP-00033,IT,SUP-00037,2026-04-08,2026-04-15,Approved
PR-01536,EMP-00007,Engineering,SUP-00022,2026-02-17,2026-03-02,Approved
PR-01537,EMP-00013,Procurement,SUP-00004,2026-01-30,2026-02-04,Approved
PR-01538,EMP-00033,IT,SUP-00018,2026-01-13,2026-01-15,Approved
PR-01539,EMP-00069,Finance,SUP-00021,2026-03-12,2026-03-13,Approved
PR-01540,EMP-00005,HR,SUP-00041,2026-04-15,2026-04-16,Approved
PR-01541,EMP-00015,Operations,SUP-00016,2026-03-23,2026-03-24,Approved
PR-01542,EMP-00070,Sales,SUP-00011,2026-04-28,2026-05-10,Approved
PR-01543,EMP-00061,Operations,SUP-00032,2026-03-29,2026-04-01,Approved
PR-01544,EMP-00011,Sales,SUP-00032,2026-02-23,2026-02-25,Approved
PR-01545,EMP-00018,Engineering,SUP-00010,2026-05-05,2026-05-08,Approved
PR-01546,EMP-00014,Marketing,SUP-00036,2026-03-22,2026-03-24,Approved
PR-01547,EMP-00007,Engineering,SUP-00046,2026-05-25,2026-05-27,Approved
PR-01548,EMP-00051,Procurement,SUP-00041,2026-04-07,2026-04-15,Approved
PR-01549,EMP-00003,Engineering,SUP-00021,2026-01-29,2026-02-01,Approved
PR-01550,EMP-00069,Finance,SUP-00030,2026-02-25,2026-03-02,Approved
PR-01551,EMP-00048,Operations,SUP-00048,2026-05-09,2026-05-12,Approved
PR-01552,EMP-00027,Operations,SUP-00022,2026-04-26,2026-04-28,Approved
PR-01553,EMP-00048,Operations,SUP-00019,2026-02-14,2026-02-22,Rejected
PR-01554,EMP-00080,Marketing,SUP-00010,2026-02-18,2026-02-21,Approved
PR-01555,EMP-00030,Sales,SUP-00049,2026-05-27,2026-05-31,Approved
PR-01556,EMP-00086,HR,SUP-00041,2026-01-24,2026-02-06,Approved
PR-01557,EMP-00019,IT,SUP-00015,2026-02-11,2026-02-13,Approved
PR-01558,EMP-00068,Marketing,SUP-00002,2026-03-24,2026-03-25,Approved
PR-01559,EMP-00027,Operations,SUP-00019,2026-04-24,2026-05-03,Approved
PR-01560,EMP-00056,Finance,SUP-00006,2026-02-10,2026-02-11,Approved
PR-01561,EMP-00049,IT,SUP-00042,2026-05-14,2026-05-18,Approved
PR-01562,EMP-00074,Engineering,SUP-00023,2026-04-23,2026-04-24,Approved
PR-01563,EMP-00054,HR,SUP-00007,2026-05-11,2026-05-14,Approved
PR-01564,EMP-00047,IT,SUP-00010,2026-02-13,2026-02-17,Approved
PR-01565,EMP-00046,Operations,SUP-00014,2026-03-09,2026-03-21,Approved
PR-01566,EMP-00071,Procurement,SUP-00008,2026-03-04,2026-03-10,Approved
PR-01567,EMP-00006,HR,SUP-00024,2026-05-26,2026-05-28,Approved
PR-01568,EMP-00096,HR,SUP-00010,2026-04-05,2026-04-08,Approved
PR-01569,EMP-00021,IT,SUP-00027,2026-05-02,2026-05-06,Approved
PR-01570,EMP-00010,Operations,SUP-00007,2026-02-07,2026-02-10,Approved
PR-01571,EMP-00057,HR,SUP-00036,2026-05-30,2026-06-01,Approved
PR-01572,EMP-00066,Finance,SUP-00001,2026-05-03,2026-05-10,Approved
PR-01573,EMP-00067,Sales,SUP-00044,2026-05-14,2026-05-18,Approved
PR-01574,EMP-00017,Sales,SUP-00049,2026-02-14,2026-02-16,Approved
PR-01575,EMP-00048,Operations,SUP-00050,2026-02-27,2026-03-10,Approved
PR-01576,EMP-00053,Operations,SUP-00023,2026-04-28,2026-05-13,Approved
PR-01577,EMP-00081,IT,SUP-00007,2026-01-09,2026-01-16,Approved
PR-01578,EMP-00007,Engineering,SUP-00021,2026-01-15,2026-01-17,Approved
PR-01579,EMP-00017,Sales,SUP-00022,2026-03-04,2026-03-05,Approved
PR-01580,EMP-00099,Sales,SUP-00017,2026-02-18,2026-02-22,Approved
PR-01581,EMP-00094,HR,SUP-00044,2026-05-30,2026-06-02,Approved
PR-01582,EMP-00062,HR,SUP-00019,2026-02-20,2026-02-22,Approved
PR-01583,EMP-00061,Operations,SUP-00034,2026-05-05,2026-05-07,Approved
PR-01584,EMP-00098,Sales,SUP-00033,2026-02-19,2026-02-24,Approved
PR-01585,EMP-00019,IT,SUP-00037,2026-05-07,2026-05-14,Approved
PR-01586,EMP-00061,Operations,SUP-00046,2026-03-09,2026-03-11,Approved
PR-01587,EMP-00057,HR,SUP-00031,2026-01-29,2026-02-02,Approved
PR-01588,EMP-00002,Marketing,SUP-00014,2026-01-17,2026-01-20,Approved
PR-01589,EMP-00051,Procurement,SUP-00003,2026-02-19,2026-02-21,Approved
PR-01590,EMP-00008,HR,SUP-00021,2026-01-27,2026-01-30,Approved
PR-01591,EMP-00001,Engineering,SUP-00002,2026-02-19,2026-02-21,Approved
PR-01592,EMP-00094,HR,SUP-00001,2026-04-17,2026-04-20,Approved
PR-01593,EMP-00032,Procurement,SUP-00009,2026-03-27,2026-04-11,Approved
PR-01594,EMP-00026,Operations,SUP-00047,2026-04-17,2026-04-21,Approved
PR-01595,EMP-00010,Operations,SUP-00042,2026-03-12,2026-03-17,Approved
PR-01596,EMP-00087,IT,SUP-00045,2026-01-07,2026-01-11,Approved
PR-01597,EMP-00069,Finance,SUP-00006,2026-02-25,2026-03-02,Approved
PR-01598,EMP-00083,Engineering,SUP-00035,2026-05-03,2026-05-06,Approved
PR-01599,EMP-00019,IT,SUP-00046,2026-03-05,2026-03-10,Approved
PR-01600,EMP-00058,IT,SUP-00046,2026-03-12,2026-03-15,Approved
PR-01601,EMP-00024,HR,SUP-00042,2026-03-25,2026-03-28,Approved
PR-01602,EMP-00017,Sales,SUP-00018,2026-05-24,2026-05-28,Approved
PR-01603,EMP-00044,IT,SUP-00022,2026-05-23,2026-05-26,Approved
PR-01604,EMP-00015,Operations,SUP-00030,2026-04-03,2026-04-05,Approved
PR-01605,EMP-00003,Engineering,SUP-00018,2026-02-20,2026-02-26,Approved
PR-01606,EMP-00019,IT,SUP-00014,2026-04-20,2026-04-22,Approved
PR-01607,EMP-00043,Finance,SUP-00040,2026-01-05,2026-01-07,Approved
PR-01608,EMP-00010,Operations,SUP-00017,2026-01-18,2026-01-21,Approved
PR-01609,EMP-00029,IT,SUP-00003,2026-05-12,2026-05-21,Approved
PR-01610,EMP-00001,Engineering,SUP-00046,2026-03-12,2026-03-14,Approved
PR-01611,EMP-00067,Sales,SUP-00005,2026-04-27,2026-05-01,Approved
PR-01612,EMP-00018,Engineering,SUP-00049,2026-01-05,2026-01-07,Approved
PR-01613,EMP-00041,Marketing,SUP-00037,2026-05-17,2026-05-31,Approved
PR-01614,EMP-00052,Finance,SUP-00035,2026-02-18,2026-02-19,Approved
PR-01615,EMP-00063,Finance,SUP-00004,2026-02-02,2026-02-05,Approved
PR-01616,EMP-00018,Engineering,SUP-00005,2026-03-19,2026-03-20,Approved
PR-01617,EMP-00019,IT,SUP-00031,2026-04-23,2026-04-27,Approved
PR-01618,EMP-00061,Operations,SUP-00001,2026-04-25,2026-04-27,Approved
PR-01619,EMP-00067,Sales,SUP-00036,2026-02-14,2026-02-27,Approved
PR-01620,EMP-00025,Marketing,SUP-00034,2026-05-06,2026-05-13,Approved
PR-01621,EMP-00075,Marketing,SUP-00048,2026-05-10,2026-05-16,Approved
PR-01622,EMP-00018,Engineering,SUP-00007,2026-04-18,2026-04-19,Approved
PR-01623,EMP-00042,Marketing,SUP-00044,2026-02-28,2026-03-12,Approved
PR-01624,EMP-00016,Marketing,SUP-00028,2026-03-24,2026-03-25,Approved
PR-01625,EMP-00044,IT,SUP-00013,2026-02-05,2026-02-08,Approved
PR-01626,EMP-00092,Engineering,SUP-00001,2026-04-06,2026-04-09,Approved
PR-01627,EMP-00067,Sales,SUP-00003,2026-02-16,2026-02-18,Approved
PR-01628,EMP-00022,Marketing,SUP-00044,2026-04-06,2026-04-08,Approved
PR-01629,EMP-00051,Procurement,SUP-00034,2026-01-09,2026-01-12,Approved
PR-01630,EMP-00071,Procurement,SUP-00046,2026-02-10,2026-02-11,Rejected
PR-01631,EMP-00012,Finance,SUP-00005,2026-05-02,2026-05-17,Approved
PR-01632,EMP-00021,IT,SUP-00012,2026-03-21,2026-03-23,Approved
PR-01633,EMP-00015,Operations,SUP-00022,2026-05-03,2026-05-05,Approved
PR-01634,EMP-00064,IT,SUP-00016,2026-02-27,2026-03-02,Approved
PR-01635,EMP-00078,HR,SUP-00050,2026-03-05,2026-03-09,Approved
PR-01636,EMP-00065,Marketing,SUP-00007,2026-05-14,2026-05-17,Approved
PR-01637,EMP-00038,Marketing,SUP-00013,2026-05-29,2026-05-30,Approved
PR-01638,EMP-00039,Operations,SUP-00037,2026-01-04,2026-01-05,Approved
PR-01639,EMP-00067,Sales,SUP-00029,2026-05-04,2026-05-16,Rejected
PR-01640,EMP-00003,Engineering,SUP-00046,2026-03-09,2026-03-12,Approved
PR-01641,EMP-00019,IT,SUP-00028,2026-03-28,2026-03-31,Approved
PR-01642,EMP-00029,IT,SUP-00047,2026-05-13,2026-05-14,Approved
PR-01643,EMP-00081,IT,SUP-00020,2026-01-25,2026-01-26,Approved
PR-01644,EMP-00031,Procurement,SUP-00008,2026-03-30,2026-04-07,Approved
PR-01645,EMP-00083,Engineering,SUP-00035,2026-02-06,2026-02-09,Approved
PR-01646,EMP-00041,Marketing,SUP-00006,2026-05-25,2026-05-27,Approved
PR-01647,EMP-00079,Operations,SUP-00032,2026-04-06,2026-04-07,Approved
PR-01648,EMP-00024,HR,SUP-00037,2026-02-08,2026-02-11,Rejected
PR-01649,EMP-00030,Sales,SUP-00017,2026-03-17,2026-03-22,Approved
PR-01650,EMP-00083,Engineering,SUP-00017,2026-01-01,2026-01-14,Approved
PR-01651,EMP-00016,Marketing,SUP-00024,2026-01-16,2026-01-18,Rejected
PR-01652,EMP-00001,Engineering,SUP-00029,2026-04-11,2026-04-19,Approved
PR-01653,EMP-00066,Finance,SUP-00042,2026-02-27,2026-03-01,Approved
PR-01654,EMP-00030,Sales,SUP-00031,2026-02-22,2026-02-24,Approved
PR-01655,EMP-00028,Marketing,SUP-00042,2026-05-15,2026-05-16,Approved
PR-01656,EMP-00054,HR,SUP-00021,2026-05-19,2026-05-22,Approved
PR-01657,EMP-00096,HR,SUP-00028,2026-03-11,2026-03-15,Approved
PR-01658,EMP-00056,Finance,SUP-00045,2026-05-05,2026-05-07,Approved
PR-01659,EMP-00070,Sales,SUP-00006,2026-03-03,2026-03-18,Approved
PR-01660,EMP-00021,IT,SUP-00043,2026-03-13,2026-03-19,Approved
PR-01661,EMP-00037,IT,SUP-00031,2026-04-02,2026-04-05,Approved
PR-01662,EMP-00035,Marketing,SUP-00028,2026-04-22,2026-04-25,Approved
PR-01663,EMP-00041,Marketing,SUP-00033,2026-05-13,2026-05-15,Approved
PR-01664,EMP-00016,Marketing,SUP-00023,2026-05-28,2026-05-29,Approved
PR-01665,EMP-00011,Sales,SUP-00019,2026-04-11,2026-04-18,Approved
PR-01666,EMP-00030,Sales,SUP-00041,2026-04-13,2026-04-16,Approved
PR-01667,EMP-00081,IT,SUP-00034,2026-01-26,2026-01-28,Approved
PR-01668,EMP-00097,Sales,SUP-00049,2026-04-02,2026-04-05,Approved
PR-01669,EMP-00032,Procurement,SUP-00046,2026-04-28,2026-05-01,Approved
PR-01670,EMP-00081,IT,SUP-00041,2026-04-13,2026-04-15,Approved
PR-01671,EMP-00010,Operations,SUP-00026,2026-03-23,2026-03-25,Approved
PR-01672,EMP-00001,Engineering,SUP-00006,2026-02-17,2026-02-23,Approved
PR-01673,EMP-00087,IT,SUP-00032,2026-04-03,2026-04-04,Approved
PR-01674,EMP-00009,Finance,SUP-00021,2026-05-24,2026-06-01,Approved
PR-01675,EMP-00043,Finance,SUP-00017,2026-04-14,2026-04-16,Approved
PR-01676,EMP-00031,Procurement,SUP-00045,2026-01-27,2026-02-07,Rejected
PR-01677,EMP-00070,Sales,SUP-00032,2026-01-11,2026-01-15,Approved
PR-01678,EMP-00023,IT,SUP-00011,2026-03-04,2026-03-05,Approved
PR-01679,EMP-00001,Engineering,SUP-00014,2026-05-04,2026-05-14,Approved
PR-01680,EMP-00005,HR,SUP-00033,2026-05-28,2026-05-31,Approved
PR-01681,EMP-00032,Procurement,SUP-00005,2026-03-23,2026-03-26,Approved
PR-01682,EMP-00001,Engineering,SUP-00021,2026-05-18,2026-05-21,Approved
PR-01683,EMP-00013,Procurement,SUP-00026,2026-02-28,2026-03-13,Approved
PR-01684,EMP-00047,IT,SUP-00038,2026-04-30,2026-05-02,Approved
PR-01685,EMP-00092,Engineering,SUP-00020,2026-01-17,2026-01-18,Approved
PR-01686,EMP-00017,Sales,SUP-00031,2026-05-03,2026-05-06,Rejected
PR-01687,EMP-00087,IT,SUP-00020,2026-05-26,2026-06-08,Approved
PR-01688,EMP-00080,Marketing,SUP-00033,2026-04-12,2026-04-18,Approved
PR-01689,EMP-00099,Sales,SUP-00030,2026-05-26,2026-05-30,Approved
PR-01690,EMP-00029,IT,SUP-00040,2026-01-14,2026-01-17,Approved
PR-01691,EMP-00038,Marketing,SUP-00036,2026-02-11,2026-02-16,Approved
PR-01692,EMP-00094,HR,SUP-00032,2026-01-31,2026-02-01,Approved
PR-01693,EMP-00016,Marketing,SUP-00043,2026-04-15,2026-04-19,Approved
PR-01694,EMP-00083,Engineering,SUP-00001,2026-04-21,2026-04-23,Approved
PR-01695,EMP-00072,Procurement,SUP-00017,2026-01-21,2026-01-23,Approved
PR-01696,EMP-00020,Marketing,SUP-00034,2026-05-23,2026-05-24,Approved
PR-01697,EMP-00082,Sales,SUP-00048,2026-04-09,2026-04-23,Approved
PR-01698,EMP-00055,Procurement,SUP-00043,2026-02-18,2026-02-21,Rejected
PR-01699,EMP-00061,Operations,SUP-00022,2026-02-09,2026-02-12,Approved
PR-01700,EMP-00096,HR,SUP-00041,2026-05-10,2026-05-12,Approved
PR-01701,EMP-00072,Procurement,SUP-00014,2026-03-21,2026-03-28,Approved
PR-01702,EMP-00008,HR,SUP-00036,2026-05-08,2026-05-12,Approved
PR-01703,EMP-00061,Operations,SUP-00033,2026-04-25,2026-04-30,Approved
PR-01704,EMP-00081,IT,SUP-00046,2026-02-18,2026-02-20,Approved
PR-01705,EMP-00074,Engineering,SUP-00031,2026-05-14,2026-05-24,Approved
PR-01706,EMP-00073,HR,SUP-00022,2026-05-20,2026-05-22,Approved
PR-01707,EMP-00058,IT,SUP-00038,2026-04-20,2026-04-22,Approved
PR-01708,EMP-00071,Procurement,SUP-00046,2026-05-24,2026-05-29,Approved
PR-01709,EMP-00023,IT,SUP-00022,2026-05-16,2026-05-18,Approved
PR-01710,EMP-00081,IT,SUP-00035,2026-03-22,2026-03-25,Approved
PR-01711,EMP-00001,Engineering,SUP-00044,2026-05-18,2026-05-31,Approved
PR-01712,EMP-00087,IT,SUP-00026,2026-02-24,2026-02-25,Approved
PR-01713,EMP-00066,Finance,SUP-00044,2026-05-07,2026-05-19,Approved
PR-01714,EMP-00079,Operations,SUP-00043,2026-01-30,2026-02-04,Rejected
PR-01715,EMP-00020,Marketing,SUP-00034,2026-04-06,2026-04-08,Approved
PR-01716,EMP-00018,Engineering,SUP-00033,2026-04-19,2026-05-02,Approved
PR-01717,EMP-00043,Finance,SUP-00004,2026-04-15,2026-04-16,Approved
PR-01718,EMP-00076,HR,SUP-00007,2026-05-05,2026-05-07,Approved
PR-01719,EMP-00009,Finance,SUP-00018,2026-02-02,2026-02-05,Approved
PR-01720,EMP-00098,Sales,SUP-00023,2026-01-18,2026-01-19,Rejected
PR-01721,EMP-00044,IT,SUP-00031,2026-03-14,2026-03-20,Approved
PR-01722,EMP-00076,HR,SUP-00021,2026-02-21,2026-02-26,Approved
PR-01723,EMP-00008,HR,SUP-00015,2026-05-01,2026-05-03,Approved
PR-01724,EMP-00063,Finance,SUP-00029,2026-03-03,2026-03-08,Approved
PR-01725,EMP-00021,IT,SUP-00014,2026-05-09,2026-05-11,Approved
PR-01726,EMP-00041,Marketing,SUP-00001,2026-03-29,2026-03-31,Approved
PR-01727,EMP-00078,HR,SUP-00039,2026-02-09,2026-02-11,Approved
PR-01728,EMP-00052,Finance,SUP-00005,2026-01-07,2026-01-09,Approved
PR-01729,EMP-00069,Finance,SUP-00028,2026-02-06,2026-02-09,Approved
PR-01730,EMP-00007,Engineering,SUP-00013,2026-02-13,2026-02-16,Approved
PR-01731,EMP-00049,IT,SUP-00002,2026-04-08,2026-04-13,Approved
PR-01732,EMP-00026,Operations,SUP-00016,2026-05-25,2026-05-27,Approved
PR-01733,EMP-00020,Marketing,SUP-00030,2026-04-10,2026-04-12,Approved
PR-01734,EMP-00072,Procurement,SUP-00019,2026-05-03,2026-05-07,Approved
PR-01735,EMP-00023,IT,SUP-00004,2026-04-10,2026-04-17,Approved
PR-01736,EMP-00028,Marketing,SUP-00020,2026-01-11,2026-01-24,Approved
PR-01737,EMP-00086,HR,SUP-00031,2026-02-23,2026-02-27,Approved
PR-01738,EMP-00069,Finance,SUP-00005,2026-04-29,2026-05-06,Approved
PR-01739,EMP-00068,Marketing,SUP-00016,2026-03-04,2026-03-05,Approved
PR-01740,EMP-00010,Operations,SUP-00039,2026-04-29,2026-05-06,Approved
PR-01741,EMP-00053,Operations,SUP-00039,2026-01-28,2026-02-03,Approved
PR-01742,EMP-00069,Finance,SUP-00022,2026-05-22,2026-05-26,Approved
PR-01743,EMP-00026,Operations,SUP-00016,2026-04-09,2026-04-15,Approved
PR-01744,EMP-00048,Operations,SUP-00014,2026-05-28,2026-05-30,Approved
PR-01745,EMP-00005,HR,SUP-00016,2026-05-05,2026-05-19,Approved
PR-01746,EMP-00097,Sales,SUP-00014,2026-01-25,2026-01-26,Approved
PR-01747,EMP-00064,IT,SUP-00038,2026-04-02,2026-04-04,Approved
PR-01748,EMP-00017,Sales,SUP-00005,2026-05-30,2026-06-06,Approved
PR-01749,EMP-00006,HR,SUP-00037,2026-02-08,2026-02-11,Approved
PR-01750,EMP-00087,IT,SUP-00034,2026-03-13,2026-03-16,Approved
PR-01751,EMP-00069,Finance,SUP-00035,2026-02-04,2026-02-08,Approved
PR-01752,EMP-00053,Operations,SUP-00006,2026-04-23,2026-04-28,Approved
PR-01753,EMP-00011,Sales,SUP-00035,2026-03-28,2026-03-29,Approved
PR-01754,EMP-00026,Operations,SUP-00016,2026-02-08,2026-02-10,Approved
PR-01755,EMP-00086,HR,SUP-00002,2026-04-01,2026-04-03,Rejected
PR-01756,EMP-00082,Sales,SUP-00042,2026-03-06,2026-03-12,Approved
PR-01757,EMP-00084,Sales,SUP-00020,2026-01-14,2026-01-16,Rejected
PR-01758,EMP-00039,Operations,SUP-00049,2026-01-11,2026-01-13,Approved
PR-01759,EMP-00033,IT,SUP-00001,2026-05-27,2026-05-28,Approved
PR-01760,EMP-00037,IT,SUP-00027,2026-04-07,2026-04-21,Approved
PR-01761,EMP-00082,Sales,SUP-00022,2026-03-30,2026-04-02,Approved
PR-01762,EMP-00088,Operations,SUP-00009,2026-01-22,2026-02-06,Approved
PR-01763,EMP-00085,Sales,SUP-00008,2026-03-04,2026-03-05,Approved
PR-01764,EMP-00016,Marketing,SUP-00050,2026-01-20,2026-01-21,Approved
PR-01765,EMP-00040,Sales,SUP-00008,2026-03-26,2026-03-29,Approved
PR-01766,EMP-00092,Engineering,SUP-00007,2026-02-17,2026-02-18,Approved
PR-01767,EMP-00048,Operations,SUP-00030,2026-04-10,2026-04-15,Rejected
PR-01768,EMP-00005,HR,SUP-00024,2026-05-01,2026-05-03,Approved
PR-01769,EMP-00058,IT,SUP-00016,2026-02-15,2026-02-19,Approved
PR-01770,EMP-00053,Operations,SUP-00033,2026-02-18,2026-02-19,Approved
PR-01771,EMP-00037,IT,SUP-00026,2026-04-16,2026-04-19,Approved
PR-01772,EMP-00041,Marketing,SUP-00023,2026-03-06,2026-03-08,Approved
PR-01773,EMP-00030,Sales,SUP-00009,2026-04-21,2026-04-23,Approved
PR-01774,EMP-00064,IT,SUP-00017,2026-01-17,2026-01-20,Approved
PR-01775,EMP-00004,Engineering,SUP-00047,2026-04-05,2026-04-08,Rejected
PR-01776,EMP-00083,Engineering,SUP-00016,2026-02-28,2026-03-02,Approved
PR-01777,EMP-00017,Sales,SUP-00002,2026-03-25,2026-03-29,Approved
PR-01778,EMP-00083,Engineering,SUP-00022,2026-04-18,2026-04-20,Approved
PR-01779,EMP-00002,Marketing,SUP-00005,2026-01-04,2026-01-08,Approved
PR-01780,EMP-00019,IT,SUP-00008,2026-05-01,2026-05-02,Approved
PR-01781,EMP-00080,Marketing,SUP-00008,2026-05-21,2026-05-23,Approved
PR-01782,EMP-00054,HR,SUP-00006,2026-02-10,2026-02-12,Approved
PR-01783,EMP-00085,Sales,SUP-00026,2026-02-06,2026-02-07,Approved
PR-01784,EMP-00071,Procurement,SUP-00041,2026-02-10,2026-02-22,Approved
PR-01785,EMP-00026,Operations,SUP-00039,2026-05-16,2026-05-19,Approved
PR-01786,EMP-00027,Operations,SUP-00007,2026-01-17,2026-01-21,Approved
PR-01787,EMP-00067,Sales,SUP-00004,2026-03-22,2026-03-26,Approved
PR-01788,EMP-00079,Operations,SUP-00007,2026-02-19,2026-03-05,Approved
PR-01789,EMP-00076,HR,SUP-00045,2026-03-05,2026-03-07,Approved
PR-01790,EMP-00019,IT,SUP-00001,2026-02-07,2026-02-10,Approved
PR-01791,EMP-00036,Engineering,SUP-00035,2026-01-18,2026-01-20,Approved
PR-01792,EMP-00011,Sales,SUP-00038,2026-05-02,2026-05-03,Approved
PR-01793,EMP-00007,Engineering,SUP-00010,2026-05-24,2026-05-27,Approved
PR-01794,EMP-00095,Marketing,SUP-00036,2026-02-18,2026-02-23,Approved
PR-01795,EMP-00057,HR,SUP-00028,2026-05-15,2026-05-18,Approved
PR-01796,EMP-00005,HR,SUP-00022,2026-03-18,2026-03-20,Approved
PR-01797,EMP-00076,HR,SUP-00001,2026-01-21,2026-01-23,Approved
PR-01798,EMP-00039,Operations,SUP-00023,2026-04-24,2026-04-25,Approved
PR-01799,EMP-00056,Finance,SUP-00037,2026-03-14,2026-03-19,Approved
PR-01800,EMP-00015,Operations,SUP-00015,2026-05-22,2026-05-25,Approved
PR-01801,EMP-00069,Finance,SUP-00027,2026-03-24,2026-03-31,Approved
PR-01802,EMP-00043,Finance,SUP-00025,2026-05-11,2026-05-12,Approved
PR-01803,EMP-00043,Finance,SUP-00027,2026-03-02,2026-03-05,Approved
PR-01804,EMP-00073,HR,SUP-00046,2026-05-07,2026-05-09,Approved
PR-01805,EMP-00024,HR,SUP-00012,2026-05-21,2026-05-22,Approved
PR-01806,EMP-00089,Operations,SUP-00043,2026-02-28,2026-03-12,Approved
PR-01807,EMP-00095,Marketing,SUP-00014,2026-05-03,2026-05-04,Approved
PR-01808,EMP-00081,IT,SUP-00024,2026-04-10,2026-04-12,Approved
PR-01809,EMP-00100,Engineering,SUP-00046,2026-05-21,2026-05-26,Approved
PR-01810,EMP-00038,Marketing,SUP-00030,2026-01-02,2026-01-03,Approved
PR-01811,EMP-00070,Sales,SUP-00012,2026-05-18,2026-05-23,Approved
PR-01812,EMP-00038,Marketing,SUP-00020,2026-02-21,2026-02-24,Approved
PR-01813,EMP-00004,Engineering,SUP-00048,2026-04-26,2026-05-07,Approved
PR-01814,EMP-00024,HR,SUP-00015,2026-02-17,2026-02-18,Approved
PR-01815,EMP-00044,IT,SUP-00036,2026-02-24,2026-02-27,Approved
PR-01816,EMP-00015,Operations,SUP-00021,2026-02-25,2026-02-28,Approved
PR-01817,EMP-00036,Engineering,SUP-00040,2026-05-08,2026-05-12,Approved
PR-01818,EMP-00037,IT,SUP-00050,2026-05-06,2026-05-11,Approved
PR-01819,EMP-00053,Operations,SUP-00042,2026-01-01,2026-01-02,Approved
PR-01820,EMP-00068,Marketing,SUP-00010,2026-05-26,2026-05-27,Approved
PR-01821,EMP-00042,Marketing,SUP-00019,2026-04-06,2026-04-14,Approved
PR-01822,EMP-00001,Engineering,SUP-00048,2026-03-19,2026-03-20,Approved
PR-01823,EMP-00073,HR,SUP-00014,2026-05-02,2026-05-03,Approved
PR-01824,EMP-00068,Marketing,SUP-00042,2026-03-11,2026-03-12,Approved
PR-01825,EMP-00019,IT,SUP-00028,2026-04-12,2026-04-15,Approved
PR-01826,EMP-00052,Finance,SUP-00047,2026-02-14,2026-02-16,Approved
PR-01827,EMP-00032,Procurement,SUP-00050,2026-05-03,2026-05-05,Approved
PR-01828,EMP-00088,Operations,SUP-00021,2026-01-01,2026-01-16,Rejected
PR-01829,EMP-00023,IT,SUP-00049,2026-03-01,2026-03-02,Approved
PR-01830,EMP-00006,HR,SUP-00034,2026-05-20,2026-05-23,Approved
PR-01831,EMP-00037,IT,SUP-00011,2026-03-30,2026-04-01,Rejected
PR-01832,EMP-00012,Finance,SUP-00030,2026-02-07,2026-02-19,Rejected
PR-01833,EMP-00062,HR,SUP-00048,2026-03-06,2026-03-13,Approved
PR-01834,EMP-00059,Marketing,SUP-00046,2026-01-11,2026-01-26,Approved
PR-01835,EMP-00064,IT,SUP-00049,2026-05-27,2026-06-11,Approved
PR-01836,EMP-00043,Finance,SUP-00004,2026-05-09,2026-05-12,Approved
PR-01837,EMP-00099,Sales,SUP-00009,2026-02-28,2026-03-03,Approved
PR-01838,EMP-00032,Procurement,SUP-00013,2026-05-21,2026-05-26,Approved
PR-01839,EMP-00098,Sales,SUP-00001,2026-01-28,2026-02-01,Approved
PR-01840,EMP-00043,Finance,SUP-00026,2026-05-07,2026-05-08,Approved
PR-01841,EMP-00083,Engineering,SUP-00046,2026-05-19,2026-05-22,Approved
PR-01842,EMP-00069,Finance,SUP-00030,2026-02-23,2026-02-24,Approved
PR-01843,EMP-00091,Operations,SUP-00027,2026-04-14,2026-04-19,Approved
PR-01844,EMP-00079,Operations,SUP-00027,2026-05-31,2026-06-02,Rejected
PR-01845,EMP-00001,Engineering,SUP-00023,2026-03-23,2026-03-29,Approved
PR-01846,EMP-00086,HR,SUP-00006,2026-04-19,2026-04-24,Rejected
PR-01847,EMP-00054,HR,SUP-00022,2026-01-10,2026-01-11,Approved
PR-01848,EMP-00084,Sales,SUP-00014,2026-04-27,2026-05-02,Approved
PR-01849,EMP-00061,Operations,SUP-00021,2026-02-25,2026-02-28,Approved
PR-01850,EMP-00023,IT,SUP-00050,2026-05-10,2026-05-12,Approved
PR-01851,EMP-00061,Operations,SUP-00017,2026-05-18,2026-05-24,Approved
PR-01852,EMP-00085,Sales,SUP-00006,2026-04-26,2026-04-28,Approved
PR-01853,EMP-00090,Engineering,SUP-00005,2026-01-20,2026-01-21,Approved
PR-01854,EMP-00001,Engineering,SUP-00036,2026-04-07,2026-04-08,Approved
PR-01855,EMP-00034,IT,SUP-00003,2026-02-28,2026-03-14,Approved
PR-01856,EMP-00009,Finance,SUP-00050,2026-05-25,2026-05-29,Approved
PR-01857,EMP-00045,IT,SUP-00025,2026-05-20,2026-05-21,Approved
PR-01858,EMP-00078,HR,SUP-00038,2026-01-18,2026-01-24,Approved
PR-01859,EMP-00017,Sales,SUP-00007,2026-02-05,2026-02-06,Approved
PR-01860,EMP-00029,IT,SUP-00036,2026-05-20,2026-05-25,Approved
PR-01861,EMP-00016,Marketing,SUP-00042,2026-01-30,2026-02-02,Approved
PR-01862,EMP-00028,Marketing,SUP-00009,2026-01-03,2026-01-05,Approved
PR-01863,EMP-00062,HR,SUP-00050,2026-03-19,2026-03-22,Approved
PR-01864,EMP-00100,Engineering,SUP-00021,2026-05-03,2026-05-04,Approved
PR-01865,EMP-00078,HR,SUP-00020,2026-02-07,2026-02-22,Approved
PR-01866,EMP-00060,Operations,SUP-00043,2026-05-25,2026-05-27,Approved
PR-01867,EMP-00092,Engineering,SUP-00044,2026-04-15,2026-04-19,Approved
PR-01868,EMP-00077,Operations,SUP-00019,2026-04-11,2026-04-13,Approved
PR-01869,EMP-00068,Marketing,SUP-00041,2026-02-10,2026-02-15,Approved
PR-01870,EMP-00016,Marketing,SUP-00004,2026-04-17,2026-04-20,Approved
PR-01871,EMP-00009,Finance,SUP-00012,2026-03-13,2026-03-22,Approved
PR-01872,EMP-00081,IT,SUP-00002,2026-03-20,2026-03-25,Approved
PR-01873,EMP-00044,IT,SUP-00017,2026-05-01,2026-05-02,Approved
PR-01874,EMP-00037,IT,SUP-00040,2026-03-06,2026-03-09,Approved
PR-01875,EMP-00030,Sales,SUP-00034,2026-03-03,2026-03-05,Approved
PR-01876,EMP-00065,Marketing,SUP-00032,2026-03-13,2026-03-21,Approved
PR-01877,EMP-00081,IT,SUP-00025,2026-03-17,2026-03-30,Approved
PR-01878,EMP-00089,Operations,SUP-00004,2026-05-29,2026-06-01,Approved
PR-01879,EMP-00056,Finance,SUP-00022,2026-03-28,2026-03-29,Approved
PR-01880,EMP-00035,Marketing,SUP-00012,2026-05-18,2026-05-24,Approved
PR-01881,EMP-00086,HR,SUP-00043,2026-05-21,2026-05-23,Approved
PR-01882,EMP-00073,HR,SUP-00025,2026-05-11,2026-05-15,Approved
PR-01883,EMP-00021,IT,SUP-00008,2026-01-28,2026-02-01,Approved
PR-01884,EMP-00069,Finance,SUP-00038,2026-01-14,2026-01-15,Approved
PR-01885,EMP-00046,Operations,SUP-00019,2026-04-19,2026-05-01,Approved
PR-01886,EMP-00041,Marketing,SUP-00033,2026-03-14,2026-03-16,Approved
PR-01887,EMP-00082,Sales,SUP-00026,2026-05-22,2026-05-24,Approved
PR-01888,EMP-00053,Operations,SUP-00027,2026-02-13,2026-02-23,Approved
PR-01889,EMP-00049,IT,SUP-00044,2026-05-05,2026-05-06,Approved
PR-01890,EMP-00014,Marketing,SUP-00017,2026-02-14,2026-02-15,Approved
PR-01891,EMP-00039,Operations,SUP-00041,2026-04-25,2026-04-26,Approved
PR-01892,EMP-00100,Engineering,SUP-00024,2026-04-09,2026-04-11,Approved
PR-01893,EMP-00047,IT,SUP-00018,2026-04-22,2026-04-25,Approved
PR-01894,EMP-00074,Engineering,SUP-00029,2026-02-22,2026-02-24,Approved
PR-01895,EMP-00080,Marketing,SUP-00032,2026-04-14,2026-04-16,Approved
PR-01896,EMP-00084,Sales,SUP-00030,2026-03-01,2026-03-03,Approved
PR-01897,EMP-00029,IT,SUP-00039,2026-04-26,2026-05-04,Approved
PR-01898,EMP-00041,Marketing,SUP-00047,2026-04-22,2026-04-25,Approved
PR-01899,EMP-00088,Operations,SUP-00016,2026-04-04,2026-04-06,Approved
PR-01900,EMP-00031,Procurement,SUP-00042,2026-01-10,2026-01-12,Approved
PR-01901,EMP-00015,Operations,SUP-00031,2026-05-22,2026-05-25,Approved
PR-01902,EMP-00067,Sales,SUP-00007,2026-04-22,2026-04-24,Approved
PR-01903,EMP-00050,Procurement,SUP-00023,2026-01-24,2026-02-04,Approved
PR-01904,EMP-00068,Marketing,SUP-00030,2026-04-19,2026-04-20,Approved
PR-01905,EMP-00027,Operations,SUP-00045,2026-03-10,2026-03-15,Approved
PR-01906,EMP-00052,Finance,SUP-00013,2026-02-09,2026-02-12,Approved
PR-01907,EMP-00045,IT,SUP-00002,2026-05-09,2026-05-12,Approved
PR-01908,EMP-00077,Operations,SUP-00040,2026-03-03,2026-03-06,Approved
PR-01909,EMP-00093,IT,SUP-00042,2026-03-05,2026-03-06,Approved
PR-01910,EMP-00006,HR,SUP-00028,2026-04-28,2026-05-02,Approved
PR-01911,EMP-00036,Engineering,SUP-00032,2026-05-14,2026-05-25,Approved
PR-01912,EMP-00056,Finance,SUP-00028,2026-02-12,2026-02-15,Approved
PR-01913,EMP-00061,Operations,SUP-00010,2026-03-18,2026-03-23,Approved
PR-01914,EMP-00061,Operations,SUP-00027,2026-05-05,2026-05-06,Approved
PR-01915,EMP-00089,Operations,SUP-00030,2026-03-19,2026-03-21,Approved
PR-01916,EMP-00048,Operations,SUP-00008,2026-04-30,2026-05-03,Approved
PR-01917,EMP-00019,IT,SUP-00035,2026-03-04,2026-03-05,Approved
PR-01918,EMP-00065,Marketing,SUP-00020,2026-04-21,2026-04-26,Approved
PR-01919,EMP-00007,Engineering,SUP-00027,2026-01-18,2026-01-21,Approved
PR-01920,EMP-00075,Marketing,SUP-00016,2026-02-07,2026-02-10,Approved
PR-01921,EMP-00073,HR,SUP-00002,2026-01-07,2026-01-14,Approved
PR-01922,EMP-00004,Engineering,SUP-00044,2026-04-05,2026-04-06,Approved
PR-01923,EMP-00096,HR,SUP-00006,2026-05-21,2026-05-24,Approved
PR-01924,EMP-00026,Operations,SUP-00037,2026-03-10,2026-03-11,Approved
PR-01925,EMP-00041,Marketing,SUP-00007,2026-02-26,2026-02-27,Approved
PR-01926,EMP-00053,Operations,SUP-00033,2026-04-17,2026-04-27,Approved
PR-01927,EMP-00038,Marketing,SUP-00036,2026-02-11,2026-02-14,Approved
PR-01928,EMP-00009,Finance,SUP-00041,2026-05-07,2026-05-08,Approved
PR-01929,EMP-00062,HR,SUP-00027,2026-05-01,2026-05-11,Approved
PR-01930,EMP-00005,HR,SUP-00038,2026-05-15,2026-05-25,Approved
PR-01931,EMP-00020,Marketing,SUP-00041,2026-02-27,2026-03-03,Approved
PR-01932,EMP-00040,Sales,SUP-00023,2026-01-14,2026-01-17,Approved
PR-01933,EMP-00013,Procurement,SUP-00027,2026-03-05,2026-03-08,Approved
PR-01934,EMP-00057,HR,SUP-00001,2026-04-18,2026-04-21,Approved
PR-01935,EMP-00048,Operations,SUP-00028,2026-03-22,2026-03-26,Approved
PR-01936,EMP-00076,HR,SUP-00011,2026-03-27,2026-03-29,Approved
PR-01937,EMP-00003,Engineering,SUP-00003,2026-05-31,2026-06-01,Approved
PR-01938,EMP-00068,Marketing,SUP-00042,2026-03-28,2026-04-04,Approved
PR-01939,EMP-00046,Operations,SUP-00050,2026-01-03,2026-01-08,Approved
PR-01940,EMP-00028,Marketing,SUP-00008,2026-01-01,2026-01-03,Approved
PR-01941,EMP-00019,IT,SUP-00018,2026-05-27,2026-05-28,Approved
PR-01942,EMP-00037,IT,SUP-00044,2026-01-11,2026-01-14,Approved
PR-01943,EMP-00066,Finance,SUP-00026,2026-01-28,2026-02-03,Approved
PR-01944,EMP-00049,IT,SUP-00021,2026-02-05,2026-02-09,Approved
PR-01945,EMP-00094,HR,SUP-00043,2026-05-08,2026-05-10,Approved
PR-01946,EMP-00100,Engineering,SUP-00046,2026-05-02,2026-05-05,Approved
PR-01947,EMP-00055,Procurement,SUP-00005,2026-04-18,2026-04-21,Approved
PR-01948,EMP-00068,Marketing,SUP-00029,2026-01-10,2026-01-11,Rejected
PR-01949,EMP-00088,Operations,SUP-00041,2026-02-08,2026-02-09,Approved
PR-01950,EMP-00011,Sales,SUP-00049,2026-04-22,2026-05-04,Approved
PR-01951,EMP-00043,Finance,SUP-00032,2026-02-23,2026-02-25,Approved
PR-01952,EMP-00061,Operations,SUP-00031,2026-01-09,2026-01-13,Rejected
PR-01953,EMP-00022,Marketing,SUP-00034,2026-04-26,2026-05-09,Approved
PR-01954,EMP-00052,Finance,SUP-00046,2026-01-02,2026-01-03,Approved
PR-01955,EMP-00044,IT,SUP-00042,2026-03-03,2026-03-08,Approved
PR-01956,EMP-00023,IT,SUP-00039,2026-01-03,2026-01-06,Approved
PR-01957,EMP-00081,IT,SUP-00028,2026-05-04,2026-05-07,Approved
PR-01958,EMP-00055,Procurement,SUP-00043,2026-05-16,2026-05-27,Approved
PR-01959,EMP-00078,HR,SUP-00026,2026-04-27,2026-05-02,Approved
PR-01960,EMP-00073,HR,SUP-00028,2026-03-27,2026-04-07,Approved
PR-01961,EMP-00065,Marketing,SUP-00029,2026-04-29,2026-05-04,Approved
PR-01962,EMP-00064,IT,SUP-00049,2026-01-10,2026-01-15,Approved
PR-01963,EMP-00067,Sales,SUP-00017,2026-02-26,2026-02-28,Rejected
PR-01964,EMP-00020,Marketing,SUP-00036,2026-05-18,2026-05-20,Approved
PR-01965,EMP-00070,Sales,SUP-00042,2026-01-14,2026-01-19,Approved
PR-01966,EMP-00021,IT,SUP-00029,2026-03-02,2026-03-07,Approved
PR-01967,EMP-00004,Engineering,SUP-00018,2026-04-20,2026-04-21,Approved
PR-01968,EMP-00071,Procurement,SUP-00027,2026-02-13,2026-02-16,Approved
PR-01969,EMP-00019,IT,SUP-00039,2026-02-11,2026-02-12,Approved
PR-01970,EMP-00073,HR,SUP-00006,2026-01-20,2026-01-21,Approved
PR-01971,EMP-00024,HR,SUP-00045,2026-02-15,2026-02-16,Approved
PR-01972,EMP-00052,Finance,SUP-00002,2026-05-11,2026-05-23,Approved
PR-01973,EMP-00089,Operations,SUP-00001,2026-04-01,2026-04-02,Approved
PR-01974,EMP-00048,Operations,SUP-00013,2026-01-17,2026-01-18,Approved
PR-01975,EMP-00096,HR,SUP-00034,2026-03-31,2026-04-03,Approved
PR-01976,EMP-00044,IT,SUP-00016,2026-02-24,2026-03-07,Approved
PR-01977,EMP-00070,Sales,SUP-00038,2026-02-28,2026-03-04,Approved
PR-01978,EMP-00056,Finance,SUP-00018,2026-01-11,2026-01-12,Approved
PR-01979,EMP-00016,Marketing,SUP-00002,2026-03-28,2026-03-29,Approved
PR-01980,EMP-00082,Sales,SUP-00032,2026-02-04,2026-02-14,Approved
PR-01981,EMP-00095,Marketing,SUP-00018,2026-03-23,2026-03-26,Approved
PR-01982,EMP-00011,Sales,SUP-00017,2026-03-18,2026-03-20,Approved
PR-01983,EMP-00027,Operations,SUP-00021,2026-01-20,2026-01-23,Approved
PR-01984,EMP-00066,Finance,SUP-00031,2026-01-07,2026-01-11,Approved
PR-01985,EMP-00020,Marketing,SUP-00003,2026-04-03,2026-04-04,Approved
PR-01986,EMP-00061,Operations,SUP-00019,2026-05-30,2026-06-01,Approved
PR-01987,EMP-00020,Marketing,SUP-00035,2026-05-21,2026-05-27,Approved
PR-01988,EMP-00014,Marketing,SUP-00012,2026-01-11,2026-01-14,Approved
PR-01989,EMP-00024,HR,SUP-00038,2026-01-18,2026-01-19,Approved
PR-01990,EMP-00086,HR,SUP-00049,2026-04-14,2026-04-17,Approved
PR-01991,EMP-00028,Marketing,SUP-00049,2026-01-21,2026-01-25,Approved
PR-01992,EMP-00021,IT,SUP-00025,2026-05-01,2026-05-05,Approved
PR-01993,EMP-00091,Operations,SUP-00022,2026-01-02,2026-01-08,Approved
PR-01994,EMP-00060,Operations,SUP-00041,2026-05-21,2026-05-22,Approved
PR-01995,EMP-00082,Sales,SUP-00034,2026-03-30,2026-04-03,Approved
PR-01996,EMP-00016,Marketing,SUP-00021,2026-04-18,2026-04-20,Approved
PR-01997,EMP-00097,Sales,SUP-00030,2026-02-02,2026-02-17,Rejected
PR-01998,EMP-00066,Finance,SUP-00041,2026-02-03,2026-02-06,Approved
PR-01999,EMP-00034,IT,SUP-00046,2026-02-04,2026-02-07,Approved
PR-02000,EMP-00061,Operations,SUP-00009,2026-01-04,2026-01-06,Approved
PR-02001,EMP-00006,HR,SUP-00040,2026-04-05,2026-04-13,Approved
PR-02002,EMP-00027,Operations,SUP-00001,2026-02-07,2026-02-08,Approved
PR-02003,EMP-00059,Marketing,SUP-00007,2026-03-12,2026-03-14,Approved
PR-02004,EMP-00094,HR,SUP-00011,2026-04-28,2026-05-01,Approved
PR-02005,EMP-00026,Operations,SUP-00043,2026-02-15,2026-02-24,Approved
PR-02006,EMP-00034,IT,SUP-00005,2026-02-27,2026-03-01,Approved
PR-02007,EMP-00100,Engineering,SUP-00041,2026-02-26,2026-02-28,Approved
PR-02008,EMP-00027,Operations,SUP-00024,2026-01-29,2026-02-01,Approved
PR-02009,EMP-00093,IT,SUP-00008,2026-04-14,2026-04-15,Approved
PR-02010,EMP-00064,IT,SUP-00044,2026-05-23,2026-06-06,Approved
PR-02011,EMP-00007,Engineering,SUP-00016,2026-02-08,2026-02-22,Approved
PR-02012,EMP-00090,Engineering,SUP-00042,2026-05-04,2026-05-07,Approved
PR-02013,EMP-00038,Marketing,SUP-00005,2026-03-11,2026-03-13,Approved
PR-02014,EMP-00057,HR,SUP-00039,2026-01-25,2026-01-27,Approved
PR-02015,EMP-00005,HR,SUP-00029,2026-04-02,2026-04-04,Approved
PR-02016,EMP-00006,HR,SUP-00012,2026-01-20,2026-01-21,Approved
PR-02017,EMP-00008,HR,SUP-00020,2026-05-17,2026-05-20,Approved
PR-02018,EMP-00012,Finance,SUP-00004,2026-02-24,2026-02-25,Approved
PR-02019,EMP-00016,Marketing,SUP-00002,2026-01-31,2026-02-02,Approved
PR-02020,EMP-00094,HR,SUP-00034,2026-01-24,2026-02-03,Approved
PR-02021,EMP-00092,Engineering,SUP-00036,2026-03-12,2026-03-24,Approved
PR-02022,EMP-00078,HR,SUP-00020,2026-02-25,2026-02-27,Approved
PR-02023,EMP-00059,Marketing,SUP-00027,2026-01-01,2026-01-04,Approved
PR-02024,EMP-00021,IT,SUP-00024,2026-05-27,2026-05-28,Approved
PR-02025,EMP-00043,Finance,SUP-00019,2026-02-20,2026-02-22,Approved
PR-02026,EMP-00004,Engineering,SUP-00045,2026-02-04,2026-02-17,Approved
PR-02027,EMP-00090,Engineering,SUP-00033,2026-04-21,2026-04-22,Approved
PR-02028,EMP-00049,IT,SUP-00015,2026-01-09,2026-01-11,Approved
PR-02029,EMP-00056,Finance,SUP-00008,2026-01-19,2026-01-23,Approved
PR-02030,EMP-00023,IT,SUP-00024,2026-05-14,2026-05-26,Rejected
PR-02031,EMP-00046,Operations,SUP-00005,2026-02-10,2026-02-22,Approved
PR-02032,EMP-00056,Finance,SUP-00011,2026-03-13,2026-03-15,Approved
PR-02033,EMP-00060,Operations,SUP-00009,2026-04-14,2026-04-28,Approved
PR-02034,EMP-00096,HR,SUP-00032,2026-02-02,2026-02-15,Approved
PR-02035,EMP-00031,Procurement,SUP-00010,2026-05-29,2026-05-31,Approved
PR-02036,EMP-00002,Marketing,SUP-00026,2026-03-03,2026-03-18,Approved
PR-02037,EMP-00011,Sales,SUP-00017,2026-03-28,2026-04-02,Approved
PR-02038,EMP-00040,Sales,SUP-00011,2026-01-12,2026-01-14,Approved
PR-02039,EMP-00060,Operations,SUP-00041,2026-05-13,2026-05-14,Approved
PR-02040,EMP-00023,IT,SUP-00031,2026-03-24,2026-03-26,Approved
PR-02041,EMP-00045,IT,SUP-00027,2026-01-07,2026-01-22,Approved
PR-02042,EMP-00007,Engineering,SUP-00002,2026-01-22,2026-01-25,Approved
PR-02043,EMP-00023,IT,SUP-00020,2026-01-07,2026-01-09,Approved
PR-02044,EMP-00008,HR,SUP-00010,2026-03-16,2026-03-19,Approved
PR-02045,EMP-00032,Procurement,SUP-00021,2026-03-15,2026-03-17,Approved
PR-02046,EMP-00067,Sales,SUP-00001,2026-05-09,2026-05-10,Approved
PR-02047,EMP-00085,Sales,SUP-00012,2026-01-07,2026-01-08,Approved
PR-02048,EMP-00029,IT,SUP-00005,2026-03-30,2026-04-02,Approved
PR-02049,EMP-00081,IT,SUP-00014,2026-04-14,2026-04-16,Approved
PR-02050,EMP-00062,HR,SUP-00028,2026-03-24,2026-03-25,Approved
PR-02051,EMP-00034,IT,SUP-00017,2026-05-22,2026-05-23,Approved
PR-02052,EMP-00071,Procurement,SUP-00033,2026-05-23,2026-05-25,Approved
PR-02053,EMP-00056,Finance,SUP-00017,2026-02-02,2026-02-03,Approved
PR-02054,EMP-00058,IT,SUP-00049,2026-05-23,2026-05-29,Rejected
PR-02055,EMP-00008,HR,SUP-00009,2026-05-21,2026-05-26,Approved
PR-02056,EMP-00012,Finance,SUP-00036,2026-05-16,2026-05-17,Approved
PR-02057,EMP-00001,Engineering,SUP-00043,2026-04-13,2026-04-16,Approved
PR-02058,EMP-00015,Operations,SUP-00031,2026-04-15,2026-04-17,Approved
PR-02059,EMP-00079,Operations,SUP-00011,2026-05-16,2026-05-18,Approved
PR-02060,EMP-00052,Finance,SUP-00031,2026-04-10,2026-04-14,Approved
PR-02061,EMP-00097,Sales,SUP-00001,2026-02-17,2026-03-02,Approved
PR-02062,EMP-00059,Marketing,SUP-00009,2026-03-17,2026-03-18,Approved
PR-02063,EMP-00006,HR,SUP-00025,2026-03-16,2026-03-31,Approved
PR-02064,EMP-00038,Marketing,SUP-00021,2026-04-05,2026-04-18,Approved
PR-02065,EMP-00075,Marketing,SUP-00010,2026-03-26,2026-04-04,Approved
PR-02066,EMP-00013,Procurement,SUP-00015,2026-01-10,2026-01-11,Approved
PR-02067,EMP-00064,IT,SUP-00016,2026-04-01,2026-04-07,Approved
PR-02068,EMP-00033,IT,SUP-00019,2026-02-06,2026-02-09,Approved
PR-02069,EMP-00082,Sales,SUP-00022,2026-05-20,2026-05-21,Approved
PR-02070,EMP-00064,IT,SUP-00034,2026-05-07,2026-05-15,Approved
PR-02071,EMP-00097,Sales,SUP-00011,2026-01-09,2026-01-12,Approved
PR-02072,EMP-00023,IT,SUP-00008,2026-04-10,2026-04-14,Approved
PR-02073,EMP-00061,Operations,SUP-00003,2026-01-03,2026-01-04,Approved
PR-02074,EMP-00012,Finance,SUP-00018,2026-01-29,2026-02-13,Approved
PR-02075,EMP-00078,HR,SUP-00039,2026-03-27,2026-04-02,Approved
PR-02076,EMP-00084,Sales,SUP-00042,2026-01-01,2026-01-03,Approved
PR-02077,EMP-00068,Marketing,SUP-00017,2026-01-20,2026-01-22,Approved
PR-02078,EMP-00014,Marketing,SUP-00036,2026-01-28,2026-01-31,Approved
PR-02079,EMP-00027,Operations,SUP-00035,2026-05-31,2026-06-01,Approved
PR-02080,EMP-00057,HR,SUP-00003,2026-01-19,2026-01-23,Approved
PR-02081,EMP-00059,Marketing,SUP-00036,2026-01-10,2026-01-14,Approved
PR-02082,EMP-00015,Operations,SUP-00026,2026-04-04,2026-04-05,Approved
PR-02083,EMP-00012,Finance,SUP-00049,2026-04-22,2026-05-02,Approved
PR-02084,EMP-00050,Procurement,SUP-00005,2026-01-05,2026-01-06,Approved
PR-02085,EMP-00028,Marketing,SUP-00002,2026-01-23,2026-01-27,Approved
PR-02086,EMP-00054,HR,SUP-00033,2026-01-26,2026-01-28,Approved
PR-02087,EMP-00017,Sales,SUP-00006,2026-04-22,2026-05-01,Approved
PR-02088,EMP-00016,Marketing,SUP-00024,2026-02-23,2026-03-01,Approved
PR-02089,EMP-00050,Procurement,SUP-00014,2026-05-16,2026-05-18,Approved
PR-02090,EMP-00025,Marketing,SUP-00009,2026-04-15,2026-04-20,Approved
PR-02091,EMP-00091,Operations,SUP-00023,2026-01-27,2026-02-05,Approved
PR-02092,EMP-00065,Marketing,SUP-00018,2026-05-10,2026-05-21,Approved
PR-02093,EMP-00043,Finance,SUP-00013,2026-01-05,2026-01-11,Approved
PR-02094,EMP-00098,Sales,SUP-00034,2026-05-27,2026-06-11,Approved
PR-02095,EMP-00070,Sales,SUP-00023,2026-01-23,2026-01-27,Approved
PR-02096,EMP-00095,Marketing,SUP-00028,2026-02-07,2026-02-12,Approved
PR-02097,EMP-00069,Finance,SUP-00035,2026-05-26,2026-05-29,Approved
PR-02098,EMP-00078,HR,SUP-00020,2026-03-17,2026-03-25,Approved
PR-02099,EMP-00015,Operations,SUP-00045,2026-05-23,2026-05-31,Approved
PR-02100,EMP-00076,HR,SUP-00002,2026-04-24,2026-04-30,Approved
PR-02101,EMP-00058,IT,SUP-00002,2026-03-25,2026-04-01,Approved
PR-02102,EMP-00030,Sales,SUP-00008,2026-03-14,2026-03-22,Approved
PR-02103,EMP-00034,IT,SUP-00022,2026-03-29,2026-03-30,Approved
PR-02104,EMP-00085,Sales,SUP-00024,2026-04-22,2026-04-25,Approved
PR-02105,EMP-00099,Sales,SUP-00021,2026-01-19,2026-01-20,Approved
PR-02106,EMP-00043,Finance,SUP-00027,2026-02-18,2026-02-21,Approved
PR-02107,EMP-00055,Procurement,SUP-00039,2026-04-13,2026-04-18,Approved
PR-02108,EMP-00099,Sales,SUP-00003,2026-01-08,2026-01-09,Approved
PR-02109,EMP-00094,HR,SUP-00012,2026-04-11,2026-04-13,Approved
PR-02110,EMP-00088,Operations,SUP-00024,2026-02-19,2026-02-22,Approved
PR-02111,EMP-00075,Marketing,SUP-00001,2026-03-13,2026-03-25,Approved
PR-02112,EMP-00053,Operations,SUP-00013,2026-04-15,2026-04-20,Approved
PR-02113,EMP-00048,Operations,SUP-00037,2026-01-13,2026-01-18,Approved
PR-02114,EMP-00008,HR,SUP-00001,2026-04-23,2026-04-28,Approved
PR-02115,EMP-00053,Operations,SUP-00029,2026-02-05,2026-02-09,Approved
PR-02116,EMP-00097,Sales,SUP-00018,2026-01-05,2026-01-06,Approved
PR-02117,EMP-00038,Marketing,SUP-00010,2026-01-13,2026-01-26,Approved
PR-02118,EMP-00052,Finance,SUP-00036,2026-04-12,2026-04-15,Approved
PR-02119,EMP-00010,Operations,SUP-00009,2026-01-23,2026-01-30,Approved
PR-02120,EMP-00034,IT,SUP-00033,2026-01-28,2026-02-02,Approved
PR-02121,EMP-00030,Sales,SUP-00019,2026-01-27,2026-01-28,Approved
PR-02122,EMP-00060,Operations,SUP-00042,2026-03-02,2026-03-05,Approved
PR-02123,EMP-00015,Operations,SUP-00038,2026-04-07,2026-04-09,Approved
PR-02124,EMP-00029,IT,SUP-00038,2026-03-09,2026-03-12,Approved
PR-02125,EMP-00039,Operations,SUP-00038,2026-03-17,2026-03-20,Approved
PR-02126,EMP-00032,Procurement,SUP-00013,2026-03-02,2026-03-04,Approved
PR-02127,EMP-00039,Operations,SUP-00018,2026-02-06,2026-02-18,Approved
PR-02128,EMP-00081,IT,SUP-00022,2026-01-24,2026-01-26,Approved
PR-02129,EMP-00071,Procurement,SUP-00005,2026-02-13,2026-02-20,Approved
PR-02130,EMP-00079,Operations,SUP-00039,2026-03-01,2026-03-16,Approved
PR-02131,EMP-00036,Engineering,SUP-00039,2026-05-20,2026-05-23,Approved
PR-02132,EMP-00052,Finance,SUP-00021,2026-01-06,2026-01-16,Approved
PR-02133,EMP-00006,HR,SUP-00012,2026-04-27,2026-04-28,Approved
PR-02134,EMP-00020,Marketing,SUP-00021,2026-01-04,2026-01-12,Approved
PR-02135,EMP-00077,Operations,SUP-00022,2026-02-16,2026-02-23,Rejected
PR-02136,EMP-00048,Operations,SUP-00033,2026-01-04,2026-01-06,Approved
PR-02137,EMP-00022,Marketing,SUP-00040,2026-01-19,2026-01-22,Approved
PR-02138,EMP-00098,Sales,SUP-00030,2026-01-11,2026-01-21,Approved
PR-02139,EMP-00027,Operations,SUP-00040,2026-05-20,2026-05-21,Rejected
PR-02140,EMP-00069,Finance,SUP-00033,2026-05-19,2026-06-01,Rejected
PR-02141,EMP-00053,Operations,SUP-00030,2026-03-18,2026-04-02,Approved
PR-02142,EMP-00056,Finance,SUP-00021,2026-01-22,2026-01-31,Approved
PR-02143,EMP-00027,Operations,SUP-00019,2026-04-23,2026-04-24,Approved
PR-02144,EMP-00039,Operations,SUP-00049,2026-02-20,2026-02-22,Approved
PR-02145,EMP-00039,Operations,SUP-00017,2026-01-17,2026-01-26,Approved
PR-02146,EMP-00052,Finance,SUP-00003,2026-05-28,2026-06-06,Approved
PR-02147,EMP-00013,Procurement,SUP-00050,2026-05-07,2026-05-21,Approved
PR-02148,EMP-00060,Operations,SUP-00042,2026-04-13,2026-04-25,Approved
PR-02149,EMP-00001,Engineering,SUP-00017,2026-01-08,2026-01-11,Approved
PR-02150,EMP-00021,IT,SUP-00001,2026-05-26,2026-05-27,Approved
PR-02151,EMP-00002,Marketing,SUP-00015,2026-03-29,2026-03-31,Approved
PR-02152,EMP-00008,HR,SUP-00037,2026-02-20,2026-03-07,Approved
PR-02153,EMP-00052,Finance,SUP-00048,2026-05-17,2026-05-22,Approved
PR-02154,EMP-00040,Sales,SUP-00015,2026-05-20,2026-05-21,Approved
PR-02155,EMP-00069,Finance,SUP-00020,2026-02-17,2026-02-20,Approved
PR-02156,EMP-00038,Marketing,SUP-00002,2026-04-14,2026-04-29,Approved
PR-02157,EMP-00050,Procurement,SUP-00037,2026-01-27,2026-01-30,Approved
PR-02158,EMP-00051,Procurement,SUP-00048,2026-05-06,2026-05-14,Approved
PR-02159,EMP-00033,IT,SUP-00022,2026-03-15,2026-03-17,Approved
PR-02160,EMP-00093,IT,SUP-00017,2026-01-29,2026-01-31,Approved
PR-02161,EMP-00018,Engineering,SUP-00037,2026-05-29,2026-05-30,Approved
PR-02162,EMP-00099,Sales,SUP-00050,2026-01-23,2026-01-25,Approved
PR-02163,EMP-00008,HR,SUP-00031,2026-02-14,2026-02-19,Approved
PR-02164,EMP-00062,HR,SUP-00040,2026-03-02,2026-03-06,Rejected
PR-02165,EMP-00069,Finance,SUP-00008,2026-02-08,2026-02-11,Approved
PR-02166,EMP-00015,Operations,SUP-00014,2026-04-09,2026-04-12,Approved
PR-02167,EMP-00016,Marketing,SUP-00044,2026-02-03,2026-02-04,Approved
PR-02168,EMP-00054,HR,SUP-00039,2026-04-13,2026-04-20,Approved
PR-02169,EMP-00015,Operations,SUP-00019,2026-05-30,2026-06-03,Approved
PR-02170,EMP-00030,Sales,SUP-00043,2026-02-05,2026-02-08,Approved
PR-02171,EMP-00060,Operations,SUP-00048,2026-05-31,2026-06-03,Approved
PR-02172,EMP-00082,Sales,SUP-00044,2026-03-19,2026-03-22,Approved
PR-02173,EMP-00077,Operations,SUP-00022,2026-01-11,2026-01-13,Approved
PR-02174,EMP-00081,IT,SUP-00007,2026-01-19,2026-01-20,Approved
PR-02175,EMP-00002,Marketing,SUP-00035,2026-03-24,2026-03-26,Approved
PR-02176,EMP-00027,Operations,SUP-00022,2026-01-26,2026-02-01,Approved
PR-02177,EMP-00060,Operations,SUP-00013,2026-02-06,2026-02-08,Approved
PR-02178,EMP-00099,Sales,SUP-00023,2026-04-16,2026-04-17,Approved
PR-02179,EMP-00040,Sales,SUP-00038,2026-03-15,2026-03-16,Approved
PR-02180,EMP-00062,HR,SUP-00023,2026-02-04,2026-02-05,Approved
PR-02181,EMP-00055,Procurement,SUP-00032,2026-03-20,2026-03-21,Approved
PR-02182,EMP-00043,Finance,SUP-00017,2026-04-17,2026-04-19,Approved
PR-02183,EMP-00092,Engineering,SUP-00009,2026-05-17,2026-05-25,Approved
PR-02184,EMP-00089,Operations,SUP-00042,2026-02-16,2026-02-20,Rejected
PR-02185,EMP-00058,IT,SUP-00011,2026-05-04,2026-05-08,Approved
PR-02186,EMP-00023,IT,SUP-00050,2026-05-11,2026-05-19,Approved
PR-02187,EMP-00032,Procurement,SUP-00046,2026-01-14,2026-01-16,Approved
PR-02188,EMP-00069,Finance,SUP-00004,2026-04-28,2026-04-30,Approved
PR-02189,EMP-00027,Operations,SUP-00013,2026-01-08,2026-01-10,Approved
PR-02190,EMP-00071,Procurement,SUP-00025,2026-04-16,2026-04-17,Approved
PR-02191,EMP-00023,IT,SUP-00028,2026-03-19,2026-03-20,Approved
PR-02192,EMP-00019,IT,SUP-00016,2026-03-04,2026-03-09,Approved
PR-02193,EMP-00097,Sales,SUP-00032,2026-05-06,2026-05-19,Approved
PR-02194,EMP-00039,Operations,SUP-00049,2026-03-16,2026-03-17,Approved
PR-02195,EMP-00090,Engineering,SUP-00016,2026-01-30,2026-02-10,Approved
PR-02196,EMP-00055,Procurement,SUP-00038,2026-04-23,2026-04-25,Approved
PR-02197,EMP-00015,Operations,SUP-00032,2026-05-15,2026-05-16,Approved
PR-02198,EMP-00024,HR,SUP-00034,2026-02-03,2026-02-17,Approved
PR-02199,EMP-00087,IT,SUP-00049,2026-01-14,2026-01-17,Approved
PR-02200,EMP-00082,Sales,SUP-00007,2026-04-30,2026-05-10,Approved
PR-02201,EMP-00064,IT,SUP-00011,2026-05-12,2026-05-17,Approved
PR-02202,EMP-00031,Procurement,SUP-00040,2026-02-21,2026-02-22,Approved
PR-02203,EMP-00090,Engineering,SUP-00024,2026-01-29,2026-01-31,Approved
PR-02204,EMP-00014,Marketing,SUP-00011,2026-01-06,2026-01-10,Approved
PR-02205,EMP-00051,Procurement,SUP-00004,2026-01-24,2026-01-26,Approved
PR-02206,EMP-00034,IT,SUP-00043,2026-02-20,2026-02-25,Approved
PR-02207,EMP-00074,Engineering,SUP-00016,2026-01-24,2026-01-25,Approved
PR-02208,EMP-00091,Operations,SUP-00028,2026-01-30,2026-02-02,Approved
PR-02209,EMP-00024,HR,SUP-00034,2026-01-14,2026-01-28,Approved
PR-02210,EMP-00013,Procurement,SUP-00006,2026-04-14,2026-04-15,Approved
PR-02211,EMP-00047,IT,SUP-00011,2026-02-04,2026-02-16,Approved
PR-02212,EMP-00081,IT,SUP-00009,2026-02-20,2026-02-22,Approved
PR-02213,EMP-00053,Operations,SUP-00011,2026-02-23,2026-02-26,Approved
PR-02214,EMP-00003,Engineering,SUP-00001,2026-05-14,2026-05-16,Approved
PR-02215,EMP-00094,HR,SUP-00007,2026-05-23,2026-06-04,Approved
PR-02216,EMP-00036,Engineering,SUP-00007,2026-02-04,2026-02-09,Approved
PR-02217,EMP-00058,IT,SUP-00033,2026-04-04,2026-04-06,Approved
PR-02218,EMP-00027,Operations,SUP-00050,2026-05-26,2026-05-30,Approved
PR-02219,EMP-00083,Engineering,SUP-00049,2026-02-28,2026-03-01,Approved
PR-02220,EMP-00034,IT,SUP-00005,2026-05-19,2026-05-21,Approved
PR-02221,EMP-00083,Engineering,SUP-00032,2026-02-09,2026-02-10,Approved
PR-02222,EMP-00045,IT,SUP-00045,2026-05-03,2026-05-08,Approved
PR-02223,EMP-00065,Marketing,SUP-00042,2026-04-24,2026-04-25,Approved
PR-02224,EMP-00043,Finance,SUP-00008,2026-02-02,2026-02-04,Approved
PR-02225,EMP-00081,IT,SUP-00018,2026-01-02,2026-01-03,Approved
PR-02226,EMP-00059,Marketing,SUP-00006,2026-04-14,2026-04-28,Approved
PR-02227,EMP-00007,Engineering,SUP-00015,2026-01-17,2026-01-28,Approved
PR-02228,EMP-00029,IT,SUP-00015,2026-03-05,2026-03-07,Approved
PR-02229,EMP-00081,IT,SUP-00015,2026-01-29,2026-01-30,Approved
PR-02230,EMP-00009,Finance,SUP-00035,2026-04-16,2026-04-18,Approved
PR-02231,EMP-00097,Sales,SUP-00005,2026-05-06,2026-05-07,Approved
PR-02232,EMP-00064,IT,SUP-00017,2026-04-25,2026-04-26,Rejected
PR-02233,EMP-00100,Engineering,SUP-00016,2026-04-29,2026-04-30,Approved
PR-02234,EMP-00069,Finance,SUP-00034,2026-04-29,2026-05-02,Approved
PR-02235,EMP-00054,HR,SUP-00019,2026-05-06,2026-05-08,Approved
PR-02236,EMP-00027,Operations,SUP-00007,2026-01-05,2026-01-09,Approved
PR-02237,EMP-00030,Sales,SUP-00045,2026-04-20,2026-04-24,Approved
PR-02238,EMP-00051,Procurement,SUP-00025,2026-03-27,2026-03-29,Approved
PR-02239,EMP-00078,HR,SUP-00049,2026-04-11,2026-04-13,Approved
PR-02240,EMP-00034,IT,SUP-00038,2026-05-02,2026-05-03,Approved
PR-02241,EMP-00070,Sales,SUP-00035,2026-03-26,2026-03-29,Approved
PR-02242,EMP-00076,HR,SUP-00022,2026-04-30,2026-05-01,Approved
PR-02243,EMP-00031,Procurement,SUP-00028,2026-05-20,2026-06-04,Approved
PR-02244,EMP-00092,Engineering,SUP-00039,2026-05-27,2026-06-01,Approved
PR-02245,EMP-00065,Marketing,SUP-00012,2026-01-11,2026-01-22,Approved
PR-02246,EMP-00018,Engineering,SUP-00024,2026-04-12,2026-04-21,Approved
PR-02247,EMP-00038,Marketing,SUP-00039,2026-04-23,2026-04-24,Approved
PR-02248,EMP-00080,Marketing,SUP-00039,2026-01-27,2026-01-29,Approved
PR-02249,EMP-00043,Finance,SUP-00025,2026-05-05,2026-05-07,Approved
PR-02250,EMP-00040,Sales,SUP-00005,2026-02-16,2026-02-28,Approved
PR-02251,EMP-00061,Operations,SUP-00047,2026-04-25,2026-04-26,Approved
PR-02252,EMP-00095,Marketing,SUP-00045,2026-01-07,2026-01-09,Approved
PR-02253,EMP-00073,HR,SUP-00010,2026-01-23,2026-01-25,Approved
PR-02254,EMP-00027,Operations,SUP-00006,2026-01-25,2026-01-26,Approved
PR-02255,EMP-00021,IT,SUP-00047,2026-02-07,2026-02-08,Approved
PR-02256,EMP-00032,Procurement,SUP-00019,2026-05-11,2026-05-12,Approved
PR-02257,EMP-00079,Operations,SUP-00029,2026-01-31,2026-02-10,Approved
PR-02258,EMP-00052,Finance,SUP-00028,2026-05-10,2026-05-12,Approved
PR-02259,EMP-00066,Finance,SUP-00033,2026-05-19,2026-05-23,Approved
PR-02260,EMP-00091,Operations,SUP-00006,2026-02-18,2026-02-23,Approved
PR-02261,EMP-00048,Operations,SUP-00042,2026-02-10,2026-02-22,Approved
PR-02262,EMP-00043,Finance,SUP-00014,2026-05-24,2026-06-02,Approved
PR-02263,EMP-00092,Engineering,SUP-00012,2026-01-13,2026-01-14,Approved
PR-02264,EMP-00054,HR,SUP-00020,2026-05-29,2026-05-30,Approved
PR-02265,EMP-00003,Engineering,SUP-00046,2026-02-15,2026-02-27,Approved
PR-02266,EMP-00062,HR,SUP-00025,2026-04-01,2026-04-12,Approved
PR-02267,EMP-00025,Marketing,SUP-00035,2026-01-12,2026-01-25,Approved
PR-02268,EMP-00083,Engineering,SUP-00014,2026-03-09,2026-03-13,Approved
PR-02269,EMP-00054,HR,SUP-00004,2026-04-24,2026-04-26,Approved
PR-02270,EMP-00072,Procurement,SUP-00044,2026-05-29,2026-06-04,Approved
PR-02271,EMP-00065,Marketing,SUP-00011,2026-03-10,2026-03-20,Approved
PR-02272,EMP-00021,IT,SUP-00043,2026-02-05,2026-02-07,Approved
PR-02273,EMP-00071,Procurement,SUP-00033,2026-04-19,2026-04-20,Approved
PR-02274,EMP-00031,Procurement,SUP-00022,2026-05-31,2026-06-07,Approved
PR-02275,EMP-00063,Finance,SUP-00034,2026-04-15,2026-04-17,Approved
PR-02276,EMP-00050,Procurement,SUP-00036,2026-02-17,2026-02-18,Approved
PR-02277,EMP-00048,Operations,SUP-00020,2026-01-06,2026-01-09,Approved
PR-02278,EMP-00019,IT,SUP-00025,2026-04-20,2026-04-22,Approved
PR-02279,EMP-00070,Sales,SUP-00009,2026-04-13,2026-04-27,Approved
PR-02280,EMP-00022,Marketing,SUP-00009,2026-03-08,2026-03-19,Approved
PR-02281,EMP-00031,Procurement,SUP-00049,2026-04-13,2026-04-15,Approved
PR-02282,EMP-00007,Engineering,SUP-00002,2026-05-13,2026-05-15,Approved
PR-02283,EMP-00009,Finance,SUP-00009,2026-03-09,2026-03-20,Approved
PR-02284,EMP-00030,Sales,SUP-00010,2026-05-29,2026-06-03,Approved
PR-02285,EMP-00058,IT,SUP-00011,2026-01-24,2026-01-27,Approved
PR-02286,EMP-00011,Sales,SUP-00025,2026-02-04,2026-02-07,Approved
PR-02287,EMP-00095,Marketing,SUP-00020,2026-03-05,2026-03-08,Approved
PR-02288,EMP-00067,Sales,SUP-00042,2026-04-19,2026-04-24,Approved
PR-02289,EMP-00095,Marketing,SUP-00036,2026-02-23,2026-02-26,Approved
PR-02290,EMP-00044,IT,SUP-00049,2026-03-25,2026-03-30,Approved
PR-02291,EMP-00080,Marketing,SUP-00015,2026-02-04,2026-02-09,Approved
PR-02292,EMP-00006,HR,SUP-00009,2026-04-07,2026-04-21,Approved
PR-02293,EMP-00002,Marketing,SUP-00026,2026-04-16,2026-04-19,Approved
PR-02294,EMP-00095,Marketing,SUP-00017,2026-03-22,2026-03-25,Approved
PR-02295,EMP-00023,IT,SUP-00015,2026-03-20,2026-03-25,Approved
PR-02296,EMP-00071,Procurement,SUP-00011,2026-04-05,2026-04-07,Approved
PR-02297,EMP-00085,Sales,SUP-00007,2026-03-16,2026-03-24,Approved
PR-02298,EMP-00082,Sales,SUP-00008,2026-01-14,2026-01-15,Approved
PR-02299,EMP-00009,Finance,SUP-00019,2026-04-26,2026-05-09,Approved
PR-02300,EMP-00092,Engineering,SUP-00031,2026-01-18,2026-01-20,Approved
PR-02301,EMP-00063,Finance,SUP-00034,2026-01-24,2026-01-29,Approved
PR-02302,EMP-00084,Sales,SUP-00013,2026-01-02,2026-01-03,Rejected
PR-02303,EMP-00049,IT,SUP-00026,2026-05-07,2026-05-10,Approved
PR-02304,EMP-00049,IT,SUP-00014,2026-04-24,2026-04-25,Approved
PR-02305,EMP-00078,HR,SUP-00042,2026-04-19,2026-04-20,Approved
PR-02306,EMP-00085,Sales,SUP-00018,2026-02-28,2026-03-03,Approved
PR-02307,EMP-00018,Engineering,SUP-00026,2026-05-17,2026-05-21,Approved
PR-02308,EMP-00024,HR,SUP-00010,2026-05-12,2026-05-13,Approved
PR-02309,EMP-00045,IT,SUP-00016,2026-05-09,2026-05-12,Approved
PR-02310,EMP-00079,Operations,SUP-00006,2026-03-07,2026-03-13,Approved
PR-02311,EMP-00034,IT,SUP-00049,2026-01-20,2026-01-21,Approved
PR-02312,EMP-00015,Operations,SUP-00027,2026-01-22,2026-01-26,Approved
PR-02313,EMP-00043,Finance,SUP-00005,2026-05-06,2026-05-11,Approved
PR-02314,EMP-00013,Procurement,SUP-00012,2026-05-02,2026-05-14,Approved
PR-02315,EMP-00021,IT,SUP-00005,2026-03-05,2026-03-12,Approved
PR-02316,EMP-00055,Procurement,SUP-00007,2026-03-25,2026-03-28,Approved
PR-02317,EMP-00035,Marketing,SUP-00003,2026-02-28,2026-03-02,Approved
PR-02318,EMP-00068,Marketing,SUP-00027,2026-04-12,2026-04-16,Approved
PR-02319,EMP-00007,Engineering,SUP-00044,2026-02-14,2026-02-20,Approved
PR-02320,EMP-00094,HR,SUP-00001,2026-05-17,2026-05-24,Approved
PR-02321,EMP-00043,Finance,SUP-00018,2026-04-26,2026-04-29,Approved
PR-02322,EMP-00084,Sales,SUP-00015,2026-03-03,2026-03-06,Rejected
PR-02323,EMP-00012,Finance,SUP-00046,2026-05-18,2026-06-01,Approved
PR-02324,EMP-00060,Operations,SUP-00010,2026-01-16,2026-01-25,Approved
PR-02325,EMP-00014,Marketing,SUP-00006,2026-03-12,2026-03-14,Approved
PR-02326,EMP-00051,Procurement,SUP-00045,2026-03-06,2026-03-07,Approved
PR-02327,EMP-00065,Marketing,SUP-00039,2026-02-11,2026-02-16,Rejected
PR-02328,EMP-00061,Operations,SUP-00027,2026-01-08,2026-01-10,Approved
PR-02329,EMP-00064,IT,SUP-00032,2026-05-28,2026-05-31,Approved
PR-02330,EMP-00002,Marketing,SUP-00049,2026-02-17,2026-02-18,Approved
PR-02331,EMP-00040,Sales,SUP-00036,2026-04-22,2026-04-24,Approved
PR-02332,EMP-00044,IT,SUP-00009,2026-04-09,2026-04-10,Approved
PR-02333,EMP-00092,Engineering,SUP-00027,2026-03-15,2026-03-17,Approved
PR-02334,EMP-00047,IT,SUP-00008,2026-05-31,2026-06-01,Approved
PR-02335,EMP-00057,HR,SUP-00044,2026-02-19,2026-02-27,Approved
PR-02336,EMP-00052,Finance,SUP-00042,2026-01-01,2026-01-02,Approved
PR-02337,EMP-00058,IT,SUP-00027,2026-03-26,2026-03-31,Approved
PR-02338,EMP-00008,HR,SUP-00027,2026-04-22,2026-04-26,Approved
PR-02339,EMP-00056,Finance,SUP-00046,2026-04-05,2026-04-07,Rejected
PR-02340,EMP-00025,Marketing,SUP-00045,2026-04-25,2026-04-28,Approved
PR-02341,EMP-00067,Sales,SUP-00016,2026-01-11,2026-01-16,Approved
PR-02342,EMP-00031,Procurement,SUP-00024,2026-05-21,2026-05-22,Approved
PR-02343,EMP-00077,Operations,SUP-00020,2026-02-10,2026-02-12,Approved
PR-02344,EMP-00017,Sales,SUP-00042,2026-05-01,2026-05-15,Approved
PR-02345,EMP-00048,Operations,SUP-00003,2026-02-16,2026-02-18,Approved
PR-02346,EMP-00083,Engineering,SUP-00004,2026-03-02,2026-03-03,Approved
PR-02347,EMP-00043,Finance,SUP-00007,2026-04-27,2026-05-08,Approved
PR-02348,EMP-00009,Finance,SUP-00037,2026-05-22,2026-05-23,Approved
PR-02349,EMP-00008,HR,SUP-00003,2026-01-31,2026-02-04,Approved
PR-02350,EMP-00090,Engineering,SUP-00001,2026-05-05,2026-05-07,Approved
PR-02351,EMP-00044,IT,SUP-00024,2026-03-13,2026-03-26,Approved
PR-02352,EMP-00096,HR,SUP-00038,2026-02-11,2026-02-16,Approved
PR-02353,EMP-00060,Operations,SUP-00017,2026-03-09,2026-03-12,Approved
PR-02354,EMP-00002,Marketing,SUP-00035,2026-04-06,2026-04-07,Approved
PR-02355,EMP-00071,Procurement,SUP-00021,2026-02-02,2026-02-04,Approved
PR-02356,EMP-00081,IT,SUP-00004,2026-01-17,2026-01-22,Approved
PR-02357,EMP-00091,Operations,SUP-00042,2026-04-28,2026-04-29,Rejected
PR-02358,EMP-00031,Procurement,SUP-00004,2026-05-24,2026-05-27,Approved
PR-02359,EMP-00084,Sales,SUP-00044,2026-02-11,2026-02-14,Approved
PR-02360,EMP-00079,Operations,SUP-00017,2026-01-19,2026-01-24,Approved
PR-02361,EMP-00056,Finance,SUP-00016,2026-05-24,2026-05-27,Rejected
PR-02362,EMP-00025,Marketing,SUP-00013,2026-04-29,2026-04-30,Approved
PR-02363,EMP-00063,Finance,SUP-00030,2026-04-03,2026-04-05,Approved
PR-02364,EMP-00056,Finance,SUP-00025,2026-01-19,2026-01-26,Rejected
PR-02365,EMP-00082,Sales,SUP-00033,2026-01-23,2026-01-28,Approved
PR-02366,EMP-00056,Finance,SUP-00048,2026-02-28,2026-03-14,Approved
PR-02367,EMP-00056,Finance,SUP-00023,2026-04-16,2026-04-18,Approved
PR-02368,EMP-00034,IT,SUP-00006,2026-01-23,2026-01-28,Approved
PR-02369,EMP-00057,HR,SUP-00038,2026-02-24,2026-02-25,Approved
PR-02370,EMP-00063,Finance,SUP-00024,2026-02-26,2026-02-28,Rejected
PR-02371,EMP-00073,HR,SUP-00044,2026-04-23,2026-04-25,Approved
PR-02372,EMP-00019,IT,SUP-00033,2026-04-14,2026-04-16,Approved
PR-02373,EMP-00019,IT,SUP-00028,2026-03-06,2026-03-08,Rejected
PR-02374,EMP-00051,Procurement,SUP-00013,2026-02-28,2026-03-02,Approved
PR-02375,EMP-00098,Sales,SUP-00006,2026-04-25,2026-04-27,Approved
PR-02376,EMP-00016,Marketing,SUP-00027,2026-04-01,2026-04-02,Approved
PR-02377,EMP-00090,Engineering,SUP-00001,2026-01-09,2026-01-12,Approved
PR-02378,EMP-00067,Sales,SUP-00042,2026-01-08,2026-01-11,Rejected
PR-02379,EMP-00025,Marketing,SUP-00043,2026-05-10,2026-05-21,Approved
PR-02380,EMP-00007,Engineering,SUP-00028,2026-04-24,2026-04-26,Approved
PR-02381,EMP-00095,Marketing,SUP-00031,2026-04-14,2026-04-17,Approved
PR-02382,EMP-00085,Sales,SUP-00032,2026-02-15,2026-02-16,Approved
PR-02383,EMP-00058,IT,SUP-00039,2026-01-16,2026-01-18,Approved
PR-02384,EMP-00061,Operations,SUP-00041,2026-03-28,2026-04-04,Approved
PR-02385,EMP-00079,Operations,SUP-00008,2026-03-28,2026-03-29,Approved
PR-02386,EMP-00081,IT,SUP-00040,2026-02-03,2026-02-05,Approved
PR-02387,EMP-00075,Marketing,SUP-00047,2026-01-08,2026-01-09,Rejected
PR-02388,EMP-00057,HR,SUP-00044,2026-03-19,2026-03-24,Approved
PR-02389,EMP-00099,Sales,SUP-00050,2026-02-02,2026-02-03,Approved
PR-02390,EMP-00028,Marketing,SUP-00010,2026-01-17,2026-01-23,Rejected
PR-02391,EMP-00013,Procurement,SUP-00032,2026-02-14,2026-02-17,Approved
PR-02392,EMP-00060,Operations,SUP-00007,2026-01-12,2026-01-14,Rejected
PR-02393,EMP-00086,HR,SUP-00005,2026-01-05,2026-01-13,Approved
PR-02394,EMP-00047,IT,SUP-00044,2026-05-03,2026-05-17,Approved
PR-02395,EMP-00057,HR,SUP-00019,2026-02-25,2026-02-27,Approved
PR-02396,EMP-00021,IT,SUP-00015,2026-02-27,2026-02-28,Approved
PR-02397,EMP-00072,Procurement,SUP-00044,2026-03-27,2026-03-29,Approved
PR-02398,EMP-00025,Marketing,SUP-00008,2026-05-07,2026-05-11,Approved
PR-02399,EMP-00085,Sales,SUP-00008,2026-04-28,2026-05-02,Approved
PR-02400,EMP-00078,HR,SUP-00038,2026-02-26,2026-02-27,Approved
PR-02401,EMP-00091,Operations,SUP-00001,2026-05-27,2026-06-11,Approved
PR-02402,EMP-00068,Marketing,SUP-00041,2026-05-11,2026-05-13,Approved
PR-02403,EMP-00087,IT,SUP-00044,2026-02-26,2026-03-03,Rejected
PR-02404,EMP-00030,Sales,SUP-00038,2026-03-27,2026-04-10,Approved
PR-02405,EMP-00070,Sales,SUP-00001,2026-01-23,2026-02-05,Approved
PR-02406,EMP-00030,Sales,SUP-00042,2026-03-01,2026-03-02,Approved
PR-02407,EMP-00054,HR,SUP-00016,2026-04-01,2026-04-03,Approved
PR-02408,EMP-00100,Engineering,SUP-00037,2026-01-01,2026-01-02,Approved
PR-02409,EMP-00085,Sales,SUP-00050,2026-02-16,2026-02-17,Approved
PR-02410,EMP-00022,Marketing,SUP-00020,2026-01-18,2026-01-20,Approved
PR-02411,EMP-00064,IT,SUP-00048,2026-04-04,2026-04-07,Approved
PR-02412,EMP-00095,Marketing,SUP-00015,2026-03-27,2026-03-30,Approved
PR-02413,EMP-00038,Marketing,SUP-00001,2026-05-01,2026-05-09,Approved
PR-02414,EMP-00044,IT,SUP-00034,2026-03-02,2026-03-16,Approved
PR-02415,EMP-00008,HR,SUP-00050,2026-02-09,2026-02-12,Approved
PR-02416,EMP-00098,Sales,SUP-00031,2026-01-14,2026-01-17,Approved
PR-02417,EMP-00095,Marketing,SUP-00022,2026-01-01,2026-01-02,Approved
PR-02418,EMP-00024,HR,SUP-00028,2026-02-04,2026-02-06,Approved
PR-02419,EMP-00022,Marketing,SUP-00022,2026-02-24,2026-03-09,Approved
PR-02420,EMP-00079,Operations,SUP-00027,2026-05-28,2026-05-31,Approved
PR-02421,EMP-00032,Procurement,SUP-00032,2026-02-02,2026-02-04,Approved
PR-02422,EMP-00025,Marketing,SUP-00033,2026-02-03,2026-02-07,Approved
PR-02423,EMP-00032,Procurement,SUP-00004,2026-04-06,2026-04-09,Approved
PR-02424,EMP-00050,Procurement,SUP-00042,2026-04-15,2026-04-17,Approved
PR-02425,EMP-00019,IT,SUP-00033,2026-04-23,2026-04-27,Approved
PR-02426,EMP-00082,Sales,SUP-00050,2026-02-03,2026-02-04,Approved
PR-02427,EMP-00100,Engineering,SUP-00022,2026-05-01,2026-05-16,Approved
PR-02428,EMP-00021,IT,SUP-00035,2026-01-31,2026-02-05,Approved
PR-02429,EMP-00010,Operations,SUP-00040,2026-04-11,2026-04-12,Approved
PR-02430,EMP-00001,Engineering,SUP-00032,2026-05-09,2026-05-17,Approved
PR-02431,EMP-00089,Operations,SUP-00003,2026-04-28,2026-05-03,Approved
PR-02432,EMP-00063,Finance,SUP-00036,2026-04-03,2026-04-09,Approved
PR-02433,EMP-00050,Procurement,SUP-00046,2026-03-18,2026-03-19,Approved
PR-02434,EMP-00006,HR,SUP-00039,2026-02-27,2026-03-02,Approved
PR-02435,EMP-00016,Marketing,SUP-00047,2026-04-27,2026-04-28,Approved
PR-02436,EMP-00019,IT,SUP-00016,2026-01-23,2026-01-25,Approved
PR-02437,EMP-00046,Operations,SUP-00028,2026-05-23,2026-05-29,Approved
PR-02438,EMP-00013,Procurement,SUP-00013,2026-05-17,2026-05-28,Approved
PR-02439,EMP-00086,HR,SUP-00040,2026-02-07,2026-02-09,Approved
PR-02440,EMP-00065,Marketing,SUP-00019,2026-03-09,2026-03-11,Approved
PR-02441,EMP-00035,Marketing,SUP-00041,2026-04-28,2026-04-29,Approved
PR-02442,EMP-00053,Operations,SUP-00037,2026-03-08,2026-03-22,Approved
PR-02443,EMP-00015,Operations,SUP-00001,2026-05-16,2026-05-20,Approved
PR-02444,EMP-00070,Sales,SUP-00026,2026-04-10,2026-04-15,Approved
PR-02445,EMP-00034,IT,SUP-00028,2026-05-31,2026-06-13,Approved
PR-02446,EMP-00051,Procurement,SUP-00009,2026-04-22,2026-04-27,Approved
PR-02447,EMP-00047,IT,SUP-00023,2026-01-17,2026-01-19,Approved
PR-02448,EMP-00086,HR,SUP-00007,2026-01-06,2026-01-07,Approved
PR-02449,EMP-00011,Sales,SUP-00038,2026-02-17,2026-02-22,Approved
PR-02450,EMP-00096,HR,SUP-00006,2026-04-25,2026-04-26,Approved
PR-02451,EMP-00025,Marketing,SUP-00025,2026-02-04,2026-02-18,Approved
PR-02452,EMP-00057,HR,SUP-00028,2026-02-01,2026-02-02,Approved
PR-02453,EMP-00003,Engineering,SUP-00004,2026-02-10,2026-02-11,Approved
PR-02454,EMP-00077,Operations,SUP-00031,2026-04-26,2026-05-01,Approved
PR-02455,EMP-00095,Marketing,SUP-00043,2026-01-08,2026-01-17,Approved
PR-02456,EMP-00044,IT,SUP-00025,2026-01-21,2026-01-23,Approved
PR-02457,EMP-00041,Marketing,SUP-00003,2026-04-03,2026-04-06,Approved
PR-02458,EMP-00037,IT,SUP-00006,2026-03-10,2026-03-13,Approved
PR-02459,EMP-00072,Procurement,SUP-00038,2026-01-07,2026-01-12,Approved
PR-02460,EMP-00052,Finance,SUP-00044,2026-04-29,2026-05-01,Approved
PR-02461,EMP-00002,Marketing,SUP-00006,2026-02-19,2026-02-20,Approved
PR-02462,EMP-00032,Procurement,SUP-00029,2026-02-09,2026-02-11,Approved
PR-02463,EMP-00093,IT,SUP-00002,2026-01-10,2026-01-19,Approved
PR-02464,EMP-00070,Sales,SUP-00039,2026-02-17,2026-02-19,Approved
PR-02465,EMP-00091,Operations,SUP-00034,2026-02-28,2026-03-03,Approved
PR-02466,EMP-00099,Sales,SUP-00005,2026-05-07,2026-05-08,Approved
PR-02467,EMP-00067,Sales,SUP-00028,2026-02-09,2026-02-13,Approved
PR-02468,EMP-00068,Marketing,SUP-00009,2026-03-05,2026-03-07,Approved
PR-02469,EMP-00042,Marketing,SUP-00027,2026-03-02,2026-03-06,Approved
PR-02470,EMP-00029,IT,SUP-00044,2026-02-18,2026-02-21,Approved
PR-02471,EMP-00099,Sales,SUP-00050,2026-02-26,2026-02-28,Approved
PR-02472,EMP-00091,Operations,SUP-00038,2026-01-09,2026-01-11,Approved
PR-02473,EMP-00021,IT,SUP-00025,2026-04-10,2026-04-13,Approved
PR-02474,EMP-00098,Sales,SUP-00047,2026-04-08,2026-04-09,Approved
PR-02475,EMP-00064,IT,SUP-00034,2026-05-22,2026-06-03,Approved
PR-02476,EMP-00028,Marketing,SUP-00009,2026-04-22,2026-04-25,Approved
PR-02477,EMP-00060,Operations,SUP-00011,2026-03-09,2026-03-10,Approved
PR-02478,EMP-00073,HR,SUP-00028,2026-05-11,2026-05-25,Rejected
PR-02479,EMP-00083,Engineering,SUP-00003,2026-05-24,2026-05-28,Approved
PR-02480,EMP-00050,Procurement,SUP-00029,2026-02-15,2026-02-18,Approved
PR-02481,EMP-00015,Operations,SUP-00015,2026-02-24,2026-02-26,Approved
PR-02482,EMP-00087,IT,SUP-00029,2026-01-18,2026-01-21,Approved
PR-02483,EMP-00023,IT,SUP-00044,2026-03-12,2026-03-14,Approved
PR-02484,EMP-00100,Engineering,SUP-00047,2026-02-01,2026-02-04,Approved
PR-02485,EMP-00087,IT,SUP-00006,2026-02-14,2026-02-15,Approved
PR-02486,EMP-00043,Finance,SUP-00046,2026-04-04,2026-04-11,Approved
PR-02487,EMP-00057,HR,SUP-00036,2026-03-06,2026-03-09,Approved
PR-02488,EMP-00003,Engineering,SUP-00045,2026-04-20,2026-04-23,Approved
PR-02489,EMP-00041,Marketing,SUP-00050,2026-03-26,2026-03-28,Approved
PR-02490,EMP-00014,Marketing,SUP-00002,2026-02-24,2026-03-05,Approved
PR-02491,EMP-00075,Marketing,SUP-00036,2026-05-03,2026-05-05,Rejected
PR-02492,EMP-00035,Marketing,SUP-00008,2026-01-19,2026-01-22,Approved
PR-02493,EMP-00075,Marketing,SUP-00043,2026-01-19,2026-01-24,Approved
PR-02494,EMP-00005,HR,SUP-00023,2026-04-14,2026-04-19,Approved
PR-02495,EMP-00027,Operations,SUP-00019,2026-05-04,2026-05-18,Approved
PR-02496,EMP-00065,Marketing,SUP-00043,2026-01-08,2026-01-21,Approved
PR-02497,EMP-00021,IT,SUP-00004,2026-04-01,2026-04-13,Approved
PR-02498,EMP-00045,IT,SUP-00048,2026-01-30,2026-01-31,Approved
PR-02499,EMP-00017,Sales,SUP-00003,2026-02-16,2026-02-17,Approved
PR-02500,EMP-00063,Finance,SUP-00012,2026-01-07,2026-01-11,Approved
PR-02501,EMP-00098,Sales,SUP-00040,2026-03-14,2026-03-16,Approved
PR-02502,EMP-00068,Marketing,SUP-00026,2026-04-12,2026-04-22,Approved
PR-02503,EMP-00050,Procurement,SUP-00016,2026-04-26,2026-04-28,Approved
PR-02504,EMP-00064,IT,SUP-00002,2026-03-07,2026-03-08,Approved
PR-02505,EMP-00084,Sales,SUP-00026,2026-05-01,2026-05-12,Approved
PR-02506,EMP-00050,Procurement,SUP-00018,2026-04-29,2026-05-02,Approved
PR-02507,EMP-00029,IT,SUP-00041,2026-02-27,2026-03-01,Approved
PR-02508,EMP-00039,Operations,SUP-00031,2026-02-15,2026-02-17,Approved
PR-02509,EMP-00049,IT,SUP-00027,2026-04-20,2026-04-22,Approved
PR-02510,EMP-00071,Procurement,SUP-00044,2026-04-11,2026-04-19,Approved
PR-02511,EMP-00015,Operations,SUP-00017,2026-03-09,2026-03-15,Approved
PR-02512,EMP-00065,Marketing,SUP-00038,2026-02-01,2026-02-12,Approved
PR-02513,EMP-00051,Procurement,SUP-00034,2026-03-12,2026-03-15,Approved
PR-02514,EMP-00029,IT,SUP-00034,2026-01-05,2026-01-08,Approved
PR-02515,EMP-00048,Operations,SUP-00023,2026-02-02,2026-02-05,Approved
PR-02516,EMP-00075,Marketing,SUP-00015,2026-01-26,2026-01-27,Approved
PR-02517,EMP-00023,IT,SUP-00043,2026-01-30,2026-01-31,Approved
PR-02518,EMP-00048,Operations,SUP-00014,2026-04-16,2026-04-25,Approved
PR-02519,EMP-00054,HR,SUP-00032,2026-01-03,2026-01-09,Approved
PR-02520,EMP-00025,Marketing,SUP-00011,2026-02-07,2026-02-12,Approved
PR-02521,EMP-00059,Marketing,SUP-00038,2026-01-28,2026-02-02,Approved
PR-02522,EMP-00071,Procurement,SUP-00026,2026-05-16,2026-05-19,Approved
PR-02523,EMP-00013,Procurement,SUP-00037,2026-01-01,2026-01-04,Approved
PR-02524,EMP-00060,Operations,SUP-00018,2026-03-08,2026-03-11,Approved
PR-02525,EMP-00079,Operations,SUP-00004,2026-04-10,2026-04-11,Approved
PR-02526,EMP-00041,Marketing,SUP-00034,2026-03-17,2026-03-19,Approved
PR-02527,EMP-00040,Sales,SUP-00040,2026-03-05,2026-03-08,Approved
PR-02528,EMP-00001,Engineering,SUP-00030,2026-01-05,2026-01-07,Approved
PR-02529,EMP-00094,HR,SUP-00017,2026-05-19,2026-05-29,Approved
PR-02530,EMP-00099,Sales,SUP-00002,2026-05-26,2026-06-09,Approved
PR-02531,EMP-00070,Sales,SUP-00047,2026-05-05,2026-05-08,Rejected
PR-02532,EMP-00062,HR,SUP-00005,2026-02-23,2026-02-25,Approved
PR-02533,EMP-00014,Marketing,SUP-00006,2026-02-11,2026-02-16,Approved
PR-02534,EMP-00040,Sales,SUP-00044,2026-02-10,2026-02-14,Approved
PR-02535,EMP-00091,Operations,SUP-00026,2026-02-04,2026-02-06,Approved
PR-02536,EMP-00035,Marketing,SUP-00033,2026-02-28,2026-03-02,Approved
PR-02537,EMP-00021,IT,SUP-00045,2026-04-20,2026-04-22,Approved
PR-02538,EMP-00066,Finance,SUP-00016,2026-03-30,2026-04-01,Approved
PR-02539,EMP-00076,HR,SUP-00038,2026-01-15,2026-01-20,Approved
PR-02540,EMP-00059,Marketing,SUP-00009,2026-02-13,2026-02-14,Approved
PR-02541,EMP-00023,IT,SUP-00004,2026-04-28,2026-05-12,Approved
PR-02542,EMP-00002,Marketing,SUP-00037,2026-02-11,2026-02-14,Approved
PR-02543,EMP-00070,Sales,SUP-00041,2026-03-08,2026-03-17,Approved
PR-02544,EMP-00027,Operations,SUP-00028,2026-03-24,2026-03-27,Approved
PR-02545,EMP-00091,Operations,SUP-00013,2026-04-09,2026-04-14,Approved
PR-02546,EMP-00029,IT,SUP-00040,2026-02-07,2026-02-09,Approved
PR-02547,EMP-00033,IT,SUP-00016,2026-05-30,2026-06-02,Approved
PR-02548,EMP-00084,Sales,SUP-00003,2026-03-05,2026-03-07,Approved
PR-02549,EMP-00045,IT,SUP-00038,2026-02-17,2026-02-18,Approved
PR-02550,EMP-00092,Engineering,SUP-00001,2026-03-02,2026-03-15,Approved
PR-02551,EMP-00055,Procurement,SUP-00009,2026-04-27,2026-05-03,Approved
PR-02552,EMP-00042,Marketing,SUP-00001,2026-04-01,2026-04-12,Approved
PR-02553,EMP-00007,Engineering,SUP-00041,2026-01-29,2026-01-31,Approved
PR-02554,EMP-00013,Procurement,SUP-00018,2026-03-05,2026-03-06,Approved
PR-02555,EMP-00080,Marketing,SUP-00027,2026-02-08,2026-02-09,Approved
PR-02556,EMP-00059,Marketing,SUP-00026,2026-04-08,2026-04-21,Approved
PR-02557,EMP-00057,HR,SUP-00013,2026-02-21,2026-02-24,Approved
PR-02558,EMP-00094,HR,SUP-00034,2026-05-11,2026-05-14,Approved
PR-02559,EMP-00084,Sales,SUP-00035,2026-01-03,2026-01-08,Approved
PR-02560,EMP-00093,IT,SUP-00033,2026-02-18,2026-02-22,Approved
PR-02561,EMP-00080,Marketing,SUP-00049,2026-04-20,2026-04-24,Approved
PR-02562,EMP-00068,Marketing,SUP-00001,2026-02-17,2026-02-21,Approved
PR-02563,EMP-00080,Marketing,SUP-00013,2026-01-05,2026-01-06,Approved
PR-02564,EMP-00037,IT,SUP-00004,2026-01-08,2026-01-19,Approved
PR-02565,EMP-00012,Finance,SUP-00039,2026-01-19,2026-01-21,Approved
PR-02566,EMP-00053,Operations,SUP-00041,2026-03-01,2026-03-10,Approved
PR-02567,EMP-00039,Operations,SUP-00008,2026-03-17,2026-03-19,Approved
PR-02568,EMP-00062,HR,SUP-00010,2026-05-12,2026-05-13,Approved
PR-02569,EMP-00073,HR,SUP-00041,2026-05-18,2026-05-24,Approved
PR-02570,EMP-00074,Engineering,SUP-00036,2026-01-17,2026-01-20,Approved
PR-02571,EMP-00010,Operations,SUP-00002,2026-03-17,2026-03-18,Approved
PR-02572,EMP-00067,Sales,SUP-00046,2026-05-18,2026-05-20,Approved
PR-02573,EMP-00008,HR,SUP-00029,2026-03-09,2026-03-14,Approved
PR-02574,EMP-00032,Procurement,SUP-00045,2026-01-11,2026-01-22,Approved
PR-02575,EMP-00047,IT,SUP-00044,2026-03-04,2026-03-11,Approved
PR-02576,EMP-00064,IT,SUP-00024,2026-03-21,2026-03-22,Approved
PR-02577,EMP-00078,HR,SUP-00030,2026-01-29,2026-01-31,Approved
PR-02578,EMP-00012,Finance,SUP-00011,2026-01-05,2026-01-06,Approved
PR-02579,EMP-00037,IT,SUP-00024,2026-01-29,2026-02-08,Approved
PR-02580,EMP-00006,HR,SUP-00049,2026-02-09,2026-02-20,Approved
PR-02581,EMP-00013,Procurement,SUP-00010,2026-02-11,2026-02-14,Approved
PR-02582,EMP-00012,Finance,SUP-00007,2026-04-19,2026-05-02,Approved
PR-02583,EMP-00056,Finance,SUP-00036,2026-01-02,2026-01-04,Approved
PR-02584,EMP-00006,HR,SUP-00043,2026-02-18,2026-02-25,Approved
PR-02585,EMP-00054,HR,SUP-00021,2026-03-04,2026-03-14,Approved
PR-02586,EMP-00060,Operations,SUP-00025,2026-04-17,2026-04-29,Approved
PR-02587,EMP-00097,Sales,SUP-00017,2026-05-17,2026-05-21,Approved
PR-02588,EMP-00060,Operations,SUP-00049,2026-05-23,2026-05-28,Approved
PR-02589,EMP-00013,Procurement,SUP-00030,2026-04-15,2026-04-16,Approved
PR-02590,EMP-00044,IT,SUP-00026,2026-02-15,2026-02-17,Approved
PR-02591,EMP-00057,HR,SUP-00023,2026-01-01,2026-01-05,Approved
PR-02592,EMP-00005,HR,SUP-00016,2026-02-09,2026-02-24,Approved
PR-02593,EMP-00085,Sales,SUP-00020,2026-04-29,2026-05-02,Approved
PR-02594,EMP-00092,Engineering,SUP-00010,2026-04-14,2026-04-16,Approved
PR-02595,EMP-00035,Marketing,SUP-00007,2026-05-29,2026-06-10,Approved
PR-02596,EMP-00058,IT,SUP-00041,2026-03-05,2026-03-10,Rejected
PR-02597,EMP-00082,Sales,SUP-00047,2026-04-28,2026-05-05,Approved
PR-02598,EMP-00099,Sales,SUP-00031,2026-05-19,2026-05-26,Approved
PR-02599,EMP-00096,HR,SUP-00041,2026-02-08,2026-02-12,Approved
PR-02600,EMP-00049,IT,SUP-00042,2026-04-01,2026-04-02,Approved
PR-02601,EMP-00029,IT,SUP-00024,2026-03-29,2026-03-31,Approved
PR-02602,EMP-00066,Finance,SUP-00001,2026-04-24,2026-04-28,Approved
PR-02603,EMP-00037,IT,SUP-00040,2026-02-06,2026-02-14,Approved
PR-02604,EMP-00032,Procurement,SUP-00001,2026-05-05,2026-05-07,Approved
PR-02605,EMP-00095,Marketing,SUP-00044,2026-03-07,2026-03-19,Approved
PR-02606,EMP-00003,Engineering,SUP-00016,2026-05-11,2026-05-25,Approved
PR-02607,EMP-00094,HR,SUP-00035,2026-03-15,2026-03-20,Approved
PR-02608,EMP-00015,Operations,SUP-00002,2026-04-08,2026-04-10,Approved
PR-02609,EMP-00018,Engineering,SUP-00005,2026-05-12,2026-05-14,Approved
PR-02610,EMP-00050,Procurement,SUP-00008,2026-04-28,2026-05-02,Approved
PR-02611,EMP-00030,Sales,SUP-00009,2026-05-20,2026-05-23,Approved
PR-02612,EMP-00094,HR,SUP-00018,2026-01-01,2026-01-12,Approved
PR-02613,EMP-00016,Marketing,SUP-00022,2026-05-04,2026-05-06,Approved
PR-02614,EMP-00063,Finance,SUP-00014,2026-01-28,2026-01-31,Approved
PR-02615,EMP-00005,HR,SUP-00002,2026-04-05,2026-04-06,Approved
PR-02616,EMP-00079,Operations,SUP-00026,2026-04-14,2026-04-29,Approved
PR-02617,EMP-00005,HR,SUP-00012,2026-04-10,2026-04-11,Approved
PR-02618,EMP-00081,IT,SUP-00042,2026-04-21,2026-04-23,Approved
PR-02619,EMP-00027,Operations,SUP-00027,2026-05-16,2026-05-24,Approved
PR-02620,EMP-00015,Operations,SUP-00018,2026-04-20,2026-04-22,Approved
PR-02621,EMP-00094,HR,SUP-00026,2026-02-03,2026-02-08,Approved
PR-02622,EMP-00051,Procurement,SUP-00033,2026-05-24,2026-05-27,Approved
PR-02623,EMP-00016,Marketing,SUP-00036,2026-01-30,2026-02-10,Approved
PR-02624,EMP-00037,IT,SUP-00043,2026-02-15,2026-02-18,Approved
PR-02625,EMP-00034,IT,SUP-00003,2026-04-23,2026-04-26,Approved
PR-02626,EMP-00056,Finance,SUP-00010,2026-03-25,2026-03-30,Approved
PR-02627,EMP-00035,Marketing,SUP-00018,2026-05-17,2026-05-20,Approved
PR-02628,EMP-00086,HR,SUP-00025,2026-02-25,2026-03-10,Approved
PR-02629,EMP-00083,Engineering,SUP-00005,2026-02-02,2026-02-05,Approved
PR-02630,EMP-00009,Finance,SUP-00042,2026-04-29,2026-05-01,Approved
PR-02631,EMP-00035,Marketing,SUP-00009,2026-03-30,2026-04-12,Approved
PR-02632,EMP-00038,Marketing,SUP-00012,2026-05-30,2026-06-03,Approved
PR-02633,EMP-00053,Operations,SUP-00022,2026-01-26,2026-01-27,Approved
PR-02634,EMP-00036,Engineering,SUP-00031,2026-01-18,2026-01-20,Approved
PR-02635,EMP-00035,Marketing,SUP-00009,2026-03-08,2026-03-12,Approved
PR-02636,EMP-00084,Sales,SUP-00047,2026-04-02,2026-04-11,Approved
PR-02637,EMP-00023,IT,SUP-00031,2026-01-29,2026-02-05,Approved
PR-02638,EMP-00095,Marketing,SUP-00024,2026-02-21,2026-03-08,Approved
PR-02639,EMP-00047,IT,SUP-00003,2026-05-11,2026-05-14,Approved
PR-02640,EMP-00087,IT,SUP-00026,2026-01-18,2026-01-23,Rejected
PR-02641,EMP-00056,Finance,SUP-00023,2026-01-10,2026-01-20,Approved
PR-02642,EMP-00078,HR,SUP-00018,2026-05-03,2026-05-06,Approved
PR-02643,EMP-00023,IT,SUP-00043,2026-01-17,2026-01-19,Approved
PR-02644,EMP-00093,IT,SUP-00007,2026-03-25,2026-04-03,Approved
PR-02645,EMP-00026,Operations,SUP-00040,2026-04-02,2026-04-06,Approved
PR-02646,EMP-00099,Sales,SUP-00015,2026-04-24,2026-04-28,Approved
PR-02647,EMP-00029,IT,SUP-00015,2026-02-27,2026-03-03,Approved
PR-02648,EMP-00026,Operations,SUP-00041,2026-04-21,2026-04-23,Approved
PR-02649,EMP-00049,IT,SUP-00039,2026-01-10,2026-01-20,Approved
PR-02650,EMP-00001,Engineering,SUP-00015,2026-05-17,2026-05-18,Approved
PR-02651,EMP-00082,Sales,SUP-00047,2026-05-14,2026-05-18,Approved
PR-02652,EMP-00034,IT,SUP-00014,2026-04-28,2026-05-01,Approved
PR-02653,EMP-00072,Procurement,SUP-00030,2026-03-26,2026-04-02,Approved
PR-02654,EMP-00031,Procurement,SUP-00047,2026-02-15,2026-02-24,Approved
PR-02655,EMP-00048,Operations,SUP-00019,2026-02-05,2026-02-07,Approved
PR-02656,EMP-00057,HR,SUP-00001,2026-01-21,2026-01-28,Approved
PR-02657,EMP-00004,Engineering,SUP-00043,2026-03-26,2026-03-27,Approved
PR-02658,EMP-00020,Marketing,SUP-00048,2026-05-14,2026-05-16,Approved
PR-02659,EMP-00041,Marketing,SUP-00007,2026-02-23,2026-02-28,Approved
PR-02660,EMP-00094,HR,SUP-00015,2026-05-06,2026-05-07,Approved
PR-02661,EMP-00050,Procurement,SUP-00047,2026-05-27,2026-05-30,Approved
PR-02662,EMP-00055,Procurement,SUP-00050,2026-03-22,2026-03-27,Approved
PR-02663,EMP-00037,IT,SUP-00021,2026-01-23,2026-02-05,Approved
PR-02664,EMP-00088,Operations,SUP-00049,2026-01-04,2026-01-07,Approved
PR-02665,EMP-00085,Sales,SUP-00009,2026-02-01,2026-02-15,Approved
PR-02666,EMP-00049,IT,SUP-00036,2026-05-27,2026-05-31,Approved
PR-02667,EMP-00042,Marketing,SUP-00032,2026-01-11,2026-01-24,Approved
PR-02668,EMP-00032,Procurement,SUP-00041,2026-01-11,2026-01-13,Approved
PR-02669,EMP-00036,Engineering,SUP-00025,2026-04-13,2026-04-26,Approved
PR-02670,EMP-00093,IT,SUP-00031,2026-02-05,2026-02-10,Approved
PR-02671,EMP-00061,Operations,SUP-00027,2026-05-26,2026-05-27,Approved
PR-02672,EMP-00070,Sales,SUP-00003,2026-05-20,2026-05-24,Approved
PR-02673,EMP-00018,Engineering,SUP-00018,2026-01-23,2026-01-26,Approved
PR-02674,EMP-00015,Operations,SUP-00044,2026-04-02,2026-04-03,Approved
PR-02675,EMP-00083,Engineering,SUP-00039,2026-02-04,2026-02-06,Approved
PR-02676,EMP-00064,IT,SUP-00034,2026-05-20,2026-06-03,Approved
PR-02677,EMP-00061,Operations,SUP-00028,2026-03-17,2026-03-22,Approved
PR-02678,EMP-00054,HR,SUP-00034,2026-01-20,2026-01-31,Approved
PR-02679,EMP-00016,Marketing,SUP-00049,2026-03-27,2026-03-30,Rejected
PR-02680,EMP-00073,HR,SUP-00003,2026-02-18,2026-02-21,Rejected
PR-02681,EMP-00092,Engineering,SUP-00028,2026-03-09,2026-03-10,Approved
PR-02682,EMP-00044,IT,SUP-00049,2026-03-09,2026-03-12,Approved
PR-02683,EMP-00001,Engineering,SUP-00047,2026-03-23,2026-03-24,Approved
PR-02684,EMP-00001,Engineering,SUP-00025,2026-03-08,2026-03-20,Approved
PR-02685,EMP-00068,Marketing,SUP-00035,2026-05-11,2026-05-14,Approved
PR-02686,EMP-00017,Sales,SUP-00049,2026-03-26,2026-03-30,Approved
PR-02687,EMP-00089,Operations,SUP-00025,2026-01-06,2026-01-20,Approved
PR-02688,EMP-00060,Operations,SUP-00016,2026-03-11,2026-03-12,Approved
PR-02689,EMP-00094,HR,SUP-00041,2026-05-10,2026-05-12,Approved
PR-02690,EMP-00023,IT,SUP-00050,2026-03-01,2026-03-05,Approved
PR-02691,EMP-00036,Engineering,SUP-00015,2026-03-01,2026-03-04,Approved
PR-02692,EMP-00024,HR,SUP-00035,2026-02-19,2026-02-22,Approved
PR-02693,EMP-00075,Marketing,SUP-00050,2026-03-09,2026-03-10,Approved
PR-02694,EMP-00008,HR,SUP-00030,2026-01-22,2026-02-04,Approved
PR-02695,EMP-00088,Operations,SUP-00009,2026-03-10,2026-03-12,Approved
PR-02696,EMP-00002,Marketing,SUP-00049,2026-01-26,2026-01-28,Approved
PR-02697,EMP-00022,Marketing,SUP-00024,2026-01-16,2026-01-29,Rejected
PR-02698,EMP-00068,Marketing,SUP-00029,2026-02-06,2026-02-08,Approved
PR-02699,EMP-00078,HR,SUP-00021,2026-02-08,2026-02-14,Approved
PR-02700,EMP-00068,Marketing,SUP-00047,2026-01-21,2026-01-23,Approved
PR-02701,EMP-00076,HR,SUP-00047,2026-02-14,2026-02-17,Approved
PR-02702,EMP-00046,Operations,SUP-00034,2026-04-08,2026-04-11,Approved
PR-02703,EMP-00058,IT,SUP-00017,2026-02-08,2026-02-17,Approved
PR-02704,EMP-00087,IT,SUP-00049,2026-01-09,2026-01-10,Approved
PR-02705,EMP-00098,Sales,SUP-00004,2026-05-27,2026-06-04,Approved
PR-02706,EMP-00097,Sales,SUP-00043,2026-05-02,2026-05-05,Approved
PR-02707,EMP-00051,Procurement,SUP-00019,2026-05-25,2026-05-26,Approved
PR-02708,EMP-00006,HR,SUP-00025,2026-01-09,2026-01-12,Approved
PR-02709,EMP-00043,Finance,SUP-00028,2026-05-25,2026-05-26,Approved
PR-02710,EMP-00036,Engineering,SUP-00019,2026-01-31,2026-02-07,Approved
PR-02711,EMP-00100,Engineering,SUP-00002,2026-05-07,2026-05-11,Approved
PR-02712,EMP-00086,HR,SUP-00045,2026-03-07,2026-03-09,Approved
PR-02713,EMP-00077,Operations,SUP-00026,2026-02-03,2026-02-04,Approved
PR-02714,EMP-00072,Procurement,SUP-00029,2026-02-16,2026-02-17,Approved
PR-02715,EMP-00001,Engineering,SUP-00028,2026-05-30,2026-06-02,Approved
PR-02716,EMP-00017,Sales,SUP-00017,2026-02-23,2026-03-03,Approved
PR-02717,EMP-00067,Sales,SUP-00022,2026-02-03,2026-02-06,Approved
PR-02718,EMP-00021,IT,SUP-00004,2026-02-04,2026-02-19,Approved
PR-02719,EMP-00019,IT,SUP-00027,2026-04-08,2026-04-09,Approved
PR-02720,EMP-00051,Procurement,SUP-00050,2026-02-13,2026-02-21,Approved
PR-02721,EMP-00069,Finance,SUP-00013,2026-03-07,2026-03-15,Approved
PR-02722,EMP-00007,Engineering,SUP-00032,2026-04-08,2026-04-18,Approved
PR-02723,EMP-00038,Marketing,SUP-00034,2026-05-11,2026-05-20,Rejected
PR-02724,EMP-00098,Sales,SUP-00041,2026-05-27,2026-06-02,Approved
PR-02725,EMP-00020,Marketing,SUP-00018,2026-01-12,2026-01-23,Approved
PR-02726,EMP-00099,Sales,SUP-00049,2026-04-11,2026-04-14,Approved
PR-02727,EMP-00071,Procurement,SUP-00014,2026-05-11,2026-05-13,Approved
PR-02728,EMP-00089,Operations,SUP-00027,2026-03-23,2026-03-25,Approved
PR-02729,EMP-00085,Sales,SUP-00046,2026-02-21,2026-03-05,Approved
PR-02730,EMP-00078,HR,SUP-00007,2026-01-01,2026-01-02,Approved
PR-02731,EMP-00091,Operations,SUP-00003,2026-03-05,2026-03-07,Approved
PR-02732,EMP-00070,Sales,SUP-00017,2026-05-13,2026-05-27,Approved
PR-02733,EMP-00045,IT,SUP-00038,2026-01-01,2026-01-02,Approved
PR-02734,EMP-00100,Engineering,SUP-00037,2026-03-02,2026-03-06,Approved
PR-02735,EMP-00068,Marketing,SUP-00007,2026-01-12,2026-01-22,Approved
PR-02736,EMP-00089,Operations,SUP-00024,2026-05-21,2026-05-25,Approved
PR-02737,EMP-00067,Sales,SUP-00046,2026-02-26,2026-02-27,Rejected
PR-02738,EMP-00057,HR,SUP-00005,2026-01-25,2026-01-28,Approved
PR-02739,EMP-00002,Marketing,SUP-00042,2026-03-08,2026-03-12,Rejected
PR-02740,EMP-00024,HR,SUP-00049,2026-03-08,2026-03-09,Approved
PR-02741,EMP-00099,Sales,SUP-00044,2026-04-16,2026-04-17,Approved
PR-02742,EMP-00007,Engineering,SUP-00015,2026-03-14,2026-03-17,Approved
PR-02743,EMP-00081,IT,SUP-00022,2026-01-25,2026-01-30,Approved
PR-02744,EMP-00074,Engineering,SUP-00008,2026-05-19,2026-05-20,Approved
PR-02745,EMP-00049,IT,SUP-00017,2026-01-01,2026-01-02,Approved
PR-02746,EMP-00043,Finance,SUP-00026,2026-05-08,2026-05-11,Approved
PR-02747,EMP-00030,Sales,SUP-00023,2026-04-16,2026-04-18,Approved
PR-02748,EMP-00031,Procurement,SUP-00025,2026-02-10,2026-02-24,Approved
PR-02749,EMP-00086,HR,SUP-00043,2026-05-21,2026-05-24,Rejected
PR-02750,EMP-00079,Operations,SUP-00005,2026-05-25,2026-05-28,Approved
PR-02751,EMP-00085,Sales,SUP-00047,2026-02-26,2026-03-01,Approved
PR-02752,EMP-00016,Marketing,SUP-00024,2026-05-14,2026-05-15,Approved
PR-02753,EMP-00010,Operations,SUP-00034,2026-02-21,2026-03-06,Approved
PR-02754,EMP-00072,Procurement,SUP-00021,2026-01-08,2026-01-18,Approved
PR-02755,EMP-00007,Engineering,SUP-00019,2026-04-22,2026-05-07,Approved
PR-02756,EMP-00077,Operations,SUP-00008,2026-03-20,2026-03-22,Approved
PR-02757,EMP-00024,HR,SUP-00006,2026-04-09,2026-04-10,Approved
PR-02758,EMP-00024,HR,SUP-00011,2026-02-22,2026-02-25,Approved
PR-02759,EMP-00070,Sales,SUP-00048,2026-01-22,2026-01-24,Approved
PR-02760,EMP-00070,Sales,SUP-00042,2026-04-28,2026-04-30,Approved
PR-02761,EMP-00040,Sales,SUP-00026,2026-04-10,2026-04-12,Rejected
PR-02762,EMP-00063,Finance,SUP-00039,2026-04-15,2026-04-19,Approved
PR-02763,EMP-00089,Operations,SUP-00025,2026-02-10,2026-02-13,Approved
PR-02764,EMP-00020,Marketing,SUP-00048,2026-05-11,2026-05-16,Approved
PR-02765,EMP-00067,Sales,SUP-00040,2026-03-11,2026-03-14,Approved
PR-02766,EMP-00050,Procurement,SUP-00006,2026-05-21,2026-05-22,Approved
PR-02767,EMP-00053,Operations,SUP-00038,2026-04-02,2026-04-08,Rejected
PR-02768,EMP-00031,Procurement,SUP-00042,2026-03-14,2026-03-17,Approved
PR-02769,EMP-00018,Engineering,SUP-00002,2026-02-20,2026-02-23,Approved
PR-02770,EMP-00097,Sales,SUP-00043,2026-03-01,2026-03-08,Approved
PR-02771,EMP-00021,IT,SUP-00046,2026-01-17,2026-01-23,Approved
PR-02772,EMP-00070,Sales,SUP-00036,2026-04-14,2026-04-16,Approved
PR-02773,EMP-00010,Operations,SUP-00017,2026-04-05,2026-04-17,Approved
PR-02774,EMP-00009,Finance,SUP-00021,2026-03-05,2026-03-06,Approved
PR-02775,EMP-00071,Procurement,SUP-00028,2026-01-02,2026-01-03,Approved
PR-02776,EMP-00071,Procurement,SUP-00030,2026-01-14,2026-01-15,Approved
PR-02777,EMP-00041,Marketing,SUP-00010,2026-05-21,2026-05-24,Approved
PR-02778,EMP-00092,Engineering,SUP-00002,2026-01-04,2026-01-05,Approved
PR-02779,EMP-00063,Finance,SUP-00003,2026-01-26,2026-02-09,Approved
PR-02780,EMP-00068,Marketing,SUP-00027,2026-04-10,2026-04-22,Rejected
PR-02781,EMP-00035,Marketing,SUP-00009,2026-01-26,2026-02-10,Approved
PR-02782,EMP-00060,Operations,SUP-00023,2026-01-03,2026-01-06,Approved
PR-02783,EMP-00028,Marketing,SUP-00044,2026-01-31,2026-02-04,Approved
PR-02784,EMP-00023,IT,SUP-00045,2026-05-14,2026-05-17,Approved
PR-02785,EMP-00073,HR,SUP-00033,2026-04-30,2026-05-04,Approved
PR-02786,EMP-00092,Engineering,SUP-00048,2026-05-01,2026-05-06,Approved
PR-02787,EMP-00035,Marketing,SUP-00004,2026-03-06,2026-03-08,Approved
PR-02788,EMP-00080,Marketing,SUP-00012,2026-01-11,2026-01-13,Approved
PR-02789,EMP-00056,Finance,SUP-00023,2026-05-21,2026-05-30,Approved
PR-02790,EMP-00042,Marketing,SUP-00018,2026-03-17,2026-03-19,Rejected
PR-02791,EMP-00095,Marketing,SUP-00040,2026-04-11,2026-04-12,Approved
PR-02792,EMP-00062,HR,SUP-00044,2026-04-27,2026-05-01,Approved
PR-02793,EMP-00094,HR,SUP-00015,2026-01-17,2026-01-19,Approved
PR-02794,EMP-00046,Operations,SUP-00026,2026-02-06,2026-02-08,Approved
PR-02795,EMP-00044,IT,SUP-00024,2026-04-10,2026-04-11,Approved
PR-02796,EMP-00096,HR,SUP-00031,2026-02-10,2026-02-23,Approved
PR-02797,EMP-00071,Procurement,SUP-00007,2026-05-28,2026-05-31,Approved
PR-02798,EMP-00073,HR,SUP-00023,2026-03-19,2026-03-20,Approved
PR-02799,EMP-00051,Procurement,SUP-00020,2026-02-07,2026-02-10,Approved
PR-02800,EMP-00008,HR,SUP-00009,2026-03-16,2026-03-21,Approved
PR-02801,EMP-00004,Engineering,SUP-00012,2026-01-24,2026-01-25,Approved
PR-02802,EMP-00086,HR,SUP-00033,2026-05-06,2026-05-11,Approved
PR-02803,EMP-00092,Engineering,SUP-00047,2026-03-24,2026-03-28,Approved
PR-02804,EMP-00008,HR,SUP-00031,2026-01-26,2026-01-28,Approved
PR-02805,EMP-00073,HR,SUP-00034,2026-04-03,2026-04-11,Approved
PR-02806,EMP-00048,Operations,SUP-00049,2026-02-11,2026-02-12,Approved
PR-02807,EMP-00043,Finance,SUP-00028,2026-03-13,2026-03-15,Approved
PR-02808,EMP-00017,Sales,SUP-00046,2026-01-07,2026-01-09,Approved
PR-02809,EMP-00002,Marketing,SUP-00037,2026-05-04,2026-05-13,Approved
PR-02810,EMP-00003,Engineering,SUP-00014,2026-03-23,2026-03-25,Approved
PR-02811,EMP-00037,IT,SUP-00049,2026-03-19,2026-03-22,Approved
PR-02812,EMP-00018,Engineering,SUP-00043,2026-05-25,2026-05-28,Approved
PR-02813,EMP-00093,IT,SUP-00030,2026-04-26,2026-05-01,Approved
PR-02814,EMP-00055,Procurement,SUP-00019,2026-02-04,2026-02-08,Approved
PR-02815,EMP-00069,Finance,SUP-00046,2026-02-22,2026-03-07,Approved
PR-02816,EMP-00008,HR,SUP-00029,2026-04-02,2026-04-07,Approved
PR-02817,EMP-00011,Sales,SUP-00034,2026-01-14,2026-01-15,Rejected
PR-02818,EMP-00058,IT,SUP-00015,2026-02-15,2026-02-18,Approved
PR-02819,EMP-00086,HR,SUP-00025,2026-05-15,2026-05-18,Approved
PR-02820,EMP-00055,Procurement,SUP-00046,2026-04-26,2026-04-28,Approved
PR-02821,EMP-00092,Engineering,SUP-00035,2026-04-16,2026-04-17,Approved
PR-02822,EMP-00034,IT,SUP-00041,2026-03-28,2026-03-31,Approved
PR-02823,EMP-00035,Marketing,SUP-00006,2026-03-03,2026-03-06,Approved
PR-02824,EMP-00058,IT,SUP-00017,2026-04-27,2026-04-30,Approved
PR-02825,EMP-00015,Operations,SUP-00033,2026-05-04,2026-05-05,Approved
PR-02826,EMP-00019,IT,SUP-00025,2026-04-20,2026-04-23,Approved
PR-02827,EMP-00046,Operations,SUP-00032,2026-02-10,2026-02-13,Approved
PR-02828,EMP-00073,HR,SUP-00020,2026-05-28,2026-05-30,Approved
PR-02829,EMP-00054,HR,SUP-00047,2026-02-23,2026-02-26,Approved
PR-02830,EMP-00052,Finance,SUP-00041,2026-01-25,2026-01-27,Approved
PR-02831,EMP-00034,IT,SUP-00001,2026-04-19,2026-04-22,Approved
PR-02832,EMP-00041,Marketing,SUP-00026,2026-02-25,2026-03-01,Approved
PR-02833,EMP-00003,Engineering,SUP-00042,2026-03-16,2026-03-19,Approved
PR-02834,EMP-00010,Operations,SUP-00041,2026-04-07,2026-04-10,Approved
PR-02835,EMP-00006,HR,SUP-00005,2026-04-21,2026-04-23,Approved
PR-02836,EMP-00009,Finance,SUP-00015,2026-03-25,2026-03-26,Approved
PR-02837,EMP-00082,Sales,SUP-00008,2026-01-28,2026-02-02,Approved
PR-02838,EMP-00062,HR,SUP-00037,2026-05-07,2026-05-08,Approved
PR-02839,EMP-00065,Marketing,SUP-00008,2026-02-26,2026-03-04,Approved
PR-02840,EMP-00037,IT,SUP-00001,2026-04-18,2026-04-22,Approved
PR-02841,EMP-00063,Finance,SUP-00049,2026-04-02,2026-04-07,Approved
PR-02842,EMP-00062,HR,SUP-00025,2026-01-06,2026-01-16,Approved
PR-02843,EMP-00029,IT,SUP-00008,2026-05-07,2026-05-09,Approved
PR-02844,EMP-00039,Operations,SUP-00019,2026-05-25,2026-05-26,Approved
PR-02845,EMP-00026,Operations,SUP-00042,2026-03-18,2026-03-23,Approved
PR-02846,EMP-00079,Operations,SUP-00028,2026-05-30,2026-06-01,Approved
PR-02847,EMP-00034,IT,SUP-00041,2026-02-12,2026-02-13,Approved
PR-02848,EMP-00061,Operations,SUP-00008,2026-03-30,2026-04-10,Approved
PR-02849,EMP-00066,Finance,SUP-00029,2026-02-27,2026-03-09,Approved
PR-02850,EMP-00062,HR,SUP-00021,2026-02-19,2026-02-21,Approved
PR-02851,EMP-00050,Procurement,SUP-00036,2026-02-03,2026-02-08,Approved
PR-02852,EMP-00098,Sales,SUP-00047,2026-02-01,2026-02-04,Approved
PR-02853,EMP-00043,Finance,SUP-00029,2026-04-24,2026-04-29,Approved
PR-02854,EMP-00039,Operations,SUP-00017,2026-01-31,2026-02-02,Approved
PR-02855,EMP-00092,Engineering,SUP-00042,2026-05-31,2026-06-02,Approved
PR-02856,EMP-00037,IT,SUP-00028,2026-01-24,2026-01-26,Approved
PR-02857,EMP-00062,HR,SUP-00042,2026-04-12,2026-04-14,Approved
PR-02858,EMP-00067,Sales,SUP-00029,2026-02-02,2026-02-05,Approved
PR-02859,EMP-00046,Operations,SUP-00029,2026-03-06,2026-03-10,Approved
PR-02860,EMP-00093,IT,SUP-00006,2026-02-28,2026-03-11,Approved
PR-02861,EMP-00055,Procurement,SUP-00011,2026-03-22,2026-03-23,Approved
PR-02862,EMP-00083,Engineering,SUP-00005,2026-02-28,2026-03-03,Approved
PR-02863,EMP-00021,IT,SUP-00015,2026-01-26,2026-01-29,Approved
PR-02864,EMP-00077,Operations,SUP-00035,2026-05-05,2026-05-08,Approved
PR-02865,EMP-00019,IT,SUP-00016,2026-04-06,2026-04-09,Approved
PR-02866,EMP-00028,Marketing,SUP-00006,2026-03-07,2026-03-20,Approved
PR-02867,EMP-00091,Operations,SUP-00023,2026-03-19,2026-03-22,Approved
PR-02868,EMP-00082,Sales,SUP-00006,2026-02-23,2026-03-06,Approved
PR-02869,EMP-00005,HR,SUP-00030,2026-01-15,2026-01-24,Approved
PR-02870,EMP-00036,Engineering,SUP-00020,2026-03-12,2026-03-19,Approved
PR-02871,EMP-00062,HR,SUP-00015,2026-05-19,2026-05-22,Approved
PR-02872,EMP-00047,IT,SUP-00004,2026-01-05,2026-01-10,Approved
PR-02873,EMP-00059,Marketing,SUP-00012,2026-04-03,2026-04-18,Approved
PR-02874,EMP-00046,Operations,SUP-00002,2026-02-13,2026-02-16,Approved
PR-02875,EMP-00034,IT,SUP-00041,2026-04-01,2026-04-05,Approved
PR-02876,EMP-00096,HR,SUP-00024,2026-05-31,2026-06-02,Approved
PR-02877,EMP-00043,Finance,SUP-00022,2026-03-12,2026-03-23,Approved
PR-02878,EMP-00020,Marketing,SUP-00031,2026-04-17,2026-05-02,Approved
PR-02879,EMP-00012,Finance,SUP-00008,2026-01-01,2026-01-03,Approved
PR-02880,EMP-00079,Operations,SUP-00024,2026-01-18,2026-01-20,Approved
PR-02881,EMP-00021,IT,SUP-00010,2026-01-13,2026-01-16,Approved
PR-02882,EMP-00097,Sales,SUP-00050,2026-02-04,2026-02-07,Approved
PR-02883,EMP-00082,Sales,SUP-00037,2026-04-08,2026-04-09,Approved
PR-02884,EMP-00066,Finance,SUP-00049,2026-03-24,2026-03-26,Approved
PR-02885,EMP-00041,Marketing,SUP-00018,2026-05-02,2026-05-04,Approved
PR-02886,EMP-00043,Finance,SUP-00035,2026-01-03,2026-01-04,Approved
PR-02887,EMP-00089,Operations,SUP-00004,2026-01-24,2026-01-26,Approved
PR-02888,EMP-00088,Operations,SUP-00008,2026-04-16,2026-04-28,Approved
PR-02889,EMP-00015,Operations,SUP-00005,2026-03-18,2026-03-19,Approved
PR-02890,EMP-00092,Engineering,SUP-00012,2026-01-30,2026-02-02,Approved
PR-02891,EMP-00080,Marketing,SUP-00027,2026-05-14,2026-05-16,Approved
PR-02892,EMP-00066,Finance,SUP-00036,2026-03-16,2026-03-21,Approved
PR-02893,EMP-00028,Marketing,SUP-00039,2026-01-26,2026-01-29,Approved
PR-02894,EMP-00078,HR,SUP-00039,2026-02-14,2026-02-16,Approved
PR-02895,EMP-00072,Procurement,SUP-00032,2026-03-10,2026-03-11,Approved
PR-02896,EMP-00001,Engineering,SUP-00008,2026-03-27,2026-04-01,Approved
PR-02897,EMP-00051,Procurement,SUP-00047,2026-02-12,2026-02-26,Approved
PR-02898,EMP-00078,HR,SUP-00023,2026-04-18,2026-04-23,Approved
PR-02899,EMP-00077,Operations,SUP-00003,2026-03-10,2026-03-12,Approved
PR-02900,EMP-00090,Engineering,SUP-00048,2026-03-22,2026-03-24,Approved
PR-02901,EMP-00098,Sales,SUP-00024,2026-01-05,2026-01-06,Approved
PR-02902,EMP-00066,Finance,SUP-00011,2026-01-13,2026-01-28,Approved
PR-02903,EMP-00049,IT,SUP-00044,2026-02-26,2026-03-03,Approved
PR-02904,EMP-00064,IT,SUP-00024,2026-04-07,2026-04-12,Approved
PR-02905,EMP-00006,HR,SUP-00029,2026-04-17,2026-04-19,Approved
PR-02906,EMP-00086,HR,SUP-00045,2026-04-05,2026-04-08,Approved
PR-02907,EMP-00072,Procurement,SUP-00048,2026-01-16,2026-01-25,Approved
PR-02908,EMP-00098,Sales,SUP-00023,2026-05-13,2026-05-15,Approved
PR-02909,EMP-00066,Finance,SUP-00044,2026-01-06,2026-01-08,Approved
PR-02910,EMP-00025,Marketing,SUP-00004,2026-02-28,2026-03-02,Approved
PR-02911,EMP-00042,Marketing,SUP-00027,2026-01-07,2026-01-11,Approved
PR-02912,EMP-00007,Engineering,SUP-00016,2026-05-01,2026-05-04,Approved
PR-02913,EMP-00027,Operations,SUP-00022,2026-05-02,2026-05-05,Approved
PR-02914,EMP-00035,Marketing,SUP-00043,2026-05-11,2026-05-16,Approved
PR-02915,EMP-00030,Sales,SUP-00046,2026-04-10,2026-04-12,Approved
PR-02916,EMP-00053,Operations,SUP-00014,2026-05-12,2026-05-27,Approved
PR-02917,EMP-00044,IT,SUP-00029,2026-03-24,2026-03-25,Approved
PR-02918,EMP-00073,HR,SUP-00047,2026-03-09,2026-03-17,Approved
PR-02919,EMP-00060,Operations,SUP-00036,2026-01-08,2026-01-10,Approved
PR-02920,EMP-00018,Engineering,SUP-00021,2026-05-28,2026-05-31,Approved
PR-02921,EMP-00030,Sales,SUP-00026,2026-05-26,2026-05-29,Approved
PR-02922,EMP-00095,Marketing,SUP-00032,2026-02-22,2026-02-26,Approved
PR-02923,EMP-00054,HR,SUP-00049,2026-03-09,2026-03-13,Approved
PR-02924,EMP-00016,Marketing,SUP-00012,2026-01-23,2026-01-25,Approved
PR-02925,EMP-00010,Operations,SUP-00010,2026-01-29,2026-02-12,Approved
PR-02926,EMP-00004,Engineering,SUP-00003,2026-02-15,2026-02-22,Approved
PR-02927,EMP-00092,Engineering,SUP-00003,2026-05-16,2026-05-21,Approved
PR-02928,EMP-00049,IT,SUP-00035,2026-01-14,2026-01-28,Approved
PR-02929,EMP-00011,Sales,SUP-00025,2026-04-17,2026-04-19,Approved
PR-02930,EMP-00073,HR,SUP-00030,2026-02-26,2026-03-05,Approved
PR-02931,EMP-00078,HR,SUP-00012,2026-01-27,2026-02-10,Approved
PR-02932,EMP-00004,Engineering,SUP-00019,2026-03-26,2026-03-27,Approved
PR-02933,EMP-00027,Operations,SUP-00044,2026-04-16,2026-04-19,Approved
PR-02934,EMP-00084,Sales,SUP-00004,2026-05-13,2026-05-16,Approved
PR-02935,EMP-00025,Marketing,SUP-00002,2026-05-21,2026-05-24,Approved
PR-02936,EMP-00024,HR,SUP-00013,2026-01-05,2026-01-15,Rejected
PR-02937,EMP-00008,HR,SUP-00008,2026-04-30,2026-05-03,Approved
PR-02938,EMP-00003,Engineering,SUP-00029,2026-04-09,2026-04-11,Approved
PR-02939,EMP-00007,Engineering,SUP-00037,2026-05-16,2026-05-21,Approved
PR-02940,EMP-00093,IT,SUP-00025,2026-04-18,2026-04-21,Approved
PR-02941,EMP-00091,Operations,SUP-00004,2026-02-17,2026-02-24,Approved
PR-02942,EMP-00040,Sales,SUP-00027,2026-02-15,2026-03-01,Approved
PR-02943,EMP-00070,Sales,SUP-00045,2026-02-25,2026-02-27,Rejected
PR-02944,EMP-00017,Sales,SUP-00044,2026-04-04,2026-04-08,Approved
PR-02945,EMP-00015,Operations,SUP-00030,2026-03-05,2026-03-09,Approved
PR-02946,EMP-00035,Marketing,SUP-00031,2026-03-04,2026-03-08,Approved
PR-02947,EMP-00097,Sales,SUP-00012,2026-04-19,2026-04-21,Approved
PR-02948,EMP-00070,Sales,SUP-00005,2026-03-13,2026-03-14,Approved
PR-02949,EMP-00096,HR,SUP-00012,2026-01-31,2026-02-05,Approved
PR-02950,EMP-00054,HR,SUP-00010,2026-04-16,2026-04-17,Approved
PR-02951,EMP-00042,Marketing,SUP-00030,2026-05-16,2026-05-18,Approved
PR-02952,EMP-00059,Marketing,SUP-00049,2026-02-14,2026-02-15,Approved
PR-02953,EMP-00027,Operations,SUP-00003,2026-04-16,2026-04-19,Approved
PR-02954,EMP-00028,Marketing,SUP-00033,2026-05-26,2026-05-29,Approved
PR-02955,EMP-00052,Finance,SUP-00009,2026-05-31,2026-06-14,Approved
PR-02956,EMP-00096,HR,SUP-00013,2026-04-13,2026-04-22,Approved
PR-02957,EMP-00020,Marketing,SUP-00023,2026-04-22,2026-04-23,Approved
PR-02958,EMP-00100,Engineering,SUP-00049,2026-03-05,2026-03-10,Approved
PR-02959,EMP-00013,Procurement,SUP-00040,2026-02-09,2026-02-10,Approved
PR-02960,EMP-00091,Operations,SUP-00001,2026-04-30,2026-05-15,Approved
PR-02961,EMP-00048,Operations,SUP-00033,2026-02-28,2026-03-13,Approved
PR-02962,EMP-00024,HR,SUP-00045,2026-02-22,2026-02-27,Approved
PR-02963,EMP-00081,IT,SUP-00013,2026-02-03,2026-02-14,Approved
PR-02964,EMP-00081,IT,SUP-00003,2026-03-18,2026-03-19,Rejected
PR-02965,EMP-00011,Sales,SUP-00024,2026-01-15,2026-01-17,Approved
PR-02966,EMP-00039,Operations,SUP-00036,2026-04-20,2026-04-22,Approved
PR-02967,EMP-00020,Marketing,SUP-00034,2026-02-02,2026-02-05,Approved
PR-02968,EMP-00075,Marketing,SUP-00014,2026-01-02,2026-01-06,Approved
PR-02969,EMP-00025,Marketing,SUP-00038,2026-04-15,2026-04-16,Rejected
PR-02970,EMP-00059,Marketing,SUP-00008,2026-03-16,2026-03-19,Approved
PR-02971,EMP-00098,Sales,SUP-00015,2026-03-23,2026-03-24,Approved
PR-02972,EMP-00082,Sales,SUP-00046,2026-01-25,2026-01-26,Approved
PR-02973,EMP-00098,Sales,SUP-00018,2026-05-08,2026-05-09,Approved
PR-02974,EMP-00026,Operations,SUP-00034,2026-01-12,2026-01-27,Approved
PR-02975,EMP-00040,Sales,SUP-00023,2026-02-20,2026-02-23,Approved
PR-02976,EMP-00073,HR,SUP-00015,2026-03-17,2026-03-20,Approved
PR-02977,EMP-00061,Operations,SUP-00009,2026-05-07,2026-05-16,Approved
PR-02978,EMP-00049,IT,SUP-00031,2026-03-22,2026-03-23,Approved
PR-02979,EMP-00085,Sales,SUP-00048,2026-05-01,2026-05-14,Approved
PR-02980,EMP-00040,Sales,SUP-00015,2026-02-12,2026-02-15,Approved
PR-02981,EMP-00025,Marketing,SUP-00001,2026-01-10,2026-01-11,Approved
PR-02982,EMP-00050,Procurement,SUP-00005,2026-01-25,2026-01-29,Approved
PR-02983,EMP-00015,Operations,SUP-00031,2026-03-05,2026-03-08,Approved
PR-02984,EMP-00084,Sales,SUP-00030,2026-01-13,2026-01-15,Approved
PR-02985,EMP-00068,Marketing,SUP-00011,2026-01-31,2026-02-03,Approved
PR-02986,EMP-00085,Sales,SUP-00032,2026-01-21,2026-01-24,Approved
PR-02987,EMP-00049,IT,SUP-00047,2026-01-11,2026-01-18,Approved
PR-02988,EMP-00097,Sales,SUP-00008,2026-01-06,2026-01-16,Approved
PR-02989,EMP-00043,Finance,SUP-00041,2026-03-28,2026-04-03,Approved
PR-02990,EMP-00050,Procurement,SUP-00019,2026-03-02,2026-03-04,Approved
PR-02991,EMP-00020,Marketing,SUP-00031,2026-03-18,2026-03-28,Approved
PR-02992,EMP-00004,Engineering,SUP-00031,2026-05-05,2026-05-18,Rejected
PR-02993,EMP-00043,Finance,SUP-00049,2026-02-13,2026-02-24,Approved
PR-02994,EMP-00040,Sales,SUP-00009,2026-02-26,2026-03-03,Approved
PR-02995,EMP-00082,Sales,SUP-00012,2026-03-27,2026-03-30,Approved
PR-02996,EMP-00075,Marketing,SUP-00045,2026-03-03,2026-03-06,Approved
PR-02997,EMP-00007,Engineering,SUP-00012,2026-02-10,2026-02-11,Approved
PR-02998,EMP-00015,Operations,SUP-00037,2026-05-03,2026-05-06,Approved
PR-02999,EMP-00093,IT,SUP-00042,2026-05-17,2026-05-20,Approved
PR-03000,EMP-00063,Finance,SUP-00018,2026-04-10,2026-04-25,Approved
PR-03001,EMP-00026,Operations,SUP-00020,2026-04-18,2026-04-20,Approved
PR-03002,EMP-00031,Procurement,SUP-00033,2026-01-01,2026-01-03,Approved
PR-03003,EMP-00051,Procurement,SUP-00021,2026-01-05,2026-01-14,Approved
PR-03004,EMP-00084,Sales,SUP-00019,2026-05-13,2026-05-15,Approved
PR-03005,EMP-00026,Operations,SUP-00044,2026-03-03,2026-03-05,Approved
PR-03006,EMP-00063,Finance,SUP-00011,2026-04-20,2026-05-01,Approved
PR-03007,EMP-00061,Operations,SUP-00009,2026-05-31,2026-06-01,Approved
PR-03008,EMP-00015,Operations,SUP-00012,2026-02-06,2026-02-08,Approved
PR-03009,EMP-00026,Operations,SUP-00043,2026-04-28,2026-05-07,Approved
PR-03010,EMP-00096,HR,SUP-00005,2026-05-28,2026-05-31,Approved
PR-03011,EMP-00087,IT,SUP-00016,2026-01-12,2026-01-16,Approved
PR-03012,EMP-00051,Procurement,SUP-00030,2026-02-05,2026-02-11,Approved
PR-03013,EMP-00030,Sales,SUP-00030,2026-03-26,2026-03-27,Approved
PR-03014,EMP-00085,Sales,SUP-00048,2026-05-21,2026-05-28,Approved
PR-03015,EMP-00065,Marketing,SUP-00017,2026-03-26,2026-03-28,Approved
PR-03016,EMP-00043,Finance,SUP-00006,2026-05-07,2026-05-11,Approved
PR-03017,EMP-00055,Procurement,SUP-00040,2026-04-15,2026-04-16,Approved
PR-03018,EMP-00022,Marketing,SUP-00031,2026-01-03,2026-01-18,Approved
PR-03019,EMP-00051,Procurement,SUP-00038,2026-01-05,2026-01-06,Approved
PR-03020,EMP-00009,Finance,SUP-00045,2026-04-06,2026-04-07,Approved
PR-03021,EMP-00089,Operations,SUP-00012,2026-04-19,2026-04-20,Approved
PR-03022,EMP-00069,Finance,SUP-00017,2026-04-06,2026-04-08,Approved
PR-03023,EMP-00080,Marketing,SUP-00044,2026-03-20,2026-03-22,Rejected
PR-03024,EMP-00024,HR,SUP-00018,2026-02-24,2026-02-27,Approved
PR-03025,EMP-00039,Operations,SUP-00045,2026-02-01,2026-02-15,Approved
PR-03026,EMP-00005,HR,SUP-00034,2026-04-22,2026-05-07,Approved
PR-03027,EMP-00076,HR,SUP-00009,2026-04-10,2026-04-11,Approved
PR-03028,EMP-00097,Sales,SUP-00010,2026-05-24,2026-05-26,Approved
PR-03029,EMP-00052,Finance,SUP-00015,2026-03-04,2026-03-08,Approved
PR-03030,EMP-00071,Procurement,SUP-00015,2026-01-02,2026-01-05,Approved
PR-03031,EMP-00084,Sales,SUP-00011,2026-05-06,2026-05-07,Approved
PR-03032,EMP-00056,Finance,SUP-00013,2026-02-24,2026-03-01,Approved
PR-03033,EMP-00047,IT,SUP-00005,2026-05-24,2026-05-25,Approved
PR-03034,EMP-00001,Engineering,SUP-00039,2026-03-08,2026-03-09,Approved
PR-03035,EMP-00060,Operations,SUP-00040,2026-02-06,2026-02-11,Approved
PR-03036,EMP-00096,HR,SUP-00031,2026-01-01,2026-01-02,Approved
PR-03037,EMP-00037,IT,SUP-00044,2026-03-17,2026-03-19,Approved
PR-03038,EMP-00068,Marketing,SUP-00016,2026-01-03,2026-01-07,Approved
PR-03039,EMP-00100,Engineering,SUP-00006,2026-02-02,2026-02-03,Approved
PR-03040,EMP-00022,Marketing,SUP-00031,2026-02-21,2026-02-24,Approved
PR-03041,EMP-00070,Sales,SUP-00038,2026-03-04,2026-03-06,Approved
PR-03042,EMP-00060,Operations,SUP-00045,2026-05-07,2026-05-09,Approved
PR-03043,EMP-00089,Operations,SUP-00027,2026-04-12,2026-04-15,Approved
PR-03044,EMP-00002,Marketing,SUP-00038,2026-01-14,2026-01-15,Approved
PR-03045,EMP-00069,Finance,SUP-00011,2026-02-04,2026-02-07,Approved
PR-03046,EMP-00028,Marketing,SUP-00012,2026-01-14,2026-01-15,Approved
PR-03047,EMP-00004,Engineering,SUP-00048,2026-04-04,2026-04-06,Approved
PR-03048,EMP-00010,Operations,SUP-00001,2026-04-21,2026-04-22,Approved
PR-03049,EMP-00004,Engineering,SUP-00025,2026-04-14,2026-04-16,Approved
PR-03050,EMP-00062,HR,SUP-00016,2026-05-05,2026-05-08,Rejected
PR-03051,EMP-00077,Operations,SUP-00001,2026-05-28,2026-06-12,Approved
PR-03052,EMP-00057,HR,SUP-00045,2026-01-09,2026-01-14,Approved
PR-03053,EMP-00058,IT,SUP-00016,2026-02-06,2026-02-08,Approved
PR-03054,EMP-00003,Engineering,SUP-00018,2026-04-08,2026-04-09,Approved
PR-03055,EMP-00015,Operations,SUP-00009,2026-01-27,2026-02-02,Approved
PR-03056,EMP-00069,Finance,SUP-00011,2026-01-19,2026-01-27,Approved
PR-03057,EMP-00070,Sales,SUP-00042,2026-05-16,2026-05-19,Approved
PR-03058,EMP-00030,Sales,SUP-00034,2026-04-29,2026-05-04,Approved
PR-03059,EMP-00006,HR,SUP-00004,2026-02-02,2026-02-12,Approved
PR-03060,EMP-00082,Sales,SUP-00045,2026-05-20,2026-05-28,Approved
PR-03061,EMP-00084,Sales,SUP-00050,2026-03-07,2026-03-10,Rejected
PR-03062,EMP-00033,IT,SUP-00027,2026-04-11,2026-04-14,Approved
PR-03063,EMP-00052,Finance,SUP-00034,2026-02-19,2026-02-22,Approved
PR-03064,EMP-00036,Engineering,SUP-00041,2026-01-31,2026-02-02,Approved
PR-03065,EMP-00006,HR,SUP-00014,2026-02-03,2026-02-04,Approved
PR-03066,EMP-00054,HR,SUP-00020,2026-03-13,2026-03-25,Approved
PR-03067,EMP-00078,HR,SUP-00042,2026-05-07,2026-05-08,Approved
PR-03068,EMP-00051,Procurement,SUP-00013,2026-01-14,2026-01-19,Approved
PR-03069,EMP-00072,Procurement,SUP-00039,2026-03-16,2026-03-19,Approved
PR-03070,EMP-00050,Procurement,SUP-00042,2026-01-28,2026-01-30,Approved
PR-03071,EMP-00083,Engineering,SUP-00017,2026-03-17,2026-03-18,Approved
PR-03072,EMP-00014,Marketing,SUP-00031,2026-01-05,2026-01-07,Approved
PR-03073,EMP-00057,HR,SUP-00013,2026-01-06,2026-01-07,Approved
PR-03074,EMP-00080,Marketing,SUP-00015,2026-02-09,2026-02-14,Approved
PR-03075,EMP-00079,Operations,SUP-00031,2026-01-13,2026-01-26,Rejected
PR-03076,EMP-00051,Procurement,SUP-00042,2026-01-18,2026-01-30,Approved
PR-03077,EMP-00005,HR,SUP-00045,2026-05-02,2026-05-17,Approved
PR-03078,EMP-00015,Operations,SUP-00025,2026-02-09,2026-02-12,Approved
PR-03079,EMP-00015,Operations,SUP-00034,2026-03-18,2026-03-20,Approved
PR-03080,EMP-00001,Engineering,SUP-00044,2026-03-18,2026-03-19,Approved
PR-03081,EMP-00033,IT,SUP-00032,2026-05-27,2026-06-03,Approved
PR-03082,EMP-00082,Sales,SUP-00034,2026-04-21,2026-05-04,Approved
PR-03083,EMP-00018,Engineering,SUP-00029,2026-03-01,2026-03-11,Approved
PR-03084,EMP-00086,HR,SUP-00010,2026-04-30,2026-05-01,Approved
PR-03085,EMP-00056,Finance,SUP-00001,2026-04-28,2026-05-01,Approved
PR-03086,EMP-00015,Operations,SUP-00009,2026-03-21,2026-03-29,Approved
PR-03087,EMP-00098,Sales,SUP-00038,2026-02-21,2026-03-03,Approved
PR-03088,EMP-00009,Finance,SUP-00038,2026-05-12,2026-05-13,Approved
PR-03089,EMP-00059,Marketing,SUP-00029,2026-02-13,2026-02-26,Approved
PR-03090,EMP-00066,Finance,SUP-00016,2026-02-12,2026-02-16,Approved
PR-03091,EMP-00088,Operations,SUP-00013,2026-02-19,2026-02-20,Approved
PR-03092,EMP-00032,Procurement,SUP-00002,2026-04-06,2026-04-07,Approved
PR-03093,EMP-00026,Operations,SUP-00031,2026-02-07,2026-02-10,Approved
PR-03094,EMP-00088,Operations,SUP-00044,2026-04-18,2026-04-20,Approved
PR-03095,EMP-00044,IT,SUP-00001,2026-01-31,2026-02-10,Approved
PR-03096,EMP-00096,HR,SUP-00001,2026-05-01,2026-05-04,Rejected
PR-03097,EMP-00013,Procurement,SUP-00034,2026-03-11,2026-03-23,Approved
PR-03098,EMP-00089,Operations,SUP-00028,2026-04-30,2026-05-07,Approved
PR-03099,EMP-00080,Marketing,SUP-00038,2026-04-18,2026-04-20,Approved
PR-03100,EMP-00093,IT,SUP-00006,2026-04-26,2026-05-05,Approved
PR-03101,EMP-00086,HR,SUP-00011,2026-05-07,2026-05-17,Approved
PR-03102,EMP-00072,Procurement,SUP-00017,2026-02-12,2026-02-17,Approved
PR-03103,EMP-00004,Engineering,SUP-00048,2026-02-22,2026-02-25,Approved
PR-03104,EMP-00081,IT,SUP-00033,2026-02-08,2026-02-16,Approved
PR-03105,EMP-00067,Sales,SUP-00015,2026-03-27,2026-04-06,Approved
PR-03106,EMP-00062,HR,SUP-00031,2026-01-26,2026-01-29,Approved
PR-03107,EMP-00007,Engineering,SUP-00044,2026-04-10,2026-04-13,Approved
PR-03108,EMP-00069,Finance,SUP-00011,2026-05-04,2026-05-05,Approved
PR-03109,EMP-00027,Operations,SUP-00040,2026-02-27,2026-03-04,Approved
PR-03110,EMP-00026,Operations,SUP-00042,2026-01-12,2026-01-15,Approved
PR-03111,EMP-00062,HR,SUP-00035,2026-05-13,2026-05-15,Approved
PR-03112,EMP-00072,Procurement,SUP-00047,2026-04-24,2026-04-25,Approved
PR-03113,EMP-00043,Finance,SUP-00004,2026-03-29,2026-03-30,Approved
PR-03114,EMP-00024,HR,SUP-00035,2026-02-02,2026-02-03,Approved
PR-03115,EMP-00023,IT,SUP-00008,2026-05-13,2026-05-15,Rejected
PR-03116,EMP-00026,Operations,SUP-00049,2026-01-27,2026-01-30,Approved
PR-03117,EMP-00048,Operations,SUP-00002,2026-02-09,2026-02-10,Approved
PR-03118,EMP-00033,IT,SUP-00041,2026-01-30,2026-02-14,Approved
PR-03119,EMP-00013,Procurement,SUP-00038,2026-04-26,2026-04-29,Approved
PR-03120,EMP-00086,HR,SUP-00047,2026-03-10,2026-03-14,Rejected
PR-03121,EMP-00048,Operations,SUP-00035,2026-01-07,2026-01-11,Approved
PR-03122,EMP-00026,Operations,SUP-00004,2026-02-04,2026-02-07,Approved
PR-03123,EMP-00056,Finance,SUP-00028,2026-04-01,2026-04-05,Approved
PR-03124,EMP-00046,Operations,SUP-00005,2026-04-23,2026-04-24,Approved
PR-03125,EMP-00086,HR,SUP-00029,2026-02-04,2026-02-11,Approved
PR-03126,EMP-00032,Procurement,SUP-00022,2026-02-28,2026-03-01,Approved
PR-03127,EMP-00044,IT,SUP-00006,2026-03-07,2026-03-09,Approved
PR-03128,EMP-00069,Finance,SUP-00015,2026-03-18,2026-03-22,Approved
PR-03129,EMP-00074,Engineering,SUP-00039,2026-03-30,2026-04-06,Approved
PR-03130,EMP-00062,HR,SUP-00050,2026-03-10,2026-03-15,Approved
PR-03131,EMP-00017,Sales,SUP-00037,2026-02-11,2026-02-21,Approved
PR-03132,EMP-00078,HR,SUP-00026,2026-03-15,2026-03-17,Approved
PR-03133,EMP-00064,IT,SUP-00042,2026-03-07,2026-03-09,Approved
PR-03134,EMP-00090,Engineering,SUP-00028,2026-02-02,2026-02-08,Rejected
PR-03135,EMP-00091,Operations,SUP-00013,2026-02-08,2026-02-10,Approved
PR-03136,EMP-00061,Operations,SUP-00047,2026-02-17,2026-02-22,Approved
PR-03137,EMP-00005,HR,SUP-00011,2026-04-17,2026-04-19,Approved
PR-03138,EMP-00005,HR,SUP-00021,2026-03-13,2026-03-14,Approved
PR-03139,EMP-00004,Engineering,SUP-00044,2026-03-10,2026-03-13,Approved
PR-03140,EMP-00008,HR,SUP-00023,2026-05-22,2026-05-26,Approved
PR-03141,EMP-00072,Procurement,SUP-00042,2026-04-26,2026-04-29,Approved
PR-03142,EMP-00070,Sales,SUP-00026,2026-01-31,2026-02-02,Approved
PR-03143,EMP-00019,IT,SUP-00026,2026-01-17,2026-01-20,Approved
PR-03144,EMP-00042,Marketing,SUP-00022,2026-04-07,2026-04-08,Approved
PR-03145,EMP-00078,HR,SUP-00015,2026-02-25,2026-03-02,Approved
PR-03146,EMP-00008,HR,SUP-00037,2026-04-02,2026-04-05,Approved
PR-03147,EMP-00091,Operations,SUP-00019,2026-01-24,2026-01-26,Approved
PR-03148,EMP-00011,Sales,SUP-00043,2026-03-27,2026-04-09,Approved
PR-03149,EMP-00040,Sales,SUP-00021,2026-05-21,2026-05-23,Approved
PR-03150,EMP-00022,Marketing,SUP-00025,2026-03-18,2026-03-20,Approved
PR-03151,EMP-00061,Operations,SUP-00024,2026-04-06,2026-04-12,Approved
PR-03152,EMP-00032,Procurement,SUP-00015,2026-03-08,2026-03-17,Approved
PR-03153,EMP-00035,Marketing,SUP-00020,2026-02-24,2026-03-11,Approved
PR-03154,EMP-00038,Marketing,SUP-00030,2026-03-15,2026-03-24,Approved
PR-03155,EMP-00088,Operations,SUP-00036,2026-01-14,2026-01-19,Approved
PR-03156,EMP-00026,Operations,SUP-00038,2026-03-04,2026-03-09,Approved
PR-03157,EMP-00069,Finance,SUP-00036,2026-03-06,2026-03-15,Approved
PR-03158,EMP-00067,Sales,SUP-00011,2026-05-05,2026-05-06,Approved
PR-03159,EMP-00051,Procurement,SUP-00010,2026-05-15,2026-05-17,Approved
PR-03160,EMP-00098,Sales,SUP-00017,2026-04-15,2026-04-18,Approved
PR-03161,EMP-00045,IT,SUP-00050,2026-03-04,2026-03-05,Approved
PR-03162,EMP-00095,Marketing,SUP-00028,2026-04-14,2026-04-15,Rejected
PR-03163,EMP-00025,Marketing,SUP-00020,2026-03-27,2026-03-30,Approved
PR-03164,EMP-00060,Operations,SUP-00020,2026-02-13,2026-02-14,Approved
PR-03165,EMP-00078,HR,SUP-00035,2026-01-10,2026-01-13,Approved
PR-03166,EMP-00091,Operations,SUP-00009,2026-01-05,2026-01-06,Approved
PR-03167,EMP-00078,HR,SUP-00007,2026-02-04,2026-02-05,Approved
PR-03168,EMP-00072,Procurement,SUP-00030,2026-02-17,2026-02-19,Approved
PR-03169,EMP-00037,IT,SUP-00031,2026-01-12,2026-01-13,Approved
PR-03170,EMP-00018,Engineering,SUP-00020,2026-05-28,2026-06-02,Approved
PR-03171,EMP-00089,Operations,SUP-00021,2026-01-30,2026-02-04,Approved
PR-03172,EMP-00023,IT,SUP-00035,2026-03-14,2026-03-16,Approved
PR-03173,EMP-00028,Marketing,SUP-00013,2026-04-24,2026-04-25,Approved
PR-03174,EMP-00100,Engineering,SUP-00019,2026-03-10,2026-03-23,Approved
PR-03175,EMP-00043,Finance,SUP-00038,2026-05-02,2026-05-08,Approved
PR-03176,EMP-00083,Engineering,SUP-00041,2026-02-15,2026-02-18,Approved
PR-03177,EMP-00019,IT,SUP-00007,2026-03-27,2026-03-29,Approved
PR-03178,EMP-00068,Marketing,SUP-00022,2026-03-10,2026-03-14,Approved
PR-03179,EMP-00076,HR,SUP-00025,2026-04-17,2026-04-18,Approved
PR-03180,EMP-00016,Marketing,SUP-00026,2026-02-10,2026-02-14,Approved
PR-03181,EMP-00039,Operations,SUP-00013,2026-03-28,2026-04-08,Approved
PR-03182,EMP-00072,Procurement,SUP-00005,2026-05-28,2026-05-31,Approved
PR-03183,EMP-00062,HR,SUP-00038,2026-05-07,2026-05-10,Approved
PR-03184,EMP-00060,Operations,SUP-00043,2026-04-18,2026-04-23,Approved
PR-03185,EMP-00078,HR,SUP-00003,2026-04-16,2026-04-26,Approved
PR-03186,EMP-00025,Marketing,SUP-00037,2026-04-16,2026-04-29,Approved
PR-03187,EMP-00013,Procurement,SUP-00036,2026-05-20,2026-05-23,Approved
PR-03188,EMP-00032,Procurement,SUP-00037,2026-01-26,2026-01-28,Approved
PR-03189,EMP-00074,Engineering,SUP-00048,2026-01-06,2026-01-08,Approved
PR-03190,EMP-00020,Marketing,SUP-00010,2026-01-02,2026-01-12,Rejected
PR-03191,EMP-00016,Marketing,SUP-00007,2026-05-23,2026-05-27,Approved
PR-03192,EMP-00035,Marketing,SUP-00006,2026-03-15,2026-03-17,Approved
PR-03193,EMP-00092,Engineering,SUP-00049,2026-02-06,2026-02-21,Approved
PR-03194,EMP-00079,Operations,SUP-00049,2026-03-30,2026-04-01,Approved
PR-03195,EMP-00021,IT,SUP-00043,2026-01-03,2026-01-18,Approved
PR-03196,EMP-00060,Operations,SUP-00004,2026-01-29,2026-02-02,Approved
PR-03197,EMP-00015,Operations,SUP-00025,2026-04-15,2026-04-23,Approved
PR-03198,EMP-00076,HR,SUP-00035,2026-01-29,2026-01-30,Approved
PR-03199,EMP-00025,Marketing,SUP-00039,2026-01-30,2026-02-10,Approved
PR-03200,EMP-00025,Marketing,SUP-00049,2026-02-19,2026-02-21,Approved
PR-03201,EMP-00085,Sales,SUP-00026,2026-05-04,2026-05-06,Approved
PR-03202,EMP-00076,HR,SUP-00041,2026-01-23,2026-01-24,Approved
PR-03203,EMP-00051,Procurement,SUP-00002,2026-03-06,2026-03-07,Approved
PR-03204,EMP-00087,IT,SUP-00014,2026-01-07,2026-01-08,Approved
PR-03205,EMP-00045,IT,SUP-00010,2026-04-17,2026-04-18,Approved
PR-03206,EMP-00030,Sales,SUP-00018,2026-03-05,2026-03-07,Approved
PR-03207,EMP-00011,Sales,SUP-00027,2026-03-19,2026-03-22,Approved
PR-03208,EMP-00059,Marketing,SUP-00013,2026-01-16,2026-01-27,Approved
PR-03209,EMP-00003,Engineering,SUP-00031,2026-02-22,2026-02-25,Approved
PR-03210,EMP-00076,HR,SUP-00047,2026-05-07,2026-05-11,Approved
PR-03211,EMP-00064,IT,SUP-00003,2026-02-04,2026-02-06,Approved
PR-03212,EMP-00097,Sales,SUP-00037,2026-03-16,2026-03-20,Approved
PR-03213,EMP-00078,HR,SUP-00044,2026-05-05,2026-05-19,Approved
PR-03214,EMP-00044,IT,SUP-00009,2026-05-06,2026-05-09,Approved
PR-03215,EMP-00002,Marketing,SUP-00017,2026-01-10,2026-01-16,Rejected
PR-03216,EMP-00025,Marketing,SUP-00013,2026-05-28,2026-06-02,Approved
PR-03217,EMP-00060,Operations,SUP-00012,2026-01-20,2026-01-22,Approved
PR-03218,EMP-00014,Marketing,SUP-00030,2026-02-17,2026-02-25,Approved
PR-03219,EMP-00092,Engineering,SUP-00014,2026-02-14,2026-02-18,Approved
PR-03220,EMP-00059,Marketing,SUP-00023,2026-03-14,2026-03-15,Approved
PR-03221,EMP-00100,Engineering,SUP-00013,2026-05-14,2026-05-17,Approved
PR-03222,EMP-00087,IT,SUP-00047,2026-01-15,2026-01-18,Approved
PR-03223,EMP-00048,Operations,SUP-00029,2026-04-26,2026-04-30,Approved
PR-03224,EMP-00094,HR,SUP-00047,2026-02-17,2026-02-19,Approved
PR-03225,EMP-00074,Engineering,SUP-00009,2026-04-14,2026-04-15,Approved
PR-03226,EMP-00019,IT,SUP-00039,2026-01-22,2026-01-24,Approved
PR-03227,EMP-00039,Operations,SUP-00008,2026-02-16,2026-03-02,Approved
PR-03228,EMP-00093,IT,SUP-00002,2026-01-02,2026-01-10,Approved
PR-03229,EMP-00056,Finance,SUP-00045,2026-05-05,2026-05-06,Approved
PR-03230,EMP-00069,Finance,SUP-00004,2026-02-01,2026-02-03,Approved
PR-03231,EMP-00091,Operations,SUP-00036,2026-05-23,2026-05-25,Approved
PR-03232,EMP-00061,Operations,SUP-00038,2026-05-15,2026-05-26,Approved
PR-03233,EMP-00069,Finance,SUP-00036,2026-01-24,2026-01-29,Approved
PR-03234,EMP-00065,Marketing,SUP-00010,2026-01-30,2026-01-31,Approved
PR-03235,EMP-00024,HR,SUP-00013,2026-02-07,2026-02-08,Approved
PR-03236,EMP-00059,Marketing,SUP-00006,2026-05-06,2026-05-07,Approved
PR-03237,EMP-00090,Engineering,SUP-00048,2026-01-19,2026-01-22,Approved
PR-03238,EMP-00003,Engineering,SUP-00021,2026-03-19,2026-03-20,Approved
PR-03239,EMP-00005,HR,SUP-00044,2026-03-15,2026-03-20,Approved
PR-03240,EMP-00024,HR,SUP-00049,2026-05-21,2026-05-24,Approved
PR-03241,EMP-00005,HR,SUP-00048,2026-01-06,2026-01-08,Approved
PR-03242,EMP-00031,Procurement,SUP-00011,2026-02-28,2026-03-02,Approved
PR-03243,EMP-00041,Marketing,SUP-00033,2026-03-06,2026-03-17,Approved
PR-03244,EMP-00037,IT,SUP-00016,2026-03-30,2026-04-10,Approved
PR-03245,EMP-00011,Sales,SUP-00043,2026-02-17,2026-02-18,Approved
PR-03246,EMP-00082,Sales,SUP-00008,2026-03-18,2026-03-28,Approved
PR-03247,EMP-00013,Procurement,SUP-00024,2026-01-13,2026-01-16,Approved
PR-03248,EMP-00092,Engineering,SUP-00002,2026-04-06,2026-04-07,Approved
PR-03249,EMP-00061,Operations,SUP-00030,2026-02-27,2026-03-04,Approved
PR-03250,EMP-00036,Engineering,SUP-00050,2026-02-26,2026-02-27,Approved
PR-03251,EMP-00043,Finance,SUP-00035,2026-04-12,2026-04-15,Approved
PR-03252,EMP-00099,Sales,SUP-00011,2026-05-17,2026-05-22,Approved
PR-03253,EMP-00009,Finance,SUP-00007,2026-05-12,2026-05-13,Approved
PR-03254,EMP-00080,Marketing,SUP-00040,2026-03-26,2026-03-28,Approved
PR-03255,EMP-00047,IT,SUP-00027,2026-03-22,2026-04-06,Approved
PR-03256,EMP-00019,IT,SUP-00003,2026-05-25,2026-05-26,Approved
PR-03257,EMP-00005,HR,SUP-00011,2026-02-24,2026-02-26,Approved
PR-03258,EMP-00020,Marketing,SUP-00029,2026-02-26,2026-03-10,Approved
PR-03259,EMP-00048,Operations,SUP-00026,2026-03-13,2026-03-15,Approved
PR-03260,EMP-00095,Marketing,SUP-00043,2026-04-24,2026-04-25,Approved
PR-03261,EMP-00099,Sales,SUP-00034,2026-01-07,2026-01-08,Approved
PR-03262,EMP-00004,Engineering,SUP-00024,2026-04-02,2026-04-05,Approved
PR-03263,EMP-00060,Operations,SUP-00032,2026-01-02,2026-01-04,Approved
PR-03264,EMP-00015,Operations,SUP-00003,2026-05-31,2026-06-05,Approved
PR-03265,EMP-00026,Operations,SUP-00007,2026-01-02,2026-01-04,Approved
PR-03266,EMP-00041,Marketing,SUP-00009,2026-05-28,2026-05-30,Approved
PR-03267,EMP-00086,HR,SUP-00050,2026-01-22,2026-01-25,Approved
PR-03268,EMP-00027,Operations,SUP-00026,2026-04-21,2026-04-22,Approved
PR-03269,EMP-00020,Marketing,SUP-00020,2026-05-07,2026-05-12,Approved
PR-03270,EMP-00078,HR,SUP-00047,2026-05-29,2026-06-01,Approved
PR-03271,EMP-00034,IT,SUP-00033,2026-02-04,2026-02-06,Approved
PR-03272,EMP-00050,Procurement,SUP-00049,2026-03-14,2026-03-18,Approved
PR-03273,EMP-00086,HR,SUP-00017,2026-01-04,2026-01-05,Approved
PR-03274,EMP-00070,Sales,SUP-00038,2026-01-21,2026-01-25,Approved
PR-03275,EMP-00038,Marketing,SUP-00041,2026-03-30,2026-04-03,Approved
PR-03276,EMP-00083,Engineering,SUP-00025,2026-05-22,2026-05-31,Approved
PR-03277,EMP-00021,IT,SUP-00045,2026-02-09,2026-02-12,Approved
PR-03278,EMP-00024,HR,SUP-00042,2026-01-07,2026-01-11,Approved
PR-03279,EMP-00062,HR,SUP-00032,2026-02-20,2026-02-23,Approved
PR-03280,EMP-00059,Marketing,SUP-00043,2026-04-07,2026-04-12,Approved
PR-03281,EMP-00074,Engineering,SUP-00002,2026-05-08,2026-05-09,Approved
PR-03282,EMP-00060,Operations,SUP-00012,2026-01-08,2026-01-10,Approved
PR-03283,EMP-00094,HR,SUP-00015,2026-03-04,2026-03-07,Approved
PR-03284,EMP-00034,IT,SUP-00039,2026-04-08,2026-04-10,Approved
PR-03285,EMP-00018,Engineering,SUP-00011,2026-05-22,2026-05-26,Approved
PR-03286,EMP-00085,Sales,SUP-00005,2026-02-23,2026-02-26,Approved
PR-03287,EMP-00046,Operations,SUP-00003,2026-04-10,2026-04-12,Approved
PR-03288,EMP-00073,HR,SUP-00026,2026-02-26,2026-02-28,Rejected
PR-03289,EMP-00092,Engineering,SUP-00024,2026-03-30,2026-04-01,Approved
PR-03290,EMP-00056,Finance,SUP-00001,2026-05-01,2026-05-04,Approved
PR-03291,EMP-00045,IT,SUP-00034,2026-02-12,2026-02-18,Approved
PR-03292,EMP-00050,Procurement,SUP-00012,2026-02-05,2026-02-13,Approved
PR-03293,EMP-00042,Marketing,SUP-00001,2026-05-17,2026-05-21,Approved
PR-03294,EMP-00005,HR,SUP-00050,2026-04-17,2026-04-21,Approved
PR-03295,EMP-00050,Procurement,SUP-00018,2026-04-23,2026-04-29,Approved
PR-03296,EMP-00006,HR,SUP-00037,2026-03-19,2026-03-21,Approved
PR-03297,EMP-00077,Operations,SUP-00020,2026-04-29,2026-04-30,Approved
PR-03298,EMP-00053,Operations,SUP-00019,2026-04-06,2026-04-12,Approved
PR-03299,EMP-00080,Marketing,SUP-00004,2026-02-28,2026-03-03,Approved
PR-03300,EMP-00068,Marketing,SUP-00046,2026-03-04,2026-03-16,Approved
PR-03301,EMP-00005,HR,SUP-00005,2026-03-23,2026-03-27,Approved
PR-03302,EMP-00024,HR,SUP-00050,2026-04-15,2026-04-18,Approved
PR-03303,EMP-00041,Marketing,SUP-00009,2026-01-18,2026-01-19,Approved
PR-03304,EMP-00070,Sales,SUP-00001,2026-02-02,2026-02-16,Rejected
PR-03305,EMP-00052,Finance,SUP-00040,2026-04-19,2026-04-21,Approved
PR-03306,EMP-00060,Operations,SUP-00025,2026-05-08,2026-05-11,Approved
PR-03307,EMP-00098,Sales,SUP-00019,2026-03-15,2026-03-17,Approved
PR-03308,EMP-00062,HR,SUP-00021,2026-05-26,2026-05-29,Approved
PR-03309,EMP-00075,Marketing,SUP-00048,2026-05-25,2026-05-27,Approved
PR-03310,EMP-00090,Engineering,SUP-00031,2026-03-16,2026-03-17,Approved
PR-03311,EMP-00056,Finance,SUP-00044,2026-05-19,2026-05-29,Approved
PR-03312,EMP-00033,IT,SUP-00038,2026-03-15,2026-03-16,Approved
PR-03313,EMP-00097,Sales,SUP-00041,2026-04-14,2026-04-16,Approved
PR-03314,EMP-00088,Operations,SUP-00012,2026-05-14,2026-05-20,Approved
PR-03315,EMP-00024,HR,SUP-00026,2026-03-23,2026-03-25,Approved
PR-03316,EMP-00058,IT,SUP-00024,2026-04-14,2026-04-17,Approved
PR-03317,EMP-00086,HR,SUP-00023,2026-05-21,2026-05-24,Approved
PR-03318,EMP-00014,Marketing,SUP-00013,2026-04-14,2026-04-27,Approved
PR-03319,EMP-00033,IT,SUP-00005,2026-04-22,2026-04-29,Rejected
PR-03320,EMP-00013,Procurement,SUP-00001,2026-01-29,2026-02-03,Approved
PR-03321,EMP-00055,Procurement,SUP-00016,2026-02-20,2026-02-24,Approved
PR-03322,EMP-00096,HR,SUP-00014,2026-03-27,2026-03-30,Approved
PR-03323,EMP-00025,Marketing,SUP-00037,2026-05-31,2026-06-04,Approved
PR-03324,EMP-00009,Finance,SUP-00026,2026-04-04,2026-04-15,Approved
PR-03325,EMP-00098,Sales,SUP-00034,2026-03-14,2026-03-22,Approved
PR-03326,EMP-00013,Procurement,SUP-00033,2026-03-27,2026-03-30,Approved
PR-03327,EMP-00096,HR,SUP-00032,2026-04-20,2026-04-23,Approved
PR-03328,EMP-00017,Sales,SUP-00025,2026-05-12,2026-05-14,Approved
PR-03329,EMP-00008,HR,SUP-00002,2026-05-24,2026-05-26,Approved
PR-03330,EMP-00042,Marketing,SUP-00026,2026-02-12,2026-02-27,Approved
PR-03331,EMP-00052,Finance,SUP-00042,2026-01-02,2026-01-05,Approved
PR-03332,EMP-00097,Sales,SUP-00044,2026-02-02,2026-02-03,Approved
PR-03333,EMP-00054,HR,SUP-00044,2026-05-04,2026-05-13,Approved
PR-03334,EMP-00053,Operations,SUP-00017,2026-02-05,2026-02-18,Approved
PR-03335,EMP-00045,IT,SUP-00048,2026-02-20,2026-02-21,Approved
PR-03336,EMP-00034,IT,SUP-00048,2026-02-06,2026-02-09,Approved
PR-03337,EMP-00016,Marketing,SUP-00046,2026-01-14,2026-01-29,Rejected
PR-03338,EMP-00023,IT,SUP-00045,2026-04-20,2026-05-01,Approved
PR-03339,EMP-00086,HR,SUP-00016,2026-03-31,2026-04-04,Approved
PR-03340,EMP-00070,Sales,SUP-00014,2026-05-15,2026-05-17,Approved
PR-03341,EMP-00086,HR,SUP-00026,2026-02-08,2026-02-12,Approved
PR-03342,EMP-00094,HR,SUP-00017,2026-04-28,2026-05-01,Approved
PR-03343,EMP-00013,Procurement,SUP-00033,2026-03-04,2026-03-07,Approved
PR-03344,EMP-00005,HR,SUP-00036,2026-04-18,2026-04-19,Approved
PR-03345,EMP-00048,Operations,SUP-00003,2026-01-10,2026-01-13,Approved
PR-03346,EMP-00065,Marketing,SUP-00017,2026-04-18,2026-04-19,Approved
PR-03347,EMP-00032,Procurement,SUP-00036,2026-03-08,2026-03-11,Approved
PR-03348,EMP-00032,Procurement,SUP-00033,2026-05-10,2026-05-12,Approved
PR-03349,EMP-00075,Marketing,SUP-00030,2026-05-27,2026-05-29,Approved
PR-03350,EMP-00092,Engineering,SUP-00037,2026-04-10,2026-04-12,Approved
PR-03351,EMP-00056,Finance,SUP-00043,2026-02-05,2026-02-09,Approved
PR-03352,EMP-00007,Engineering,SUP-00040,2026-04-11,2026-04-17,Approved
PR-03353,EMP-00057,HR,SUP-00020,2026-03-16,2026-03-17,Approved
PR-03354,EMP-00012,Finance,SUP-00021,2026-01-06,2026-01-09,Approved
PR-03355,EMP-00070,Sales,SUP-00004,2026-01-05,2026-01-07,Approved
PR-03356,EMP-00055,Procurement,SUP-00043,2026-02-06,2026-02-14,Approved
PR-03357,EMP-00029,IT,SUP-00030,2026-03-02,2026-03-17,Approved
PR-03358,EMP-00006,HR,SUP-00002,2026-01-04,2026-01-06,Approved
PR-03359,EMP-00019,IT,SUP-00002,2026-01-17,2026-01-20,Approved
PR-03360,EMP-00073,HR,SUP-00043,2026-05-17,2026-05-27,Approved
PR-03361,EMP-00061,Operations,SUP-00019,2026-01-17,2026-01-19,Approved
PR-03362,EMP-00087,IT,SUP-00049,2026-01-13,2026-01-15,Approved
PR-03363,EMP-00016,Marketing,SUP-00033,2026-04-11,2026-04-12,Approved
PR-03364,EMP-00015,Operations,SUP-00024,2026-04-20,2026-04-27,Approved
PR-03365,EMP-00062,HR,SUP-00037,2026-04-28,2026-04-29,Approved
PR-03366,EMP-00054,HR,SUP-00020,2026-05-21,2026-05-23,Approved
PR-03367,EMP-00029,IT,SUP-00020,2026-05-09,2026-05-12,Approved
PR-03368,EMP-00078,HR,SUP-00044,2026-04-19,2026-04-21,Approved
PR-03369,EMP-00095,Marketing,SUP-00009,2026-04-14,2026-04-23,Approved
PR-03370,EMP-00076,HR,SUP-00050,2026-02-02,2026-02-05,Approved
PR-03371,EMP-00033,IT,SUP-00031,2026-01-07,2026-01-21,Approved
PR-03372,EMP-00052,Finance,SUP-00002,2026-02-10,2026-02-14,Approved
PR-03373,EMP-00022,Marketing,SUP-00002,2026-05-26,2026-06-04,Approved
PR-03374,EMP-00060,Operations,SUP-00045,2026-02-13,2026-02-25,Approved
PR-03375,EMP-00030,Sales,SUP-00020,2026-04-29,2026-05-01,Approved
PR-03376,EMP-00010,Operations,SUP-00022,2026-03-24,2026-03-29,Approved
PR-03377,EMP-00076,HR,SUP-00030,2026-04-08,2026-04-10,Rejected
PR-03378,EMP-00020,Marketing,SUP-00006,2026-03-23,2026-03-24,Approved
PR-03379,EMP-00018,Engineering,SUP-00007,2026-03-26,2026-03-28,Rejected
PR-03380,EMP-00087,IT,SUP-00011,2026-04-01,2026-04-03,Approved
PR-03381,EMP-00037,IT,SUP-00036,2026-03-20,2026-03-23,Approved
PR-03382,EMP-00098,Sales,SUP-00018,2026-02-17,2026-02-28,Approved
PR-03383,EMP-00055,Procurement,SUP-00041,2026-05-24,2026-05-27,Approved
PR-03384,EMP-00083,Engineering,SUP-00008,2026-02-06,2026-02-09,Approved
PR-03385,EMP-00012,Finance,SUP-00019,2026-01-04,2026-01-12,Approved
PR-03386,EMP-00092,Engineering,SUP-00015,2026-04-13,2026-04-16,Approved
PR-03387,EMP-00056,Finance,SUP-00020,2026-04-15,2026-04-18,Approved
PR-03388,EMP-00090,Engineering,SUP-00050,2026-01-11,2026-01-12,Approved
PR-03389,EMP-00001,Engineering,SUP-00016,2026-04-09,2026-04-13,Approved
PR-03390,EMP-00067,Sales,SUP-00048,2026-05-01,2026-05-03,Approved
PR-03391,EMP-00010,Operations,SUP-00050,2026-03-12,2026-03-24,Approved
PR-03392,EMP-00013,Procurement,SUP-00032,2026-03-07,2026-03-11,Approved
PR-03393,EMP-00092,Engineering,SUP-00049,2026-04-06,2026-04-13,Approved
PR-03394,EMP-00094,HR,SUP-00011,2026-05-21,2026-05-28,Approved
PR-03395,EMP-00062,HR,SUP-00007,2026-05-10,2026-05-20,Approved
PR-03396,EMP-00037,IT,SUP-00026,2026-05-21,2026-05-23,Approved
PR-03397,EMP-00079,Operations,SUP-00050,2026-03-18,2026-03-21,Approved
PR-03398,EMP-00026,Operations,SUP-00010,2026-04-04,2026-04-06,Approved
PR-03399,EMP-00085,Sales,SUP-00030,2026-05-24,2026-05-25,Rejected
PR-03400,EMP-00051,Procurement,SUP-00004,2026-05-18,2026-05-20,Approved
PR-03401,EMP-00097,Sales,SUP-00039,2026-01-09,2026-01-11,Approved
PR-03402,EMP-00070,Sales,SUP-00032,2026-01-14,2026-01-16,Approved
PR-03403,EMP-00074,Engineering,SUP-00033,2026-04-30,2026-05-02,Approved
PR-03404,EMP-00024,HR,SUP-00010,2026-01-02,2026-01-03,Approved
PR-03405,EMP-00027,Operations,SUP-00027,2026-01-29,2026-01-31,Approved
PR-03406,EMP-00092,Engineering,SUP-00029,2026-03-29,2026-03-30,Approved
PR-03407,EMP-00014,Marketing,SUP-00015,2026-02-05,2026-02-11,Approved
PR-03408,EMP-00064,IT,SUP-00034,2026-05-06,2026-05-09,Approved
PR-03409,EMP-00065,Marketing,SUP-00014,2026-02-06,2026-02-07,Approved
PR-03410,EMP-00054,HR,SUP-00020,2026-04-28,2026-04-30,Approved
PR-03411,EMP-00085,Sales,SUP-00041,2026-01-29,2026-01-30,Approved
PR-03412,EMP-00021,IT,SUP-00010,2026-03-31,2026-04-03,Approved
PR-03413,EMP-00041,Marketing,SUP-00047,2026-01-21,2026-01-24,Approved
PR-03414,EMP-00041,Marketing,SUP-00036,2026-03-30,2026-04-13,Approved
PR-03415,EMP-00065,Marketing,SUP-00009,2026-04-17,2026-04-21,Approved
PR-03416,EMP-00040,Sales,SUP-00023,2026-04-24,2026-04-26,Approved
PR-03417,EMP-00033,IT,SUP-00002,2026-04-06,2026-04-08,Approved
PR-03418,EMP-00023,IT,SUP-00022,2026-01-08,2026-01-11,Approved
PR-03419,EMP-00044,IT,SUP-00011,2026-01-04,2026-01-09,Approved
PR-03420,EMP-00059,Marketing,SUP-00044,2026-03-03,2026-03-14,Approved
PR-03421,EMP-00065,Marketing,SUP-00002,2026-01-16,2026-01-18,Approved
PR-03422,EMP-00096,HR,SUP-00015,2026-02-02,2026-02-05,Approved
PR-03423,EMP-00098,Sales,SUP-00026,2026-03-13,2026-03-23,Approved
PR-03424,EMP-00073,HR,SUP-00001,2026-03-16,2026-03-19,Approved
PR-03425,EMP-00079,Operations,SUP-00036,2026-03-18,2026-04-02,Approved
PR-03426,EMP-00077,Operations,SUP-00023,2026-01-28,2026-01-31,Approved
PR-03427,EMP-00096,HR,SUP-00034,2026-04-30,2026-05-01,Approved
PR-03428,EMP-00064,IT,SUP-00015,2026-03-15,2026-03-18,Approved
PR-03429,EMP-00069,Finance,SUP-00050,2026-03-05,2026-03-07,Approved
PR-03430,EMP-00078,HR,SUP-00039,2026-05-30,2026-06-02,Approved
PR-03431,EMP-00059,Marketing,SUP-00036,2026-02-07,2026-02-10,Approved
PR-03432,EMP-00025,Marketing,SUP-00016,2026-01-17,2026-01-19,Approved
PR-03433,EMP-00097,Sales,SUP-00038,2026-01-22,2026-02-04,Approved
PR-03434,EMP-00095,Marketing,SUP-00040,2026-02-10,2026-02-11,Approved
PR-03435,EMP-00044,IT,SUP-00007,2026-04-24,2026-04-28,Approved
PR-03436,EMP-00047,IT,SUP-00012,2026-05-25,2026-05-28,Approved
PR-03437,EMP-00046,Operations,SUP-00039,2026-04-06,2026-04-07,Approved
PR-03438,EMP-00026,Operations,SUP-00007,2026-01-02,2026-01-15,Approved
PR-03439,EMP-00009,Finance,SUP-00020,2026-02-24,2026-02-27,Approved
PR-03440,EMP-00001,Engineering,SUP-00033,2026-04-26,2026-05-01,Approved
PR-03441,EMP-00076,HR,SUP-00002,2026-03-11,2026-03-15,Approved
PR-03442,EMP-00096,HR,SUP-00018,2026-03-03,2026-03-05,Approved
PR-03443,EMP-00024,HR,SUP-00048,2026-04-25,2026-04-26,Approved
PR-03444,EMP-00040,Sales,SUP-00050,2026-01-16,2026-01-17,Approved
PR-03445,EMP-00070,Sales,SUP-00002,2026-04-03,2026-04-05,Approved
PR-03446,EMP-00083,Engineering,SUP-00002,2026-04-10,2026-04-23,Approved
PR-03447,EMP-00002,Marketing,SUP-00004,2026-03-02,2026-03-14,Approved
PR-03448,EMP-00096,HR,SUP-00031,2026-03-04,2026-03-07,Approved
PR-03449,EMP-00082,Sales,SUP-00017,2026-05-05,2026-05-07,Approved
PR-03450,EMP-00016,Marketing,SUP-00019,2026-03-07,2026-03-10,Approved
PR-03451,EMP-00088,Operations,SUP-00002,2026-03-03,2026-03-05,Approved
PR-03452,EMP-00021,IT,SUP-00019,2026-01-27,2026-01-28,Approved
PR-03453,EMP-00049,IT,SUP-00005,2026-05-30,2026-06-05,Approved
PR-03454,EMP-00043,Finance,SUP-00039,2026-04-18,2026-04-22,Approved
PR-03455,EMP-00010,Operations,SUP-00026,2026-02-17,2026-02-19,Approved
PR-03456,EMP-00089,Operations,SUP-00003,2026-05-09,2026-05-12,Approved
PR-03457,EMP-00001,Engineering,SUP-00001,2026-01-28,2026-02-01,Approved
PR-03458,EMP-00019,IT,SUP-00008,2026-04-06,2026-04-10,Approved
PR-03459,EMP-00057,HR,SUP-00044,2026-03-15,2026-03-16,Approved
PR-03460,EMP-00017,Sales,SUP-00018,2026-04-08,2026-04-11,Approved
PR-03461,EMP-00080,Marketing,SUP-00034,2026-02-25,2026-02-26,Approved
PR-03462,EMP-00080,Marketing,SUP-00027,2026-03-18,2026-03-19,Approved
PR-03463,EMP-00003,Engineering,SUP-00010,2026-05-17,2026-05-21,Approved
PR-03464,EMP-00047,IT,SUP-00040,2026-04-10,2026-04-20,Approved
PR-03465,EMP-00038,Marketing,SUP-00003,2026-01-06,2026-01-16,Approved
PR-03466,EMP-00070,Sales,SUP-00036,2026-05-05,2026-05-08,Approved
PR-03467,EMP-00077,Operations,SUP-00031,2026-03-30,2026-04-02,Approved
PR-03468,EMP-00085,Sales,SUP-00004,2026-05-04,2026-05-11,Approved
PR-03469,EMP-00019,IT,SUP-00023,2026-01-13,2026-01-15,Approved
PR-03470,EMP-00005,HR,SUP-00013,2026-05-12,2026-05-13,Approved
PR-03471,EMP-00055,Procurement,SUP-00019,2026-04-25,2026-04-30,Approved
PR-03472,EMP-00081,IT,SUP-00008,2026-03-27,2026-04-06,Approved
PR-03473,EMP-00042,Marketing,SUP-00004,2026-05-28,2026-06-08,Approved
PR-03474,EMP-00037,IT,SUP-00027,2026-02-11,2026-02-12,Approved
PR-03475,EMP-00088,Operations,SUP-00039,2026-03-27,2026-04-06,Approved
PR-03476,EMP-00009,Finance,SUP-00045,2026-01-03,2026-01-05,Approved
PR-03477,EMP-00019,IT,SUP-00019,2026-04-15,2026-04-16,Approved
PR-03478,EMP-00037,IT,SUP-00011,2026-04-01,2026-04-03,Approved
PR-03479,EMP-00061,Operations,SUP-00028,2026-02-25,2026-02-27,Approved
PR-03480,EMP-00027,Operations,SUP-00026,2026-05-15,2026-05-27,Approved
PR-03481,EMP-00039,Operations,SUP-00003,2026-01-13,2026-01-14,Approved
PR-03482,EMP-00016,Marketing,SUP-00045,2026-03-31,2026-04-02,Approved
PR-03483,EMP-00026,Operations,SUP-00010,2026-03-03,2026-03-14,Approved
PR-03484,EMP-00036,Engineering,SUP-00034,2026-03-21,2026-03-24,Approved
PR-03485,EMP-00035,Marketing,SUP-00026,2026-03-17,2026-03-22,Approved
PR-03486,EMP-00035,Marketing,SUP-00018,2026-03-02,2026-03-13,Approved
PR-03487,EMP-00017,Sales,SUP-00004,2026-02-25,2026-02-27,Approved
PR-03488,EMP-00014,Marketing,SUP-00009,2026-01-18,2026-01-25,Approved
PR-03489,EMP-00027,Operations,SUP-00050,2026-05-07,2026-05-10,Approved
PR-03490,EMP-00094,HR,SUP-00041,2026-02-01,2026-02-04,Approved
PR-03491,EMP-00073,HR,SUP-00029,2026-01-26,2026-01-31,Approved
PR-03492,EMP-00014,Marketing,SUP-00009,2026-01-14,2026-01-16,Approved
PR-03493,EMP-00072,Procurement,SUP-00032,2026-01-12,2026-01-20,Approved
PR-03494,EMP-00034,IT,SUP-00019,2026-02-04,2026-02-07,Approved
PR-03495,EMP-00072,Procurement,SUP-00047,2026-01-28,2026-01-30,Approved
PR-03496,EMP-00073,HR,SUP-00019,2026-04-18,2026-04-20,Rejected
PR-03497,EMP-00037,IT,SUP-00008,2026-02-19,2026-02-23,Approved
PR-03498,EMP-00047,IT,SUP-00009,2026-03-17,2026-03-18,Approved
PR-03499,EMP-00031,Procurement,SUP-00038,2026-01-25,2026-02-04,Approved
PR-03500,EMP-00069,Finance,SUP-00015,2026-02-17,2026-02-19,Approved
PR-03501,EMP-00030,Sales,SUP-00045,2026-03-21,2026-03-24,Approved
PR-03502,EMP-00073,HR,SUP-00028,2026-02-10,2026-02-13,Approved
PR-03503,EMP-00027,Operations,SUP-00042,2026-04-16,2026-04-19,Approved
PR-03504,EMP-00018,Engineering,SUP-00024,2026-03-28,2026-03-30,Approved
PR-03505,EMP-00074,Engineering,SUP-00026,2026-03-31,2026-04-10,Approved
PR-03506,EMP-00055,Procurement,SUP-00003,2026-01-10,2026-01-25,Approved
PR-03507,EMP-00076,HR,SUP-00016,2026-01-15,2026-01-18,Approved
PR-03508,EMP-00080,Marketing,SUP-00035,2026-03-23,2026-03-26,Approved
PR-03509,EMP-00012,Finance,SUP-00023,2026-01-10,2026-01-12,Approved
PR-03510,EMP-00080,Marketing,SUP-00043,2026-02-14,2026-02-15,Approved
PR-03511,EMP-00094,HR,SUP-00018,2026-01-24,2026-01-25,Approved
PR-03512,EMP-00027,Operations,SUP-00021,2026-03-20,2026-04-01,Approved
PR-03513,EMP-00023,IT,SUP-00014,2026-02-15,2026-02-17,Approved
PR-03514,EMP-00059,Marketing,SUP-00018,2026-03-02,2026-03-04,Approved
PR-03515,EMP-00087,IT,SUP-00042,2026-03-07,2026-03-08,Approved
PR-03516,EMP-00070,Sales,SUP-00050,2026-05-24,2026-05-25,Approved
PR-03517,EMP-00006,HR,SUP-00035,2026-03-10,2026-03-11,Approved
PR-03518,EMP-00029,IT,SUP-00020,2026-03-11,2026-03-16,Approved
PR-03519,EMP-00083,Engineering,SUP-00009,2026-03-14,2026-03-21,Approved
PR-03520,EMP-00025,Marketing,SUP-00014,2026-03-08,2026-03-22,Approved
PR-03521,EMP-00069,Finance,SUP-00029,2026-03-12,2026-03-17,Rejected
PR-03522,EMP-00078,HR,SUP-00007,2026-04-07,2026-04-11,Approved
PR-03523,EMP-00065,Marketing,SUP-00039,2026-04-27,2026-04-28,Approved
PR-03524,EMP-00084,Sales,SUP-00050,2026-04-21,2026-04-22,Approved
PR-03525,EMP-00030,Sales,SUP-00048,2026-01-07,2026-01-13,Approved
PR-03526,EMP-00026,Operations,SUP-00003,2026-04-02,2026-04-06,Approved
PR-03527,EMP-00022,Marketing,SUP-00050,2026-01-06,2026-01-07,Approved
PR-03528,EMP-00064,IT,SUP-00046,2026-02-22,2026-03-01,Approved
PR-03529,EMP-00092,Engineering,SUP-00038,2026-01-05,2026-01-07,Approved
PR-03530,EMP-00069,Finance,SUP-00032,2026-05-28,2026-06-01,Approved
PR-03531,EMP-00044,IT,SUP-00038,2026-02-15,2026-02-19,Approved
PR-03532,EMP-00083,Engineering,SUP-00046,2026-04-25,2026-04-26,Rejected
PR-03533,EMP-00031,Procurement,SUP-00018,2026-05-18,2026-05-26,Approved
PR-03534,EMP-00036,Engineering,SUP-00009,2026-05-12,2026-05-13,Approved
PR-03535,EMP-00014,Marketing,SUP-00019,2026-04-15,2026-04-16,Approved
PR-03536,EMP-00051,Procurement,SUP-00050,2026-01-05,2026-01-08,Approved
PR-03537,EMP-00051,Procurement,SUP-00039,2026-03-27,2026-03-28,Approved
PR-03538,EMP-00091,Operations,SUP-00029,2026-02-07,2026-02-11,Approved
PR-03539,EMP-00085,Sales,SUP-00005,2026-02-25,2026-02-27,Approved
PR-03540,EMP-00074,Engineering,SUP-00015,2026-03-06,2026-03-11,Approved
PR-03541,EMP-00001,Engineering,SUP-00037,2026-03-04,2026-03-05,Approved
PR-03542,EMP-00084,Sales,SUP-00001,2026-04-23,2026-04-27,Approved
PR-03543,EMP-00086,HR,SUP-00023,2026-02-26,2026-03-02,Approved
PR-03544,EMP-00037,IT,SUP-00010,2026-02-14,2026-02-18,Approved
PR-03545,EMP-00060,Operations,SUP-00037,2026-01-11,2026-01-21,Approved
PR-03546,EMP-00069,Finance,SUP-00011,2026-04-06,2026-04-09,Approved
PR-03547,EMP-00060,Operations,SUP-00020,2026-02-05,2026-02-08,Approved
PR-03548,EMP-00024,HR,SUP-00031,2026-01-08,2026-01-12,Approved
PR-03549,EMP-00031,Procurement,SUP-00025,2026-03-09,2026-03-10,Approved
PR-03550,EMP-00018,Engineering,SUP-00038,2026-04-24,2026-04-26,Approved
PR-03551,EMP-00099,Sales,SUP-00008,2026-02-23,2026-02-24,Approved
PR-03552,EMP-00032,Procurement,SUP-00021,2026-01-09,2026-01-12,Approved
PR-03553,EMP-00007,Engineering,SUP-00044,2026-03-09,2026-03-11,Approved
PR-03554,EMP-00053,Operations,SUP-00039,2026-03-29,2026-04-13,Approved
PR-03555,EMP-00078,HR,SUP-00039,2026-01-04,2026-01-05,Approved
PR-03556,EMP-00048,Operations,SUP-00030,2026-03-04,2026-03-18,Approved
PR-03557,EMP-00034,IT,SUP-00041,2026-03-22,2026-03-23,Approved
PR-03558,EMP-00064,IT,SUP-00022,2026-03-12,2026-03-16,Approved
PR-03559,EMP-00073,HR,SUP-00014,2026-01-24,2026-01-28,Approved
PR-03560,EMP-00011,Sales,SUP-00020,2026-05-30,2026-06-11,Approved
PR-03561,EMP-00092,Engineering,SUP-00007,2026-04-06,2026-04-08,Approved
PR-03562,EMP-00062,HR,SUP-00002,2026-05-15,2026-05-20,Approved
PR-03563,EMP-00002,Marketing,SUP-00049,2026-01-01,2026-01-12,Approved
PR-03564,EMP-00029,IT,SUP-00008,2026-01-05,2026-01-08,Approved
PR-03565,EMP-00002,Marketing,SUP-00035,2026-02-14,2026-02-15,Approved
PR-03566,EMP-00094,HR,SUP-00047,2026-05-17,2026-05-21,Approved
PR-03567,EMP-00049,IT,SUP-00001,2026-02-24,2026-02-27,Approved
PR-03568,EMP-00001,Engineering,SUP-00045,2026-02-12,2026-02-16,Approved
PR-03569,EMP-00034,IT,SUP-00001,2026-03-14,2026-03-27,Approved
PR-03570,EMP-00075,Marketing,SUP-00010,2026-02-27,2026-03-09,Approved
PR-03571,EMP-00021,IT,SUP-00001,2026-04-16,2026-04-20,Approved
PR-03572,EMP-00067,Sales,SUP-00014,2026-04-04,2026-04-05,Approved
PR-03573,EMP-00091,Operations,SUP-00017,2026-02-20,2026-02-24,Approved
PR-03574,EMP-00075,Marketing,SUP-00016,2026-02-12,2026-02-21,Approved
PR-03575,EMP-00097,Sales,SUP-00003,2026-05-28,2026-06-10,Rejected
PR-03576,EMP-00097,Sales,SUP-00012,2026-03-26,2026-03-28,Approved
PR-03577,EMP-00018,Engineering,SUP-00042,2026-02-25,2026-02-28,Approved
PR-03578,EMP-00098,Sales,SUP-00012,2026-05-21,2026-05-24,Approved
PR-03579,EMP-00028,Marketing,SUP-00038,2026-04-09,2026-04-13,Approved
PR-03580,EMP-00067,Sales,SUP-00026,2026-01-27,2026-02-03,Approved
PR-03581,EMP-00078,HR,SUP-00042,2026-05-31,2026-06-03,Approved
PR-03582,EMP-00083,Engineering,SUP-00028,2026-03-17,2026-03-23,Approved
PR-03583,EMP-00076,HR,SUP-00014,2026-03-27,2026-03-30,Approved
PR-03584,EMP-00083,Engineering,SUP-00025,2026-02-18,2026-02-19,Approved
PR-03585,EMP-00020,Marketing,SUP-00032,2026-01-13,2026-01-20,Approved
PR-03586,EMP-00013,Procurement,SUP-00039,2026-03-23,2026-04-05,Approved
PR-03587,EMP-00017,Sales,SUP-00027,2026-03-25,2026-04-08,Approved
PR-03588,EMP-00100,Engineering,SUP-00008,2026-02-06,2026-02-21,Approved
PR-03589,EMP-00080,Marketing,SUP-00039,2026-03-20,2026-03-31,Approved
PR-03590,EMP-00089,Operations,SUP-00036,2026-04-08,2026-04-21,Approved
PR-03591,EMP-00006,HR,SUP-00037,2026-02-10,2026-02-14,Approved
PR-03592,EMP-00087,IT,SUP-00032,2026-05-09,2026-05-10,Approved
PR-03593,EMP-00099,Sales,SUP-00004,2026-02-13,2026-02-28,Approved
PR-03594,EMP-00066,Finance,SUP-00039,2026-01-08,2026-01-10,Approved
PR-03595,EMP-00044,IT,SUP-00009,2026-01-01,2026-01-02,Approved
PR-03596,EMP-00040,Sales,SUP-00041,2026-05-07,2026-05-17,Approved
PR-03597,EMP-00075,Marketing,SUP-00044,2026-02-07,2026-02-19,Approved
PR-03598,EMP-00075,Marketing,SUP-00037,2026-02-02,2026-02-04,Approved
PR-03599,EMP-00021,IT,SUP-00013,2026-03-17,2026-03-19,Rejected
PR-03600,EMP-00030,Sales,SUP-00025,2026-02-07,2026-02-10,Approved
PR-03601,EMP-00067,Sales,SUP-00005,2026-02-14,2026-02-17,Approved
PR-03602,EMP-00001,Engineering,SUP-00046,2026-04-26,2026-04-28,Approved
PR-03603,EMP-00082,Sales,SUP-00035,2026-05-09,2026-05-14,Rejected
PR-03604,EMP-00005,HR,SUP-00040,2026-02-22,2026-02-23,Approved
PR-03605,EMP-00012,Finance,SUP-00022,2026-02-26,2026-03-07,Approved
PR-03606,EMP-00084,Sales,SUP-00034,2026-03-30,2026-04-01,Approved
PR-03607,EMP-00035,Marketing,SUP-00022,2026-04-17,2026-04-21,Rejected
PR-03608,EMP-00047,IT,SUP-00030,2026-05-23,2026-05-24,Approved
PR-03609,EMP-00100,Engineering,SUP-00008,2026-01-21,2026-01-24,Approved
PR-03610,EMP-00017,Sales,SUP-00037,2026-03-07,2026-03-12,Approved
PR-03611,EMP-00047,IT,SUP-00010,2026-03-20,2026-03-21,Approved
PR-03612,EMP-00092,Engineering,SUP-00009,2026-04-03,2026-04-04,Approved
PR-03613,EMP-00038,Marketing,SUP-00050,2026-04-15,2026-04-17,Approved
PR-03614,EMP-00086,HR,SUP-00032,2026-04-11,2026-04-25,Approved
PR-03615,EMP-00012,Finance,SUP-00044,2026-05-16,2026-05-20,Approved
PR-03616,EMP-00040,Sales,SUP-00016,2026-04-05,2026-04-08,Approved
PR-03617,EMP-00068,Marketing,SUP-00026,2026-01-29,2026-02-01,Approved
PR-03618,EMP-00032,Procurement,SUP-00023,2026-04-20,2026-04-23,Approved
PR-03619,EMP-00099,Sales,SUP-00037,2026-04-13,2026-04-27,Rejected
PR-03620,EMP-00073,HR,SUP-00040,2026-05-28,2026-06-02,Approved
PR-03621,EMP-00045,IT,SUP-00023,2026-01-21,2026-01-28,Approved
PR-03622,EMP-00048,Operations,SUP-00002,2026-05-09,2026-05-14,Approved
PR-03623,EMP-00093,IT,SUP-00024,2026-01-23,2026-02-05,Approved
PR-03624,EMP-00027,Operations,SUP-00013,2026-04-20,2026-04-22,Approved
PR-03625,EMP-00073,HR,SUP-00048,2026-04-19,2026-04-22,Approved
PR-03626,EMP-00031,Procurement,SUP-00023,2026-01-19,2026-01-21,Approved
PR-03627,EMP-00087,IT,SUP-00007,2026-03-02,2026-03-05,Approved
PR-03628,EMP-00030,Sales,SUP-00027,2026-01-16,2026-01-17,Approved
PR-03629,EMP-00019,IT,SUP-00035,2026-05-28,2026-05-30,Approved
PR-03630,EMP-00012,Finance,SUP-00030,2026-03-20,2026-03-25,Approved
PR-03631,EMP-00043,Finance,SUP-00020,2026-04-22,2026-04-25,Approved
PR-03632,EMP-00002,Marketing,SUP-00045,2026-02-20,2026-02-22,Approved
PR-03633,EMP-00047,IT,SUP-00011,2026-04-06,2026-04-14,Approved
PR-03634,EMP-00042,Marketing,SUP-00037,2026-03-08,2026-03-12,Approved
PR-03635,EMP-00021,IT,SUP-00023,2026-01-11,2026-01-15,Approved
PR-03636,EMP-00046,Operations,SUP-00019,2026-05-07,2026-05-08,Approved
PR-03637,EMP-00054,HR,SUP-00045,2026-05-27,2026-06-07,Approved
PR-03638,EMP-00063,Finance,SUP-00036,2026-04-15,2026-04-29,Approved
PR-03639,EMP-00031,Procurement,SUP-00050,2026-04-02,2026-04-04,Approved
PR-03640,EMP-00099,Sales,SUP-00032,2026-03-23,2026-03-26,Approved
PR-03641,EMP-00011,Sales,SUP-00031,2026-04-05,2026-04-17,Approved
PR-03642,EMP-00037,IT,SUP-00024,2026-04-25,2026-04-28,Approved
PR-03643,EMP-00032,Procurement,SUP-00021,2026-05-10,2026-05-14,Approved
PR-03644,EMP-00083,Engineering,SUP-00003,2026-03-18,2026-03-19,Approved
PR-03645,EMP-00046,Operations,SUP-00040,2026-03-12,2026-03-16,Approved
PR-03646,EMP-00085,Sales,SUP-00010,2026-05-27,2026-05-30,Approved
PR-03647,EMP-00058,IT,SUP-00047,2026-05-30,2026-06-03,Approved
PR-03648,EMP-00085,Sales,SUP-00002,2026-02-23,2026-02-26,Approved
PR-03649,EMP-00008,HR,SUP-00033,2026-03-28,2026-03-30,Approved
PR-03650,EMP-00024,HR,SUP-00050,2026-01-14,2026-01-16,Approved
PR-03651,EMP-00050,Procurement,SUP-00017,2026-04-29,2026-05-01,Approved
PR-03652,EMP-00081,IT,SUP-00032,2026-03-06,2026-03-08,Rejected
PR-03653,EMP-00019,IT,SUP-00042,2026-01-19,2026-02-01,Approved
PR-03654,EMP-00075,Marketing,SUP-00015,2026-04-30,2026-05-03,Approved
PR-03655,EMP-00011,Sales,SUP-00035,2026-03-21,2026-03-25,Approved
PR-03656,EMP-00070,Sales,SUP-00016,2026-02-08,2026-02-10,Approved
PR-03657,EMP-00022,Marketing,SUP-00033,2026-05-05,2026-05-10,Approved
PR-03658,EMP-00055,Procurement,SUP-00044,2026-04-14,2026-04-28,Approved
PR-03659,EMP-00036,Engineering,SUP-00043,2026-04-16,2026-04-21,Approved
PR-03660,EMP-00034,IT,SUP-00032,2026-04-24,2026-04-27,Approved
PR-03661,EMP-00019,IT,SUP-00042,2026-01-25,2026-02-06,Approved
PR-03662,EMP-00095,Marketing,SUP-00046,2026-03-16,2026-03-23,Approved
PR-03663,EMP-00043,Finance,SUP-00016,2026-05-13,2026-05-15,Approved
PR-03664,EMP-00076,HR,SUP-00022,2026-02-01,2026-02-06,Approved
PR-03665,EMP-00022,Marketing,SUP-00026,2026-03-31,2026-04-03,Approved
PR-03666,EMP-00015,Operations,SUP-00016,2026-04-28,2026-05-01,Approved
PR-03667,EMP-00082,Sales,SUP-00047,2026-05-16,2026-05-18,Approved
PR-03668,EMP-00071,Procurement,SUP-00020,2026-05-29,2026-06-12,Approved
PR-03669,EMP-00021,IT,SUP-00018,2026-04-01,2026-04-02,Approved
PR-03670,EMP-00100,Engineering,SUP-00018,2026-01-12,2026-01-14,Approved
PR-03671,EMP-00009,Finance,SUP-00037,2026-01-22,2026-01-24,Approved
PR-03672,EMP-00078,HR,SUP-00024,2026-01-20,2026-01-22,Approved
PR-03673,EMP-00030,Sales,SUP-00018,2026-02-28,2026-03-15,Approved
PR-03674,EMP-00070,Sales,SUP-00020,2026-04-24,2026-04-25,Approved
PR-03675,EMP-00068,Marketing,SUP-00028,2026-01-14,2026-01-16,Approved
PR-03676,EMP-00063,Finance,SUP-00005,2026-04-10,2026-04-15,Approved
PR-03677,EMP-00078,HR,SUP-00003,2026-03-09,2026-03-13,Approved
PR-03678,EMP-00042,Marketing,SUP-00043,2026-01-23,2026-01-24,Approved
PR-03679,EMP-00075,Marketing,SUP-00035,2026-03-24,2026-03-25,Approved
PR-03680,EMP-00080,Marketing,SUP-00009,2026-03-27,2026-03-30,Approved
PR-03681,EMP-00043,Finance,SUP-00034,2026-04-07,2026-04-09,Approved
PR-03682,EMP-00018,Engineering,SUP-00027,2026-01-29,2026-02-12,Approved
PR-03683,EMP-00052,Finance,SUP-00044,2026-01-22,2026-01-23,Approved
PR-03684,EMP-00007,Engineering,SUP-00045,2026-01-15,2026-01-30,Approved
PR-03685,EMP-00060,Operations,SUP-00026,2026-04-24,2026-04-28,Approved
PR-03686,EMP-00009,Finance,SUP-00003,2026-05-08,2026-05-16,Approved
PR-03687,EMP-00068,Marketing,SUP-00022,2026-03-08,2026-03-11,Approved
PR-03688,EMP-00022,Marketing,SUP-00045,2026-01-25,2026-01-26,Approved
PR-03689,EMP-00086,HR,SUP-00023,2026-02-20,2026-02-25,Approved
PR-03690,EMP-00037,IT,SUP-00041,2026-05-27,2026-06-08,Approved
PR-03691,EMP-00081,IT,SUP-00011,2026-04-30,2026-05-13,Approved
PR-03692,EMP-00004,Engineering,SUP-00029,2026-01-17,2026-01-20,Approved
PR-03693,EMP-00083,Engineering,SUP-00047,2026-05-24,2026-05-27,Approved
PR-03694,EMP-00003,Engineering,SUP-00038,2026-02-11,2026-02-14,Approved
PR-03695,EMP-00043,Finance,SUP-00043,2026-03-18,2026-03-19,Approved
PR-03696,EMP-00023,IT,SUP-00023,2026-01-06,2026-01-20,Approved
PR-03697,EMP-00070,Sales,SUP-00030,2026-01-04,2026-01-07,Approved
PR-03698,EMP-00060,Operations,SUP-00034,2026-01-14,2026-01-17,Approved
PR-03699,EMP-00057,HR,SUP-00021,2026-04-12,2026-04-14,Approved
PR-03700,EMP-00071,Procurement,SUP-00011,2026-01-31,2026-02-03,Approved
PR-03701,EMP-00096,HR,SUP-00015,2026-03-29,2026-03-30,Approved
PR-03702,EMP-00015,Operations,SUP-00046,2026-05-21,2026-05-26,Approved
PR-03703,EMP-00067,Sales,SUP-00015,2026-02-20,2026-02-25,Approved
PR-03704,EMP-00052,Finance,SUP-00019,2026-01-02,2026-01-04,Approved
PR-03705,EMP-00083,Engineering,SUP-00035,2026-03-06,2026-03-11,Approved
PR-03706,EMP-00097,Sales,SUP-00001,2026-01-21,2026-01-23,Approved
PR-03707,EMP-00012,Finance,SUP-00041,2026-05-27,2026-06-06,Approved
PR-03708,EMP-00040,Sales,SUP-00037,2026-02-26,2026-02-28,Approved
PR-03709,EMP-00052,Finance,SUP-00039,2026-01-07,2026-01-08,Approved
PR-03710,EMP-00071,Procurement,SUP-00023,2026-01-19,2026-01-22,Approved
PR-03711,EMP-00040,Sales,SUP-00033,2026-03-06,2026-03-20,Approved
PR-03712,EMP-00029,IT,SUP-00024,2026-03-03,2026-03-07,Approved
PR-03713,EMP-00089,Operations,SUP-00035,2026-04-28,2026-04-30,Approved
PR-03714,EMP-00042,Marketing,SUP-00046,2026-03-25,2026-04-08,Approved
PR-03715,EMP-00074,Engineering,SUP-00041,2026-01-21,2026-01-24,Approved
PR-03716,EMP-00010,Operations,SUP-00008,2026-05-29,2026-06-02,Approved
PR-03717,EMP-00037,IT,SUP-00043,2026-03-19,2026-03-22,Approved
PR-03718,EMP-00010,Operations,SUP-00012,2026-02-25,2026-03-02,Approved
PR-03719,EMP-00058,IT,SUP-00040,2026-02-11,2026-02-20,Approved
PR-03720,EMP-00023,IT,SUP-00010,2026-05-03,2026-05-05,Rejected
PR-03721,EMP-00097,Sales,SUP-00044,2026-04-11,2026-04-15,Approved
PR-03722,EMP-00002,Marketing,SUP-00017,2026-04-29,2026-05-04,Approved
PR-03723,EMP-00025,Marketing,SUP-00032,2026-03-17,2026-03-23,Approved
PR-03724,EMP-00026,Operations,SUP-00032,2026-05-10,2026-05-14,Approved
PR-03725,EMP-00093,IT,SUP-00042,2026-04-08,2026-04-21,Approved
PR-03726,EMP-00060,Operations,SUP-00017,2026-01-18,2026-01-23,Approved
PR-03727,EMP-00031,Procurement,SUP-00034,2026-04-23,2026-04-27,Approved
PR-03728,EMP-00065,Marketing,SUP-00047,2026-05-26,2026-05-30,Approved
PR-03729,EMP-00089,Operations,SUP-00034,2026-04-24,2026-04-25,Approved
PR-03730,EMP-00075,Marketing,SUP-00012,2026-02-14,2026-02-22,Approved
PR-03731,EMP-00098,Sales,SUP-00007,2026-03-01,2026-03-02,Approved
PR-03732,EMP-00056,Finance,SUP-00003,2026-03-06,2026-03-10,Approved
PR-03733,EMP-00006,HR,SUP-00042,2026-05-25,2026-05-27,Approved
PR-03734,EMP-00099,Sales,SUP-00048,2026-02-18,2026-02-22,Approved
PR-03735,EMP-00080,Marketing,SUP-00040,2026-01-24,2026-01-25,Approved
PR-03736,EMP-00036,Engineering,SUP-00035,2026-04-08,2026-04-18,Approved
PR-03737,EMP-00030,Sales,SUP-00016,2026-03-04,2026-03-15,Approved
PR-03738,EMP-00029,IT,SUP-00009,2026-03-31,2026-04-02,Rejected
PR-03739,EMP-00094,HR,SUP-00025,2026-03-19,2026-03-20,Approved
PR-03740,EMP-00085,Sales,SUP-00021,2026-05-21,2026-05-25,Approved
PR-03741,EMP-00008,HR,SUP-00049,2026-02-03,2026-02-04,Approved
PR-03742,EMP-00005,HR,SUP-00014,2026-03-25,2026-03-28,Approved
PR-03743,EMP-00028,Marketing,SUP-00003,2026-05-19,2026-05-24,Approved
PR-03744,EMP-00032,Procurement,SUP-00029,2026-03-06,2026-03-09,Approved
PR-03745,EMP-00051,Procurement,SUP-00006,2026-05-02,2026-05-07,Approved
PR-03746,EMP-00059,Marketing,SUP-00013,2026-02-19,2026-03-01,Approved
PR-03747,EMP-00047,IT,SUP-00047,2026-01-21,2026-01-25,Approved
PR-03748,EMP-00060,Operations,SUP-00042,2026-02-08,2026-02-09,Approved
PR-03749,EMP-00022,Marketing,SUP-00024,2026-01-22,2026-01-26,Approved
PR-03750,EMP-00018,Engineering,SUP-00021,2026-05-16,2026-05-20,Approved
PR-03751,EMP-00035,Marketing,SUP-00036,2026-04-14,2026-04-16,Approved
PR-03752,EMP-00092,Engineering,SUP-00049,2026-04-02,2026-04-14,Approved
PR-03753,EMP-00100,Engineering,SUP-00025,2026-01-14,2026-01-18,Approved
PR-03754,EMP-00019,IT,SUP-00009,2026-02-21,2026-02-28,Approved
PR-03755,EMP-00003,Engineering,SUP-00050,2026-04-12,2026-04-15,Approved
PR-03756,EMP-00089,Operations,SUP-00035,2026-02-28,2026-03-01,Approved
PR-03757,EMP-00014,Marketing,SUP-00019,2026-05-09,2026-05-20,Approved
PR-03758,EMP-00042,Marketing,SUP-00032,2026-01-28,2026-02-06,Approved
PR-03759,EMP-00086,HR,SUP-00031,2026-03-31,2026-04-01,Approved
PR-03760,EMP-00074,Engineering,SUP-00039,2026-02-02,2026-02-03,Approved
PR-03761,EMP-00055,Procurement,SUP-00050,2026-05-28,2026-05-30,Approved
PR-03762,EMP-00069,Finance,SUP-00031,2026-03-29,2026-04-01,Approved
PR-03763,EMP-00088,Operations,SUP-00027,2026-01-22,2026-01-24,Approved
PR-03764,EMP-00084,Sales,SUP-00043,2026-03-19,2026-03-20,Approved
PR-03765,EMP-00022,Marketing,SUP-00003,2026-03-02,2026-03-06,Approved
PR-03766,EMP-00052,Finance,SUP-00033,2026-01-18,2026-01-30,Approved
PR-03767,EMP-00036,Engineering,SUP-00050,2026-04-29,2026-05-01,Approved
PR-03768,EMP-00026,Operations,SUP-00020,2026-03-29,2026-04-07,Approved
PR-03769,EMP-00072,Procurement,SUP-00010,2026-04-03,2026-04-04,Approved
PR-03770,EMP-00049,IT,SUP-00004,2026-02-10,2026-02-13,Approved
PR-03771,EMP-00074,Engineering,SUP-00036,2026-02-02,2026-02-06,Approved
PR-03772,EMP-00046,Operations,SUP-00004,2026-05-26,2026-05-28,Approved
PR-03773,EMP-00040,Sales,SUP-00048,2026-05-03,2026-05-05,Approved
PR-03774,EMP-00049,IT,SUP-00037,2026-02-02,2026-02-04,Approved
PR-03775,EMP-00055,Procurement,SUP-00050,2026-01-14,2026-01-15,Approved
PR-03776,EMP-00041,Marketing,SUP-00032,2026-02-07,2026-02-10,Approved
PR-03777,EMP-00082,Sales,SUP-00036,2026-04-12,2026-04-13,Approved
PR-03778,EMP-00055,Procurement,SUP-00008,2026-01-03,2026-01-04,Approved
PR-03779,EMP-00048,Operations,SUP-00032,2026-03-26,2026-03-31,Approved
PR-03780,EMP-00015,Operations,SUP-00024,2026-03-24,2026-03-28,Approved
PR-03781,EMP-00063,Finance,SUP-00024,2026-04-01,2026-04-02,Approved
PR-03782,EMP-00019,IT,SUP-00044,2026-03-19,2026-03-21,Approved
PR-03783,EMP-00013,Procurement,SUP-00044,2026-05-25,2026-05-27,Approved
PR-03784,EMP-00070,Sales,SUP-00010,2026-04-15,2026-04-16,Approved
PR-03785,EMP-00018,Engineering,SUP-00029,2026-03-23,2026-03-24,Approved
PR-03786,EMP-00018,Engineering,SUP-00034,2026-05-07,2026-05-20,Approved
PR-03787,EMP-00094,HR,SUP-00006,2026-04-04,2026-04-09,Rejected
PR-03788,EMP-00001,Engineering,SUP-00019,2026-05-31,2026-06-01,Approved
PR-03789,EMP-00093,IT,SUP-00005,2026-03-30,2026-04-08,Approved
PR-03790,EMP-00069,Finance,SUP-00048,2026-03-05,2026-03-08,Approved
PR-03791,EMP-00013,Procurement,SUP-00013,2026-03-05,2026-03-08,Approved
PR-03792,EMP-00033,IT,SUP-00020,2026-02-09,2026-02-11,Approved
PR-03793,EMP-00075,Marketing,SUP-00011,2026-04-28,2026-04-29,Approved
PR-03794,EMP-00065,Marketing,SUP-00002,2026-04-13,2026-04-14,Approved
PR-03795,EMP-00083,Engineering,SUP-00028,2026-01-23,2026-01-30,Approved
PR-03796,EMP-00067,Sales,SUP-00033,2026-01-14,2026-01-18,Approved
PR-03797,EMP-00035,Marketing,SUP-00016,2026-04-11,2026-04-14,Approved
PR-03798,EMP-00030,Sales,SUP-00002,2026-01-23,2026-01-28,Approved
PR-03799,EMP-00058,IT,SUP-00010,2026-05-31,2026-06-15,Approved
PR-03800,EMP-00077,Operations,SUP-00025,2026-03-21,2026-03-24,Approved
PR-03801,EMP-00036,Engineering,SUP-00047,2026-03-27,2026-03-31,Approved
PR-03802,EMP-00076,HR,SUP-00012,2026-04-21,2026-05-01,Rejected
PR-03803,EMP-00002,Marketing,SUP-00006,2026-03-04,2026-03-07,Approved
PR-03804,EMP-00026,Operations,SUP-00044,2026-05-18,2026-05-21,Approved
PR-03805,EMP-00035,Marketing,SUP-00002,2026-04-28,2026-04-30,Approved
PR-03806,EMP-00007,Engineering,SUP-00018,2026-05-09,2026-05-13,Approved
PR-03807,EMP-00014,Marketing,SUP-00006,2026-04-19,2026-04-21,Approved
PR-03808,EMP-00064,IT,SUP-00019,2026-03-14,2026-03-16,Approved
PR-03809,EMP-00076,HR,SUP-00009,2026-05-12,2026-05-15,Approved
PR-03810,EMP-00082,Sales,SUP-00044,2026-04-11,2026-04-14,Approved
PR-03811,EMP-00073,HR,SUP-00029,2026-05-18,2026-05-21,Approved
PR-03812,EMP-00052,Finance,SUP-00006,2026-03-31,2026-04-12,Rejected
PR-03813,EMP-00019,IT,SUP-00043,2026-04-08,2026-04-10,Approved
PR-03814,EMP-00065,Marketing,SUP-00010,2026-02-10,2026-02-13,Approved
PR-03815,EMP-00065,Marketing,SUP-00045,2026-04-28,2026-05-01,Approved
PR-03816,EMP-00027,Operations,SUP-00035,2026-05-17,2026-05-18,Rejected
PR-03817,EMP-00082,Sales,SUP-00028,2026-01-27,2026-01-30,Approved
PR-03818,EMP-00040,Sales,SUP-00020,2026-01-21,2026-01-25,Approved
PR-03819,EMP-00070,Sales,SUP-00047,2026-05-15,2026-05-19,Approved
PR-03820,EMP-00097,Sales,SUP-00026,2026-01-26,2026-01-30,Approved
PR-03821,EMP-00090,Engineering,SUP-00009,2026-04-13,2026-04-14,Approved
PR-03822,EMP-00075,Marketing,SUP-00009,2026-02-23,2026-02-25,Approved
PR-03823,EMP-00097,Sales,SUP-00041,2026-04-20,2026-04-22,Approved
PR-03824,EMP-00091,Operations,SUP-00012,2026-01-05,2026-01-07,Approved
PR-03825,EMP-00089,Operations,SUP-00030,2026-02-11,2026-02-12,Approved
PR-03826,EMP-00077,Operations,SUP-00025,2026-01-27,2026-01-28,Rejected
PR-03827,EMP-00019,IT,SUP-00029,2026-03-28,2026-03-30,Approved
PR-03828,EMP-00041,Marketing,SUP-00038,2026-05-10,2026-05-22,Approved
PR-03829,EMP-00093,IT,SUP-00004,2026-04-13,2026-04-18,Approved
PR-03830,EMP-00018,Engineering,SUP-00022,2026-01-25,2026-01-27,Approved
PR-03831,EMP-00044,IT,SUP-00041,2026-01-08,2026-01-13,Approved
PR-03832,EMP-00094,HR,SUP-00030,2026-02-27,2026-03-12,Approved
PR-03833,EMP-00091,Operations,SUP-00038,2026-03-22,2026-03-26,Approved
PR-03834,EMP-00034,IT,SUP-00048,2026-04-02,2026-04-07,Approved
PR-03835,EMP-00024,HR,SUP-00004,2026-03-25,2026-03-28,Approved
PR-03836,EMP-00009,Finance,SUP-00047,2026-02-27,2026-02-28,Approved
PR-03837,EMP-00042,Marketing,SUP-00006,2026-02-17,2026-02-18,Approved
PR-03838,EMP-00051,Procurement,SUP-00048,2026-01-27,2026-02-10,Approved
PR-03839,EMP-00055,Procurement,SUP-00020,2026-04-21,2026-04-22,Approved
PR-03840,EMP-00068,Marketing,SUP-00027,2026-05-15,2026-05-18,Approved
PR-03841,EMP-00015,Operations,SUP-00023,2026-02-19,2026-02-21,Approved
PR-03842,EMP-00063,Finance,SUP-00026,2026-03-19,2026-03-21,Approved
PR-03843,EMP-00036,Engineering,SUP-00025,2026-03-06,2026-03-11,Approved
PR-03844,EMP-00066,Finance,SUP-00013,2026-03-02,2026-03-03,Approved
PR-03845,EMP-00030,Sales,SUP-00047,2026-05-17,2026-05-25,Approved
PR-03846,EMP-00089,Operations,SUP-00026,2026-03-09,2026-03-10,Approved
PR-03847,EMP-00019,IT,SUP-00040,2026-01-22,2026-01-23,Approved
PR-03848,EMP-00004,Engineering,SUP-00014,2026-01-27,2026-01-31,Rejected
PR-03849,EMP-00082,Sales,SUP-00020,2026-03-19,2026-03-27,Approved
PR-03850,EMP-00051,Procurement,SUP-00019,2026-01-17,2026-01-18,Approved
PR-03851,EMP-00068,Marketing,SUP-00018,2026-05-13,2026-05-28,Approved
PR-03852,EMP-00038,Marketing,SUP-00043,2026-01-22,2026-01-24,Approved
PR-03853,EMP-00047,IT,SUP-00038,2026-03-21,2026-03-23,Approved
PR-03854,EMP-00080,Marketing,SUP-00017,2026-01-13,2026-01-17,Approved
PR-03855,EMP-00003,Engineering,SUP-00009,2026-01-18,2026-01-20,Approved
PR-03856,EMP-00086,HR,SUP-00048,2026-03-22,2026-03-24,Approved
PR-03857,EMP-00038,Marketing,SUP-00028,2026-03-10,2026-03-14,Approved
PR-03858,EMP-00031,Procurement,SUP-00024,2026-03-09,2026-03-21,Approved
PR-03859,EMP-00087,IT,SUP-00048,2026-03-05,2026-03-08,Rejected
PR-03860,EMP-00019,IT,SUP-00022,2026-01-23,2026-01-24,Approved
PR-03861,EMP-00068,Marketing,SUP-00031,2026-04-20,2026-04-22,Approved
PR-03862,EMP-00061,Operations,SUP-00035,2026-05-06,2026-05-09,Approved
PR-03863,EMP-00028,Marketing,SUP-00038,2026-03-27,2026-03-29,Approved
PR-03864,EMP-00047,IT,SUP-00040,2026-04-10,2026-04-11,Rejected
PR-03865,EMP-00097,Sales,SUP-00030,2026-04-29,2026-05-02,Approved
PR-03866,EMP-00075,Marketing,SUP-00046,2026-05-11,2026-05-16,Approved
PR-03867,EMP-00010,Operations,SUP-00039,2026-01-07,2026-01-11,Approved
PR-03868,EMP-00061,Operations,SUP-00023,2026-02-26,2026-03-05,Approved
PR-03869,EMP-00037,IT,SUP-00045,2026-01-10,2026-01-12,Approved
PR-03870,EMP-00075,Marketing,SUP-00050,2026-01-14,2026-01-15,Approved
PR-03871,EMP-00074,Engineering,SUP-00019,2026-01-23,2026-02-07,Approved
PR-03872,EMP-00009,Finance,SUP-00014,2026-03-01,2026-03-07,Approved
PR-03873,EMP-00076,HR,SUP-00016,2026-04-06,2026-04-07,Approved
PR-03874,EMP-00099,Sales,SUP-00030,2026-03-01,2026-03-03,Approved
PR-03875,EMP-00023,IT,SUP-00038,2026-04-09,2026-04-12,Approved
PR-03876,EMP-00060,Operations,SUP-00007,2026-04-27,2026-04-28,Approved
PR-03877,EMP-00044,IT,SUP-00009,2026-03-11,2026-03-24,Approved
PR-03878,EMP-00068,Marketing,SUP-00049,2026-05-15,2026-05-17,Approved
PR-03879,EMP-00085,Sales,SUP-00015,2026-05-22,2026-05-28,Approved
PR-03880,EMP-00097,Sales,SUP-00007,2026-02-01,2026-02-06,Approved
PR-03881,EMP-00060,Operations,SUP-00032,2026-05-24,2026-05-27,Approved
PR-03882,EMP-00058,IT,SUP-00016,2026-02-01,2026-02-03,Approved
PR-03883,EMP-00060,Operations,SUP-00031,2026-04-05,2026-04-09,Approved
PR-03884,EMP-00056,Finance,SUP-00024,2026-01-04,2026-01-16,Approved
PR-03885,EMP-00007,Engineering,SUP-00011,2026-03-01,2026-03-07,Approved
PR-03886,EMP-00034,IT,SUP-00034,2026-05-19,2026-06-01,Approved
PR-03887,EMP-00034,IT,SUP-00015,2026-03-26,2026-03-31,Approved
PR-03888,EMP-00090,Engineering,SUP-00043,2026-01-29,2026-01-30,Approved
PR-03889,EMP-00005,HR,SUP-00011,2026-02-19,2026-02-22,Approved
PR-03890,EMP-00080,Marketing,SUP-00046,2026-02-05,2026-02-06,Approved
PR-03891,EMP-00076,HR,SUP-00017,2026-02-19,2026-02-22,Approved
PR-03892,EMP-00045,IT,SUP-00023,2026-05-03,2026-05-04,Approved
PR-03893,EMP-00046,Operations,SUP-00025,2026-05-16,2026-05-20,Approved
PR-03894,EMP-00037,IT,SUP-00003,2026-04-03,2026-04-06,Rejected
PR-03895,EMP-00070,Sales,SUP-00007,2026-02-05,2026-02-06,Rejected
PR-03896,EMP-00041,Marketing,SUP-00003,2026-02-01,2026-02-04,Rejected
PR-03897,EMP-00012,Finance,SUP-00041,2026-01-08,2026-01-10,Approved
PR-03898,EMP-00056,Finance,SUP-00032,2026-04-19,2026-04-26,Approved
PR-03899,EMP-00099,Sales,SUP-00026,2026-04-22,2026-04-24,Approved
PR-03900,EMP-00028,Marketing,SUP-00010,2026-05-27,2026-05-30,Approved
PR-03901,EMP-00008,HR,SUP-00005,2026-04-13,2026-04-14,Approved
PR-03902,EMP-00079,Operations,SUP-00046,2026-05-26,2026-05-28,Approved
PR-03903,EMP-00091,Operations,SUP-00020,2026-03-08,2026-03-10,Approved
PR-03904,EMP-00034,IT,SUP-00009,2026-05-10,2026-05-11,Approved
PR-03905,EMP-00024,HR,SUP-00031,2026-01-07,2026-01-12,Approved
PR-03906,EMP-00097,Sales,SUP-00024,2026-03-23,2026-04-03,Approved
PR-03907,EMP-00011,Sales,SUP-00021,2026-02-12,2026-02-21,Approved
PR-03908,EMP-00037,IT,SUP-00025,2026-02-08,2026-02-09,Approved
PR-03909,EMP-00053,Operations,SUP-00005,2026-04-12,2026-04-14,Approved
PR-03910,EMP-00083,Engineering,SUP-00026,2026-05-18,2026-05-20,Approved
PR-03911,EMP-00042,Marketing,SUP-00028,2026-04-30,2026-05-14,Approved
PR-03912,EMP-00084,Sales,SUP-00048,2026-05-29,2026-06-01,Approved
PR-03913,EMP-00042,Marketing,SUP-00024,2026-03-10,2026-03-13,Approved
PR-03914,EMP-00093,IT,SUP-00010,2026-04-27,2026-05-10,Rejected
PR-03915,EMP-00067,Sales,SUP-00046,2026-04-29,2026-05-01,Approved
PR-03916,EMP-00086,HR,SUP-00038,2026-02-22,2026-02-23,Approved
PR-03917,EMP-00044,IT,SUP-00013,2026-01-09,2026-01-12,Approved
PR-03918,EMP-00024,HR,SUP-00041,2026-05-11,2026-05-13,Approved
PR-03919,EMP-00037,IT,SUP-00001,2026-01-22,2026-01-27,Approved
PR-03920,EMP-00031,Procurement,SUP-00028,2026-05-20,2026-05-22,Approved
PR-03921,EMP-00058,IT,SUP-00034,2026-01-06,2026-01-10,Approved
PR-03922,EMP-00066,Finance,SUP-00036,2026-04-22,2026-05-01,Approved
PR-03923,EMP-00004,Engineering,SUP-00003,2026-04-12,2026-04-16,Approved
PR-03924,EMP-00070,Sales,SUP-00045,2026-01-24,2026-01-25,Approved
PR-03925,EMP-00078,HR,SUP-00037,2026-05-18,2026-05-20,Approved
PR-03926,EMP-00021,IT,SUP-00010,2026-02-23,2026-02-25,Approved
PR-03927,EMP-00058,IT,SUP-00002,2026-05-16,2026-05-17,Approved
PR-03928,EMP-00021,IT,SUP-00026,2026-02-20,2026-02-22,Rejected
PR-03929,EMP-00034,IT,SUP-00020,2026-05-24,2026-05-29,Approved
PR-03930,EMP-00041,Marketing,SUP-00027,2026-04-20,2026-05-05,Approved
PR-03931,EMP-00046,Operations,SUP-00013,2026-03-05,2026-03-06,Approved
PR-03932,EMP-00058,IT,SUP-00035,2026-04-10,2026-04-14,Approved
PR-03933,EMP-00027,Operations,SUP-00020,2026-03-16,2026-03-19,Approved
PR-03934,EMP-00096,HR,SUP-00005,2026-05-06,2026-05-10,Approved
PR-03935,EMP-00042,Marketing,SUP-00029,2026-05-31,2026-06-01,Approved
PR-03936,EMP-00099,Sales,SUP-00016,2026-04-15,2026-04-20,Approved
PR-03937,EMP-00063,Finance,SUP-00018,2026-02-01,2026-02-03,Approved
PR-03938,EMP-00011,Sales,SUP-00036,2026-02-04,2026-02-09,Approved
PR-03939,EMP-00033,IT,SUP-00012,2026-04-24,2026-04-27,Approved
PR-03940,EMP-00022,Marketing,SUP-00006,2026-05-08,2026-05-15,Approved
PR-03941,EMP-00084,Sales,SUP-00017,2026-01-28,2026-01-29,Approved
PR-03942,EMP-00037,IT,SUP-00011,2026-02-16,2026-03-01,Approved
PR-03943,EMP-00090,Engineering,SUP-00012,2026-02-26,2026-03-04,Rejected
PR-03944,EMP-00090,Engineering,SUP-00049,2026-03-07,2026-03-21,Approved
PR-03945,EMP-00032,Procurement,SUP-00009,2026-01-31,2026-02-04,Approved
PR-03946,EMP-00055,Procurement,SUP-00026,2026-04-05,2026-04-08,Approved
PR-03947,EMP-00049,IT,SUP-00019,2026-01-12,2026-01-15,Approved
PR-03948,EMP-00084,Sales,SUP-00047,2026-01-28,2026-01-30,Approved
PR-03949,EMP-00024,HR,SUP-00003,2026-03-26,2026-03-30,Approved
PR-03950,EMP-00041,Marketing,SUP-00007,2026-01-23,2026-02-02,Approved
PR-03951,EMP-00043,Finance,SUP-00037,2026-01-28,2026-01-30,Approved
PR-03952,EMP-00061,Operations,SUP-00036,2026-01-16,2026-01-21,Approved
PR-03953,EMP-00043,Finance,SUP-00026,2026-02-03,2026-02-15,Approved
PR-03954,EMP-00096,HR,SUP-00047,2026-01-02,2026-01-06,Approved
PR-03955,EMP-00046,Operations,SUP-00016,2026-05-27,2026-06-07,Approved
PR-03956,EMP-00065,Marketing,SUP-00039,2026-04-11,2026-04-16,Approved
PR-03957,EMP-00023,IT,SUP-00044,2026-02-07,2026-02-20,Approved
PR-03958,EMP-00053,Operations,SUP-00041,2026-05-20,2026-05-22,Approved
PR-03959,EMP-00065,Marketing,SUP-00048,2026-01-02,2026-01-11,Approved
PR-03960,EMP-00095,Marketing,SUP-00031,2026-03-12,2026-03-24,Approved
PR-03961,EMP-00030,Sales,SUP-00020,2026-03-12,2026-03-13,Approved
PR-03962,EMP-00057,HR,SUP-00046,2026-04-09,2026-04-15,Approved
PR-03963,EMP-00043,Finance,SUP-00022,2026-05-26,2026-05-28,Approved
PR-03964,EMP-00038,Marketing,SUP-00013,2026-05-13,2026-05-15,Approved
PR-03965,EMP-00034,IT,SUP-00027,2026-04-04,2026-04-13,Approved
PR-03966,EMP-00034,IT,SUP-00032,2026-05-22,2026-05-31,Rejected
PR-03967,EMP-00045,IT,SUP-00022,2026-05-06,2026-05-08,Approved
PR-03968,EMP-00083,Engineering,SUP-00032,2026-04-30,2026-05-12,Approved
PR-03969,EMP-00011,Sales,SUP-00033,2026-05-06,2026-05-11,Approved
PR-03970,EMP-00068,Marketing,SUP-00024,2026-05-09,2026-05-11,Approved
PR-03971,EMP-00030,Sales,SUP-00017,2026-02-03,2026-02-06,Approved
PR-03972,EMP-00032,Procurement,SUP-00046,2026-04-11,2026-04-13,Approved
PR-03973,EMP-00021,IT,SUP-00017,2026-01-31,2026-02-02,Approved
PR-03974,EMP-00049,IT,SUP-00011,2026-02-05,2026-02-07,Approved
PR-03975,EMP-00023,IT,SUP-00026,2026-01-09,2026-01-11,Approved
PR-03976,EMP-00003,Engineering,SUP-00038,2026-01-11,2026-01-12,Approved
PR-03977,EMP-00079,Operations,SUP-00014,2026-04-18,2026-04-21,Approved
PR-03978,EMP-00018,Engineering,SUP-00041,2026-01-29,2026-02-08,Approved
PR-03979,EMP-00060,Operations,SUP-00034,2026-05-03,2026-05-04,Approved
PR-03980,EMP-00075,Marketing,SUP-00012,2026-01-27,2026-01-28,Approved
PR-03981,EMP-00047,IT,SUP-00039,2026-04-04,2026-04-07,Approved
PR-03982,EMP-00058,IT,SUP-00018,2026-03-07,2026-03-10,Approved
PR-03983,EMP-00013,Procurement,SUP-00042,2026-02-24,2026-02-27,Approved
PR-03984,EMP-00037,IT,SUP-00027,2026-02-25,2026-02-27,Approved
PR-03985,EMP-00043,Finance,SUP-00045,2026-03-09,2026-03-12,Approved
PR-03986,EMP-00096,HR,SUP-00004,2026-04-13,2026-04-26,Approved
PR-03987,EMP-00023,IT,SUP-00026,2026-02-17,2026-02-20,Approved
PR-03988,EMP-00006,HR,SUP-00046,2026-01-06,2026-01-15,Approved
PR-03989,EMP-00069,Finance,SUP-00022,2026-01-07,2026-01-14,Approved
PR-03990,EMP-00013,Procurement,SUP-00048,2026-05-30,2026-06-05,Approved
PR-03991,EMP-00031,Procurement,SUP-00047,2026-02-11,2026-02-15,Approved
PR-03992,EMP-00051,Procurement,SUP-00016,2026-03-01,2026-03-14,Approved
PR-03993,EMP-00035,Marketing,SUP-00025,2026-01-29,2026-01-30,Approved
PR-03994,EMP-00068,Marketing,SUP-00008,2026-01-11,2026-01-12,Approved
PR-03995,EMP-00059,Marketing,SUP-00010,2026-03-13,2026-03-14,Approved
PR-03996,EMP-00057,HR,SUP-00049,2026-05-06,2026-05-11,Approved
PR-03997,EMP-00020,Marketing,SUP-00010,2026-04-13,2026-04-17,Approved
PR-03998,EMP-00003,Engineering,SUP-00030,2026-01-21,2026-02-01,Approved
PR-03999,EMP-00066,Finance,SUP-00030,2026-04-04,2026-04-07,Approved
PR-04000,EMP-00014,Marketing,SUP-00033,2026-05-26,2026-05-27,Approved
PR-04001,EMP-00025,Marketing,SUP-00041,2026-03-29,2026-03-30,Approved
PR-04002,EMP-00094,HR,SUP-00041,2026-05-01,2026-05-06,Approved
PR-04003,EMP-00026,Operations,SUP-00031,2026-04-17,2026-04-21,Approved
PR-04004,EMP-00090,Engineering,SUP-00002,2026-02-09,2026-02-12,Approved
PR-04005,EMP-00028,Marketing,SUP-00023,2026-05-12,2026-05-24,Approved
PR-04006,EMP-00060,Operations,SUP-00039,2026-03-07,2026-03-08,Approved
PR-04007,EMP-00063,Finance,SUP-00035,2026-05-13,2026-05-14,Approved
PR-04008,EMP-00046,Operations,SUP-00034,2026-02-21,2026-02-25,Approved
PR-04009,EMP-00050,Procurement,SUP-00023,2026-02-06,2026-02-08,Approved
PR-04010,EMP-00095,Marketing,SUP-00038,2026-02-04,2026-02-07,Approved
PR-04011,EMP-00086,HR,SUP-00029,2026-01-05,2026-01-06,Approved
PR-04012,EMP-00031,Procurement,SUP-00039,2026-05-14,2026-05-16,Approved
PR-04013,EMP-00008,HR,SUP-00011,2026-05-05,2026-05-06,Approved
PR-04014,EMP-00079,Operations,SUP-00023,2026-05-01,2026-05-03,Rejected
PR-04015,EMP-00053,Operations,SUP-00002,2026-04-24,2026-05-03,Approved
PR-04016,EMP-00041,Marketing,SUP-00026,2026-01-22,2026-01-25,Approved
PR-04017,EMP-00022,Marketing,SUP-00027,2026-01-14,2026-01-17,Approved
PR-04018,EMP-00075,Marketing,SUP-00029,2026-02-15,2026-02-16,Approved
PR-04019,EMP-00088,Operations,SUP-00034,2026-02-11,2026-02-24,Approved
PR-04020,EMP-00032,Procurement,SUP-00047,2026-02-14,2026-02-21,Approved
PR-04021,EMP-00018,Engineering,SUP-00018,2026-03-27,2026-04-11,Approved
PR-04022,EMP-00095,Marketing,SUP-00042,2026-03-21,2026-03-23,Approved
PR-04023,EMP-00008,HR,SUP-00050,2026-02-12,2026-02-15,Approved
PR-04024,EMP-00035,Marketing,SUP-00004,2026-04-23,2026-05-07,Approved
PR-04025,EMP-00053,Operations,SUP-00045,2026-03-03,2026-03-05,Approved
PR-04026,EMP-00041,Marketing,SUP-00016,2026-05-27,2026-06-01,Approved
PR-04027,EMP-00086,HR,SUP-00001,2026-01-02,2026-01-05,Approved
PR-04028,EMP-00082,Sales,SUP-00033,2026-04-03,2026-04-14,Approved
PR-04029,EMP-00007,Engineering,SUP-00045,2026-03-11,2026-03-13,Rejected
PR-04030,EMP-00059,Marketing,SUP-00017,2026-05-09,2026-05-15,Approved
PR-04031,EMP-00071,Procurement,SUP-00048,2026-03-09,2026-03-20,Approved
PR-04032,EMP-00009,Finance,SUP-00036,2026-03-08,2026-03-10,Approved
PR-04033,EMP-00075,Marketing,SUP-00027,2026-01-30,2026-02-12,Approved
PR-04034,EMP-00025,Marketing,SUP-00023,2026-04-16,2026-04-26,Rejected
PR-04035,EMP-00073,HR,SUP-00020,2026-02-26,2026-02-27,Approved
PR-04036,EMP-00028,Marketing,SUP-00006,2026-01-14,2026-01-27,Approved
PR-04037,EMP-00076,HR,SUP-00004,2026-01-11,2026-01-13,Approved
PR-04038,EMP-00095,Marketing,SUP-00001,2026-02-04,2026-02-07,Approved
PR-04039,EMP-00016,Marketing,SUP-00006,2026-05-21,2026-05-22,Rejected
PR-04040,EMP-00001,Engineering,SUP-00036,2026-05-19,2026-05-23,Approved
PR-04041,EMP-00008,HR,SUP-00004,2026-04-27,2026-05-10,Approved
PR-04042,EMP-00071,Procurement,SUP-00025,2026-01-21,2026-01-25,Approved
PR-04043,EMP-00065,Marketing,SUP-00043,2026-03-11,2026-03-13,Approved
PR-04044,EMP-00001,Engineering,SUP-00027,2026-05-09,2026-05-18,Approved
PR-04045,EMP-00061,Operations,SUP-00003,2026-03-26,2026-04-02,Approved
PR-04046,EMP-00034,IT,SUP-00011,2026-03-02,2026-03-05,Approved
PR-04047,EMP-00045,IT,SUP-00048,2026-04-17,2026-04-20,Approved
PR-04048,EMP-00024,HR,SUP-00008,2026-05-29,2026-05-30,Approved
PR-04049,EMP-00088,Operations,SUP-00037,2026-03-13,2026-03-16,Approved
PR-04050,EMP-00086,HR,SUP-00023,2026-04-15,2026-04-16,Approved
PR-04051,EMP-00016,Marketing,SUP-00022,2026-03-03,2026-03-05,Approved
PR-04052,EMP-00036,Engineering,SUP-00016,2026-03-22,2026-03-23,Approved
PR-04053,EMP-00059,Marketing,SUP-00039,2026-03-03,2026-03-04,Approved
PR-04054,EMP-00017,Sales,SUP-00043,2026-01-18,2026-01-30,Approved
PR-04055,EMP-00038,Marketing,SUP-00025,2026-04-18,2026-04-19,Approved
PR-04056,EMP-00094,HR,SUP-00020,2026-05-06,2026-05-08,Approved
PR-04057,EMP-00062,HR,SUP-00021,2026-04-17,2026-04-20,Approved
PR-04058,EMP-00028,Marketing,SUP-00003,2026-05-12,2026-05-16,Approved
PR-04059,EMP-00087,IT,SUP-00004,2026-01-21,2026-01-25,Approved
PR-04060,EMP-00078,HR,SUP-00035,2026-02-05,2026-02-17,Approved
PR-04061,EMP-00005,HR,SUP-00006,2026-03-22,2026-03-30,Approved
PR-04062,EMP-00012,Finance,SUP-00013,2026-02-14,2026-02-18,Approved
PR-04063,EMP-00047,IT,SUP-00042,2026-03-26,2026-03-27,Approved
PR-04064,EMP-00023,IT,SUP-00012,2026-05-19,2026-05-22,Approved
PR-04065,EMP-00078,HR,SUP-00043,2026-02-23,2026-02-27,Approved
PR-04066,EMP-00057,HR,SUP-00007,2026-05-20,2026-05-28,Approved
PR-04067,EMP-00066,Finance,SUP-00017,2026-05-01,2026-05-10,Approved
PR-04068,EMP-00057,HR,SUP-00043,2026-01-02,2026-01-11,Approved
PR-04069,EMP-00049,IT,SUP-00039,2026-01-02,2026-01-14,Approved
PR-04070,EMP-00063,Finance,SUP-00038,2026-04-05,2026-04-07,Rejected
PR-04071,EMP-00045,IT,SUP-00017,2026-04-26,2026-04-27,Approved
PR-04072,EMP-00001,Engineering,SUP-00001,2026-05-30,2026-06-01,Approved
PR-04073,EMP-00070,Sales,SUP-00022,2026-02-13,2026-02-16,Approved
PR-04074,EMP-00016,Marketing,SUP-00017,2026-01-11,2026-01-13,Approved
PR-04075,EMP-00057,HR,SUP-00006,2026-05-29,2026-05-31,Approved
PR-04076,EMP-00043,Finance,SUP-00007,2026-05-23,2026-05-30,Approved
PR-04077,EMP-00016,Marketing,SUP-00043,2026-04-13,2026-04-18,Approved
PR-04078,EMP-00098,Sales,SUP-00028,2026-03-18,2026-03-23,Approved
PR-04079,EMP-00054,HR,SUP-00020,2026-02-23,2026-02-24,Approved
PR-04080,EMP-00063,Finance,SUP-00006,2026-04-01,2026-04-05,Approved
PR-04081,EMP-00055,Procurement,SUP-00023,2026-02-11,2026-02-16,Approved
PR-04082,EMP-00036,Engineering,SUP-00020,2026-02-10,2026-02-13,Approved
PR-04083,EMP-00004,Engineering,SUP-00021,2026-02-22,2026-02-26,Approved
PR-04084,EMP-00037,IT,SUP-00032,2026-05-28,2026-05-31,Approved
PR-04085,EMP-00062,HR,SUP-00024,2026-01-24,2026-01-26,Approved
PR-04086,EMP-00024,HR,SUP-00007,2026-03-24,2026-03-26,Approved
PR-04087,EMP-00051,Procurement,SUP-00013,2026-02-25,2026-02-26,Approved
PR-04088,EMP-00038,Marketing,SUP-00030,2026-04-26,2026-04-28,Approved
PR-04089,EMP-00070,Sales,SUP-00004,2026-04-21,2026-04-26,Approved
PR-04090,EMP-00089,Operations,SUP-00018,2026-04-01,2026-04-04,Approved
PR-04091,EMP-00092,Engineering,SUP-00013,2026-01-07,2026-01-09,Approved
PR-04092,EMP-00014,Marketing,SUP-00004,2026-04-24,2026-04-27,Approved
PR-04093,EMP-00004,Engineering,SUP-00033,2026-02-11,2026-02-15,Approved
PR-04094,EMP-00093,IT,SUP-00043,2026-04-27,2026-05-09,Approved
PR-04095,EMP-00043,Finance,SUP-00025,2026-03-22,2026-04-02,Approved
PR-04096,EMP-00013,Procurement,SUP-00047,2026-05-06,2026-05-08,Approved
PR-04097,EMP-00071,Procurement,SUP-00029,2026-05-02,2026-05-16,Approved
PR-04098,EMP-00066,Finance,SUP-00029,2026-03-18,2026-04-02,Approved
PR-04099,EMP-00039,Operations,SUP-00035,2026-01-24,2026-01-25,Approved
PR-04100,EMP-00081,IT,SUP-00021,2026-04-22,2026-04-23,Approved
PR-04101,EMP-00049,IT,SUP-00044,2026-05-22,2026-06-04,Approved
PR-04102,EMP-00020,Marketing,SUP-00047,2026-05-30,2026-06-02,Approved
PR-04103,EMP-00044,IT,SUP-00003,2026-01-23,2026-01-25,Approved
PR-04104,EMP-00060,Operations,SUP-00034,2026-01-30,2026-02-12,Approved
PR-04105,EMP-00071,Procurement,SUP-00032,2026-05-02,2026-05-07,Approved
PR-04106,EMP-00082,Sales,SUP-00031,2026-04-29,2026-05-01,Approved
PR-04107,EMP-00014,Marketing,SUP-00020,2026-01-30,2026-01-31,Approved
PR-04108,EMP-00007,Engineering,SUP-00011,2026-05-09,2026-05-10,Approved
PR-04109,EMP-00069,Finance,SUP-00021,2026-02-11,2026-02-14,Approved
PR-04110,EMP-00086,HR,SUP-00024,2026-05-29,2026-06-02,Approved
PR-04111,EMP-00028,Marketing,SUP-00013,2026-05-28,2026-05-31,Approved
PR-04112,EMP-00050,Procurement,SUP-00012,2026-04-11,2026-04-13,Approved
PR-04113,EMP-00054,HR,SUP-00020,2026-05-06,2026-05-19,Approved
PR-04114,EMP-00085,Sales,SUP-00006,2026-05-21,2026-05-24,Approved
PR-04115,EMP-00075,Marketing,SUP-00015,2026-03-24,2026-03-29,Approved
PR-04116,EMP-00016,Marketing,SUP-00042,2026-03-11,2026-03-16,Approved
PR-04117,EMP-00097,Sales,SUP-00045,2026-04-11,2026-04-26,Approved
PR-04118,EMP-00088,Operations,SUP-00018,2026-04-02,2026-04-05,Approved
PR-04119,EMP-00024,HR,SUP-00033,2026-01-31,2026-02-02,Rejected
PR-04120,EMP-00065,Marketing,SUP-00024,2026-01-24,2026-01-31,Rejected
PR-04121,EMP-00064,IT,SUP-00014,2026-02-22,2026-02-26,Approved
PR-04122,EMP-00083,Engineering,SUP-00006,2026-04-14,2026-04-22,Approved
PR-04123,EMP-00055,Procurement,SUP-00038,2026-03-05,2026-03-06,Approved
PR-04124,EMP-00019,IT,SUP-00028,2026-05-14,2026-05-15,Approved
PR-04125,EMP-00082,Sales,SUP-00037,2026-02-20,2026-02-22,Approved
PR-04126,EMP-00041,Marketing,SUP-00005,2026-03-28,2026-04-01,Approved
PR-04127,EMP-00059,Marketing,SUP-00008,2026-02-13,2026-02-20,Approved
PR-04128,EMP-00068,Marketing,SUP-00027,2026-02-17,2026-02-22,Approved
PR-04129,EMP-00006,HR,SUP-00007,2026-05-21,2026-05-24,Approved
PR-04130,EMP-00026,Operations,SUP-00039,2026-05-28,2026-05-29,Approved
PR-04131,EMP-00080,Marketing,SUP-00008,2026-04-20,2026-04-22,Approved
PR-04132,EMP-00013,Procurement,SUP-00016,2026-05-25,2026-05-28,Approved
PR-04133,EMP-00044,IT,SUP-00010,2026-04-16,2026-04-23,Approved
PR-04134,EMP-00026,Operations,SUP-00002,2026-05-13,2026-05-17,Approved
PR-04135,EMP-00029,IT,SUP-00050,2026-02-03,2026-02-04,Approved
PR-04136,EMP-00097,Sales,SUP-00013,2026-05-28,2026-05-30,Approved
PR-04137,EMP-00084,Sales,SUP-00023,2026-01-02,2026-01-05,Approved
PR-04138,EMP-00034,IT,SUP-00048,2026-04-23,2026-04-26,Approved
PR-04139,EMP-00018,Engineering,SUP-00040,2026-01-18,2026-01-22,Approved
PR-04140,EMP-00012,Finance,SUP-00026,2026-02-20,2026-02-23,Approved
PR-04141,EMP-00099,Sales,SUP-00038,2026-03-27,2026-04-09,Rejected
PR-04142,EMP-00074,Engineering,SUP-00018,2026-02-14,2026-02-17,Approved
PR-04143,EMP-00093,IT,SUP-00009,2026-05-08,2026-05-10,Approved
PR-04144,EMP-00048,Operations,SUP-00043,2026-03-22,2026-04-06,Approved
PR-04145,EMP-00060,Operations,SUP-00002,2026-01-08,2026-01-09,Rejected
PR-04146,EMP-00012,Finance,SUP-00006,2026-02-08,2026-02-13,Approved
PR-04147,EMP-00083,Engineering,SUP-00031,2026-02-02,2026-02-14,Approved
PR-04148,EMP-00073,HR,SUP-00006,2026-04-10,2026-04-12,Approved
PR-04149,EMP-00009,Finance,SUP-00018,2026-04-26,2026-05-01,Approved
PR-04150,EMP-00076,HR,SUP-00018,2026-04-15,2026-04-17,Approved
PR-04151,EMP-00063,Finance,SUP-00050,2026-01-05,2026-01-20,Approved
PR-04152,EMP-00010,Operations,SUP-00018,2026-05-02,2026-05-04,Approved
PR-04153,EMP-00068,Marketing,SUP-00019,2026-05-28,2026-05-30,Approved
PR-04154,EMP-00043,Finance,SUP-00013,2026-04-20,2026-04-23,Approved
PR-04155,EMP-00091,Operations,SUP-00018,2026-04-01,2026-04-03,Approved
PR-04156,EMP-00084,Sales,SUP-00004,2026-01-29,2026-01-30,Approved
PR-04157,EMP-00078,HR,SUP-00012,2026-03-23,2026-03-25,Approved
PR-04158,EMP-00065,Marketing,SUP-00025,2026-05-22,2026-05-24,Approved
PR-04159,EMP-00013,Procurement,SUP-00037,2026-01-12,2026-01-13,Rejected
PR-04160,EMP-00041,Marketing,SUP-00011,2026-02-02,2026-02-08,Approved
PR-04161,EMP-00057,HR,SUP-00048,2026-03-03,2026-03-18,Approved
PR-04162,EMP-00001,Engineering,SUP-00037,2026-02-14,2026-02-21,Approved
PR-04163,EMP-00023,IT,SUP-00005,2026-02-24,2026-03-08,Approved
PR-04164,EMP-00089,Operations,SUP-00008,2026-05-06,2026-05-09,Approved
PR-04165,EMP-00028,Marketing,SUP-00006,2026-03-25,2026-03-28,Approved
PR-04166,EMP-00073,HR,SUP-00044,2026-03-29,2026-04-02,Approved
PR-04167,EMP-00019,IT,SUP-00018,2026-01-10,2026-01-24,Approved
PR-04168,EMP-00066,Finance,SUP-00040,2026-05-05,2026-05-08,Approved
PR-04169,EMP-00093,IT,SUP-00034,2026-03-07,2026-03-20,Rejected
PR-04170,EMP-00041,Marketing,SUP-00005,2026-01-16,2026-01-20,Approved
PR-04171,EMP-00096,HR,SUP-00034,2026-02-24,2026-03-06,Approved
PR-04172,EMP-00027,Operations,SUP-00030,2026-05-04,2026-05-16,Approved
PR-04173,EMP-00019,IT,SUP-00005,2026-05-24,2026-05-27,Approved
PR-04174,EMP-00076,HR,SUP-00009,2026-02-10,2026-02-11,Approved
PR-04175,EMP-00075,Marketing,SUP-00011,2026-05-04,2026-05-06,Approved
PR-04176,EMP-00040,Sales,SUP-00002,2026-02-07,2026-02-14,Rejected
PR-04177,EMP-00003,Engineering,SUP-00004,2026-04-28,2026-05-02,Approved
PR-04178,EMP-00004,Engineering,SUP-00006,2026-01-01,2026-01-13,Approved
PR-04179,EMP-00042,Marketing,SUP-00044,2026-04-25,2026-05-04,Approved
PR-04180,EMP-00018,Engineering,SUP-00013,2026-04-22,2026-04-25,Approved
PR-04181,EMP-00046,Operations,SUP-00044,2026-03-11,2026-03-14,Approved
PR-04182,EMP-00025,Marketing,SUP-00011,2026-03-19,2026-03-23,Approved
PR-04183,EMP-00031,Procurement,SUP-00031,2026-01-16,2026-01-19,Approved
PR-04184,EMP-00045,IT,SUP-00026,2026-04-20,2026-04-27,Approved
PR-04185,EMP-00079,Operations,SUP-00032,2026-05-09,2026-05-13,Approved
PR-04186,EMP-00096,HR,SUP-00038,2026-01-11,2026-01-12,Approved
PR-04187,EMP-00075,Marketing,SUP-00027,2026-04-12,2026-04-15,Approved
PR-04188,EMP-00064,IT,SUP-00046,2026-03-30,2026-03-31,Approved
PR-04189,EMP-00075,Marketing,SUP-00019,2026-04-29,2026-04-30,Approved
PR-04190,EMP-00012,Finance,SUP-00043,2026-02-07,2026-02-09,Approved
PR-04191,EMP-00080,Marketing,SUP-00005,2026-02-02,2026-02-07,Approved
PR-04192,EMP-00100,Engineering,SUP-00045,2026-01-16,2026-01-19,Approved
PR-04193,EMP-00066,Finance,SUP-00003,2026-02-23,2026-02-25,Rejected
PR-04194,EMP-00087,IT,SUP-00040,2026-02-08,2026-02-11,Approved
PR-04195,EMP-00026,Operations,SUP-00001,2026-04-30,2026-05-09,Approved
PR-04196,EMP-00032,Procurement,SUP-00027,2026-01-27,2026-01-28,Approved
PR-04197,EMP-00089,Operations,SUP-00017,2026-01-02,2026-01-05,Approved
PR-04198,EMP-00002,Marketing,SUP-00005,2026-02-22,2026-02-26,Approved
PR-04199,EMP-00037,IT,SUP-00045,2026-02-01,2026-02-15,Approved
PR-04200,EMP-00082,Sales,SUP-00020,2026-01-22,2026-01-25,Approved
PR-04201,EMP-00081,IT,SUP-00021,2026-04-29,2026-05-02,Approved
PR-04202,EMP-00082,Sales,SUP-00010,2026-01-30,2026-02-10,Approved
PR-04203,EMP-00052,Finance,SUP-00002,2026-03-17,2026-03-20,Approved
PR-04204,EMP-00031,Procurement,SUP-00001,2026-05-06,2026-05-09,Approved
PR-04205,EMP-00060,Operations,SUP-00013,2026-03-16,2026-03-21,Approved
PR-04206,EMP-00012,Finance,SUP-00037,2026-04-20,2026-04-27,Approved
PR-04207,EMP-00096,HR,SUP-00034,2026-05-15,2026-05-27,Approved
PR-04208,EMP-00055,Procurement,SUP-00005,2026-05-13,2026-05-16,Approved
PR-04209,EMP-00019,IT,SUP-00040,2026-05-11,2026-05-26,Approved
PR-04210,EMP-00003,Engineering,SUP-00010,2026-01-08,2026-01-11,Approved
PR-04211,EMP-00007,Engineering,SUP-00006,2026-01-10,2026-01-14,Approved
PR-04212,EMP-00062,HR,SUP-00021,2026-05-26,2026-05-29,Approved
PR-04213,EMP-00054,HR,SUP-00013,2026-01-01,2026-01-02,Approved
PR-04214,EMP-00089,Operations,SUP-00039,2026-02-13,2026-02-14,Approved
PR-04215,EMP-00038,Marketing,SUP-00008,2026-03-17,2026-03-22,Approved
PR-04216,EMP-00038,Marketing,SUP-00039,2026-03-15,2026-03-25,Approved
PR-04217,EMP-00076,HR,SUP-00050,2026-04-17,2026-05-01,Approved
PR-04218,EMP-00073,HR,SUP-00023,2026-01-15,2026-01-18,Approved
PR-04219,EMP-00082,Sales,SUP-00017,2026-01-05,2026-01-07,Approved
PR-04220,EMP-00072,Procurement,SUP-00039,2026-02-12,2026-02-16,Approved
PR-04221,EMP-00058,IT,SUP-00025,2026-02-13,2026-02-19,Approved
PR-04222,EMP-00015,Operations,SUP-00026,2026-04-20,2026-04-23,Approved
PR-04223,EMP-00063,Finance,SUP-00047,2026-03-19,2026-03-24,Approved
PR-04224,EMP-00099,Sales,SUP-00023,2026-02-23,2026-02-25,Approved
PR-04225,EMP-00077,Operations,SUP-00030,2026-05-01,2026-05-04,Approved
PR-04226,EMP-00024,HR,SUP-00039,2026-01-15,2026-01-18,Approved
PR-04227,EMP-00088,Operations,SUP-00035,2026-04-04,2026-04-07,Approved
PR-04228,EMP-00021,IT,SUP-00027,2026-03-11,2026-03-15,Approved
PR-04229,EMP-00046,Operations,SUP-00039,2026-05-19,2026-05-21,Approved
PR-04230,EMP-00084,Sales,SUP-00018,2026-03-26,2026-03-28,Approved
PR-04231,EMP-00076,HR,SUP-00031,2026-04-26,2026-05-07,Approved
PR-04232,EMP-00050,Procurement,SUP-00021,2026-03-12,2026-03-13,Approved
PR-04233,EMP-00090,Engineering,SUP-00036,2026-05-09,2026-05-13,Approved
PR-04234,EMP-00017,Sales,SUP-00036,2026-05-11,2026-05-26,Approved
PR-04235,EMP-00054,HR,SUP-00034,2026-03-09,2026-03-10,Approved
PR-04236,EMP-00054,HR,SUP-00005,2026-02-15,2026-02-16,Approved
PR-04237,EMP-00035,Marketing,SUP-00037,2026-05-10,2026-05-12,Approved
PR-04238,EMP-00085,Sales,SUP-00025,2026-04-18,2026-04-21,Approved
PR-04239,EMP-00073,HR,SUP-00007,2026-02-24,2026-02-28,Approved
PR-04240,EMP-00031,Procurement,SUP-00018,2026-01-21,2026-01-23,Approved
PR-04241,EMP-00065,Marketing,SUP-00027,2026-05-28,2026-06-01,Approved
PR-04242,EMP-00016,Marketing,SUP-00013,2026-05-25,2026-05-26,Approved
PR-04243,EMP-00059,Marketing,SUP-00044,2026-02-25,2026-03-01,Approved
PR-04244,EMP-00031,Procurement,SUP-00050,2026-01-01,2026-01-03,Approved
PR-04245,EMP-00056,Finance,SUP-00017,2026-02-12,2026-02-15,Approved
PR-04246,EMP-00016,Marketing,SUP-00005,2026-01-18,2026-01-21,Rejected
PR-04247,EMP-00083,Engineering,SUP-00006,2026-04-06,2026-04-14,Approved
PR-04248,EMP-00051,Procurement,SUP-00008,2026-02-18,2026-02-21,Approved
PR-04249,EMP-00002,Marketing,SUP-00019,2026-05-28,2026-05-30,Approved
PR-04250,EMP-00048,Operations,SUP-00019,2026-01-20,2026-01-22,Approved
PR-04251,EMP-00023,IT,SUP-00007,2026-02-22,2026-03-08,Approved
PR-04252,EMP-00036,Engineering,SUP-00050,2026-04-19,2026-04-20,Approved
PR-04253,EMP-00006,HR,SUP-00035,2026-03-13,2026-03-16,Approved
PR-04254,EMP-00017,Sales,SUP-00045,2026-01-11,2026-01-14,Approved
PR-04255,EMP-00077,Operations,SUP-00009,2026-05-07,2026-05-12,Approved
PR-04256,EMP-00057,HR,SUP-00027,2026-05-19,2026-05-20,Approved
PR-04257,EMP-00012,Finance,SUP-00022,2026-04-17,2026-04-20,Approved
PR-04258,EMP-00046,Operations,SUP-00003,2026-04-05,2026-04-09,Approved
PR-04259,EMP-00006,HR,SUP-00014,2026-05-22,2026-06-06,Approved
PR-04260,EMP-00096,HR,SUP-00045,2026-02-03,2026-02-18,Approved
PR-04261,EMP-00060,Operations,SUP-00011,2026-01-16,2026-01-23,Approved
PR-04262,EMP-00086,HR,SUP-00016,2026-01-16,2026-01-18,Approved
PR-04263,EMP-00029,IT,SUP-00029,2026-05-23,2026-06-05,Approved
PR-04264,EMP-00069,Finance,SUP-00042,2026-01-28,2026-02-12,Approved
PR-04265,EMP-00015,Operations,SUP-00009,2026-02-11,2026-02-12,Approved
PR-04266,EMP-00015,Operations,SUP-00010,2026-04-14,2026-04-27,Approved
PR-04267,EMP-00028,Marketing,SUP-00020,2026-01-11,2026-01-24,Approved
PR-04268,EMP-00060,Operations,SUP-00049,2026-03-11,2026-03-16,Approved
PR-04269,EMP-00025,Marketing,SUP-00028,2026-04-14,2026-04-26,Approved
PR-04270,EMP-00039,Operations,SUP-00018,2026-04-27,2026-04-30,Approved
PR-04271,EMP-00045,IT,SUP-00046,2026-05-27,2026-05-28,Rejected
PR-04272,EMP-00011,Sales,SUP-00017,2026-03-20,2026-03-21,Approved
PR-04273,EMP-00031,Procurement,SUP-00036,2026-04-21,2026-04-22,Approved
PR-04274,EMP-00024,HR,SUP-00002,2026-04-27,2026-04-29,Approved
PR-04275,EMP-00014,Marketing,SUP-00013,2026-04-11,2026-04-15,Approved
PR-04276,EMP-00009,Finance,SUP-00023,2026-04-07,2026-04-10,Approved
PR-04277,EMP-00043,Finance,SUP-00025,2026-04-10,2026-04-11,Approved
PR-04278,EMP-00081,IT,SUP-00031,2026-04-22,2026-04-28,Approved
PR-04279,EMP-00074,Engineering,SUP-00028,2026-05-21,2026-05-30,Approved
PR-04280,EMP-00067,Sales,SUP-00007,2026-02-10,2026-02-25,Approved
PR-04281,EMP-00087,IT,SUP-00019,2026-05-08,2026-05-11,Approved
PR-04282,EMP-00018,Engineering,SUP-00039,2026-02-21,2026-02-28,Approved
PR-04283,EMP-00085,Sales,SUP-00048,2026-05-14,2026-05-17,Approved
PR-04284,EMP-00099,Sales,SUP-00018,2026-01-15,2026-01-17,Approved
PR-04285,EMP-00067,Sales,SUP-00020,2026-02-20,2026-02-21,Approved
PR-04286,EMP-00016,Marketing,SUP-00031,2026-01-05,2026-01-20,Approved
PR-04287,EMP-00047,IT,SUP-00029,2026-02-08,2026-02-10,Approved
PR-04288,EMP-00011,Sales,SUP-00017,2026-03-08,2026-03-11,Approved
PR-04289,EMP-00021,IT,SUP-00048,2026-03-13,2026-03-18,Approved
PR-04290,EMP-00096,HR,SUP-00038,2026-04-30,2026-05-14,Approved
PR-04291,EMP-00058,IT,SUP-00024,2026-02-08,2026-02-16,Approved
PR-04292,EMP-00091,Operations,SUP-00005,2026-05-25,2026-05-28,Approved
PR-04293,EMP-00006,HR,SUP-00036,2026-05-26,2026-05-28,Approved
PR-04294,EMP-00099,Sales,SUP-00029,2026-05-13,2026-05-16,Approved
PR-04295,EMP-00077,Operations,SUP-00019,2026-04-26,2026-04-28,Approved
PR-04296,EMP-00087,IT,SUP-00044,2026-05-09,2026-05-12,Rejected
PR-04297,EMP-00035,Marketing,SUP-00025,2026-03-22,2026-03-24,Approved
PR-04298,EMP-00061,Operations,SUP-00039,2026-01-30,2026-02-09,Approved
PR-04299,EMP-00046,Operations,SUP-00024,2026-03-26,2026-03-28,Approved
PR-04300,EMP-00021,IT,SUP-00004,2026-05-11,2026-05-13,Approved
PR-04301,EMP-00094,HR,SUP-00017,2026-04-07,2026-04-10,Rejected
PR-04302,EMP-00061,Operations,SUP-00032,2026-03-24,2026-03-27,Approved
PR-04303,EMP-00043,Finance,SUP-00026,2026-03-22,2026-03-23,Approved
PR-04304,EMP-00091,Operations,SUP-00044,2026-01-27,2026-01-29,Approved
PR-04305,EMP-00091,Operations,SUP-00014,2026-03-17,2026-03-18,Approved
PR-04306,EMP-00042,Marketing,SUP-00044,2026-01-04,2026-01-05,Approved
PR-04307,EMP-00080,Marketing,SUP-00003,2026-03-20,2026-03-24,Approved
PR-04308,EMP-00010,Operations,SUP-00010,2026-01-25,2026-01-26,Approved
PR-04309,EMP-00016,Marketing,SUP-00021,2026-02-12,2026-02-27,Approved
PR-04310,EMP-00094,HR,SUP-00002,2026-02-22,2026-02-25,Approved
PR-04311,EMP-00093,IT,SUP-00027,2026-05-19,2026-06-03,Approved
PR-04312,EMP-00094,HR,SUP-00018,2026-05-02,2026-05-04,Approved
PR-04313,EMP-00077,Operations,SUP-00002,2026-05-08,2026-05-11,Approved
PR-04314,EMP-00044,IT,SUP-00003,2026-03-15,2026-03-18,Approved
PR-04315,EMP-00009,Finance,SUP-00011,2026-03-24,2026-03-29,Approved
PR-04316,EMP-00074,Engineering,SUP-00017,2026-03-21,2026-03-26,Approved
PR-04317,EMP-00080,Marketing,SUP-00018,2026-05-08,2026-05-10,Approved
PR-04318,EMP-00015,Operations,SUP-00008,2026-04-13,2026-04-14,Approved
PR-04319,EMP-00024,HR,SUP-00007,2026-01-31,2026-02-01,Approved
PR-04320,EMP-00020,Marketing,SUP-00016,2026-05-18,2026-05-22,Approved
PR-04321,EMP-00083,Engineering,SUP-00043,2026-02-22,2026-02-28,Approved
PR-04322,EMP-00022,Marketing,SUP-00046,2026-05-26,2026-05-27,Approved
PR-04323,EMP-00012,Finance,SUP-00012,2026-05-20,2026-05-22,Approved
PR-04324,EMP-00017,Sales,SUP-00004,2026-02-22,2026-03-08,Approved
PR-04325,EMP-00023,IT,SUP-00022,2026-01-29,2026-02-01,Approved
PR-04326,EMP-00037,IT,SUP-00015,2026-02-16,2026-02-17,Approved
PR-04327,EMP-00008,HR,SUP-00048,2026-05-02,2026-05-08,Approved
PR-04328,EMP-00025,Marketing,SUP-00010,2026-03-06,2026-03-09,Approved
PR-04329,EMP-00100,Engineering,SUP-00017,2026-04-03,2026-04-17,Approved
PR-04330,EMP-00084,Sales,SUP-00044,2026-02-12,2026-02-17,Approved
PR-04331,EMP-00006,HR,SUP-00027,2026-02-23,2026-02-25,Approved
PR-04332,EMP-00051,Procurement,SUP-00041,2026-04-13,2026-04-17,Approved
PR-04333,EMP-00067,Sales,SUP-00034,2026-04-03,2026-04-06,Approved
PR-04334,EMP-00099,Sales,SUP-00031,2026-05-30,2026-06-13,Approved
PR-04335,EMP-00046,Operations,SUP-00039,2026-02-15,2026-02-17,Approved
PR-04336,EMP-00026,Operations,SUP-00047,2026-05-06,2026-05-08,Approved
PR-04337,EMP-00086,HR,SUP-00008,2026-01-28,2026-01-30,Approved
PR-04338,EMP-00020,Marketing,SUP-00011,2026-04-16,2026-04-18,Rejected
PR-04339,EMP-00042,Marketing,SUP-00036,2026-01-23,2026-01-24,Approved
PR-04340,EMP-00060,Operations,SUP-00013,2026-04-28,2026-05-03,Approved
PR-04341,EMP-00062,HR,SUP-00002,2026-03-29,2026-04-08,Approved
PR-04342,EMP-00085,Sales,SUP-00011,2026-04-29,2026-05-01,Approved
PR-04343,EMP-00022,Marketing,SUP-00024,2026-01-31,2026-02-01,Approved
PR-04344,EMP-00086,HR,SUP-00038,2026-02-14,2026-02-17,Approved
PR-04345,EMP-00088,Operations,SUP-00030,2026-03-10,2026-03-12,Approved
PR-04346,EMP-00060,Operations,SUP-00032,2026-04-24,2026-04-26,Approved
PR-04347,EMP-00031,Procurement,SUP-00017,2026-03-20,2026-03-25,Approved
PR-04348,EMP-00084,Sales,SUP-00033,2026-04-16,2026-04-24,Approved
PR-04349,EMP-00072,Procurement,SUP-00019,2026-01-17,2026-01-24,Approved
PR-04350,EMP-00060,Operations,SUP-00004,2026-05-09,2026-05-24,Approved
PR-04351,EMP-00069,Finance,SUP-00016,2026-04-16,2026-04-18,Approved
PR-04352,EMP-00013,Procurement,SUP-00047,2026-04-12,2026-04-16,Approved
PR-04353,EMP-00042,Marketing,SUP-00038,2026-03-27,2026-04-08,Approved
PR-04354,EMP-00022,Marketing,SUP-00017,2026-04-24,2026-04-25,Approved
PR-04355,EMP-00050,Procurement,SUP-00007,2026-03-06,2026-03-19,Approved
PR-04356,EMP-00045,IT,SUP-00048,2026-03-03,2026-03-07,Approved
PR-04357,EMP-00092,Engineering,SUP-00035,2026-05-15,2026-05-18,Approved
PR-04358,EMP-00030,Sales,SUP-00045,2026-03-02,2026-03-08,Rejected
PR-04359,EMP-00089,Operations,SUP-00016,2026-04-06,2026-04-07,Approved
PR-04360,EMP-00065,Marketing,SUP-00011,2026-05-29,2026-06-11,Approved
PR-04361,EMP-00010,Operations,SUP-00020,2026-03-19,2026-03-21,Approved
PR-04362,EMP-00072,Procurement,SUP-00023,2026-04-28,2026-04-29,Approved
PR-04363,EMP-00043,Finance,SUP-00033,2026-02-25,2026-02-26,Approved
PR-04364,EMP-00082,Sales,SUP-00026,2026-04-15,2026-04-20,Approved
PR-04365,EMP-00086,HR,SUP-00039,2026-02-21,2026-02-25,Approved
PR-04366,EMP-00024,HR,SUP-00009,2026-04-21,2026-04-24,Approved
PR-04367,EMP-00044,IT,SUP-00008,2026-03-09,2026-03-10,Rejected
PR-04368,EMP-00051,Procurement,SUP-00013,2026-01-18,2026-01-19,Approved
PR-04369,EMP-00079,Operations,SUP-00042,2026-05-17,2026-05-18,Rejected
PR-04370,EMP-00064,IT,SUP-00004,2026-04-29,2026-05-04,Approved
PR-04371,EMP-00051,Procurement,SUP-00048,2026-01-06,2026-01-07,Approved
PR-04372,EMP-00032,Procurement,SUP-00015,2026-03-11,2026-03-21,Approved
PR-04373,EMP-00079,Operations,SUP-00034,2026-02-16,2026-02-17,Approved
PR-04374,EMP-00099,Sales,SUP-00050,2026-03-27,2026-03-31,Approved
PR-04375,EMP-00018,Engineering,SUP-00043,2026-02-10,2026-02-15,Approved
PR-04376,EMP-00013,Procurement,SUP-00014,2026-02-02,2026-02-06,Approved
PR-04377,EMP-00038,Marketing,SUP-00017,2026-01-27,2026-01-29,Approved
PR-04378,EMP-00024,HR,SUP-00022,2026-05-10,2026-05-11,Approved
PR-04379,EMP-00092,Engineering,SUP-00032,2026-04-04,2026-04-05,Approved
PR-04380,EMP-00005,HR,SUP-00045,2026-05-16,2026-05-28,Approved
PR-04381,EMP-00018,Engineering,SUP-00008,2026-05-12,2026-05-13,Approved
PR-04382,EMP-00067,Sales,SUP-00035,2026-04-21,2026-05-04,Approved
PR-04383,EMP-00042,Marketing,SUP-00046,2026-05-03,2026-05-05,Approved
PR-04384,EMP-00087,IT,SUP-00004,2026-05-22,2026-06-05,Approved
PR-04385,EMP-00029,IT,SUP-00005,2026-04-20,2026-04-27,Approved
PR-04386,EMP-00038,Marketing,SUP-00039,2026-03-10,2026-03-20,Rejected
PR-04387,EMP-00071,Procurement,SUP-00020,2026-01-07,2026-01-08,Approved
PR-04388,EMP-00093,IT,SUP-00047,2026-01-02,2026-01-05,Approved
PR-04389,EMP-00096,HR,SUP-00019,2026-04-03,2026-04-18,Approved
PR-04390,EMP-00037,IT,SUP-00021,2026-04-08,2026-04-10,Approved
PR-04391,EMP-00085,Sales,SUP-00017,2026-04-01,2026-04-03,Approved
PR-04392,EMP-00007,Engineering,SUP-00044,2026-04-01,2026-04-03,Approved
PR-04393,EMP-00092,Engineering,SUP-00047,2026-01-07,2026-01-22,Approved
PR-04394,EMP-00020,Marketing,SUP-00006,2026-01-02,2026-01-03,Approved
PR-04395,EMP-00062,HR,SUP-00006,2026-01-10,2026-01-13,Approved
PR-04396,EMP-00027,Operations,SUP-00019,2026-01-09,2026-01-11,Approved
PR-04397,EMP-00025,Marketing,SUP-00025,2026-02-25,2026-02-28,Approved
PR-04398,EMP-00081,IT,SUP-00013,2026-03-11,2026-03-23,Approved
PR-04399,EMP-00037,IT,SUP-00030,2026-04-06,2026-04-11,Approved
PR-04400,EMP-00042,Marketing,SUP-00034,2026-04-22,2026-04-24,Approved
PR-04401,EMP-00056,Finance,SUP-00005,2026-04-04,2026-04-08,Approved
PR-04402,EMP-00083,Engineering,SUP-00003,2026-03-28,2026-03-30,Approved
PR-04403,EMP-00086,HR,SUP-00032,2026-03-26,2026-04-08,Approved
PR-04404,EMP-00015,Operations,SUP-00005,2026-01-04,2026-01-14,Approved
PR-04405,EMP-00002,Marketing,SUP-00012,2026-01-08,2026-01-12,Approved
PR-04406,EMP-00017,Sales,SUP-00031,2026-01-11,2026-01-14,Approved
PR-04407,EMP-00090,Engineering,SUP-00026,2026-04-01,2026-04-03,Approved
PR-04408,EMP-00019,IT,SUP-00024,2026-05-10,2026-05-13,Approved
PR-04409,EMP-00082,Sales,SUP-00023,2026-04-25,2026-04-29,Approved
PR-04410,EMP-00008,HR,SUP-00050,2026-03-14,2026-03-17,Approved
PR-04411,EMP-00033,IT,SUP-00020,2026-05-31,2026-06-04,Approved
PR-04412,EMP-00088,Operations,SUP-00018,2026-03-14,2026-03-17,Approved
PR-04413,EMP-00059,Marketing,SUP-00039,2026-04-29,2026-04-30,Approved
PR-04414,EMP-00045,IT,SUP-00042,2026-04-18,2026-04-21,Approved
PR-04415,EMP-00081,IT,SUP-00010,2026-01-08,2026-01-12,Approved
PR-04416,EMP-00051,Procurement,SUP-00008,2026-04-07,2026-04-09,Approved
PR-04417,EMP-00018,Engineering,SUP-00023,2026-04-12,2026-04-14,Approved
PR-04418,EMP-00045,IT,SUP-00039,2026-03-12,2026-03-13,Approved
PR-04419,EMP-00048,Operations,SUP-00012,2026-03-28,2026-03-30,Approved
PR-04420,EMP-00042,Marketing,SUP-00021,2026-04-04,2026-04-06,Approved
PR-04421,EMP-00095,Marketing,SUP-00039,2026-05-04,2026-05-12,Approved
PR-04422,EMP-00057,HR,SUP-00011,2026-01-02,2026-01-04,Approved
PR-04423,EMP-00100,Engineering,SUP-00024,2026-03-17,2026-03-18,Approved
PR-04424,EMP-00083,Engineering,SUP-00039,2026-02-10,2026-02-19,Approved
PR-04425,EMP-00077,Operations,SUP-00042,2026-01-12,2026-01-15,Approved
PR-04426,EMP-00076,HR,SUP-00036,2026-01-07,2026-01-08,Approved
PR-04427,EMP-00029,IT,SUP-00035,2026-01-28,2026-01-30,Approved
PR-04428,EMP-00011,Sales,SUP-00050,2026-02-18,2026-02-21,Approved
PR-04429,EMP-00021,IT,SUP-00024,2026-02-17,2026-02-27,Approved
PR-04430,EMP-00030,Sales,SUP-00018,2026-05-24,2026-05-29,Rejected
PR-04431,EMP-00007,Engineering,SUP-00009,2026-05-14,2026-05-18,Approved
PR-04432,EMP-00040,Sales,SUP-00009,2026-02-04,2026-02-07,Approved
PR-04433,EMP-00054,HR,SUP-00013,2026-03-17,2026-03-21,Approved
PR-04434,EMP-00011,Sales,SUP-00007,2026-03-20,2026-03-21,Approved
PR-04435,EMP-00069,Finance,SUP-00047,2026-05-07,2026-05-10,Approved
PR-04436,EMP-00091,Operations,SUP-00016,2026-05-13,2026-05-18,Approved
PR-04437,EMP-00050,Procurement,SUP-00050,2026-03-21,2026-03-30,Approved
PR-04438,EMP-00100,Engineering,SUP-00046,2026-04-09,2026-04-23,Approved
PR-04439,EMP-00065,Marketing,SUP-00023,2026-03-25,2026-03-29,Approved
PR-04440,EMP-00048,Operations,SUP-00028,2026-01-03,2026-01-17,Approved
PR-04441,EMP-00076,HR,SUP-00043,2026-03-10,2026-03-14,Approved
PR-04442,EMP-00008,HR,SUP-00017,2026-05-18,2026-05-19,Approved
PR-04443,EMP-00040,Sales,SUP-00025,2026-03-10,2026-03-12,Approved
PR-04444,EMP-00046,Operations,SUP-00050,2026-02-28,2026-03-05,Approved
PR-04445,EMP-00050,Procurement,SUP-00020,2026-02-22,2026-02-26,Rejected
PR-04446,EMP-00097,Sales,SUP-00033,2026-05-09,2026-05-10,Approved
PR-04447,EMP-00006,HR,SUP-00036,2026-04-26,2026-05-08,Approved
PR-04448,EMP-00087,IT,SUP-00018,2026-01-14,2026-01-17,Approved
PR-04449,EMP-00066,Finance,SUP-00036,2026-04-19,2026-04-22,Approved
PR-04450,EMP-00041,Marketing,SUP-00009,2026-04-30,2026-05-01,Approved
PR-04451,EMP-00050,Procurement,SUP-00044,2026-03-06,2026-03-07,Rejected
PR-04452,EMP-00069,Finance,SUP-00010,2026-04-24,2026-04-26,Approved
PR-04453,EMP-00100,Engineering,SUP-00018,2026-01-22,2026-01-25,Approved
PR-04454,EMP-00055,Procurement,SUP-00045,2026-03-29,2026-03-31,Approved
PR-04455,EMP-00075,Marketing,SUP-00014,2026-01-13,2026-01-14,Approved
PR-04456,EMP-00100,Engineering,SUP-00050,2026-04-19,2026-04-21,Approved
PR-04457,EMP-00096,HR,SUP-00017,2026-03-13,2026-03-18,Approved
PR-04458,EMP-00077,Operations,SUP-00010,2026-05-06,2026-05-07,Approved
PR-04459,EMP-00024,HR,SUP-00002,2026-03-31,2026-04-03,Approved
PR-04460,EMP-00073,HR,SUP-00027,2026-02-03,2026-02-05,Approved
PR-04461,EMP-00100,Engineering,SUP-00001,2026-01-29,2026-02-05,Approved
PR-04462,EMP-00049,IT,SUP-00025,2026-05-04,2026-05-06,Approved
PR-04463,EMP-00044,IT,SUP-00021,2026-02-05,2026-02-15,Approved
PR-04464,EMP-00015,Operations,SUP-00031,2026-04-28,2026-04-29,Approved
PR-04465,EMP-00085,Sales,SUP-00006,2026-02-02,2026-02-04,Approved
PR-04466,EMP-00079,Operations,SUP-00006,2026-04-12,2026-04-13,Approved
PR-04467,EMP-00065,Marketing,SUP-00045,2026-03-28,2026-03-31,Approved
PR-04468,EMP-00098,Sales,SUP-00050,2026-02-08,2026-02-10,Approved
PR-04469,EMP-00036,Engineering,SUP-00027,2026-01-15,2026-01-19,Approved
PR-04470,EMP-00052,Finance,SUP-00006,2026-04-22,2026-04-26,Approved
PR-04471,EMP-00078,HR,SUP-00043,2026-01-19,2026-02-01,Approved
PR-04472,EMP-00064,IT,SUP-00037,2026-02-16,2026-02-17,Approved
PR-04473,EMP-00006,HR,SUP-00034,2026-01-05,2026-01-11,Approved
PR-04474,EMP-00002,Marketing,SUP-00017,2026-01-21,2026-01-23,Approved
PR-04475,EMP-00018,Engineering,SUP-00028,2026-01-28,2026-01-31,Approved
PR-04476,EMP-00051,Procurement,SUP-00039,2026-04-16,2026-04-21,Approved
PR-04477,EMP-00011,Sales,SUP-00027,2026-05-27,2026-05-28,Approved
PR-04478,EMP-00033,IT,SUP-00036,2026-03-24,2026-04-03,Approved
PR-04479,EMP-00028,Marketing,SUP-00014,2026-02-26,2026-03-01,Approved
PR-04480,EMP-00075,Marketing,SUP-00016,2026-02-21,2026-02-22,Approved
PR-04481,EMP-00061,Operations,SUP-00039,2026-02-19,2026-02-21,Approved
PR-04482,EMP-00041,Marketing,SUP-00043,2026-03-01,2026-03-03,Approved
PR-04483,EMP-00063,Finance,SUP-00025,2026-01-03,2026-01-06,Approved
PR-04484,EMP-00032,Procurement,SUP-00034,2026-05-22,2026-05-25,Approved
PR-04485,EMP-00073,HR,SUP-00032,2026-04-25,2026-04-30,Approved
PR-04486,EMP-00055,Procurement,SUP-00012,2026-04-06,2026-04-07,Approved
PR-04487,EMP-00026,Operations,SUP-00049,2026-01-08,2026-01-10,Approved
PR-04488,EMP-00081,IT,SUP-00019,2026-04-07,2026-04-10,Approved
PR-04489,EMP-00004,Engineering,SUP-00044,2026-04-07,2026-04-09,Approved
PR-04490,EMP-00062,HR,SUP-00035,2026-01-12,2026-01-25,Approved
PR-04491,EMP-00100,Engineering,SUP-00037,2026-02-08,2026-02-11,Approved
PR-04492,EMP-00021,IT,SUP-00033,2026-04-08,2026-04-09,Approved
PR-04493,EMP-00042,Marketing,SUP-00039,2026-05-18,2026-05-21,Approved
PR-04494,EMP-00001,Engineering,SUP-00010,2026-05-29,2026-06-01,Approved
PR-04495,EMP-00013,Procurement,SUP-00047,2026-02-01,2026-02-04,Approved
PR-04496,EMP-00064,IT,SUP-00049,2026-04-22,2026-04-23,Approved
PR-04497,EMP-00076,HR,SUP-00047,2026-05-23,2026-05-24,Approved
PR-04498,EMP-00060,Operations,SUP-00024,2026-02-13,2026-02-20,Approved
PR-04499,EMP-00017,Sales,SUP-00036,2026-05-06,2026-05-07,Approved
PR-04500,EMP-00100,Engineering,SUP-00035,2026-05-10,2026-05-13,Approved
PR-04501,EMP-00040,Sales,SUP-00010,2026-03-20,2026-03-21,Approved
PR-04502,EMP-00035,Marketing,SUP-00043,2026-04-10,2026-04-13,Approved
PR-04503,EMP-00089,Operations,SUP-00020,2026-01-31,2026-02-01,Approved
PR-04504,EMP-00085,Sales,SUP-00010,2026-03-14,2026-03-28,Approved
PR-04505,EMP-00077,Operations,SUP-00027,2026-05-07,2026-05-08,Approved
PR-04506,EMP-00086,HR,SUP-00008,2026-05-02,2026-05-03,Approved
PR-04507,EMP-00051,Procurement,SUP-00019,2026-05-08,2026-05-13,Approved
PR-04508,EMP-00084,Sales,SUP-00046,2026-03-27,2026-03-30,Approved
PR-04509,EMP-00027,Operations,SUP-00003,2026-02-01,2026-02-02,Approved
PR-04510,EMP-00022,Marketing,SUP-00009,2026-03-07,2026-03-09,Approved
PR-04511,EMP-00077,Operations,SUP-00048,2026-05-26,2026-05-28,Approved
PR-04512,EMP-00033,IT,SUP-00005,2026-02-24,2026-03-01,Approved
PR-04513,EMP-00068,Marketing,SUP-00036,2026-04-11,2026-04-21,Approved
PR-04514,EMP-00053,Operations,SUP-00047,2026-03-26,2026-04-03,Approved
PR-04515,EMP-00047,IT,SUP-00002,2026-05-21,2026-05-30,Approved
PR-04516,EMP-00051,Procurement,SUP-00025,2026-04-14,2026-04-19,Approved
PR-04517,EMP-00076,HR,SUP-00046,2026-05-27,2026-05-31,Approved
PR-04518,EMP-00043,Finance,SUP-00039,2026-05-11,2026-05-13,Approved
PR-04519,EMP-00052,Finance,SUP-00045,2026-04-06,2026-04-07,Approved
PR-04520,EMP-00022,Marketing,SUP-00031,2026-05-25,2026-05-26,Approved
PR-04521,EMP-00031,Procurement,SUP-00009,2026-03-19,2026-03-22,Approved
PR-04522,EMP-00041,Marketing,SUP-00002,2026-01-18,2026-01-21,Approved
PR-04523,EMP-00023,IT,SUP-00044,2026-02-10,2026-02-16,Approved
PR-04524,EMP-00046,Operations,SUP-00033,2026-04-06,2026-04-08,Approved
PR-04525,EMP-00010,Operations,SUP-00005,2026-04-15,2026-04-19,Approved
PR-04526,EMP-00065,Marketing,SUP-00020,2026-01-05,2026-01-10,Approved
PR-04527,EMP-00025,Marketing,SUP-00005,2026-03-10,2026-03-24,Approved
PR-04528,EMP-00032,Procurement,SUP-00005,2026-05-02,2026-05-07,Approved
PR-04529,EMP-00099,Sales,SUP-00035,2026-01-28,2026-02-07,Approved
PR-04530,EMP-00027,Operations,SUP-00005,2026-02-24,2026-03-01,Approved
PR-04531,EMP-00063,Finance,SUP-00031,2026-05-09,2026-05-12,Approved
PR-04532,EMP-00003,Engineering,SUP-00002,2026-03-18,2026-03-20,Approved
PR-04533,EMP-00044,IT,SUP-00047,2026-03-15,2026-03-18,Approved
PR-04534,EMP-00010,Operations,SUP-00011,2026-04-17,2026-04-18,Approved
PR-04535,EMP-00075,Marketing,SUP-00025,2026-02-13,2026-02-15,Approved
PR-04536,EMP-00025,Marketing,SUP-00022,2026-04-24,2026-04-27,Approved
PR-04537,EMP-00004,Engineering,SUP-00031,2026-03-08,2026-03-21,Approved
PR-04538,EMP-00031,Procurement,SUP-00045,2026-05-27,2026-05-28,Approved
PR-04539,EMP-00037,IT,SUP-00005,2026-02-18,2026-02-20,Approved
PR-04540,EMP-00099,Sales,SUP-00032,2026-01-01,2026-01-07,Approved
PR-04541,EMP-00017,Sales,SUP-00045,2026-04-09,2026-04-10,Approved
PR-04542,EMP-00030,Sales,SUP-00010,2026-05-16,2026-05-19,Approved
PR-04543,EMP-00043,Finance,SUP-00010,2026-04-11,2026-04-15,Approved
PR-04544,EMP-00092,Engineering,SUP-00007,2026-03-26,2026-03-28,Approved
PR-04545,EMP-00100,Engineering,SUP-00011,2026-05-02,2026-05-05,Approved
PR-04546,EMP-00010,Operations,SUP-00011,2026-02-15,2026-03-02,Approved
PR-04547,EMP-00029,IT,SUP-00010,2026-02-10,2026-02-15,Approved
PR-04548,EMP-00004,Engineering,SUP-00014,2026-01-02,2026-01-17,Approved
PR-04549,EMP-00053,Operations,SUP-00024,2026-05-29,2026-05-30,Approved
PR-04550,EMP-00058,IT,SUP-00026,2026-02-11,2026-02-12,Approved
PR-04551,EMP-00060,Operations,SUP-00006,2026-03-20,2026-03-30,Approved
PR-04552,EMP-00036,Engineering,SUP-00021,2026-05-20,2026-05-25,Approved
PR-04553,EMP-00093,IT,SUP-00018,2026-04-28,2026-05-01,Rejected
PR-04554,EMP-00050,Procurement,SUP-00045,2026-03-22,2026-03-23,Approved
PR-04555,EMP-00060,Operations,SUP-00024,2026-01-26,2026-01-27,Approved
PR-04556,EMP-00085,Sales,SUP-00038,2026-05-17,2026-05-18,Approved
PR-04557,EMP-00096,HR,SUP-00006,2026-02-02,2026-02-03,Approved
PR-04558,EMP-00035,Marketing,SUP-00011,2026-02-10,2026-02-11,Approved
PR-04559,EMP-00020,Marketing,SUP-00017,2026-04-23,2026-04-27,Approved
PR-04560,EMP-00028,Marketing,SUP-00047,2026-05-18,2026-05-22,Approved
PR-04561,EMP-00093,IT,SUP-00029,2026-05-05,2026-05-06,Approved
PR-04562,EMP-00095,Marketing,SUP-00025,2026-01-14,2026-01-15,Approved
PR-04563,EMP-00066,Finance,SUP-00028,2026-01-19,2026-01-24,Approved
PR-04564,EMP-00038,Marketing,SUP-00002,2026-03-30,2026-04-01,Approved
PR-04565,EMP-00071,Procurement,SUP-00027,2026-02-15,2026-03-01,Approved
PR-04566,EMP-00046,Operations,SUP-00006,2026-02-17,2026-02-18,Approved
PR-04567,EMP-00059,Marketing,SUP-00011,2026-04-08,2026-04-20,Approved
PR-04568,EMP-00001,Engineering,SUP-00023,2026-05-13,2026-05-14,Approved
PR-04569,EMP-00021,IT,SUP-00022,2026-04-01,2026-04-04,Approved
PR-04570,EMP-00063,Finance,SUP-00036,2026-01-19,2026-01-31,Approved
PR-04571,EMP-00079,Operations,SUP-00039,2026-03-23,2026-03-26,Approved
PR-04572,EMP-00047,IT,SUP-00018,2026-01-01,2026-01-03,Approved
PR-04573,EMP-00017,Sales,SUP-00039,2026-05-25,2026-06-05,Approved
PR-04574,EMP-00078,HR,SUP-00023,2026-04-07,2026-04-11,Approved
PR-04575,EMP-00034,IT,SUP-00012,2026-03-25,2026-03-28,Approved
PR-04576,EMP-00016,Marketing,SUP-00014,2026-03-13,2026-03-15,Approved
PR-04577,EMP-00019,IT,SUP-00042,2026-02-18,2026-02-19,Approved
PR-04578,EMP-00024,HR,SUP-00004,2026-05-29,2026-06-10,Approved
PR-04579,EMP-00100,Engineering,SUP-00025,2026-01-07,2026-01-11,Approved
PR-04580,EMP-00001,Engineering,SUP-00050,2026-02-28,2026-03-13,Approved
PR-04581,EMP-00055,Procurement,SUP-00029,2026-01-17,2026-01-19,Approved
PR-04582,EMP-00100,Engineering,SUP-00027,2026-05-05,2026-05-08,Approved
PR-04583,EMP-00100,Engineering,SUP-00016,2026-02-25,2026-02-28,Approved
PR-04584,EMP-00054,HR,SUP-00032,2026-04-01,2026-04-14,Approved
PR-04585,EMP-00038,Marketing,SUP-00011,2026-01-19,2026-01-23,Approved
PR-04586,EMP-00059,Marketing,SUP-00024,2026-02-25,2026-03-03,Rejected
PR-04587,EMP-00085,Sales,SUP-00023,2026-01-05,2026-01-08,Approved
PR-04588,EMP-00041,Marketing,SUP-00032,2026-05-29,2026-05-31,Approved
PR-04589,EMP-00085,Sales,SUP-00047,2026-03-04,2026-03-10,Approved
PR-04590,EMP-00023,IT,SUP-00032,2026-01-12,2026-01-13,Approved
PR-04591,EMP-00051,Procurement,SUP-00038,2026-05-20,2026-05-21,Rejected
PR-04592,EMP-00082,Sales,SUP-00025,2026-04-19,2026-04-28,Approved
PR-04593,EMP-00037,IT,SUP-00029,2026-02-17,2026-02-28,Approved
PR-04594,EMP-00060,Operations,SUP-00024,2026-02-23,2026-02-25,Approved
PR-04595,EMP-00032,Procurement,SUP-00043,2026-03-07,2026-03-09,Approved
PR-04596,EMP-00026,Operations,SUP-00049,2026-01-17,2026-01-18,Approved
PR-04597,EMP-00021,IT,SUP-00043,2026-01-29,2026-01-30,Rejected
PR-04598,EMP-00084,Sales,SUP-00003,2026-05-27,2026-05-29,Rejected
PR-04599,EMP-00073,HR,SUP-00033,2026-02-02,2026-02-04,Approved
PR-04600,EMP-00009,Finance,SUP-00050,2026-02-03,2026-02-04,Approved
PR-04601,EMP-00083,Engineering,SUP-00025,2026-05-22,2026-05-26,Approved
PR-04602,EMP-00035,Marketing,SUP-00017,2026-02-25,2026-03-06,Approved
PR-04603,EMP-00081,IT,SUP-00044,2026-05-17,2026-05-19,Approved
PR-04604,EMP-00047,IT,SUP-00015,2026-03-13,2026-03-16,Approved
PR-04605,EMP-00029,IT,SUP-00050,2026-03-23,2026-03-31,Approved
PR-04606,EMP-00048,Operations,SUP-00035,2026-02-27,2026-03-09,Approved
PR-04607,EMP-00087,IT,SUP-00030,2026-03-21,2026-03-26,Approved
PR-04608,EMP-00022,Marketing,SUP-00013,2026-03-23,2026-03-26,Approved
PR-04609,EMP-00062,HR,SUP-00039,2026-03-03,2026-03-06,Approved
PR-04610,EMP-00044,IT,SUP-00018,2026-02-18,2026-02-23,Approved
PR-04611,EMP-00091,Operations,SUP-00013,2026-01-08,2026-01-10,Approved
PR-04612,EMP-00035,Marketing,SUP-00037,2026-04-30,2026-05-01,Approved
PR-04613,EMP-00031,Procurement,SUP-00038,2026-02-17,2026-02-24,Approved
PR-04614,EMP-00010,Operations,SUP-00041,2026-03-23,2026-03-25,Approved
PR-04615,EMP-00015,Operations,SUP-00031,2026-04-27,2026-05-12,Approved
PR-04616,EMP-00057,HR,SUP-00003,2026-02-04,2026-02-05,Approved
PR-04617,EMP-00065,Marketing,SUP-00005,2026-03-12,2026-03-17,Approved
PR-04618,EMP-00092,Engineering,SUP-00030,2026-04-14,2026-04-21,Approved
PR-04619,EMP-00041,Marketing,SUP-00029,2026-01-25,2026-01-28,Approved
PR-04620,EMP-00066,Finance,SUP-00002,2026-03-07,2026-03-09,Approved
PR-04621,EMP-00100,Engineering,SUP-00050,2026-01-16,2026-01-27,Approved
PR-04622,EMP-00053,Operations,SUP-00021,2026-01-31,2026-02-03,Approved
PR-04623,EMP-00052,Finance,SUP-00048,2026-01-13,2026-01-16,Approved
PR-04624,EMP-00014,Marketing,SUP-00023,2026-02-04,2026-02-08,Rejected
PR-04625,EMP-00009,Finance,SUP-00012,2026-03-07,2026-03-10,Approved
PR-04626,EMP-00077,Operations,SUP-00001,2026-05-12,2026-05-21,Approved
PR-04627,EMP-00054,HR,SUP-00001,2026-03-08,2026-03-13,Approved
PR-04628,EMP-00012,Finance,SUP-00029,2026-01-27,2026-01-30,Approved
PR-04629,EMP-00059,Marketing,SUP-00036,2026-03-04,2026-03-06,Approved
PR-04630,EMP-00078,HR,SUP-00029,2026-01-25,2026-01-26,Approved
PR-04631,EMP-00019,IT,SUP-00017,2026-01-15,2026-01-16,Approved
PR-04632,EMP-00057,HR,SUP-00046,2026-04-01,2026-04-03,Approved
PR-04633,EMP-00016,Marketing,SUP-00047,2026-03-22,2026-03-23,Approved
PR-04634,EMP-00002,Marketing,SUP-00028,2026-01-30,2026-02-02,Approved
PR-04635,EMP-00079,Operations,SUP-00040,2026-03-05,2026-03-17,Approved
PR-04636,EMP-00020,Marketing,SUP-00041,2026-02-02,2026-02-03,Approved
PR-04637,EMP-00083,Engineering,SUP-00028,2026-04-23,2026-04-25,Approved
PR-04638,EMP-00077,Operations,SUP-00025,2026-03-22,2026-03-23,Approved
PR-04639,EMP-00020,Marketing,SUP-00017,2026-03-11,2026-03-19,Approved
PR-04640,EMP-00046,Operations,SUP-00029,2026-03-22,2026-03-26,Approved
PR-04641,EMP-00096,HR,SUP-00043,2026-04-05,2026-04-10,Approved
PR-04642,EMP-00059,Marketing,SUP-00046,2026-01-09,2026-01-10,Approved
PR-04643,EMP-00044,IT,SUP-00004,2026-03-31,2026-04-03,Approved
PR-04644,EMP-00067,Sales,SUP-00033,2026-02-13,2026-02-18,Approved
PR-04645,EMP-00079,Operations,SUP-00032,2026-05-11,2026-05-23,Approved
PR-04646,EMP-00007,Engineering,SUP-00023,2026-02-03,2026-02-09,Approved
PR-04647,EMP-00087,IT,SUP-00044,2026-03-06,2026-03-09,Approved
PR-04648,EMP-00041,Marketing,SUP-00024,2026-04-20,2026-04-21,Approved
PR-04649,EMP-00024,HR,SUP-00020,2026-04-10,2026-04-12,Approved
PR-04650,EMP-00074,Engineering,SUP-00025,2026-02-23,2026-02-25,Approved
PR-04651,EMP-00034,IT,SUP-00043,2026-04-08,2026-04-09,Approved
PR-04652,EMP-00054,HR,SUP-00003,2026-01-07,2026-01-09,Approved
PR-04653,EMP-00057,HR,SUP-00039,2026-01-12,2026-01-14,Approved
PR-04654,EMP-00079,Operations,SUP-00003,2026-04-30,2026-05-01,Approved
PR-04655,EMP-00092,Engineering,SUP-00027,2026-05-03,2026-05-06,Approved
PR-04656,EMP-00022,Marketing,SUP-00013,2026-04-06,2026-04-19,Approved
PR-04657,EMP-00044,IT,SUP-00004,2026-05-11,2026-05-14,Approved
PR-04658,EMP-00094,HR,SUP-00013,2026-03-04,2026-03-05,Approved
PR-04659,EMP-00043,Finance,SUP-00001,2026-03-28,2026-04-10,Approved
PR-04660,EMP-00049,IT,SUP-00005,2026-05-10,2026-05-19,Approved
PR-04661,EMP-00095,Marketing,SUP-00017,2026-02-06,2026-02-08,Approved
PR-04662,EMP-00094,HR,SUP-00022,2026-01-07,2026-01-08,Approved
PR-04663,EMP-00009,Finance,SUP-00029,2026-04-10,2026-04-14,Approved
PR-04664,EMP-00077,Operations,SUP-00008,2026-01-11,2026-01-18,Approved
PR-04665,EMP-00003,Engineering,SUP-00039,2026-03-01,2026-03-04,Approved
PR-04666,EMP-00080,Marketing,SUP-00023,2026-05-17,2026-05-20,Approved
PR-04667,EMP-00062,HR,SUP-00026,2026-05-31,2026-06-14,Approved
PR-04668,EMP-00051,Procurement,SUP-00041,2026-05-06,2026-05-08,Approved
PR-04669,EMP-00005,HR,SUP-00017,2026-02-25,2026-03-02,Approved
PR-04670,EMP-00066,Finance,SUP-00031,2026-04-18,2026-04-21,Approved
PR-04671,EMP-00076,HR,SUP-00030,2026-04-08,2026-04-09,Approved
PR-04672,EMP-00067,Sales,SUP-00007,2026-05-14,2026-05-19,Approved
PR-04673,EMP-00043,Finance,SUP-00031,2026-04-03,2026-04-05,Approved
PR-04674,EMP-00038,Marketing,SUP-00026,2026-01-17,2026-01-20,Rejected
PR-04675,EMP-00084,Sales,SUP-00004,2026-05-02,2026-05-05,Approved
PR-04676,EMP-00031,Procurement,SUP-00002,2026-01-27,2026-01-28,Approved
PR-04677,EMP-00036,Engineering,SUP-00040,2026-01-14,2026-01-18,Approved
PR-04678,EMP-00011,Sales,SUP-00013,2026-05-15,2026-05-25,Approved
PR-04679,EMP-00068,Marketing,SUP-00024,2026-02-08,2026-02-18,Approved
PR-04680,EMP-00019,IT,SUP-00031,2026-02-01,2026-02-06,Approved
PR-04681,EMP-00034,IT,SUP-00001,2026-05-26,2026-05-28,Approved
PR-04682,EMP-00029,IT,SUP-00042,2026-03-31,2026-04-04,Approved
PR-04683,EMP-00011,Sales,SUP-00012,2026-01-04,2026-01-07,Approved
PR-04684,EMP-00100,Engineering,SUP-00047,2026-01-18,2026-01-20,Approved
PR-04685,EMP-00082,Sales,SUP-00042,2026-01-07,2026-01-17,Approved
PR-04686,EMP-00012,Finance,SUP-00034,2026-05-13,2026-05-17,Approved
PR-04687,EMP-00059,Marketing,SUP-00014,2026-05-31,2026-06-02,Approved
PR-04688,EMP-00003,Engineering,SUP-00020,2026-02-15,2026-02-23,Approved
PR-04689,EMP-00039,Operations,SUP-00021,2026-02-15,2026-02-18,Approved
PR-04690,EMP-00059,Marketing,SUP-00011,2026-01-11,2026-01-23,Approved
PR-04691,EMP-00019,IT,SUP-00046,2026-03-08,2026-03-10,Approved
PR-04692,EMP-00097,Sales,SUP-00030,2026-02-21,2026-02-24,Approved
PR-04693,EMP-00046,Operations,SUP-00025,2026-03-07,2026-03-17,Approved
PR-04694,EMP-00079,Operations,SUP-00016,2026-05-25,2026-05-28,Approved
PR-04695,EMP-00015,Operations,SUP-00045,2026-01-14,2026-01-23,Approved
PR-04696,EMP-00041,Marketing,SUP-00016,2026-05-10,2026-05-15,Approved
PR-04697,EMP-00031,Procurement,SUP-00034,2026-02-25,2026-02-27,Approved
PR-04698,EMP-00086,HR,SUP-00022,2026-04-21,2026-04-28,Approved
PR-04699,EMP-00041,Marketing,SUP-00040,2026-03-08,2026-03-09,Approved
PR-04700,EMP-00058,IT,SUP-00045,2026-05-04,2026-05-09,Approved
PR-04701,EMP-00095,Marketing,SUP-00042,2026-04-06,2026-04-11,Approved
PR-04702,EMP-00053,Operations,SUP-00023,2026-02-26,2026-03-01,Approved
PR-04703,EMP-00096,HR,SUP-00004,2026-04-04,2026-04-06,Approved
PR-04704,EMP-00096,HR,SUP-00025,2026-04-28,2026-05-13,Approved
PR-04705,EMP-00074,Engineering,SUP-00022,2026-02-06,2026-02-09,Approved
PR-04706,EMP-00094,HR,SUP-00050,2026-03-27,2026-04-01,Approved
PR-04707,EMP-00044,IT,SUP-00027,2026-01-08,2026-01-09,Approved
PR-04708,EMP-00007,Engineering,SUP-00012,2026-02-02,2026-02-07,Approved
PR-04709,EMP-00093,IT,SUP-00022,2026-04-23,2026-04-24,Approved
PR-04710,EMP-00044,IT,SUP-00001,2026-04-07,2026-04-08,Approved
PR-04711,EMP-00035,Marketing,SUP-00045,2026-03-13,2026-03-16,Rejected
PR-04712,EMP-00025,Marketing,SUP-00005,2026-02-20,2026-02-22,Approved
PR-04713,EMP-00090,Engineering,SUP-00047,2026-03-03,2026-03-06,Approved
PR-04714,EMP-00041,Marketing,SUP-00045,2026-03-19,2026-03-22,Approved
PR-04715,EMP-00085,Sales,SUP-00020,2026-03-16,2026-03-19,Approved
PR-04716,EMP-00040,Sales,SUP-00013,2026-03-01,2026-03-04,Approved
PR-04717,EMP-00012,Finance,SUP-00006,2026-02-14,2026-02-16,Approved
PR-04718,EMP-00004,Engineering,SUP-00024,2026-02-04,2026-02-15,Approved
PR-04719,EMP-00044,IT,SUP-00002,2026-01-04,2026-01-06,Approved
PR-04720,EMP-00071,Procurement,SUP-00033,2026-05-11,2026-05-14,Approved
PR-04721,EMP-00031,Procurement,SUP-00033,2026-01-29,2026-02-10,Approved
PR-04722,EMP-00021,IT,SUP-00036,2026-04-17,2026-04-20,Approved
PR-04723,EMP-00046,Operations,SUP-00010,2026-03-21,2026-03-25,Approved
PR-04724,EMP-00094,HR,SUP-00021,2026-04-06,2026-04-10,Rejected
PR-04725,EMP-00070,Sales,SUP-00003,2026-05-24,2026-05-26,Approved
PR-04726,EMP-00071,Procurement,SUP-00024,2026-05-31,2026-06-03,Approved
PR-04727,EMP-00063,Finance,SUP-00034,2026-03-15,2026-03-25,Approved
PR-04728,EMP-00081,IT,SUP-00037,2026-02-06,2026-02-12,Approved
PR-04729,EMP-00086,HR,SUP-00027,2026-01-20,2026-01-27,Approved
PR-04730,EMP-00089,Operations,SUP-00006,2026-05-18,2026-05-30,Approved
PR-04731,EMP-00091,Operations,SUP-00030,2026-04-08,2026-04-10,Approved
PR-04732,EMP-00026,Operations,SUP-00043,2026-02-11,2026-02-12,Approved
PR-04733,EMP-00027,Operations,SUP-00047,2026-05-26,2026-05-27,Approved
PR-04734,EMP-00039,Operations,SUP-00029,2026-01-06,2026-01-12,Approved
PR-04735,EMP-00053,Operations,SUP-00008,2026-03-23,2026-03-25,Approved
PR-04736,EMP-00067,Sales,SUP-00034,2026-03-29,2026-04-01,Approved
PR-04737,EMP-00041,Marketing,SUP-00038,2026-04-27,2026-05-02,Rejected
PR-04738,EMP-00052,Finance,SUP-00039,2026-05-09,2026-05-11,Rejected
PR-04739,EMP-00012,Finance,SUP-00042,2026-04-21,2026-05-05,Approved
PR-04740,EMP-00068,Marketing,SUP-00001,2026-03-06,2026-03-18,Approved
PR-04741,EMP-00098,Sales,SUP-00015,2026-01-12,2026-01-23,Rejected
PR-04742,EMP-00089,Operations,SUP-00016,2026-02-03,2026-02-07,Approved
PR-04743,EMP-00058,IT,SUP-00002,2026-02-20,2026-02-22,Approved
PR-04744,EMP-00015,Operations,SUP-00024,2026-05-05,2026-05-09,Approved
PR-04745,EMP-00017,Sales,SUP-00030,2026-01-24,2026-01-26,Approved
PR-04746,EMP-00001,Engineering,SUP-00034,2026-02-02,2026-02-12,Approved
PR-04747,EMP-00066,Finance,SUP-00012,2026-02-01,2026-02-03,Approved
PR-04748,EMP-00029,IT,SUP-00011,2026-02-13,2026-02-21,Approved
PR-04749,EMP-00099,Sales,SUP-00025,2026-03-28,2026-04-02,Approved
PR-04750,EMP-00100,Engineering,SUP-00050,2026-01-10,2026-01-13,Approved
PR-04751,EMP-00011,Sales,SUP-00017,2026-03-03,2026-03-08,Approved
PR-04752,EMP-00028,Marketing,SUP-00030,2026-03-22,2026-04-05,Approved
PR-04753,EMP-00042,Marketing,SUP-00046,2026-01-16,2026-01-19,Approved
PR-04754,EMP-00084,Sales,SUP-00036,2026-05-05,2026-05-07,Approved
PR-04755,EMP-00021,IT,SUP-00040,2026-02-17,2026-03-04,Approved
PR-04756,EMP-00089,Operations,SUP-00014,2026-01-07,2026-01-08,Approved
PR-04757,EMP-00056,Finance,SUP-00025,2026-04-30,2026-05-12,Approved
PR-04758,EMP-00079,Operations,SUP-00008,2026-02-03,2026-02-15,Approved
PR-04759,EMP-00054,HR,SUP-00030,2026-03-07,2026-03-11,Approved
PR-04760,EMP-00047,IT,SUP-00046,2026-03-28,2026-03-30,Approved
PR-04761,EMP-00016,Marketing,SUP-00022,2026-04-10,2026-04-14,Approved
PR-04762,EMP-00002,Marketing,SUP-00038,2026-03-10,2026-03-11,Approved
PR-04763,EMP-00035,Marketing,SUP-00027,2026-02-23,2026-02-25,Approved
PR-04764,EMP-00026,Operations,SUP-00046,2026-05-19,2026-05-22,Approved
PR-04765,EMP-00002,Marketing,SUP-00015,2026-05-25,2026-06-05,Approved
PR-04766,EMP-00076,HR,SUP-00021,2026-01-29,2026-02-05,Approved
PR-04767,EMP-00053,Operations,SUP-00031,2026-03-22,2026-03-24,Approved
PR-04768,EMP-00015,Operations,SUP-00021,2026-02-15,2026-03-02,Approved
PR-04769,EMP-00071,Procurement,SUP-00032,2026-01-12,2026-01-15,Approved
PR-04770,EMP-00021,IT,SUP-00050,2026-04-11,2026-04-13,Approved
PR-04771,EMP-00063,Finance,SUP-00050,2026-05-31,2026-06-01,Rejected
PR-04772,EMP-00083,Engineering,SUP-00038,2026-01-15,2026-01-17,Approved
PR-04773,EMP-00033,IT,SUP-00025,2026-02-10,2026-02-12,Approved
PR-04774,EMP-00059,Marketing,SUP-00013,2026-05-04,2026-05-05,Approved
PR-04775,EMP-00078,HR,SUP-00017,2026-01-11,2026-01-12,Approved
PR-04776,EMP-00028,Marketing,SUP-00049,2026-03-29,2026-04-02,Approved
PR-04777,EMP-00062,HR,SUP-00032,2026-05-22,2026-05-24,Approved
PR-04778,EMP-00020,Marketing,SUP-00027,2026-01-08,2026-01-11,Approved
PR-04779,EMP-00084,Sales,SUP-00031,2026-04-07,2026-04-22,Approved
PR-04780,EMP-00053,Operations,SUP-00045,2026-04-16,2026-04-19,Approved
PR-04781,EMP-00041,Marketing,SUP-00032,2026-01-18,2026-01-21,Approved
PR-04782,EMP-00094,HR,SUP-00035,2026-04-02,2026-04-09,Approved
PR-04783,EMP-00040,Sales,SUP-00041,2026-01-11,2026-01-14,Approved
PR-04784,EMP-00041,Marketing,SUP-00005,2026-05-26,2026-05-29,Approved
PR-04785,EMP-00079,Operations,SUP-00048,2026-02-17,2026-02-20,Approved
PR-04786,EMP-00052,Finance,SUP-00025,2026-02-20,2026-02-22,Approved
PR-04787,EMP-00081,IT,SUP-00033,2026-03-14,2026-03-15,Approved
PR-04788,EMP-00094,HR,SUP-00034,2026-01-12,2026-01-13,Approved
PR-04789,EMP-00033,IT,SUP-00044,2026-02-01,2026-02-02,Approved
PR-04790,EMP-00012,Finance,SUP-00034,2026-02-18,2026-02-22,Approved
PR-04791,EMP-00032,Procurement,SUP-00039,2026-05-26,2026-05-28,Approved
PR-04792,EMP-00005,HR,SUP-00044,2026-02-20,2026-02-21,Approved
PR-04793,EMP-00062,HR,SUP-00010,2026-05-08,2026-05-20,Rejected
PR-04794,EMP-00088,Operations,SUP-00016,2026-05-10,2026-05-13,Approved
PR-04795,EMP-00046,Operations,SUP-00023,2026-05-24,2026-05-25,Approved
PR-04796,EMP-00095,Marketing,SUP-00043,2026-05-13,2026-05-17,Approved
PR-04797,EMP-00046,Operations,SUP-00022,2026-05-16,2026-05-18,Approved
PR-04798,EMP-00071,Procurement,SUP-00009,2026-02-17,2026-02-19,Approved
PR-04799,EMP-00013,Procurement,SUP-00050,2026-02-10,2026-02-12,Approved
PR-04800,EMP-00039,Operations,SUP-00003,2026-05-02,2026-05-03,Approved
PR-04801,EMP-00061,Operations,SUP-00048,2026-03-06,2026-03-09,Approved
PR-04802,EMP-00076,HR,SUP-00041,2026-03-18,2026-03-21,Approved
PR-04803,EMP-00040,Sales,SUP-00044,2026-02-13,2026-02-21,Approved
PR-04804,EMP-00079,Operations,SUP-00012,2026-02-13,2026-02-16,Approved
PR-04805,EMP-00055,Procurement,SUP-00040,2026-01-22,2026-02-02,Approved
PR-04806,EMP-00043,Finance,SUP-00026,2026-03-18,2026-04-02,Approved
PR-04807,EMP-00087,IT,SUP-00018,2026-01-26,2026-01-29,Approved
PR-04808,EMP-00077,Operations,SUP-00013,2026-03-10,2026-03-12,Approved
PR-04809,EMP-00087,IT,SUP-00010,2026-05-07,2026-05-09,Approved
PR-04810,EMP-00010,Operations,SUP-00022,2026-01-24,2026-01-27,Approved
PR-04811,EMP-00085,Sales,SUP-00010,2026-02-16,2026-02-17,Approved
PR-04812,EMP-00096,HR,SUP-00011,2026-02-25,2026-02-27,Approved
PR-04813,EMP-00053,Operations,SUP-00014,2026-03-16,2026-03-17,Approved
PR-04814,EMP-00038,Marketing,SUP-00014,2026-03-04,2026-03-09,Approved
PR-04815,EMP-00060,Operations,SUP-00025,2026-02-16,2026-02-19,Approved
PR-04816,EMP-00078,HR,SUP-00047,2026-05-05,2026-05-13,Approved
PR-04817,EMP-00032,Procurement,SUP-00006,2026-01-27,2026-02-08,Approved
PR-04818,EMP-00004,Engineering,SUP-00032,2026-02-24,2026-02-27,Approved
PR-04819,EMP-00045,IT,SUP-00033,2026-05-11,2026-05-13,Approved
PR-04820,EMP-00053,Operations,SUP-00011,2026-04-22,2026-04-23,Approved
PR-04821,EMP-00091,Operations,SUP-00012,2026-01-03,2026-01-07,Approved
PR-04822,EMP-00010,Operations,SUP-00027,2026-01-12,2026-01-24,Approved
PR-04823,EMP-00057,HR,SUP-00013,2026-03-14,2026-03-17,Approved
PR-04824,EMP-00007,Engineering,SUP-00047,2026-01-04,2026-01-19,Approved
PR-04825,EMP-00046,Operations,SUP-00020,2026-05-20,2026-06-01,Approved
PR-04826,EMP-00071,Procurement,SUP-00031,2026-02-11,2026-02-13,Approved
PR-04827,EMP-00064,IT,SUP-00019,2026-04-22,2026-04-29,Approved
PR-04828,EMP-00016,Marketing,SUP-00031,2026-02-12,2026-02-14,Approved
PR-04829,EMP-00049,IT,SUP-00004,2026-04-25,2026-04-26,Approved
PR-04830,EMP-00015,Operations,SUP-00021,2026-01-02,2026-01-05,Approved
PR-04831,EMP-00016,Marketing,SUP-00037,2026-02-13,2026-02-15,Approved
PR-04832,EMP-00009,Finance,SUP-00011,2026-01-22,2026-01-27,Approved
PR-04833,EMP-00009,Finance,SUP-00005,2026-04-03,2026-04-14,Approved
PR-04834,EMP-00072,Procurement,SUP-00020,2026-01-08,2026-01-11,Approved
PR-04835,EMP-00096,HR,SUP-00035,2026-02-11,2026-02-14,Approved
PR-04836,EMP-00085,Sales,SUP-00006,2026-05-10,2026-05-19,Approved
PR-04837,EMP-00033,IT,SUP-00029,2026-01-07,2026-01-11,Approved
PR-04838,EMP-00050,Procurement,SUP-00050,2026-05-11,2026-05-18,Approved
PR-04839,EMP-00008,HR,SUP-00050,2026-04-24,2026-05-06,Approved
PR-04840,EMP-00044,IT,SUP-00023,2026-05-21,2026-05-22,Approved
PR-04841,EMP-00074,Engineering,SUP-00008,2026-01-03,2026-01-05,Approved
PR-04842,EMP-00056,Finance,SUP-00015,2026-02-20,2026-02-22,Approved
PR-04843,EMP-00007,Engineering,SUP-00045,2026-02-15,2026-02-16,Approved
PR-04844,EMP-00069,Finance,SUP-00031,2026-05-02,2026-05-03,Approved
PR-04845,EMP-00031,Procurement,SUP-00047,2026-04-23,2026-05-03,Approved
PR-04846,EMP-00036,Engineering,SUP-00015,2026-02-11,2026-02-20,Approved
PR-04847,EMP-00016,Marketing,SUP-00009,2026-05-20,2026-05-25,Approved
PR-04848,EMP-00022,Marketing,SUP-00049,2026-02-01,2026-02-04,Approved
PR-04849,EMP-00086,HR,SUP-00016,2026-04-29,2026-05-02,Approved
PR-04850,EMP-00033,IT,SUP-00047,2026-01-08,2026-01-10,Approved
PR-04851,EMP-00026,Operations,SUP-00041,2026-03-26,2026-03-30,Approved
PR-04852,EMP-00071,Procurement,SUP-00045,2026-05-23,2026-05-26,Approved
PR-04853,EMP-00020,Marketing,SUP-00050,2026-04-23,2026-04-25,Approved
PR-04854,EMP-00043,Finance,SUP-00032,2026-05-31,2026-06-02,Approved
PR-04855,EMP-00006,HR,SUP-00033,2026-04-03,2026-04-06,Approved
PR-04856,EMP-00077,Operations,SUP-00010,2026-02-25,2026-02-28,Approved
PR-04857,EMP-00061,Operations,SUP-00002,2026-01-08,2026-01-19,Approved
PR-04858,EMP-00020,Marketing,SUP-00002,2026-04-09,2026-04-14,Approved
PR-04859,EMP-00061,Operations,SUP-00036,2026-03-23,2026-04-06,Approved
PR-04860,EMP-00067,Sales,SUP-00001,2026-05-22,2026-05-30,Approved
PR-04861,EMP-00027,Operations,SUP-00003,2026-05-02,2026-05-03,Approved
PR-04862,EMP-00043,Finance,SUP-00044,2026-02-10,2026-02-11,Approved
PR-04863,EMP-00088,Operations,SUP-00013,2026-01-30,2026-02-01,Approved
PR-04864,EMP-00050,Procurement,SUP-00024,2026-02-15,2026-02-17,Approved
PR-04865,EMP-00085,Sales,SUP-00045,2026-02-19,2026-02-23,Approved
PR-04866,EMP-00081,IT,SUP-00050,2026-03-20,2026-03-23,Approved
PR-04867,EMP-00021,IT,SUP-00003,2026-03-28,2026-04-02,Approved
PR-04868,EMP-00076,HR,SUP-00022,2026-02-12,2026-02-22,Approved
PR-04869,EMP-00018,Engineering,SUP-00002,2026-04-07,2026-04-12,Approved
PR-04870,EMP-00076,HR,SUP-00004,2026-04-15,2026-04-27,Approved
PR-04871,EMP-00071,Procurement,SUP-00042,2026-02-15,2026-02-20,Approved
PR-04872,EMP-00049,IT,SUP-00019,2026-03-24,2026-04-04,Approved
PR-04873,EMP-00038,Marketing,SUP-00037,2026-04-03,2026-04-04,Approved
PR-04874,EMP-00006,HR,SUP-00037,2026-05-16,2026-05-25,Approved
PR-04875,EMP-00029,IT,SUP-00036,2026-03-28,2026-04-02,Approved
PR-04876,EMP-00030,Sales,SUP-00017,2026-01-07,2026-01-10,Rejected
PR-04877,EMP-00006,HR,SUP-00030,2026-05-03,2026-05-07,Approved
PR-04878,EMP-00095,Marketing,SUP-00018,2026-03-10,2026-03-14,Approved
PR-04879,EMP-00022,Marketing,SUP-00015,2026-01-30,2026-02-07,Approved
PR-04880,EMP-00026,Operations,SUP-00025,2026-03-21,2026-03-24,Approved
PR-04881,EMP-00011,Sales,SUP-00025,2026-04-09,2026-04-11,Approved
PR-04882,EMP-00010,Operations,SUP-00006,2026-01-27,2026-01-28,Rejected
PR-04883,EMP-00009,Finance,SUP-00003,2026-04-17,2026-04-18,Approved
PR-04884,EMP-00049,IT,SUP-00017,2026-05-11,2026-05-12,Approved
PR-04885,EMP-00068,Marketing,SUP-00028,2026-03-09,2026-03-14,Approved
PR-04886,EMP-00049,IT,SUP-00011,2026-04-12,2026-04-23,Approved
PR-04887,EMP-00028,Marketing,SUP-00038,2026-01-09,2026-01-10,Approved
PR-04888,EMP-00060,Operations,SUP-00048,2026-01-04,2026-01-08,Approved
PR-04889,EMP-00085,Sales,SUP-00010,2026-01-18,2026-01-21,Approved
PR-04890,EMP-00087,IT,SUP-00028,2026-03-11,2026-03-14,Approved
PR-04891,EMP-00002,Marketing,SUP-00028,2026-05-09,2026-05-10,Approved
PR-04892,EMP-00052,Finance,SUP-00024,2026-05-17,2026-05-21,Approved
PR-04893,EMP-00100,Engineering,SUP-00047,2026-01-11,2026-01-16,Approved
PR-04894,EMP-00088,Operations,SUP-00047,2026-03-23,2026-03-24,Rejected
PR-04895,EMP-00056,Finance,SUP-00038,2026-04-22,2026-04-25,Approved
PR-04896,EMP-00047,IT,SUP-00042,2026-04-09,2026-04-24,Approved
PR-04897,EMP-00081,IT,SUP-00021,2026-04-11,2026-04-12,Approved
PR-04898,EMP-00072,Procurement,SUP-00032,2026-02-03,2026-02-05,Approved
PR-04899,EMP-00052,Finance,SUP-00032,2026-01-27,2026-01-30,Approved
PR-04900,EMP-00010,Operations,SUP-00050,2026-05-09,2026-05-11,Approved
PR-04901,EMP-00039,Operations,SUP-00047,2026-02-10,2026-02-12,Approved
PR-04902,EMP-00036,Engineering,SUP-00030,2026-04-17,2026-04-20,Approved
PR-04903,EMP-00096,HR,SUP-00010,2026-05-24,2026-06-06,Approved
PR-04904,EMP-00070,Sales,SUP-00023,2026-03-26,2026-03-31,Approved
PR-04905,EMP-00074,Engineering,SUP-00033,2026-01-22,2026-01-26,Approved
PR-04906,EMP-00038,Marketing,SUP-00046,2026-03-12,2026-03-15,Approved
PR-04907,EMP-00077,Operations,SUP-00016,2026-05-30,2026-06-02,Approved
PR-04908,EMP-00058,IT,SUP-00029,2026-03-10,2026-03-11,Approved
PR-04909,EMP-00039,Operations,SUP-00015,2026-05-27,2026-05-28,Approved
PR-04910,EMP-00064,IT,SUP-00032,2026-05-01,2026-05-16,Approved
PR-04911,EMP-00055,Procurement,SUP-00018,2026-05-04,2026-05-06,Approved
PR-04912,EMP-00001,Engineering,SUP-00021,2026-02-03,2026-02-06,Approved
PR-04913,EMP-00052,Finance,SUP-00011,2026-02-06,2026-02-07,Approved
PR-04914,EMP-00080,Marketing,SUP-00042,2026-01-18,2026-01-27,Approved
PR-04915,EMP-00009,Finance,SUP-00043,2026-04-08,2026-04-10,Approved
PR-04916,EMP-00013,Procurement,SUP-00032,2026-03-15,2026-03-20,Approved
PR-04917,EMP-00067,Sales,SUP-00020,2026-02-21,2026-02-23,Approved
PR-04918,EMP-00027,Operations,SUP-00002,2026-03-05,2026-03-07,Approved
PR-04919,EMP-00008,HR,SUP-00050,2026-01-23,2026-02-02,Approved
PR-04920,EMP-00087,IT,SUP-00026,2026-01-09,2026-01-11,Approved
PR-04921,EMP-00066,Finance,SUP-00013,2026-04-28,2026-05-02,Rejected
PR-04922,EMP-00038,Marketing,SUP-00031,2026-03-21,2026-03-24,Approved
PR-04923,EMP-00048,Operations,SUP-00042,2026-03-26,2026-03-29,Approved
PR-04924,EMP-00036,Engineering,SUP-00029,2026-02-05,2026-02-10,Approved
PR-04925,EMP-00006,HR,SUP-00049,2026-05-18,2026-05-23,Approved
PR-04926,EMP-00078,HR,SUP-00032,2026-02-22,2026-02-28,Approved
PR-04927,EMP-00079,Operations,SUP-00013,2026-04-29,2026-05-01,Approved
PR-04928,EMP-00003,Engineering,SUP-00049,2026-01-04,2026-01-10,Approved
PR-04929,EMP-00072,Procurement,SUP-00009,2026-03-18,2026-03-23,Approved
PR-04930,EMP-00016,Marketing,SUP-00031,2026-03-15,2026-03-17,Approved
PR-04931,EMP-00093,IT,SUP-00029,2026-03-05,2026-03-07,Approved
PR-04932,EMP-00018,Engineering,SUP-00014,2026-02-13,2026-02-15,Approved
PR-04933,EMP-00008,HR,SUP-00009,2026-05-10,2026-05-12,Approved
PR-04934,EMP-00039,Operations,SUP-00047,2026-05-18,2026-06-01,Approved
PR-04935,EMP-00009,Finance,SUP-00039,2026-04-02,2026-04-14,Approved
PR-04936,EMP-00100,Engineering,SUP-00005,2026-03-22,2026-03-25,Approved
PR-04937,EMP-00089,Operations,SUP-00007,2026-05-30,2026-05-31,Approved
PR-04938,EMP-00086,HR,SUP-00028,2026-05-15,2026-05-19,Approved
PR-04939,EMP-00010,Operations,SUP-00023,2026-01-18,2026-01-23,Approved
PR-04940,EMP-00075,Marketing,SUP-00024,2026-02-01,2026-02-04,Approved
PR-04941,EMP-00087,IT,SUP-00032,2026-04-19,2026-05-03,Approved
PR-04942,EMP-00053,Operations,SUP-00035,2026-01-15,2026-01-18,Approved
PR-04943,EMP-00083,Engineering,SUP-00027,2026-05-07,2026-05-10,Approved
PR-04944,EMP-00036,Engineering,SUP-00033,2026-01-26,2026-01-28,Approved
PR-04945,EMP-00019,IT,SUP-00049,2026-04-09,2026-04-12,Approved
PR-04946,EMP-00091,Operations,SUP-00001,2026-05-09,2026-05-12,Approved
PR-04947,EMP-00004,Engineering,SUP-00032,2026-01-24,2026-01-25,Approved
PR-04948,EMP-00028,Marketing,SUP-00008,2026-04-30,2026-05-03,Approved
PR-04949,EMP-00084,Sales,SUP-00014,2026-04-17,2026-04-20,Approved
PR-04950,EMP-00036,Engineering,SUP-00045,2026-04-10,2026-04-12,Approved
PR-04951,EMP-00033,IT,SUP-00003,2026-01-31,2026-02-03,Approved
PR-04952,EMP-00012,Finance,SUP-00003,2026-02-18,2026-02-20,Approved
PR-04953,EMP-00053,Operations,SUP-00043,2026-04-14,2026-04-15,Approved
PR-04954,EMP-00016,Marketing,SUP-00017,2026-03-21,2026-03-25,Approved
PR-04955,EMP-00065,Marketing,SUP-00003,2026-02-20,2026-02-21,Approved
PR-04956,EMP-00082,Sales,SUP-00012,2026-03-08,2026-03-16,Approved
PR-04957,EMP-00078,HR,SUP-00029,2026-04-19,2026-04-21,Approved
PR-04958,EMP-00020,Marketing,SUP-00009,2026-05-31,2026-06-01,Rejected
PR-04959,EMP-00020,Marketing,SUP-00022,2026-05-27,2026-05-31,Approved
PR-04960,EMP-00075,Marketing,SUP-00032,2026-03-30,2026-04-03,Approved
PR-04961,EMP-00077,Operations,SUP-00022,2026-02-18,2026-02-20,Approved
PR-04962,EMP-00038,Marketing,SUP-00040,2026-04-06,2026-04-11,Approved
PR-04963,EMP-00039,Operations,SUP-00011,2026-01-17,2026-01-19,Approved
PR-04964,EMP-00035,Marketing,SUP-00048,2026-05-01,2026-05-02,Approved
PR-04965,EMP-00009,Finance,SUP-00028,2026-03-19,2026-03-24,Approved
PR-04966,EMP-00044,IT,SUP-00012,2026-03-29,2026-04-01,Approved
PR-04967,EMP-00031,Procurement,SUP-00028,2026-03-04,2026-03-05,Approved
PR-04968,EMP-00079,Operations,SUP-00021,2026-05-10,2026-05-14,Approved
PR-04969,EMP-00076,HR,SUP-00038,2026-01-27,2026-01-28,Approved
PR-04970,EMP-00078,HR,SUP-00023,2026-02-23,2026-02-27,Approved
PR-04971,EMP-00097,Sales,SUP-00001,2026-05-03,2026-05-06,Approved
PR-04972,EMP-00051,Procurement,SUP-00026,2026-05-29,2026-06-01,Rejected
PR-04973,EMP-00035,Marketing,SUP-00049,2026-01-13,2026-01-25,Rejected
PR-04974,EMP-00098,Sales,SUP-00008,2026-02-27,2026-03-02,Approved
PR-04975,EMP-00036,Engineering,SUP-00038,2026-02-21,2026-02-24,Approved
PR-04976,EMP-00070,Sales,SUP-00006,2026-04-17,2026-04-28,Approved
PR-04977,EMP-00043,Finance,SUP-00017,2026-01-14,2026-01-18,Approved
PR-04978,EMP-00035,Marketing,SUP-00039,2026-02-02,2026-02-05,Approved
PR-04979,EMP-00049,IT,SUP-00005,2026-05-09,2026-05-23,Approved
PR-04980,EMP-00033,IT,SUP-00048,2026-01-02,2026-01-05,Approved
PR-04981,EMP-00003,Engineering,SUP-00030,2026-04-16,2026-04-18,Approved
PR-04982,EMP-00097,Sales,SUP-00033,2026-04-23,2026-04-27,Approved
PR-04983,EMP-00045,IT,SUP-00025,2026-01-28,2026-01-31,Approved
PR-04984,EMP-00026,Operations,SUP-00038,2026-02-03,2026-02-06,Approved
PR-04985,EMP-00088,Operations,SUP-00038,2026-03-23,2026-03-27,Approved
PR-04986,EMP-00018,Engineering,SUP-00050,2026-05-19,2026-05-26,Approved
PR-04987,EMP-00016,Marketing,SUP-00029,2026-05-30,2026-06-02,Approved
PR-04988,EMP-00063,Finance,SUP-00038,2026-02-06,2026-02-19,Approved
PR-04989,EMP-00047,IT,SUP-00037,2026-04-09,2026-04-10,Approved
PR-04990,EMP-00030,Sales,SUP-00037,2026-04-17,2026-04-18,Approved
PR-04991,EMP-00062,HR,SUP-00022,2026-05-17,2026-05-18,Approved
PR-04992,EMP-00093,IT,SUP-00010,2026-02-24,2026-02-27,Approved
PR-04993,EMP-00042,Marketing,SUP-00022,2026-04-12,2026-04-16,Approved
PR-04994,EMP-00011,Sales,SUP-00016,2026-02-27,2026-03-01,Approved
PR-04995,EMP-00028,Marketing,SUP-00038,2026-04-28,2026-05-09,Approved
PR-04996,EMP-00055,Procurement,SUP-00031,2026-05-06,2026-05-08,Approved
PR-04997,EMP-00036,Engineering,SUP-00034,2026-04-11,2026-04-13,Approved
PR-04998,EMP-00047,IT,SUP-00036,2026-03-29,2026-04-08,Approved
PR-04999,EMP-00021,IT,SUP-00003,2026-01-13,2026-01-18,Approved
PR-05000,EMP-00052,Finance,SUP-00027,2026-03-26,2026-03-30,Approved
PR-05001,EMP-00014,Marketing,SUP-00034,2026-02-02,2026-02-11,Approved
PR-05002,EMP-00087,IT,SUP-00016,2026-05-13,2026-05-14,Approved
PR-05003,EMP-00063,Finance,SUP-00002,2026-04-30,2026-05-03,Approved
PR-05004,EMP-00034,IT,SUP-00043,2026-04-26,2026-05-01,Approved
PR-05005,EMP-00013,Procurement,SUP-00012,2026-03-21,2026-03-24,Approved
PR-05006,EMP-00036,Engineering,SUP-00040,2026-05-22,2026-05-25,Approved
PR-05007,EMP-00089,Operations,SUP-00001,2026-05-08,2026-05-09,Rejected
PR-05008,EMP-00079,Operations,SUP-00018,2026-03-17,2026-03-22,Approved
PR-05009,EMP-00033,IT,SUP-00035,2026-01-27,2026-01-28,Approved
PR-05010,EMP-00051,Procurement,SUP-00049,2026-01-04,2026-01-08,Approved
PR-05011,EMP-00015,Operations,SUP-00005,2026-03-22,2026-04-02,Approved
PR-05012,EMP-00037,IT,SUP-00039,2026-02-05,2026-02-15,Approved
PR-05013,EMP-00080,Marketing,SUP-00050,2026-04-10,2026-04-11,Approved
PR-05014,EMP-00094,HR,SUP-00038,2026-01-19,2026-01-21,Approved
PR-05015,EMP-00010,Operations,SUP-00018,2026-05-21,2026-05-26,Approved
PR-05016,EMP-00090,Engineering,SUP-00005,2026-01-06,2026-01-09,Approved
PR-05017,EMP-00087,IT,SUP-00004,2026-04-25,2026-04-26,Approved
PR-05018,EMP-00023,IT,SUP-00004,2026-05-01,2026-05-07,Approved
PR-05019,EMP-00058,IT,SUP-00050,2026-02-27,2026-02-28,Approved
PR-05020,EMP-00094,HR,SUP-00032,2026-04-25,2026-04-27,Rejected
PR-05021,EMP-00055,Procurement,SUP-00027,2026-01-09,2026-01-13,Approved
PR-05022,EMP-00075,Marketing,SUP-00033,2026-01-09,2026-01-11,Approved
PR-05023,EMP-00081,IT,SUP-00017,2026-04-17,2026-04-21,Approved
PR-05024,EMP-00037,IT,SUP-00006,2026-03-10,2026-03-13,Approved
PR-05025,EMP-00049,IT,SUP-00007,2026-01-17,2026-01-23,Approved
PR-05026,EMP-00048,Operations,SUP-00038,2026-01-25,2026-01-28,Approved
PR-05027,EMP-00021,IT,SUP-00026,2026-04-24,2026-04-27,Approved
PR-05028,EMP-00080,Marketing,SUP-00021,2026-02-05,2026-02-17,Approved
PR-05029,EMP-00091,Operations,SUP-00006,2026-01-27,2026-02-03,Approved
PR-05030,EMP-00017,Sales,SUP-00032,2026-05-20,2026-05-21,Approved
PR-05031,EMP-00046,Operations,SUP-00032,2026-01-10,2026-01-12,Approved
PR-05032,EMP-00067,Sales,SUP-00013,2026-05-20,2026-05-21,Approved
PR-05033,EMP-00001,Engineering,SUP-00046,2026-03-24,2026-03-25,Rejected
PR-05034,EMP-00080,Marketing,SUP-00002,2026-03-05,2026-03-18,Approved
PR-05035,EMP-00096,HR,SUP-00037,2026-02-22,2026-02-25,Rejected
PR-05036,EMP-00079,Operations,SUP-00029,2026-02-05,2026-02-07,Approved
PR-05037,EMP-00027,Operations,SUP-00019,2026-05-01,2026-05-04,Approved
PR-05038,EMP-00024,HR,SUP-00023,2026-02-12,2026-02-14,Approved
PR-05039,EMP-00013,Procurement,SUP-00034,2026-02-11,2026-02-16,Rejected
PR-05040,EMP-00033,IT,SUP-00014,2026-05-04,2026-05-09,Approved
PR-05041,EMP-00041,Marketing,SUP-00050,2026-03-13,2026-03-18,Approved
PR-05042,EMP-00045,IT,SUP-00003,2026-05-27,2026-06-10,Approved
PR-05043,EMP-00022,Marketing,SUP-00022,2026-01-24,2026-01-27,Approved
PR-05044,EMP-00022,Marketing,SUP-00030,2026-04-11,2026-04-16,Approved
PR-05045,EMP-00055,Procurement,SUP-00006,2026-05-09,2026-05-12,Approved
PR-05046,EMP-00015,Operations,SUP-00045,2026-03-23,2026-03-26,Approved
PR-05047,EMP-00077,Operations,SUP-00022,2026-03-30,2026-04-01,Approved
PR-05048,EMP-00052,Finance,SUP-00025,2026-02-18,2026-03-05,Rejected
PR-05049,EMP-00079,Operations,SUP-00002,2026-04-03,2026-04-11,Approved
PR-05050,EMP-00094,HR,SUP-00024,2026-01-24,2026-02-07,Approved
PR-05051,EMP-00051,Procurement,SUP-00015,2026-05-19,2026-05-24,Approved
PR-05052,EMP-00026,Operations,SUP-00007,2026-04-09,2026-04-24,Approved
PR-05053,EMP-00020,Marketing,SUP-00029,2026-04-03,2026-04-07,Approved
PR-05054,EMP-00086,HR,SUP-00016,2026-04-30,2026-05-03,Approved
PR-05055,EMP-00100,Engineering,SUP-00041,2026-05-22,2026-05-24,Approved
PR-05056,EMP-00092,Engineering,SUP-00012,2026-05-12,2026-05-17,Approved
PR-05057,EMP-00030,Sales,SUP-00027,2026-05-08,2026-05-11,Approved
PR-05058,EMP-00100,Engineering,SUP-00041,2026-03-07,2026-03-22,Approved
PR-05059,EMP-00081,IT,SUP-00004,2026-01-26,2026-01-30,Rejected
PR-05060,EMP-00068,Marketing,SUP-00050,2026-05-15,2026-05-18,Approved
PR-05061,EMP-00030,Sales,SUP-00017,2026-05-17,2026-05-26,Approved
PR-05062,EMP-00089,Operations,SUP-00029,2026-01-20,2026-01-21,Approved
PR-05063,EMP-00072,Procurement,SUP-00001,2026-04-17,2026-04-30,Approved
PR-05064,EMP-00051,Procurement,SUP-00049,2026-03-17,2026-03-19,Approved
PR-05065,EMP-00064,IT,SUP-00002,2026-02-21,2026-02-24,Approved
PR-05066,EMP-00052,Finance,SUP-00018,2026-01-19,2026-01-27,Approved
PR-05067,EMP-00063,Finance,SUP-00031,2026-05-01,2026-05-03,Approved
PR-05068,EMP-00057,HR,SUP-00012,2026-02-09,2026-02-10,Approved
PR-05069,EMP-00081,IT,SUP-00027,2026-04-28,2026-04-29,Approved
PR-05070,EMP-00039,Operations,SUP-00019,2026-01-07,2026-01-19,Approved
PR-05071,EMP-00056,Finance,SUP-00018,2026-04-19,2026-04-23,Approved
PR-05072,EMP-00012,Finance,SUP-00048,2026-02-20,2026-02-21,Approved
PR-05073,EMP-00031,Procurement,SUP-00023,2026-04-02,2026-04-06,Approved
PR-05074,EMP-00069,Finance,SUP-00048,2026-02-10,2026-02-20,Approved
PR-05075,EMP-00072,Procurement,SUP-00042,2026-01-13,2026-01-28,Approved
PR-05076,EMP-00031,Procurement,SUP-00039,2026-04-11,2026-04-14,Approved
PR-05077,EMP-00067,Sales,SUP-00018,2026-01-12,2026-01-21,Approved
PR-05078,EMP-00060,Operations,SUP-00025,2026-03-01,2026-03-04,Approved
PR-05079,EMP-00080,Marketing,SUP-00048,2026-01-12,2026-01-14,Approved
PR-05080,EMP-00071,Procurement,SUP-00030,2026-05-24,2026-05-29,Approved
PR-05081,EMP-00061,Operations,SUP-00004,2026-05-04,2026-05-08,Approved
PR-05082,EMP-00032,Procurement,SUP-00023,2026-02-09,2026-02-14,Approved
PR-05083,EMP-00065,Marketing,SUP-00033,2026-01-07,2026-01-11,Approved
PR-05084,EMP-00080,Marketing,SUP-00023,2026-02-02,2026-02-03,Rejected
PR-05085,EMP-00028,Marketing,SUP-00050,2026-05-11,2026-05-18,Approved
PR-05086,EMP-00016,Marketing,SUP-00003,2026-02-24,2026-02-26,Approved
PR-05087,EMP-00060,Operations,SUP-00045,2026-03-15,2026-03-26,Approved
PR-05088,EMP-00019,IT,SUP-00011,2026-05-01,2026-05-07,Approved
PR-05089,EMP-00070,Sales,SUP-00050,2026-04-02,2026-04-14,Approved
PR-05090,EMP-00021,IT,SUP-00009,2026-03-26,2026-03-29,Approved
PR-05091,EMP-00092,Engineering,SUP-00024,2026-04-14,2026-04-16,Approved
PR-05092,EMP-00056,Finance,SUP-00032,2026-03-16,2026-03-18,Approved
PR-05093,EMP-00095,Marketing,SUP-00042,2026-02-19,2026-02-21,Approved
PR-05094,EMP-00052,Finance,SUP-00045,2026-05-17,2026-05-22,Approved
PR-05095,EMP-00021,IT,SUP-00012,2026-04-04,2026-04-05,Approved
PR-05096,EMP-00004,Engineering,SUP-00050,2026-05-04,2026-05-08,Approved
PR-05097,EMP-00001,Engineering,SUP-00043,2026-02-25,2026-02-28,Approved
PR-05098,EMP-00012,Finance,SUP-00037,2026-03-22,2026-04-06,Approved
PR-05099,EMP-00018,Engineering,SUP-00002,2026-05-05,2026-05-09,Approved
PR-05100,EMP-00012,Finance,SUP-00042,2026-01-03,2026-01-08,Approved
PR-05101,EMP-00034,IT,SUP-00015,2026-01-11,2026-01-14,Approved
PR-05102,EMP-00029,IT,SUP-00001,2026-03-02,2026-03-04,Approved
PR-05103,EMP-00024,HR,SUP-00040,2026-03-19,2026-03-25,Approved
PR-05104,EMP-00001,Engineering,SUP-00032,2026-04-29,2026-05-13,Approved
PR-05105,EMP-00073,HR,SUP-00040,2026-04-28,2026-04-29,Rejected
PR-05106,EMP-00076,HR,SUP-00033,2026-05-28,2026-06-02,Approved
PR-05107,EMP-00015,Operations,SUP-00038,2026-02-21,2026-02-24,Approved
PR-05108,EMP-00064,IT,SUP-00045,2026-05-19,2026-05-22,Approved
PR-05109,EMP-00076,HR,SUP-00009,2026-05-08,2026-05-19,Approved
PR-05110,EMP-00014,Marketing,SUP-00046,2026-01-27,2026-02-08,Approved
PR-05111,EMP-00069,Finance,SUP-00031,2026-04-19,2026-04-24,Approved
PR-05112,EMP-00068,Marketing,SUP-00010,2026-04-16,2026-04-17,Approved
PR-05113,EMP-00003,Engineering,SUP-00042,2026-04-23,2026-04-26,Approved
PR-05114,EMP-00085,Sales,SUP-00023,2026-02-10,2026-02-13,Approved
PR-05115,EMP-00052,Finance,SUP-00027,2026-05-24,2026-05-29,Approved
PR-05116,EMP-00006,HR,SUP-00030,2026-04-14,2026-04-15,Approved
PR-05117,EMP-00040,Sales,SUP-00018,2026-04-05,2026-04-06,Approved
PR-05118,EMP-00018,Engineering,SUP-00020,2026-04-27,2026-04-30,Approved
PR-05119,EMP-00050,Procurement,SUP-00012,2026-01-06,2026-01-14,Approved
PR-05120,EMP-00013,Procurement,SUP-00027,2026-03-11,2026-03-14,Approved
PR-05121,EMP-00023,IT,SUP-00021,2026-04-24,2026-04-26,Approved
PR-05122,EMP-00013,Procurement,SUP-00017,2026-01-14,2026-01-17,Rejected
PR-05123,EMP-00009,Finance,SUP-00011,2026-02-10,2026-02-20,Approved
PR-05124,EMP-00032,Procurement,SUP-00026,2026-03-20,2026-03-25,Rejected
PR-05125,EMP-00064,IT,SUP-00048,2026-05-28,2026-06-02,Approved
PR-05126,EMP-00019,IT,SUP-00025,2026-02-19,2026-02-23,Approved
PR-05127,EMP-00077,Operations,SUP-00014,2026-05-11,2026-05-24,Rejected
PR-05128,EMP-00034,IT,SUP-00023,2026-01-18,2026-01-23,Approved
PR-05129,EMP-00040,Sales,SUP-00010,2026-04-21,2026-04-24,Approved
PR-05130,EMP-00095,Marketing,SUP-00044,2026-01-01,2026-01-02,Approved
PR-05131,EMP-00081,IT,SUP-00035,2026-02-10,2026-02-12,Approved
PR-05132,EMP-00034,IT,SUP-00020,2026-04-15,2026-04-19,Approved
PR-05133,EMP-00078,HR,SUP-00023,2026-04-23,2026-05-02,Approved
PR-05134,EMP-00004,Engineering,SUP-00028,2026-04-23,2026-04-25,Approved
PR-05135,EMP-00099,Sales,SUP-00024,2026-02-15,2026-02-19,Approved
PR-05136,EMP-00098,Sales,SUP-00047,2026-02-23,2026-02-26,Approved
PR-05137,EMP-00093,IT,SUP-00026,2026-02-04,2026-02-05,Approved
PR-05138,EMP-00081,IT,SUP-00049,2026-04-12,2026-04-15,Approved
PR-05139,EMP-00007,Engineering,SUP-00025,2026-03-11,2026-03-13,Approved
PR-05140,EMP-00046,Operations,SUP-00005,2026-05-12,2026-05-13,Approved
PR-05141,EMP-00090,Engineering,SUP-00046,2026-03-23,2026-03-25,Approved
PR-05142,EMP-00023,IT,SUP-00002,2026-03-07,2026-03-12,Approved
PR-05143,EMP-00072,Procurement,SUP-00001,2026-01-15,2026-01-19,Rejected
PR-05144,EMP-00058,IT,SUP-00032,2026-01-02,2026-01-15,Approved
PR-05145,EMP-00067,Sales,SUP-00017,2026-04-16,2026-04-19,Approved
PR-05146,EMP-00071,Procurement,SUP-00033,2026-01-19,2026-01-21,Approved
PR-05147,EMP-00031,Procurement,SUP-00023,2026-05-13,2026-05-14,Approved
PR-05148,EMP-00063,Finance,SUP-00039,2026-05-23,2026-05-28,Approved
PR-05149,EMP-00025,Marketing,SUP-00014,2026-04-15,2026-04-16,Rejected
PR-05150,EMP-00095,Marketing,SUP-00006,2026-04-04,2026-04-06,Approved
PR-05151,EMP-00043,Finance,SUP-00037,2026-05-17,2026-05-19,Approved
PR-05152,EMP-00049,IT,SUP-00035,2026-02-14,2026-02-22,Approved
PR-05153,EMP-00006,HR,SUP-00007,2026-01-07,2026-01-08,Approved
PR-05154,EMP-00090,Engineering,SUP-00040,2026-01-23,2026-01-28,Approved
PR-05155,EMP-00004,Engineering,SUP-00028,2026-05-02,2026-05-05,Approved
PR-05156,EMP-00051,Procurement,SUP-00029,2026-04-27,2026-04-30,Approved
PR-05157,EMP-00003,Engineering,SUP-00034,2026-05-07,2026-05-09,Approved
PR-05158,EMP-00065,Marketing,SUP-00024,2026-03-12,2026-03-16,Approved
PR-05159,EMP-00085,Sales,SUP-00017,2026-03-27,2026-03-28,Approved
PR-05160,EMP-00078,HR,SUP-00019,2026-01-11,2026-01-14,Approved
PR-05161,EMP-00015,Operations,SUP-00031,2026-02-12,2026-02-15,Approved
PR-05162,EMP-00067,Sales,SUP-00017,2026-03-05,2026-03-15,Approved
PR-05163,EMP-00083,Engineering,SUP-00027,2026-02-04,2026-02-09,Approved
PR-05164,EMP-00088,Operations,SUP-00044,2026-05-14,2026-05-24,Approved
PR-05165,EMP-00094,HR,SUP-00005,2026-05-11,2026-05-16,Approved
PR-05166,EMP-00006,HR,SUP-00043,2026-03-29,2026-04-13,Approved
PR-05167,EMP-00084,Sales,SUP-00009,2026-03-28,2026-04-04,Approved
PR-05168,EMP-00004,Engineering,SUP-00033,2026-01-10,2026-01-13,Approved
PR-05169,EMP-00003,Engineering,SUP-00016,2026-05-26,2026-05-28,Approved
PR-05170,EMP-00055,Procurement,SUP-00047,2026-04-21,2026-04-25,Approved
PR-05171,EMP-00065,Marketing,SUP-00002,2026-05-25,2026-05-28,Approved
PR-05172,EMP-00046,Operations,SUP-00044,2026-05-11,2026-05-22,Approved
PR-05173,EMP-00001,Engineering,SUP-00045,2026-04-10,2026-04-11,Approved
PR-05174,EMP-00092,Engineering,SUP-00039,2026-04-21,2026-04-25,Approved
PR-05175,EMP-00028,Marketing,SUP-00029,2026-04-18,2026-04-27,Approved
PR-05176,EMP-00092,Engineering,SUP-00032,2026-05-28,2026-05-31,Approved
PR-05177,EMP-00083,Engineering,SUP-00021,2026-03-16,2026-03-17,Approved
PR-05178,EMP-00081,IT,SUP-00016,2026-05-25,2026-05-27,Approved
PR-05179,EMP-00086,HR,SUP-00023,2026-03-11,2026-03-16,Approved
PR-05180,EMP-00099,Sales,SUP-00037,2026-01-26,2026-01-31,Approved
PR-05181,EMP-00011,Sales,SUP-00016,2026-01-31,2026-02-01,Approved
PR-05182,EMP-00038,Marketing,SUP-00021,2026-01-10,2026-01-12,Approved
PR-05183,EMP-00052,Finance,SUP-00021,2026-05-12,2026-05-23,Approved
PR-05184,EMP-00065,Marketing,SUP-00027,2026-04-21,2026-04-25,Approved
PR-05185,EMP-00006,HR,SUP-00040,2026-02-06,2026-02-08,Approved
PR-05186,EMP-00084,Sales,SUP-00001,2026-01-22,2026-01-23,Approved
PR-05187,EMP-00024,HR,SUP-00018,2026-03-28,2026-04-12,Rejected
PR-05188,EMP-00088,Operations,SUP-00042,2026-02-04,2026-02-05,Approved
PR-05189,EMP-00029,IT,SUP-00023,2026-04-18,2026-04-23,Approved
PR-05190,EMP-00065,Marketing,SUP-00020,2026-03-10,2026-03-12,Approved
PR-05191,EMP-00079,Operations,SUP-00009,2026-03-05,2026-03-07,Approved
PR-05192,EMP-00048,Operations,SUP-00026,2026-05-16,2026-05-25,Approved
PR-05193,EMP-00005,HR,SUP-00025,2026-05-05,2026-05-08,Approved
PR-05194,EMP-00057,HR,SUP-00039,2026-01-25,2026-01-26,Approved
PR-05195,EMP-00004,Engineering,SUP-00007,2026-04-30,2026-05-03,Approved
PR-05196,EMP-00026,Operations,SUP-00031,2026-05-02,2026-05-05,Approved
PR-05197,EMP-00036,Engineering,SUP-00027,2026-02-04,2026-02-06,Approved
PR-05198,EMP-00045,IT,SUP-00012,2026-04-03,2026-04-05,Approved
PR-05199,EMP-00073,HR,SUP-00030,2026-03-28,2026-03-31,Approved
PR-05200,EMP-00049,IT,SUP-00018,2026-01-24,2026-01-27,Approved
PR-05201,EMP-00076,HR,SUP-00026,2026-02-18,2026-02-20,Approved
PR-05202,EMP-00049,IT,SUP-00037,2026-02-15,2026-02-18,Approved
PR-05203,EMP-00035,Marketing,SUP-00011,2026-04-05,2026-04-19,Approved
PR-05204,EMP-00083,Engineering,SUP-00030,2026-04-09,2026-04-21,Approved
PR-05205,EMP-00030,Sales,SUP-00015,2026-01-14,2026-01-17,Approved
PR-05206,EMP-00094,HR,SUP-00015,2026-03-16,2026-03-20,Approved
PR-05207,EMP-00035,Marketing,SUP-00015,2026-02-25,2026-02-28,Approved
PR-05208,EMP-00065,Marketing,SUP-00018,2026-03-25,2026-03-28,Approved
PR-05209,EMP-00043,Finance,SUP-00042,2026-02-14,2026-02-15,Approved
PR-05210,EMP-00021,IT,SUP-00017,2026-05-07,2026-05-09,Approved
PR-05211,EMP-00086,HR,SUP-00012,2026-04-01,2026-04-06,Approved
PR-05212,EMP-00075,Marketing,SUP-00032,2026-05-22,2026-05-25,Approved
PR-05213,EMP-00023,IT,SUP-00021,2026-01-06,2026-01-07,Approved
PR-05214,EMP-00067,Sales,SUP-00019,2026-01-15,2026-01-17,Approved
PR-05215,EMP-00083,Engineering,SUP-00011,2026-01-28,2026-01-30,Approved
PR-05216,EMP-00064,IT,SUP-00021,2026-01-04,2026-01-07,Approved
PR-05217,EMP-00037,IT,SUP-00027,2026-05-12,2026-05-16,Approved
PR-05218,EMP-00025,Marketing,SUP-00038,2026-05-31,2026-06-07,Approved
PR-05219,EMP-00059,Marketing,SUP-00004,2026-01-12,2026-01-14,Approved
PR-05220,EMP-00035,Marketing,SUP-00028,2026-01-17,2026-01-19,Approved
PR-05221,EMP-00062,HR,SUP-00018,2026-03-01,2026-03-08,Approved
PR-05222,EMP-00060,Operations,SUP-00034,2026-02-24,2026-02-26,Approved
PR-05223,EMP-00079,Operations,SUP-00047,2026-01-18,2026-01-31,Approved
PR-05224,EMP-00021,IT,SUP-00038,2026-01-01,2026-01-04,Approved
PR-05225,EMP-00046,Operations,SUP-00029,2026-04-16,2026-04-17,Rejected
PR-05226,EMP-00042,Marketing,SUP-00034,2026-04-16,2026-05-01,Approved
PR-05227,EMP-00029,IT,SUP-00019,2026-04-28,2026-04-29,Approved
PR-05228,EMP-00069,Finance,SUP-00006,2026-01-13,2026-01-14,Approved
PR-05229,EMP-00044,IT,SUP-00028,2026-04-03,2026-04-12,Approved
PR-05230,EMP-00010,Operations,SUP-00019,2026-01-03,2026-01-05,Approved
PR-05231,EMP-00026,Operations,SUP-00039,2026-05-14,2026-05-26,Approved
PR-05232,EMP-00083,Engineering,SUP-00005,2026-04-17,2026-04-21,Approved
PR-05233,EMP-00091,Operations,SUP-00038,2026-04-14,2026-04-17,Approved
PR-05234,EMP-00067,Sales,SUP-00044,2026-03-27,2026-03-29,Approved
PR-05235,EMP-00001,Engineering,SUP-00028,2026-01-17,2026-01-22,Approved
PR-05236,EMP-00017,Sales,SUP-00017,2026-01-16,2026-01-20,Approved
PR-05237,EMP-00065,Marketing,SUP-00003,2026-04-02,2026-04-03,Approved
PR-05238,EMP-00015,Operations,SUP-00041,2026-03-18,2026-03-21,Approved
PR-05239,EMP-00042,Marketing,SUP-00017,2026-05-02,2026-05-04,Approved
PR-05240,EMP-00059,Marketing,SUP-00039,2026-03-23,2026-03-28,Approved
PR-05241,EMP-00038,Marketing,SUP-00036,2026-04-03,2026-04-14,Approved
PR-05242,EMP-00036,Engineering,SUP-00018,2026-02-16,2026-02-21,Approved
PR-05243,EMP-00047,IT,SUP-00038,2026-03-25,2026-03-30,Approved
PR-05244,EMP-00027,Operations,SUP-00021,2026-02-25,2026-02-28,Approved
PR-05245,EMP-00063,Finance,SUP-00017,2026-03-09,2026-03-11,Approved
PR-05246,EMP-00025,Marketing,SUP-00044,2026-01-20,2026-01-22,Approved
PR-05247,EMP-00059,Marketing,SUP-00026,2026-05-15,2026-05-28,Approved
PR-05248,EMP-00010,Operations,SUP-00020,2026-04-16,2026-04-24,Approved
PR-05249,EMP-00066,Finance,SUP-00009,2026-02-09,2026-02-10,Approved
PR-05250,EMP-00091,Operations,SUP-00044,2026-01-07,2026-01-09,Approved
PR-05251,EMP-00028,Marketing,SUP-00030,2026-02-27,2026-03-03,Approved
PR-05252,EMP-00059,Marketing,SUP-00030,2026-04-06,2026-04-13,Approved
PR-05253,EMP-00005,HR,SUP-00049,2026-04-16,2026-05-01,Approved
PR-05254,EMP-00056,Finance,SUP-00024,2026-03-24,2026-03-25,Approved
PR-05255,EMP-00065,Marketing,SUP-00018,2026-02-01,2026-02-14,Approved
PR-05256,EMP-00071,Procurement,SUP-00001,2026-03-22,2026-03-25,Approved
PR-05257,EMP-00096,HR,SUP-00008,2026-01-04,2026-01-06,Approved
PR-05258,EMP-00031,Procurement,SUP-00033,2026-05-05,2026-05-09,Approved
PR-05259,EMP-00046,Operations,SUP-00009,2026-04-25,2026-04-30,Approved
PR-05260,EMP-00068,Marketing,SUP-00019,2026-04-10,2026-04-12,Approved
PR-05261,EMP-00092,Engineering,SUP-00032,2026-02-28,2026-03-01,Approved
PR-05262,EMP-00039,Operations,SUP-00004,2026-05-09,2026-05-14,Approved
PR-05263,EMP-00032,Procurement,SUP-00049,2026-02-22,2026-02-26,Approved
PR-05264,EMP-00090,Engineering,SUP-00002,2026-01-30,2026-02-02,Approved
PR-05265,EMP-00052,Finance,SUP-00008,2026-04-17,2026-04-26,Approved
PR-05266,EMP-00032,Procurement,SUP-00036,2026-03-11,2026-03-16,Approved
PR-05267,EMP-00013,Procurement,SUP-00033,2026-05-29,2026-05-30,Approved
PR-05268,EMP-00085,Sales,SUP-00023,2026-04-10,2026-04-15,Approved
PR-05269,EMP-00019,IT,SUP-00009,2026-05-15,2026-05-25,Approved
PR-05270,EMP-00032,Procurement,SUP-00031,2026-04-26,2026-04-29,Approved
PR-05271,EMP-00051,Procurement,SUP-00026,2026-03-09,2026-03-12,Approved
PR-05272,EMP-00020,Marketing,SUP-00021,2026-02-16,2026-02-20,Approved
PR-05273,EMP-00017,Sales,SUP-00041,2026-02-10,2026-02-15,Approved
PR-05274,EMP-00072,Procurement,SUP-00047,2026-04-09,2026-04-12,Approved
PR-05275,EMP-00037,IT,SUP-00040,2026-05-07,2026-05-10,Approved
PR-05276,EMP-00013,Procurement,SUP-00032,2026-01-08,2026-01-09,Approved
PR-05277,EMP-00083,Engineering,SUP-00035,2026-04-23,2026-04-30,Approved
PR-05278,EMP-00002,Marketing,SUP-00008,2026-05-27,2026-05-28,Approved
PR-05279,EMP-00039,Operations,SUP-00042,2026-01-27,2026-01-28,Approved
PR-05280,EMP-00065,Marketing,SUP-00044,2026-03-28,2026-03-29,Approved
PR-05281,EMP-00066,Finance,SUP-00021,2026-03-22,2026-03-24,Approved
PR-05282,EMP-00032,Procurement,SUP-00017,2026-04-14,2026-04-23,Approved
PR-05283,EMP-00009,Finance,SUP-00017,2026-05-10,2026-05-14,Approved
PR-05284,EMP-00093,IT,SUP-00044,2026-03-05,2026-03-10,Approved
PR-05285,EMP-00037,IT,SUP-00033,2026-04-22,2026-04-24,Approved
PR-05286,EMP-00038,Marketing,SUP-00009,2026-05-09,2026-05-11,Approved
PR-05287,EMP-00019,IT,SUP-00024,2026-01-12,2026-01-14,Approved
PR-05288,EMP-00025,Marketing,SUP-00013,2026-01-21,2026-01-22,Approved
PR-05289,EMP-00002,Marketing,SUP-00049,2026-04-14,2026-04-23,Approved
PR-05290,EMP-00046,Operations,SUP-00028,2026-01-05,2026-01-11,Approved
PR-05291,EMP-00091,Operations,SUP-00001,2026-01-31,2026-02-04,Approved
PR-05292,EMP-00047,IT,SUP-00035,2026-02-12,2026-02-14,Approved
PR-05293,EMP-00082,Sales,SUP-00024,2026-01-09,2026-01-12,Approved
PR-05294,EMP-00096,HR,SUP-00044,2026-05-21,2026-05-26,Approved
PR-05295,EMP-00044,IT,SUP-00049,2026-02-06,2026-02-11,Approved
PR-05296,EMP-00091,Operations,SUP-00042,2026-03-31,2026-04-01,Approved
PR-05297,EMP-00044,IT,SUP-00026,2026-01-17,2026-01-22,Approved
PR-05298,EMP-00030,Sales,SUP-00049,2026-01-08,2026-01-23,Approved
PR-05299,EMP-00048,Operations,SUP-00026,2026-01-29,2026-02-03,Approved
PR-05300,EMP-00007,Engineering,SUP-00038,2026-03-03,2026-03-04,Approved
PR-05301,EMP-00081,IT,SUP-00050,2026-05-16,2026-05-24,Approved
PR-05302,EMP-00045,IT,SUP-00012,2026-04-19,2026-04-20,Approved
PR-05303,EMP-00089,Operations,SUP-00018,2026-03-28,2026-04-01,Approved
PR-05304,EMP-00074,Engineering,SUP-00044,2026-05-25,2026-05-27,Approved
PR-05305,EMP-00014,Marketing,SUP-00039,2026-01-26,2026-02-08,Approved
PR-05306,EMP-00097,Sales,SUP-00009,2026-04-01,2026-04-02,Approved
PR-05307,EMP-00057,HR,SUP-00047,2026-01-07,2026-01-12,Approved
PR-05308,EMP-00020,Marketing,SUP-00014,2026-05-05,2026-05-08,Approved
PR-05309,EMP-00016,Marketing,SUP-00009,2026-02-09,2026-02-10,Approved
PR-05310,EMP-00090,Engineering,SUP-00037,2026-03-19,2026-03-21,Approved
PR-05311,EMP-00057,HR,SUP-00015,2026-04-20,2026-04-21,Approved
PR-05312,EMP-00090,Engineering,SUP-00016,2026-01-23,2026-01-25,Approved
PR-05313,EMP-00012,Finance,SUP-00026,2026-01-12,2026-01-13,Approved
PR-05314,EMP-00099,Sales,SUP-00010,2026-02-03,2026-02-07,Approved
PR-05315,EMP-00050,Procurement,SUP-00004,2026-03-21,2026-03-24,Approved
PR-05316,EMP-00086,HR,SUP-00005,2026-02-27,2026-03-04,Approved
PR-05317,EMP-00024,HR,SUP-00045,2026-02-12,2026-02-19,Approved
PR-05318,EMP-00052,Finance,SUP-00049,2026-03-02,2026-03-03,Approved
PR-05319,EMP-00052,Finance,SUP-00039,2026-04-15,2026-04-27,Approved
PR-05320,EMP-00061,Operations,SUP-00040,2026-03-08,2026-03-19,Approved
PR-05321,EMP-00084,Sales,SUP-00041,2026-05-07,2026-05-09,Approved
PR-05322,EMP-00028,Marketing,SUP-00019,2026-01-29,2026-01-31,Approved
PR-05323,EMP-00065,Marketing,SUP-00050,2026-01-19,2026-01-30,Rejected
PR-05324,EMP-00056,Finance,SUP-00043,2026-02-27,2026-03-14,Approved
PR-05325,EMP-00065,Marketing,SUP-00025,2026-02-16,2026-02-19,Approved
PR-05326,EMP-00045,IT,SUP-00048,2026-04-15,2026-04-17,Approved
PR-05327,EMP-00091,Operations,SUP-00031,2026-02-26,2026-02-27,Approved
PR-05328,EMP-00099,Sales,SUP-00048,2026-02-14,2026-02-19,Approved
PR-05329,EMP-00091,Operations,SUP-00048,2026-05-06,2026-05-08,Approved
PR-05330,EMP-00008,HR,SUP-00016,2026-01-31,2026-02-02,Approved
PR-05331,EMP-00058,IT,SUP-00022,2026-01-25,2026-01-27,Approved
PR-05332,EMP-00083,Engineering,SUP-00005,2026-04-25,2026-04-26,Approved
PR-05333,EMP-00085,Sales,SUP-00025,2026-02-17,2026-02-20,Approved
PR-05334,EMP-00056,Finance,SUP-00006,2026-04-17,2026-04-23,Approved
PR-05335,EMP-00025,Marketing,SUP-00013,2026-02-26,2026-03-01,Approved
PR-05336,EMP-00047,IT,SUP-00022,2026-02-04,2026-02-09,Approved
PR-05337,EMP-00089,Operations,SUP-00044,2026-03-25,2026-03-28,Approved
PR-05338,EMP-00025,Marketing,SUP-00010,2026-03-14,2026-03-15,Approved
PR-05339,EMP-00066,Finance,SUP-00043,2026-02-13,2026-02-14,Approved
PR-05340,EMP-00022,Marketing,SUP-00020,2026-03-29,2026-03-31,Approved
PR-05341,EMP-00080,Marketing,SUP-00017,2026-02-23,2026-02-26,Approved
PR-05342,EMP-00014,Marketing,SUP-00029,2026-05-28,2026-05-31,Approved
PR-05343,EMP-00016,Marketing,SUP-00002,2026-03-28,2026-04-05,Approved
PR-05344,EMP-00047,IT,SUP-00044,2026-05-15,2026-05-16,Approved
PR-05345,EMP-00044,IT,SUP-00023,2026-02-22,2026-03-07,Approved
PR-05346,EMP-00094,HR,SUP-00023,2026-05-16,2026-05-18,Approved
PR-05347,EMP-00004,Engineering,SUP-00017,2026-02-09,2026-02-11,Approved
PR-05348,EMP-00082,Sales,SUP-00049,2026-03-27,2026-03-30,Approved
PR-05349,EMP-00094,HR,SUP-00041,2026-05-18,2026-05-22,Approved
PR-05350,EMP-00059,Marketing,SUP-00042,2026-03-10,2026-03-13,Approved
PR-05351,EMP-00029,IT,SUP-00037,2026-02-10,2026-02-18,Approved
PR-05352,EMP-00052,Finance,SUP-00021,2026-03-26,2026-03-30,Approved
PR-05353,EMP-00047,IT,SUP-00007,2026-01-09,2026-01-10,Approved
PR-05354,EMP-00064,IT,SUP-00030,2026-05-04,2026-05-09,Approved
PR-05355,EMP-00026,Operations,SUP-00004,2026-05-22,2026-05-25,Approved
PR-05356,EMP-00092,Engineering,SUP-00035,2026-05-12,2026-05-13,Approved
PR-05357,EMP-00020,Marketing,SUP-00006,2026-03-05,2026-03-07,Approved
PR-05358,EMP-00055,Procurement,SUP-00034,2026-02-19,2026-02-20,Approved
PR-05359,EMP-00063,Finance,SUP-00028,2026-04-03,2026-04-05,Approved
PR-05360,EMP-00083,Engineering,SUP-00022,2026-04-07,2026-04-08,Approved
PR-05361,EMP-00007,Engineering,SUP-00003,2026-01-16,2026-01-18,Approved
PR-05362,EMP-00015,Operations,SUP-00019,2026-03-21,2026-04-02,Approved
PR-05363,EMP-00033,IT,SUP-00006,2026-01-27,2026-01-30,Approved
PR-05364,EMP-00013,Procurement,SUP-00044,2026-03-28,2026-03-29,Approved
PR-05365,EMP-00092,Engineering,SUP-00032,2026-03-24,2026-03-29,Approved
PR-05366,EMP-00029,IT,SUP-00039,2026-01-10,2026-01-19,Approved
PR-05367,EMP-00098,Sales,SUP-00040,2026-05-16,2026-05-18,Approved
PR-05368,EMP-00060,Operations,SUP-00007,2026-04-11,2026-04-13,Rejected
PR-05369,EMP-00033,IT,SUP-00022,2026-02-20,2026-02-25,Approved
PR-05370,EMP-00004,Engineering,SUP-00007,2026-02-19,2026-02-22,Approved
PR-05371,EMP-00018,Engineering,SUP-00016,2026-02-15,2026-02-17,Rejected
PR-05372,EMP-00091,Operations,SUP-00048,2026-05-07,2026-05-12,Approved
PR-05373,EMP-00033,IT,SUP-00038,2026-01-17,2026-01-18,Approved
PR-05374,EMP-00086,HR,SUP-00039,2026-02-09,2026-02-12,Approved
PR-05375,EMP-00011,Sales,SUP-00032,2026-03-25,2026-03-26,Approved
PR-05376,EMP-00061,Operations,SUP-00032,2026-05-21,2026-05-24,Approved
PR-05377,EMP-00042,Marketing,SUP-00038,2026-03-21,2026-03-26,Approved
PR-05378,EMP-00012,Finance,SUP-00008,2026-03-11,2026-03-13,Approved
PR-05379,EMP-00066,Finance,SUP-00046,2026-04-03,2026-04-06,Approved
PR-05380,EMP-00004,Engineering,SUP-00010,2026-04-03,2026-04-18,Approved
PR-05381,EMP-00033,IT,SUP-00038,2026-05-29,2026-05-31,Approved
PR-05382,EMP-00042,Marketing,SUP-00049,2026-02-28,2026-03-13,Approved
PR-05383,EMP-00023,IT,SUP-00041,2026-01-29,2026-02-02,Approved
PR-05384,EMP-00065,Marketing,SUP-00012,2026-03-21,2026-03-24,Rejected
PR-05385,EMP-00005,HR,SUP-00010,2026-03-25,2026-03-26,Approved
PR-05386,EMP-00002,Marketing,SUP-00015,2026-01-14,2026-01-17,Approved
PR-05387,EMP-00043,Finance,SUP-00029,2026-04-13,2026-04-15,Approved
PR-05388,EMP-00078,HR,SUP-00020,2026-02-18,2026-02-19,Approved
PR-05389,EMP-00031,Procurement,SUP-00042,2026-03-23,2026-03-26,Approved
PR-05390,EMP-00075,Marketing,SUP-00049,2026-01-08,2026-01-19,Approved
PR-05391,EMP-00050,Procurement,SUP-00045,2026-04-16,2026-04-18,Rejected
PR-05392,EMP-00077,Operations,SUP-00040,2026-04-05,2026-04-09,Approved
PR-05393,EMP-00009,Finance,SUP-00035,2026-03-03,2026-03-07,Approved
PR-05394,EMP-00027,Operations,SUP-00029,2026-05-03,2026-05-04,Approved
PR-05395,EMP-00068,Marketing,SUP-00014,2026-03-17,2026-03-19,Approved
PR-05396,EMP-00028,Marketing,SUP-00030,2026-03-19,2026-03-20,Approved
PR-05397,EMP-00051,Procurement,SUP-00021,2026-02-02,2026-02-17,Approved
PR-05398,EMP-00059,Marketing,SUP-00007,2026-03-31,2026-04-04,Approved
PR-05399,EMP-00031,Procurement,SUP-00046,2026-04-13,2026-04-16,Rejected
PR-05400,EMP-00096,HR,SUP-00023,2026-01-30,2026-01-31,Approved
PR-05401,EMP-00081,IT,SUP-00014,2026-05-09,2026-05-12,Approved
PR-05402,EMP-00029,IT,SUP-00004,2026-04-24,2026-05-09,Approved
PR-05403,EMP-00087,IT,SUP-00028,2026-04-15,2026-04-20,Approved
PR-05404,EMP-00038,Marketing,SUP-00032,2026-05-02,2026-05-03,Approved
PR-05405,EMP-00004,Engineering,SUP-00034,2026-05-07,2026-05-09,Approved
PR-05406,EMP-00069,Finance,SUP-00038,2026-01-30,2026-01-31,Approved
PR-05407,EMP-00073,HR,SUP-00041,2026-04-27,2026-04-28,Approved
PR-05408,EMP-00037,IT,SUP-00024,2026-03-08,2026-03-11,Approved
PR-05409,EMP-00028,Marketing,SUP-00028,2026-03-16,2026-03-17,Approved
PR-05410,EMP-00038,Marketing,SUP-00026,2026-03-16,2026-03-17,Approved
PR-05411,EMP-00051,Procurement,SUP-00040,2026-03-19,2026-03-22,Approved
PR-05412,EMP-00026,Operations,SUP-00005,2026-04-12,2026-04-18,Approved
PR-05413,EMP-00044,IT,SUP-00042,2026-04-19,2026-04-21,Approved
PR-05414,EMP-00020,Marketing,SUP-00030,2026-04-13,2026-04-23,Approved
PR-05415,EMP-00072,Procurement,SUP-00028,2026-02-08,2026-02-11,Approved
PR-05416,EMP-00008,HR,SUP-00026,2026-03-15,2026-03-17,Approved
PR-05417,EMP-00082,Sales,SUP-00050,2026-05-29,2026-05-31,Approved
PR-05418,EMP-00040,Sales,SUP-00013,2026-01-25,2026-02-03,Approved
PR-05419,EMP-00039,Operations,SUP-00010,2026-04-19,2026-04-22,Approved
PR-05420,EMP-00068,Marketing,SUP-00038,2026-05-04,2026-05-15,Approved
PR-05421,EMP-00098,Sales,SUP-00009,2026-01-14,2026-01-28,Approved
PR-05422,EMP-00015,Operations,SUP-00015,2026-03-13,2026-03-16,Approved
PR-05423,EMP-00079,Operations,SUP-00001,2026-04-06,2026-04-09,Approved
PR-05424,EMP-00064,IT,SUP-00011,2026-01-25,2026-01-29,Approved
PR-05425,EMP-00075,Marketing,SUP-00022,2026-05-04,2026-05-06,Approved
PR-05426,EMP-00067,Sales,SUP-00016,2026-01-30,2026-02-02,Approved
PR-05427,EMP-00088,Operations,SUP-00028,2026-01-05,2026-01-08,Approved
PR-05428,EMP-00073,HR,SUP-00038,2026-01-09,2026-01-18,Approved
PR-05429,EMP-00099,Sales,SUP-00032,2026-04-25,2026-04-27,Approved
PR-05430,EMP-00051,Procurement,SUP-00044,2026-02-14,2026-02-22,Approved
PR-05431,EMP-00042,Marketing,SUP-00012,2026-01-10,2026-01-14,Approved
PR-05432,EMP-00094,HR,SUP-00031,2026-05-11,2026-05-19,Approved
PR-05433,EMP-00068,Marketing,SUP-00009,2026-01-31,2026-02-07,Approved
PR-05434,EMP-00051,Procurement,SUP-00021,2026-02-23,2026-02-24,Approved
PR-05435,EMP-00003,Engineering,SUP-00041,2026-01-01,2026-01-03,Approved
PR-05436,EMP-00067,Sales,SUP-00049,2026-01-30,2026-01-31,Approved
PR-05437,EMP-00049,IT,SUP-00035,2026-02-18,2026-02-25,Approved
PR-05438,EMP-00002,Marketing,SUP-00021,2026-02-16,2026-02-17,Approved
PR-05439,EMP-00014,Marketing,SUP-00039,2026-04-23,2026-04-25,Approved
PR-05440,EMP-00072,Procurement,SUP-00042,2026-01-17,2026-01-20,Rejected
PR-05441,EMP-00048,Operations,SUP-00034,2026-05-26,2026-05-31,Approved
PR-05442,EMP-00034,IT,SUP-00022,2026-05-21,2026-06-01,Approved
PR-05443,EMP-00089,Operations,SUP-00046,2026-05-06,2026-05-10,Approved
PR-05444,EMP-00091,Operations,SUP-00036,2026-04-19,2026-04-23,Approved
PR-05445,EMP-00064,IT,SUP-00046,2026-01-27,2026-02-01,Approved
PR-05446,EMP-00016,Marketing,SUP-00014,2026-03-26,2026-04-09,Approved
PR-05447,EMP-00089,Operations,SUP-00005,2026-05-28,2026-06-02,Approved
PR-05448,EMP-00036,Engineering,SUP-00049,2026-02-24,2026-02-25,Approved
PR-05449,EMP-00075,Marketing,SUP-00028,2026-05-15,2026-05-17,Approved
PR-05450,EMP-00010,Operations,SUP-00045,2026-03-05,2026-03-06,Rejected
PR-05451,EMP-00084,Sales,SUP-00047,2026-05-03,2026-05-06,Approved
PR-05452,EMP-00057,HR,SUP-00038,2026-02-05,2026-02-07,Approved
PR-05453,EMP-00012,Finance,SUP-00022,2026-04-06,2026-04-07,Approved
PR-05454,EMP-00089,Operations,SUP-00004,2026-05-19,2026-05-28,Approved
PR-05455,EMP-00061,Operations,SUP-00024,2026-05-20,2026-05-21,Approved
PR-05456,EMP-00088,Operations,SUP-00012,2026-04-12,2026-04-15,Approved
PR-05457,EMP-00094,HR,SUP-00003,2026-01-04,2026-01-07,Approved
PR-05458,EMP-00006,HR,SUP-00013,2026-02-22,2026-02-24,Approved
PR-05459,EMP-00033,IT,SUP-00048,2026-05-23,2026-06-04,Rejected
PR-05460,EMP-00009,Finance,SUP-00026,2026-02-04,2026-02-09,Rejected
PR-05461,EMP-00025,Marketing,SUP-00018,2026-03-29,2026-04-02,Approved
PR-05462,EMP-00077,Operations,SUP-00018,2026-04-20,2026-04-22,Approved
PR-05463,EMP-00031,Procurement,SUP-00017,2026-04-08,2026-04-12,Approved
PR-05464,EMP-00058,IT,SUP-00010,2026-02-24,2026-02-27,Approved
PR-05465,EMP-00004,Engineering,SUP-00029,2026-01-27,2026-02-03,Approved
PR-05466,EMP-00090,Engineering,SUP-00013,2026-02-22,2026-02-25,Approved
PR-05467,EMP-00020,Marketing,SUP-00041,2026-05-07,2026-05-10,Approved
PR-05468,EMP-00023,IT,SUP-00049,2026-01-08,2026-01-22,Approved
PR-05469,EMP-00014,Marketing,SUP-00047,2026-03-15,2026-03-17,Approved
PR-05470,EMP-00002,Marketing,SUP-00030,2026-02-16,2026-02-20,Approved
PR-05471,EMP-00100,Engineering,SUP-00026,2026-05-03,2026-05-05,Approved
PR-05472,EMP-00032,Procurement,SUP-00010,2026-02-04,2026-02-09,Approved
PR-05473,EMP-00046,Operations,SUP-00037,2026-01-31,2026-02-01,Approved
PR-05474,EMP-00060,Operations,SUP-00020,2026-05-03,2026-05-06,Rejected
PR-05475,EMP-00089,Operations,SUP-00038,2026-01-03,2026-01-14,Approved
PR-05476,EMP-00012,Finance,SUP-00043,2026-03-13,2026-03-20,Approved
PR-05477,EMP-00052,Finance,SUP-00025,2026-04-25,2026-04-27,Approved
PR-05478,EMP-00024,HR,SUP-00046,2026-01-22,2026-01-25,Approved
PR-05479,EMP-00025,Marketing,SUP-00027,2026-01-13,2026-01-17,Approved
PR-05480,EMP-00100,Engineering,SUP-00045,2026-01-10,2026-01-11,Approved
PR-05481,EMP-00069,Finance,SUP-00028,2026-03-31,2026-04-05,Approved
PR-05482,EMP-00094,HR,SUP-00046,2026-03-07,2026-03-11,Approved
PR-05483,EMP-00087,IT,SUP-00027,2026-01-04,2026-01-05,Approved
PR-05484,EMP-00018,Engineering,SUP-00005,2026-03-06,2026-03-14,Approved
PR-05485,EMP-00086,HR,SUP-00045,2026-03-31,2026-04-01,Approved
PR-05486,EMP-00075,Marketing,SUP-00009,2026-03-14,2026-03-18,Approved
PR-05487,EMP-00002,Marketing,SUP-00023,2026-05-16,2026-05-20,Approved
PR-05488,EMP-00063,Finance,SUP-00038,2026-02-13,2026-02-14,Approved
PR-05489,EMP-00083,Engineering,SUP-00021,2026-01-16,2026-01-23,Approved
PR-05490,EMP-00039,Operations,SUP-00046,2026-01-28,2026-01-30,Approved
PR-05491,EMP-00032,Procurement,SUP-00001,2026-03-12,2026-03-27,Approved
PR-05492,EMP-00096,HR,SUP-00014,2026-01-11,2026-01-14,Approved
PR-05493,EMP-00013,Procurement,SUP-00004,2026-04-13,2026-04-14,Approved
PR-05494,EMP-00007,Engineering,SUP-00047,2026-03-16,2026-03-20,Approved
PR-05495,EMP-00096,HR,SUP-00015,2026-03-06,2026-03-09,Approved
PR-05496,EMP-00037,IT,SUP-00022,2026-01-23,2026-01-24,Approved
PR-05497,EMP-00065,Marketing,SUP-00037,2026-05-07,2026-05-22,Approved
PR-05498,EMP-00086,HR,SUP-00021,2026-05-28,2026-05-31,Rejected
PR-05499,EMP-00081,IT,SUP-00016,2026-01-02,2026-01-05,Approved
PR-05500,EMP-00068,Marketing,SUP-00020,2026-05-29,2026-06-08,Approved
PR-05501,EMP-00093,IT,SUP-00045,2026-03-04,2026-03-16,Approved
PR-05502,EMP-00006,HR,SUP-00045,2026-05-27,2026-06-05,Approved
PR-05503,EMP-00021,IT,SUP-00016,2026-03-31,2026-04-03,Approved
PR-05504,EMP-00059,Marketing,SUP-00025,2026-03-20,2026-03-24,Approved
PR-05505,EMP-00065,Marketing,SUP-00036,2026-01-15,2026-01-18,Approved
PR-05506,EMP-00038,Marketing,SUP-00044,2026-02-11,2026-02-14,Approved
PR-05507,EMP-00030,Sales,SUP-00010,2026-01-29,2026-02-13,Approved
PR-05508,EMP-00093,IT,SUP-00043,2026-04-18,2026-04-20,Approved
PR-05509,EMP-00053,Operations,SUP-00036,2026-02-24,2026-03-08,Approved
PR-05510,EMP-00098,Sales,SUP-00030,2026-03-13,2026-03-15,Approved
PR-05511,EMP-00020,Marketing,SUP-00033,2026-04-30,2026-05-07,Approved
PR-05512,EMP-00020,Marketing,SUP-00046,2026-03-14,2026-03-16,Approved
PR-05513,EMP-00054,HR,SUP-00028,2026-04-28,2026-04-30,Approved
PR-05514,EMP-00012,Finance,SUP-00009,2026-05-21,2026-05-28,Approved
PR-05515,EMP-00017,Sales,SUP-00026,2026-04-10,2026-04-13,Approved
PR-05516,EMP-00089,Operations,SUP-00037,2026-01-01,2026-01-03,Approved
PR-05517,EMP-00087,IT,SUP-00049,2026-02-11,2026-02-15,Approved
PR-05518,EMP-00082,Sales,SUP-00032,2026-05-02,2026-05-09,Approved
PR-05519,EMP-00061,Operations,SUP-00031,2026-02-10,2026-02-14,Approved
PR-05520,EMP-00005,HR,SUP-00028,2026-05-19,2026-05-21,Approved
PR-05521,EMP-00016,Marketing,SUP-00029,2026-05-19,2026-05-24,Approved
PR-05522,EMP-00096,HR,SUP-00004,2026-05-04,2026-05-07,Approved
PR-05523,EMP-00036,Engineering,SUP-00049,2026-04-30,2026-05-03,Approved
PR-05524,EMP-00080,Marketing,SUP-00019,2026-05-25,2026-05-30,Approved
PR-05525,EMP-00037,IT,SUP-00029,2026-01-06,2026-01-09,Approved
PR-05526,EMP-00043,Finance,SUP-00021,2026-01-26,2026-01-31,Approved
PR-05527,EMP-00060,Operations,SUP-00041,2026-05-03,2026-05-06,Approved
PR-05528,EMP-00021,IT,SUP-00011,2026-05-15,2026-05-20,Approved
PR-05529,EMP-00025,Marketing,SUP-00036,2026-02-23,2026-02-25,Approved
PR-05530,EMP-00040,Sales,SUP-00019,2026-03-13,2026-03-16,Approved
PR-05531,EMP-00090,Engineering,SUP-00016,2026-01-31,2026-02-02,Approved
PR-05532,EMP-00068,Marketing,SUP-00010,2026-01-28,2026-01-30,Approved
PR-05533,EMP-00085,Sales,SUP-00025,2026-03-31,2026-04-01,Approved
PR-05534,EMP-00023,IT,SUP-00028,2026-04-05,2026-04-13,Approved
PR-05535,EMP-00031,Procurement,SUP-00032,2026-02-25,2026-02-28,Approved
PR-05536,EMP-00061,Operations,SUP-00026,2026-04-02,2026-04-06,Approved
PR-05537,EMP-00007,Engineering,SUP-00022,2026-05-03,2026-05-15,Approved
PR-05538,EMP-00059,Marketing,SUP-00001,2026-01-03,2026-01-05,Approved
PR-05539,EMP-00003,Engineering,SUP-00035,2026-04-27,2026-04-30,Approved
PR-05540,EMP-00022,Marketing,SUP-00019,2026-04-01,2026-04-03,Approved
PR-05541,EMP-00072,Procurement,SUP-00016,2026-05-11,2026-05-15,Approved
PR-05542,EMP-00065,Marketing,SUP-00008,2026-05-31,2026-06-12,Approved
PR-05543,EMP-00066,Finance,SUP-00015,2026-02-13,2026-02-16,Approved
PR-05544,EMP-00083,Engineering,SUP-00027,2026-05-18,2026-05-20,Approved
PR-05545,EMP-00068,Marketing,SUP-00050,2026-04-07,2026-04-10,Approved
PR-05546,EMP-00060,Operations,SUP-00025,2026-05-05,2026-05-17,Approved
PR-05547,EMP-00074,Engineering,SUP-00007,2026-03-09,2026-03-10,Approved
PR-05548,EMP-00034,IT,SUP-00035,2026-03-05,2026-03-08,Approved
PR-05549,EMP-00036,Engineering,SUP-00025,2026-03-16,2026-03-20,Approved
PR-05550,EMP-00083,Engineering,SUP-00038,2026-04-05,2026-04-06,Approved
PR-05551,EMP-00060,Operations,SUP-00043,2026-04-05,2026-04-07,Approved
PR-05552,EMP-00099,Sales,SUP-00025,2026-01-17,2026-01-23,Approved
PR-05553,EMP-00044,IT,SUP-00013,2026-04-03,2026-04-04,Approved
PR-05554,EMP-00079,Operations,SUP-00047,2026-04-24,2026-04-25,Approved
PR-05555,EMP-00003,Engineering,SUP-00046,2026-01-22,2026-01-23,Approved
PR-05556,EMP-00031,Procurement,SUP-00044,2026-05-22,2026-05-25,Approved
PR-05557,EMP-00020,Marketing,SUP-00037,2026-01-01,2026-01-06,Approved
PR-05558,EMP-00083,Engineering,SUP-00019,2026-04-14,2026-04-16,Approved
PR-05559,EMP-00015,Operations,SUP-00036,2026-03-12,2026-03-15,Rejected
PR-05560,EMP-00073,HR,SUP-00010,2026-03-19,2026-03-20,Approved
PR-05561,EMP-00083,Engineering,SUP-00043,2026-05-27,2026-06-11,Approved
PR-05562,EMP-00045,IT,SUP-00021,2026-05-04,2026-05-06,Approved
PR-05563,EMP-00008,HR,SUP-00045,2026-05-05,2026-05-08,Approved
PR-05564,EMP-00083,Engineering,SUP-00047,2026-04-07,2026-04-10,Approved
PR-05565,EMP-00060,Operations,SUP-00046,2026-04-13,2026-04-21,Approved
PR-05566,EMP-00074,Engineering,SUP-00028,2026-01-29,2026-02-02,Approved
PR-05567,EMP-00014,Marketing,SUP-00048,2026-05-08,2026-05-14,Approved
PR-05568,EMP-00060,Operations,SUP-00003,2026-05-23,2026-05-24,Approved
PR-05569,EMP-00016,Marketing,SUP-00030,2026-01-11,2026-01-13,Approved
PR-05570,EMP-00030,Sales,SUP-00038,2026-01-12,2026-01-15,Approved
PR-05571,EMP-00052,Finance,SUP-00034,2026-02-05,2026-02-08,Approved
PR-05572,EMP-00032,Procurement,SUP-00004,2026-05-16,2026-05-17,Approved
PR-05573,EMP-00097,Sales,SUP-00030,2026-02-28,2026-03-05,Approved
PR-05574,EMP-00094,HR,SUP-00041,2026-01-12,2026-01-14,Approved
PR-05575,EMP-00027,Operations,SUP-00015,2026-03-17,2026-03-18,Approved
PR-05576,EMP-00076,HR,SUP-00029,2026-01-12,2026-01-17,Approved
PR-05577,EMP-00051,Procurement,SUP-00015,2026-02-09,2026-02-20,Approved
PR-05578,EMP-00017,Sales,SUP-00018,2026-01-13,2026-01-16,Approved
PR-05579,EMP-00023,IT,SUP-00009,2026-04-21,2026-04-22,Rejected
PR-05580,EMP-00050,Procurement,SUP-00049,2026-01-02,2026-01-06,Approved
PR-05581,EMP-00061,Operations,SUP-00005,2026-04-03,2026-04-06,Approved
PR-05582,EMP-00012,Finance,SUP-00031,2026-01-12,2026-01-14,Approved
PR-05583,EMP-00057,HR,SUP-00023,2026-02-15,2026-02-21,Approved
PR-05584,EMP-00013,Procurement,SUP-00006,2026-01-29,2026-01-31,Approved
PR-05585,EMP-00095,Marketing,SUP-00016,2026-02-20,2026-02-26,Approved
PR-05586,EMP-00033,IT,SUP-00034,2026-02-13,2026-02-20,Approved
PR-05587,EMP-00098,Sales,SUP-00050,2026-04-11,2026-04-26,Approved
PR-05588,EMP-00024,HR,SUP-00035,2026-03-29,2026-03-31,Approved
PR-05589,EMP-00059,Marketing,SUP-00010,2026-05-24,2026-05-25,Approved
PR-05590,EMP-00089,Operations,SUP-00008,2026-04-14,2026-04-17,Approved
PR-05591,EMP-00025,Marketing,SUP-00016,2026-04-28,2026-04-30,Approved
PR-05592,EMP-00075,Marketing,SUP-00015,2026-03-23,2026-03-27,Approved
PR-05593,EMP-00064,IT,SUP-00047,2026-05-27,2026-05-30,Approved
PR-05594,EMP-00072,Procurement,SUP-00042,2026-02-03,2026-02-05,Approved
PR-05595,EMP-00093,IT,SUP-00028,2026-01-16,2026-01-18,Approved
PR-05596,EMP-00098,Sales,SUP-00027,2026-04-10,2026-04-12,Approved
PR-05597,EMP-00084,Sales,SUP-00031,2026-02-22,2026-02-25,Approved
PR-05598,EMP-00093,IT,SUP-00002,2026-01-31,2026-02-01,Approved
PR-05599,EMP-00070,Sales,SUP-00044,2026-05-12,2026-05-27,Rejected
PR-05600,EMP-00085,Sales,SUP-00029,2026-03-12,2026-03-17,Approved
PR-05601,EMP-00058,IT,SUP-00048,2026-05-17,2026-05-21,Approved
PR-05602,EMP-00093,IT,SUP-00027,2026-05-01,2026-05-03,Approved
PR-05603,EMP-00070,Sales,SUP-00012,2026-03-22,2026-03-25,Approved
PR-05604,EMP-00023,IT,SUP-00035,2026-05-06,2026-05-09,Approved
PR-05605,EMP-00066,Finance,SUP-00048,2026-01-30,2026-01-31,Approved
PR-05606,EMP-00049,IT,SUP-00005,2026-05-20,2026-05-24,Approved
PR-05607,EMP-00002,Marketing,SUP-00029,2026-05-19,2026-05-21,Approved
PR-05608,EMP-00043,Finance,SUP-00040,2026-05-09,2026-05-11,Approved
PR-05609,EMP-00040,Sales,SUP-00041,2026-04-05,2026-04-07,Approved
PR-05610,EMP-00006,HR,SUP-00024,2026-01-30,2026-02-02,Approved
PR-05611,EMP-00002,Marketing,SUP-00044,2026-05-22,2026-05-26,Approved
PR-05612,EMP-00022,Marketing,SUP-00019,2026-01-31,2026-02-03,Approved
PR-05613,EMP-00025,Marketing,SUP-00043,2026-01-27,2026-01-28,Approved
PR-05614,EMP-00032,Procurement,SUP-00027,2026-03-12,2026-03-15,Approved
PR-05615,EMP-00027,Operations,SUP-00041,2026-02-25,2026-03-05,Approved
PR-05616,EMP-00045,IT,SUP-00018,2026-05-24,2026-05-29,Approved
PR-05617,EMP-00037,IT,SUP-00048,2026-01-11,2026-01-13,Approved
PR-05618,EMP-00046,Operations,SUP-00021,2026-01-14,2026-01-18,Approved
PR-05619,EMP-00083,Engineering,SUP-00037,2026-02-01,2026-02-06,Approved
PR-05620,EMP-00083,Engineering,SUP-00043,2026-05-18,2026-05-23,Approved
PR-05621,EMP-00022,Marketing,SUP-00050,2026-04-21,2026-04-23,Approved
PR-05622,EMP-00080,Marketing,SUP-00050,2026-03-22,2026-03-27,Approved
PR-05623,EMP-00016,Marketing,SUP-00002,2026-04-05,2026-04-10,Approved
PR-05624,EMP-00046,Operations,SUP-00047,2026-01-28,2026-02-08,Approved
PR-05625,EMP-00089,Operations,SUP-00004,2026-03-03,2026-03-06,Approved
PR-05626,EMP-00085,Sales,SUP-00026,2026-03-03,2026-03-13,Approved
PR-05627,EMP-00051,Procurement,SUP-00044,2026-01-02,2026-01-04,Approved
PR-05628,EMP-00097,Sales,SUP-00047,2026-01-05,2026-01-06,Approved
PR-05629,EMP-00099,Sales,SUP-00001,2026-04-08,2026-04-13,Approved
PR-05630,EMP-00076,HR,SUP-00011,2026-01-11,2026-01-13,Approved
PR-05631,EMP-00023,IT,SUP-00047,2026-04-20,2026-04-21,Rejected
PR-05632,EMP-00046,Operations,SUP-00040,2026-02-19,2026-03-06,Approved
PR-05633,EMP-00001,Engineering,SUP-00033,2026-05-25,2026-05-28,Approved
PR-05634,EMP-00023,IT,SUP-00007,2026-05-08,2026-05-09,Approved
PR-05635,EMP-00091,Operations,SUP-00027,2026-01-27,2026-02-06,Approved
PR-05636,EMP-00080,Marketing,SUP-00050,2026-02-18,2026-02-28,Approved
PR-05637,EMP-00012,Finance,SUP-00046,2026-04-19,2026-04-22,Approved
PR-05638,EMP-00048,Operations,SUP-00029,2026-05-10,2026-05-13,Approved
PR-05639,EMP-00096,HR,SUP-00046,2026-04-05,2026-04-10,Approved
PR-05640,EMP-00002,Marketing,SUP-00020,2026-04-19,2026-04-20,Approved
PR-05641,EMP-00017,Sales,SUP-00035,2026-01-26,2026-01-31,Approved
PR-05642,EMP-00017,Sales,SUP-00011,2026-01-11,2026-01-14,Approved
PR-05643,EMP-00038,Marketing,SUP-00035,2026-03-08,2026-03-17,Approved
PR-05644,EMP-00055,Procurement,SUP-00027,2026-05-17,2026-05-19,Approved
PR-05645,EMP-00036,Engineering,SUP-00007,2026-02-04,2026-02-06,Approved
PR-05646,EMP-00006,HR,SUP-00035,2026-04-19,2026-05-02,Approved
PR-05647,EMP-00060,Operations,SUP-00038,2026-03-19,2026-03-20,Approved
PR-05648,EMP-00028,Marketing,SUP-00002,2026-04-24,2026-04-26,Approved
PR-05649,EMP-00091,Operations,SUP-00034,2026-04-18,2026-04-23,Rejected
PR-05650,EMP-00071,Procurement,SUP-00043,2026-03-27,2026-04-06,Approved
PR-05651,EMP-00047,IT,SUP-00007,2026-02-21,2026-02-24,Approved
PR-05652,EMP-00025,Marketing,SUP-00020,2026-02-05,2026-02-16,Approved
PR-05653,EMP-00030,Sales,SUP-00010,2026-01-29,2026-02-03,Approved
PR-05654,EMP-00052,Finance,SUP-00013,2026-05-03,2026-05-05,Approved
PR-05655,EMP-00057,HR,SUP-00013,2026-05-14,2026-05-16,Approved
PR-05656,EMP-00001,Engineering,SUP-00039,2026-04-15,2026-04-18,Approved
PR-05657,EMP-00098,Sales,SUP-00038,2026-04-20,2026-04-22,Approved
PR-05658,EMP-00060,Operations,SUP-00041,2026-05-24,2026-05-26,Approved
PR-05659,EMP-00068,Marketing,SUP-00012,2026-04-29,2026-05-01,Approved
PR-05660,EMP-00015,Operations,SUP-00042,2026-01-07,2026-01-10,Approved
PR-05661,EMP-00083,Engineering,SUP-00023,2026-03-01,2026-03-13,Rejected
PR-05662,EMP-00037,IT,SUP-00028,2026-02-21,2026-02-26,Approved
PR-05663,EMP-00056,Finance,SUP-00026,2026-04-19,2026-04-24,Approved
PR-05664,EMP-00011,Sales,SUP-00011,2026-01-23,2026-01-25,Approved
PR-05665,EMP-00051,Procurement,SUP-00022,2026-05-24,2026-06-02,Approved
PR-05666,EMP-00056,Finance,SUP-00036,2026-04-16,2026-04-21,Approved
PR-05667,EMP-00025,Marketing,SUP-00037,2026-01-14,2026-01-15,Approved
PR-05668,EMP-00056,Finance,SUP-00034,2026-05-30,2026-06-05,Approved
PR-05669,EMP-00057,HR,SUP-00014,2026-01-02,2026-01-07,Approved
PR-05670,EMP-00054,HR,SUP-00008,2026-03-21,2026-03-23,Approved
PR-05671,EMP-00026,Operations,SUP-00023,2026-04-13,2026-04-17,Approved
PR-05672,EMP-00018,Engineering,SUP-00030,2026-03-22,2026-03-29,Approved
PR-05673,EMP-00034,IT,SUP-00006,2026-02-20,2026-02-21,Approved
PR-05674,EMP-00058,IT,SUP-00036,2026-04-06,2026-04-08,Approved
PR-05675,EMP-00013,Procurement,SUP-00031,2026-01-17,2026-01-18,Approved
PR-05676,EMP-00095,Marketing,SUP-00043,2026-04-02,2026-04-03,Rejected
PR-05677,EMP-00053,Operations,SUP-00019,2026-03-07,2026-03-22,Approved
PR-05678,EMP-00030,Sales,SUP-00050,2026-03-28,2026-04-09,Approved
PR-05679,EMP-00098,Sales,SUP-00005,2026-03-14,2026-03-18,Rejected
PR-05680,EMP-00065,Marketing,SUP-00037,2026-02-10,2026-02-23,Approved
PR-05681,EMP-00017,Sales,SUP-00003,2026-03-29,2026-04-10,Approved
PR-05682,EMP-00021,IT,SUP-00042,2026-01-16,2026-01-17,Rejected
PR-05683,EMP-00029,IT,SUP-00019,2026-02-28,2026-03-01,Approved
PR-05684,EMP-00043,Finance,SUP-00014,2026-02-04,2026-02-13,Approved
PR-05685,EMP-00084,Sales,SUP-00008,2026-02-28,2026-03-11,Approved
PR-05686,EMP-00002,Marketing,SUP-00030,2026-05-08,2026-05-11,Approved
PR-05687,EMP-00057,HR,SUP-00023,2026-03-09,2026-03-13,Approved
PR-05688,EMP-00093,IT,SUP-00008,2026-03-17,2026-03-18,Approved
PR-05689,EMP-00019,IT,SUP-00028,2026-01-06,2026-01-11,Approved
PR-05690,EMP-00078,HR,SUP-00030,2026-05-11,2026-05-12,Approved
PR-05691,EMP-00071,Procurement,SUP-00021,2026-02-01,2026-02-06,Approved
PR-05692,EMP-00014,Marketing,SUP-00048,2026-01-13,2026-01-23,Approved
PR-05693,EMP-00017,Sales,SUP-00002,2026-05-01,2026-05-04,Approved
PR-05694,EMP-00081,IT,SUP-00016,2026-02-28,2026-03-03,Approved
PR-05695,EMP-00008,HR,SUP-00042,2026-03-15,2026-03-16,Approved
PR-05696,EMP-00048,Operations,SUP-00016,2026-04-17,2026-04-20,Approved
PR-05697,EMP-00091,Operations,SUP-00008,2026-03-03,2026-03-13,Approved
PR-05698,EMP-00072,Procurement,SUP-00047,2026-05-01,2026-05-05,Approved
PR-05699,EMP-00070,Sales,SUP-00039,2026-02-16,2026-02-18,Approved
PR-05700,EMP-00071,Procurement,SUP-00033,2026-03-07,2026-03-17,Approved
PR-05701,EMP-00049,IT,SUP-00031,2026-01-14,2026-01-16,Approved
PR-05702,EMP-00033,IT,SUP-00039,2026-04-13,2026-04-14,Approved
PR-05703,EMP-00089,Operations,SUP-00010,2026-02-21,2026-02-25,Rejected
PR-05704,EMP-00081,IT,SUP-00001,2026-05-15,2026-05-18,Approved
PR-05705,EMP-00068,Marketing,SUP-00020,2026-04-23,2026-04-28,Approved
PR-05706,EMP-00066,Finance,SUP-00044,2026-05-31,2026-06-03,Approved
PR-05707,EMP-00003,Engineering,SUP-00034,2026-04-03,2026-04-06,Approved
PR-05708,EMP-00087,IT,SUP-00008,2026-04-26,2026-04-30,Approved
PR-05709,EMP-00025,Marketing,SUP-00005,2026-01-26,2026-01-29,Approved
PR-05710,EMP-00074,Engineering,SUP-00017,2026-05-04,2026-05-19,Rejected
PR-05711,EMP-00025,Marketing,SUP-00012,2026-03-26,2026-03-29,Approved
PR-05712,EMP-00055,Procurement,SUP-00008,2026-01-19,2026-01-21,Approved
PR-05713,EMP-00008,HR,SUP-00039,2026-04-19,2026-04-20,Approved
PR-05714,EMP-00080,Marketing,SUP-00014,2026-01-29,2026-01-30,Approved
PR-05715,EMP-00089,Operations,SUP-00018,2026-05-25,2026-05-30,Approved
PR-05716,EMP-00076,HR,SUP-00037,2026-02-02,2026-02-12,Approved
PR-05717,EMP-00057,HR,SUP-00007,2026-01-25,2026-01-28,Rejected
PR-05718,EMP-00009,Finance,SUP-00034,2026-02-13,2026-02-22,Approved
PR-05719,EMP-00076,HR,SUP-00002,2026-03-15,2026-03-18,Approved
PR-05720,EMP-00091,Operations,SUP-00038,2026-03-23,2026-03-26,Approved
PR-05721,EMP-00083,Engineering,SUP-00001,2026-05-18,2026-06-02,Approved
PR-05722,EMP-00076,HR,SUP-00036,2026-01-25,2026-01-31,Approved
PR-05723,EMP-00064,IT,SUP-00013,2026-05-25,2026-06-01,Approved
PR-05724,EMP-00037,IT,SUP-00044,2026-02-15,2026-02-18,Approved
PR-05725,EMP-00018,Engineering,SUP-00049,2026-05-07,2026-05-08,Approved
PR-05726,EMP-00033,IT,SUP-00020,2026-05-16,2026-05-17,Approved
PR-05727,EMP-00052,Finance,SUP-00048,2026-03-31,2026-04-01,Approved
PR-05728,EMP-00066,Finance,SUP-00013,2026-04-26,2026-04-27,Approved
PR-05729,EMP-00008,HR,SUP-00037,2026-04-17,2026-04-18,Approved
PR-05730,EMP-00100,Engineering,SUP-00029,2026-01-03,2026-01-05,Approved
PR-05731,EMP-00016,Marketing,SUP-00002,2026-01-21,2026-01-29,Approved
PR-05732,EMP-00003,Engineering,SUP-00008,2026-04-29,2026-05-14,Approved
PR-05733,EMP-00085,Sales,SUP-00030,2026-02-05,2026-02-09,Approved
PR-05734,EMP-00039,Operations,SUP-00011,2026-04-21,2026-04-24,Approved
PR-05735,EMP-00086,HR,SUP-00045,2026-03-18,2026-03-20,Approved
PR-05736,EMP-00058,IT,SUP-00032,2026-01-26,2026-01-29,Approved
PR-05737,EMP-00038,Marketing,SUP-00043,2026-02-12,2026-02-17,Approved
PR-05738,EMP-00064,IT,SUP-00044,2026-02-08,2026-02-10,Approved
PR-05739,EMP-00035,Marketing,SUP-00013,2026-05-03,2026-05-04,Approved
PR-05740,EMP-00089,Operations,SUP-00037,2026-04-21,2026-04-28,Approved
PR-05741,EMP-00100,Engineering,SUP-00042,2026-05-27,2026-06-05,Approved
PR-05742,EMP-00058,IT,SUP-00013,2026-04-16,2026-04-27,Approved
PR-05743,EMP-00097,Sales,SUP-00009,2026-03-11,2026-03-14,Approved
PR-05744,EMP-00024,HR,SUP-00040,2026-01-05,2026-01-15,Approved
PR-05745,EMP-00045,IT,SUP-00031,2026-03-07,2026-03-14,Approved
PR-05746,EMP-00082,Sales,SUP-00023,2026-02-15,2026-02-17,Approved
PR-05747,EMP-00016,Marketing,SUP-00002,2026-05-26,2026-05-30,Approved
PR-05748,EMP-00082,Sales,SUP-00028,2026-01-05,2026-01-06,Approved
PR-05749,EMP-00025,Marketing,SUP-00003,2026-01-17,2026-01-26,Approved
PR-05750,EMP-00003,Engineering,SUP-00036,2026-05-17,2026-05-20,Approved
PR-05751,EMP-00038,Marketing,SUP-00003,2026-03-03,2026-03-04,Approved
PR-05752,EMP-00087,IT,SUP-00007,2026-02-25,2026-03-04,Approved
PR-05753,EMP-00089,Operations,SUP-00034,2026-02-27,2026-03-04,Approved
PR-05754,EMP-00013,Procurement,SUP-00036,2026-04-08,2026-04-09,Approved
PR-05755,EMP-00084,Sales,SUP-00031,2026-03-20,2026-03-22,Approved
PR-05756,EMP-00058,IT,SUP-00033,2026-03-26,2026-03-27,Approved
PR-05757,EMP-00093,IT,SUP-00022,2026-05-24,2026-06-08,Approved
PR-05758,EMP-00001,Engineering,SUP-00040,2026-04-22,2026-04-25,Approved
PR-05759,EMP-00018,Engineering,SUP-00024,2026-01-13,2026-01-28,Approved
PR-05760,EMP-00020,Marketing,SUP-00041,2026-04-20,2026-05-05,Approved
PR-05761,EMP-00030,Sales,SUP-00016,2026-02-08,2026-02-11,Approved
PR-05762,EMP-00077,Operations,SUP-00042,2026-03-29,2026-04-03,Approved
PR-05763,EMP-00030,Sales,SUP-00005,2026-03-07,2026-03-16,Rejected
PR-05764,EMP-00015,Operations,SUP-00003,2026-05-04,2026-05-05,Approved
PR-05765,EMP-00029,IT,SUP-00016,2026-01-17,2026-01-22,Approved
PR-05766,EMP-00023,IT,SUP-00045,2026-02-15,2026-02-18,Approved
PR-05767,EMP-00030,Sales,SUP-00020,2026-03-11,2026-03-26,Rejected
PR-05768,EMP-00029,IT,SUP-00045,2026-05-27,2026-05-28,Approved
PR-05769,EMP-00012,Finance,SUP-00004,2026-02-07,2026-02-11,Approved
PR-05770,EMP-00029,IT,SUP-00002,2026-02-12,2026-02-14,Approved
PR-05771,EMP-00083,Engineering,SUP-00036,2026-03-09,2026-03-15,Approved
PR-05772,EMP-00022,Marketing,SUP-00037,2026-01-31,2026-02-03,Approved
PR-05773,EMP-00011,Sales,SUP-00032,2026-04-05,2026-04-16,Approved
PR-05774,EMP-00007,Engineering,SUP-00043,2026-02-10,2026-02-11,Approved
PR-05775,EMP-00034,IT,SUP-00001,2026-03-04,2026-03-05,Approved
PR-05776,EMP-00032,Procurement,SUP-00035,2026-02-07,2026-02-13,Approved
PR-05777,EMP-00063,Finance,SUP-00009,2026-05-04,2026-05-08,Approved
PR-05778,EMP-00085,Sales,SUP-00012,2026-02-27,2026-02-28,Approved
PR-05779,EMP-00007,Engineering,SUP-00021,2026-03-25,2026-03-30,Approved
PR-05780,EMP-00053,Operations,SUP-00050,2026-01-11,2026-01-15,Approved
PR-05781,EMP-00054,HR,SUP-00034,2026-05-14,2026-05-16,Approved
PR-05782,EMP-00057,HR,SUP-00026,2026-02-10,2026-02-25,Approved
PR-05783,EMP-00032,Procurement,SUP-00025,2026-05-15,2026-05-22,Approved
PR-05784,EMP-00074,Engineering,SUP-00018,2026-02-21,2026-02-22,Approved
PR-05785,EMP-00021,IT,SUP-00022,2026-02-20,2026-02-21,Approved
PR-05786,EMP-00069,Finance,SUP-00011,2026-04-24,2026-04-27,Approved
PR-05787,EMP-00041,Marketing,SUP-00013,2026-02-24,2026-02-27,Approved
PR-05788,EMP-00070,Sales,SUP-00021,2026-01-03,2026-01-18,Approved
PR-05789,EMP-00009,Finance,SUP-00036,2026-02-15,2026-02-18,Approved
PR-05790,EMP-00049,IT,SUP-00003,2026-04-26,2026-04-29,Approved
PR-05791,EMP-00013,Procurement,SUP-00015,2026-03-11,2026-03-13,Approved
PR-05792,EMP-00092,Engineering,SUP-00024,2026-02-13,2026-02-23,Approved
PR-05793,EMP-00066,Finance,SUP-00036,2026-03-10,2026-03-21,Approved
PR-05794,EMP-00003,Engineering,SUP-00014,2026-04-25,2026-04-30,Approved
PR-05795,EMP-00047,IT,SUP-00006,2026-03-09,2026-03-10,Approved
PR-05796,EMP-00026,Operations,SUP-00043,2026-02-06,2026-02-10,Approved
PR-05797,EMP-00096,HR,SUP-00006,2026-02-17,2026-02-24,Approved
PR-05798,EMP-00095,Marketing,SUP-00025,2026-04-18,2026-04-21,Approved
PR-05799,EMP-00050,Procurement,SUP-00032,2026-02-15,2026-02-27,Approved
PR-05800,EMP-00099,Sales,SUP-00004,2026-02-24,2026-03-06,Approved
PR-05801,EMP-00048,Operations,SUP-00013,2026-05-21,2026-05-24,Approved
PR-05802,EMP-00012,Finance,SUP-00019,2026-04-28,2026-05-09,Approved
PR-05803,EMP-00023,IT,SUP-00005,2026-03-04,2026-03-06,Rejected
PR-05804,EMP-00029,IT,SUP-00029,2026-03-08,2026-03-10,Approved
PR-05805,EMP-00095,Marketing,SUP-00036,2026-02-14,2026-02-18,Approved
PR-05806,EMP-00038,Marketing,SUP-00035,2026-01-19,2026-01-22,Approved
PR-05807,EMP-00068,Marketing,SUP-00006,2026-05-12,2026-05-14,Rejected
PR-05808,EMP-00019,IT,SUP-00005,2026-04-07,2026-04-10,Approved
PR-05809,EMP-00082,Sales,SUP-00043,2026-01-17,2026-01-21,Approved
PR-05810,EMP-00050,Procurement,SUP-00028,2026-01-27,2026-01-29,Approved
PR-05811,EMP-00018,Engineering,SUP-00008,2026-01-02,2026-01-06,Approved
PR-05812,EMP-00037,IT,SUP-00033,2026-05-16,2026-05-17,Approved
PR-05813,EMP-00025,Marketing,SUP-00017,2026-05-07,2026-05-17,Approved
PR-05814,EMP-00062,HR,SUP-00019,2026-01-07,2026-01-09,Approved
PR-05815,EMP-00022,Marketing,SUP-00018,2026-02-12,2026-02-22,Approved
PR-05816,EMP-00100,Engineering,SUP-00018,2026-01-25,2026-01-26,Approved
PR-05817,EMP-00073,HR,SUP-00020,2026-03-24,2026-04-01,Approved
PR-05818,EMP-00055,Procurement,SUP-00031,2026-01-20,2026-01-21,Approved
PR-05819,EMP-00086,HR,SUP-00045,2026-03-21,2026-03-22,Approved
PR-05820,EMP-00023,IT,SUP-00044,2026-04-14,2026-04-15,Approved
PR-05821,EMP-00082,Sales,SUP-00017,2026-04-04,2026-04-05,Approved
PR-05822,EMP-00072,Procurement,SUP-00018,2026-03-31,2026-04-02,Rejected
PR-05823,EMP-00043,Finance,SUP-00024,2026-04-18,2026-04-19,Approved
PR-05824,EMP-00044,IT,SUP-00025,2026-05-05,2026-05-12,Approved
PR-05825,EMP-00061,Operations,SUP-00017,2026-02-22,2026-02-24,Approved
PR-05826,EMP-00046,Operations,SUP-00003,2026-03-17,2026-03-18,Approved
PR-05827,EMP-00047,IT,SUP-00041,2026-04-17,2026-04-22,Approved
PR-05828,EMP-00079,Operations,SUP-00004,2026-05-13,2026-05-15,Approved
PR-05829,EMP-00059,Marketing,SUP-00019,2026-05-10,2026-05-12,Approved
PR-05830,EMP-00098,Sales,SUP-00039,2026-05-05,2026-05-08,Approved
PR-05831,EMP-00091,Operations,SUP-00025,2026-03-10,2026-03-12,Approved
PR-05832,EMP-00078,HR,SUP-00003,2026-04-03,2026-04-11,Approved
PR-05833,EMP-00010,Operations,SUP-00018,2026-05-09,2026-05-10,Approved
PR-05834,EMP-00087,IT,SUP-00024,2026-03-31,2026-04-10,Approved
PR-05835,EMP-00067,Sales,SUP-00029,2026-01-29,2026-02-01,Approved
PR-05836,EMP-00059,Marketing,SUP-00002,2026-04-10,2026-04-14,Approved
PR-05837,EMP-00038,Marketing,SUP-00015,2026-02-10,2026-02-22,Approved
PR-05838,EMP-00064,IT,SUP-00030,2026-04-21,2026-05-01,Approved
PR-05839,EMP-00038,Marketing,SUP-00033,2026-02-12,2026-02-14,Approved
PR-05840,EMP-00003,Engineering,SUP-00044,2026-02-28,2026-03-03,Approved
PR-05841,EMP-00060,Operations,SUP-00019,2026-03-06,2026-03-19,Approved
PR-05842,EMP-00077,Operations,SUP-00016,2026-03-17,2026-03-19,Approved
PR-05843,EMP-00053,Operations,SUP-00007,2026-05-24,2026-05-28,Rejected
PR-05844,EMP-00098,Sales,SUP-00039,2026-03-20,2026-03-22,Approved
PR-05845,EMP-00017,Sales,SUP-00026,2026-03-07,2026-03-08,Approved
PR-05846,EMP-00085,Sales,SUP-00021,2026-03-08,2026-03-20,Approved
PR-05847,EMP-00025,Marketing,SUP-00046,2026-04-24,2026-04-25,Approved
PR-05848,EMP-00049,IT,SUP-00017,2026-05-06,2026-05-07,Approved
PR-05849,EMP-00022,Marketing,SUP-00024,2026-02-21,2026-02-22,Approved
PR-05850,EMP-00044,IT,SUP-00001,2026-02-17,2026-02-18,Approved
PR-05851,EMP-00011,Sales,SUP-00026,2026-01-09,2026-01-13,Approved
PR-05852,EMP-00050,Procurement,SUP-00019,2026-05-22,2026-05-27,Approved
PR-05853,EMP-00028,Marketing,SUP-00017,2026-01-27,2026-01-31,Approved
PR-05854,EMP-00070,Sales,SUP-00014,2026-04-22,2026-04-23,Approved
PR-05855,EMP-00025,Marketing,SUP-00048,2026-05-03,2026-05-12,Approved
PR-05856,EMP-00072,Procurement,SUP-00004,2026-05-23,2026-05-25,Approved
PR-05857,EMP-00023,IT,SUP-00024,2026-03-05,2026-03-08,Approved
PR-05858,EMP-00071,Procurement,SUP-00047,2026-05-12,2026-05-14,Approved
PR-05859,EMP-00046,Operations,SUP-00039,2026-03-06,2026-03-07,Approved
PR-05860,EMP-00031,Procurement,SUP-00004,2026-03-05,2026-03-10,Approved
PR-05861,EMP-00087,IT,SUP-00011,2026-05-25,2026-05-26,Approved
PR-05862,EMP-00055,Procurement,SUP-00022,2026-03-28,2026-03-29,Approved
PR-05863,EMP-00014,Marketing,SUP-00035,2026-01-14,2026-01-19,Approved
PR-05864,EMP-00092,Engineering,SUP-00038,2026-04-29,2026-05-03,Approved
PR-05865,EMP-00013,Procurement,SUP-00011,2026-01-05,2026-01-06,Approved
PR-05866,EMP-00078,HR,SUP-00010,2026-05-05,2026-05-12,Approved
PR-05867,EMP-00031,Procurement,SUP-00047,2026-03-21,2026-03-26,Approved
PR-05868,EMP-00005,HR,SUP-00020,2026-03-04,2026-03-07,Approved
PR-05869,EMP-00049,IT,SUP-00042,2026-04-29,2026-05-01,Approved
PR-05870,EMP-00007,Engineering,SUP-00024,2026-05-02,2026-05-03,Approved
PR-05871,EMP-00081,IT,SUP-00027,2026-05-27,2026-05-28,Approved
PR-05872,EMP-00018,Engineering,SUP-00038,2026-03-09,2026-03-10,Approved
PR-05873,EMP-00023,IT,SUP-00039,2026-02-08,2026-02-13,Approved
PR-05874,EMP-00023,IT,SUP-00050,2026-01-09,2026-01-11,Approved
PR-05875,EMP-00053,Operations,SUP-00026,2026-02-17,2026-02-18,Approved
PR-05876,EMP-00095,Marketing,SUP-00024,2026-04-29,2026-04-30,Approved
PR-05877,EMP-00100,Engineering,SUP-00004,2026-02-19,2026-02-20,Approved
PR-05878,EMP-00092,Engineering,SUP-00016,2026-05-24,2026-05-25,Rejected
PR-05879,EMP-00075,Marketing,SUP-00014,2026-04-08,2026-04-09,Approved
PR-05880,EMP-00013,Procurement,SUP-00048,2026-03-30,2026-03-31,Approved
PR-05881,EMP-00009,Finance,SUP-00040,2026-02-19,2026-02-20,Approved
PR-05882,EMP-00060,Operations,SUP-00012,2026-04-14,2026-04-23,Approved
PR-05883,EMP-00093,IT,SUP-00003,2026-02-27,2026-03-02,Approved
PR-05884,EMP-00055,Procurement,SUP-00033,2026-05-10,2026-05-11,Approved
PR-05885,EMP-00046,Operations,SUP-00016,2026-03-09,2026-03-21,Approved
PR-05886,EMP-00080,Marketing,SUP-00027,2026-03-14,2026-03-28,Approved
PR-05887,EMP-00059,Marketing,SUP-00036,2026-04-21,2026-04-25,Approved
PR-05888,EMP-00044,IT,SUP-00044,2026-02-25,2026-02-27,Approved
PR-05889,EMP-00040,Sales,SUP-00004,2026-02-18,2026-02-20,Approved
PR-05890,EMP-00058,IT,SUP-00029,2026-03-20,2026-03-22,Approved
PR-05891,EMP-00025,Marketing,SUP-00027,2026-03-12,2026-03-15,Approved
PR-05892,EMP-00010,Operations,SUP-00034,2026-05-29,2026-06-03,Approved
PR-05893,EMP-00051,Procurement,SUP-00004,2026-02-22,2026-02-23,Approved
PR-05894,EMP-00073,HR,SUP-00031,2026-05-23,2026-05-24,Approved
PR-05895,EMP-00073,HR,SUP-00031,2026-01-09,2026-01-10,Approved
PR-05896,EMP-00055,Procurement,SUP-00042,2026-03-04,2026-03-07,Approved
PR-05897,EMP-00033,IT,SUP-00023,2026-01-04,2026-01-09,Approved
PR-05898,EMP-00049,IT,SUP-00018,2026-03-06,2026-03-09,Approved
PR-05899,EMP-00017,Sales,SUP-00004,2026-04-17,2026-04-19,Approved
PR-05900,EMP-00055,Procurement,SUP-00019,2026-02-26,2026-03-05,Approved
PR-05901,EMP-00033,IT,SUP-00012,2026-05-23,2026-05-25,Approved
PR-05902,EMP-00077,Operations,SUP-00015,2026-05-27,2026-05-29,Approved
PR-05903,EMP-00096,HR,SUP-00025,2026-03-04,2026-03-05,Approved
PR-05904,EMP-00081,IT,SUP-00026,2026-01-26,2026-01-27,Approved
PR-05905,EMP-00073,HR,SUP-00049,2026-01-14,2026-01-23,Approved
PR-05906,EMP-00042,Marketing,SUP-00042,2026-04-09,2026-04-10,Approved
PR-05907,EMP-00052,Finance,SUP-00021,2026-03-07,2026-03-09,Approved
PR-05908,EMP-00025,Marketing,SUP-00030,2026-02-02,2026-02-07,Approved
PR-05909,EMP-00022,Marketing,SUP-00042,2026-04-25,2026-05-03,Approved
PR-05910,EMP-00061,Operations,SUP-00021,2026-04-26,2026-04-28,Approved
PR-05911,EMP-00045,IT,SUP-00026,2026-01-17,2026-01-25,Approved
PR-05912,EMP-00011,Sales,SUP-00014,2026-05-02,2026-05-03,Approved
PR-05913,EMP-00050,Procurement,SUP-00025,2026-04-17,2026-04-19,Approved
PR-05914,EMP-00031,Procurement,SUP-00035,2026-04-17,2026-04-22,Approved
PR-05915,EMP-00069,Finance,SUP-00016,2026-05-07,2026-05-10,Approved
PR-05916,EMP-00057,HR,SUP-00048,2026-05-10,2026-05-13,Approved
PR-05917,EMP-00043,Finance,SUP-00017,2026-04-23,2026-05-03,Approved
PR-05918,EMP-00040,Sales,SUP-00048,2026-01-10,2026-01-12,Approved
PR-05919,EMP-00002,Marketing,SUP-00033,2026-05-08,2026-05-11,Approved
PR-05920,EMP-00026,Operations,SUP-00017,2026-05-31,2026-06-05,Approved
PR-05921,EMP-00073,HR,SUP-00023,2026-04-23,2026-04-26,Approved
PR-05922,EMP-00015,Operations,SUP-00006,2026-03-19,2026-03-20,Approved
PR-05923,EMP-00026,Operations,SUP-00016,2026-05-12,2026-05-16,Approved
PR-05924,EMP-00068,Marketing,SUP-00044,2026-04-29,2026-05-14,Approved
PR-05925,EMP-00044,IT,SUP-00014,2026-01-21,2026-01-23,Approved
PR-05926,EMP-00006,HR,SUP-00008,2026-05-31,2026-06-02,Approved
PR-05927,EMP-00069,Finance,SUP-00007,2026-04-04,2026-04-10,Approved
PR-05928,EMP-00002,Marketing,SUP-00021,2026-01-03,2026-01-15,Approved
PR-05929,EMP-00018,Engineering,SUP-00010,2026-03-22,2026-04-01,Rejected
PR-05930,EMP-00012,Finance,SUP-00014,2026-01-30,2026-01-31,Approved
PR-05931,EMP-00095,Marketing,SUP-00023,2026-01-30,2026-01-31,Approved
PR-05932,EMP-00065,Marketing,SUP-00027,2026-01-06,2026-01-08,Approved
PR-05933,EMP-00041,Marketing,SUP-00032,2026-01-24,2026-01-27,Approved
PR-05934,EMP-00065,Marketing,SUP-00050,2026-04-26,2026-04-30,Approved
PR-05935,EMP-00029,IT,SUP-00003,2026-05-23,2026-05-24,Approved
PR-05936,EMP-00007,Engineering,SUP-00019,2026-05-15,2026-05-30,Approved
PR-05937,EMP-00050,Procurement,SUP-00001,2026-05-31,2026-06-02,Approved
PR-05938,EMP-00075,Marketing,SUP-00031,2026-05-12,2026-05-22,Approved
PR-05939,EMP-00093,IT,SUP-00029,2026-02-19,2026-02-25,Approved
PR-05940,EMP-00072,Procurement,SUP-00015,2026-04-10,2026-04-15,Approved
PR-05941,EMP-00060,Operations,SUP-00047,2026-02-23,2026-03-07,Approved
PR-05942,EMP-00038,Marketing,SUP-00025,2026-02-11,2026-02-17,Approved
PR-05943,EMP-00065,Marketing,SUP-00026,2026-01-11,2026-01-13,Approved
PR-05944,EMP-00096,HR,SUP-00021,2026-03-05,2026-03-06,Approved
PR-05945,EMP-00067,Sales,SUP-00017,2026-04-24,2026-05-06,Rejected
PR-05946,EMP-00087,IT,SUP-00041,2026-03-14,2026-03-16,Rejected
PR-05947,EMP-00030,Sales,SUP-00018,2026-04-03,2026-04-06,Approved
PR-05948,EMP-00003,Engineering,SUP-00029,2026-05-03,2026-05-06,Approved
PR-05949,EMP-00045,IT,SUP-00042,2026-05-30,2026-06-01,Approved
PR-05950,EMP-00035,Marketing,SUP-00010,2026-02-11,2026-02-16,Approved
PR-05951,EMP-00005,HR,SUP-00004,2026-04-07,2026-04-15,Approved
PR-05952,EMP-00049,IT,SUP-00025,2026-04-10,2026-04-24,Approved
PR-05953,EMP-00062,HR,SUP-00024,2026-01-03,2026-01-07,Approved
PR-05954,EMP-00093,IT,SUP-00029,2026-02-01,2026-02-08,Approved
PR-05955,EMP-00080,Marketing,SUP-00027,2026-01-14,2026-01-17,Approved
PR-05956,EMP-00015,Operations,SUP-00035,2026-01-14,2026-01-16,Approved
PR-05957,EMP-00090,Engineering,SUP-00044,2026-05-24,2026-05-26,Approved
PR-05958,EMP-00097,Sales,SUP-00004,2026-05-21,2026-05-24,Approved
PR-05959,EMP-00025,Marketing,SUP-00044,2026-02-01,2026-02-03,Approved
PR-05960,EMP-00031,Procurement,SUP-00033,2026-02-28,2026-03-10,Approved
PR-05961,EMP-00055,Procurement,SUP-00029,2026-05-24,2026-05-27,Approved
PR-05962,EMP-00038,Marketing,SUP-00039,2026-04-02,2026-04-07,Approved
PR-05963,EMP-00093,IT,SUP-00001,2026-03-24,2026-04-08,Approved
PR-05964,EMP-00045,IT,SUP-00031,2026-03-04,2026-03-08,Approved
PR-05965,EMP-00079,Operations,SUP-00043,2026-04-15,2026-04-28,Approved
PR-05966,EMP-00078,HR,SUP-00048,2026-02-27,2026-03-04,Approved
PR-05967,EMP-00068,Marketing,SUP-00011,2026-02-06,2026-02-10,Approved
PR-05968,EMP-00100,Engineering,SUP-00006,2026-01-07,2026-01-10,Approved
PR-05969,EMP-00089,Operations,SUP-00038,2026-01-08,2026-01-10,Approved
PR-05970,EMP-00007,Engineering,SUP-00031,2026-03-15,2026-03-18,Approved
PR-05971,EMP-00023,IT,SUP-00038,2026-01-20,2026-02-04,Approved
PR-05972,EMP-00090,Engineering,SUP-00029,2026-05-17,2026-05-31,Approved
PR-05973,EMP-00013,Procurement,SUP-00022,2026-03-05,2026-03-08,Approved
PR-05974,EMP-00027,Operations,SUP-00010,2026-04-18,2026-04-21,Approved
PR-05975,EMP-00006,HR,SUP-00022,2026-01-23,2026-01-25,Approved
PR-05976,EMP-00054,HR,SUP-00012,2026-03-22,2026-03-29,Approved
PR-05977,EMP-00024,HR,SUP-00029,2026-04-29,2026-05-01,Approved
PR-05978,EMP-00089,Operations,SUP-00013,2026-03-03,2026-03-05,Approved
PR-05979,EMP-00018,Engineering,SUP-00018,2026-01-06,2026-01-11,Approved
PR-05980,EMP-00018,Engineering,SUP-00003,2026-01-22,2026-02-02,Approved
PR-05981,EMP-00021,IT,SUP-00017,2026-01-17,2026-01-20,Approved
PR-05982,EMP-00079,Operations,SUP-00032,2026-03-04,2026-03-06,Approved
PR-05983,EMP-00077,Operations,SUP-00046,2026-04-05,2026-04-08,Approved
PR-05984,EMP-00035,Marketing,SUP-00041,2026-02-26,2026-03-01,Approved
PR-05985,EMP-00097,Sales,SUP-00009,2026-03-19,2026-03-22,Approved
PR-05986,EMP-00016,Marketing,SUP-00007,2026-03-18,2026-03-20,Approved
PR-05987,EMP-00052,Finance,SUP-00011,2026-02-16,2026-02-20,Approved
PR-05988,EMP-00026,Operations,SUP-00009,2026-05-08,2026-05-11,Rejected
PR-05989,EMP-00099,Sales,SUP-00019,2026-03-27,2026-03-29,Approved
PR-05990,EMP-00095,Marketing,SUP-00019,2026-05-09,2026-05-12,Approved
PR-05991,EMP-00005,HR,SUP-00031,2026-03-08,2026-03-11,Approved
PR-05992,EMP-00018,Engineering,SUP-00024,2026-02-03,2026-02-04,Approved
PR-05993,EMP-00017,Sales,SUP-00004,2026-01-25,2026-02-08,Approved
PR-05994,EMP-00043,Finance,SUP-00007,2026-03-26,2026-03-27,Approved
PR-05995,EMP-00097,Sales,SUP-00040,2026-02-28,2026-03-03,Approved
PR-05996,EMP-00071,Procurement,SUP-00006,2026-01-05,2026-01-09,Approved
PR-05997,EMP-00050,Procurement,SUP-00048,2026-05-01,2026-05-04,Approved
PR-05998,EMP-00020,Marketing,SUP-00010,2026-01-10,2026-01-22,Approved
PR-05999,EMP-00095,Marketing,SUP-00021,2026-04-10,2026-04-17,Approved
PR-06000,EMP-00063,Finance,SUP-00020,2026-04-08,2026-04-14,Approved
PR-06001,EMP-00018,Engineering,SUP-00033,2026-04-24,2026-04-27,Approved
PR-06002,EMP-00057,HR,SUP-00004,2026-02-23,2026-03-06,Rejected
PR-06003,EMP-00064,IT,SUP-00035,2026-04-24,2026-04-27,Approved
PR-06004,EMP-00064,IT,SUP-00001,2026-05-04,2026-05-09,Approved
PR-06005,EMP-00003,Engineering,SUP-00013,2026-05-24,2026-05-29,Approved
PR-06006,EMP-00049,IT,SUP-00003,2026-04-14,2026-04-15,Approved
PR-06007,EMP-00066,Finance,SUP-00025,2026-03-23,2026-03-27,Approved
PR-06008,EMP-00039,Operations,SUP-00010,2026-01-26,2026-01-31,Approved
PR-06009,EMP-00084,Sales,SUP-00048,2026-05-29,2026-06-01,Approved
PR-06010,EMP-00069,Finance,SUP-00037,2026-01-12,2026-01-26,Rejected
PR-06011,EMP-00086,HR,SUP-00035,2026-05-29,2026-06-02,Approved
PR-06012,EMP-00089,Operations,SUP-00019,2026-02-18,2026-02-21,Approved
PR-06013,EMP-00041,Marketing,SUP-00009,2026-01-04,2026-01-09,Approved
PR-06014,EMP-00031,Procurement,SUP-00049,2026-01-31,2026-02-01,Approved
PR-06015,EMP-00029,IT,SUP-00012,2026-04-12,2026-04-15,Approved
PR-06016,EMP-00053,Operations,SUP-00048,2026-04-17,2026-04-21,Approved
PR-06017,EMP-00090,Engineering,SUP-00035,2026-03-30,2026-04-03,Rejected
PR-06018,EMP-00045,IT,SUP-00023,2026-05-20,2026-05-21,Approved
PR-06019,EMP-00092,Engineering,SUP-00013,2026-01-21,2026-01-24,Approved
PR-06020,EMP-00047,IT,SUP-00017,2026-01-16,2026-01-19,Approved
PR-06021,EMP-00023,IT,SUP-00036,2026-02-23,2026-02-24,Approved
PR-06022,EMP-00037,IT,SUP-00004,2026-01-25,2026-01-27,Approved
PR-06023,EMP-00005,HR,SUP-00003,2026-03-13,2026-03-14,Approved
PR-06024,EMP-00034,IT,SUP-00048,2026-03-02,2026-03-12,Approved
PR-06025,EMP-00016,Marketing,SUP-00022,2026-05-20,2026-05-21,Approved
PR-06026,EMP-00008,HR,SUP-00023,2026-05-01,2026-05-04,Approved
PR-06027,EMP-00009,Finance,SUP-00034,2026-01-16,2026-01-19,Approved
PR-06028,EMP-00067,Sales,SUP-00007,2026-03-26,2026-03-29,Approved
PR-06029,EMP-00013,Procurement,SUP-00020,2026-02-27,2026-03-14,Approved
PR-06030,EMP-00039,Operations,SUP-00021,2026-05-06,2026-05-09,Approved
PR-06031,EMP-00079,Operations,SUP-00048,2026-05-04,2026-05-14,Approved
PR-06032,EMP-00074,Engineering,SUP-00040,2026-05-18,2026-05-19,Approved
PR-06033,EMP-00087,IT,SUP-00038,2026-03-09,2026-03-12,Approved
PR-06034,EMP-00029,IT,SUP-00001,2026-04-11,2026-04-14,Approved
PR-06035,EMP-00027,Operations,SUP-00026,2026-03-16,2026-03-19,Approved
PR-06036,EMP-00039,Operations,SUP-00010,2026-05-01,2026-05-02,Approved
PR-06037,EMP-00069,Finance,SUP-00015,2026-02-14,2026-02-16,Approved
PR-06038,EMP-00044,IT,SUP-00034,2026-03-08,2026-03-18,Approved
PR-06039,EMP-00099,Sales,SUP-00031,2026-01-28,2026-01-29,Approved
PR-06040,EMP-00022,Marketing,SUP-00039,2026-01-16,2026-01-19,Approved
PR-06041,EMP-00073,HR,SUP-00044,2026-04-24,2026-04-25,Approved
PR-06042,EMP-00015,Operations,SUP-00027,2026-04-27,2026-05-01,Approved
PR-06043,EMP-00032,Procurement,SUP-00026,2026-05-04,2026-05-05,Approved
PR-06044,EMP-00053,Operations,SUP-00017,2026-05-17,2026-05-22,Rejected
PR-06045,EMP-00053,Operations,SUP-00049,2026-01-26,2026-01-30,Approved
PR-06046,EMP-00081,IT,SUP-00017,2026-02-19,2026-02-22,Approved
PR-06047,EMP-00049,IT,SUP-00043,2026-04-08,2026-04-23,Approved
PR-06048,EMP-00080,Marketing,SUP-00039,2026-02-26,2026-03-01,Approved
PR-06049,EMP-00088,Operations,SUP-00020,2026-02-27,2026-03-11,Approved
PR-06050,EMP-00076,HR,SUP-00001,2026-01-26,2026-01-27,Rejected
PR-06051,EMP-00098,Sales,SUP-00010,2026-01-20,2026-01-31,Approved
PR-06052,EMP-00038,Marketing,SUP-00012,2026-02-06,2026-02-07,Approved
PR-06053,EMP-00040,Sales,SUP-00041,2026-01-20,2026-01-27,Rejected
PR-06054,EMP-00066,Finance,SUP-00016,2026-02-28,2026-03-05,Approved
PR-06055,EMP-00001,Engineering,SUP-00041,2026-04-22,2026-05-05,Approved
PR-06056,EMP-00032,Procurement,SUP-00027,2026-04-12,2026-04-14,Approved
PR-06057,EMP-00086,HR,SUP-00005,2026-05-14,2026-05-17,Approved
PR-06058,EMP-00010,Operations,SUP-00041,2026-04-22,2026-05-05,Approved
PR-06059,EMP-00078,HR,SUP-00007,2026-03-14,2026-03-20,Approved
PR-06060,EMP-00001,Engineering,SUP-00039,2026-04-10,2026-04-24,Approved
PR-06061,EMP-00078,HR,SUP-00019,2026-04-15,2026-04-17,Approved
PR-06062,EMP-00079,Operations,SUP-00011,2026-05-16,2026-05-19,Approved
PR-06063,EMP-00077,Operations,SUP-00047,2026-05-30,2026-06-07,Approved
PR-06064,EMP-00023,IT,SUP-00011,2026-05-23,2026-05-29,Approved
PR-06065,EMP-00065,Marketing,SUP-00004,2026-02-22,2026-02-23,Approved
PR-06066,EMP-00041,Marketing,SUP-00012,2026-04-11,2026-04-13,Approved
PR-06067,EMP-00082,Sales,SUP-00002,2026-03-08,2026-03-15,Approved
PR-06068,EMP-00053,Operations,SUP-00007,2026-04-13,2026-04-16,Approved
PR-06069,EMP-00062,HR,SUP-00038,2026-04-05,2026-04-06,Approved
PR-06070,EMP-00096,HR,SUP-00019,2026-03-25,2026-03-27,Approved
PR-06071,EMP-00079,Operations,SUP-00011,2026-04-01,2026-04-04,Rejected
PR-06072,EMP-00045,IT,SUP-00007,2026-04-17,2026-04-20,Approved
PR-06073,EMP-00030,Sales,SUP-00009,2026-01-31,2026-02-01,Approved
PR-06074,EMP-00024,HR,SUP-00018,2026-03-31,2026-04-03,Approved
PR-06075,EMP-00062,HR,SUP-00025,2026-02-02,2026-02-04,Approved
PR-06076,EMP-00047,IT,SUP-00016,2026-03-05,2026-03-06,Approved
PR-06077,EMP-00052,Finance,SUP-00020,2026-03-09,2026-03-21,Approved
PR-06078,EMP-00064,IT,SUP-00007,2026-03-16,2026-03-19,Approved
PR-06079,EMP-00093,IT,SUP-00048,2026-02-13,2026-02-28,Approved
PR-06080,EMP-00084,Sales,SUP-00008,2026-05-24,2026-05-27,Approved
PR-06081,EMP-00084,Sales,SUP-00023,2026-04-24,2026-04-25,Rejected
PR-06082,EMP-00047,IT,SUP-00024,2026-01-02,2026-01-03,Approved
PR-06083,EMP-00093,IT,SUP-00047,2026-01-04,2026-01-07,Approved
PR-06084,EMP-00022,Marketing,SUP-00014,2026-02-12,2026-02-13,Approved
PR-06085,EMP-00028,Marketing,SUP-00035,2026-03-25,2026-03-28,Approved
PR-06086,EMP-00030,Sales,SUP-00041,2026-03-06,2026-03-08,Approved
PR-06087,EMP-00065,Marketing,SUP-00048,2026-05-15,2026-05-20,Approved
PR-06088,EMP-00094,HR,SUP-00005,2026-01-12,2026-01-17,Approved
PR-06089,EMP-00100,Engineering,SUP-00048,2026-05-15,2026-05-18,Approved
PR-06090,EMP-00051,Procurement,SUP-00041,2026-02-19,2026-02-23,Approved
PR-06091,EMP-00072,Procurement,SUP-00044,2026-02-09,2026-02-11,Rejected
PR-06092,EMP-00041,Marketing,SUP-00024,2026-04-19,2026-04-22,Approved
PR-06093,EMP-00021,IT,SUP-00050,2026-02-12,2026-02-13,Approved
PR-06094,EMP-00053,Operations,SUP-00048,2026-04-25,2026-05-04,Approved
PR-06095,EMP-00069,Finance,SUP-00050,2026-02-09,2026-02-12,Approved
PR-06096,EMP-00033,IT,SUP-00050,2026-03-20,2026-03-22,Approved
PR-06097,EMP-00052,Finance,SUP-00026,2026-03-10,2026-03-17,Approved
PR-06098,EMP-00008,HR,SUP-00011,2026-03-03,2026-03-18,Approved
PR-06099,EMP-00044,IT,SUP-00018,2026-05-12,2026-05-14,Approved
PR-06100,EMP-00014,Marketing,SUP-00034,2026-04-22,2026-04-27,Approved
PR-06101,EMP-00012,Finance,SUP-00050,2026-01-05,2026-01-07,Approved
PR-06102,EMP-00027,Operations,SUP-00033,2026-03-18,2026-03-27,Approved
PR-06103,EMP-00076,HR,SUP-00009,2026-02-17,2026-03-03,Approved
PR-06104,EMP-00057,HR,SUP-00048,2026-03-12,2026-03-14,Rejected
PR-06105,EMP-00018,Engineering,SUP-00002,2026-05-02,2026-05-04,Approved
PR-06106,EMP-00052,Finance,SUP-00042,2026-03-11,2026-03-14,Approved
PR-06107,EMP-00036,Engineering,SUP-00011,2026-03-30,2026-04-02,Approved
PR-06108,EMP-00071,Procurement,SUP-00012,2026-01-15,2026-01-16,Approved
PR-06109,EMP-00100,Engineering,SUP-00038,2026-03-15,2026-03-18,Approved
PR-06110,EMP-00094,HR,SUP-00040,2026-03-26,2026-04-10,Approved
PR-06111,EMP-00090,Engineering,SUP-00046,2026-04-19,2026-04-22,Approved
PR-06112,EMP-00097,Sales,SUP-00027,2026-02-02,2026-02-03,Approved
PR-06113,EMP-00022,Marketing,SUP-00018,2026-05-04,2026-05-07,Approved
PR-06114,EMP-00068,Marketing,SUP-00050,2026-04-11,2026-04-15,Approved
PR-06115,EMP-00031,Procurement,SUP-00021,2026-04-03,2026-04-07,Approved
PR-06116,EMP-00083,Engineering,SUP-00007,2026-04-09,2026-04-21,Approved
PR-06117,EMP-00043,Finance,SUP-00010,2026-01-25,2026-01-27,Approved
PR-06118,EMP-00065,Marketing,SUP-00031,2026-03-20,2026-03-23,Approved
PR-06119,EMP-00099,Sales,SUP-00019,2026-02-10,2026-02-17,Approved
PR-06120,EMP-00054,HR,SUP-00015,2026-04-21,2026-04-23,Rejected
PR-06121,EMP-00082,Sales,SUP-00009,2026-04-02,2026-04-09,Approved
PR-06122,EMP-00050,Procurement,SUP-00032,2026-05-19,2026-05-20,Rejected
PR-06123,EMP-00077,Operations,SUP-00037,2026-05-15,2026-05-21,Approved
PR-06124,EMP-00072,Procurement,SUP-00035,2026-01-14,2026-01-17,Approved
PR-06125,EMP-00091,Operations,SUP-00001,2026-03-03,2026-03-14,Approved
PR-06126,EMP-00091,Operations,SUP-00010,2026-03-15,2026-03-17,Approved
PR-06127,EMP-00080,Marketing,SUP-00012,2026-03-26,2026-03-29,Approved
PR-06128,EMP-00073,HR,SUP-00017,2026-01-28,2026-01-31,Approved
PR-06129,EMP-00047,IT,SUP-00012,2026-04-04,2026-04-09,Approved
PR-06130,EMP-00025,Marketing,SUP-00035,2026-02-18,2026-02-19,Approved
PR-06131,EMP-00098,Sales,SUP-00035,2026-01-23,2026-01-24,Approved
PR-06132,EMP-00050,Procurement,SUP-00016,2026-03-17,2026-03-21,Rejected
PR-06133,EMP-00082,Sales,SUP-00003,2026-02-09,2026-02-11,Approved
PR-06134,EMP-00018,Engineering,SUP-00035,2026-05-01,2026-05-06,Approved
PR-06135,EMP-00009,Finance,SUP-00050,2026-05-10,2026-05-18,Approved
PR-06136,EMP-00037,IT,SUP-00042,2026-04-28,2026-05-01,Approved
PR-06137,EMP-00071,Procurement,SUP-00022,2026-02-18,2026-02-26,Approved
PR-06138,EMP-00022,Marketing,SUP-00004,2026-05-25,2026-05-28,Approved
PR-06139,EMP-00053,Operations,SUP-00012,2026-04-18,2026-04-25,Approved
PR-06140,EMP-00100,Engineering,SUP-00009,2026-03-28,2026-03-31,Approved
PR-06141,EMP-00073,HR,SUP-00016,2026-02-13,2026-02-15,Approved
PR-06142,EMP-00095,Marketing,SUP-00023,2026-02-23,2026-03-08,Approved
PR-06143,EMP-00006,HR,SUP-00025,2026-01-28,2026-02-11,Approved
PR-06144,EMP-00040,Sales,SUP-00004,2026-02-21,2026-03-06,Approved
PR-06145,EMP-00071,Procurement,SUP-00037,2026-03-23,2026-03-24,Approved
PR-06146,EMP-00092,Engineering,SUP-00025,2026-03-27,2026-03-28,Approved
PR-06147,EMP-00027,Operations,SUP-00003,2026-01-15,2026-01-17,Approved
PR-06148,EMP-00026,Operations,SUP-00033,2026-02-03,2026-02-04,Approved
PR-06149,EMP-00039,Operations,SUP-00003,2026-04-10,2026-04-11,Approved
PR-06150,EMP-00087,IT,SUP-00043,2026-02-16,2026-02-19,Approved
PR-06151,EMP-00004,Engineering,SUP-00040,2026-04-14,2026-04-25,Approved
PR-06152,EMP-00081,IT,SUP-00039,2026-03-26,2026-04-02,Approved
PR-06153,EMP-00090,Engineering,SUP-00027,2026-03-31,2026-04-04,Approved
PR-06154,EMP-00066,Finance,SUP-00039,2026-01-12,2026-01-15,Approved
PR-06155,EMP-00029,IT,SUP-00028,2026-03-04,2026-03-07,Approved
PR-06156,EMP-00059,Marketing,SUP-00015,2026-04-03,2026-04-04,Rejected
PR-06157,EMP-00093,IT,SUP-00024,2026-01-02,2026-01-14,Approved
PR-06158,EMP-00064,IT,SUP-00027,2026-02-20,2026-02-21,Approved
PR-06159,EMP-00007,Engineering,SUP-00019,2026-02-26,2026-03-01,Approved
PR-06160,EMP-00017,Sales,SUP-00006,2026-05-15,2026-05-16,Approved
PR-06161,EMP-00029,IT,SUP-00014,2026-05-16,2026-05-18,Approved
PR-06162,EMP-00019,IT,SUP-00033,2026-02-23,2026-02-28,Rejected
PR-06163,EMP-00019,IT,SUP-00018,2026-04-10,2026-04-15,Approved
PR-06164,EMP-00080,Marketing,SUP-00034,2026-01-07,2026-01-11,Approved
PR-06165,EMP-00003,Engineering,SUP-00026,2026-03-30,2026-04-10,Approved
PR-06166,EMP-00094,HR,SUP-00013,2026-03-24,2026-04-08,Approved
PR-06167,EMP-00056,Finance,SUP-00008,2026-02-11,2026-02-12,Approved
PR-06168,EMP-00034,IT,SUP-00019,2026-04-13,2026-04-14,Approved
PR-06169,EMP-00011,Sales,SUP-00005,2026-01-26,2026-01-29,Approved
PR-06170,EMP-00087,IT,SUP-00043,2026-03-19,2026-03-22,Approved
PR-06171,EMP-00060,Operations,SUP-00031,2026-02-06,2026-02-08,Approved
PR-06172,EMP-00078,HR,SUP-00037,2026-02-03,2026-02-06,Approved
PR-06173,EMP-00060,Operations,SUP-00002,2026-02-13,2026-02-15,Approved
PR-06174,EMP-00078,HR,SUP-00004,2026-01-04,2026-01-05,Approved
PR-06175,EMP-00067,Sales,SUP-00037,2026-05-20,2026-05-26,Approved
PR-06176,EMP-00030,Sales,SUP-00014,2026-05-26,2026-05-27,Approved
PR-06177,EMP-00027,Operations,SUP-00016,2026-01-30,2026-02-02,Approved
PR-06178,EMP-00064,IT,SUP-00041,2026-04-15,2026-04-19,Approved
PR-06179,EMP-00060,Operations,SUP-00008,2026-04-28,2026-05-01,Approved
PR-06180,EMP-00028,Marketing,SUP-00025,2026-01-01,2026-01-03,Approved
PR-06181,EMP-00031,Procurement,SUP-00023,2026-04-07,2026-04-08,Rejected
PR-06182,EMP-00064,IT,SUP-00001,2026-05-01,2026-05-04,Approved
PR-06183,EMP-00061,Operations,SUP-00030,2026-04-20,2026-04-25,Approved
PR-06184,EMP-00018,Engineering,SUP-00036,2026-04-26,2026-05-06,Approved
PR-06185,EMP-00001,Engineering,SUP-00042,2026-05-09,2026-05-10,Approved
PR-06186,EMP-00022,Marketing,SUP-00012,2026-02-11,2026-02-16,Approved
PR-06187,EMP-00057,HR,SUP-00004,2026-02-15,2026-02-17,Approved
PR-06188,EMP-00087,IT,SUP-00012,2026-01-08,2026-01-11,Approved
PR-06189,EMP-00003,Engineering,SUP-00017,2026-03-18,2026-03-20,Approved
PR-06190,EMP-00034,IT,SUP-00025,2026-03-06,2026-03-15,Approved
PR-06191,EMP-00076,HR,SUP-00026,2026-05-28,2026-06-12,Approved
PR-06192,EMP-00092,Engineering,SUP-00020,2026-02-10,2026-02-13,Rejected
PR-06193,EMP-00020,Marketing,SUP-00021,2026-01-29,2026-01-31,Approved
PR-06194,EMP-00076,HR,SUP-00040,2026-02-23,2026-03-04,Approved
PR-06195,EMP-00063,Finance,SUP-00002,2026-01-06,2026-01-08,Approved
PR-06196,EMP-00047,IT,SUP-00024,2026-05-24,2026-05-27,Approved
PR-06197,EMP-00080,Marketing,SUP-00009,2026-03-30,2026-04-01,Approved
PR-06198,EMP-00078,HR,SUP-00036,2026-01-02,2026-01-03,Approved
PR-06199,EMP-00033,IT,SUP-00011,2026-05-09,2026-05-13,Approved
PR-06200,EMP-00069,Finance,SUP-00008,2026-02-13,2026-02-18,Approved
PR-06201,EMP-00015,Operations,SUP-00031,2026-04-03,2026-04-08,Approved
PR-06202,EMP-00050,Procurement,SUP-00038,2026-04-28,2026-05-01,Approved
PR-06203,EMP-00045,IT,SUP-00024,2026-03-09,2026-03-12,Approved
PR-06204,EMP-00019,IT,SUP-00049,2026-04-01,2026-04-05,Approved
PR-06205,EMP-00085,Sales,SUP-00017,2026-04-25,2026-04-27,Approved
PR-06206,EMP-00021,IT,SUP-00049,2026-05-26,2026-05-28,Approved
PR-06207,EMP-00058,IT,SUP-00025,2026-02-13,2026-02-15,Approved
PR-06208,EMP-00079,Operations,SUP-00037,2026-03-11,2026-03-13,Approved
PR-06209,EMP-00060,Operations,SUP-00017,2026-03-18,2026-03-19,Approved
PR-06210,EMP-00007,Engineering,SUP-00001,2026-02-18,2026-02-19,Approved
PR-06211,EMP-00064,IT,SUP-00044,2026-05-17,2026-05-28,Approved
PR-06212,EMP-00077,Operations,SUP-00027,2026-02-17,2026-02-21,Approved
PR-06213,EMP-00014,Marketing,SUP-00035,2026-04-23,2026-04-27,Approved
PR-06214,EMP-00061,Operations,SUP-00003,2026-03-16,2026-03-18,Approved
PR-06215,EMP-00050,Procurement,SUP-00020,2026-04-28,2026-05-01,Approved
PR-06216,EMP-00021,IT,SUP-00050,2026-02-04,2026-02-06,Approved
PR-06217,EMP-00087,IT,SUP-00002,2026-02-02,2026-02-15,Approved
PR-06218,EMP-00005,HR,SUP-00027,2026-01-07,2026-01-09,Rejected
PR-06219,EMP-00087,IT,SUP-00013,2026-04-23,2026-04-24,Approved
PR-06220,EMP-00061,Operations,SUP-00020,2026-01-08,2026-01-10,Rejected
PR-06221,EMP-00073,HR,SUP-00028,2026-01-15,2026-01-17,Approved
PR-06222,EMP-00052,Finance,SUP-00026,2026-02-22,2026-02-23,Approved
PR-06223,EMP-00070,Sales,SUP-00028,2026-05-14,2026-05-18,Approved
PR-06224,EMP-00006,HR,SUP-00028,2026-04-24,2026-04-26,Approved
PR-06225,EMP-00084,Sales,SUP-00006,2026-03-27,2026-03-28,Approved
PR-06226,EMP-00052,Finance,SUP-00007,2026-05-02,2026-05-04,Approved
PR-06227,EMP-00031,Procurement,SUP-00013,2026-03-27,2026-03-30,Approved
PR-06228,EMP-00084,Sales,SUP-00019,2026-01-25,2026-01-27,Approved
PR-06229,EMP-00089,Operations,SUP-00017,2026-04-11,2026-04-12,Rejected
PR-06230,EMP-00094,HR,SUP-00023,2026-02-17,2026-02-19,Approved
PR-06231,EMP-00019,IT,SUP-00030,2026-01-20,2026-01-22,Approved
PR-06232,EMP-00079,Operations,SUP-00009,2026-03-24,2026-03-27,Approved
PR-06233,EMP-00004,Engineering,SUP-00024,2026-04-20,2026-04-25,Approved
PR-06234,EMP-00084,Sales,SUP-00047,2026-01-04,2026-01-07,Rejected
PR-06235,EMP-00019,IT,SUP-00012,2026-01-16,2026-01-27,Approved
PR-06236,EMP-00080,Marketing,SUP-00004,2026-01-29,2026-02-10,Approved
PR-06237,EMP-00063,Finance,SUP-00018,2026-03-20,2026-03-27,Approved
PR-06238,EMP-00017,Sales,SUP-00008,2026-03-09,2026-03-15,Approved
PR-06239,EMP-00009,Finance,SUP-00006,2026-03-08,2026-03-11,Approved
PR-06240,EMP-00029,IT,SUP-00016,2026-04-22,2026-04-24,Approved
PR-06241,EMP-00068,Marketing,SUP-00005,2026-05-25,2026-05-27,Approved
PR-06242,EMP-00077,Operations,SUP-00004,2026-05-07,2026-05-18,Approved
PR-06243,EMP-00070,Sales,SUP-00013,2026-05-10,2026-05-11,Approved
PR-06244,EMP-00041,Marketing,SUP-00042,2026-01-14,2026-01-17,Approved
PR-06245,EMP-00078,HR,SUP-00016,2026-02-18,2026-02-19,Approved
PR-06246,EMP-00037,IT,SUP-00031,2026-03-05,2026-03-08,Approved
PR-06247,EMP-00074,Engineering,SUP-00008,2026-04-25,2026-04-30,Approved
PR-06248,EMP-00078,HR,SUP-00031,2026-04-13,2026-04-18,Approved
PR-06249,EMP-00057,HR,SUP-00049,2026-01-06,2026-01-08,Approved
PR-06250,EMP-00009,Finance,SUP-00005,2026-05-03,2026-05-07,Approved
PR-06251,EMP-00028,Marketing,SUP-00029,2026-02-22,2026-03-05,Approved
PR-06252,EMP-00041,Marketing,SUP-00023,2026-05-07,2026-05-21,Approved
PR-06253,EMP-00032,Procurement,SUP-00004,2026-01-10,2026-01-22,Approved
PR-06254,EMP-00035,Marketing,SUP-00006,2026-02-17,2026-03-02,Approved
PR-06255,EMP-00041,Marketing,SUP-00042,2026-03-31,2026-04-04,Approved
PR-06256,EMP-00055,Procurement,SUP-00046,2026-01-18,2026-01-21,Approved
PR-06257,EMP-00046,Operations,SUP-00019,2026-02-16,2026-02-19,Approved
PR-06258,EMP-00020,Marketing,SUP-00039,2026-05-10,2026-05-21,Approved
PR-06259,EMP-00065,Marketing,SUP-00041,2026-01-04,2026-01-05,Approved
PR-06260,EMP-00089,Operations,SUP-00042,2026-01-31,2026-02-04,Rejected
PR-06261,EMP-00057,HR,SUP-00027,2026-03-13,2026-03-20,Approved
PR-06262,EMP-00088,Operations,SUP-00003,2026-04-25,2026-04-29,Approved
PR-06263,EMP-00024,HR,SUP-00001,2026-05-24,2026-05-29,Approved
PR-06264,EMP-00009,Finance,SUP-00039,2026-05-23,2026-05-27,Rejected
PR-06265,EMP-00018,Engineering,SUP-00020,2026-03-25,2026-03-28,Rejected
PR-06266,EMP-00009,Finance,SUP-00048,2026-03-14,2026-03-19,Approved
PR-06267,EMP-00021,IT,SUP-00006,2026-04-28,2026-05-12,Approved
PR-06268,EMP-00007,Engineering,SUP-00030,2026-01-01,2026-01-06,Approved
PR-06269,EMP-00048,Operations,SUP-00027,2026-03-07,2026-03-09,Approved
PR-06270,EMP-00024,HR,SUP-00034,2026-03-30,2026-04-04,Approved
PR-06271,EMP-00014,Marketing,SUP-00002,2026-05-08,2026-05-11,Approved
PR-06272,EMP-00025,Marketing,SUP-00043,2026-04-13,2026-04-21,Approved
PR-06273,EMP-00085,Sales,SUP-00043,2026-04-24,2026-04-25,Approved
PR-06274,EMP-00069,Finance,SUP-00032,2026-02-13,2026-02-15,Approved
PR-06275,EMP-00001,Engineering,SUP-00022,2026-04-02,2026-04-05,Approved
PR-06276,EMP-00053,Operations,SUP-00034,2026-04-09,2026-04-14,Approved
PR-06277,EMP-00016,Marketing,SUP-00042,2026-02-19,2026-02-24,Approved
PR-06278,EMP-00048,Operations,SUP-00050,2026-05-17,2026-05-22,Approved
PR-06279,EMP-00089,Operations,SUP-00024,2026-03-19,2026-03-24,Approved
PR-06280,EMP-00021,IT,SUP-00028,2026-03-01,2026-03-03,Approved
PR-06281,EMP-00051,Procurement,SUP-00028,2026-04-30,2026-05-03,Approved
PR-06282,EMP-00093,IT,SUP-00036,2026-03-07,2026-03-08,Approved
PR-06283,EMP-00074,Engineering,SUP-00013,2026-05-05,2026-05-08,Approved
PR-06284,EMP-00086,HR,SUP-00014,2026-03-23,2026-03-25,Approved
PR-06285,EMP-00005,HR,SUP-00042,2026-01-12,2026-01-13,Approved
PR-06286,EMP-00052,Finance,SUP-00008,2026-05-09,2026-05-11,Approved
PR-06287,EMP-00014,Marketing,SUP-00050,2026-04-03,2026-04-17,Approved
PR-06288,EMP-00039,Operations,SUP-00026,2026-01-11,2026-01-14,Approved
PR-06289,EMP-00014,Marketing,SUP-00026,2026-05-28,2026-06-02,Approved
PR-06290,EMP-00080,Marketing,SUP-00022,2026-01-06,2026-01-07,Approved
PR-06291,EMP-00040,Sales,SUP-00029,2026-02-05,2026-02-09,Approved
PR-06292,EMP-00074,Engineering,SUP-00021,2026-01-20,2026-01-22,Approved
PR-06293,EMP-00091,Operations,SUP-00039,2026-01-11,2026-01-16,Approved
PR-06294,EMP-00055,Procurement,SUP-00038,2026-04-02,2026-04-15,Approved
PR-06295,EMP-00009,Finance,SUP-00045,2026-03-23,2026-04-03,Rejected
PR-06296,EMP-00072,Procurement,SUP-00026,2026-03-30,2026-04-01,Approved
PR-06297,EMP-00014,Marketing,SUP-00046,2026-03-19,2026-04-02,Approved
PR-06298,EMP-00013,Procurement,SUP-00025,2026-04-28,2026-04-30,Approved
PR-06299,EMP-00090,Engineering,SUP-00018,2026-01-15,2026-01-20,Approved
PR-06300,EMP-00020,Marketing,SUP-00036,2026-03-24,2026-04-02,Approved
PR-06301,EMP-00027,Operations,SUP-00008,2026-04-11,2026-04-13,Approved
PR-06302,EMP-00060,Operations,SUP-00015,2026-05-01,2026-05-03,Approved
PR-06303,EMP-00060,Operations,SUP-00024,2026-04-22,2026-04-23,Approved
PR-06304,EMP-00056,Finance,SUP-00014,2026-03-09,2026-03-11,Approved
PR-06305,EMP-00061,Operations,SUP-00017,2026-04-26,2026-04-29,Approved
PR-06306,EMP-00010,Operations,SUP-00013,2026-01-18,2026-01-20,Approved
PR-06307,EMP-00011,Sales,SUP-00007,2026-04-07,2026-04-09,Approved
PR-06308,EMP-00081,IT,SUP-00050,2026-04-16,2026-04-19,Approved
PR-06309,EMP-00059,Marketing,SUP-00035,2026-02-02,2026-02-07,Approved
PR-06310,EMP-00061,Operations,SUP-00048,2026-03-26,2026-03-28,Approved
PR-06311,EMP-00073,HR,SUP-00036,2026-03-30,2026-04-01,Approved
PR-06312,EMP-00015,Operations,SUP-00041,2026-04-18,2026-04-20,Approved
PR-06313,EMP-00069,Finance,SUP-00031,2026-05-03,2026-05-07,Approved
PR-06314,EMP-00021,IT,SUP-00024,2026-01-04,2026-01-15,Rejected
PR-06315,EMP-00008,HR,SUP-00018,2026-04-25,2026-04-30,Approved
PR-06316,EMP-00068,Marketing,SUP-00013,2026-02-16,2026-03-03,Approved
PR-06317,EMP-00043,Finance,SUP-00014,2026-03-08,2026-03-15,Approved
PR-06318,EMP-00079,Operations,SUP-00012,2026-01-18,2026-01-26,Approved
PR-06319,EMP-00081,IT,SUP-00023,2026-03-11,2026-03-16,Approved
PR-06320,EMP-00058,IT,SUP-00008,2026-01-17,2026-01-22,Approved
PR-06321,EMP-00028,Marketing,SUP-00047,2026-01-07,2026-01-18,Approved
PR-06322,EMP-00059,Marketing,SUP-00024,2026-05-21,2026-05-23,Approved
PR-06323,EMP-00066,Finance,SUP-00050,2026-05-18,2026-05-21,Approved
PR-06324,EMP-00079,Operations,SUP-00003,2026-05-19,2026-05-22,Approved
PR-06325,EMP-00089,Operations,SUP-00008,2026-03-20,2026-03-22,Approved
PR-06326,EMP-00077,Operations,SUP-00043,2026-05-03,2026-05-04,Approved
PR-06327,EMP-00042,Marketing,SUP-00038,2026-02-24,2026-02-26,Approved
PR-06328,EMP-00039,Operations,SUP-00018,2026-02-20,2026-02-22,Approved
PR-06329,EMP-00097,Sales,SUP-00047,2026-04-12,2026-04-27,Approved
PR-06330,EMP-00100,Engineering,SUP-00024,2026-05-20,2026-06-01,Approved
PR-06331,EMP-00070,Sales,SUP-00043,2026-02-14,2026-02-17,Approved
PR-06332,EMP-00002,Marketing,SUP-00042,2026-02-02,2026-02-10,Approved
PR-06333,EMP-00044,IT,SUP-00017,2026-01-27,2026-01-30,Approved
PR-06334,EMP-00029,IT,SUP-00014,2026-04-28,2026-04-30,Approved
PR-06335,EMP-00007,Engineering,SUP-00022,2026-03-22,2026-03-23,Approved
PR-06336,EMP-00037,IT,SUP-00026,2026-02-27,2026-03-01,Rejected
PR-06337,EMP-00090,Engineering,SUP-00009,2026-01-25,2026-02-01,Approved
PR-06338,EMP-00021,IT,SUP-00012,2026-05-25,2026-05-27,Approved
PR-06339,EMP-00069,Finance,SUP-00050,2026-04-22,2026-04-26,Approved
PR-06340,EMP-00048,Operations,SUP-00044,2026-02-23,2026-02-27,Approved
PR-06341,EMP-00086,HR,SUP-00001,2026-04-13,2026-04-15,Rejected
PR-06342,EMP-00089,Operations,SUP-00007,2026-03-04,2026-03-19,Approved
PR-06343,EMP-00011,Sales,SUP-00037,2026-03-18,2026-03-22,Approved
PR-06344,EMP-00018,Engineering,SUP-00019,2026-05-27,2026-05-29,Approved
PR-06345,EMP-00083,Engineering,SUP-00022,2026-04-03,2026-04-15,Approved
PR-06346,EMP-00100,Engineering,SUP-00041,2026-01-11,2026-01-12,Approved
PR-06347,EMP-00018,Engineering,SUP-00045,2026-04-12,2026-04-22,Approved
PR-06348,EMP-00050,Procurement,SUP-00009,2026-03-02,2026-03-05,Approved
PR-06349,EMP-00084,Sales,SUP-00017,2026-01-08,2026-01-11,Approved
PR-06350,EMP-00015,Operations,SUP-00002,2026-01-07,2026-01-09,Approved
PR-06351,EMP-00036,Engineering,SUP-00049,2026-01-20,2026-01-21,Approved
PR-06352,EMP-00021,IT,SUP-00022,2026-03-29,2026-04-09,Approved
PR-06353,EMP-00001,Engineering,SUP-00026,2026-05-28,2026-05-30,Approved
PR-06354,EMP-00087,IT,SUP-00017,2026-02-25,2026-03-10,Approved
PR-06355,EMP-00088,Operations,SUP-00033,2026-01-27,2026-02-10,Approved
PR-06356,EMP-00028,Marketing,SUP-00047,2026-05-06,2026-05-14,Approved
PR-06357,EMP-00049,IT,SUP-00023,2026-05-12,2026-05-14,Approved
PR-06358,EMP-00009,Finance,SUP-00030,2026-03-11,2026-03-13,Approved
PR-06359,EMP-00014,Marketing,SUP-00019,2026-02-24,2026-02-28,Approved
PR-06360,EMP-00043,Finance,SUP-00011,2026-01-28,2026-02-03,Approved
PR-06361,EMP-00004,Engineering,SUP-00009,2026-05-28,2026-06-08,Approved
PR-06362,EMP-00055,Procurement,SUP-00022,2026-01-18,2026-01-19,Approved
PR-06363,EMP-00040,Sales,SUP-00022,2026-01-05,2026-01-11,Approved
PR-06364,EMP-00002,Marketing,SUP-00050,2026-05-26,2026-06-03,Approved
PR-06365,EMP-00033,IT,SUP-00031,2026-02-25,2026-02-27,Approved
PR-06366,EMP-00006,HR,SUP-00009,2026-04-04,2026-04-06,Approved
PR-06367,EMP-00039,Operations,SUP-00044,2026-01-01,2026-01-04,Approved
PR-06368,EMP-00087,IT,SUP-00023,2026-04-02,2026-04-04,Approved
PR-06369,EMP-00093,IT,SUP-00015,2026-05-24,2026-06-05,Approved
PR-06370,EMP-00005,HR,SUP-00044,2026-05-07,2026-05-10,Approved
PR-06371,EMP-00043,Finance,SUP-00033,2026-01-25,2026-02-05,Approved
PR-06372,EMP-00054,HR,SUP-00050,2026-03-27,2026-04-10,Approved
PR-06373,EMP-00021,IT,SUP-00009,2026-04-05,2026-04-08,Approved
PR-06374,EMP-00064,IT,SUP-00017,2026-04-12,2026-04-21,Approved
PR-06375,EMP-00053,Operations,SUP-00027,2026-02-09,2026-02-14,Approved
PR-06376,EMP-00053,Operations,SUP-00050,2026-05-16,2026-05-22,Approved
PR-06377,EMP-00055,Procurement,SUP-00037,2026-01-09,2026-01-12,Approved
PR-06378,EMP-00062,HR,SUP-00025,2026-05-04,2026-05-15,Approved
PR-06379,EMP-00025,Marketing,SUP-00019,2026-02-24,2026-02-26,Approved
PR-06380,EMP-00084,Sales,SUP-00002,2026-05-26,2026-05-29,Approved
PR-06381,EMP-00053,Operations,SUP-00016,2026-05-14,2026-05-16,Approved
PR-06382,EMP-00056,Finance,SUP-00049,2026-01-31,2026-02-02,Approved
PR-06383,EMP-00011,Sales,SUP-00001,2026-04-09,2026-04-10,Approved
PR-06384,EMP-00007,Engineering,SUP-00037,2026-03-19,2026-04-01,Approved
PR-06385,EMP-00074,Engineering,SUP-00019,2026-05-10,2026-05-25,Approved
PR-06386,EMP-00064,IT,SUP-00020,2026-03-23,2026-04-05,Approved
PR-06387,EMP-00006,HR,SUP-00013,2026-04-21,2026-04-22,Rejected
PR-06388,EMP-00057,HR,SUP-00017,2026-01-16,2026-01-17,Approved
PR-06389,EMP-00084,Sales,SUP-00027,2026-05-31,2026-06-01,Approved
PR-06390,EMP-00088,Operations,SUP-00049,2026-05-12,2026-05-18,Approved
PR-06391,EMP-00072,Procurement,SUP-00018,2026-02-04,2026-02-07,Approved
PR-06392,EMP-00029,IT,SUP-00025,2026-05-25,2026-05-28,Approved
PR-06393,EMP-00034,IT,SUP-00012,2026-02-12,2026-02-17,Approved
PR-06394,EMP-00002,Marketing,SUP-00050,2026-03-28,2026-04-01,Approved
PR-06395,EMP-00033,IT,SUP-00007,2026-04-10,2026-04-13,Approved
PR-06396,EMP-00044,IT,SUP-00021,2026-02-14,2026-02-15,Approved
PR-06397,EMP-00005,HR,SUP-00033,2026-03-22,2026-04-03,Approved
PR-06398,EMP-00030,Sales,SUP-00014,2026-04-05,2026-04-19,Approved
PR-06399,EMP-00047,IT,SUP-00042,2026-04-22,2026-04-25,Approved
PR-06400,EMP-00087,IT,SUP-00023,2026-01-07,2026-01-10,Rejected
PR-06401,EMP-00052,Finance,SUP-00044,2026-01-13,2026-01-18,Approved
PR-06402,EMP-00039,Operations,SUP-00018,2026-04-06,2026-04-09,Approved
PR-06403,EMP-00048,Operations,SUP-00021,2026-02-12,2026-02-15,Approved
PR-06404,EMP-00060,Operations,SUP-00041,2026-05-04,2026-05-06,Approved
PR-06405,EMP-00099,Sales,SUP-00042,2026-02-13,2026-02-15,Approved
PR-06406,EMP-00049,IT,SUP-00015,2026-04-28,2026-04-29,Approved
PR-06407,EMP-00097,Sales,SUP-00012,2026-02-07,2026-02-10,Approved
PR-06408,EMP-00054,HR,SUP-00047,2026-01-28,2026-01-31,Approved
PR-06409,EMP-00051,Procurement,SUP-00031,2026-02-25,2026-02-26,Approved
PR-06410,EMP-00036,Engineering,SUP-00015,2026-02-23,2026-02-26,Approved
PR-06411,EMP-00078,HR,SUP-00039,2026-04-30,2026-05-10,Rejected
PR-06412,EMP-00017,Sales,SUP-00021,2026-03-27,2026-03-31,Rejected
PR-06413,EMP-00038,Marketing,SUP-00033,2026-02-02,2026-02-03,Approved
PR-06414,EMP-00021,IT,SUP-00049,2026-05-30,2026-06-08,Approved
PR-06415,EMP-00066,Finance,SUP-00047,2026-03-20,2026-03-21,Approved
PR-06416,EMP-00027,Operations,SUP-00025,2026-04-08,2026-04-10,Approved
PR-06417,EMP-00019,IT,SUP-00032,2026-05-10,2026-05-11,Approved
PR-06418,EMP-00023,IT,SUP-00019,2026-03-22,2026-03-23,Approved
PR-06419,EMP-00023,IT,SUP-00013,2026-05-04,2026-05-05,Approved
PR-06420,EMP-00046,Operations,SUP-00038,2026-03-02,2026-03-07,Approved
PR-06421,EMP-00049,IT,SUP-00029,2026-04-15,2026-04-23,Approved
PR-06422,EMP-00013,Procurement,SUP-00007,2026-04-16,2026-04-20,Approved
PR-06423,EMP-00086,HR,SUP-00004,2026-01-18,2026-01-19,Approved
PR-06424,EMP-00035,Marketing,SUP-00042,2026-02-20,2026-02-27,Approved
PR-06425,EMP-00087,IT,SUP-00048,2026-04-13,2026-04-15,Approved
PR-06426,EMP-00083,Engineering,SUP-00006,2026-05-11,2026-05-14,Approved
PR-06427,EMP-00060,Operations,SUP-00001,2026-01-18,2026-01-30,Approved
PR-06428,EMP-00077,Operations,SUP-00049,2026-04-02,2026-04-05,Approved
PR-06429,EMP-00098,Sales,SUP-00039,2026-03-13,2026-03-17,Approved
PR-06430,EMP-00063,Finance,SUP-00033,2026-02-13,2026-02-16,Approved
PR-06431,EMP-00015,Operations,SUP-00045,2026-01-14,2026-01-17,Approved
PR-06432,EMP-00020,Marketing,SUP-00049,2026-04-15,2026-04-19,Approved
PR-06433,EMP-00014,Marketing,SUP-00004,2026-03-17,2026-03-23,Rejected
PR-06434,EMP-00078,HR,SUP-00021,2026-04-06,2026-04-09,Approved
PR-06435,EMP-00054,HR,SUP-00049,2026-05-13,2026-05-14,Approved
PR-06436,EMP-00040,Sales,SUP-00041,2026-02-24,2026-03-08,Approved
PR-06437,EMP-00035,Marketing,SUP-00016,2026-01-08,2026-01-19,Approved
PR-06438,EMP-00054,HR,SUP-00006,2026-03-21,2026-03-24,Approved
PR-06439,EMP-00093,IT,SUP-00027,2026-01-27,2026-01-28,Approved
PR-06440,EMP-00009,Finance,SUP-00035,2026-02-16,2026-02-21,Approved
PR-06441,EMP-00089,Operations,SUP-00020,2026-04-04,2026-04-18,Approved
PR-06442,EMP-00072,Procurement,SUP-00047,2026-05-08,2026-05-20,Approved
PR-06443,EMP-00061,Operations,SUP-00033,2026-03-20,2026-03-23,Approved
PR-06444,EMP-00001,Engineering,SUP-00049,2026-02-09,2026-02-10,Approved
PR-06445,EMP-00077,Operations,SUP-00003,2026-05-27,2026-05-29,Approved
PR-06446,EMP-00005,HR,SUP-00027,2026-01-28,2026-01-31,Approved
PR-06447,EMP-00047,IT,SUP-00005,2026-03-01,2026-03-03,Approved
PR-06448,EMP-00074,Engineering,SUP-00006,2026-01-31,2026-02-05,Approved
PR-06449,EMP-00090,Engineering,SUP-00030,2026-01-16,2026-01-24,Approved
PR-06450,EMP-00044,IT,SUP-00010,2026-01-30,2026-02-09,Approved
PR-06451,EMP-00093,IT,SUP-00036,2026-02-25,2026-02-28,Approved
PR-06452,EMP-00072,Procurement,SUP-00046,2026-01-09,2026-01-11,Approved
PR-06453,EMP-00072,Procurement,SUP-00021,2026-03-18,2026-03-19,Approved
PR-06454,EMP-00087,IT,SUP-00041,2026-04-30,2026-05-01,Approved
PR-06455,EMP-00046,Operations,SUP-00046,2026-01-08,2026-01-13,Approved
PR-06456,EMP-00041,Marketing,SUP-00031,2026-03-11,2026-03-13,Approved
PR-06457,EMP-00022,Marketing,SUP-00013,2026-04-27,2026-04-29,Approved
PR-06458,EMP-00090,Engineering,SUP-00033,2026-05-10,2026-05-12,Approved
PR-06459,EMP-00038,Marketing,SUP-00038,2026-01-09,2026-01-13,Approved
PR-06460,EMP-00008,HR,SUP-00019,2026-02-24,2026-02-27,Approved
PR-06461,EMP-00045,IT,SUP-00008,2026-03-31,2026-04-01,Approved
PR-06462,EMP-00041,Marketing,SUP-00018,2026-02-07,2026-02-11,Approved
PR-06463,EMP-00059,Marketing,SUP-00007,2026-04-12,2026-04-15,Approved
PR-06464,EMP-00061,Operations,SUP-00019,2026-05-21,2026-05-25,Approved
PR-06465,EMP-00001,Engineering,SUP-00037,2026-04-12,2026-04-19,Approved
PR-06466,EMP-00047,IT,SUP-00049,2026-02-20,2026-02-25,Approved
PR-06467,EMP-00064,IT,SUP-00009,2026-04-08,2026-04-19,Approved
PR-06468,EMP-00017,Sales,SUP-00036,2026-01-19,2026-01-21,Approved
PR-06469,EMP-00054,HR,SUP-00010,2026-03-09,2026-03-20,Approved
PR-06470,EMP-00076,HR,SUP-00010,2026-05-06,2026-05-10,Approved
PR-06471,EMP-00051,Procurement,SUP-00034,2026-03-26,2026-03-28,Approved
PR-06472,EMP-00048,Operations,SUP-00012,2026-03-12,2026-03-15,Approved
PR-06473,EMP-00072,Procurement,SUP-00029,2026-01-23,2026-01-24,Approved
PR-06474,EMP-00040,Sales,SUP-00025,2026-02-15,2026-02-24,Approved
PR-06475,EMP-00049,IT,SUP-00029,2026-05-11,2026-05-12,Approved
PR-06476,EMP-00044,IT,SUP-00044,2026-02-15,2026-02-23,Approved
PR-06477,EMP-00017,Sales,SUP-00025,2026-02-06,2026-02-08,Approved
PR-06478,EMP-00009,Finance,SUP-00026,2026-04-10,2026-04-14,Approved
PR-06479,EMP-00027,Operations,SUP-00007,2026-04-04,2026-04-07,Approved
PR-06480,EMP-00017,Sales,SUP-00034,2026-03-02,2026-03-04,Approved
PR-06481,EMP-00008,HR,SUP-00024,2026-05-01,2026-05-09,Approved
PR-06482,EMP-00001,Engineering,SUP-00024,2026-04-10,2026-04-15,Approved
PR-06483,EMP-00017,Sales,SUP-00003,2026-05-04,2026-05-07,Approved
PR-06484,EMP-00095,Marketing,SUP-00002,2026-02-06,2026-02-08,Approved
PR-06485,EMP-00096,HR,SUP-00048,2026-03-13,2026-03-15,Approved
PR-06486,EMP-00005,HR,SUP-00034,2026-04-26,2026-04-30,Approved
PR-06487,EMP-00024,HR,SUP-00006,2026-04-26,2026-05-11,Approved
PR-06488,EMP-00092,Engineering,SUP-00033,2026-04-15,2026-04-20,Approved
PR-06489,EMP-00079,Operations,SUP-00045,2026-04-17,2026-04-20,Approved
PR-06490,EMP-00048,Operations,SUP-00019,2026-05-27,2026-05-29,Approved
PR-06491,EMP-00062,HR,SUP-00037,2026-03-30,2026-04-02,Approved
PR-06492,EMP-00053,Operations,SUP-00013,2026-05-31,2026-06-11,Approved
PR-06493,EMP-00078,HR,SUP-00037,2026-02-23,2026-02-24,Rejected
PR-06494,EMP-00030,Sales,SUP-00042,2026-03-26,2026-03-28,Approved
PR-06495,EMP-00059,Marketing,SUP-00027,2026-03-01,2026-03-02,Approved
PR-06496,EMP-00071,Procurement,SUP-00036,2026-03-02,2026-03-03,Approved
PR-06497,EMP-00016,Marketing,SUP-00013,2026-02-17,2026-02-21,Approved
PR-06498,EMP-00019,IT,SUP-00032,2026-03-28,2026-03-31,Approved
PR-06499,EMP-00098,Sales,SUP-00026,2026-03-25,2026-03-30,Approved
PR-06500,EMP-00072,Procurement,SUP-00017,2026-03-29,2026-03-31,Approved
PR-06501,EMP-00049,IT,SUP-00042,2026-05-03,2026-05-04,Approved
PR-06502,EMP-00099,Sales,SUP-00011,2026-02-09,2026-02-12,Approved
PR-06503,EMP-00038,Marketing,SUP-00046,2026-03-26,2026-03-27,Approved
PR-06504,EMP-00100,Engineering,SUP-00046,2026-01-17,2026-01-21,Approved
PR-06505,EMP-00065,Marketing,SUP-00009,2026-04-08,2026-04-13,Approved
PR-06506,EMP-00088,Operations,SUP-00005,2026-04-07,2026-04-18,Approved
PR-06507,EMP-00027,Operations,SUP-00020,2026-03-02,2026-03-03,Approved
PR-06508,EMP-00023,IT,SUP-00013,2026-03-17,2026-03-18,Approved
PR-06509,EMP-00027,Operations,SUP-00027,2026-04-30,2026-05-03,Approved
PR-06510,EMP-00004,Engineering,SUP-00039,2026-03-19,2026-04-02,Approved
PR-06511,EMP-00002,Marketing,SUP-00005,2026-05-28,2026-05-30,Approved
PR-06512,EMP-00043,Finance,SUP-00030,2026-01-09,2026-01-11,Approved
PR-06513,EMP-00079,Operations,SUP-00004,2026-01-04,2026-01-07,Approved
PR-06514,EMP-00024,HR,SUP-00014,2026-02-23,2026-02-26,Approved
PR-06515,EMP-00045,IT,SUP-00016,2026-03-17,2026-03-18,Approved
PR-06516,EMP-00004,Engineering,SUP-00046,2026-04-08,2026-04-10,Approved
PR-06517,EMP-00011,Sales,SUP-00033,2026-03-08,2026-03-20,Approved
PR-06518,EMP-00011,Sales,SUP-00048,2026-05-05,2026-05-07,Approved
PR-06519,EMP-00062,HR,SUP-00029,2026-05-19,2026-05-31,Approved
PR-06520,EMP-00056,Finance,SUP-00012,2026-02-14,2026-02-17,Approved
PR-06521,EMP-00094,HR,SUP-00015,2026-05-25,2026-05-30,Approved
PR-06522,EMP-00060,Operations,SUP-00031,2026-02-20,2026-02-21,Approved
PR-06523,EMP-00057,HR,SUP-00041,2026-02-25,2026-02-28,Approved
PR-06524,EMP-00078,HR,SUP-00050,2026-01-21,2026-01-23,Approved
PR-06525,EMP-00087,IT,SUP-00014,2026-01-06,2026-01-08,Approved
PR-06526,EMP-00008,HR,SUP-00012,2026-05-04,2026-05-08,Approved
PR-06527,EMP-00037,IT,SUP-00005,2026-05-16,2026-05-19,Approved
PR-06528,EMP-00012,Finance,SUP-00002,2026-02-05,2026-02-08,Approved
PR-06529,EMP-00055,Procurement,SUP-00020,2026-02-13,2026-02-16,Approved
PR-06530,EMP-00077,Operations,SUP-00023,2026-05-22,2026-05-29,Approved
PR-06531,EMP-00058,IT,SUP-00050,2026-05-06,2026-05-08,Approved
PR-06532,EMP-00034,IT,SUP-00007,2026-03-05,2026-03-09,Approved
PR-06533,EMP-00069,Finance,SUP-00043,2026-04-22,2026-04-23,Approved
PR-06534,EMP-00043,Finance,SUP-00041,2026-01-13,2026-01-18,Approved
PR-06535,EMP-00016,Marketing,SUP-00001,2026-03-30,2026-04-14,Approved
PR-06536,EMP-00066,Finance,SUP-00002,2026-03-08,2026-03-09,Approved
PR-06537,EMP-00095,Marketing,SUP-00009,2026-01-15,2026-01-22,Approved
PR-06538,EMP-00043,Finance,SUP-00027,2026-02-18,2026-02-22,Approved
PR-06539,EMP-00092,Engineering,SUP-00002,2026-03-21,2026-03-31,Approved
PR-06540,EMP-00041,Marketing,SUP-00040,2026-04-29,2026-05-04,Approved
PR-06541,EMP-00030,Sales,SUP-00035,2026-02-06,2026-02-09,Approved
PR-06542,EMP-00094,HR,SUP-00047,2026-02-15,2026-02-18,Rejected
PR-06543,EMP-00086,HR,SUP-00048,2026-04-05,2026-04-08,Approved
PR-06544,EMP-00018,Engineering,SUP-00028,2026-01-13,2026-01-23,Approved
PR-06545,EMP-00043,Finance,SUP-00044,2026-03-09,2026-03-12,Approved
PR-06546,EMP-00005,HR,SUP-00036,2026-05-14,2026-05-27,Approved
PR-06547,EMP-00064,IT,SUP-00023,2026-03-18,2026-03-24,Approved
PR-06548,EMP-00077,Operations,SUP-00034,2026-04-02,2026-04-04,Approved
PR-06549,EMP-00060,Operations,SUP-00035,2026-02-07,2026-02-09,Approved
PR-06550,EMP-00067,Sales,SUP-00040,2026-04-05,2026-04-17,Approved
PR-06551,EMP-00052,Finance,SUP-00034,2026-04-29,2026-05-01,Approved
PR-06552,EMP-00054,HR,SUP-00035,2026-05-27,2026-05-30,Approved
PR-06553,EMP-00041,Marketing,SUP-00007,2026-04-12,2026-04-15,Approved
PR-06554,EMP-00071,Procurement,SUP-00037,2026-02-28,2026-03-04,Approved
PR-06555,EMP-00067,Sales,SUP-00023,2026-05-08,2026-05-12,Approved
PR-06556,EMP-00089,Operations,SUP-00027,2026-03-23,2026-03-24,Approved
PR-06557,EMP-00013,Procurement,SUP-00037,2026-01-12,2026-01-13,Approved
PR-06558,EMP-00003,Engineering,SUP-00048,2026-02-15,2026-02-17,Approved
PR-06559,EMP-00076,HR,SUP-00035,2026-05-04,2026-05-17,Approved
PR-06560,EMP-00076,HR,SUP-00018,2026-03-30,2026-04-02,Approved
PR-06561,EMP-00034,IT,SUP-00043,2026-03-01,2026-03-02,Approved
PR-06562,EMP-00007,Engineering,SUP-00049,2026-04-17,2026-04-19,Approved
PR-06563,EMP-00057,HR,SUP-00013,2026-01-14,2026-01-17,Approved
PR-06564,EMP-00034,IT,SUP-00021,2026-04-14,2026-04-26,Approved
PR-06565,EMP-00058,IT,SUP-00022,2026-05-25,2026-05-28,Approved
PR-06566,EMP-00093,IT,SUP-00005,2026-02-22,2026-03-08,Rejected
PR-06567,EMP-00014,Marketing,SUP-00030,2026-01-29,2026-02-01,Approved
PR-06568,EMP-00084,Sales,SUP-00012,2026-01-05,2026-01-07,Approved
PR-06569,EMP-00005,HR,SUP-00028,2026-04-29,2026-05-02,Approved
PR-06570,EMP-00070,Sales,SUP-00013,2026-05-20,2026-05-21,Approved
PR-06571,EMP-00074,Engineering,SUP-00046,2026-05-28,2026-05-30,Approved
PR-06572,EMP-00079,Operations,SUP-00009,2026-03-23,2026-03-26,Approved
PR-06573,EMP-00082,Sales,SUP-00034,2026-02-18,2026-02-21,Approved
PR-06574,EMP-00069,Finance,SUP-00013,2026-05-25,2026-05-29,Approved
PR-06575,EMP-00056,Finance,SUP-00018,2026-02-06,2026-02-08,Approved
PR-06576,EMP-00079,Operations,SUP-00039,2026-03-24,2026-03-26,Approved
PR-06577,EMP-00038,Marketing,SUP-00015,2026-05-03,2026-05-11,Approved
PR-06578,EMP-00041,Marketing,SUP-00050,2026-01-07,2026-01-09,Approved
PR-06579,EMP-00032,Procurement,SUP-00040,2026-03-23,2026-04-02,Approved
PR-06580,EMP-00087,IT,SUP-00050,2026-04-11,2026-04-22,Rejected
PR-06581,EMP-00042,Marketing,SUP-00034,2026-05-21,2026-05-23,Approved
PR-06582,EMP-00024,HR,SUP-00027,2026-04-04,2026-04-07,Approved
PR-06583,EMP-00024,HR,SUP-00040,2026-01-02,2026-01-05,Approved
PR-06584,EMP-00065,Marketing,SUP-00039,2026-01-04,2026-01-05,Approved
PR-06585,EMP-00045,IT,SUP-00003,2026-01-14,2026-01-17,Approved
PR-06586,EMP-00060,Operations,SUP-00001,2026-05-27,2026-05-28,Approved
PR-06587,EMP-00079,Operations,SUP-00022,2026-02-28,2026-03-04,Rejected
PR-06588,EMP-00092,Engineering,SUP-00011,2026-02-14,2026-02-17,Approved
PR-06589,EMP-00086,HR,SUP-00036,2026-02-09,2026-02-11,Approved
PR-06590,EMP-00015,Operations,SUP-00047,2026-02-24,2026-02-25,Approved
PR-06591,EMP-00007,Engineering,SUP-00024,2026-04-20,2026-05-01,Approved
PR-06592,EMP-00054,HR,SUP-00002,2026-03-15,2026-03-17,Approved
PR-06593,EMP-00050,Procurement,SUP-00022,2026-05-24,2026-05-29,Approved
PR-06594,EMP-00066,Finance,SUP-00043,2026-03-25,2026-04-05,Approved
PR-06595,EMP-00094,HR,SUP-00011,2026-03-18,2026-03-21,Approved
PR-06596,EMP-00007,Engineering,SUP-00001,2026-03-31,2026-04-14,Approved
PR-06597,EMP-00092,Engineering,SUP-00038,2026-05-08,2026-05-12,Approved
PR-06598,EMP-00038,Marketing,SUP-00039,2026-01-02,2026-01-03,Approved
PR-06599,EMP-00088,Operations,SUP-00036,2026-03-13,2026-03-14,Approved
PR-06600,EMP-00079,Operations,SUP-00024,2026-03-26,2026-03-28,Approved
PR-06601,EMP-00006,HR,SUP-00015,2026-05-08,2026-05-10,Approved
PR-06602,EMP-00053,Operations,SUP-00012,2026-04-12,2026-04-25,Approved
PR-06603,EMP-00031,Procurement,SUP-00044,2026-05-10,2026-05-11,Approved
PR-06604,EMP-00003,Engineering,SUP-00005,2026-03-26,2026-03-28,Approved
PR-06605,EMP-00068,Marketing,SUP-00037,2026-01-29,2026-01-30,Approved
PR-06606,EMP-00097,Sales,SUP-00006,2026-03-09,2026-03-12,Approved
PR-06607,EMP-00038,Marketing,SUP-00005,2026-03-17,2026-03-23,Approved
PR-06608,EMP-00037,IT,SUP-00035,2026-02-03,2026-02-08,Approved
PR-06609,EMP-00009,Finance,SUP-00004,2026-05-20,2026-05-22,Approved
PR-06610,EMP-00004,Engineering,SUP-00024,2026-05-27,2026-06-08,Approved
PR-06611,EMP-00037,IT,SUP-00002,2026-03-31,2026-04-05,Approved
PR-06612,EMP-00085,Sales,SUP-00001,2026-03-24,2026-03-26,Approved
PR-06613,EMP-00071,Procurement,SUP-00035,2026-05-08,2026-05-22,Approved
PR-06614,EMP-00020,Marketing,SUP-00037,2026-01-21,2026-01-23,Approved
PR-06615,EMP-00063,Finance,SUP-00047,2026-01-14,2026-01-20,Approved
PR-06616,EMP-00036,Engineering,SUP-00033,2026-04-26,2026-04-29,Approved
PR-06617,EMP-00091,Operations,SUP-00008,2026-05-14,2026-05-17,Approved
PR-06618,EMP-00095,Marketing,SUP-00036,2026-01-23,2026-01-24,Approved
PR-06619,EMP-00015,Operations,SUP-00018,2026-05-12,2026-05-17,Approved
PR-06620,EMP-00008,HR,SUP-00021,2026-05-21,2026-05-23,Approved
PR-06621,EMP-00069,Finance,SUP-00002,2026-03-27,2026-03-29,Approved
PR-06622,EMP-00024,HR,SUP-00027,2026-04-30,2026-05-15,Approved
PR-06623,EMP-00095,Marketing,SUP-00005,2026-01-24,2026-01-28,Approved
PR-06624,EMP-00098,Sales,SUP-00049,2026-02-13,2026-02-27,Approved
PR-06625,EMP-00034,IT,SUP-00025,2026-04-03,2026-04-06,Approved
PR-06626,EMP-00096,HR,SUP-00007,2026-05-30,2026-06-01,Approved
PR-06627,EMP-00033,IT,SUP-00032,2026-04-10,2026-04-13,Approved
PR-06628,EMP-00010,Operations,SUP-00035,2026-05-08,2026-05-10,Approved
PR-06629,EMP-00051,Procurement,SUP-00029,2026-02-05,2026-02-10,Approved
PR-06630,EMP-00063,Finance,SUP-00001,2026-05-30,2026-06-02,Approved
PR-06631,EMP-00034,IT,SUP-00044,2026-02-19,2026-03-03,Approved
PR-06632,EMP-00088,Operations,SUP-00009,2026-05-26,2026-06-06,Approved
PR-06633,EMP-00036,Engineering,SUP-00045,2026-05-16,2026-05-19,Approved
PR-06634,EMP-00042,Marketing,SUP-00009,2026-01-31,2026-02-02,Approved
PR-06635,EMP-00012,Finance,SUP-00011,2026-02-23,2026-02-24,Approved
PR-06636,EMP-00040,Sales,SUP-00019,2026-01-04,2026-01-07,Approved
PR-06637,EMP-00012,Finance,SUP-00026,2026-03-03,2026-03-12,Approved
PR-06638,EMP-00028,Marketing,SUP-00023,2026-02-19,2026-02-23,Approved
PR-06639,EMP-00017,Sales,SUP-00019,2026-01-14,2026-01-17,Approved
PR-06640,EMP-00038,Marketing,SUP-00025,2026-01-29,2026-02-08,Approved
PR-06641,EMP-00093,IT,SUP-00011,2026-05-02,2026-05-03,Approved
PR-06642,EMP-00042,Marketing,SUP-00037,2026-01-04,2026-01-06,Approved
PR-06643,EMP-00064,IT,SUP-00040,2026-05-08,2026-05-18,Approved
PR-06644,EMP-00031,Procurement,SUP-00029,2026-05-07,2026-05-10,Rejected
PR-06645,EMP-00060,Operations,SUP-00045,2026-03-29,2026-04-01,Approved
PR-06646,EMP-00079,Operations,SUP-00044,2026-05-08,2026-05-10,Approved
PR-06647,EMP-00021,IT,SUP-00015,2026-02-11,2026-02-12,Rejected
PR-06648,EMP-00010,Operations,SUP-00014,2026-04-18,2026-04-21,Approved
PR-06649,EMP-00015,Operations,SUP-00016,2026-01-03,2026-01-06,Approved
PR-06650,EMP-00024,HR,SUP-00011,2026-02-03,2026-02-12,Approved
PR-06651,EMP-00011,Sales,SUP-00009,2026-02-24,2026-03-11,Approved
PR-06652,EMP-00084,Sales,SUP-00013,2026-03-27,2026-03-28,Approved
PR-06653,EMP-00081,IT,SUP-00044,2026-05-19,2026-05-22,Approved
PR-06654,EMP-00032,Procurement,SUP-00027,2026-05-15,2026-05-26,Approved
PR-06655,EMP-00072,Procurement,SUP-00042,2026-04-23,2026-04-26,Approved
PR-06656,EMP-00085,Sales,SUP-00034,2026-03-15,2026-03-18,Approved
PR-06657,EMP-00098,Sales,SUP-00024,2026-04-16,2026-04-22,Approved
PR-06658,EMP-00028,Marketing,SUP-00043,2026-01-26,2026-01-29,Approved
PR-06659,EMP-00034,IT,SUP-00035,2026-03-21,2026-03-22,Approved
PR-06660,EMP-00063,Finance,SUP-00005,2026-05-11,2026-05-16,Approved
PR-06661,EMP-00061,Operations,SUP-00015,2026-05-24,2026-05-26,Approved
PR-06662,EMP-00026,Operations,SUP-00024,2026-02-09,2026-02-10,Approved
PR-06663,EMP-00065,Marketing,SUP-00024,2026-03-29,2026-04-03,Approved
PR-06664,EMP-00003,Engineering,SUP-00008,2026-04-23,2026-04-24,Approved
PR-06665,EMP-00037,IT,SUP-00021,2026-03-23,2026-04-07,Approved
PR-06666,EMP-00080,Marketing,SUP-00043,2026-02-17,2026-02-19,Approved
PR-06667,EMP-00004,Engineering,SUP-00039,2026-04-24,2026-04-25,Approved
PR-06668,EMP-00082,Sales,SUP-00035,2026-01-14,2026-01-16,Approved
PR-06669,EMP-00061,Operations,SUP-00019,2026-04-27,2026-04-28,Approved
PR-06670,EMP-00011,Sales,SUP-00043,2026-04-28,2026-05-10,Approved
PR-06671,EMP-00033,IT,SUP-00013,2026-01-23,2026-01-28,Approved
PR-06672,EMP-00002,Marketing,SUP-00029,2026-05-10,2026-05-20,Approved
PR-06673,EMP-00077,Operations,SUP-00041,2026-03-11,2026-03-16,Approved
PR-06674,EMP-00065,Marketing,SUP-00007,2026-01-01,2026-01-03,Approved
PR-06675,EMP-00070,Sales,SUP-00024,2026-03-28,2026-03-29,Approved
PR-06676,EMP-00052,Finance,SUP-00014,2026-04-24,2026-04-25,Approved
PR-06677,EMP-00004,Engineering,SUP-00019,2026-03-16,2026-03-17,Approved
PR-06678,EMP-00055,Procurement,SUP-00014,2026-01-07,2026-01-19,Approved
PR-06679,EMP-00065,Marketing,SUP-00012,2026-02-26,2026-02-27,Approved
PR-06680,EMP-00053,Operations,SUP-00036,2026-02-13,2026-02-22,Approved
PR-06681,EMP-00016,Marketing,SUP-00047,2026-01-31,2026-02-01,Approved
PR-06682,EMP-00088,Operations,SUP-00021,2026-01-20,2026-01-21,Approved
PR-06683,EMP-00078,HR,SUP-00046,2026-05-01,2026-05-07,Approved
PR-06684,EMP-00091,Operations,SUP-00034,2026-04-23,2026-05-04,Approved
PR-06685,EMP-00061,Operations,SUP-00036,2026-01-22,2026-01-27,Approved
PR-06686,EMP-00034,IT,SUP-00025,2026-04-14,2026-04-17,Approved
PR-06687,EMP-00079,Operations,SUP-00016,2026-01-06,2026-01-10,Approved
PR-06688,EMP-00021,IT,SUP-00014,2026-02-26,2026-03-02,Approved
PR-06689,EMP-00046,Operations,SUP-00024,2026-01-05,2026-01-09,Approved
PR-06690,EMP-00076,HR,SUP-00026,2026-03-03,2026-03-06,Approved
PR-06691,EMP-00019,IT,SUP-00050,2026-01-24,2026-01-29,Approved
PR-06692,EMP-00092,Engineering,SUP-00030,2026-01-13,2026-01-17,Approved
PR-06693,EMP-00088,Operations,SUP-00028,2026-02-19,2026-02-21,Approved
PR-06694,EMP-00096,HR,SUP-00007,2026-02-22,2026-02-25,Approved
PR-06695,EMP-00076,HR,SUP-00041,2026-04-03,2026-04-07,Approved
PR-06696,EMP-00099,Sales,SUP-00017,2026-03-31,2026-04-01,Approved
PR-06697,EMP-00034,IT,SUP-00010,2026-03-28,2026-03-31,Approved
PR-06698,EMP-00028,Marketing,SUP-00035,2026-03-18,2026-03-20,Approved
PR-06699,EMP-00041,Marketing,SUP-00040,2026-03-14,2026-03-15,Approved
PR-06700,EMP-00005,HR,SUP-00035,2026-02-02,2026-02-06,Approved
PR-06701,EMP-00073,HR,SUP-00005,2026-05-31,2026-06-03,Approved
PR-06702,EMP-00010,Operations,SUP-00035,2026-02-13,2026-02-20,Rejected
PR-06703,EMP-00048,Operations,SUP-00033,2026-04-04,2026-04-13,Approved
PR-06704,EMP-00082,Sales,SUP-00036,2026-01-22,2026-01-24,Approved
PR-06705,EMP-00096,HR,SUP-00030,2026-02-26,2026-02-27,Approved
PR-06706,EMP-00005,HR,SUP-00036,2026-03-02,2026-03-05,Approved
PR-06707,EMP-00050,Procurement,SUP-00038,2026-03-13,2026-03-14,Approved
PR-06708,EMP-00043,Finance,SUP-00007,2026-02-24,2026-02-27,Approved
PR-06709,EMP-00055,Procurement,SUP-00036,2026-05-16,2026-05-23,Approved
PR-06710,EMP-00053,Operations,SUP-00037,2026-05-09,2026-05-11,Approved
PR-06711,EMP-00035,Marketing,SUP-00046,2026-04-06,2026-04-17,Approved
PR-06712,EMP-00015,Operations,SUP-00030,2026-03-16,2026-03-17,Approved
PR-06713,EMP-00009,Finance,SUP-00004,2026-04-09,2026-04-11,Approved
PR-06714,EMP-00030,Sales,SUP-00003,2026-05-16,2026-05-30,Approved
PR-06715,EMP-00082,Sales,SUP-00035,2026-05-04,2026-05-05,Approved
PR-06716,EMP-00022,Marketing,SUP-00012,2026-05-20,2026-05-30,Approved
PR-06717,EMP-00066,Finance,SUP-00033,2026-02-26,2026-02-28,Approved
PR-06718,EMP-00092,Engineering,SUP-00018,2026-04-29,2026-05-01,Approved
PR-06719,EMP-00097,Sales,SUP-00040,2026-04-05,2026-04-09,Approved
PR-06720,EMP-00068,Marketing,SUP-00050,2026-03-31,2026-04-02,Approved
PR-06721,EMP-00025,Marketing,SUP-00023,2026-04-07,2026-04-19,Approved
PR-06722,EMP-00063,Finance,SUP-00038,2026-03-12,2026-03-13,Approved
PR-06723,EMP-00084,Sales,SUP-00047,2026-01-19,2026-01-20,Approved
PR-06724,EMP-00013,Procurement,SUP-00035,2026-04-10,2026-04-14,Approved
PR-06725,EMP-00050,Procurement,SUP-00021,2026-01-11,2026-01-12,Approved
PR-06726,EMP-00012,Finance,SUP-00014,2026-01-08,2026-01-11,Approved
PR-06727,EMP-00051,Procurement,SUP-00008,2026-05-22,2026-06-05,Approved
PR-06728,EMP-00063,Finance,SUP-00008,2026-04-17,2026-04-19,Approved
PR-06729,EMP-00075,Marketing,SUP-00015,2026-01-13,2026-01-14,Approved
PR-06730,EMP-00091,Operations,SUP-00024,2026-05-01,2026-05-03,Approved
PR-06731,EMP-00092,Engineering,SUP-00029,2026-02-03,2026-02-11,Approved
PR-06732,EMP-00033,IT,SUP-00019,2026-01-01,2026-01-04,Approved
PR-06733,EMP-00016,Marketing,SUP-00007,2026-01-06,2026-01-07,Approved
PR-06734,EMP-00003,Engineering,SUP-00024,2026-05-24,2026-05-29,Approved
PR-06735,EMP-00094,HR,SUP-00021,2026-05-20,2026-05-21,Approved
PR-06736,EMP-00063,Finance,SUP-00015,2026-04-08,2026-04-19,Approved
PR-06737,EMP-00093,IT,SUP-00021,2026-03-14,2026-03-17,Approved
PR-06738,EMP-00010,Operations,SUP-00045,2026-02-08,2026-02-09,Approved
PR-06739,EMP-00082,Sales,SUP-00026,2026-05-10,2026-05-14,Approved
PR-06740,EMP-00084,Sales,SUP-00021,2026-01-06,2026-01-09,Approved
PR-06741,EMP-00007,Engineering,SUP-00039,2026-02-10,2026-02-13,Approved
PR-06742,EMP-00001,Engineering,SUP-00027,2026-03-25,2026-03-30,Approved
PR-06743,EMP-00094,HR,SUP-00046,2026-01-01,2026-01-04,Approved
PR-06744,EMP-00084,Sales,SUP-00005,2026-03-04,2026-03-06,Approved
PR-06745,EMP-00005,HR,SUP-00006,2026-05-09,2026-05-12,Approved
PR-06746,EMP-00059,Marketing,SUP-00025,2026-04-13,2026-04-24,Approved
PR-06747,EMP-00045,IT,SUP-00038,2026-04-26,2026-04-30,Approved
PR-06748,EMP-00034,IT,SUP-00008,2026-05-22,2026-05-27,Approved
PR-06749,EMP-00022,Marketing,SUP-00025,2026-04-21,2026-05-04,Approved
PR-06750,EMP-00085,Sales,SUP-00007,2026-04-22,2026-04-23,Approved
PR-06751,EMP-00084,Sales,SUP-00037,2026-03-21,2026-03-24,Approved
PR-06752,EMP-00011,Sales,SUP-00048,2026-02-01,2026-02-16,Rejected
PR-06753,EMP-00005,HR,SUP-00013,2026-05-09,2026-05-12,Approved
PR-06754,EMP-00090,Engineering,SUP-00036,2026-03-04,2026-03-08,Approved
PR-06755,EMP-00013,Procurement,SUP-00025,2026-02-14,2026-02-17,Approved
PR-06756,EMP-00047,IT,SUP-00025,2026-04-07,2026-04-13,Approved
PR-06757,EMP-00048,Operations,SUP-00018,2026-03-20,2026-03-28,Approved
PR-06758,EMP-00019,IT,SUP-00036,2026-02-18,2026-02-21,Approved
PR-06759,EMP-00005,HR,SUP-00001,2026-03-01,2026-03-08,Approved
PR-06760,EMP-00039,Operations,SUP-00006,2026-05-22,2026-05-25,Approved
PR-06761,EMP-00003,Engineering,SUP-00035,2026-03-04,2026-03-07,Rejected
PR-06762,EMP-00050,Procurement,SUP-00030,2026-04-04,2026-04-10,Approved
PR-06763,EMP-00013,Procurement,SUP-00002,2026-05-21,2026-05-22,Approved
PR-06764,EMP-00041,Marketing,SUP-00005,2026-01-20,2026-01-22,Approved
PR-06765,EMP-00053,Operations,SUP-00046,2026-01-21,2026-01-24,Approved
PR-06766,EMP-00005,HR,SUP-00022,2026-03-04,2026-03-08,Approved
PR-06767,EMP-00056,Finance,SUP-00021,2026-04-14,2026-04-16,Approved
PR-06768,EMP-00070,Sales,SUP-00031,2026-04-04,2026-04-13,Approved
PR-06769,EMP-00055,Procurement,SUP-00026,2026-01-31,2026-02-02,Approved
PR-06770,EMP-00006,HR,SUP-00038,2026-01-08,2026-01-13,Approved
PR-06771,EMP-00083,Engineering,SUP-00045,2026-04-28,2026-04-30,Approved
PR-06772,EMP-00075,Marketing,SUP-00009,2026-02-07,2026-02-09,Approved
PR-06773,EMP-00012,Finance,SUP-00002,2026-04-08,2026-04-10,Approved
PR-06774,EMP-00067,Sales,SUP-00026,2026-01-23,2026-01-26,Approved
PR-06775,EMP-00091,Operations,SUP-00018,2026-01-21,2026-01-23,Approved
PR-06776,EMP-00008,HR,SUP-00032,2026-02-26,2026-03-02,Approved
PR-06777,EMP-00048,Operations,SUP-00010,2026-02-20,2026-03-07,Approved
PR-06778,EMP-00066,Finance,SUP-00013,2026-03-18,2026-03-31,Approved
PR-06779,EMP-00002,Marketing,SUP-00047,2026-01-14,2026-01-20,Approved
PR-06780,EMP-00047,IT,SUP-00017,2026-05-06,2026-05-20,Approved
PR-06781,EMP-00028,Marketing,SUP-00021,2026-03-20,2026-03-29,Approved
PR-06782,EMP-00092,Engineering,SUP-00009,2026-03-15,2026-03-18,Approved
PR-06783,EMP-00096,HR,SUP-00048,2026-02-08,2026-02-09,Approved
PR-06784,EMP-00087,IT,SUP-00047,2026-01-31,2026-02-09,Approved
PR-06785,EMP-00026,Operations,SUP-00008,2026-03-30,2026-04-04,Rejected
PR-06786,EMP-00054,HR,SUP-00036,2026-02-15,2026-02-17,Approved
PR-06787,EMP-00019,IT,SUP-00032,2026-02-02,2026-02-05,Approved
PR-06788,EMP-00001,Engineering,SUP-00046,2026-04-05,2026-04-07,Approved
PR-06789,EMP-00002,Marketing,SUP-00003,2026-04-02,2026-04-09,Approved
PR-06790,EMP-00059,Marketing,SUP-00033,2026-02-26,2026-02-27,Approved
PR-06791,EMP-00077,Operations,SUP-00008,2026-04-04,2026-04-07,Approved
PR-06792,EMP-00043,Finance,SUP-00042,2026-03-28,2026-04-05,Approved
PR-06793,EMP-00055,Procurement,SUP-00015,2026-05-21,2026-05-23,Rejected
PR-06794,EMP-00026,Operations,SUP-00001,2026-03-31,2026-04-12,Approved
PR-06795,EMP-00074,Engineering,SUP-00042,2026-05-18,2026-05-19,Approved
PR-06796,EMP-00025,Marketing,SUP-00002,2026-03-13,2026-03-14,Approved
PR-06797,EMP-00056,Finance,SUP-00006,2026-02-06,2026-02-18,Approved
PR-06798,EMP-00082,Sales,SUP-00043,2026-02-09,2026-02-13,Approved
PR-06799,EMP-00092,Engineering,SUP-00032,2026-02-05,2026-02-14,Approved
PR-06800,EMP-00034,IT,SUP-00045,2026-01-27,2026-02-09,Approved
PR-06801,EMP-00019,IT,SUP-00032,2026-05-25,2026-05-28,Approved
PR-06802,EMP-00029,IT,SUP-00034,2026-01-22,2026-01-30,Approved
PR-06803,EMP-00091,Operations,SUP-00002,2026-02-13,2026-02-16,Approved
PR-06804,EMP-00020,Marketing,SUP-00033,2026-03-04,2026-03-06,Approved
PR-06805,EMP-00044,IT,SUP-00034,2026-02-13,2026-02-14,Approved
PR-06806,EMP-00034,IT,SUP-00018,2026-01-16,2026-01-30,Approved
PR-06807,EMP-00069,Finance,SUP-00021,2026-05-11,2026-05-14,Approved
PR-06808,EMP-00040,Sales,SUP-00020,2026-03-28,2026-04-01,Approved
PR-06809,EMP-00021,IT,SUP-00029,2026-04-18,2026-04-21,Approved
PR-06810,EMP-00042,Marketing,SUP-00014,2026-02-21,2026-02-22,Approved
PR-06811,EMP-00041,Marketing,SUP-00045,2026-04-27,2026-05-06,Approved
PR-06812,EMP-00009,Finance,SUP-00042,2026-04-27,2026-04-29,Approved
PR-06813,EMP-00056,Finance,SUP-00042,2026-04-20,2026-04-28,Approved
PR-06814,EMP-00023,IT,SUP-00045,2026-02-07,2026-02-08,Approved
PR-06815,EMP-00011,Sales,SUP-00028,2026-02-23,2026-02-27,Approved
PR-06816,EMP-00021,IT,SUP-00050,2026-01-17,2026-01-19,Approved
PR-06817,EMP-00063,Finance,SUP-00001,2026-05-12,2026-05-15,Approved
PR-06818,EMP-00090,Engineering,SUP-00038,2026-05-22,2026-05-24,Approved
PR-06819,EMP-00022,Marketing,SUP-00035,2026-05-16,2026-05-19,Approved
PR-06820,EMP-00075,Marketing,SUP-00031,2026-05-03,2026-05-06,Approved
PR-06821,EMP-00046,Operations,SUP-00030,2026-05-17,2026-05-19,Approved
PR-06822,EMP-00045,IT,SUP-00050,2026-04-30,2026-05-03,Approved
PR-06823,EMP-00039,Operations,SUP-00035,2026-05-14,2026-05-18,Approved
PR-06824,EMP-00056,Finance,SUP-00016,2026-03-20,2026-03-23,Approved
PR-06825,EMP-00074,Engineering,SUP-00023,2026-05-11,2026-05-15,Approved
PR-06826,EMP-00003,Engineering,SUP-00008,2026-02-21,2026-02-24,Approved
PR-06827,EMP-00087,IT,SUP-00030,2026-03-03,2026-03-16,Rejected
PR-06828,EMP-00042,Marketing,SUP-00007,2026-03-30,2026-04-04,Approved
PR-06829,EMP-00049,IT,SUP-00044,2026-05-13,2026-05-16,Approved
PR-06830,EMP-00020,Marketing,SUP-00042,2026-02-24,2026-02-27,Approved
PR-06831,EMP-00008,HR,SUP-00045,2026-05-17,2026-05-20,Approved
PR-06832,EMP-00037,IT,SUP-00031,2026-03-15,2026-03-17,Approved
PR-06833,EMP-00097,Sales,SUP-00043,2026-01-04,2026-01-10,Rejected
PR-06834,EMP-00082,Sales,SUP-00025,2026-03-25,2026-04-06,Approved
PR-06835,EMP-00051,Procurement,SUP-00013,2026-03-06,2026-03-09,Approved
PR-06836,EMP-00066,Finance,SUP-00041,2026-01-28,2026-02-04,Rejected
PR-06837,EMP-00092,Engineering,SUP-00033,2026-01-11,2026-01-13,Approved
PR-06838,EMP-00076,HR,SUP-00029,2026-04-06,2026-04-19,Approved
PR-06839,EMP-00070,Sales,SUP-00038,2026-02-26,2026-03-02,Approved
PR-06840,EMP-00075,Marketing,SUP-00036,2026-02-28,2026-03-01,Approved
PR-06841,EMP-00007,Engineering,SUP-00010,2026-03-09,2026-03-10,Approved
PR-06842,EMP-00069,Finance,SUP-00025,2026-04-18,2026-04-20,Approved
PR-06843,EMP-00029,IT,SUP-00015,2026-05-08,2026-05-11,Approved
PR-06844,EMP-00046,Operations,SUP-00019,2026-04-23,2026-04-27,Approved
PR-06845,EMP-00100,Engineering,SUP-00014,2026-02-21,2026-02-24,Approved
PR-06846,EMP-00050,Procurement,SUP-00048,2026-01-04,2026-01-06,Approved
PR-06847,EMP-00095,Marketing,SUP-00023,2026-05-03,2026-05-06,Approved
PR-06848,EMP-00033,IT,SUP-00049,2026-02-24,2026-02-25,Approved
PR-06849,EMP-00021,IT,SUP-00032,2026-01-25,2026-02-03,Approved
PR-06850,EMP-00045,IT,SUP-00027,2026-05-15,2026-05-20,Approved
PR-06851,EMP-00096,HR,SUP-00030,2026-04-02,2026-04-04,Approved
PR-06852,EMP-00058,IT,SUP-00039,2026-04-28,2026-05-01,Approved
PR-06853,EMP-00006,HR,SUP-00027,2026-05-31,2026-06-03,Approved
PR-06854,EMP-00026,Operations,SUP-00029,2026-01-25,2026-02-09,Approved
PR-06855,EMP-00060,Operations,SUP-00022,2026-02-04,2026-02-09,Approved
PR-06856,EMP-00049,IT,SUP-00028,2026-02-07,2026-02-08,Approved
PR-06857,EMP-00098,Sales,SUP-00014,2026-01-13,2026-01-15,Approved
PR-06858,EMP-00025,Marketing,SUP-00047,2026-04-24,2026-04-26,Approved
PR-06859,EMP-00020,Marketing,SUP-00041,2026-04-06,2026-04-08,Approved
PR-06860,EMP-00028,Marketing,SUP-00013,2026-01-19,2026-01-25,Approved
PR-06861,EMP-00009,Finance,SUP-00012,2026-01-14,2026-01-19,Approved
PR-06862,EMP-00024,HR,SUP-00034,2026-02-06,2026-02-11,Approved
PR-06863,EMP-00091,Operations,SUP-00039,2026-03-27,2026-03-29,Approved
PR-06864,EMP-00053,Operations,SUP-00034,2026-03-30,2026-04-11,Approved
PR-06865,EMP-00082,Sales,SUP-00047,2026-05-23,2026-06-07,Approved
PR-06866,EMP-00046,Operations,SUP-00006,2026-02-15,2026-02-16,Approved
PR-06867,EMP-00052,Finance,SUP-00045,2026-02-14,2026-02-15,Approved
PR-06868,EMP-00057,HR,SUP-00038,2026-02-16,2026-02-17,Approved
PR-06869,EMP-00042,Marketing,SUP-00023,2026-03-21,2026-03-24,Approved
PR-06870,EMP-00093,IT,SUP-00027,2026-04-11,2026-04-12,Approved
PR-06871,EMP-00013,Procurement,SUP-00050,2026-02-06,2026-02-09,Approved
PR-06872,EMP-00042,Marketing,SUP-00047,2026-03-10,2026-03-13,Approved
PR-06873,EMP-00006,HR,SUP-00008,2026-01-06,2026-01-18,Approved
PR-06874,EMP-00097,Sales,SUP-00009,2026-03-12,2026-03-24,Approved
PR-06875,EMP-00023,IT,SUP-00007,2026-04-18,2026-04-21,Approved
PR-06876,EMP-00094,HR,SUP-00009,2026-03-12,2026-03-16,Approved
PR-06877,EMP-00100,Engineering,SUP-00033,2026-05-10,2026-05-12,Approved
PR-06878,EMP-00098,Sales,SUP-00038,2026-04-29,2026-04-30,Approved
PR-06879,EMP-00065,Marketing,SUP-00016,2026-01-23,2026-02-05,Approved
PR-06880,EMP-00039,Operations,SUP-00010,2026-01-03,2026-01-07,Approved
PR-06881,EMP-00050,Procurement,SUP-00021,2026-03-12,2026-03-15,Approved
PR-06882,EMP-00064,IT,SUP-00028,2026-01-03,2026-01-08,Approved
PR-06883,EMP-00088,Operations,SUP-00019,2026-03-15,2026-03-30,Approved
PR-06884,EMP-00025,Marketing,SUP-00050,2026-05-19,2026-05-30,Approved
PR-06885,EMP-00076,HR,SUP-00028,2026-02-15,2026-02-28,Approved
PR-06886,EMP-00004,Engineering,SUP-00028,2026-05-09,2026-05-21,Approved
PR-06887,EMP-00061,Operations,SUP-00001,2026-05-17,2026-05-20,Approved
PR-06888,EMP-00041,Marketing,SUP-00038,2026-02-24,2026-03-01,Approved
PR-06889,EMP-00003,Engineering,SUP-00036,2026-05-10,2026-05-11,Rejected
PR-06890,EMP-00035,Marketing,SUP-00005,2026-01-05,2026-01-07,Approved
PR-06891,EMP-00069,Finance,SUP-00025,2026-04-06,2026-04-07,Rejected
PR-06892,EMP-00001,Engineering,SUP-00015,2026-03-01,2026-03-15,Rejected
PR-06893,EMP-00095,Marketing,SUP-00025,2026-02-15,2026-02-18,Approved
PR-06894,EMP-00081,IT,SUP-00037,2026-05-09,2026-05-10,Approved
PR-06895,EMP-00094,HR,SUP-00032,2026-03-11,2026-03-23,Approved
PR-06896,EMP-00098,Sales,SUP-00017,2026-05-03,2026-05-15,Approved
PR-06897,EMP-00061,Operations,SUP-00027,2026-03-04,2026-03-07,Approved
PR-06898,EMP-00095,Marketing,SUP-00008,2026-05-22,2026-06-01,Approved
PR-06899,EMP-00019,IT,SUP-00013,2026-04-25,2026-05-10,Approved
PR-06900,EMP-00029,IT,SUP-00050,2026-03-31,2026-04-02,Approved
PR-06901,EMP-00016,Marketing,SUP-00019,2026-05-03,2026-05-08,Approved
PR-06902,EMP-00096,HR,SUP-00025,2026-04-07,2026-04-10,Approved
PR-06903,EMP-00063,Finance,SUP-00013,2026-03-16,2026-03-31,Approved
PR-06904,EMP-00027,Operations,SUP-00007,2026-04-29,2026-05-07,Approved
PR-06905,EMP-00020,Marketing,SUP-00028,2026-01-15,2026-01-19,Approved
PR-06906,EMP-00037,IT,SUP-00031,2026-04-24,2026-05-07,Approved
PR-06907,EMP-00078,HR,SUP-00026,2026-01-12,2026-01-17,Approved
PR-06908,EMP-00091,Operations,SUP-00005,2026-02-25,2026-03-02,Approved
PR-06909,EMP-00066,Finance,SUP-00012,2026-02-10,2026-02-12,Approved
PR-06910,EMP-00051,Procurement,SUP-00036,2026-03-13,2026-03-16,Approved
PR-06911,EMP-00047,IT,SUP-00007,2026-01-29,2026-02-03,Approved
PR-06912,EMP-00001,Engineering,SUP-00041,2026-01-06,2026-01-08,Approved
PR-06913,EMP-00094,HR,SUP-00035,2026-05-21,2026-05-23,Approved
PR-06914,EMP-00002,Marketing,SUP-00047,2026-01-09,2026-01-13,Approved
PR-06915,EMP-00026,Operations,SUP-00040,2026-05-11,2026-05-14,Approved
PR-06916,EMP-00024,HR,SUP-00005,2026-04-22,2026-04-26,Approved
PR-06917,EMP-00048,Operations,SUP-00003,2026-01-05,2026-01-06,Approved
PR-06918,EMP-00030,Sales,SUP-00002,2026-02-27,2026-03-04,Approved
PR-06919,EMP-00049,IT,SUP-00049,2026-03-02,2026-03-13,Approved
PR-06920,EMP-00039,Operations,SUP-00030,2026-05-08,2026-05-19,Approved
PR-06921,EMP-00019,IT,SUP-00001,2026-02-06,2026-02-10,Approved
PR-06922,EMP-00009,Finance,SUP-00044,2026-03-03,2026-03-04,Approved
PR-06923,EMP-00039,Operations,SUP-00011,2026-01-16,2026-01-30,Approved
PR-06924,EMP-00072,Procurement,SUP-00016,2026-05-25,2026-05-26,Approved
PR-06925,EMP-00053,Operations,SUP-00043,2026-05-22,2026-05-24,Approved
PR-06926,EMP-00035,Marketing,SUP-00037,2026-02-09,2026-02-10,Approved
PR-06927,EMP-00007,Engineering,SUP-00014,2026-03-31,2026-04-07,Approved
PR-06928,EMP-00099,Sales,SUP-00028,2026-02-06,2026-02-09,Approved
PR-06929,EMP-00099,Sales,SUP-00021,2026-02-02,2026-02-15,Approved
PR-06930,EMP-00044,IT,SUP-00047,2026-02-18,2026-02-23,Approved
PR-06931,EMP-00065,Marketing,SUP-00004,2026-05-25,2026-05-28,Approved
PR-06932,EMP-00099,Sales,SUP-00040,2026-05-30,2026-06-04,Approved
PR-06933,EMP-00010,Operations,SUP-00037,2026-04-05,2026-04-06,Approved
PR-06934,EMP-00091,Operations,SUP-00030,2026-02-05,2026-02-08,Approved
PR-06935,EMP-00027,Operations,SUP-00026,2026-04-27,2026-04-28,Approved
PR-06936,EMP-00072,Procurement,SUP-00015,2026-01-18,2026-01-22,Approved
PR-06937,EMP-00055,Procurement,SUP-00018,2026-02-04,2026-02-07,Approved
PR-06938,EMP-00012,Finance,SUP-00048,2026-04-03,2026-04-04,Approved
PR-06939,EMP-00096,HR,SUP-00033,2026-05-24,2026-05-25,Approved
PR-06940,EMP-00089,Operations,SUP-00009,2026-05-20,2026-05-25,Approved
PR-06941,EMP-00025,Marketing,SUP-00033,2026-05-21,2026-05-23,Approved
PR-06942,EMP-00061,Operations,SUP-00015,2026-04-01,2026-04-04,Approved
PR-06943,EMP-00095,Marketing,SUP-00022,2026-04-06,2026-04-11,Approved
PR-06944,EMP-00095,Marketing,SUP-00012,2026-04-08,2026-04-10,Approved
PR-06945,EMP-00012,Finance,SUP-00006,2026-05-30,2026-06-05,Approved
PR-06946,EMP-00070,Sales,SUP-00005,2026-02-05,2026-02-08,Approved
PR-06947,EMP-00061,Operations,SUP-00026,2026-04-21,2026-04-24,Approved
PR-06948,EMP-00003,Engineering,SUP-00013,2026-04-06,2026-04-10,Approved
PR-06949,EMP-00024,HR,SUP-00031,2026-05-02,2026-05-05,Approved
PR-06950,EMP-00058,IT,SUP-00002,2026-04-29,2026-05-14,Approved
PR-06951,EMP-00080,Marketing,SUP-00010,2026-01-22,2026-01-27,Approved
PR-06952,EMP-00022,Marketing,SUP-00040,2026-04-27,2026-04-29,Approved
PR-06953,EMP-00010,Operations,SUP-00015,2026-02-13,2026-02-16,Approved
PR-06954,EMP-00085,Sales,SUP-00040,2026-02-04,2026-02-05,Approved
PR-06955,EMP-00060,Operations,SUP-00015,2026-03-05,2026-03-06,Approved
PR-06956,EMP-00005,HR,SUP-00007,2026-03-05,2026-03-07,Approved
PR-06957,EMP-00003,Engineering,SUP-00041,2026-02-16,2026-02-22,Approved
PR-06958,EMP-00050,Procurement,SUP-00024,2026-05-22,2026-06-05,Approved
PR-06959,EMP-00069,Finance,SUP-00038,2026-05-22,2026-05-24,Approved
PR-06960,EMP-00068,Marketing,SUP-00008,2026-02-25,2026-02-26,Approved
PR-06961,EMP-00084,Sales,SUP-00013,2026-03-11,2026-03-24,Approved
PR-06962,EMP-00064,IT,SUP-00020,2026-05-04,2026-05-09,Approved
PR-06963,EMP-00058,IT,SUP-00005,2026-05-16,2026-05-23,Rejected
PR-06964,EMP-00002,Marketing,SUP-00034,2026-04-20,2026-05-01,Approved
PR-06965,EMP-00054,HR,SUP-00047,2026-01-24,2026-01-25,Approved
PR-06966,EMP-00077,Operations,SUP-00032,2026-04-11,2026-04-16,Approved
PR-06967,EMP-00095,Marketing,SUP-00004,2026-04-13,2026-04-17,Approved
PR-06968,EMP-00045,IT,SUP-00021,2026-01-12,2026-01-14,Approved
PR-06969,EMP-00074,Engineering,SUP-00014,2026-04-20,2026-04-22,Approved
PR-06970,EMP-00081,IT,SUP-00050,2026-05-15,2026-05-19,Approved
PR-06971,EMP-00019,IT,SUP-00009,2026-04-14,2026-04-15,Approved
PR-06972,EMP-00044,IT,SUP-00015,2026-01-23,2026-01-26,Approved
PR-06973,EMP-00068,Marketing,SUP-00027,2026-03-30,2026-04-01,Approved
PR-06974,EMP-00071,Procurement,SUP-00031,2026-05-02,2026-05-05,Approved
PR-06975,EMP-00056,Finance,SUP-00042,2026-02-28,2026-03-01,Approved
PR-06976,EMP-00031,Procurement,SUP-00018,2026-05-23,2026-05-30,Approved
PR-06977,EMP-00003,Engineering,SUP-00002,2026-02-20,2026-03-04,Approved
PR-06978,EMP-00004,Engineering,SUP-00046,2026-03-19,2026-03-24,Approved
PR-06979,EMP-00040,Sales,SUP-00021,2026-02-19,2026-02-23,Approved
PR-06980,EMP-00046,Operations,SUP-00004,2026-03-30,2026-04-02,Approved
PR-06981,EMP-00069,Finance,SUP-00050,2026-04-09,2026-04-14,Approved
PR-06982,EMP-00071,Procurement,SUP-00022,2026-01-23,2026-01-24,Approved
PR-06983,EMP-00099,Sales,SUP-00034,2026-03-16,2026-03-20,Approved
PR-06984,EMP-00054,HR,SUP-00034,2026-01-02,2026-01-03,Approved
PR-06985,EMP-00072,Procurement,SUP-00034,2026-03-06,2026-03-07,Rejected
PR-06986,EMP-00026,Operations,SUP-00030,2026-03-31,2026-04-01,Approved
PR-06987,EMP-00044,IT,SUP-00006,2026-01-28,2026-01-31,Approved
PR-06988,EMP-00054,HR,SUP-00007,2026-05-13,2026-05-26,Approved
PR-06989,EMP-00073,HR,SUP-00042,2026-05-10,2026-05-11,Approved
PR-06990,EMP-00072,Procurement,SUP-00021,2026-01-27,2026-01-30,Approved
PR-06991,EMP-00083,Engineering,SUP-00042,2026-05-30,2026-06-06,Approved
PR-06992,EMP-00024,HR,SUP-00011,2026-04-09,2026-04-10,Approved
PR-06993,EMP-00028,Marketing,SUP-00007,2026-05-13,2026-05-14,Approved
PR-06994,EMP-00089,Operations,SUP-00025,2026-05-19,2026-05-24,Rejected
PR-06995,EMP-00100,Engineering,SUP-00018,2026-01-09,2026-01-10,Approved
PR-06996,EMP-00046,Operations,SUP-00045,2026-01-01,2026-01-02,Approved
PR-06997,EMP-00095,Marketing,SUP-00009,2026-02-01,2026-02-04,Approved
PR-06998,EMP-00083,Engineering,SUP-00017,2026-03-01,2026-03-02,Approved
PR-06999,EMP-00068,Marketing,SUP-00028,2026-02-05,2026-02-07,Approved
PR-07000,EMP-00034,IT,SUP-00040,2026-01-16,2026-01-20,Approved
PR-07001,EMP-00088,Operations,SUP-00005,2026-03-08,2026-03-10,Approved
PR-07002,EMP-00099,Sales,SUP-00011,2026-03-08,2026-03-10,Approved
PR-07003,EMP-00035,Marketing,SUP-00013,2026-03-20,2026-03-25,Approved
PR-07004,EMP-00001,Engineering,SUP-00021,2026-03-17,2026-03-19,Approved
PR-07005,EMP-00014,Marketing,SUP-00023,2026-02-10,2026-02-12,Approved
PR-07006,EMP-00022,Marketing,SUP-00047,2026-01-30,2026-02-01,Approved
PR-07007,EMP-00033,IT,SUP-00002,2026-04-22,2026-04-28,Rejected
PR-07008,EMP-00012,Finance,SUP-00038,2026-04-03,2026-04-05,Approved
PR-07009,EMP-00036,Engineering,SUP-00007,2026-02-12,2026-02-13,Approved
PR-07010,EMP-00011,Sales,SUP-00028,2026-05-18,2026-05-25,Approved
PR-07011,EMP-00067,Sales,SUP-00008,2026-02-09,2026-02-10,Approved
PR-07012,EMP-00009,Finance,SUP-00041,2026-04-24,2026-04-27,Approved
PR-07013,EMP-00021,IT,SUP-00043,2026-04-22,2026-04-27,Approved
PR-07014,EMP-00026,Operations,SUP-00005,2026-01-15,2026-01-16,Approved
PR-07015,EMP-00033,IT,SUP-00035,2026-03-04,2026-03-09,Approved
PR-07016,EMP-00020,Marketing,SUP-00008,2026-02-15,2026-02-21,Approved
PR-07017,EMP-00036,Engineering,SUP-00030,2026-03-15,2026-03-18,Approved
PR-07018,EMP-00033,IT,SUP-00025,2026-04-19,2026-04-29,Approved
PR-07019,EMP-00005,HR,SUP-00038,2026-02-25,2026-02-26,Approved
PR-07020,EMP-00024,HR,SUP-00021,2026-02-14,2026-02-17,Rejected
PR-07021,EMP-00039,Operations,SUP-00006,2026-04-18,2026-04-28,Approved
PR-07022,EMP-00075,Marketing,SUP-00040,2026-03-07,2026-03-08,Approved
PR-07023,EMP-00011,Sales,SUP-00036,2026-05-20,2026-05-21,Approved
PR-07024,EMP-00099,Sales,SUP-00048,2026-02-05,2026-02-10,Approved
PR-07025,EMP-00081,IT,SUP-00012,2026-05-12,2026-05-13,Approved
PR-07026,EMP-00084,Sales,SUP-00010,2026-03-09,2026-03-10,Approved
PR-07027,EMP-00096,HR,SUP-00035,2026-01-30,2026-02-01,Approved
PR-07028,EMP-00026,Operations,SUP-00038,2026-03-10,2026-03-25,Approved
PR-07029,EMP-00007,Engineering,SUP-00038,2026-05-07,2026-05-10,Approved
PR-07030,EMP-00016,Marketing,SUP-00006,2026-01-26,2026-02-03,Approved
PR-07031,EMP-00042,Marketing,SUP-00015,2026-04-11,2026-04-14,Approved
PR-07032,EMP-00080,Marketing,SUP-00001,2026-02-19,2026-03-06,Approved
PR-07033,EMP-00016,Marketing,SUP-00029,2026-03-29,2026-03-30,Approved
PR-07034,EMP-00069,Finance,SUP-00013,2026-04-01,2026-04-03,Approved
PR-07035,EMP-00035,Marketing,SUP-00026,2026-02-11,2026-02-14,Approved
PR-07036,EMP-00010,Operations,SUP-00036,2026-05-30,2026-06-10,Approved
PR-07037,EMP-00030,Sales,SUP-00039,2026-04-06,2026-04-19,Approved
PR-07038,EMP-00029,IT,SUP-00002,2026-05-26,2026-05-29,Rejected
PR-07039,EMP-00093,IT,SUP-00017,2026-05-26,2026-06-10,Approved
PR-07040,EMP-00038,Marketing,SUP-00041,2026-03-02,2026-03-13,Approved
PR-07041,EMP-00054,HR,SUP-00025,2026-01-24,2026-01-27,Approved
PR-07042,EMP-00091,Operations,SUP-00041,2026-04-26,2026-04-27,Approved
PR-07043,EMP-00005,HR,SUP-00033,2026-04-15,2026-04-23,Approved
PR-07044,EMP-00081,IT,SUP-00044,2026-02-24,2026-02-25,Approved
PR-07045,EMP-00087,IT,SUP-00050,2026-04-01,2026-04-14,Approved
PR-07046,EMP-00072,Procurement,SUP-00030,2026-04-04,2026-04-07,Approved
PR-07047,EMP-00081,IT,SUP-00014,2026-05-07,2026-05-12,Approved
PR-07048,EMP-00065,Marketing,SUP-00020,2026-03-26,2026-03-28,Rejected
PR-07049,EMP-00026,Operations,SUP-00020,2026-05-21,2026-05-30,Approved
PR-07050,EMP-00064,IT,SUP-00043,2026-02-22,2026-02-24,Approved
PR-07051,EMP-00088,Operations,SUP-00008,2026-02-12,2026-02-13,Approved
PR-07052,EMP-00040,Sales,SUP-00017,2026-02-05,2026-02-19,Approved
PR-07053,EMP-00071,Procurement,SUP-00013,2026-01-13,2026-01-28,Approved
PR-07054,EMP-00065,Marketing,SUP-00010,2026-03-23,2026-03-24,Approved
PR-07055,EMP-00006,HR,SUP-00049,2026-05-23,2026-05-25,Approved
PR-07056,EMP-00028,Marketing,SUP-00016,2026-03-11,2026-03-22,Approved
PR-07057,EMP-00085,Sales,SUP-00038,2026-01-19,2026-01-21,Approved
PR-07058,EMP-00081,IT,SUP-00010,2026-02-26,2026-03-01,Approved
PR-07059,EMP-00072,Procurement,SUP-00007,2026-01-04,2026-01-06,Approved
PR-07060,EMP-00022,Marketing,SUP-00023,2026-02-05,2026-02-16,Approved
PR-07061,EMP-00066,Finance,SUP-00018,2026-05-16,2026-05-30,Approved
PR-07062,EMP-00019,IT,SUP-00008,2026-05-09,2026-05-10,Approved
PR-07063,EMP-00072,Procurement,SUP-00046,2026-02-09,2026-02-11,Approved
PR-07064,EMP-00086,HR,SUP-00007,2026-05-05,2026-05-07,Approved
PR-07065,EMP-00097,Sales,SUP-00049,2026-03-05,2026-03-20,Approved
PR-07066,EMP-00026,Operations,SUP-00001,2026-03-29,2026-04-01,Approved
PR-07067,EMP-00024,HR,SUP-00045,2026-02-22,2026-02-26,Approved
PR-07068,EMP-00014,Marketing,SUP-00017,2026-03-02,2026-03-09,Approved
PR-07069,EMP-00074,Engineering,SUP-00040,2026-04-30,2026-05-01,Approved
PR-07070,EMP-00087,IT,SUP-00020,2026-02-28,2026-03-01,Approved
PR-07071,EMP-00029,IT,SUP-00024,2026-03-11,2026-03-13,Approved
PR-07072,EMP-00067,Sales,SUP-00040,2026-01-24,2026-01-27,Rejected
PR-07073,EMP-00011,Sales,SUP-00050,2026-02-10,2026-02-14,Approved
PR-07074,EMP-00021,IT,SUP-00003,2026-01-05,2026-01-08,Approved
PR-07075,EMP-00051,Procurement,SUP-00037,2026-03-05,2026-03-08,Approved
PR-07076,EMP-00015,Operations,SUP-00012,2026-04-21,2026-04-22,Approved
PR-07077,EMP-00048,Operations,SUP-00002,2026-03-26,2026-03-27,Approved
PR-07078,EMP-00097,Sales,SUP-00026,2026-02-24,2026-02-25,Approved
PR-07079,EMP-00074,Engineering,SUP-00005,2026-04-25,2026-04-30,Approved
PR-07080,EMP-00058,IT,SUP-00033,2026-04-23,2026-04-25,Approved
PR-07081,EMP-00088,Operations,SUP-00020,2026-05-08,2026-05-09,Approved
PR-07082,EMP-00041,Marketing,SUP-00036,2026-01-20,2026-01-22,Rejected
PR-07083,EMP-00097,Sales,SUP-00040,2026-01-03,2026-01-05,Approved
PR-07084,EMP-00030,Sales,SUP-00049,2026-02-18,2026-02-21,Approved
PR-07085,EMP-00013,Procurement,SUP-00003,2026-02-02,2026-02-07,Approved
PR-07086,EMP-00057,HR,SUP-00014,2026-04-29,2026-04-30,Approved
PR-07087,EMP-00092,Engineering,SUP-00023,2026-02-21,2026-03-01,Approved
PR-07088,EMP-00068,Marketing,SUP-00040,2026-05-03,2026-05-06,Approved
PR-07089,EMP-00029,IT,SUP-00048,2026-02-19,2026-02-20,Approved
PR-07090,EMP-00074,Engineering,SUP-00043,2026-01-25,2026-01-29,Approved
PR-07091,EMP-00069,Finance,SUP-00032,2026-05-26,2026-06-01,Approved
PR-07092,EMP-00048,Operations,SUP-00023,2026-01-31,2026-02-04,Approved
PR-07093,EMP-00029,IT,SUP-00022,2026-05-20,2026-05-27,Approved
PR-07094,EMP-00070,Sales,SUP-00009,2026-05-12,2026-05-14,Approved
PR-07095,EMP-00004,Engineering,SUP-00040,2026-03-20,2026-03-21,Approved
PR-07096,EMP-00011,Sales,SUP-00040,2026-02-13,2026-02-17,Approved
PR-07097,EMP-00022,Marketing,SUP-00043,2026-05-21,2026-05-24,Approved
PR-07098,EMP-00062,HR,SUP-00017,2026-02-26,2026-03-11,Approved
PR-07099,EMP-00096,HR,SUP-00036,2026-02-05,2026-02-07,Approved
PR-07100,EMP-00065,Marketing,SUP-00007,2026-05-27,2026-06-09,Approved
PR-07101,EMP-00007,Engineering,SUP-00047,2026-04-29,2026-04-30,Approved
PR-07102,EMP-00029,IT,SUP-00036,2026-02-26,2026-03-08,Approved
PR-07103,EMP-00089,Operations,SUP-00033,2026-03-03,2026-03-08,Approved
PR-07104,EMP-00004,Engineering,SUP-00026,2026-05-19,2026-05-22,Rejected
PR-07105,EMP-00009,Finance,SUP-00007,2026-04-23,2026-04-25,Approved
PR-07106,EMP-00017,Sales,SUP-00003,2026-02-16,2026-02-21,Approved
PR-07107,EMP-00007,Engineering,SUP-00017,2026-03-08,2026-03-12,Approved
PR-07108,EMP-00034,IT,SUP-00011,2026-02-09,2026-02-10,Approved
PR-07109,EMP-00009,Finance,SUP-00036,2026-05-25,2026-06-05,Approved
PR-07110,EMP-00076,HR,SUP-00001,2026-05-12,2026-05-13,Approved
PR-07111,EMP-00073,HR,SUP-00037,2026-05-30,2026-06-02,Approved
PR-07112,EMP-00007,Engineering,SUP-00050,2026-04-23,2026-04-26,Approved
PR-07113,EMP-00020,Marketing,SUP-00038,2026-04-27,2026-04-29,Approved
PR-07114,EMP-00100,Engineering,SUP-00043,2026-04-23,2026-04-27,Rejected
PR-07115,EMP-00011,Sales,SUP-00008,2026-05-14,2026-05-16,Approved
PR-07116,EMP-00100,Engineering,SUP-00050,2026-04-15,2026-04-16,Approved
PR-07117,EMP-00045,IT,SUP-00014,2026-01-30,2026-02-02,Approved
PR-07118,EMP-00009,Finance,SUP-00046,2026-01-04,2026-01-13,Approved
PR-07119,EMP-00035,Marketing,SUP-00049,2026-05-02,2026-05-04,Approved
PR-07120,EMP-00022,Marketing,SUP-00035,2026-03-25,2026-04-08,Approved
PR-07121,EMP-00016,Marketing,SUP-00027,2026-03-01,2026-03-03,Approved
PR-07122,EMP-00091,Operations,SUP-00015,2026-04-22,2026-04-27,Approved
PR-07123,EMP-00075,Marketing,SUP-00041,2026-01-26,2026-02-10,Approved
PR-07124,EMP-00010,Operations,SUP-00038,2026-01-31,2026-02-07,Approved
PR-07125,EMP-00027,Operations,SUP-00033,2026-01-25,2026-01-27,Approved
PR-07126,EMP-00091,Operations,SUP-00036,2026-03-28,2026-04-05,Approved
PR-07127,EMP-00088,Operations,SUP-00012,2026-03-11,2026-03-12,Approved
PR-07128,EMP-00013,Procurement,SUP-00016,2026-01-21,2026-01-25,Approved
PR-07129,EMP-00022,Marketing,SUP-00023,2026-04-12,2026-04-17,Approved
PR-07130,EMP-00037,IT,SUP-00012,2026-04-30,2026-05-03,Approved
PR-07131,EMP-00100,Engineering,SUP-00027,2026-03-20,2026-03-22,Approved
PR-07132,EMP-00070,Sales,SUP-00007,2026-05-02,2026-05-14,Rejected
PR-07133,EMP-00003,Engineering,SUP-00034,2026-01-25,2026-01-26,Approved
PR-07134,EMP-00049,IT,SUP-00029,2026-03-21,2026-04-05,Approved
PR-07135,EMP-00004,Engineering,SUP-00025,2026-03-17,2026-03-21,Approved
PR-07136,EMP-00096,HR,SUP-00039,2026-03-25,2026-03-29,Approved
PR-07137,EMP-00053,Operations,SUP-00046,2026-01-24,2026-02-01,Approved
PR-07138,EMP-00100,Engineering,SUP-00013,2026-03-12,2026-03-13,Approved
PR-07139,EMP-00085,Sales,SUP-00018,2026-02-20,2026-02-23,Approved
PR-07140,EMP-00069,Finance,SUP-00047,2026-01-19,2026-01-27,Approved
PR-07141,EMP-00023,IT,SUP-00030,2026-05-23,2026-05-26,Approved
PR-07142,EMP-00063,Finance,SUP-00021,2026-01-08,2026-01-11,Approved
PR-07143,EMP-00074,Engineering,SUP-00029,2026-05-12,2026-05-20,Approved
PR-07144,EMP-00064,IT,SUP-00023,2026-03-07,2026-03-08,Approved
PR-07145,EMP-00011,Sales,SUP-00041,2026-05-08,2026-05-10,Approved
PR-07146,EMP-00007,Engineering,SUP-00003,2026-02-09,2026-02-14,Rejected
PR-07147,EMP-00062,HR,SUP-00033,2026-01-29,2026-01-31,Approved
PR-07148,EMP-00034,IT,SUP-00015,2026-01-15,2026-01-23,Approved
PR-07149,EMP-00043,Finance,SUP-00023,2026-01-26,2026-01-31,Approved
PR-07150,EMP-00022,Marketing,SUP-00019,2026-05-12,2026-05-13,Approved
PR-07151,EMP-00014,Marketing,SUP-00040,2026-04-27,2026-04-29,Rejected
PR-07152,EMP-00087,IT,SUP-00043,2026-03-13,2026-03-17,Approved
PR-07153,EMP-00033,IT,SUP-00049,2026-04-28,2026-04-29,Approved
PR-07154,EMP-00054,HR,SUP-00030,2026-01-27,2026-01-28,Approved
PR-07155,EMP-00037,IT,SUP-00017,2026-04-05,2026-04-14,Approved
PR-07156,EMP-00035,Marketing,SUP-00019,2026-02-16,2026-02-19,Approved
PR-07157,EMP-00074,Engineering,SUP-00029,2026-03-02,2026-03-17,Approved
PR-07158,EMP-00053,Operations,SUP-00041,2026-05-13,2026-05-14,Approved
PR-07159,EMP-00085,Sales,SUP-00027,2026-01-03,2026-01-05,Approved
PR-07160,EMP-00037,IT,SUP-00004,2026-05-19,2026-05-21,Approved
PR-07161,EMP-00011,Sales,SUP-00022,2026-02-26,2026-03-01,Approved
PR-07162,EMP-00095,Marketing,SUP-00027,2026-01-13,2026-01-17,Approved
PR-07163,EMP-00065,Marketing,SUP-00033,2026-01-28,2026-01-29,Approved
PR-07164,EMP-00049,IT,SUP-00050,2026-04-26,2026-04-28,Approved
PR-07165,EMP-00092,Engineering,SUP-00007,2026-01-15,2026-01-28,Approved
PR-07166,EMP-00018,Engineering,SUP-00032,2026-04-12,2026-04-26,Approved
PR-07167,EMP-00001,Engineering,SUP-00011,2026-05-14,2026-05-24,Approved
PR-07168,EMP-00049,IT,SUP-00009,2026-01-21,2026-01-23,Approved
PR-07169,EMP-00011,Sales,SUP-00037,2026-04-28,2026-04-30,Approved
PR-07170,EMP-00002,Marketing,SUP-00021,2026-02-16,2026-02-19,Approved
PR-07171,EMP-00088,Operations,SUP-00022,2026-05-19,2026-05-31,Approved
PR-07172,EMP-00075,Marketing,SUP-00006,2026-03-25,2026-03-29,Approved
PR-07173,EMP-00096,HR,SUP-00013,2026-03-28,2026-03-29,Approved
PR-07174,EMP-00052,Finance,SUP-00042,2026-05-20,2026-05-30,Approved
PR-07175,EMP-00025,Marketing,SUP-00045,2026-01-07,2026-01-08,Approved
PR-07176,EMP-00082,Sales,SUP-00039,2026-04-23,2026-04-25,Approved
PR-07177,EMP-00039,Operations,SUP-00025,2026-02-24,2026-03-06,Approved
PR-07178,EMP-00062,HR,SUP-00045,2026-02-15,2026-02-19,Approved
PR-07179,EMP-00014,Marketing,SUP-00038,2026-04-23,2026-05-01,Approved
PR-07180,EMP-00044,IT,SUP-00039,2026-01-13,2026-01-16,Approved
PR-07181,EMP-00083,Engineering,SUP-00015,2026-04-12,2026-04-15,Rejected
PR-07182,EMP-00089,Operations,SUP-00046,2026-03-24,2026-04-01,Approved
PR-07183,EMP-00094,HR,SUP-00034,2026-01-15,2026-01-17,Approved
PR-07184,EMP-00095,Marketing,SUP-00018,2026-04-12,2026-04-16,Approved
PR-07185,EMP-00038,Marketing,SUP-00003,2026-01-24,2026-01-26,Rejected
PR-07186,EMP-00067,Sales,SUP-00004,2026-05-04,2026-05-07,Approved
PR-07187,EMP-00053,Operations,SUP-00040,2026-02-06,2026-02-07,Approved
PR-07188,EMP-00021,IT,SUP-00034,2026-01-07,2026-01-10,Approved
PR-07189,EMP-00055,Procurement,SUP-00016,2026-03-02,2026-03-05,Approved
PR-07190,EMP-00043,Finance,SUP-00035,2026-02-17,2026-02-19,Approved
PR-07191,EMP-00005,HR,SUP-00003,2026-05-25,2026-05-28,Approved
PR-07192,EMP-00014,Marketing,SUP-00045,2026-05-03,2026-05-16,Approved
PR-07193,EMP-00054,HR,SUP-00029,2026-02-25,2026-03-07,Approved
PR-07194,EMP-00085,Sales,SUP-00022,2026-05-04,2026-05-08,Approved
PR-07195,EMP-00089,Operations,SUP-00015,2026-05-20,2026-05-22,Rejected
PR-07196,EMP-00073,HR,SUP-00011,2026-05-10,2026-05-18,Approved
PR-07197,EMP-00024,HR,SUP-00018,2026-05-05,2026-05-14,Approved
PR-07198,EMP-00011,Sales,SUP-00027,2026-04-23,2026-04-26,Approved
PR-07199,EMP-00046,Operations,SUP-00029,2026-03-12,2026-03-13,Approved
PR-07200,EMP-00059,Marketing,SUP-00025,2026-05-24,2026-05-25,Approved
PR-07201,EMP-00078,HR,SUP-00046,2026-02-23,2026-02-26,Approved
PR-07202,EMP-00027,Operations,SUP-00043,2026-03-08,2026-03-09,Approved
PR-07203,EMP-00037,IT,SUP-00013,2026-03-18,2026-03-20,Approved
PR-07204,EMP-00032,Procurement,SUP-00042,2026-01-05,2026-01-15,Rejected
PR-07205,EMP-00010,Operations,SUP-00050,2026-05-08,2026-05-10,Approved
PR-07206,EMP-00078,HR,SUP-00019,2026-04-23,2026-04-26,Approved
PR-07207,EMP-00071,Procurement,SUP-00040,2026-03-25,2026-03-30,Approved
PR-07208,EMP-00014,Marketing,SUP-00038,2026-02-23,2026-02-25,Approved
PR-07209,EMP-00094,HR,SUP-00016,2026-01-30,2026-02-01,Approved
PR-07210,EMP-00090,Engineering,SUP-00028,2026-05-14,2026-05-24,Approved
PR-07211,EMP-00063,Finance,SUP-00011,2026-05-11,2026-05-13,Approved
PR-07212,EMP-00072,Procurement,SUP-00017,2026-01-14,2026-01-16,Approved
PR-07213,EMP-00073,HR,SUP-00015,2026-04-29,2026-05-14,Approved
PR-07214,EMP-00005,HR,SUP-00047,2026-02-17,2026-02-20,Rejected
PR-07215,EMP-00080,Marketing,SUP-00009,2026-03-27,2026-04-03,Approved
PR-07216,EMP-00007,Engineering,SUP-00018,2026-03-23,2026-03-24,Approved
PR-07217,EMP-00066,Finance,SUP-00030,2026-02-10,2026-02-12,Approved
PR-07218,EMP-00039,Operations,SUP-00007,2026-02-06,2026-02-17,Approved
PR-07219,EMP-00035,Marketing,SUP-00038,2026-04-24,2026-04-27,Approved
PR-07220,EMP-00054,HR,SUP-00044,2026-03-16,2026-03-20,Approved
PR-07221,EMP-00057,HR,SUP-00012,2026-02-18,2026-02-28,Approved
PR-07222,EMP-00060,Operations,SUP-00022,2026-05-13,2026-05-24,Approved
PR-07223,EMP-00020,Marketing,SUP-00002,2026-05-13,2026-05-17,Approved
PR-07224,EMP-00050,Procurement,SUP-00003,2026-04-20,2026-04-23,Approved
PR-07225,EMP-00039,Operations,SUP-00026,2026-03-08,2026-03-23,Approved
PR-07226,EMP-00001,Engineering,SUP-00048,2026-01-16,2026-01-18,Approved
PR-07227,EMP-00080,Marketing,SUP-00036,2026-01-14,2026-01-16,Approved
PR-07228,EMP-00015,Operations,SUP-00039,2026-05-09,2026-05-20,Rejected
PR-07229,EMP-00028,Marketing,SUP-00042,2026-03-18,2026-03-20,Approved
PR-07230,EMP-00030,Sales,SUP-00013,2026-01-11,2026-01-13,Approved
PR-07231,EMP-00030,Sales,SUP-00001,2026-05-31,2026-06-03,Approved
PR-07232,EMP-00050,Procurement,SUP-00032,2026-03-29,2026-04-02,Approved
PR-07233,EMP-00081,IT,SUP-00045,2026-04-09,2026-04-12,Approved
PR-07234,EMP-00070,Sales,SUP-00002,2026-02-12,2026-02-13,Approved
PR-07235,EMP-00017,Sales,SUP-00028,2026-01-20,2026-01-23,Approved
PR-07236,EMP-00031,Procurement,SUP-00050,2026-01-07,2026-01-09,Approved
PR-07237,EMP-00005,HR,SUP-00009,2026-04-20,2026-04-23,Rejected
PR-07238,EMP-00011,Sales,SUP-00033,2026-01-20,2026-01-21,Approved
PR-07239,EMP-00054,HR,SUP-00038,2026-03-07,2026-03-11,Approved
PR-07240,EMP-00038,Marketing,SUP-00029,2026-05-21,2026-05-23,Approved
PR-07241,EMP-00043,Finance,SUP-00019,2026-03-29,2026-04-06,Approved
PR-07242,EMP-00020,Marketing,SUP-00021,2026-02-04,2026-02-05,Approved
PR-07243,EMP-00058,IT,SUP-00001,2026-02-13,2026-02-15,Approved
PR-07244,EMP-00021,IT,SUP-00015,2026-03-26,2026-03-27,Approved
PR-07245,EMP-00077,Operations,SUP-00010,2026-03-18,2026-03-24,Approved
PR-07246,EMP-00091,Operations,SUP-00042,2026-01-18,2026-01-19,Approved
PR-07247,EMP-00069,Finance,SUP-00028,2026-05-15,2026-05-18,Approved
PR-07248,EMP-00072,Procurement,SUP-00011,2026-03-17,2026-03-22,Approved
PR-07249,EMP-00082,Sales,SUP-00042,2026-05-16,2026-05-18,Approved
PR-07250,EMP-00074,Engineering,SUP-00046,2026-02-19,2026-02-24,Approved
PR-07251,EMP-00026,Operations,SUP-00012,2026-02-18,2026-02-20,Approved
PR-07252,EMP-00081,IT,SUP-00037,2026-01-19,2026-01-21,Approved
PR-07253,EMP-00100,Engineering,SUP-00012,2026-03-02,2026-03-05,Approved
PR-07254,EMP-00078,HR,SUP-00015,2026-04-22,2026-04-25,Approved
PR-07255,EMP-00022,Marketing,SUP-00012,2026-05-29,2026-05-31,Approved
PR-07256,EMP-00057,HR,SUP-00006,2026-03-10,2026-03-12,Approved
PR-07257,EMP-00089,Operations,SUP-00015,2026-02-14,2026-02-15,Approved
PR-07258,EMP-00028,Marketing,SUP-00042,2026-01-02,2026-01-03,Rejected
PR-07259,EMP-00085,Sales,SUP-00028,2026-03-02,2026-03-04,Approved
PR-07260,EMP-00002,Marketing,SUP-00003,2026-04-09,2026-04-20,Approved
PR-07261,EMP-00059,Marketing,SUP-00036,2026-04-25,2026-04-26,Approved
PR-07262,EMP-00086,HR,SUP-00007,2026-03-09,2026-03-20,Approved
PR-07263,EMP-00069,Finance,SUP-00044,2026-02-19,2026-02-20,Approved
PR-07264,EMP-00012,Finance,SUP-00026,2026-05-12,2026-05-17,Approved
PR-07265,EMP-00014,Marketing,SUP-00013,2026-04-30,2026-05-01,Approved
PR-07266,EMP-00006,HR,SUP-00044,2026-03-29,2026-03-30,Approved
PR-07267,EMP-00069,Finance,SUP-00020,2026-03-31,2026-04-03,Approved
PR-07268,EMP-00007,Engineering,SUP-00011,2026-04-21,2026-04-25,Approved
PR-07269,EMP-00073,HR,SUP-00038,2026-04-16,2026-04-19,Approved
PR-07270,EMP-00017,Sales,SUP-00012,2026-01-02,2026-01-03,Approved
PR-07271,EMP-00041,Marketing,SUP-00009,2026-05-06,2026-05-07,Approved
PR-07272,EMP-00077,Operations,SUP-00041,2026-02-16,2026-03-03,Approved
PR-07273,EMP-00088,Operations,SUP-00005,2026-02-27,2026-03-01,Approved
PR-07274,EMP-00006,HR,SUP-00041,2026-03-02,2026-03-04,Approved
PR-07275,EMP-00047,IT,SUP-00037,2026-04-14,2026-04-18,Approved
PR-07276,EMP-00085,Sales,SUP-00023,2026-01-10,2026-01-11,Approved
PR-07277,EMP-00062,HR,SUP-00024,2026-03-10,2026-03-12,Approved
PR-07278,EMP-00010,Operations,SUP-00007,2026-03-19,2026-03-24,Approved
PR-07279,EMP-00094,HR,SUP-00021,2026-02-27,2026-03-02,Approved
PR-07280,EMP-00056,Finance,SUP-00020,2026-01-05,2026-01-09,Approved
PR-07281,EMP-00062,HR,SUP-00040,2026-01-29,2026-02-11,Approved
PR-07282,EMP-00089,Operations,SUP-00009,2026-01-14,2026-01-19,Approved
PR-07283,EMP-00001,Engineering,SUP-00034,2026-01-05,2026-01-17,Approved
PR-07284,EMP-00038,Marketing,SUP-00020,2026-01-28,2026-02-01,Rejected
PR-07285,EMP-00038,Marketing,SUP-00044,2026-03-24,2026-03-25,Approved
PR-07286,EMP-00100,Engineering,SUP-00032,2026-01-10,2026-01-11,Approved
PR-07287,EMP-00020,Marketing,SUP-00020,2026-05-25,2026-05-26,Approved
PR-07288,EMP-00090,Engineering,SUP-00011,2026-05-17,2026-05-21,Approved
PR-07289,EMP-00041,Marketing,SUP-00043,2026-01-01,2026-01-03,Approved
PR-07290,EMP-00029,IT,SUP-00010,2026-01-03,2026-01-06,Approved
PR-07291,EMP-00072,Procurement,SUP-00023,2026-05-21,2026-05-24,Rejected
PR-07292,EMP-00003,Engineering,SUP-00031,2026-05-09,2026-05-12,Approved
PR-07293,EMP-00068,Marketing,SUP-00001,2026-03-24,2026-03-26,Rejected
PR-07294,EMP-00009,Finance,SUP-00045,2026-05-09,2026-05-17,Approved
PR-07295,EMP-00009,Finance,SUP-00029,2026-05-02,2026-05-06,Approved
PR-07296,EMP-00099,Sales,SUP-00049,2026-04-08,2026-04-10,Approved
PR-07297,EMP-00010,Operations,SUP-00014,2026-03-28,2026-03-30,Approved
PR-07298,EMP-00014,Marketing,SUP-00049,2026-05-17,2026-05-22,Approved
PR-07299,EMP-00051,Procurement,SUP-00010,2026-03-07,2026-03-10,Approved
PR-07300,EMP-00022,Marketing,SUP-00037,2026-03-01,2026-03-03,Approved
PR-07301,EMP-00097,Sales,SUP-00008,2026-04-23,2026-04-25,Approved
PR-07302,EMP-00078,HR,SUP-00018,2026-05-30,2026-06-03,Approved
PR-07303,EMP-00099,Sales,SUP-00046,2026-01-23,2026-01-25,Approved
PR-07304,EMP-00060,Operations,SUP-00018,2026-02-14,2026-02-15,Approved
PR-07305,EMP-00016,Marketing,SUP-00010,2026-04-27,2026-05-06,Approved
PR-07306,EMP-00095,Marketing,SUP-00013,2026-01-05,2026-01-06,Approved
PR-07307,EMP-00065,Marketing,SUP-00001,2026-01-31,2026-02-02,Approved
PR-07308,EMP-00026,Operations,SUP-00015,2026-05-27,2026-06-03,Approved
PR-07309,EMP-00023,IT,SUP-00046,2026-05-29,2026-06-02,Approved
PR-07310,EMP-00025,Marketing,SUP-00009,2026-04-18,2026-04-20,Approved
PR-07311,EMP-00039,Operations,SUP-00008,2026-04-20,2026-04-25,Approved
PR-07312,EMP-00014,Marketing,SUP-00014,2026-02-22,2026-02-25,Approved
PR-07313,EMP-00049,IT,SUP-00009,2026-03-16,2026-03-29,Approved
PR-07314,EMP-00070,Sales,SUP-00018,2026-05-11,2026-05-12,Approved
PR-07315,EMP-00032,Procurement,SUP-00020,2026-05-26,2026-06-07,Approved
PR-07316,EMP-00060,Operations,SUP-00037,2026-04-07,2026-04-19,Approved
PR-07317,EMP-00015,Operations,SUP-00014,2026-04-28,2026-05-10,Approved
PR-07318,EMP-00054,HR,SUP-00019,2026-04-01,2026-04-11,Approved
PR-07319,EMP-00029,IT,SUP-00033,2026-04-24,2026-04-27,Approved
PR-07320,EMP-00045,IT,SUP-00025,2026-01-11,2026-01-13,Approved
PR-07321,EMP-00043,Finance,SUP-00008,2026-05-02,2026-05-03,Approved
PR-07322,EMP-00092,Engineering,SUP-00021,2026-02-14,2026-02-24,Approved
PR-07323,EMP-00086,HR,SUP-00004,2026-03-04,2026-03-09,Approved
PR-07324,EMP-00003,Engineering,SUP-00047,2026-02-09,2026-02-10,Approved
PR-07325,EMP-00047,IT,SUP-00001,2026-05-12,2026-05-14,Approved
PR-07326,EMP-00067,Sales,SUP-00006,2026-02-12,2026-02-23,Approved
PR-07327,EMP-00018,Engineering,SUP-00045,2026-04-12,2026-04-14,Approved
PR-07328,EMP-00031,Procurement,SUP-00017,2026-04-23,2026-04-26,Approved
PR-07329,EMP-00081,IT,SUP-00033,2026-04-17,2026-04-29,Approved
PR-07330,EMP-00017,Sales,SUP-00006,2026-02-27,2026-03-01,Approved
PR-07331,EMP-00034,IT,SUP-00050,2026-01-01,2026-01-07,Approved
PR-07332,EMP-00004,Engineering,SUP-00020,2026-04-23,2026-05-04,Approved
PR-07333,EMP-00023,IT,SUP-00041,2026-03-03,2026-03-05,Rejected
PR-07334,EMP-00040,Sales,SUP-00049,2026-01-27,2026-02-08,Approved
PR-07335,EMP-00065,Marketing,SUP-00003,2026-02-15,2026-02-25,Approved
PR-07336,EMP-00089,Operations,SUP-00016,2026-01-15,2026-01-16,Approved
PR-07337,EMP-00095,Marketing,SUP-00032,2026-01-17,2026-01-20,Approved
PR-07338,EMP-00077,Operations,SUP-00045,2026-03-10,2026-03-21,Approved
PR-07339,EMP-00050,Procurement,SUP-00025,2026-01-21,2026-01-31,Approved
PR-07340,EMP-00046,Operations,SUP-00025,2026-01-27,2026-02-01,Approved
PR-07341,EMP-00095,Marketing,SUP-00049,2026-04-09,2026-04-10,Approved
PR-07342,EMP-00020,Marketing,SUP-00049,2026-03-07,2026-03-10,Approved
PR-07343,EMP-00079,Operations,SUP-00050,2026-03-05,2026-03-12,Approved
PR-07344,EMP-00001,Engineering,SUP-00042,2026-01-23,2026-01-25,Approved
PR-07345,EMP-00090,Engineering,SUP-00009,2026-03-01,2026-03-05,Approved
PR-07346,EMP-00077,Operations,SUP-00001,2026-04-25,2026-04-28,Approved
PR-07347,EMP-00035,Marketing,SUP-00022,2026-01-17,2026-01-18,Approved
PR-07348,EMP-00035,Marketing,SUP-00041,2026-04-11,2026-04-15,Approved
PR-07349,EMP-00078,HR,SUP-00014,2026-05-10,2026-05-13,Approved
PR-07350,EMP-00007,Engineering,SUP-00010,2026-02-08,2026-02-11,Approved
PR-07351,EMP-00091,Operations,SUP-00037,2026-02-25,2026-02-27,Approved
PR-07352,EMP-00047,IT,SUP-00030,2026-01-20,2026-01-23,Approved
PR-07353,EMP-00098,Sales,SUP-00015,2026-04-14,2026-04-16,Approved
PR-07354,EMP-00086,HR,SUP-00036,2026-03-18,2026-03-21,Rejected
PR-07355,EMP-00051,Procurement,SUP-00046,2026-03-02,2026-03-05,Approved
PR-07356,EMP-00010,Operations,SUP-00006,2026-05-28,2026-05-29,Rejected
PR-07357,EMP-00065,Marketing,SUP-00019,2026-03-03,2026-03-06,Approved
PR-07358,EMP-00052,Finance,SUP-00039,2026-02-04,2026-02-08,Approved
PR-07359,EMP-00091,Operations,SUP-00033,2026-03-17,2026-03-21,Approved
PR-07360,EMP-00085,Sales,SUP-00018,2026-04-20,2026-05-04,Approved
PR-07361,EMP-00013,Procurement,SUP-00030,2026-03-10,2026-03-11,Approved
PR-07362,EMP-00035,Marketing,SUP-00004,2026-02-01,2026-02-04,Approved
PR-07363,EMP-00045,IT,SUP-00035,2026-05-01,2026-05-02,Approved
PR-07364,EMP-00008,HR,SUP-00029,2026-05-25,2026-05-26,Approved
PR-07365,EMP-00019,IT,SUP-00031,2026-03-05,2026-03-09,Approved
PR-07366,EMP-00054,HR,SUP-00001,2026-04-01,2026-04-02,Approved
PR-07367,EMP-00004,Engineering,SUP-00024,2026-01-27,2026-01-31,Approved
PR-07368,EMP-00079,Operations,SUP-00020,2026-05-17,2026-05-20,Approved
PR-07369,EMP-00065,Marketing,SUP-00024,2026-03-15,2026-03-17,Approved
PR-07370,EMP-00023,IT,SUP-00015,2026-01-02,2026-01-10,Approved
PR-07371,EMP-00020,Marketing,SUP-00010,2026-03-01,2026-03-02,Approved
PR-07372,EMP-00002,Marketing,SUP-00019,2026-02-21,2026-02-23,Approved
PR-07373,EMP-00011,Sales,SUP-00040,2026-03-29,2026-03-30,Approved
PR-07374,EMP-00043,Finance,SUP-00004,2026-05-03,2026-05-08,Approved
PR-07375,EMP-00017,Sales,SUP-00035,2026-04-24,2026-04-27,Approved
PR-07376,EMP-00028,Marketing,SUP-00043,2026-05-31,2026-06-08,Approved
PR-07377,EMP-00024,HR,SUP-00033,2026-02-15,2026-02-18,Approved
PR-07378,EMP-00076,HR,SUP-00015,2026-03-13,2026-03-16,Approved
PR-07379,EMP-00017,Sales,SUP-00031,2026-05-21,2026-05-26,Approved
PR-07380,EMP-00066,Finance,SUP-00019,2026-03-24,2026-03-28,Approved
PR-07381,EMP-00047,IT,SUP-00013,2026-01-27,2026-01-30,Approved
PR-07382,EMP-00008,HR,SUP-00047,2026-04-24,2026-04-27,Approved
PR-07383,EMP-00032,Procurement,SUP-00045,2026-05-30,2026-06-03,Approved
PR-07384,EMP-00088,Operations,SUP-00043,2026-01-02,2026-01-04,Approved
PR-07385,EMP-00054,HR,SUP-00016,2026-05-11,2026-05-12,Approved
PR-07386,EMP-00070,Sales,SUP-00021,2026-02-13,2026-02-14,Approved
PR-07387,EMP-00037,IT,SUP-00023,2026-03-12,2026-03-14,Approved
PR-07388,EMP-00070,Sales,SUP-00010,2026-02-24,2026-03-05,Approved
PR-07389,EMP-00034,IT,SUP-00011,2026-02-12,2026-02-14,Approved
PR-07390,EMP-00034,IT,SUP-00044,2026-04-03,2026-04-17,Approved
PR-07391,EMP-00048,Operations,SUP-00029,2026-02-24,2026-02-25,Approved
PR-07392,EMP-00059,Marketing,SUP-00001,2026-01-13,2026-01-28,Approved
PR-07393,EMP-00043,Finance,SUP-00045,2026-03-01,2026-03-06,Approved
PR-07394,EMP-00079,Operations,SUP-00019,2026-05-19,2026-05-21,Approved
PR-07395,EMP-00035,Marketing,SUP-00002,2026-05-28,2026-05-29,Approved
PR-07396,EMP-00010,Operations,SUP-00050,2026-02-05,2026-02-10,Rejected
PR-07397,EMP-00035,Marketing,SUP-00008,2026-03-16,2026-03-19,Approved
PR-07398,EMP-00082,Sales,SUP-00038,2026-03-02,2026-03-17,Approved
PR-07399,EMP-00034,IT,SUP-00025,2026-03-30,2026-04-02,Approved
PR-07400,EMP-00019,IT,SUP-00021,2026-05-10,2026-05-12,Approved
PR-07401,EMP-00068,Marketing,SUP-00037,2026-05-25,2026-06-04,Approved
PR-07402,EMP-00005,HR,SUP-00050,2026-03-21,2026-04-04,Approved
PR-07403,EMP-00060,Operations,SUP-00014,2026-03-24,2026-04-07,Approved
PR-07404,EMP-00064,IT,SUP-00050,2026-01-14,2026-01-17,Approved
PR-07405,EMP-00003,Engineering,SUP-00033,2026-03-01,2026-03-03,Approved
PR-07406,EMP-00095,Marketing,SUP-00004,2026-05-01,2026-05-02,Approved
PR-07407,EMP-00009,Finance,SUP-00011,2026-03-24,2026-03-29,Approved
PR-07408,EMP-00001,Engineering,SUP-00029,2026-03-11,2026-03-13,Approved
PR-07409,EMP-00029,IT,SUP-00001,2026-03-19,2026-03-22,Approved
PR-07410,EMP-00092,Engineering,SUP-00037,2026-03-07,2026-03-10,Approved
PR-07411,EMP-00043,Finance,SUP-00048,2026-01-31,2026-02-02,Approved
PR-07412,EMP-00040,Sales,SUP-00003,2026-03-13,2026-03-14,Rejected
PR-07413,EMP-00018,Engineering,SUP-00043,2026-01-24,2026-01-27,Approved
PR-07414,EMP-00017,Sales,SUP-00047,2026-05-23,2026-05-25,Approved
PR-07415,EMP-00078,HR,SUP-00034,2026-05-26,2026-05-29,Approved
PR-07416,EMP-00013,Procurement,SUP-00042,2026-05-29,2026-06-10,Approved
PR-07417,EMP-00002,Marketing,SUP-00018,2026-01-29,2026-01-31,Approved
PR-07418,EMP-00071,Procurement,SUP-00021,2026-02-24,2026-03-07,Rejected
PR-07419,EMP-00008,HR,SUP-00019,2026-01-08,2026-01-10,Approved
PR-07420,EMP-00008,HR,SUP-00014,2026-01-09,2026-01-13,Approved
PR-07421,EMP-00089,Operations,SUP-00037,2026-02-18,2026-02-19,Approved
PR-07422,EMP-00051,Procurement,SUP-00001,2026-03-15,2026-03-16,Approved
PR-07423,EMP-00007,Engineering,SUP-00006,2026-04-21,2026-04-23,Approved
PR-07424,EMP-00096,HR,SUP-00003,2026-05-28,2026-06-01,Approved
PR-07425,EMP-00051,Procurement,SUP-00041,2026-02-11,2026-02-16,Approved
PR-07426,EMP-00074,Engineering,SUP-00033,2026-04-01,2026-04-14,Approved
PR-07427,EMP-00052,Finance,SUP-00014,2026-04-22,2026-04-28,Approved
PR-07428,EMP-00003,Engineering,SUP-00017,2026-02-07,2026-02-17,Approved
PR-07429,EMP-00077,Operations,SUP-00039,2026-03-03,2026-03-06,Approved
PR-07430,EMP-00012,Finance,SUP-00007,2026-01-06,2026-01-11,Approved
PR-07431,EMP-00053,Operations,SUP-00046,2026-03-25,2026-03-27,Approved
PR-07432,EMP-00097,Sales,SUP-00037,2026-02-12,2026-02-16,Approved
PR-07433,EMP-00009,Finance,SUP-00038,2026-04-26,2026-04-29,Approved
PR-07434,EMP-00061,Operations,SUP-00005,2026-01-16,2026-01-18,Approved
PR-07435,EMP-00002,Marketing,SUP-00029,2026-05-08,2026-05-10,Approved
PR-07436,EMP-00067,Sales,SUP-00010,2026-05-26,2026-05-29,Approved
PR-07437,EMP-00079,Operations,SUP-00046,2026-01-18,2026-01-20,Approved
PR-07438,EMP-00064,IT,SUP-00047,2026-03-21,2026-03-25,Approved
PR-07439,EMP-00039,Operations,SUP-00026,2026-04-18,2026-04-28,Rejected
PR-07440,EMP-00096,HR,SUP-00032,2026-05-30,2026-05-31,Approved
PR-07441,EMP-00027,Operations,SUP-00036,2026-02-08,2026-02-10,Approved
PR-07442,EMP-00022,Marketing,SUP-00036,2026-05-04,2026-05-07,Approved
PR-07443,EMP-00091,Operations,SUP-00040,2026-01-27,2026-01-28,Approved
PR-07444,EMP-00010,Operations,SUP-00039,2026-02-27,2026-03-11,Approved
PR-07445,EMP-00024,HR,SUP-00012,2026-05-26,2026-05-27,Approved
PR-07446,EMP-00022,Marketing,SUP-00008,2026-04-02,2026-04-03,Rejected
PR-07447,EMP-00049,IT,SUP-00012,2026-04-17,2026-04-19,Approved
PR-07448,EMP-00061,Operations,SUP-00006,2026-01-26,2026-01-29,Approved
PR-07449,EMP-00058,IT,SUP-00038,2026-01-22,2026-01-25,Approved
PR-07450,EMP-00035,Marketing,SUP-00005,2026-01-15,2026-01-22,Approved
PR-07451,EMP-00055,Procurement,SUP-00029,2026-05-01,2026-05-04,Approved
PR-07452,EMP-00045,IT,SUP-00015,2026-02-26,2026-02-27,Approved
PR-07453,EMP-00060,Operations,SUP-00014,2026-03-24,2026-04-08,Approved
PR-07454,EMP-00055,Procurement,SUP-00042,2026-05-11,2026-05-13,Approved
PR-07455,EMP-00032,Procurement,SUP-00014,2026-01-29,2026-02-13,Approved
PR-07456,EMP-00031,Procurement,SUP-00006,2026-01-17,2026-01-22,Approved
PR-07457,EMP-00058,IT,SUP-00017,2026-02-03,2026-02-11,Approved
PR-07458,EMP-00034,IT,SUP-00017,2026-01-25,2026-01-28,Approved
PR-07459,EMP-00052,Finance,SUP-00021,2026-01-23,2026-01-24,Approved
PR-07460,EMP-00060,Operations,SUP-00003,2026-03-16,2026-03-25,Approved
PR-07461,EMP-00050,Procurement,SUP-00037,2026-03-10,2026-03-13,Approved
PR-07462,EMP-00034,IT,SUP-00047,2026-02-08,2026-02-10,Approved
PR-07463,EMP-00034,IT,SUP-00014,2026-01-12,2026-01-19,Approved
PR-07464,EMP-00027,Operations,SUP-00019,2026-03-29,2026-04-13,Approved
PR-07465,EMP-00031,Procurement,SUP-00006,2026-01-13,2026-01-14,Rejected
PR-07466,EMP-00020,Marketing,SUP-00019,2026-01-24,2026-01-26,Approved
PR-07467,EMP-00066,Finance,SUP-00036,2026-01-22,2026-01-27,Approved
PR-07468,EMP-00052,Finance,SUP-00017,2026-01-17,2026-01-21,Approved
PR-07469,EMP-00050,Procurement,SUP-00021,2026-05-29,2026-05-30,Approved
PR-07470,EMP-00034,IT,SUP-00040,2026-01-30,2026-02-08,Approved
PR-07471,EMP-00043,Finance,SUP-00017,2026-01-30,2026-01-31,Approved
PR-07472,EMP-00016,Marketing,SUP-00049,2026-03-21,2026-03-24,Approved
PR-07473,EMP-00017,Sales,SUP-00042,2026-01-23,2026-02-02,Approved
PR-07474,EMP-00059,Marketing,SUP-00027,2026-02-04,2026-02-09,Approved
PR-07475,EMP-00095,Marketing,SUP-00027,2026-03-29,2026-03-31,Approved
PR-07476,EMP-00005,HR,SUP-00014,2026-05-06,2026-05-21,Approved
PR-07477,EMP-00043,Finance,SUP-00026,2026-04-13,2026-04-18,Rejected
PR-07478,EMP-00087,IT,SUP-00008,2026-03-07,2026-03-09,Approved
PR-07479,EMP-00031,Procurement,SUP-00009,2026-03-02,2026-03-08,Rejected
PR-07480,EMP-00016,Marketing,SUP-00011,2026-01-20,2026-02-02,Approved
PR-07481,EMP-00019,IT,SUP-00013,2026-05-23,2026-05-24,Approved
PR-07482,EMP-00002,Marketing,SUP-00022,2026-05-27,2026-06-05,Approved
PR-07483,EMP-00065,Marketing,SUP-00039,2026-04-12,2026-04-15,Approved
PR-07484,EMP-00097,Sales,SUP-00043,2026-04-05,2026-04-16,Approved
PR-07485,EMP-00097,Sales,SUP-00026,2026-01-15,2026-01-17,Approved
PR-07486,EMP-00056,Finance,SUP-00035,2026-04-23,2026-04-26,Approved
PR-07487,EMP-00094,HR,SUP-00024,2026-03-24,2026-04-06,Approved
PR-07488,EMP-00057,HR,SUP-00016,2026-02-23,2026-02-25,Approved
PR-07489,EMP-00067,Sales,SUP-00048,2026-01-16,2026-01-19,Approved
PR-07490,EMP-00036,Engineering,SUP-00019,2026-03-07,2026-03-09,Approved
PR-07491,EMP-00003,Engineering,SUP-00023,2026-05-25,2026-05-28,Rejected
PR-07492,EMP-00046,Operations,SUP-00029,2026-05-13,2026-05-16,Approved
PR-07493,EMP-00089,Operations,SUP-00013,2026-01-04,2026-01-15,Approved
PR-07494,EMP-00010,Operations,SUP-00037,2026-03-28,2026-03-31,Approved
PR-07495,EMP-00056,Finance,SUP-00043,2026-03-09,2026-03-18,Approved
PR-07496,EMP-00058,IT,SUP-00001,2026-02-11,2026-02-15,Approved
PR-07497,EMP-00066,Finance,SUP-00015,2026-03-21,2026-03-22,Approved
PR-07498,EMP-00048,Operations,SUP-00036,2026-03-31,2026-04-11,Approved
PR-07499,EMP-00023,IT,SUP-00021,2026-01-18,2026-01-26,Approved
PR-07500,EMP-00050,Procurement,SUP-00002,2026-03-25,2026-03-27,Approved
PR-07501,EMP-00002,Marketing,SUP-00045,2026-01-19,2026-01-31,Approved
PR-07502,EMP-00089,Operations,SUP-00018,2026-02-02,2026-02-03,Approved
PR-07503,EMP-00097,Sales,SUP-00029,2026-01-07,2026-01-10,Approved
PR-07504,EMP-00011,Sales,SUP-00028,2026-01-18,2026-01-26,Approved
PR-07505,EMP-00090,Engineering,SUP-00005,2026-05-16,2026-05-20,Approved
PR-07506,EMP-00026,Operations,SUP-00031,2026-03-16,2026-03-17,Approved
PR-07507,EMP-00039,Operations,SUP-00020,2026-03-25,2026-04-05,Approved
PR-07508,EMP-00023,IT,SUP-00014,2026-01-05,2026-01-08,Approved
PR-07509,EMP-00004,Engineering,SUP-00039,2026-01-14,2026-01-15,Rejected
PR-07510,EMP-00052,Finance,SUP-00033,2026-03-08,2026-03-10,Approved
PR-07511,EMP-00010,Operations,SUP-00050,2026-04-22,2026-04-24,Approved
PR-07512,EMP-00088,Operations,SUP-00021,2026-02-16,2026-02-27,Rejected
PR-07513,EMP-00018,Engineering,SUP-00033,2026-02-16,2026-02-19,Approved
PR-07514,EMP-00032,Procurement,SUP-00003,2026-04-01,2026-04-02,Approved
PR-07515,EMP-00028,Marketing,SUP-00050,2026-04-01,2026-04-03,Approved
PR-07516,EMP-00090,Engineering,SUP-00001,2026-05-29,2026-06-01,Approved
PR-07517,EMP-00056,Finance,SUP-00041,2026-04-10,2026-04-13,Approved
PR-07518,EMP-00024,HR,SUP-00048,2026-02-16,2026-02-19,Approved
PR-07519,EMP-00014,Marketing,SUP-00005,2026-02-24,2026-02-28,Approved
PR-07520,EMP-00012,Finance,SUP-00043,2026-04-24,2026-04-25,Approved
PR-07521,EMP-00072,Procurement,SUP-00007,2026-01-12,2026-01-15,Approved
PR-07522,EMP-00093,IT,SUP-00008,2026-04-24,2026-04-29,Approved
PR-07523,EMP-00092,Engineering,SUP-00008,2026-01-13,2026-01-20,Approved
PR-07524,EMP-00049,IT,SUP-00034,2026-04-02,2026-04-04,Approved
PR-07525,EMP-00021,IT,SUP-00022,2026-01-12,2026-01-13,Approved
PR-07526,EMP-00013,Procurement,SUP-00044,2026-05-05,2026-05-08,Approved
PR-07527,EMP-00032,Procurement,SUP-00049,2026-02-04,2026-02-07,Approved
PR-07528,EMP-00026,Operations,SUP-00047,2026-01-17,2026-01-22,Approved
PR-07529,EMP-00004,Engineering,SUP-00046,2026-04-14,2026-04-17,Rejected
PR-07530,EMP-00095,Marketing,SUP-00006,2026-05-01,2026-05-06,Approved
PR-07531,EMP-00017,Sales,SUP-00003,2026-05-09,2026-05-11,Approved
PR-07532,EMP-00087,IT,SUP-00039,2026-03-28,2026-04-01,Approved
PR-07533,EMP-00067,Sales,SUP-00031,2026-05-23,2026-05-28,Approved
PR-07534,EMP-00046,Operations,SUP-00005,2026-04-12,2026-04-13,Approved
PR-07535,EMP-00086,HR,SUP-00035,2026-02-05,2026-02-07,Approved
PR-07536,EMP-00046,Operations,SUP-00018,2026-05-21,2026-05-29,Approved
PR-07537,EMP-00046,Operations,SUP-00019,2026-02-14,2026-02-16,Approved
PR-07538,EMP-00091,Operations,SUP-00020,2026-01-31,2026-02-02,Approved
PR-07539,EMP-00028,Marketing,SUP-00009,2026-02-03,2026-02-04,Approved
PR-07540,EMP-00095,Marketing,SUP-00034,2026-03-22,2026-03-26,Approved
PR-07541,EMP-00054,HR,SUP-00033,2026-02-03,2026-02-04,Approved
PR-07542,EMP-00010,Operations,SUP-00039,2026-05-18,2026-05-21,Approved
PR-07543,EMP-00048,Operations,SUP-00048,2026-05-08,2026-05-13,Approved
PR-07544,EMP-00020,Marketing,SUP-00006,2026-03-10,2026-03-18,Approved
PR-07545,EMP-00032,Procurement,SUP-00010,2026-03-21,2026-03-24,Approved
PR-07546,EMP-00026,Operations,SUP-00011,2026-03-16,2026-03-24,Approved
PR-07547,EMP-00047,IT,SUP-00044,2026-05-04,2026-05-06,Approved
PR-07548,EMP-00038,Marketing,SUP-00032,2026-01-30,2026-02-04,Approved
PR-07549,EMP-00069,Finance,SUP-00007,2026-02-23,2026-02-25,Approved
PR-07550,EMP-00091,Operations,SUP-00032,2026-05-21,2026-05-22,Rejected
PR-07551,EMP-00022,Marketing,SUP-00043,2026-04-10,2026-04-13,Approved
PR-07552,EMP-00080,Marketing,SUP-00035,2026-02-09,2026-02-14,Approved
PR-07553,EMP-00003,Engineering,SUP-00006,2026-03-17,2026-03-20,Approved
PR-07554,EMP-00008,HR,SUP-00050,2026-03-25,2026-03-28,Approved
PR-07555,EMP-00051,Procurement,SUP-00047,2026-04-21,2026-04-22,Approved
PR-07556,EMP-00035,Marketing,SUP-00014,2026-01-05,2026-01-07,Approved
PR-07557,EMP-00042,Marketing,SUP-00044,2026-05-22,2026-05-25,Approved
PR-07558,EMP-00021,IT,SUP-00036,2026-02-08,2026-02-09,Approved
PR-07559,EMP-00089,Operations,SUP-00016,2026-02-22,2026-02-24,Approved
PR-07560,EMP-00096,HR,SUP-00041,2026-02-12,2026-02-14,Approved
PR-07561,EMP-00017,Sales,SUP-00050,2026-01-15,2026-01-25,Approved
PR-07562,EMP-00014,Marketing,SUP-00049,2026-05-19,2026-05-22,Rejected
PR-07563,EMP-00006,HR,SUP-00025,2026-02-15,2026-02-18,Approved
PR-07564,EMP-00082,Sales,SUP-00028,2026-01-21,2026-01-22,Approved
PR-07565,EMP-00024,HR,SUP-00029,2026-03-03,2026-03-12,Approved
PR-07566,EMP-00068,Marketing,SUP-00020,2026-01-21,2026-01-24,Approved
PR-07567,EMP-00028,Marketing,SUP-00023,2026-05-03,2026-05-04,Approved
PR-07568,EMP-00093,IT,SUP-00006,2026-03-09,2026-03-13,Approved
PR-07569,EMP-00009,Finance,SUP-00019,2026-02-21,2026-02-23,Approved
PR-07570,EMP-00089,Operations,SUP-00042,2026-04-23,2026-04-27,Approved
PR-07571,EMP-00065,Marketing,SUP-00040,2026-04-13,2026-04-28,Approved
PR-07572,EMP-00056,Finance,SUP-00046,2026-05-05,2026-05-18,Approved
PR-07573,EMP-00046,Operations,SUP-00003,2026-05-29,2026-06-01,Approved
PR-07574,EMP-00100,Engineering,SUP-00034,2026-04-30,2026-05-02,Approved
PR-07575,EMP-00011,Sales,SUP-00045,2026-02-17,2026-03-02,Approved
PR-07576,EMP-00038,Marketing,SUP-00009,2026-03-25,2026-03-30,Approved
PR-07577,EMP-00044,IT,SUP-00022,2026-02-13,2026-02-15,Approved
PR-07578,EMP-00074,Engineering,SUP-00042,2026-04-13,2026-04-14,Approved
PR-07579,EMP-00032,Procurement,SUP-00008,2026-03-09,2026-03-11,Approved
PR-07580,EMP-00050,Procurement,SUP-00019,2026-03-04,2026-03-06,Approved
PR-07581,EMP-00049,IT,SUP-00041,2026-01-17,2026-01-24,Approved
PR-07582,EMP-00023,IT,SUP-00035,2026-04-28,2026-05-02,Approved
PR-07583,EMP-00052,Finance,SUP-00015,2026-03-19,2026-04-01,Approved
PR-07584,EMP-00007,Engineering,SUP-00015,2026-05-06,2026-05-15,Approved
PR-07585,EMP-00011,Sales,SUP-00001,2026-03-02,2026-03-08,Approved
PR-07586,EMP-00042,Marketing,SUP-00020,2026-01-03,2026-01-05,Approved
PR-07587,EMP-00011,Sales,SUP-00050,2026-03-23,2026-04-06,Approved
PR-07588,EMP-00099,Sales,SUP-00046,2026-01-15,2026-01-16,Approved
PR-07589,EMP-00066,Finance,SUP-00019,2026-01-27,2026-01-28,Approved
PR-07590,EMP-00015,Operations,SUP-00025,2026-01-08,2026-01-18,Approved
PR-07591,EMP-00019,IT,SUP-00006,2026-04-04,2026-04-07,Approved
PR-07592,EMP-00023,IT,SUP-00033,2026-05-04,2026-05-15,Approved
PR-07593,EMP-00005,HR,SUP-00011,2026-02-23,2026-02-26,Approved
PR-07594,EMP-00056,Finance,SUP-00024,2026-04-28,2026-05-01,Approved
PR-07595,EMP-00055,Procurement,SUP-00030,2026-05-29,2026-06-03,Approved
PR-07596,EMP-00068,Marketing,SUP-00049,2026-04-08,2026-04-18,Approved
PR-07597,EMP-00048,Operations,SUP-00014,2026-05-31,2026-06-01,Approved
PR-07598,EMP-00003,Engineering,SUP-00006,2026-02-12,2026-02-14,Approved
PR-07599,EMP-00098,Sales,SUP-00027,2026-05-10,2026-05-11,Approved
PR-07600,EMP-00013,Procurement,SUP-00024,2026-02-27,2026-03-03,Approved
PR-07601,EMP-00016,Marketing,SUP-00033,2026-05-05,2026-05-08,Approved
PR-07602,EMP-00018,Engineering,SUP-00049,2026-05-05,2026-05-08,Approved
PR-07603,EMP-00031,Procurement,SUP-00032,2026-01-18,2026-01-21,Approved
PR-07604,EMP-00045,IT,SUP-00037,2026-04-04,2026-04-08,Approved
PR-07605,EMP-00084,Sales,SUP-00047,2026-04-15,2026-04-20,Approved
PR-07606,EMP-00039,Operations,SUP-00048,2026-04-23,2026-04-24,Approved
PR-07607,EMP-00057,HR,SUP-00047,2026-05-10,2026-05-18,Rejected
PR-07608,EMP-00005,HR,SUP-00027,2026-02-02,2026-02-03,Approved
PR-07609,EMP-00037,IT,SUP-00017,2026-03-25,2026-03-27,Approved
PR-07610,EMP-00032,Procurement,SUP-00029,2026-01-09,2026-01-11,Approved
PR-07611,EMP-00073,HR,SUP-00006,2026-04-15,2026-04-19,Approved
PR-07612,EMP-00092,Engineering,SUP-00012,2026-02-23,2026-02-24,Approved
PR-07613,EMP-00046,Operations,SUP-00012,2026-03-01,2026-03-03,Approved
PR-07614,EMP-00028,Marketing,SUP-00020,2026-03-09,2026-03-12,Approved
PR-07615,EMP-00080,Marketing,SUP-00028,2026-05-13,2026-05-15,Approved
PR-07616,EMP-00053,Operations,SUP-00027,2026-01-20,2026-01-23,Approved
PR-07617,EMP-00005,HR,SUP-00025,2026-02-02,2026-02-03,Approved
PR-07618,EMP-00047,IT,SUP-00025,2026-02-18,2026-02-21,Rejected
PR-07619,EMP-00039,Operations,SUP-00028,2026-01-08,2026-01-12,Approved
PR-07620,EMP-00089,Operations,SUP-00011,2026-05-09,2026-05-10,Approved
PR-07621,EMP-00032,Procurement,SUP-00049,2026-04-04,2026-04-06,Approved
PR-07622,EMP-00080,Marketing,SUP-00020,2026-01-27,2026-01-29,Approved
PR-07623,EMP-00080,Marketing,SUP-00026,2026-03-16,2026-03-17,Approved
PR-07624,EMP-00057,HR,SUP-00042,2026-01-08,2026-01-11,Approved
PR-07625,EMP-00030,Sales,SUP-00031,2026-03-09,2026-03-11,Approved
PR-07626,EMP-00012,Finance,SUP-00005,2026-02-09,2026-02-13,Approved
PR-07627,EMP-00054,HR,SUP-00024,2026-05-12,2026-05-13,Approved
PR-07628,EMP-00002,Marketing,SUP-00041,2026-01-13,2026-01-18,Approved
PR-07629,EMP-00068,Marketing,SUP-00047,2026-05-17,2026-05-22,Approved
PR-07630,EMP-00076,HR,SUP-00049,2026-05-07,2026-05-10,Approved
PR-07631,EMP-00088,Operations,SUP-00012,2026-02-09,2026-02-14,Approved
PR-07632,EMP-00018,Engineering,SUP-00006,2026-05-12,2026-05-13,Approved
PR-07633,EMP-00037,IT,SUP-00021,2026-03-30,2026-04-02,Approved
PR-07634,EMP-00044,IT,SUP-00032,2026-01-13,2026-01-15,Approved
PR-07635,EMP-00020,Marketing,SUP-00006,2026-02-12,2026-02-21,Approved
PR-07636,EMP-00014,Marketing,SUP-00006,2026-02-14,2026-02-19,Approved
PR-07637,EMP-00035,Marketing,SUP-00036,2026-05-02,2026-05-05,Approved
PR-07638,EMP-00005,HR,SUP-00039,2026-03-22,2026-03-27,Approved
PR-07639,EMP-00016,Marketing,SUP-00019,2026-03-26,2026-03-30,Approved
PR-07640,EMP-00065,Marketing,SUP-00005,2026-05-05,2026-05-08,Approved
PR-07641,EMP-00023,IT,SUP-00019,2026-02-21,2026-02-22,Approved
PR-07642,EMP-00021,IT,SUP-00042,2026-01-04,2026-01-07,Approved
PR-07643,EMP-00056,Finance,SUP-00033,2026-02-13,2026-02-14,Approved
PR-07644,EMP-00003,Engineering,SUP-00021,2026-01-18,2026-01-21,Approved
PR-07645,EMP-00080,Marketing,SUP-00031,2026-04-03,2026-04-05,Approved
PR-07646,EMP-00049,IT,SUP-00042,2026-01-19,2026-01-22,Approved
PR-07647,EMP-00012,Finance,SUP-00005,2026-04-13,2026-04-17,Approved
PR-07648,EMP-00045,IT,SUP-00014,2026-05-05,2026-05-10,Approved
PR-07649,EMP-00007,Engineering,SUP-00001,2026-03-31,2026-04-03,Approved
PR-07650,EMP-00076,HR,SUP-00036,2026-02-28,2026-03-01,Approved
PR-07651,EMP-00024,HR,SUP-00049,2026-04-19,2026-04-29,Approved
PR-07652,EMP-00046,Operations,SUP-00004,2026-03-06,2026-03-08,Approved
PR-07653,EMP-00076,HR,SUP-00002,2026-04-03,2026-04-08,Approved
PR-07654,EMP-00071,Procurement,SUP-00001,2026-05-18,2026-05-26,Approved
PR-07655,EMP-00052,Finance,SUP-00020,2026-03-26,2026-04-06,Approved
PR-07656,EMP-00064,IT,SUP-00042,2026-05-02,2026-05-04,Rejected
PR-07657,EMP-00061,Operations,SUP-00009,2026-03-17,2026-03-21,Approved
PR-07658,EMP-00010,Operations,SUP-00050,2026-05-14,2026-05-17,Approved
PR-07659,EMP-00060,Operations,SUP-00019,2026-03-21,2026-03-24,Approved
PR-07660,EMP-00086,HR,SUP-00047,2026-02-12,2026-02-14,Approved
PR-07661,EMP-00010,Operations,SUP-00014,2026-04-04,2026-04-05,Approved
PR-07662,EMP-00003,Engineering,SUP-00023,2026-02-11,2026-02-25,Approved
PR-07663,EMP-00003,Engineering,SUP-00014,2026-04-05,2026-04-19,Approved
PR-07664,EMP-00032,Procurement,SUP-00018,2026-03-07,2026-03-09,Approved
PR-07665,EMP-00094,HR,SUP-00032,2026-04-15,2026-04-19,Approved
PR-07666,EMP-00001,Engineering,SUP-00030,2026-02-11,2026-02-15,Approved
PR-07667,EMP-00073,HR,SUP-00027,2026-02-27,2026-03-05,Approved
PR-07668,EMP-00091,Operations,SUP-00002,2026-05-11,2026-05-13,Approved
PR-07669,EMP-00054,HR,SUP-00002,2026-04-11,2026-04-13,Approved
PR-07670,EMP-00078,HR,SUP-00016,2026-01-09,2026-01-12,Approved
PR-07671,EMP-00030,Sales,SUP-00006,2026-02-22,2026-02-26,Approved
PR-07672,EMP-00066,Finance,SUP-00050,2026-03-07,2026-03-20,Rejected
PR-07673,EMP-00030,Sales,SUP-00003,2026-05-07,2026-05-11,Approved
PR-07674,EMP-00089,Operations,SUP-00036,2026-02-11,2026-02-13,Approved
PR-07675,EMP-00031,Procurement,SUP-00032,2026-04-03,2026-04-06,Rejected
PR-07676,EMP-00027,Operations,SUP-00005,2026-05-04,2026-05-09,Approved
PR-07677,EMP-00058,IT,SUP-00021,2026-02-12,2026-02-14,Approved
PR-07678,EMP-00035,Marketing,SUP-00035,2026-05-02,2026-05-03,Approved
PR-07679,EMP-00077,Operations,SUP-00032,2026-03-20,2026-03-22,Approved
PR-07680,EMP-00030,Sales,SUP-00046,2026-05-28,2026-06-01,Approved
PR-07681,EMP-00028,Marketing,SUP-00037,2026-01-25,2026-01-26,Approved
PR-07682,EMP-00027,Operations,SUP-00012,2026-04-07,2026-04-08,Approved
PR-07683,EMP-00056,Finance,SUP-00027,2026-04-26,2026-04-28,Approved
PR-07684,EMP-00068,Marketing,SUP-00030,2026-04-09,2026-04-12,Approved
PR-07685,EMP-00056,Finance,SUP-00019,2026-02-03,2026-02-05,Approved
PR-07686,EMP-00089,Operations,SUP-00028,2026-02-25,2026-03-04,Approved
PR-07687,EMP-00092,Engineering,SUP-00040,2026-05-26,2026-06-07,Approved
PR-07688,EMP-00089,Operations,SUP-00020,2026-02-18,2026-02-20,Approved
PR-07689,EMP-00052,Finance,SUP-00015,2026-04-04,2026-04-09,Approved
PR-07690,EMP-00009,Finance,SUP-00016,2026-03-07,2026-03-09,Approved
PR-07691,EMP-00014,Marketing,SUP-00031,2026-01-02,2026-01-03,Approved
PR-07692,EMP-00079,Operations,SUP-00020,2026-04-26,2026-05-11,Approved
PR-07693,EMP-00030,Sales,SUP-00046,2026-02-03,2026-02-04,Approved
PR-07694,EMP-00018,Engineering,SUP-00050,2026-05-01,2026-05-03,Approved
PR-07695,EMP-00022,Marketing,SUP-00040,2026-03-22,2026-03-29,Approved
PR-07696,EMP-00067,Sales,SUP-00030,2026-02-06,2026-02-07,Approved
PR-07697,EMP-00069,Finance,SUP-00009,2026-03-14,2026-03-15,Approved
PR-07698,EMP-00032,Procurement,SUP-00030,2026-02-25,2026-03-11,Rejected
PR-07699,EMP-00036,Engineering,SUP-00015,2026-03-06,2026-03-11,Approved
PR-07700,EMP-00081,IT,SUP-00029,2026-05-24,2026-06-05,Approved
PR-07701,EMP-00088,Operations,SUP-00030,2026-02-05,2026-02-08,Approved
PR-07702,EMP-00064,IT,SUP-00016,2026-01-02,2026-01-05,Approved
PR-07703,EMP-00029,IT,SUP-00003,2026-03-29,2026-04-03,Approved
PR-07704,EMP-00071,Procurement,SUP-00008,2026-02-09,2026-02-12,Approved
PR-07705,EMP-00041,Marketing,SUP-00012,2026-03-19,2026-03-22,Approved
PR-07706,EMP-00089,Operations,SUP-00009,2026-01-01,2026-01-04,Approved
PR-07707,EMP-00099,Sales,SUP-00034,2026-03-05,2026-03-19,Approved
PR-07708,EMP-00058,IT,SUP-00031,2026-05-19,2026-05-21,Approved
PR-07709,EMP-00064,IT,SUP-00004,2026-01-31,2026-02-01,Approved
PR-07710,EMP-00054,HR,SUP-00044,2026-05-30,2026-06-14,Approved
PR-07711,EMP-00046,Operations,SUP-00030,2026-05-29,2026-05-31,Approved
PR-07712,EMP-00028,Marketing,SUP-00002,2026-05-09,2026-05-14,Approved
PR-07713,EMP-00057,HR,SUP-00031,2026-02-11,2026-02-13,Approved
PR-07714,EMP-00027,Operations,SUP-00001,2026-03-27,2026-03-31,Approved
PR-07715,EMP-00089,Operations,SUP-00015,2026-05-07,2026-05-10,Approved
PR-07716,EMP-00041,Marketing,SUP-00007,2026-04-15,2026-04-18,Approved
PR-07717,EMP-00058,IT,SUP-00025,2026-01-24,2026-01-26,Approved
PR-07718,EMP-00021,IT,SUP-00046,2026-03-12,2026-03-15,Approved
PR-07719,EMP-00050,Procurement,SUP-00018,2026-02-26,2026-03-01,Approved
PR-07720,EMP-00070,Sales,SUP-00005,2026-03-06,2026-03-07,Approved
PR-07721,EMP-00100,Engineering,SUP-00017,2026-04-07,2026-04-09,Approved
PR-07722,EMP-00019,IT,SUP-00017,2026-04-30,2026-05-03,Approved
PR-07723,EMP-00064,IT,SUP-00010,2026-03-23,2026-03-26,Rejected
PR-07724,EMP-00010,Operations,SUP-00034,2026-04-10,2026-04-15,Approved
PR-07725,EMP-00050,Procurement,SUP-00048,2026-02-26,2026-03-01,Approved
PR-07726,EMP-00076,HR,SUP-00026,2026-05-16,2026-05-28,Approved
PR-07727,EMP-00050,Procurement,SUP-00042,2026-05-26,2026-06-03,Approved
PR-07728,EMP-00013,Procurement,SUP-00018,2026-04-28,2026-04-29,Approved
PR-07729,EMP-00027,Operations,SUP-00019,2026-04-01,2026-04-02,Approved
PR-07730,EMP-00069,Finance,SUP-00004,2026-05-24,2026-06-07,Approved
PR-07731,EMP-00067,Sales,SUP-00031,2026-01-17,2026-01-30,Approved
PR-07732,EMP-00066,Finance,SUP-00042,2026-01-21,2026-01-29,Approved
PR-07733,EMP-00034,IT,SUP-00012,2026-02-13,2026-02-16,Approved
PR-07734,EMP-00081,IT,SUP-00046,2026-01-25,2026-01-30,Approved
PR-07735,EMP-00057,HR,SUP-00015,2026-03-05,2026-03-07,Approved
PR-07736,EMP-00076,HR,SUP-00039,2026-03-18,2026-03-21,Approved
PR-07737,EMP-00097,Sales,SUP-00003,2026-02-14,2026-02-16,Approved
PR-07738,EMP-00048,Operations,SUP-00030,2026-04-04,2026-04-07,Approved
PR-07739,EMP-00026,Operations,SUP-00038,2026-03-18,2026-03-29,Approved
PR-07740,EMP-00098,Sales,SUP-00041,2026-02-22,2026-02-23,Approved
PR-07741,EMP-00036,Engineering,SUP-00008,2026-04-12,2026-04-13,Approved
PR-07742,EMP-00036,Engineering,SUP-00018,2026-01-05,2026-01-16,Approved
PR-07743,EMP-00010,Operations,SUP-00011,2026-03-31,2026-04-03,Approved
PR-07744,EMP-00011,Sales,SUP-00024,2026-02-26,2026-02-28,Rejected
PR-07745,EMP-00024,HR,SUP-00044,2026-02-19,2026-02-20,Approved
PR-07746,EMP-00075,Marketing,SUP-00004,2026-01-02,2026-01-06,Approved
PR-07747,EMP-00010,Operations,SUP-00045,2026-02-03,2026-02-06,Approved
PR-07748,EMP-00006,HR,SUP-00011,2026-01-23,2026-01-28,Approved
PR-07749,EMP-00021,IT,SUP-00006,2026-02-04,2026-02-18,Approved
PR-07750,EMP-00094,HR,SUP-00014,2026-03-26,2026-03-29,Approved
PR-07751,EMP-00067,Sales,SUP-00042,2026-04-07,2026-04-10,Approved
PR-07752,EMP-00074,Engineering,SUP-00047,2026-05-05,2026-05-08,Approved
PR-07753,EMP-00069,Finance,SUP-00035,2026-03-07,2026-03-10,Approved
PR-07754,EMP-00004,Engineering,SUP-00007,2026-03-18,2026-03-21,Rejected
PR-07755,EMP-00091,Operations,SUP-00008,2026-01-04,2026-01-06,Approved
PR-07756,EMP-00047,IT,SUP-00031,2026-01-27,2026-01-28,Approved
PR-07757,EMP-00083,Engineering,SUP-00049,2026-03-11,2026-03-12,Approved
PR-07758,EMP-00024,HR,SUP-00049,2026-02-02,2026-02-10,Approved
PR-07759,EMP-00062,HR,SUP-00044,2026-02-12,2026-02-13,Approved
PR-07760,EMP-00084,Sales,SUP-00038,2026-04-25,2026-04-28,Approved
PR-07761,EMP-00070,Sales,SUP-00017,2026-05-13,2026-05-15,Approved
PR-07762,EMP-00074,Engineering,SUP-00031,2026-05-16,2026-05-20,Approved
PR-07763,EMP-00036,Engineering,SUP-00029,2026-02-11,2026-02-13,Approved
PR-07764,EMP-00005,HR,SUP-00011,2026-03-13,2026-03-14,Approved
PR-07765,EMP-00069,Finance,SUP-00046,2026-05-22,2026-05-24,Approved
PR-07766,EMP-00075,Marketing,SUP-00002,2026-01-25,2026-01-30,Approved
PR-07767,EMP-00085,Sales,SUP-00027,2026-02-18,2026-02-21,Approved
PR-07768,EMP-00053,Operations,SUP-00001,2026-05-28,2026-06-02,Approved
PR-07769,EMP-00036,Engineering,SUP-00043,2026-03-17,2026-03-22,Approved
PR-07770,EMP-00029,IT,SUP-00035,2026-02-18,2026-02-21,Approved
PR-07771,EMP-00028,Marketing,SUP-00009,2026-01-28,2026-01-30,Approved
PR-07772,EMP-00002,Marketing,SUP-00042,2026-01-21,2026-01-27,Approved
PR-07773,EMP-00055,Procurement,SUP-00013,2026-04-29,2026-04-30,Approved
PR-07774,EMP-00014,Marketing,SUP-00022,2026-01-19,2026-01-22,Approved
PR-07775,EMP-00049,IT,SUP-00015,2026-04-12,2026-04-13,Approved
PR-07776,EMP-00029,IT,SUP-00003,2026-01-05,2026-01-07,Approved
PR-07777,EMP-00008,HR,SUP-00037,2026-03-08,2026-03-12,Approved
PR-07778,EMP-00018,Engineering,SUP-00005,2026-04-19,2026-04-26,Approved
PR-07779,EMP-00010,Operations,SUP-00023,2026-01-14,2026-01-17,Approved
PR-07780,EMP-00024,HR,SUP-00015,2026-04-15,2026-04-18,Approved
PR-07781,EMP-00065,Marketing,SUP-00024,2026-02-28,2026-03-03,Approved
PR-07782,EMP-00042,Marketing,SUP-00008,2026-05-29,2026-06-08,Approved
PR-07783,EMP-00007,Engineering,SUP-00033,2026-03-15,2026-03-20,Approved
PR-07784,EMP-00034,IT,SUP-00022,2026-01-13,2026-01-16,Approved
PR-07785,EMP-00009,Finance,SUP-00005,2026-04-25,2026-04-28,Rejected
PR-07786,EMP-00097,Sales,SUP-00005,2026-02-21,2026-02-22,Rejected
PR-07787,EMP-00058,IT,SUP-00035,2026-03-06,2026-03-18,Approved
PR-07788,EMP-00001,Engineering,SUP-00007,2026-01-22,2026-01-25,Approved
PR-07789,EMP-00094,HR,SUP-00031,2026-03-10,2026-03-13,Approved
PR-07790,EMP-00032,Procurement,SUP-00048,2026-05-17,2026-05-20,Approved
PR-07791,EMP-00032,Procurement,SUP-00038,2026-01-21,2026-01-23,Approved
PR-07792,EMP-00079,Operations,SUP-00026,2026-02-12,2026-02-17,Approved
PR-07793,EMP-00032,Procurement,SUP-00009,2026-04-28,2026-04-29,Approved
PR-07794,EMP-00083,Engineering,SUP-00047,2026-02-27,2026-02-28,Approved
PR-07795,EMP-00097,Sales,SUP-00045,2026-03-07,2026-03-09,Approved
PR-07796,EMP-00007,Engineering,SUP-00039,2026-05-26,2026-05-30,Approved
PR-07797,EMP-00092,Engineering,SUP-00015,2026-05-12,2026-05-13,Approved
PR-07798,EMP-00074,Engineering,SUP-00042,2026-02-03,2026-02-10,Approved
PR-07799,EMP-00053,Operations,SUP-00025,2026-03-24,2026-03-25,Approved
PR-07800,EMP-00080,Marketing,SUP-00048,2026-02-26,2026-03-13,Approved
PR-07801,EMP-00035,Marketing,SUP-00031,2026-04-12,2026-04-22,Rejected
PR-07802,EMP-00038,Marketing,SUP-00016,2026-01-20,2026-01-21,Approved
PR-07803,EMP-00044,IT,SUP-00043,2026-02-22,2026-02-23,Approved
PR-07804,EMP-00017,Sales,SUP-00046,2026-02-05,2026-02-07,Approved
PR-07805,EMP-00031,Procurement,SUP-00023,2026-01-15,2026-01-18,Approved
PR-07806,EMP-00069,Finance,SUP-00029,2026-05-08,2026-05-14,Approved
PR-07807,EMP-00058,IT,SUP-00030,2026-05-26,2026-05-28,Approved
PR-07808,EMP-00029,IT,SUP-00015,2026-05-12,2026-05-27,Approved
PR-07809,EMP-00023,IT,SUP-00034,2026-04-22,2026-04-29,Rejected
PR-07810,EMP-00050,Procurement,SUP-00014,2026-05-15,2026-05-20,Approved
PR-07811,EMP-00092,Engineering,SUP-00006,2026-02-25,2026-02-28,Approved
PR-07812,EMP-00069,Finance,SUP-00016,2026-02-02,2026-02-07,Approved
PR-07813,EMP-00042,Marketing,SUP-00042,2026-04-06,2026-04-10,Approved
PR-07814,EMP-00078,HR,SUP-00040,2026-05-17,2026-05-30,Approved
PR-07815,EMP-00020,Marketing,SUP-00042,2026-04-30,2026-05-05,Approved
PR-07816,EMP-00015,Operations,SUP-00049,2026-04-14,2026-04-16,Approved
PR-07817,EMP-00097,Sales,SUP-00003,2026-03-23,2026-03-28,Approved
PR-07818,EMP-00002,Marketing,SUP-00014,2026-02-19,2026-02-22,Approved
PR-07819,EMP-00001,Engineering,SUP-00015,2026-02-15,2026-02-16,Approved
PR-07820,EMP-00031,Procurement,SUP-00005,2026-01-08,2026-01-17,Approved
PR-07821,EMP-00046,Operations,SUP-00044,2026-01-24,2026-01-26,Approved
PR-07822,EMP-00056,Finance,SUP-00026,2026-05-07,2026-05-20,Approved
PR-07823,EMP-00057,HR,SUP-00007,2026-02-03,2026-02-07,Approved
PR-07824,EMP-00073,HR,SUP-00037,2026-04-24,2026-04-27,Approved
PR-07825,EMP-00092,Engineering,SUP-00026,2026-01-13,2026-01-17,Approved
PR-07826,EMP-00011,Sales,SUP-00006,2026-02-27,2026-03-02,Approved
PR-07827,EMP-00062,HR,SUP-00016,2026-03-03,2026-03-05,Approved
PR-07828,EMP-00018,Engineering,SUP-00002,2026-01-05,2026-01-10,Approved
PR-07829,EMP-00087,IT,SUP-00049,2026-02-20,2026-02-24,Approved
PR-07830,EMP-00005,HR,SUP-00039,2026-01-20,2026-01-23,Approved
PR-07831,EMP-00084,Sales,SUP-00008,2026-05-10,2026-05-11,Approved
PR-07832,EMP-00022,Marketing,SUP-00037,2026-05-29,2026-05-30,Approved
PR-07833,EMP-00091,Operations,SUP-00044,2026-05-14,2026-05-26,Approved
PR-07834,EMP-00100,Engineering,SUP-00019,2026-05-24,2026-05-27,Approved
PR-07835,EMP-00021,IT,SUP-00045,2026-02-06,2026-02-12,Approved
PR-07836,EMP-00050,Procurement,SUP-00024,2026-01-24,2026-01-27,Approved
PR-07837,EMP-00021,IT,SUP-00029,2026-03-20,2026-03-23,Approved
PR-07838,EMP-00086,HR,SUP-00004,2026-03-18,2026-03-22,Approved
PR-07839,EMP-00072,Procurement,SUP-00008,2026-01-12,2026-01-13,Approved
PR-07840,EMP-00073,HR,SUP-00029,2026-01-15,2026-01-16,Approved
PR-07841,EMP-00095,Marketing,SUP-00018,2026-03-16,2026-03-29,Approved
PR-07842,EMP-00090,Engineering,SUP-00014,2026-03-03,2026-03-05,Rejected
PR-07843,EMP-00062,HR,SUP-00044,2026-02-06,2026-02-13,Approved
PR-07844,EMP-00093,IT,SUP-00025,2026-04-07,2026-04-22,Approved
PR-07845,EMP-00033,IT,SUP-00045,2026-04-30,2026-05-05,Approved
PR-07846,EMP-00019,IT,SUP-00040,2026-05-17,2026-05-19,Approved
PR-07847,EMP-00076,HR,SUP-00005,2026-02-13,2026-02-20,Approved
PR-07848,EMP-00029,IT,SUP-00045,2026-03-21,2026-03-22,Approved
PR-07849,EMP-00013,Procurement,SUP-00008,2026-02-15,2026-02-16,Approved
PR-07850,EMP-00013,Procurement,SUP-00035,2026-03-25,2026-03-29,Rejected
PR-07851,EMP-00068,Marketing,SUP-00039,2026-04-17,2026-04-20,Approved
PR-07852,EMP-00048,Operations,SUP-00016,2026-05-10,2026-05-15,Approved
PR-07853,EMP-00009,Finance,SUP-00043,2026-03-08,2026-03-09,Approved
PR-07854,EMP-00058,IT,SUP-00013,2026-05-24,2026-05-27,Approved
PR-07855,EMP-00061,Operations,SUP-00017,2026-03-17,2026-03-22,Approved
PR-07856,EMP-00077,Operations,SUP-00027,2026-02-14,2026-02-17,Approved
PR-07857,EMP-00020,Marketing,SUP-00021,2026-02-06,2026-02-13,Approved
PR-07858,EMP-00036,Engineering,SUP-00031,2026-04-22,2026-04-28,Approved
PR-07859,EMP-00011,Sales,SUP-00048,2026-05-02,2026-05-17,Approved
PR-07860,EMP-00005,HR,SUP-00006,2026-01-10,2026-01-12,Approved
PR-07861,EMP-00016,Marketing,SUP-00048,2026-02-26,2026-03-01,Approved
PR-07862,EMP-00035,Marketing,SUP-00044,2026-03-20,2026-03-29,Approved
PR-07863,EMP-00019,IT,SUP-00018,2026-03-01,2026-03-03,Approved
PR-07864,EMP-00077,Operations,SUP-00007,2026-03-28,2026-03-31,Approved
PR-07865,EMP-00068,Marketing,SUP-00021,2026-03-02,2026-03-03,Approved
PR-07866,EMP-00072,Procurement,SUP-00025,2026-03-12,2026-03-23,Approved
PR-07867,EMP-00040,Sales,SUP-00016,2026-03-02,2026-03-06,Approved
PR-07868,EMP-00028,Marketing,SUP-00047,2026-03-28,2026-04-04,Approved
PR-07869,EMP-00021,IT,SUP-00038,2026-05-17,2026-05-22,Approved
PR-07870,EMP-00016,Marketing,SUP-00021,2026-04-26,2026-04-29,Approved
PR-07871,EMP-00016,Marketing,SUP-00033,2026-03-25,2026-03-30,Approved
PR-07872,EMP-00040,Sales,SUP-00027,2026-01-30,2026-02-02,Approved
PR-07873,EMP-00064,IT,SUP-00022,2026-05-31,2026-06-03,Approved
PR-07874,EMP-00086,HR,SUP-00010,2026-04-18,2026-04-21,Approved
PR-07875,EMP-00032,Procurement,SUP-00037,2026-01-29,2026-02-04,Approved
PR-07876,EMP-00008,HR,SUP-00002,2026-01-25,2026-01-30,Approved
PR-07877,EMP-00064,IT,SUP-00018,2026-02-21,2026-02-22,Approved
PR-07878,EMP-00092,Engineering,SUP-00035,2026-02-10,2026-02-22,Approved
PR-07879,EMP-00020,Marketing,SUP-00021,2026-05-07,2026-05-22,Approved
PR-07880,EMP-00050,Procurement,SUP-00030,2026-01-12,2026-01-14,Approved
PR-07881,EMP-00023,IT,SUP-00026,2026-04-06,2026-04-19,Approved
PR-07882,EMP-00063,Finance,SUP-00009,2026-03-30,2026-03-31,Approved
PR-07883,EMP-00030,Sales,SUP-00003,2026-02-16,2026-02-17,Approved
PR-07884,EMP-00028,Marketing,SUP-00017,2026-04-10,2026-04-12,Approved
PR-07885,EMP-00017,Sales,SUP-00046,2026-05-05,2026-05-13,Approved
PR-07886,EMP-00067,Sales,SUP-00014,2026-01-02,2026-01-04,Approved
PR-07887,EMP-00097,Sales,SUP-00012,2026-03-06,2026-03-19,Approved
PR-07888,EMP-00029,IT,SUP-00017,2026-03-11,2026-03-18,Approved
PR-07889,EMP-00060,Operations,SUP-00044,2026-05-13,2026-05-15,Approved
PR-07890,EMP-00036,Engineering,SUP-00014,2026-01-29,2026-02-02,Rejected
PR-07891,EMP-00004,Engineering,SUP-00010,2026-05-20,2026-05-25,Approved
PR-07892,EMP-00092,Engineering,SUP-00028,2026-01-04,2026-01-11,Approved
PR-07893,EMP-00047,IT,SUP-00040,2026-01-19,2026-01-25,Approved
PR-07894,EMP-00070,Sales,SUP-00005,2026-03-01,2026-03-04,Approved
PR-07895,EMP-00062,HR,SUP-00044,2026-03-28,2026-04-11,Approved
PR-07896,EMP-00017,Sales,SUP-00022,2026-04-11,2026-04-20,Approved
PR-07897,EMP-00019,IT,SUP-00050,2026-05-06,2026-05-07,Approved
PR-07898,EMP-00064,IT,SUP-00025,2026-03-17,2026-03-22,Approved
PR-07899,EMP-00082,Sales,SUP-00033,2026-02-15,2026-02-16,Approved
PR-07900,EMP-00002,Marketing,SUP-00018,2026-02-02,2026-02-08,Approved
PR-07901,EMP-00087,IT,SUP-00027,2026-05-03,2026-05-06,Approved
PR-07902,EMP-00055,Procurement,SUP-00026,2026-02-16,2026-02-18,Approved
PR-07903,EMP-00009,Finance,SUP-00038,2026-01-31,2026-02-03,Approved
PR-07904,EMP-00021,IT,SUP-00044,2026-03-25,2026-03-28,Approved
PR-07905,EMP-00092,Engineering,SUP-00048,2026-05-02,2026-05-06,Approved
PR-07906,EMP-00007,Engineering,SUP-00041,2026-03-13,2026-03-23,Approved
PR-07907,EMP-00061,Operations,SUP-00046,2026-03-17,2026-03-18,Rejected
PR-07908,EMP-00093,IT,SUP-00028,2026-03-01,2026-03-04,Approved
PR-07909,EMP-00007,Engineering,SUP-00021,2026-02-13,2026-02-20,Approved
PR-07910,EMP-00046,Operations,SUP-00022,2026-03-09,2026-03-12,Rejected
PR-07911,EMP-00046,Operations,SUP-00040,2026-04-26,2026-04-28,Approved
PR-07912,EMP-00026,Operations,SUP-00014,2026-04-20,2026-04-24,Approved
PR-07913,EMP-00026,Operations,SUP-00030,2026-01-28,2026-01-31,Approved
PR-07914,EMP-00065,Marketing,SUP-00011,2026-03-12,2026-03-19,Approved
PR-07915,EMP-00068,Marketing,SUP-00035,2026-01-05,2026-01-07,Approved
PR-07916,EMP-00003,Engineering,SUP-00018,2026-04-17,2026-04-19,Approved
PR-07917,EMP-00037,IT,SUP-00048,2026-04-11,2026-04-12,Approved
PR-07918,EMP-00010,Operations,SUP-00019,2026-05-16,2026-05-17,Approved
PR-07919,EMP-00052,Finance,SUP-00002,2026-01-17,2026-01-19,Approved
PR-07920,EMP-00090,Engineering,SUP-00018,2026-03-14,2026-03-17,Approved
PR-07921,EMP-00066,Finance,SUP-00049,2026-02-28,2026-03-02,Approved
PR-07922,EMP-00051,Procurement,SUP-00029,2026-02-12,2026-02-17,Approved
PR-07923,EMP-00071,Procurement,SUP-00009,2026-03-10,2026-03-14,Approved
PR-07924,EMP-00051,Procurement,SUP-00010,2026-04-10,2026-04-11,Approved
PR-07925,EMP-00077,Operations,SUP-00049,2026-02-04,2026-02-06,Approved
PR-07926,EMP-00035,Marketing,SUP-00017,2026-04-15,2026-04-18,Approved
PR-07927,EMP-00072,Procurement,SUP-00035,2026-04-16,2026-04-18,Approved
PR-07928,EMP-00074,Engineering,SUP-00025,2026-04-25,2026-04-27,Approved
PR-07929,EMP-00071,Procurement,SUP-00011,2026-01-07,2026-01-09,Approved
PR-07930,EMP-00077,Operations,SUP-00031,2026-01-26,2026-01-30,Approved
PR-07931,EMP-00093,IT,SUP-00025,2026-03-04,2026-03-07,Approved
PR-07932,EMP-00055,Procurement,SUP-00003,2026-05-31,2026-06-05,Approved
PR-07933,EMP-00023,IT,SUP-00002,2026-05-02,2026-05-05,Approved
PR-07934,EMP-00037,IT,SUP-00039,2026-02-26,2026-03-01,Approved
PR-07935,EMP-00024,HR,SUP-00009,2026-04-09,2026-04-21,Approved
PR-07936,EMP-00036,Engineering,SUP-00041,2026-01-30,2026-02-14,Approved
PR-07937,EMP-00027,Operations,SUP-00034,2026-03-18,2026-03-20,Approved
PR-07938,EMP-00010,Operations,SUP-00036,2026-04-27,2026-05-01,Approved
PR-07939,EMP-00053,Operations,SUP-00031,2026-04-10,2026-04-23,Approved
PR-07940,EMP-00085,Sales,SUP-00047,2026-05-26,2026-05-28,Approved
PR-07941,EMP-00094,HR,SUP-00010,2026-04-26,2026-04-28,Approved
PR-07942,EMP-00061,Operations,SUP-00005,2026-05-02,2026-05-03,Approved
PR-07943,EMP-00072,Procurement,SUP-00018,2026-01-03,2026-01-06,Rejected
PR-07944,EMP-00094,HR,SUP-00039,2026-05-09,2026-05-12,Approved
PR-07945,EMP-00100,Engineering,SUP-00043,2026-01-02,2026-01-05,Approved
PR-07946,EMP-00085,Sales,SUP-00042,2026-02-01,2026-02-03,Approved
PR-07947,EMP-00067,Sales,SUP-00043,2026-01-11,2026-01-12,Approved
PR-07948,EMP-00030,Sales,SUP-00012,2026-02-15,2026-02-18,Rejected
PR-07949,EMP-00068,Marketing,SUP-00016,2026-03-25,2026-03-29,Approved
PR-07950,EMP-00072,Procurement,SUP-00023,2026-04-14,2026-04-16,Approved
PR-07951,EMP-00070,Sales,SUP-00020,2026-02-20,2026-02-25,Approved
PR-07952,EMP-00006,HR,SUP-00039,2026-02-17,2026-02-22,Approved
PR-07953,EMP-00070,Sales,SUP-00045,2026-04-25,2026-04-28,Approved
PR-07954,EMP-00025,Marketing,SUP-00041,2026-01-15,2026-01-17,Approved
PR-07955,EMP-00016,Marketing,SUP-00045,2026-02-04,2026-02-07,Approved
PR-07956,EMP-00046,Operations,SUP-00050,2026-04-28,2026-05-03,Approved
PR-07957,EMP-00090,Engineering,SUP-00009,2026-04-20,2026-04-25,Approved
PR-07958,EMP-00095,Marketing,SUP-00016,2026-01-08,2026-01-12,Approved
PR-07959,EMP-00060,Operations,SUP-00002,2026-01-14,2026-01-15,Approved
PR-07960,EMP-00096,HR,SUP-00038,2026-03-20,2026-03-21,Approved
PR-07961,EMP-00046,Operations,SUP-00018,2026-02-06,2026-02-07,Rejected
PR-07962,EMP-00087,IT,SUP-00014,2026-02-17,2026-02-21,Approved
PR-07963,EMP-00068,Marketing,SUP-00029,2026-05-28,2026-05-30,Approved
PR-07964,EMP-00020,Marketing,SUP-00017,2026-02-10,2026-02-13,Approved
PR-07965,EMP-00029,IT,SUP-00027,2026-04-18,2026-04-20,Approved
PR-07966,EMP-00041,Marketing,SUP-00047,2026-02-07,2026-02-12,Rejected
PR-07967,EMP-00023,IT,SUP-00039,2026-01-16,2026-01-19,Approved
PR-07968,EMP-00059,Marketing,SUP-00036,2026-04-14,2026-04-15,Approved
PR-07969,EMP-00021,IT,SUP-00020,2026-04-26,2026-05-08,Approved
PR-07970,EMP-00011,Sales,SUP-00046,2026-05-22,2026-05-24,Approved
PR-07971,EMP-00043,Finance,SUP-00011,2026-05-07,2026-05-12,Approved
PR-07972,EMP-00019,IT,SUP-00006,2026-04-09,2026-04-14,Approved
PR-07973,EMP-00097,Sales,SUP-00048,2026-02-18,2026-02-22,Approved
PR-07974,EMP-00065,Marketing,SUP-00039,2026-03-28,2026-04-02,Approved
PR-07975,EMP-00084,Sales,SUP-00027,2026-02-24,2026-02-28,Rejected
PR-07976,EMP-00034,IT,SUP-00004,2026-05-26,2026-05-30,Approved
PR-07977,EMP-00041,Marketing,SUP-00045,2026-01-08,2026-01-14,Approved
PR-07978,EMP-00020,Marketing,SUP-00021,2026-03-21,2026-03-24,Approved
PR-07979,EMP-00060,Operations,SUP-00012,2026-02-06,2026-02-19,Approved
PR-07980,EMP-00059,Marketing,SUP-00045,2026-02-14,2026-02-16,Approved
PR-07981,EMP-00055,Procurement,SUP-00024,2026-03-18,2026-03-19,Approved
PR-07982,EMP-00040,Sales,SUP-00045,2026-03-22,2026-03-26,Approved
PR-07983,EMP-00035,Marketing,SUP-00019,2026-01-28,2026-02-01,Approved
PR-07984,EMP-00015,Operations,SUP-00034,2026-02-08,2026-02-17,Rejected
PR-07985,EMP-00065,Marketing,SUP-00016,2026-01-30,2026-02-01,Approved
PR-07986,EMP-00025,Marketing,SUP-00040,2026-01-11,2026-01-15,Approved
PR-07987,EMP-00069,Finance,SUP-00048,2026-03-11,2026-03-15,Approved
PR-07988,EMP-00090,Engineering,SUP-00026,2026-04-09,2026-04-24,Approved
PR-07989,EMP-00028,Marketing,SUP-00009,2026-02-03,2026-02-06,Approved
PR-07990,EMP-00029,IT,SUP-00050,2026-02-22,2026-02-28,Approved
PR-07991,EMP-00003,Engineering,SUP-00013,2026-01-05,2026-01-07,Approved
PR-07992,EMP-00011,Sales,SUP-00044,2026-02-18,2026-02-20,Approved
PR-07993,EMP-00007,Engineering,SUP-00014,2026-02-07,2026-02-14,Approved
PR-07994,EMP-00080,Marketing,SUP-00005,2026-01-31,2026-02-02,Approved
PR-07995,EMP-00090,Engineering,SUP-00025,2026-05-17,2026-05-21,Rejected
PR-07996,EMP-00022,Marketing,SUP-00023,2026-02-04,2026-02-12,Approved
PR-07997,EMP-00010,Operations,SUP-00002,2026-02-01,2026-02-14,Approved
PR-07998,EMP-00039,Operations,SUP-00028,2026-03-27,2026-04-05,Approved
PR-07999,EMP-00029,IT,SUP-00010,2026-01-27,2026-01-28,Approved
PR-08000,EMP-00052,Finance,SUP-00047,2026-01-03,2026-01-05,Approved
PR-08001,EMP-00029,IT,SUP-00012,2026-03-06,2026-03-11,Approved
PR-08002,EMP-00070,Sales,SUP-00025,2026-01-12,2026-01-15,Approved
PR-08003,EMP-00030,Sales,SUP-00046,2026-04-10,2026-04-13,Approved
PR-08004,EMP-00024,HR,SUP-00043,2026-05-20,2026-05-22,Approved
PR-08005,EMP-00080,Marketing,SUP-00036,2026-05-29,2026-06-03,Approved
PR-08006,EMP-00089,Operations,SUP-00046,2026-01-27,2026-02-07,Approved
PR-08007,EMP-00042,Marketing,SUP-00008,2026-04-30,2026-05-02,Approved
PR-08008,EMP-00093,IT,SUP-00036,2026-02-11,2026-02-14,Approved
PR-08009,EMP-00029,IT,SUP-00038,2026-02-06,2026-02-09,Approved
PR-08010,EMP-00038,Marketing,SUP-00040,2026-02-06,2026-02-17,Approved
PR-08011,EMP-00033,IT,SUP-00025,2026-03-05,2026-03-15,Approved
PR-08012,EMP-00100,Engineering,SUP-00033,2026-03-19,2026-03-23,Approved
PR-08013,EMP-00063,Finance,SUP-00044,2026-01-29,2026-02-04,Approved
PR-08014,EMP-00073,HR,SUP-00035,2026-01-04,2026-01-07,Approved
PR-08015,EMP-00079,Operations,SUP-00017,2026-04-10,2026-04-11,Approved
PR-08016,EMP-00069,Finance,SUP-00011,2026-05-29,2026-06-01,Approved
PR-08017,EMP-00066,Finance,SUP-00050,2026-03-19,2026-03-23,Approved
PR-08018,EMP-00078,HR,SUP-00006,2026-01-11,2026-01-13,Approved
PR-08019,EMP-00095,Marketing,SUP-00029,2026-01-27,2026-02-05,Rejected
PR-08020,EMP-00072,Procurement,SUP-00014,2026-03-21,2026-03-25,Approved
PR-08021,EMP-00091,Operations,SUP-00040,2026-02-10,2026-02-13,Approved
PR-08022,EMP-00085,Sales,SUP-00017,2026-05-18,2026-05-22,Approved
PR-08023,EMP-00030,Sales,SUP-00033,2026-04-08,2026-04-09,Approved
PR-08024,EMP-00094,HR,SUP-00009,2026-04-15,2026-04-18,Approved
PR-08025,EMP-00085,Sales,SUP-00013,2026-05-15,2026-05-16,Approved
PR-08026,EMP-00059,Marketing,SUP-00016,2026-01-15,2026-01-24,Approved
PR-08027,EMP-00027,Operations,SUP-00043,2026-04-29,2026-05-01,Approved
PR-08028,EMP-00027,Operations,SUP-00034,2026-01-08,2026-01-11,Approved
PR-08029,EMP-00087,IT,SUP-00030,2026-04-16,2026-05-01,Rejected
PR-08030,EMP-00004,Engineering,SUP-00015,2026-05-06,2026-05-08,Approved
PR-08031,EMP-00086,HR,SUP-00007,2026-02-12,2026-02-15,Approved
PR-08032,EMP-00035,Marketing,SUP-00026,2026-01-19,2026-01-31,Approved
PR-08033,EMP-00058,IT,SUP-00026,2026-04-12,2026-04-14,Approved
PR-08034,EMP-00009,Finance,SUP-00037,2026-04-02,2026-04-07,Approved
PR-08035,EMP-00039,Operations,SUP-00008,2026-02-21,2026-03-05,Approved
PR-08036,EMP-00062,HR,SUP-00013,2026-05-24,2026-05-26,Approved
PR-08037,EMP-00077,Operations,SUP-00022,2026-05-02,2026-05-08,Approved
PR-08038,EMP-00084,Sales,SUP-00015,2026-01-28,2026-02-10,Approved
PR-08039,EMP-00068,Marketing,SUP-00040,2026-01-19,2026-01-20,Approved
PR-08040,EMP-00082,Sales,SUP-00018,2026-04-23,2026-04-26,Approved
PR-08041,EMP-00091,Operations,SUP-00007,2026-02-25,2026-03-08,Approved
PR-08042,EMP-00016,Marketing,SUP-00011,2026-03-14,2026-03-22,Approved
PR-08043,EMP-00071,Procurement,SUP-00039,2026-02-17,2026-02-19,Approved
PR-08044,EMP-00008,HR,SUP-00022,2026-02-15,2026-02-19,Approved
PR-08045,EMP-00077,Operations,SUP-00034,2026-04-20,2026-04-26,Approved
PR-08046,EMP-00058,IT,SUP-00041,2026-04-25,2026-04-30,Approved
PR-08047,EMP-00003,Engineering,SUP-00003,2026-01-10,2026-01-12,Approved
PR-08048,EMP-00099,Sales,SUP-00009,2026-01-03,2026-01-04,Approved
PR-08049,EMP-00021,IT,SUP-00045,2026-05-09,2026-05-11,Approved
PR-08050,EMP-00034,IT,SUP-00031,2026-04-10,2026-04-12,Approved
PR-08051,EMP-00028,Marketing,SUP-00033,2026-03-23,2026-03-25,Approved
PR-08052,EMP-00025,Marketing,SUP-00036,2026-05-09,2026-05-13,Approved
PR-08053,EMP-00007,Engineering,SUP-00026,2026-01-30,2026-02-01,Approved
PR-08054,EMP-00046,Operations,SUP-00028,2026-02-19,2026-02-21,Approved
PR-08055,EMP-00095,Marketing,SUP-00013,2026-02-23,2026-02-28,Approved
PR-08056,EMP-00010,Operations,SUP-00050,2026-03-25,2026-04-01,Approved
PR-08057,EMP-00014,Marketing,SUP-00028,2026-03-21,2026-04-04,Approved
PR-08058,EMP-00085,Sales,SUP-00050,2026-04-04,2026-04-05,Approved
PR-08059,EMP-00032,Procurement,SUP-00049,2026-01-23,2026-01-24,Approved
PR-08060,EMP-00077,Operations,SUP-00004,2026-04-06,2026-04-08,Approved
PR-08061,EMP-00007,Engineering,SUP-00030,2026-02-24,2026-03-01,Approved
PR-08062,EMP-00010,Operations,SUP-00002,2026-02-09,2026-02-11,Approved
PR-08063,EMP-00020,Marketing,SUP-00033,2026-04-14,2026-04-18,Approved
PR-08064,EMP-00058,IT,SUP-00028,2026-05-15,2026-05-26,Approved
PR-08065,EMP-00095,Marketing,SUP-00026,2026-05-31,2026-06-15,Approved
PR-08066,EMP-00069,Finance,SUP-00018,2026-03-08,2026-03-11,Approved
PR-08067,EMP-00020,Marketing,SUP-00001,2026-03-22,2026-03-23,Approved
PR-08068,EMP-00093,IT,SUP-00043,2026-03-14,2026-03-16,Approved
PR-08069,EMP-00008,HR,SUP-00037,2026-03-17,2026-03-19,Approved
PR-08070,EMP-00092,Engineering,SUP-00040,2026-04-12,2026-04-13,Approved
PR-08071,EMP-00034,IT,SUP-00029,2026-04-15,2026-04-20,Approved
PR-08072,EMP-00085,Sales,SUP-00018,2026-04-20,2026-05-04,Approved
PR-08073,EMP-00097,Sales,SUP-00040,2026-04-08,2026-04-21,Approved
PR-08074,EMP-00085,Sales,SUP-00023,2026-05-19,2026-05-20,Approved
PR-08075,EMP-00062,HR,SUP-00046,2026-05-08,2026-05-11,Approved
PR-08076,EMP-00092,Engineering,SUP-00004,2026-04-12,2026-04-14,Approved
PR-08077,EMP-00096,HR,SUP-00030,2026-05-23,2026-05-28,Approved
PR-08078,EMP-00001,Engineering,SUP-00010,2026-03-19,2026-03-21,Approved
PR-08079,EMP-00062,HR,SUP-00035,2026-04-06,2026-04-11,Approved
PR-08080,EMP-00008,HR,SUP-00026,2026-02-20,2026-02-27,Approved
PR-08081,EMP-00051,Procurement,SUP-00009,2026-02-03,2026-02-04,Approved
PR-08082,EMP-00016,Marketing,SUP-00035,2026-02-28,2026-03-04,Approved
PR-08083,EMP-00019,IT,SUP-00023,2026-03-14,2026-03-19,Approved
PR-08084,EMP-00063,Finance,SUP-00008,2026-04-04,2026-04-08,Approved
PR-08085,EMP-00039,Operations,SUP-00010,2026-05-04,2026-05-06,Approved
PR-08086,EMP-00023,IT,SUP-00005,2026-03-30,2026-03-31,Rejected
PR-08087,EMP-00063,Finance,SUP-00045,2026-03-13,2026-03-14,Approved
PR-08088,EMP-00056,Finance,SUP-00003,2026-02-16,2026-02-24,Approved
PR-08089,EMP-00003,Engineering,SUP-00004,2026-05-10,2026-05-13,Approved
PR-08090,EMP-00004,Engineering,SUP-00046,2026-02-21,2026-03-01,Approved
PR-08091,EMP-00008,HR,SUP-00023,2026-02-02,2026-02-03,Approved
PR-08092,EMP-00057,HR,SUP-00015,2026-04-19,2026-04-20,Approved
PR-08093,EMP-00022,Marketing,SUP-00038,2026-01-04,2026-01-15,Approved
PR-08094,EMP-00036,Engineering,SUP-00047,2026-04-02,2026-04-03,Approved
PR-08095,EMP-00065,Marketing,SUP-00022,2026-03-31,2026-04-08,Approved
PR-08096,EMP-00076,HR,SUP-00038,2026-05-21,2026-05-23,Approved
PR-08097,EMP-00072,Procurement,SUP-00026,2026-05-17,2026-05-19,Approved
PR-08098,EMP-00068,Marketing,SUP-00007,2026-01-05,2026-01-18,Approved
PR-08099,EMP-00024,HR,SUP-00031,2026-01-30,2026-02-03,Approved
PR-08100,EMP-00055,Procurement,SUP-00041,2026-02-23,2026-02-25,Approved
PR-08101,EMP-00079,Operations,SUP-00007,2026-02-14,2026-02-18,Approved
PR-08102,EMP-00006,HR,SUP-00032,2026-01-08,2026-01-13,Approved
PR-08103,EMP-00070,Sales,SUP-00006,2026-04-22,2026-04-24,Approved
PR-08104,EMP-00051,Procurement,SUP-00014,2026-05-10,2026-05-14,Approved
PR-08105,EMP-00048,Operations,SUP-00038,2026-04-15,2026-04-22,Approved
PR-08106,EMP-00032,Procurement,SUP-00028,2026-04-15,2026-04-18,Approved
PR-08107,EMP-00075,Marketing,SUP-00038,2026-01-08,2026-01-09,Approved
PR-08108,EMP-00042,Marketing,SUP-00009,2026-03-02,2026-03-07,Approved
PR-08109,EMP-00024,HR,SUP-00047,2026-03-10,2026-03-24,Approved
PR-08110,EMP-00078,HR,SUP-00046,2026-03-19,2026-03-30,Approved
PR-08111,EMP-00097,Sales,SUP-00023,2026-01-29,2026-02-02,Approved
PR-08112,EMP-00094,HR,SUP-00027,2026-04-12,2026-04-13,Approved
PR-08113,EMP-00068,Marketing,SUP-00027,2026-01-03,2026-01-08,Approved
PR-08114,EMP-00005,HR,SUP-00025,2026-01-27,2026-02-11,Rejected
PR-08115,EMP-00051,Procurement,SUP-00012,2026-02-08,2026-02-10,Approved
PR-08116,EMP-00061,Operations,SUP-00015,2026-02-27,2026-03-04,Approved
PR-08117,EMP-00086,HR,SUP-00016,2026-05-11,2026-05-15,Approved
PR-08118,EMP-00073,HR,SUP-00010,2026-01-03,2026-01-05,Approved
PR-08119,EMP-00024,HR,SUP-00013,2026-03-31,2026-04-01,Approved
PR-08120,EMP-00065,Marketing,SUP-00013,2026-03-31,2026-04-02,Approved
PR-08121,EMP-00050,Procurement,SUP-00020,2026-03-27,2026-03-30,Approved
PR-08122,EMP-00091,Operations,SUP-00040,2026-05-26,2026-06-06,Approved
PR-08123,EMP-00003,Engineering,SUP-00018,2026-05-30,2026-06-02,Approved
PR-08124,EMP-00076,HR,SUP-00024,2026-01-22,2026-01-24,Approved
PR-08125,EMP-00030,Sales,SUP-00006,2026-04-09,2026-04-24,Approved
PR-08126,EMP-00070,Sales,SUP-00019,2026-03-31,2026-04-05,Approved
PR-08127,EMP-00007,Engineering,SUP-00018,2026-05-04,2026-05-07,Approved
PR-08128,EMP-00012,Finance,SUP-00001,2026-05-12,2026-05-22,Approved
PR-08129,EMP-00045,IT,SUP-00050,2026-05-12,2026-05-13,Approved
PR-08130,EMP-00064,IT,SUP-00034,2026-04-24,2026-04-25,Rejected
PR-08131,EMP-00031,Procurement,SUP-00035,2026-01-16,2026-01-18,Approved
PR-08132,EMP-00100,Engineering,SUP-00025,2026-03-22,2026-03-31,Approved
PR-08133,EMP-00063,Finance,SUP-00016,2026-01-01,2026-01-04,Rejected
PR-08134,EMP-00031,Procurement,SUP-00035,2026-01-18,2026-01-21,Approved
PR-08135,EMP-00099,Sales,SUP-00035,2026-04-21,2026-04-22,Approved
PR-08136,EMP-00002,Marketing,SUP-00029,2026-02-16,2026-02-18,Approved
PR-08137,EMP-00067,Sales,SUP-00017,2026-04-17,2026-04-19,Approved
PR-08138,EMP-00059,Marketing,SUP-00001,2026-01-05,2026-01-11,Approved
PR-08139,EMP-00053,Operations,SUP-00025,2026-05-18,2026-05-19,Approved
PR-08140,EMP-00068,Marketing,SUP-00001,2026-02-28,2026-03-01,Approved
PR-08141,EMP-00067,Sales,SUP-00046,2026-05-26,2026-05-29,Approved
PR-08142,EMP-00092,Engineering,SUP-00039,2026-02-23,2026-02-26,Approved
PR-08143,EMP-00044,IT,SUP-00050,2026-05-10,2026-05-11,Approved
PR-08144,EMP-00084,Sales,SUP-00037,2026-04-20,2026-04-22,Approved
PR-08145,EMP-00079,Operations,SUP-00038,2026-05-16,2026-05-18,Rejected
PR-08146,EMP-00078,HR,SUP-00005,2026-05-15,2026-05-17,Approved
PR-08147,EMP-00016,Marketing,SUP-00008,2026-03-06,2026-03-20,Approved
PR-08148,EMP-00035,Marketing,SUP-00009,2026-02-13,2026-02-15,Approved
PR-08149,EMP-00068,Marketing,SUP-00014,2026-03-26,2026-04-05,Approved
PR-08150,EMP-00049,IT,SUP-00030,2026-04-24,2026-05-04,Approved
PR-08151,EMP-00034,IT,SUP-00016,2026-01-21,2026-02-05,Approved
PR-08152,EMP-00061,Operations,SUP-00028,2026-01-03,2026-01-06,Approved
PR-08153,EMP-00048,Operations,SUP-00023,2026-05-08,2026-05-18,Approved
PR-08154,EMP-00077,Operations,SUP-00018,2026-05-18,2026-05-19,Approved
PR-08155,EMP-00027,Operations,SUP-00035,2026-01-03,2026-01-04,Rejected
PR-08156,EMP-00001,Engineering,SUP-00032,2026-03-07,2026-03-09,Approved
PR-08157,EMP-00037,IT,SUP-00014,2026-03-30,2026-03-31,Approved
PR-08158,EMP-00002,Marketing,SUP-00018,2026-05-07,2026-05-10,Approved
PR-08159,EMP-00053,Operations,SUP-00020,2026-05-28,2026-05-29,Rejected
PR-08160,EMP-00090,Engineering,SUP-00026,2026-01-04,2026-01-08,Approved
PR-08161,EMP-00099,Sales,SUP-00017,2026-02-11,2026-02-15,Approved
PR-08162,EMP-00069,Finance,SUP-00001,2026-03-17,2026-03-30,Approved
PR-08163,EMP-00065,Marketing,SUP-00042,2026-02-19,2026-03-03,Approved
PR-08164,EMP-00046,Operations,SUP-00004,2026-02-23,2026-02-28,Approved
PR-08165,EMP-00061,Operations,SUP-00049,2026-04-15,2026-04-20,Approved
PR-08166,EMP-00051,Procurement,SUP-00001,2026-04-17,2026-04-19,Approved
PR-08167,EMP-00077,Operations,SUP-00039,2026-05-08,2026-05-10,Approved
PR-08168,EMP-00031,Procurement,SUP-00026,2026-01-31,2026-02-10,Approved
PR-08169,EMP-00063,Finance,SUP-00044,2026-04-07,2026-04-12,Approved
PR-08170,EMP-00084,Sales,SUP-00009,2026-02-25,2026-02-27,Approved
PR-08171,EMP-00084,Sales,SUP-00010,2026-04-21,2026-04-27,Approved
PR-08172,EMP-00064,IT,SUP-00047,2026-01-01,2026-01-11,Approved
PR-08173,EMP-00079,Operations,SUP-00047,2026-02-25,2026-03-02,Approved
PR-08174,EMP-00033,IT,SUP-00015,2026-01-19,2026-01-20,Approved
PR-08175,EMP-00058,IT,SUP-00040,2026-01-05,2026-01-06,Approved
PR-08176,EMP-00018,Engineering,SUP-00050,2026-04-25,2026-04-27,Approved
PR-08177,EMP-00022,Marketing,SUP-00011,2026-01-20,2026-01-23,Approved
PR-08178,EMP-00099,Sales,SUP-00013,2026-03-11,2026-03-15,Approved
PR-08179,EMP-00008,HR,SUP-00040,2026-01-20,2026-01-23,Approved
PR-08180,EMP-00026,Operations,SUP-00048,2026-04-01,2026-04-02,Approved
PR-08181,EMP-00004,Engineering,SUP-00012,2026-03-17,2026-03-18,Approved
PR-08182,EMP-00040,Sales,SUP-00028,2026-02-27,2026-03-07,Approved
PR-08183,EMP-00080,Marketing,SUP-00026,2026-01-24,2026-01-26,Approved
PR-08184,EMP-00006,HR,SUP-00004,2026-05-17,2026-05-20,Approved
PR-08185,EMP-00015,Operations,SUP-00026,2026-04-27,2026-05-02,Approved
PR-08186,EMP-00051,Procurement,SUP-00009,2026-05-28,2026-05-29,Approved
PR-08187,EMP-00083,Engineering,SUP-00038,2026-01-10,2026-01-19,Rejected
PR-08188,EMP-00077,Operations,SUP-00026,2026-05-12,2026-05-15,Approved
PR-08189,EMP-00019,IT,SUP-00011,2026-03-12,2026-03-16,Approved
PR-08190,EMP-00001,Engineering,SUP-00048,2026-05-03,2026-05-04,Approved
PR-08191,EMP-00084,Sales,SUP-00028,2026-04-27,2026-05-01,Approved
PR-08192,EMP-00001,Engineering,SUP-00033,2026-04-04,2026-04-05,Approved
PR-08193,EMP-00055,Procurement,SUP-00026,2026-03-15,2026-03-16,Approved
PR-08194,EMP-00019,IT,SUP-00024,2026-05-05,2026-05-08,Approved
PR-08195,EMP-00052,Finance,SUP-00031,2026-03-19,2026-03-22,Approved
PR-08196,EMP-00003,Engineering,SUP-00009,2026-01-10,2026-01-24,Approved
PR-08197,EMP-00027,Operations,SUP-00026,2026-04-27,2026-04-30,Rejected
PR-08198,EMP-00051,Procurement,SUP-00015,2026-03-31,2026-04-08,Approved
PR-08199,EMP-00017,Sales,SUP-00004,2026-04-28,2026-04-30,Approved
PR-08200,EMP-00099,Sales,SUP-00004,2026-05-28,2026-05-29,Approved
PR-08201,EMP-00063,Finance,SUP-00027,2026-04-05,2026-04-08,Approved
PR-08202,EMP-00001,Engineering,SUP-00029,2026-01-15,2026-01-25,Approved
PR-08203,EMP-00088,Operations,SUP-00010,2026-04-09,2026-04-15,Approved
PR-08204,EMP-00001,Engineering,SUP-00028,2026-05-25,2026-05-29,Approved
PR-08205,EMP-00054,HR,SUP-00044,2026-03-16,2026-03-19,Approved
PR-08206,EMP-00011,Sales,SUP-00042,2026-03-17,2026-03-18,Approved
PR-08207,EMP-00036,Engineering,SUP-00020,2026-02-13,2026-02-17,Approved
PR-08208,EMP-00039,Operations,SUP-00002,2026-01-11,2026-01-14,Approved
PR-08209,EMP-00082,Sales,SUP-00028,2026-03-18,2026-03-28,Approved
PR-08210,EMP-00019,IT,SUP-00031,2026-02-24,2026-03-08,Approved
PR-08211,EMP-00007,Engineering,SUP-00032,2026-04-27,2026-04-28,Approved
PR-08212,EMP-00003,Engineering,SUP-00027,2026-05-09,2026-05-15,Approved
PR-08213,EMP-00032,Procurement,SUP-00044,2026-02-23,2026-02-26,Approved
PR-08214,EMP-00079,Operations,SUP-00034,2026-03-24,2026-03-29,Approved
PR-08215,EMP-00070,Sales,SUP-00043,2026-03-05,2026-03-07,Approved
PR-08216,EMP-00058,IT,SUP-00011,2026-03-02,2026-03-07,Approved
PR-08217,EMP-00011,Sales,SUP-00050,2026-04-20,2026-04-21,Approved
PR-08218,EMP-00040,Sales,SUP-00017,2026-05-26,2026-05-29,Approved
PR-08219,EMP-00080,Marketing,SUP-00003,2026-05-27,2026-05-28,Approved
PR-08220,EMP-00038,Marketing,SUP-00047,2026-04-20,2026-04-27,Approved
PR-08221,EMP-00038,Marketing,SUP-00039,2026-03-24,2026-03-26,Approved
PR-08222,EMP-00086,HR,SUP-00024,2026-05-02,2026-05-04,Approved
PR-08223,EMP-00016,Marketing,SUP-00048,2026-05-21,2026-05-24,Approved
PR-08224,EMP-00027,Operations,SUP-00005,2026-01-08,2026-01-12,Approved
PR-08225,EMP-00093,IT,SUP-00025,2026-02-01,2026-02-03,Approved
PR-08226,EMP-00062,HR,SUP-00001,2026-05-28,2026-05-29,Approved
PR-08227,EMP-00032,Procurement,SUP-00009,2026-02-01,2026-02-04,Approved
PR-08228,EMP-00066,Finance,SUP-00007,2026-04-10,2026-04-11,Approved
PR-08229,EMP-00046,Operations,SUP-00015,2026-04-19,2026-04-23,Approved
PR-08230,EMP-00084,Sales,SUP-00047,2026-04-06,2026-04-09,Approved
PR-08231,EMP-00090,Engineering,SUP-00009,2026-04-02,2026-04-05,Approved
PR-08232,EMP-00054,HR,SUP-00027,2026-01-19,2026-01-22,Approved
PR-08233,EMP-00083,Engineering,SUP-00007,2026-01-11,2026-01-16,Rejected
PR-08234,EMP-00018,Engineering,SUP-00004,2026-01-09,2026-01-23,Approved
PR-08235,EMP-00098,Sales,SUP-00033,2026-05-22,2026-05-23,Approved
PR-08236,EMP-00093,IT,SUP-00021,2026-02-21,2026-02-22,Approved
PR-08237,EMP-00006,HR,SUP-00044,2026-05-17,2026-05-18,Approved
PR-08238,EMP-00011,Sales,SUP-00037,2026-03-10,2026-03-11,Approved
PR-08239,EMP-00034,IT,SUP-00048,2026-05-03,2026-05-05,Approved
PR-08240,EMP-00014,Marketing,SUP-00008,2026-05-05,2026-05-18,Approved
PR-08241,EMP-00007,Engineering,SUP-00013,2026-03-01,2026-03-04,Approved
PR-08242,EMP-00028,Marketing,SUP-00040,2026-01-10,2026-01-11,Approved
PR-08243,EMP-00040,Sales,SUP-00045,2026-04-08,2026-04-13,Approved
PR-08244,EMP-00018,Engineering,SUP-00045,2026-03-24,2026-03-27,Approved
PR-08245,EMP-00055,Procurement,SUP-00045,2026-04-30,2026-05-03,Approved
PR-08246,EMP-00062,HR,SUP-00032,2026-02-05,2026-02-08,Approved
PR-08247,EMP-00084,Sales,SUP-00042,2026-03-07,2026-03-10,Approved
PR-08248,EMP-00031,Procurement,SUP-00032,2026-04-11,2026-04-13,Approved
PR-08249,EMP-00058,IT,SUP-00030,2026-05-15,2026-05-18,Approved
PR-08250,EMP-00010,Operations,SUP-00009,2026-02-24,2026-03-05,Approved
PR-08251,EMP-00067,Sales,SUP-00035,2026-04-24,2026-04-27,Approved
PR-08252,EMP-00073,HR,SUP-00043,2026-02-20,2026-02-22,Approved
PR-08253,EMP-00070,Sales,SUP-00007,2026-01-07,2026-01-08,Approved
PR-08254,EMP-00050,Procurement,SUP-00025,2026-02-03,2026-02-05,Rejected
PR-08255,EMP-00068,Marketing,SUP-00027,2026-04-06,2026-04-11,Approved
PR-08256,EMP-00007,Engineering,SUP-00023,2026-01-25,2026-01-31,Approved
PR-08257,EMP-00085,Sales,SUP-00045,2026-05-05,2026-05-08,Approved
PR-08258,EMP-00040,Sales,SUP-00026,2026-05-02,2026-05-17,Approved
PR-08259,EMP-00063,Finance,SUP-00036,2026-04-22,2026-04-26,Approved
PR-08260,EMP-00094,HR,SUP-00035,2026-02-09,2026-02-22,Approved
PR-08261,EMP-00013,Procurement,SUP-00024,2026-01-23,2026-01-26,Approved
PR-08262,EMP-00044,IT,SUP-00030,2026-02-20,2026-02-25,Approved
PR-08263,EMP-00055,Procurement,SUP-00026,2026-03-12,2026-03-17,Approved
PR-08264,EMP-00015,Operations,SUP-00050,2026-04-25,2026-04-27,Approved
PR-08265,EMP-00084,Sales,SUP-00016,2026-04-09,2026-04-15,Approved
PR-08266,EMP-00025,Marketing,SUP-00036,2026-01-26,2026-01-27,Approved
PR-08267,EMP-00041,Marketing,SUP-00030,2026-03-31,2026-04-10,Approved
PR-08268,EMP-00081,IT,SUP-00039,2026-04-09,2026-04-21,Approved
PR-08269,EMP-00079,Operations,SUP-00041,2026-01-26,2026-02-07,Approved
PR-08270,EMP-00024,HR,SUP-00023,2026-03-09,2026-03-12,Approved
PR-08271,EMP-00046,Operations,SUP-00033,2026-05-20,2026-05-23,Approved
PR-08272,EMP-00041,Marketing,SUP-00036,2026-05-01,2026-05-02,Approved
PR-08273,EMP-00036,Engineering,SUP-00023,2026-02-16,2026-02-20,Approved
PR-08274,EMP-00024,HR,SUP-00012,2026-04-06,2026-04-09,Approved
PR-08275,EMP-00018,Engineering,SUP-00022,2026-03-28,2026-04-12,Approved
PR-08276,EMP-00032,Procurement,SUP-00036,2026-04-06,2026-04-11,Approved
PR-08277,EMP-00082,Sales,SUP-00027,2026-04-23,2026-04-28,Approved
PR-08278,EMP-00029,IT,SUP-00003,2026-01-14,2026-01-15,Approved
PR-08279,EMP-00094,HR,SUP-00022,2026-02-14,2026-02-25,Approved
PR-08280,EMP-00043,Finance,SUP-00010,2026-05-25,2026-05-28,Approved
PR-08281,EMP-00064,IT,SUP-00004,2026-05-21,2026-05-22,Approved
PR-08282,EMP-00031,Procurement,SUP-00049,2026-02-27,2026-03-11,Approved
PR-08283,EMP-00095,Marketing,SUP-00015,2026-04-30,2026-05-03,Approved
PR-08284,EMP-00065,Marketing,SUP-00018,2026-05-19,2026-05-26,Approved
PR-08285,EMP-00098,Sales,SUP-00005,2026-01-27,2026-01-29,Approved
PR-08286,EMP-00045,IT,SUP-00021,2026-03-27,2026-04-09,Approved
PR-08287,EMP-00041,Marketing,SUP-00045,2026-01-18,2026-01-21,Approved
PR-08288,EMP-00004,Engineering,SUP-00048,2026-04-21,2026-04-26,Approved
PR-08289,EMP-00030,Sales,SUP-00042,2026-01-06,2026-01-11,Approved
PR-08290,EMP-00022,Marketing,SUP-00038,2026-03-18,2026-03-19,Approved
PR-08291,EMP-00085,Sales,SUP-00033,2026-01-05,2026-01-19,Approved
PR-08292,EMP-00096,HR,SUP-00035,2026-01-21,2026-02-05,Approved
PR-08293,EMP-00079,Operations,SUP-00028,2026-05-24,2026-05-25,Approved
PR-08294,EMP-00022,Marketing,SUP-00005,2026-04-06,2026-04-07,Approved
PR-08295,EMP-00052,Finance,SUP-00028,2026-02-19,2026-03-05,Approved
PR-08296,EMP-00019,IT,SUP-00048,2026-04-08,2026-04-13,Approved
PR-08297,EMP-00087,IT,SUP-00016,2026-04-29,2026-04-30,Approved
PR-08298,EMP-00081,IT,SUP-00035,2026-02-13,2026-02-16,Approved
PR-08299,EMP-00007,Engineering,SUP-00013,2026-05-18,2026-05-21,Approved
PR-08300,EMP-00039,Operations,SUP-00035,2026-04-11,2026-04-13,Approved
PR-08301,EMP-00009,Finance,SUP-00008,2026-02-06,2026-02-08,Approved
PR-08302,EMP-00079,Operations,SUP-00007,2026-04-20,2026-04-21,Approved
PR-08303,EMP-00004,Engineering,SUP-00036,2026-02-21,2026-02-25,Approved
PR-08304,EMP-00030,Sales,SUP-00021,2026-04-05,2026-04-07,Approved
PR-08305,EMP-00082,Sales,SUP-00040,2026-03-03,2026-03-05,Approved
PR-08306,EMP-00092,Engineering,SUP-00038,2026-05-10,2026-05-13,Approved
PR-08307,EMP-00014,Marketing,SUP-00031,2026-05-25,2026-05-30,Approved
PR-08308,EMP-00005,HR,SUP-00018,2026-05-05,2026-05-06,Approved
PR-08309,EMP-00059,Marketing,SUP-00016,2026-05-30,2026-05-31,Approved
PR-08310,EMP-00079,Operations,SUP-00009,2026-01-10,2026-01-12,Approved
PR-08311,EMP-00012,Finance,SUP-00034,2026-02-24,2026-02-28,Approved
PR-08312,EMP-00010,Operations,SUP-00024,2026-05-02,2026-05-09,Approved
PR-08313,EMP-00036,Engineering,SUP-00050,2026-03-10,2026-03-12,Approved
PR-08314,EMP-00079,Operations,SUP-00043,2026-01-25,2026-01-27,Approved
PR-08315,EMP-00040,Sales,SUP-00001,2026-05-31,2026-06-15,Approved
PR-08316,EMP-00042,Marketing,SUP-00043,2026-05-31,2026-06-03,Approved
PR-08317,EMP-00096,HR,SUP-00045,2026-03-02,2026-03-04,Approved
PR-08318,EMP-00042,Marketing,SUP-00025,2026-01-11,2026-01-13,Approved
PR-08319,EMP-00006,HR,SUP-00047,2026-05-20,2026-05-24,Approved
PR-08320,EMP-00040,Sales,SUP-00017,2026-03-13,2026-03-25,Approved
PR-08321,EMP-00095,Marketing,SUP-00016,2026-05-20,2026-05-21,Rejected
PR-08322,EMP-00074,Engineering,SUP-00001,2026-02-12,2026-02-13,Approved
PR-08323,EMP-00068,Marketing,SUP-00005,2026-03-16,2026-03-23,Approved
PR-08324,EMP-00019,IT,SUP-00046,2026-04-22,2026-04-24,Approved
PR-08325,EMP-00041,Marketing,SUP-00029,2026-01-26,2026-01-27,Approved
PR-08326,EMP-00082,Sales,SUP-00049,2026-01-14,2026-01-18,Approved
PR-08327,EMP-00003,Engineering,SUP-00042,2026-02-11,2026-02-13,Approved
PR-08328,EMP-00073,HR,SUP-00009,2026-02-10,2026-02-11,Approved
PR-08329,EMP-00028,Marketing,SUP-00047,2026-03-13,2026-03-17,Approved
PR-08330,EMP-00024,HR,SUP-00005,2026-01-02,2026-01-05,Approved
PR-08331,EMP-00100,Engineering,SUP-00031,2026-05-27,2026-05-28,Approved
PR-08332,EMP-00036,Engineering,SUP-00020,2026-02-05,2026-02-08,Approved
PR-08333,EMP-00034,IT,SUP-00002,2026-01-13,2026-01-15,Approved
PR-08334,EMP-00040,Sales,SUP-00042,2026-04-01,2026-04-12,Approved
PR-08335,EMP-00100,Engineering,SUP-00049,2026-02-21,2026-03-08,Approved
PR-08336,EMP-00034,IT,SUP-00012,2026-01-26,2026-02-04,Approved
PR-08337,EMP-00011,Sales,SUP-00026,2026-04-22,2026-04-26,Approved
PR-08338,EMP-00074,Engineering,SUP-00032,2026-05-07,2026-05-08,Approved
PR-08339,EMP-00065,Marketing,SUP-00041,2026-02-26,2026-03-01,Approved
PR-08340,EMP-00085,Sales,SUP-00048,2026-05-26,2026-05-27,Approved
PR-08341,EMP-00053,Operations,SUP-00045,2026-04-18,2026-04-21,Approved
PR-08342,EMP-00037,IT,SUP-00020,2026-02-11,2026-02-13,Approved
PR-08343,EMP-00083,Engineering,SUP-00014,2026-04-20,2026-04-22,Approved
PR-08344,EMP-00029,IT,SUP-00015,2026-01-24,2026-01-25,Approved
PR-08345,EMP-00064,IT,SUP-00035,2026-04-02,2026-04-13,Approved
PR-08346,EMP-00093,IT,SUP-00038,2026-03-22,2026-03-26,Approved
PR-08347,EMP-00032,Procurement,SUP-00040,2026-04-07,2026-04-11,Approved
PR-08348,EMP-00097,Sales,SUP-00049,2026-05-11,2026-05-22,Approved
PR-08349,EMP-00001,Engineering,SUP-00005,2026-02-06,2026-02-14,Approved
PR-08350,EMP-00034,IT,SUP-00016,2026-03-14,2026-03-27,Approved
PR-08351,EMP-00067,Sales,SUP-00004,2026-01-04,2026-01-15,Approved
PR-08352,EMP-00019,IT,SUP-00019,2026-01-14,2026-01-17,Approved
PR-08353,EMP-00008,HR,SUP-00003,2026-03-16,2026-03-21,Approved
PR-08354,EMP-00027,Operations,SUP-00043,2026-05-04,2026-05-09,Approved
PR-08355,EMP-00016,Marketing,SUP-00029,2026-03-24,2026-03-29,Approved
PR-08356,EMP-00038,Marketing,SUP-00017,2026-04-02,2026-04-03,Rejected
PR-08357,EMP-00057,HR,SUP-00048,2026-04-06,2026-04-08,Approved
PR-08358,EMP-00054,HR,SUP-00011,2026-02-14,2026-02-17,Approved
PR-08359,EMP-00053,Operations,SUP-00045,2026-01-01,2026-01-05,Approved
PR-08360,EMP-00024,HR,SUP-00046,2026-05-28,2026-05-31,Approved
PR-08361,EMP-00044,IT,SUP-00005,2026-01-29,2026-02-02,Approved
PR-08362,EMP-00061,Operations,SUP-00036,2026-05-20,2026-05-21,Approved
PR-08363,EMP-00022,Marketing,SUP-00044,2026-03-05,2026-03-10,Approved
PR-08364,EMP-00048,Operations,SUP-00015,2026-03-10,2026-03-15,Approved
PR-08365,EMP-00072,Procurement,SUP-00043,2026-03-28,2026-04-12,Approved
PR-08366,EMP-00012,Finance,SUP-00043,2026-04-15,2026-04-19,Approved
PR-08367,EMP-00076,HR,SUP-00040,2026-01-04,2026-01-05,Approved
PR-08368,EMP-00034,IT,SUP-00013,2026-01-11,2026-01-18,Approved
PR-08369,EMP-00032,Procurement,SUP-00037,2026-02-27,2026-02-28,Approved
PR-08370,EMP-00043,Finance,SUP-00032,2026-02-17,2026-02-23,Approved
PR-08371,EMP-00069,Finance,SUP-00028,2026-02-02,2026-02-07,Approved
PR-08372,EMP-00091,Operations,SUP-00018,2026-03-12,2026-03-13,Approved
PR-08373,EMP-00057,HR,SUP-00043,2026-04-18,2026-04-21,Approved
PR-08374,EMP-00071,Procurement,SUP-00024,2026-05-23,2026-05-26,Approved
PR-08375,EMP-00016,Marketing,SUP-00040,2026-01-08,2026-01-10,Approved
PR-08376,EMP-00071,Procurement,SUP-00030,2026-02-24,2026-03-04,Approved
PR-08377,EMP-00095,Marketing,SUP-00050,2026-01-29,2026-02-01,Approved
PR-08378,EMP-00054,HR,SUP-00005,2026-05-18,2026-05-21,Approved
PR-08379,EMP-00097,Sales,SUP-00022,2026-05-23,2026-05-26,Approved
PR-08380,EMP-00049,IT,SUP-00003,2026-01-01,2026-01-03,Approved
PR-08381,EMP-00058,IT,SUP-00033,2026-05-04,2026-05-10,Approved
PR-08382,EMP-00072,Procurement,SUP-00004,2026-04-10,2026-04-12,Approved
PR-08383,EMP-00054,HR,SUP-00048,2026-02-15,2026-02-18,Approved
PR-08384,EMP-00087,IT,SUP-00011,2026-03-20,2026-03-23,Approved
PR-08385,EMP-00046,Operations,SUP-00011,2026-04-02,2026-04-05,Approved
PR-08386,EMP-00066,Finance,SUP-00019,2026-02-13,2026-02-27,Approved
PR-08387,EMP-00030,Sales,SUP-00021,2026-04-05,2026-04-10,Approved
PR-08388,EMP-00010,Operations,SUP-00039,2026-03-14,2026-03-16,Approved
PR-08389,EMP-00046,Operations,SUP-00033,2026-03-03,2026-03-05,Approved
PR-08390,EMP-00016,Marketing,SUP-00004,2026-03-14,2026-03-15,Approved
PR-08391,EMP-00054,HR,SUP-00048,2026-03-05,2026-03-17,Approved
PR-08392,EMP-00081,IT,SUP-00038,2026-04-19,2026-04-20,Approved
PR-08393,EMP-00032,Procurement,SUP-00004,2026-05-30,2026-06-12,Approved
PR-08394,EMP-00042,Marketing,SUP-00007,2026-04-01,2026-04-09,Approved
PR-08395,EMP-00071,Procurement,SUP-00026,2026-02-01,2026-02-09,Approved
PR-08396,EMP-00074,Engineering,SUP-00040,2026-03-21,2026-04-05,Approved
PR-08397,EMP-00086,HR,SUP-00017,2026-03-24,2026-03-26,Approved
PR-08398,EMP-00072,Procurement,SUP-00031,2026-01-21,2026-02-01,Approved
PR-08399,EMP-00006,HR,SUP-00040,2026-04-13,2026-04-16,Approved
PR-08400,EMP-00041,Marketing,SUP-00048,2026-05-19,2026-05-22,Approved
PR-08401,EMP-00030,Sales,SUP-00039,2026-04-25,2026-04-28,Approved
PR-08402,EMP-00020,Marketing,SUP-00036,2026-01-29,2026-02-05,Approved
PR-08403,EMP-00083,Engineering,SUP-00045,2026-03-09,2026-03-12,Approved
PR-08404,EMP-00009,Finance,SUP-00050,2026-04-03,2026-04-05,Approved
PR-08405,EMP-00058,IT,SUP-00050,2026-02-11,2026-02-17,Approved
PR-08406,EMP-00059,Marketing,SUP-00013,2026-02-28,2026-03-03,Approved
PR-08407,EMP-00097,Sales,SUP-00021,2026-04-28,2026-04-30,Approved
PR-08408,EMP-00020,Marketing,SUP-00011,2026-01-06,2026-01-08,Approved
PR-08409,EMP-00074,Engineering,SUP-00035,2026-04-05,2026-04-08,Approved
PR-08410,EMP-00085,Sales,SUP-00025,2026-01-22,2026-01-25,Approved
PR-08411,EMP-00006,HR,SUP-00046,2026-01-09,2026-01-19,Approved
PR-08412,EMP-00060,Operations,SUP-00031,2026-01-17,2026-01-27,Approved
PR-08413,EMP-00094,HR,SUP-00018,2026-02-13,2026-02-15,Approved
PR-08414,EMP-00076,HR,SUP-00035,2026-04-01,2026-04-04,Approved
PR-08415,EMP-00075,Marketing,SUP-00021,2026-03-17,2026-03-22,Approved
PR-08416,EMP-00025,Marketing,SUP-00030,2026-04-25,2026-04-27,Approved
PR-08417,EMP-00012,Finance,SUP-00003,2026-04-20,2026-04-23,Approved
PR-08418,EMP-00079,Operations,SUP-00007,2026-01-22,2026-01-25,Approved
PR-08419,EMP-00021,IT,SUP-00016,2026-01-31,2026-02-02,Approved
PR-08420,EMP-00012,Finance,SUP-00021,2026-03-11,2026-03-15,Approved
PR-08421,EMP-00020,Marketing,SUP-00002,2026-02-24,2026-03-01,Approved
PR-08422,EMP-00097,Sales,SUP-00021,2026-04-09,2026-04-12,Approved
PR-08423,EMP-00047,IT,SUP-00035,2026-01-06,2026-01-08,Approved
PR-08424,EMP-00067,Sales,SUP-00041,2026-05-20,2026-05-24,Approved
PR-08425,EMP-00070,Sales,SUP-00017,2026-04-25,2026-04-29,Approved
PR-08426,EMP-00066,Finance,SUP-00023,2026-01-24,2026-02-08,Approved
PR-08427,EMP-00035,Marketing,SUP-00027,2026-01-08,2026-01-11,Approved
PR-08428,EMP-00083,Engineering,SUP-00005,2026-03-08,2026-03-10,Approved
PR-08429,EMP-00039,Operations,SUP-00040,2026-03-08,2026-03-09,Approved
PR-08430,EMP-00096,HR,SUP-00029,2026-03-15,2026-03-16,Approved
PR-08431,EMP-00007,Engineering,SUP-00033,2026-01-08,2026-01-18,Approved
PR-08432,EMP-00007,Engineering,SUP-00037,2026-05-22,2026-05-23,Approved
PR-08433,EMP-00004,Engineering,SUP-00005,2026-02-18,2026-02-19,Approved
PR-08434,EMP-00030,Sales,SUP-00050,2026-04-01,2026-04-02,Approved
PR-08435,EMP-00045,IT,SUP-00019,2026-05-21,2026-05-23,Approved
PR-08436,EMP-00073,HR,SUP-00017,2026-05-05,2026-05-09,Approved
PR-08437,EMP-00013,Procurement,SUP-00027,2026-04-09,2026-04-13,Approved
PR-08438,EMP-00048,Operations,SUP-00026,2026-01-08,2026-01-11,Approved
PR-08439,EMP-00049,IT,SUP-00048,2026-01-06,2026-01-07,Approved
PR-08440,EMP-00026,Operations,SUP-00003,2026-03-11,2026-03-12,Approved
PR-08441,EMP-00058,IT,SUP-00024,2026-02-07,2026-02-11,Approved
PR-08442,EMP-00011,Sales,SUP-00023,2026-01-21,2026-01-22,Approved
PR-08443,EMP-00021,IT,SUP-00015,2026-02-05,2026-02-07,Approved
PR-08444,EMP-00034,IT,SUP-00039,2026-03-25,2026-03-28,Approved
PR-08445,EMP-00052,Finance,SUP-00019,2026-05-09,2026-05-12,Rejected
PR-08446,EMP-00004,Engineering,SUP-00010,2026-03-25,2026-03-30,Rejected
PR-08447,EMP-00093,IT,SUP-00009,2026-01-21,2026-01-30,Approved
PR-08448,EMP-00090,Engineering,SUP-00019,2026-02-16,2026-02-27,Approved
PR-08449,EMP-00061,Operations,SUP-00049,2026-02-25,2026-03-09,Approved
PR-08450,EMP-00064,IT,SUP-00007,2026-03-06,2026-03-09,Approved
PR-08451,EMP-00069,Finance,SUP-00008,2026-01-30,2026-02-03,Approved
PR-08452,EMP-00071,Procurement,SUP-00036,2026-05-23,2026-05-25,Approved
PR-08453,EMP-00020,Marketing,SUP-00019,2026-01-18,2026-01-21,Approved
PR-08454,EMP-00067,Sales,SUP-00031,2026-05-02,2026-05-05,Approved
PR-08455,EMP-00083,Engineering,SUP-00048,2026-03-12,2026-03-15,Rejected
PR-08456,EMP-00055,Procurement,SUP-00028,2026-03-31,2026-04-02,Approved
PR-08457,EMP-00001,Engineering,SUP-00016,2026-01-20,2026-01-21,Approved
PR-08458,EMP-00063,Finance,SUP-00046,2026-04-13,2026-04-15,Approved
PR-08459,EMP-00042,Marketing,SUP-00029,2026-03-18,2026-03-20,Approved
PR-08460,EMP-00001,Engineering,SUP-00032,2026-04-18,2026-04-20,Approved
PR-08461,EMP-00033,IT,SUP-00006,2026-05-10,2026-05-18,Approved
PR-08462,EMP-00052,Finance,SUP-00030,2026-05-25,2026-05-31,Approved
PR-08463,EMP-00002,Marketing,SUP-00040,2026-02-21,2026-03-01,Approved
PR-08464,EMP-00047,IT,SUP-00040,2026-03-02,2026-03-04,Approved
PR-08465,EMP-00012,Finance,SUP-00045,2026-03-23,2026-03-25,Approved
PR-08466,EMP-00095,Marketing,SUP-00007,2026-02-23,2026-02-25,Approved
PR-08467,EMP-00026,Operations,SUP-00011,2026-05-28,2026-05-30,Approved
PR-08468,EMP-00084,Sales,SUP-00023,2026-05-02,2026-05-04,Approved
PR-08469,EMP-00008,HR,SUP-00015,2026-01-27,2026-01-30,Approved
PR-08470,EMP-00087,IT,SUP-00025,2026-01-09,2026-01-14,Approved
PR-08471,EMP-00027,Operations,SUP-00009,2026-01-12,2026-01-14,Approved
PR-08472,EMP-00048,Operations,SUP-00015,2026-04-15,2026-04-17,Approved
PR-08473,EMP-00096,HR,SUP-00042,2026-05-05,2026-05-15,Rejected
PR-08474,EMP-00012,Finance,SUP-00034,2026-02-02,2026-02-07,Rejected
PR-08475,EMP-00039,Operations,SUP-00033,2026-04-14,2026-04-18,Approved
PR-08476,EMP-00026,Operations,SUP-00025,2026-05-03,2026-05-07,Approved
PR-08477,EMP-00024,HR,SUP-00040,2026-02-13,2026-02-20,Approved
PR-08478,EMP-00065,Marketing,SUP-00047,2026-04-14,2026-04-19,Approved
PR-08479,EMP-00033,IT,SUP-00001,2026-02-07,2026-02-10,Approved
PR-08480,EMP-00028,Marketing,SUP-00017,2026-03-13,2026-03-15,Rejected
PR-08481,EMP-00085,Sales,SUP-00003,2026-05-17,2026-05-21,Approved
PR-08482,EMP-00055,Procurement,SUP-00049,2026-02-13,2026-02-14,Approved
PR-08483,EMP-00002,Marketing,SUP-00031,2026-01-25,2026-01-27,Approved
PR-08484,EMP-00037,IT,SUP-00018,2026-03-15,2026-03-16,Approved
PR-08485,EMP-00026,Operations,SUP-00045,2026-03-07,2026-03-09,Approved
PR-08486,EMP-00045,IT,SUP-00014,2026-04-19,2026-04-23,Approved
PR-08487,EMP-00097,Sales,SUP-00033,2026-04-18,2026-04-21,Approved
PR-08488,EMP-00090,Engineering,SUP-00040,2026-05-08,2026-05-18,Approved
PR-08489,EMP-00058,IT,SUP-00009,2026-02-08,2026-02-09,Approved
PR-08490,EMP-00012,Finance,SUP-00025,2026-04-29,2026-05-07,Rejected
PR-08491,EMP-00049,IT,SUP-00020,2026-04-24,2026-04-27,Rejected
PR-08492,EMP-00031,Procurement,SUP-00027,2026-01-16,2026-01-17,Approved
PR-08493,EMP-00018,Engineering,SUP-00016,2026-03-11,2026-03-12,Approved
PR-08494,EMP-00043,Finance,SUP-00026,2026-05-08,2026-05-11,Approved
PR-08495,EMP-00049,IT,SUP-00013,2026-02-06,2026-02-08,Approved
PR-08496,EMP-00023,IT,SUP-00029,2026-05-10,2026-05-11,Approved
PR-08497,EMP-00032,Procurement,SUP-00029,2026-03-08,2026-03-10,Approved
PR-08498,EMP-00089,Operations,SUP-00022,2026-05-30,2026-06-03,Approved
PR-08499,EMP-00056,Finance,SUP-00032,2026-03-19,2026-03-22,Approved
PR-08500,EMP-00047,IT,SUP-00024,2026-03-27,2026-04-11,Approved
PR-08501,EMP-00068,Marketing,SUP-00027,2026-05-18,2026-05-22,Approved
PR-08502,EMP-00023,IT,SUP-00046,2026-01-24,2026-01-25,Approved
PR-08503,EMP-00089,Operations,SUP-00022,2026-05-10,2026-05-13,Approved
PR-08504,EMP-00006,HR,SUP-00008,2026-03-25,2026-03-26,Approved
PR-08505,EMP-00094,HR,SUP-00016,2026-05-22,2026-05-31,Rejected
PR-08506,EMP-00010,Operations,SUP-00041,2026-03-19,2026-03-27,Approved
PR-08507,EMP-00076,HR,SUP-00006,2026-02-12,2026-02-15,Approved
PR-08508,EMP-00068,Marketing,SUP-00046,2026-01-17,2026-01-19,Approved
PR-08509,EMP-00085,Sales,SUP-00001,2026-02-24,2026-02-27,Approved
PR-08510,EMP-00066,Finance,SUP-00037,2026-02-10,2026-02-19,Approved
PR-08511,EMP-00029,IT,SUP-00016,2026-04-30,2026-05-04,Approved
PR-08512,EMP-00081,IT,SUP-00037,2026-01-27,2026-02-01,Approved
PR-08513,EMP-00097,Sales,SUP-00045,2026-03-28,2026-03-31,Approved
PR-08514,EMP-00040,Sales,SUP-00041,2026-01-21,2026-01-23,Approved
PR-08515,EMP-00082,Sales,SUP-00003,2026-02-09,2026-02-11,Rejected
PR-08516,EMP-00099,Sales,SUP-00006,2026-02-02,2026-02-03,Approved
PR-08517,EMP-00075,Marketing,SUP-00041,2026-02-21,2026-02-28,Approved
PR-08518,EMP-00022,Marketing,SUP-00049,2026-02-24,2026-02-25,Approved
PR-08519,EMP-00086,HR,SUP-00018,2026-03-04,2026-03-09,Approved
PR-08520,EMP-00019,IT,SUP-00019,2026-05-11,2026-05-16,Approved
PR-08521,EMP-00064,IT,SUP-00002,2026-01-20,2026-01-23,Approved
PR-08522,EMP-00035,Marketing,SUP-00038,2026-01-13,2026-01-24,Approved
PR-08523,EMP-00012,Finance,SUP-00021,2026-02-18,2026-02-21,Approved
PR-08524,EMP-00093,IT,SUP-00033,2026-01-06,2026-01-21,Approved
PR-08525,EMP-00089,Operations,SUP-00024,2026-05-20,2026-05-21,Approved
PR-08526,EMP-00026,Operations,SUP-00005,2026-02-15,2026-02-22,Approved
PR-08527,EMP-00057,HR,SUP-00012,2026-05-05,2026-05-13,Approved
PR-08528,EMP-00093,IT,SUP-00003,2026-05-26,2026-05-28,Approved
PR-08529,EMP-00055,Procurement,SUP-00027,2026-03-30,2026-04-12,Approved
PR-08530,EMP-00013,Procurement,SUP-00019,2026-01-08,2026-01-12,Approved
PR-08531,EMP-00049,IT,SUP-00027,2026-05-05,2026-05-07,Approved
PR-08532,EMP-00025,Marketing,SUP-00011,2026-01-24,2026-02-01,Approved
PR-08533,EMP-00070,Sales,SUP-00033,2026-04-13,2026-04-14,Approved
PR-08534,EMP-00090,Engineering,SUP-00012,2026-04-17,2026-04-20,Approved
PR-08535,EMP-00015,Operations,SUP-00035,2026-05-18,2026-05-21,Approved
PR-08536,EMP-00054,HR,SUP-00005,2026-02-14,2026-02-16,Approved
PR-08537,EMP-00068,Marketing,SUP-00035,2026-01-19,2026-02-03,Approved
PR-08538,EMP-00099,Sales,SUP-00024,2026-03-20,2026-03-24,Approved
PR-08539,EMP-00056,Finance,SUP-00045,2026-05-15,2026-05-29,Approved
PR-08540,EMP-00069,Finance,SUP-00011,2026-01-12,2026-01-13,Approved
PR-08541,EMP-00028,Marketing,SUP-00025,2026-03-28,2026-04-01,Approved
PR-08542,EMP-00039,Operations,SUP-00007,2026-02-14,2026-02-19,Approved
PR-08543,EMP-00029,IT,SUP-00010,2026-02-24,2026-03-10,Approved
PR-08544,EMP-00042,Marketing,SUP-00005,2026-05-17,2026-05-20,Approved
PR-08545,EMP-00013,Procurement,SUP-00021,2026-04-23,2026-04-26,Approved
PR-08546,EMP-00025,Marketing,SUP-00003,2026-04-22,2026-04-25,Approved
PR-08547,EMP-00022,Marketing,SUP-00045,2026-01-13,2026-01-20,Approved
PR-08548,EMP-00051,Procurement,SUP-00042,2026-03-12,2026-03-16,Approved
PR-08549,EMP-00064,IT,SUP-00016,2026-05-26,2026-05-30,Approved
PR-08550,EMP-00004,Engineering,SUP-00049,2026-02-21,2026-02-23,Approved
PR-08551,EMP-00088,Operations,SUP-00013,2026-02-04,2026-02-08,Approved
PR-08552,EMP-00002,Marketing,SUP-00050,2026-05-09,2026-05-14,Approved
PR-08553,EMP-00078,HR,SUP-00033,2026-02-01,2026-02-02,Approved
PR-08554,EMP-00010,Operations,SUP-00025,2026-04-08,2026-04-09,Approved
PR-08555,EMP-00089,Operations,SUP-00015,2026-05-01,2026-05-14,Approved
PR-08556,EMP-00085,Sales,SUP-00046,2026-04-06,2026-04-08,Approved
PR-08557,EMP-00052,Finance,SUP-00042,2026-04-11,2026-04-14,Approved
PR-08558,EMP-00044,IT,SUP-00028,2026-01-21,2026-01-26,Approved
PR-08559,EMP-00048,Operations,SUP-00020,2026-03-07,2026-03-10,Approved
PR-08560,EMP-00004,Engineering,SUP-00019,2026-01-27,2026-01-28,Approved
PR-08561,EMP-00053,Operations,SUP-00044,2026-04-30,2026-05-02,Approved
PR-08562,EMP-00020,Marketing,SUP-00009,2026-04-25,2026-05-05,Approved
PR-08563,EMP-00046,Operations,SUP-00017,2026-03-23,2026-03-27,Approved
PR-08564,EMP-00032,Procurement,SUP-00012,2026-04-25,2026-05-01,Approved
PR-08565,EMP-00033,IT,SUP-00009,2026-02-01,2026-02-04,Approved
PR-08566,EMP-00081,IT,SUP-00024,2026-04-19,2026-04-22,Approved
PR-08567,EMP-00029,IT,SUP-00033,2026-03-11,2026-03-12,Approved
PR-08568,EMP-00100,Engineering,SUP-00045,2026-01-06,2026-01-12,Approved
PR-08569,EMP-00007,Engineering,SUP-00021,2026-01-22,2026-01-23,Approved
PR-08570,EMP-00077,Operations,SUP-00047,2026-04-13,2026-04-15,Approved
PR-08571,EMP-00099,Sales,SUP-00033,2026-05-09,2026-05-11,Approved
PR-08572,EMP-00061,Operations,SUP-00006,2026-05-28,2026-06-10,Approved
PR-08573,EMP-00069,Finance,SUP-00049,2026-01-18,2026-01-26,Rejected
PR-08574,EMP-00071,Procurement,SUP-00013,2026-05-27,2026-06-07,Approved
PR-08575,EMP-00001,Engineering,SUP-00027,2026-04-10,2026-04-25,Approved
PR-08576,EMP-00051,Procurement,SUP-00042,2026-05-26,2026-06-06,Approved
PR-08577,EMP-00054,HR,SUP-00010,2026-03-04,2026-03-07,Approved
PR-08578,EMP-00019,IT,SUP-00044,2026-01-02,2026-01-05,Approved
PR-08579,EMP-00079,Operations,SUP-00033,2026-03-08,2026-03-12,Approved
PR-08580,EMP-00046,Operations,SUP-00043,2026-02-15,2026-02-18,Approved
PR-08581,EMP-00025,Marketing,SUP-00019,2026-05-09,2026-05-10,Approved
PR-08582,EMP-00074,Engineering,SUP-00034,2026-02-16,2026-02-20,Approved
PR-08583,EMP-00074,Engineering,SUP-00023,2026-02-26,2026-03-01,Approved
PR-08584,EMP-00099,Sales,SUP-00041,2026-02-19,2026-03-03,Approved
PR-08585,EMP-00051,Procurement,SUP-00002,2026-02-15,2026-02-18,Approved
PR-08586,EMP-00007,Engineering,SUP-00011,2026-05-27,2026-06-01,Approved
PR-08587,EMP-00077,Operations,SUP-00046,2026-03-01,2026-03-04,Approved
PR-08588,EMP-00086,HR,SUP-00016,2026-01-22,2026-02-03,Approved
PR-08589,EMP-00071,Procurement,SUP-00037,2026-02-15,2026-02-17,Approved
PR-08590,EMP-00071,Procurement,SUP-00012,2026-03-02,2026-03-11,Approved
PR-08591,EMP-00033,IT,SUP-00034,2026-01-03,2026-01-06,Approved
PR-08592,EMP-00022,Marketing,SUP-00017,2026-03-25,2026-04-03,Approved
PR-08593,EMP-00003,Engineering,SUP-00010,2026-01-10,2026-01-14,Approved
PR-08594,EMP-00020,Marketing,SUP-00005,2026-02-26,2026-02-27,Approved
PR-08595,EMP-00045,IT,SUP-00011,2026-01-15,2026-01-17,Approved
PR-08596,EMP-00010,Operations,SUP-00031,2026-03-12,2026-03-13,Approved
PR-08597,EMP-00070,Sales,SUP-00002,2026-03-15,2026-03-27,Approved
PR-08598,EMP-00093,IT,SUP-00031,2026-01-16,2026-01-17,Approved
PR-08599,EMP-00097,Sales,SUP-00046,2026-01-31,2026-02-11,Approved
PR-08600,EMP-00066,Finance,SUP-00036,2026-05-10,2026-05-13,Approved
PR-08601,EMP-00001,Engineering,SUP-00030,2026-01-26,2026-02-09,Approved
PR-08602,EMP-00057,HR,SUP-00001,2026-01-22,2026-01-25,Rejected
PR-08603,EMP-00066,Finance,SUP-00009,2026-03-26,2026-04-05,Approved
PR-08604,EMP-00049,IT,SUP-00034,2026-03-17,2026-03-19,Approved
PR-08605,EMP-00011,Sales,SUP-00027,2026-02-01,2026-02-10,Approved
PR-08606,EMP-00004,Engineering,SUP-00015,2026-01-06,2026-01-17,Approved
PR-08607,EMP-00006,HR,SUP-00004,2026-03-12,2026-03-13,Rejected
PR-08608,EMP-00025,Marketing,SUP-00039,2026-03-16,2026-03-22,Approved
PR-08609,EMP-00019,IT,SUP-00002,2026-04-15,2026-04-17,Approved
PR-08610,EMP-00080,Marketing,SUP-00006,2026-05-21,2026-05-23,Approved
PR-08611,EMP-00059,Marketing,SUP-00042,2026-05-25,2026-05-26,Approved
PR-08612,EMP-00077,Operations,SUP-00006,2026-01-14,2026-01-17,Approved
PR-08613,EMP-00078,HR,SUP-00029,2026-04-19,2026-04-20,Approved
PR-08614,EMP-00090,Engineering,SUP-00039,2026-01-25,2026-02-01,Approved
PR-08615,EMP-00004,Engineering,SUP-00021,2026-03-05,2026-03-11,Approved
PR-08616,EMP-00060,Operations,SUP-00038,2026-02-20,2026-02-24,Approved
PR-08617,EMP-00001,Engineering,SUP-00024,2026-01-30,2026-02-02,Rejected
PR-08618,EMP-00002,Marketing,SUP-00039,2026-02-06,2026-02-09,Approved
PR-08619,EMP-00098,Sales,SUP-00024,2026-04-20,2026-04-25,Approved
PR-08620,EMP-00009,Finance,SUP-00006,2026-04-21,2026-04-23,Approved
PR-08621,EMP-00036,Engineering,SUP-00024,2026-04-15,2026-04-22,Approved
PR-08622,EMP-00002,Marketing,SUP-00041,2026-05-21,2026-05-22,Approved
PR-08623,EMP-00062,HR,SUP-00013,2026-04-29,2026-04-30,Approved
PR-08624,EMP-00027,Operations,SUP-00014,2026-05-25,2026-05-28,Rejected
PR-08625,EMP-00042,Marketing,SUP-00016,2026-02-27,2026-02-28,Approved
PR-08626,EMP-00074,Engineering,SUP-00041,2026-04-27,2026-04-30,Approved
PR-08627,EMP-00089,Operations,SUP-00044,2026-01-13,2026-01-16,Approved
PR-08628,EMP-00055,Procurement,SUP-00034,2026-03-28,2026-03-31,Approved
PR-08629,EMP-00072,Procurement,SUP-00043,2026-04-22,2026-04-27,Approved
PR-08630,EMP-00093,IT,SUP-00006,2026-03-04,2026-03-07,Approved
PR-08631,EMP-00065,Marketing,SUP-00048,2026-05-25,2026-06-08,Approved
PR-08632,EMP-00044,IT,SUP-00018,2026-04-04,2026-04-06,Approved
PR-08633,EMP-00016,Marketing,SUP-00030,2026-04-26,2026-05-01,Approved
PR-08634,EMP-00056,Finance,SUP-00046,2026-02-17,2026-02-21,Approved
PR-08635,EMP-00063,Finance,SUP-00035,2026-03-17,2026-03-21,Approved
PR-08636,EMP-00062,HR,SUP-00004,2026-03-24,2026-03-26,Approved
PR-08637,EMP-00059,Marketing,SUP-00036,2026-03-14,2026-03-19,Approved
PR-08638,EMP-00095,Marketing,SUP-00041,2026-01-04,2026-01-17,Approved
PR-08639,EMP-00009,Finance,SUP-00011,2026-01-31,2026-02-05,Approved
PR-08640,EMP-00025,Marketing,SUP-00002,2026-01-22,2026-01-26,Approved
PR-08641,EMP-00087,IT,SUP-00041,2026-02-26,2026-02-27,Approved
PR-08642,EMP-00094,HR,SUP-00037,2026-01-21,2026-01-25,Approved
PR-08643,EMP-00100,Engineering,SUP-00032,2026-03-26,2026-03-30,Approved
PR-08644,EMP-00033,IT,SUP-00024,2026-02-23,2026-02-27,Approved
PR-08645,EMP-00029,IT,SUP-00017,2026-02-08,2026-02-12,Approved
PR-08646,EMP-00061,Operations,SUP-00015,2026-02-01,2026-02-09,Approved
PR-08647,EMP-00005,HR,SUP-00012,2026-04-13,2026-04-15,Approved
PR-08648,EMP-00014,Marketing,SUP-00004,2026-01-30,2026-02-01,Approved
PR-08649,EMP-00034,IT,SUP-00043,2026-05-27,2026-06-01,Approved
PR-08650,EMP-00007,Engineering,SUP-00028,2026-02-09,2026-02-10,Approved
PR-08651,EMP-00005,HR,SUP-00039,2026-01-22,2026-01-26,Rejected
PR-08652,EMP-00051,Procurement,SUP-00047,2026-04-24,2026-04-27,Approved
PR-08653,EMP-00026,Operations,SUP-00049,2026-04-17,2026-04-20,Approved
PR-08654,EMP-00059,Marketing,SUP-00028,2026-04-09,2026-04-12,Rejected
PR-08655,EMP-00018,Engineering,SUP-00038,2026-02-22,2026-03-09,Approved
PR-08656,EMP-00079,Operations,SUP-00006,2026-03-21,2026-04-02,Approved
PR-08657,EMP-00098,Sales,SUP-00044,2026-05-11,2026-05-17,Approved
PR-08658,EMP-00057,HR,SUP-00049,2026-04-26,2026-04-28,Approved
PR-08659,EMP-00064,IT,SUP-00034,2026-02-13,2026-02-15,Approved
PR-08660,EMP-00040,Sales,SUP-00002,2026-02-06,2026-02-10,Approved
PR-08661,EMP-00069,Finance,SUP-00031,2026-04-18,2026-04-20,Approved
PR-08662,EMP-00092,Engineering,SUP-00009,2026-05-06,2026-05-10,Approved
PR-08663,EMP-00047,IT,SUP-00024,2026-04-25,2026-04-26,Approved
PR-08664,EMP-00063,Finance,SUP-00003,2026-01-31,2026-02-02,Approved
PR-08665,EMP-00062,HR,SUP-00040,2026-02-20,2026-02-25,Approved
PR-08666,EMP-00017,Sales,SUP-00004,2026-03-09,2026-03-10,Approved
PR-08667,EMP-00021,IT,SUP-00033,2026-04-19,2026-05-03,Approved
PR-08668,EMP-00082,Sales,SUP-00009,2026-05-03,2026-05-06,Approved
PR-08669,EMP-00098,Sales,SUP-00036,2026-05-06,2026-05-07,Approved
PR-08670,EMP-00064,IT,SUP-00025,2026-05-04,2026-05-05,Approved
PR-08671,EMP-00003,Engineering,SUP-00049,2026-01-23,2026-01-28,Approved
PR-08672,EMP-00073,HR,SUP-00029,2026-02-16,2026-02-26,Approved
PR-08673,EMP-00060,Operations,SUP-00023,2026-01-17,2026-01-19,Approved
PR-08674,EMP-00025,Marketing,SUP-00032,2026-02-24,2026-02-27,Approved
PR-08675,EMP-00065,Marketing,SUP-00003,2026-01-20,2026-02-01,Approved
PR-08676,EMP-00035,Marketing,SUP-00025,2026-04-12,2026-04-18,Approved
PR-08677,EMP-00004,Engineering,SUP-00011,2026-01-23,2026-01-29,Approved
PR-08678,EMP-00030,Sales,SUP-00016,2026-03-22,2026-03-28,Approved
PR-08679,EMP-00096,HR,SUP-00017,2026-04-03,2026-04-17,Approved
PR-08680,EMP-00076,HR,SUP-00038,2026-05-09,2026-05-11,Approved
PR-08681,EMP-00029,IT,SUP-00040,2026-04-28,2026-05-05,Approved
PR-08682,EMP-00073,HR,SUP-00044,2026-03-10,2026-03-23,Approved
PR-08683,EMP-00048,Operations,SUP-00021,2026-02-21,2026-02-24,Approved
PR-08684,EMP-00007,Engineering,SUP-00030,2026-01-20,2026-02-03,Approved
PR-08685,EMP-00004,Engineering,SUP-00002,2026-04-05,2026-04-08,Approved
PR-08686,EMP-00003,Engineering,SUP-00033,2026-02-05,2026-02-08,Approved
PR-08687,EMP-00025,Marketing,SUP-00045,2026-01-23,2026-01-25,Approved
PR-08688,EMP-00062,HR,SUP-00034,2026-04-11,2026-04-14,Approved
PR-08689,EMP-00068,Marketing,SUP-00028,2026-01-30,2026-02-14,Approved
PR-08690,EMP-00023,IT,SUP-00013,2026-02-09,2026-02-14,Approved
PR-08691,EMP-00085,Sales,SUP-00049,2026-03-09,2026-03-11,Approved
PR-08692,EMP-00007,Engineering,SUP-00023,2026-03-24,2026-03-26,Approved
PR-08693,EMP-00087,IT,SUP-00021,2026-01-01,2026-01-05,Approved
PR-08694,EMP-00045,IT,SUP-00017,2026-01-09,2026-01-12,Approved
PR-08695,EMP-00094,HR,SUP-00004,2026-01-31,2026-02-01,Approved
PR-08696,EMP-00039,Operations,SUP-00030,2026-01-08,2026-01-09,Approved
PR-08697,EMP-00095,Marketing,SUP-00019,2026-03-09,2026-03-23,Approved
PR-08698,EMP-00064,IT,SUP-00013,2026-01-19,2026-01-20,Approved
PR-08699,EMP-00046,Operations,SUP-00042,2026-03-04,2026-03-12,Approved
PR-08700,EMP-00036,Engineering,SUP-00047,2026-03-04,2026-03-07,Approved
PR-08701,EMP-00038,Marketing,SUP-00024,2026-05-08,2026-05-12,Rejected
PR-08702,EMP-00065,Marketing,SUP-00006,2026-05-19,2026-05-20,Approved
PR-08703,EMP-00032,Procurement,SUP-00037,2026-02-02,2026-02-06,Approved
PR-08704,EMP-00084,Sales,SUP-00045,2026-03-12,2026-03-15,Approved
PR-08705,EMP-00048,Operations,SUP-00018,2026-05-15,2026-05-18,Approved
PR-08706,EMP-00049,IT,SUP-00017,2026-03-21,2026-03-30,Approved
PR-08707,EMP-00025,Marketing,SUP-00038,2026-03-09,2026-03-13,Approved
PR-08708,EMP-00028,Marketing,SUP-00047,2026-01-14,2026-01-18,Approved
PR-08709,EMP-00018,Engineering,SUP-00031,2026-05-07,2026-05-11,Approved
PR-08710,EMP-00045,IT,SUP-00044,2026-05-15,2026-05-22,Approved
PR-08711,EMP-00040,Sales,SUP-00036,2026-03-31,2026-04-02,Approved
PR-08712,EMP-00037,IT,SUP-00027,2026-03-07,2026-03-09,Approved
PR-08713,EMP-00100,Engineering,SUP-00025,2026-03-31,2026-04-15,Approved
PR-08714,EMP-00068,Marketing,SUP-00030,2026-01-02,2026-01-07,Approved
PR-08715,EMP-00017,Sales,SUP-00038,2026-04-05,2026-04-08,Approved
PR-08716,EMP-00089,Operations,SUP-00034,2026-04-07,2026-04-09,Approved
PR-08717,EMP-00087,IT,SUP-00013,2026-05-03,2026-05-04,Approved
PR-08718,EMP-00081,IT,SUP-00035,2026-03-16,2026-03-28,Approved
PR-08719,EMP-00008,HR,SUP-00024,2026-05-12,2026-05-13,Approved
PR-08720,EMP-00050,Procurement,SUP-00001,2026-01-21,2026-01-30,Approved
PR-08721,EMP-00052,Finance,SUP-00021,2026-05-22,2026-06-03,Approved
PR-08722,EMP-00052,Finance,SUP-00031,2026-05-30,2026-05-31,Approved
PR-08723,EMP-00024,HR,SUP-00001,2026-05-23,2026-05-30,Approved
PR-08724,EMP-00063,Finance,SUP-00023,2026-01-26,2026-02-02,Approved
PR-08725,EMP-00074,Engineering,SUP-00050,2026-03-07,2026-03-08,Approved
PR-08726,EMP-00025,Marketing,SUP-00032,2026-01-17,2026-01-18,Approved
PR-08727,EMP-00051,Procurement,SUP-00044,2026-01-31,2026-02-03,Approved
PR-08728,EMP-00009,Finance,SUP-00036,2026-03-12,2026-03-14,Approved
PR-08729,EMP-00035,Marketing,SUP-00023,2026-05-19,2026-05-22,Approved
PR-08730,EMP-00091,Operations,SUP-00009,2026-04-11,2026-04-13,Approved
PR-08731,EMP-00052,Finance,SUP-00011,2026-02-12,2026-02-15,Approved
PR-08732,EMP-00043,Finance,SUP-00018,2026-05-28,2026-06-03,Approved
PR-08733,EMP-00034,IT,SUP-00046,2026-01-17,2026-01-25,Approved
PR-08734,EMP-00034,IT,SUP-00015,2026-02-06,2026-02-09,Approved
PR-08735,EMP-00069,Finance,SUP-00040,2026-01-29,2026-02-01,Approved
PR-08736,EMP-00092,Engineering,SUP-00010,2026-03-12,2026-03-14,Approved
PR-08737,EMP-00054,HR,SUP-00035,2026-03-22,2026-03-23,Approved
PR-08738,EMP-00090,Engineering,SUP-00050,2026-01-17,2026-01-20,Approved
PR-08739,EMP-00010,Operations,SUP-00034,2026-04-24,2026-04-26,Approved
PR-08740,EMP-00076,HR,SUP-00028,2026-05-15,2026-05-20,Approved
PR-08741,EMP-00051,Procurement,SUP-00023,2026-05-11,2026-05-14,Approved
PR-08742,EMP-00087,IT,SUP-00017,2026-05-23,2026-06-06,Approved
PR-08743,EMP-00093,IT,SUP-00023,2026-04-22,2026-05-04,Approved
PR-08744,EMP-00031,Procurement,SUP-00018,2026-03-14,2026-03-21,Approved
PR-08745,EMP-00083,Engineering,SUP-00032,2026-05-21,2026-05-23,Approved
PR-08746,EMP-00028,Marketing,SUP-00049,2026-02-15,2026-02-19,Approved
PR-08747,EMP-00086,HR,SUP-00018,2026-02-28,2026-03-08,Approved
PR-08748,EMP-00013,Procurement,SUP-00025,2026-02-24,2026-02-26,Approved
PR-08749,EMP-00095,Marketing,SUP-00050,2026-05-06,2026-05-07,Approved
PR-08750,EMP-00091,Operations,SUP-00010,2026-05-14,2026-05-19,Approved
PR-08751,EMP-00089,Operations,SUP-00029,2026-02-07,2026-02-08,Approved
PR-08752,EMP-00051,Procurement,SUP-00008,2026-05-27,2026-05-28,Approved
PR-08753,EMP-00078,HR,SUP-00001,2026-03-12,2026-03-15,Approved
PR-08754,EMP-00021,IT,SUP-00014,2026-01-04,2026-01-16,Approved
PR-08755,EMP-00022,Marketing,SUP-00050,2026-04-07,2026-04-10,Approved
PR-08756,EMP-00041,Marketing,SUP-00045,2026-02-08,2026-02-12,Approved
PR-08757,EMP-00026,Operations,SUP-00020,2026-02-09,2026-02-10,Approved
PR-08758,EMP-00039,Operations,SUP-00013,2026-04-18,2026-04-19,Approved
PR-08759,EMP-00084,Sales,SUP-00046,2026-05-25,2026-05-28,Approved
PR-08760,EMP-00064,IT,SUP-00035,2026-03-29,2026-04-02,Approved
PR-08761,EMP-00054,HR,SUP-00029,2026-05-02,2026-05-17,Approved
PR-08762,EMP-00077,Operations,SUP-00047,2026-01-28,2026-02-10,Approved
PR-08763,EMP-00039,Operations,SUP-00036,2026-03-26,2026-04-02,Approved
PR-08764,EMP-00037,IT,SUP-00008,2026-02-05,2026-02-10,Approved
PR-08765,EMP-00062,HR,SUP-00027,2026-01-18,2026-01-21,Rejected
PR-08766,EMP-00087,IT,SUP-00014,2026-01-28,2026-01-29,Approved
PR-08767,EMP-00054,HR,SUP-00042,2026-05-27,2026-06-04,Approved
PR-08768,EMP-00069,Finance,SUP-00021,2026-01-15,2026-01-17,Approved
PR-08769,EMP-00090,Engineering,SUP-00020,2026-04-19,2026-04-20,Approved
PR-08770,EMP-00030,Sales,SUP-00020,2026-02-25,2026-03-02,Approved
PR-08771,EMP-00057,HR,SUP-00011,2026-01-29,2026-02-01,Approved
PR-08772,EMP-00050,Procurement,SUP-00026,2026-04-05,2026-04-07,Approved
PR-08773,EMP-00069,Finance,SUP-00033,2026-04-10,2026-04-11,Approved
PR-08774,EMP-00003,Engineering,SUP-00039,2026-05-11,2026-05-13,Approved
PR-08775,EMP-00042,Marketing,SUP-00023,2026-02-03,2026-02-06,Approved
PR-08776,EMP-00073,HR,SUP-00042,2026-05-14,2026-05-17,Approved
PR-08777,EMP-00012,Finance,SUP-00008,2026-05-10,2026-05-14,Approved
PR-08778,EMP-00015,Operations,SUP-00006,2026-03-18,2026-03-21,Approved
PR-08779,EMP-00037,IT,SUP-00008,2026-02-24,2026-02-25,Approved
PR-08780,EMP-00056,Finance,SUP-00037,2026-02-27,2026-03-12,Approved
PR-08781,EMP-00077,Operations,SUP-00020,2026-05-16,2026-05-17,Approved
PR-08782,EMP-00052,Finance,SUP-00027,2026-03-18,2026-03-20,Rejected
PR-08783,EMP-00048,Operations,SUP-00024,2026-04-18,2026-04-19,Approved
PR-08784,EMP-00006,HR,SUP-00020,2026-05-30,2026-06-05,Approved
PR-08785,EMP-00014,Marketing,SUP-00029,2026-05-01,2026-05-11,Approved
PR-08786,EMP-00001,Engineering,SUP-00031,2026-04-08,2026-04-09,Approved
PR-08787,EMP-00062,HR,SUP-00023,2026-02-05,2026-02-08,Approved
PR-08788,EMP-00044,IT,SUP-00013,2026-05-28,2026-05-30,Approved
PR-08789,EMP-00067,Sales,SUP-00022,2026-01-31,2026-02-08,Approved
PR-08790,EMP-00071,Procurement,SUP-00039,2026-04-17,2026-04-20,Approved
PR-08791,EMP-00044,IT,SUP-00049,2026-05-11,2026-05-13,Approved
PR-08792,EMP-00091,Operations,SUP-00033,2026-01-05,2026-01-08,Approved
PR-08793,EMP-00085,Sales,SUP-00047,2026-04-22,2026-04-25,Approved
PR-08794,EMP-00083,Engineering,SUP-00032,2026-05-08,2026-05-11,Approved
PR-08795,EMP-00016,Marketing,SUP-00007,2026-04-12,2026-04-19,Approved
PR-08796,EMP-00063,Finance,SUP-00036,2026-01-29,2026-02-04,Approved
PR-08797,EMP-00100,Engineering,SUP-00040,2026-01-07,2026-01-21,Approved
PR-08798,EMP-00042,Marketing,SUP-00031,2026-05-30,2026-06-04,Approved
PR-08799,EMP-00059,Marketing,SUP-00040,2026-02-11,2026-02-13,Approved
PR-08800,EMP-00049,IT,SUP-00009,2026-01-26,2026-02-06,Approved
PR-08801,EMP-00094,HR,SUP-00037,2026-04-29,2026-05-01,Approved
PR-08802,EMP-00096,HR,SUP-00027,2026-05-28,2026-05-30,Approved
PR-08803,EMP-00071,Procurement,SUP-00011,2026-03-16,2026-03-17,Approved
PR-08804,EMP-00044,IT,SUP-00041,2026-05-14,2026-05-16,Approved
PR-08805,EMP-00024,HR,SUP-00001,2026-01-27,2026-02-04,Approved
PR-08806,EMP-00080,Marketing,SUP-00045,2026-04-01,2026-04-12,Approved
PR-08807,EMP-00021,IT,SUP-00004,2026-02-19,2026-02-26,Approved
PR-08808,EMP-00038,Marketing,SUP-00003,2026-01-25,2026-02-09,Approved
PR-08809,EMP-00099,Sales,SUP-00049,2026-01-02,2026-01-03,Approved
PR-08810,EMP-00041,Marketing,SUP-00023,2026-02-15,2026-02-19,Approved
PR-08811,EMP-00089,Operations,SUP-00035,2026-04-17,2026-04-22,Approved
PR-08812,EMP-00008,HR,SUP-00035,2026-02-16,2026-02-18,Approved
PR-08813,EMP-00078,HR,SUP-00014,2026-02-15,2026-03-01,Approved
PR-08814,EMP-00064,IT,SUP-00005,2026-03-01,2026-03-04,Approved
PR-08815,EMP-00058,IT,SUP-00014,2026-05-15,2026-05-16,Approved
PR-08816,EMP-00013,Procurement,SUP-00042,2026-04-30,2026-05-03,Approved
PR-08817,EMP-00020,Marketing,SUP-00017,2026-01-05,2026-01-07,Approved
PR-08818,EMP-00002,Marketing,SUP-00023,2026-01-23,2026-01-26,Approved
PR-08819,EMP-00091,Operations,SUP-00043,2026-01-20,2026-01-23,Approved
PR-08820,EMP-00056,Finance,SUP-00003,2026-03-31,2026-04-01,Approved
PR-08821,EMP-00035,Marketing,SUP-00027,2026-03-27,2026-03-28,Approved
PR-08822,EMP-00069,Finance,SUP-00006,2026-01-18,2026-01-22,Approved
PR-08823,EMP-00019,IT,SUP-00048,2026-02-01,2026-02-02,Approved
PR-08824,EMP-00082,Sales,SUP-00033,2026-02-12,2026-02-13,Approved
PR-08825,EMP-00100,Engineering,SUP-00004,2026-03-26,2026-03-31,Approved
PR-08826,EMP-00086,HR,SUP-00019,2026-05-31,2026-06-02,Approved
PR-08827,EMP-00027,Operations,SUP-00011,2026-03-03,2026-03-05,Approved
PR-08828,EMP-00082,Sales,SUP-00017,2026-02-01,2026-02-14,Approved
PR-08829,EMP-00098,Sales,SUP-00019,2026-04-15,2026-04-16,Approved
PR-08830,EMP-00069,Finance,SUP-00016,2026-05-19,2026-05-26,Approved
PR-08831,EMP-00051,Procurement,SUP-00040,2026-04-17,2026-04-19,Approved
PR-08832,EMP-00002,Marketing,SUP-00031,2026-02-16,2026-03-01,Approved
PR-08833,EMP-00095,Marketing,SUP-00031,2026-05-28,2026-05-29,Approved
PR-08834,EMP-00042,Marketing,SUP-00039,2026-03-11,2026-03-14,Approved
PR-08835,EMP-00002,Marketing,SUP-00045,2026-03-31,2026-04-04,Approved
PR-08836,EMP-00048,Operations,SUP-00004,2026-05-01,2026-05-05,Approved
PR-08837,EMP-00045,IT,SUP-00023,2026-01-27,2026-01-28,Approved
PR-08838,EMP-00043,Finance,SUP-00021,2026-03-01,2026-03-04,Approved
PR-08839,EMP-00092,Engineering,SUP-00024,2026-05-18,2026-05-19,Approved
PR-08840,EMP-00061,Operations,SUP-00023,2026-04-20,2026-04-22,Approved
PR-08841,EMP-00074,Engineering,SUP-00042,2026-03-25,2026-03-26,Approved
PR-08842,EMP-00020,Marketing,SUP-00009,2026-03-20,2026-03-25,Approved
PR-08843,EMP-00065,Marketing,SUP-00026,2026-04-13,2026-04-14,Approved
PR-08844,EMP-00095,Marketing,SUP-00022,2026-02-28,2026-03-02,Approved
PR-08845,EMP-00083,Engineering,SUP-00036,2026-03-23,2026-04-03,Approved
PR-08846,EMP-00023,IT,SUP-00026,2026-04-27,2026-05-04,Rejected
PR-08847,EMP-00024,HR,SUP-00001,2026-01-31,2026-02-02,Approved
PR-08848,EMP-00091,Operations,SUP-00019,2026-05-09,2026-05-23,Approved
PR-08849,EMP-00054,HR,SUP-00029,2026-05-15,2026-05-19,Approved
PR-08850,EMP-00018,Engineering,SUP-00037,2026-05-01,2026-05-04,Approved
PR-08851,EMP-00084,Sales,SUP-00046,2026-04-17,2026-04-19,Approved
PR-08852,EMP-00045,IT,SUP-00019,2026-01-01,2026-01-09,Approved
PR-08853,EMP-00057,HR,SUP-00027,2026-04-04,2026-04-07,Approved
PR-08854,EMP-00059,Marketing,SUP-00038,2026-02-20,2026-02-22,Approved
PR-08855,EMP-00052,Finance,SUP-00018,2026-05-29,2026-05-30,Approved
PR-08856,EMP-00017,Sales,SUP-00032,2026-05-07,2026-05-09,Approved
PR-08857,EMP-00092,Engineering,SUP-00046,2026-01-09,2026-01-12,Approved
PR-08858,EMP-00087,IT,SUP-00002,2026-03-26,2026-03-31,Approved
PR-08859,EMP-00055,Procurement,SUP-00046,2026-03-23,2026-03-24,Approved
PR-08860,EMP-00031,Procurement,SUP-00032,2026-03-11,2026-03-12,Approved
PR-08861,EMP-00012,Finance,SUP-00008,2026-01-26,2026-01-27,Approved
PR-08862,EMP-00028,Marketing,SUP-00005,2026-04-22,2026-04-25,Approved
PR-08863,EMP-00078,HR,SUP-00050,2026-03-23,2026-03-24,Approved
PR-08864,EMP-00080,Marketing,SUP-00047,2026-05-01,2026-05-04,Approved
PR-08865,EMP-00090,Engineering,SUP-00009,2026-04-25,2026-04-26,Approved
PR-08866,EMP-00099,Sales,SUP-00032,2026-03-29,2026-04-12,Approved
PR-08867,EMP-00038,Marketing,SUP-00043,2026-02-23,2026-02-24,Approved
PR-08868,EMP-00070,Sales,SUP-00003,2026-05-12,2026-05-13,Approved
PR-08869,EMP-00022,Marketing,SUP-00017,2026-02-20,2026-02-28,Rejected
PR-08870,EMP-00041,Marketing,SUP-00032,2026-05-10,2026-05-20,Approved
PR-08871,EMP-00027,Operations,SUP-00037,2026-04-18,2026-04-19,Approved
PR-08872,EMP-00040,Sales,SUP-00013,2026-03-30,2026-04-02,Approved
PR-08873,EMP-00062,HR,SUP-00021,2026-05-18,2026-05-19,Approved
PR-08874,EMP-00099,Sales,SUP-00025,2026-03-20,2026-03-21,Approved
PR-08875,EMP-00013,Procurement,SUP-00038,2026-01-22,2026-01-27,Approved
PR-08876,EMP-00019,IT,SUP-00044,2026-04-07,2026-04-09,Approved
PR-08877,EMP-00065,Marketing,SUP-00039,2026-05-18,2026-05-20,Approved
PR-08878,EMP-00084,Sales,SUP-00025,2026-05-22,2026-05-26,Approved
PR-08879,EMP-00019,IT,SUP-00042,2026-02-03,2026-02-05,Approved
PR-08880,EMP-00098,Sales,SUP-00012,2026-02-04,2026-02-09,Approved
PR-08881,EMP-00020,Marketing,SUP-00042,2026-03-21,2026-03-30,Approved
PR-08882,EMP-00060,Operations,SUP-00048,2026-01-27,2026-02-01,Approved
PR-08883,EMP-00012,Finance,SUP-00020,2026-02-01,2026-02-04,Approved
PR-08884,EMP-00027,Operations,SUP-00044,2026-02-16,2026-02-18,Approved
PR-08885,EMP-00055,Procurement,SUP-00047,2026-04-22,2026-04-29,Approved
PR-08886,EMP-00072,Procurement,SUP-00030,2026-01-16,2026-01-22,Approved
PR-08887,EMP-00009,Finance,SUP-00013,2026-04-17,2026-04-19,Approved
PR-08888,EMP-00013,Procurement,SUP-00025,2026-04-21,2026-04-24,Approved
PR-08889,EMP-00093,IT,SUP-00044,2026-02-01,2026-02-04,Approved
PR-08890,EMP-00087,IT,SUP-00018,2026-05-15,2026-05-30,Approved
PR-08891,EMP-00078,HR,SUP-00006,2026-05-28,2026-06-06,Approved
PR-08892,EMP-00058,IT,SUP-00007,2026-01-22,2026-01-23,Approved
PR-08893,EMP-00002,Marketing,SUP-00031,2026-04-15,2026-04-29,Approved
PR-08894,EMP-00005,HR,SUP-00002,2026-05-07,2026-05-09,Approved
PR-08895,EMP-00041,Marketing,SUP-00047,2026-02-13,2026-02-15,Rejected
PR-08896,EMP-00016,Marketing,SUP-00019,2026-03-11,2026-03-15,Rejected
PR-08897,EMP-00084,Sales,SUP-00010,2026-01-11,2026-01-13,Approved
PR-08898,EMP-00052,Finance,SUP-00025,2026-05-05,2026-05-16,Approved
PR-08899,EMP-00091,Operations,SUP-00044,2026-05-30,2026-06-01,Approved
PR-08900,EMP-00083,Engineering,SUP-00045,2026-03-21,2026-04-02,Approved
PR-08901,EMP-00099,Sales,SUP-00025,2026-05-01,2026-05-02,Rejected
PR-08902,EMP-00086,HR,SUP-00044,2026-04-09,2026-04-12,Approved
PR-08903,EMP-00050,Procurement,SUP-00029,2026-03-04,2026-03-13,Approved
PR-08904,EMP-00074,Engineering,SUP-00030,2026-02-20,2026-03-03,Approved
PR-08905,EMP-00055,Procurement,SUP-00013,2026-03-29,2026-04-03,Approved
PR-08906,EMP-00001,Engineering,SUP-00005,2026-05-30,2026-06-02,Approved
PR-08907,EMP-00004,Engineering,SUP-00027,2026-01-18,2026-01-21,Approved
PR-08908,EMP-00073,HR,SUP-00037,2026-01-05,2026-01-06,Approved
PR-08909,EMP-00031,Procurement,SUP-00014,2026-05-06,2026-05-07,Approved
PR-08910,EMP-00026,Operations,SUP-00038,2026-04-23,2026-04-24,Approved
PR-08911,EMP-00063,Finance,SUP-00040,2026-01-17,2026-01-19,Approved
PR-08912,EMP-00075,Marketing,SUP-00031,2026-01-06,2026-01-07,Approved
PR-08913,EMP-00049,IT,SUP-00042,2026-01-19,2026-01-21,Approved
PR-08914,EMP-00023,IT,SUP-00012,2026-04-26,2026-04-29,Approved
PR-08915,EMP-00033,IT,SUP-00005,2026-01-20,2026-01-23,Approved
PR-08916,EMP-00069,Finance,SUP-00039,2026-05-18,2026-05-22,Approved
PR-08917,EMP-00037,IT,SUP-00030,2026-01-21,2026-01-26,Approved
PR-08918,EMP-00049,IT,SUP-00021,2026-03-06,2026-03-07,Approved
PR-08919,EMP-00058,IT,SUP-00015,2026-02-12,2026-02-13,Approved
PR-08920,EMP-00037,IT,SUP-00018,2026-04-07,2026-04-09,Approved
PR-08921,EMP-00023,IT,SUP-00012,2026-02-14,2026-02-16,Approved
PR-08922,EMP-00029,IT,SUP-00040,2026-03-04,2026-03-05,Approved
PR-08923,EMP-00046,Operations,SUP-00050,2026-02-16,2026-02-18,Approved
PR-08924,EMP-00081,IT,SUP-00012,2026-05-16,2026-05-19,Approved
PR-08925,EMP-00025,Marketing,SUP-00037,2026-01-07,2026-01-21,Approved
PR-08926,EMP-00032,Procurement,SUP-00015,2026-05-28,2026-06-03,Approved
PR-08927,EMP-00076,HR,SUP-00018,2026-04-22,2026-05-06,Approved
PR-08928,EMP-00057,HR,SUP-00040,2026-02-08,2026-02-13,Approved
PR-08929,EMP-00096,HR,SUP-00048,2026-01-07,2026-01-10,Approved
PR-08930,EMP-00047,IT,SUP-00023,2026-01-22,2026-01-25,Approved
PR-08931,EMP-00099,Sales,SUP-00041,2026-03-20,2026-03-25,Approved
PR-08932,EMP-00086,HR,SUP-00012,2026-02-11,2026-02-13,Approved
PR-08933,EMP-00071,Procurement,SUP-00013,2026-04-06,2026-04-18,Approved
PR-08934,EMP-00074,Engineering,SUP-00010,2026-03-01,2026-03-04,Approved
PR-08935,EMP-00026,Operations,SUP-00016,2026-04-18,2026-04-26,Approved
PR-08936,EMP-00077,Operations,SUP-00038,2026-04-24,2026-04-25,Approved
PR-08937,EMP-00049,IT,SUP-00012,2026-05-19,2026-05-20,Approved
PR-08938,EMP-00013,Procurement,SUP-00050,2026-03-28,2026-03-29,Approved
PR-08939,EMP-00038,Marketing,SUP-00016,2026-03-04,2026-03-07,Approved
PR-08940,EMP-00041,Marketing,SUP-00017,2026-01-07,2026-01-10,Approved
PR-08941,EMP-00029,IT,SUP-00002,2026-02-02,2026-02-05,Approved
PR-08942,EMP-00090,Engineering,SUP-00038,2026-04-18,2026-04-19,Approved
PR-08943,EMP-00040,Sales,SUP-00014,2026-03-14,2026-03-17,Approved
PR-08944,EMP-00051,Procurement,SUP-00021,2026-03-22,2026-03-25,Approved
PR-08945,EMP-00060,Operations,SUP-00039,2026-05-27,2026-05-28,Approved
PR-08946,EMP-00038,Marketing,SUP-00048,2026-05-15,2026-05-17,Approved
PR-08947,EMP-00075,Marketing,SUP-00017,2026-02-18,2026-02-23,Approved
PR-08948,EMP-00035,Marketing,SUP-00032,2026-02-18,2026-02-20,Approved
PR-08949,EMP-00038,Marketing,SUP-00005,2026-04-12,2026-04-14,Approved
PR-08950,EMP-00020,Marketing,SUP-00027,2026-01-19,2026-01-24,Approved
PR-08951,EMP-00096,HR,SUP-00043,2026-03-28,2026-04-03,Approved
PR-08952,EMP-00050,Procurement,SUP-00018,2026-02-07,2026-02-12,Approved
PR-08953,EMP-00055,Procurement,SUP-00033,2026-05-30,2026-05-31,Approved
PR-08954,EMP-00066,Finance,SUP-00036,2026-02-17,2026-02-19,Approved
PR-08955,EMP-00065,Marketing,SUP-00048,2026-02-18,2026-02-23,Approved
PR-08956,EMP-00008,HR,SUP-00027,2026-01-06,2026-01-16,Approved
PR-08957,EMP-00029,IT,SUP-00048,2026-01-26,2026-01-27,Approved
PR-08958,EMP-00096,HR,SUP-00027,2026-03-02,2026-03-06,Approved
PR-08959,EMP-00095,Marketing,SUP-00014,2026-02-07,2026-02-18,Approved
PR-08960,EMP-00058,IT,SUP-00026,2026-02-02,2026-02-05,Approved
PR-08961,EMP-00053,Operations,SUP-00012,2026-01-13,2026-01-22,Approved
PR-08962,EMP-00090,Engineering,SUP-00029,2026-03-14,2026-03-17,Approved
PR-08963,EMP-00063,Finance,SUP-00002,2026-04-14,2026-04-16,Rejected
PR-08964,EMP-00098,Sales,SUP-00045,2026-02-21,2026-03-06,Approved
PR-08965,EMP-00064,IT,SUP-00010,2026-04-09,2026-04-11,Approved
PR-08966,EMP-00004,Engineering,SUP-00013,2026-02-15,2026-02-18,Approved
PR-08967,EMP-00064,IT,SUP-00020,2026-04-28,2026-05-09,Approved
PR-08968,EMP-00077,Operations,SUP-00039,2026-05-12,2026-05-21,Approved
PR-08969,EMP-00098,Sales,SUP-00042,2026-04-17,2026-04-18,Approved
PR-08970,EMP-00006,HR,SUP-00007,2026-02-27,2026-03-02,Approved
PR-08971,EMP-00080,Marketing,SUP-00030,2026-05-04,2026-05-10,Approved
PR-08972,EMP-00013,Procurement,SUP-00005,2026-04-24,2026-04-25,Approved
PR-08973,EMP-00021,IT,SUP-00047,2026-01-02,2026-01-07,Approved
PR-08974,EMP-00030,Sales,SUP-00050,2026-03-01,2026-03-04,Approved
PR-08975,EMP-00034,IT,SUP-00032,2026-02-03,2026-02-04,Approved
PR-08976,EMP-00064,IT,SUP-00023,2026-02-01,2026-02-03,Approved
PR-08977,EMP-00008,HR,SUP-00016,2026-03-28,2026-03-30,Approved
PR-08978,EMP-00025,Marketing,SUP-00024,2026-04-02,2026-04-03,Approved
PR-08979,EMP-00016,Marketing,SUP-00023,2026-03-02,2026-03-17,Approved
PR-08980,EMP-00005,HR,SUP-00048,2026-03-05,2026-03-13,Approved
PR-08981,EMP-00030,Sales,SUP-00045,2026-02-08,2026-02-13,Approved
PR-08982,EMP-00077,Operations,SUP-00044,2026-04-25,2026-04-27,Rejected
PR-08983,EMP-00015,Operations,SUP-00031,2026-05-22,2026-05-27,Approved
PR-08984,EMP-00066,Finance,SUP-00019,2026-04-21,2026-05-03,Approved
PR-08985,EMP-00063,Finance,SUP-00025,2026-05-02,2026-05-10,Approved
PR-08986,EMP-00079,Operations,SUP-00008,2026-03-16,2026-03-18,Approved
PR-08987,EMP-00010,Operations,SUP-00022,2026-01-11,2026-01-12,Approved
PR-08988,EMP-00088,Operations,SUP-00001,2026-02-10,2026-02-13,Approved
PR-08989,EMP-00036,Engineering,SUP-00002,2026-01-12,2026-01-16,Approved
PR-08990,EMP-00056,Finance,SUP-00030,2026-01-16,2026-01-20,Approved
PR-08991,EMP-00066,Finance,SUP-00038,2026-01-12,2026-01-25,Approved
PR-08992,EMP-00046,Operations,SUP-00006,2026-02-21,2026-03-02,Approved
PR-08993,EMP-00064,IT,SUP-00005,2026-02-03,2026-02-04,Approved
PR-08994,EMP-00030,Sales,SUP-00050,2026-05-26,2026-05-29,Approved
PR-08995,EMP-00025,Marketing,SUP-00025,2026-02-01,2026-02-02,Approved
PR-08996,EMP-00064,IT,SUP-00011,2026-03-14,2026-03-19,Approved
PR-08997,EMP-00082,Sales,SUP-00021,2026-03-11,2026-03-15,Rejected
PR-08998,EMP-00034,IT,SUP-00007,2026-03-24,2026-03-25,Approved
PR-08999,EMP-00006,HR,SUP-00007,2026-05-02,2026-05-06,Approved
PR-09000,EMP-00077,Operations,SUP-00044,2026-01-31,2026-02-05,Approved
PR-09001,EMP-00040,Sales,SUP-00012,2026-01-16,2026-01-27,Approved
PR-09002,EMP-00042,Marketing,SUP-00002,2026-04-15,2026-04-20,Approved
PR-09003,EMP-00076,HR,SUP-00028,2026-05-12,2026-05-15,Approved
PR-09004,EMP-00045,IT,SUP-00033,2026-02-24,2026-02-26,Approved
PR-09005,EMP-00065,Marketing,SUP-00026,2026-01-15,2026-01-16,Approved
PR-09006,EMP-00068,Marketing,SUP-00010,2026-04-12,2026-04-14,Approved
PR-09007,EMP-00007,Engineering,SUP-00036,2026-04-22,2026-05-05,Approved
PR-09008,EMP-00086,HR,SUP-00012,2026-01-06,2026-01-13,Approved
PR-09009,EMP-00091,Operations,SUP-00042,2026-05-27,2026-06-02,Approved
PR-09010,EMP-00015,Operations,SUP-00019,2026-01-22,2026-01-24,Approved
PR-09011,EMP-00056,Finance,SUP-00049,2026-04-17,2026-04-19,Approved
PR-09012,EMP-00035,Marketing,SUP-00047,2026-01-28,2026-01-31,Approved
PR-09013,EMP-00033,IT,SUP-00043,2026-04-22,2026-04-23,Approved
PR-09014,EMP-00082,Sales,SUP-00010,2026-04-08,2026-04-09,Approved
PR-09015,EMP-00004,Engineering,SUP-00044,2026-03-05,2026-03-07,Approved
PR-09016,EMP-00096,HR,SUP-00031,2026-02-18,2026-02-22,Approved
PR-09017,EMP-00083,Engineering,SUP-00028,2026-04-14,2026-04-19,Approved
PR-09018,EMP-00079,Operations,SUP-00031,2026-05-22,2026-05-23,Approved
PR-09019,EMP-00079,Operations,SUP-00018,2026-05-05,2026-05-11,Approved
PR-09020,EMP-00025,Marketing,SUP-00005,2026-04-19,2026-04-20,Approved
PR-09021,EMP-00028,Marketing,SUP-00027,2026-01-08,2026-01-18,Approved
PR-09022,EMP-00024,HR,SUP-00047,2026-01-18,2026-01-22,Approved
PR-09023,EMP-00038,Marketing,SUP-00046,2026-01-09,2026-01-10,Approved
PR-09024,EMP-00013,Procurement,SUP-00003,2026-04-18,2026-04-20,Approved
PR-09025,EMP-00021,IT,SUP-00047,2026-01-22,2026-01-24,Approved
PR-09026,EMP-00013,Procurement,SUP-00041,2026-03-27,2026-03-29,Approved
PR-09027,EMP-00087,IT,SUP-00034,2026-05-09,2026-05-10,Approved
PR-09028,EMP-00069,Finance,SUP-00043,2026-05-15,2026-05-18,Approved
PR-09029,EMP-00082,Sales,SUP-00006,2026-02-01,2026-02-02,Approved
PR-09030,EMP-00032,Procurement,SUP-00012,2026-03-12,2026-03-16,Rejected
PR-09031,EMP-00043,Finance,SUP-00047,2026-02-04,2026-02-06,Approved
PR-09032,EMP-00010,Operations,SUP-00042,2026-02-04,2026-02-05,Approved
PR-09033,EMP-00021,IT,SUP-00007,2026-01-18,2026-01-26,Approved
PR-09034,EMP-00075,Marketing,SUP-00025,2026-02-23,2026-02-25,Approved
PR-09035,EMP-00016,Marketing,SUP-00031,2026-05-12,2026-05-16,Approved
PR-09036,EMP-00023,IT,SUP-00026,2026-05-20,2026-05-22,Approved
PR-09037,EMP-00096,HR,SUP-00042,2026-03-21,2026-03-22,Approved
PR-09038,EMP-00030,Sales,SUP-00036,2026-01-03,2026-01-16,Approved
PR-09039,EMP-00013,Procurement,SUP-00036,2026-01-21,2026-01-23,Approved
PR-09040,EMP-00073,HR,SUP-00003,2026-05-30,2026-06-04,Approved
PR-09041,EMP-00041,Marketing,SUP-00012,2026-02-03,2026-02-08,Approved
PR-09042,EMP-00094,HR,SUP-00030,2026-02-21,2026-02-22,Approved
PR-09043,EMP-00009,Finance,SUP-00050,2026-04-17,2026-04-19,Approved
PR-09044,EMP-00084,Sales,SUP-00042,2026-01-26,2026-01-29,Approved
PR-09045,EMP-00019,IT,SUP-00020,2026-02-07,2026-02-09,Approved
PR-09046,EMP-00028,Marketing,SUP-00049,2026-05-11,2026-05-12,Approved
PR-09047,EMP-00059,Marketing,SUP-00050,2026-03-03,2026-03-06,Approved
PR-09048,EMP-00050,Procurement,SUP-00045,2026-04-27,2026-04-30,Rejected
PR-09049,EMP-00019,IT,SUP-00024,2026-04-18,2026-04-19,Approved
PR-09050,EMP-00087,IT,SUP-00026,2026-03-13,2026-03-14,Approved
PR-09051,EMP-00007,Engineering,SUP-00016,2026-04-16,2026-04-20,Approved
PR-09052,EMP-00023,IT,SUP-00020,2026-03-08,2026-03-21,Approved
PR-09053,EMP-00039,Operations,SUP-00019,2026-05-19,2026-05-21,Approved
PR-09054,EMP-00089,Operations,SUP-00024,2026-01-30,2026-02-02,Approved
PR-09055,EMP-00086,HR,SUP-00021,2026-03-17,2026-03-20,Approved
PR-09056,EMP-00011,Sales,SUP-00004,2026-04-13,2026-04-14,Approved
PR-09057,EMP-00032,Procurement,SUP-00001,2026-01-10,2026-01-13,Approved
PR-09058,EMP-00043,Finance,SUP-00005,2026-03-01,2026-03-06,Approved
PR-09059,EMP-00010,Operations,SUP-00003,2026-01-30,2026-02-02,Approved
PR-09060,EMP-00035,Marketing,SUP-00007,2026-01-18,2026-01-20,Approved
PR-09061,EMP-00093,IT,SUP-00015,2026-02-28,2026-03-04,Approved
PR-09062,EMP-00060,Operations,SUP-00010,2026-04-12,2026-04-23,Approved
PR-09063,EMP-00086,HR,SUP-00021,2026-04-03,2026-04-05,Approved
PR-09064,EMP-00017,Sales,SUP-00009,2026-03-11,2026-03-14,Approved
PR-09065,EMP-00051,Procurement,SUP-00031,2026-03-25,2026-03-26,Approved
PR-09066,EMP-00017,Sales,SUP-00032,2026-02-12,2026-02-15,Approved
PR-09067,EMP-00035,Marketing,SUP-00010,2026-04-03,2026-04-08,Approved
PR-09068,EMP-00037,IT,SUP-00009,2026-03-12,2026-03-15,Approved
PR-09069,EMP-00069,Finance,SUP-00038,2026-01-13,2026-01-15,Approved
PR-09070,EMP-00092,Engineering,SUP-00006,2026-05-03,2026-05-08,Approved
PR-09071,EMP-00040,Sales,SUP-00039,2026-04-27,2026-04-29,Approved
PR-09072,EMP-00010,Operations,SUP-00009,2026-03-16,2026-03-19,Approved
PR-09073,EMP-00046,Operations,SUP-00039,2026-01-18,2026-01-19,Approved
PR-09074,EMP-00054,HR,SUP-00014,2026-03-21,2026-03-25,Approved
PR-09075,EMP-00007,Engineering,SUP-00006,2026-02-15,2026-02-19,Approved
PR-09076,EMP-00026,Operations,SUP-00037,2026-05-07,2026-05-10,Approved
PR-09077,EMP-00084,Sales,SUP-00006,2026-05-22,2026-05-26,Approved
PR-09078,EMP-00015,Operations,SUP-00023,2026-04-24,2026-04-27,Approved
PR-09079,EMP-00026,Operations,SUP-00036,2026-03-12,2026-03-13,Approved
PR-09080,EMP-00034,IT,SUP-00050,2026-02-04,2026-02-05,Approved
PR-09081,EMP-00078,HR,SUP-00018,2026-01-10,2026-01-14,Approved
PR-09082,EMP-00060,Operations,SUP-00026,2026-02-03,2026-02-06,Approved
PR-09083,EMP-00093,IT,SUP-00043,2026-05-04,2026-05-15,Approved
PR-09084,EMP-00041,Marketing,SUP-00016,2026-02-05,2026-02-07,Approved
PR-09085,EMP-00078,HR,SUP-00029,2026-04-26,2026-05-02,Approved
PR-09086,EMP-00016,Marketing,SUP-00030,2026-03-18,2026-03-30,Approved
PR-09087,EMP-00100,Engineering,SUP-00024,2026-03-11,2026-03-20,Approved
PR-09088,EMP-00080,Marketing,SUP-00001,2026-02-07,2026-02-22,Approved
PR-09089,EMP-00022,Marketing,SUP-00009,2026-05-04,2026-05-07,Approved
PR-09090,EMP-00069,Finance,SUP-00046,2026-04-11,2026-04-13,Approved
PR-09091,EMP-00046,Operations,SUP-00024,2026-04-10,2026-04-20,Approved
PR-09092,EMP-00100,Engineering,SUP-00022,2026-02-25,2026-03-10,Approved
PR-09093,EMP-00069,Finance,SUP-00025,2026-03-12,2026-03-16,Approved
PR-09094,EMP-00026,Operations,SUP-00020,2026-05-18,2026-05-19,Approved
PR-09095,EMP-00060,Operations,SUP-00046,2026-03-02,2026-03-13,Approved
PR-09096,EMP-00063,Finance,SUP-00015,2026-01-01,2026-01-09,Rejected
PR-09097,EMP-00083,Engineering,SUP-00012,2026-05-01,2026-05-16,Approved
PR-09098,EMP-00049,IT,SUP-00024,2026-05-04,2026-05-05,Approved
PR-09099,EMP-00024,HR,SUP-00034,2026-02-10,2026-02-12,Approved
PR-09100,EMP-00030,Sales,SUP-00014,2026-05-07,2026-05-16,Rejected
PR-09101,EMP-00071,Procurement,SUP-00042,2026-01-22,2026-01-24,Approved
PR-09102,EMP-00080,Marketing,SUP-00028,2026-02-13,2026-02-17,Approved
PR-09103,EMP-00048,Operations,SUP-00023,2026-05-25,2026-05-28,Approved
PR-09104,EMP-00034,IT,SUP-00043,2026-04-18,2026-05-02,Approved
PR-09105,EMP-00017,Sales,SUP-00006,2026-05-29,2026-06-06,Approved
PR-09106,EMP-00002,Marketing,SUP-00008,2026-04-13,2026-04-17,Approved
PR-09107,EMP-00059,Marketing,SUP-00014,2026-04-15,2026-04-18,Approved
PR-09108,EMP-00064,IT,SUP-00033,2026-01-29,2026-02-01,Approved
PR-09109,EMP-00030,Sales,SUP-00026,2026-02-01,2026-02-04,Approved
PR-09110,EMP-00070,Sales,SUP-00021,2026-02-26,2026-02-27,Approved
PR-09111,EMP-00027,Operations,SUP-00006,2026-02-06,2026-02-10,Approved
PR-09112,EMP-00041,Marketing,SUP-00032,2026-01-03,2026-01-06,Approved
PR-09113,EMP-00030,Sales,SUP-00014,2026-01-28,2026-02-01,Approved
PR-09114,EMP-00078,HR,SUP-00037,2026-03-10,2026-03-15,Approved
PR-09115,EMP-00007,Engineering,SUP-00012,2026-05-07,2026-05-10,Approved
PR-09116,EMP-00022,Marketing,SUP-00049,2026-02-25,2026-03-09,Approved
PR-09117,EMP-00093,IT,SUP-00045,2026-04-18,2026-04-22,Approved
PR-09118,EMP-00063,Finance,SUP-00045,2026-02-04,2026-02-07,Approved
PR-09119,EMP-00060,Operations,SUP-00042,2026-05-16,2026-05-18,Approved
PR-09120,EMP-00058,IT,SUP-00030,2026-02-18,2026-03-04,Rejected
PR-09121,EMP-00024,HR,SUP-00038,2026-04-30,2026-05-02,Approved
PR-09122,EMP-00032,Procurement,SUP-00002,2026-04-24,2026-04-25,Approved
PR-09123,EMP-00055,Procurement,SUP-00041,2026-05-05,2026-05-10,Approved
PR-09124,EMP-00023,IT,SUP-00047,2026-01-19,2026-01-23,Approved
PR-09125,EMP-00025,Marketing,SUP-00010,2026-05-16,2026-05-19,Approved
PR-09126,EMP-00007,Engineering,SUP-00042,2026-01-31,2026-02-01,Approved
PR-09127,EMP-00027,Operations,SUP-00018,2026-02-09,2026-02-13,Approved
PR-09128,EMP-00067,Sales,SUP-00029,2026-04-16,2026-04-17,Approved
PR-09129,EMP-00097,Sales,SUP-00020,2026-04-13,2026-04-14,Approved
PR-09130,EMP-00033,IT,SUP-00005,2026-01-01,2026-01-02,Approved
PR-09131,EMP-00092,Engineering,SUP-00005,2026-05-02,2026-05-09,Approved
PR-09132,EMP-00040,Sales,SUP-00024,2026-04-18,2026-04-27,Approved
PR-09133,EMP-00009,Finance,SUP-00027,2026-03-14,2026-03-27,Approved
PR-09134,EMP-00017,Sales,SUP-00047,2026-04-02,2026-04-17,Approved
PR-09135,EMP-00066,Finance,SUP-00042,2026-05-01,2026-05-03,Approved
PR-09136,EMP-00013,Procurement,SUP-00009,2026-04-16,2026-04-19,Approved
PR-09137,EMP-00010,Operations,SUP-00014,2026-02-03,2026-02-15,Approved
PR-09138,EMP-00060,Operations,SUP-00042,2026-03-22,2026-03-25,Rejected
PR-09139,EMP-00042,Marketing,SUP-00049,2026-03-20,2026-03-23,Approved
PR-09140,EMP-00044,IT,SUP-00020,2026-05-26,2026-05-29,Approved
PR-09141,EMP-00060,Operations,SUP-00037,2026-04-13,2026-04-16,Rejected
PR-09142,EMP-00030,Sales,SUP-00010,2026-01-13,2026-01-14,Approved
PR-09143,EMP-00072,Procurement,SUP-00017,2026-04-19,2026-04-21,Approved
PR-09144,EMP-00069,Finance,SUP-00018,2026-03-13,2026-03-22,Approved
PR-09145,EMP-00001,Engineering,SUP-00014,2026-05-18,2026-05-25,Approved
PR-09146,EMP-00065,Marketing,SUP-00025,2026-04-15,2026-04-18,Approved
PR-09147,EMP-00041,Marketing,SUP-00003,2026-04-08,2026-04-12,Rejected
PR-09148,EMP-00087,IT,SUP-00013,2026-02-14,2026-02-19,Approved
PR-09149,EMP-00004,Engineering,SUP-00004,2026-03-20,2026-03-21,Approved
PR-09150,EMP-00073,HR,SUP-00022,2026-01-14,2026-01-16,Approved
PR-09151,EMP-00093,IT,SUP-00024,2026-03-23,2026-03-26,Approved
PR-09152,EMP-00019,IT,SUP-00002,2026-05-31,2026-06-01,Approved
PR-09153,EMP-00041,Marketing,SUP-00028,2026-02-08,2026-02-13,Approved
PR-09154,EMP-00047,IT,SUP-00024,2026-03-15,2026-03-17,Approved
PR-09155,EMP-00064,IT,SUP-00025,2026-04-19,2026-04-22,Approved
PR-09156,EMP-00036,Engineering,SUP-00032,2026-05-12,2026-05-15,Approved
PR-09157,EMP-00097,Sales,SUP-00012,2026-02-03,2026-02-04,Approved
PR-09158,EMP-00036,Engineering,SUP-00014,2026-04-05,2026-04-14,Approved
PR-09159,EMP-00093,IT,SUP-00050,2026-01-17,2026-01-18,Approved
PR-09160,EMP-00074,Engineering,SUP-00032,2026-04-21,2026-04-23,Approved
PR-09161,EMP-00037,IT,SUP-00007,2026-02-09,2026-02-16,Approved
PR-09162,EMP-00015,Operations,SUP-00045,2026-03-17,2026-03-20,Approved
PR-09163,EMP-00020,Marketing,SUP-00013,2026-01-28,2026-01-29,Approved
PR-09164,EMP-00016,Marketing,SUP-00045,2026-02-28,2026-03-02,Approved
PR-09165,EMP-00052,Finance,SUP-00048,2026-05-20,2026-06-02,Approved
PR-09166,EMP-00012,Finance,SUP-00043,2026-04-16,2026-04-18,Approved
PR-09167,EMP-00013,Procurement,SUP-00008,2026-03-14,2026-03-25,Approved
PR-09168,EMP-00100,Engineering,SUP-00038,2026-01-24,2026-02-06,Approved
PR-09169,EMP-00026,Operations,SUP-00012,2026-05-25,2026-06-07,Approved
PR-09170,EMP-00019,IT,SUP-00007,2026-01-24,2026-01-26,Approved
PR-09171,EMP-00033,IT,SUP-00019,2026-02-01,2026-02-02,Approved
PR-09172,EMP-00030,Sales,SUP-00040,2026-01-13,2026-01-22,Approved
PR-09173,EMP-00009,Finance,SUP-00003,2026-04-03,2026-04-07,Approved
PR-09174,EMP-00020,Marketing,SUP-00018,2026-04-17,2026-05-02,Approved
PR-09175,EMP-00089,Operations,SUP-00001,2026-04-27,2026-05-08,Approved
PR-09176,EMP-00002,Marketing,SUP-00023,2026-01-31,2026-02-03,Approved
PR-09177,EMP-00020,Marketing,SUP-00019,2026-04-02,2026-04-04,Approved
PR-09178,EMP-00042,Marketing,SUP-00035,2026-02-04,2026-02-07,Approved
PR-09179,EMP-00078,HR,SUP-00003,2026-01-07,2026-01-10,Approved
PR-09180,EMP-00093,IT,SUP-00029,2026-03-12,2026-03-16,Approved
PR-09181,EMP-00011,Sales,SUP-00047,2026-01-02,2026-01-04,Rejected
PR-09182,EMP-00031,Procurement,SUP-00017,2026-01-02,2026-01-13,Approved
PR-09183,EMP-00025,Marketing,SUP-00040,2026-03-14,2026-03-17,Approved
PR-09184,EMP-00067,Sales,SUP-00044,2026-03-08,2026-03-22,Approved
PR-09185,EMP-00064,IT,SUP-00018,2026-01-13,2026-01-25,Rejected
PR-09186,EMP-00025,Marketing,SUP-00014,2026-03-27,2026-03-30,Approved
PR-09187,EMP-00050,Procurement,SUP-00005,2026-03-04,2026-03-08,Approved
PR-09188,EMP-00073,HR,SUP-00049,2026-05-23,2026-06-03,Approved
PR-09189,EMP-00048,Operations,SUP-00015,2026-04-07,2026-04-13,Approved
PR-09190,EMP-00049,IT,SUP-00008,2026-04-02,2026-04-04,Approved
PR-09191,EMP-00097,Sales,SUP-00028,2026-04-21,2026-04-23,Approved
PR-09192,EMP-00100,Engineering,SUP-00017,2026-05-26,2026-05-29,Approved
PR-09193,EMP-00018,Engineering,SUP-00032,2026-04-27,2026-04-28,Approved
PR-09194,EMP-00048,Operations,SUP-00002,2026-02-09,2026-02-10,Approved
PR-09195,EMP-00029,IT,SUP-00050,2026-04-20,2026-04-23,Approved
PR-09196,EMP-00018,Engineering,SUP-00005,2026-01-27,2026-01-30,Approved
PR-09197,EMP-00093,IT,SUP-00010,2026-03-02,2026-03-13,Approved
PR-09198,EMP-00043,Finance,SUP-00002,2026-04-04,2026-04-05,Approved
PR-09199,EMP-00040,Sales,SUP-00031,2026-05-19,2026-05-23,Approved
PR-09200,EMP-00058,IT,SUP-00013,2026-01-03,2026-01-07,Approved
PR-09201,EMP-00025,Marketing,SUP-00024,2026-03-05,2026-03-07,Rejected
PR-09202,EMP-00050,Procurement,SUP-00040,2026-04-04,2026-04-06,Approved
PR-09203,EMP-00092,Engineering,SUP-00001,2026-01-29,2026-02-12,Approved
PR-09204,EMP-00005,HR,SUP-00027,2026-05-19,2026-05-22,Approved
PR-09205,EMP-00047,IT,SUP-00009,2026-01-27,2026-01-30,Approved
PR-09206,EMP-00032,Procurement,SUP-00009,2026-02-04,2026-02-06,Approved
PR-09207,EMP-00096,HR,SUP-00044,2026-01-21,2026-01-27,Approved
PR-09208,EMP-00077,Operations,SUP-00013,2026-05-11,2026-05-23,Approved
PR-09209,EMP-00077,Operations,SUP-00028,2026-02-12,2026-02-13,Approved
PR-09210,EMP-00041,Marketing,SUP-00003,2026-01-08,2026-01-18,Approved
PR-09211,EMP-00099,Sales,SUP-00041,2026-01-11,2026-01-12,Approved
PR-09212,EMP-00006,HR,SUP-00049,2026-04-30,2026-05-02,Approved
PR-09213,EMP-00012,Finance,SUP-00031,2026-01-24,2026-01-27,Approved
PR-09214,EMP-00015,Operations,SUP-00014,2026-02-26,2026-03-02,Approved
PR-09215,EMP-00070,Sales,SUP-00024,2026-01-09,2026-01-10,Approved
PR-09216,EMP-00004,Engineering,SUP-00049,2026-05-30,2026-06-01,Approved
PR-09217,EMP-00023,IT,SUP-00031,2026-05-02,2026-05-05,Approved
PR-09218,EMP-00100,Engineering,SUP-00029,2026-01-17,2026-01-20,Approved
PR-09219,EMP-00054,HR,SUP-00018,2026-04-02,2026-04-06,Approved
PR-09220,EMP-00038,Marketing,SUP-00041,2026-04-01,2026-04-06,Approved
PR-09221,EMP-00052,Finance,SUP-00027,2026-02-26,2026-03-07,Approved
PR-09222,EMP-00014,Marketing,SUP-00036,2026-05-23,2026-06-05,Approved
PR-09223,EMP-00098,Sales,SUP-00032,2026-02-27,2026-02-28,Approved
PR-09224,EMP-00094,HR,SUP-00022,2026-02-17,2026-02-20,Approved
PR-09225,EMP-00032,Procurement,SUP-00048,2026-05-28,2026-06-12,Approved
PR-09226,EMP-00019,IT,SUP-00019,2026-02-25,2026-02-27,Approved
PR-09227,EMP-00016,Marketing,SUP-00025,2026-01-15,2026-01-29,Approved
PR-09228,EMP-00032,Procurement,SUP-00028,2026-01-20,2026-01-26,Approved
PR-09229,EMP-00053,Operations,SUP-00033,2026-05-23,2026-05-24,Approved
PR-09230,EMP-00074,Engineering,SUP-00028,2026-03-22,2026-03-27,Approved
PR-09231,EMP-00098,Sales,SUP-00015,2026-03-03,2026-03-05,Approved
PR-09232,EMP-00036,Engineering,SUP-00024,2026-04-21,2026-04-23,Approved
PR-09233,EMP-00009,Finance,SUP-00017,2026-01-14,2026-01-16,Approved
PR-09234,EMP-00078,HR,SUP-00029,2026-01-15,2026-01-19,Approved
PR-09235,EMP-00067,Sales,SUP-00035,2026-02-03,2026-02-14,Approved
PR-09236,EMP-00002,Marketing,SUP-00050,2026-03-29,2026-03-30,Approved
PR-09237,EMP-00045,IT,SUP-00008,2026-01-12,2026-01-22,Approved
PR-09238,EMP-00012,Finance,SUP-00037,2026-03-21,2026-04-01,Approved
PR-09239,EMP-00009,Finance,SUP-00028,2026-05-10,2026-05-25,Approved
PR-09240,EMP-00052,Finance,SUP-00004,2026-03-01,2026-03-10,Approved
PR-09241,EMP-00096,HR,SUP-00031,2026-02-18,2026-02-27,Approved
PR-09242,EMP-00008,HR,SUP-00005,2026-02-21,2026-02-24,Approved
PR-09243,EMP-00060,Operations,SUP-00013,2026-04-05,2026-04-06,Approved
PR-09244,EMP-00082,Sales,SUP-00022,2026-02-20,2026-02-26,Approved
PR-09245,EMP-00059,Marketing,SUP-00002,2026-03-20,2026-03-24,Approved
PR-09246,EMP-00086,HR,SUP-00035,2026-04-12,2026-04-15,Approved
PR-09247,EMP-00051,Procurement,SUP-00035,2026-03-17,2026-03-30,Approved
PR-09248,EMP-00060,Operations,SUP-00009,2026-04-08,2026-04-18,Approved
PR-09249,EMP-00038,Marketing,SUP-00009,2026-05-31,2026-06-02,Approved
PR-09250,EMP-00019,IT,SUP-00022,2026-05-02,2026-05-05,Approved
PR-09251,EMP-00059,Marketing,SUP-00012,2026-02-16,2026-02-19,Approved
PR-09252,EMP-00067,Sales,SUP-00004,2026-01-14,2026-01-19,Approved
PR-09253,EMP-00062,HR,SUP-00042,2026-01-13,2026-01-22,Rejected
PR-09254,EMP-00035,Marketing,SUP-00023,2026-02-04,2026-02-19,Approved
PR-09255,EMP-00007,Engineering,SUP-00043,2026-02-20,2026-02-24,Approved
PR-09256,EMP-00068,Marketing,SUP-00012,2026-04-30,2026-05-02,Approved
PR-09257,EMP-00090,Engineering,SUP-00019,2026-03-03,2026-03-16,Approved
PR-09258,EMP-00075,Marketing,SUP-00034,2026-03-23,2026-03-24,Approved
PR-09259,EMP-00014,Marketing,SUP-00021,2026-01-17,2026-01-20,Approved
PR-09260,EMP-00085,Sales,SUP-00028,2026-01-19,2026-01-20,Approved
PR-09261,EMP-00091,Operations,SUP-00025,2026-02-21,2026-02-25,Approved
PR-09262,EMP-00068,Marketing,SUP-00050,2026-05-18,2026-05-20,Approved
PR-09263,EMP-00050,Procurement,SUP-00041,2026-02-13,2026-02-28,Approved
PR-09264,EMP-00046,Operations,SUP-00047,2026-03-25,2026-04-05,Approved
PR-09265,EMP-00033,IT,SUP-00033,2026-04-15,2026-04-18,Approved
PR-09266,EMP-00070,Sales,SUP-00041,2026-05-14,2026-05-16,Approved
PR-09267,EMP-00033,IT,SUP-00018,2026-01-29,2026-02-02,Approved
PR-09268,EMP-00088,Operations,SUP-00031,2026-03-20,2026-03-23,Approved
PR-09269,EMP-00088,Operations,SUP-00025,2026-01-31,2026-02-03,Approved
PR-09270,EMP-00098,Sales,SUP-00009,2026-04-04,2026-04-06,Approved
PR-09271,EMP-00061,Operations,SUP-00014,2026-01-06,2026-01-08,Approved
PR-09272,EMP-00018,Engineering,SUP-00042,2026-02-09,2026-02-23,Approved
PR-09273,EMP-00020,Marketing,SUP-00049,2026-05-08,2026-05-12,Approved
PR-09274,EMP-00099,Sales,SUP-00016,2026-01-26,2026-01-29,Approved
PR-09275,EMP-00053,Operations,SUP-00002,2026-02-12,2026-02-13,Rejected
PR-09276,EMP-00090,Engineering,SUP-00008,2026-01-14,2026-01-17,Approved
PR-09277,EMP-00062,HR,SUP-00027,2026-03-03,2026-03-04,Approved
PR-09278,EMP-00074,Engineering,SUP-00043,2026-02-23,2026-02-24,Approved
PR-09279,EMP-00020,Marketing,SUP-00048,2026-01-19,2026-01-21,Approved
PR-09280,EMP-00100,Engineering,SUP-00018,2026-03-04,2026-03-06,Approved
PR-09281,EMP-00027,Operations,SUP-00027,2026-01-22,2026-01-26,Approved
PR-09282,EMP-00091,Operations,SUP-00049,2026-01-29,2026-02-01,Approved
PR-09283,EMP-00093,IT,SUP-00018,2026-04-23,2026-04-24,Approved
PR-09284,EMP-00049,IT,SUP-00011,2026-04-15,2026-04-17,Approved
PR-09285,EMP-00010,Operations,SUP-00015,2026-01-06,2026-01-07,Approved
PR-09286,EMP-00079,Operations,SUP-00009,2026-03-14,2026-03-16,Approved
PR-09287,EMP-00086,HR,SUP-00026,2026-01-17,2026-01-19,Approved
PR-09288,EMP-00064,IT,SUP-00041,2026-03-20,2026-03-23,Approved
PR-09289,EMP-00042,Marketing,SUP-00043,2026-05-13,2026-05-14,Approved
PR-09290,EMP-00017,Sales,SUP-00036,2026-04-08,2026-04-10,Approved
PR-09291,EMP-00026,Operations,SUP-00004,2026-02-22,2026-03-01,Approved
PR-09292,EMP-00064,IT,SUP-00027,2026-03-23,2026-03-26,Approved
PR-09293,EMP-00059,Marketing,SUP-00044,2026-03-31,2026-04-10,Approved
PR-09294,EMP-00079,Operations,SUP-00043,2026-02-01,2026-02-02,Approved
PR-09295,EMP-00030,Sales,SUP-00029,2026-03-21,2026-03-22,Approved
PR-09296,EMP-00027,Operations,SUP-00024,2026-01-13,2026-01-21,Approved
PR-09297,EMP-00070,Sales,SUP-00013,2026-05-27,2026-05-31,Approved
PR-09298,EMP-00076,HR,SUP-00039,2026-02-19,2026-02-21,Approved
PR-09299,EMP-00084,Sales,SUP-00012,2026-03-19,2026-03-21,Approved
PR-09300,EMP-00044,IT,SUP-00026,2026-04-23,2026-04-27,Approved
PR-09301,EMP-00056,Finance,SUP-00030,2026-03-16,2026-03-21,Approved
PR-09302,EMP-00045,IT,SUP-00040,2026-04-11,2026-04-14,Approved
PR-09303,EMP-00044,IT,SUP-00001,2026-01-01,2026-01-06,Approved
PR-09304,EMP-00065,Marketing,SUP-00003,2026-03-06,2026-03-07,Approved
PR-09305,EMP-00039,Operations,SUP-00002,2026-05-12,2026-05-13,Approved
PR-09306,EMP-00054,HR,SUP-00011,2026-05-19,2026-05-22,Rejected
PR-09307,EMP-00076,HR,SUP-00007,2026-02-22,2026-02-24,Approved
PR-09308,EMP-00065,Marketing,SUP-00038,2026-05-23,2026-06-03,Approved
PR-09309,EMP-00005,HR,SUP-00001,2026-01-16,2026-01-17,Approved
PR-09310,EMP-00008,HR,SUP-00037,2026-05-19,2026-05-31,Approved
PR-09311,EMP-00008,HR,SUP-00024,2026-02-28,2026-03-02,Approved
PR-09312,EMP-00028,Marketing,SUP-00028,2026-03-12,2026-03-26,Approved
PR-09313,EMP-00033,IT,SUP-00036,2026-05-21,2026-05-24,Approved
PR-09314,EMP-00066,Finance,SUP-00027,2026-02-08,2026-02-20,Approved
PR-09315,EMP-00040,Sales,SUP-00008,2026-04-06,2026-04-08,Approved
PR-09316,EMP-00041,Marketing,SUP-00027,2026-04-17,2026-04-30,Approved
PR-09317,EMP-00018,Engineering,SUP-00024,2026-02-26,2026-03-13,Approved
PR-09318,EMP-00080,Marketing,SUP-00004,2026-05-06,2026-05-08,Approved
PR-09319,EMP-00011,Sales,SUP-00012,2026-01-20,2026-01-25,Approved
PR-09320,EMP-00019,IT,SUP-00048,2026-01-15,2026-01-17,Rejected
PR-09321,EMP-00092,Engineering,SUP-00012,2026-02-08,2026-02-10,Approved
PR-09322,EMP-00086,HR,SUP-00048,2026-05-01,2026-05-04,Approved
PR-09323,EMP-00078,HR,SUP-00030,2026-04-02,2026-04-06,Approved
PR-09324,EMP-00034,IT,SUP-00001,2026-03-28,2026-04-09,Approved
PR-09325,EMP-00027,Operations,SUP-00043,2026-01-10,2026-01-14,Approved
PR-09326,EMP-00098,Sales,SUP-00038,2026-01-13,2026-01-16,Approved
PR-09327,EMP-00005,HR,SUP-00047,2026-05-16,2026-05-18,Approved
PR-09328,EMP-00050,Procurement,SUP-00031,2026-02-24,2026-03-07,Approved
PR-09329,EMP-00036,Engineering,SUP-00049,2026-03-06,2026-03-11,Approved
PR-09330,EMP-00036,Engineering,SUP-00041,2026-05-01,2026-05-02,Approved
PR-09331,EMP-00061,Operations,SUP-00018,2026-05-20,2026-06-03,Approved
PR-09332,EMP-00021,IT,SUP-00016,2026-03-08,2026-03-11,Approved
PR-09333,EMP-00068,Marketing,SUP-00006,2026-05-24,2026-05-26,Approved
PR-09334,EMP-00087,IT,SUP-00001,2026-05-22,2026-05-25,Approved
PR-09335,EMP-00038,Marketing,SUP-00037,2026-05-26,2026-06-05,Approved
PR-09336,EMP-00053,Operations,SUP-00048,2026-03-25,2026-03-26,Rejected
PR-09337,EMP-00094,HR,SUP-00045,2026-03-05,2026-03-07,Approved
PR-09338,EMP-00057,HR,SUP-00033,2026-05-22,2026-05-25,Approved
PR-09339,EMP-00019,IT,SUP-00037,2026-02-22,2026-03-01,Approved
PR-09340,EMP-00010,Operations,SUP-00002,2026-05-30,2026-06-04,Approved
PR-09341,EMP-00067,Sales,SUP-00033,2026-05-13,2026-05-20,Approved
PR-09342,EMP-00039,Operations,SUP-00006,2026-05-05,2026-05-07,Approved
PR-09343,EMP-00001,Engineering,SUP-00014,2026-04-17,2026-04-21,Approved
PR-09344,EMP-00011,Sales,SUP-00034,2026-01-16,2026-01-26,Approved
PR-09345,EMP-00093,IT,SUP-00017,2026-02-06,2026-02-09,Approved
PR-09346,EMP-00030,Sales,SUP-00040,2026-05-06,2026-05-11,Approved
PR-09347,EMP-00018,Engineering,SUP-00042,2026-01-30,2026-01-31,Approved
PR-09348,EMP-00053,Operations,SUP-00008,2026-05-31,2026-06-11,Approved
PR-09349,EMP-00028,Marketing,SUP-00037,2026-05-29,2026-06-01,Approved
PR-09350,EMP-00053,Operations,SUP-00032,2026-05-05,2026-05-06,Approved
PR-09351,EMP-00044,IT,SUP-00003,2026-05-05,2026-05-08,Approved
PR-09352,EMP-00025,Marketing,SUP-00048,2026-01-19,2026-02-03,Approved
PR-09353,EMP-00047,IT,SUP-00024,2026-05-23,2026-05-25,Approved
PR-09354,EMP-00085,Sales,SUP-00040,2026-01-21,2026-01-26,Approved
PR-09355,EMP-00060,Operations,SUP-00043,2026-05-23,2026-06-04,Approved
PR-09356,EMP-00024,HR,SUP-00006,2026-04-10,2026-04-13,Rejected
PR-09357,EMP-00081,IT,SUP-00045,2026-02-21,2026-02-24,Approved
PR-09358,EMP-00042,Marketing,SUP-00045,2026-05-26,2026-05-28,Approved
PR-09359,EMP-00057,HR,SUP-00025,2026-05-30,2026-06-02,Approved
PR-09360,EMP-00012,Finance,SUP-00047,2026-05-01,2026-05-03,Approved
PR-09361,EMP-00036,Engineering,SUP-00017,2026-02-27,2026-03-03,Approved
PR-09362,EMP-00025,Marketing,SUP-00030,2026-04-23,2026-05-05,Approved
PR-09363,EMP-00049,IT,SUP-00015,2026-02-05,2026-02-14,Approved
PR-09364,EMP-00042,Marketing,SUP-00033,2026-02-21,2026-02-25,Approved
PR-09365,EMP-00060,Operations,SUP-00005,2026-05-21,2026-05-22,Approved
PR-09366,EMP-00095,Marketing,SUP-00018,2026-02-09,2026-02-11,Approved
PR-09367,EMP-00066,Finance,SUP-00021,2026-04-04,2026-04-06,Approved
PR-09368,EMP-00065,Marketing,SUP-00043,2026-05-02,2026-05-06,Approved
PR-09369,EMP-00063,Finance,SUP-00047,2026-04-28,2026-05-07,Approved
PR-09370,EMP-00083,Engineering,SUP-00025,2026-02-13,2026-02-26,Approved
PR-09371,EMP-00057,HR,SUP-00025,2026-03-20,2026-03-22,Approved
PR-09372,EMP-00042,Marketing,SUP-00037,2026-01-03,2026-01-04,Approved
PR-09373,EMP-00098,Sales,SUP-00031,2026-02-11,2026-02-13,Approved
PR-09374,EMP-00004,Engineering,SUP-00013,2026-02-07,2026-02-09,Approved
PR-09375,EMP-00033,IT,SUP-00031,2026-05-09,2026-05-11,Approved
PR-09376,EMP-00005,HR,SUP-00038,2026-01-06,2026-01-09,Approved
PR-09377,EMP-00047,IT,SUP-00036,2026-05-21,2026-05-24,Approved
PR-09378,EMP-00011,Sales,SUP-00048,2026-03-18,2026-03-20,Approved
PR-09379,EMP-00085,Sales,SUP-00038,2026-02-04,2026-02-09,Approved
PR-09380,EMP-00097,Sales,SUP-00012,2026-04-02,2026-04-14,Approved
PR-09381,EMP-00068,Marketing,SUP-00012,2026-01-04,2026-01-09,Approved
PR-09382,EMP-00089,Operations,SUP-00005,2026-03-06,2026-03-10,Approved
PR-09383,EMP-00051,Procurement,SUP-00028,2026-02-06,2026-02-08,Approved
PR-09384,EMP-00002,Marketing,SUP-00018,2026-04-30,2026-05-03,Approved
PR-09385,EMP-00025,Marketing,SUP-00032,2026-04-18,2026-04-23,Approved
PR-09386,EMP-00048,Operations,SUP-00050,2026-01-04,2026-01-09,Approved
PR-09387,EMP-00033,IT,SUP-00046,2026-01-05,2026-01-07,Approved
PR-09388,EMP-00093,IT,SUP-00018,2026-01-15,2026-01-18,Approved
PR-09389,EMP-00052,Finance,SUP-00010,2026-01-10,2026-01-20,Approved
PR-09390,EMP-00039,Operations,SUP-00001,2026-02-11,2026-02-12,Approved
PR-09391,EMP-00010,Operations,SUP-00005,2026-05-14,2026-05-17,Approved
PR-09392,EMP-00059,Marketing,SUP-00047,2026-04-18,2026-05-02,Approved
PR-09393,EMP-00052,Finance,SUP-00048,2026-02-26,2026-02-28,Approved
PR-09394,EMP-00033,IT,SUP-00011,2026-02-20,2026-02-28,Approved
PR-09395,EMP-00029,IT,SUP-00023,2026-05-10,2026-05-13,Approved
PR-09396,EMP-00004,Engineering,SUP-00050,2026-04-02,2026-04-06,Approved
PR-09397,EMP-00043,Finance,SUP-00029,2026-04-22,2026-04-24,Rejected
PR-09398,EMP-00032,Procurement,SUP-00025,2026-03-12,2026-03-16,Approved
PR-09399,EMP-00025,Marketing,SUP-00026,2026-02-17,2026-02-18,Approved
PR-09400,EMP-00024,HR,SUP-00024,2026-02-28,2026-03-10,Approved
PR-09401,EMP-00099,Sales,SUP-00019,2026-02-16,2026-02-19,Approved
PR-09402,EMP-00053,Operations,SUP-00012,2026-01-30,2026-01-31,Approved
PR-09403,EMP-00008,HR,SUP-00041,2026-05-02,2026-05-05,Approved
PR-09404,EMP-00076,HR,SUP-00046,2026-05-04,2026-05-12,Approved
PR-09405,EMP-00020,Marketing,SUP-00019,2026-05-01,2026-05-11,Approved
PR-09406,EMP-00020,Marketing,SUP-00049,2026-02-27,2026-03-04,Rejected
PR-09407,EMP-00066,Finance,SUP-00012,2026-02-24,2026-03-10,Approved
PR-09408,EMP-00035,Marketing,SUP-00050,2026-05-29,2026-05-31,Approved
PR-09409,EMP-00051,Procurement,SUP-00049,2026-03-23,2026-03-25,Approved
PR-09410,EMP-00036,Engineering,SUP-00040,2026-01-07,2026-01-09,Approved
PR-09411,EMP-00098,Sales,SUP-00017,2026-02-10,2026-02-13,Approved
PR-09412,EMP-00035,Marketing,SUP-00017,2026-05-06,2026-05-11,Approved
PR-09413,EMP-00022,Marketing,SUP-00031,2026-02-27,2026-03-03,Approved
PR-09414,EMP-00036,Engineering,SUP-00034,2026-03-25,2026-04-02,Approved
PR-09415,EMP-00093,IT,SUP-00016,2026-01-19,2026-01-22,Approved
PR-09416,EMP-00053,Operations,SUP-00012,2026-03-11,2026-03-14,Approved
PR-09417,EMP-00028,Marketing,SUP-00021,2026-02-26,2026-02-27,Approved
PR-09418,EMP-00079,Operations,SUP-00045,2026-03-16,2026-03-17,Approved
PR-09419,EMP-00002,Marketing,SUP-00021,2026-02-21,2026-02-25,Approved
PR-09420,EMP-00049,IT,SUP-00033,2026-04-24,2026-05-08,Approved
PR-09421,EMP-00054,HR,SUP-00035,2026-04-09,2026-04-11,Approved
PR-09422,EMP-00084,Sales,SUP-00013,2026-02-14,2026-02-15,Approved
PR-09423,EMP-00024,HR,SUP-00038,2026-04-10,2026-04-16,Approved
PR-09424,EMP-00018,Engineering,SUP-00048,2026-03-07,2026-03-08,Approved
PR-09425,EMP-00095,Marketing,SUP-00048,2026-04-09,2026-04-12,Approved
PR-09426,EMP-00069,Finance,SUP-00024,2026-01-02,2026-01-03,Approved
PR-09427,EMP-00062,HR,SUP-00039,2026-01-03,2026-01-08,Approved
PR-09428,EMP-00072,Procurement,SUP-00042,2026-05-22,2026-05-29,Approved
PR-09429,EMP-00072,Procurement,SUP-00031,2026-05-06,2026-05-13,Approved
PR-09430,EMP-00086,HR,SUP-00004,2026-01-06,2026-01-15,Rejected
PR-09431,EMP-00100,Engineering,SUP-00035,2026-01-10,2026-01-14,Approved
PR-09432,EMP-00031,Procurement,SUP-00046,2026-04-16,2026-04-19,Approved
PR-09433,EMP-00090,Engineering,SUP-00028,2026-04-12,2026-04-16,Approved
PR-09434,EMP-00043,Finance,SUP-00043,2026-02-22,2026-02-24,Approved
PR-09435,EMP-00084,Sales,SUP-00014,2026-04-08,2026-04-10,Approved
PR-09436,EMP-00062,HR,SUP-00039,2026-03-05,2026-03-07,Approved
PR-09437,EMP-00010,Operations,SUP-00042,2026-05-07,2026-05-16,Approved
PR-09438,EMP-00073,HR,SUP-00025,2026-01-08,2026-01-13,Approved
PR-09439,EMP-00078,HR,SUP-00048,2026-01-23,2026-01-26,Approved
PR-09440,EMP-00052,Finance,SUP-00041,2026-05-23,2026-05-24,Approved
PR-09441,EMP-00048,Operations,SUP-00020,2026-04-21,2026-04-23,Approved
PR-09442,EMP-00023,IT,SUP-00018,2026-01-14,2026-01-18,Approved
PR-09443,EMP-00078,HR,SUP-00012,2026-02-21,2026-02-24,Approved
PR-09444,EMP-00036,Engineering,SUP-00020,2026-02-19,2026-02-28,Approved
PR-09445,EMP-00076,HR,SUP-00007,2026-02-15,2026-02-18,Approved
PR-09446,EMP-00043,Finance,SUP-00012,2026-02-28,2026-03-02,Approved
PR-09447,EMP-00078,HR,SUP-00031,2026-04-29,2026-04-30,Approved
PR-09448,EMP-00012,Finance,SUP-00028,2026-02-18,2026-02-21,Approved
PR-09449,EMP-00048,Operations,SUP-00043,2026-04-02,2026-04-03,Approved
PR-09450,EMP-00013,Procurement,SUP-00009,2026-04-16,2026-04-24,Approved
PR-09451,EMP-00003,Engineering,SUP-00037,2026-03-16,2026-03-21,Approved
PR-09452,EMP-00067,Sales,SUP-00013,2026-01-12,2026-01-15,Approved
PR-09453,EMP-00074,Engineering,SUP-00019,2026-04-24,2026-04-26,Approved
PR-09454,EMP-00057,HR,SUP-00048,2026-01-21,2026-01-23,Approved
PR-09455,EMP-00070,Sales,SUP-00042,2026-02-14,2026-02-16,Approved
PR-09456,EMP-00041,Marketing,SUP-00009,2026-04-04,2026-04-06,Rejected
PR-09457,EMP-00050,Procurement,SUP-00017,2026-03-29,2026-04-07,Approved
PR-09458,EMP-00064,IT,SUP-00007,2026-05-21,2026-05-23,Approved
PR-09459,EMP-00078,HR,SUP-00021,2026-01-09,2026-01-10,Approved
PR-09460,EMP-00019,IT,SUP-00010,2026-01-10,2026-01-11,Approved
PR-09461,EMP-00041,Marketing,SUP-00037,2026-02-05,2026-02-07,Approved
PR-09462,EMP-00019,IT,SUP-00013,2026-05-11,2026-05-16,Approved
PR-09463,EMP-00030,Sales,SUP-00027,2026-02-05,2026-02-08,Approved
PR-09464,EMP-00010,Operations,SUP-00019,2026-04-10,2026-04-11,Approved
PR-09465,EMP-00028,Marketing,SUP-00019,2026-01-17,2026-01-19,Approved
PR-09466,EMP-00045,IT,SUP-00002,2026-02-20,2026-02-23,Approved
PR-09467,EMP-00089,Operations,SUP-00012,2026-01-29,2026-02-01,Approved
PR-09468,EMP-00040,Sales,SUP-00019,2026-04-29,2026-05-10,Approved
PR-09469,EMP-00051,Procurement,SUP-00002,2026-05-26,2026-05-28,Approved
PR-09470,EMP-00022,Marketing,SUP-00019,2026-04-09,2026-04-12,Approved
PR-09471,EMP-00037,IT,SUP-00032,2026-04-22,2026-04-24,Approved
PR-09472,EMP-00024,HR,SUP-00045,2026-05-15,2026-05-20,Rejected
PR-09473,EMP-00077,Operations,SUP-00016,2026-02-01,2026-02-04,Approved
PR-09474,EMP-00061,Operations,SUP-00021,2026-04-07,2026-04-09,Approved
PR-09475,EMP-00039,Operations,SUP-00043,2026-04-04,2026-04-11,Approved
PR-09476,EMP-00080,Marketing,SUP-00047,2026-05-17,2026-05-20,Rejected
PR-09477,EMP-00093,IT,SUP-00031,2026-05-18,2026-05-19,Approved
PR-09478,EMP-00040,Sales,SUP-00045,2026-04-12,2026-04-14,Approved
PR-09479,EMP-00059,Marketing,SUP-00042,2026-04-14,2026-04-25,Approved
PR-09480,EMP-00073,HR,SUP-00026,2026-04-22,2026-04-23,Approved
PR-09481,EMP-00047,IT,SUP-00016,2026-03-04,2026-03-06,Approved
PR-09482,EMP-00048,Operations,SUP-00016,2026-03-07,2026-03-10,Approved
PR-09483,EMP-00073,HR,SUP-00016,2026-01-23,2026-02-07,Approved
PR-09484,EMP-00056,Finance,SUP-00002,2026-04-11,2026-04-12,Approved
PR-09485,EMP-00070,Sales,SUP-00043,2026-05-21,2026-05-23,Rejected
PR-09486,EMP-00070,Sales,SUP-00029,2026-03-27,2026-03-31,Approved
PR-09487,EMP-00014,Marketing,SUP-00001,2026-02-05,2026-02-09,Approved
PR-09488,EMP-00045,IT,SUP-00028,2026-04-07,2026-04-12,Approved
PR-09489,EMP-00034,IT,SUP-00048,2026-02-22,2026-03-06,Approved
PR-09490,EMP-00036,Engineering,SUP-00024,2026-01-03,2026-01-05,Approved
PR-09491,EMP-00019,IT,SUP-00033,2026-01-06,2026-01-08,Approved
PR-09492,EMP-00029,IT,SUP-00001,2026-04-10,2026-04-15,Approved
PR-09493,EMP-00096,HR,SUP-00048,2026-03-29,2026-04-10,Approved
PR-09494,EMP-00048,Operations,SUP-00046,2026-03-28,2026-04-11,Approved
PR-09495,EMP-00065,Marketing,SUP-00005,2026-02-08,2026-02-09,Approved
PR-09496,EMP-00061,Operations,SUP-00025,2026-02-04,2026-02-13,Approved
PR-09497,EMP-00056,Finance,SUP-00027,2026-01-27,2026-01-30,Approved
PR-09498,EMP-00008,HR,SUP-00002,2026-03-26,2026-03-31,Approved
PR-09499,EMP-00008,HR,SUP-00023,2026-02-04,2026-02-07,Approved
PR-09500,EMP-00028,Marketing,SUP-00013,2026-05-10,2026-05-12,Approved
PR-09501,EMP-00064,IT,SUP-00035,2026-03-05,2026-03-08,Approved
PR-09502,EMP-00037,IT,SUP-00030,2026-02-21,2026-03-03,Approved
PR-09503,EMP-00056,Finance,SUP-00049,2026-04-09,2026-04-11,Approved
PR-09504,EMP-00029,IT,SUP-00044,2026-05-01,2026-05-02,Approved
PR-09505,EMP-00033,IT,SUP-00024,2026-05-19,2026-05-22,Approved
PR-09506,EMP-00034,IT,SUP-00035,2026-05-21,2026-05-31,Approved
PR-09507,EMP-00097,Sales,SUP-00012,2026-02-23,2026-02-26,Approved
PR-09508,EMP-00054,HR,SUP-00038,2026-05-11,2026-05-13,Approved
PR-09509,EMP-00084,Sales,SUP-00041,2026-05-08,2026-05-13,Approved
PR-09510,EMP-00033,IT,SUP-00003,2026-03-26,2026-03-28,Approved
PR-09511,EMP-00023,IT,SUP-00013,2026-04-12,2026-04-15,Approved
PR-09512,EMP-00087,IT,SUP-00012,2026-04-06,2026-04-07,Approved
PR-09513,EMP-00027,Operations,SUP-00008,2026-03-10,2026-03-13,Approved
PR-09514,EMP-00081,IT,SUP-00039,2026-01-25,2026-01-28,Approved
PR-09515,EMP-00009,Finance,SUP-00023,2026-02-13,2026-02-16,Approved
PR-09516,EMP-00085,Sales,SUP-00017,2026-03-31,2026-04-07,Rejected
PR-09517,EMP-00004,Engineering,SUP-00033,2026-03-09,2026-03-12,Approved
PR-09518,EMP-00041,Marketing,SUP-00015,2026-03-08,2026-03-11,Approved
PR-09519,EMP-00036,Engineering,SUP-00035,2026-05-29,2026-06-01,Rejected
PR-09520,EMP-00026,Operations,SUP-00004,2026-05-28,2026-06-05,Approved
PR-09521,EMP-00067,Sales,SUP-00045,2026-04-12,2026-04-16,Approved
PR-09522,EMP-00097,Sales,SUP-00036,2026-05-17,2026-05-27,Approved
PR-09523,EMP-00024,HR,SUP-00050,2026-02-02,2026-02-15,Approved
PR-09524,EMP-00049,IT,SUP-00050,2026-05-09,2026-05-10,Approved
PR-09525,EMP-00025,Marketing,SUP-00010,2026-02-08,2026-02-10,Approved
PR-09526,EMP-00071,Procurement,SUP-00014,2026-03-16,2026-03-27,Approved
PR-09527,EMP-00059,Marketing,SUP-00003,2026-03-22,2026-03-25,Approved
PR-09528,EMP-00058,IT,SUP-00048,2026-05-10,2026-05-13,Approved
PR-09529,EMP-00001,Engineering,SUP-00010,2026-01-31,2026-02-02,Approved
PR-09530,EMP-00065,Marketing,SUP-00039,2026-04-22,2026-04-24,Approved
PR-09531,EMP-00095,Marketing,SUP-00010,2026-02-05,2026-02-06,Approved
PR-09532,EMP-00094,HR,SUP-00023,2026-04-13,2026-04-22,Rejected
PR-09533,EMP-00013,Procurement,SUP-00025,2026-04-05,2026-04-08,Approved
PR-09534,EMP-00081,IT,SUP-00034,2026-03-17,2026-03-29,Approved
PR-09535,EMP-00004,Engineering,SUP-00005,2026-02-19,2026-02-20,Approved
PR-09536,EMP-00012,Finance,SUP-00043,2026-01-19,2026-01-22,Approved
PR-09537,EMP-00024,HR,SUP-00021,2026-01-11,2026-01-16,Approved
PR-09538,EMP-00096,HR,SUP-00015,2026-05-05,2026-05-09,Approved
PR-09539,EMP-00043,Finance,SUP-00050,2026-01-19,2026-01-21,Approved
PR-09540,EMP-00021,IT,SUP-00001,2026-03-28,2026-03-31,Approved
PR-09541,EMP-00002,Marketing,SUP-00005,2026-05-04,2026-05-05,Approved
PR-09542,EMP-00048,Operations,SUP-00006,2026-04-19,2026-05-03,Approved
PR-09543,EMP-00028,Marketing,SUP-00011,2026-02-09,2026-02-14,Approved
PR-09544,EMP-00036,Engineering,SUP-00019,2026-02-26,2026-03-05,Approved
PR-09545,EMP-00020,Marketing,SUP-00021,2026-04-04,2026-04-07,Approved
PR-09546,EMP-00060,Operations,SUP-00040,2026-01-29,2026-02-03,Approved
PR-09547,EMP-00015,Operations,SUP-00028,2026-05-24,2026-06-07,Approved
PR-09548,EMP-00010,Operations,SUP-00021,2026-04-15,2026-04-18,Approved
PR-09549,EMP-00024,HR,SUP-00012,2026-04-02,2026-04-05,Approved
PR-09550,EMP-00042,Marketing,SUP-00021,2026-04-19,2026-04-21,Approved
PR-09551,EMP-00024,HR,SUP-00049,2026-04-21,2026-04-27,Approved
PR-09552,EMP-00068,Marketing,SUP-00023,2026-02-16,2026-02-18,Approved
PR-09553,EMP-00059,Marketing,SUP-00014,2026-03-22,2026-03-23,Approved
PR-09554,EMP-00018,Engineering,SUP-00015,2026-02-26,2026-03-09,Rejected
PR-09555,EMP-00026,Operations,SUP-00010,2026-03-11,2026-03-18,Approved
PR-09556,EMP-00010,Operations,SUP-00041,2026-05-07,2026-05-08,Approved
PR-09557,EMP-00053,Operations,SUP-00003,2026-04-11,2026-04-13,Approved
PR-09558,EMP-00043,Finance,SUP-00045,2026-05-11,2026-05-13,Approved
PR-09559,EMP-00093,IT,SUP-00004,2026-03-05,2026-03-07,Rejected
PR-09560,EMP-00023,IT,SUP-00042,2026-05-31,2026-06-05,Approved
PR-09561,EMP-00099,Sales,SUP-00007,2026-02-16,2026-02-21,Approved
PR-09562,EMP-00046,Operations,SUP-00028,2026-01-24,2026-01-29,Approved
PR-09563,EMP-00066,Finance,SUP-00043,2026-03-30,2026-04-01,Approved
PR-09564,EMP-00055,Procurement,SUP-00009,2026-04-01,2026-04-04,Approved
PR-09565,EMP-00080,Marketing,SUP-00043,2026-05-24,2026-05-29,Approved
PR-09566,EMP-00031,Procurement,SUP-00050,2026-02-03,2026-02-06,Approved
PR-09567,EMP-00009,Finance,SUP-00002,2026-03-08,2026-03-13,Approved
PR-09568,EMP-00010,Operations,SUP-00042,2026-04-24,2026-05-07,Approved
PR-09569,EMP-00023,IT,SUP-00027,2026-03-04,2026-03-17,Approved
PR-09570,EMP-00033,IT,SUP-00034,2026-04-06,2026-04-07,Approved
PR-09571,EMP-00096,HR,SUP-00035,2026-04-17,2026-04-19,Approved
PR-09572,EMP-00028,Marketing,SUP-00039,2026-02-04,2026-02-06,Approved
PR-09573,EMP-00023,IT,SUP-00031,2026-05-04,2026-05-09,Approved
PR-09574,EMP-00062,HR,SUP-00015,2026-02-10,2026-02-12,Approved
PR-09575,EMP-00006,HR,SUP-00030,2026-03-25,2026-03-26,Approved
PR-09576,EMP-00033,IT,SUP-00004,2026-01-28,2026-01-30,Approved
PR-09577,EMP-00084,Sales,SUP-00049,2026-05-21,2026-05-24,Approved
PR-09578,EMP-00020,Marketing,SUP-00016,2026-02-16,2026-02-19,Approved
PR-09579,EMP-00036,Engineering,SUP-00023,2026-02-06,2026-02-09,Approved
PR-09580,EMP-00032,Procurement,SUP-00006,2026-05-21,2026-06-05,Approved
PR-09581,EMP-00025,Marketing,SUP-00050,2026-02-21,2026-02-26,Rejected
PR-09582,EMP-00022,Marketing,SUP-00018,2026-02-24,2026-03-10,Approved
PR-09583,EMP-00098,Sales,SUP-00005,2026-03-29,2026-03-31,Approved
PR-09584,EMP-00061,Operations,SUP-00019,2026-02-23,2026-02-26,Approved
PR-09585,EMP-00062,HR,SUP-00047,2026-04-15,2026-04-29,Approved
PR-09586,EMP-00015,Operations,SUP-00015,2026-05-14,2026-05-16,Approved
PR-09587,EMP-00070,Sales,SUP-00046,2026-05-11,2026-05-12,Approved
PR-09588,EMP-00064,IT,SUP-00047,2026-05-08,2026-05-10,Rejected
PR-09589,EMP-00027,Operations,SUP-00028,2026-01-16,2026-01-18,Approved
PR-09590,EMP-00061,Operations,SUP-00017,2026-01-14,2026-01-17,Approved
PR-09591,EMP-00007,Engineering,SUP-00049,2026-01-05,2026-01-08,Approved
PR-09592,EMP-00071,Procurement,SUP-00018,2026-05-31,2026-06-01,Approved
PR-09593,EMP-00066,Finance,SUP-00044,2026-02-18,2026-02-24,Approved
PR-09594,EMP-00087,IT,SUP-00021,2026-05-27,2026-06-09,Approved
PR-09595,EMP-00025,Marketing,SUP-00045,2026-05-10,2026-05-11,Approved
PR-09596,EMP-00099,Sales,SUP-00029,2026-01-26,2026-01-28,Approved
PR-09597,EMP-00014,Marketing,SUP-00030,2026-01-16,2026-01-21,Approved
PR-09598,EMP-00017,Sales,SUP-00028,2026-02-27,2026-02-28,Approved
PR-09599,EMP-00052,Finance,SUP-00040,2026-02-18,2026-02-19,Approved
PR-09600,EMP-00039,Operations,SUP-00018,2026-04-18,2026-04-20,Approved
PR-09601,EMP-00038,Marketing,SUP-00013,2026-02-27,2026-02-28,Approved
PR-09602,EMP-00015,Operations,SUP-00005,2026-03-08,2026-03-23,Approved
PR-09603,EMP-00079,Operations,SUP-00005,2026-01-25,2026-01-29,Approved
PR-09604,EMP-00066,Finance,SUP-00001,2026-05-29,2026-06-11,Approved
PR-09605,EMP-00088,Operations,SUP-00025,2026-01-28,2026-01-31,Approved
PR-09606,EMP-00040,Sales,SUP-00005,2026-04-26,2026-04-28,Approved
PR-09607,EMP-00051,Procurement,SUP-00049,2026-04-25,2026-04-28,Approved
PR-09608,EMP-00041,Marketing,SUP-00002,2026-04-29,2026-05-07,Approved
PR-09609,EMP-00004,Engineering,SUP-00050,2026-05-27,2026-05-29,Approved
PR-09610,EMP-00025,Marketing,SUP-00037,2026-05-21,2026-05-25,Approved
PR-09611,EMP-00046,Operations,SUP-00034,2026-04-08,2026-04-10,Approved
PR-09612,EMP-00025,Marketing,SUP-00026,2026-05-13,2026-05-27,Approved
PR-09613,EMP-00098,Sales,SUP-00010,2026-01-27,2026-01-30,Approved
PR-09614,EMP-00003,Engineering,SUP-00012,2026-04-13,2026-04-15,Approved
PR-09615,EMP-00041,Marketing,SUP-00027,2026-03-28,2026-03-29,Approved
PR-09616,EMP-00071,Procurement,SUP-00032,2026-05-07,2026-05-22,Approved
PR-09617,EMP-00005,HR,SUP-00038,2026-01-03,2026-01-06,Rejected
PR-09618,EMP-00033,IT,SUP-00034,2026-05-09,2026-05-11,Approved
PR-09619,EMP-00025,Marketing,SUP-00010,2026-03-02,2026-03-13,Approved
PR-09620,EMP-00015,Operations,SUP-00002,2026-02-07,2026-02-22,Approved
PR-09621,EMP-00089,Operations,SUP-00037,2026-01-30,2026-02-02,Approved
PR-09622,EMP-00006,HR,SUP-00038,2026-05-11,2026-05-13,Approved
PR-09623,EMP-00061,Operations,SUP-00008,2026-05-23,2026-05-27,Approved
PR-09624,EMP-00033,IT,SUP-00009,2026-01-19,2026-01-20,Approved
PR-09625,EMP-00073,HR,SUP-00039,2026-02-08,2026-02-11,Approved
PR-09626,EMP-00034,IT,SUP-00024,2026-04-25,2026-04-28,Approved
PR-09627,EMP-00075,Marketing,SUP-00009,2026-01-11,2026-01-14,Approved
PR-09628,EMP-00083,Engineering,SUP-00031,2026-05-04,2026-05-05,Approved
PR-09629,EMP-00068,Marketing,SUP-00012,2026-04-28,2026-05-13,Approved
PR-09630,EMP-00051,Procurement,SUP-00045,2026-03-18,2026-03-23,Approved
PR-09631,EMP-00086,HR,SUP-00038,2026-03-29,2026-04-08,Approved
PR-09632,EMP-00097,Sales,SUP-00045,2026-01-27,2026-01-31,Approved
PR-09633,EMP-00002,Marketing,SUP-00025,2026-05-05,2026-05-09,Approved
PR-09634,EMP-00046,Operations,SUP-00039,2026-03-02,2026-03-04,Approved
PR-09635,EMP-00092,Engineering,SUP-00011,2026-04-12,2026-04-14,Approved
PR-09636,EMP-00084,Sales,SUP-00041,2026-05-08,2026-05-13,Approved
PR-09637,EMP-00015,Operations,SUP-00024,2026-04-23,2026-04-28,Approved
PR-09638,EMP-00002,Marketing,SUP-00001,2026-01-14,2026-01-19,Approved
PR-09639,EMP-00057,HR,SUP-00013,2026-05-04,2026-05-07,Rejected
PR-09640,EMP-00003,Engineering,SUP-00046,2026-02-21,2026-02-22,Approved
PR-09641,EMP-00031,Procurement,SUP-00020,2026-04-17,2026-04-19,Approved
PR-09642,EMP-00030,Sales,SUP-00050,2026-04-12,2026-04-13,Approved
PR-09643,EMP-00097,Sales,SUP-00032,2026-04-20,2026-04-23,Approved
PR-09644,EMP-00008,HR,SUP-00048,2026-03-29,2026-04-10,Approved
PR-09645,EMP-00031,Procurement,SUP-00027,2026-04-23,2026-05-07,Approved
PR-09646,EMP-00011,Sales,SUP-00038,2026-01-09,2026-01-10,Approved
PR-09647,EMP-00075,Marketing,SUP-00046,2026-02-16,2026-03-01,Approved
PR-09648,EMP-00034,IT,SUP-00026,2026-01-03,2026-01-05,Approved
PR-09649,EMP-00061,Operations,SUP-00009,2026-04-01,2026-04-02,Approved
PR-09650,EMP-00045,IT,SUP-00033,2026-05-20,2026-06-01,Approved
PR-09651,EMP-00013,Procurement,SUP-00003,2026-01-08,2026-01-23,Approved
PR-09652,EMP-00097,Sales,SUP-00025,2026-01-27,2026-01-28,Approved
PR-09653,EMP-00029,IT,SUP-00031,2026-05-19,2026-05-20,Approved
PR-09654,EMP-00030,Sales,SUP-00023,2026-05-07,2026-05-10,Approved
PR-09655,EMP-00002,Marketing,SUP-00029,2026-01-04,2026-01-09,Approved
PR-09656,EMP-00082,Sales,SUP-00012,2026-05-28,2026-06-02,Approved
PR-09657,EMP-00005,HR,SUP-00014,2026-04-21,2026-04-29,Approved
PR-09658,EMP-00029,IT,SUP-00025,2026-02-17,2026-02-20,Approved
PR-09659,EMP-00018,Engineering,SUP-00005,2026-03-26,2026-03-30,Approved
PR-09660,EMP-00084,Sales,SUP-00045,2026-03-25,2026-03-27,Approved
PR-09661,EMP-00098,Sales,SUP-00036,2026-01-15,2026-01-19,Approved
PR-09662,EMP-00078,HR,SUP-00048,2026-02-03,2026-02-06,Approved
PR-09663,EMP-00056,Finance,SUP-00050,2026-02-23,2026-02-27,Approved
PR-09664,EMP-00079,Operations,SUP-00028,2026-03-26,2026-03-31,Approved
PR-09665,EMP-00084,Sales,SUP-00002,2026-03-03,2026-03-05,Approved
PR-09666,EMP-00089,Operations,SUP-00013,2026-05-04,2026-05-07,Approved
PR-09667,EMP-00096,HR,SUP-00022,2026-01-31,2026-02-12,Approved
PR-09668,EMP-00020,Marketing,SUP-00019,2026-04-18,2026-04-22,Rejected
PR-09669,EMP-00078,HR,SUP-00026,2026-03-16,2026-03-19,Approved
PR-09670,EMP-00048,Operations,SUP-00007,2026-02-26,2026-02-28,Approved
PR-09671,EMP-00001,Engineering,SUP-00012,2026-02-20,2026-02-21,Approved
PR-09672,EMP-00087,IT,SUP-00048,2026-01-07,2026-01-09,Rejected
PR-09673,EMP-00035,Marketing,SUP-00047,2026-01-25,2026-01-30,Approved
PR-09674,EMP-00022,Marketing,SUP-00006,2026-04-01,2026-04-04,Approved
PR-09675,EMP-00068,Marketing,SUP-00014,2026-01-04,2026-01-16,Approved
PR-09676,EMP-00072,Procurement,SUP-00040,2026-02-13,2026-02-15,Approved
PR-09677,EMP-00014,Marketing,SUP-00024,2026-02-04,2026-02-07,Approved
PR-09678,EMP-00046,Operations,SUP-00031,2026-01-05,2026-01-08,Approved
PR-09679,EMP-00038,Marketing,SUP-00047,2026-03-09,2026-03-23,Approved
PR-09680,EMP-00047,IT,SUP-00012,2026-04-08,2026-04-19,Approved
PR-09681,EMP-00062,HR,SUP-00010,2026-01-17,2026-01-18,Approved
PR-09682,EMP-00049,IT,SUP-00025,2026-03-18,2026-03-19,Approved
PR-09683,EMP-00092,Engineering,SUP-00014,2026-02-02,2026-02-03,Approved
PR-09684,EMP-00019,IT,SUP-00043,2026-02-12,2026-02-15,Approved
PR-09685,EMP-00080,Marketing,SUP-00016,2026-01-01,2026-01-16,Approved
PR-09686,EMP-00010,Operations,SUP-00044,2026-01-07,2026-01-09,Approved
PR-09687,EMP-00073,HR,SUP-00038,2026-04-11,2026-04-14,Approved
PR-09688,EMP-00074,Engineering,SUP-00008,2026-02-27,2026-03-02,Approved
PR-09689,EMP-00016,Marketing,SUP-00050,2026-05-07,2026-05-08,Approved
PR-09690,EMP-00001,Engineering,SUP-00029,2026-04-16,2026-04-18,Approved
PR-09691,EMP-00008,HR,SUP-00030,2026-02-17,2026-02-26,Approved
PR-09692,EMP-00007,Engineering,SUP-00017,2026-05-05,2026-05-07,Approved
PR-09693,EMP-00076,HR,SUP-00028,2026-01-03,2026-01-07,Approved
PR-09694,EMP-00030,Sales,SUP-00015,2026-03-05,2026-03-06,Approved
PR-09695,EMP-00087,IT,SUP-00027,2026-05-24,2026-05-26,Approved
PR-09696,EMP-00002,Marketing,SUP-00044,2026-01-27,2026-01-30,Approved
PR-09697,EMP-00012,Finance,SUP-00034,2026-04-16,2026-04-19,Approved
PR-09698,EMP-00036,Engineering,SUP-00031,2026-02-08,2026-02-09,Approved
PR-09699,EMP-00092,Engineering,SUP-00010,2026-03-10,2026-03-13,Approved
PR-09700,EMP-00031,Procurement,SUP-00027,2026-03-08,2026-03-11,Approved
PR-09701,EMP-00079,Operations,SUP-00037,2026-01-04,2026-01-11,Approved
PR-09702,EMP-00002,Marketing,SUP-00014,2026-02-12,2026-02-15,Approved
PR-09703,EMP-00093,IT,SUP-00014,2026-04-16,2026-04-19,Approved
PR-09704,EMP-00094,HR,SUP-00002,2026-04-10,2026-04-11,Approved
PR-09705,EMP-00023,IT,SUP-00006,2026-02-17,2026-02-20,Approved
PR-09706,EMP-00092,Engineering,SUP-00006,2026-02-02,2026-02-05,Approved
PR-09707,EMP-00083,Engineering,SUP-00046,2026-05-21,2026-06-01,Approved
PR-09708,EMP-00058,IT,SUP-00016,2026-05-29,2026-06-01,Approved
PR-09709,EMP-00086,HR,SUP-00013,2026-04-13,2026-04-26,Approved
PR-09710,EMP-00056,Finance,SUP-00046,2026-04-19,2026-04-22,Approved
PR-09711,EMP-00064,IT,SUP-00024,2026-04-09,2026-04-21,Approved
PR-09712,EMP-00020,Marketing,SUP-00011,2026-01-17,2026-01-18,Approved
PR-09713,EMP-00064,IT,SUP-00041,2026-02-19,2026-03-03,Approved
PR-09714,EMP-00029,IT,SUP-00022,2026-01-16,2026-01-19,Approved
PR-09715,EMP-00071,Procurement,SUP-00002,2026-04-10,2026-04-13,Approved
PR-09716,EMP-00086,HR,SUP-00031,2026-02-06,2026-02-10,Approved
PR-09717,EMP-00100,Engineering,SUP-00007,2026-01-31,2026-02-13,Approved
PR-09718,EMP-00066,Finance,SUP-00010,2026-04-21,2026-04-23,Approved
PR-09719,EMP-00024,HR,SUP-00039,2026-03-24,2026-04-01,Approved
PR-09720,EMP-00064,IT,SUP-00050,2026-02-27,2026-03-08,Approved
PR-09721,EMP-00031,Procurement,SUP-00022,2026-01-29,2026-02-03,Approved
PR-09722,EMP-00075,Marketing,SUP-00014,2026-05-16,2026-05-20,Approved
PR-09723,EMP-00016,Marketing,SUP-00016,2026-03-08,2026-03-10,Approved
PR-09724,EMP-00085,Sales,SUP-00022,2026-05-13,2026-05-14,Approved
PR-09725,EMP-00098,Sales,SUP-00004,2026-04-13,2026-04-22,Approved
PR-09726,EMP-00042,Marketing,SUP-00036,2026-05-18,2026-05-19,Rejected
PR-09727,EMP-00054,HR,SUP-00025,2026-04-15,2026-04-18,Approved
PR-09728,EMP-00071,Procurement,SUP-00020,2026-01-28,2026-02-02,Approved
PR-09729,EMP-00063,Finance,SUP-00038,2026-03-11,2026-03-12,Approved
PR-09730,EMP-00068,Marketing,SUP-00026,2026-03-29,2026-04-01,Approved
PR-09731,EMP-00074,Engineering,SUP-00016,2026-03-30,2026-04-09,Approved
PR-09732,EMP-00004,Engineering,SUP-00022,2026-01-10,2026-01-12,Approved
PR-09733,EMP-00068,Marketing,SUP-00039,2026-03-19,2026-04-01,Approved
PR-09734,EMP-00011,Sales,SUP-00015,2026-05-13,2026-05-14,Approved
PR-09735,EMP-00033,IT,SUP-00004,2026-05-04,2026-05-10,Approved
PR-09736,EMP-00050,Procurement,SUP-00007,2026-04-12,2026-04-21,Approved
PR-09737,EMP-00008,HR,SUP-00025,2026-03-21,2026-03-23,Rejected
PR-09738,EMP-00039,Operations,SUP-00035,2026-05-31,2026-06-14,Rejected
PR-09739,EMP-00029,IT,SUP-00040,2026-04-28,2026-04-29,Approved
PR-09740,EMP-00027,Operations,SUP-00043,2026-01-04,2026-01-07,Approved
PR-09741,EMP-00041,Marketing,SUP-00035,2026-05-25,2026-05-28,Approved
PR-09742,EMP-00021,IT,SUP-00023,2026-02-20,2026-02-21,Approved
PR-09743,EMP-00096,HR,SUP-00022,2026-02-01,2026-02-06,Approved
PR-09744,EMP-00091,Operations,SUP-00008,2026-01-24,2026-01-28,Rejected
PR-09745,EMP-00019,IT,SUP-00023,2026-04-09,2026-04-12,Approved
PR-09746,EMP-00009,Finance,SUP-00044,2026-01-02,2026-01-06,Approved
PR-09747,EMP-00025,Marketing,SUP-00020,2026-03-21,2026-03-31,Rejected
PR-09748,EMP-00021,IT,SUP-00009,2026-01-20,2026-01-22,Approved
PR-09749,EMP-00056,Finance,SUP-00002,2026-01-31,2026-02-01,Approved
PR-09750,EMP-00053,Operations,SUP-00018,2026-01-14,2026-01-17,Approved
PR-09751,EMP-00086,HR,SUP-00032,2026-05-27,2026-05-30,Approved
PR-09752,EMP-00048,Operations,SUP-00008,2026-01-05,2026-01-06,Approved
PR-09753,EMP-00049,IT,SUP-00018,2026-04-14,2026-04-21,Approved
PR-09754,EMP-00049,IT,SUP-00013,2026-04-23,2026-04-27,Approved
PR-09755,EMP-00064,IT,SUP-00002,2026-03-23,2026-03-31,Approved
PR-09756,EMP-00044,IT,SUP-00023,2026-04-09,2026-04-12,Approved
PR-09757,EMP-00021,IT,SUP-00029,2026-02-25,2026-02-27,Approved
PR-09758,EMP-00021,IT,SUP-00034,2026-01-28,2026-01-31,Approved
PR-09759,EMP-00006,HR,SUP-00037,2026-03-22,2026-03-25,Approved
PR-09760,EMP-00024,HR,SUP-00003,2026-02-28,2026-03-05,Approved
PR-09761,EMP-00064,IT,SUP-00026,2026-05-03,2026-05-13,Approved
PR-09762,EMP-00044,IT,SUP-00020,2026-05-17,2026-05-20,Approved
PR-09763,EMP-00077,Operations,SUP-00016,2026-04-01,2026-04-05,Approved
PR-09764,EMP-00071,Procurement,SUP-00045,2026-05-12,2026-05-14,Approved
PR-09765,EMP-00064,IT,SUP-00018,2026-03-03,2026-03-04,Approved
PR-09766,EMP-00056,Finance,SUP-00011,2026-01-28,2026-02-08,Approved
PR-09767,EMP-00085,Sales,SUP-00018,2026-05-23,2026-06-03,Approved
PR-09768,EMP-00097,Sales,SUP-00040,2026-05-14,2026-05-16,Approved
PR-09769,EMP-00039,Operations,SUP-00025,2026-01-29,2026-01-30,Approved
PR-09770,EMP-00021,IT,SUP-00003,2026-02-07,2026-02-17,Approved
PR-09771,EMP-00081,IT,SUP-00029,2026-02-24,2026-03-03,Approved
PR-09772,EMP-00074,Engineering,SUP-00012,2026-03-27,2026-04-10,Approved
PR-09773,EMP-00066,Finance,SUP-00008,2026-02-08,2026-02-12,Approved
PR-09774,EMP-00086,HR,SUP-00016,2026-05-08,2026-05-12,Approved
PR-09775,EMP-00096,HR,SUP-00027,2026-01-03,2026-01-18,Approved
PR-09776,EMP-00003,Engineering,SUP-00040,2026-01-11,2026-01-13,Approved
PR-09777,EMP-00002,Marketing,SUP-00044,2026-04-01,2026-04-11,Approved
PR-09778,EMP-00068,Marketing,SUP-00011,2026-04-21,2026-05-02,Approved
PR-09779,EMP-00094,HR,SUP-00028,2026-01-01,2026-01-04,Approved
PR-09780,EMP-00076,HR,SUP-00019,2026-05-23,2026-05-24,Approved
PR-09781,EMP-00093,IT,SUP-00036,2026-01-03,2026-01-08,Approved
PR-09782,EMP-00016,Marketing,SUP-00029,2026-05-23,2026-05-25,Approved
PR-09783,EMP-00059,Marketing,SUP-00032,2026-04-24,2026-04-27,Approved
PR-09784,EMP-00043,Finance,SUP-00031,2026-02-17,2026-03-01,Rejected
PR-09785,EMP-00064,IT,SUP-00038,2026-04-01,2026-04-03,Approved
PR-09786,EMP-00081,IT,SUP-00014,2026-02-18,2026-02-22,Approved
PR-09787,EMP-00020,Marketing,SUP-00031,2026-03-08,2026-03-11,Approved
PR-09788,EMP-00035,Marketing,SUP-00025,2026-05-11,2026-05-16,Approved
PR-09789,EMP-00088,Operations,SUP-00024,2026-04-03,2026-04-05,Approved
PR-09790,EMP-00093,IT,SUP-00007,2026-01-20,2026-01-22,Approved
PR-09791,EMP-00032,Procurement,SUP-00047,2026-05-09,2026-05-10,Approved
PR-09792,EMP-00029,IT,SUP-00005,2026-02-04,2026-02-06,Approved
PR-09793,EMP-00005,HR,SUP-00031,2026-01-20,2026-02-02,Approved
PR-09794,EMP-00013,Procurement,SUP-00030,2026-03-15,2026-03-16,Approved
PR-09795,EMP-00022,Marketing,SUP-00019,2026-02-16,2026-02-23,Approved
PR-09796,EMP-00085,Sales,SUP-00023,2026-04-24,2026-04-25,Approved
PR-09797,EMP-00025,Marketing,SUP-00047,2026-01-02,2026-01-05,Approved
PR-09798,EMP-00027,Operations,SUP-00021,2026-05-31,2026-06-06,Approved
PR-09799,EMP-00017,Sales,SUP-00045,2026-03-23,2026-03-25,Approved
PR-09800,EMP-00044,IT,SUP-00024,2026-01-16,2026-01-20,Approved
PR-09801,EMP-00081,IT,SUP-00041,2026-05-02,2026-05-03,Approved
PR-09802,EMP-00033,IT,SUP-00024,2026-05-01,2026-05-03,Approved
PR-09803,EMP-00034,IT,SUP-00011,2026-02-01,2026-02-07,Approved
PR-09804,EMP-00041,Marketing,SUP-00040,2026-04-02,2026-04-05,Approved
PR-09805,EMP-00078,HR,SUP-00013,2026-01-16,2026-01-19,Approved
PR-09806,EMP-00008,HR,SUP-00026,2026-04-29,2026-04-30,Approved
PR-09807,EMP-00047,IT,SUP-00018,2026-03-01,2026-03-03,Approved
PR-09808,EMP-00079,Operations,SUP-00019,2026-03-01,2026-03-02,Approved
PR-09809,EMP-00009,Finance,SUP-00028,2026-05-20,2026-05-23,Approved
PR-09810,EMP-00099,Sales,SUP-00029,2026-02-20,2026-03-03,Approved
PR-09811,EMP-00058,IT,SUP-00032,2026-01-19,2026-02-01,Approved
PR-09812,EMP-00040,Sales,SUP-00008,2026-04-13,2026-04-15,Approved
PR-09813,EMP-00033,IT,SUP-00038,2026-02-12,2026-02-16,Approved
PR-09814,EMP-00093,IT,SUP-00029,2026-01-21,2026-01-22,Approved
PR-09815,EMP-00007,Engineering,SUP-00033,2026-01-06,2026-01-18,Approved
PR-09816,EMP-00060,Operations,SUP-00011,2026-02-16,2026-02-17,Approved
PR-09817,EMP-00031,Procurement,SUP-00030,2026-01-20,2026-02-03,Approved
PR-09818,EMP-00066,Finance,SUP-00022,2026-02-20,2026-02-23,Approved
PR-09819,EMP-00005,HR,SUP-00044,2026-01-05,2026-01-06,Approved
PR-09820,EMP-00053,Operations,SUP-00036,2026-03-24,2026-03-29,Rejected
PR-09821,EMP-00009,Finance,SUP-00048,2026-02-10,2026-02-21,Approved
PR-09822,EMP-00063,Finance,SUP-00046,2026-05-12,2026-05-17,Approved
PR-09823,EMP-00031,Procurement,SUP-00020,2026-03-16,2026-03-19,Approved
PR-09824,EMP-00070,Sales,SUP-00034,2026-01-22,2026-01-23,Approved
PR-09825,EMP-00029,IT,SUP-00044,2026-05-02,2026-05-05,Approved
PR-09826,EMP-00044,IT,SUP-00023,2026-04-27,2026-05-02,Approved
PR-09827,EMP-00042,Marketing,SUP-00016,2026-05-25,2026-05-29,Approved
PR-09828,EMP-00080,Marketing,SUP-00035,2026-04-16,2026-04-27,Approved
PR-09829,EMP-00041,Marketing,SUP-00032,2026-03-27,2026-03-31,Approved
PR-09830,EMP-00094,HR,SUP-00035,2026-02-18,2026-02-21,Approved
PR-09831,EMP-00028,Marketing,SUP-00003,2026-02-06,2026-02-11,Approved
PR-09832,EMP-00063,Finance,SUP-00037,2026-02-22,2026-03-03,Approved
PR-09833,EMP-00022,Marketing,SUP-00008,2026-02-27,2026-02-28,Approved
PR-09834,EMP-00070,Sales,SUP-00004,2026-01-31,2026-02-03,Approved
PR-09835,EMP-00063,Finance,SUP-00001,2026-04-06,2026-04-08,Approved
PR-09836,EMP-00015,Operations,SUP-00017,2026-02-14,2026-02-18,Approved
PR-09837,EMP-00043,Finance,SUP-00023,2026-05-06,2026-05-07,Approved
PR-09838,EMP-00098,Sales,SUP-00024,2026-04-02,2026-04-05,Rejected
PR-09839,EMP-00064,IT,SUP-00041,2026-04-13,2026-04-14,Approved
PR-09840,EMP-00068,Marketing,SUP-00020,2026-01-30,2026-02-02,Approved
PR-09841,EMP-00013,Procurement,SUP-00016,2026-04-22,2026-04-25,Approved
PR-09842,EMP-00098,Sales,SUP-00016,2026-03-18,2026-03-28,Approved
PR-09843,EMP-00048,Operations,SUP-00010,2026-05-16,2026-05-18,Approved
PR-09844,EMP-00078,HR,SUP-00047,2026-01-04,2026-01-06,Approved
PR-09845,EMP-00038,Marketing,SUP-00038,2026-04-06,2026-04-10,Approved
PR-09846,EMP-00039,Operations,SUP-00033,2026-02-20,2026-02-22,Approved
PR-09847,EMP-00032,Procurement,SUP-00027,2026-04-01,2026-04-05,Approved
PR-09848,EMP-00037,IT,SUP-00021,2026-03-23,2026-03-28,Approved
PR-09849,EMP-00056,Finance,SUP-00004,2026-01-31,2026-02-07,Approved
PR-09850,EMP-00018,Engineering,SUP-00014,2026-02-07,2026-02-08,Approved
PR-09851,EMP-00058,IT,SUP-00043,2026-04-16,2026-04-17,Approved
PR-09852,EMP-00064,IT,SUP-00011,2026-03-04,2026-03-09,Approved
PR-09853,EMP-00069,Finance,SUP-00003,2026-01-26,2026-01-31,Approved
PR-09854,EMP-00065,Marketing,SUP-00042,2026-02-19,2026-02-22,Approved
PR-09855,EMP-00048,Operations,SUP-00030,2026-01-07,2026-01-10,Approved
PR-09856,EMP-00062,HR,SUP-00040,2026-02-25,2026-03-02,Approved
PR-09857,EMP-00026,Operations,SUP-00020,2026-05-02,2026-05-03,Approved
PR-09858,EMP-00002,Marketing,SUP-00025,2026-05-06,2026-05-11,Approved
PR-09859,EMP-00020,Marketing,SUP-00037,2026-03-01,2026-03-02,Approved
PR-09860,EMP-00091,Operations,SUP-00001,2026-02-25,2026-03-11,Approved
PR-09861,EMP-00023,IT,SUP-00002,2026-01-02,2026-01-05,Approved
PR-09862,EMP-00006,HR,SUP-00017,2026-05-14,2026-05-18,Approved
PR-09863,EMP-00097,Sales,SUP-00044,2026-02-11,2026-02-14,Approved
PR-09864,EMP-00035,Marketing,SUP-00021,2026-01-21,2026-01-26,Rejected
PR-09865,EMP-00054,HR,SUP-00018,2026-04-27,2026-04-30,Rejected
PR-09866,EMP-00038,Marketing,SUP-00005,2026-04-12,2026-04-14,Approved
PR-09867,EMP-00001,Engineering,SUP-00003,2026-03-08,2026-03-09,Approved
PR-09868,EMP-00068,Marketing,SUP-00043,2026-03-27,2026-04-01,Approved
PR-09869,EMP-00016,Marketing,SUP-00034,2026-05-10,2026-05-14,Approved
PR-09870,EMP-00064,IT,SUP-00006,2026-03-12,2026-03-16,Approved
PR-09871,EMP-00026,Operations,SUP-00026,2026-01-28,2026-02-12,Approved
PR-09872,EMP-00021,IT,SUP-00042,2026-03-09,2026-03-12,Rejected
PR-09873,EMP-00086,HR,SUP-00008,2026-04-02,2026-04-05,Approved
PR-09874,EMP-00085,Sales,SUP-00049,2026-03-02,2026-03-04,Approved
PR-09875,EMP-00072,Procurement,SUP-00025,2026-04-26,2026-04-27,Approved
PR-09876,EMP-00035,Marketing,SUP-00027,2026-01-09,2026-01-10,Approved
PR-09877,EMP-00057,HR,SUP-00029,2026-02-17,2026-02-26,Approved
PR-09878,EMP-00047,IT,SUP-00032,2026-02-08,2026-02-11,Approved
PR-09879,EMP-00048,Operations,SUP-00030,2026-02-10,2026-02-11,Rejected
PR-09880,EMP-00044,IT,SUP-00038,2026-02-13,2026-02-17,Approved
PR-09881,EMP-00049,IT,SUP-00009,2026-04-24,2026-04-29,Approved
PR-09882,EMP-00067,Sales,SUP-00009,2026-02-07,2026-02-11,Approved
PR-09883,EMP-00084,Sales,SUP-00037,2026-02-18,2026-03-03,Approved
PR-09884,EMP-00073,HR,SUP-00021,2026-03-16,2026-03-22,Approved
PR-09885,EMP-00052,Finance,SUP-00029,2026-04-14,2026-04-27,Approved
PR-09886,EMP-00013,Procurement,SUP-00026,2026-02-08,2026-02-12,Approved
PR-09887,EMP-00096,HR,SUP-00037,2026-02-27,2026-03-02,Approved
PR-09888,EMP-00100,Engineering,SUP-00015,2026-01-28,2026-02-01,Approved
PR-09889,EMP-00039,Operations,SUP-00002,2026-05-20,2026-05-24,Approved
PR-09890,EMP-00038,Marketing,SUP-00036,2026-01-31,2026-02-03,Approved
PR-09891,EMP-00095,Marketing,SUP-00046,2026-05-25,2026-05-27,Approved
PR-09892,EMP-00080,Marketing,SUP-00036,2026-04-19,2026-04-26,Approved
PR-09893,EMP-00079,Operations,SUP-00004,2026-05-03,2026-05-11,Approved
PR-09894,EMP-00046,Operations,SUP-00036,2026-01-17,2026-01-20,Approved
PR-09895,EMP-00068,Marketing,SUP-00002,2026-03-21,2026-03-23,Approved
PR-09896,EMP-00036,Engineering,SUP-00016,2026-03-16,2026-03-18,Approved
PR-09897,EMP-00009,Finance,SUP-00008,2026-02-14,2026-02-17,Approved
PR-09898,EMP-00017,Sales,SUP-00049,2026-03-02,2026-03-03,Approved
PR-09899,EMP-00068,Marketing,SUP-00049,2026-05-19,2026-05-20,Rejected
PR-09900,EMP-00044,IT,SUP-00031,2026-05-22,2026-05-24,Approved
PR-09901,EMP-00084,Sales,SUP-00033,2026-04-17,2026-04-22,Approved
PR-09902,EMP-00073,HR,SUP-00004,2026-05-10,2026-05-15,Approved
PR-09903,EMP-00098,Sales,SUP-00007,2026-02-16,2026-02-17,Approved
PR-09904,EMP-00022,Marketing,SUP-00030,2026-01-05,2026-01-07,Approved
PR-09905,EMP-00020,Marketing,SUP-00024,2026-03-25,2026-03-28,Approved
PR-09906,EMP-00008,HR,SUP-00048,2026-01-03,2026-01-09,Approved
PR-09907,EMP-00015,Operations,SUP-00024,2026-01-30,2026-02-01,Approved
PR-09908,EMP-00059,Marketing,SUP-00039,2026-02-02,2026-02-11,Approved
PR-09909,EMP-00021,IT,SUP-00016,2026-01-09,2026-01-10,Approved
PR-09910,EMP-00021,IT,SUP-00043,2026-04-22,2026-04-25,Approved
PR-09911,EMP-00043,Finance,SUP-00012,2026-03-14,2026-03-18,Approved
PR-09912,EMP-00016,Marketing,SUP-00039,2026-02-10,2026-02-25,Approved
PR-09913,EMP-00083,Engineering,SUP-00048,2026-03-02,2026-03-14,Approved
PR-09914,EMP-00086,HR,SUP-00039,2026-03-15,2026-03-23,Approved
PR-09915,EMP-00082,Sales,SUP-00032,2026-03-25,2026-03-27,Approved
PR-09916,EMP-00003,Engineering,SUP-00020,2026-03-21,2026-03-23,Approved
PR-09917,EMP-00040,Sales,SUP-00023,2026-02-05,2026-02-10,Approved
PR-09918,EMP-00026,Operations,SUP-00018,2026-02-21,2026-02-22,Approved
PR-09919,EMP-00080,Marketing,SUP-00050,2026-02-19,2026-03-02,Approved
PR-09920,EMP-00016,Marketing,SUP-00024,2026-04-26,2026-05-05,Approved
PR-09921,EMP-00049,IT,SUP-00046,2026-05-08,2026-05-10,Approved
PR-09922,EMP-00061,Operations,SUP-00015,2026-03-07,2026-03-16,Rejected
PR-09923,EMP-00044,IT,SUP-00007,2026-04-21,2026-04-26,Approved
PR-09924,EMP-00092,Engineering,SUP-00020,2026-04-04,2026-04-05,Approved
PR-09925,EMP-00079,Operations,SUP-00031,2026-01-29,2026-01-31,Approved
PR-09926,EMP-00011,Sales,SUP-00037,2026-03-06,2026-03-11,Approved
PR-09927,EMP-00007,Engineering,SUP-00034,2026-02-05,2026-02-08,Approved
PR-09928,EMP-00066,Finance,SUP-00019,2026-05-02,2026-05-05,Approved
PR-09929,EMP-00037,IT,SUP-00026,2026-01-26,2026-01-30,Approved
PR-09930,EMP-00099,Sales,SUP-00042,2026-02-28,2026-03-02,Approved
PR-09931,EMP-00007,Engineering,SUP-00048,2026-02-28,2026-03-10,Approved
PR-09932,EMP-00043,Finance,SUP-00014,2026-03-08,2026-03-10,Approved
PR-09933,EMP-00037,IT,SUP-00034,2026-03-30,2026-04-01,Approved
PR-09934,EMP-00024,HR,SUP-00049,2026-04-12,2026-04-13,Approved
PR-09935,EMP-00041,Marketing,SUP-00025,2026-04-17,2026-04-18,Approved
PR-09936,EMP-00055,Procurement,SUP-00033,2026-03-13,2026-03-15,Approved
PR-09937,EMP-00073,HR,SUP-00049,2026-01-16,2026-01-20,Approved
PR-09938,EMP-00024,HR,SUP-00047,2026-03-08,2026-03-10,Approved
PR-09939,EMP-00029,IT,SUP-00024,2026-05-26,2026-06-03,Approved
PR-09940,EMP-00059,Marketing,SUP-00019,2026-04-24,2026-04-27,Approved
PR-09941,EMP-00036,Engineering,SUP-00006,2026-04-06,2026-04-13,Approved
PR-09942,EMP-00053,Operations,SUP-00008,2026-03-09,2026-03-11,Approved
PR-09943,EMP-00036,Engineering,SUP-00009,2026-05-20,2026-05-23,Approved
PR-09944,EMP-00053,Operations,SUP-00049,2026-03-29,2026-04-13,Approved
PR-09945,EMP-00003,Engineering,SUP-00025,2026-02-28,2026-03-08,Approved
PR-09946,EMP-00033,IT,SUP-00008,2026-04-08,2026-04-11,Approved
PR-09947,EMP-00054,HR,SUP-00042,2026-04-07,2026-04-12,Approved
PR-09948,EMP-00090,Engineering,SUP-00013,2026-02-08,2026-02-09,Approved
PR-09949,EMP-00064,IT,SUP-00033,2026-03-31,2026-04-02,Approved
PR-09950,EMP-00037,IT,SUP-00040,2026-05-12,2026-05-14,Approved
PR-09951,EMP-00027,Operations,SUP-00035,2026-04-11,2026-04-23,Approved
PR-09952,EMP-00090,Engineering,SUP-00042,2026-01-14,2026-01-24,Approved
PR-09953,EMP-00006,HR,SUP-00041,2026-03-28,2026-04-01,Approved
PR-09954,EMP-00005,HR,SUP-00045,2026-01-09,2026-01-11,Approved
PR-09955,EMP-00012,Finance,SUP-00014,2026-03-28,2026-04-05,Approved
PR-09956,EMP-00018,Engineering,SUP-00035,2026-01-16,2026-01-17,Approved
PR-09957,EMP-00038,Marketing,SUP-00033,2026-05-24,2026-06-04,Approved
PR-09958,EMP-00042,Marketing,SUP-00016,2026-02-23,2026-03-01,Approved
PR-09959,EMP-00094,HR,SUP-00023,2026-03-15,2026-03-18,Approved
PR-09960,EMP-00056,Finance,SUP-00045,2026-01-30,2026-02-02,Approved
PR-09961,EMP-00077,Operations,SUP-00037,2026-04-16,2026-04-19,Approved
PR-09962,EMP-00083,Engineering,SUP-00033,2026-01-12,2026-01-14,Approved
PR-09963,EMP-00004,Engineering,SUP-00022,2026-05-25,2026-05-26,Approved
PR-09964,EMP-00058,IT,SUP-00039,2026-04-18,2026-04-23,Approved
PR-09965,EMP-00096,HR,SUP-00002,2026-03-27,2026-04-01,Approved
PR-09966,EMP-00078,HR,SUP-00025,2026-02-26,2026-02-28,Approved
PR-09967,EMP-00027,Operations,SUP-00039,2026-02-13,2026-02-17,Rejected
PR-09968,EMP-00001,Engineering,SUP-00014,2026-05-07,2026-05-12,Approved
PR-09969,EMP-00076,HR,SUP-00029,2026-02-23,2026-03-08,Approved
PR-09970,EMP-00067,Sales,SUP-00013,2026-05-19,2026-05-20,Approved
PR-09971,EMP-00035,Marketing,SUP-00038,2026-04-28,2026-05-07,Approved
PR-09972,EMP-00012,Finance,SUP-00043,2026-04-22,2026-04-24,Approved
PR-09973,EMP-00048,Operations,SUP-00030,2026-05-06,2026-05-07,Approved
PR-09974,EMP-00009,Finance,SUP-00037,2026-03-19,2026-03-20,Approved
PR-09975,EMP-00085,Sales,SUP-00011,2026-05-17,2026-05-20,Approved
PR-09976,EMP-00039,Operations,SUP-00018,2026-05-28,2026-05-30,Approved
PR-09977,EMP-00008,HR,SUP-00013,2026-03-13,2026-03-22,Approved
PR-09978,EMP-00065,Marketing,SUP-00048,2026-04-29,2026-05-13,Approved
PR-09979,EMP-00020,Marketing,SUP-00035,2026-01-02,2026-01-03,Approved
PR-09980,EMP-00001,Engineering,SUP-00038,2026-01-07,2026-01-12,Approved
PR-09981,EMP-00081,IT,SUP-00048,2026-05-16,2026-05-24,Approved
PR-09982,EMP-00010,Operations,SUP-00024,2026-01-28,2026-01-30,Approved
PR-09983,EMP-00062,HR,SUP-00005,2026-01-01,2026-01-03,Approved
PR-09984,EMP-00036,Engineering,SUP-00012,2026-01-18,2026-01-22,Rejected
PR-09985,EMP-00045,IT,SUP-00009,2026-03-29,2026-04-03,Approved
PR-09986,EMP-00061,Operations,SUP-00041,2026-04-09,2026-04-12,Approved
PR-09987,EMP-00022,Marketing,SUP-00008,2026-02-27,2026-02-28,Approved
PR-09988,EMP-00075,Marketing,SUP-00034,2026-05-13,2026-05-16,Approved
PR-09989,EMP-00002,Marketing,SUP-00002,2026-03-04,2026-03-06,Approved
PR-09990,EMP-00058,IT,SUP-00003,2026-01-27,2026-01-30,Approved
PR-09991,EMP-00056,Finance,SUP-00026,2026-04-24,2026-05-09,Approved
PR-09992,EMP-00022,Marketing,SUP-00004,2026-03-06,2026-03-08,Approved
PR-09993,EMP-00060,Operations,SUP-00012,2026-02-12,2026-02-27,Approved
PR-09994,EMP-00006,HR,SUP-00048,2026-04-08,2026-04-12,Approved
PR-09995,EMP-00088,Operations,SUP-00040,2026-03-22,2026-03-23,Approved
PR-09996,EMP-00047,IT,SUP-00037,2026-03-27,2026-03-29,Approved
PR-09997,EMP-00071,Procurement,SUP-00044,2026-01-19,2026-01-22,Approved
PR-09998,EMP-00033,IT,SUP-00012,2026-03-02,2026-03-03,Approved
PR-09999,EMP-00019,IT,SUP-00049,2026-02-21,2026-02-24,Approved
PR-10000,EMP-00079,Operations,SUP-00006,2026-04-07,2026-04-14,Approved
