po_id,pr_id,supplier_id,created_by,warehouse_id,po_date,amount,status
PO-00001,PR-00001,SUP-00002,EMP-00084,WH-MYS-01,2026-03-23,301781.34,Completed
PO-00002,PR-00002,SUP-00005,EMP-00061,WH-HYD-01,2026-02-27,337503.67,Completed
PO-00003,PR-00003,SUP-00016,EMP-00027,WH-MYS-01,2026-01-29,121085.0,Completed
PO-00004,PR-00004,SUP-00004,EMP-00027,WH-CHN-01,2026-03-15,57235.86,Completed
PO-00005,PR-00005,SUP-00048,EMP-00046,WH-BLR-01,2026-02-02,192603.21,Completed
PO-00006,PR-00006,SUP-00013,EMP-00035,WH-BLR-01,2026-03-09,293722.56,Completed
PO-00007,PR-00007,SUP-00043,EMP-00026,WH-CHN-01,2026-02-09,89826.56,Completed
PO-00008,PR-00008,SUP-00043,EMP-00090,WH-HYD-01,2026-03-04,236787.5,Cancelled
PO-00009,PR-00009,SUP-00001,EMP-00097,WH-MYS-01,2026-06-06,155374.1,Completed
PO-00010,PR-00010,SUP-00031,EMP-00059,WH-BLR-01,2026-03-12,330437.88,Completed
PO-00011,PR-00011,SUP-00043,EMP-00073,WH-HYD-01,2026-04-20,203419.95,Completed
PO-00012,PR-00012,SUP-00030,EMP-00011,WH-MYS-01,2026-05-05,631991.21,Delayed
PO-00013,PR-00013,SUP-00021,EMP-00037,WH-BLR-01,2026-04-24,185764.86,Delayed
PO-00014,PR-00014,SUP-00019,EMP-00032,WH-CHN-01,2026-01-29,60247.1,Completed
PO-00015,PR-00015,SUP-00021,EMP-00099,WH-BLR-01,2026-03-27,392988.48,Completed
PO-00016,PR-00016,SUP-00006,EMP-00100,WH-BLR-01,2026-04-24,42989.46,Completed
PO-00017,PR-00017,SUP-00040,EMP-00002,WH-HYD-01,2026-03-14,208783.12,Completed
PO-00018,PR-00018,SUP-00033,EMP-00091,WH-HYD-01,2026-02-20,437887.4,Completed
PO-00019,PR-00019,SUP-00033,EMP-00065,WH-HYD-01,2026-03-28,364367.16,Completed
PO-00020,PR-00020,SUP-00009,EMP-00060,WH-CHN-01,2026-04-17,137293.36,Completed
PO-00021,PR-00021,SUP-00035,EMP-00068,WH-CHN-01,2026-05-17,84287.84,Completed
PO-00022,PR-00022,SUP-00032,EMP-00055,WH-CHN-01,2026-04-30,169630.48,Completed
PO-00023,PR-00023,SUP-00031,EMP-00075,WH-BLR-01,2026-02-04,34879.9,Completed
PO-00024,PR-00024,SUP-00036,EMP-00099,WH-MYS-01,2026-05-25,63829.6,Completed
PO-00025,PR-00025,SUP-00030,EMP-00015,WH-CHN-01,2026-05-19,99324.09,Delayed
PO-00026,PR-00026,SUP-00015,EMP-00003,WH-MYS-01,2026-03-09,184127.97,Completed
PO-00027,PR-00027,SUP-00033,EMP-00013,WH-HYD-01,2026-01-26,8927.92,Completed
PO-00028,PR-00028,SUP-00046,EMP-00049,WH-HYD-01,2026-06-04,342680.45,Completed
PO-00029,PR-00029,SUP-00046,EMP-00054,WH-CHN-01,2026-05-26,17584.65,Completed
PO-00030,PR-00030,SUP-00006,EMP-00066,WH-CHN-01,2026-03-09,451283.0,Delayed
PO-00031,PR-00031,SUP-00049,EMP-00041,WH-HYD-01,2026-04-12,405269.37,Cancelled
PO-00032,PR-00032,SUP-00035,EMP-00082,WH-MYS-01,2026-01-27,447600.27,Completed
PO-00033,PR-00033,SUP-00003,EMP-00023,WH-HYD-01,2026-01-29,351083.2,Completed
PO-00034,PR-00034,SUP-00004,EMP-00004,WH-BLR-01,2026-05-30,318604.3,Completed
PO-00035,PR-00035,SUP-00037,EMP-00091,WH-BLR-01,2026-03-07,379717.24,Cancelled
PO-00036,PR-00036,SUP-00006,EMP-00084,WH-HYD-01,2026-04-26,38765.48,Completed
PO-00037,PR-00037,SUP-00040,EMP-00061,WH-MYS-01,2026-04-25,250805.28,Delayed
PO-00038,PR-00038,SUP-00041,EMP-00055,WH-MYS-01,2026-02-21,126223.68,Completed
PO-00039,PR-00039,SUP-00019,EMP-00025,WH-CHN-01,2026-03-06,1648.33,Delayed
PO-00040,PR-00040,SUP-00027,EMP-00046,WH-HYD-01,2026-03-19,200544.59,Cancelled
PO-00041,PR-00041,SUP-00035,EMP-00045,WH-BLR-01,2026-04-22,152776.25,Delayed
PO-00042,PR-00042,SUP-00016,EMP-00099,WH-CHN-01,2026-03-10,17828.1,Completed
PO-00043,PR-00043,SUP-00023,EMP-00082,WH-CHN-01,2026-03-29,58789.88,Delayed
PO-00044,PR-00044,SUP-00045,EMP-00035,WH-HYD-01,2026-03-20,552977.25,Completed
PO-00045,PR-00045,SUP-00047,EMP-00040,WH-BLR-01,2026-02-17,63418.0,Delayed
PO-00046,PR-00046,SUP-00038,EMP-00062,WH-MYS-01,2026-06-01,84107.52,Completed
PO-00047,PR-00047,SUP-00045,EMP-00095,WH-CHN-01,2026-02-14,34879.9,Completed
PO-00048,PR-00048,SUP-00038,EMP-00035,WH-MYS-01,2026-03-21,1980.9,Completed
PO-00049,PR-00049,SUP-00022,EMP-00060,WH-CHN-01,2026-04-15,78118.91,Completed
PO-00050,PR-00050,SUP-00024,EMP-00009,WH-MYS-01,2026-04-10,232592.88,Completed
PO-00051,PR-00051,SUP-00043,EMP-00085,WH-CHN-01,2026-05-08,106664.4,Completed
PO-00052,PR-00052,SUP-00046,EMP-00089,WH-CHN-01,2026-03-22,33745.29,Completed
PO-00053,PR-00053,SUP-00029,EMP-00022,WH-CHN-01,2026-02-01,84231.9,Completed
PO-00054,PR-00054,SUP-00009,EMP-00006,WH-HYD-01,2026-06-08,196501.76,Completed
PO-00055,PR-00055,SUP-00019,EMP-00095,WH-BLR-01,2026-01-13,209371.2,Delayed
PO-00056,PR-00056,SUP-00021,EMP-00081,WH-CHN-01,2026-04-09,170114.1,Cancelled
PO-00057,PR-00057,SUP-00041,EMP-00007,WH-HYD-01,2026-02-07,22496.86,Completed
PO-00058,PR-00058,SUP-00005,EMP-00029,WH-MYS-01,2026-03-07,69170.08,Completed
PO-00059,PR-00059,SUP-00010,EMP-00040,WH-MYS-01,2026-03-31,25818.48,Completed
PO-00060,PR-00060,SUP-00017,EMP-00061,WH-BLR-01,2026-02-02,114638.56,Completed
PO-00061,PR-00061,SUP-00023,EMP-00012,WH-BLR-01,2026-02-19,211862.5,Completed
PO-00062,PR-00062,SUP-00024,EMP-00069,WH-BLR-01,2026-05-12,266186.07,Completed
PO-00063,PR-00063,SUP-00013,EMP-00022,WH-CHN-01,2026-05-16,430817.85,Delayed
PO-00064,PR-00064,SUP-00009,EMP-00017,WH-MYS-01,2026-01-31,505477.44,Completed
PO-00065,PR-00065,SUP-00032,EMP-00006,WH-HYD-01,2026-03-23,195270.25,Cancelled
PO-00066,PR-00066,SUP-00012,EMP-00030,WH-MYS-01,2026-05-02,108490.64,Delayed
PO-00067,PR-00067,SUP-00005,EMP-00020,WH-BLR-01,2026-04-24,50271.0,Completed
PO-00068,PR-00068,SUP-00047,EMP-00094,WH-CHN-01,2026-03-26,109349.6,Completed
PO-00069,PR-00069,SUP-00013,EMP-00084,WH-MYS-01,2026-01-19,435951.84,Completed
PO-00070,PR-00070,SUP-00050,EMP-00071,WH-HYD-01,2026-06-03,343084.1,Completed
PO-00071,PR-00071,SUP-00023,EMP-00082,WH-MYS-01,2026-04-26,131102.76,Completed
PO-00072,PR-00072,SUP-00018,EMP-00017,WH-HYD-01,2026-02-13,313895.88,Completed
PO-00073,PR-00073,SUP-00039,EMP-00011,WH-BLR-01,2026-06-13,186941.2,Completed
PO-00074,PR-00074,SUP-00048,EMP-00002,WH-MYS-01,2026-03-17,135094.96,Completed
PO-00075,PR-00075,SUP-00046,EMP-00063,WH-BLR-01,2026-02-11,227905.47,Cancelled
PO-00076,PR-00076,SUP-00007,EMP-00079,WH-HYD-01,2026-05-21,54347.92,Completed
PO-00077,PR-00077,SUP-00008,EMP-00046,WH-BLR-01,2026-05-29,684234.53,Completed
PO-00078,PR-00078,SUP-00028,EMP-00052,WH-BLR-01,2026-03-21,185971.41,Completed
PO-00079,PR-00079,SUP-00037,EMP-00035,WH-HYD-01,2026-04-07,169192.72,Completed
PO-00080,PR-00080,SUP-00029,EMP-00050,WH-MYS-01,2026-01-13,189858.62,Completed
PO-00081,PR-00081,SUP-00035,EMP-00063,WH-MYS-01,2026-02-07,96435.2,Completed
PO-00082,PR-00082,SUP-00045,EMP-00069,WH-HYD-01,2026-02-07,24828.84,Delayed
PO-00083,PR-00083,SUP-00027,EMP-00050,WH-CHN-01,2026-01-22,23606.15,Delayed
PO-00084,PR-00084,SUP-00021,EMP-00025,WH-MYS-01,2026-05-30,12462.5,Cancelled
PO-00085,PR-00085,SUP-00010,EMP-00095,WH-CHN-01,2026-05-01,30936.0,Completed
PO-00086,PR-00086,SUP-00013,EMP-00031,WH-MYS-01,2026-05-21,209515.02,Completed
PO-00087,PR-00087,SUP-00044,EMP-00057,WH-MYS-01,2026-01-30,319578.0,Completed
PO-00088,PR-00088,SUP-00011,EMP-00090,WH-BLR-01,2026-03-03,333346.65,Completed
PO-00089,PR-00089,SUP-00013,EMP-00099,WH-HYD-01,2026-02-26,2264.9,Completed
PO-00090,PR-00090,SUP-00015,EMP-00061,WH-HYD-01,2026-03-27,130006.9,Completed
PO-00091,PR-00091,SUP-00003,EMP-00043,WH-HYD-01,2026-01-21,92002.21,Completed
PO-00092,PR-00092,SUP-00049,EMP-00029,WH-BLR-01,2026-03-28,142503.0,Completed
PO-00093,PR-00093,SUP-00048,EMP-00090,WH-BLR-01,2026-05-04,236442.03,Completed
PO-00094,PR-00094,SUP-00039,EMP-00063,WH-MYS-01,2026-04-29,187002.48,Completed
PO-00095,PR-00095,SUP-00012,EMP-00050,WH-HYD-01,2026-05-03,136802.88,Completed
PO-00096,PR-00096,SUP-00028,EMP-00054,WH-BLR-01,2026-04-22,265830.88,Completed
PO-00097,PR-00097,SUP-00039,EMP-00097,WH-MYS-01,2026-04-01,29788.08,Completed
PO-00098,PR-00098,SUP-00006,EMP-00023,WH-CHN-01,2026-03-29,91904.6,Cancelled
PO-00099,PR-00099,SUP-00045,EMP-00012,WH-MYS-01,2026-02-10,381457.86,Delayed
PO-00100,PR-00100,SUP-00046,EMP-00029,WH-MYS-01,2026-05-19,4075.2,Completed
PO-00101,PR-00101,SUP-00048,EMP-00100,WH-BLR-01,2026-03-31,73487.35,Completed
PO-00102,PR-00102,SUP-00009,EMP-00002,WH-CHN-01,2026-05-13,476170.5,Completed
PO-00103,PR-00103,SUP-00028,EMP-00039,WH-BLR-01,2026-02-26,1867.8,Completed
PO-00104,PR-00104,SUP-00010,EMP-00069,WH-CHN-01,2026-04-26,229002.97,Completed
PO-00105,PR-00105,SUP-00028,EMP-00049,WH-CHN-01,2026-03-03,90380.4,Completed
PO-00106,PR-00106,SUP-00043,EMP-00022,WH-MYS-01,2026-05-10,153603.67,Delayed
PO-00107,PR-00107,SUP-00016,EMP-00006,WH-BLR-01,2026-03-12,46490.43,Completed
PO-00108,PR-00108,SUP-00043,EMP-00083,WH-BLR-01,2026-03-18,141254.0,Delayed
PO-00109,PR-00109,SUP-00009,EMP-00096,WH-MYS-01,2026-03-01,362363.3,Completed
PO-00110,PR-00110,SUP-00023,EMP-00001,WH-HYD-01,2026-04-11,21095.2,Delayed
PO-00111,PR-00111,SUP-00046,EMP-00020,WH-CHN-01,2026-02-10,92882.43,Delayed
PO-00112,PR-00112,SUP-00023,EMP-00091,WH-CHN-01,2026-04-29,23076.62,Delayed
PO-00113,PR-00113,SUP-00027,EMP-00046,WH-CHN-01,2026-01-31,124972.96,Completed
PO-00114,PR-00114,SUP-00037,EMP-00040,WH-MYS-01,2026-01-28,356627.02,Completed
PO-00115,PR-00115,SUP-00047,EMP-00058,WH-MYS-01,2026-02-09,139509.28,Completed
PO-00116,PR-00116,SUP-00032,EMP-00014,WH-BLR-01,2026-01-27,360853.68,Delayed
PO-00117,PR-00117,SUP-00043,EMP-00001,WH-HYD-01,2026-04-12,107460.06,Completed
PO-00118,PR-00118,SUP-00049,EMP-00077,WH-HYD-01,2026-02-02,90726.72,Delayed
PO-00119,PR-00119,SUP-00019,EMP-00078,WH-CHN-01,2026-02-09,56710.68,Delayed
PO-00120,PR-00120,SUP-00021,EMP-00073,WH-CHN-01,2026-05-06,145861.4,Delayed
PO-00121,PR-00121,SUP-00013,EMP-00039,WH-CHN-01,2026-01-12,291891.81,Delayed
PO-00122,PR-00122,SUP-00036,EMP-00007,WH-BLR-01,2026-05-22,165266.18,Completed
PO-00123,PR-00123,SUP-00034,EMP-00080,WH-CHN-01,2026-03-28,382134.22,Completed
PO-00124,PR-00124,SUP-00041,EMP-00044,WH-BLR-01,2026-04-02,13470.12,Completed
PO-00125,PR-00125,SUP-00010,EMP-00018,WH-BLR-01,2026-04-22,29947.99,Completed
PO-00126,PR-00126,SUP-00031,EMP-00093,WH-CHN-01,2026-03-30,298249.28,Completed
PO-00127,PR-00127,SUP-00014,EMP-00043,WH-BLR-01,2026-04-03,4754.4,Completed
PO-00128,PR-00128,SUP-00024,EMP-00074,WH-BLR-01,2026-01-29,105995.56,Completed
PO-00129,PR-00129,SUP-00049,EMP-00087,WH-HYD-01,2026-02-09,194002.08,Delayed
PO-00130,PR-00130,SUP-00046,EMP-00059,WH-HYD-01,2026-04-05,17431.92,Completed
PO-00131,PR-00131,SUP-00032,EMP-00098,WH-HYD-01,2026-04-10,208757.28,Completed
PO-00132,PR-00132,SUP-00032,EMP-00060,WH-BLR-01,2026-03-07,220445.12,Completed
PO-00133,PR-00133,SUP-00029,EMP-00094,WH-CHN-01,2026-03-15,309952.35,Delayed
PO-00134,PR-00134,SUP-00027,EMP-00008,WH-CHN-01,2026-02-23,109235.76,Delayed
PO-00135,PR-00135,SUP-00008,EMP-00018,WH-HYD-01,2026-01-28,28500.6,Completed
PO-00136,PR-00136,SUP-00028,EMP-00093,WH-MYS-01,2026-03-22,36134.85,Completed
PO-00137,PR-00137,SUP-00038,EMP-00074,WH-MYS-01,2026-02-11,117382.13,Completed
PO-00138,PR-00138,SUP-00030,EMP-00073,WH-CHN-01,2026-02-02,165248.91,Completed
PO-00139,PR-00139,SUP-00010,EMP-00020,WH-HYD-01,2026-06-04,303134.1,Completed
PO-00140,PR-00140,SUP-00006,EMP-00032,WH-BLR-01,2026-02-06,99448.8,Delayed
PO-00141,PR-00141,SUP-00017,EMP-00057,WH-MYS-01,2026-02-04,283567.2,Delayed
PO-00142,PR-00142,SUP-00033,EMP-00091,WH-HYD-01,2026-04-03,162634.29,Completed
PO-00143,PR-00143,SUP-00028,EMP-00041,WH-MYS-01,2026-02-13,287737.89,Completed
PO-00144,PR-00144,SUP-00027,EMP-00085,WH-BLR-01,2026-02-27,60988.21,Completed
PO-00145,PR-00145,SUP-00040,EMP-00086,WH-BLR-01,2026-01-27,720633.0,Completed
PO-00146,PR-00146,SUP-00003,EMP-00070,WH-CHN-01,2026-05-15,189442.55,Completed
PO-00147,PR-00147,SUP-00044,EMP-00023,WH-CHN-01,2026-03-20,109209.65,Completed
PO-00148,PR-00148,SUP-00008,EMP-00100,WH-HYD-01,2026-03-01,150463.11,Completed
PO-00149,PR-00149,SUP-00046,EMP-00091,WH-BLR-01,2026-04-23,254627.73,Completed
PO-00150,PR-00150,SUP-00006,EMP-00015,WH-CHN-01,2026-03-12,53346.87,Delayed
PO-00151,PR-00151,SUP-00039,EMP-00088,WH-CHN-01,2026-03-17,119324.79,Delayed
PO-00152,PR-00152,SUP-00038,EMP-00044,WH-CHN-01,2026-05-16,38902.08,Delayed
PO-00153,PR-00153,SUP-00021,EMP-00016,WH-CHN-01,2026-03-04,53346.87,Completed
PO-00154,PR-00154,SUP-00043,EMP-00007,WH-HYD-01,2026-03-19,116190.9,Delayed
PO-00155,PR-00155,SUP-00037,EMP-00021,WH-HYD-01,2026-04-18,160287.84,Completed
PO-00156,PR-00156,SUP-00021,EMP-00100,WH-BLR-01,2026-01-29,183809.2,Completed
PO-00157,PR-00157,SUP-00037,EMP-00014,WH-MYS-01,2026-02-08,209263.92,Delayed
PO-00158,PR-00158,SUP-00004,EMP-00073,WH-CHN-01,2026-05-13,47975.49,Completed
PO-00159,PR-00159,SUP-00026,EMP-00063,WH-HYD-01,2026-05-24,50588.79,Delayed
PO-00160,PR-00160,SUP-00041,EMP-00035,WH-CHN-01,2026-02-18,182809.44,Completed
PO-00161,PR-00161,SUP-00001,EMP-00076,WH-CHN-01,2026-05-28,63111.84,Completed
PO-00162,PR-00162,SUP-00001,EMP-00016,WH-MYS-01,2026-06-01,399983.22,Delayed
PO-00163,PR-00163,SUP-00028,EMP-00018,WH-CHN-01,2026-01-20,292868.75,Completed
PO-00164,PR-00164,SUP-00002,EMP-00092,WH-CHN-01,2026-02-11,100082.64,Completed
PO-00165,PR-00165,SUP-00030,EMP-00062,WH-CHN-01,2026-03-30,364586.4,Completed
PO-00166,PR-00166,SUP-00010,EMP-00092,WH-CHN-01,2026-01-21,60340.98,Cancelled
PO-00167,PR-00167,SUP-00009,EMP-00029,WH-HYD-01,2026-05-20,269744.86,Completed
PO-00168,PR-00168,SUP-00045,EMP-00059,WH-HYD-01,2026-05-11,110111.4,Delayed
PO-00169,PR-00169,SUP-00004,EMP-00068,WH-HYD-01,2026-03-29,283396.68,Completed
PO-00170,PR-00170,SUP-00005,EMP-00043,WH-MYS-01,2026-03-28,2030.6,Delayed
PO-00171,PR-00171,SUP-00032,EMP-00067,WH-CHN-01,2026-03-18,391357.32,Completed
PO-00172,PR-00172,SUP-00050,EMP-00071,WH-MYS-01,2026-03-04,102602.16,Completed
PO-00173,PR-00173,SUP-00016,EMP-00003,WH-HYD-01,2026-03-09,1584.72,Completed
PO-00174,PR-00174,SUP-00001,EMP-00085,WH-CHN-01,2026-05-03,264353.49,Completed
PO-00175,PR-00175,SUP-00019,EMP-00062,WH-BLR-01,2026-05-06,116109.95,Completed
PO-00176,PR-00176,SUP-00049,EMP-00024,WH-MYS-01,2026-06-09,154921.2,Completed
PO-00177,PR-00177,SUP-00031,EMP-00039,WH-BLR-01,2026-01-15,40683.99,Completed
PO-00178,PR-00178,SUP-00015,EMP-00068,WH-MYS-01,2026-04-10,12677.76,Delayed
PO-00179,PR-00179,SUP-00050,EMP-00077,WH-HYD-01,2026-05-13,106605.07,Completed
PO-00180,PR-00180,SUP-00029,EMP-00051,WH-MYS-01,2026-02-22,540359.16,Delayed
PO-00181,PR-00181,SUP-00045,EMP-00016,WH-MYS-01,2026-04-17,443771.61,Completed
PO-00182,PR-00182,SUP-00032,EMP-00022,WH-HYD-01,2026-05-06,85289.76,Completed
PO-00183,PR-00183,SUP-00019,EMP-00074,WH-MYS-01,2026-04-08,124792.92,Completed
PO-00184,PR-00184,SUP-00003,EMP-00100,WH-HYD-01,2026-01-17,157410.5,Completed
PO-00185,PR-00185,SUP-00042,EMP-00068,WH-CHN-01,2026-02-07,187650.45,Cancelled
PO-00186,PR-00186,SUP-00042,EMP-00095,WH-MYS-01,2026-02-16,205204.32,Delayed
PO-00187,PR-00187,SUP-00020,EMP-00004,WH-HYD-01,2026-03-10,192603.21,Completed
PO-00188,PR-00188,SUP-00008,EMP-00014,WH-MYS-01,2026-01-24,128299.08,Completed
PO-00189,PR-00189,SUP-00035,EMP-00095,WH-CHN-01,2026-02-16,201777.24,Completed
PO-00190,PR-00190,SUP-00018,EMP-00081,WH-CHN-01,2026-01-28,82609.47,Completed
PO-00191,PR-00191,SUP-00017,EMP-00022,WH-HYD-01,2026-06-04,491286.3,Completed
PO-00192,PR-00192,SUP-00037,EMP-00067,WH-BLR-01,2026-01-04,103002.76,Completed
PO-00193,PR-00193,SUP-00035,EMP-00026,WH-MYS-01,2026-05-21,10242.99,Completed
PO-00194,PR-00194,SUP-00042,EMP-00045,WH-MYS-01,2026-04-23,49857.12,Completed
PO-00195,PR-00195,SUP-00025,EMP-00034,WH-MYS-01,2026-04-04,58353.12,Completed
PO-00196,PR-00196,SUP-00013,EMP-00041,WH-CHN-01,2026-01-12,241074.05,Completed
PO-00197,PR-00197,SUP-00038,EMP-00096,WH-BLR-01,2026-03-02,146229.59,Delayed
PO-00198,PR-00198,SUP-00018,EMP-00073,WH-BLR-01,2026-01-12,116333.28,Completed
PO-00199,PR-00199,SUP-00005,EMP-00011,WH-MYS-01,2026-04-30,217675.9,Completed
PO-00200,PR-00200,SUP-00013,EMP-00074,WH-HYD-01,2026-01-18,236487.72,Completed
PO-00201,PR-00201,SUP-00026,EMP-00078,WH-BLR-01,2026-03-14,191995.92,Completed
PO-00202,PR-00202,SUP-00040,EMP-00035,WH-HYD-01,2026-06-05,24828.84,Completed
PO-00203,PR-00203,SUP-00019,EMP-00039,WH-MYS-01,2026-04-12,97908.7,Completed
PO-00204,PR-00204,SUP-00020,EMP-00063,WH-CHN-01,2026-05-21,329585.86,Completed
PO-00205,PR-00205,SUP-00001,EMP-00054,WH-HYD-01,2026-01-25,109126.17,Completed
PO-00206,PR-00206,SUP-00015,EMP-00063,WH-MYS-01,2026-02-23,453633.6,Completed
PO-00207,PR-00207,SUP-00014,EMP-00087,WH-MYS-01,2026-01-28,11036.01,Delayed
PO-00208,PR-00208,SUP-00033,EMP-00046,WH-BLR-01,2026-06-05,229963.8,Completed
PO-00209,PR-00209,SUP-00038,EMP-00007,WH-MYS-01,2026-02-25,408704.85,Completed
PO-00210,PR-00210,SUP-00024,EMP-00067,WH-HYD-01,2026-04-18,20690.7,Completed
PO-00211,PR-00211,SUP-00011,EMP-00037,WH-CHN-01,2026-03-24,62495.44,Delayed
PO-00212,PR-00212,SUP-00022,EMP-00012,WH-MYS-01,2026-03-26,239896.16,Delayed
PO-00213,PR-00213,SUP-00039,EMP-00037,WH-MYS-01,2026-01-18,52204.5,Completed
PO-00214,PR-00214,SUP-00026,EMP-00095,WH-HYD-01,2026-03-28,500385.96,Completed
PO-00215,PR-00215,SUP-00037,EMP-00073,WH-CHN-01,2026-03-11,29780.63,Completed
PO-00216,PR-00216,SUP-00012,EMP-00069,WH-BLR-01,2026-02-20,123354.96,Completed
PO-00217,PR-00217,SUP-00012,EMP-00051,WH-CHN-01,2026-04-19,12510.33,Completed
PO-00218,PR-00218,SUP-00046,EMP-00004,WH-BLR-01,2026-04-20,153162.32,Completed
PO-00219,PR-00219,SUP-00024,EMP-00014,WH-HYD-01,2026-01-05,335551.44,Completed
PO-00220,PR-00220,SUP-00021,EMP-00084,WH-MYS-01,2026-01-08,94410.75,Completed
PO-00221,PR-00221,SUP-00032,EMP-00073,WH-CHN-01,2026-02-25,9863.62,Completed
PO-00222,PR-00222,SUP-00040,EMP-00067,WH-BLR-01,2026-05-02,274175.0,Delayed
PO-00223,PR-00223,SUP-00037,EMP-00065,WH-BLR-01,2026-01-15,418104.75,Completed
PO-00224,PR-00224,SUP-00042,EMP-00066,WH-BLR-01,2026-02-19,151532.26,Completed
PO-00225,PR-00225,SUP-00043,EMP-00072,WH-BLR-01,2026-05-23,284543.73,Completed
PO-00226,PR-00226,SUP-00029,EMP-00082,WH-MYS-01,2026-03-16,79082.85,Completed
PO-00227,PR-00227,SUP-00048,EMP-00051,WH-CHN-01,2026-06-04,316251.95,Completed
PO-00228,PR-00228,SUP-00034,EMP-00023,WH-HYD-01,2026-06-02,664119.0,Completed
PO-00229,PR-00229,SUP-00003,EMP-00024,WH-CHN-01,2026-01-16,6622.2,Delayed
PO-00230,PR-00230,SUP-00004,EMP-00072,WH-CHN-01,2026-03-29,43030.8,Completed
PO-00231,PR-00231,SUP-00034,EMP-00032,WH-MYS-01,2026-04-26,34484.5,Completed
PO-00232,PR-00232,SUP-00034,EMP-00073,WH-CHN-01,2026-01-24,233704.92,Completed
PO-00233,PR-00233,SUP-00020,EMP-00093,WH-HYD-01,2026-03-26,263387.57,Completed
PO-00234,PR-00234,SUP-00010,EMP-00091,WH-CHN-01,2026-01-29,170132.04,Completed
PO-00235,PR-00235,SUP-00013,EMP-00022,WH-HYD-01,2026-02-03,544594.83,Completed
PO-00236,PR-00236,SUP-00011,EMP-00057,WH-MYS-01,2026-04-12,336750.77,Delayed
PO-00237,PR-00237,SUP-00018,EMP-00014,WH-HYD-01,2026-05-29,25860.42,Completed
PO-00238,PR-00238,SUP-00033,EMP-00079,WH-BLR-01,2026-05-09,133399.44,Completed
PO-00239,PR-00239,SUP-00041,EMP-00066,WH-CHN-01,2026-04-17,354210.87,Completed
PO-00240,PR-00240,SUP-00041,EMP-00066,WH-HYD-01,2026-02-01,517229.6,Completed
PO-00241,PR-00241,SUP-00049,EMP-00096,WH-MYS-01,2026-05-10,125096.49,Completed
PO-00242,PR-00242,SUP-00037,EMP-00061,WH-CHN-01,2026-05-06,622710.72,Completed
PO-00243,PR-00243,SUP-00004,EMP-00076,WH-MYS-01,2026-06-01,136802.88,Completed
PO-00244,PR-00244,SUP-00027,EMP-00049,WH-HYD-01,2026-05-23,337674.96,Completed
PO-00245,PR-00245,SUP-00027,EMP-00081,WH-MYS-01,2026-01-23,96868.0,Completed
PO-00246,PR-00246,SUP-00048,EMP-00059,WH-CHN-01,2026-04-29,368272.06,Completed
PO-00247,PR-00247,SUP-00005,EMP-00078,WH-BLR-01,2026-06-04,3202.1,Delayed
PO-00248,PR-00248,SUP-00011,EMP-00050,WH-CHN-01,2026-03-11,19451.04,Completed
PO-00249,PR-00249,SUP-00044,EMP-00090,WH-MYS-01,2026-03-29,147157.5,Completed
PO-00250,PR-00250,SUP-00008,EMP-00068,WH-HYD-01,2026-05-06,545630.85,Completed
PO-00251,PR-00251,SUP-00041,EMP-00021,WH-MYS-01,2026-01-08,72658.64,Delayed
PO-00252,PR-00252,SUP-00017,EMP-00047,WH-BLR-01,2026-04-04,51098.23,Completed
PO-00253,PR-00253,SUP-00006,EMP-00078,WH-BLR-01,2026-04-27,43111.62,Delayed
PO-00254,PR-00254,SUP-00036,EMP-00032,WH-MYS-01,2026-01-10,114638.56,Completed
PO-00255,PR-00255,SUP-00041,EMP-00030,WH-CHN-01,2026-03-30,53087.21,Completed
PO-00256,PR-00256,SUP-00014,EMP-00030,WH-MYS-01,2026-04-19,390237.4,Completed
PO-00257,PR-00257,SUP-00030,EMP-00037,WH-MYS-01,2026-02-26,73332.6,Completed
PO-00258,PR-00258,SUP-00039,EMP-00035,WH-CHN-01,2026-05-03,602596.27,Completed
PO-00259,PR-00259,SUP-00042,EMP-00097,WH-HYD-01,2026-04-13,160103.2,Completed
PO-00260,PR-00260,SUP-00023,EMP-00060,WH-HYD-01,2026-01-25,49169.2,Completed
PO-00261,PR-00261,SUP-00024,EMP-00094,WH-MYS-01,2026-02-14,322615.21,Completed
PO-00262,PR-00262,SUP-00045,EMP-00021,WH-HYD-01,2026-05-18,111016.08,Completed
PO-00263,PR-00263,SUP-00021,EMP-00083,WH-BLR-01,2026-02-10,58870.88,Delayed
PO-00264,PR-00264,SUP-00022,EMP-00036,WH-CHN-01,2026-05-09,146930.52,Completed
PO-00265,PR-00265,SUP-00019,EMP-00057,WH-MYS-01,2026-05-08,543806.39,Completed
PO-00266,PR-00266,SUP-00049,EMP-00034,WH-CHN-01,2026-03-22,142011.1,Delayed
PO-00267,PR-00267,SUP-00035,EMP-00004,WH-HYD-01,2026-05-25,18968.5,Completed
PO-00268,PR-00268,SUP-00033,EMP-00039,WH-MYS-01,2026-05-21,94465.56,Completed
PO-00269,PR-00269,SUP-00010,EMP-00074,WH-BLR-01,2026-03-22,47801.57,Delayed
PO-00270,PR-00270,SUP-00038,EMP-00045,WH-MYS-01,2026-03-09,189035.6,Completed
PO-00271,PR-00271,SUP-00039,EMP-00041,WH-MYS-01,2026-02-08,211113.09,Completed
PO-00272,PR-00272,SUP-00042,EMP-00079,WH-BLR-01,2026-03-31,124273.05,Cancelled
PO-00273,PR-00273,SUP-00016,EMP-00014,WH-MYS-01,2026-02-10,250140.15,Delayed
PO-00274,PR-00274,SUP-00050,EMP-00090,WH-HYD-01,2026-02-12,52565.5,Completed
PO-00275,PR-00275,SUP-00029,EMP-00043,WH-HYD-01,2026-04-20,122751.98,Completed
PO-00276,PR-00276,SUP-00050,EMP-00089,WH-BLR-01,2026-04-12,324184.0,Delayed
PO-00277,PR-00277,SUP-00001,EMP-00082,WH-CHN-01,2026-05-03,82443.4,Completed
PO-00278,PR-00278,SUP-00040,EMP-00078,WH-CHN-01,2026-02-28,239093.64,Completed
PO-00279,PR-00279,SUP-00009,EMP-00074,WH-MYS-01,2026-04-03,251164.5,Completed
PO-00280,PR-00280,SUP-00007,EMP-00092,WH-HYD-01,2026-04-27,44466.48,Delayed
PO-00281,PR-00281,SUP-00037,EMP-00016,WH-MYS-01,2026-02-12,65609.76,Completed
PO-00282,PR-00282,SUP-00043,EMP-00094,WH-BLR-01,2026-01-27,379717.24,Completed
PO-00283,PR-00283,SUP-00029,EMP-00030,WH-CHN-01,2026-01-04,94817.7,Completed
PO-00284,PR-00284,SUP-00046,EMP-00100,WH-BLR-01,2026-01-05,373928.4,Completed
PO-00285,PR-00285,SUP-00010,EMP-00084,WH-HYD-01,2026-03-02,60340.98,Completed
PO-00286,PR-00286,SUP-00031,EMP-00070,WH-BLR-01,2026-02-17,32418.4,Completed
PO-00287,PR-00287,SUP-00022,EMP-00024,WH-CHN-01,2026-02-16,428540.16,Completed
PO-00288,PR-00288,SUP-00038,EMP-00049,WH-HYD-01,2026-04-25,120494.2,Completed
PO-00289,PR-00289,SUP-00009,EMP-00016,WH-HYD-01,2026-04-24,83384.1,Completed
PO-00290,PR-00290,SUP-00008,EMP-00049,WH-CHN-01,2026-01-14,54394.89,Completed
PO-00291,PR-00291,SUP-00010,EMP-00077,WH-CHN-01,2026-03-21,209303.75,Completed
PO-00292,PR-00292,SUP-00029,EMP-00090,WH-CHN-01,2026-01-20,151356.25,Delayed
PO-00293,PR-00293,SUP-00032,EMP-00013,WH-BLR-01,2026-04-06,19382.74,Completed
PO-00294,PR-00294,SUP-00046,EMP-00008,WH-CHN-01,2026-03-12,233336.91,Completed
PO-00295,PR-00295,SUP-00033,EMP-00014,WH-HYD-01,2026-04-24,392991.2,Completed
PO-00296,PR-00296,SUP-00023,EMP-00086,WH-BLR-01,2026-01-24,13676.95,Completed
PO-00297,PR-00297,SUP-00012,EMP-00014,WH-CHN-01,2026-03-24,75539.68,Completed
PO-00298,PR-00298,SUP-00016,EMP-00085,WH-MYS-01,2026-02-02,443771.61,Completed
PO-00299,PR-00299,SUP-00025,EMP-00019,WH-HYD-01,2026-02-01,267908.8,Cancelled
PO-00300,PR-00300,SUP-00050,EMP-00022,WH-BLR-01,2026-02-16,103785.12,Delayed
PO-00301,PR-00301,SUP-00024,EMP-00044,WH-BLR-01,2026-03-30,255484.46,Cancelled
PO-00302,PR-00302,SUP-00036,EMP-00028,WH-MYS-01,2026-05-11,205670.79,Completed
PO-00303,PR-00303,SUP-00037,EMP-00027,WH-BLR-01,2026-03-19,136544.7,Completed
PO-00304,PR-00304,SUP-00036,EMP-00019,WH-MYS-01,2026-01-15,261322.5,Delayed
PO-00305,PR-00305,SUP-00019,EMP-00030,WH-HYD-01,2026-01-14,47310.48,Delayed
PO-00306,PR-00306,SUP-00002,EMP-00003,WH-MYS-01,2026-03-14,274175.0,Delayed
PO-00307,PR-00307,SUP-00039,EMP-00014,WH-HYD-01,2026-03-03,266010.64,Delayed
PO-00308,PR-00308,SUP-00026,EMP-00066,WH-HYD-01,2026-03-27,54663.7,Completed
PO-00309,PR-00309,SUP-00036,EMP-00046,WH-MYS-01,2026-03-07,298898.38,Delayed
PO-00310,PR-00310,SUP-00042,EMP-00012,WH-BLR-01,2026-02-11,321171.31,Completed
PO-00311,PR-00311,SUP-00034,EMP-00020,WH-MYS-01,2026-04-13,61675.6,Completed
PO-00312,PR-00312,SUP-00004,EMP-00039,WH-MYS-01,2026-04-23,2377.08,Completed
PO-00313,PR-00313,SUP-00015,EMP-00071,WH-MYS-01,2026-05-23,242879.28,Completed
PO-00314,PR-00314,SUP-00049,EMP-00051,WH-MYS-01,2026-04-13,123354.96,Cancelled
PO-00315,PR-00315,SUP-00047,EMP-00071,WH-CHN-01,2026-03-21,148021.44,Completed
PO-00316,PR-00316,SUP-00011,EMP-00016,WH-MYS-01,2026-03-14,98877.8,Completed
PO-00317,PR-00317,SUP-00031,EMP-00083,WH-MYS-01,2026-04-30,143318.75,Cancelled
PO-00318,PR-00318,SUP-00025,EMP-00071,WH-HYD-01,2026-04-28,69769.48,Delayed
PO-00319,PR-00319,SUP-00035,EMP-00026,WH-CHN-01,2026-01-14,106252.0,Cancelled
PO-00320,PR-00320,SUP-00022,EMP-00088,WH-MYS-01,2026-05-13,361331.1,Delayed
PO-00321,PR-00321,SUP-00043,EMP-00069,WH-MYS-01,2026-01-27,6111.05,Completed
PO-00322,PR-00322,SUP-00037,EMP-00009,WH-HYD-01,2026-02-12,233268.42,Completed
PO-00323,PR-00323,SUP-00038,EMP-00057,WH-HYD-01,2026-01-26,88822.44,Completed
PO-00324,PR-00324,SUP-00030,EMP-00018,WH-CHN-01,2026-02-04,80454.64,Delayed
PO-00325,PR-00325,SUP-00024,EMP-00062,WH-MYS-01,2026-05-12,35979.59,Completed
PO-00326,PR-00326,SUP-00009,EMP-00073,WH-HYD-01,2026-03-16,286596.4,Completed
PO-00327,PR-00327,SUP-00005,EMP-00082,WH-CHN-01,2026-05-10,109998.9,Completed
PO-00328,PR-00328,SUP-00009,EMP-00080,WH-HYD-01,2026-02-28,28825.32,Cancelled
PO-00329,PR-00329,SUP-00042,EMP-00050,WH-MYS-01,2026-05-12,235794.72,Completed
PO-00330,PR-00330,SUP-00019,EMP-00089,WH-CHN-01,2026-01-10,31914.8,Delayed
PO-00331,PR-00331,SUP-00027,EMP-00042,WH-HYD-01,2026-05-18,102264.96,Completed
PO-00332,PR-00332,SUP-00039,EMP-00070,WH-MYS-01,2026-05-22,258006.75,Completed
PO-00333,PR-00333,SUP-00025,EMP-00019,WH-BLR-01,2026-02-24,185749.84,Delayed
PO-00334,PR-00334,SUP-00018,EMP-00054,WH-MYS-01,2026-04-05,461205.12,Completed
PO-00335,PR-00335,SUP-00015,EMP-00095,WH-CHN-01,2026-05-09,136544.7,Completed
PO-00336,PR-00336,SUP-00018,EMP-00036,WH-HYD-01,2026-01-04,620773.68,Completed
PO-00337,PR-00337,SUP-00028,EMP-00017,WH-HYD-01,2026-01-27,427367.5,Completed
PO-00338,PR-00338,SUP-00003,EMP-00003,WH-MYS-01,2026-01-22,261714.0,Completed
PO-00339,PR-00339,SUP-00016,EMP-00086,WH-HYD-01,2026-04-26,382237.92,Cancelled
PO-00340,PR-00340,SUP-00034,EMP-00063,WH-HYD-01,2026-03-03,124625.0,Completed
PO-00341,PR-00341,SUP-00033,EMP-00053,WH-BLR-01,2026-02-16,648657.0,Cancelled
PO-00342,PR-00342,SUP-00019,EMP-00093,WH-CHN-01,2026-03-02,218555.01,Completed
PO-00343,PR-00343,SUP-00014,EMP-00099,WH-BLR-01,2026-02-08,62701.32,Completed
PO-00344,PR-00344,SUP-00011,EMP-00056,WH-HYD-01,2026-03-29,285420.6,Completed
PO-00345,PR-00345,SUP-00046,EMP-00001,WH-MYS-01,2026-01-30,460170.89,Completed
PO-00346,PR-00346,SUP-00008,EMP-00044,WH-MYS-01,2026-04-24,22196.3,Delayed
PO-00347,PR-00347,SUP-00020,EMP-00078,WH-BLR-01,2026-02-14,12281.36,Completed
PO-00348,PR-00348,SUP-00029,EMP-00092,WH-BLR-01,2026-01-23,41547.6,Completed
PO-00349,PR-00349,SUP-00022,EMP-00072,WH-MYS-01,2026-04-06,103002.76,Delayed
PO-00350,PR-00350,SUP-00026,EMP-00027,WH-HYD-01,2026-04-23,48956.05,Completed
PO-00351,PR-00351,SUP-00034,EMP-00098,WH-CHN-01,2026-03-17,233883.66,Completed
PO-00352,PR-00352,SUP-00020,EMP-00042,WH-CHN-01,2026-02-12,237690.57,Delayed
PO-00353,PR-00353,SUP-00046,EMP-00099,WH-CHN-01,2026-02-24,196085.13,Cancelled
PO-00354,PR-00354,SUP-00005,EMP-00099,WH-CHN-01,2026-02-05,1327.7,Completed
PO-00355,PR-00355,SUP-00019,EMP-00073,WH-CHN-01,2026-02-20,5256.72,Completed
PO-00356,PR-00356,SUP-00030,EMP-00032,WH-BLR-01,2026-03-10,446046.02,Completed
PO-00357,PR-00357,SUP-00001,EMP-00085,WH-BLR-01,2026-02-06,196126.42,Completed
PO-00358,PR-00358,SUP-00016,EMP-00086,WH-CHN-01,2026-04-21,14458.49,Delayed
PO-00359,PR-00359,SUP-00047,EMP-00033,WH-MYS-01,2026-04-02,210921.48,Completed
PO-00360,PR-00360,SUP-00023,EMP-00082,WH-BLR-01,2026-02-02,14185.89,Completed
PO-00361,PR-00361,SUP-00026,EMP-00048,WH-BLR-01,2026-05-08,33100.41,Delayed
PO-00362,PR-00362,SUP-00025,EMP-00003,WH-BLR-01,2026-02-01,28371.78,Completed
PO-00363,PR-00363,SUP-00013,EMP-00016,WH-BLR-01,2026-06-04,63915.6,Completed
PO-00364,PR-00364,SUP-00039,EMP-00088,WH-HYD-01,2026-01-31,211113.09,Delayed
PO-00365,PR-00365,SUP-00041,EMP-00095,WH-CHN-01,2026-04-21,24928.56,Completed
PO-00366,PR-00366,SUP-00014,EMP-00047,WH-HYD-01,2026-02-19,26094.66,Completed
PO-00367,PR-00367,SUP-00041,EMP-00060,WH-HYD-01,2026-03-06,217121.52,Delayed
PO-00368,PR-00368,SUP-00034,EMP-00058,WH-MYS-01,2026-04-07,20113.66,Cancelled
PO-00369,PR-00369,SUP-00018,EMP-00053,WH-BLR-01,2026-02-09,577201.83,Completed
PO-00370,PR-00370,SUP-00022,EMP-00054,WH-HYD-01,2026-02-22,56071.68,Delayed
PO-00371,PR-00371,SUP-00002,EMP-00010,WH-BLR-01,2026-01-19,371198.19,Completed
PO-00372,PR-00372,SUP-00049,EMP-00035,WH-HYD-01,2026-02-15,44092.41,Completed
PO-00373,PR-00373,SUP-00049,EMP-00090,WH-BLR-01,2026-02-25,352594.58,Completed
PO-00374,PR-00374,SUP-00046,EMP-00076,WH-CHN-01,2026-01-18,4552.44,Cancelled
PO-00375,PR-00375,SUP-00045,EMP-00002,WH-BLR-01,2026-06-04,213717.12,Delayed
PO-00376,PR-00376,SUP-00008,EMP-00013,WH-MYS-01,2026-03-17,143436.0,Cancelled
PO-00377,PR-00377,SUP-00043,EMP-00067,WH-BLR-01,2026-03-06,219144.75,Completed
PO-00378,PR-00378,SUP-00002,EMP-00067,WH-HYD-01,2026-05-03,110222.56,Completed
PO-00379,PR-00379,SUP-00002,EMP-00059,WH-HYD-01,2026-03-17,219785.35,Completed
PO-00380,PR-00380,SUP-00034,EMP-00021,WH-HYD-01,2026-05-17,227298.39,Cancelled
PO-00381,PR-00381,SUP-00012,EMP-00050,WH-BLR-01,2026-05-30,593783.52,Completed
PO-00382,PR-00382,SUP-00013,EMP-00002,WH-HYD-01,2026-04-01,15933.54,Completed
PO-00383,PR-00383,SUP-00017,EMP-00069,WH-HYD-01,2026-02-19,95879.94,Completed
PO-00384,PR-00384,SUP-00012,EMP-00023,WH-CHN-01,2026-02-07,161897.97,Delayed
PO-00385,PR-00385,SUP-00027,EMP-00076,WH-MYS-01,2026-04-23,37293.36,Completed
PO-00386,PR-00386,SUP-00007,EMP-00075,WH-MYS-01,2026-05-23,98814.4,Delayed
PO-00387,PR-00387,SUP-00048,EMP-00014,WH-MYS-01,2026-03-22,135048.86,Delayed
PO-00388,PR-00388,SUP-00049,EMP-00074,WH-CHN-01,2026-03-28,538959.36,Delayed
PO-00389,PR-00389,SUP-00014,EMP-00042,WH-BLR-01,2026-03-30,1358.4,Completed
PO-00390,PR-00390,SUP-00036,EMP-00030,WH-BLR-01,2026-05-05,308799.22,Completed
PO-00391,PR-00391,SUP-00020,EMP-00022,WH-MYS-01,2026-02-12,261579.9,Completed
PO-00392,PR-00392,SUP-00010,EMP-00021,WH-CHN-01,2026-01-24,569791.35,Completed
PO-00393,PR-00393,SUP-00019,EMP-00065,WH-MYS-01,2026-03-14,206040.1,Delayed
PO-00394,PR-00394,SUP-00025,EMP-00075,WH-MYS-01,2026-04-27,199467.5,Completed
PO-00395,PR-00395,SUP-00036,EMP-00072,WH-MYS-01,2026-04-20,11117.34,Completed
PO-00396,PR-00396,SUP-00037,EMP-00013,WH-HYD-01,2026-03-02,323213.75,Completed
PO-00397,PR-00397,SUP-00036,EMP-00042,WH-HYD-01,2026-02-14,463850.52,Completed
PO-00398,PR-00398,SUP-00025,EMP-00073,WH-CHN-01,2026-04-25,77234.29,Completed
PO-00399,PR-00399,SUP-00049,EMP-00087,WH-MYS-01,2026-01-06,77471.51,Completed
PO-00400,PR-00400,SUP-00043,EMP-00098,WH-BLR-01,2026-02-10,78810.5,Completed
PO-00401,PR-00401,SUP-00042,EMP-00004,WH-CHN-01,2026-01-16,165540.15,Completed
PO-00402,PR-00402,SUP-00042,EMP-00045,WH-BLR-01,2026-04-15,129609.6,Completed
PO-00403,PR-00403,SUP-00044,EMP-00062,WH-MYS-01,2026-04-01,490445.2,Completed
PO-00404,PR-00404,SUP-00038,EMP-00062,WH-BLR-01,2026-05-01,89703.37,Completed
PO-00405,PR-00405,SUP-00044,EMP-00052,WH-CHN-01,2026-05-15,95429.88,Completed
PO-00406,PR-00406,SUP-00027,EMP-00044,WH-HYD-01,2026-03-18,212665.05,Delayed
PO-00407,PR-00407,SUP-00008,EMP-00023,WH-MYS-01,2026-03-03,531709.98,Completed
PO-00408,PR-00408,SUP-00011,EMP-00069,WH-CHN-01,2026-02-06,62537.39,Completed
PO-00409,PR-00409,SUP-00020,EMP-00016,WH-HYD-01,2026-03-19,19451.04,Delayed
PO-00410,PR-00410,SUP-00008,EMP-00039,WH-MYS-01,2026-03-24,116190.9,Completed
PO-00411,PR-00411,SUP-00048,EMP-00036,WH-HYD-01,2026-04-01,38349.36,Completed
PO-00412,PR-00412,SUP-00003,EMP-00029,WH-CHN-01,2026-02-21,166018.75,Completed
PO-00413,PR-00413,SUP-00040,EMP-00100,WH-MYS-01,2026-04-23,188121.26,Completed
PO-00414,PR-00414,SUP-00009,EMP-00022,WH-CHN-01,2026-02-07,379485.3,Completed
PO-00415,PR-00415,SUP-00012,EMP-00018,WH-CHN-01,2026-04-19,81740.97,Completed
PO-00416,PR-00416,SUP-00030,EMP-00073,WH-MYS-01,2026-02-01,265489.56,Completed
PO-00417,PR-00417,SUP-00040,EMP-00067,WH-MYS-01,2026-04-12,97747.79,Completed
PO-00418,PR-00418,SUP-00016,EMP-00034,WH-MYS-01,2026-05-10,55598.44,Completed
PO-00419,PR-00419,SUP-00015,EMP-00006,WH-MYS-01,2026-05-12,551173.07,Completed
PO-00420,PR-00420,SUP-00045,EMP-00053,WH-MYS-01,2026-03-30,176605.8,Completed
PO-00421,PR-00421,SUP-00005,EMP-00099,WH-CHN-01,2026-02-05,14750.76,Delayed
PO-00422,PR-00422,SUP-00002,EMP-00066,WH-BLR-01,2026-04-04,97559.35,Completed
PO-00423,PR-00423,SUP-00015,EMP-00025,WH-MYS-01,2026-05-28,96359.6,Completed
PO-00424,PR-00424,SUP-00015,EMP-00082,WH-CHN-01,2026-04-29,141776.7,Completed
PO-00425,PR-00425,SUP-00017,EMP-00080,WH-HYD-01,2026-04-09,209055.75,Completed
PO-00426,PR-00426,SUP-00012,EMP-00026,WH-CHN-01,2026-03-23,18162.75,Delayed
PO-00427,PR-00427,SUP-00002,EMP-00076,WH-CHN-01,2026-02-11,175541.6,Completed
PO-00428,PR-00428,SUP-00045,EMP-00051,WH-BLR-01,2026-02-27,85859.76,Completed
PO-00429,PR-00429,SUP-00029,EMP-00056,WH-BLR-01,2026-04-29,2873.38,Completed
PO-00430,PR-00430,SUP-00043,EMP-00092,WH-MYS-01,2026-05-31,129302.1,Completed
PO-00431,PR-00431,SUP-00002,EMP-00050,WH-MYS-01,2026-02-03,1952.5,Completed
PO-00432,PR-00432,SUP-00019,EMP-00086,WH-HYD-01,2026-03-15,78283.98,Completed
PO-00433,PR-00433,SUP-00004,EMP-00012,WH-HYD-01,2026-05-23,43172.92,Completed
PO-00434,PR-00434,SUP-00050,EMP-00043,WH-HYD-01,2026-04-12,276280.95,Completed
PO-00435,PR-00435,SUP-00030,EMP-00079,WH-HYD-01,2026-02-10,260332.75,Completed
PO-00436,PR-00436,SUP-00040,EMP-00039,WH-BLR-01,2026-04-21,44524.4,Completed
PO-00437,PR-00437,SUP-00018,EMP-00029,WH-HYD-01,2026-02-28,97908.7,Delayed
PO-00438,PR-00438,SUP-00033,EMP-00042,WH-MYS-01,2026-02-23,188849.2,Delayed
PO-00439,PR-00439,SUP-00028,EMP-00046,WH-CHN-01,2026-06-04,274997.25,Completed
PO-00440,PR-00440,SUP-00025,EMP-00045,WH-CHN-01,2026-04-12,410272.8,Completed
PO-00441,PR-00441,SUP-00050,EMP-00031,WH-MYS-01,2026-03-15,152279.52,Completed
PO-00442,PR-00442,SUP-00049,EMP-00037,WH-BLR-01,2026-03-19,176612.64,Completed
PO-00443,PR-00443,SUP-00030,EMP-00069,WH-HYD-01,2026-04-14,78473.97,Completed
PO-00444,PR-00444,SUP-00040,EMP-00100,WH-BLR-01,2026-01-04,129285.5,Delayed
PO-00445,PR-00445,SUP-00002,EMP-00018,WH-MYS-01,2026-03-24,3592.6,Completed
PO-00446,PR-00446,SUP-00031,EMP-00063,WH-CHN-01,2026-03-03,191995.92,Completed
PO-00447,PR-00447,SUP-00019,EMP-00022,WH-MYS-01,2026-01-30,215399.14,Completed
PO-00448,PR-00448,SUP-00004,EMP-00042,WH-CHN-01,2026-05-31,69585.76,Completed
PO-00449,PR-00449,SUP-00050,EMP-00063,WH-CHN-01,2026-03-06,292225.56,Delayed
PO-00450,PR-00450,SUP-00001,EMP-00003,WH-HYD-01,2026-02-10,15621.62,Delayed
PO-00451,PR-00451,SUP-00030,EMP-00091,WH-BLR-01,2026-05-16,129518.76,Completed
PO-00452,PR-00452,SUP-00031,EMP-00078,WH-MYS-01,2026-01-28,8241.65,Completed
PO-00453,PR-00453,SUP-00035,EMP-00078,WH-BLR-01,2026-05-01,446396.0,Completed
PO-00454,PR-00454,SUP-00037,EMP-00012,WH-MYS-01,2026-02-13,53567.52,Completed
PO-00455,PR-00455,SUP-00036,EMP-00028,WH-CHN-01,2026-03-10,230778.45,Completed
PO-00456,PR-00456,SUP-00004,EMP-00036,WH-BLR-01,2026-04-29,299157.25,Completed
PO-00457,PR-00457,SUP-00018,EMP-00008,WH-HYD-01,2026-06-06,237690.57,Delayed
PO-00458,PR-00458,SUP-00050,EMP-00092,WH-MYS-01,2026-01-29,14329.82,Completed
PO-00459,PR-00459,SUP-00001,EMP-00010,WH-HYD-01,2026-02-19,428568.9,Completed
PO-00460,PR-00460,SUP-00048,EMP-00026,WH-CHN-01,2026-01-06,1648.33,Completed
PO-00461,PR-00461,SUP-00005,EMP-00070,WH-HYD-01,2026-05-23,501739.2,Delayed
PO-00462,PR-00462,SUP-00047,EMP-00038,WH-HYD-01,2026-02-26,106664.4,Completed
PO-00463,PR-00463,SUP-00033,EMP-00012,WH-CHN-01,2026-03-03,426212.78,Delayed
PO-00464,PR-00464,SUP-00032,EMP-00005,WH-CHN-01,2026-05-23,32166.61,Completed
PO-00465,PR-00465,SUP-00008,EMP-00020,WH-BLR-01,2026-04-07,54675.67,Completed
PO-00466,PR-00466,SUP-00032,EMP-00045,WH-MYS-01,2026-02-25,527228.59,Completed
PO-00467,PR-00467,SUP-00023,EMP-00062,WH-MYS-01,2026-05-29,61145.37,Completed
PO-00468,PR-00468,SUP-00044,EMP-00026,WH-CHN-01,2026-03-02,202190.12,Completed
PO-00469,PR-00469,SUP-00045,EMP-00064,WH-BLR-01,2026-05-03,501733.8,Completed
PO-00470,PR-00470,SUP-00011,EMP-00037,WH-BLR-01,2026-03-20,218555.01,Completed
PO-00471,PR-00471,SUP-00011,EMP-00008,WH-MYS-01,2026-01-22,336199.24,Delayed
PO-00472,PR-00472,SUP-00024,EMP-00035,WH-HYD-01,2026-01-21,549599.4,Delayed
PO-00473,PR-00473,SUP-00019,EMP-00026,WH-BLR-01,2026-04-16,140205.9,Completed
PO-00474,PR-00474,SUP-00004,EMP-00049,WH-MYS-01,2026-04-14,188849.2,Completed
PO-00475,PR-00475,SUP-00043,EMP-00025,WH-CHN-01,2026-05-08,135613.3,Completed
PO-00476,PR-00476,SUP-00050,EMP-00009,WH-MYS-01,2026-04-04,62550.15,Completed
PO-00477,PR-00477,SUP-00028,EMP-00080,WH-BLR-01,2026-01-14,242135.11,Delayed
PO-00478,PR-00478,SUP-00001,EMP-00065,WH-HYD-01,2026-01-16,260741.14,Delayed
PO-00479,PR-00479,SUP-00037,EMP-00083,WH-BLR-01,2026-06-05,118030.75,Completed
PO-00480,PR-00480,SUP-00038,EMP-00009,WH-HYD-01,2026-05-19,8725.51,Delayed
PO-00481,PR-00481,SUP-00019,EMP-00004,WH-BLR-01,2026-05-07,281049.73,Completed
PO-00482,PR-00482,SUP-00021,EMP-00027,WH-BLR-01,2026-05-15,155379.4,Completed
PO-00483,PR-00483,SUP-00015,EMP-00071,WH-MYS-01,2026-03-03,351062.8,Completed
PO-00484,PR-00484,SUP-00004,EMP-00053,WH-MYS-01,2026-02-14,116648.64,Completed
PO-00485,PR-00485,SUP-00013,EMP-00045,WH-MYS-01,2026-02-06,51714.2,Completed
PO-00486,PR-00486,SUP-00012,EMP-00066,WH-HYD-01,2026-05-24,336750.77,Completed
PO-00487,PR-00487,SUP-00013,EMP-00039,WH-CHN-01,2026-01-27,7586.59,Completed
PO-00488,PR-00488,SUP-00026,EMP-00007,WH-HYD-01,2026-02-19,120886.32,Completed
PO-00489,PR-00489,SUP-00050,EMP-00012,WH-BLR-01,2026-05-01,79272.5,Completed
PO-00490,PR-00490,SUP-00022,EMP-00018,WH-CHN-01,2026-02-26,472880.07,Completed
PO-00491,PR-00491,SUP-00014,EMP-00040,WH-BLR-01,2026-01-13,176703.72,Completed
PO-00492,PR-00492,SUP-00024,EMP-00046,WH-CHN-01,2026-04-26,290609.9,Completed
PO-00493,PR-00493,SUP-00027,EMP-00033,WH-MYS-01,2026-04-24,462871.11,Completed
PO-00494,PR-00494,SUP-00001,EMP-00087,WH-CHN-01,2026-03-10,222304.68,Delayed
PO-00495,PR-00495,SUP-00047,EMP-00020,WH-BLR-01,2026-03-20,484170.9,Completed
PO-00496,PR-00496,SUP-00037,EMP-00016,WH-CHN-01,2026-04-10,9104.88,Completed
PO-00497,PR-00497,SUP-00035,EMP-00097,WH-HYD-01,2026-06-15,226108.85,Completed
PO-00498,PR-00498,SUP-00006,EMP-00069,WH-CHN-01,2026-04-23,147133.56,Completed
PO-00499,PR-00499,SUP-00025,EMP-00012,WH-BLR-01,2026-03-14,650943.84,Completed
PO-00500,PR-00500,SUP-00031,EMP-00021,WH-BLR-01,2026-03-04,33665.06,Delayed
PO-00501,PR-00501,SUP-00004,EMP-00025,WH-CHN-01,2026-02-13,348701.33,Delayed
PO-00502,PR-00502,SUP-00012,EMP-00032,WH-CHN-01,2026-01-26,526624.8,Completed
PO-00503,PR-00503,SUP-00013,EMP-00001,WH-MYS-01,2026-04-21,49044.52,Delayed
PO-00504,PR-00504,SUP-00024,EMP-00049,WH-MYS-01,2026-05-14,186399.5,Completed
PO-00505,PR-00505,SUP-00004,EMP-00025,WH-BLR-01,2026-02-18,13963.97,Cancelled
PO-00506,PR-00506,SUP-00039,EMP-00090,WH-BLR-01,2026-03-16,152098.04,Completed
PO-00507,PR-00507,SUP-00028,EMP-00002,WH-HYD-01,2026-01-26,114516.8,Completed
PO-00508,PR-00508,SUP-00004,EMP-00093,WH-CHN-01,2026-03-03,7810.81,Completed
PO-00509,PR-00509,SUP-00012,EMP-00078,WH-HYD-01,2026-05-14,88056.76,Delayed
PO-00510,PR-00510,SUP-00032,EMP-00047,WH-MYS-01,2026-05-22,358580.69,Completed
PO-00511,PR-00511,SUP-00013,EMP-00072,WH-CHN-01,2026-03-31,69585.76,Completed
PO-00512,PR-00512,SUP-00003,EMP-00079,WH-BLR-01,2026-03-01,40331.42,Completed
PO-00513,PR-00513,SUP-00008,EMP-00072,WH-BLR-01,2026-03-14,224329.44,Delayed
PO-00514,PR-00514,SUP-00005,EMP-00055,WH-MYS-01,2026-05-26,224007.25,Completed
PO-00515,PR-00515,SUP-00037,EMP-00025,WH-MYS-01,2026-05-13,164753.29,Completed
PO-00516,PR-00516,SUP-00005,EMP-00052,WH-CHN-01,2026-03-08,9889.98,Completed
PO-00517,PR-00517,SUP-00044,EMP-00065,WH-HYD-01,2026-01-04,244442.0,Completed
PO-00518,PR-00518,SUP-00048,EMP-00044,WH-BLR-01,2026-05-11,313186.44,Completed
PO-00519,PR-00519,SUP-00011,EMP-00079,WH-MYS-01,2026-05-19,296932.3,Completed
PO-00520,PR-00520,SUP-00022,EMP-00036,WH-MYS-01,2026-05-05,2021.75,Completed
PO-00521,PR-00521,SUP-00049,EMP-00048,WH-HYD-01,2026-04-11,219785.35,Completed
PO-00522,PR-00522,SUP-00019,EMP-00100,WH-MYS-01,2026-03-07,74775.0,Completed
PO-00523,PR-00523,SUP-00004,EMP-00065,WH-MYS-01,2026-04-22,276178.89,Completed
PO-00524,PR-00524,SUP-00019,EMP-00008,WH-CHN-01,2026-06-02,55508.04,Delayed
PO-00525,PR-00525,SUP-00006,EMP-00067,WH-MYS-01,2026-04-22,264967.85,Delayed
PO-00526,PR-00526,SUP-00004,EMP-00066,WH-CHN-01,2026-05-05,221241.3,Completed
PO-00527,PR-00527,SUP-00033,EMP-00062,WH-MYS-01,2026-04-02,128458.72,Completed
PO-00528,PR-00528,SUP-00038,EMP-00088,WH-HYD-01,2026-01-25,83192.88,Completed
PO-00529,PR-00529,SUP-00016,EMP-00067,WH-HYD-01,2026-04-09,18205.96,Completed
PO-00530,PR-00530,SUP-00043,EMP-00015,WH-HYD-01,2026-03-06,108987.96,Cancelled
PO-00531,PR-00531,SUP-00045,EMP-00029,WH-HYD-01,2026-04-11,39848.94,Completed
PO-00532,PR-00532,SUP-00014,EMP-00039,WH-CHN-01,2026-05-04,69794.78,Completed
PO-00533,PR-00533,SUP-00024,EMP-00083,WH-HYD-01,2026-01-21,236217.03,Completed
PO-00534,PR-00534,SUP-00025,EMP-00050,WH-CHN-01,2026-04-18,114516.8,Completed
PO-00535,PR-00535,SUP-00024,EMP-00088,WH-HYD-01,2026-04-17,261038.47,Completed
PO-00536,PR-00536,SUP-00050,EMP-00074,WH-CHN-01,2026-01-22,31605.9,Delayed
PO-00537,PR-00537,SUP-00017,EMP-00035,WH-BLR-01,2026-05-24,661258.92,Cancelled
PO-00538,PR-00538,SUP-00016,EMP-00068,WH-HYD-01,2026-03-13,7923.6,Completed
PO-00539,PR-00539,SUP-00036,EMP-00027,WH-HYD-01,2026-04-28,18164.66,Completed
PO-00540,PR-00540,SUP-00001,EMP-00017,WH-MYS-01,2026-04-10,441400.68,Completed
PO-00541,PR-00541,SUP-00030,EMP-00010,WH-HYD-01,2026-05-07,503516.49,Completed
PO-00542,PR-00542,SUP-00039,EMP-00055,WH-HYD-01,2026-05-08,181646.6,Completed
PO-00543,PR-00543,SUP-00027,EMP-00072,WH-BLR-01,2026-02-11,310386.84,Completed
PO-00544,PR-00544,SUP-00050,EMP-00079,WH-BLR-01,2026-05-10,95879.94,Completed
PO-00545,PR-00545,SUP-00047,EMP-00070,WH-CHN-01,2026-05-30,138595.86,Completed
PO-00546,PR-00546,SUP-00032,EMP-00034,WH-HYD-01,2026-04-12,11035.04,Completed
PO-00547,PR-00547,SUP-00038,EMP-00021,WH-MYS-01,2026-03-20,170114.1,Delayed
PO-00548,PR-00548,SUP-00050,EMP-00029,WH-CHN-01,2026-02-07,242792.35,Completed
PO-00549,PR-00549,SUP-00031,EMP-00015,WH-BLR-01,2026-02-22,25020.66,Completed
PO-00550,PR-00550,SUP-00008,EMP-00038,WH-MYS-01,2026-03-18,13503.2,Completed
PO-00551,PR-00551,SUP-00048,EMP-00066,WH-CHN-01,2026-01-07,461205.12,Cancelled
PO-00552,PR-00552,SUP-00001,EMP-00053,WH-BLR-01,2026-01-11,265647.6,Delayed
PO-00553,PR-00553,SUP-00033,EMP-00069,WH-MYS-01,2026-05-23,12910.1,Completed
PO-00554,PR-00554,SUP-00002,EMP-00005,WH-BLR-01,2026-04-11,86201.4,Completed
PO-00555,PR-00555,SUP-00040,EMP-00090,WH-MYS-01,2026-05-18,89048.8,Delayed
PO-00556,PR-00556,SUP-00044,EMP-00028,WH-MYS-01,2026-01-15,142452.13,Completed
PO-00557,PR-00557,SUP-00030,EMP-00042,WH-MYS-01,2026-04-06,117737.2,Completed
PO-00558,PR-00558,SUP-00014,EMP-00011,WH-CHN-01,2026-03-15,38792.22,Completed
PO-00559,PR-00559,SUP-00045,EMP-00080,WH-HYD-01,2026-02-12,81367.98,Completed
PO-00560,PR-00560,SUP-00011,EMP-00022,WH-MYS-01,2026-01-19,472327.8,Delayed
PO-00561,PR-00561,SUP-00018,EMP-00037,WH-BLR-01,2026-05-16,143280.88,Completed
PO-00562,PR-00562,SUP-00025,EMP-00045,WH-HYD-01,2026-04-10,601942.2,Completed
PO-00563,PR-00563,SUP-00048,EMP-00083,WH-CHN-01,2026-05-24,211898.75,Completed
PO-00564,PR-00564,SUP-00028,EMP-00036,WH-HYD-01,2026-03-17,66414.9,Completed
PO-00565,PR-00565,SUP-00046,EMP-00077,WH-BLR-01,2026-05-23,244771.75,Completed
PO-00566,PR-00566,SUP-00004,EMP-00059,WH-CHN-01,2026-04-11,528078.27,Cancelled
PO-00567,PR-00567,SUP-00021,EMP-00030,WH-CHN-01,2026-03-04,347928.8,Completed
PO-00568,PR-00568,SUP-00035,EMP-00008,WH-MYS-01,2026-04-03,14177.67,Delayed
PO-00569,PR-00569,SUP-00030,EMP-00081,WH-CHN-01,2026-02-17,42984.76,Completed
PO-00570,PR-00570,SUP-00029,EMP-00060,WH-BLR-01,2026-05-20,11474.88,Completed
PO-00571,PR-00571,SUP-00024,EMP-00096,WH-CHN-01,2026-01-06,130072.09,Completed
PO-00572,PR-00572,SUP-00034,EMP-00036,WH-BLR-01,2026-04-21,151382.96,Completed
PO-00573,PR-00573,SUP-00010,EMP-00027,WH-CHN-01,2026-03-20,60856.07,Completed
PO-00574,PR-00574,SUP-00019,EMP-00052,WH-CHN-01,2026-02-21,130072.09,Delayed
PO-00575,PR-00575,SUP-00018,EMP-00001,WH-BLR-01,2026-02-05,627167.25,Completed
PO-00576,PR-00576,SUP-00018,EMP-00090,WH-CHN-01,2026-02-21,67266.19,Completed
PO-00577,PR-00577,SUP-00012,EMP-00087,WH-HYD-01,2026-04-07,681080.89,Completed
PO-00578,PR-00578,SUP-00042,EMP-00047,WH-CHN-01,2026-03-10,224329.44,Completed
PO-00579,PR-00579,SUP-00020,EMP-00080,WH-MYS-01,2026-04-28,75406.5,Completed
PO-00580,PR-00580,SUP-00003,EMP-00061,WH-HYD-01,2026-03-21,18357.66,Delayed
PO-00581,PR-00581,SUP-00006,EMP-00097,WH-HYD-01,2026-06-02,32714.71,Completed
PO-00582,PR-00582,SUP-00035,EMP-00054,WH-HYD-01,2026-02-16,184213.35,Completed
PO-00583,PR-00583,SUP-00047,EMP-00001,WH-CHN-01,2026-01-29,45411.65,Completed
PO-00584,PR-00584,SUP-00047,EMP-00069,WH-CHN-01,2026-02-18,117924.66,Completed
PO-00585,PR-00585,SUP-00003,EMP-00037,WH-MYS-01,2026-01-25,50876.32,Delayed
PO-00586,PR-00586,SUP-00012,EMP-00049,WH-MYS-01,2026-01-09,21332.88,Completed
PO-00587,PR-00587,SUP-00030,EMP-00030,WH-CHN-01,2026-03-30,528676.21,Cancelled
PO-00588,PR-00588,SUP-00034,EMP-00040,WH-HYD-01,2026-05-30,10160.02,Completed
PO-00589,PR-00589,SUP-00010,EMP-00074,WH-CHN-01,2026-01-26,33665.06,Completed
PO-00590,PR-00590,SUP-00036,EMP-00089,WH-CHN-01,2026-05-12,14067.72,Completed
PO-00591,PR-00591,SUP-00026,EMP-00009,WH-HYD-01,2026-06-09,2716.8,Completed
PO-00592,PR-00592,SUP-00035,EMP-00014,WH-HYD-01,2026-04-25,179300.25,Completed
PO-00593,PR-00593,SUP-00027,EMP-00054,WH-HYD-01,2026-03-01,120449.5,Completed
PO-00594,PR-00594,SUP-00021,EMP-00064,WH-MYS-01,2026-04-27,108023.76,Completed
PO-00595,PR-00595,SUP-00008,EMP-00075,WH-BLR-01,2026-01-27,159070.85,Completed
PO-00596,PR-00596,SUP-00034,EMP-00079,WH-MYS-01,2026-03-24,303416.64,Completed
PO-00597,PR-00597,SUP-00021,EMP-00034,WH-BLR-01,2026-05-25,261257.49,Cancelled
PO-00598,PR-00598,SUP-00003,EMP-00051,WH-HYD-01,2026-04-12,11474.88,Completed
PO-00599,PR-00599,SUP-00006,EMP-00023,WH-HYD-01,2026-01-17,23306.58,Completed
PO-00600,PR-00600,SUP-00036,EMP-00087,WH-BLR-01,2026-02-13,125582.25,Cancelled
PO-00601,PR-00601,SUP-00001,EMP-00005,WH-CHN-01,2026-03-24,22796.02,Completed
PO-00602,PR-00602,SUP-00011,EMP-00095,WH-CHN-01,2026-05-29,271226.6,Completed
PO-00603,PR-00603,SUP-00037,EMP-00034,WH-HYD-01,2026-02-14,3202.1,Completed
PO-00604,PR-00604,SUP-00046,EMP-00056,WH-HYD-01,2026-01-21,242770.5,Completed
PO-00605,PR-00605,SUP-00009,EMP-00045,WH-MYS-01,2026-04-15,44023.54,Cancelled
PO-00606,PR-00606,SUP-00021,EMP-00021,WH-MYS-01,2026-04-23,504213.45,Completed
PO-00607,PR-00607,SUP-00039,EMP-00089,WH-HYD-01,2026-03-07,182007.28,Delayed
PO-00608,PR-00608,SUP-00016,EMP-00081,WH-HYD-01,2026-05-18,64832.88,Delayed
PO-00609,PR-00609,SUP-00003,EMP-00079,WH-MYS-01,2026-01-21,272180.16,Delayed
PO-00610,PR-00610,SUP-00001,EMP-00024,WH-HYD-01,2026-01-13,79119.84,Delayed
PO-00611,PR-00611,SUP-00025,EMP-00058,WH-HYD-01,2026-02-09,147666.4,Cancelled
PO-00612,PR-00612,SUP-00040,EMP-00092,WH-BLR-01,2026-05-29,303064.52,Completed
PO-00613,PR-00613,SUP-00007,EMP-00034,WH-MYS-01,2026-05-19,438076.86,Completed
PO-00614,PR-00614,SUP-00010,EMP-00082,WH-BLR-01,2026-04-12,70818.45,Completed
PO-00615,PR-00615,SUP-00004,EMP-00060,WH-MYS-01,2026-03-24,613006.17,Completed
PO-00616,PR-00616,SUP-00007,EMP-00092,WH-BLR-01,2026-04-28,236131.2,Completed
PO-00617,PR-00617,SUP-00001,EMP-00051,WH-BLR-01,2026-04-18,64880.98,Completed
PO-00618,PR-00618,SUP-00020,EMP-00020,WH-BLR-01,2026-05-15,500402.48,Completed
PO-00619,PR-00619,SUP-00010,EMP-00041,WH-CHN-01,2026-06-06,168492.48,Completed
PO-00620,PR-00620,SUP-00033,EMP-00040,WH-MYS-01,2026-03-24,249250.0,Delayed
PO-00621,PR-00621,SUP-00032,EMP-00001,WH-MYS-01,2026-05-04,25379.92,Completed
PO-00622,PR-00622,SUP-00029,EMP-00076,WH-MYS-01,2026-04-13,190280.4,Completed
PO-00623,PR-00623,SUP-00024,EMP-00041,WH-BLR-01,2026-05-06,18224.28,Delayed
PO-00624,PR-00624,SUP-00027,EMP-00046,WH-MYS-01,2026-01-28,241772.64,Completed
PO-00625,PR-00625,SUP-00016,EMP-00073,WH-MYS-01,2026-04-11,295211.9,Delayed
PO-00626,PR-00626,SUP-00004,EMP-00065,WH-CHN-01,2026-02-25,378015.12,Completed
PO-00627,PR-00627,SUP-00024,EMP-00059,WH-HYD-01,2026-03-18,5554.01,Completed
PO-00628,PR-00628,SUP-00002,EMP-00031,WH-CHN-01,2026-01-10,4673.53,Completed
PO-00629,PR-00629,SUP-00047,EMP-00093,WH-BLR-01,2026-03-08,83262.06,Completed
PO-00630,PR-00630,SUP-00036,EMP-00002,WH-MYS-01,2026-03-17,96429.62,Completed
PO-00631,PR-00631,SUP-00048,EMP-00072,WH-HYD-01,2026-01-18,272735.24,Completed
PO-00632,PR-00632,SUP-00032,EMP-00097,WH-MYS-01,2026-03-27,31607.18,Completed
PO-00633,PR-00633,SUP-00015,EMP-00077,WH-HYD-01,2026-04-30,34484.5,Completed
PO-00634,PR-00634,SUP-00015,EMP-00098,WH-BLR-01,2026-04-23,87309.37,Completed
PO-00635,PR-00635,SUP-00029,EMP-00079,WH-BLR-01,2026-03-20,583791.3,Completed
PO-00636,PR-00636,SUP-00011,EMP-00089,WH-HYD-01,2026-02-04,272441.25,Completed
PO-00637,PR-00637,SUP-00001,EMP-00034,WH-MYS-01,2026-04-28,348773.2,Completed
PO-00638,PR-00638,SUP-00034,EMP-00059,WH-MYS-01,2026-06-08,444715.2,Delayed
PO-00639,PR-00639,SUP-00011,EMP-00083,WH-MYS-01,2026-03-18,15554.17,Delayed
PO-00640,PR-00640,SUP-00019,EMP-00100,WH-MYS-01,2026-04-20,512911.23,Completed
PO-00641,PR-00641,SUP-00012,EMP-00090,WH-BLR-01,2026-03-17,63080.64,Completed
PO-00642,PR-00642,SUP-00036,EMP-00100,WH-BLR-01,2026-02-04,14036.69,Completed
PO-00643,PR-00643,SUP-00009,EMP-00076,WH-BLR-01,2026-02-19,348701.33,Delayed
PO-00644,PR-00644,SUP-00033,EMP-00087,WH-CHN-01,2026-02-08,156441.12,Completed
PO-00645,PR-00645,SUP-00034,EMP-00078,WH-BLR-01,2026-01-28,236217.03,Completed
PO-00646,PR-00646,SUP-00042,EMP-00042,WH-BLR-01,2026-02-26,55586.7,Completed
PO-00647,PR-00647,SUP-00035,EMP-00097,WH-BLR-01,2026-04-01,478954.71,Completed
PO-00648,PR-00648,SUP-00035,EMP-00095,WH-MYS-01,2026-03-24,224357.04,Completed
PO-00649,PR-00649,SUP-00030,EMP-00033,WH-BLR-01,2026-04-12,21026.88,Completed
PO-00650,PR-00650,SUP-00003,EMP-00052,WH-HYD-01,2026-02-23,458687.13,Completed
PO-00651,PR-00651,SUP-00014,EMP-00046,WH-MYS-01,2026-05-09,319578.0,Delayed
PO-00652,PR-00652,SUP-00004,EMP-00002,WH-HYD-01,2026-02-25,208783.12,Completed
PO-00653,PR-00653,SUP-00008,EMP-00027,WH-BLR-01,2026-01-16,423762.0,Delayed
PO-00654,PR-00654,SUP-00043,EMP-00070,WH-HYD-01,2026-05-17,300971.16,Delayed
PO-00655,PR-00655,SUP-00030,EMP-00008,WH-BLR-01,2026-02-28,674362.5,Completed
PO-00656,PR-00656,SUP-00013,EMP-00015,WH-BLR-01,2026-03-12,3124.0,Completed
PO-00657,PR-00657,SUP-00022,EMP-00070,WH-HYD-01,2026-02-26,19335.0,Delayed
PO-00658,PR-00658,SUP-00048,EMP-00011,WH-BLR-01,2026-05-31,82848.7,Completed
PO-00659,PR-00659,SUP-00011,EMP-00037,WH-CHN-01,2026-02-04,195270.25,Completed
PO-00660,PR-00660,SUP-00008,EMP-00002,WH-HYD-01,2026-04-24,408704.85,Completed
PO-00661,PR-00661,SUP-00022,EMP-00100,WH-CHN-01,2026-04-05,61921.62,Cancelled
PO-00662,PR-00662,SUP-00009,EMP-00093,WH-CHN-01,2026-06-11,42379.75,Completed
PO-00663,PR-00663,SUP-00023,EMP-00084,WH-HYD-01,2026-05-06,151708.32,Completed
PO-00664,PR-00664,SUP-00042,EMP-00022,WH-CHN-01,2026-03-28,98089.04,Completed
PO-00665,PR-00665,SUP-00029,EMP-00063,WH-BLR-01,2026-02-24,459922.65,Completed
PO-00666,PR-00666,SUP-00036,EMP-00023,WH-CHN-01,2026-03-28,72269.7,Completed
PO-00667,PR-00667,SUP-00035,EMP-00040,WH-MYS-01,2026-03-07,347490.25,Completed
PO-00668,PR-00668,SUP-00050,EMP-00085,WH-BLR-01,2026-04-28,581883.3,Completed
PO-00669,PR-00669,SUP-00005,EMP-00093,WH-CHN-01,2026-06-08,1640.1,Completed
PO-00670,PR-00670,SUP-00046,EMP-00032,WH-CHN-01,2026-02-18,68830.52,Delayed
PO-00671,PR-00671,SUP-00002,EMP-00049,WH-BLR-01,2026-03-27,361889.58,Delayed
PO-00672,PR-00672,SUP-00038,EMP-00013,WH-CHN-01,2026-02-17,273374.0,Completed
PO-00673,PR-00673,SUP-00028,EMP-00089,WH-CHN-01,2026-02-28,277992.2,Delayed
PO-00674,PR-00674,SUP-00022,EMP-00001,WH-HYD-01,2026-04-03,340228.2,Delayed
PO-00675,PR-00675,SUP-00043,EMP-00051,WH-HYD-01,2026-01-20,205204.32,Delayed
PO-00676,PR-00676,SUP-00037,EMP-00059,WH-HYD-01,2026-02-01,375028.08,Completed
PO-00677,PR-00677,SUP-00046,EMP-00084,WH-MYS-01,2026-04-16,273460.22,Completed
PO-00678,PR-00678,SUP-00039,EMP-00047,WH-MYS-01,2026-02-23,24089.9,Completed
PO-00679,PR-00679,SUP-00018,EMP-00076,WH-CHN-01,2026-02-05,427840.06,Delayed
PO-00680,PR-00680,SUP-00042,EMP-00019,WH-CHN-01,2026-02-07,492073.2,Completed
PO-00681,PR-00681,SUP-00033,EMP-00054,WH-MYS-01,2026-02-25,261322.5,Completed
PO-00682,PR-00682,SUP-00049,EMP-00013,WH-HYD-01,2026-04-22,11035.04,Completed
PO-00683,PR-00683,SUP-00001,EMP-00073,WH-HYD-01,2026-04-19,522639.8,Completed
PO-00684,PR-00684,SUP-00016,EMP-00028,WH-HYD-01,2026-02-01,197630.3,Completed
PO-00685,PR-00685,SUP-00044,EMP-00041,WH-BLR-01,2026-05-10,49340.48,Completed
PO-00686,PR-00686,SUP-00038,EMP-00039,WH-CHN-01,2026-05-23,472053.75,Delayed
PO-00687,PR-00687,SUP-00048,EMP-00012,WH-HYD-01,2026-05-09,4584.6,Completed
PO-00688,PR-00688,SUP-00035,EMP-00082,WH-HYD-01,2026-03-31,224968.6,Completed
PO-00689,PR-00689,SUP-00035,EMP-00028,WH-HYD-01,2026-01-21,50040.12,Completed
PO-00690,PR-00690,SUP-00042,EMP-00076,WH-HYD-01,2026-01-11,33203.75,Delayed
PO-00691,PR-00691,SUP-00027,EMP-00021,WH-MYS-01,2026-03-12,6391.56,Completed
PO-00692,PR-00692,SUP-00034,EMP-00014,WH-MYS-01,2026-02-12,280406.25,Completed
PO-00693,PR-00693,SUP-00049,EMP-00078,WH-CHN-01,2026-05-19,31724.9,Delayed
PO-00694,PR-00694,SUP-00034,EMP-00067,WH-HYD-01,2026-04-22,42190.4,Completed
PO-00695,PR-00695,SUP-00050,EMP-00048,WH-CHN-01,2026-01-17,69769.48,Completed
PO-00696,PR-00696,SUP-00025,EMP-00024,WH-HYD-01,2026-03-26,80603.04,Completed
PO-00697,PR-00697,SUP-00037,EMP-00082,WH-BLR-01,2026-02-12,32370.25,Completed
PO-00698,PR-00698,SUP-00014,EMP-00098,WH-HYD-01,2026-01-30,16639.56,Delayed
PO-00699,PR-00699,SUP-00028,EMP-00057,WH-MYS-01,2026-03-19,325260.78,Completed
PO-00700,PR-00700,SUP-00032,EMP-00077,WH-BLR-01,2026-06-09,88089.12,Completed
PO-00701,PR-00701,SUP-00045,EMP-00030,WH-HYD-01,2026-01-06,2655.59,Completed
PO-00702,PR-00702,SUP-00025,EMP-00004,WH-BLR-01,2026-03-01,22456.64,Completed
PO-00703,PR-00703,SUP-00012,EMP-00050,WH-MYS-01,2026-02-28,238330.95,Completed
PO-00704,PR-00704,SUP-00035,EMP-00031,WH-CHN-01,2026-02-01,262775.15,Delayed
PO-00705,PR-00705,SUP-00010,EMP-00054,WH-CHN-01,2026-03-14,36391.5,Delayed
PO-00706,PR-00706,SUP-00043,EMP-00057,WH-MYS-01,2026-04-11,252860.57,Completed
PO-00707,PR-00707,SUP-00022,EMP-00062,WH-BLR-01,2026-04-14,332037.5,Completed
PO-00708,PR-00708,SUP-00031,EMP-00046,WH-HYD-01,2026-04-27,69486.75,Completed
PO-00709,PR-00709,SUP-00011,EMP-00018,WH-CHN-01,2026-05-01,13495.08,Delayed
PO-00710,PR-00710,SUP-00031,EMP-00020,WH-CHN-01,2026-03-18,227298.39,Completed
PO-00711,PR-00711,SUP-00006,EMP-00066,WH-CHN-01,2026-05-18,293025.25,Completed
PO-00712,PR-00712,SUP-00038,EMP-00069,WH-BLR-01,2026-05-10,77098.56,Completed
PO-00713,PR-00713,SUP-00035,EMP-00054,WH-HYD-01,2026-01-29,406839.9,Delayed
PO-00714,PR-00714,SUP-00038,EMP-00020,WH-CHN-01,2026-02-28,103723.1,Completed
PO-00715,PR-00715,SUP-00003,EMP-00070,WH-MYS-01,2026-02-02,212882.04,Completed
PO-00716,PR-00716,SUP-00035,EMP-00031,WH-HYD-01,2026-01-23,431842.56,Completed
PO-00717,PR-00717,SUP-00034,EMP-00031,WH-BLR-01,2026-05-12,36329.32,Completed
PO-00718,PR-00718,SUP-00032,EMP-00023,WH-MYS-01,2026-04-30,125074.78,Completed
PO-00719,PR-00719,SUP-00013,EMP-00022,WH-CHN-01,2026-05-31,255318.4,Completed
PO-00720,PR-00720,SUP-00023,EMP-00008,WH-BLR-01,2026-01-15,51722.96,Delayed
PO-00721,PR-00721,SUP-00031,EMP-00064,WH-MYS-01,2026-05-12,97747.79,Completed
PO-00722,PR-00722,SUP-00016,EMP-00008,WH-MYS-01,2026-01-26,361389.86,Completed
PO-00723,PR-00723,SUP-00030,EMP-00091,WH-MYS-01,2026-03-26,18393.35,Completed
PO-00724,PR-00724,SUP-00048,EMP-00068,WH-BLR-01,2026-04-19,200165.28,Delayed
PO-00725,PR-00725,SUP-00030,EMP-00032,WH-BLR-01,2026-02-05,249945.92,Completed
PO-00726,PR-00726,SUP-00013,EMP-00013,WH-MYS-01,2026-02-22,332037.5,Completed
PO-00727,PR-00727,SUP-00017,EMP-00004,WH-BLR-01,2026-02-26,114638.56,Delayed
PO-00728,PR-00728,SUP-00034,EMP-00041,WH-BLR-01,2026-02-21,60272.0,Completed
PO-00729,PR-00729,SUP-00046,EMP-00066,WH-MYS-01,2026-05-26,341894.0,Completed
PO-00730,PR-00730,SUP-00048,EMP-00036,WH-CHN-01,2026-05-02,108025.6,Delayed
PO-00731,PR-00731,SUP-00044,EMP-00029,WH-MYS-01,2026-05-09,433451.34,Completed
PO-00732,PR-00732,SUP-00026,EMP-00099,WH-MYS-01,2026-04-25,60887.54,Completed
PO-00733,PR-00733,SUP-00032,EMP-00064,WH-HYD-01,2026-02-11,114638.56,Completed
PO-00734,PR-00734,SUP-00015,EMP-00063,WH-CHN-01,2026-04-20,221373.0,Completed
PO-00735,PR-00735,SUP-00034,EMP-00025,WH-CHN-01,2026-02-25,415140.48,Completed
PO-00736,PR-00736,SUP-00049,EMP-00061,WH-MYS-01,2026-02-09,133296.24,Completed
PO-00737,PR-00737,SUP-00028,EMP-00058,WH-HYD-01,2026-04-04,239877.45,Completed
PO-00738,PR-00738,SUP-00044,EMP-00098,WH-HYD-01,2026-02-08,483588.84,Completed
PO-00739,PR-00739,SUP-00027,EMP-00036,WH-CHN-01,2026-02-16,92110.2,Completed
PO-00740,PR-00740,SUP-00045,EMP-00030,WH-MYS-01,2026-03-02,4002.58,Completed
PO-00741,PR-00741,SUP-00038,EMP-00064,WH-BLR-01,2026-03-09,62312.5,Delayed
PO-00742,PR-00742,SUP-00036,EMP-00083,WH-CHN-01,2026-04-28,33684.96,Completed
PO-00743,PR-00743,SUP-00018,EMP-00024,WH-BLR-01,2026-05-04,22072.02,Completed
PO-00744,PR-00744,SUP-00031,EMP-00094,WH-BLR-01,2026-04-17,65701.86,Cancelled
PO-00745,PR-00745,SUP-00013,EMP-00089,WH-BLR-01,2026-05-08,415447.84,Completed
PO-00746,PR-00746,SUP-00027,EMP-00100,WH-HYD-01,2026-05-13,99714.24,Delayed
PO-00747,PR-00747,SUP-00019,EMP-00048,WH-HYD-01,2026-05-14,324024.0,Delayed
PO-00748,PR-00748,SUP-00050,EMP-00076,WH-MYS-01,2026-05-21,70089.6,Completed
PO-00749,PR-00749,SUP-00026,EMP-00071,WH-BLR-01,2026-01-26,234546.84,Completed
PO-00750,PR-00750,SUP-00023,EMP-00016,WH-BLR-01,2026-02-07,353225.28,Completed
PO-00751,PR-00751,SUP-00015,EMP-00006,WH-CHN-01,2026-05-26,226928.8,Completed
PO-00752,PR-00752,SUP-00023,EMP-00003,WH-HYD-01,2026-06-12,294011.76,Completed
PO-00753,PR-00753,SUP-00024,EMP-00002,WH-CHN-01,2026-05-12,4075.2,Completed
PO-00754,PR-00754,SUP-00010,EMP-00082,WH-HYD-01,2026-05-20,419030.04,Delayed
PO-00755,PR-00755,SUP-00049,EMP-00021,WH-CHN-01,2026-05-12,1953.85,Completed
PO-00756,PR-00756,SUP-00023,EMP-00009,WH-BLR-01,2026-01-27,72241.89,Completed
PO-00757,PR-00757,SUP-00040,EMP-00010,WH-CHN-01,2026-02-11,193570.43,Completed
PO-00758,PR-00758,SUP-00047,EMP-00009,WH-HYD-01,2026-05-24,582006.24,Completed
PO-00759,PR-00759,SUP-00035,EMP-00075,WH-HYD-01,2026-02-21,133177.8,Completed
PO-00760,PR-00760,SUP-00016,EMP-00088,WH-HYD-01,2026-04-08,442112.04,Completed
PO-00761,PR-00761,SUP-00038,EMP-00045,WH-HYD-01,2026-05-29,197145.74,Completed
PO-00762,PR-00762,SUP-00032,EMP-00100,WH-HYD-01,2026-01-16,27587.6,Delayed
PO-00763,PR-00763,SUP-00042,EMP-00046,WH-MYS-01,2026-02-17,41692.05,Cancelled
PO-00764,PR-00764,SUP-00012,EMP-00035,WH-HYD-01,2026-04-27,649768.4,Completed
PO-00765,PR-00765,SUP-00041,EMP-00085,WH-BLR-01,2026-04-08,98270.55,Completed
PO-00766,PR-00766,SUP-00013,EMP-00024,WH-HYD-01,2026-04-16,9810.5,Cancelled
PO-00767,PR-00767,SUP-00009,EMP-00032,WH-CHN-01,2026-04-02,146974.7,Delayed
PO-00768,PR-00768,SUP-00048,EMP-00066,WH-BLR-01,2026-03-29,61990.47,Completed
PO-00769,PR-00769,SUP-00023,EMP-00033,WH-BLR-01,2026-03-22,310573.6,Completed
PO-00770,PR-00770,SUP-00002,EMP-00001,WH-CHN-01,2026-02-24,16744.3,Completed
PO-00771,PR-00771,SUP-00018,EMP-00074,WH-BLR-01,2026-01-28,252863.52,Completed
PO-00772,PR-00772,SUP-00047,EMP-00016,WH-HYD-01,2026-04-06,348426.25,Completed
PO-00773,PR-00773,SUP-00026,EMP-00096,WH-CHN-01,2026-04-08,188931.12,Completed
PO-00774,PR-00774,SUP-00025,EMP-00053,WH-MYS-01,2026-04-22,312115.25,Delayed
PO-00775,PR-00775,SUP-00039,EMP-00036,WH-HYD-01,2026-06-04,205863.25,Cancelled
PO-00776,PR-00776,SUP-00011,EMP-00075,WH-CHN-01,2026-01-21,531898.74,Delayed
PO-00777,PR-00777,SUP-00028,EMP-00039,WH-CHN-01,2026-02-27,47822.71,Completed
PO-00778,PR-00778,SUP-00005,EMP-00080,WH-CHN-01,2026-03-22,121085.0,Completed
PO-00779,PR-00779,SUP-00008,EMP-00010,WH-CHN-01,2026-03-01,82891.75,Delayed
PO-00780,PR-00780,SUP-00026,EMP-00062,WH-BLR-01,2026-02-05,135612.0,Completed
PO-00781,PR-00781,SUP-00002,EMP-00018,WH-CHN-01,2026-02-05,191488.8,Completed
PO-00782,PR-00782,SUP-00024,EMP-00023,WH-BLR-01,2026-03-12,205631.25,Completed
PO-00783,PR-00783,SUP-00041,EMP-00010,WH-MYS-01,2026-03-10,58005.0,Delayed
PO-00784,PR-00784,SUP-00020,EMP-00032,WH-HYD-01,2026-04-04,357492.53,Delayed
PO-00785,PR-00785,SUP-00040,EMP-00003,WH-MYS-01,2026-01-23,323098.71,Completed
PO-00786,PR-00786,SUP-00002,EMP-00050,WH-HYD-01,2026-01-28,365618.88,Delayed
PO-00787,PR-00787,SUP-00018,EMP-00050,WH-HYD-01,2026-04-08,7810.81,Completed
PO-00788,PR-00788,SUP-00049,EMP-00098,WH-MYS-01,2026-04-08,43172.92,Completed
PO-00789,PR-00789,SUP-00008,EMP-00077,WH-BLR-01,2026-03-05,132175.48,Completed
PO-00790,PR-00790,SUP-00042,EMP-00077,WH-HYD-01,2026-04-19,387810.93,Completed
PO-00791,PR-00791,SUP-00039,EMP-00011,WH-BLR-01,2026-02-10,290774.28,Completed
PO-00792,PR-00792,SUP-00046,EMP-00073,WH-BLR-01,2026-02-28,1528.2,Completed
PO-00793,PR-00793,SUP-00037,EMP-00090,WH-MYS-01,2026-04-23,692144.6,Completed
PO-00794,PR-00794,SUP-00010,EMP-00065,WH-BLR-01,2026-01-30,117741.76,Delayed
PO-00795,PR-00795,SUP-00039,EMP-00010,WH-MYS-01,2026-01-19,487891.17,Completed
PO-00796,PR-00796,SUP-00020,EMP-00098,WH-HYD-01,2026-02-20,582006.24,Delayed
PO-00797,PR-00797,SUP-00011,EMP-00015,WH-BLR-01,2026-04-17,28056.64,Completed
PO-00798,PR-00798,SUP-00017,EMP-00057,WH-MYS-01,2026-01-31,181181.65,Cancelled
PO-00799,PR-00799,SUP-00042,EMP-00057,WH-MYS-01,2026-05-25,400852.94,Completed
PO-00800,PR-00800,SUP-00043,EMP-00039,WH-MYS-01,2026-04-25,339503.64,Completed
PO-00801,PR-00801,SUP-00029,EMP-00049,WH-HYD-01,2026-04-18,181240.74,Completed
PO-00802,PR-00802,SUP-00004,EMP-00075,WH-CHN-01,2026-03-17,89826.56,Completed
PO-00803,PR-00803,SUP-00024,EMP-00018,WH-CHN-01,2026-03-27,120510.92,Cancelled
PO-00804,PR-00804,SUP-00045,EMP-00070,WH-CHN-01,2026-02-22,4204.9,Cancelled
PO-00805,PR-00805,SUP-00024,EMP-00080,WH-CHN-01,2026-02-08,80923.5,Completed
PO-00806,PR-00806,SUP-00008,EMP-00043,WH-MYS-01,2026-04-16,23367.65,Completed
PO-00807,PR-00807,SUP-00033,EMP-00053,WH-CHN-01,2026-04-02,93468.75,Delayed
PO-00808,PR-00808,SUP-00020,EMP-00029,WH-CHN-01,2026-03-20,119475.98,Completed
PO-00809,PR-00809,SUP-00049,EMP-00018,WH-CHN-01,2026-05-08,10358.48,Completed
PO-00810,PR-00810,SUP-00003,EMP-00085,WH-CHN-01,2026-03-06,51640.4,Delayed
PO-00811,PR-00811,SUP-00009,EMP-00037,WH-BLR-01,2026-01-19,15762.1,Completed
PO-00812,PR-00812,SUP-00010,EMP-00088,WH-CHN-01,2026-01-26,72262.71,Completed
PO-00813,PR-00813,SUP-00040,EMP-00046,WH-BLR-01,2026-05-11,312477.2,Completed
PO-00814,PR-00814,SUP-00033,EMP-00079,WH-BLR-01,2026-04-26,83328.02,Completed
PO-00815,PR-00815,SUP-00022,EMP-00002,WH-CHN-01,2026-02-19,350280.84,Completed
PO-00816,PR-00816,SUP-00031,EMP-00068,WH-CHN-01,2026-05-12,114152.4,Completed
PO-00817,PR-00817,SUP-00031,EMP-00089,WH-CHN-01,2026-05-06,26593.61,Completed
PO-00818,PR-00818,SUP-00006,EMP-00056,WH-HYD-01,2026-04-05,18162.75,Completed
PO-00819,PR-00819,SUP-00002,EMP-00081,WH-HYD-01,2026-04-03,77094.5,Completed
PO-00820,PR-00820,SUP-00028,EMP-00029,WH-HYD-01,2026-04-04,6338.88,Completed
PO-00821,PR-00821,SUP-00024,EMP-00001,WH-HYD-01,2026-01-23,146096.5,Completed
PO-00822,PR-00822,SUP-00006,EMP-00034,WH-CHN-01,2026-01-22,12414.42,Completed
PO-00823,PR-00823,SUP-00015,EMP-00048,WH-CHN-01,2026-06-09,139471.29,Completed
PO-00824,PR-00824,SUP-00041,EMP-00070,WH-MYS-01,2026-01-30,184526.65,Completed
PO-00825,PR-00825,SUP-00027,EMP-00015,WH-MYS-01,2026-03-24,69498.05,Delayed
PO-00826,PR-00826,SUP-00006,EMP-00025,WH-BLR-01,2026-03-22,194414.4,Completed
PO-00827,PR-00827,SUP-00018,EMP-00040,WH-CHN-01,2026-06-03,454392.93,Delayed
PO-00828,PR-00828,SUP-00047,EMP-00016,WH-HYD-01,2026-04-23,89048.8,Completed
PO-00829,PR-00829,SUP-00040,EMP-00007,WH-CHN-01,2026-04-25,33665.06,Completed
PO-00830,PR-00830,SUP-00024,EMP-00038,WH-MYS-01,2026-06-04,63967.32,Completed
PO-00831,PR-00831,SUP-00019,EMP-00099,WH-BLR-01,2026-05-15,64880.98,Completed
PO-00832,PR-00832,SUP-00025,EMP-00001,WH-HYD-01,2026-05-15,63595.4,Completed
PO-00833,PR-00833,SUP-00008,EMP-00087,WH-HYD-01,2026-04-26,195495.58,Delayed
PO-00834,PR-00834,SUP-00018,EMP-00007,WH-BLR-01,2026-03-23,20716.96,Completed
PO-00835,PR-00835,SUP-00012,EMP-00035,WH-CHN-01,2026-02-10,418742.4,Completed
PO-00836,PR-00836,SUP-00002,EMP-00055,WH-HYD-01,2026-04-23,132459.48,Completed
PO-00837,PR-00837,SUP-00013,EMP-00096,WH-BLR-01,2026-05-22,9635.96,Delayed
PO-00838,PR-00838,SUP-00010,EMP-00041,WH-BLR-01,2026-03-26,4075.2,Completed
PO-00839,PR-00839,SUP-00027,EMP-00052,WH-BLR-01,2026-04-17,387651.84,Completed
PO-00840,PR-00840,SUP-00019,EMP-00045,WH-MYS-01,2026-05-29,278343.04,Delayed
PO-00841,PR-00841,SUP-00011,EMP-00039,WH-MYS-01,2026-02-18,209303.75,Delayed
PO-00842,PR-00842,SUP-00039,EMP-00067,WH-HYD-01,2026-04-20,163481.94,Completed
PO-00843,PR-00843,SUP-00047,EMP-00092,WH-CHN-01,2026-06-06,111496.4,Completed
PO-00844,PR-00844,SUP-00043,EMP-00025,WH-HYD-01,2026-05-06,295225.71,Completed
PO-00845,PR-00845,SUP-00037,EMP-00045,WH-MYS-01,2026-01-10,25566.24,Completed
PO-00846,PR-00846,SUP-00036,EMP-00042,WH-BLR-01,2026-03-14,37543.92,Delayed
PO-00847,PR-00847,SUP-00009,EMP-00002,WH-MYS-01,2026-05-19,104391.56,Completed
PO-00848,PR-00848,SUP-00035,EMP-00045,WH-BLR-01,2026-03-28,200129.0,Completed
PO-00849,PR-00849,SUP-00046,EMP-00056,WH-BLR-01,2026-03-22,298349.26,Completed
PO-00850,PR-00850,SUP-00027,EMP-00077,WH-HYD-01,2026-02-15,165798.36,Completed
PO-00851,PR-00851,SUP-00039,EMP-00056,WH-CHN-01,2026-05-02,583688.7,Completed
PO-00852,PR-00852,SUP-00020,EMP-00025,WH-BLR-01,2026-02-10,262710.63,Completed
PO-00853,PR-00853,SUP-00045,EMP-00004,WH-HYD-01,2026-02-23,311169.3,Completed
PO-00854,PR-00854,SUP-00050,EMP-00017,WH-HYD-01,2026-04-30,372799.0,Delayed
PO-00855,PR-00855,SUP-00008,EMP-00083,WH-MYS-01,2026-02-22,43838.5,Delayed
PO-00856,PR-00856,SUP-00018,EMP-00017,WH-CHN-01,2026-01-20,26283.6,Delayed
PO-00857,PR-00857,SUP-00016,EMP-00069,WH-MYS-01,2026-02-24,413229.6,Completed
PO-00858,PR-00858,SUP-00037,EMP-00100,WH-CHN-01,2026-01-25,438076.86,Completed
PO-00859,PR-00859,SUP-00030,EMP-00049,WH-CHN-01,2026-05-08,36391.5,Completed
PO-00860,PR-00860,SUP-00013,EMP-00033,WH-HYD-01,2026-04-11,195495.58,Cancelled
PO-00861,PR-00861,SUP-00046,EMP-00080,WH-MYS-01,2026-02-20,121439.64,Cancelled
PO-00862,PR-00862,SUP-00023,EMP-00049,WH-CHN-01,2026-05-09,375309.9,Completed
PO-00863,PR-00863,SUP-00014,EMP-00005,WH-HYD-01,2026-02-08,151356.25,Completed
PO-00864,PR-00864,SUP-00027,EMP-00086,WH-HYD-01,2026-01-21,145317.28,Completed
PO-00865,PR-00865,SUP-00037,EMP-00071,WH-HYD-01,2026-01-23,60272.0,Cancelled
PO-00866,PR-00866,SUP-00012,EMP-00092,WH-HYD-01,2026-02-07,80748.36,Completed
PO-00867,PR-00867,SUP-00035,EMP-00085,WH-BLR-01,2026-05-09,343864.92,Completed
PO-00868,PR-00868,SUP-00006,EMP-00003,WH-HYD-01,2026-03-26,127934.64,Delayed
PO-00869,PR-00869,SUP-00009,EMP-00017,WH-CHN-01,2026-03-13,41424.35,Completed
PO-00870,PR-00870,SUP-00008,EMP-00088,WH-BLR-01,2026-02-11,26563.0,Completed
PO-00871,PR-00871,SUP-00013,EMP-00038,WH-CHN-01,2026-05-04,108490.64,Cancelled
PO-00872,PR-00872,SUP-00043,EMP-00070,WH-MYS-01,2026-01-25,404852.4,Completed
PO-00873,PR-00873,SUP-00047,EMP-00028,WH-HYD-01,2026-02-02,114981.9,Completed
PO-00874,PR-00874,SUP-00037,EMP-00044,WH-MYS-01,2026-05-30,439645.16,Delayed
PO-00875,PR-00875,SUP-00014,EMP-00068,WH-BLR-01,2026-04-21,55850.9,Delayed
PO-00876,PR-00876,SUP-00008,EMP-00036,WH-MYS-01,2026-03-17,4827.83,Delayed
PO-00877,PR-00877,SUP-00044,EMP-00068,WH-HYD-01,2026-01-25,270299.23,Completed
PO-00878,PR-00878,SUP-00021,EMP-00053,WH-MYS-01,2026-01-15,236217.03,Delayed
PO-00879,PR-00879,SUP-00025,EMP-00081,WH-CHN-01,2026-02-27,47617.05,Completed
PO-00880,PR-00880,SUP-00030,EMP-00077,WH-MYS-01,2026-01-27,18081.6,Completed
PO-00881,PR-00881,SUP-00050,EMP-00036,WH-CHN-01,2026-02-19,63595.4,Completed
PO-00882,PR-00882,SUP-00033,EMP-00002,WH-HYD-01,2026-05-03,92059.34,Completed
PO-00883,PR-00883,SUP-00050,EMP-00073,WH-CHN-01,2026-05-17,51720.84,Completed
PO-00884,PR-00884,SUP-00036,EMP-00035,WH-BLR-01,2026-01-27,553631.2,Completed
PO-00885,PR-00885,SUP-00042,EMP-00044,WH-CHN-01,2026-05-16,132598.4,Completed
PO-00886,PR-00886,SUP-00036,EMP-00087,WH-CHN-01,2026-05-21,244141.24,Completed
PO-00887,PR-00887,SUP-00024,EMP-00079,WH-BLR-01,2026-03-20,234186.22,Completed
PO-00888,PR-00888,SUP-00007,EMP-00056,WH-CHN-01,2026-05-25,155642.76,Completed
PO-00889,PR-00889,SUP-00017,EMP-00036,WH-BLR-01,2026-06-01,562421.5,Completed
PO-00890,PR-00890,SUP-00042,EMP-00080,WH-HYD-01,2026-05-01,38349.36,Completed
PO-00891,PR-00891,SUP-00001,EMP-00057,WH-HYD-01,2026-04-06,412810.8,Delayed
PO-00892,PR-00892,SUP-00042,EMP-00055,WH-BLR-01,2026-02-22,121803.47,Delayed
PO-00893,PR-00893,SUP-00034,EMP-00007,WH-CHN-01,2026-04-23,14758.2,Completed
PO-00894,PR-00894,SUP-00024,EMP-00072,WH-HYD-01,2026-05-15,3045.9,Completed
PO-00895,PR-00895,SUP-00017,EMP-00098,WH-MYS-01,2026-04-07,88294.5,Completed
PO-00896,PR-00896,SUP-00010,EMP-00012,WH-MYS-01,2026-01-30,305943.96,Completed
PO-00897,PR-00897,SUP-00043,EMP-00048,WH-CHN-01,2026-04-26,247036.0,Completed
PO-00898,PR-00898,SUP-00046,EMP-00039,WH-CHN-01,2026-04-22,31036.05,Completed
PO-00899,PR-00899,SUP-00027,EMP-00010,WH-CHN-01,2026-05-02,54505.68,Completed
PO-00900,PR-00900,SUP-00035,EMP-00051,WH-CHN-01,2026-01-19,274694.0,Cancelled
PO-00901,PR-00901,SUP-00047,EMP-00090,WH-CHN-01,2026-06-02,144525.42,Completed
PO-00902,PR-00902,SUP-00006,EMP-00017,WH-BLR-01,2026-03-05,499317.96,Completed
PO-00903,PR-00903,SUP-00041,EMP-00069,WH-HYD-01,2026-03-14,265630.0,Delayed
PO-00904,PR-00904,SUP-00016,EMP-00021,WH-HYD-01,2026-04-29,32415.43,Completed
PO-00905,PR-00905,SUP-00039,EMP-00098,WH-CHN-01,2026-04-30,139909.88,Delayed
PO-00906,PR-00906,SUP-00002,EMP-00012,WH-CHN-01,2026-02-13,318791.52,Completed
PO-00907,PR-00907,SUP-00018,EMP-00089,WH-MYS-01,2026-02-19,37387.5,Completed
PO-00908,PR-00908,SUP-00030,EMP-00035,WH-CHN-01,2026-02-16,10550.79,Delayed
PO-00909,PR-00909,SUP-00050,EMP-00094,WH-HYD-01,2026-03-20,70926.94,Delayed
PO-00910,PR-00910,SUP-00045,EMP-00061,WH-MYS-01,2026-02-12,276336.48,Completed
PO-00911,PR-00911,SUP-00004,EMP-00005,WH-HYD-01,2026-02-03,149124.64,Delayed
PO-00912,PR-00912,SUP-00050,EMP-00004,WH-CHN-01,2026-02-19,623821.18,Completed
PO-00913,PR-00913,SUP-00049,EMP-00014,WH-BLR-01,2026-05-14,85827.91,Delayed
PO-00914,PR-00914,SUP-00024,EMP-00069,WH-HYD-01,2026-05-11,72326.4,Completed
PO-00915,PR-00915,SUP-00049,EMP-00004,WH-MYS-01,2026-04-27,603562.68,Completed
PO-00916,PR-00916,SUP-00048,EMP-00091,WH-MYS-01,2026-02-02,146358.13,Completed
PO-00917,PR-00917,SUP-00001,EMP-00033,WH-MYS-01,2026-01-26,589192.14,Completed
PO-00918,PR-00918,SUP-00023,EMP-00038,WH-HYD-01,2026-05-19,54587.25,Delayed
PO-00919,PR-00919,SUP-00009,EMP-00011,WH-BLR-01,2026-01-12,488598.36,Delayed
PO-00920,PR-00920,SUP-00010,EMP-00007,WH-BLR-01,2026-03-31,312.4,Completed
PO-00921,PR-00921,SUP-00036,EMP-00009,WH-CHN-01,2026-02-22,83587.64,Cancelled
PO-00922,PR-00922,SUP-00004,EMP-00053,WH-HYD-01,2026-04-20,589482.72,Completed
PO-00923,PR-00923,SUP-00045,EMP-00030,WH-MYS-01,2026-01-07,319303.14,Completed
PO-00924,PR-00924,SUP-00014,EMP-00086,WH-CHN-01,2026-05-27,298102.08,Delayed
PO-00925,PR-00925,SUP-00031,EMP-00033,WH-MYS-01,2026-02-23,280708.0,Completed
PO-00926,PR-00926,SUP-00026,EMP-00011,WH-HYD-01,2026-05-19,376304.4,Completed
PO-00927,PR-00927,SUP-00004,EMP-00040,WH-HYD-01,2026-02-26,103887.85,Completed
PO-00928,PR-00928,SUP-00025,EMP-00053,WH-HYD-01,2026-04-23,110222.56,Completed
PO-00929,PR-00929,SUP-00022,EMP-00094,WH-HYD-01,2026-02-04,589482.72,Completed
PO-00930,PR-00930,SUP-00005,EMP-00081,WH-MYS-01,2026-03-15,273460.22,Completed
PO-00931,PR-00931,SUP-00040,EMP-00046,WH-CHN-01,2026-04-14,292225.56,Completed
PO-00932,PR-00932,SUP-00016,EMP-00042,WH-HYD-01,2026-05-18,232219.9,Completed
PO-00933,PR-00933,SUP-00027,EMP-00062,WH-CHN-01,2026-04-30,14750.76,Completed
PO-00934,PR-00934,SUP-00030,EMP-00026,WH-CHN-01,2026-02-06,69353.24,Completed
PO-00935,PR-00935,SUP-00009,EMP-00039,WH-CHN-01,2026-03-14,276330.6,Delayed
PO-00936,PR-00936,SUP-00047,EMP-00058,WH-BLR-01,2026-04-19,217390.94,Completed
PO-00937,PR-00937,SUP-00038,EMP-00081,WH-BLR-01,2026-02-26,160287.84,Completed
PO-00938,PR-00938,SUP-00008,EMP-00001,WH-BLR-01,2026-04-23,12614.7,Completed
PO-00939,PR-00939,SUP-00004,EMP-00008,WH-MYS-01,2026-04-10,18164.66,Delayed
PO-00940,PR-00940,SUP-00001,EMP-00097,WH-CHN-01,2026-06-01,55142.76,Delayed
PO-00941,PR-00941,SUP-00006,EMP-00052,WH-HYD-01,2026-01-02,77455.44,Completed
PO-00942,PR-00942,SUP-00038,EMP-00071,WH-MYS-01,2026-05-29,634268.76,Delayed
PO-00943,PR-00943,SUP-00013,EMP-00020,WH-HYD-01,2026-02-11,234206.32,Completed
PO-00944,PR-00944,SUP-00025,EMP-00094,WH-BLR-01,2026-01-28,109327.4,Completed
PO-00945,PR-00945,SUP-00036,EMP-00007,WH-HYD-01,2026-04-27,557755.98,Completed
PO-00946,PR-00946,SUP-00030,EMP-00059,WH-BLR-01,2026-06-05,182007.28,Cancelled
PO-00947,PR-00947,SUP-00017,EMP-00011,WH-MYS-01,2026-05-30,1379.38,Completed
PO-00948,PR-00948,SUP-00001,EMP-00044,WH-HYD-01,2026-01-12,175573.25,Completed
PO-00949,PR-00949,SUP-00031,EMP-00071,WH-BLR-01,2026-04-17,254883.44,Completed
PO-00950,PR-00950,SUP-00036,EMP-00004,WH-HYD-01,2026-05-18,546.7,Completed
PO-00951,PR-00951,SUP-00021,EMP-00014,WH-MYS-01,2026-02-07,143298.2,Cancelled
PO-00952,PR-00952,SUP-00028,EMP-00030,WH-BLR-01,2026-01-21,39476.64,Completed
PO-00953,PR-00953,SUP-00041,EMP-00070,WH-MYS-01,2026-03-28,89826.56,Completed
PO-00954,PR-00954,SUP-00040,EMP-00021,WH-HYD-01,2026-06-11,624.8,Completed
PO-00955,PR-00955,SUP-00034,EMP-00014,WH-BLR-01,2026-05-03,165798.36,Completed
PO-00956,PR-00956,SUP-00028,EMP-00061,WH-MYS-01,2026-03-13,633606.26,Completed
PO-00957,PR-00957,SUP-00003,EMP-00046,WH-MYS-01,2026-03-24,199790.25,Completed
PO-00958,PR-00958,SUP-00023,EMP-00005,WH-CHN-01,2026-04-11,314392.96,Cancelled
PO-00959,PR-00959,SUP-00019,EMP-00091,WH-BLR-01,2026-01-27,278911.5,Cancelled
PO-00960,PR-00960,SUP-00018,EMP-00069,WH-MYS-01,2026-01-21,158029.5,Cancelled
PO-00961,PR-00961,SUP-00009,EMP-00015,WH-HYD-01,2026-06-04,472053.75,Completed
PO-00962,PR-00962,SUP-00038,EMP-00032,WH-CHN-01,2026-01-27,2811.6,Cancelled
PO-00963,PR-00963,SUP-00028,EMP-00063,WH-CHN-01,2026-03-02,199811.26,Completed
PO-00964,PR-00964,SUP-00025,EMP-00085,WH-MYS-01,2026-03-13,541996.65,Completed
PO-00965,PR-00965,SUP-00043,EMP-00043,WH-CHN-01,2026-01-06,63967.32,Completed
PO-00966,PR-00966,SUP-00036,EMP-00003,WH-CHN-01,2026-04-27,30703.4,Completed
PO-00967,PR-00967,SUP-00027,EMP-00056,WH-BLR-01,2026-02-17,94146.25,Completed
PO-00968,PR-00968,SUP-00029,EMP-00061,WH-HYD-01,2026-02-04,193928.25,Completed
PO-00969,PR-00969,SUP-00028,EMP-00019,WH-MYS-01,2026-04-19,3396.0,Delayed
PO-00970,PR-00970,SUP-00016,EMP-00096,WH-MYS-01,2026-03-05,138625.6,Completed
PO-00971,PR-00971,SUP-00046,EMP-00094,WH-MYS-01,2026-01-08,428113.62,Completed
PO-00972,PR-00972,SUP-00018,EMP-00037,WH-BLR-01,2026-05-28,345913.24,Completed
PO-00973,PR-00973,SUP-00026,EMP-00006,WH-MYS-01,2026-02-06,658026.32,Delayed
PO-00974,PR-00974,SUP-00033,EMP-00088,WH-BLR-01,2026-01-13,228943.44,Delayed
PO-00975,PR-00975,SUP-00044,EMP-00014,WH-CHN-01,2026-04-22,75808.71,Completed
PO-00976,PR-00976,SUP-00013,EMP-00038,WH-CHN-01,2026-05-11,47563.5,Completed
PO-00977,PR-00977,SUP-00041,EMP-00064,WH-BLR-01,2026-05-20,38577.88,Completed
PO-00978,PR-00978,SUP-00015,EMP-00056,WH-BLR-01,2026-03-02,58636.71,Completed
PO-00979,PR-00979,SUP-00031,EMP-00072,WH-HYD-01,2026-01-28,164105.78,Delayed
PO-00980,PR-00980,SUP-00002,EMP-00005,WH-MYS-01,2026-03-09,307207.34,Completed
PO-00981,PR-00981,SUP-00041,EMP-00072,WH-BLR-01,2026-01-24,263387.57,Completed
PO-00982,PR-00982,SUP-00044,EMP-00067,WH-CHN-01,2026-01-23,41357.07,Completed
PO-00983,PR-00983,SUP-00015,EMP-00083,WH-BLR-01,2026-01-20,20081.04,Completed
PO-00984,PR-00984,SUP-00045,EMP-00070,WH-BLR-01,2026-03-21,193961.1,Delayed
PO-00985,PR-00985,SUP-00039,EMP-00058,WH-BLR-01,2026-05-03,6792.0,Completed
PO-00986,PR-00986,SUP-00002,EMP-00034,WH-BLR-01,2026-04-30,26360.95,Completed
PO-00987,PR-00987,SUP-00009,EMP-00004,WH-CHN-01,2026-03-04,287737.59,Completed
PO-00988,PR-00988,SUP-00042,EMP-00080,WH-CHN-01,2026-02-18,71808.3,Completed
PO-00989,PR-00989,SUP-00018,EMP-00019,WH-CHN-01,2026-05-20,718527.0,Completed
PO-00990,PR-00990,SUP-00047,EMP-00044,WH-MYS-01,2026-03-24,265567.54,Completed
PO-00991,PR-00991,SUP-00008,EMP-00034,WH-MYS-01,2026-01-30,67451.72,Completed
PO-00992,PR-00992,SUP-00032,EMP-00051,WH-CHN-01,2026-02-27,129092.4,Completed
PO-00993,PR-00993,SUP-00015,EMP-00045,WH-BLR-01,2026-04-03,44504.91,Completed
PO-00994,PR-00994,SUP-00009,EMP-00093,WH-CHN-01,2026-04-30,46256.7,Completed
PO-00995,PR-00995,SUP-00011,EMP-00049,WH-MYS-01,2026-03-02,162092.0,Completed
PO-00996,PR-00996,SUP-00037,EMP-00062,WH-HYD-01,2026-01-03,404219.52,Completed
PO-00997,PR-00997,SUP-00003,EMP-00060,WH-HYD-01,2026-04-28,7357.34,Completed
PO-00998,PR-00998,SUP-00018,EMP-00092,WH-MYS-01,2026-02-16,442112.04,Completed
PO-00999,PR-00999,SUP-00046,EMP-00092,WH-BLR-01,2026-01-09,59773.41,Completed
PO-01000,PR-01000,SUP-00006,EMP-00048,WH-CHN-01,2026-03-30,333536.4,Completed
PO-01001,PR-01001,SUP-00032,EMP-00037,WH-HYD-01,2026-01-18,98270.55,Completed
PO-01002,PR-01002,SUP-00042,EMP-00026,WH-MYS-01,2026-03-26,692144.6,Completed
PO-01003,PR-01003,SUP-00048,EMP-00097,WH-MYS-01,2026-05-20,272301.09,Delayed
PO-01004,PR-01004,SUP-00005,EMP-00063,WH-BLR-01,2026-05-16,338983.76,Delayed
PO-01005,PR-01005,SUP-00042,EMP-00077,WH-CHN-01,2026-02-28,57815.76,Completed
PO-01006,PR-01006,SUP-00027,EMP-00057,WH-CHN-01,2026-02-26,72505.66,Cancelled
PO-01007,PR-01007,SUP-00038,EMP-00028,WH-MYS-01,2026-03-24,25642.05,Completed
PO-01008,PR-01008,SUP-00017,EMP-00054,WH-HYD-01,2026-05-01,172195.75,Completed
PO-01009,PR-01009,SUP-00046,EMP-00001,WH-MYS-01,2026-03-11,263986.42,Completed
PO-01010,PR-01010,SUP-00004,EMP-00027,WH-CHN-01,2026-06-10,232666.56,Completed
PO-01011,PR-01011,SUP-00026,EMP-00064,WH-MYS-01,2026-04-20,20905.8,Completed
PO-01012,PR-01012,SUP-00032,EMP-00039,WH-BLR-01,2026-03-13,155954.37,Completed
PO-01013,PR-01013,SUP-00036,EMP-00033,WH-HYD-01,2026-03-14,9517.47,Completed
PO-01014,PR-01014,SUP-00009,EMP-00036,WH-HYD-01,2026-02-25,562421.5,Completed
PO-01015,PR-01015,SUP-00036,EMP-00087,WH-BLR-01,2026-02-24,502968.9,Delayed
PO-01016,PR-01016,SUP-00024,EMP-00066,WH-BLR-01,2026-03-22,59444.54,Delayed
PO-01017,PR-01017,SUP-00030,EMP-00022,WH-MYS-01,2026-05-05,136544.7,Completed
PO-01018,PR-01018,SUP-00019,EMP-00062,WH-HYD-01,2026-05-14,461093.5,Delayed
PO-01019,PR-01019,SUP-00015,EMP-00017,WH-BLR-01,2026-01-31,39308.22,Completed
PO-01020,PR-01020,SUP-00005,EMP-00090,WH-HYD-01,2026-04-08,306794.88,Completed
PO-01021,PR-01021,SUP-00034,EMP-00006,WH-HYD-01,2026-04-06,480714.5,Delayed
PO-01022,PR-01022,SUP-00033,EMP-00013,WH-HYD-01,2026-03-28,60542.5,Cancelled
PO-01023,PR-01023,SUP-00040,EMP-00051,WH-CHN-01,2026-06-07,142503.0,Completed
PO-01024,PR-01024,SUP-00041,EMP-00071,WH-CHN-01,2026-01-21,134443.1,Completed
PO-01025,PR-01025,SUP-00028,EMP-00083,WH-CHN-01,2026-03-24,166768.2,Completed
PO-01026,PR-01026,SUP-00050,EMP-00038,WH-BLR-01,2026-01-10,195118.7,Completed
PO-01027,PR-01027,SUP-00023,EMP-00013,WH-CHN-01,2026-04-28,77252.07,Delayed
PO-01028,PR-01028,SUP-00026,EMP-00016,WH-CHN-01,2026-04-16,40139.11,Completed
PO-01029,PR-01029,SUP-00023,EMP-00066,WH-HYD-01,2026-02-26,273460.22,Completed
PO-01030,PR-01030,SUP-00035,EMP-00080,WH-MYS-01,2026-06-14,143616.6,Completed
PO-01031,PR-01031,SUP-00013,EMP-00015,WH-CHN-01,2026-04-28,285141.12,Delayed
PO-01032,PR-01032,SUP-00026,EMP-00023,WH-CHN-01,2026-04-30,207764.24,Completed
PO-01033,PR-01033,SUP-00046,EMP-00026,WH-CHN-01,2026-04-07,124071.21,Completed
PO-01034,PR-01034,SUP-00008,EMP-00076,WH-BLR-01,2026-05-11,336199.24,Completed
PO-01035,PR-01035,SUP-00020,EMP-00064,WH-MYS-01,2026-03-16,374931.19,Delayed
PO-01036,PR-01036,SUP-00032,EMP-00025,WH-HYD-01,2026-05-12,466647.09,Completed
PO-01037,PR-01037,SUP-00006,EMP-00039,WH-BLR-01,2026-04-19,24928.56,Completed
PO-01038,PR-01038,SUP-00025,EMP-00087,WH-HYD-01,2026-05-02,74707.88,Completed
PO-01039,PR-01039,SUP-00007,EMP-00017,WH-BLR-01,2026-02-08,213328.8,Completed
PO-01040,PR-01040,SUP-00044,EMP-00033,WH-MYS-01,2026-01-24,11760.47,Delayed
PO-01041,PR-01041,SUP-00008,EMP-00096,WH-CHN-01,2026-02-15,72823.84,Completed
PO-01042,PR-01042,SUP-00013,EMP-00073,WH-MYS-01,2026-02-14,116074.82,Completed
PO-01043,PR-01043,SUP-00049,EMP-00035,WH-BLR-01,2026-01-16,25438.16,Delayed
PO-01044,PR-01044,SUP-00041,EMP-00006,WH-CHN-01,2026-04-15,4002.58,Completed
PO-01045,PR-01045,SUP-00028,EMP-00062,WH-BLR-01,2026-02-22,13775.66,Completed
PO-01046,PR-01046,SUP-00043,EMP-00041,WH-BLR-01,2026-03-31,100967.13,Completed
PO-01047,PR-01047,SUP-00050,EMP-00092,WH-MYS-01,2026-04-19,471085.2,Completed
PO-01048,PR-01048,SUP-00039,EMP-00061,WH-MYS-01,2026-05-21,32166.61,Completed
PO-01049,PR-01049,SUP-00023,EMP-00084,WH-HYD-01,2026-01-07,166620.3,Completed
PO-01050,PR-01050,SUP-00041,EMP-00014,WH-BLR-01,2026-04-07,434911.0,Completed
PO-01051,PR-01051,SUP-00028,EMP-00050,WH-CHN-01,2026-05-23,284787.93,Cancelled
PO-01052,PR-01052,SUP-00028,EMP-00058,WH-HYD-01,2026-02-17,212450.96,Completed
PO-01053,PR-01053,SUP-00044,EMP-00031,WH-BLR-01,2026-01-12,590919.06,Completed
PO-01054,PR-01054,SUP-00019,EMP-00053,WH-MYS-01,2026-03-03,97776.8,Completed
PO-01055,PR-01055,SUP-00015,EMP-00051,WH-MYS-01,2026-01-24,118338.74,Completed
PO-01056,PR-01056,SUP-00027,EMP-00093,WH-BLR-01,2026-01-20,63998.64,Completed
PO-01057,PR-01057,SUP-00037,EMP-00054,WH-MYS-01,2026-05-16,304732.96,Completed
PO-01058,PR-01058,SUP-00025,EMP-00032,WH-CHN-01,2026-02-27,17828.1,Completed
PO-01059,PR-01059,SUP-00041,EMP-00023,WH-BLR-01,2026-05-23,12292.3,Delayed
PO-01060,PR-01060,SUP-00019,EMP-00053,WH-MYS-01,2026-02-20,21026.88,Completed
PO-01061,PR-01061,SUP-00041,EMP-00012,WH-MYS-01,2026-03-11,278741.0,Completed
PO-01062,PR-01062,SUP-00020,EMP-00071,WH-MYS-01,2026-03-07,268382.6,Completed
PO-01063,PR-01063,SUP-00024,EMP-00035,WH-CHN-01,2026-03-13,859.1,Completed
PO-01064,PR-01064,SUP-00033,EMP-00009,WH-CHN-01,2026-05-14,29435.44,Delayed
PO-01065,PR-01065,SUP-00004,EMP-00091,WH-CHN-01,2026-01-26,658026.32,Completed
PO-01066,PR-01066,SUP-00039,EMP-00003,WH-HYD-01,2026-05-05,504213.45,Completed
PO-01067,PR-01067,SUP-00033,EMP-00075,WH-HYD-01,2026-02-07,2408.99,Completed
PO-01068,PR-01068,SUP-00007,EMP-00004,WH-BLR-01,2026-05-15,244771.75,Completed
PO-01069,PR-01069,SUP-00030,EMP-00099,WH-HYD-01,2026-04-23,22796.02,Delayed
PO-01070,PR-01070,SUP-00012,EMP-00004,WH-CHN-01,2026-04-13,664119.0,Completed
PO-01071,PR-01071,SUP-00047,EMP-00087,WH-BLR-01,2026-04-21,165307.92,Completed
PO-01072,PR-01072,SUP-00036,EMP-00091,WH-MYS-01,2026-02-16,29810.18,Completed
PO-01073,PR-01073,SUP-00020,EMP-00076,WH-BLR-01,2026-01-17,50271.0,Completed
PO-01074,PR-01074,SUP-00015,EMP-00044,WH-CHN-01,2026-05-18,298833.75,Completed
PO-01075,PR-01075,SUP-00050,EMP-00029,WH-HYD-01,2026-06-14,90811.98,Completed
PO-01076,PR-01076,SUP-00031,EMP-00071,WH-MYS-01,2026-02-10,121085.0,Completed
PO-01077,PR-01077,SUP-00002,EMP-00079,WH-HYD-01,2026-05-10,68739.5,Completed
PO-01078,PR-01078,SUP-00008,EMP-00090,WH-MYS-01,2026-04-24,27122.4,Completed
PO-01079,PR-01079,SUP-00025,EMP-00043,WH-MYS-01,2026-05-10,36500.49,Completed
PO-01080,PR-01080,SUP-00019,EMP-00095,WH-MYS-01,2026-03-02,78739.01,Delayed
PO-01081,PR-01081,SUP-00008,EMP-00079,WH-MYS-01,2026-01-24,31156.25,Completed
PO-01082,PR-01082,SUP-00046,EMP-00027,WH-BLR-01,2026-05-06,305331.25,Cancelled
PO-01083,PR-01083,SUP-00003,EMP-00006,WH-HYD-01,2026-01-27,117530.4,Completed
PO-01084,PR-01084,SUP-00003,EMP-00036,WH-HYD-01,2026-05-09,354196.8,Completed
PO-01085,PR-01085,SUP-00011,EMP-00065,WH-HYD-01,2026-03-26,348773.2,Completed
PO-01086,PR-01086,SUP-00033,EMP-00062,WH-MYS-01,2026-04-05,609737.58,Delayed
PO-01087,PR-01087,SUP-00045,EMP-00022,WH-MYS-01,2026-01-23,545630.85,Delayed
PO-01088,PR-01088,SUP-00005,EMP-00066,WH-MYS-01,2026-04-18,459922.65,Completed
PO-01089,PR-01089,SUP-00016,EMP-00023,WH-HYD-01,2026-01-04,18422.04,Cancelled
PO-01090,PR-01090,SUP-00043,EMP-00019,WH-HYD-01,2026-05-01,517229.6,Delayed
PO-01091,PR-01091,SUP-00004,EMP-00030,WH-MYS-01,2026-04-22,357974.37,Completed
PO-01092,PR-01092,SUP-00020,EMP-00037,WH-CHN-01,2026-05-18,38056.08,Completed
PO-01093,PR-01093,SUP-00017,EMP-00067,WH-MYS-01,2026-02-24,58858.72,Completed
PO-01094,PR-01094,SUP-00028,EMP-00035,WH-HYD-01,2026-01-24,229634.16,Delayed
PO-01095,PR-01095,SUP-00022,EMP-00088,WH-CHN-01,2026-03-03,58726.08,Completed
PO-01096,PR-01096,SUP-00029,EMP-00002,WH-BLR-01,2026-01-29,150680.0,Delayed
PO-01097,PR-01097,SUP-00006,EMP-00036,WH-MYS-01,2026-04-12,306178.88,Delayed
PO-01098,PR-01098,SUP-00022,EMP-00099,WH-MYS-01,2026-03-09,247465.46,Completed
PO-01099,PR-01099,SUP-00011,EMP-00071,WH-HYD-01,2026-02-03,358580.69,Completed
PO-01100,PR-01100,SUP-00010,EMP-00056,WH-MYS-01,2026-01-22,93501.24,Delayed
PO-01101,PR-01101,SUP-00041,EMP-00056,WH-CHN-01,2026-05-17,352594.58,Completed
PO-01102,PR-01102,SUP-00048,EMP-00054,WH-HYD-01,2026-03-24,568952.56,Completed
PO-01103,PR-01103,SUP-00009,EMP-00038,WH-BLR-01,2026-02-09,242245.08,Cancelled
PO-01104,PR-01104,SUP-00006,EMP-00009,WH-CHN-01,2026-03-21,151228.48,Completed
PO-01105,PR-01105,SUP-00045,EMP-00073,WH-MYS-01,2026-01-31,215975.81,Delayed
PO-01106,PR-01106,SUP-00017,EMP-00020,WH-MYS-01,2026-01-19,120732.39,Delayed
PO-01107,PR-01107,SUP-00012,EMP-00036,WH-CHN-01,2026-01-12,146502.59,Cancelled
PO-01108,PR-01108,SUP-00043,EMP-00038,WH-CHN-01,2026-04-17,286179.3,Delayed
PO-01109,PR-01109,SUP-00010,EMP-00044,WH-MYS-01,2026-02-08,72505.66,Completed
PO-01110,PR-01110,SUP-00015,EMP-00044,WH-MYS-01,2026-06-02,109349.6,Completed
PO-01111,PR-01111,SUP-00010,EMP-00073,WH-CHN-01,2026-01-06,307022.25,Cancelled
PO-01112,PR-01112,SUP-00007,EMP-00026,WH-HYD-01,2026-02-14,27551.32,Completed
PO-01113,PR-01113,SUP-00037,EMP-00066,WH-HYD-01,2026-04-23,196494.24,Completed
PO-01114,PR-01114,SUP-00009,EMP-00014,WH-CHN-01,2026-03-02,278798.24,Completed
PO-01115,PR-01115,SUP-00047,EMP-00084,WH-CHN-01,2026-04-10,37807.12,Completed
PO-01116,PR-01116,SUP-00028,EMP-00081,WH-BLR-01,2026-05-24,457504.2,Completed
PO-01117,PR-01117,SUP-00033,EMP-00053,WH-BLR-01,2026-03-01,166190.4,Completed
PO-01118,PR-01118,SUP-00037,EMP-00078,WH-CHN-01,2026-04-01,27794.7,Completed
PO-01119,PR-01119,SUP-00026,EMP-00097,WH-MYS-01,2026-01-29,19667.68,Delayed
PO-01120,PR-01120,SUP-00004,EMP-00058,WH-HYD-01,2026-02-01,307704.6,Completed
PO-01121,PR-01121,SUP-00019,EMP-00059,WH-HYD-01,2026-02-04,142214.05,Completed
PO-01122,PR-01122,SUP-00025,EMP-00011,WH-BLR-01,2026-01-11,318604.3,Completed
PO-01123,PR-01123,SUP-00021,EMP-00048,WH-CHN-01,2026-03-08,70761.25,Completed
PO-01124,PR-01124,SUP-00007,EMP-00029,WH-BLR-01,2026-04-04,85554.7,Completed
PO-01125,PR-01125,SUP-00014,EMP-00011,WH-MYS-01,2026-03-04,28538.1,Completed
PO-01126,PR-01126,SUP-00009,EMP-00076,WH-HYD-01,2026-04-16,42736.75,Completed
PO-01127,PR-01127,SUP-00024,EMP-00066,WH-MYS-01,2026-04-10,71483.3,Completed
PO-01128,PR-01128,SUP-00017,EMP-00082,WH-MYS-01,2026-05-31,191614.73,Completed
PO-01129,PR-01129,SUP-00033,EMP-00032,WH-CHN-01,2026-04-10,80760.8,Completed
PO-01130,PR-01130,SUP-00001,EMP-00013,WH-CHN-01,2026-04-10,104685.6,Completed
PO-01131,PR-01131,SUP-00039,EMP-00071,WH-MYS-01,2026-01-19,30837.8,Delayed
PO-01132,PR-01132,SUP-00025,EMP-00003,WH-BLR-01,2026-03-14,68536.09,Delayed
PO-01133,PR-01133,SUP-00008,EMP-00052,WH-HYD-01,2026-02-17,241772.64,Completed
PO-01134,PR-01134,SUP-00012,EMP-00075,WH-CHN-01,2026-05-24,272180.16,Delayed
PO-01135,PR-01135,SUP-00044,EMP-00064,WH-HYD-01,2026-02-27,281552.23,Completed
PO-01136,PR-01136,SUP-00020,EMP-00066,WH-HYD-01,2026-01-08,55266.12,Completed
PO-01137,PR-01137,SUP-00015,EMP-00054,WH-CHN-01,2026-01-19,279431.49,Completed
PO-01138,PR-01138,SUP-00045,EMP-00049,WH-CHN-01,2026-02-21,157880.88,Completed
PO-01139,PR-01139,SUP-00035,EMP-00067,WH-HYD-01,2026-05-20,32966.6,Completed
PO-01140,PR-01140,SUP-00007,EMP-00043,WH-BLR-01,2026-01-27,73566.78,Completed
PO-01141,PR-01141,SUP-00025,EMP-00030,WH-MYS-01,2026-01-25,274694.0,Completed
PO-01142,PR-01142,SUP-00010,EMP-00040,WH-BLR-01,2026-05-17,444112.2,Completed
PO-01143,PR-01143,SUP-00024,EMP-00004,WH-MYS-01,2026-02-21,194390.35,Completed
PO-01144,PR-01144,SUP-00011,EMP-00038,WH-MYS-01,2026-05-19,137610.33,Completed
PO-01145,PR-01145,SUP-00034,EMP-00006,WH-CHN-01,2026-02-17,331491.18,Cancelled
PO-01146,PR-01146,SUP-00010,EMP-00080,WH-BLR-01,2026-05-10,266387.0,Completed
PO-01147,PR-01147,SUP-00033,EMP-00064,WH-CHN-01,2026-03-20,1576.21,Completed
PO-01148,PR-01148,SUP-00044,EMP-00099,WH-BLR-01,2026-02-28,259347.2,Delayed
PO-01149,PR-01149,SUP-00033,EMP-00044,WH-HYD-01,2026-04-08,131102.76,Completed
PO-01150,PR-01150,SUP-00019,EMP-00025,WH-MYS-01,2026-02-20,313307.84,Completed
PO-01151,PR-01151,SUP-00031,EMP-00067,WH-CHN-01,2026-04-19,47731.41,Completed
PO-01152,PR-01152,SUP-00012,EMP-00049,WH-CHN-01,2026-04-10,250866.9,Completed
PO-01153,PR-01153,SUP-00027,EMP-00033,WH-MYS-01,2026-05-01,8719.33,Completed
PO-01154,PR-01154,SUP-00046,EMP-00083,WH-BLR-01,2026-01-31,42236.91,Completed
PO-01155,PR-01155,SUP-00015,EMP-00014,WH-CHN-01,2026-02-21,14017.92,Completed
PO-01156,PR-01156,SUP-00036,EMP-00046,WH-BLR-01,2026-02-14,79272.5,Completed
PO-01157,PR-01157,SUP-00042,EMP-00011,WH-BLR-01,2026-01-13,302712.5,Completed
PO-01158,PR-01158,SUP-00036,EMP-00043,WH-CHN-01,2026-04-01,387810.93,Completed
PO-01159,PR-01159,SUP-00030,EMP-00075,WH-HYD-01,2026-01-26,370534.56,Completed
PO-01160,PR-01160,SUP-00030,EMP-00029,WH-BLR-01,2026-02-01,400785.05,Completed
PO-01161,PR-01161,SUP-00010,EMP-00069,WH-BLR-01,2026-05-16,291549.36,Completed
PO-01162,PR-01162,SUP-00021,EMP-00094,WH-MYS-01,2026-02-05,362060.72,Completed
PO-01163,PR-01163,SUP-00005,EMP-00099,WH-MYS-01,2026-02-02,391419.9,Completed
PO-01164,PR-01164,SUP-00042,EMP-00021,WH-HYD-01,2026-03-02,266655.48,Completed
PO-01165,PR-01165,SUP-00016,EMP-00043,WH-BLR-01,2026-02-03,198200.52,Completed
PO-01166,PR-01166,SUP-00046,EMP-00072,WH-CHN-01,2026-02-20,98144.13,Completed
PO-01167,PR-01167,SUP-00020,EMP-00017,WH-HYD-01,2026-03-17,279018.56,Completed
PO-01168,PR-01168,SUP-00001,EMP-00026,WH-HYD-01,2026-02-10,97953.68,Completed
PO-01169,PR-01169,SUP-00025,EMP-00071,WH-CHN-01,2026-06-05,95950.98,Completed
PO-01170,PR-01170,SUP-00046,EMP-00027,WH-MYS-01,2026-02-06,103280.8,Completed
PO-01171,PR-01171,SUP-00012,EMP-00017,WH-CHN-01,2026-02-24,437398.4,Completed
PO-01172,PR-01172,SUP-00035,EMP-00067,WH-HYD-01,2026-02-24,337770.81,Completed
PO-01173,PR-01173,SUP-00050,EMP-00061,WH-BLR-01,2026-06-04,78326.96,Delayed
PO-01174,PR-01174,SUP-00005,EMP-00038,WH-MYS-01,2026-05-06,478954.71,Completed
PO-01175,PR-01175,SUP-00037,EMP-00066,WH-CHN-01,2026-03-18,410272.8,Delayed
PO-01176,PR-01176,SUP-00009,EMP-00073,WH-CHN-01,2026-05-20,75340.0,Completed
PO-01177,PR-01177,SUP-00043,EMP-00092,WH-BLR-01,2026-04-16,71320.48,Completed
PO-01178,PR-01178,SUP-00032,EMP-00058,WH-MYS-01,2026-05-27,147869.74,Completed
PO-01179,PR-01179,SUP-00027,EMP-00055,WH-MYS-01,2026-03-20,128210.25,Completed
PO-01180,PR-01180,SUP-00001,EMP-00013,WH-MYS-01,2026-03-18,44913.28,Completed
PO-01181,PR-01181,SUP-00047,EMP-00016,WH-HYD-01,2026-02-26,530160.34,Completed
PO-01182,PR-01182,SUP-00037,EMP-00075,WH-HYD-01,2026-03-31,150084.09,Delayed
PO-01183,PR-01183,SUP-00041,EMP-00097,WH-MYS-01,2026-03-26,222116.83,Cancelled
PO-01184,PR-01184,SUP-00049,EMP-00049,WH-CHN-01,2026-03-19,323728.01,Completed
PO-01185,PR-01185,SUP-00004,EMP-00031,WH-MYS-01,2026-03-11,90813.75,Completed
PO-01186,PR-01186,SUP-00004,EMP-00089,WH-HYD-01,2026-06-02,82355.28,Completed
PO-01187,PR-01187,SUP-00039,EMP-00024,WH-MYS-01,2026-02-10,4754.16,Delayed
PO-01188,PR-01188,SUP-00024,EMP-00053,WH-MYS-01,2026-02-23,7527.42,Completed
PO-01189,PR-01189,SUP-00010,EMP-00061,WH-CHN-01,2026-02-17,24703.6,Completed
PO-01190,PR-01190,SUP-00046,EMP-00058,WH-CHN-01,2026-04-18,437904.48,Completed
PO-01191,PR-01191,SUP-00011,EMP-00049,WH-BLR-01,2026-01-20,71808.3,Completed
PO-01192,PR-01192,SUP-00049,EMP-00070,WH-HYD-01,2026-03-11,429139.55,Completed
PO-01193,PR-01193,SUP-00007,EMP-00001,WH-CHN-01,2026-02-01,78814.01,Completed
PO-01194,PR-01194,SUP-00022,EMP-00029,WH-BLR-01,2026-02-20,98768.59,Completed
PO-01195,PR-01195,SUP-00020,EMP-00052,WH-MYS-01,2026-01-15,153903.24,Completed
PO-01196,PR-01196,SUP-00017,EMP-00062,WH-CHN-01,2026-01-09,358988.7,Completed
PO-01197,PR-01197,SUP-00004,EMP-00087,WH-HYD-01,2026-01-31,196085.13,Completed
PO-01198,PR-01198,SUP-00009,EMP-00040,WH-HYD-01,2026-02-02,155168.88,Completed
PO-01199,PR-01199,SUP-00044,EMP-00026,WH-HYD-01,2026-02-22,181646.6,Completed
PO-01200,PR-01200,SUP-00035,EMP-00075,WH-BLR-01,2026-04-10,107460.06,Delayed
PO-01201,PR-01201,SUP-00014,EMP-00069,WH-CHN-01,2026-01-03,206217.84,Completed
PO-01202,PR-01202,SUP-00050,EMP-00030,WH-MYS-01,2026-01-27,53306.1,Completed
PO-01203,PR-01203,SUP-00017,EMP-00088,WH-CHN-01,2026-02-20,98347.19,Completed
PO-01204,PR-01204,SUP-00023,EMP-00022,WH-CHN-01,2026-03-31,334492.8,Completed
PO-01205,PR-01205,SUP-00001,EMP-00069,WH-MYS-01,2026-05-22,214982.38,Completed
PO-01206,PR-01206,SUP-00018,EMP-00082,WH-MYS-01,2026-01-24,352739.28,Completed
PO-01207,PR-01207,SUP-00034,EMP-00088,WH-CHN-01,2026-01-31,387922.2,Completed
PO-01208,PR-01208,SUP-00011,EMP-00047,WH-MYS-01,2026-03-06,77530.96,Cancelled
PO-01209,PR-01209,SUP-00015,EMP-00060,WH-BLR-01,2026-04-09,6593.32,Completed
PO-01210,PR-01210,SUP-00018,EMP-00024,WH-BLR-01,2026-05-07,141254.0,Completed
PO-01211,PR-01211,SUP-00033,EMP-00083,WH-HYD-01,2026-01-08,8150.4,Completed
PO-01212,PR-01212,SUP-00033,EMP-00018,WH-MYS-01,2026-05-12,4673.53,Completed
PO-01213,PR-01213,SUP-00035,EMP-00012,WH-CHN-01,2026-01-21,50547.53,Completed
PO-01214,PR-01214,SUP-00031,EMP-00090,WH-MYS-01,2026-05-09,596764.44,Completed
PO-01215,PR-01215,SUP-00022,EMP-00037,WH-BLR-01,2026-03-14,69170.08,Completed
PO-01216,PR-01216,SUP-00048,EMP-00060,WH-CHN-01,2026-03-15,238330.95,Delayed
PO-01217,PR-01217,SUP-00046,EMP-00022,WH-CHN-01,2026-05-07,7734.0,Delayed
PO-01218,PR-01218,SUP-00030,EMP-00054,WH-HYD-01,2026-02-22,505952.46,Delayed
PO-01219,PR-01219,SUP-00003,EMP-00019,WH-BLR-01,2026-01-12,48456.85,Completed
PO-01220,PR-01220,SUP-00033,EMP-00057,WH-BLR-01,2026-03-26,45899.52,Completed
PO-01221,PR-01221,SUP-00047,EMP-00039,WH-HYD-01,2026-05-26,193827.4,Completed
PO-01222,PR-01222,SUP-00028,EMP-00036,WH-MYS-01,2026-03-20,7980.6,Completed
PO-01223,PR-01223,SUP-00027,EMP-00090,WH-MYS-01,2026-02-07,81129.18,Delayed
PO-01224,PR-01224,SUP-00042,EMP-00057,WH-CHN-01,2026-01-16,36736.5,Completed
PO-01225,PR-01225,SUP-00010,EMP-00097,WH-MYS-01,2026-01-24,593439.0,Completed
PO-01226,PR-01226,SUP-00026,EMP-00014,WH-HYD-01,2026-05-22,37549.49,Delayed
PO-01227,PR-01227,SUP-00012,EMP-00085,WH-CHN-01,2026-03-21,480833.4,Delayed
PO-01228,PR-01228,SUP-00001,EMP-00062,WH-CHN-01,2026-03-04,254849.71,Completed
PO-01229,PR-01229,SUP-00026,EMP-00096,WH-CHN-01,2026-01-29,28355.34,Completed
PO-01230,PR-01230,SUP-00026,EMP-00011,WH-BLR-01,2026-03-24,233883.66,Completed
PO-01231,PR-01231,SUP-00033,EMP-00011,WH-MYS-01,2026-01-24,512192.1,Delayed
PO-01232,PR-01232,SUP-00024,EMP-00071,WH-MYS-01,2026-02-06,80178.28,Completed
PO-01233,PR-01233,SUP-00038,EMP-00045,WH-CHN-01,2026-05-09,325471.92,Completed
PO-01234,PR-01234,SUP-00034,EMP-00060,WH-MYS-01,2026-05-14,328054.02,Completed
PO-01235,PR-01235,SUP-00032,EMP-00091,WH-CHN-01,2026-05-26,227058.25,Completed
PO-01236,PR-01236,SUP-00027,EMP-00046,WH-CHN-01,2026-01-25,9385.98,Completed
PO-01237,PR-01237,SUP-00042,EMP-00097,WH-CHN-01,2026-05-21,63576.31,Delayed
PO-01238,PR-01238,SUP-00013,EMP-00054,WH-CHN-01,2026-04-23,175531.4,Cancelled
PO-01239,PR-01239,SUP-00018,EMP-00091,WH-CHN-01,2026-03-01,41811.15,Completed
PO-01240,PR-01240,SUP-00014,EMP-00098,WH-BLR-01,2026-02-14,503493.9,Delayed
PO-01241,PR-01241,SUP-00044,EMP-00100,WH-CHN-01,2026-04-05,27799.22,Cancelled
PO-01242,PR-01242,SUP-00011,EMP-00028,WH-HYD-01,2026-03-13,235542.6,Completed
PO-01243,PR-01243,SUP-00028,EMP-00025,WH-BLR-01,2026-05-02,109235.76,Delayed
PO-01244,PR-01244,SUP-00037,EMP-00005,WH-MYS-01,2026-04-23,397378.44,Completed
PO-01245,PR-01245,SUP-00004,EMP-00078,WH-MYS-01,2026-04-26,526624.8,Completed
PO-01246,PR-01246,SUP-00040,EMP-00027,WH-HYD-01,2026-03-28,129307.4,Completed
PO-01247,PR-01247,SUP-00020,EMP-00030,WH-MYS-01,2026-02-07,6483.68,Cancelled
PO-01248,PR-01248,SUP-00039,EMP-00053,WH-CHN-01,2026-04-29,647388.0,Cancelled
PO-01249,PR-01249,SUP-00004,EMP-00021,WH-BLR-01,2026-05-22,122070.62,Cancelled
PO-01250,PR-01250,SUP-00027,EMP-00092,WH-CHN-01,2026-04-08,104685.6,Completed
PO-01251,PR-01251,SUP-00008,EMP-00090,WH-HYD-01,2026-04-24,156237.82,Cancelled
PO-01252,PR-01252,SUP-00021,EMP-00009,WH-CHN-01,2026-02-03,488207.88,Completed
PO-01253,PR-01253,SUP-00024,EMP-00087,WH-BLR-01,2026-04-14,6792.0,Delayed
PO-01254,PR-01254,SUP-00034,EMP-00044,WH-BLR-01,2026-01-26,350274.78,Completed
PO-01255,PR-01255,SUP-00042,EMP-00059,WH-MYS-01,2026-04-29,33317.26,Delayed
PO-01256,PR-01256,SUP-00018,EMP-00099,WH-HYD-01,2026-03-01,405656.7,Cancelled
PO-01257,PR-01257,SUP-00006,EMP-00003,WH-HYD-01,2026-05-03,404617.29,Completed
PO-01258,PR-01258,SUP-00014,EMP-00058,WH-HYD-01,2026-03-22,1294.81,Completed
PO-01259,PR-01259,SUP-00015,EMP-00033,WH-MYS-01,2026-05-18,114099.86,Cancelled
PO-01260,PR-01260,SUP-00010,EMP-00025,WH-CHN-01,2026-06-04,49044.52,Delayed
PO-01261,PR-01261,SUP-00029,EMP-00068,WH-CHN-01,2026-02-06,139455.75,Completed
PO-01262,PR-01262,SUP-00026,EMP-00073,WH-HYD-01,2026-03-04,386757.3,Delayed
PO-01263,PR-01263,SUP-00001,EMP-00050,WH-MYS-01,2026-05-23,8904.88,Completed
PO-01264,PR-01264,SUP-00042,EMP-00065,WH-MYS-01,2026-01-12,29516.4,Completed
PO-01265,PR-01265,SUP-00033,EMP-00073,WH-MYS-01,2026-05-02,95393.1,Completed
PO-01266,PR-01266,SUP-00005,EMP-00044,WH-BLR-01,2026-04-09,497130.33,Completed
PO-01267,PR-01267,SUP-00034,EMP-00031,WH-MYS-01,2026-01-31,174397.77,Completed
PO-01268,PR-01268,SUP-00033,EMP-00057,WH-BLR-01,2026-01-28,80178.28,Completed
PO-01269,PR-01269,SUP-00034,EMP-00048,WH-HYD-01,2026-04-17,68830.52,Completed
PO-01270,PR-01270,SUP-00013,EMP-00029,WH-BLR-01,2026-04-27,83140.5,Completed
PO-01271,PR-01271,SUP-00016,EMP-00014,WH-HYD-01,2026-02-11,140090.3,Completed
PO-01272,PR-01272,SUP-00034,EMP-00037,WH-MYS-01,2026-02-03,473859.7,Completed
PO-01273,PR-01273,SUP-00023,EMP-00084,WH-MYS-01,2026-02-28,41357.07,Completed
PO-01274,PR-01274,SUP-00031,EMP-00091,WH-HYD-01,2026-03-13,110813.54,Completed
PO-01275,PR-01275,SUP-00018,EMP-00021,WH-MYS-01,2026-05-09,4931.81,Completed
PO-01276,PR-01276,SUP-00007,EMP-00015,WH-CHN-01,2026-03-25,92093.65,Delayed
PO-01277,PR-01277,SUP-00026,EMP-00071,WH-CHN-01,2026-05-03,64759.38,Completed
PO-01278,PR-01278,SUP-00010,EMP-00035,WH-BLR-01,2026-04-27,1980.9,Completed
PO-01279,PR-01279,SUP-00046,EMP-00022,WH-HYD-01,2026-05-18,358988.7,Cancelled
PO-01280,PR-01280,SUP-00019,EMP-00001,WH-BLR-01,2026-04-14,8276.28,Completed
PO-01281,PR-01281,SUP-00015,EMP-00074,WH-BLR-01,2026-03-01,103280.8,Completed
PO-01282,PR-01282,SUP-00004,EMP-00058,WH-HYD-01,2026-03-30,200112.12,Completed
PO-01283,PR-01283,SUP-00039,EMP-00006,WH-BLR-01,2026-02-28,596204.16,Completed
PO-01284,PR-01284,SUP-00044,EMP-00095,WH-BLR-01,2026-06-01,272180.16,Completed
PO-01285,PR-01285,SUP-00011,EMP-00013,WH-HYD-01,2026-05-08,3169.44,Completed
PO-01286,PR-01286,SUP-00028,EMP-00093,WH-BLR-01,2026-04-14,543091.08,Delayed
PO-01287,PR-01287,SUP-00047,EMP-00019,WH-BLR-01,2026-05-01,5943.0,Delayed
PO-01288,PR-01288,SUP-00034,EMP-00004,WH-HYD-01,2026-03-29,398471.4,Completed
PO-01289,PR-01289,SUP-00019,EMP-00040,WH-CHN-01,2026-03-27,212504.0,Completed
PO-01290,PR-01290,SUP-00013,EMP-00027,WH-BLR-01,2026-03-27,74010.72,Delayed
PO-01291,PR-01291,SUP-00028,EMP-00008,WH-CHN-01,2026-01-09,2655.59,Cancelled
PO-01292,PR-01292,SUP-00024,EMP-00034,WH-BLR-01,2026-03-05,279254.5,Cancelled
PO-01293,PR-01293,SUP-00026,EMP-00051,WH-CHN-01,2026-03-09,83992.24,Completed
PO-01294,PR-01294,SUP-00027,EMP-00044,WH-MYS-01,2026-03-16,44469.36,Completed
PO-01295,PR-01295,SUP-00004,EMP-00020,WH-CHN-01,2026-06-03,296457.22,Completed
PO-01296,PR-01296,SUP-00019,EMP-00074,WH-HYD-01,2026-05-21,209459.55,Completed
PO-01297,PR-01297,SUP-00017,EMP-00054,WH-MYS-01,2026-01-26,268445.52,Completed
PO-01298,PR-01298,SUP-00019,EMP-00022,WH-CHN-01,2026-01-21,103586.57,Completed
PO-01299,PR-01299,SUP-00014,EMP-00040,WH-HYD-01,2026-02-22,94741.5,Completed
PO-01300,PR-01300,SUP-00037,EMP-00052,WH-MYS-01,2026-03-26,90726.72,Delayed
PO-01301,PR-01301,SUP-00019,EMP-00037,WH-MYS-01,2026-04-21,191330.36,Delayed
PO-01302,PR-01302,SUP-00001,EMP-00062,WH-MYS-01,2026-01-23,265101.67,Completed
PO-01303,PR-01303,SUP-00009,EMP-00056,WH-CHN-01,2026-05-01,162038.4,Completed
PO-01304,PR-01304,SUP-00014,EMP-00033,WH-MYS-01,2026-05-20,17212.32,Completed
PO-01305,PR-01305,SUP-00036,EMP-00046,WH-HYD-01,2026-02-17,24925.0,Completed
PO-01306,PR-01306,SUP-00004,EMP-00037,WH-MYS-01,2026-01-30,84596.36,Completed
PO-01307,PR-01307,SUP-00031,EMP-00050,WH-MYS-01,2026-03-22,546.7,Completed
PO-01308,PR-01308,SUP-00024,EMP-00057,WH-BLR-01,2026-02-01,250152.3,Completed
PO-01309,PR-01309,SUP-00043,EMP-00041,WH-MYS-01,2026-03-26,361389.86,Completed
PO-01310,PR-01310,SUP-00037,EMP-00004,WH-HYD-01,2026-03-13,191614.73,Completed
PO-01311,PR-01311,SUP-00009,EMP-00034,WH-MYS-01,2026-01-13,455621.57,Completed
PO-01312,PR-01312,SUP-00024,EMP-00075,WH-BLR-01,2026-02-16,367833.9,Completed
PO-01313,PR-01313,SUP-00003,EMP-00006,WH-BLR-01,2026-05-05,60625.65,Completed
PO-01314,PR-01314,SUP-00013,EMP-00063,WH-BLR-01,2026-04-06,74678.69,Completed
PO-01315,PR-01315,SUP-00020,EMP-00027,WH-MYS-01,2026-05-31,183436.11,Completed
PO-01316,PR-01316,SUP-00015,EMP-00094,WH-HYD-01,2026-02-09,47801.57,Completed
PO-01317,PR-01317,SUP-00025,EMP-00017,WH-HYD-01,2026-05-25,379.37,Delayed
PO-01318,PR-01318,SUP-00023,EMP-00008,WH-BLR-01,2026-03-31,244376.44,Completed
PO-01319,PR-01319,SUP-00028,EMP-00019,WH-CHN-01,2026-02-10,293722.56,Completed
PO-01320,PR-01320,SUP-00026,EMP-00100,WH-CHN-01,2026-04-06,42379.75,Cancelled
PO-01321,PR-01321,SUP-00037,EMP-00009,WH-HYD-01,2026-05-19,119475.98,Completed
PO-01322,PR-01322,SUP-00002,EMP-00039,WH-BLR-01,2026-04-03,38577.88,Delayed
PO-01323,PR-01323,SUP-00041,EMP-00085,WH-CHN-01,2026-04-27,83623.2,Cancelled
PO-01324,PR-01324,SUP-00008,EMP-00063,WH-HYD-01,2026-02-11,151376.4,Completed
PO-01325,PR-01325,SUP-00028,EMP-00063,WH-HYD-01,2026-05-06,186937.5,Completed
PO-01326,PR-01326,SUP-00016,EMP-00039,WH-BLR-01,2026-02-03,282460.47,Completed
PO-01327,PR-01327,SUP-00003,EMP-00003,WH-MYS-01,2026-01-17,260332.75,Cancelled
PO-01328,PR-01328,SUP-00017,EMP-00045,WH-BLR-01,2026-01-27,403554.48,Completed
PO-01329,PR-01329,SUP-00002,EMP-00061,WH-CHN-01,2026-03-17,613230.2,Completed
PO-01330,PR-01330,SUP-00036,EMP-00062,WH-HYD-01,2026-04-20,116296.44,Completed
PO-01331,PR-01331,SUP-00025,EMP-00056,WH-HYD-01,2026-05-31,287233.2,Completed
PO-01332,PR-01332,SUP-00048,EMP-00080,WH-CHN-01,2026-01-29,66704.04,Completed
PO-01333,PR-01333,SUP-00043,EMP-00072,WH-HYD-01,2026-02-04,188103.96,Delayed
PO-01334,PR-01334,SUP-00020,EMP-00003,WH-BLR-01,2026-05-05,442746.0,Completed
PO-01335,PR-01335,SUP-00038,EMP-00055,WH-MYS-01,2026-04-20,143102.3,Completed
PO-01336,PR-01336,SUP-00020,EMP-00036,WH-CHN-01,2026-05-23,164909.68,Completed
PO-01337,PR-01337,SUP-00024,EMP-00007,WH-BLR-01,2026-05-16,65701.86,Completed
PO-01338,PR-01338,SUP-00002,EMP-00026,WH-BLR-01,2026-03-20,64608.64,Completed
PO-01339,PR-01339,SUP-00034,EMP-00081,WH-MYS-01,2026-03-05,54488.25,Completed
PO-01340,PR-01340,SUP-00010,EMP-00089,WH-BLR-01,2026-03-23,539490.0,Completed
PO-01341,PR-01341,SUP-00036,EMP-00085,WH-BLR-01,2026-01-21,61035.31,Completed
PO-01342,PR-01342,SUP-00040,EMP-00086,WH-CHN-01,2026-05-07,22987.04,Completed
PO-01343,PR-01343,SUP-00016,EMP-00053,WH-BLR-01,2026-02-25,207782.39,Delayed
PO-01344,PR-01344,SUP-00002,EMP-00035,WH-MYS-01,2026-04-24,239022.81,Completed
PO-01345,PR-01345,SUP-00005,EMP-00060,WH-HYD-01,2026-05-08,233345.84,Completed
PO-01346,PR-01346,SUP-00019,EMP-00073,WH-CHN-01,2026-04-13,121251.3,Completed
PO-01347,PR-01347,SUP-00007,EMP-00076,WH-CHN-01,2026-02-03,31358.7,Completed
PO-01348,PR-01348,SUP-00030,EMP-00013,WH-MYS-01,2026-01-21,7033.86,Completed
PO-01349,PR-01349,SUP-00010,EMP-00011,WH-BLR-01,2026-04-09,234186.22,Completed
PO-01350,PR-01350,SUP-00035,EMP-00055,WH-MYS-01,2026-02-23,234679.16,Completed
PO-01351,PR-01351,SUP-00047,EMP-00032,WH-CHN-01,2026-03-18,432883.07,Completed
PO-01352,PR-01352,SUP-00047,EMP-00002,WH-HYD-01,2026-03-04,132783.77,Completed
PO-01353,PR-01353,SUP-00016,EMP-00093,WH-MYS-01,2026-06-12,15418.9,Completed
PO-01354,PR-01354,SUP-00026,EMP-00041,WH-MYS-01,2026-03-11,308646.87,Delayed
PO-01355,PR-01355,SUP-00028,EMP-00077,WH-BLR-01,2026-01-31,34189.4,Completed
PO-01356,PR-01356,SUP-00049,EMP-00032,WH-MYS-01,2026-01-13,251767.88,Delayed
PO-01357,PR-01357,SUP-00043,EMP-00011,WH-MYS-01,2026-03-27,288999.97,Completed
PO-01358,PR-01358,SUP-00015,EMP-00083,WH-CHN-01,2026-03-10,57881.72,Completed
PO-01359,PR-01359,SUP-00017,EMP-00049,WH-BLR-01,2026-05-19,197594.89,Completed
PO-01360,PR-01360,SUP-00047,EMP-00047,WH-HYD-01,2026-02-10,299157.25,Delayed
PO-01361,PR-01361,SUP-00022,EMP-00026,WH-HYD-01,2026-02-20,322615.21,Delayed
PO-01362,PR-01362,SUP-00006,EMP-00005,WH-CHN-01,2026-04-05,212882.04,Completed
PO-01363,PR-01363,SUP-00024,EMP-00081,WH-MYS-01,2026-01-24,2655.59,Completed
PO-01364,PR-01364,SUP-00049,EMP-00090,WH-HYD-01,2026-01-17,246258.24,Delayed
PO-01365,PR-01365,SUP-00040,EMP-00049,WH-MYS-01,2026-04-14,7881.05,Completed
PO-01366,PR-01366,SUP-00041,EMP-00095,WH-BLR-01,2026-05-20,38765.48,Completed
PO-01367,PR-01367,SUP-00017,EMP-00056,WH-MYS-01,2026-06-01,310758.8,Completed
PO-01368,PR-01368,SUP-00019,EMP-00040,WH-BLR-01,2026-04-03,101095.06,Delayed
PO-01369,PR-01369,SUP-00014,EMP-00040,WH-BLR-01,2026-03-18,7641.0,Delayed
PO-01370,PR-01370,SUP-00006,EMP-00078,WH-CHN-01,2026-04-12,42989.46,Delayed
PO-01371,PR-01371,SUP-00029,EMP-00043,WH-HYD-01,2026-02-06,79496.67,Completed
PO-01372,PR-01372,SUP-00009,EMP-00049,WH-MYS-01,2026-04-23,52342.8,Completed
PO-01373,PR-01373,SUP-00023,EMP-00082,WH-BLR-01,2026-05-31,5737.44,Completed
PO-01374,PR-01374,SUP-00001,EMP-00053,WH-CHN-01,2026-04-19,330437.88,Completed
PO-01375,PR-01375,SUP-00039,EMP-00047,WH-MYS-01,2026-02-04,169519.0,Delayed
PO-01376,PR-01376,SUP-00045,EMP-00035,WH-BLR-01,2026-03-03,473719.68,Delayed
PO-01377,PR-01377,SUP-00030,EMP-00100,WH-MYS-01,2026-01-07,24217.0,Completed
PO-01378,PR-01378,SUP-00001,EMP-00074,WH-MYS-01,2026-03-23,230602.56,Cancelled
PO-01379,PR-01379,SUP-00002,EMP-00028,WH-MYS-01,2026-04-14,53932.33,Delayed
PO-01380,PR-01380,SUP-00040,EMP-00091,WH-HYD-01,2026-05-11,517427.78,Completed
PO-01381,PR-01381,SUP-00026,EMP-00034,WH-BLR-01,2026-05-25,222332.4,Completed
PO-01382,PR-01382,SUP-00002,EMP-00008,WH-MYS-01,2026-01-28,75688.2,Completed
PO-01383,PR-01383,SUP-00039,EMP-00060,WH-MYS-01,2026-05-27,62486.48,Completed
PO-01384,PR-01384,SUP-00007,EMP-00036,WH-BLR-01,2026-01-14,8005.16,Completed
PO-01385,PR-01385,SUP-00021,EMP-00074,WH-CHN-01,2026-03-16,25370.72,Completed
PO-01386,PR-01386,SUP-00009,EMP-00099,WH-MYS-01,2026-05-11,2547.0,Completed
PO-01387,PR-01387,SUP-00005,EMP-00099,WH-BLR-01,2026-04-22,165243.05,Delayed
PO-01388,PR-01388,SUP-00032,EMP-00056,WH-CHN-01,2026-03-31,431405.01,Delayed
PO-01389,PR-01389,SUP-00016,EMP-00084,WH-HYD-01,2026-04-25,209303.75,Cancelled
PO-01390,PR-01390,SUP-00032,EMP-00070,WH-MYS-01,2026-05-30,646427.5,Completed
PO-01391,PR-01391,SUP-00024,EMP-00071,WH-BLR-01,2026-04-11,539489.72,Cancelled
PO-01392,PR-01392,SUP-00025,EMP-00061,WH-HYD-01,2026-03-13,36783.39,Completed
PO-01393,PR-01393,SUP-00041,EMP-00037,WH-HYD-01,2026-03-26,10320.27,Completed
PO-01394,PR-01394,SUP-00028,EMP-00041,WH-HYD-01,2026-03-11,169.8,Completed
PO-01395,PR-01395,SUP-00047,EMP-00070,WH-HYD-01,2026-05-08,306891.04,Delayed
PO-01396,PR-01396,SUP-00014,EMP-00045,WH-HYD-01,2026-05-25,455149.0,Delayed
PO-01397,PR-01397,SUP-00009,EMP-00020,WH-MYS-01,2026-05-08,387654.8,Completed
PO-01398,PR-01398,SUP-00043,EMP-00008,WH-BLR-01,2026-02-05,284504.5,Completed
PO-01399,PR-01399,SUP-00022,EMP-00011,WH-HYD-01,2026-05-25,117093.11,Completed
PO-01400,PR-01400,SUP-00007,EMP-00096,WH-CHN-01,2026-05-23,60887.54,Completed
PO-01401,PR-01401,SUP-00050,EMP-00071,WH-CHN-01,2026-02-02,117382.13,Completed
PO-01402,PR-01402,SUP-00038,EMP-00078,WH-HYD-01,2026-01-22,116732.07,Completed
PO-01403,PR-01403,SUP-00013,EMP-00027,WH-BLR-01,2026-04-01,17094.7,Completed
PO-01404,PR-01404,SUP-00041,EMP-00094,WH-HYD-01,2026-03-19,44392.6,Delayed
PO-01405,PR-01405,SUP-00023,EMP-00080,WH-BLR-01,2026-03-01,129101.0,Completed
PO-01406,PR-01406,SUP-00011,EMP-00065,WH-BLR-01,2026-02-01,281189.16,Completed
PO-01407,PR-01407,SUP-00007,EMP-00024,WH-HYD-01,2026-05-27,295739.48,Completed
PO-01408,PR-01408,SUP-00010,EMP-00001,WH-MYS-01,2026-02-22,476170.5,Cancelled
PO-01409,PR-01409,SUP-00021,EMP-00036,WH-CHN-01,2026-04-30,576273.11,Cancelled
PO-01410,PR-01410,SUP-00040,EMP-00003,WH-MYS-01,2026-04-13,235452.0,Completed
PO-01411,PR-01411,SUP-00036,EMP-00017,WH-CHN-01,2026-04-29,110205.28,Delayed
PO-01412,PR-01412,SUP-00031,EMP-00011,WH-BLR-01,2026-06-02,8346.14,Completed
PO-01413,PR-01413,SUP-00033,EMP-00072,WH-MYS-01,2026-04-20,265830.88,Delayed
PO-01414,PR-01414,SUP-00014,EMP-00003,WH-CHN-01,2026-02-19,80260.91,Delayed
PO-01415,PR-01415,SUP-00006,EMP-00025,WH-BLR-01,2026-01-27,581784.75,Completed
PO-01416,PR-01416,SUP-00038,EMP-00079,WH-MYS-01,2026-02-09,57524.04,Completed
PO-01417,PR-01417,SUP-00019,EMP-00089,WH-BLR-01,2026-03-22,252863.52,Completed
PO-01418,PR-01418,SUP-00041,EMP-00037,WH-CHN-01,2026-01-24,252248.38,Completed
PO-01419,PR-01419,SUP-00025,EMP-00039,WH-BLR-01,2026-03-20,64740.5,Completed
PO-01420,PR-01420,SUP-00046,EMP-00080,WH-HYD-01,2026-02-15,223885.62,Completed
PO-01421,PR-01421,SUP-00032,EMP-00051,WH-HYD-01,2026-05-07,454116.5,Completed
PO-01422,PR-01422,SUP-00032,EMP-00002,WH-CHN-01,2026-05-20,211229.46,Completed
PO-01423,PR-01423,SUP-00039,EMP-00070,WH-MYS-01,2026-03-17,5260.62,Delayed
PO-01424,PR-01424,SUP-00039,EMP-00015,WH-MYS-01,2026-05-03,51385.32,Completed
PO-01425,PR-01425,SUP-00023,EMP-00092,WH-HYD-01,2026-02-03,158539.26,Completed
PO-01426,PR-01426,SUP-00017,EMP-00004,WH-MYS-01,2026-01-29,517339.44,Delayed
PO-01427,PR-01427,SUP-00008,EMP-00041,WH-BLR-01,2026-01-18,6640.75,Completed
PO-01428,PR-01428,SUP-00039,EMP-00055,WH-CHN-01,2026-04-10,71295.34,Completed
PO-01429,PR-01429,SUP-00019,EMP-00015,WH-MYS-01,2026-03-19,154399.61,Completed
PO-01430,PR-01430,SUP-00049,EMP-00087,WH-HYD-01,2026-03-18,147157.5,Completed
PO-01431,PR-01431,SUP-00005,EMP-00007,WH-BLR-01,2026-02-15,273605.76,Completed
PO-01432,PR-01432,SUP-00004,EMP-00040,WH-BLR-01,2026-03-27,133196.28,Completed
PO-01433,PR-01433,SUP-00031,EMP-00012,WH-CHN-01,2026-01-05,613230.2,Completed
PO-01434,PR-01434,SUP-00008,EMP-00025,WH-BLR-01,2026-02-11,132277.23,Completed
PO-01435,PR-01435,SUP-00013,EMP-00096,WH-MYS-01,2026-05-15,452012.8,Completed
PO-01436,PR-01436,SUP-00036,EMP-00042,WH-MYS-01,2026-02-21,172195.75,Completed
PO-01437,PR-01437,SUP-00010,EMP-00035,WH-CHN-01,2026-04-03,63073.5,Delayed
PO-01438,PR-01438,SUP-00044,EMP-00022,WH-MYS-01,2026-05-12,432048.55,Completed
PO-01439,PR-01439,SUP-00029,EMP-00057,WH-MYS-01,2026-02-02,29656.67,Completed
PO-01440,PR-01440,SUP-00029,EMP-00006,WH-CHN-01,2026-05-07,639278.1,Completed
PO-01441,PR-01441,SUP-00038,EMP-00057,WH-MYS-01,2026-05-09,256560.8,Completed
PO-01442,PR-01442,SUP-00001,EMP-00007,WH-CHN-01,2026-04-21,185015.6,Completed
PO-01443,PR-01443,SUP-00002,EMP-00041,WH-HYD-01,2026-04-27,472262.4,Completed
PO-01444,PR-01444,SUP-00037,EMP-00081,WH-BLR-01,2026-01-16,30885.03,Completed
PO-01445,PR-01445,SUP-00040,EMP-00027,WH-BLR-01,2026-03-29,781.54,Delayed
PO-01446,PR-01446,SUP-00044,EMP-00002,WH-MYS-01,2026-03-30,382446.62,Completed
PO-01447,PR-01447,SUP-00033,EMP-00047,WH-HYD-01,2026-02-25,3226.2,Delayed
PO-01448,PR-01448,SUP-00008,EMP-00100,WH-BLR-01,2026-04-05,6342.68,Completed
PO-01449,PR-01449,SUP-00006,EMP-00076,WH-BLR-01,2026-05-20,152895.71,Completed
PO-01450,PR-01450,SUP-00016,EMP-00078,WH-CHN-01,2026-03-04,66977.2,Delayed
PO-01451,PR-01451,SUP-00040,EMP-00068,WH-CHN-01,2026-04-14,390.5,Completed
PO-01452,PR-01452,SUP-00048,EMP-00066,WH-CHN-01,2026-01-07,79119.84,Completed
PO-01453,PR-01453,SUP-00033,EMP-00019,WH-HYD-01,2026-02-23,163043.76,Completed
PO-01454,PR-01454,SUP-00038,EMP-00084,WH-HYD-01,2026-03-16,224007.25,Completed
PO-01455,PR-01455,SUP-00020,EMP-00096,WH-MYS-01,2026-04-29,165248.91,Completed
PO-01456,PR-01456,SUP-00044,EMP-00015,WH-BLR-01,2026-04-13,682915.45,Completed
PO-01457,PR-01457,SUP-00039,EMP-00095,WH-BLR-01,2026-05-01,403088.69,Completed
PO-01458,PR-01458,SUP-00039,EMP-00024,WH-MYS-01,2026-04-04,85966.23,Completed
PO-01459,PR-01459,SUP-00040,EMP-00023,WH-MYS-01,2026-05-10,437398.4,Delayed
PO-01460,PR-01460,SUP-00040,EMP-00079,WH-BLR-01,2026-01-21,307207.34,Delayed
PO-01461,PR-01461,SUP-00045,EMP-00028,WH-CHN-01,2026-03-29,28371.78,Completed
PO-01462,PR-01462,SUP-00048,EMP-00082,WH-BLR-01,2026-05-23,273089.4,Completed
PO-01463,PR-01463,SUP-00043,EMP-00063,WH-BLR-01,2026-01-29,69769.48,Completed
PO-01464,PR-01464,SUP-00024,EMP-00039,WH-CHN-01,2026-02-13,413229.6,Completed
PO-01465,PR-01465,SUP-00019,EMP-00083,WH-HYD-01,2026-02-10,256257.75,Completed
PO-01466,PR-01466,SUP-00049,EMP-00095,WH-HYD-01,2026-03-16,439021.8,Completed
PO-01467,PR-01467,SUP-00011,EMP-00084,WH-HYD-01,2026-05-30,68961.12,Completed
PO-01468,PR-01468,SUP-00003,EMP-00009,WH-CHN-01,2026-05-10,82609.47,Completed
PO-01469,PR-01469,SUP-00044,EMP-00028,WH-BLR-01,2026-01-06,51601.35,Cancelled
PO-01470,PR-01470,SUP-00040,EMP-00095,WH-BLR-01,2026-03-26,305176.55,Completed
PO-01471,PR-01471,SUP-00034,EMP-00006,WH-MYS-01,2026-01-19,37911.59,Completed
PO-01472,PR-01472,SUP-00030,EMP-00064,WH-HYD-01,2026-04-01,314956.04,Completed
PO-01473,PR-01473,SUP-00015,EMP-00062,WH-BLR-01,2026-04-13,268445.52,Completed
PO-01474,PR-01474,SUP-00033,EMP-00016,WH-CHN-01,2026-02-11,64880.98,Completed
PO-01475,PR-01475,SUP-00050,EMP-00016,WH-CHN-01,2026-04-02,259347.2,Completed
PO-01476,PR-01476,SUP-00035,EMP-00045,WH-MYS-01,2026-02-24,37387.5,Delayed
PO-01477,PR-01477,SUP-00044,EMP-00034,WH-BLR-01,2026-02-08,44639.6,Delayed
PO-01478,PR-01478,SUP-00029,EMP-00084,WH-BLR-01,2026-02-14,271499.55,Completed
PO-01479,PR-01479,SUP-00019,EMP-00005,WH-HYD-01,2026-03-09,146358.13,Completed
PO-01480,PR-01480,SUP-00016,EMP-00063,WH-MYS-01,2026-05-17,529314.1,Delayed
PO-01481,PR-01481,SUP-00031,EMP-00098,WH-CHN-01,2026-05-02,105995.56,Completed
PO-01482,PR-01482,SUP-00007,EMP-00079,WH-CHN-01,2026-04-02,229761.5,Completed
PO-01483,PR-01483,SUP-00015,EMP-00093,WH-BLR-01,2026-03-02,162038.4,Delayed
PO-01484,PR-01484,SUP-00041,EMP-00042,WH-BLR-01,2026-02-22,117183.64,Completed
PO-01485,PR-01485,SUP-00014,EMP-00052,WH-CHN-01,2026-04-08,5260.62,Completed
PO-01486,PR-01486,SUP-00044,EMP-00009,WH-CHN-01,2026-04-18,64832.88,Delayed
PO-01487,PR-01487,SUP-00050,EMP-00023,WH-BLR-01,2026-05-08,480714.5,Completed
PO-01488,PR-01488,SUP-00046,EMP-00095,WH-MYS-01,2026-01-21,71959.18,Completed
PO-01489,PR-01489,SUP-00010,EMP-00042,WH-BLR-01,2026-01-25,113089.16,Completed
PO-01490,PR-01490,SUP-00038,EMP-00049,WH-HYD-01,2026-06-03,21869.92,Completed
PO-01491,PR-01491,SUP-00033,EMP-00096,WH-BLR-01,2026-02-18,172678.74,Completed
PO-01492,PR-01492,SUP-00013,EMP-00039,WH-BLR-01,2026-01-22,36325.5,Completed
PO-01493,PR-01493,SUP-00038,EMP-00012,WH-BLR-01,2026-03-26,76112.16,Completed
PO-01494,PR-01494,SUP-00043,EMP-00001,WH-BLR-01,2026-03-24,11885.4,Completed
PO-01495,PR-01495,SUP-00008,EMP-00080,WH-HYD-01,2026-05-27,77471.51,Completed
PO-01496,PR-01496,SUP-00023,EMP-00045,WH-MYS-01,2026-01-12,86061.6,Completed
PO-01497,PR-01497,SUP-00001,EMP-00022,WH-HYD-01,2026-04-02,183576.6,Completed
PO-01498,PR-01498,SUP-00012,EMP-00087,WH-HYD-01,2026-02-18,148037.4,Delayed
PO-01499,PR-01499,SUP-00023,EMP-00065,WH-HYD-01,2026-02-28,108656.52,Completed
PO-01500,PR-01500,SUP-00013,EMP-00041,WH-MYS-01,2026-06-14,391592.8,Delayed
PO-01501,PR-01501,SUP-00029,EMP-00005,WH-CHN-01,2026-01-16,9655.66,Cancelled
PO-01502,PR-01502,SUP-00009,EMP-00015,WH-HYD-01,2026-04-04,475617.78,Completed
PO-01503,PR-01503,SUP-00037,EMP-00034,WH-BLR-01,2026-01-28,167775.72,Completed
PO-01504,PR-01504,SUP-00028,EMP-00017,WH-CHN-01,2026-05-17,109011.36,Completed
PO-01505,PR-01505,SUP-00031,EMP-00010,WH-BLR-01,2026-06-03,297407.02,Delayed
PO-01506,PR-01506,SUP-00046,EMP-00092,WH-HYD-01,2026-02-16,42777.35,Completed
PO-01507,PR-01507,SUP-00018,EMP-00036,WH-CHN-01,2026-03-21,143280.88,Delayed
PO-01508,PR-01508,SUP-00016,EMP-00033,WH-HYD-01,2026-06-02,167246.4,Completed
PO-01509,PR-01509,SUP-00024,EMP-00015,WH-BLR-01,2026-03-30,85923.46,Delayed
PO-01510,PR-01510,SUP-00025,EMP-00031,WH-MYS-01,2026-04-23,25921.92,Completed
PO-01511,PR-01511,SUP-00016,EMP-00025,WH-BLR-01,2026-03-23,3414.33,Completed
PO-01512,PR-01512,SUP-00035,EMP-00040,WH-BLR-01,2026-01-27,350668.5,Completed
PO-01513,PR-01513,SUP-00034,EMP-00048,WH-MYS-01,2026-02-09,937.2,Completed
PO-01514,PR-01514,SUP-00011,EMP-00077,WH-CHN-01,2026-04-28,398935.0,Completed
PO-01515,PR-01515,SUP-00029,EMP-00028,WH-CHN-01,2026-02-21,292459.18,Completed
PO-01516,PR-01516,SUP-00042,EMP-00018,WH-MYS-01,2026-04-10,56081.25,Completed
PO-01517,PR-01517,SUP-00046,EMP-00080,WH-BLR-01,2026-04-30,254883.44,Completed
PO-01518,PR-01518,SUP-00046,EMP-00009,WH-HYD-01,2026-04-03,34480.56,Delayed
PO-01519,PR-01519,SUP-00016,EMP-00043,WH-BLR-01,2026-04-07,407663.1,Delayed
PO-01520,PR-01520,SUP-00030,EMP-00091,WH-HYD-01,2026-03-01,127190.8,Completed
PO-01521,PR-01521,SUP-00049,EMP-00063,WH-CHN-01,2026-04-13,32966.6,Completed
PO-01522,PR-01522,SUP-00043,EMP-00044,WH-BLR-01,2026-01-12,279819.76,Completed
PO-01523,PR-01523,SUP-00022,EMP-00012,WH-BLR-01,2026-05-12,176605.8,Delayed
PO-01524,PR-01524,SUP-00045,EMP-00022,WH-CHN-01,2026-02-23,77098.56,Completed
PO-01525,PR-01525,SUP-00024,EMP-00089,WH-CHN-01,2026-04-15,668978.4,Completed
PO-01526,PR-01526,SUP-00041,EMP-00080,WH-MYS-01,2026-05-15,323881.92,Completed
PO-01527,PR-01527,SUP-00007,EMP-00039,WH-HYD-01,2026-05-04,15762.1,Completed
PO-01528,PR-01528,SUP-00039,EMP-00044,WH-BLR-01,2026-02-26,51714.2,Completed
PO-01529,PR-01529,SUP-00008,EMP-00085,WH-CHN-01,2026-02-05,132598.4,Completed
PO-01530,PR-01530,SUP-00016,EMP-00016,WH-HYD-01,2026-04-02,80143.92,Completed
PO-01531,PR-01531,SUP-00012,EMP-00023,WH-HYD-01,2026-04-23,40509.6,Completed
PO-01532,PR-01532,SUP-00040,EMP-00001,WH-MYS-01,2026-01-13,232426.25,Completed
PO-01533,PR-01533,SUP-00013,EMP-00030,WH-CHN-01,2026-05-12,15174.8,Completed
PO-01534,PR-01534,SUP-00032,EMP-00031,WH-BLR-01,2026-01-12,112061.82,Cancelled
PO-01535,PR-01535,SUP-00037,EMP-00033,WH-BLR-01,2026-04-17,161521.6,Completed
PO-01536,PR-01536,SUP-00022,EMP-00007,WH-CHN-01,2026-03-04,9385.98,Delayed
PO-01537,PR-01537,SUP-00004,EMP-00013,WH-MYS-01,2026-02-06,445079.25,Completed
PO-01538,PR-01538,SUP-00018,EMP-00033,WH-MYS-01,2026-01-16,43361.82,Completed
PO-01539,PR-01539,SUP-00021,EMP-00069,WH-BLR-01,2026-03-13,494046.08,Completed
PO-01540,PR-01540,SUP-00041,EMP-00005,WH-CHN-01,2026-04-18,70297.29,Completed
PO-01541,PR-01541,SUP-00016,EMP-00015,WH-HYD-01,2026-03-26,50588.79,Completed
PO-01542,PR-01542,SUP-00011,EMP-00070,WH-BLR-01,2026-05-11,424379.55,Completed
PO-01543,PR-01543,SUP-00032,EMP-00061,WH-CHN-01,2026-04-01,296074.8,Delayed
PO-01544,PR-01544,SUP-00032,EMP-00011,WH-BLR-01,2026-02-26,9863.62,Completed
PO-01545,PR-01545,SUP-00010,EMP-00018,WH-HYD-01,2026-05-10,417550.26,Completed
PO-01546,PR-01546,SUP-00036,EMP-00014,WH-HYD-01,2026-03-26,426676.16,Completed
PO-01547,PR-01547,SUP-00046,EMP-00007,WH-MYS-01,2026-05-28,501733.8,Completed
PO-01548,PR-01548,SUP-00041,EMP-00051,WH-MYS-01,2026-04-15,37314.27,Completed
PO-01549,PR-01549,SUP-00021,EMP-00003,WH-HYD-01,2026-02-03,335662.6,Completed
PO-01550,PR-01550,SUP-00030,EMP-00069,WH-HYD-01,2026-03-03,188404.43,Completed
PO-01551,PR-01551,SUP-00048,EMP-00048,WH-HYD-01,2026-05-13,444787.52,Delayed
PO-01552,PR-01552,SUP-00022,EMP-00027,WH-CHN-01,2026-04-28,172925.2,Delayed
PO-01553,PR-01553,SUP-00019,EMP-00048,WH-CHN-01,2026-02-24,375228.45,Cancelled
PO-01554,PR-01554,SUP-00010,EMP-00080,WH-BLR-01,2026-02-21,380936.4,Completed
PO-01555,PR-01555,SUP-00049,EMP-00030,WH-CHN-01,2026-06-02,60253.6,Completed
PO-01556,PR-01556,SUP-00041,EMP-00086,WH-MYS-01,2026-02-08,79272.5,Completed
PO-01557,PR-01557,SUP-00015,EMP-00019,WH-MYS-01,2026-02-13,418599.2,Delayed
PO-01558,PR-01558,SUP-00002,EMP-00068,WH-MYS-01,2026-03-25,182806.64,Completed
PO-01559,PR-01559,SUP-00019,EMP-00027,WH-HYD-01,2026-05-05,25367.2,Delayed
PO-01560,PR-01560,SUP-00006,EMP-00056,WH-CHN-01,2026-02-11,706450.56,Completed
PO-01561,PR-01561,SUP-00042,EMP-00049,WH-BLR-01,2026-05-19,316840.18,Completed
PO-01562,PR-01562,SUP-00023,EMP-00074,WH-CHN-01,2026-04-26,415476.0,Completed
PO-01563,PR-01563,SUP-00007,EMP-00054,WH-BLR-01,2026-05-14,129731.4,Delayed
PO-01564,PR-01564,SUP-00010,EMP-00047,WH-MYS-01,2026-02-17,79051.52,Delayed
PO-01565,PR-01565,SUP-00014,EMP-00046,WH-CHN-01,2026-03-21,416920.5,Delayed
PO-01566,PR-01566,SUP-00008,EMP-00071,WH-HYD-01,2026-03-11,305791.42,Delayed
PO-01567,PR-01567,SUP-00024,EMP-00006,WH-MYS-01,2026-05-28,438943.4,Completed
PO-01568,PR-01568,SUP-00010,EMP-00096,WH-HYD-01,2026-04-09,620773.68,Completed
PO-01569,PR-01569,SUP-00027,EMP-00021,WH-MYS-01,2026-05-06,8150.4,Delayed
PO-01570,PR-01570,SUP-00007,EMP-00010,WH-MYS-01,2026-02-11,553631.2,Completed
PO-01571,PR-01571,SUP-00036,EMP-00057,WH-CHN-01,2026-06-02,113421.36,Completed
PO-01572,PR-01572,SUP-00001,EMP-00066,WH-HYD-01,2026-05-10,15054.84,Delayed
PO-01573,PR-01573,SUP-00044,EMP-00067,WH-CHN-01,2026-05-20,61145.37,Delayed
PO-01574,PR-01574,SUP-00049,EMP-00017,WH-MYS-01,2026-02-16,215831.0,Completed
PO-01575,PR-01575,SUP-00050,EMP-00048,WH-CHN-01,2026-03-10,239405.04,Completed
PO-01576,PR-01576,SUP-00023,EMP-00053,WH-HYD-01,2026-05-15,130473.3,Completed
PO-01577,PR-01577,SUP-00007,EMP-00081,WH-BLR-01,2026-01-16,95950.98,Completed
PO-01578,PR-01578,SUP-00021,EMP-00007,WH-MYS-01,2026-01-17,94418.17,Delayed
PO-01579,PR-01579,SUP-00022,EMP-00017,WH-BLR-01,2026-03-07,149571.36,Completed
PO-01580,PR-01580,SUP-00017,EMP-00099,WH-MYS-01,2026-02-23,312.4,Completed
PO-01581,PR-01581,SUP-00044,EMP-00094,WH-BLR-01,2026-06-04,679.2,Completed
PO-01582,PR-01582,SUP-00019,EMP-00062,WH-MYS-01,2026-02-23,31959.98,Completed
PO-01583,PR-01583,SUP-00034,EMP-00061,WH-CHN-01,2026-05-08,19667.68,Completed
PO-01584,PR-01584,SUP-00033,EMP-00098,WH-HYD-01,2026-02-24,102922.25,Delayed
PO-01585,PR-01585,SUP-00037,EMP-00019,WH-HYD-01,2026-05-15,94821.54,Completed
PO-01586,PR-01586,SUP-00046,EMP-00061,WH-CHN-01,2026-03-13,488207.88,Completed
PO-01587,PR-01587,SUP-00031,EMP-00057,WH-MYS-01,2026-02-04,400852.94,Completed
PO-01588,PR-01588,SUP-00014,EMP-00002,WH-MYS-01,2026-01-21,397346.17,Completed
PO-01589,PR-01589,SUP-00003,EMP-00051,WH-CHN-01,2026-02-23,166190.4,Completed
PO-01590,PR-01590,SUP-00021,EMP-00008,WH-MYS-01,2026-02-01,234546.84,Completed
PO-01591,PR-01591,SUP-00002,EMP-00001,WH-CHN-01,2026-02-23,470203.28,Completed
PO-01592,PR-01592,SUP-00001,EMP-00094,WH-HYD-01,2026-04-21,294354.4,Completed
PO-01593,PR-01593,SUP-00009,EMP-00032,WH-CHN-01,2026-04-12,87394.4,Completed
PO-01594,PR-01594,SUP-00047,EMP-00026,WH-CHN-01,2026-04-22,407037.54,Delayed
PO-01595,PR-01595,SUP-00042,EMP-00010,WH-HYD-01,2026-03-19,137293.36,Completed
PO-01596,PR-01596,SUP-00045,EMP-00087,WH-MYS-01,2026-01-12,352471.32,Completed
PO-01597,PR-01597,SUP-00006,EMP-00069,WH-HYD-01,2026-03-02,27793.35,Completed
PO-01598,PR-01598,SUP-00035,EMP-00083,WH-CHN-01,2026-05-08,77094.5,Completed
PO-01599,PR-01599,SUP-00046,EMP-00019,WH-HYD-01,2026-03-10,42777.35,Completed
PO-01600,PR-01600,SUP-00046,EMP-00058,WH-BLR-01,2026-03-15,324039.9,Completed
PO-01601,PR-01601,SUP-00042,EMP-00024,WH-MYS-01,2026-03-28,120494.2,Completed
PO-01602,PR-01602,SUP-00018,EMP-00017,WH-HYD-01,2026-05-30,211898.75,Delayed
PO-01603,PR-01603,SUP-00022,EMP-00044,WH-HYD-01,2026-05-26,332074.5,Delayed
PO-01604,PR-01604,SUP-00030,EMP-00015,WH-HYD-01,2026-04-06,203419.95,Completed
PO-01605,PR-01605,SUP-00018,EMP-00003,WH-CHN-01,2026-02-28,12222.1,Completed
PO-01606,PR-01606,SUP-00014,EMP-00019,WH-HYD-01,2026-04-24,28659.64,Delayed
PO-01607,PR-01607,SUP-00040,EMP-00043,WH-HYD-01,2026-01-08,452499.25,Completed
PO-01608,PR-01608,SUP-00017,EMP-00010,WH-MYS-01,2026-01-23,64740.5,Completed
PO-01609,PR-01609,SUP-00003,EMP-00029,WH-CHN-01,2026-05-23,81006.25,Delayed
PO-01610,PR-01610,SUP-00046,EMP-00001,WH-HYD-01,2026-03-16,296719.5,Completed
PO-01611,PR-01611,SUP-00005,EMP-00067,WH-CHN-01,2026-05-03,53346.87,Completed
PO-01612,PR-01612,SUP-00049,EMP-00018,WH-HYD-01,2026-01-07,108656.52,Delayed
PO-01613,PR-01613,SUP-00037,EMP-00041,WH-MYS-01,2026-06-01,662982.36,Delayed
PO-01614,PR-01614,SUP-00035,EMP-00052,WH-BLR-01,2026-02-19,12462.5,Completed
PO-01615,PR-01615,SUP-00004,EMP-00063,WH-MYS-01,2026-02-06,94817.7,Completed
PO-01616,PR-01616,SUP-00005,EMP-00018,WH-MYS-01,2026-03-20,454116.5,Completed
PO-01617,PR-01617,SUP-00031,EMP-00019,WH-BLR-01,2026-04-29,469961.76,Completed
PO-01618,PR-01618,SUP-00001,EMP-00061,WH-BLR-01,2026-04-28,241021.84,Delayed
PO-01619,PR-01619,SUP-00036,EMP-00067,WH-BLR-01,2026-02-27,859.1,Delayed
PO-01620,PR-01620,SUP-00034,EMP-00025,WH-BLR-01,2026-05-14,364586.4,Completed
PO-01621,PR-01621,SUP-00048,EMP-00075,WH-CHN-01,2026-05-16,405096.0,Completed
PO-01622,PR-01622,SUP-00007,EMP-00018,WH-HYD-01,2026-04-20,49345.8,Completed
PO-01623,PR-01623,SUP-00044,EMP-00042,WH-HYD-01,2026-03-13,257595.12,Completed
PO-01624,PR-01624,SUP-00028,EMP-00016,WH-MYS-01,2026-03-25,479555.52,Completed
PO-01625,PR-01625,SUP-00013,EMP-00044,WH-HYD-01,2026-02-08,50497.59,Delayed
PO-01626,PR-01626,SUP-00001,EMP-00092,WH-MYS-01,2026-04-10,155531.52,Completed
PO-01627,PR-01627,SUP-00003,EMP-00067,WH-CHN-01,2026-02-18,177877.44,Completed
PO-01628,PR-01628,SUP-00044,EMP-00022,WH-CHN-01,2026-04-08,38577.88,Completed
PO-01629,PR-01629,SUP-00034,EMP-00051,WH-MYS-01,2026-01-14,347490.25,Delayed
PO-01630,PR-01630,SUP-00046,EMP-00071,WH-BLR-01,2026-02-11,264883.5,Cancelled
PO-01631,PR-01631,SUP-00005,EMP-00012,WH-BLR-01,2026-05-18,129713.94,Delayed
PO-01632,PR-01632,SUP-00012,EMP-00021,WH-BLR-01,2026-03-24,528078.27,Completed
PO-01633,PR-01633,SUP-00022,EMP-00015,WH-MYS-01,2026-05-05,104639.7,Completed
PO-01634,PR-01634,SUP-00016,EMP-00064,WH-BLR-01,2026-03-04,209978.08,Completed
PO-01635,PR-01635,SUP-00050,EMP-00078,WH-CHN-01,2026-03-11,159574.0,Completed
PO-01636,PR-01636,SUP-00007,EMP-00065,WH-MYS-01,2026-05-18,128666.44,Completed
PO-01637,PR-01637,SUP-00013,EMP-00038,WH-MYS-01,2026-06-01,18884.92,Delayed
PO-01638,PR-01638,SUP-00037,EMP-00039,WH-CHN-01,2026-01-05,157410.5,Completed
PO-01639,PR-01639,SUP-00029,EMP-00067,WH-CHN-01,2026-05-17,404955.13,Cancelled
PO-01640,PR-01640,SUP-00046,EMP-00003,WH-HYD-01,2026-03-13,187002.48,Delayed
PO-01641,PR-01641,SUP-00028,EMP-00019,WH-HYD-01,2026-04-02,90408.0,Completed
PO-01642,PR-01642,SUP-00047,EMP-00029,WH-MYS-01,2026-05-15,339195.36,Completed
PO-01643,PR-01643,SUP-00020,EMP-00081,WH-MYS-01,2026-01-26,219997.8,Completed
PO-01644,PR-01644,SUP-00008,EMP-00031,WH-MYS-01,2026-04-07,57823.92,Completed
PO-01645,PR-01645,SUP-00035,EMP-00083,WH-MYS-01,2026-02-09,222116.83,Completed
PO-01646,PR-01646,SUP-00006,EMP-00041,WH-MYS-01,2026-05-28,223704.6,Completed
PO-01647,PR-01647,SUP-00032,EMP-00079,WH-MYS-01,2026-04-09,343258.15,Delayed
PO-01648,PR-01648,SUP-00037,EMP-00024,WH-CHN-01,2026-02-12,55589.4,Cancelled
PO-01649,PR-01649,SUP-00017,EMP-00030,WH-HYD-01,2026-03-23,167552.7,Completed
PO-01650,PR-01650,SUP-00017,EMP-00083,WH-BLR-01,2026-01-16,75317.0,Completed
PO-01651,PR-01651,SUP-00024,EMP-00016,WH-MYS-01,2026-01-18,686027.44,Cancelled
PO-01652,PR-01652,SUP-00029,EMP-00001,WH-BLR-01,2026-04-19,200160.48,Delayed
PO-01653,PR-01653,SUP-00042,EMP-00066,WH-MYS-01,2026-03-03,226619.04,Completed
PO-01654,PR-01654,SUP-00031,EMP-00030,WH-HYD-01,2026-02-25,4673.53,Completed
PO-01655,PR-01655,SUP-00042,EMP-00028,WH-BLR-01,2026-05-18,81424.17,Completed
PO-01656,PR-01656,SUP-00021,EMP-00054,WH-HYD-01,2026-05-22,633606.26,Delayed
PO-01657,PR-01657,SUP-00028,EMP-00096,WH-MYS-01,2026-03-15,356627.02,Completed
PO-01658,PR-01658,SUP-00045,EMP-00056,WH-HYD-01,2026-05-07,409808.51,Completed
PO-01659,PR-01659,SUP-00006,EMP-00070,WH-BLR-01,2026-03-19,376300.35,Completed
PO-01660,PR-01660,SUP-00043,EMP-00021,WH-HYD-01,2026-03-21,227045.94,Completed
PO-01661,PR-01661,SUP-00031,EMP-00037,WH-MYS-01,2026-04-06,28056.64,Completed
PO-01662,PR-01662,SUP-00028,EMP-00035,WH-CHN-01,2026-04-26,103441.68,Completed
PO-01663,PR-01663,SUP-00033,EMP-00041,WH-BLR-01,2026-05-15,117183.64,Delayed
PO-01664,PR-01664,SUP-00023,EMP-00016,WH-CHN-01,2026-05-30,73473.0,Completed
PO-01665,PR-01665,SUP-00019,EMP-00011,WH-BLR-01,2026-04-19,171003.6,Completed
PO-01666,PR-01666,SUP-00041,EMP-00030,WH-HYD-01,2026-04-16,484170.9,Completed
PO-01667,PR-01667,SUP-00034,EMP-00081,WH-HYD-01,2026-01-30,46929.9,Delayed
PO-01668,PR-01668,SUP-00049,EMP-00097,WH-HYD-01,2026-04-06,83192.88,Delayed
PO-01669,PR-01669,SUP-00046,EMP-00032,WH-HYD-01,2026-05-01,144092.88,Delayed
PO-01670,PR-01670,SUP-00041,EMP-00081,WH-MYS-01,2026-04-15,69794.78,Completed
PO-01671,PR-01671,SUP-00026,EMP-00010,WH-CHN-01,2026-03-27,162012.5,Completed
PO-01672,PR-01672,SUP-00006,EMP-00001,WH-CHN-01,2026-02-24,324884.2,Completed
PO-01673,PR-01673,SUP-00032,EMP-00087,WH-HYD-01,2026-04-04,176297.29,Completed
PO-01674,PR-01674,SUP-00021,EMP-00009,WH-BLR-01,2026-06-03,10108.75,Completed
PO-01675,PR-01675,SUP-00017,EMP-00043,WH-CHN-01,2026-04-18,8987.71,Completed
PO-01676,PR-01676,SUP-00045,EMP-00031,WH-CHN-01,2026-02-07,14483.49,Cancelled
PO-01677,PR-01677,SUP-00032,EMP-00070,WH-MYS-01,2026-01-16,12462.5,Completed
PO-01678,PR-01678,SUP-00011,EMP-00023,WH-BLR-01,2026-03-05,13937.05,Completed
PO-01679,PR-01679,SUP-00014,EMP-00001,WH-CHN-01,2026-05-16,101540.53,Completed
PO-01680,PR-01680,SUP-00033,EMP-00005,WH-MYS-01,2026-06-01,232666.56,Completed
PO-01681,PR-01681,SUP-00005,EMP-00032,WH-MYS-01,2026-03-26,175815.15,Delayed
PO-01682,PR-01682,SUP-00021,EMP-00001,WH-BLR-01,2026-05-23,401789.76,Completed
PO-01683,PR-01683,SUP-00026,EMP-00013,WH-MYS-01,2026-03-15,287233.2,Delayed
PO-01684,PR-01684,SUP-00038,EMP-00047,WH-CHN-01,2026-05-03,15630.8,Completed
PO-01685,PR-01685,SUP-00020,EMP-00092,WH-HYD-01,2026-01-20,586486.74,Completed
PO-01686,PR-01686,SUP-00031,EMP-00017,WH-HYD-01,2026-05-07,67806.65,Cancelled
PO-01687,PR-01687,SUP-00020,EMP-00087,WH-MYS-01,2026-06-09,390237.4,Completed
PO-01688,PR-01688,SUP-00033,EMP-00080,WH-MYS-01,2026-04-20,285281.92,Completed
PO-01689,PR-01689,SUP-00030,EMP-00099,WH-BLR-01,2026-06-01,392170.26,Completed
PO-01690,PR-01690,SUP-00040,EMP-00029,WH-CHN-01,2026-01-17,80870.0,Completed
PO-01691,PR-01691,SUP-00036,EMP-00038,WH-CHN-01,2026-02-16,75854.16,Completed
PO-01692,PR-01692,SUP-00032,EMP-00094,WH-CHN-01,2026-02-03,210308.85,Delayed
PO-01693,PR-01693,SUP-00043,EMP-00016,WH-MYS-01,2026-04-19,78598.24,Completed
PO-01694,PR-01694,SUP-00001,EMP-00083,WH-HYD-01,2026-04-24,115763.44,Completed
PO-01695,PR-01695,SUP-00017,EMP-00072,WH-BLR-01,2026-01-25,6643.09,Completed
PO-01696,PR-01696,SUP-00034,EMP-00020,WH-HYD-01,2026-05-24,167984.48,Completed
PO-01697,PR-01697,SUP-00048,EMP-00082,WH-MYS-01,2026-04-25,354196.8,Delayed
PO-01698,PR-01698,SUP-00043,EMP-00055,WH-BLR-01,2026-02-23,144483.78,Cancelled
PO-01699,PR-01699,SUP-00022,EMP-00061,WH-MYS-01,2026-02-13,418737.08,Delayed
PO-01700,PR-01700,SUP-00041,EMP-00096,WH-BLR-01,2026-05-12,279254.5,Delayed
PO-01701,PR-01701,SUP-00014,EMP-00072,WH-BLR-01,2026-03-28,529607.9,Completed
PO-01702,PR-01702,SUP-00036,EMP-00008,WH-CHN-01,2026-05-13,387303.0,Delayed
PO-01703,PR-01703,SUP-00033,EMP-00061,WH-CHN-01,2026-04-30,9104.88,Completed
PO-01704,PR-01704,SUP-00046,EMP-00081,WH-BLR-01,2026-02-21,580637.6,Completed
PO-01705,PR-01705,SUP-00031,EMP-00074,WH-CHN-01,2026-05-26,17584.65,Completed
PO-01706,PR-01706,SUP-00022,EMP-00073,WH-HYD-01,2026-05-22,362799.57,Delayed
PO-01707,PR-01707,SUP-00038,EMP-00058,WH-HYD-01,2026-04-23,16152.16,Completed
PO-01708,PR-01708,SUP-00046,EMP-00071,WH-BLR-01,2026-05-30,735886.0,Completed
PO-01709,PR-01709,SUP-00022,EMP-00023,WH-MYS-01,2026-05-20,582006.24,Delayed
PO-01710,PR-01710,SUP-00035,EMP-00081,WH-HYD-01,2026-03-25,73573.4,Completed
PO-01711,PR-01711,SUP-00044,EMP-00001,WH-BLR-01,2026-06-02,73332.6,Completed
PO-01712,PR-01712,SUP-00026,EMP-00087,WH-MYS-01,2026-02-27,283567.2,Completed
PO-01713,PR-01713,SUP-00044,EMP-00066,WH-MYS-01,2026-05-19,29431.5,Delayed
PO-01714,PR-01714,SUP-00043,EMP-00079,WH-MYS-01,2026-02-05,154921.2,Cancelled
PO-01715,PR-01715,SUP-00034,EMP-00020,WH-HYD-01,2026-04-10,60253.6,Completed
PO-01716,PR-01716,SUP-00033,EMP-00018,WH-HYD-01,2026-05-03,89481.84,Delayed
PO-01717,PR-01717,SUP-00004,EMP-00043,WH-MYS-01,2026-04-17,254257.2,Delayed
PO-01718,PR-01718,SUP-00007,EMP-00076,WH-CHN-01,2026-05-09,337301.64,Completed
PO-01719,PR-01719,SUP-00018,EMP-00009,WH-CHN-01,2026-02-05,32020.64,Completed
PO-01720,PR-01720,SUP-00023,EMP-00098,WH-CHN-01,2026-01-21,104391.56,Cancelled
PO-01721,PR-01721,SUP-00031,EMP-00044,WH-CHN-01,2026-03-21,58605.05,Delayed
PO-01722,PR-01722,SUP-00021,EMP-00076,WH-BLR-01,2026-02-26,125675.73,Completed
PO-01723,PR-01723,SUP-00015,EMP-00008,WH-BLR-01,2026-05-03,166037.25,Completed
PO-01724,PR-01724,SUP-00029,EMP-00063,WH-BLR-01,2026-03-10,30136.0,Completed
PO-01725,PR-01725,SUP-00014,EMP-00021,WH-MYS-01,2026-05-11,336046.21,Completed
PO-01726,PR-01726,SUP-00001,EMP-00041,WH-CHN-01,2026-03-31,54382.02,Completed
PO-01727,PR-01727,SUP-00039,EMP-00078,WH-CHN-01,2026-02-11,130006.9,Completed
PO-01728,PR-01728,SUP-00005,EMP-00052,WH-MYS-01,2026-01-11,167984.48,Completed
PO-01729,PR-01729,SUP-00028,EMP-00069,WH-BLR-01,2026-02-11,31605.9,Completed
PO-01730,PR-01730,SUP-00013,EMP-00007,WH-BLR-01,2026-02-16,55850.9,Completed
PO-01731,PR-01731,SUP-00002,EMP-00049,WH-BLR-01,2026-04-15,76187.28,Delayed
PO-01732,PR-01732,SUP-00016,EMP-00026,WH-HYD-01,2026-05-28,478356.35,Completed
PO-01733,PR-01733,SUP-00030,EMP-00020,WH-CHN-01,2026-04-14,151774.64,Completed
PO-01734,PR-01734,SUP-00019,EMP-00072,WH-MYS-01,2026-05-07,3793.7,Completed
PO-01735,PR-01735,SUP-00004,EMP-00023,WH-MYS-01,2026-04-17,361999.4,Delayed
PO-01736,PR-01736,SUP-00020,EMP-00028,WH-HYD-01,2026-01-24,351083.2,Completed
PO-01737,PR-01737,SUP-00031,EMP-00086,WH-CHN-01,2026-03-01,129120.76,Completed
PO-01738,PR-01738,SUP-00005,EMP-00069,WH-MYS-01,2026-05-07,126005.04,Completed
PO-01739,PR-01739,SUP-00016,EMP-00068,WH-HYD-01,2026-03-07,409506.63,Delayed
PO-01740,PR-01740,SUP-00039,EMP-00010,WH-CHN-01,2026-05-07,117210.1,Completed
PO-01741,PR-01741,SUP-00039,EMP-00053,WH-HYD-01,2026-02-04,55589.4,Completed
PO-01742,PR-01742,SUP-00022,EMP-00069,WH-MYS-01,2026-05-26,106681.43,Completed
PO-01743,PR-01743,SUP-00016,EMP-00026,WH-CHN-01,2026-04-17,117323.3,Delayed
PO-01744,PR-01744,SUP-00014,EMP-00048,WH-MYS-01,2026-05-31,145647.68,Delayed
PO-01745,PR-01745,SUP-00016,EMP-00005,WH-BLR-01,2026-05-21,691807.68,Completed
PO-01746,PR-01746,SUP-00014,EMP-00097,WH-HYD-01,2026-01-26,209515.02,Delayed
PO-01747,PR-01747,SUP-00038,EMP-00064,WH-HYD-01,2026-04-04,291003.12,Completed
PO-01748,PR-01748,SUP-00005,EMP-00017,WH-MYS-01,2026-06-06,60277.31,Completed
PO-01749,PR-01749,SUP-00037,EMP-00006,WH-CHN-01,2026-02-13,54587.25,Completed
PO-01750,PR-01750,SUP-00034,EMP-00087,WH-BLR-01,2026-03-16,362790.87,Completed
PO-01751,PR-01751,SUP-00035,EMP-00069,WH-HYD-01,2026-02-08,154189.0,Completed
PO-01752,PR-01752,SUP-00006,EMP-00053,WH-HYD-01,2026-04-28,78670.72,Delayed
PO-01753,PR-01753,SUP-00035,EMP-00011,WH-CHN-01,2026-03-29,265659.6,Completed
PO-01754,PR-01754,SUP-00016,EMP-00026,WH-BLR-01,2026-02-11,294011.76,Delayed
PO-01755,PR-01755,SUP-00002,EMP-00086,WH-HYD-01,2026-04-05,226048.05,Cancelled
PO-01756,PR-01756,SUP-00042,EMP-00082,WH-MYS-01,2026-03-12,349918.72,Completed
PO-01757,PR-01757,SUP-00020,EMP-00084,WH-HYD-01,2026-01-17,263986.42,Cancelled
PO-01758,PR-01758,SUP-00049,EMP-00039,WH-BLR-01,2026-01-14,488207.88,Completed
PO-01759,PR-01759,SUP-00001,EMP-00033,WH-HYD-01,2026-05-29,123518.0,Completed
PO-01760,PR-01760,SUP-00027,EMP-00037,WH-MYS-01,2026-04-22,389141.82,Completed
PO-01761,PR-01761,SUP-00022,EMP-00082,WH-CHN-01,2026-04-03,33317.26,Completed
PO-01762,PR-01762,SUP-00009,EMP-00088,WH-BLR-01,2026-02-06,14681.52,Delayed
PO-01763,PR-01763,SUP-00008,EMP-00085,WH-BLR-01,2026-03-05,245735.13,Delayed
PO-01764,PR-01764,SUP-00050,EMP-00016,WH-CHN-01,2026-01-23,62551.65,Completed
PO-01765,PR-01765,SUP-00008,EMP-00040,WH-BLR-01,2026-03-29,678877.2,Completed
PO-01766,PR-01766,SUP-00007,EMP-00092,WH-BLR-01,2026-02-20,91665.75,Completed
PO-01767,PR-01767,SUP-00030,EMP-00048,WH-MYS-01,2026-04-15,88941.0,Cancelled
PO-01768,PR-01768,SUP-00024,EMP-00005,WH-BLR-01,2026-05-04,96912.96,Completed
PO-01769,PR-01769,SUP-00016,EMP-00058,WH-BLR-01,2026-02-21,22796.02,Completed
PO-01770,PR-01770,SUP-00033,EMP-00053,WH-HYD-01,2026-02-19,97912.1,Completed
PO-01771,PR-01771,SUP-00026,EMP-00037,WH-BLR-01,2026-04-20,127849.41,Completed
PO-01772,PR-01772,SUP-00023,EMP-00041,WH-BLR-01,2026-03-08,313307.84,Completed
PO-01773,PR-01773,SUP-00009,EMP-00030,WH-HYD-01,2026-04-25,468.6,Completed
PO-01774,PR-01774,SUP-00017,EMP-00064,WH-CHN-01,2026-01-21,131102.76,Completed
PO-01775,PR-01775,SUP-00047,EMP-00004,WH-MYS-01,2026-04-09,226928.8,Cancelled
PO-01776,PR-01776,SUP-00016,EMP-00083,WH-CHN-01,2026-03-03,127599.03,Completed
PO-01777,PR-01777,SUP-00002,EMP-00017,WH-CHN-01,2026-03-30,47258.9,Completed
PO-01778,PR-01778,SUP-00022,EMP-00083,WH-HYD-01,2026-04-21,356627.02,Completed
PO-01779,PR-01779,SUP-00005,EMP-00002,WH-CHN-01,2026-01-08,195495.58,Completed
PO-01780,PR-01780,SUP-00008,EMP-00019,WH-HYD-01,2026-05-02,313307.84,Completed
PO-01781,PR-01781,SUP-00008,EMP-00080,WH-CHN-01,2026-05-25,261038.47,Completed
PO-01782,PR-01782,SUP-00006,EMP-00054,WH-HYD-01,2026-02-12,207252.36,Completed
PO-01783,PR-01783,SUP-00026,EMP-00085,WH-HYD-01,2026-02-08,229277.12,Completed
PO-01784,PR-01784,SUP-00041,EMP-00071,WH-MYS-01,2026-02-23,293630.4,Completed
PO-01785,PR-01785,SUP-00039,EMP-00026,WH-CHN-01,2026-05-21,25818.48,Completed
PO-01786,PR-01786,SUP-00007,EMP-00027,WH-MYS-01,2026-01-21,88797.52,Delayed
PO-01787,PR-01787,SUP-00004,EMP-00067,WH-HYD-01,2026-03-28,324680.4,Completed
PO-01788,PR-01788,SUP-00007,EMP-00079,WH-MYS-01,2026-03-07,26283.6,Completed
PO-01789,PR-01789,SUP-00045,EMP-00076,WH-CHN-01,2026-03-08,445605.6,Delayed
PO-01790,PR-01790,SUP-00001,EMP-00019,WH-HYD-01,2026-02-11,404617.5,Completed
PO-01791,PR-01791,SUP-00035,EMP-00036,WH-BLR-01,2026-01-21,596204.16,Completed
PO-01792,PR-01792,SUP-00038,EMP-00011,WH-CHN-01,2026-05-04,211113.09,Delayed
PO-01793,PR-01793,SUP-00010,EMP-00007,WH-MYS-01,2026-05-28,216606.39,Delayed
PO-01794,PR-01794,SUP-00036,EMP-00095,WH-MYS-01,2026-02-25,31243.24,Completed
PO-01795,PR-01795,SUP-00028,EMP-00057,WH-BLR-01,2026-05-19,256505.4,Delayed
PO-01796,PR-01796,SUP-00022,EMP-00005,WH-CHN-01,2026-03-20,25921.92,Completed
PO-01797,PR-01797,SUP-00001,EMP-00076,WH-MYS-01,2026-01-24,193761.49,Completed
PO-01798,PR-01798,SUP-00023,EMP-00039,WH-CHN-01,2026-04-26,31959.98,Completed
PO-01799,PR-01799,SUP-00037,EMP-00056,WH-HYD-01,2026-03-19,78326.96,Completed
PO-01800,PR-01800,SUP-00015,EMP-00015,WH-CHN-01,2026-05-27,4245.0,Completed
PO-01801,PR-01801,SUP-00027,EMP-00069,WH-BLR-01,2026-03-31,374972.64,Completed
PO-01802,PR-01802,SUP-00025,EMP-00043,WH-MYS-01,2026-05-12,101054.88,Completed
PO-01803,PR-01803,SUP-00027,EMP-00043,WH-BLR-01,2026-03-05,224357.04,Completed
PO-01804,PR-01804,SUP-00046,EMP-00073,WH-MYS-01,2026-05-10,617293.74,Delayed
PO-01805,PR-01805,SUP-00012,EMP-00024,WH-HYD-01,2026-05-22,483588.84,Delayed
PO-01806,PR-01806,SUP-00043,EMP-00089,WH-MYS-01,2026-03-14,15621.62,Completed
PO-01807,PR-01807,SUP-00014,EMP-00095,WH-HYD-01,2026-05-04,33108.03,Completed
PO-01808,PR-01808,SUP-00024,EMP-00081,WH-CHN-01,2026-04-13,77087.68,Completed
PO-01809,PR-01809,SUP-00046,EMP-00100,WH-CHN-01,2026-05-26,85554.7,Completed
PO-01810,PR-01810,SUP-00030,EMP-00038,WH-MYS-01,2026-01-05,22239.25,Completed
PO-01811,PR-01811,SUP-00012,EMP-00070,WH-MYS-01,2026-05-25,205136.4,Completed
PO-01812,PR-01812,SUP-00020,EMP-00038,WH-HYD-01,2026-02-25,250201.24,Completed
PO-01813,PR-01813,SUP-00048,EMP-00004,WH-MYS-01,2026-05-09,124273.05,Delayed
PO-01814,PR-01814,SUP-00015,EMP-00024,WH-HYD-01,2026-02-20,127152.62,Completed
PO-01815,PR-01815,SUP-00036,EMP-00044,WH-HYD-01,2026-02-27,365325.24,Completed
PO-01816,PR-01816,SUP-00021,EMP-00015,WH-MYS-01,2026-02-28,38050.8,Delayed
PO-01817,PR-01817,SUP-00040,EMP-00036,WH-MYS-01,2026-05-13,166180.56,Completed
PO-01818,PR-01818,SUP-00050,EMP-00037,WH-BLR-01,2026-05-13,48217.6,Completed
PO-01819,PR-01819,SUP-00042,EMP-00053,WH-CHN-01,2026-01-03,390.77,Completed
PO-01820,PR-01820,SUP-00010,EMP-00068,WH-CHN-01,2026-05-27,385510.86,Completed
PO-01821,PR-01821,SUP-00019,EMP-00042,WH-BLR-01,2026-04-14,7815.4,Delayed
PO-01822,PR-01822,SUP-00048,EMP-00001,WH-BLR-01,2026-03-20,79273.5,Completed
PO-01823,PR-01823,SUP-00014,EMP-00073,WH-HYD-01,2026-05-05,25219.36,Completed
PO-01824,PR-01824,SUP-00042,EMP-00068,WH-BLR-01,2026-03-14,272441.25,Completed
PO-01825,PR-01825,SUP-00028,EMP-00019,WH-CHN-01,2026-04-16,178963.68,Delayed
PO-01826,PR-01826,SUP-00047,EMP-00052,WH-HYD-01,2026-02-16,140386.5,Delayed
PO-01827,PR-01827,SUP-00050,EMP-00032,WH-CHN-01,2026-05-06,61436.57,Completed
PO-01828,PR-01828,SUP-00021,EMP-00088,WH-CHN-01,2026-01-17,191901.96,Cancelled
PO-01829,PR-01829,SUP-00049,EMP-00023,WH-CHN-01,2026-03-02,437904.48,Completed
PO-01830,PR-01830,SUP-00034,EMP-00006,WH-HYD-01,2026-05-25,313895.88,Completed
PO-01831,PR-01831,SUP-00011,EMP-00037,WH-HYD-01,2026-04-02,183331.5,Cancelled
PO-01832,PR-01832,SUP-00030,EMP-00012,WH-BLR-01,2026-02-20,333590.64,Cancelled
PO-01833,PR-01833,SUP-00048,EMP-00062,WH-MYS-01,2026-03-14,375867.84,Delayed
PO-01834,PR-01834,SUP-00046,EMP-00059,WH-MYS-01,2026-01-26,248022.06,Completed
PO-01835,PR-01835,SUP-00049,EMP-00064,WH-BLR-01,2026-06-12,2377.08,Delayed
PO-01836,PR-01836,SUP-00004,EMP-00043,WH-MYS-01,2026-05-14,3013.6,Completed
PO-01837,PR-01837,SUP-00009,EMP-00099,WH-HYD-01,2026-03-04,298898.38,Delayed
PO-01838,PR-01838,SUP-00013,EMP-00032,WH-CHN-01,2026-05-26,522639.8,Completed
PO-01839,PR-01839,SUP-00001,EMP-00098,WH-BLR-01,2026-02-01,596204.16,Completed
PO-01840,PR-01840,SUP-00026,EMP-00043,WH-MYS-01,2026-05-08,19412.82,Completed
PO-01841,PR-01841,SUP-00046,EMP-00083,WH-BLR-01,2026-05-22,15957.4,Completed
PO-01842,PR-01842,SUP-00030,EMP-00069,WH-HYD-01,2026-02-25,39525.76,Completed
PO-01843,PR-01843,SUP-00027,EMP-00091,WH-CHN-01,2026-04-20,37829.04,Completed
PO-01844,PR-01844,SUP-00027,EMP-00079,WH-CHN-01,2026-06-04,400320.96,Cancelled
PO-01845,PR-01845,SUP-00023,EMP-00001,WH-BLR-01,2026-03-30,307022.25,Delayed
PO-01846,PR-01846,SUP-00006,EMP-00086,WH-CHN-01,2026-04-26,310123.84,Cancelled
PO-01847,PR-01847,SUP-00022,EMP-00054,WH-BLR-01,2026-01-13,9889.98,Completed
PO-01848,PR-01848,SUP-00014,EMP-00084,WH-CHN-01,2026-05-03,18422.04,Completed
PO-01849,PR-01849,SUP-00021,EMP-00061,WH-BLR-01,2026-03-02,56890.62,Completed
PO-01850,PR-01850,SUP-00050,EMP-00023,WH-CHN-01,2026-05-13,128968.38,Completed
PO-01851,PR-01851,SUP-00017,EMP-00061,WH-MYS-01,2026-05-24,74174.85,Completed
PO-01852,PR-01852,SUP-00006,EMP-00085,WH-MYS-01,2026-04-30,92507.8,Completed
PO-01853,PR-01853,SUP-00005,EMP-00090,WH-MYS-01,2026-01-21,223198.0,Delayed
PO-01854,PR-01854,SUP-00036,EMP-00001,WH-CHN-01,2026-04-09,355347.52,Completed
PO-01855,PR-01855,SUP-00003,EMP-00034,WH-MYS-01,2026-03-14,45385.76,Completed
PO-01856,PR-01856,SUP-00050,EMP-00009,WH-HYD-01,2026-05-31,390991.16,Completed
PO-01857,PR-01857,SUP-00025,EMP-00045,WH-CHN-01,2026-05-22,254883.44,Completed
PO-01858,PR-01858,SUP-00038,EMP-00078,WH-MYS-01,2026-01-25,319928.37,Completed
PO-01859,PR-01859,SUP-00007,EMP-00017,WH-CHN-01,2026-02-08,56654.76,Completed
PO-01860,PR-01860,SUP-00036,EMP-00029,WH-CHN-01,2026-05-25,86935.25,Completed
PO-01861,PR-01861,SUP-00042,EMP-00016,WH-CHN-01,2026-02-02,48179.8,Completed
PO-01862,PR-01862,SUP-00009,EMP-00028,WH-BLR-01,2026-01-05,332889.58,Completed
PO-01863,PR-01863,SUP-00050,EMP-00062,WH-CHN-01,2026-03-22,16832.53,Completed
PO-01864,PR-01864,SUP-00021,EMP-00100,WH-BLR-01,2026-05-06,130072.09,Completed
PO-01865,PR-01865,SUP-00020,EMP-00078,WH-BLR-01,2026-02-22,317700.32,Completed
PO-01866,PR-01866,SUP-00043,EMP-00060,WH-HYD-01,2026-05-29,291003.12,Delayed
PO-01867,PR-01867,SUP-00044,EMP-00092,WH-HYD-01,2026-04-20,781.54,Completed
PO-01868,PR-01868,SUP-00019,EMP-00077,WH-CHN-01,2026-04-15,81926.82,Completed
PO-01869,PR-01869,SUP-00041,EMP-00068,WH-BLR-01,2026-02-16,403804.0,Completed
PO-01870,PR-01870,SUP-00004,EMP-00016,WH-HYD-01,2026-04-20,277933.5,Completed
PO-01871,PR-01871,SUP-00012,EMP-00009,WH-HYD-01,2026-03-23,89048.8,Delayed
PO-01872,PR-01872,SUP-00002,EMP-00081,WH-MYS-01,2026-03-27,233345.84,Completed
PO-01873,PR-01873,SUP-00017,EMP-00044,WH-BLR-01,2026-05-03,339197.95,Completed
PO-01874,PR-01874,SUP-00040,EMP-00037,WH-HYD-01,2026-03-11,287737.89,Completed
PO-01875,PR-01875,SUP-00034,EMP-00030,WH-CHN-01,2026-03-05,209515.02,Completed
PO-01876,PR-01876,SUP-00032,EMP-00065,WH-MYS-01,2026-03-23,183630.2,Delayed
PO-01877,PR-01877,SUP-00025,EMP-00081,WH-CHN-01,2026-04-01,93501.24,Completed
PO-01878,PR-01878,SUP-00004,EMP-00089,WH-MYS-01,2026-06-03,116672.92,Completed
PO-01879,PR-01879,SUP-00022,EMP-00056,WH-CHN-01,2026-03-30,172174.31,Completed
PO-01880,PR-01880,SUP-00012,EMP-00035,WH-CHN-01,2026-05-24,137293.36,Completed
PO-01881,PR-01881,SUP-00043,EMP-00086,WH-HYD-01,2026-05-24,207477.76,Completed
PO-01882,PR-01882,SUP-00025,EMP-00073,WH-CHN-01,2026-05-15,361482.8,Completed
PO-01883,PR-01883,SUP-00008,EMP-00021,WH-HYD-01,2026-02-01,81740.97,Completed
PO-01884,PR-01884,SUP-00038,EMP-00069,WH-BLR-01,2026-01-17,131804.75,Completed
PO-01885,PR-01885,SUP-00019,EMP-00046,WH-HYD-01,2026-05-01,379.37,Completed
PO-01886,PR-01886,SUP-00033,EMP-00041,WH-HYD-01,2026-03-18,544594.83,Completed
PO-01887,PR-01887,SUP-00026,EMP-00082,WH-MYS-01,2026-05-26,230061.5,Completed
PO-01888,PR-01888,SUP-00027,EMP-00053,WH-HYD-01,2026-02-23,26498.89,Completed
PO-01889,PR-01889,SUP-00044,EMP-00049,WH-MYS-01,2026-05-06,145647.68,Completed
PO-01890,PR-01890,SUP-00017,EMP-00014,WH-CHN-01,2026-02-15,634602.6,Completed
PO-01891,PR-01891,SUP-00041,EMP-00039,WH-MYS-01,2026-04-27,557755.98,Completed
PO-01892,PR-01892,SUP-00024,EMP-00100,WH-CHN-01,2026-04-12,79801.68,Delayed
PO-01893,PR-01893,SUP-00018,EMP-00047,WH-CHN-01,2026-04-26,138761.7,Completed
PO-01894,PR-01894,SUP-00029,EMP-00074,WH-MYS-01,2026-02-26,142762.05,Completed
PO-01895,PR-01895,SUP-00032,EMP-00080,WH-HYD-01,2026-04-17,145369.44,Completed
PO-01896,PR-01896,SUP-00030,EMP-00084,WH-BLR-01,2026-03-05,336046.21,Completed
PO-01897,PR-01897,SUP-00039,EMP-00029,WH-CHN-01,2026-05-05,170663.04,Completed
PO-01898,PR-01898,SUP-00047,EMP-00041,WH-HYD-01,2026-04-26,245015.22,Completed
PO-01899,PR-01899,SUP-00016,EMP-00088,WH-MYS-01,2026-04-06,252376.62,Completed
PO-01900,PR-01900,SUP-00042,EMP-00031,WH-BLR-01,2026-01-12,359297.26,Delayed
PO-01901,PR-01901,SUP-00031,EMP-00015,WH-MYS-01,2026-05-26,374392.9,Completed
PO-01902,PR-01902,SUP-00007,EMP-00067,WH-MYS-01,2026-04-25,135089.79,Completed
PO-01903,PR-01903,SUP-00023,EMP-00050,WH-CHN-01,2026-02-06,93729.72,Completed
PO-01904,PR-01904,SUP-00030,EMP-00068,WH-BLR-01,2026-04-22,71959.18,Completed
PO-01905,PR-01905,SUP-00045,EMP-00027,WH-MYS-01,2026-03-17,512192.1,Completed
PO-01906,PR-01906,SUP-00013,EMP-00052,WH-BLR-01,2026-02-13,158075.94,Delayed
PO-01907,PR-01907,SUP-00002,EMP-00045,WH-MYS-01,2026-05-12,36411.92,Completed
PO-01908,PR-01908,SUP-00040,EMP-00077,WH-BLR-01,2026-03-07,230602.56,Completed
PO-01909,PR-01909,SUP-00042,EMP-00093,WH-HYD-01,2026-03-06,177774.0,Completed
PO-01910,PR-01910,SUP-00028,EMP-00006,WH-CHN-01,2026-05-04,474646.55,Completed
PO-01911,PR-01911,SUP-00032,EMP-00036,WH-CHN-01,2026-05-27,73000.98,Delayed
PO-01912,PR-01912,SUP-00028,EMP-00056,WH-HYD-01,2026-02-15,45894.15,Completed
PO-01913,PR-01913,SUP-00010,EMP-00061,WH-HYD-01,2026-03-24,57374.4,Completed
PO-01914,PR-01914,SUP-00027,EMP-00061,WH-MYS-01,2026-05-08,184526.65,Completed
PO-01915,PR-01915,SUP-00030,EMP-00089,WH-CHN-01,2026-03-21,207782.39,Completed
PO-01916,PR-01916,SUP-00008,EMP-00048,WH-BLR-01,2026-05-04,109126.17,Completed
PO-01917,PR-01917,SUP-00035,EMP-00019,WH-CHN-01,2026-03-05,164792.93,Completed
PO-01918,PR-01918,SUP-00020,EMP-00065,WH-CHN-01,2026-04-28,135570.6,Completed
PO-01919,PR-01919,SUP-00027,EMP-00007,WH-BLR-01,2026-01-23,142704.54,Completed
PO-01920,PR-01920,SUP-00016,EMP-00075,WH-HYD-01,2026-02-10,234661.68,Completed
PO-01921,PR-01921,SUP-00002,EMP-00073,WH-HYD-01,2026-01-15,131102.76,Completed
PO-01922,PR-01922,SUP-00044,EMP-00004,WH-BLR-01,2026-04-07,8320.2,Completed
PO-01923,PR-01923,SUP-00006,EMP-00096,WH-CHN-01,2026-05-24,306528.25,Completed
PO-01924,PR-01924,SUP-00037,EMP-00026,WH-CHN-01,2026-03-11,228004.8,Completed
PO-01925,PR-01925,SUP-00007,EMP-00041,WH-MYS-01,2026-02-27,111115.55,Completed
PO-01926,PR-01926,SUP-00033,EMP-00053,WH-BLR-01,2026-04-28,116333.28,Completed
PO-01927,PR-01927,SUP-00036,EMP-00038,WH-MYS-01,2026-02-14,99622.35,Completed
PO-01928,PR-01928,SUP-00041,EMP-00009,WH-HYD-01,2026-05-09,523428.0,Completed
PO-01929,PR-01929,SUP-00027,EMP-00062,WH-HYD-01,2026-05-13,63214.36,Completed
PO-01930,PR-01930,SUP-00038,EMP-00005,WH-MYS-01,2026-05-26,381843.93,Delayed
PO-01931,PR-01931,SUP-00041,EMP-00020,WH-CHN-01,2026-03-04,121396.11,Completed
PO-01932,PR-01932,SUP-00023,EMP-00040,WH-MYS-01,2026-01-17,144126.6,Completed
PO-01933,PR-01933,SUP-00027,EMP-00013,WH-CHN-01,2026-03-10,199790.25,Completed
PO-01934,PR-01934,SUP-00001,EMP-00057,WH-BLR-01,2026-04-21,27043.06,Completed
PO-01935,PR-01935,SUP-00028,EMP-00048,WH-BLR-01,2026-03-26,143926.47,Completed
PO-01936,PR-01936,SUP-00011,EMP-00076,WH-CHN-01,2026-03-30,291295.36,Delayed
PO-01937,PR-01937,SUP-00003,EMP-00003,WH-MYS-01,2026-06-02,60253.6,Completed
PO-01938,PR-01938,SUP-00042,EMP-00068,WH-BLR-01,2026-04-05,37927.08,Completed
PO-01939,PR-01939,SUP-00050,EMP-00046,WH-BLR-01,2026-01-08,138770.1,Completed
PO-01940,PR-01940,SUP-00008,EMP-00028,WH-HYD-01,2026-01-04,159395.76,Completed
PO-01941,PR-01941,SUP-00018,EMP-00019,WH-BLR-01,2026-05-29,33048.61,Completed
PO-01942,PR-01942,SUP-00044,EMP-00037,WH-CHN-01,2026-01-14,271775.4,Delayed
PO-01943,PR-01943,SUP-00026,EMP-00066,WH-HYD-01,2026-02-05,6474.05,Delayed
PO-01944,PR-01944,SUP-00021,EMP-00049,WH-BLR-01,2026-02-09,129518.76,Delayed
PO-01945,PR-01945,SUP-00043,EMP-00094,WH-MYS-01,2026-05-10,144404.26,Delayed
PO-01946,PR-01946,SUP-00046,EMP-00100,WH-CHN-01,2026-05-06,257908.56,Completed
PO-01947,PR-01947,SUP-00005,EMP-00055,WH-MYS-01,2026-04-21,64041.28,Completed
PO-01948,PR-01948,SUP-00029,EMP-00068,WH-MYS-01,2026-01-11,56532.56,Cancelled
PO-01949,PR-01949,SUP-00041,EMP-00088,WH-CHN-01,2026-02-11,182662.62,Completed
PO-01950,PR-01950,SUP-00049,EMP-00011,WH-HYD-01,2026-05-06,144092.88,Completed
PO-01951,PR-01951,SUP-00032,EMP-00043,WH-BLR-01,2026-02-26,36500.49,Completed
PO-01952,PR-01952,SUP-00031,EMP-00061,WH-HYD-01,2026-01-14,343084.1,Cancelled
PO-01953,PR-01953,SUP-00034,EMP-00022,WH-MYS-01,2026-05-10,562685.1,Completed
PO-01954,PR-01954,SUP-00046,EMP-00052,WH-MYS-01,2026-01-04,134443.1,Completed
PO-01955,PR-01955,SUP-00042,EMP-00044,WH-BLR-01,2026-03-08,90874.5,Completed
PO-01956,PR-01956,SUP-00039,EMP-00023,WH-BLR-01,2026-01-08,250869.6,Completed
PO-01957,PR-01957,SUP-00028,EMP-00081,WH-HYD-01,2026-05-08,399622.52,Completed
PO-01958,PR-01958,SUP-00043,EMP-00055,WH-BLR-01,2026-05-29,134163.51,Completed
PO-01959,PR-01959,SUP-00026,EMP-00078,WH-HYD-01,2026-05-04,317700.32,Completed
PO-01960,PR-01960,SUP-00028,EMP-00073,WH-CHN-01,2026-04-07,205863.25,Delayed
PO-01961,PR-01961,SUP-00029,EMP-00065,WH-HYD-01,2026-05-06,99611.25,Completed
PO-01962,PR-01962,SUP-00049,EMP-00064,WH-BLR-01,2026-01-16,4940.72,Completed
PO-01963,PR-01963,SUP-00017,EMP-00067,WH-HYD-01,2026-03-01,51892.56,Cancelled
PO-01964,PR-01964,SUP-00036,EMP-00020,WH-HYD-01,2026-05-22,143669.0,Completed
PO-01965,PR-01965,SUP-00042,EMP-00070,WH-BLR-01,2026-01-21,247961.88,Completed
PO-01966,PR-01966,SUP-00029,EMP-00021,WH-BLR-01,2026-03-07,232452.15,Completed
PO-01967,PR-01967,SUP-00018,EMP-00004,WH-HYD-01,2026-04-22,28250.8,Completed
PO-01968,PR-01968,SUP-00027,EMP-00071,WH-MYS-01,2026-02-17,153603.67,Delayed
PO-01969,PR-01969,SUP-00039,EMP-00019,WH-BLR-01,2026-02-13,107932.3,Completed
PO-01970,PR-01970,SUP-00006,EMP-00073,WH-HYD-01,2026-01-21,41547.6,Delayed
PO-01971,PR-01971,SUP-00045,EMP-00024,WH-CHN-01,2026-02-18,489543.5,Delayed
PO-01972,PR-01972,SUP-00002,EMP-00052,WH-BLR-01,2026-05-24,19025.4,Completed
PO-01973,PR-01973,SUP-00001,EMP-00089,WH-BLR-01,2026-04-04,26795.57,Completed
PO-01974,PR-01974,SUP-00013,EMP-00048,WH-CHN-01,2026-01-20,298833.75,Completed
PO-01975,PR-01975,SUP-00034,EMP-00096,WH-CHN-01,2026-04-04,59831.45,Delayed
PO-01976,PR-01976,SUP-00016,EMP-00044,WH-BLR-01,2026-03-08,674754.0,Completed
PO-01977,PR-01977,SUP-00038,EMP-00070,WH-MYS-01,2026-03-05,179494.35,Completed
PO-01978,PR-01978,SUP-00018,EMP-00056,WH-HYD-01,2026-01-14,122604.03,Completed
PO-01979,PR-01979,SUP-00002,EMP-00016,WH-BLR-01,2026-03-29,27754.02,Delayed
PO-01980,PR-01980,SUP-00032,EMP-00082,WH-BLR-01,2026-02-16,18589.13,Completed
PO-01981,PR-01981,SUP-00018,EMP-00095,WH-BLR-01,2026-03-27,24928.56,Delayed
PO-01982,PR-01982,SUP-00017,EMP-00011,WH-CHN-01,2026-03-21,61406.8,Completed
PO-01983,PR-01983,SUP-00021,EMP-00027,WH-BLR-01,2026-01-24,374918.88,Completed
PO-01984,PR-01984,SUP-00031,EMP-00066,WH-BLR-01,2026-01-11,36023.22,Delayed
PO-01985,PR-01985,SUP-00003,EMP-00020,WH-MYS-01,2026-04-05,78484.0,Completed
PO-01986,PR-01986,SUP-00019,EMP-00061,WH-BLR-01,2026-06-02,206040.1,Completed
PO-01987,PR-01987,SUP-00035,EMP-00020,WH-CHN-01,2026-05-29,250200.6,Completed
PO-01988,PR-01988,SUP-00012,EMP-00014,WH-MYS-01,2026-01-15,34803.0,Completed
PO-01989,PR-01989,SUP-00038,EMP-00024,WH-HYD-01,2026-01-20,12614.7,Completed
PO-01990,PR-01990,SUP-00049,EMP-00086,WH-MYS-01,2026-04-19,56315.88,Delayed
PO-01991,PR-01991,SUP-00049,EMP-00028,WH-BLR-01,2026-01-27,630025.2,Delayed
PO-01992,PR-01992,SUP-00025,EMP-00021,WH-CHN-01,2026-05-07,360853.68,Completed
PO-01993,PR-01993,SUP-00022,EMP-00091,WH-CHN-01,2026-01-10,694980.5,Delayed
PO-01994,PR-01994,SUP-00041,EMP-00060,WH-HYD-01,2026-05-24,360002.45,Completed
PO-01995,PR-01995,SUP-00034,EMP-00082,WH-BLR-01,2026-04-05,115030.75,Completed
PO-01996,PR-01996,SUP-00021,EMP-00016,WH-HYD-01,2026-04-20,268327.02,Completed
PO-01997,PR-01997,SUP-00030,EMP-00097,WH-MYS-01,2026-02-19,19271.92,Cancelled
PO-01998,PR-01998,SUP-00041,EMP-00066,WH-CHN-01,2026-02-08,21332.88,Completed
PO-01999,PR-01999,SUP-00046,EMP-00034,WH-BLR-01,2026-02-07,268445.52,Completed
PO-02000,PR-02000,SUP-00009,EMP-00061,WH-BLR-01,2026-01-07,112283.2,Completed
PO-02001,PR-02001,SUP-00040,EMP-00006,WH-MYS-01,2026-04-15,568952.56,Completed
PO-02002,PR-02002,SUP-00001,EMP-00027,WH-CHN-01,2026-02-10,132602.54,Completed
PO-02003,PR-02003,SUP-00007,EMP-00059,WH-BLR-01,2026-03-15,406839.9,Completed
PO-02004,PR-02004,SUP-00011,EMP-00094,WH-HYD-01,2026-05-01,165667.27,Completed
PO-02005,PR-02005,SUP-00043,EMP-00026,WH-HYD-01,2026-02-24,490583.8,Completed
PO-02006,PR-02006,SUP-00005,EMP-00034,WH-CHN-01,2026-03-02,280708.0,Completed
PO-02007,PR-02007,SUP-00041,EMP-00100,WH-MYS-01,2026-03-02,400320.96,Completed
PO-02008,PR-02008,SUP-00024,EMP-00027,WH-HYD-01,2026-02-03,44740.92,Completed
PO-02009,PR-02009,SUP-00008,EMP-00093,WH-MYS-01,2026-04-15,265315.43,Completed
PO-02010,PR-02010,SUP-00044,EMP-00064,WH-BLR-01,2026-06-06,202569.52,Completed
PO-02011,PR-02011,SUP-00016,EMP-00007,WH-BLR-01,2026-02-24,133399.44,Completed
PO-02012,PR-02012,SUP-00042,EMP-00090,WH-HYD-01,2026-05-08,135048.86,Delayed
PO-02013,PR-02013,SUP-00005,EMP-00038,WH-HYD-01,2026-03-15,243018.75,Completed
PO-02014,PR-02014,SUP-00039,EMP-00057,WH-HYD-01,2026-01-27,206020.5,Completed
PO-02015,PR-02015,SUP-00029,EMP-00005,WH-BLR-01,2026-04-05,68928.45,Completed
PO-02016,PR-02016,SUP-00012,EMP-00006,WH-CHN-01,2026-01-22,9512.7,Completed
PO-02017,PR-02017,SUP-00020,EMP-00008,WH-MYS-01,2026-05-22,286205.64,Completed
PO-02018,PR-02018,SUP-00004,EMP-00012,WH-CHN-01,2026-02-26,8698.22,Delayed
PO-02019,PR-02019,SUP-00002,EMP-00016,WH-BLR-01,2026-02-02,247023.04,Delayed
PO-02020,PR-02020,SUP-00034,EMP-00094,WH-CHN-01,2026-02-05,76652.17,Completed
PO-02021,PR-02021,SUP-00036,EMP-00092,WH-CHN-01,2026-03-26,9691.37,Delayed
PO-02022,PR-02022,SUP-00020,EMP-00078,WH-HYD-01,2026-03-01,202563.18,Completed
PO-02023,PR-02023,SUP-00027,EMP-00059,WH-BLR-01,2026-01-06,373928.4,Completed
PO-02024,PR-02024,SUP-00024,EMP-00021,WH-MYS-01,2026-05-28,29002.5,Completed
PO-02025,PR-02025,SUP-00019,EMP-00043,WH-MYS-01,2026-02-23,22800.48,Completed
PO-02026,PR-02026,SUP-00045,EMP-00004,WH-HYD-01,2026-02-17,209263.92,Completed
PO-02027,PR-02027,SUP-00033,EMP-00090,WH-HYD-01,2026-04-23,105122.5,Completed
PO-02028,PR-02028,SUP-00015,EMP-00049,WH-MYS-01,2026-01-11,83783.82,Delayed
PO-02029,PR-02029,SUP-00008,EMP-00056,WH-HYD-01,2026-01-23,17584.65,Delayed
PO-02030,PR-02030,SUP-00024,EMP-00023,WH-CHN-01,2026-05-28,330532.36,Cancelled
PO-02031,PR-02031,SUP-00005,EMP-00046,WH-CHN-01,2026-02-22,325621.28,Completed
PO-02032,PR-02032,SUP-00011,EMP-00056,WH-MYS-01,2026-03-17,236061.5,Delayed
PO-02033,PR-02033,SUP-00009,EMP-00060,WH-BLR-01,2026-04-29,77584.44,Delayed
PO-02034,PR-02034,SUP-00032,EMP-00096,WH-CHN-01,2026-02-17,15468.0,Completed
PO-02035,PR-02035,SUP-00010,EMP-00031,WH-MYS-01,2026-05-31,317881.55,Delayed
PO-02036,PR-02036,SUP-00026,EMP-00002,WH-BLR-01,2026-03-20,32418.4,Completed
PO-02037,PR-02037,SUP-00017,EMP-00011,WH-MYS-01,2026-04-03,177673.76,Completed
PO-02038,PR-02038,SUP-00011,EMP-00040,WH-BLR-01,2026-01-14,91665.75,Completed
PO-02039,PR-02039,SUP-00041,EMP-00060,WH-BLR-01,2026-05-15,345015.72,Completed
PO-02040,PR-02040,SUP-00031,EMP-00023,WH-BLR-01,2026-03-27,5746.76,Completed
PO-02041,PR-02041,SUP-00027,EMP-00045,WH-BLR-01,2026-01-22,38157.24,Completed
PO-02042,PR-02042,SUP-00002,EMP-00007,WH-BLR-01,2026-01-26,2733.5,Completed
PO-02043,PR-02043,SUP-00020,EMP-00023,WH-HYD-01,2026-01-10,303064.52,Completed
PO-02044,PR-02044,SUP-00010,EMP-00008,WH-CHN-01,2026-03-19,117530.4,Completed
PO-02045,PR-02045,SUP-00021,EMP-00032,WH-HYD-01,2026-03-17,93729.72,Delayed
PO-02046,PR-02046,SUP-00001,EMP-00067,WH-CHN-01,2026-05-11,29607.48,Completed
PO-02047,PR-02047,SUP-00012,EMP-00085,WH-CHN-01,2026-01-10,34369.75,Delayed
PO-02048,PR-02048,SUP-00005,EMP-00029,WH-MYS-01,2026-04-04,480263.6,Completed
PO-02049,PR-02049,SUP-00014,EMP-00081,WH-MYS-01,2026-04-17,80760.8,Delayed
PO-02050,PR-02050,SUP-00028,EMP-00062,WH-BLR-01,2026-03-25,352366.17,Completed
PO-02051,PR-02051,SUP-00017,EMP-00034,WH-CHN-01,2026-05-23,153903.24,Completed
PO-02052,PR-02052,SUP-00033,EMP-00071,WH-MYS-01,2026-05-27,87677.0,Completed
PO-02053,PR-02053,SUP-00017,EMP-00056,WH-BLR-01,2026-02-03,190859.76,Completed
PO-02054,PR-02054,SUP-00049,EMP-00058,WH-MYS-01,2026-05-31,104391.56,Cancelled
PO-02055,PR-02055,SUP-00009,EMP-00008,WH-MYS-01,2026-05-26,368955.0,Completed
PO-02056,PR-02056,SUP-00036,EMP-00012,WH-MYS-01,2026-05-17,42049.0,Completed
PO-02057,PR-02057,SUP-00043,EMP-00001,WH-HYD-01,2026-04-18,89132.63,Completed
PO-02058,PR-02058,SUP-00031,EMP-00015,WH-HYD-01,2026-04-18,8320.2,Completed
PO-02059,PR-02059,SUP-00011,EMP-00079,WH-BLR-01,2026-05-19,75061.98,Completed
PO-02060,PR-02060,SUP-00031,EMP-00052,WH-BLR-01,2026-04-15,147666.4,Completed
PO-02061,PR-02061,SUP-00001,EMP-00097,WH-MYS-01,2026-03-03,215831.0,Completed
PO-02062,PR-02062,SUP-00009,EMP-00059,WH-HYD-01,2026-03-19,166037.25,Completed
PO-02063,PR-02063,SUP-00025,EMP-00006,WH-BLR-01,2026-04-02,19581.74,Delayed
PO-02064,PR-02064,SUP-00021,EMP-00038,WH-HYD-01,2026-04-20,166768.2,Delayed
PO-02065,PR-02065,SUP-00010,EMP-00075,WH-HYD-01,2026-04-06,55855.88,Completed
PO-02066,PR-02066,SUP-00015,EMP-00013,WH-MYS-01,2026-01-11,188931.12,Delayed
PO-02067,PR-02067,SUP-00016,EMP-00064,WH-MYS-01,2026-04-08,75823.18,Completed
PO-02068,PR-02068,SUP-00019,EMP-00033,WH-BLR-01,2026-02-11,406839.9,Completed
PO-02069,PR-02069,SUP-00022,EMP-00082,WH-MYS-01,2026-05-23,67369.92,Completed
PO-02070,PR-02070,SUP-00034,EMP-00064,WH-CHN-01,2026-05-16,203419.95,Completed
PO-02071,PR-02071,SUP-00011,EMP-00097,WH-HYD-01,2026-01-14,413713.6,Delayed
PO-02072,PR-02072,SUP-00008,EMP-00023,WH-BLR-01,2026-04-16,460170.89,Delayed
PO-02073,PR-02073,SUP-00003,EMP-00061,WH-CHN-01,2026-01-04,324799.3,Completed
PO-02074,PR-02074,SUP-00018,EMP-00012,WH-CHN-01,2026-02-15,8547.35,Completed
PO-02075,PR-02075,SUP-00039,EMP-00078,WH-CHN-01,2026-04-03,117530.4,Completed
PO-02076,PR-02076,SUP-00042,EMP-00084,WH-BLR-01,2026-01-05,96712.7,Completed
PO-02077,PR-02077,SUP-00017,EMP-00068,WH-HYD-01,2026-01-24,251767.88,Delayed
PO-02078,PR-02078,SUP-00036,EMP-00014,WH-BLR-01,2026-02-01,53591.14,Completed
PO-02079,PR-02079,SUP-00035,EMP-00027,WH-MYS-01,2026-06-03,94020.85,Delayed
PO-02080,PR-02080,SUP-00003,EMP-00057,WH-HYD-01,2026-01-24,66378.42,Completed
PO-02081,PR-02081,SUP-00036,EMP-00059,WH-BLR-01,2026-01-16,350274.78,Delayed
PO-02082,PR-02082,SUP-00026,EMP-00015,WH-CHN-01,2026-04-05,334492.8,Delayed
PO-02083,PR-02083,SUP-00049,EMP-00012,WH-CHN-01,2026-05-02,50876.32,Completed
PO-02084,PR-02084,SUP-00005,EMP-00050,WH-CHN-01,2026-01-08,87237.5,Completed
PO-02085,PR-02085,SUP-00002,EMP-00028,WH-MYS-01,2026-01-28,48954.35,Completed
PO-02086,PR-02086,SUP-00033,EMP-00054,WH-MYS-01,2026-01-29,15063.4,Delayed
PO-02087,PR-02087,SUP-00006,EMP-00017,WH-MYS-01,2026-05-02,132194.44,Delayed
PO-02088,PR-02088,SUP-00024,EMP-00016,WH-BLR-01,2026-03-01,56887.68,Completed
PO-02089,PR-02089,SUP-00014,EMP-00050,WH-MYS-01,2026-05-18,197145.74,Delayed
PO-02090,PR-02090,SUP-00009,EMP-00025,WH-BLR-01,2026-04-21,186941.2,Completed
PO-02091,PR-02091,SUP-00023,EMP-00091,WH-BLR-01,2026-02-07,3128.66,Completed
PO-02092,PR-02092,SUP-00018,EMP-00065,WH-MYS-01,2026-05-21,24601.39,Completed
PO-02093,PR-02093,SUP-00013,EMP-00043,WH-CHN-01,2026-01-11,373634.04,Delayed
PO-02094,PR-02094,SUP-00034,EMP-00098,WH-CHN-01,2026-06-13,543544.95,Delayed
PO-02095,PR-02095,SUP-00023,EMP-00070,WH-MYS-01,2026-01-28,252376.62,Completed
PO-02096,PR-02096,SUP-00028,EMP-00095,WH-HYD-01,2026-02-12,367038.0,Completed
PO-02097,PR-02097,SUP-00035,EMP-00069,WH-MYS-01,2026-05-29,155677.68,Delayed
PO-02098,PR-02098,SUP-00020,EMP-00078,WH-BLR-01,2026-03-27,36715.32,Completed
PO-02099,PR-02099,SUP-00045,EMP-00015,WH-BLR-01,2026-05-31,389194.2,Delayed
PO-02100,PR-02100,SUP-00002,EMP-00076,WH-MYS-01,2026-05-02,24724.95,Completed
PO-02101,PR-02101,SUP-00002,EMP-00058,WH-BLR-01,2026-04-01,181240.74,Completed
PO-02102,PR-02102,SUP-00008,EMP-00030,WH-CHN-01,2026-03-22,112283.2,Delayed
PO-02103,PR-02103,SUP-00022,EMP-00034,WH-MYS-01,2026-03-31,177594.14,Delayed
PO-02104,PR-02104,SUP-00024,EMP-00085,WH-CHN-01,2026-04-26,358580.69,Completed
PO-02105,PR-02105,SUP-00021,EMP-00099,WH-MYS-01,2026-01-21,546.7,Completed
PO-02106,PR-02106,SUP-00027,EMP-00043,WH-HYD-01,2026-02-21,112892.75,Delayed
PO-02107,PR-02107,SUP-00039,EMP-00055,WH-BLR-01,2026-04-19,81129.18,Completed
PO-02108,PR-02108,SUP-00003,EMP-00099,WH-CHN-01,2026-01-09,13963.97,Completed
PO-02109,PR-02109,SUP-00012,EMP-00094,WH-BLR-01,2026-04-14,202642.44,Completed
PO-02110,PR-02110,SUP-00024,EMP-00088,WH-BLR-01,2026-02-22,31797.7,Completed
PO-02111,PR-02111,SUP-00001,EMP-00075,WH-CHN-01,2026-03-25,92808.0,Completed
PO-02112,PR-02112,SUP-00013,EMP-00053,WH-MYS-01,2026-04-21,129518.76,Completed
PO-02113,PR-02113,SUP-00037,EMP-00048,WH-CHN-01,2026-01-19,188152.2,Completed
PO-02114,PR-02114,SUP-00001,EMP-00008,WH-CHN-01,2026-04-28,50040.12,Completed
PO-02115,PR-02115,SUP-00029,EMP-00053,WH-HYD-01,2026-02-11,82609.47,Completed
PO-02116,PR-02116,SUP-00018,EMP-00097,WH-CHN-01,2026-01-08,503516.49,Delayed
PO-02117,PR-02117,SUP-00010,EMP-00038,WH-BLR-01,2026-01-26,233676.5,Delayed
PO-02118,PR-02118,SUP-00036,EMP-00052,WH-MYS-01,2026-04-15,180694.93,Completed
PO-02119,PR-02119,SUP-00009,EMP-00010,WH-CHN-01,2026-01-30,175541.6,Completed
PO-02120,PR-02120,SUP-00033,EMP-00034,WH-MYS-01,2026-02-02,146340.6,Delayed
PO-02121,PR-02121,SUP-00019,EMP-00030,WH-CHN-01,2026-01-29,63829.6,Completed
PO-02122,PR-02122,SUP-00042,EMP-00060,WH-HYD-01,2026-03-06,516537.0,Completed
PO-02123,PR-02123,SUP-00038,EMP-00015,WH-HYD-01,2026-04-09,238822.43,Completed
PO-02124,PR-02124,SUP-00038,EMP-00029,WH-CHN-01,2026-03-14,51627.66,Completed
PO-02125,PR-02125,SUP-00038,EMP-00039,WH-BLR-01,2026-03-21,66216.06,Completed
PO-02126,PR-02126,SUP-00013,EMP-00032,WH-BLR-01,2026-03-04,236677.48,Completed
PO-02127,PR-02127,SUP-00018,EMP-00039,WH-MYS-01,2026-02-18,66704.04,Completed
PO-02128,PR-02128,SUP-00022,EMP-00081,WH-CHN-01,2026-01-26,67581.53,Completed
PO-02129,PR-02129,SUP-00005,EMP-00071,WH-CHN-01,2026-02-21,267905.64,Completed
PO-02130,PR-02130,SUP-00039,EMP-00079,WH-MYS-01,2026-03-16,53126.0,Delayed
PO-02131,PR-02131,SUP-00039,EMP-00036,WH-CHN-01,2026-05-24,91665.75,Completed
PO-02132,PR-02132,SUP-00021,EMP-00052,WH-BLR-01,2026-01-18,249981.76,Completed
PO-02133,PR-02133,SUP-00012,EMP-00006,WH-MYS-01,2026-04-28,10300.68,Completed
PO-02134,PR-02134,SUP-00021,EMP-00020,WH-MYS-01,2026-01-12,50232.9,Completed
PO-02135,PR-02135,SUP-00022,EMP-00077,WH-HYD-01,2026-02-23,22595.1,Cancelled
PO-02136,PR-02136,SUP-00033,EMP-00048,WH-MYS-01,2026-01-08,117093.11,Completed
PO-02137,PR-02137,SUP-00040,EMP-00022,WH-CHN-01,2026-01-22,203518.77,Completed
PO-02138,PR-02138,SUP-00030,EMP-00098,WH-HYD-01,2026-01-22,196178.08,Completed
PO-02139,PR-02139,SUP-00040,EMP-00027,WH-MYS-01,2026-05-22,24228.24,Cancelled
PO-02140,PR-02140,SUP-00033,EMP-00069,WH-MYS-01,2026-06-02,101764.74,Cancelled
PO-02141,PR-02141,SUP-00030,EMP-00053,WH-BLR-01,2026-04-04,201664.65,Completed
PO-02142,PR-02142,SUP-00021,EMP-00056,WH-BLR-01,2026-02-02,81129.18,Completed
PO-02143,PR-02143,SUP-00019,EMP-00027,WH-CHN-01,2026-04-26,190859.76,Completed
PO-02144,PR-02144,SUP-00049,EMP-00039,WH-BLR-01,2026-02-23,165218.94,Completed
PO-02145,PR-02145,SUP-00017,EMP-00039,WH-MYS-01,2026-01-28,158103.04,Completed
PO-02146,PR-02146,SUP-00003,EMP-00052,WH-MYS-01,2026-06-06,85710.69,Completed
PO-02147,PR-02147,SUP-00050,EMP-00013,WH-BLR-01,2026-05-23,274799.7,Completed
PO-02148,PR-02148,SUP-00042,EMP-00060,WH-HYD-01,2026-04-25,48522.0,Completed
PO-02149,PR-02149,SUP-00017,EMP-00001,WH-CHN-01,2026-01-12,658026.32,Completed
PO-02150,PR-02150,SUP-00001,EMP-00021,WH-MYS-01,2026-05-27,259427.88,Delayed
PO-02151,PR-02151,SUP-00015,EMP-00002,WH-CHN-01,2026-04-02,63919.96,Completed
PO-02152,PR-02152,SUP-00037,EMP-00008,WH-MYS-01,2026-03-08,8276.28,Completed
PO-02153,PR-02153,SUP-00048,EMP-00052,WH-MYS-01,2026-05-23,99622.35,Delayed
PO-02154,PR-02154,SUP-00015,EMP-00040,WH-HYD-01,2026-05-21,104391.56,Completed
PO-02155,PR-02155,SUP-00020,EMP-00069,WH-MYS-01,2026-02-20,139065.96,Completed
PO-02156,PR-02156,SUP-00002,EMP-00038,WH-HYD-01,2026-04-29,102817.66,Completed
PO-02157,PR-02157,SUP-00037,EMP-00050,WH-BLR-01,2026-02-01,50271.0,Completed
PO-02158,PR-02158,SUP-00048,EMP-00051,WH-CHN-01,2026-05-15,14681.52,Completed
PO-02159,PR-02159,SUP-00022,EMP-00033,WH-BLR-01,2026-03-18,193570.43,Completed
PO-02160,PR-02160,SUP-00017,EMP-00093,WH-HYD-01,2026-01-31,57881.72,Completed
PO-02161,PR-02161,SUP-00037,EMP-00018,WH-HYD-01,2026-05-30,187459.44,Completed
PO-02162,PR-02162,SUP-00050,EMP-00099,WH-MYS-01,2026-01-26,203518.77,Completed
PO-02163,PR-02163,SUP-00031,EMP-00008,WH-BLR-01,2026-02-20,292868.75,Delayed
PO-02164,PR-02164,SUP-00040,EMP-00062,WH-HYD-01,2026-03-06,19046.82,Cancelled
PO-02165,PR-02165,SUP-00008,EMP-00069,WH-CHN-01,2026-02-11,183933.5,Completed
PO-02166,PR-02166,SUP-00014,EMP-00015,WH-BLR-01,2026-04-14,225785.5,Completed
PO-02167,PR-02167,SUP-00044,EMP-00016,WH-HYD-01,2026-02-04,44923.68,Delayed
PO-02168,PR-02168,SUP-00039,EMP-00054,WH-HYD-01,2026-04-21,10550.79,Completed
PO-02169,PR-02169,SUP-00019,EMP-00015,WH-MYS-01,2026-06-05,71295.34,Completed
PO-02170,PR-02170,SUP-00043,EMP-00030,WH-HYD-01,2026-02-10,129584.8,Completed
PO-02171,PR-02171,SUP-00048,EMP-00060,WH-MYS-01,2026-06-05,539803.2,Completed
PO-02172,PR-02172,SUP-00044,EMP-00082,WH-BLR-01,2026-03-23,139909.88,Completed
PO-02173,PR-02173,SUP-00022,EMP-00077,WH-MYS-01,2026-01-14,569884.01,Completed
PO-02174,PR-02174,SUP-00007,EMP-00081,WH-BLR-01,2026-01-21,203518.77,Completed
PO-02175,PR-02175,SUP-00035,EMP-00002,WH-MYS-01,2026-03-26,265830.88,Completed
PO-02176,PR-02176,SUP-00022,EMP-00027,WH-CHN-01,2026-02-03,565016.0,Completed
PO-02177,PR-02177,SUP-00013,EMP-00060,WH-HYD-01,2026-02-10,136915.67,Completed
PO-02178,PR-02178,SUP-00023,EMP-00099,WH-HYD-01,2026-04-19,18756.96,Completed
PO-02179,PR-02179,SUP-00038,EMP-00040,WH-BLR-01,2026-03-16,305474.5,Completed
PO-02180,PR-02180,SUP-00023,EMP-00062,WH-BLR-01,2026-02-07,89279.2,Delayed
PO-02181,PR-02181,SUP-00032,EMP-00055,WH-MYS-01,2026-03-23,8927.92,Delayed
PO-02182,PR-02182,SUP-00017,EMP-00043,WH-BLR-01,2026-04-21,508514.4,Completed
PO-02183,PR-02183,SUP-00009,EMP-00092,WH-MYS-01,2026-05-27,10513.44,Completed
PO-02184,PR-02184,SUP-00042,EMP-00089,WH-HYD-01,2026-02-21,84169.92,Cancelled
PO-02185,PR-02185,SUP-00011,EMP-00058,WH-BLR-01,2026-05-08,150463.11,Completed
PO-02186,PR-02186,SUP-00050,EMP-00023,WH-CHN-01,2026-05-21,133954.4,Completed
PO-02187,PR-02187,SUP-00046,EMP-00032,WH-BLR-01,2026-01-16,588023.52,Completed
PO-02188,PR-02188,SUP-00004,EMP-00069,WH-MYS-01,2026-05-02,298898.38,Completed
PO-02189,PR-02189,SUP-00013,EMP-00027,WH-MYS-01,2026-01-12,245735.13,Delayed
PO-02190,PR-02190,SUP-00025,EMP-00071,WH-BLR-01,2026-04-18,631991.21,Delayed
PO-02191,PR-02191,SUP-00028,EMP-00023,WH-HYD-01,2026-03-20,161672.17,Completed
PO-02192,PR-02192,SUP-00016,EMP-00019,WH-BLR-01,2026-03-11,124625.0,Completed
PO-02193,PR-02193,SUP-00032,EMP-00097,WH-CHN-01,2026-05-20,216189.9,Completed
PO-02194,PR-02194,SUP-00049,EMP-00039,WH-CHN-01,2026-03-18,120886.32,Completed
PO-02195,PR-02195,SUP-00016,EMP-00090,WH-MYS-01,2026-02-11,12125.13,Completed
PO-02196,PR-02196,SUP-00038,EMP-00055,WH-CHN-01,2026-04-25,191454.92,Delayed
PO-02197,PR-02197,SUP-00032,EMP-00015,WH-MYS-01,2026-05-18,34614.93,Completed
PO-02198,PR-02198,SUP-00034,EMP-00024,WH-CHN-01,2026-02-17,116190.9,Delayed
PO-02199,PR-02199,SUP-00049,EMP-00087,WH-CHN-01,2026-01-17,80260.91,Delayed
PO-02200,PR-02200,SUP-00007,EMP-00082,WH-HYD-01,2026-05-11,219038.43,Completed
PO-02201,PR-02201,SUP-00011,EMP-00064,WH-BLR-01,2026-05-19,315253.38,Delayed
PO-02202,PR-02202,SUP-00040,EMP-00031,WH-HYD-01,2026-02-23,374972.64,Completed
PO-02203,PR-02203,SUP-00024,EMP-00090,WH-BLR-01,2026-01-31,637382.51,Completed
PO-02204,PR-02204,SUP-00011,EMP-00014,WH-BLR-01,2026-01-12,201835.2,Completed
PO-02205,PR-02205,SUP-00004,EMP-00051,WH-BLR-01,2026-01-28,220571.04,Completed
PO-02206,PR-02206,SUP-00043,EMP-00034,WH-CHN-01,2026-02-25,180999.7,Completed
PO-02207,PR-02207,SUP-00016,EMP-00074,WH-MYS-01,2026-01-25,531898.74,Completed
PO-02208,PR-02208,SUP-00028,EMP-00091,WH-MYS-01,2026-02-04,148221.6,Completed
PO-02209,PR-02209,SUP-00034,EMP-00024,WH-CHN-01,2026-01-30,77765.76,Completed
PO-02210,PR-02210,SUP-00006,EMP-00013,WH-CHN-01,2026-04-15,114935.2,Completed
PO-02211,PR-02211,SUP-00011,EMP-00047,WH-MYS-01,2026-02-18,633498.95,Completed
PO-02212,PR-02212,SUP-00009,EMP-00081,WH-HYD-01,2026-02-24,168071.15,Completed
PO-02213,PR-02213,SUP-00011,EMP-00053,WH-HYD-01,2026-02-27,603562.68,Delayed
PO-02214,PR-02214,SUP-00001,EMP-00003,WH-BLR-01,2026-05-16,39900.84,Completed
PO-02215,PR-02215,SUP-00007,EMP-00094,WH-HYD-01,2026-06-04,240569.12,Delayed
PO-02216,PR-02216,SUP-00007,EMP-00036,WH-MYS-01,2026-02-09,5737.44,Delayed
PO-02217,PR-02217,SUP-00033,EMP-00058,WH-MYS-01,2026-04-08,318756.0,Completed
PO-02218,PR-02218,SUP-00050,EMP-00027,WH-BLR-01,2026-06-01,89847.36,Delayed
PO-02219,PR-02219,SUP-00049,EMP-00083,WH-HYD-01,2026-03-01,10941.56,Delayed
PO-02220,PR-02220,SUP-00005,EMP-00034,WH-BLR-01,2026-05-21,25020.06,Completed
PO-02221,PR-02221,SUP-00032,EMP-00083,WH-MYS-01,2026-02-11,111711.76,Completed
PO-02222,PR-02222,SUP-00045,EMP-00045,WH-BLR-01,2026-05-08,75766.13,Completed
PO-02223,PR-02223,SUP-00042,EMP-00065,WH-MYS-01,2026-04-27,29516.4,Completed
PO-02224,PR-02224,SUP-00008,EMP-00043,WH-MYS-01,2026-02-05,66588.9,Completed
PO-02225,PR-02225,SUP-00018,EMP-00081,WH-HYD-01,2026-01-03,103445.92,Completed
PO-02226,PR-02226,SUP-00006,EMP-00059,WH-HYD-01,2026-04-29,217975.92,Completed
PO-02227,PR-02227,SUP-00015,EMP-00007,WH-MYS-01,2026-01-29,152224.32,Completed
PO-02228,PR-02228,SUP-00015,EMP-00029,WH-BLR-01,2026-03-07,79450.01,Completed
PO-02229,PR-02229,SUP-00015,EMP-00081,WH-BLR-01,2026-02-01,3169.44,Completed
PO-02230,PR-02230,SUP-00035,EMP-00009,WH-BLR-01,2026-04-19,140594.58,Delayed
PO-02231,PR-02231,SUP-00005,EMP-00097,WH-HYD-01,2026-05-09,11228.32,Completed
PO-02232,PR-02232,SUP-00017,EMP-00064,WH-BLR-01,2026-04-28,45385.76,Cancelled
PO-02233,PR-02233,SUP-00016,EMP-00100,WH-BLR-01,2026-05-01,37549.49,Completed
PO-02234,PR-02234,SUP-00034,EMP-00069,WH-HYD-01,2026-05-02,60277.31,Completed
PO-02235,PR-02235,SUP-00019,EMP-00054,WH-BLR-01,2026-05-08,1358.4,Completed
PO-02236,PR-02236,SUP-00007,EMP-00027,WH-CHN-01,2026-01-11,220445.12,Completed
PO-02237,PR-02237,SUP-00045,EMP-00030,WH-BLR-01,2026-04-25,27874.1,Completed
PO-02238,PR-02238,SUP-00025,EMP-00051,WH-CHN-01,2026-03-29,406016.24,Delayed
PO-02239,PR-02239,SUP-00049,EMP-00078,WH-MYS-01,2026-04-15,14343.6,Completed
PO-02240,PR-02240,SUP-00038,EMP-00034,WH-HYD-01,2026-05-04,99324.09,Completed
PO-02241,PR-02241,SUP-00035,EMP-00070,WH-CHN-01,2026-03-29,1563.08,Completed
PO-02242,PR-02242,SUP-00022,EMP-00076,WH-MYS-01,2026-05-03,588023.52,Completed
PO-02243,PR-02243,SUP-00028,EMP-00031,WH-HYD-01,2026-06-06,3826.9,Completed
PO-02244,PR-02244,SUP-00039,EMP-00092,WH-MYS-01,2026-06-03,15854.5,Completed
PO-02245,PR-02245,SUP-00012,EMP-00065,WH-CHN-01,2026-01-22,491368.12,Completed
PO-02246,PR-02246,SUP-00024,EMP-00018,WH-CHN-01,2026-04-21,261712.5,Completed
PO-02247,PR-02247,SUP-00039,EMP-00038,WH-HYD-01,2026-04-25,528891.87,Completed
PO-02248,PR-02248,SUP-00039,EMP-00080,WH-BLR-01,2026-01-29,128082.56,Completed
PO-02249,PR-02249,SUP-00025,EMP-00043,WH-CHN-01,2026-05-07,145501.56,Delayed
PO-02250,PR-02250,SUP-00005,EMP-00040,WH-BLR-01,2026-03-02,93873.68,Completed
PO-02251,PR-02251,SUP-00047,EMP-00061,WH-MYS-01,2026-04-26,11093.04,Delayed
PO-02252,PR-02252,SUP-00045,EMP-00095,WH-BLR-01,2026-01-10,186571.35,Delayed
PO-02253,PR-02253,SUP-00010,EMP-00073,WH-HYD-01,2026-01-27,599293.15,Completed
PO-02254,PR-02254,SUP-00006,EMP-00027,WH-CHN-01,2026-01-28,408704.85,Delayed
PO-02255,PR-02255,SUP-00047,EMP-00021,WH-HYD-01,2026-02-10,70761.25,Completed
PO-02256,PR-02256,SUP-00019,EMP-00032,WH-MYS-01,2026-05-13,270064.0,Completed
PO-02257,PR-02257,SUP-00029,EMP-00079,WH-CHN-01,2026-02-12,23464.95,Completed
PO-02258,PR-02258,SUP-00028,EMP-00052,WH-HYD-01,2026-05-12,7008.96,Delayed
PO-02259,PR-02259,SUP-00033,EMP-00066,WH-MYS-01,2026-05-24,421851.5,Completed
PO-02260,PR-02260,SUP-00006,EMP-00091,WH-BLR-01,2026-02-25,209978.08,Completed
PO-02261,PR-02261,SUP-00042,EMP-00048,WH-CHN-01,2026-02-23,859.1,Completed
PO-02262,PR-02262,SUP-00014,EMP-00043,WH-CHN-01,2026-06-03,216604.56,Delayed
PO-02263,PR-02263,SUP-00012,EMP-00092,WH-BLR-01,2026-01-14,305474.5,Completed
PO-02264,PR-02264,SUP-00020,EMP-00054,WH-MYS-01,2026-05-30,290634.56,Delayed
PO-02265,PR-02265,SUP-00046,EMP-00003,WH-CHN-01,2026-03-01,529108.92,Completed
PO-02266,PR-02266,SUP-00025,EMP-00062,WH-HYD-01,2026-04-14,543091.08,Completed
PO-02267,PR-02267,SUP-00035,EMP-00025,WH-MYS-01,2026-01-26,341894.0,Completed
PO-02268,PR-02268,SUP-00014,EMP-00083,WH-BLR-01,2026-03-14,183436.11,Completed
PO-02269,PR-02269,SUP-00004,EMP-00054,WH-HYD-01,2026-04-26,111311.0,Completed
PO-02270,PR-02270,SUP-00044,EMP-00072,WH-MYS-01,2026-06-06,80351.28,Completed
PO-02271,PR-02271,SUP-00011,EMP-00065,WH-CHN-01,2026-03-22,194597.1,Completed
PO-02272,PR-02272,SUP-00043,EMP-00021,WH-BLR-01,2026-02-09,45365.57,Completed
PO-02273,PR-02273,SUP-00033,EMP-00071,WH-BLR-01,2026-04-20,137756.6,Completed
PO-02274,PR-02274,SUP-00022,EMP-00031,WH-MYS-01,2026-06-09,150825.47,Delayed
PO-02275,PR-02275,SUP-00034,EMP-00063,WH-HYD-01,2026-04-19,47345.58,Delayed
PO-02276,PR-02276,SUP-00036,EMP-00050,WH-HYD-01,2026-02-20,2577.3,Completed
PO-02277,PR-02277,SUP-00020,EMP-00048,WH-BLR-01,2026-01-10,1698.0,Completed
PO-02278,PR-02278,SUP-00025,EMP-00019,WH-CHN-01,2026-04-24,116109.95,Completed
PO-02279,PR-02279,SUP-00009,EMP-00070,WH-MYS-01,2026-04-28,667181.28,Completed
PO-02280,PR-02280,SUP-00009,EMP-00022,WH-BLR-01,2026-03-21,29607.48,Completed
PO-02281,PR-02281,SUP-00049,EMP-00031,WH-CHN-01,2026-04-16,4138.14,Completed
PO-02282,PR-02282,SUP-00002,EMP-00007,WH-CHN-01,2026-05-17,15537.72,Delayed
PO-02283,PR-02283,SUP-00009,EMP-00009,WH-MYS-01,2026-03-22,348773.2,Delayed
PO-02284,PR-02284,SUP-00010,EMP-00030,WH-HYD-01,2026-06-04,151642.59,Completed
PO-02285,PR-02285,SUP-00011,EMP-00058,WH-BLR-01,2026-01-28,562685.1,Completed
PO-02286,PR-02286,SUP-00025,EMP-00011,WH-HYD-01,2026-02-07,126428.72,Delayed
PO-02287,PR-02287,SUP-00020,EMP-00095,WH-BLR-01,2026-03-09,58726.08,Completed
PO-02288,PR-02288,SUP-00042,EMP-00067,WH-CHN-01,2026-04-26,535813.04,Delayed
PO-02289,PR-02289,SUP-00036,EMP-00095,WH-HYD-01,2026-02-28,542224.2,Completed
PO-02290,PR-02290,SUP-00049,EMP-00044,WH-HYD-01,2026-03-31,2458.46,Completed
PO-02291,PR-02291,SUP-00015,EMP-00080,WH-CHN-01,2026-02-09,57482.16,Completed
PO-02292,PR-02292,SUP-00009,EMP-00006,WH-CHN-01,2026-04-23,542453.2,Completed
PO-02293,PR-02293,SUP-00026,EMP-00002,WH-HYD-01,2026-04-20,95680.42,Completed
PO-02294,PR-02294,SUP-00017,EMP-00095,WH-CHN-01,2026-03-26,488738.95,Delayed
PO-02295,PR-02295,SUP-00015,EMP-00023,WH-MYS-01,2026-03-27,8005.16,Completed
PO-02296,PR-02296,SUP-00011,EMP-00071,WH-HYD-01,2026-04-09,104631.96,Delayed
PO-02297,PR-02297,SUP-00007,EMP-00085,WH-MYS-01,2026-03-25,326513.85,Completed
PO-02298,PR-02298,SUP-00008,EMP-00082,WH-MYS-01,2026-01-15,34480.56,Completed
PO-02299,PR-02299,SUP-00019,EMP-00009,WH-HYD-01,2026-05-10,35070.8,Completed
PO-02300,PR-02300,SUP-00031,EMP-00092,WH-BLR-01,2026-01-20,176235.66,Completed
PO-02301,PR-02301,SUP-00034,EMP-00063,WH-BLR-01,2026-01-31,265567.54,Completed
PO-02302,PR-02302,SUP-00013,EMP-00084,WH-CHN-01,2026-01-05,282523.68,Cancelled
PO-02303,PR-02303,SUP-00026,EMP-00049,WH-HYD-01,2026-05-10,117382.13,Completed
PO-02304,PR-02304,SUP-00014,EMP-00049,WH-MYS-01,2026-04-27,42236.91,Delayed
PO-02305,PR-02305,SUP-00042,EMP-00078,WH-HYD-01,2026-04-20,29363.04,Completed
PO-02306,PR-02306,SUP-00018,EMP-00085,WH-CHN-01,2026-03-04,205342.16,Completed
PO-02307,PR-02307,SUP-00026,EMP-00018,WH-HYD-01,2026-05-23,17338.31,Completed
PO-02308,PR-02308,SUP-00010,EMP-00024,WH-MYS-01,2026-05-15,151376.4,Completed
PO-02309,PR-02309,SUP-00016,EMP-00045,WH-CHN-01,2026-05-12,22022.28,Completed
PO-02310,PR-02310,SUP-00006,EMP-00079,WH-MYS-01,2026-03-14,156441.12,Completed
PO-02311,PR-02311,SUP-00049,EMP-00034,WH-CHN-01,2026-01-23,121942.1,Completed
PO-02312,PR-02312,SUP-00027,EMP-00015,WH-MYS-01,2026-01-26,133954.4,Completed
PO-02313,PR-02313,SUP-00005,EMP-00043,WH-BLR-01,2026-05-13,48337.5,Completed
PO-02314,PR-02314,SUP-00012,EMP-00013,WH-CHN-01,2026-05-14,39893.5,Completed
PO-02315,PR-02315,SUP-00005,EMP-00021,WH-MYS-01,2026-03-14,21428.29,Completed
PO-02316,PR-02316,SUP-00007,EMP-00055,WH-HYD-01,2026-03-29,197628.8,Delayed
PO-02317,PR-02317,SUP-00003,EMP-00035,WH-BLR-01,2026-03-04,457123.68,Completed
PO-02318,PR-02318,SUP-00027,EMP-00068,WH-HYD-01,2026-04-18,60625.65,Delayed
PO-02319,PR-02319,SUP-00044,EMP-00007,WH-BLR-01,2026-02-21,110222.56,Completed
PO-02320,PR-02320,SUP-00001,EMP-00094,WH-MYS-01,2026-05-24,144879.43,Completed
PO-02321,PR-02321,SUP-00018,EMP-00043,WH-HYD-01,2026-05-01,185015.6,Completed
PO-02322,PR-02322,SUP-00015,EMP-00084,WH-HYD-01,2026-03-08,206634.9,Cancelled
PO-02323,PR-02323,SUP-00046,EMP-00012,WH-MYS-01,2026-06-03,109011.36,Completed
PO-02324,PR-02324,SUP-00010,EMP-00060,WH-BLR-01,2026-01-27,28552.41,Delayed
PO-02325,PR-02325,SUP-00006,EMP-00014,WH-CHN-01,2026-03-14,24928.56,Delayed
PO-02326,PR-02326,SUP-00045,EMP-00051,WH-CHN-01,2026-03-09,366211.86,Completed
PO-02327,PR-02327,SUP-00039,EMP-00065,WH-CHN-01,2026-02-16,129731.4,Cancelled
PO-02328,PR-02328,SUP-00027,EMP-00061,WH-BLR-01,2026-01-10,2655.4,Delayed
PO-02329,PR-02329,SUP-00032,EMP-00064,WH-BLR-01,2026-05-31,18162.75,Delayed
PO-02330,PR-02330,SUP-00049,EMP-00002,WH-CHN-01,2026-02-18,142762.05,Completed
PO-02331,PR-02331,SUP-00036,EMP-00040,WH-CHN-01,2026-04-26,605086.2,Completed
PO-02332,PR-02332,SUP-00009,EMP-00044,WH-BLR-01,2026-04-11,123804.33,Completed
PO-02333,PR-02333,SUP-00027,EMP-00092,WH-BLR-01,2026-03-18,433451.34,Completed
PO-02334,PR-02334,SUP-00008,EMP-00047,WH-MYS-01,2026-06-02,364155.75,Delayed
PO-02335,PR-02335,SUP-00044,EMP-00057,WH-BLR-01,2026-02-28,77155.76,Delayed
PO-02336,PR-02336,SUP-00042,EMP-00052,WH-HYD-01,2026-01-02,7164.91,Completed
PO-02337,PR-02337,SUP-00027,EMP-00058,WH-BLR-01,2026-03-31,177673.76,Completed
PO-02338,PR-02338,SUP-00027,EMP-00008,WH-CHN-01,2026-04-26,3448.45,Completed
PO-02339,PR-02339,SUP-00046,EMP-00056,WH-BLR-01,2026-04-09,45204.0,Cancelled
PO-02340,PR-02340,SUP-00045,EMP-00025,WH-CHN-01,2026-04-30,303190.6,Completed
PO-02341,PR-02341,SUP-00016,EMP-00067,WH-CHN-01,2026-01-18,33794.81,Completed
PO-02342,PR-02342,SUP-00024,EMP-00031,WH-CHN-01,2026-05-23,451853.5,Completed
PO-02343,PR-02343,SUP-00020,EMP-00077,WH-BLR-01,2026-02-14,90813.75,Completed
PO-02344,PR-02344,SUP-00042,EMP-00017,WH-CHN-01,2026-05-15,314056.8,Completed
PO-02345,PR-02345,SUP-00003,EMP-00048,WH-BLR-01,2026-02-20,392571.0,Delayed
PO-02346,PR-02346,SUP-00004,EMP-00083,WH-HYD-01,2026-03-04,284453.1,Delayed
PO-02347,PR-02347,SUP-00007,EMP-00043,WH-BLR-01,2026-05-08,303128.25,Completed
PO-02348,PR-02348,SUP-00037,EMP-00009,WH-HYD-01,2026-05-23,261579.9,Completed
PO-02349,PR-02349,SUP-00003,EMP-00008,WH-MYS-01,2026-02-06,51284.1,Completed
PO-02350,PR-02350,SUP-00001,EMP-00090,WH-MYS-01,2026-05-07,97281.45,Completed
PO-02351,PR-02351,SUP-00024,EMP-00044,WH-MYS-01,2026-03-27,109126.17,Completed
PO-02352,PR-02352,SUP-00038,EMP-00096,WH-BLR-01,2026-02-18,2967.8,Completed
PO-02353,PR-02353,SUP-00017,EMP-00060,WH-HYD-01,2026-03-12,467033.04,Completed
PO-02354,PR-02354,SUP-00035,EMP-00002,WH-MYS-01,2026-04-09,116648.64,Completed
PO-02355,PR-02355,SUP-00021,EMP-00071,WH-BLR-01,2026-02-06,362988.5,Completed
PO-02356,PR-02356,SUP-00004,EMP-00081,WH-BLR-01,2026-01-23,42557.67,Completed
PO-02357,PR-02357,SUP-00042,EMP-00091,WH-MYS-01,2026-04-30,51098.23,Cancelled
PO-02358,PR-02358,SUP-00004,EMP-00031,WH-MYS-01,2026-05-27,51843.84,Completed
PO-02359,PR-02359,SUP-00044,EMP-00084,WH-CHN-01,2026-02-14,55072.98,Completed
PO-02360,PR-02360,SUP-00017,EMP-00079,WH-HYD-01,2026-01-24,457504.2,Completed
PO-02361,PR-02361,SUP-00016,EMP-00056,WH-MYS-01,2026-05-29,294741.36,Cancelled
PO-02362,PR-02362,SUP-00013,EMP-00025,WH-BLR-01,2026-05-01,2276.22,Completed
PO-02363,PR-02363,SUP-00030,EMP-00063,WH-CHN-01,2026-04-05,111115.55,Completed
PO-02364,PR-02364,SUP-00025,EMP-00056,WH-HYD-01,2026-01-26,6359.54,Cancelled
PO-02365,PR-02365,SUP-00033,EMP-00082,WH-HYD-01,2026-01-30,7810.8,Completed
PO-02366,PR-02366,SUP-00048,EMP-00056,WH-MYS-01,2026-03-16,47286.3,Completed
PO-02367,PR-02367,SUP-00023,EMP-00056,WH-CHN-01,2026-04-19,51098.23,Delayed
PO-02368,PR-02368,SUP-00006,EMP-00034,WH-BLR-01,2026-01-28,161521.6,Delayed
PO-02369,PR-02369,SUP-00038,EMP-00057,WH-CHN-01,2026-02-26,40683.99,Completed
PO-02370,PR-02370,SUP-00024,EMP-00063,WH-HYD-01,2026-03-01,43172.92,Cancelled
PO-02371,PR-02371,SUP-00044,EMP-00073,WH-BLR-01,2026-04-26,112484.3,Completed
PO-02372,PR-02372,SUP-00033,EMP-00019,WH-MYS-01,2026-04-18,138340.16,Completed
PO-02373,PR-02373,SUP-00028,EMP-00019,WH-HYD-01,2026-03-10,129673.6,Cancelled
PO-02374,PR-02374,SUP-00013,EMP-00051,WH-BLR-01,2026-03-04,2758.76,Completed
PO-02375,PR-02375,SUP-00006,EMP-00098,WH-HYD-01,2026-04-28,9378.48,Completed
PO-02376,PR-02376,SUP-00027,EMP-00016,WH-BLR-01,2026-04-02,106315.06,Completed
PO-02377,PR-02377,SUP-00001,EMP-00090,WH-HYD-01,2026-01-12,8606.16,Completed
PO-02378,PR-02378,SUP-00042,EMP-00067,WH-CHN-01,2026-01-11,39844.5,Cancelled
PO-02379,PR-02379,SUP-00043,EMP-00025,WH-HYD-01,2026-05-21,78108.1,Completed
PO-02380,PR-02380,SUP-00028,EMP-00007,WH-BLR-01,2026-04-28,56082.36,Completed
PO-02381,PR-02381,SUP-00031,EMP-00095,WH-BLR-01,2026-04-18,235542.6,Completed
PO-02382,PR-02382,SUP-00032,EMP-00085,WH-HYD-01,2026-02-16,136915.67,Delayed
PO-02383,PR-02383,SUP-00039,EMP-00058,WH-BLR-01,2026-01-20,49044.52,Completed
PO-02384,PR-02384,SUP-00041,EMP-00061,WH-CHN-01,2026-04-06,365618.88,Completed
PO-02385,PR-02385,SUP-00008,EMP-00079,WH-MYS-01,2026-03-30,98003.92,Delayed
PO-02386,PR-02386,SUP-00040,EMP-00081,WH-HYD-01,2026-02-06,596764.44,Completed
PO-02387,PR-02387,SUP-00047,EMP-00075,WH-MYS-01,2026-01-10,245291.9,Cancelled
PO-02388,PR-02388,SUP-00044,EMP-00057,WH-HYD-01,2026-03-26,32020.64,Completed
PO-02389,PR-02389,SUP-00050,EMP-00099,WH-HYD-01,2026-02-05,112309.2,Completed
PO-02390,PR-02390,SUP-00010,EMP-00028,WH-HYD-01,2026-01-25,44398.76,Cancelled
PO-02391,PR-02391,SUP-00032,EMP-00013,WH-MYS-01,2026-02-18,139519.6,Completed
PO-02392,PR-02392,SUP-00007,EMP-00060,WH-BLR-01,2026-01-14,257132.07,Cancelled
PO-02393,PR-02393,SUP-00005,EMP-00086,WH-CHN-01,2026-01-13,49345.8,Completed
PO-02394,PR-02394,SUP-00044,EMP-00047,WH-MYS-01,2026-05-17,95597.18,Completed
PO-02395,PR-02395,SUP-00019,EMP-00057,WH-HYD-01,2026-02-28,62636.54,Completed
PO-02396,PR-02396,SUP-00015,EMP-00021,WH-MYS-01,2026-03-01,94146.25,Delayed
PO-02397,PR-02397,SUP-00044,EMP-00072,WH-BLR-01,2026-03-31,29780.63,Delayed
PO-02398,PR-02398,SUP-00008,EMP-00025,WH-BLR-01,2026-05-11,2030.6,Completed
PO-02399,PR-02399,SUP-00008,EMP-00085,WH-MYS-01,2026-05-02,574022.96,Completed
PO-02400,PR-02400,SUP-00038,EMP-00078,WH-BLR-01,2026-02-27,5330.61,Completed
PO-02401,PR-02401,SUP-00001,EMP-00091,WH-CHN-01,2026-06-11,319691.03,Completed
PO-02402,PR-02402,SUP-00041,EMP-00068,WH-CHN-01,2026-05-13,80970.48,Completed
PO-02403,PR-02403,SUP-00044,EMP-00087,WH-CHN-01,2026-03-05,137087.5,Cancelled
PO-02404,PR-02404,SUP-00038,EMP-00030,WH-MYS-01,2026-04-11,3565.8,Delayed
PO-02405,PR-02405,SUP-00001,EMP-00070,WH-BLR-01,2026-02-06,89048.8,Completed
PO-02406,PR-02406,SUP-00042,EMP-00030,WH-HYD-01,2026-03-02,470380.5,Completed
PO-02407,PR-02407,SUP-00016,EMP-00054,WH-MYS-01,2026-04-04,328048.8,Delayed
PO-02408,PR-02408,SUP-00037,EMP-00100,WH-BLR-01,2026-01-02,148037.4,Completed
PO-02409,PR-02409,SUP-00050,EMP-00085,WH-MYS-01,2026-02-17,542224.2,Delayed
PO-02410,PR-02410,SUP-00020,EMP-00022,WH-BLR-01,2026-01-22,516666.89,Delayed
PO-02411,PR-02411,SUP-00048,EMP-00064,WH-HYD-01,2026-04-07,323098.71,Completed
PO-02412,PR-02412,SUP-00015,EMP-00095,WH-CHN-01,2026-04-01,293243.37,Completed
PO-02413,PR-02413,SUP-00001,EMP-00038,WH-HYD-01,2026-05-11,30960.81,Completed
PO-02414,PR-02414,SUP-00034,EMP-00044,WH-CHN-01,2026-03-18,28304.5,Completed
PO-02415,PR-02415,SUP-00050,EMP-00008,WH-HYD-01,2026-02-14,235542.6,Completed
PO-02416,PR-02416,SUP-00031,EMP-00098,WH-MYS-01,2026-01-17,658026.32,Delayed
PO-02417,PR-02417,SUP-00022,EMP-00095,WH-MYS-01,2026-01-04,54505.68,Completed
PO-02418,PR-02418,SUP-00028,EMP-00024,WH-HYD-01,2026-02-06,244103.94,Completed
PO-02419,PR-02419,SUP-00022,EMP-00022,WH-HYD-01,2026-03-11,10358.48,Completed
PO-02420,PR-02420,SUP-00027,EMP-00079,WH-BLR-01,2026-06-02,51301.08,Completed
PO-02421,PR-02421,SUP-00032,EMP-00032,WH-MYS-01,2026-02-06,492073.2,Completed
PO-02422,PR-02422,SUP-00033,EMP-00025,WH-MYS-01,2026-02-07,506179.35,Delayed
PO-02423,PR-02423,SUP-00004,EMP-00032,WH-BLR-01,2026-04-11,42989.46,Completed
PO-02424,PR-02424,SUP-00042,EMP-00050,WH-MYS-01,2026-04-19,49044.52,Completed
PO-02425,PR-02425,SUP-00033,EMP-00019,WH-MYS-01,2026-04-29,39900.84,Completed
PO-02426,PR-02426,SUP-00050,EMP-00082,WH-BLR-01,2026-02-06,24015.48,Completed
PO-02427,PR-02427,SUP-00022,EMP-00100,WH-MYS-01,2026-05-16,142214.05,Completed
PO-02428,PR-02428,SUP-00035,EMP-00021,WH-CHN-01,2026-02-07,28157.94,Completed
PO-02429,PR-02429,SUP-00040,EMP-00010,WH-BLR-01,2026-04-12,50876.32,Completed
PO-02430,PR-02430,SUP-00032,EMP-00001,WH-CHN-01,2026-05-18,378015.12,Delayed
PO-02431,PR-02431,SUP-00003,EMP-00089,WH-CHN-01,2026-05-04,63211.8,Completed
PO-02432,PR-02432,SUP-00036,EMP-00063,WH-HYD-01,2026-04-10,358245.5,Delayed
PO-02433,PR-02433,SUP-00046,EMP-00050,WH-MYS-01,2026-03-20,79443.65,Completed
PO-02434,PR-02434,SUP-00039,EMP-00006,WH-MYS-01,2026-03-03,154504.14,Completed
PO-02435,PR-02435,SUP-00047,EMP-00016,WH-BLR-01,2026-04-29,116758.26,Completed
PO-02436,PR-02436,SUP-00016,EMP-00019,WH-HYD-01,2026-01-26,278798.24,Completed
PO-02437,PR-02437,SUP-00028,EMP-00046,WH-BLR-01,2026-05-29,72241.89,Completed
PO-02438,PR-02438,SUP-00013,EMP-00013,WH-CHN-01,2026-05-30,546.7,Completed
PO-02439,PR-02439,SUP-00040,EMP-00086,WH-CHN-01,2026-02-11,46864.86,Completed
PO-02440,PR-02440,SUP-00019,EMP-00065,WH-HYD-01,2026-03-11,70297.29,Completed
PO-02441,PR-02441,SUP-00041,EMP-00035,WH-MYS-01,2026-04-30,107932.3,Completed
PO-02442,PR-02442,SUP-00037,EMP-00053,WH-HYD-01,2026-03-22,30703.4,Completed
PO-02443,PR-02443,SUP-00001,EMP-00015,WH-CHN-01,2026-05-22,100056.06,Completed
PO-02444,PR-02444,SUP-00026,EMP-00070,WH-CHN-01,2026-04-16,15173.18,Delayed
PO-02445,PR-02445,SUP-00028,EMP-00034,WH-MYS-01,2026-06-14,135887.7,Completed
PO-02446,PR-02446,SUP-00009,EMP-00051,WH-CHN-01,2026-04-28,123518.0,Delayed
PO-02447,PR-02447,SUP-00023,EMP-00047,WH-HYD-01,2026-01-19,59288.64,Completed
PO-02448,PR-02448,SUP-00007,EMP-00086,WH-HYD-01,2026-01-09,126853.6,Completed
PO-02449,PR-02449,SUP-00038,EMP-00011,WH-HYD-01,2026-02-23,239896.16,Completed
PO-02450,PR-02450,SUP-00006,EMP-00096,WH-HYD-01,2026-04-26,199244.7,Delayed
PO-02451,PR-02451,SUP-00025,EMP-00025,WH-CHN-01,2026-02-20,14017.92,Completed
PO-02452,PR-02452,SUP-00028,EMP-00057,WH-MYS-01,2026-02-04,256926.6,Completed
PO-02453,PR-02453,SUP-00004,EMP-00003,WH-BLR-01,2026-02-12,100308.74,Completed
PO-02454,PR-02454,SUP-00031,EMP-00077,WH-BLR-01,2026-05-02,95873.4,Completed
PO-02455,PR-02455,SUP-00043,EMP-00095,WH-BLR-01,2026-01-18,62701.32,Completed
PO-02456,PR-02456,SUP-00025,EMP-00044,WH-MYS-01,2026-01-25,110532.24,Completed
PO-02457,PR-02457,SUP-00003,EMP-00041,WH-HYD-01,2026-04-07,458612.55,Delayed
PO-02458,PR-02458,SUP-00006,EMP-00037,WH-MYS-01,2026-03-14,57881.72,Completed
PO-02459,PR-02459,SUP-00038,EMP-00072,WH-CHN-01,2026-01-14,143705.4,Completed
PO-02460,PR-02460,SUP-00044,EMP-00052,WH-MYS-01,2026-05-02,383650.52,Completed
PO-02461,PR-02461,SUP-00006,EMP-00002,WH-HYD-01,2026-02-20,298660.32,Delayed
PO-02462,PR-02462,SUP-00029,EMP-00032,WH-BLR-01,2026-02-12,187486.32,Completed
PO-02463,PR-02463,SUP-00002,EMP-00093,WH-HYD-01,2026-01-19,323728.01,Completed
PO-02464,PR-02464,SUP-00039,EMP-00070,WH-HYD-01,2026-02-19,177595.04,Completed
PO-02465,PR-02465,SUP-00034,EMP-00091,WH-BLR-01,2026-03-04,500402.48,Delayed
PO-02466,PR-02466,SUP-00005,EMP-00099,WH-HYD-01,2026-05-08,227574.5,Completed
PO-02467,PR-02467,SUP-00028,EMP-00067,WH-CHN-01,2026-02-13,526002.75,Completed
PO-02468,PR-02468,SUP-00009,EMP-00068,WH-MYS-01,2026-03-09,208893.59,Delayed
PO-02469,PR-02469,SUP-00027,EMP-00042,WH-MYS-01,2026-03-08,316059.0,Delayed
PO-02470,PR-02470,SUP-00044,EMP-00029,WH-CHN-01,2026-02-21,135108.24,Completed
PO-02471,PR-02471,SUP-00050,EMP-00099,WH-HYD-01,2026-03-01,192859.24,Completed
PO-02472,PR-02472,SUP-00038,EMP-00091,WH-MYS-01,2026-01-13,90408.0,Completed
PO-02473,PR-02473,SUP-00025,EMP-00021,WH-MYS-01,2026-04-15,75766.13,Delayed
PO-02474,PR-02474,SUP-00047,EMP-00098,WH-HYD-01,2026-04-09,6896.9,Completed
PO-02475,PR-02475,SUP-00034,EMP-00064,WH-CHN-01,2026-06-05,15537.72,Completed
PO-02476,PR-02476,SUP-00009,EMP-00028,WH-CHN-01,2026-04-26,284543.73,Completed
PO-02477,PR-02477,SUP-00011,EMP-00060,WH-MYS-01,2026-03-12,64836.8,Completed
PO-02478,PR-02478,SUP-00028,EMP-00073,WH-HYD-01,2026-05-26,249856.99,Cancelled
PO-02479,PR-02479,SUP-00003,EMP-00083,WH-MYS-01,2026-05-30,570282.24,Completed
PO-02480,PR-02480,SUP-00029,EMP-00050,WH-HYD-01,2026-02-19,168006.72,Delayed
PO-02481,PR-02481,SUP-00015,EMP-00015,WH-MYS-01,2026-02-28,32415.43,Completed
PO-02482,PR-02482,SUP-00029,EMP-00087,WH-CHN-01,2026-01-22,115763.44,Completed
PO-02483,PR-02483,SUP-00044,EMP-00023,WH-HYD-01,2026-03-16,77252.07,Completed
PO-02484,PR-02484,SUP-00047,EMP-00100,WH-CHN-01,2026-02-04,335864.83,Completed
PO-02485,PR-02485,SUP-00006,EMP-00087,WH-CHN-01,2026-02-17,251975.62,Completed
PO-02486,PR-02486,SUP-00046,EMP-00043,WH-HYD-01,2026-04-12,304125.5,Completed
PO-02487,PR-02487,SUP-00036,EMP-00057,WH-BLR-01,2026-03-11,374023.46,Completed
PO-02488,PR-02488,SUP-00045,EMP-00003,WH-HYD-01,2026-04-25,606256.5,Delayed
PO-02489,PR-02489,SUP-00050,EMP-00041,WH-CHN-01,2026-03-30,73566.78,Completed
PO-02490,PR-02490,SUP-00002,EMP-00014,WH-BLR-01,2026-03-06,200544.59,Delayed
PO-02491,PR-02491,SUP-00036,EMP-00075,WH-BLR-01,2026-05-05,68836.88,Cancelled
PO-02492,PR-02492,SUP-00008,EMP-00035,WH-HYD-01,2026-01-24,7301.4,Completed
PO-02493,PR-02493,SUP-00043,EMP-00075,WH-CHN-01,2026-01-25,437398.4,Completed
PO-02494,PR-02494,SUP-00023,EMP-00005,WH-CHN-01,2026-04-19,849.0,Completed
PO-02495,PR-02495,SUP-00019,EMP-00027,WH-CHN-01,2026-05-18,112592.97,Completed
PO-02496,PR-02496,SUP-00043,EMP-00065,WH-CHN-01,2026-01-23,232426.25,Completed
PO-02497,PR-02497,SUP-00004,EMP-00021,WH-MYS-01,2026-04-15,562964.85,Completed
PO-02498,PR-02498,SUP-00048,EMP-00045,WH-HYD-01,2026-02-01,80051.6,Completed
PO-02499,PR-02499,SUP-00003,EMP-00017,WH-HYD-01,2026-02-17,19667.68,Completed
PO-02500,PR-02500,SUP-00012,EMP-00063,WH-CHN-01,2026-01-12,169630.48,Completed
PO-02501,PR-02501,SUP-00040,EMP-00098,WH-CHN-01,2026-03-16,66066.84,Completed
PO-02502,PR-02502,SUP-00026,EMP-00068,WH-CHN-01,2026-04-23,431842.56,Completed
PO-02503,PR-02503,SUP-00016,EMP-00050,WH-BLR-01,2026-04-29,145881.64,Completed
PO-02504,PR-02504,SUP-00002,EMP-00064,WH-MYS-01,2026-03-08,191118.96,Completed
PO-02505,PR-02505,SUP-00026,EMP-00084,WH-MYS-01,2026-05-13,31540.32,Completed
PO-02506,PR-02506,SUP-00018,EMP-00050,WH-CHN-01,2026-05-04,525421.26,Completed
PO-02507,PR-02507,SUP-00041,EMP-00029,WH-BLR-01,2026-03-02,559273.36,Completed
PO-02508,PR-02508,SUP-00031,EMP-00039,WH-MYS-01,2026-02-19,54347.92,Completed
PO-02509,PR-02509,SUP-00027,EMP-00049,WH-HYD-01,2026-04-24,165667.27,Delayed
PO-02510,PR-02510,SUP-00044,EMP-00071,WH-HYD-01,2026-04-20,230602.56,Completed
PO-02511,PR-02511,SUP-00017,EMP-00015,WH-HYD-01,2026-03-16,23606.15,Delayed
PO-02512,PR-02512,SUP-00038,EMP-00065,WH-HYD-01,2026-02-12,661258.92,Completed
PO-02513,PR-02513,SUP-00034,EMP-00051,WH-HYD-01,2026-03-17,185764.86,Delayed
PO-02514,PR-02514,SUP-00034,EMP-00029,WH-CHN-01,2026-01-08,53949.0,Completed
PO-02515,PR-02515,SUP-00023,EMP-00048,WH-HYD-01,2026-02-07,273460.22,Delayed
PO-02516,PR-02516,SUP-00015,EMP-00075,WH-MYS-01,2026-01-29,376221.06,Completed
PO-02517,PR-02517,SUP-00043,EMP-00023,WH-HYD-01,2026-02-01,151382.96,Completed
PO-02518,PR-02518,SUP-00014,EMP-00048,WH-MYS-01,2026-04-25,415476.0,Completed
PO-02519,PR-02519,SUP-00032,EMP-00054,WH-BLR-01,2026-01-10,242502.6,Completed
PO-02520,PR-02520,SUP-00011,EMP-00025,WH-HYD-01,2026-02-12,1379.38,Completed
PO-02521,PR-02521,SUP-00038,EMP-00059,WH-HYD-01,2026-02-03,69794.78,Delayed
PO-02522,PR-02522,SUP-00026,EMP-00071,WH-CHN-01,2026-05-20,465922.94,Completed
PO-02523,PR-02523,SUP-00037,EMP-00013,WH-BLR-01,2026-01-06,500413.2,Completed
PO-02524,PR-02524,SUP-00018,EMP-00060,WH-CHN-01,2026-03-11,40952.83,Completed
PO-02525,PR-02525,SUP-00004,EMP-00079,WH-MYS-01,2026-04-13,247961.88,Completed
PO-02526,PR-02526,SUP-00034,EMP-00041,WH-BLR-01,2026-03-19,305771.28,Completed
PO-02527,PR-02527,SUP-00040,EMP-00040,WH-BLR-01,2026-03-08,80340.13,Completed
PO-02528,PR-02528,SUP-00030,EMP-00001,WH-CHN-01,2026-01-09,345913.24,Completed
PO-02529,PR-02529,SUP-00017,EMP-00094,WH-MYS-01,2026-05-30,678877.2,Completed
PO-02530,PR-02530,SUP-00002,EMP-00099,WH-BLR-01,2026-06-09,47212.3,Delayed
PO-02531,PR-02531,SUP-00047,EMP-00070,WH-HYD-01,2026-05-09,22796.02,Cancelled
PO-02532,PR-02532,SUP-00005,EMP-00062,WH-MYS-01,2026-02-27,344892.96,Delayed
PO-02533,PR-02533,SUP-00006,EMP-00014,WH-HYD-01,2026-02-17,275220.66,Completed
PO-02534,PR-02534,SUP-00044,EMP-00040,WH-BLR-01,2026-02-14,188849.2,Delayed
PO-02535,PR-02535,SUP-00026,EMP-00091,WH-BLR-01,2026-02-08,55850.9,Completed
PO-02536,PR-02536,SUP-00033,EMP-00035,WH-BLR-01,2026-03-03,199244.7,Completed
PO-02537,PR-02537,SUP-00045,EMP-00021,WH-CHN-01,2026-04-23,205541.28,Completed
PO-02538,PR-02538,SUP-00016,EMP-00066,WH-MYS-01,2026-04-01,185764.86,Completed
PO-02539,PR-02539,SUP-00038,EMP-00076,WH-CHN-01,2026-01-22,488207.88,Delayed
PO-02540,PR-02540,SUP-00009,EMP-00059,WH-HYD-01,2026-02-16,71808.3,Completed
PO-02541,PR-02541,SUP-00004,EMP-00023,WH-MYS-01,2026-05-12,48456.48,Completed
PO-02542,PR-02542,SUP-00037,EMP-00002,WH-CHN-01,2026-02-15,56501.6,Completed
PO-02543,PR-02543,SUP-00041,EMP-00070,WH-CHN-01,2026-03-17,295225.71,Completed
PO-02544,PR-02544,SUP-00028,EMP-00027,WH-BLR-01,2026-03-29,8276.28,Delayed
PO-02545,PR-02545,SUP-00013,EMP-00091,WH-CHN-01,2026-04-15,53306.1,Delayed
PO-02546,PR-02546,SUP-00040,EMP-00029,WH-BLR-01,2026-02-09,78108.1,Completed
PO-02547,PR-02547,SUP-00016,EMP-00033,WH-MYS-01,2026-06-04,7527.42,Completed
PO-02548,PR-02548,SUP-00003,EMP-00084,WH-BLR-01,2026-03-08,415447.84,Delayed
PO-02549,PR-02549,SUP-00038,EMP-00045,WH-BLR-01,2026-02-18,78953.28,Completed
PO-02550,PR-02550,SUP-00001,EMP-00092,WH-BLR-01,2026-03-16,470904.0,Completed
PO-02551,PR-02551,SUP-00009,EMP-00055,WH-MYS-01,2026-05-03,100796.86,Delayed
PO-02552,PR-02552,SUP-00001,EMP-00042,WH-HYD-01,2026-04-13,129302.1,Completed
PO-02553,PR-02553,SUP-00041,EMP-00007,WH-HYD-01,2026-01-31,199400.0,Delayed
PO-02554,PR-02554,SUP-00018,EMP-00013,WH-HYD-01,2026-03-06,12222.1,Completed
PO-02555,PR-02555,SUP-00027,EMP-00080,WH-HYD-01,2026-02-10,268886.2,Completed
PO-02556,PR-02556,SUP-00026,EMP-00059,WH-MYS-01,2026-04-21,562964.85,Completed
PO-02557,PR-02557,SUP-00013,EMP-00057,WH-CHN-01,2026-02-24,173964.4,Completed
PO-02558,PR-02558,SUP-00034,EMP-00094,WH-MYS-01,2026-05-15,387303.0,Completed
PO-02559,PR-02559,SUP-00035,EMP-00084,WH-HYD-01,2026-01-10,383650.52,Completed
PO-02560,PR-02560,SUP-00033,EMP-00093,WH-CHN-01,2026-02-24,625380.75,Delayed
PO-02561,PR-02561,SUP-00049,EMP-00080,WH-HYD-01,2026-04-26,179494.35,Completed
PO-02562,PR-02562,SUP-00001,EMP-00068,WH-MYS-01,2026-02-21,69769.48,Delayed
PO-02563,PR-02563,SUP-00013,EMP-00080,WH-MYS-01,2026-01-08,17240.28,Completed
PO-02564,PR-02564,SUP-00004,EMP-00037,WH-BLR-01,2026-01-19,73407.6,Completed
PO-02565,PR-02565,SUP-00039,EMP-00012,WH-CHN-01,2026-01-21,513121.6,Completed
PO-02566,PR-02566,SUP-00041,EMP-00053,WH-MYS-01,2026-03-12,98691.6,Completed
PO-02567,PR-02567,SUP-00008,EMP-00039,WH-HYD-01,2026-03-20,43491.1,Completed
PO-02568,PR-02568,SUP-00010,EMP-00062,WH-MYS-01,2026-05-13,88797.52,Completed
PO-02569,PR-02569,SUP-00041,EMP-00073,WH-MYS-01,2026-05-26,70102.95,Completed
PO-02570,PR-02570,SUP-00036,EMP-00074,WH-HYD-01,2026-01-20,66704.04,Delayed
PO-02571,PR-02571,SUP-00002,EMP-00010,WH-CHN-01,2026-03-20,30136.0,Delayed
PO-02572,PR-02572,SUP-00046,EMP-00067,WH-HYD-01,2026-05-20,311617.46,Completed
PO-02573,PR-02573,SUP-00029,EMP-00008,WH-BLR-01,2026-03-15,173964.4,Delayed
PO-02574,PR-02574,SUP-00045,EMP-00032,WH-CHN-01,2026-01-23,391357.32,Completed
PO-02575,PR-02575,SUP-00044,EMP-00047,WH-CHN-01,2026-03-12,182550.04,Completed
PO-02576,PR-02576,SUP-00024,EMP-00064,WH-MYS-01,2026-03-24,33108.03,Completed
PO-02577,PR-02577,SUP-00030,EMP-00078,WH-MYS-01,2026-01-31,172951.92,Completed
PO-02578,PR-02578,SUP-00011,EMP-00012,WH-MYS-01,2026-01-06,412810.8,Completed
PO-02579,PR-02579,SUP-00024,EMP-00037,WH-CHN-01,2026-02-10,66977.2,Completed
PO-02580,PR-02580,SUP-00049,EMP-00006,WH-BLR-01,2026-02-22,242770.5,Completed
PO-02581,PR-02581,SUP-00010,EMP-00013,WH-CHN-01,2026-02-16,5746.76,Completed
PO-02582,PR-02582,SUP-00007,EMP-00012,WH-BLR-01,2026-05-04,78220.56,Completed
PO-02583,PR-02583,SUP-00036,EMP-00056,WH-CHN-01,2026-01-06,247023.04,Completed
PO-02584,PR-02584,SUP-00043,EMP-00006,WH-HYD-01,2026-02-25,66588.9,Delayed
PO-02585,PR-02585,SUP-00021,EMP-00054,WH-MYS-01,2026-03-14,3905.4,Completed
PO-02586,PR-02586,SUP-00025,EMP-00060,WH-CHN-01,2026-05-01,22216.04,Completed
PO-02587,PR-02587,SUP-00017,EMP-00097,WH-MYS-01,2026-05-22,6252.32,Delayed
PO-02588,PR-02588,SUP-00049,EMP-00060,WH-CHN-01,2026-05-30,69170.08,Completed
PO-02589,PR-02589,SUP-00030,EMP-00013,WH-CHN-01,2026-04-18,77530.96,Delayed
PO-02590,PR-02590,SUP-00026,EMP-00044,WH-BLR-01,2026-02-18,488207.88,Completed
PO-02591,PR-02591,SUP-00023,EMP-00057,WH-MYS-01,2026-01-07,91404.72,Completed
PO-02592,PR-02592,SUP-00016,EMP-00005,WH-MYS-01,2026-02-26,90813.75,Completed
PO-02593,PR-02593,SUP-00020,EMP-00085,WH-BLR-01,2026-05-04,54359.74,Completed
PO-02594,PR-02594,SUP-00010,EMP-00092,WH-HYD-01,2026-04-18,8620.14,Completed
PO-02595,PR-02595,SUP-00007,EMP-00035,WH-HYD-01,2026-06-12,94929.31,Delayed
PO-02596,PR-02596,SUP-00041,EMP-00058,WH-BLR-01,2026-03-12,11489.22,Cancelled
PO-02597,PR-02597,SUP-00047,EMP-00082,WH-MYS-01,2026-05-06,368272.06,Delayed
PO-02598,PR-02598,SUP-00031,EMP-00099,WH-BLR-01,2026-05-27,66648.12,Completed
PO-02599,PR-02599,SUP-00041,EMP-00096,WH-MYS-01,2026-02-14,144404.26,Completed
PO-02600,PR-02600,SUP-00042,EMP-00049,WH-MYS-01,2026-04-03,18127.34,Completed
PO-02601,PR-02601,SUP-00024,EMP-00029,WH-BLR-01,2026-04-02,234420.2,Completed
PO-02602,PR-02602,SUP-00001,EMP-00066,WH-CHN-01,2026-04-30,13281.5,Completed
PO-02603,PR-02603,SUP-00040,EMP-00037,WH-CHN-01,2026-02-15,64865.7,Delayed
PO-02604,PR-02604,SUP-00001,EMP-00032,WH-CHN-01,2026-05-09,199222.5,Completed
PO-02605,PR-02605,SUP-00044,EMP-00095,WH-BLR-01,2026-03-21,29722.27,Completed
PO-02606,PR-02606,SUP-00016,EMP-00003,WH-MYS-01,2026-05-26,108025.6,Completed
PO-02607,PR-02607,SUP-00035,EMP-00094,WH-BLR-01,2026-03-20,74586.72,Completed
PO-02608,PR-02608,SUP-00002,EMP-00015,WH-MYS-01,2026-04-11,60247.1,Completed
PO-02609,PR-02609,SUP-00005,EMP-00018,WH-MYS-01,2026-05-14,31358.7,Completed
PO-02610,PR-02610,SUP-00008,EMP-00050,WH-BLR-01,2026-05-04,184127.97,Delayed
PO-02611,PR-02611,SUP-00009,EMP-00030,WH-MYS-01,2026-05-24,441086.76,Completed
PO-02612,PR-02612,SUP-00018,EMP-00094,WH-HYD-01,2026-01-12,607392.2,Delayed
PO-02613,PR-02613,SUP-00022,EMP-00016,WH-HYD-01,2026-05-08,339230.58,Completed
PO-02614,PR-02614,SUP-00014,EMP-00063,WH-CHN-01,2026-01-31,24584.6,Delayed
PO-02615,PR-02615,SUP-00002,EMP-00005,WH-CHN-01,2026-04-06,616024.64,Completed
PO-02616,PR-02616,SUP-00026,EMP-00079,WH-HYD-01,2026-04-30,66200.82,Completed
PO-02617,PR-02617,SUP-00012,EMP-00005,WH-HYD-01,2026-04-13,191067.11,Delayed
PO-02618,PR-02618,SUP-00042,EMP-00081,WH-BLR-01,2026-04-24,528676.21,Delayed
PO-02619,PR-02619,SUP-00027,EMP-00027,WH-MYS-01,2026-05-24,28825.32,Completed
PO-02620,PR-02620,SUP-00018,EMP-00015,WH-HYD-01,2026-04-23,93873.68,Completed
PO-02621,PR-02621,SUP-00026,EMP-00094,WH-CHN-01,2026-02-09,242770.5,Completed
PO-02622,PR-02622,SUP-00033,EMP-00051,WH-MYS-01,2026-05-27,217983.25,Completed
PO-02623,PR-02623,SUP-00036,EMP-00016,WH-CHN-01,2026-02-11,220439.76,Completed
PO-02624,PR-02624,SUP-00043,EMP-00037,WH-HYD-01,2026-02-18,82848.7,Completed
PO-02625,PR-02625,SUP-00003,EMP-00034,WH-HYD-01,2026-04-27,39108.25,Completed
PO-02626,PR-02626,SUP-00010,EMP-00056,WH-MYS-01,2026-03-31,93501.24,Completed
PO-02627,PR-02627,SUP-00018,EMP-00035,WH-HYD-01,2026-05-20,85710.69,Completed
PO-02628,PR-02628,SUP-00025,EMP-00086,WH-CHN-01,2026-03-10,1564.33,Completed
PO-02629,PR-02629,SUP-00005,EMP-00083,WH-MYS-01,2026-02-07,696852.5,Completed
PO-02630,PR-02630,SUP-00042,EMP-00009,WH-MYS-01,2026-05-03,176605.8,Completed
PO-02631,PR-02631,SUP-00009,EMP-00035,WH-MYS-01,2026-04-13,321405.12,Completed
PO-02632,PR-02632,SUP-00012,EMP-00038,WH-HYD-01,2026-06-04,47975.49,Completed
PO-02633,PR-02633,SUP-00022,EMP-00053,WH-CHN-01,2026-01-28,311355.36,Completed
PO-02634,PR-02634,SUP-00031,EMP-00036,WH-BLR-01,2026-01-22,51640.4,Completed
PO-02635,PR-02635,SUP-00009,EMP-00035,WH-MYS-01,2026-03-13,154804.05,Delayed
PO-02636,PR-02636,SUP-00047,EMP-00084,WH-HYD-01,2026-04-13,75658.08,Delayed
PO-02637,PR-02637,SUP-00031,EMP-00023,WH-CHN-01,2026-02-06,413047.35,Delayed
PO-02638,PR-02638,SUP-00024,EMP-00095,WH-CHN-01,2026-03-08,36842.67,Completed
PO-02639,PR-02639,SUP-00003,EMP-00047,WH-BLR-01,2026-05-14,160521.82,Completed
PO-02640,PR-02640,SUP-00026,EMP-00087,WH-CHN-01,2026-01-25,339230.58,Cancelled
PO-02641,PR-02641,SUP-00023,EMP-00056,WH-MYS-01,2026-01-20,504020.16,Completed
PO-02642,PR-02642,SUP-00018,EMP-00078,WH-HYD-01,2026-05-07,485822.88,Completed
PO-02643,PR-02643,SUP-00043,EMP-00023,WH-MYS-01,2026-01-21,259219.2,Completed
PO-02644,PR-02644,SUP-00007,EMP-00093,WH-BLR-01,2026-04-03,102882.29,Completed
PO-02645,PR-02645,SUP-00040,EMP-00026,WH-CHN-01,2026-04-07,347490.25,Completed
PO-02646,PR-02646,SUP-00015,EMP-00099,WH-HYD-01,2026-04-29,345128.54,Delayed
PO-02647,PR-02647,SUP-00015,EMP-00029,WH-CHN-01,2026-03-05,245735.13,Completed
PO-02648,PR-02648,SUP-00041,EMP-00026,WH-BLR-01,2026-04-25,74804.75,Completed
PO-02649,PR-02649,SUP-00039,EMP-00049,WH-BLR-01,2026-01-22,139909.88,Completed
PO-02650,PR-02650,SUP-00015,EMP-00001,WH-CHN-01,2026-05-20,26714.64,Completed
PO-02651,PR-02651,SUP-00047,EMP-00082,WH-HYD-01,2026-05-19,43838.5,Completed
PO-02652,PR-02652,SUP-00014,EMP-00034,WH-CHN-01,2026-05-03,250869.6,Delayed
PO-02653,PR-02653,SUP-00030,EMP-00072,WH-BLR-01,2026-04-02,207775.7,Completed
PO-02654,PR-02654,SUP-00047,EMP-00031,WH-BLR-01,2026-02-26,418919.1,Completed
PO-02655,PR-02655,SUP-00019,EMP-00048,WH-CHN-01,2026-02-09,355016.22,Delayed
PO-02656,PR-02656,SUP-00001,EMP-00057,WH-HYD-01,2026-01-30,32966.6,Delayed
PO-02657,PR-02657,SUP-00043,EMP-00004,WH-MYS-01,2026-03-28,279018.56,Delayed
PO-02658,PR-02658,SUP-00048,EMP-00020,WH-BLR-01,2026-05-16,288611.96,Completed
PO-02659,PR-02659,SUP-00007,EMP-00041,WH-MYS-01,2026-03-02,44432.08,Delayed
PO-02660,PR-02660,SUP-00015,EMP-00094,WH-BLR-01,2026-05-09,3765.85,Delayed
PO-02661,PR-02661,SUP-00047,EMP-00050,WH-HYD-01,2026-05-31,404852.4,Completed
PO-02662,PR-02662,SUP-00050,EMP-00055,WH-HYD-01,2026-03-28,547681.08,Completed
PO-02663,PR-02663,SUP-00021,EMP-00037,WH-CHN-01,2026-02-07,390956.3,Completed
PO-02664,PR-02664,SUP-00049,EMP-00088,WH-BLR-01,2026-01-09,361389.86,Completed
PO-02665,PR-02665,SUP-00009,EMP-00085,WH-MYS-01,2026-02-15,4452.44,Completed
PO-02666,PR-02666,SUP-00036,EMP-00049,WH-CHN-01,2026-06-01,69312.8,Completed
PO-02667,PR-02667,SUP-00032,EMP-00042,WH-BLR-01,2026-01-25,515120.2,Delayed
PO-02668,PR-02668,SUP-00041,EMP-00032,WH-MYS-01,2026-01-14,1093.4,Completed
PO-02669,PR-02669,SUP-00025,EMP-00036,WH-CHN-01,2026-04-27,122070.62,Completed
PO-02670,PR-02670,SUP-00031,EMP-00093,WH-CHN-01,2026-02-11,460811.01,Completed
PO-02671,PR-02671,SUP-00027,EMP-00061,WH-HYD-01,2026-05-29,59032.8,Completed
PO-02672,PR-02672,SUP-00003,EMP-00070,WH-MYS-01,2026-05-26,60247.1,Completed
PO-02673,PR-02673,SUP-00018,EMP-00018,WH-MYS-01,2026-01-27,20716.96,Completed
PO-02674,PR-02674,SUP-00044,EMP-00015,WH-BLR-01,2026-04-04,146861.28,Completed
PO-02675,PR-02675,SUP-00039,EMP-00083,WH-MYS-01,2026-02-06,199222.5,Completed
PO-02676,PR-02676,SUP-00034,EMP-00064,WH-MYS-01,2026-06-04,337778.91,Completed
PO-02677,PR-02677,SUP-00028,EMP-00061,WH-CHN-01,2026-03-23,105931.25,Completed
PO-02678,PR-02678,SUP-00034,EMP-00054,WH-MYS-01,2026-02-01,40603.5,Completed
PO-02679,PR-02679,SUP-00049,EMP-00016,WH-BLR-01,2026-03-30,113309.52,Cancelled
PO-02680,PR-02680,SUP-00003,EMP-00073,WH-BLR-01,2026-02-21,392988.48,Cancelled
PO-02681,PR-02681,SUP-00028,EMP-00092,WH-BLR-01,2026-03-11,78473.97,Delayed
PO-02682,PR-02682,SUP-00049,EMP-00044,WH-MYS-01,2026-03-13,97001.04,Completed
PO-02683,PR-02683,SUP-00047,EMP-00001,WH-CHN-01,2026-03-26,41811.15,Completed
PO-02684,PR-02684,SUP-00025,EMP-00001,WH-HYD-01,2026-03-20,117323.3,Completed
PO-02685,PR-02685,SUP-00035,EMP-00068,WH-MYS-01,2026-05-15,53131.92,Delayed
PO-02686,PR-02686,SUP-00049,EMP-00017,WH-MYS-01,2026-03-30,166620.3,Completed
PO-02687,PR-02687,SUP-00025,EMP-00089,WH-CHN-01,2026-01-22,76187.28,Delayed
PO-02688,PR-02688,SUP-00016,EMP-00060,WH-BLR-01,2026-03-12,491284.9,Completed
PO-02689,PR-02689,SUP-00041,EMP-00094,WH-MYS-01,2026-05-13,339195.36,Completed
PO-02690,PR-02690,SUP-00050,EMP-00023,WH-BLR-01,2026-03-06,12910.1,Delayed
PO-02691,PR-02691,SUP-00015,EMP-00036,WH-HYD-01,2026-03-06,35619.52,Delayed
PO-02692,PR-02692,SUP-00035,EMP-00024,WH-HYD-01,2026-02-24,3516.93,Completed
PO-02693,PR-02693,SUP-00050,EMP-00075,WH-MYS-01,2026-03-12,155379.4,Delayed
PO-02694,PR-02694,SUP-00030,EMP-00008,WH-BLR-01,2026-02-05,351628.77,Completed
PO-02695,PR-02695,SUP-00009,EMP-00088,WH-HYD-01,2026-03-14,70394.85,Completed
PO-02696,PR-02696,SUP-00049,EMP-00002,WH-BLR-01,2026-01-29,720633.0,Completed
PO-02697,PR-02697,SUP-00024,EMP-00022,WH-MYS-01,2026-01-30,44740.92,Cancelled
PO-02698,PR-02698,SUP-00029,EMP-00068,WH-CHN-01,2026-02-10,607744.78,Completed
PO-02699,PR-02699,SUP-00021,EMP-00078,WH-HYD-01,2026-02-15,195118.7,Completed
PO-02700,PR-02700,SUP-00047,EMP-00068,WH-MYS-01,2026-01-23,31318.27,Completed
PO-02701,PR-02701,SUP-00047,EMP-00076,WH-HYD-01,2026-02-19,12683.6,Completed
PO-02702,PR-02702,SUP-00034,EMP-00046,WH-BLR-01,2026-04-12,88797.52,Completed
PO-02703,PR-02703,SUP-00017,EMP-00058,WH-MYS-01,2026-02-19,158075.94,Completed
PO-02704,PR-02704,SUP-00049,EMP-00087,WH-BLR-01,2026-01-11,398471.4,Completed
PO-02705,PR-02705,SUP-00004,EMP-00098,WH-CHN-01,2026-06-06,4817.98,Completed
PO-02706,PR-02706,SUP-00043,EMP-00097,WH-HYD-01,2026-05-05,12677.76,Completed
PO-02707,PR-02707,SUP-00019,EMP-00051,WH-MYS-01,2026-05-26,391634.8,Completed
PO-02708,PR-02708,SUP-00025,EMP-00006,WH-CHN-01,2026-01-12,73170.3,Completed
PO-02709,PR-02709,SUP-00028,EMP-00043,WH-MYS-01,2026-05-28,312758.25,Completed
PO-02710,PR-02710,SUP-00019,EMP-00036,WH-BLR-01,2026-02-08,622126.08,Completed
PO-02711,PR-02711,SUP-00002,EMP-00100,WH-CHN-01,2026-05-11,116741.35,Delayed
PO-02712,PR-02712,SUP-00045,EMP-00086,WH-HYD-01,2026-03-09,156793.5,Delayed
PO-02713,PR-02713,SUP-00026,EMP-00077,WH-HYD-01,2026-02-06,232125.92,Completed
PO-02714,PR-02714,SUP-00029,EMP-00072,WH-BLR-01,2026-02-17,675415.38,Delayed
PO-02715,PR-02715,SUP-00028,EMP-00001,WH-BLR-01,2026-06-03,172446.48,Completed
PO-02716,PR-02716,SUP-00017,EMP-00017,WH-MYS-01,2026-03-05,338507.56,Completed
PO-02717,PR-02717,SUP-00022,EMP-00067,WH-BLR-01,2026-02-07,3045.9,Delayed
PO-02718,PR-02718,SUP-00004,EMP-00021,WH-BLR-01,2026-02-20,512813.04,Completed
PO-02719,PR-02719,SUP-00027,EMP-00019,WH-BLR-01,2026-04-11,29656.67,Completed
PO-02720,PR-02720,SUP-00050,EMP-00051,WH-CHN-01,2026-02-22,32415.43,Completed
PO-02721,PR-02721,SUP-00013,EMP-00069,WH-CHN-01,2026-03-17,179300.25,Completed
PO-02722,PR-02722,SUP-00032,EMP-00007,WH-BLR-01,2026-04-19,91904.6,Completed
PO-02723,PR-02723,SUP-00034,EMP-00038,WH-BLR-01,2026-05-22,38157.24,Cancelled
PO-02724,PR-02724,SUP-00041,EMP-00098,WH-HYD-01,2026-06-04,51301.08,Completed
PO-02725,PR-02725,SUP-00018,EMP-00020,WH-MYS-01,2026-01-25,427247.17,Completed
PO-02726,PR-02726,SUP-00049,EMP-00099,WH-HYD-01,2026-04-15,133918.8,Completed
PO-02727,PR-02727,SUP-00014,EMP-00071,WH-CHN-01,2026-05-15,58636.71,Completed
PO-02728,PR-02728,SUP-00027,EMP-00089,WH-MYS-01,2026-03-27,13503.2,Completed
PO-02729,PR-02729,SUP-00046,EMP-00085,WH-HYD-01,2026-03-05,13963.97,Completed
PO-02730,PR-02730,SUP-00007,EMP-00078,WH-CHN-01,2026-01-02,4043.5,Completed
PO-02731,PR-02731,SUP-00003,EMP-00091,WH-BLR-01,2026-03-09,33639.2,Completed
PO-02732,PR-02732,SUP-00017,EMP-00070,WH-CHN-01,2026-05-27,97001.04,Completed
PO-02733,PR-02733,SUP-00038,EMP-00045,WH-MYS-01,2026-01-03,454392.93,Delayed
PO-02734,PR-02734,SUP-00037,EMP-00100,WH-CHN-01,2026-03-08,66585.12,Completed
PO-02735,PR-02735,SUP-00007,EMP-00068,WH-BLR-01,2026-01-23,84098.0,Completed
PO-02736,PR-02736,SUP-00024,EMP-00089,WH-HYD-01,2026-05-25,16662.03,Completed
PO-02737,PR-02737,SUP-00046,EMP-00067,WH-BLR-01,2026-03-01,64041.28,Cancelled
PO-02738,PR-02738,SUP-00005,EMP-00057,WH-HYD-01,2026-01-30,117530.4,Completed
PO-02739,PR-02739,SUP-00042,EMP-00002,WH-MYS-01,2026-03-13,17535.4,Cancelled
PO-02740,PR-02740,SUP-00049,EMP-00024,WH-HYD-01,2026-03-09,254627.73,Delayed
PO-02741,PR-02741,SUP-00044,EMP-00099,WH-HYD-01,2026-04-18,477673.7,Completed
PO-02742,PR-02742,SUP-00015,EMP-00007,WH-BLR-01,2026-03-18,136915.67,Completed
PO-02743,PR-02743,SUP-00022,EMP-00081,WH-MYS-01,2026-02-01,367108.07,Completed
PO-02744,PR-02744,SUP-00008,EMP-00074,WH-HYD-01,2026-05-22,124642.8,Completed
PO-02745,PR-02745,SUP-00017,EMP-00049,WH-BLR-01,2026-01-04,127742.23,Completed
PO-02746,PR-02746,SUP-00026,EMP-00043,WH-MYS-01,2026-05-11,143318.75,Completed
PO-02747,PR-02747,SUP-00023,EMP-00030,WH-BLR-01,2026-04-19,27874.1,Completed
PO-02748,PR-02748,SUP-00025,EMP-00031,WH-BLR-01,2026-02-24,255994.56,Completed
PO-02749,PR-02749,SUP-00043,EMP-00086,WH-HYD-01,2026-05-24,373222.18,Cancelled
PO-02750,PR-02750,SUP-00005,EMP-00079,WH-MYS-01,2026-05-28,8620.14,Completed
PO-02751,PR-02751,SUP-00047,EMP-00085,WH-MYS-01,2026-03-01,18380.92,Completed
PO-02752,PR-02752,SUP-00024,EMP-00016,WH-MYS-01,2026-05-15,188121.26,Delayed
PO-02753,PR-02753,SUP-00034,EMP-00010,WH-MYS-01,2026-03-07,56242.15,Completed
PO-02754,PR-02754,SUP-00021,EMP-00072,WH-CHN-01,2026-01-19,9869.16,Completed
PO-02755,PR-02755,SUP-00019,EMP-00007,WH-BLR-01,2026-05-08,132829.8,Completed
PO-02756,PR-02756,SUP-00008,EMP-00077,WH-HYD-01,2026-03-23,209055.75,Delayed
PO-02757,PR-02757,SUP-00006,EMP-00024,WH-CHN-01,2026-04-11,155061.92,Completed
PO-02758,PR-02758,SUP-00011,EMP-00024,WH-CHN-01,2026-02-26,85289.76,Completed
PO-02759,PR-02759,SUP-00048,EMP-00070,WH-MYS-01,2026-01-24,291844.35,Delayed
PO-02760,PR-02760,SUP-00042,EMP-00070,WH-CHN-01,2026-04-30,104639.7,Completed
PO-02761,PR-02761,SUP-00026,EMP-00040,WH-CHN-01,2026-04-13,22262.2,Cancelled
PO-02762,PR-02762,SUP-00039,EMP-00063,WH-BLR-01,2026-04-21,246489.66,Completed
PO-02763,PR-02763,SUP-00025,EMP-00089,WH-BLR-01,2026-02-14,1564.33,Completed
PO-02764,PR-02764,SUP-00048,EMP-00020,WH-HYD-01,2026-05-17,138996.1,Completed
PO-02765,PR-02765,SUP-00040,EMP-00067,WH-CHN-01,2026-03-16,375228.45,Delayed
PO-02766,PR-02766,SUP-00006,EMP-00050,WH-HYD-01,2026-05-23,530070.55,Completed
PO-02767,PR-02767,SUP-00038,EMP-00053,WH-HYD-01,2026-04-08,9881.44,Cancelled
PO-02768,PR-02768,SUP-00042,EMP-00031,WH-CHN-01,2026-03-17,357309.36,Completed
PO-02769,PR-02769,SUP-00002,EMP-00018,WH-CHN-01,2026-02-23,166620.3,Completed
PO-02770,PR-02770,SUP-00043,EMP-00097,WH-MYS-01,2026-03-10,184136.03,Completed
PO-02771,PR-02771,SUP-00046,EMP-00021,WH-CHN-01,2026-01-24,70761.25,Completed
PO-02772,PR-02772,SUP-00036,EMP-00070,WH-MYS-01,2026-04-16,4944.99,Completed
PO-02773,PR-02773,SUP-00017,EMP-00010,WH-MYS-01,2026-04-18,86223.24,Delayed
PO-02774,PR-02774,SUP-00021,EMP-00009,WH-CHN-01,2026-03-06,7923.6,Completed
PO-02775,PR-02775,SUP-00028,EMP-00071,WH-CHN-01,2026-01-05,663893.8,Completed
PO-02776,PR-02776,SUP-00030,EMP-00071,WH-CHN-01,2026-01-17,79443.65,Completed
PO-02777,PR-02777,SUP-00010,EMP-00041,WH-BLR-01,2026-05-24,9889.98,Delayed
PO-02778,PR-02778,SUP-00002,EMP-00092,WH-CHN-01,2026-01-05,58166.64,Delayed
PO-02779,PR-02779,SUP-00003,EMP-00063,WH-BLR-01,2026-02-11,198200.52,Completed
PO-02780,PR-02780,SUP-00027,EMP-00068,WH-HYD-01,2026-04-24,661258.92,Cancelled
PO-02781,PR-02781,SUP-00009,EMP-00035,WH-HYD-01,2026-02-11,309501.32,Completed
PO-02782,PR-02782,SUP-00023,EMP-00060,WH-MYS-01,2026-01-07,54086.12,Completed
PO-02783,PR-02783,SUP-00044,EMP-00028,WH-CHN-01,2026-02-06,16692.28,Delayed
PO-02784,PR-02784,SUP-00045,EMP-00023,WH-MYS-01,2026-05-18,357974.37,Delayed
PO-02785,PR-02785,SUP-00033,EMP-00073,WH-BLR-01,2026-05-04,101078.28,Completed
PO-02786,PR-02786,SUP-00048,EMP-00092,WH-CHN-01,2026-05-08,309737.82,Completed
PO-02787,PR-02787,SUP-00004,EMP-00035,WH-MYS-01,2026-03-10,21428.29,Completed
PO-02788,PR-02788,SUP-00012,EMP-00080,WH-BLR-01,2026-01-13,74775.0,Delayed
PO-02789,PR-02789,SUP-00023,EMP-00056,WH-HYD-01,2026-05-30,14412.66,Completed
PO-02790,PR-02790,SUP-00018,EMP-00042,WH-BLR-01,2026-03-19,19288.94,Cancelled
PO-02791,PR-02791,SUP-00040,EMP-00095,WH-HYD-01,2026-04-14,631991.21,Delayed
PO-02792,PR-02792,SUP-00044,EMP-00062,WH-HYD-01,2026-05-01,118147.25,Delayed
PO-02793,PR-02793,SUP-00015,EMP-00094,WH-HYD-01,2026-01-19,174685.51,Delayed
PO-02794,PR-02794,SUP-00026,EMP-00046,WH-MYS-01,2026-02-08,198200.52,Delayed
PO-02795,PR-02795,SUP-00024,EMP-00044,WH-HYD-01,2026-04-11,89541.79,Completed
PO-02796,PR-02796,SUP-00031,EMP-00096,WH-MYS-01,2026-02-25,45600.96,Completed
PO-02797,PR-02797,SUP-00007,EMP-00071,WH-BLR-01,2026-06-02,22262.2,Completed
PO-02798,PR-02798,SUP-00023,EMP-00073,WH-BLR-01,2026-03-20,7966.77,Delayed
PO-02799,PR-02799,SUP-00020,EMP-00051,WH-CHN-01,2026-02-11,134829.84,Completed
PO-02800,PR-02800,SUP-00009,EMP-00008,WH-BLR-01,2026-03-23,69759.8,Completed
PO-02801,PR-02801,SUP-00012,EMP-00004,WH-MYS-01,2026-01-26,448017.92,Completed
PO-02802,PR-02802,SUP-00033,EMP-00086,WH-HYD-01,2026-05-11,301781.34,Completed
PO-02803,PR-02803,SUP-00047,EMP-00092,WH-HYD-01,2026-03-28,177220.45,Delayed
PO-02804,PR-02804,SUP-00031,EMP-00008,WH-HYD-01,2026-01-30,195553.6,Completed
PO-02805,PR-02805,SUP-00034,EMP-00073,WH-CHN-01,2026-04-11,231340.27,Completed
PO-02806,PR-02806,SUP-00049,EMP-00048,WH-HYD-01,2026-02-13,157880.88,Completed
PO-02807,PR-02807,SUP-00028,EMP-00043,WH-BLR-01,2026-03-15,191118.96,Completed
PO-02808,PR-02808,SUP-00046,EMP-00017,WH-HYD-01,2026-01-10,117741.76,Completed
PO-02809,PR-02809,SUP-00037,EMP-00002,WH-CHN-01,2026-05-15,55855.88,Completed
PO-02810,PR-02810,SUP-00014,EMP-00003,WH-BLR-01,2026-03-25,4924.2,Completed
PO-02811,PR-02811,SUP-00049,EMP-00037,WH-MYS-01,2026-03-24,66648.12,Completed
PO-02812,PR-02812,SUP-00043,EMP-00018,WH-MYS-01,2026-05-30,381762.88,Completed
PO-02813,PR-02813,SUP-00030,EMP-00093,WH-HYD-01,2026-05-01,50814.96,Completed
PO-02814,PR-02814,SUP-00019,EMP-00055,WH-BLR-01,2026-02-10,197755.6,Completed
PO-02815,PR-02815,SUP-00046,EMP-00069,WH-MYS-01,2026-03-08,114038.77,Completed
PO-02816,PR-02816,SUP-00029,EMP-00008,WH-CHN-01,2026-04-08,95022.25,Completed
PO-02817,PR-02817,SUP-00034,EMP-00011,WH-MYS-01,2026-01-17,83587.64,Cancelled
PO-02818,PR-02818,SUP-00015,EMP-00058,WH-BLR-01,2026-02-18,236929.85,Completed
PO-02819,PR-02819,SUP-00025,EMP-00086,WH-HYD-01,2026-05-20,101677.95,Completed
PO-02820,PR-02820,SUP-00046,EMP-00055,WH-HYD-01,2026-04-29,84287.84,Completed
PO-02821,PR-02821,SUP-00035,EMP-00092,WH-CHN-01,2026-04-19,528891.87,Delayed
PO-02822,PR-02822,SUP-00041,EMP-00034,WH-BLR-01,2026-03-31,109188.44,Completed
PO-02823,PR-02823,SUP-00006,EMP-00035,WH-MYS-01,2026-03-07,175140.42,Delayed
PO-02824,PR-02824,SUP-00017,EMP-00058,WH-MYS-01,2026-05-02,162735.96,Completed
PO-02825,PR-02825,SUP-00033,EMP-00015,WH-CHN-01,2026-05-06,159395.76,Completed
PO-02826,PR-02826,SUP-00025,EMP-00019,WH-HYD-01,2026-04-24,70307.16,Completed
PO-02827,PR-02827,SUP-00032,EMP-00046,WH-CHN-01,2026-02-14,55508.04,Delayed
PO-02828,PR-02828,SUP-00020,EMP-00073,WH-BLR-01,2026-05-30,19654.11,Delayed
PO-02829,PR-02829,SUP-00047,EMP-00054,WH-BLR-01,2026-02-26,600481.44,Completed
PO-02830,PR-02830,SUP-00041,EMP-00052,WH-BLR-01,2026-01-28,41433.92,Delayed
PO-02831,PR-02831,SUP-00001,EMP-00034,WH-BLR-01,2026-04-23,112975.5,Delayed
PO-02832,PR-02832,SUP-00026,EMP-00041,WH-BLR-01,2026-03-01,270179.58,Completed
PO-02833,PR-02833,SUP-00042,EMP-00003,WH-HYD-01,2026-03-20,184220.4,Completed
PO-02834,PR-02834,SUP-00041,EMP-00010,WH-CHN-01,2026-04-11,66596.75,Completed
PO-02835,PR-02835,SUP-00005,EMP-00006,WH-CHN-01,2026-04-23,174685.51,Completed
PO-02836,PR-02836,SUP-00015,EMP-00009,WH-HYD-01,2026-03-28,18620.46,Completed
PO-02837,PR-02837,SUP-00008,EMP-00082,WH-MYS-01,2026-02-04,79959.15,Completed
PO-02838,PR-02838,SUP-00037,EMP-00062,WH-CHN-01,2026-05-08,14658.66,Completed
PO-02839,PR-02839,SUP-00008,EMP-00065,WH-CHN-01,2026-03-05,48500.52,Completed
PO-02840,PR-02840,SUP-00001,EMP-00037,WH-HYD-01,2026-04-22,73753.8,Delayed
PO-02841,PR-02841,SUP-00049,EMP-00063,WH-HYD-01,2026-04-09,294752.64,Completed
PO-02842,PR-02842,SUP-00025,EMP-00062,WH-CHN-01,2026-01-17,94424.6,Delayed
PO-02843,PR-02843,SUP-00008,EMP-00029,WH-BLR-01,2026-05-09,5256.72,Completed
PO-02844,PR-02844,SUP-00019,EMP-00039,WH-HYD-01,2026-05-26,140386.5,Completed
PO-02845,PR-02845,SUP-00042,EMP-00026,WH-BLR-01,2026-03-24,343367.5,Completed
PO-02846,PR-02846,SUP-00028,EMP-00079,WH-BLR-01,2026-06-01,215921.28,Completed
PO-02847,PR-02847,SUP-00041,EMP-00034,WH-HYD-01,2026-02-13,127934.64,Delayed
PO-02848,PR-02848,SUP-00008,EMP-00061,WH-BLR-01,2026-04-10,69794.78,Completed
PO-02849,PR-02849,SUP-00029,EMP-00066,WH-MYS-01,2026-03-11,60277.31,Completed
PO-02850,PR-02850,SUP-00021,EMP-00062,WH-CHN-01,2026-02-21,336199.24,Delayed
PO-02851,PR-02851,SUP-00036,EMP-00050,WH-MYS-01,2026-02-10,75658.08,Completed
PO-02852,PR-02852,SUP-00047,EMP-00098,WH-BLR-01,2026-02-04,135089.79,Delayed
PO-02853,PR-02853,SUP-00029,EMP-00043,WH-BLR-01,2026-05-01,573201.33,Completed
PO-02854,PR-02854,SUP-00017,EMP-00039,WH-HYD-01,2026-02-02,18393.35,Completed
PO-02855,PR-02855,SUP-00042,EMP-00092,WH-HYD-01,2026-06-02,158988.5,Completed
PO-02856,PR-02856,SUP-00028,EMP-00037,WH-MYS-01,2026-01-28,44248.26,Completed
PO-02857,PR-02857,SUP-00042,EMP-00062,WH-CHN-01,2026-04-14,197145.74,Completed
PO-02858,PR-02858,SUP-00029,EMP-00067,WH-CHN-01,2026-02-05,619744.38,Delayed
PO-02859,PR-02859,SUP-00029,EMP-00046,WH-CHN-01,2026-03-10,574821.6,Completed
PO-02860,PR-02860,SUP-00006,EMP-00093,WH-HYD-01,2026-03-11,619744.38,Completed
PO-02861,PR-02861,SUP-00011,EMP-00055,WH-HYD-01,2026-03-23,131961.12,Completed
PO-02862,PR-02862,SUP-00005,EMP-00083,WH-MYS-01,2026-03-03,202471.74,Completed
PO-02863,PR-02863,SUP-00015,EMP-00021,WH-CHN-01,2026-01-31,14714.68,Completed
PO-02864,PR-02864,SUP-00035,EMP-00077,WH-MYS-01,2026-05-09,73753.8,Completed
PO-02865,PR-02865,SUP-00016,EMP-00019,WH-MYS-01,2026-04-09,28327.38,Completed
PO-02866,PR-02866,SUP-00006,EMP-00028,WH-BLR-01,2026-03-20,143102.3,Completed
PO-02867,PR-02867,SUP-00023,EMP-00091,WH-MYS-01,2026-03-23,12139.84,Completed
PO-02868,PR-02868,SUP-00006,EMP-00082,WH-HYD-01,2026-03-08,243550.16,Completed
PO-02869,PR-02869,SUP-00030,EMP-00005,WH-CHN-01,2026-01-26,129584.8,Completed
PO-02870,PR-02870,SUP-00020,EMP-00036,WH-MYS-01,2026-03-21,297407.02,Completed
PO-02871,PR-02871,SUP-00015,EMP-00062,WH-MYS-01,2026-05-24,74678.69,Completed
PO-02872,PR-02872,SUP-00004,EMP-00047,WH-MYS-01,2026-01-11,88294.5,Completed
PO-02873,PR-02873,SUP-00012,EMP-00059,WH-CHN-01,2026-04-19,628113.6,Completed
PO-02874,PR-02874,SUP-00002,EMP-00046,WH-MYS-01,2026-02-17,11248.43,Delayed
PO-02875,PR-02875,SUP-00041,EMP-00034,WH-MYS-01,2026-04-06,125434.8,Completed
PO-02876,PR-02876,SUP-00024,EMP-00096,WH-MYS-01,2026-06-02,148359.75,Delayed
PO-02877,PR-02877,SUP-00022,EMP-00043,WH-BLR-01,2026-03-23,238330.95,Completed
PO-02878,PR-02878,SUP-00031,EMP-00020,WH-CHN-01,2026-05-03,42376.2,Completed
PO-02879,PR-02879,SUP-00008,EMP-00012,WH-MYS-01,2026-01-05,76139.76,Completed
PO-02880,PR-02880,SUP-00024,EMP-00079,WH-BLR-01,2026-01-20,401089.18,Completed
PO-02881,PR-02881,SUP-00010,EMP-00021,WH-MYS-01,2026-01-16,42084.96,Delayed
PO-02882,PR-02882,SUP-00050,EMP-00097,WH-MYS-01,2026-02-07,18081.6,Delayed
PO-02883,PR-02883,SUP-00037,EMP-00082,WH-BLR-01,2026-04-11,146974.7,Completed
PO-02884,PR-02884,SUP-00049,EMP-00066,WH-BLR-01,2026-03-28,435951.84,Completed
PO-02885,PR-02885,SUP-00018,EMP-00041,WH-HYD-01,2026-05-04,59561.26,Completed
PO-02886,PR-02886,SUP-00035,EMP-00043,WH-CHN-01,2026-01-05,56710.68,Completed
PO-02887,PR-02887,SUP-00004,EMP-00089,WH-MYS-01,2026-01-26,533505.72,Completed
PO-02888,PR-02888,SUP-00008,EMP-00088,WH-CHN-01,2026-04-29,237696.27,Completed
PO-02889,PR-02889,SUP-00005,EMP-00015,WH-HYD-01,2026-03-20,320552.15,Completed
PO-02890,PR-02890,SUP-00012,EMP-00092,WH-CHN-01,2026-02-03,456249.32,Completed
PO-02891,PR-02891,SUP-00027,EMP-00080,WH-HYD-01,2026-05-17,31036.05,Completed
PO-02892,PR-02892,SUP-00036,EMP-00066,WH-HYD-01,2026-03-22,70627.0,Completed
PO-02893,PR-02893,SUP-00039,EMP-00028,WH-MYS-01,2026-01-29,56071.68,Completed
PO-02894,PR-02894,SUP-00039,EMP-00078,WH-HYD-01,2026-02-17,353178.0,Completed
PO-02895,PR-02895,SUP-00032,EMP-00072,WH-CHN-01,2026-03-11,181876.95,Completed
PO-02896,PR-02896,SUP-00008,EMP-00001,WH-BLR-01,2026-04-03,164753.29,Completed
PO-02897,PR-02897,SUP-00047,EMP-00051,WH-MYS-01,2026-02-27,628113.6,Completed
PO-02898,PR-02898,SUP-00023,EMP-00078,WH-CHN-01,2026-04-25,214947.3,Completed
PO-02899,PR-02899,SUP-00003,EMP-00077,WH-HYD-01,2026-03-13,79959.15,Completed
PO-02900,PR-02900,SUP-00048,EMP-00090,WH-HYD-01,2026-03-25,390547.44,Completed
PO-02901,PR-02901,SUP-00024,EMP-00098,WH-CHN-01,2026-01-07,199504.2,Completed
PO-02902,PR-02902,SUP-00011,EMP-00066,WH-HYD-01,2026-01-30,364586.4,Completed
PO-02903,PR-02903,SUP-00044,EMP-00049,WH-CHN-01,2026-03-04,77821.38,Completed
PO-02904,PR-02904,SUP-00024,EMP-00064,WH-HYD-01,2026-04-14,164792.93,Delayed
PO-02905,PR-02905,SUP-00029,EMP-00006,WH-BLR-01,2026-04-19,166180.56,Completed
PO-02906,PR-02906,SUP-00045,EMP-00086,WH-BLR-01,2026-04-10,300240.72,Delayed
PO-02907,PR-02907,SUP-00048,EMP-00072,WH-BLR-01,2026-01-25,234679.16,Delayed
PO-02908,PR-02908,SUP-00023,EMP-00098,WH-CHN-01,2026-05-16,265489.56,Delayed
PO-02909,PR-02909,SUP-00044,EMP-00066,WH-BLR-01,2026-01-09,9517.47,Completed
PO-02910,PR-02910,SUP-00004,EMP-00025,WH-MYS-01,2026-03-03,558503.86,Completed
PO-02911,PR-02911,SUP-00027,EMP-00042,WH-CHN-01,2026-01-13,197755.6,Completed
PO-02912,PR-02912,SUP-00016,EMP-00007,WH-CHN-01,2026-05-04,343915.68,Completed
PO-02913,PR-02913,SUP-00022,EMP-00027,WH-CHN-01,2026-05-07,15621.62,Delayed
PO-02914,PR-02914,SUP-00043,EMP-00035,WH-BLR-01,2026-05-16,447523.89,Delayed
PO-02915,PR-02915,SUP-00046,EMP-00030,WH-MYS-01,2026-04-12,258202.0,Completed
PO-02916,PR-02916,SUP-00014,EMP-00053,WH-HYD-01,2026-05-28,335662.6,Completed
PO-02917,PR-02917,SUP-00029,EMP-00044,WH-BLR-01,2026-03-25,78484.0,Completed
PO-02918,PR-02918,SUP-00047,EMP-00073,WH-CHN-01,2026-03-17,13676.95,Delayed
PO-02919,PR-02919,SUP-00036,EMP-00060,WH-MYS-01,2026-01-10,77234.29,Completed
PO-02920,PR-02920,SUP-00021,EMP-00018,WH-BLR-01,2026-06-02,114516.8,Completed
PO-02921,PR-02921,SUP-00026,EMP-00030,WH-HYD-01,2026-05-31,122611.3,Completed
PO-02922,PR-02922,SUP-00032,EMP-00095,WH-HYD-01,2026-02-28,12261.13,Completed
PO-02923,PR-02923,SUP-00049,EMP-00054,WH-MYS-01,2026-03-13,13282.98,Completed
PO-02924,PR-02924,SUP-00012,EMP-00016,WH-BLR-01,2026-01-27,251767.88,Completed
PO-02925,PR-02925,SUP-00010,EMP-00010,WH-CHN-01,2026-02-14,126185.31,Completed
PO-02926,PR-02926,SUP-00003,EMP-00004,WH-HYD-01,2026-02-23,191856.6,Completed
PO-02927,PR-02927,SUP-00003,EMP-00092,WH-MYS-01,2026-05-23,137922.24,Delayed
PO-02928,PR-02928,SUP-00035,EMP-00049,WH-BLR-01,2026-01-30,330615.84,Completed
PO-02929,PR-02929,SUP-00025,EMP-00011,WH-HYD-01,2026-04-20,64624.61,Completed
PO-02930,PR-02930,SUP-00030,EMP-00073,WH-BLR-01,2026-03-07,547681.08,Delayed
PO-02931,PR-02931,SUP-00012,EMP-00078,WH-BLR-01,2026-02-12,521380.59,Completed
PO-02932,PR-02932,SUP-00019,EMP-00004,WH-MYS-01,2026-03-27,76212.26,Completed
PO-02933,PR-02933,SUP-00044,EMP-00027,WH-BLR-01,2026-04-19,194562.9,Completed
PO-02934,PR-02934,SUP-00004,EMP-00084,WH-CHN-01,2026-05-17,73407.6,Completed
PO-02935,PR-02935,SUP-00002,EMP-00025,WH-BLR-01,2026-05-26,99145.83,Delayed
PO-02936,PR-02936,SUP-00013,EMP-00024,WH-MYS-01,2026-01-17,475392.54,Cancelled
PO-02937,PR-02937,SUP-00008,EMP-00008,WH-BLR-01,2026-05-04,452499.25,Completed
PO-02938,PR-02938,SUP-00029,EMP-00003,WH-BLR-01,2026-04-12,203081.06,Completed
PO-02939,PR-02939,SUP-00037,EMP-00007,WH-MYS-01,2026-05-21,418111.5,Completed
PO-02940,PR-02940,SUP-00025,EMP-00093,WH-CHN-01,2026-04-21,7966.77,Delayed
PO-02941,PR-02941,SUP-00004,EMP-00091,WH-BLR-01,2026-02-26,444787.52,Delayed
PO-02942,PR-02942,SUP-00027,EMP-00040,WH-HYD-01,2026-03-03,109349.6,Completed
PO-02943,PR-02943,SUP-00045,EMP-00070,WH-CHN-01,2026-02-27,129609.6,Cancelled
PO-02944,PR-02944,SUP-00044,EMP-00017,WH-BLR-01,2026-04-09,245735.13,Completed
PO-02945,PR-02945,SUP-00030,EMP-00015,WH-HYD-01,2026-03-09,42491.07,Delayed
PO-02946,PR-02946,SUP-00031,EMP-00035,WH-MYS-01,2026-03-09,36842.67,Completed
PO-02947,PR-02947,SUP-00012,EMP-00097,WH-HYD-01,2026-04-23,86046.1,Delayed
PO-02948,PR-02948,SUP-00005,EMP-00070,WH-MYS-01,2026-03-16,23306.58,Delayed
PO-02949,PR-02949,SUP-00012,EMP-00096,WH-CHN-01,2026-02-05,243606.94,Completed
PO-02950,PR-02950,SUP-00010,EMP-00054,WH-CHN-01,2026-04-18,22022.28,Completed
PO-02951,PR-02951,SUP-00030,EMP-00042,WH-CHN-01,2026-05-18,291003.12,Completed
PO-02952,PR-02952,SUP-00049,EMP-00059,WH-MYS-01,2026-02-17,461085.22,Completed
PO-02953,PR-02953,SUP-00003,EMP-00027,WH-CHN-01,2026-04-20,303707.61,Completed
PO-02954,PR-02954,SUP-00033,EMP-00028,WH-MYS-01,2026-05-30,41208.25,Completed
PO-02955,PR-02955,SUP-00009,EMP-00052,WH-CHN-01,2026-06-16,25219.36,Completed
PO-02956,PR-02956,SUP-00013,EMP-00096,WH-HYD-01,2026-04-23,161066.29,Completed
PO-02957,PR-02957,SUP-00023,EMP-00020,WH-HYD-01,2026-04-24,5773.2,Completed
PO-02958,PR-02958,SUP-00049,EMP-00100,WH-BLR-01,2026-03-12,79119.84,Completed
PO-02959,PR-02959,SUP-00040,EMP-00013,WH-BLR-01,2026-02-10,12044.95,Completed
PO-02960,PR-02960,SUP-00001,EMP-00091,WH-HYD-01,2026-05-17,62150.88,Delayed
PO-02961,PR-02961,SUP-00033,EMP-00048,WH-BLR-01,2026-03-13,5311.18,Completed
PO-02962,PR-02962,SUP-00045,EMP-00024,WH-CHN-01,2026-02-27,569884.01,Delayed
PO-02963,PR-02963,SUP-00013,EMP-00081,WH-CHN-01,2026-02-15,66200.82,Completed
PO-02964,PR-02964,SUP-00003,EMP-00081,WH-MYS-01,2026-03-20,189035.6,Cancelled
PO-02965,PR-02965,SUP-00024,EMP-00011,WH-CHN-01,2026-01-17,28825.32,Completed
PO-02966,PR-02966,SUP-00036,EMP-00039,WH-CHN-01,2026-04-24,29810.18,Completed
PO-02967,PR-02967,SUP-00034,EMP-00020,WH-MYS-01,2026-02-07,345903.84,Completed
PO-02968,PR-02968,SUP-00014,EMP-00075,WH-CHN-01,2026-01-06,202569.52,Delayed
PO-02969,PR-02969,SUP-00038,EMP-00025,WH-MYS-01,2026-04-18,28485.82,Cancelled
PO-02970,PR-02970,SUP-00008,EMP-00059,WH-MYS-01,2026-03-20,229416.36,Completed
PO-02971,PR-02971,SUP-00015,EMP-00098,WH-CHN-01,2026-03-25,132602.54,Completed
PO-02972,PR-02972,SUP-00046,EMP-00082,WH-BLR-01,2026-01-27,61436.57,Completed
PO-02973,PR-02973,SUP-00018,EMP-00098,WH-MYS-01,2026-05-09,225166.27,Completed
PO-02974,PR-02974,SUP-00034,EMP-00026,WH-BLR-01,2026-01-29,475392.54,Completed
PO-02975,PR-02975,SUP-00023,EMP-00040,WH-MYS-01,2026-02-24,21332.88,Completed
PO-02976,PR-02976,SUP-00015,EMP-00073,WH-HYD-01,2026-03-21,313895.88,Completed
PO-02977,PR-02977,SUP-00009,EMP-00061,WH-MYS-01,2026-05-18,337778.91,Delayed
PO-02978,PR-02978,SUP-00031,EMP-00049,WH-BLR-01,2026-03-24,254627.73,Completed
PO-02979,PR-02979,SUP-00048,EMP-00085,WH-MYS-01,2026-05-15,18502.68,Completed
PO-02980,PR-02980,SUP-00015,EMP-00040,WH-HYD-01,2026-02-16,92059.34,Completed
PO-02981,PR-02981,SUP-00001,EMP-00025,WH-BLR-01,2026-01-13,13503.2,Completed
PO-02982,PR-02982,SUP-00005,EMP-00050,WH-HYD-01,2026-01-31,252847.2,Completed
PO-02983,PR-02983,SUP-00031,EMP-00015,WH-BLR-01,2026-03-10,285693.44,Delayed
PO-02984,PR-02984,SUP-00030,EMP-00084,WH-HYD-01,2026-01-15,80603.04,Completed
PO-02985,PR-02985,SUP-00011,EMP-00068,WH-MYS-01,2026-02-05,71959.18,Completed
PO-02986,PR-02986,SUP-00032,EMP-00085,WH-MYS-01,2026-01-26,71834.5,Completed
PO-02987,PR-02987,SUP-00047,EMP-00049,WH-HYD-01,2026-01-20,256598.16,Completed
PO-02988,PR-02988,SUP-00008,EMP-00097,WH-MYS-01,2026-01-16,46735.3,Completed
PO-02989,PR-02989,SUP-00041,EMP-00043,WH-MYS-01,2026-04-04,418737.08,Completed
PO-02990,PR-02990,SUP-00019,EMP-00050,WH-CHN-01,2026-03-04,82454.84,Completed
PO-02991,PR-02991,SUP-00031,EMP-00020,WH-CHN-01,2026-03-28,635087.04,Delayed
PO-02992,PR-02992,SUP-00031,EMP-00004,WH-BLR-01,2026-05-20,430817.85,Cancelled
PO-02993,PR-02993,SUP-00049,EMP-00043,WH-HYD-01,2026-02-26,77460.6,Completed
PO-02994,PR-02994,SUP-00009,EMP-00040,WH-BLR-01,2026-03-03,71834.5,Completed
PO-02995,PR-02995,SUP-00012,EMP-00082,WH-CHN-01,2026-04-01,35711.68,Completed
PO-02996,PR-02996,SUP-00045,EMP-00075,WH-CHN-01,2026-03-08,216047.52,Completed
PO-02997,PR-02997,SUP-00012,EMP-00007,WH-CHN-01,2026-02-13,380707.59,Completed
PO-02998,PR-02998,SUP-00037,EMP-00015,WH-BLR-01,2026-05-07,270299.23,Completed
PO-02999,PR-02999,SUP-00042,EMP-00093,WH-HYD-01,2026-05-20,50852.66,Delayed
PO-03000,PR-03000,SUP-00018,EMP-00063,WH-HYD-01,2026-04-27,8715.96,Completed
PO-03001,PR-03001,SUP-00020,EMP-00026,WH-CHN-01,2026-04-21,100465.8,Completed
PO-03002,PR-03002,SUP-00033,EMP-00031,WH-HYD-01,2026-01-05,1952.5,Completed
PO-03003,PR-03003,SUP-00021,EMP-00051,WH-CHN-01,2026-01-15,5330.61,Completed
PO-03004,PR-03004,SUP-00019,EMP-00084,WH-CHN-01,2026-05-16,139171.52,Completed
PO-03005,PR-03005,SUP-00044,EMP-00026,WH-BLR-01,2026-03-05,609737.58,Completed
PO-03006,PR-03006,SUP-00011,EMP-00063,WH-MYS-01,2026-05-03,37807.12,Completed
PO-03007,PR-03007,SUP-00009,EMP-00061,WH-BLR-01,2026-06-01,401863.2,Completed
PO-03008,PR-03008,SUP-00012,EMP-00015,WH-MYS-01,2026-02-09,146112.78,Completed
PO-03009,PR-03009,SUP-00043,EMP-00026,WH-BLR-01,2026-05-09,145302.0,Completed
PO-03010,PR-03010,SUP-00005,EMP-00096,WH-CHN-01,2026-05-31,252847.2,Completed
PO-03011,PR-03011,SUP-00016,EMP-00087,WH-HYD-01,2026-01-17,383900.56,Completed
PO-03012,PR-03012,SUP-00030,EMP-00051,WH-HYD-01,2026-02-13,528891.87,Completed
PO-03013,PR-03013,SUP-00030,EMP-00030,WH-BLR-01,2026-03-29,5615.46,Completed
PO-03014,PR-03014,SUP-00048,EMP-00085,WH-HYD-01,2026-05-29,416878.42,Completed
PO-03015,PR-03015,SUP-00017,EMP-00065,WH-BLR-01,2026-03-30,533505.72,Completed
PO-03016,PR-03016,SUP-00006,EMP-00043,WH-MYS-01,2026-05-13,364155.75,Completed
PO-03017,PR-03017,SUP-00040,EMP-00055,WH-CHN-01,2026-04-17,131804.75,Completed
PO-03018,PR-03018,SUP-00031,EMP-00022,WH-CHN-01,2026-01-18,8320.2,Completed
PO-03019,PR-03019,SUP-00038,EMP-00051,WH-BLR-01,2026-01-07,475617.78,Completed
PO-03020,PR-03020,SUP-00045,EMP-00009,WH-BLR-01,2026-04-07,434243.04,Completed
PO-03021,PR-03021,SUP-00012,EMP-00089,WH-BLR-01,2026-04-20,40301.52,Completed
PO-03022,PR-03022,SUP-00017,EMP-00069,WH-HYD-01,2026-04-08,52721.9,Completed
PO-03023,PR-03023,SUP-00044,EMP-00080,WH-HYD-01,2026-03-24,118030.75,Cancelled
PO-03024,PR-03024,SUP-00018,EMP-00024,WH-CHN-01,2026-03-01,7734.0,Completed
PO-03025,PR-03025,SUP-00045,EMP-00039,WH-CHN-01,2026-02-17,126434.98,Completed
PO-03026,PR-03026,SUP-00034,EMP-00005,WH-HYD-01,2026-05-08,345913.24,Completed
PO-03027,PR-03027,SUP-00009,EMP-00076,WH-HYD-01,2026-04-12,620773.68,Completed
PO-03028,PR-03028,SUP-00010,EMP-00097,WH-MYS-01,2026-05-27,365618.88,Completed
PO-03029,PR-03029,SUP-00015,EMP-00052,WH-MYS-01,2026-03-10,2276.22,Completed
PO-03030,PR-03030,SUP-00015,EMP-00071,WH-CHN-01,2026-01-05,27874.1,Completed
PO-03031,PR-03031,SUP-00011,EMP-00084,WH-CHN-01,2026-05-09,649768.4,Completed
PO-03032,PR-03032,SUP-00013,EMP-00056,WH-MYS-01,2026-03-02,84596.36,Completed
PO-03033,PR-03033,SUP-00005,EMP-00047,WH-MYS-01,2026-05-26,86061.6,Completed
PO-03034,PR-03034,SUP-00039,EMP-00001,WH-HYD-01,2026-03-11,17975.42,Completed
PO-03035,PR-03035,SUP-00040,EMP-00060,WH-HYD-01,2026-02-11,19621.0,Completed
PO-03036,PR-03036,SUP-00031,EMP-00096,WH-HYD-01,2026-01-02,147666.4,Delayed
PO-03037,PR-03037,SUP-00044,EMP-00037,WH-MYS-01,2026-03-21,7881.05,Completed
PO-03038,PR-03038,SUP-00016,EMP-00068,WH-HYD-01,2026-01-07,269744.86,Delayed
PO-03039,PR-03039,SUP-00006,EMP-00100,WH-BLR-01,2026-02-04,358580.69,Completed
PO-03040,PR-03040,SUP-00031,EMP-00022,WH-HYD-01,2026-02-24,557755.98,Delayed
PO-03041,PR-03041,SUP-00038,EMP-00070,WH-MYS-01,2026-03-08,634650.4,Delayed
PO-03042,PR-03042,SUP-00045,EMP-00060,WH-BLR-01,2026-05-09,71852.7,Completed
PO-03043,PR-03043,SUP-00027,EMP-00089,WH-HYD-01,2026-04-15,161201.43,Completed
PO-03044,PR-03044,SUP-00038,EMP-00002,WH-HYD-01,2026-01-16,213224.4,Completed
PO-03045,PR-03045,SUP-00011,EMP-00069,WH-HYD-01,2026-02-07,191614.73,Completed
PO-03046,PR-03046,SUP-00012,EMP-00028,WH-CHN-01,2026-01-17,566793.36,Delayed
PO-03047,PR-03047,SUP-00048,EMP-00004,WH-BLR-01,2026-04-07,82609.47,Completed
PO-03048,PR-03048,SUP-00001,EMP-00010,WH-HYD-01,2026-04-22,129155.58,Completed
PO-03049,PR-03049,SUP-00025,EMP-00004,WH-HYD-01,2026-04-17,60988.21,Completed
PO-03050,PR-03050,SUP-00016,EMP-00062,WH-CHN-01,2026-05-10,135679.18,Cancelled
PO-03051,PR-03051,SUP-00001,EMP-00077,WH-CHN-01,2026-06-12,53932.33,Completed
PO-03052,PR-03052,SUP-00045,EMP-00057,WH-MYS-01,2026-01-14,89791.91,Completed
PO-03053,PR-03053,SUP-00016,EMP-00058,WH-HYD-01,2026-02-08,63998.64,Completed
PO-03054,PR-03054,SUP-00018,EMP-00003,WH-BLR-01,2026-04-11,404219.52,Completed
PO-03055,PR-03055,SUP-00009,EMP-00015,WH-BLR-01,2026-02-03,110111.4,Completed
PO-03056,PR-03056,SUP-00011,EMP-00069,WH-MYS-01,2026-01-29,26498.89,Completed
PO-03057,PR-03057,SUP-00042,EMP-00070,WH-CHN-01,2026-05-19,255481.25,Completed
PO-03058,PR-03058,SUP-00034,EMP-00030,WH-MYS-01,2026-05-04,210921.48,Delayed
PO-03059,PR-03059,SUP-00004,EMP-00006,WH-HYD-01,2026-02-14,133177.8,Completed
PO-03060,PR-03060,SUP-00045,EMP-00082,WH-MYS-01,2026-05-28,312758.25,Completed
PO-03061,PR-03061,SUP-00050,EMP-00084,WH-HYD-01,2026-03-11,266592.48,Cancelled
PO-03062,PR-03062,SUP-00027,EMP-00033,WH-CHN-01,2026-04-16,185355.24,Completed
PO-03063,PR-03063,SUP-00034,EMP-00052,WH-CHN-01,2026-02-24,58630.75,Completed
PO-03064,PR-03064,SUP-00041,EMP-00036,WH-CHN-01,2026-02-02,124071.21,Completed
PO-03065,PR-03065,SUP-00014,EMP-00006,WH-CHN-01,2026-02-05,60243.12,Completed
PO-03066,PR-03066,SUP-00020,EMP-00054,WH-HYD-01,2026-03-26,262710.63,Completed
PO-03067,PR-03067,SUP-00042,EMP-00078,WH-BLR-01,2026-05-09,78616.44,Completed
PO-03068,PR-03068,SUP-00013,EMP-00051,WH-MYS-01,2026-01-21,34959.87,Delayed
PO-03069,PR-03069,SUP-00039,EMP-00072,WH-HYD-01,2026-03-20,323213.75,Completed
PO-03070,PR-03070,SUP-00042,EMP-00050,WH-CHN-01,2026-01-31,7821.65,Delayed
PO-03071,PR-03071,SUP-00017,EMP-00083,WH-CHN-01,2026-03-18,97694.92,Completed
PO-03072,PR-03072,SUP-00031,EMP-00014,WH-CHN-01,2026-01-08,25642.05,Completed
PO-03073,PR-03073,SUP-00013,EMP-00057,WH-HYD-01,2026-01-09,167443.0,Delayed
PO-03074,PR-03074,SUP-00015,EMP-00080,WH-HYD-01,2026-02-14,109235.76,Completed
PO-03075,PR-03075,SUP-00031,EMP-00079,WH-HYD-01,2026-01-26,25921.92,Cancelled
PO-03076,PR-03076,SUP-00042,EMP-00051,WH-BLR-01,2026-01-30,415528.48,Delayed
PO-03077,PR-03077,SUP-00045,EMP-00005,WH-HYD-01,2026-05-18,78473.97,Delayed
PO-03078,PR-03078,SUP-00025,EMP-00015,WH-BLR-01,2026-02-13,367943.0,Completed
PO-03079,PR-03079,SUP-00034,EMP-00015,WH-CHN-01,2026-03-21,325396.75,Delayed
PO-03080,PR-03080,SUP-00044,EMP-00001,WH-MYS-01,2026-03-20,193570.43,Completed
PO-03081,PR-03081,SUP-00032,EMP-00033,WH-MYS-01,2026-06-05,660875.25,Completed
PO-03082,PR-03082,SUP-00034,EMP-00082,WH-BLR-01,2026-05-05,160702.56,Completed
PO-03083,PR-03083,SUP-00029,EMP-00018,WH-BLR-01,2026-03-11,188041.7,Completed
PO-03084,PR-03084,SUP-00010,EMP-00086,WH-CHN-01,2026-05-01,29434.3,Completed
PO-03085,PR-03085,SUP-00001,EMP-00056,WH-BLR-01,2026-05-02,291003.12,Completed
PO-03086,PR-03086,SUP-00009,EMP-00015,WH-MYS-01,2026-03-30,613230.2,Completed
PO-03087,PR-03087,SUP-00038,EMP-00098,WH-CHN-01,2026-03-03,120267.42,Completed
PO-03088,PR-03088,SUP-00038,EMP-00009,WH-MYS-01,2026-05-13,32348.0,Completed
PO-03089,PR-03089,SUP-00029,EMP-00059,WH-HYD-01,2026-02-27,115547.62,Completed
PO-03090,PR-03090,SUP-00016,EMP-00066,WH-CHN-01,2026-02-17,350889.18,Completed
PO-03091,PR-03091,SUP-00013,EMP-00088,WH-BLR-01,2026-02-20,318141.7,Completed
PO-03092,PR-03092,SUP-00002,EMP-00032,WH-HYD-01,2026-04-08,437861.55,Completed
PO-03093,PR-03093,SUP-00031,EMP-00026,WH-BLR-01,2026-02-12,159574.0,Completed
PO-03094,PR-03094,SUP-00044,EMP-00088,WH-CHN-01,2026-04-22,3961.8,Completed
PO-03095,PR-03095,SUP-00001,EMP-00044,WH-MYS-01,2026-02-10,90823.3,Delayed
PO-03096,PR-03096,SUP-00001,EMP-00096,WH-HYD-01,2026-05-06,305331.25,Cancelled
PO-03097,PR-03097,SUP-00034,EMP-00013,WH-HYD-01,2026-03-24,36715.32,Completed
PO-03098,PR-03098,SUP-00028,EMP-00089,WH-CHN-01,2026-05-08,390.5,Completed
PO-03099,PR-03099,SUP-00038,EMP-00080,WH-BLR-01,2026-04-22,329506.58,Completed
PO-03100,PR-03100,SUP-00006,EMP-00093,WH-HYD-01,2026-05-05,102406.12,Completed
PO-03101,PR-03101,SUP-00011,EMP-00086,WH-CHN-01,2026-05-18,133408.08,Completed
PO-03102,PR-03102,SUP-00017,EMP-00072,WH-CHN-01,2026-02-18,485541.0,Completed
PO-03103,PR-03103,SUP-00048,EMP-00004,WH-BLR-01,2026-02-25,270189.92,Completed
PO-03104,PR-03104,SUP-00033,EMP-00081,WH-BLR-01,2026-02-16,172951.92,Completed
PO-03105,PR-03105,SUP-00015,EMP-00067,WH-CHN-01,2026-04-06,16483.3,Delayed
PO-03106,PR-03106,SUP-00031,EMP-00062,WH-CHN-01,2026-01-31,177728.32,Completed
PO-03107,PR-03107,SUP-00044,EMP-00007,WH-MYS-01,2026-04-13,220222.8,Completed
PO-03108,PR-03108,SUP-00011,EMP-00069,WH-MYS-01,2026-05-06,501733.8,Completed
PO-03109,PR-03109,SUP-00040,EMP-00027,WH-CHN-01,2026-03-06,63418.0,Completed
PO-03110,PR-03110,SUP-00042,EMP-00026,WH-CHN-01,2026-01-16,229634.16,Completed
PO-03111,PR-03111,SUP-00035,EMP-00062,WH-CHN-01,2026-05-16,210308.85,Completed
PO-03112,PR-03112,SUP-00047,EMP-00072,WH-HYD-01,2026-04-27,69170.08,Completed
PO-03113,PR-03113,SUP-00004,EMP-00043,WH-HYD-01,2026-03-31,594140.8,Delayed
PO-03114,PR-03114,SUP-00035,EMP-00024,WH-MYS-01,2026-02-05,247364.52,Completed
PO-03115,PR-03115,SUP-00008,EMP-00023,WH-MYS-01,2026-05-16,199428.48,Cancelled
PO-03116,PR-03116,SUP-00049,EMP-00026,WH-BLR-01,2026-01-31,25438.16,Completed
PO-03117,PR-03117,SUP-00002,EMP-00048,WH-CHN-01,2026-02-10,271775.4,Completed
PO-03118,PR-03118,SUP-00041,EMP-00033,WH-CHN-01,2026-02-16,15854.5,Completed
PO-03119,PR-03119,SUP-00038,EMP-00013,WH-HYD-01,2026-04-29,46256.7,Completed
PO-03120,PR-03120,SUP-00047,EMP-00086,WH-HYD-01,2026-03-15,375228.45,Cancelled
PO-03121,PR-03121,SUP-00035,EMP-00048,WH-MYS-01,2026-01-12,20905.8,Completed
PO-03122,PR-03122,SUP-00004,EMP-00026,WH-BLR-01,2026-02-08,274214.16,Completed
PO-03123,PR-03123,SUP-00028,EMP-00056,WH-MYS-01,2026-04-07,114981.9,Completed
PO-03124,PR-03124,SUP-00005,EMP-00046,WH-BLR-01,2026-04-26,236061.5,Completed
PO-03125,PR-03125,SUP-00029,EMP-00086,WH-MYS-01,2026-02-12,217176.58,Completed
PO-03126,PR-03126,SUP-00022,EMP-00032,WH-HYD-01,2026-03-02,428540.16,Completed
PO-03127,PR-03127,SUP-00006,EMP-00044,WH-MYS-01,2026-03-10,28250.8,Delayed
PO-03128,PR-03128,SUP-00015,EMP-00069,WH-BLR-01,2026-03-24,135637.9,Completed
PO-03129,PR-03129,SUP-00039,EMP-00074,WH-CHN-01,2026-04-07,117924.66,Completed
PO-03130,PR-03130,SUP-00050,EMP-00062,WH-BLR-01,2026-03-15,242792.35,Completed
PO-03131,PR-03131,SUP-00037,EMP-00017,WH-BLR-01,2026-02-21,367260.4,Completed
PO-03132,PR-03132,SUP-00026,EMP-00078,WH-BLR-01,2026-03-18,229216.23,Completed
PO-03133,PR-03133,SUP-00042,EMP-00064,WH-MYS-01,2026-03-10,120102.42,Completed
PO-03134,PR-03134,SUP-00028,EMP-00090,WH-BLR-01,2026-02-10,75539.68,Cancelled
PO-03135,PR-03135,SUP-00013,EMP-00091,WH-CHN-01,2026-02-12,323728.01,Completed
PO-03136,PR-03136,SUP-00047,EMP-00061,WH-CHN-01,2026-02-23,266186.07,Completed
PO-03137,PR-03137,SUP-00011,EMP-00005,WH-MYS-01,2026-04-19,136157.28,Completed
PO-03138,PR-03138,SUP-00021,EMP-00005,WH-MYS-01,2026-03-14,593439.0,Completed
PO-03139,PR-03139,SUP-00044,EMP-00004,WH-CHN-01,2026-03-13,119662.9,Completed
PO-03140,PR-03140,SUP-00023,EMP-00008,WH-CHN-01,2026-05-28,667072.8,Completed
PO-03141,PR-03141,SUP-00042,EMP-00072,WH-CHN-01,2026-05-01,287410.8,Completed
PO-03142,PR-03142,SUP-00026,EMP-00070,WH-HYD-01,2026-02-02,2377.2,Completed
PO-03143,PR-03143,SUP-00026,EMP-00019,WH-MYS-01,2026-01-21,88829.72,Delayed
PO-03144,PR-03144,SUP-00022,EMP-00042,WH-CHN-01,2026-04-08,359949.76,Delayed
PO-03145,PR-03145,SUP-00015,EMP-00078,WH-HYD-01,2026-03-04,348999.84,Completed
PO-03146,PR-03146,SUP-00037,EMP-00008,WH-HYD-01,2026-04-06,570282.24,Completed
PO-03147,PR-03147,SUP-00019,EMP-00091,WH-MYS-01,2026-01-26,404219.52,Completed
PO-03148,PR-03148,SUP-00043,EMP-00011,WH-HYD-01,2026-04-09,150698.7,Delayed
PO-03149,PR-03149,SUP-00021,EMP-00040,WH-BLR-01,2026-05-25,474646.55,Completed
PO-03150,PR-03150,SUP-00025,EMP-00022,WH-BLR-01,2026-03-21,300247.92,Completed
PO-03151,PR-03151,SUP-00024,EMP-00061,WH-BLR-01,2026-04-12,96913.7,Completed
PO-03152,PR-03152,SUP-00015,EMP-00032,WH-HYD-01,2026-03-19,375300.9,Completed
PO-03153,PR-03153,SUP-00020,EMP-00035,WH-HYD-01,2026-03-11,71551.15,Completed
PO-03154,PR-03154,SUP-00030,EMP-00038,WH-MYS-01,2026-03-25,124668.32,Completed
PO-03155,PR-03155,SUP-00036,EMP-00088,WH-CHN-01,2026-01-21,53949.0,Completed
PO-03156,PR-03156,SUP-00038,EMP-00026,WH-BLR-01,2026-03-09,7966.77,Completed
PO-03157,PR-03157,SUP-00036,EMP-00069,WH-BLR-01,2026-03-16,68543.75,Completed
PO-03158,PR-03158,SUP-00011,EMP-00067,WH-CHN-01,2026-05-06,40485.24,Completed
PO-03159,PR-03159,SUP-00010,EMP-00051,WH-BLR-01,2026-05-18,155452.01,Completed
PO-03160,PR-03160,SUP-00017,EMP-00098,WH-MYS-01,2026-04-18,266655.48,Delayed
PO-03161,PR-03161,SUP-00050,EMP-00045,WH-BLR-01,2026-03-05,418737.08,Completed
PO-03162,PR-03162,SUP-00028,EMP-00095,WH-CHN-01,2026-04-15,63967.32,Cancelled
PO-03163,PR-03163,SUP-00020,EMP-00025,WH-MYS-01,2026-04-01,219510.9,Delayed
PO-03164,PR-03164,SUP-00020,EMP-00060,WH-CHN-01,2026-02-14,12642.36,Completed
PO-03165,PR-03165,SUP-00035,EMP-00078,WH-MYS-01,2026-01-14,330615.84,Completed
PO-03166,PR-03166,SUP-00009,EMP-00091,WH-MYS-01,2026-01-06,148021.44,Completed
PO-03167,PR-03167,SUP-00007,EMP-00078,WH-MYS-01,2026-02-06,103317.45,Delayed
PO-03168,PR-03168,SUP-00030,EMP-00072,WH-BLR-01,2026-02-20,121455.72,Completed
PO-03169,PR-03169,SUP-00031,EMP-00037,WH-MYS-01,2026-01-14,437861.55,Completed
PO-03170,PR-03170,SUP-00020,EMP-00018,WH-CHN-01,2026-06-02,176178.24,Completed
PO-03171,PR-03171,SUP-00021,EMP-00089,WH-CHN-01,2026-02-06,48847.46,Completed
PO-03172,PR-03172,SUP-00035,EMP-00023,WH-HYD-01,2026-03-16,155954.37,Completed
PO-03173,PR-03173,SUP-00013,EMP-00028,WH-MYS-01,2026-04-27,92655.09,Completed
PO-03174,PR-03174,SUP-00019,EMP-00100,WH-CHN-01,2026-03-24,230602.56,Completed
PO-03175,PR-03175,SUP-00038,EMP-00043,WH-HYD-01,2026-05-10,502702.92,Completed
PO-03176,PR-03176,SUP-00041,EMP-00083,WH-BLR-01,2026-02-19,315253.38,Delayed
PO-03177,PR-03177,SUP-00007,EMP-00019,WH-BLR-01,2026-03-30,139909.88,Completed
PO-03178,PR-03178,SUP-00022,EMP-00068,WH-CHN-01,2026-03-14,340690.32,Completed
PO-03179,PR-03179,SUP-00025,EMP-00076,WH-HYD-01,2026-04-19,97255.2,Completed
PO-03180,PR-03180,SUP-00026,EMP-00016,WH-MYS-01,2026-02-15,292681.2,Completed
PO-03181,PR-03181,SUP-00013,EMP-00039,WH-MYS-01,2026-04-10,444112.2,Delayed
PO-03182,PR-03182,SUP-00005,EMP-00072,WH-CHN-01,2026-05-31,280405.8,Completed
PO-03183,PR-03183,SUP-00038,EMP-00062,WH-CHN-01,2026-05-11,402167.34,Completed
PO-03184,PR-03184,SUP-00043,EMP-00060,WH-HYD-01,2026-04-24,195118.7,Delayed
PO-03185,PR-03185,SUP-00003,EMP-00078,WH-BLR-01,2026-04-27,74776.48,Completed
PO-03186,PR-03186,SUP-00037,EMP-00025,WH-MYS-01,2026-04-29,232961.47,Completed
PO-03187,PR-03187,SUP-00036,EMP-00013,WH-BLR-01,2026-05-24,1171.5,Completed
PO-03188,PR-03188,SUP-00037,EMP-00032,WH-MYS-01,2026-01-30,249285.6,Completed
PO-03189,PR-03189,SUP-00048,EMP-00074,WH-MYS-01,2026-01-09,57482.16,Completed
PO-03190,PR-03190,SUP-00010,EMP-00020,WH-BLR-01,2026-01-13,198138.36,Cancelled
PO-03191,PR-03191,SUP-00007,EMP-00016,WH-BLR-01,2026-05-29,58868.6,Completed
PO-03192,PR-03192,SUP-00006,EMP-00035,WH-HYD-01,2026-03-18,144404.26,Completed
PO-03193,PR-03193,SUP-00049,EMP-00092,WH-HYD-01,2026-02-21,217455.5,Delayed
PO-03194,PR-03194,SUP-00049,EMP-00079,WH-HYD-01,2026-04-03,62495.44,Completed
PO-03195,PR-03195,SUP-00043,EMP-00021,WH-BLR-01,2026-01-19,323746.5,Delayed
PO-03196,PR-03196,SUP-00004,EMP-00060,WH-BLR-01,2026-02-04,245291.9,Completed
PO-03197,PR-03197,SUP-00025,EMP-00015,WH-MYS-01,2026-04-25,145370.55,Completed
PO-03198,PR-03198,SUP-00035,EMP-00076,WH-BLR-01,2026-01-30,65980.56,Delayed
PO-03199,PR-03199,SUP-00039,EMP-00025,WH-BLR-01,2026-02-11,297095.46,Completed
PO-03200,PR-03200,SUP-00049,EMP-00025,WH-CHN-01,2026-02-21,264967.85,Delayed
PO-03201,PR-03201,SUP-00026,EMP-00085,WH-HYD-01,2026-05-08,97281.45,Completed
PO-03202,PR-03202,SUP-00041,EMP-00076,WH-BLR-01,2026-01-25,381843.93,Completed
PO-03203,PR-03203,SUP-00002,EMP-00051,WH-BLR-01,2026-03-07,280405.8,Completed
PO-03204,PR-03204,SUP-00014,EMP-00087,WH-CHN-01,2026-01-08,36786.7,Completed
PO-03205,PR-03205,SUP-00010,EMP-00045,WH-BLR-01,2026-04-20,48456.85,Delayed
PO-03206,PR-03206,SUP-00018,EMP-00030,WH-HYD-01,2026-03-08,294621.36,Delayed
PO-03207,PR-03207,SUP-00027,EMP-00011,WH-CHN-01,2026-03-22,50588.79,Completed
PO-03208,PR-03208,SUP-00013,EMP-00059,WH-BLR-01,2026-01-27,431592.0,Delayed
PO-03209,PR-03209,SUP-00031,EMP-00003,WH-BLR-01,2026-02-26,222112.21,Completed
PO-03210,PR-03210,SUP-00047,EMP-00076,WH-BLR-01,2026-05-11,177594.14,Completed
PO-03211,PR-03211,SUP-00003,EMP-00064,WH-BLR-01,2026-02-06,312080.22,Completed
PO-03212,PR-03212,SUP-00037,EMP-00097,WH-MYS-01,2026-03-21,569791.35,Completed
PO-03213,PR-03213,SUP-00044,EMP-00078,WH-HYD-01,2026-05-19,361999.4,Completed
PO-03214,PR-03214,SUP-00009,EMP-00044,WH-BLR-01,2026-05-09,26897.91,Completed
PO-03215,PR-03215,SUP-00017,EMP-00002,WH-BLR-01,2026-01-16,527228.59,Cancelled
PO-03216,PR-03216,SUP-00013,EMP-00025,WH-BLR-01,2026-06-02,51869.44,Completed
PO-03217,PR-03217,SUP-00012,EMP-00060,WH-CHN-01,2026-01-22,200265.56,Completed
PO-03218,PR-03218,SUP-00030,EMP-00014,WH-HYD-01,2026-02-26,226990.68,Completed
PO-03219,PR-03219,SUP-00014,EMP-00092,WH-HYD-01,2026-02-18,2021.75,Completed
PO-03220,PR-03220,SUP-00023,EMP-00059,WH-HYD-01,2026-03-17,504443.1,Completed
PO-03221,PR-03221,SUP-00013,EMP-00100,WH-MYS-01,2026-05-19,165667.27,Completed
PO-03222,PR-03222,SUP-00047,EMP-00087,WH-CHN-01,2026-01-20,583243.2,Completed
PO-03223,PR-03223,SUP-00029,EMP-00048,WH-MYS-01,2026-05-01,706270.0,Completed
PO-03224,PR-03224,SUP-00047,EMP-00094,WH-HYD-01,2026-02-20,382134.22,Completed
PO-03225,PR-03225,SUP-00009,EMP-00074,WH-BLR-01,2026-04-15,242135.11,Completed
PO-03226,PR-03226,SUP-00039,EMP-00019,WH-CHN-01,2026-01-24,158029.5,Completed
PO-03227,PR-03227,SUP-00008,EMP-00039,WH-BLR-01,2026-03-04,20001.01,Delayed
PO-03228,PR-03228,SUP-00002,EMP-00093,WH-BLR-01,2026-01-12,41281.08,Completed
PO-03229,PR-03229,SUP-00045,EMP-00056,WH-BLR-01,2026-05-07,165798.36,Completed
PO-03230,PR-03230,SUP-00004,EMP-00069,WH-MYS-01,2026-02-03,114152.4,Completed
PO-03231,PR-03231,SUP-00036,EMP-00091,WH-MYS-01,2026-05-26,432883.07,Completed
PO-03232,PR-03232,SUP-00038,EMP-00061,WH-HYD-01,2026-05-28,146815.2,Completed
PO-03233,PR-03233,SUP-00036,EMP-00069,WH-BLR-01,2026-01-31,82562.16,Completed
PO-03234,PR-03234,SUP-00010,EMP-00065,WH-CHN-01,2026-02-01,47822.71,Completed
PO-03235,PR-03235,SUP-00013,EMP-00024,WH-HYD-01,2026-02-08,10622.36,Completed
PO-03236,PR-03236,SUP-00006,EMP-00059,WH-BLR-01,2026-05-09,50734.4,Completed
PO-03237,PR-03237,SUP-00048,EMP-00090,WH-MYS-01,2026-01-23,71959.18,Delayed
PO-03238,PR-03238,SUP-00021,EMP-00003,WH-HYD-01,2026-03-22,305331.25,Delayed
PO-03239,PR-03239,SUP-00044,EMP-00005,WH-MYS-01,2026-03-21,461093.5,Delayed
PO-03240,PR-03240,SUP-00049,EMP-00024,WH-MYS-01,2026-05-26,312882.24,Completed
PO-03241,PR-03241,SUP-00048,EMP-00005,WH-BLR-01,2026-01-09,132432.12,Completed
PO-03242,PR-03242,SUP-00011,EMP-00031,WH-CHN-01,2026-03-04,130857.0,Completed
PO-03243,PR-03243,SUP-00033,EMP-00041,WH-HYD-01,2026-03-17,66588.9,Delayed
PO-03244,PR-03244,SUP-00016,EMP-00037,WH-HYD-01,2026-04-11,441472.5,Delayed
PO-03245,PR-03245,SUP-00043,EMP-00011,WH-BLR-01,2026-02-20,178067.12,Completed
PO-03246,PR-03246,SUP-00008,EMP-00082,WH-BLR-01,2026-03-30,124668.32,Completed
PO-03247,PR-03247,SUP-00024,EMP-00013,WH-HYD-01,2026-01-16,130789.95,Completed
PO-03248,PR-03248,SUP-00002,EMP-00092,WH-BLR-01,2026-04-08,42049.0,Completed
PO-03249,PR-03249,SUP-00030,EMP-00061,WH-HYD-01,2026-03-06,465506.64,Completed
PO-03250,PR-03250,SUP-00050,EMP-00036,WH-MYS-01,2026-02-27,276765.52,Completed
PO-03251,PR-03251,SUP-00035,EMP-00043,WH-BLR-01,2026-04-16,134739.84,Completed
PO-03252,PR-03252,SUP-00011,EMP-00099,WH-HYD-01,2026-05-22,6735.06,Completed
PO-03253,PR-03253,SUP-00007,EMP-00009,WH-BLR-01,2026-05-14,417787.18,Completed
PO-03254,PR-03254,SUP-00040,EMP-00080,WH-HYD-01,2026-03-30,90499.85,Completed
PO-03255,PR-03255,SUP-00027,EMP-00047,WH-CHN-01,2026-04-06,105122.5,Completed
PO-03256,PR-03256,SUP-00003,EMP-00019,WH-MYS-01,2026-05-26,170663.04,Completed
PO-03257,PR-03257,SUP-00011,EMP-00005,WH-MYS-01,2026-02-28,407663.1,Completed
PO-03258,PR-03258,SUP-00029,EMP-00020,WH-BLR-01,2026-03-10,107864.66,Completed
PO-03259,PR-03259,SUP-00026,EMP-00048,WH-BLR-01,2026-03-16,73688.16,Delayed
PO-03260,PR-03260,SUP-00043,EMP-00095,WH-MYS-01,2026-04-25,268625.37,Completed
PO-03261,PR-03261,SUP-00034,EMP-00099,WH-BLR-01,2026-01-10,398935.0,Completed
PO-03262,PR-03262,SUP-00024,EMP-00004,WH-CHN-01,2026-04-06,244771.75,Completed
PO-03263,PR-03263,SUP-00032,EMP-00060,WH-MYS-01,2026-01-04,124990.88,Completed
PO-03264,PR-03264,SUP-00003,EMP-00015,WH-HYD-01,2026-06-07,277933.5,Delayed
PO-03265,PR-03265,SUP-00007,EMP-00026,WH-BLR-01,2026-01-04,172110.94,Completed
PO-03266,PR-03266,SUP-00009,EMP-00041,WH-CHN-01,2026-06-01,145370.55,Completed
PO-03267,PR-03267,SUP-00050,EMP-00086,WH-HYD-01,2026-01-27,12222.1,Completed
PO-03268,PR-03268,SUP-00026,EMP-00027,WH-HYD-01,2026-04-23,367436.75,Completed
PO-03269,PR-03269,SUP-00020,EMP-00020,WH-CHN-01,2026-05-13,111880.08,Completed
PO-03270,PR-03270,SUP-00047,EMP-00078,WH-MYS-01,2026-06-02,490525.0,Completed
PO-03271,PR-03271,SUP-00033,EMP-00034,WH-BLR-01,2026-02-08,260049.88,Completed
PO-03272,PR-03272,SUP-00049,EMP-00050,WH-CHN-01,2026-03-20,116672.92,Delayed
PO-03273,PR-03273,SUP-00017,EMP-00086,WH-BLR-01,2026-01-06,113076.86,Completed
PO-03274,PR-03274,SUP-00038,EMP-00070,WH-BLR-01,2026-01-26,17975.42,Completed
PO-03275,PR-03275,SUP-00041,EMP-00038,WH-MYS-01,2026-04-03,15770.16,Completed
PO-03276,PR-03276,SUP-00025,EMP-00083,WH-BLR-01,2026-05-31,108069.66,Completed
PO-03277,PR-03277,SUP-00045,EMP-00021,WH-CHN-01,2026-02-12,109327.4,Completed
PO-03278,PR-03278,SUP-00042,EMP-00024,WH-MYS-01,2026-01-11,307207.34,Completed
PO-03279,PR-03279,SUP-00032,EMP-00062,WH-MYS-01,2026-02-24,515330.54,Completed
PO-03280,PR-03280,SUP-00043,EMP-00059,WH-MYS-01,2026-04-14,266510.64,Completed
PO-03281,PR-03281,SUP-00002,EMP-00074,WH-BLR-01,2026-05-11,93470.6,Completed
PO-03282,PR-03282,SUP-00012,EMP-00060,WH-MYS-01,2026-01-10,64832.88,Delayed
PO-03283,PR-03283,SUP-00015,EMP-00094,WH-CHN-01,2026-03-08,49099.12,Completed
PO-03284,PR-03284,SUP-00039,EMP-00034,WH-CHN-01,2026-04-12,245208.06,Completed
PO-03285,PR-03285,SUP-00011,EMP-00018,WH-HYD-01,2026-05-28,69819.85,Delayed
PO-03286,PR-03286,SUP-00005,EMP-00085,WH-BLR-01,2026-02-26,648048.0,Completed
PO-03287,PR-03287,SUP-00003,EMP-00046,WH-CHN-01,2026-04-13,89791.91,Completed
PO-03288,PR-03288,SUP-00026,EMP-00073,WH-HYD-01,2026-03-01,76314.48,Cancelled
PO-03289,PR-03289,SUP-00024,EMP-00092,WH-CHN-01,2026-04-03,80178.28,Completed
PO-03290,PR-03290,SUP-00001,EMP-00056,WH-MYS-01,2026-05-06,265315.43,Completed
PO-03291,PR-03291,SUP-00034,EMP-00045,WH-CHN-01,2026-02-19,78953.28,Completed
PO-03292,PR-03292,SUP-00012,EMP-00050,WH-CHN-01,2026-02-13,245707.75,Completed
PO-03293,PR-03293,SUP-00001,EMP-00042,WH-CHN-01,2026-05-21,377027.19,Delayed
PO-03294,PR-03294,SUP-00050,EMP-00005,WH-BLR-01,2026-04-21,255869.28,Completed
PO-03295,PR-03295,SUP-00018,EMP-00050,WH-BLR-01,2026-04-30,57524.04,Completed
PO-03296,PR-03296,SUP-00037,EMP-00006,WH-CHN-01,2026-03-21,125987.81,Completed
PO-03297,PR-03297,SUP-00020,EMP-00077,WH-MYS-01,2026-05-01,267905.64,Completed
PO-03298,PR-03298,SUP-00019,EMP-00053,WH-MYS-01,2026-04-14,55855.88,Completed
PO-03299,PR-03299,SUP-00004,EMP-00080,WH-MYS-01,2026-03-03,57258.4,Completed
PO-03300,PR-03300,SUP-00046,EMP-00068,WH-HYD-01,2026-03-16,87007.5,Completed
PO-03301,PR-03301,SUP-00005,EMP-00005,WH-MYS-01,2026-03-29,136915.67,Completed
PO-03302,PR-03302,SUP-00050,EMP-00024,WH-BLR-01,2026-04-20,244141.24,Completed
PO-03303,PR-03303,SUP-00009,EMP-00041,WH-HYD-01,2026-01-21,85074.0,Completed
PO-03304,PR-03304,SUP-00001,EMP-00070,WH-MYS-01,2026-02-16,5470.78,Cancelled
PO-03305,PR-03305,SUP-00040,EMP-00052,WH-CHN-01,2026-04-23,135089.79,Delayed
PO-03306,PR-03306,SUP-00025,EMP-00060,WH-HYD-01,2026-05-12,14370.54,Delayed
PO-03307,PR-03307,SUP-00019,EMP-00098,WH-HYD-01,2026-03-19,133296.24,Delayed
PO-03308,PR-03308,SUP-00021,EMP-00062,WH-BLR-01,2026-05-29,22011.77,Completed
PO-03309,PR-03309,SUP-00048,EMP-00075,WH-HYD-01,2026-05-27,60625.65,Completed
PO-03310,PR-03310,SUP-00031,EMP-00090,WH-BLR-01,2026-03-19,453981.36,Completed
PO-03311,PR-03311,SUP-00044,EMP-00056,WH-BLR-01,2026-05-31,546053.4,Completed
PO-03312,PR-03312,SUP-00038,EMP-00033,WH-HYD-01,2026-03-16,85066.02,Completed
PO-03313,PR-03313,SUP-00041,EMP-00097,WH-MYS-01,2026-04-18,180741.4,Delayed
PO-03314,PR-03314,SUP-00012,EMP-00088,WH-CHN-01,2026-05-22,181030.36,Completed
PO-03315,PR-03315,SUP-00026,EMP-00024,WH-BLR-01,2026-03-25,15847.2,Completed
PO-03316,PR-03316,SUP-00024,EMP-00058,WH-CHN-01,2026-04-18,19271.92,Completed
PO-03317,PR-03317,SUP-00023,EMP-00086,WH-BLR-01,2026-05-24,125103.3,Delayed
PO-03318,PR-03318,SUP-00013,EMP-00014,WH-BLR-01,2026-04-29,17975.42,Completed
PO-03319,PR-03319,SUP-00005,EMP-00033,WH-CHN-01,2026-04-30,128666.44,Cancelled
PO-03320,PR-03320,SUP-00001,EMP-00013,WH-MYS-01,2026-02-04,20001.01,Completed
PO-03321,PR-03321,SUP-00016,EMP-00055,WH-BLR-01,2026-02-24,587985.51,Completed
PO-03322,PR-03322,SUP-00014,EMP-00096,WH-BLR-01,2026-03-31,69312.8,Completed
PO-03323,PR-03323,SUP-00037,EMP-00025,WH-MYS-01,2026-06-06,103202.7,Completed
PO-03324,PR-03324,SUP-00026,EMP-00009,WH-MYS-01,2026-04-17,317977.0,Delayed
PO-03325,PR-03325,SUP-00034,EMP-00098,WH-CHN-01,2026-03-22,97747.79,Completed
PO-03326,PR-03326,SUP-00033,EMP-00013,WH-CHN-01,2026-03-31,429831.15,Delayed
PO-03327,PR-03327,SUP-00032,EMP-00096,WH-MYS-01,2026-04-23,266530.5,Completed
PO-03328,PR-03328,SUP-00025,EMP-00017,WH-CHN-01,2026-05-14,305943.96,Delayed
PO-03329,PR-03329,SUP-00002,EMP-00008,WH-BLR-01,2026-05-26,64137.53,Completed
PO-03330,PR-03330,SUP-00026,EMP-00042,WH-MYS-01,2026-02-28,173964.4,Completed
PO-03331,PR-03331,SUP-00042,EMP-00052,WH-CHN-01,2026-01-05,55167.35,Delayed
PO-03332,PR-03332,SUP-00044,EMP-00097,WH-MYS-01,2026-02-03,114152.4,Delayed
PO-03333,PR-03333,SUP-00044,EMP-00054,WH-HYD-01,2026-05-13,82562.16,Delayed
PO-03334,PR-03334,SUP-00017,EMP-00053,WH-CHN-01,2026-02-19,471589.44,Completed
PO-03335,PR-03335,SUP-00048,EMP-00045,WH-BLR-01,2026-02-22,84752.4,Completed
PO-03336,PR-03336,SUP-00048,EMP-00034,WH-MYS-01,2026-02-10,30346.36,Completed
PO-03337,PR-03337,SUP-00046,EMP-00016,WH-BLR-01,2026-01-31,116074.82,Cancelled
PO-03338,PR-03338,SUP-00045,EMP-00023,WH-CHN-01,2026-05-02,67839.59,Completed
PO-03339,PR-03339,SUP-00016,EMP-00086,WH-CHN-01,2026-04-05,24601.39,Completed
PO-03340,PR-03340,SUP-00014,EMP-00070,WH-HYD-01,2026-05-17,17396.44,Completed
PO-03341,PR-03341,SUP-00026,EMP-00086,WH-MYS-01,2026-02-13,279819.76,Completed
PO-03342,PR-03342,SUP-00017,EMP-00094,WH-HYD-01,2026-05-01,57140.46,Completed
PO-03343,PR-03343,SUP-00033,EMP-00013,WH-MYS-01,2026-03-08,392369.85,Completed
PO-03344,PR-03344,SUP-00036,EMP-00005,WH-HYD-01,2026-04-21,339260.96,Completed
PO-03345,PR-03345,SUP-00003,EMP-00048,WH-MYS-01,2026-01-14,516502.72,Delayed
PO-03346,PR-03346,SUP-00017,EMP-00065,WH-MYS-01,2026-04-19,119475.98,Completed
PO-03347,PR-03347,SUP-00036,EMP-00032,WH-HYD-01,2026-03-13,96429.62,Completed
PO-03348,PR-03348,SUP-00033,EMP-00032,WH-HYD-01,2026-05-12,182267.67,Completed
PO-03349,PR-03349,SUP-00030,EMP-00075,WH-CHN-01,2026-05-30,323213.75,Completed
PO-03350,PR-03350,SUP-00037,EMP-00092,WH-CHN-01,2026-04-12,206614.8,Completed
PO-03351,PR-03351,SUP-00043,EMP-00056,WH-HYD-01,2026-02-09,674754.0,Completed
PO-03352,PR-03352,SUP-00040,EMP-00007,WH-MYS-01,2026-04-17,345015.72,Completed
PO-03353,PR-03353,SUP-00020,EMP-00057,WH-MYS-01,2026-03-19,670270.56,Completed
PO-03354,PR-03354,SUP-00021,EMP-00012,WH-CHN-01,2026-01-09,63449.8,Completed
PO-03355,PR-03355,SUP-00004,EMP-00070,WH-MYS-01,2026-01-09,613056.5,Completed
PO-03356,PR-03356,SUP-00043,EMP-00055,WH-MYS-01,2026-02-14,690781.09,Completed
PO-03357,PR-03357,SUP-00030,EMP-00029,WH-MYS-01,2026-03-17,353135.0,Completed
PO-03358,PR-03358,SUP-00002,EMP-00006,WH-MYS-01,2026-01-06,490583.8,Completed
PO-03359,PR-03359,SUP-00002,EMP-00019,WH-HYD-01,2026-01-22,12510.33,Delayed
PO-03360,PR-03360,SUP-00043,EMP-00073,WH-HYD-01,2026-05-27,82848.7,Completed
PO-03361,PR-03361,SUP-00019,EMP-00061,WH-MYS-01,2026-01-21,494930.92,Completed
PO-03362,PR-03362,SUP-00049,EMP-00087,WH-CHN-01,2026-01-16,403554.48,Completed
PO-03363,PR-03363,SUP-00033,EMP-00016,WH-MYS-01,2026-04-14,65609.76,Completed
PO-03364,PR-03364,SUP-00024,EMP-00015,WH-HYD-01,2026-04-28,302712.5,Completed
PO-03365,PR-03365,SUP-00037,EMP-00062,WH-HYD-01,2026-04-29,84752.4,Completed
PO-03366,PR-03366,SUP-00020,EMP-00054,WH-CHN-01,2026-05-24,448017.92,Delayed
PO-03367,PR-03367,SUP-00020,EMP-00029,WH-MYS-01,2026-05-14,24108.8,Completed
PO-03368,PR-03368,SUP-00044,EMP-00078,WH-BLR-01,2026-04-23,69312.8,Completed
PO-03369,PR-03369,SUP-00009,EMP-00095,WH-CHN-01,2026-04-23,294621.36,Completed
PO-03370,PR-03370,SUP-00050,EMP-00076,WH-HYD-01,2026-02-06,207375.36,Completed
PO-03371,PR-03371,SUP-00031,EMP-00033,WH-MYS-01,2026-01-21,133573.2,Delayed
PO-03372,PR-03372,SUP-00002,EMP-00052,WH-BLR-01,2026-02-15,209308.44,Delayed
PO-03373,PR-03373,SUP-00002,EMP-00022,WH-HYD-01,2026-06-05,83783.82,Delayed
PO-03374,PR-03374,SUP-00045,EMP-00060,WH-BLR-01,2026-02-27,286637.5,Completed
PO-03375,PR-03375,SUP-00020,EMP-00030,WH-MYS-01,2026-05-02,514201.95,Completed
PO-03376,PR-03376,SUP-00022,EMP-00010,WH-CHN-01,2026-03-30,40025.8,Completed
PO-03377,PR-03377,SUP-00030,EMP-00076,WH-BLR-01,2026-04-12,247686.48,Cancelled
PO-03378,PR-03378,SUP-00006,EMP-00020,WH-CHN-01,2026-03-24,645505.0,Completed
PO-03379,PR-03379,SUP-00007,EMP-00018,WH-MYS-01,2026-03-30,20012.9,Cancelled
PO-03380,PR-03380,SUP-00011,EMP-00087,WH-BLR-01,2026-04-05,55167.35,Completed
PO-03381,PR-03381,SUP-00036,EMP-00037,WH-BLR-01,2026-03-25,145302.0,Delayed
PO-03382,PR-03382,SUP-00018,EMP-00098,WH-CHN-01,2026-03-02,172446.48,Completed
PO-03383,PR-03383,SUP-00041,EMP-00055,WH-BLR-01,2026-05-27,272270.75,Completed
PO-03384,PR-03384,SUP-00008,EMP-00083,WH-HYD-01,2026-02-09,675415.38,Delayed
PO-03385,PR-03385,SUP-00019,EMP-00012,WH-BLR-01,2026-01-12,415140.48,Completed
PO-03386,PR-03386,SUP-00015,EMP-00092,WH-MYS-01,2026-04-16,33149.6,Completed
PO-03387,PR-03387,SUP-00020,EMP-00056,WH-MYS-01,2026-04-20,508514.4,Completed
PO-03388,PR-03388,SUP-00050,EMP-00090,WH-MYS-01,2026-01-12,81740.97,Delayed
PO-03389,PR-03389,SUP-00016,EMP-00001,WH-MYS-01,2026-04-15,90963.02,Completed
PO-03390,PR-03390,SUP-00048,EMP-00067,WH-BLR-01,2026-05-04,413123.2,Delayed
PO-03391,PR-03391,SUP-00050,EMP-00010,WH-CHN-01,2026-03-25,295243.92,Completed
PO-03392,PR-03392,SUP-00032,EMP-00013,WH-HYD-01,2026-03-11,208757.28,Completed
PO-03393,PR-03393,SUP-00049,EMP-00092,WH-CHN-01,2026-04-13,57076.2,Completed
PO-03394,PR-03394,SUP-00011,EMP-00094,WH-HYD-01,2026-05-28,383900.56,Completed
PO-03395,PR-03395,SUP-00007,EMP-00062,WH-HYD-01,2026-05-20,7301.4,Delayed
PO-03396,PR-03396,SUP-00026,EMP-00037,WH-CHN-01,2026-05-24,24549.56,Completed
PO-03397,PR-03397,SUP-00050,EMP-00079,WH-CHN-01,2026-03-21,390540.19,Delayed
PO-03398,PR-03398,SUP-00010,EMP-00026,WH-CHN-01,2026-04-08,232961.47,Completed
PO-03399,PR-03399,SUP-00030,EMP-00085,WH-HYD-01,2026-05-27,171939.04,Cancelled
PO-03400,PR-03400,SUP-00004,EMP-00051,WH-HYD-01,2026-05-21,136157.28,Delayed
PO-03401,PR-03401,SUP-00039,EMP-00097,WH-BLR-01,2026-01-12,293726.1,Completed
PO-03402,PR-03402,SUP-00032,EMP-00070,WH-BLR-01,2026-01-18,196126.42,Completed
PO-03403,PR-03403,SUP-00033,EMP-00074,WH-HYD-01,2026-05-02,339260.96,Completed
PO-03404,PR-03404,SUP-00010,EMP-00024,WH-HYD-01,2026-01-04,71808.3,Completed
PO-03405,PR-03405,SUP-00027,EMP-00027,WH-HYD-01,2026-02-02,635643.0,Completed
PO-03406,PR-03406,SUP-00029,EMP-00092,WH-BLR-01,2026-03-31,121775.08,Completed
PO-03407,PR-03407,SUP-00015,EMP-00014,WH-MYS-01,2026-02-13,292193.0,Completed
PO-03408,PR-03408,SUP-00034,EMP-00064,WH-BLR-01,2026-05-11,656306.59,Delayed
PO-03409,PR-03409,SUP-00014,EMP-00065,WH-MYS-01,2026-02-08,48976.84,Completed
PO-03410,PR-03410,SUP-00020,EMP-00054,WH-HYD-01,2026-05-02,244771.75,Delayed
PO-03411,PR-03411,SUP-00041,EMP-00085,WH-HYD-01,2026-01-31,119680.5,Completed
PO-03412,PR-03412,SUP-00010,EMP-00021,WH-BLR-01,2026-04-05,317700.32,Completed
PO-03413,PR-03413,SUP-00047,EMP-00041,WH-HYD-01,2026-01-24,153162.32,Completed
PO-03414,PR-03414,SUP-00036,EMP-00041,WH-BLR-01,2026-04-13,428553.45,Completed
PO-03415,PR-03415,SUP-00009,EMP-00065,WH-MYS-01,2026-04-21,264353.49,Completed
PO-03416,PR-03416,SUP-00023,EMP-00040,WH-CHN-01,2026-04-26,285584.07,Completed
PO-03417,PR-03417,SUP-00002,EMP-00033,WH-CHN-01,2026-04-09,38910.69,Completed
PO-03418,PR-03418,SUP-00022,EMP-00023,WH-MYS-01,2026-01-13,471589.44,Completed
PO-03419,PR-03419,SUP-00011,EMP-00044,WH-CHN-01,2026-01-11,30326.25,Completed
PO-03420,PR-03420,SUP-00044,EMP-00059,WH-CHN-01,2026-03-15,18393.35,Completed
PO-03421,PR-03421,SUP-00002,EMP-00065,WH-MYS-01,2026-01-19,297095.46,Completed
PO-03422,PR-03422,SUP-00015,EMP-00096,WH-MYS-01,2026-02-07,21586.46,Delayed
PO-03423,PR-03423,SUP-00026,EMP-00098,WH-BLR-01,2026-03-23,259462.8,Completed
PO-03424,PR-03424,SUP-00001,EMP-00073,WH-CHN-01,2026-03-20,182267.67,Delayed
PO-03425,PR-03425,SUP-00036,EMP-00079,WH-MYS-01,2026-04-02,257936.76,Completed
PO-03426,PR-03426,SUP-00023,EMP-00077,WH-CHN-01,2026-02-01,200129.0,Completed
PO-03427,PR-03427,SUP-00034,EMP-00096,WH-BLR-01,2026-05-01,644025.76,Completed
PO-03428,PR-03428,SUP-00015,EMP-00064,WH-HYD-01,2026-03-20,217390.94,Completed
PO-03429,PR-03429,SUP-00050,EMP-00069,WH-MYS-01,2026-03-07,38919.42,Completed
PO-03430,PR-03430,SUP-00039,EMP-00078,WH-CHN-01,2026-06-04,64251.81,Completed
PO-03431,PR-03431,SUP-00036,EMP-00059,WH-HYD-01,2026-02-11,504213.45,Completed
PO-03432,PR-03432,SUP-00016,EMP-00025,WH-MYS-01,2026-01-21,3169.44,Delayed
PO-03433,PR-03433,SUP-00038,EMP-00097,WH-MYS-01,2026-02-05,70102.95,Delayed
PO-03434,PR-03434,SUP-00040,EMP-00095,WH-HYD-01,2026-02-12,352366.17,Delayed
PO-03435,PR-03435,SUP-00007,EMP-00044,WH-MYS-01,2026-04-28,285006.0,Completed
PO-03436,PR-03436,SUP-00012,EMP-00047,WH-BLR-01,2026-05-29,365325.24,Completed
PO-03437,PR-03437,SUP-00039,EMP-00046,WH-MYS-01,2026-04-08,34189.4,Completed
PO-03438,PR-03438,SUP-00007,EMP-00026,WH-BLR-01,2026-01-15,144092.88,Completed
PO-03439,PR-03439,SUP-00020,EMP-00009,WH-CHN-01,2026-02-27,142011.1,Completed
PO-03440,PR-03440,SUP-00033,EMP-00001,WH-MYS-01,2026-05-01,143616.6,Completed
PO-03441,PR-03441,SUP-00002,EMP-00076,WH-MYS-01,2026-03-16,327126.7,Completed
PO-03442,PR-03442,SUP-00018,EMP-00096,WH-MYS-01,2026-03-05,67516.0,Delayed
PO-03443,PR-03443,SUP-00048,EMP-00024,WH-CHN-01,2026-04-26,106252.0,Completed
PO-03444,PR-03444,SUP-00050,EMP-00040,WH-MYS-01,2026-01-17,1564.33,Completed
PO-03445,PR-03445,SUP-00002,EMP-00070,WH-BLR-01,2026-04-07,83090.28,Completed
PO-03446,PR-03446,SUP-00002,EMP-00083,WH-BLR-01,2026-04-24,110111.4,Completed
PO-03447,PR-03447,SUP-00004,EMP-00002,WH-CHN-01,2026-03-16,78514.2,Completed
PO-03448,PR-03448,SUP-00031,EMP-00096,WH-HYD-01,2026-03-08,465185.76,Completed
PO-03449,PR-03449,SUP-00017,EMP-00082,WH-BLR-01,2026-05-07,27122.66,Completed
PO-03450,PR-03450,SUP-00019,EMP-00016,WH-CHN-01,2026-03-11,14412.66,Completed
PO-03451,PR-03451,SUP-00002,EMP-00088,WH-HYD-01,2026-03-07,278798.24,Completed
PO-03452,PR-03452,SUP-00019,EMP-00021,WH-BLR-01,2026-01-30,234980.88,Completed
PO-03453,PR-03453,SUP-00005,EMP-00049,WH-HYD-01,2026-06-06,269962.32,Completed
PO-03454,PR-03454,SUP-00039,EMP-00043,WH-BLR-01,2026-04-23,297407.02,Completed
PO-03455,PR-03455,SUP-00026,EMP-00010,WH-BLR-01,2026-02-19,417967.14,Completed
PO-03456,PR-03456,SUP-00003,EMP-00089,WH-CHN-01,2026-05-13,101752.64,Completed
PO-03457,PR-03457,SUP-00001,EMP-00001,WH-BLR-01,2026-02-02,13676.95,Completed
PO-03458,PR-03458,SUP-00008,EMP-00019,WH-CHN-01,2026-04-10,72202.13,Completed
PO-03459,PR-03459,SUP-00044,EMP-00057,WH-HYD-01,2026-03-16,365618.88,Completed
PO-03460,PR-03460,SUP-00018,EMP-00017,WH-MYS-01,2026-04-12,150123.96,Completed
PO-03461,PR-03461,SUP-00034,EMP-00080,WH-BLR-01,2026-02-26,38844.3,Completed
PO-03462,PR-03462,SUP-00027,EMP-00080,WH-CHN-01,2026-03-20,263297.1,Completed
PO-03463,PR-03463,SUP-00010,EMP-00003,WH-HYD-01,2026-05-22,402167.34,Completed
PO-03464,PR-03464,SUP-00040,EMP-00047,WH-CHN-01,2026-04-21,6452.4,Completed
PO-03465,PR-03465,SUP-00003,EMP-00038,WH-MYS-01,2026-01-16,13085.7,Completed
PO-03466,PR-03466,SUP-00036,EMP-00070,WH-BLR-01,2026-05-09,345015.72,Completed
PO-03467,PR-03467,SUP-00031,EMP-00077,WH-MYS-01,2026-04-04,61008.87,Completed
PO-03468,PR-03468,SUP-00004,EMP-00085,WH-HYD-01,2026-05-11,51720.84,Completed
PO-03469,PR-03469,SUP-00023,EMP-00019,WH-MYS-01,2026-01-15,457999.5,Completed
PO-03470,PR-03470,SUP-00013,EMP-00005,WH-BLR-01,2026-05-15,123804.33,Completed
PO-03471,PR-03471,SUP-00019,EMP-00055,WH-CHN-01,2026-05-02,41281.08,Delayed
PO-03472,PR-03472,SUP-00008,EMP-00081,WH-HYD-01,2026-04-08,292868.75,Completed
PO-03473,PR-03473,SUP-00004,EMP-00042,WH-HYD-01,2026-06-09,418116.0,Completed
PO-03474,PR-03474,SUP-00027,EMP-00037,WH-CHN-01,2026-02-12,185764.86,Completed
PO-03475,PR-03475,SUP-00039,EMP-00088,WH-BLR-01,2026-04-06,247961.88,Completed
PO-03476,PR-03476,SUP-00045,EMP-00009,WH-HYD-01,2026-01-07,613230.2,Delayed
PO-03477,PR-03477,SUP-00019,EMP-00019,WH-HYD-01,2026-04-16,75766.13,Completed
PO-03478,PR-03478,SUP-00011,EMP-00037,WH-CHN-01,2026-04-03,375289.47,Completed
PO-03479,PR-03479,SUP-00028,EMP-00061,WH-MYS-01,2026-02-27,265101.67,Delayed
PO-03480,PR-03480,SUP-00026,EMP-00027,WH-MYS-01,2026-05-29,12689.96,Completed
PO-03481,PR-03481,SUP-00003,EMP-00039,WH-CHN-01,2026-01-15,45514.9,Completed
PO-03482,PR-03482,SUP-00045,EMP-00016,WH-BLR-01,2026-04-02,17071.65,Completed
PO-03483,PR-03483,SUP-00010,EMP-00026,WH-BLR-01,2026-03-15,221056.02,Completed
PO-03484,PR-03484,SUP-00034,EMP-00036,WH-HYD-01,2026-03-24,190361.08,Completed
PO-03485,PR-03485,SUP-00026,EMP-00035,WH-CHN-01,2026-03-24,107473.65,Completed
PO-03486,PR-03486,SUP-00018,EMP-00035,WH-HYD-01,2026-03-13,134872.5,Completed
PO-03487,PR-03487,SUP-00004,EMP-00017,WH-HYD-01,2026-02-28,42984.76,Completed
PO-03488,PR-03488,SUP-00009,EMP-00014,WH-HYD-01,2026-01-25,552977.25,Completed
PO-03489,PR-03489,SUP-00050,EMP-00027,WH-BLR-01,2026-05-10,18224.28,Completed
PO-03490,PR-03490,SUP-00041,EMP-00094,WH-HYD-01,2026-02-06,333346.65,Completed
PO-03491,PR-03491,SUP-00029,EMP-00073,WH-MYS-01,2026-01-31,21586.46,Completed
PO-03492,PR-03492,SUP-00009,EMP-00014,WH-HYD-01,2026-01-18,4414.8,Completed
PO-03493,PR-03493,SUP-00032,EMP-00072,WH-CHN-01,2026-01-22,258614.8,Completed
PO-03494,PR-03494,SUP-00019,EMP-00034,WH-MYS-01,2026-02-09,213717.12,Completed
PO-03495,PR-03495,SUP-00047,EMP-00072,WH-BLR-01,2026-01-31,81207.0,Delayed
PO-03496,PR-03496,SUP-00019,EMP-00073,WH-CHN-01,2026-04-20,18127.34,Cancelled
PO-03497,PR-03497,SUP-00008,EMP-00037,WH-MYS-01,2026-02-25,121455.72,Completed
PO-03498,PR-03498,SUP-00009,EMP-00047,WH-HYD-01,2026-03-20,114981.9,Completed
PO-03499,PR-03499,SUP-00038,EMP-00031,WH-MYS-01,2026-02-04,24217.0,Completed
PO-03500,PR-03500,SUP-00015,EMP-00069,WH-BLR-01,2026-02-20,3765.85,Completed
PO-03501,PR-03501,SUP-00045,EMP-00030,WH-BLR-01,2026-03-26,259427.88,Completed
PO-03502,PR-03502,SUP-00028,EMP-00073,WH-CHN-01,2026-02-13,630025.2,Completed
PO-03503,PR-03503,SUP-00042,EMP-00027,WH-BLR-01,2026-04-21,205631.25,Completed
PO-03504,PR-03504,SUP-00024,EMP-00018,WH-CHN-01,2026-04-01,169630.48,Completed
PO-03505,PR-03505,SUP-00026,EMP-00074,WH-CHN-01,2026-04-12,18393.35,Delayed
PO-03506,PR-03506,SUP-00003,EMP-00055,WH-BLR-01,2026-01-25,181646.6,Delayed
PO-03507,PR-03507,SUP-00016,EMP-00076,WH-MYS-01,2026-01-20,698198.5,Completed
PO-03508,PR-03508,SUP-00035,EMP-00080,WH-MYS-01,2026-03-26,539924.64,Completed
PO-03509,PR-03509,SUP-00023,EMP-00012,WH-CHN-01,2026-01-13,642342.62,Completed
PO-03510,PR-03510,SUP-00043,EMP-00080,WH-HYD-01,2026-02-15,165406.15,Completed
PO-03511,PR-03511,SUP-00018,EMP-00094,WH-MYS-01,2026-01-27,3436.4,Completed
PO-03512,PR-03512,SUP-00021,EMP-00027,WH-CHN-01,2026-04-01,265315.43,Completed
PO-03513,PR-03513,SUP-00014,EMP-00023,WH-MYS-01,2026-02-17,175334.25,Delayed
PO-03514,PR-03514,SUP-00018,EMP-00059,WH-CHN-01,2026-03-04,382977.6,Completed
PO-03515,PR-03515,SUP-00042,EMP-00087,WH-MYS-01,2026-03-09,148405.39,Completed
PO-03516,PR-03516,SUP-00050,EMP-00070,WH-CHN-01,2026-05-27,191360.84,Completed
PO-03517,PR-03517,SUP-00035,EMP-00006,WH-HYD-01,2026-03-13,69312.8,Completed
PO-03518,PR-03518,SUP-00020,EMP-00029,WH-CHN-01,2026-03-17,304621.59,Delayed
PO-03519,PR-03519,SUP-00009,EMP-00083,WH-BLR-01,2026-03-21,59938.5,Completed
PO-03520,PR-03520,SUP-00014,EMP-00025,WH-HYD-01,2026-03-24,64229.36,Completed
PO-03521,PR-03521,SUP-00029,EMP-00069,WH-CHN-01,2026-03-17,127997.28,Cancelled
PO-03522,PR-03522,SUP-00007,EMP-00078,WH-HYD-01,2026-04-13,502968.9,Completed
PO-03523,PR-03523,SUP-00039,EMP-00065,WH-BLR-01,2026-04-29,212665.05,Delayed
PO-03524,PR-03524,SUP-00050,EMP-00084,WH-BLR-01,2026-04-24,183937.72,Delayed
PO-03525,PR-03525,SUP-00048,EMP-00030,WH-CHN-01,2026-01-14,85827.91,Completed
PO-03526,PR-03526,SUP-00003,EMP-00026,WH-CHN-01,2026-04-06,366211.86,Completed
PO-03527,PR-03527,SUP-00050,EMP-00022,WH-MYS-01,2026-01-09,256560.8,Completed
PO-03528,PR-03528,SUP-00046,EMP-00064,WH-HYD-01,2026-03-03,266655.48,Completed
PO-03529,PR-03529,SUP-00038,EMP-00092,WH-CHN-01,2026-01-09,269744.86,Delayed
PO-03530,PR-03530,SUP-00032,EMP-00069,WH-HYD-01,2026-06-01,66066.84,Delayed
PO-03531,PR-03531,SUP-00038,EMP-00044,WH-HYD-01,2026-02-21,221993.8,Completed
PO-03532,PR-03532,SUP-00046,EMP-00083,WH-MYS-01,2026-04-27,16819.6,Cancelled
PO-03533,PR-03533,SUP-00018,EMP-00031,WH-HYD-01,2026-05-26,76652.17,Completed
PO-03534,PR-03534,SUP-00009,EMP-00036,WH-MYS-01,2026-05-15,603562.68,Completed
PO-03535,PR-03535,SUP-00019,EMP-00014,WH-MYS-01,2026-04-16,235794.72,Completed
PO-03536,PR-03536,SUP-00050,EMP-00051,WH-CHN-01,2026-01-08,188026.72,Completed
PO-03537,PR-03537,SUP-00039,EMP-00051,WH-HYD-01,2026-03-28,218169.56,Completed
PO-03538,PR-03538,SUP-00029,EMP-00091,WH-BLR-01,2026-02-13,162092.0,Delayed
PO-03539,PR-03539,SUP-00005,EMP-00085,WH-MYS-01,2026-02-27,40089.14,Completed
PO-03540,PR-03540,SUP-00015,EMP-00074,WH-CHN-01,2026-03-13,121803.47,Completed
PO-03541,PR-03541,SUP-00037,EMP-00001,WH-HYD-01,2026-03-07,24584.6,Completed
PO-03542,PR-03542,SUP-00001,EMP-00084,WH-CHN-01,2026-04-29,374918.88,Delayed
PO-03543,PR-03543,SUP-00023,EMP-00086,WH-CHN-01,2026-03-03,191746.8,Completed
PO-03544,PR-03544,SUP-00010,EMP-00037,WH-HYD-01,2026-02-18,168575.68,Completed
PO-03545,PR-03545,SUP-00037,EMP-00060,WH-CHN-01,2026-01-22,101519.68,Completed
PO-03546,PR-03546,SUP-00011,EMP-00069,WH-HYD-01,2026-04-11,38543.84,Delayed
PO-03547,PR-03547,SUP-00020,EMP-00060,WH-HYD-01,2026-02-09,92808.0,Completed
PO-03548,PR-03548,SUP-00031,EMP-00024,WH-BLR-01,2026-01-13,14262.48,Completed
PO-03549,PR-03549,SUP-00025,EMP-00031,WH-HYD-01,2026-03-11,199222.5,Completed
PO-03550,PR-03550,SUP-00038,EMP-00018,WH-MYS-01,2026-04-26,301781.34,Delayed
PO-03551,PR-03551,SUP-00008,EMP-00099,WH-HYD-01,2026-02-24,471589.44,Completed
PO-03552,PR-03552,SUP-00021,EMP-00032,WH-HYD-01,2026-01-14,5603.4,Completed
PO-03553,PR-03553,SUP-00044,EMP-00007,WH-MYS-01,2026-03-13,632861.96,Completed
PO-03554,PR-03554,SUP-00039,EMP-00053,WH-BLR-01,2026-04-13,234851.94,Completed
PO-03555,PR-03555,SUP-00039,EMP-00078,WH-BLR-01,2026-01-07,501739.2,Completed
PO-03556,PR-03556,SUP-00030,EMP-00048,WH-CHN-01,2026-03-19,348572.7,Completed
PO-03557,PR-03557,SUP-00041,EMP-00034,WH-CHN-01,2026-03-25,139471.29,Completed
PO-03558,PR-03558,SUP-00022,EMP-00064,WH-CHN-01,2026-03-18,288253.2,Completed
PO-03559,PR-03559,SUP-00014,EMP-00073,WH-CHN-01,2026-01-30,13503.2,Completed
PO-03560,PR-03560,SUP-00020,EMP-00011,WH-BLR-01,2026-06-12,376304.4,Delayed
PO-03561,PR-03561,SUP-00007,EMP-00092,WH-BLR-01,2026-04-09,156100.62,Completed
PO-03562,PR-03562,SUP-00002,EMP-00062,WH-MYS-01,2026-05-22,106605.07,Completed
PO-03563,PR-03563,SUP-00049,EMP-00002,WH-HYD-01,2026-01-12,267908.8,Completed
PO-03564,PR-03564,SUP-00008,EMP-00029,WH-CHN-01,2026-01-10,101138.88,Completed
PO-03565,PR-03565,SUP-00035,EMP-00002,WH-BLR-01,2026-02-16,56242.15,Completed
PO-03566,PR-03566,SUP-00047,EMP-00094,WH-MYS-01,2026-05-22,106612.2,Completed
PO-03567,PR-03567,SUP-00001,EMP-00049,WH-HYD-01,2026-02-28,272469.9,Completed
PO-03568,PR-03568,SUP-00045,EMP-00001,WH-HYD-01,2026-02-16,2458.46,Completed
PO-03569,PR-03569,SUP-00001,EMP-00034,WH-CHN-01,2026-03-27,287219.35,Completed
PO-03570,PR-03570,SUP-00010,EMP-00075,WH-CHN-01,2026-03-11,436111.65,Delayed
PO-03571,PR-03571,SUP-00001,EMP-00021,WH-MYS-01,2026-04-20,62334.16,Completed
PO-03572,PR-03572,SUP-00014,EMP-00067,WH-HYD-01,2026-04-05,104529.0,Completed
PO-03573,PR-03573,SUP-00017,EMP-00091,WH-HYD-01,2026-02-26,22072.02,Completed
PO-03574,PR-03574,SUP-00016,EMP-00075,WH-BLR-01,2026-02-23,63285.6,Completed
PO-03575,PR-03575,SUP-00003,EMP-00097,WH-CHN-01,2026-06-10,108560.76,Cancelled
PO-03576,PR-03576,SUP-00012,EMP-00097,WH-MYS-01,2026-03-29,206634.9,Completed
PO-03577,PR-03577,SUP-00042,EMP-00018,WH-BLR-01,2026-03-02,23464.95,Completed
PO-03578,PR-03578,SUP-00012,EMP-00098,WH-HYD-01,2026-05-24,312477.2,Completed
PO-03579,PR-03579,SUP-00038,EMP-00028,WH-MYS-01,2026-04-15,21042.48,Completed
PO-03580,PR-03580,SUP-00026,EMP-00067,WH-BLR-01,2026-02-04,255869.28,Delayed
PO-03581,PR-03581,SUP-00042,EMP-00078,WH-MYS-01,2026-06-05,64759.38,Completed
PO-03582,PR-03582,SUP-00028,EMP-00083,WH-BLR-01,2026-03-24,39844.5,Completed
PO-03583,PR-03583,SUP-00014,EMP-00076,WH-BLR-01,2026-03-30,15418.9,Completed
PO-03584,PR-03584,SUP-00025,EMP-00083,WH-BLR-01,2026-02-20,376221.06,Completed
PO-03585,PR-03585,SUP-00032,EMP-00020,WH-HYD-01,2026-01-22,271226.6,Completed
PO-03586,PR-03586,SUP-00039,EMP-00013,WH-HYD-01,2026-04-06,58858.72,Completed
PO-03587,PR-03587,SUP-00027,EMP-00017,WH-BLR-01,2026-04-10,85978.92,Completed
PO-03588,PR-03588,SUP-00008,EMP-00100,WH-CHN-01,2026-02-22,269744.86,Completed
PO-03589,PR-03589,SUP-00039,EMP-00080,WH-BLR-01,2026-03-31,25857.1,Completed
PO-03590,PR-03590,SUP-00036,EMP-00089,WH-MYS-01,2026-04-21,25946.28,Completed
PO-03591,PR-03591,SUP-00037,EMP-00006,WH-CHN-01,2026-02-14,172659.5,Completed
PO-03592,PR-03592,SUP-00032,EMP-00087,WH-CHN-01,2026-05-12,414750.72,Completed
PO-03593,PR-03593,SUP-00004,EMP-00099,WH-MYS-01,2026-03-02,78810.5,Completed
PO-03594,PR-03594,SUP-00039,EMP-00066,WH-BLR-01,2026-01-11,235302.98,Delayed
PO-03595,PR-03595,SUP-00009,EMP-00044,WH-HYD-01,2026-01-02,416728.91,Delayed
PO-03596,PR-03596,SUP-00041,EMP-00040,WH-MYS-01,2026-05-18,16010.32,Completed
PO-03597,PR-03597,SUP-00044,EMP-00075,WH-CHN-01,2026-02-20,55508.04,Completed
PO-03598,PR-03598,SUP-00037,EMP-00075,WH-BLR-01,2026-02-04,71649.1,Completed
PO-03599,PR-03599,SUP-00013,EMP-00021,WH-BLR-01,2026-03-20,431662.0,Cancelled
PO-03600,PR-03600,SUP-00025,EMP-00030,WH-BLR-01,2026-02-11,36375.39,Completed
PO-03601,PR-03601,SUP-00005,EMP-00067,WH-HYD-01,2026-02-18,129673.6,Delayed
PO-03602,PR-03602,SUP-00046,EMP-00001,WH-BLR-01,2026-04-30,152098.04,Completed
PO-03603,PR-03603,SUP-00035,EMP-00082,WH-HYD-01,2026-05-15,172659.5,Cancelled
PO-03604,PR-03604,SUP-00040,EMP-00005,WH-MYS-01,2026-02-25,330522.42,Completed
PO-03605,PR-03605,SUP-00022,EMP-00012,WH-CHN-01,2026-03-09,294621.36,Completed
PO-03606,PR-03606,SUP-00034,EMP-00084,WH-BLR-01,2026-04-01,100308.74,Completed
PO-03607,PR-03607,SUP-00022,EMP-00035,WH-MYS-01,2026-04-21,84752.4,Cancelled
PO-03608,PR-03608,SUP-00030,EMP-00047,WH-CHN-01,2026-05-26,127997.28,Completed
PO-03609,PR-03609,SUP-00008,EMP-00100,WH-BLR-01,2026-01-26,16744.3,Completed
PO-03610,PR-03610,SUP-00037,EMP-00017,WH-HYD-01,2026-03-14,114638.56,Completed
PO-03611,PR-03611,SUP-00010,EMP-00047,WH-BLR-01,2026-03-22,405096.0,Delayed
PO-03612,PR-03612,SUP-00009,EMP-00092,WH-BLR-01,2026-04-06,11035.04,Completed
PO-03613,PR-03613,SUP-00050,EMP-00038,WH-MYS-01,2026-04-19,275220.66,Completed
PO-03614,PR-03614,SUP-00032,EMP-00086,WH-CHN-01,2026-04-26,202642.44,Delayed
PO-03615,PR-03615,SUP-00044,EMP-00012,WH-MYS-01,2026-05-21,212665.05,Completed
PO-03616,PR-03616,SUP-00016,EMP-00040,WH-BLR-01,2026-04-08,308799.22,Delayed
PO-03617,PR-03617,SUP-00026,EMP-00068,WH-HYD-01,2026-02-02,195118.7,Completed
PO-03618,PR-03618,SUP-00023,EMP-00032,WH-BLR-01,2026-04-24,349129.98,Completed
PO-03619,PR-03619,SUP-00037,EMP-00099,WH-HYD-01,2026-04-27,264967.85,Cancelled
PO-03620,PR-03620,SUP-00040,EMP-00073,WH-MYS-01,2026-06-02,41326.98,Completed
PO-03621,PR-03621,SUP-00023,EMP-00045,WH-MYS-01,2026-01-30,217121.52,Completed
PO-03622,PR-03622,SUP-00002,EMP-00048,WH-HYD-01,2026-05-16,132175.48,Completed
PO-03623,PR-03623,SUP-00024,EMP-00093,WH-MYS-01,2026-02-06,23449.46,Completed
PO-03624,PR-03624,SUP-00013,EMP-00027,WH-CHN-01,2026-04-24,328054.02,Completed
PO-03625,PR-03625,SUP-00048,EMP-00073,WH-HYD-01,2026-04-24,193452.57,Completed
PO-03626,PR-03626,SUP-00023,EMP-00031,WH-CHN-01,2026-01-23,291936.32,Completed
PO-03627,PR-03627,SUP-00007,EMP-00087,WH-MYS-01,2026-03-07,206614.8,Completed
PO-03628,PR-03628,SUP-00027,EMP-00030,WH-HYD-01,2026-01-17,38157.24,Delayed
PO-03629,PR-03629,SUP-00035,EMP-00019,WH-MYS-01,2026-05-30,36023.22,Completed
PO-03630,PR-03630,SUP-00030,EMP-00012,WH-HYD-01,2026-03-26,264353.49,Completed
PO-03631,PR-03631,SUP-00020,EMP-00043,WH-MYS-01,2026-04-27,7226.97,Completed
PO-03632,PR-03632,SUP-00045,EMP-00002,WH-MYS-01,2026-02-23,196285.5,Completed
PO-03633,PR-03633,SUP-00011,EMP-00047,WH-HYD-01,2026-04-15,21586.46,Delayed
PO-03634,PR-03634,SUP-00037,EMP-00042,WH-CHN-01,2026-03-12,106693.74,Completed
PO-03635,PR-03635,SUP-00023,EMP-00021,WH-MYS-01,2026-01-17,50271.0,Completed
PO-03636,PR-03636,SUP-00019,EMP-00046,WH-HYD-01,2026-05-10,21900.62,Completed
PO-03637,PR-03637,SUP-00045,EMP-00054,WH-HYD-01,2026-06-07,620413.5,Completed
PO-03638,PR-03638,SUP-00036,EMP-00063,WH-BLR-01,2026-04-30,352356.48,Completed
PO-03639,PR-03639,SUP-00050,EMP-00031,WH-HYD-01,2026-04-04,244581.48,Completed
PO-03640,PR-03640,SUP-00032,EMP-00099,WH-MYS-01,2026-03-27,147370.68,Completed
PO-03641,PR-03641,SUP-00031,EMP-00011,WH-BLR-01,2026-04-18,169630.48,Completed
PO-03642,PR-03642,SUP-00024,EMP-00037,WH-BLR-01,2026-04-29,209515.02,Completed
PO-03643,PR-03643,SUP-00021,EMP-00032,WH-HYD-01,2026-05-15,70002.8,Completed
PO-03644,PR-03644,SUP-00003,EMP-00083,WH-CHN-01,2026-03-20,28304.5,Completed
PO-03645,PR-03645,SUP-00040,EMP-00046,WH-HYD-01,2026-03-18,594131.37,Completed
PO-03646,PR-03646,SUP-00010,EMP-00085,WH-HYD-01,2026-05-31,44470.5,Completed
PO-03647,PR-03647,SUP-00047,EMP-00058,WH-HYD-01,2026-06-04,32966.6,Completed
PO-03648,PR-03648,SUP-00002,EMP-00085,WH-BLR-01,2026-02-28,380707.59,Completed
PO-03649,PR-03649,SUP-00033,EMP-00008,WH-HYD-01,2026-04-01,3013.6,Delayed
PO-03650,PR-03650,SUP-00050,EMP-00024,WH-HYD-01,2026-01-17,78484.0,Completed
PO-03651,PR-03651,SUP-00017,EMP-00050,WH-HYD-01,2026-05-01,78484.0,Completed
PO-03652,PR-03652,SUP-00032,EMP-00081,WH-MYS-01,2026-03-09,539490.0,Cancelled
PO-03653,PR-03653,SUP-00042,EMP-00019,WH-HYD-01,2026-02-02,80351.28,Completed
PO-03654,PR-03654,SUP-00015,EMP-00075,WH-CHN-01,2026-05-03,46256.7,Completed
PO-03655,PR-03655,SUP-00035,EMP-00011,WH-HYD-01,2026-03-27,333590.64,Completed
PO-03656,PR-03656,SUP-00016,EMP-00070,WH-HYD-01,2026-02-11,258251.36,Completed
PO-03657,PR-03657,SUP-00033,EMP-00022,WH-CHN-01,2026-05-11,183282.33,Completed
PO-03658,PR-03658,SUP-00044,EMP-00055,WH-MYS-01,2026-04-29,320243.21,Completed
PO-03659,PR-03659,SUP-00043,EMP-00036,WH-HYD-01,2026-04-23,28966.98,Delayed
PO-03660,PR-03660,SUP-00032,EMP-00034,WH-CHN-01,2026-04-27,11724.73,Completed
PO-03661,PR-03661,SUP-00042,EMP-00019,WH-MYS-01,2026-02-07,149107.03,Delayed
PO-03662,PR-03662,SUP-00046,EMP-00095,WH-BLR-01,2026-03-24,499028.25,Completed
PO-03663,PR-03663,SUP-00016,EMP-00043,WH-BLR-01,2026-05-16,113089.16,Delayed
PO-03664,PR-03664,SUP-00022,EMP-00076,WH-CHN-01,2026-02-07,94929.31,Completed
PO-03665,PR-03665,SUP-00026,EMP-00022,WH-CHN-01,2026-04-03,417967.14,Completed
PO-03666,PR-03666,SUP-00016,EMP-00015,WH-MYS-01,2026-05-02,256926.6,Completed
PO-03667,PR-03667,SUP-00047,EMP-00082,WH-HYD-01,2026-05-19,141853.88,Completed
PO-03668,PR-03668,SUP-00020,EMP-00071,WH-MYS-01,2026-06-13,83328.02,Completed
PO-03669,PR-03669,SUP-00018,EMP-00021,WH-CHN-01,2026-04-03,593783.52,Delayed
PO-03670,PR-03670,SUP-00018,EMP-00100,WH-HYD-01,2026-01-14,84314.65,Completed
PO-03671,PR-03671,SUP-00037,EMP-00009,WH-BLR-01,2026-01-24,641199.3,Completed
PO-03672,PR-03672,SUP-00024,EMP-00078,WH-HYD-01,2026-01-23,270064.0,Completed
PO-03673,PR-03673,SUP-00018,EMP-00030,WH-CHN-01,2026-03-15,179494.35,Completed
PO-03674,PR-03674,SUP-00020,EMP-00070,WH-BLR-01,2026-04-25,516502.72,Delayed
PO-03675,PR-03675,SUP-00028,EMP-00068,WH-MYS-01,2026-01-18,254305.24,Delayed
PO-03676,PR-03676,SUP-00005,EMP-00063,WH-CHN-01,2026-04-15,391428.14,Completed
PO-03677,PR-03677,SUP-00003,EMP-00078,WH-BLR-01,2026-03-15,75340.0,Completed
PO-03678,PR-03678,SUP-00043,EMP-00042,WH-MYS-01,2026-01-24,117093.11,Completed
PO-03679,PR-03679,SUP-00035,EMP-00075,WH-MYS-01,2026-03-27,334492.8,Delayed
PO-03680,PR-03680,SUP-00009,EMP-00080,WH-HYD-01,2026-03-31,71483.3,Completed
PO-03681,PR-03681,SUP-00034,EMP-00043,WH-BLR-01,2026-04-11,205608.27,Completed
PO-03682,PR-03682,SUP-00027,EMP-00018,WH-HYD-01,2026-02-14,383900.56,Delayed
PO-03683,PR-03683,SUP-00044,EMP-00052,WH-MYS-01,2026-01-25,5737.44,Completed
PO-03684,PR-03684,SUP-00045,EMP-00007,WH-MYS-01,2026-02-01,486486.35,Completed
PO-03685,PR-03685,SUP-00026,EMP-00060,WH-HYD-01,2026-04-28,453633.6,Delayed
PO-03686,PR-03686,SUP-00003,EMP-00009,WH-BLR-01,2026-05-16,95680.42,Completed
PO-03687,PR-03687,SUP-00022,EMP-00068,WH-BLR-01,2026-03-11,187486.32,Completed
PO-03688,PR-03688,SUP-00045,EMP-00022,WH-BLR-01,2026-01-28,33725.86,Delayed
PO-03689,PR-03689,SUP-00023,EMP-00086,WH-BLR-01,2026-02-26,404852.4,Delayed
PO-03690,PR-03690,SUP-00041,EMP-00037,WH-MYS-01,2026-06-09,243550.16,Completed
PO-03691,PR-03691,SUP-00011,EMP-00081,WH-CHN-01,2026-05-14,1564.33,Completed
PO-03692,PR-03692,SUP-00029,EMP-00004,WH-CHN-01,2026-01-21,134872.5,Completed
PO-03693,PR-03693,SUP-00047,EMP-00083,WH-MYS-01,2026-05-28,478437.38,Completed
PO-03694,PR-03694,SUP-00038,EMP-00003,WH-CHN-01,2026-02-15,161897.97,Completed
PO-03695,PR-03695,SUP-00043,EMP-00043,WH-MYS-01,2026-03-20,18422.04,Completed
PO-03696,PR-03696,SUP-00023,EMP-00023,WH-CHN-01,2026-01-20,499618.4,Completed
PO-03697,PR-03697,SUP-00030,EMP-00070,WH-CHN-01,2026-01-09,16174.0,Completed
PO-03698,PR-03698,SUP-00034,EMP-00060,WH-MYS-01,2026-01-18,466594.56,Completed
PO-03699,PR-03699,SUP-00021,EMP-00057,WH-MYS-01,2026-04-15,12928.55,Completed
PO-03700,PR-03700,SUP-00011,EMP-00071,WH-MYS-01,2026-02-03,397346.17,Delayed
PO-03701,PR-03701,SUP-00015,EMP-00096,WH-BLR-01,2026-03-30,118429.92,Completed
PO-03702,PR-03702,SUP-00046,EMP-00015,WH-MYS-01,2026-05-27,447523.89,Completed
PO-03703,PR-03703,SUP-00015,EMP-00067,WH-BLR-01,2026-02-26,92442.48,Completed
PO-03704,PR-03704,SUP-00019,EMP-00052,WH-HYD-01,2026-01-05,83397.66,Completed
PO-03705,PR-03705,SUP-00035,EMP-00083,WH-MYS-01,2026-03-13,287730.69,Completed
PO-03706,PR-03706,SUP-00001,EMP-00097,WH-BLR-01,2026-01-23,241074.05,Completed
PO-03707,PR-03707,SUP-00041,EMP-00012,WH-BLR-01,2026-06-08,516502.72,Completed
PO-03708,PR-03708,SUP-00037,EMP-00040,WH-CHN-01,2026-03-01,470319.04,Completed
PO-03709,PR-03709,SUP-00039,EMP-00052,WH-HYD-01,2026-01-10,71295.34,Delayed
PO-03710,PR-03710,SUP-00023,EMP-00071,WH-CHN-01,2026-01-22,146096.5,Completed
PO-03711,PR-03711,SUP-00033,EMP-00040,WH-MYS-01,2026-03-22,442112.04,Completed
PO-03712,PR-03712,SUP-00024,EMP-00029,WH-CHN-01,2026-03-07,660875.25,Completed
PO-03713,PR-03713,SUP-00035,EMP-00089,WH-HYD-01,2026-04-30,39108.25,Completed
PO-03714,PR-03714,SUP-00046,EMP-00042,WH-MYS-01,2026-04-09,17193.88,Completed
PO-03715,PR-03715,SUP-00041,EMP-00074,WH-HYD-01,2026-01-24,68928.45,Completed
PO-03716,PR-03716,SUP-00008,EMP-00010,WH-BLR-01,2026-06-03,200265.56,Completed
PO-03717,PR-03717,SUP-00043,EMP-00037,WH-CHN-01,2026-03-24,277992.2,Completed
PO-03718,PR-03718,SUP-00012,EMP-00010,WH-HYD-01,2026-03-03,17855.84,Delayed
PO-03719,PR-03719,SUP-00040,EMP-00058,WH-HYD-01,2026-02-22,220291.92,Delayed
PO-03720,PR-03720,SUP-00010,EMP-00023,WH-CHN-01,2026-05-05,400852.94,Cancelled
PO-03721,PR-03721,SUP-00044,EMP-00097,WH-HYD-01,2026-04-17,176576.16,Completed
PO-03722,PR-03722,SUP-00017,EMP-00002,WH-MYS-01,2026-05-04,92093.65,Completed
PO-03723,PR-03723,SUP-00032,EMP-00025,WH-BLR-01,2026-03-23,680970.15,Completed
PO-03724,PR-03724,SUP-00032,EMP-00026,WH-CHN-01,2026-05-16,230778.45,Completed
PO-03725,PR-03725,SUP-00042,EMP-00093,WH-CHN-01,2026-04-21,278911.5,Completed
PO-03726,PR-03726,SUP-00017,EMP-00060,WH-CHN-01,2026-01-25,432883.07,Completed
PO-03727,PR-03727,SUP-00034,EMP-00031,WH-MYS-01,2026-04-28,14020.59,Delayed
PO-03728,PR-03728,SUP-00047,EMP-00065,WH-MYS-01,2026-05-30,96435.2,Completed
PO-03729,PR-03729,SUP-00034,EMP-00089,WH-CHN-01,2026-04-25,164792.93,Completed
PO-03730,PR-03730,SUP-00012,EMP-00075,WH-MYS-01,2026-02-24,143942.7,Completed
PO-03731,PR-03731,SUP-00007,EMP-00098,WH-MYS-01,2026-03-02,590328.0,Completed
PO-03732,PR-03732,SUP-00003,EMP-00056,WH-CHN-01,2026-03-12,25946.28,Delayed
PO-03733,PR-03733,SUP-00042,EMP-00006,WH-MYS-01,2026-05-28,518438.4,Completed
PO-03734,PR-03734,SUP-00048,EMP-00099,WH-HYD-01,2026-02-23,546748.0,Completed
PO-03735,PR-03735,SUP-00040,EMP-00080,WH-BLR-01,2026-01-26,305508.54,Delayed
PO-03736,PR-03736,SUP-00035,EMP-00036,WH-HYD-01,2026-04-19,53346.87,Completed
PO-03737,PR-03737,SUP-00016,EMP-00030,WH-HYD-01,2026-03-17,9869.16,Completed
PO-03738,PR-03738,SUP-00009,EMP-00029,WH-CHN-01,2026-04-03,209371.2,Cancelled
PO-03739,PR-03739,SUP-00025,EMP-00094,WH-CHN-01,2026-03-21,348889.32,Delayed
PO-03740,PR-03740,SUP-00021,EMP-00085,WH-MYS-01,2026-05-25,568044.4,Completed
PO-03741,PR-03741,SUP-00049,EMP-00008,WH-BLR-01,2026-02-05,33684.96,Delayed
PO-03742,PR-03742,SUP-00014,EMP-00005,WH-MYS-01,2026-03-30,614044.5,Completed
PO-03743,PR-03743,SUP-00003,EMP-00028,WH-BLR-01,2026-05-24,104848.52,Completed
PO-03744,PR-03744,SUP-00029,EMP-00032,WH-BLR-01,2026-03-10,157028.4,Completed
PO-03745,PR-03745,SUP-00006,EMP-00051,WH-MYS-01,2026-05-08,25379.92,Completed
PO-03746,PR-03746,SUP-00013,EMP-00059,WH-HYD-01,2026-03-01,138025.64,Completed
PO-03747,PR-03747,SUP-00047,EMP-00047,WH-BLR-01,2026-01-26,250200.6,Completed
PO-03748,PR-03748,SUP-00042,EMP-00060,WH-BLR-01,2026-02-11,262205.52,Completed
PO-03749,PR-03749,SUP-00024,EMP-00022,WH-HYD-01,2026-01-27,232753.32,Completed
PO-03750,PR-03750,SUP-00021,EMP-00018,WH-HYD-01,2026-05-22,6474.05,Completed
PO-03751,PR-03751,SUP-00036,EMP-00035,WH-BLR-01,2026-04-17,588023.52,Completed
PO-03752,PR-03752,SUP-00049,EMP-00092,WH-MYS-01,2026-04-16,356145.81,Completed
PO-03753,PR-03753,SUP-00025,EMP-00100,WH-MYS-01,2026-01-20,700028.0,Completed
PO-03754,PR-03754,SUP-00009,EMP-00019,WH-MYS-01,2026-03-01,97908.7,Delayed
PO-03755,PR-03755,SUP-00050,EMP-00003,WH-MYS-01,2026-04-15,68043.86,Completed
PO-03756,PR-03756,SUP-00035,EMP-00089,WH-HYD-01,2026-03-02,237154.56,Completed
PO-03757,PR-03757,SUP-00019,EMP-00014,WH-BLR-01,2026-05-21,4725.89,Completed
PO-03758,PR-03758,SUP-00032,EMP-00042,WH-MYS-01,2026-02-07,3358.3,Completed
PO-03759,PR-03759,SUP-00031,EMP-00086,WH-HYD-01,2026-04-01,200112.12,Completed
PO-03760,PR-03760,SUP-00039,EMP-00074,WH-HYD-01,2026-02-05,427987.8,Delayed
PO-03761,PR-03761,SUP-00050,EMP-00055,WH-BLR-01,2026-06-01,240569.12,Completed
PO-03762,PR-03762,SUP-00031,EMP-00069,WH-CHN-01,2026-04-01,362906.88,Delayed
PO-03763,PR-03763,SUP-00027,EMP-00088,WH-CHN-01,2026-01-25,69759.8,Delayed
PO-03764,PR-03764,SUP-00043,EMP-00084,WH-CHN-01,2026-03-20,126853.6,Completed
PO-03765,PR-03765,SUP-00003,EMP-00022,WH-MYS-01,2026-03-06,330522.42,Completed
PO-03766,PR-03766,SUP-00033,EMP-00052,WH-CHN-01,2026-01-31,188121.26,Completed
PO-03767,PR-03767,SUP-00050,EMP-00036,WH-MYS-01,2026-05-02,1015.3,Completed
PO-03768,PR-03768,SUP-00020,EMP-00026,WH-CHN-01,2026-04-08,113522.97,Completed
PO-03769,PR-03769,SUP-00010,EMP-00072,WH-BLR-01,2026-04-06,278741.0,Completed
PO-03770,PR-03770,SUP-00004,EMP-00049,WH-HYD-01,2026-02-14,429831.15,Completed
PO-03771,PR-03771,SUP-00036,EMP-00074,WH-BLR-01,2026-02-06,255481.25,Completed
PO-03772,PR-03772,SUP-00004,EMP-00046,WH-MYS-01,2026-05-29,583791.3,Completed
PO-03773,PR-03773,SUP-00048,EMP-00040,WH-MYS-01,2026-05-06,39405.25,Completed
PO-03774,PR-03774,SUP-00037,EMP-00049,WH-MYS-01,2026-02-04,210008.4,Completed
PO-03775,PR-03775,SUP-00050,EMP-00055,WH-HYD-01,2026-01-17,7734.0,Delayed
PO-03776,PR-03776,SUP-00032,EMP-00041,WH-MYS-01,2026-02-10,427247.17,Completed
PO-03777,PR-03777,SUP-00036,EMP-00082,WH-BLR-01,2026-04-14,85614.3,Completed
PO-03778,PR-03778,SUP-00008,EMP-00055,WH-MYS-01,2026-01-04,245627.2,Delayed
PO-03779,PR-03779,SUP-00032,EMP-00048,WH-MYS-01,2026-04-01,142219.2,Completed
PO-03780,PR-03780,SUP-00024,EMP-00015,WH-BLR-01,2026-03-30,114038.77,Delayed
PO-03781,PR-03781,SUP-00024,EMP-00063,WH-MYS-01,2026-04-02,88829.72,Delayed
PO-03782,PR-03782,SUP-00044,EMP-00019,WH-MYS-01,2026-03-21,40461.75,Completed
PO-03783,PR-03783,SUP-00044,EMP-00013,WH-CHN-01,2026-05-29,24562.72,Completed
PO-03784,PR-03784,SUP-00010,EMP-00070,WH-HYD-01,2026-04-17,314272.53,Completed
PO-03785,PR-03785,SUP-00029,EMP-00018,WH-CHN-01,2026-03-24,73594.08,Completed
PO-03786,PR-03786,SUP-00034,EMP-00018,WH-CHN-01,2026-05-22,44993.72,Completed
PO-03787,PR-03787,SUP-00006,EMP-00094,WH-CHN-01,2026-04-09,183576.6,Cancelled
PO-03788,PR-03788,SUP-00019,EMP-00001,WH-MYS-01,2026-06-03,319578.0,Completed
PO-03789,PR-03789,SUP-00005,EMP-00093,WH-MYS-01,2026-04-10,209055.75,Completed
PO-03790,PR-03790,SUP-00048,EMP-00069,WH-HYD-01,2026-03-08,222112.21,Completed
PO-03791,PR-03791,SUP-00013,EMP-00013,WH-MYS-01,2026-03-08,402375.12,Completed
PO-03792,PR-03792,SUP-00020,EMP-00033,WH-MYS-01,2026-02-13,14458.49,Completed
PO-03793,PR-03793,SUP-00011,EMP-00075,WH-BLR-01,2026-04-30,38785.65,Completed
PO-03794,PR-03794,SUP-00002,EMP-00065,WH-CHN-01,2026-04-15,94929.31,Delayed
PO-03795,PR-03795,SUP-00028,EMP-00083,WH-HYD-01,2026-01-31,16819.6,Delayed
PO-03796,PR-03796,SUP-00033,EMP-00067,WH-HYD-01,2026-01-20,7471.2,Completed
PO-03797,PR-03797,SUP-00016,EMP-00035,WH-HYD-01,2026-04-16,33149.6,Completed
PO-03798,PR-03798,SUP-00002,EMP-00030,WH-BLR-01,2026-01-28,199400.0,Delayed
PO-03799,PR-03799,SUP-00010,EMP-00058,WH-MYS-01,2026-06-16,13282.98,Completed
PO-03800,PR-03800,SUP-00025,EMP-00077,WH-BLR-01,2026-03-26,450380.02,Delayed
PO-03801,PR-03801,SUP-00047,EMP-00036,WH-CHN-01,2026-04-01,413713.6,Delayed
PO-03802,PR-03802,SUP-00012,EMP-00076,WH-CHN-01,2026-05-03,18195.75,Cancelled
PO-03803,PR-03803,SUP-00006,EMP-00002,WH-BLR-01,2026-03-08,81926.82,Delayed
PO-03804,PR-03804,SUP-00044,EMP-00026,WH-BLR-01,2026-05-21,33100.41,Completed
PO-03805,PR-03805,SUP-00002,EMP-00035,WH-CHN-01,2026-05-01,63211.8,Completed
PO-03806,PR-03806,SUP-00018,EMP-00007,WH-MYS-01,2026-05-14,14366.9,Completed
PO-03807,PR-03807,SUP-00006,EMP-00014,WH-BLR-01,2026-04-23,31358.7,Completed
PO-03808,PR-03808,SUP-00019,EMP-00064,WH-CHN-01,2026-03-18,188821.5,Completed
PO-03809,PR-03809,SUP-00009,EMP-00076,WH-HYD-01,2026-05-17,560451.06,Completed
PO-03810,PR-03810,SUP-00044,EMP-00082,WH-CHN-01,2026-04-16,333557.0,Completed
PO-03811,PR-03811,SUP-00029,EMP-00073,WH-BLR-01,2026-05-23,158420.09,Delayed
PO-03812,PR-03812,SUP-00006,EMP-00052,WH-MYS-01,2026-04-13,137087.5,Cancelled
PO-03813,PR-03813,SUP-00043,EMP-00019,WH-CHN-01,2026-04-10,197145.74,Delayed
PO-03814,PR-03814,SUP-00010,EMP-00065,WH-MYS-01,2026-02-15,268382.6,Completed
PO-03815,PR-03815,SUP-00045,EMP-00065,WH-BLR-01,2026-05-01,313587.0,Completed
PO-03816,PR-03816,SUP-00035,EMP-00027,WH-HYD-01,2026-05-20,258909.68,Cancelled
PO-03817,PR-03817,SUP-00028,EMP-00082,WH-CHN-01,2026-02-01,228336.48,Completed
PO-03818,PR-03818,SUP-00020,EMP-00040,WH-CHN-01,2026-01-27,234.3,Delayed
PO-03819,PR-03819,SUP-00047,EMP-00070,WH-CHN-01,2026-05-19,132432.12,Completed
PO-03820,PR-03820,SUP-00026,EMP-00097,WH-HYD-01,2026-01-31,18693.75,Completed
PO-03821,PR-03821,SUP-00009,EMP-00090,WH-CHN-01,2026-04-16,55589.4,Delayed
PO-03822,PR-03822,SUP-00009,EMP-00075,WH-HYD-01,2026-02-25,126005.04,Completed
PO-03823,PR-03823,SUP-00041,EMP-00097,WH-MYS-01,2026-04-24,205863.25,Completed
PO-03824,PR-03824,SUP-00012,EMP-00091,WH-BLR-01,2026-01-08,7641.0,Completed
PO-03825,PR-03825,SUP-00030,EMP-00089,WH-BLR-01,2026-02-14,48862.51,Completed
PO-03826,PR-03826,SUP-00025,EMP-00077,WH-HYD-01,2026-01-28,9378.48,Cancelled
PO-03827,PR-03827,SUP-00029,EMP-00019,WH-BLR-01,2026-03-31,60247.1,Completed
PO-03828,PR-03828,SUP-00038,EMP-00041,WH-CHN-01,2026-05-24,264267.36,Delayed
PO-03829,PR-03829,SUP-00004,EMP-00093,WH-CHN-01,2026-04-20,146358.13,Completed
PO-03830,PR-03830,SUP-00022,EMP-00018,WH-BLR-01,2026-01-28,156968.0,Completed
PO-03831,PR-03831,SUP-00041,EMP-00044,WH-HYD-01,2026-01-13,96499.83,Completed
PO-03832,PR-03832,SUP-00030,EMP-00094,WH-CHN-01,2026-03-13,10950.31,Completed
PO-03833,PR-03833,SUP-00038,EMP-00091,WH-MYS-01,2026-03-26,475617.78,Completed
PO-03834,PR-03834,SUP-00048,EMP-00034,WH-CHN-01,2026-04-07,73407.6,Completed
PO-03835,PR-03835,SUP-00004,EMP-00024,WH-MYS-01,2026-03-28,87222.33,Completed
PO-03836,PR-03836,SUP-00047,EMP-00009,WH-BLR-01,2026-03-02,337452.9,Completed
PO-03837,PR-03837,SUP-00006,EMP-00042,WH-HYD-01,2026-02-20,106315.06,Completed
PO-03838,PR-03838,SUP-00048,EMP-00051,WH-CHN-01,2026-02-10,215831.0,Completed
PO-03839,PR-03839,SUP-00020,EMP-00055,WH-CHN-01,2026-04-22,169751.82,Completed
PO-03840,PR-03840,SUP-00027,EMP-00068,WH-CHN-01,2026-05-19,282401.03,Completed
PO-03841,PR-03841,SUP-00023,EMP-00015,WH-HYD-01,2026-02-22,350872.08,Completed
PO-03842,PR-03842,SUP-00026,EMP-00063,WH-MYS-01,2026-03-21,48768.24,Completed
PO-03843,PR-03843,SUP-00025,EMP-00036,WH-CHN-01,2026-03-11,656306.59,Completed
PO-03844,PR-03844,SUP-00013,EMP-00066,WH-BLR-01,2026-03-03,74110.8,Delayed
PO-03845,PR-03845,SUP-00047,EMP-00030,WH-BLR-01,2026-05-26,503516.49,Completed
PO-03846,PR-03846,SUP-00026,EMP-00089,WH-CHN-01,2026-03-12,546053.4,Completed
PO-03847,PR-03847,SUP-00040,EMP-00019,WH-BLR-01,2026-01-25,499028.25,Delayed
PO-03848,PR-03848,SUP-00014,EMP-00004,WH-MYS-01,2026-02-01,281210.75,Cancelled
PO-03849,PR-03849,SUP-00020,EMP-00082,WH-HYD-01,2026-03-29,172110.94,Delayed
PO-03850,PR-03850,SUP-00019,EMP-00051,WH-BLR-01,2026-01-19,38157.24,Completed
PO-03851,PR-03851,SUP-00018,EMP-00068,WH-HYD-01,2026-05-30,90515.18,Completed
PO-03852,PR-03852,SUP-00043,EMP-00038,WH-BLR-01,2026-01-26,57319.28,Completed
PO-03853,PR-03853,SUP-00038,EMP-00047,WH-HYD-01,2026-03-24,149958.27,Completed
PO-03854,PR-03854,SUP-00017,EMP-00080,WH-MYS-01,2026-01-19,340568.91,Completed
PO-03855,PR-03855,SUP-00009,EMP-00003,WH-HYD-01,2026-01-21,337503.67,Delayed
PO-03856,PR-03856,SUP-00048,EMP-00086,WH-CHN-01,2026-03-25,103755.12,Completed
PO-03857,PR-03857,SUP-00028,EMP-00038,WH-CHN-01,2026-03-14,137682.45,Completed
PO-03858,PR-03858,SUP-00024,EMP-00031,WH-MYS-01,2026-03-23,104848.52,Completed
PO-03859,PR-03859,SUP-00048,EMP-00087,WH-HYD-01,2026-03-09,84169.92,Cancelled
PO-03860,PR-03860,SUP-00022,EMP-00019,WH-MYS-01,2026-01-24,322752.5,Completed
PO-03861,PR-03861,SUP-00031,EMP-00068,WH-HYD-01,2026-04-24,566793.36,Completed
PO-03862,PR-03862,SUP-00035,EMP-00061,WH-CHN-01,2026-05-09,9889.98,Completed
PO-03863,PR-03863,SUP-00038,EMP-00028,WH-BLR-01,2026-03-29,216725.67,Completed
PO-03864,PR-03864,SUP-00040,EMP-00047,WH-CHN-01,2026-04-12,196085.13,Cancelled
PO-03865,PR-03865,SUP-00030,EMP-00097,WH-HYD-01,2026-05-04,603426.52,Completed
PO-03866,PR-03866,SUP-00046,EMP-00075,WH-BLR-01,2026-05-16,261712.5,Completed
PO-03867,PR-03867,SUP-00039,EMP-00010,WH-CHN-01,2026-01-11,680970.15,Completed
PO-03868,PR-03868,SUP-00023,EMP-00061,WH-MYS-01,2026-03-06,238330.95,Completed
PO-03869,PR-03869,SUP-00045,EMP-00037,WH-CHN-01,2026-01-12,50814.96,Completed
PO-03870,PR-03870,SUP-00050,EMP-00075,WH-HYD-01,2026-01-15,26714.64,Completed
PO-03871,PR-03871,SUP-00019,EMP-00074,WH-MYS-01,2026-02-08,417967.14,Completed
PO-03872,PR-03872,SUP-00014,EMP-00009,WH-HYD-01,2026-03-09,658026.32,Completed
PO-03873,PR-03873,SUP-00016,EMP-00076,WH-MYS-01,2026-04-08,648048.0,Completed
PO-03874,PR-03874,SUP-00030,EMP-00099,WH-MYS-01,2026-03-04,286596.4,Completed
PO-03875,PR-03875,SUP-00038,EMP-00023,WH-CHN-01,2026-04-14,273374.0,Completed
PO-03876,PR-03876,SUP-00007,EMP-00060,WH-MYS-01,2026-04-30,121085.0,Delayed
PO-03877,PR-03877,SUP-00009,EMP-00044,WH-HYD-01,2026-03-24,95429.88,Delayed
PO-03878,PR-03878,SUP-00049,EMP-00068,WH-CHN-01,2026-05-19,143705.4,Delayed
PO-03879,PR-03879,SUP-00015,EMP-00085,WH-MYS-01,2026-05-28,117452.16,Completed
PO-03880,PR-03880,SUP-00007,EMP-00097,WH-HYD-01,2026-02-06,226130.24,Completed
PO-03881,PR-03881,SUP-00032,EMP-00060,WH-BLR-01,2026-05-28,387922.2,Completed
PO-03882,PR-03882,SUP-00016,EMP-00058,WH-MYS-01,2026-02-04,169463.25,Delayed
PO-03883,PR-03883,SUP-00031,EMP-00060,WH-CHN-01,2026-04-09,491368.12,Completed
PO-03884,PR-03884,SUP-00024,EMP-00056,WH-BLR-01,2026-01-18,199991.61,Completed
PO-03885,PR-03885,SUP-00011,EMP-00007,WH-BLR-01,2026-03-07,247339.7,Completed
PO-03886,PR-03886,SUP-00034,EMP-00034,WH-BLR-01,2026-06-01,165307.92,Completed
PO-03887,PR-03887,SUP-00015,EMP-00034,WH-BLR-01,2026-03-31,1576.21,Completed
PO-03888,PR-03888,SUP-00043,EMP-00090,WH-CHN-01,2026-01-31,35824.55,Completed
PO-03889,PR-03889,SUP-00011,EMP-00005,WH-BLR-01,2026-02-24,500413.2,Completed
PO-03890,PR-03890,SUP-00046,EMP-00080,WH-MYS-01,2026-02-08,387651.84,Completed
PO-03891,PR-03891,SUP-00017,EMP-00076,WH-CHN-01,2026-02-24,348773.2,Completed
PO-03892,PR-03892,SUP-00023,EMP-00045,WH-HYD-01,2026-05-04,11230.92,Completed
PO-03893,PR-03893,SUP-00025,EMP-00046,WH-CHN-01,2026-05-22,64041.28,Completed
PO-03894,PR-03894,SUP-00003,EMP-00037,WH-MYS-01,2026-04-06,59766.75,Cancelled
PO-03895,PR-03895,SUP-00007,EMP-00070,WH-HYD-01,2026-02-08,297095.46,Cancelled
PO-03896,PR-03896,SUP-00003,EMP-00041,WH-MYS-01,2026-02-06,182550.04,Cancelled
PO-03897,PR-03897,SUP-00041,EMP-00012,WH-MYS-01,2026-01-10,401756.4,Completed
PO-03898,PR-03898,SUP-00032,EMP-00056,WH-CHN-01,2026-04-28,91541.62,Completed
PO-03899,PR-03899,SUP-00026,EMP-00099,WH-BLR-01,2026-04-24,103317.45,Delayed
PO-03900,PR-03900,SUP-00010,EMP-00028,WH-MYS-01,2026-05-31,49986.09,Delayed
PO-03901,PR-03901,SUP-00005,EMP-00008,WH-HYD-01,2026-04-16,64041.28,Completed
PO-03902,PR-03902,SUP-00046,EMP-00079,WH-HYD-01,2026-05-28,587898.8,Completed
PO-03903,PR-03903,SUP-00020,EMP-00091,WH-CHN-01,2026-03-12,503516.49,Completed
PO-03904,PR-03904,SUP-00009,EMP-00034,WH-HYD-01,2026-05-11,95393.1,Completed
PO-03905,PR-03905,SUP-00031,EMP-00024,WH-HYD-01,2026-01-14,91948.16,Completed
PO-03906,PR-03906,SUP-00024,EMP-00097,WH-CHN-01,2026-04-05,212455.35,Completed
PO-03907,PR-03907,SUP-00021,EMP-00011,WH-BLR-01,2026-02-21,69532.98,Delayed
PO-03908,PR-03908,SUP-00025,EMP-00037,WH-MYS-01,2026-02-10,95912.63,Completed
PO-03909,PR-03909,SUP-00005,EMP-00053,WH-BLR-01,2026-04-14,27191.01,Completed
PO-03910,PR-03910,SUP-00026,EMP-00083,WH-CHN-01,2026-05-21,421851.5,Completed
PO-03911,PR-03911,SUP-00028,EMP-00042,WH-CHN-01,2026-05-14,505477.44,Delayed
PO-03912,PR-03912,SUP-00048,EMP-00084,WH-CHN-01,2026-06-03,28687.2,Completed
PO-03913,PR-03913,SUP-00024,EMP-00042,WH-CHN-01,2026-03-14,351062.8,Completed
PO-03914,PR-03914,SUP-00010,EMP-00093,WH-CHN-01,2026-05-11,3907.7,Cancelled
PO-03915,PR-03915,SUP-00046,EMP-00067,WH-MYS-01,2026-05-02,307704.6,Completed
PO-03916,PR-03916,SUP-00038,EMP-00086,WH-MYS-01,2026-02-25,14020.59,Completed
PO-03917,PR-03917,SUP-00013,EMP-00044,WH-MYS-01,2026-01-14,113522.97,Completed
PO-03918,PR-03918,SUP-00041,EMP-00024,WH-MYS-01,2026-05-13,41811.15,Delayed
PO-03919,PR-03919,SUP-00001,EMP-00037,WH-HYD-01,2026-01-28,84609.41,Delayed
PO-03920,PR-03920,SUP-00028,EMP-00031,WH-CHN-01,2026-05-23,116190.9,Completed
PO-03921,PR-03921,SUP-00034,EMP-00058,WH-BLR-01,2026-01-11,96902.04,Delayed
PO-03922,PR-03922,SUP-00036,EMP-00066,WH-MYS-01,2026-05-03,171939.04,Delayed
PO-03923,PR-03923,SUP-00003,EMP-00004,WH-HYD-01,2026-04-18,95022.25,Completed
PO-03924,PR-03924,SUP-00045,EMP-00070,WH-HYD-01,2026-01-25,17100.36,Completed
PO-03925,PR-03925,SUP-00037,EMP-00078,WH-BLR-01,2026-05-20,137347.0,Completed
PO-03926,PR-03926,SUP-00010,EMP-00021,WH-MYS-01,2026-02-25,194002.08,Completed
PO-03927,PR-03927,SUP-00002,EMP-00058,WH-HYD-01,2026-05-19,264918.96,Completed
PO-03928,PR-03928,SUP-00026,EMP-00021,WH-MYS-01,2026-02-24,108025.6,Cancelled
PO-03929,PR-03929,SUP-00020,EMP-00034,WH-CHN-01,2026-05-31,109327.4,Completed
PO-03930,PR-03930,SUP-00027,EMP-00041,WH-BLR-01,2026-05-06,615027.9,Completed
PO-03931,PR-03931,SUP-00013,EMP-00046,WH-BLR-01,2026-03-07,185894.32,Completed
PO-03932,PR-03932,SUP-00035,EMP-00058,WH-HYD-01,2026-04-16,220222.8,Completed
PO-03933,PR-03933,SUP-00020,EMP-00027,WH-BLR-01,2026-03-19,34415.26,Completed
PO-03934,PR-03934,SUP-00005,EMP-00096,WH-BLR-01,2026-05-11,322420.95,Completed
PO-03935,PR-03935,SUP-00029,EMP-00042,WH-BLR-01,2026-06-02,3172.49,Completed
PO-03936,PR-03936,SUP-00016,EMP-00099,WH-MYS-01,2026-04-20,655041.35,Completed
PO-03937,PR-03937,SUP-00018,EMP-00063,WH-MYS-01,2026-02-04,107699.57,Completed
PO-03938,PR-03938,SUP-00036,EMP-00011,WH-CHN-01,2026-02-11,230096.16,Completed
PO-03939,PR-03939,SUP-00012,EMP-00033,WH-HYD-01,2026-04-28,667072.8,Completed
PO-03940,PR-03940,SUP-00006,EMP-00022,WH-BLR-01,2026-05-17,159394.69,Completed
PO-03941,PR-03941,SUP-00017,EMP-00084,WH-CHN-01,2026-01-30,262710.63,Completed
PO-03942,PR-03942,SUP-00011,EMP-00037,WH-BLR-01,2026-03-03,382723.6,Completed
PO-03943,PR-03943,SUP-00012,EMP-00090,WH-BLR-01,2026-03-06,792.36,Cancelled
PO-03944,PR-03944,SUP-00049,EMP-00090,WH-CHN-01,2026-03-21,132175.48,Delayed
PO-03945,PR-03945,SUP-00009,EMP-00032,WH-MYS-01,2026-02-04,167244.6,Completed
PO-03946,PR-03946,SUP-00026,EMP-00055,WH-MYS-01,2026-04-10,3670.7,Completed
PO-03947,PR-03947,SUP-00019,EMP-00049,WH-BLR-01,2026-01-16,309922.2,Completed
PO-03948,PR-03948,SUP-00047,EMP-00084,WH-HYD-01,2026-02-01,221064.48,Completed
PO-03949,PR-03949,SUP-00003,EMP-00024,WH-BLR-01,2026-03-31,308646.87,Delayed
PO-03950,PR-03950,SUP-00007,EMP-00041,WH-BLR-01,2026-02-03,476019.04,Completed
PO-03951,PR-03951,SUP-00037,EMP-00043,WH-CHN-01,2026-01-30,37293.36,Completed
PO-03952,PR-03952,SUP-00036,EMP-00061,WH-BLR-01,2026-01-22,244141.24,Completed
PO-03953,PR-03953,SUP-00026,EMP-00043,WH-MYS-01,2026-02-17,331334.54,Completed
PO-03954,PR-03954,SUP-00047,EMP-00096,WH-MYS-01,2026-01-06,176576.16,Completed
PO-03955,PR-03955,SUP-00016,EMP-00046,WH-HYD-01,2026-06-07,239361.0,Completed
PO-03956,PR-03956,SUP-00039,EMP-00065,WH-HYD-01,2026-04-18,227550.72,Completed
PO-03957,PR-03957,SUP-00044,EMP-00023,WH-BLR-01,2026-02-22,380936.4,Completed
PO-03958,PR-03958,SUP-00041,EMP-00053,WH-BLR-01,2026-05-23,138770.1,Completed
PO-03959,PR-03959,SUP-00048,EMP-00065,WH-HYD-01,2026-01-12,485005.2,Completed
PO-03960,PR-03960,SUP-00031,EMP-00095,WH-HYD-01,2026-03-26,62537.39,Delayed
PO-03961,PR-03961,SUP-00020,EMP-00030,WH-MYS-01,2026-03-15,148535.2,Completed
PO-03962,PR-03962,SUP-00046,EMP-00057,WH-HYD-01,2026-04-15,156216.2,Delayed
PO-03963,PR-03963,SUP-00022,EMP-00043,WH-MYS-01,2026-05-29,145317.28,Completed
PO-03964,PR-03964,SUP-00013,EMP-00038,WH-CHN-01,2026-05-16,78848.25,Completed
PO-03965,PR-03965,SUP-00027,EMP-00034,WH-CHN-01,2026-04-13,322993.44,Completed
PO-03966,PR-03966,SUP-00032,EMP-00034,WH-BLR-01,2026-06-01,66162.46,Cancelled
PO-03967,PR-03967,SUP-00022,EMP-00045,WH-CHN-01,2026-05-10,483682.49,Completed
PO-03968,PR-03968,SUP-00032,EMP-00083,WH-BLR-01,2026-05-12,63285.6,Completed
PO-03969,PR-03969,SUP-00033,EMP-00011,WH-MYS-01,2026-05-13,68543.75,Completed
PO-03970,PR-03970,SUP-00024,EMP-00068,WH-HYD-01,2026-05-11,175059.36,Completed
PO-03971,PR-03971,SUP-00017,EMP-00030,WH-MYS-01,2026-02-08,8276.28,Completed
PO-03972,PR-03972,SUP-00046,EMP-00032,WH-HYD-01,2026-04-13,236217.03,Completed
PO-03973,PR-03973,SUP-00017,EMP-00021,WH-MYS-01,2026-02-03,111880.08,Completed
PO-03974,PR-03974,SUP-00011,EMP-00049,WH-HYD-01,2026-02-08,45514.9,Completed
PO-03975,PR-03975,SUP-00026,EMP-00023,WH-CHN-01,2026-01-12,300240.72,Completed
PO-03976,PR-03976,SUP-00038,EMP-00003,WH-MYS-01,2026-01-12,193168.75,Completed
PO-03977,PR-03977,SUP-00014,EMP-00079,WH-CHN-01,2026-04-23,218252.34,Delayed
PO-03978,PR-03978,SUP-00041,EMP-00018,WH-MYS-01,2026-02-08,264049.24,Completed
PO-03979,PR-03979,SUP-00034,EMP-00060,WH-CHN-01,2026-05-05,758.74,Completed
PO-03980,PR-03980,SUP-00012,EMP-00075,WH-BLR-01,2026-01-30,65701.86,Completed
PO-03981,PR-03981,SUP-00039,EMP-00047,WH-BLR-01,2026-04-09,646674.3,Completed
PO-03982,PR-03982,SUP-00018,EMP-00058,WH-CHN-01,2026-03-12,122188.22,Completed
PO-03983,PR-03983,SUP-00042,EMP-00013,WH-HYD-01,2026-02-28,304749.12,Completed
PO-03984,PR-03984,SUP-00027,EMP-00037,WH-BLR-01,2026-02-27,236487.72,Completed
PO-03985,PR-03985,SUP-00045,EMP-00043,WH-MYS-01,2026-03-14,29501.52,Completed
PO-03986,PR-03986,SUP-00004,EMP-00096,WH-BLR-01,2026-04-26,176993.04,Delayed
PO-03987,PR-03987,SUP-00026,EMP-00023,WH-HYD-01,2026-02-22,362799.57,Completed
PO-03988,PR-03988,SUP-00046,EMP-00006,WH-CHN-01,2026-01-15,78616.44,Completed
PO-03989,PR-03989,SUP-00022,EMP-00069,WH-MYS-01,2026-01-14,118429.92,Completed
PO-03990,PR-03990,SUP-00048,EMP-00013,WH-CHN-01,2026-06-05,166620.3,Completed
PO-03991,PR-03991,SUP-00047,EMP-00031,WH-MYS-01,2026-02-15,108489.6,Completed
PO-03992,PR-03992,SUP-00016,EMP-00051,WH-MYS-01,2026-03-14,47907.97,Delayed
PO-03993,PR-03993,SUP-00025,EMP-00035,WH-CHN-01,2026-01-31,16846.38,Completed
PO-03994,PR-03994,SUP-00008,EMP-00068,WH-CHN-01,2026-01-14,210008.4,Completed
PO-03995,PR-03995,SUP-00010,EMP-00059,WH-HYD-01,2026-03-15,207764.24,Completed
PO-03996,PR-03996,SUP-00049,EMP-00057,WH-BLR-01,2026-05-11,393658.56,Delayed
PO-03997,PR-03997,SUP-00010,EMP-00020,WH-BLR-01,2026-04-19,188994.78,Delayed
PO-03998,PR-03998,SUP-00030,EMP-00003,WH-CHN-01,2026-02-01,266010.64,Completed
PO-03999,PR-03999,SUP-00030,EMP-00066,WH-BLR-01,2026-04-09,171421.38,Completed
PO-04000,PR-04000,SUP-00033,EMP-00014,WH-HYD-01,2026-05-28,178079.72,Completed
PO-04001,PR-04001,SUP-00041,EMP-00025,WH-HYD-01,2026-03-31,228336.48,Completed
PO-04002,PR-04002,SUP-00041,EMP-00094,WH-HYD-01,2026-05-06,45365.57,Completed
PO-04003,PR-04003,SUP-00031,EMP-00026,WH-CHN-01,2026-04-21,361999.4,Completed
PO-04004,PR-04004,SUP-00002,EMP-00090,WH-MYS-01,2026-02-14,50040.12,Delayed
PO-04005,PR-04005,SUP-00023,EMP-00028,WH-CHN-01,2026-05-24,88941.0,Completed
PO-04006,PR-04006,SUP-00039,EMP-00060,WH-BLR-01,2026-03-09,113076.86,Delayed
PO-04007,PR-04007,SUP-00035,EMP-00063,WH-BLR-01,2026-05-16,564011.98,Completed
PO-04008,PR-04008,SUP-00034,EMP-00046,WH-BLR-01,2026-02-26,518020.72,Delayed
PO-04009,PR-04009,SUP-00023,EMP-00050,WH-HYD-01,2026-02-08,36163.2,Delayed
PO-04010,PR-04010,SUP-00038,EMP-00095,WH-CHN-01,2026-02-09,123540.12,Completed
PO-04011,PR-04011,SUP-00029,EMP-00086,WH-BLR-01,2026-01-08,301397.4,Completed
PO-04012,PR-04012,SUP-00039,EMP-00031,WH-CHN-01,2026-05-17,3172.49,Completed
PO-04013,PR-04013,SUP-00011,EMP-00008,WH-BLR-01,2026-05-07,58005.0,Completed
PO-04014,PR-04014,SUP-00023,EMP-00079,WH-HYD-01,2026-05-03,49062.72,Cancelled
PO-04015,PR-04015,SUP-00002,EMP-00053,WH-CHN-01,2026-05-03,120681.96,Delayed
PO-04016,PR-04016,SUP-00026,EMP-00041,WH-BLR-01,2026-01-25,6065.25,Delayed
PO-04017,PR-04017,SUP-00027,EMP-00022,WH-BLR-01,2026-01-18,352471.32,Completed
PO-04018,PR-04018,SUP-00029,EMP-00075,WH-CHN-01,2026-02-17,75346.32,Completed
PO-04019,PR-04019,SUP-00034,EMP-00088,WH-BLR-01,2026-02-26,23202.0,Completed
PO-04020,PR-04020,SUP-00047,EMP-00032,WH-CHN-01,2026-02-23,196623.08,Completed
PO-04021,PR-04021,SUP-00018,EMP-00018,WH-CHN-01,2026-04-12,291891.81,Completed
PO-04022,PR-04022,SUP-00042,EMP-00095,WH-HYD-01,2026-03-24,123354.96,Completed
PO-04023,PR-04023,SUP-00050,EMP-00008,WH-MYS-01,2026-02-16,19667.68,Completed
PO-04024,PR-04024,SUP-00004,EMP-00035,WH-MYS-01,2026-05-08,88184.82,Delayed
PO-04025,PR-04025,SUP-00045,EMP-00053,WH-CHN-01,2026-03-06,239325.8,Delayed
PO-04026,PR-04026,SUP-00016,EMP-00041,WH-CHN-01,2026-06-03,25379.92,Completed
PO-04027,PR-04027,SUP-00001,EMP-00086,WH-BLR-01,2026-01-05,52606.2,Completed
PO-04028,PR-04028,SUP-00033,EMP-00082,WH-HYD-01,2026-04-15,68739.5,Completed
PO-04029,PR-04029,SUP-00045,EMP-00007,WH-HYD-01,2026-03-13,116333.28,Cancelled
PO-04030,PR-04030,SUP-00017,EMP-00059,WH-HYD-01,2026-05-15,399622.52,Completed
PO-04031,PR-04031,SUP-00048,EMP-00071,WH-MYS-01,2026-03-22,177865.92,Completed
PO-04032,PR-04032,SUP-00036,EMP-00009,WH-BLR-01,2026-03-11,352356.48,Completed
PO-04033,PR-04033,SUP-00027,EMP-00075,WH-HYD-01,2026-02-13,3514.5,Delayed
PO-04034,PR-04034,SUP-00023,EMP-00025,WH-HYD-01,2026-04-28,200961.79,Cancelled
PO-04035,PR-04035,SUP-00020,EMP-00073,WH-MYS-01,2026-03-01,348572.7,Completed
PO-04036,PR-04036,SUP-00006,EMP-00028,WH-BLR-01,2026-01-27,198291.66,Completed
PO-04037,PR-04037,SUP-00004,EMP-00076,WH-CHN-01,2026-01-14,37658.5,Completed
PO-04038,PR-04038,SUP-00001,EMP-00095,WH-CHN-01,2026-02-08,67672.5,Delayed
PO-04039,PR-04039,SUP-00006,EMP-00016,WH-HYD-01,2026-05-23,153162.32,Cancelled
PO-04040,PR-04040,SUP-00036,EMP-00001,WH-MYS-01,2026-05-23,58591.82,Completed
PO-04041,PR-04041,SUP-00004,EMP-00008,WH-MYS-01,2026-05-11,392828.48,Completed
PO-04042,PR-04042,SUP-00025,EMP-00071,WH-BLR-01,2026-01-25,431592.0,Completed
PO-04043,PR-04043,SUP-00043,EMP-00065,WH-CHN-01,2026-03-14,427987.8,Delayed
PO-04044,PR-04044,SUP-00027,EMP-00001,WH-CHN-01,2026-05-20,308799.22,Completed
PO-04045,PR-04045,SUP-00003,EMP-00061,WH-BLR-01,2026-04-03,161066.29,Delayed
PO-04046,PR-04046,SUP-00011,EMP-00034,WH-MYS-01,2026-03-05,215975.81,Delayed
PO-04047,PR-04047,SUP-00048,EMP-00045,WH-BLR-01,2026-04-20,126347.85,Completed
PO-04048,PR-04048,SUP-00008,EMP-00024,WH-MYS-01,2026-06-01,575569.8,Completed
PO-04049,PR-04049,SUP-00037,EMP-00088,WH-HYD-01,2026-03-17,222304.68,Completed
PO-04050,PR-04050,SUP-00023,EMP-00086,WH-MYS-01,2026-04-18,268327.02,Completed
PO-04051,PR-04051,SUP-00022,EMP-00016,WH-BLR-01,2026-03-06,28485.82,Completed
PO-04052,PR-04052,SUP-00016,EMP-00036,WH-HYD-01,2026-03-23,337674.96,Completed
PO-04053,PR-04053,SUP-00039,EMP-00059,WH-CHN-01,2026-03-06,24261.0,Delayed
PO-04054,PR-04054,SUP-00043,EMP-00017,WH-HYD-01,2026-01-30,118393.75,Completed
PO-04055,PR-04055,SUP-00025,EMP-00038,WH-BLR-01,2026-04-19,397346.17,Completed
PO-04056,PR-04056,SUP-00020,EMP-00094,WH-CHN-01,2026-05-10,723151.8,Delayed
PO-04057,PR-04057,SUP-00021,EMP-00062,WH-HYD-01,2026-04-21,380936.4,Delayed
PO-04058,PR-04058,SUP-00003,EMP-00028,WH-HYD-01,2026-05-17,283567.2,Completed
PO-04059,PR-04059,SUP-00004,EMP-00087,WH-HYD-01,2026-01-27,77155.76,Completed
PO-04060,PR-04060,SUP-00035,EMP-00078,WH-BLR-01,2026-02-19,321259.05,Completed
PO-04061,PR-04061,SUP-00006,EMP-00005,WH-HYD-01,2026-04-01,354210.87,Completed
PO-04062,PR-04062,SUP-00013,EMP-00012,WH-BLR-01,2026-02-20,60277.31,Completed
PO-04063,PR-04063,SUP-00042,EMP-00047,WH-MYS-01,2026-03-29,70818.45,Delayed
PO-04064,PR-04064,SUP-00012,EMP-00023,WH-BLR-01,2026-05-22,87237.5,Completed
PO-04065,PR-04065,SUP-00043,EMP-00078,WH-CHN-01,2026-02-28,50028.03,Delayed
PO-04066,PR-04066,SUP-00007,EMP-00057,WH-MYS-01,2026-05-30,443771.61,Delayed
PO-04067,PR-04067,SUP-00017,EMP-00066,WH-MYS-01,2026-05-11,27122.66,Completed
PO-04068,PR-04068,SUP-00043,EMP-00057,WH-BLR-01,2026-01-11,244103.94,Completed
PO-04069,PR-04069,SUP-00039,EMP-00049,WH-HYD-01,2026-01-14,36134.85,Completed
PO-04070,PR-04070,SUP-00038,EMP-00063,WH-MYS-01,2026-04-07,4931.81,Cancelled
PO-04071,PR-04071,SUP-00017,EMP-00045,WH-HYD-01,2026-04-28,5311.18,Completed
PO-04072,PR-04072,SUP-00001,EMP-00001,WH-MYS-01,2026-06-02,142851.15,Completed
PO-04073,PR-04073,SUP-00022,EMP-00070,WH-HYD-01,2026-02-16,282508.0,Completed
PO-04074,PR-04074,SUP-00017,EMP-00016,WH-MYS-01,2026-01-14,157880.88,Delayed
PO-04075,PR-04075,SUP-00006,EMP-00057,WH-CHN-01,2026-06-01,25750.69,Completed
PO-04076,PR-04076,SUP-00007,EMP-00043,WH-HYD-01,2026-05-31,512911.23,Delayed
PO-04077,PR-04077,SUP-00043,EMP-00016,WH-BLR-01,2026-04-19,324680.4,Completed
PO-04078,PR-04078,SUP-00028,EMP-00098,WH-MYS-01,2026-03-25,483682.49,Completed
PO-04079,PR-04079,SUP-00020,EMP-00054,WH-HYD-01,2026-02-26,142704.54,Completed
PO-04080,PR-04080,SUP-00006,EMP-00063,WH-CHN-01,2026-04-05,3083.78,Completed
PO-04081,PR-04081,SUP-00023,EMP-00055,WH-HYD-01,2026-02-18,169192.72,Completed
PO-04082,PR-04082,SUP-00020,EMP-00036,WH-HYD-01,2026-02-14,27927.94,Completed
PO-04083,PR-04083,SUP-00021,EMP-00004,WH-MYS-01,2026-02-26,164024.4,Delayed
PO-04084,PR-04084,SUP-00032,EMP-00037,WH-CHN-01,2026-05-31,431405.01,Delayed
PO-04085,PR-04085,SUP-00024,EMP-00062,WH-BLR-01,2026-01-26,191118.96,Completed
PO-04086,PR-04086,SUP-00007,EMP-00024,WH-HYD-01,2026-03-28,21869.92,Delayed
PO-04087,PR-04087,SUP-00013,EMP-00051,WH-MYS-01,2026-02-27,4414.8,Completed
PO-04088,PR-04088,SUP-00030,EMP-00038,WH-HYD-01,2026-04-28,99145.83,Delayed
PO-04089,PR-04089,SUP-00004,EMP-00070,WH-HYD-01,2026-04-28,59444.54,Completed
PO-04090,PR-04090,SUP-00018,EMP-00089,WH-HYD-01,2026-04-06,14036.69,Completed
PO-04091,PR-04091,SUP-00013,EMP-00092,WH-BLR-01,2026-01-11,530160.34,Completed
PO-04092,PR-04092,SUP-00004,EMP-00014,WH-HYD-01,2026-04-28,43491.1,Completed
PO-04093,PR-04093,SUP-00033,EMP-00004,WH-BLR-01,2026-02-17,344892.96,Completed
PO-04094,PR-04094,SUP-00043,EMP-00093,WH-CHN-01,2026-05-09,332037.5,Delayed
PO-04095,PR-04095,SUP-00025,EMP-00043,WH-HYD-01,2026-04-04,44144.04,Completed
PO-04096,PR-04096,SUP-00047,EMP-00013,WH-MYS-01,2026-05-08,188821.5,Completed
PO-04097,PR-04097,SUP-00029,EMP-00071,WH-MYS-01,2026-05-17,220222.8,Completed
PO-04098,PR-04098,SUP-00029,EMP-00066,WH-MYS-01,2026-04-03,77155.76,Delayed
PO-04099,PR-04099,SUP-00035,EMP-00039,WH-MYS-01,2026-01-27,664119.0,Completed
PO-04100,PR-04100,SUP-00021,EMP-00081,WH-BLR-01,2026-04-25,208775.13,Completed
PO-04101,PR-04101,SUP-00044,EMP-00049,WH-HYD-01,2026-06-04,72930.7,Completed
PO-04102,PR-04102,SUP-00047,EMP-00020,WH-HYD-01,2026-06-03,405656.7,Completed
PO-04103,PR-04103,SUP-00003,EMP-00044,WH-BLR-01,2026-01-26,150084.09,Completed
PO-04104,PR-04104,SUP-00034,EMP-00060,WH-HYD-01,2026-02-12,103887.85,Delayed
PO-04105,PR-04105,SUP-00032,EMP-00071,WH-MYS-01,2026-05-09,517229.6,Completed
PO-04106,PR-04106,SUP-00031,EMP-00082,WH-MYS-01,2026-05-01,89847.36,Completed
PO-04107,PR-04107,SUP-00020,EMP-00014,WH-MYS-01,2026-02-02,38056.08,Delayed
PO-04108,PR-04108,SUP-00011,EMP-00007,WH-BLR-01,2026-05-11,241021.84,Delayed
PO-04109,PR-04109,SUP-00021,EMP-00069,WH-BLR-01,2026-02-16,199504.2,Completed
PO-04110,PR-04110,SUP-00024,EMP-00086,WH-BLR-01,2026-06-02,181531.61,Completed
PO-04111,PR-04111,SUP-00013,EMP-00028,WH-HYD-01,2026-05-31,260332.75,Completed
PO-04112,PR-04112,SUP-00012,EMP-00050,WH-CHN-01,2026-04-13,99611.25,Delayed
PO-04113,PR-04113,SUP-00020,EMP-00054,WH-MYS-01,2026-05-19,197145.74,Completed
PO-04114,PR-04114,SUP-00006,EMP-00085,WH-BLR-01,2026-05-26,418820.15,Completed
PO-04115,PR-04115,SUP-00015,EMP-00075,WH-MYS-01,2026-03-29,104757.51,Completed
PO-04116,PR-04116,SUP-00042,EMP-00016,WH-CHN-01,2026-03-16,431592.0,Completed
PO-04117,PR-04117,SUP-00045,EMP-00097,WH-MYS-01,2026-04-27,112975.5,Completed
PO-04118,PR-04118,SUP-00018,EMP-00088,WH-MYS-01,2026-04-05,359263.5,Delayed
PO-04119,PR-04119,SUP-00033,EMP-00024,WH-BLR-01,2026-02-04,117717.44,Cancelled
PO-04120,PR-04120,SUP-00024,EMP-00065,WH-CHN-01,2026-02-01,13282.98,Cancelled
PO-04121,PR-04121,SUP-00014,EMP-00064,WH-HYD-01,2026-02-26,4725.89,Completed
PO-04122,PR-04122,SUP-00006,EMP-00083,WH-MYS-01,2026-04-24,222357.6,Delayed
PO-04123,PR-04123,SUP-00038,EMP-00055,WH-HYD-01,2026-03-07,56532.56,Completed
PO-04124,PR-04124,SUP-00028,EMP-00019,WH-CHN-01,2026-05-15,156567.96,Completed
PO-04125,PR-04125,SUP-00037,EMP-00082,WH-CHN-01,2026-02-22,19046.82,Delayed
PO-04126,PR-04126,SUP-00005,EMP-00041,WH-MYS-01,2026-04-03,452499.25,Completed
PO-04127,PR-04127,SUP-00008,EMP-00059,WH-CHN-01,2026-02-22,5558.67,Delayed
PO-04128,PR-04128,SUP-00027,EMP-00068,WH-HYD-01,2026-02-24,272441.25,Completed
PO-04129,PR-04129,SUP-00007,EMP-00006,WH-BLR-01,2026-05-24,33725.86,Completed
PO-04130,PR-04130,SUP-00039,EMP-00026,WH-MYS-01,2026-05-31,108560.76,Delayed
PO-04131,PR-04131,SUP-00008,EMP-00080,WH-CHN-01,2026-04-24,503008.16,Completed
PO-04132,PR-04132,SUP-00016,EMP-00013,WH-MYS-01,2026-05-30,22496.86,Completed
PO-04133,PR-04133,SUP-00010,EMP-00044,WH-HYD-01,2026-04-24,366155.91,Completed
PO-04134,PR-04134,SUP-00002,EMP-00026,WH-BLR-01,2026-05-17,62633.74,Completed
PO-04135,PR-04135,SUP-00050,EMP-00029,WH-MYS-01,2026-02-05,63214.36,Completed
PO-04136,PR-04136,SUP-00013,EMP-00097,WH-HYD-01,2026-05-30,175444.59,Completed
PO-04137,PR-04137,SUP-00023,EMP-00084,WH-HYD-01,2026-01-06,102922.25,Delayed
PO-04138,PR-04138,SUP-00048,EMP-00034,WH-CHN-01,2026-04-27,298249.28,Completed
PO-04139,PR-04139,SUP-00040,EMP-00018,WH-BLR-01,2026-01-22,60887.54,Completed
PO-04140,PR-04140,SUP-00026,EMP-00012,WH-BLR-01,2026-02-25,61094.11,Completed
PO-04141,PR-04141,SUP-00038,EMP-00099,WH-HYD-01,2026-04-10,337580.0,Cancelled
PO-04142,PR-04142,SUP-00018,EMP-00074,WH-MYS-01,2026-02-18,460811.01,Delayed
PO-04143,PR-04143,SUP-00009,EMP-00093,WH-HYD-01,2026-05-10,186026.53,Delayed
PO-04144,PR-04144,SUP-00043,EMP-00048,WH-CHN-01,2026-04-07,382721.68,Completed
PO-04145,PR-04145,SUP-00002,EMP-00060,WH-MYS-01,2026-01-09,355016.22,Cancelled
PO-04146,PR-04146,SUP-00006,EMP-00012,WH-HYD-01,2026-02-14,152098.04,Completed
PO-04147,PR-04147,SUP-00031,EMP-00083,WH-MYS-01,2026-02-15,79119.84,Delayed
PO-04148,PR-04148,SUP-00006,EMP-00073,WH-HYD-01,2026-04-14,51714.2,Delayed
PO-04149,PR-04149,SUP-00018,EMP-00009,WH-BLR-01,2026-05-01,434911.0,Completed
PO-04150,PR-04150,SUP-00018,EMP-00076,WH-HYD-01,2026-04-17,48456.85,Completed
PO-04151,PR-04151,SUP-00050,EMP-00063,WH-MYS-01,2026-01-22,219471.7,Completed
PO-04152,PR-04152,SUP-00018,EMP-00010,WH-HYD-01,2026-05-05,157028.4,Delayed
PO-04153,PR-04153,SUP-00019,EMP-00068,WH-CHN-01,2026-06-01,69312.8,Completed
PO-04154,PR-04154,SUP-00013,EMP-00043,WH-CHN-01,2026-04-23,299100.0,Delayed
PO-04155,PR-04155,SUP-00018,EMP-00091,WH-BLR-01,2026-04-03,210921.48,Completed
PO-04156,PR-04156,SUP-00004,EMP-00084,WH-HYD-01,2026-01-30,67785.3,Completed
PO-04157,PR-04157,SUP-00012,EMP-00078,WH-MYS-01,2026-03-27,16174.0,Delayed
PO-04158,PR-04158,SUP-00025,EMP-00065,WH-BLR-01,2026-05-26,202642.44,Completed
PO-04159,PR-04159,SUP-00037,EMP-00013,WH-BLR-01,2026-01-14,169964.28,Cancelled
PO-04160,PR-04160,SUP-00011,EMP-00041,WH-BLR-01,2026-02-10,103867.06,Completed
PO-04161,PR-04161,SUP-00048,EMP-00057,WH-HYD-01,2026-03-19,239093.64,Completed
PO-04162,PR-04162,SUP-00037,EMP-00001,WH-MYS-01,2026-02-22,646537.0,Completed
PO-04163,PR-04163,SUP-00005,EMP-00023,WH-CHN-01,2026-03-09,359297.26,Completed
PO-04164,PR-04164,SUP-00008,EMP-00089,WH-CHN-01,2026-05-09,31914.8,Delayed
PO-04165,PR-04165,SUP-00006,EMP-00028,WH-BLR-01,2026-03-30,189442.55,Completed
PO-04166,PR-04166,SUP-00044,EMP-00073,WH-CHN-01,2026-04-04,67475.4,Delayed
PO-04167,PR-04167,SUP-00018,EMP-00019,WH-BLR-01,2026-01-25,12292.3,Delayed
PO-04168,PR-04168,SUP-00040,EMP-00066,WH-CHN-01,2026-05-09,100080.24,Completed
PO-04169,PR-04169,SUP-00034,EMP-00093,WH-MYS-01,2026-03-20,54675.67,Cancelled
PO-04170,PR-04170,SUP-00005,EMP-00041,WH-CHN-01,2026-01-20,455494.39,Delayed
PO-04171,PR-04171,SUP-00034,EMP-00096,WH-CHN-01,2026-03-07,71959.18,Completed
PO-04172,PR-04172,SUP-00030,EMP-00027,WH-CHN-01,2026-05-17,392571.0,Completed
PO-04173,PR-04173,SUP-00005,EMP-00019,WH-BLR-01,2026-05-28,102264.96,Completed
PO-04174,PR-04174,SUP-00009,EMP-00076,WH-CHN-01,2026-02-13,104757.51,Delayed
PO-04175,PR-04175,SUP-00011,EMP-00075,WH-BLR-01,2026-05-07,335864.83,Completed
PO-04176,PR-04176,SUP-00002,EMP-00040,WH-HYD-01,2026-02-14,508514.4,Cancelled
PO-04177,PR-04177,SUP-00004,EMP-00003,WH-BLR-01,2026-05-04,160521.82,Completed
PO-04178,PR-04178,SUP-00006,EMP-00004,WH-BLR-01,2026-01-14,10452.9,Delayed
PO-04179,PR-04179,SUP-00044,EMP-00042,WH-CHN-01,2026-05-04,295739.48,Completed
PO-04180,PR-04180,SUP-00013,EMP-00018,WH-MYS-01,2026-04-26,317700.32,Completed
PO-04181,PR-04181,SUP-00044,EMP-00046,WH-CHN-01,2026-03-16,562964.85,Completed
PO-04182,PR-04182,SUP-00011,EMP-00025,WH-HYD-01,2026-03-25,76314.48,Completed
PO-04183,PR-04183,SUP-00031,EMP-00031,WH-MYS-01,2026-01-20,361389.86,Completed
PO-04184,PR-04184,SUP-00026,EMP-00045,WH-MYS-01,2026-04-28,88184.82,Delayed
PO-04185,PR-04185,SUP-00032,EMP-00079,WH-BLR-01,2026-05-14,220439.76,Completed
PO-04186,PR-04186,SUP-00038,EMP-00096,WH-MYS-01,2026-01-12,49123.56,Completed
PO-04187,PR-04187,SUP-00027,EMP-00075,WH-HYD-01,2026-04-15,303416.64,Completed
PO-04188,PR-04188,SUP-00046,EMP-00064,WH-BLR-01,2026-03-31,5330.61,Completed
PO-04189,PR-04189,SUP-00019,EMP-00075,WH-HYD-01,2026-04-30,66299.2,Completed
PO-04190,PR-04190,SUP-00043,EMP-00012,WH-BLR-01,2026-02-10,387651.84,Completed
PO-04191,PR-04191,SUP-00005,EMP-00080,WH-BLR-01,2026-02-09,136110.79,Completed
PO-04192,PR-04192,SUP-00045,EMP-00100,WH-CHN-01,2026-01-20,250538.67,Delayed
PO-04193,PR-04193,SUP-00003,EMP-00066,WH-MYS-01,2026-02-25,88797.52,Cancelled
PO-04194,PR-04194,SUP-00040,EMP-00087,WH-MYS-01,2026-02-11,358245.5,Delayed
PO-04195,PR-04195,SUP-00001,EMP-00026,WH-MYS-01,2026-05-09,38069.88,Completed
PO-04196,PR-04196,SUP-00027,EMP-00032,WH-BLR-01,2026-01-30,380707.59,Delayed
PO-04197,PR-04197,SUP-00017,EMP-00089,WH-BLR-01,2026-01-07,205764.58,Completed
PO-04198,PR-04198,SUP-00005,EMP-00002,WH-MYS-01,2026-02-26,168071.15,Completed
PO-04199,PR-04199,SUP-00045,EMP-00037,WH-CHN-01,2026-02-15,273378.35,Completed
PO-04200,PR-04200,SUP-00020,EMP-00082,WH-HYD-01,2026-01-27,571419.05,Delayed
PO-04201,PR-04201,SUP-00021,EMP-00081,WH-HYD-01,2026-05-04,676083.62,Completed
PO-04202,PR-04202,SUP-00010,EMP-00082,WH-CHN-01,2026-02-11,57691.55,Completed
PO-04203,PR-04203,SUP-00002,EMP-00052,WH-HYD-01,2026-03-22,108404.55,Completed
PO-04204,PR-04204,SUP-00001,EMP-00031,WH-CHN-01,2026-05-10,249250.0,Completed
PO-04205,PR-04205,SUP-00013,EMP-00060,WH-MYS-01,2026-03-21,574022.96,Delayed
PO-04206,PR-04206,SUP-00037,EMP-00012,WH-MYS-01,2026-04-27,229283.25,Completed
PO-04207,PR-04207,SUP-00034,EMP-00096,WH-CHN-01,2026-05-27,36134.85,Completed
PO-04208,PR-04208,SUP-00005,EMP-00055,WH-BLR-01,2026-05-17,5746.76,Completed
PO-04209,PR-04209,SUP-00040,EMP-00019,WH-BLR-01,2026-05-27,96712.7,Delayed
PO-04210,PR-04210,SUP-00010,EMP-00003,WH-CHN-01,2026-01-12,103002.76,Delayed
PO-04211,PR-04211,SUP-00006,EMP-00007,WH-HYD-01,2026-01-15,282228.3,Completed
PO-04212,PR-04212,SUP-00021,EMP-00062,WH-BLR-01,2026-05-29,2811.6,Completed
PO-04213,PR-04213,SUP-00013,EMP-00054,WH-CHN-01,2026-01-03,129285.5,Delayed
PO-04214,PR-04214,SUP-00039,EMP-00089,WH-CHN-01,2026-02-16,721168.28,Completed
PO-04215,PR-04215,SUP-00008,EMP-00038,WH-HYD-01,2026-03-22,61008.87,Completed
PO-04216,PR-04216,SUP-00039,EMP-00038,WH-HYD-01,2026-03-26,257898.69,Delayed
PO-04217,PR-04217,SUP-00050,EMP-00076,WH-CHN-01,2026-05-03,37543.92,Completed
PO-04218,PR-04218,SUP-00023,EMP-00073,WH-BLR-01,2026-01-18,12948.1,Completed
PO-04219,PR-04219,SUP-00017,EMP-00082,WH-MYS-01,2026-01-07,114880.75,Completed
PO-04220,PR-04220,SUP-00039,EMP-00072,WH-MYS-01,2026-02-16,18366.19,Completed
PO-04221,PR-04221,SUP-00025,EMP-00058,WH-BLR-01,2026-02-20,174444.66,Completed
PO-04222,PR-04222,SUP-00026,EMP-00015,WH-BLR-01,2026-04-25,22949.76,Completed
PO-04223,PR-04223,SUP-00047,EMP-00063,WH-CHN-01,2026-03-26,134829.84,Completed
PO-04224,PR-04224,SUP-00023,EMP-00099,WH-MYS-01,2026-02-26,632594.9,Completed
PO-04225,PR-04225,SUP-00030,EMP-00077,WH-CHN-01,2026-05-06,31540.32,Completed
PO-04226,PR-04226,SUP-00039,EMP-00024,WH-HYD-01,2026-01-19,50154.37,Delayed
PO-04227,PR-04227,SUP-00035,EMP-00088,WH-MYS-01,2026-04-08,287730.69,Delayed
PO-04228,PR-04228,SUP-00027,EMP-00021,WH-MYS-01,2026-03-16,313936.0,Delayed
PO-04229,PR-04229,SUP-00039,EMP-00046,WH-BLR-01,2026-05-23,187486.32,Completed
PO-04230,PR-04230,SUP-00018,EMP-00084,WH-HYD-01,2026-03-30,61436.57,Completed
PO-04231,PR-04231,SUP-00031,EMP-00076,WH-CHN-01,2026-05-09,344945.7,Completed
PO-04232,PR-04232,SUP-00021,EMP-00050,WH-MYS-01,2026-03-15,9863.62,Completed
PO-04233,PR-04233,SUP-00036,EMP-00090,WH-BLR-01,2026-05-14,22216.04,Completed
PO-04234,PR-04234,SUP-00036,EMP-00017,WH-MYS-01,2026-05-27,243057.6,Completed
PO-04235,PR-04235,SUP-00034,EMP-00054,WH-HYD-01,2026-03-11,222456.9,Completed
PO-04236,PR-04236,SUP-00005,EMP-00054,WH-MYS-01,2026-02-18,296932.3,Completed
PO-04237,PR-04237,SUP-00037,EMP-00035,WH-HYD-01,2026-05-14,17100.36,Completed
PO-04238,PR-04238,SUP-00025,EMP-00085,WH-BLR-01,2026-04-21,57374.4,Completed
PO-04239,PR-04239,SUP-00007,EMP-00073,WH-BLR-01,2026-03-01,46929.9,Completed
PO-04240,PR-04240,SUP-00018,EMP-00031,WH-MYS-01,2026-01-23,184187.3,Completed
PO-04241,PR-04241,SUP-00027,EMP-00065,WH-BLR-01,2026-06-02,239067.0,Delayed
PO-04242,PR-04242,SUP-00013,EMP-00016,WH-MYS-01,2026-05-26,60340.98,Completed
PO-04243,PR-04243,SUP-00044,EMP-00059,WH-CHN-01,2026-03-02,88941.0,Completed
PO-04244,PR-04244,SUP-00050,EMP-00031,WH-BLR-01,2026-01-04,622126.08,Completed
PO-04245,PR-04245,SUP-00017,EMP-00056,WH-BLR-01,2026-02-15,97536.48,Completed
PO-04246,PR-04246,SUP-00005,EMP-00016,WH-BLR-01,2026-01-22,59831.45,Cancelled
PO-04247,PR-04247,SUP-00006,EMP-00083,WH-BLR-01,2026-04-16,27571.38,Completed
PO-04248,PR-04248,SUP-00008,EMP-00051,WH-MYS-01,2026-02-22,42644.88,Completed
PO-04249,PR-04249,SUP-00019,EMP-00002,WH-CHN-01,2026-06-01,314392.96,Delayed
PO-04250,PR-04250,SUP-00019,EMP-00048,WH-MYS-01,2026-01-24,121085.0,Completed
PO-04251,PR-04251,SUP-00007,EMP-00023,WH-BLR-01,2026-03-10,209263.92,Completed
PO-04252,PR-04252,SUP-00050,EMP-00036,WH-MYS-01,2026-04-20,54999.45,Completed
PO-04253,PR-04253,SUP-00035,EMP-00006,WH-HYD-01,2026-03-16,416191.91,Delayed
PO-04254,PR-04254,SUP-00045,EMP-00017,WH-CHN-01,2026-01-15,614414.68,Completed
PO-04255,PR-04255,SUP-00009,EMP-00077,WH-HYD-01,2026-05-13,96913.7,Completed
PO-04256,PR-04256,SUP-00027,EMP-00057,WH-MYS-01,2026-05-20,625380.75,Delayed
PO-04257,PR-04257,SUP-00022,EMP-00012,WH-CHN-01,2026-04-22,83310.15,Delayed
PO-04258,PR-04258,SUP-00003,EMP-00046,WH-BLR-01,2026-04-11,10513.44,Completed
PO-04259,PR-04259,SUP-00014,EMP-00006,WH-BLR-01,2026-06-06,429831.15,Completed
PO-04260,PR-04260,SUP-00045,EMP-00096,WH-MYS-01,2026-02-20,248022.06,Delayed
PO-04261,PR-04261,SUP-00011,EMP-00060,WH-MYS-01,2026-01-25,201664.65,Delayed
PO-04262,PR-04262,SUP-00016,EMP-00086,WH-CHN-01,2026-01-19,238822.43,Completed
PO-04263,PR-04263,SUP-00029,EMP-00029,WH-CHN-01,2026-06-05,29435.44,Delayed
PO-04264,PR-04264,SUP-00042,EMP-00069,WH-HYD-01,2026-02-12,46710.74,Completed
PO-04265,PR-04265,SUP-00009,EMP-00015,WH-BLR-01,2026-02-12,185941.0,Completed
PO-04266,PR-04266,SUP-00010,EMP-00015,WH-CHN-01,2026-04-27,80340.13,Completed
PO-04267,PR-04267,SUP-00020,EMP-00028,WH-MYS-01,2026-01-25,90811.98,Completed
PO-04268,PR-04268,SUP-00049,EMP-00060,WH-BLR-01,2026-03-17,298814.96,Delayed
PO-04269,PR-04269,SUP-00028,EMP-00025,WH-MYS-01,2026-04-27,426033.3,Completed
PO-04270,PR-04270,SUP-00018,EMP-00039,WH-HYD-01,2026-05-02,135570.6,Completed
PO-04271,PR-04271,SUP-00046,EMP-00045,WH-BLR-01,2026-05-28,15451.02,Cancelled
PO-04272,PR-04272,SUP-00017,EMP-00011,WH-CHN-01,2026-03-22,391634.8,Completed
PO-04273,PR-04273,SUP-00036,EMP-00031,WH-HYD-01,2026-04-24,19147.73,Completed
PO-04274,PR-04274,SUP-00002,EMP-00024,WH-BLR-01,2026-05-01,222901.51,Completed
PO-04275,PR-04275,SUP-00013,EMP-00014,WH-HYD-01,2026-04-17,207446.2,Completed
PO-04276,PR-04276,SUP-00023,EMP-00009,WH-CHN-01,2026-04-10,533505.72,Completed
PO-04277,PR-04277,SUP-00025,EMP-00043,WH-CHN-01,2026-04-12,116648.64,Delayed
PO-04278,PR-04278,SUP-00031,EMP-00081,WH-CHN-01,2026-04-30,36023.22,Completed
PO-04279,PR-04279,SUP-00028,EMP-00074,WH-CHN-01,2026-05-30,62486.48,Completed
PO-04280,PR-04280,SUP-00007,EMP-00067,WH-HYD-01,2026-02-26,44092.41,Completed
PO-04281,PR-04281,SUP-00019,EMP-00087,WH-MYS-01,2026-05-11,116732.07,Completed
PO-04282,PR-04282,SUP-00039,EMP-00018,WH-HYD-01,2026-03-01,18963.54,Completed
PO-04283,PR-04283,SUP-00048,EMP-00085,WH-HYD-01,2026-05-17,137050.81,Completed
PO-04284,PR-04284,SUP-00018,EMP-00099,WH-HYD-01,2026-01-18,409808.51,Delayed
PO-04285,PR-04285,SUP-00020,EMP-00067,WH-CHN-01,2026-02-23,254257.2,Completed
PO-04286,PR-04286,SUP-00031,EMP-00016,WH-MYS-01,2026-01-20,136133.29,Completed
PO-04287,PR-04287,SUP-00029,EMP-00047,WH-HYD-01,2026-02-10,80760.8,Delayed
PO-04288,PR-04288,SUP-00017,EMP-00011,WH-BLR-01,2026-03-12,376746.75,Completed
PO-04289,PR-04289,SUP-00048,EMP-00021,WH-MYS-01,2026-03-20,47587.35,Completed
PO-04290,PR-04290,SUP-00038,EMP-00096,WH-BLR-01,2026-05-14,291765.6,Delayed
PO-04291,PR-04291,SUP-00024,EMP-00058,WH-CHN-01,2026-02-16,70818.45,Completed
PO-04292,PR-04292,SUP-00005,EMP-00091,WH-BLR-01,2026-05-28,542999.1,Completed
PO-04293,PR-04293,SUP-00036,EMP-00006,WH-CHN-01,2026-05-28,366155.91,Completed
PO-04294,PR-04294,SUP-00029,EMP-00099,WH-CHN-01,2026-05-18,3735.6,Completed
PO-04295,PR-04295,SUP-00019,EMP-00077,WH-HYD-01,2026-04-29,153089.44,Delayed
PO-04296,PR-04296,SUP-00044,EMP-00087,WH-MYS-01,2026-05-14,300893.32,Cancelled
PO-04297,PR-04297,SUP-00025,EMP-00035,WH-HYD-01,2026-03-24,331119.28,Completed
PO-04298,PR-04298,SUP-00039,EMP-00061,WH-BLR-01,2026-02-11,218169.56,Completed
PO-04299,PR-04299,SUP-00024,EMP-00046,WH-MYS-01,2026-03-29,23643.15,Completed
PO-04300,PR-04300,SUP-00004,EMP-00021,WH-CHN-01,2026-05-14,256598.16,Completed
PO-04301,PR-04301,SUP-00017,EMP-00094,WH-HYD-01,2026-04-12,98270.55,Cancelled
PO-04302,PR-04302,SUP-00032,EMP-00061,WH-CHN-01,2026-03-29,274837.08,Completed
PO-04303,PR-04303,SUP-00026,EMP-00043,WH-MYS-01,2026-03-25,201902.0,Completed
PO-04304,PR-04304,SUP-00044,EMP-00091,WH-CHN-01,2026-01-29,555134.3,Completed
PO-04305,PR-04305,SUP-00014,EMP-00091,WH-BLR-01,2026-03-18,9790.87,Completed
PO-04306,PR-04306,SUP-00044,EMP-00042,WH-CHN-01,2026-01-06,125100.3,Completed
PO-04307,PR-04307,SUP-00003,EMP-00080,WH-CHN-01,2026-03-24,127152.62,Completed
PO-04308,PR-04308,SUP-00010,EMP-00010,WH-CHN-01,2026-01-26,119546.82,Delayed
PO-04309,PR-04309,SUP-00021,EMP-00016,WH-BLR-01,2026-02-28,3507.08,Completed
PO-04310,PR-04310,SUP-00002,EMP-00094,WH-HYD-01,2026-02-26,354210.87,Completed
PO-04311,PR-04311,SUP-00027,EMP-00093,WH-BLR-01,2026-06-05,108069.66,Completed
PO-04312,PR-04312,SUP-00018,EMP-00094,WH-MYS-01,2026-05-04,98247.12,Completed
PO-04313,PR-04313,SUP-00002,EMP-00077,WH-CHN-01,2026-05-12,130473.3,Completed
PO-04314,PR-04314,SUP-00003,EMP-00044,WH-MYS-01,2026-03-18,92093.65,Completed
PO-04315,PR-04315,SUP-00011,EMP-00009,WH-BLR-01,2026-03-29,126188.31,Completed
PO-04316,PR-04316,SUP-00017,EMP-00074,WH-CHN-01,2026-03-28,186937.5,Completed
PO-04317,PR-04317,SUP-00018,EMP-00080,WH-HYD-01,2026-05-10,4414.8,Completed
PO-04318,PR-04318,SUP-00008,EMP-00015,WH-MYS-01,2026-04-15,327104.16,Completed
PO-04319,PR-04319,SUP-00007,EMP-00024,WH-CHN-01,2026-02-03,28304.5,Delayed
PO-04320,PR-04320,SUP-00016,EMP-00020,WH-MYS-01,2026-05-23,42533.01,Completed
PO-04321,PR-04321,SUP-00043,EMP-00083,WH-CHN-01,2026-03-01,588023.52,Completed
PO-04322,PR-04322,SUP-00046,EMP-00022,WH-HYD-01,2026-05-29,336984.96,Completed
PO-04323,PR-04323,SUP-00012,EMP-00012,WH-HYD-01,2026-05-22,229554.4,Completed
PO-04324,PR-04324,SUP-00004,EMP-00017,WH-BLR-01,2026-03-09,529607.9,Delayed
PO-04325,PR-04325,SUP-00022,EMP-00023,WH-HYD-01,2026-02-02,22207.43,Completed
PO-04326,PR-04326,SUP-00015,EMP-00037,WH-BLR-01,2026-02-19,106252.0,Completed
PO-04327,PR-04327,SUP-00048,EMP-00008,WH-CHN-01,2026-05-10,149032.3,Delayed
PO-04328,PR-04328,SUP-00010,EMP-00025,WH-HYD-01,2026-03-11,143926.47,Completed
PO-04329,PR-04329,SUP-00017,EMP-00100,WH-HYD-01,2026-04-19,220291.92,Completed
PO-04330,PR-04330,SUP-00044,EMP-00084,WH-BLR-01,2026-02-19,33794.81,Completed
PO-04331,PR-04331,SUP-00027,EMP-00006,WH-CHN-01,2026-02-26,499028.25,Completed
PO-04332,PR-04332,SUP-00041,EMP-00051,WH-MYS-01,2026-04-18,22070.08,Completed
PO-04333,PR-04333,SUP-00034,EMP-00067,WH-BLR-01,2026-04-07,2276.22,Completed
PO-04334,PR-04334,SUP-00031,EMP-00099,WH-HYD-01,2026-06-13,464763.6,Completed
PO-04335,PR-04335,SUP-00039,EMP-00046,WH-BLR-01,2026-02-17,191067.11,Completed
PO-04336,PR-04336,SUP-00047,EMP-00026,WH-MYS-01,2026-05-08,90726.72,Completed
PO-04337,PR-04337,SUP-00008,EMP-00086,WH-MYS-01,2026-01-31,116109.95,Completed
PO-04338,PR-04338,SUP-00011,EMP-00020,WH-BLR-01,2026-04-18,79450.01,Cancelled
PO-04339,PR-04339,SUP-00036,EMP-00042,WH-HYD-01,2026-01-25,229761.5,Delayed
PO-04340,PR-04340,SUP-00013,EMP-00060,WH-BLR-01,2026-05-05,75402.22,Completed
PO-04341,PR-04341,SUP-00002,EMP-00062,WH-CHN-01,2026-04-08,312758.25,Completed
PO-04342,PR-04342,SUP-00011,EMP-00085,WH-CHN-01,2026-05-01,6065.25,Completed
PO-04343,PR-04343,SUP-00024,EMP-00022,WH-MYS-01,2026-02-02,176612.64,Completed
PO-04344,PR-04344,SUP-00038,EMP-00086,WH-MYS-01,2026-02-19,271608.12,Completed
PO-04345,PR-04345,SUP-00030,EMP-00088,WH-HYD-01,2026-03-14,310791.32,Completed
PO-04346,PR-04346,SUP-00032,EMP-00060,WH-HYD-01,2026-04-27,12973.14,Completed
PO-04347,PR-04347,SUP-00017,EMP-00031,WH-MYS-01,2026-03-27,204529.92,Completed
PO-04348,PR-04348,SUP-00033,EMP-00084,WH-CHN-01,2026-04-25,377027.19,Completed
PO-04349,PR-04349,SUP-00019,EMP-00072,WH-HYD-01,2026-01-26,270299.23,Completed
PO-04350,PR-04350,SUP-00004,EMP-00060,WH-MYS-01,2026-05-25,181623.96,Delayed
PO-04351,PR-04351,SUP-00016,EMP-00069,WH-CHN-01,2026-04-18,223198.0,Completed
PO-04352,PR-04352,SUP-00047,EMP-00013,WH-HYD-01,2026-04-18,238649.58,Delayed
PO-04353,PR-04353,SUP-00038,EMP-00042,WH-HYD-01,2026-04-09,114880.75,Completed
PO-04354,PR-04354,SUP-00017,EMP-00022,WH-CHN-01,2026-04-27,620675.52,Completed
PO-04355,PR-04355,SUP-00007,EMP-00050,WH-HYD-01,2026-03-19,185894.32,Completed
PO-04356,PR-04356,SUP-00048,EMP-00045,WH-HYD-01,2026-03-09,4452.44,Completed
PO-04357,PR-04357,SUP-00035,EMP-00092,WH-BLR-01,2026-05-20,63048.4,Completed
PO-04358,PR-04358,SUP-00045,EMP-00030,WH-BLR-01,2026-03-08,324184.0,Cancelled
PO-04359,PR-04359,SUP-00016,EMP-00089,WH-CHN-01,2026-04-09,214923.8,Completed
PO-04360,PR-04360,SUP-00011,EMP-00065,WH-CHN-01,2026-06-11,200165.28,Completed
PO-04361,PR-04361,SUP-00020,EMP-00010,WH-MYS-01,2026-03-22,236061.5,Completed
PO-04362,PR-04362,SUP-00023,EMP-00072,WH-CHN-01,2026-04-29,65980.56,Completed
PO-04363,PR-04363,SUP-00033,EMP-00043,WH-MYS-01,2026-02-27,63576.31,Completed
PO-04364,PR-04364,SUP-00026,EMP-00082,WH-MYS-01,2026-04-21,574022.96,Completed
PO-04365,PR-04365,SUP-00039,EMP-00086,WH-CHN-01,2026-02-27,249981.76,Completed
PO-04366,PR-04366,SUP-00009,EMP-00024,WH-CHN-01,2026-04-24,202277.76,Completed
PO-04367,PR-04367,SUP-00008,EMP-00044,WH-HYD-01,2026-03-10,72505.66,Cancelled
PO-04368,PR-04368,SUP-00013,EMP-00051,WH-CHN-01,2026-01-21,204529.92,Completed
PO-04369,PR-04369,SUP-00042,EMP-00079,WH-HYD-01,2026-05-19,195817.4,Cancelled
PO-04370,PR-04370,SUP-00004,EMP-00064,WH-MYS-01,2026-05-04,160521.82,Completed
PO-04371,PR-04371,SUP-00048,EMP-00051,WH-HYD-01,2026-01-07,33100.41,Completed
PO-04372,PR-04372,SUP-00015,EMP-00032,WH-HYD-01,2026-03-21,269744.86,Completed
PO-04373,PR-04373,SUP-00034,EMP-00079,WH-CHN-01,2026-02-17,141639.2,Completed
PO-04374,PR-04374,SUP-00050,EMP-00099,WH-BLR-01,2026-03-31,265830.88,Delayed
PO-04375,PR-04375,SUP-00043,EMP-00018,WH-BLR-01,2026-02-16,31167.08,Delayed
PO-04376,PR-04376,SUP-00014,EMP-00013,WH-HYD-01,2026-02-07,156100.62,Completed
PO-04377,PR-04377,SUP-00017,EMP-00038,WH-HYD-01,2026-01-30,257756.73,Completed
PO-04378,PR-04378,SUP-00022,EMP-00024,WH-CHN-01,2026-05-11,71841.84,Delayed
PO-04379,PR-04379,SUP-00032,EMP-00092,WH-CHN-01,2026-04-06,9512.7,Completed
PO-04380,PR-04380,SUP-00045,EMP-00005,WH-HYD-01,2026-05-29,133261.67,Completed
PO-04381,PR-04381,SUP-00008,EMP-00018,WH-MYS-01,2026-05-15,143669.0,Completed
PO-04382,PR-04382,SUP-00035,EMP-00067,WH-MYS-01,2026-05-04,29722.27,Delayed
PO-04383,PR-04383,SUP-00046,EMP-00042,WH-CHN-01,2026-05-05,86339.37,Completed
PO-04384,PR-04384,SUP-00004,EMP-00087,WH-BLR-01,2026-06-06,107460.06,Completed
PO-04385,PR-04385,SUP-00005,EMP-00029,WH-HYD-01,2026-04-29,445337.64,Delayed
PO-04386,PR-04386,SUP-00039,EMP-00038,WH-MYS-01,2026-03-22,257483.73,Cancelled
PO-04387,PR-04387,SUP-00020,EMP-00071,WH-CHN-01,2026-01-09,193570.43,Delayed
PO-04388,PR-04388,SUP-00047,EMP-00093,WH-BLR-01,2026-01-07,63048.4,Delayed
PO-04389,PR-04389,SUP-00019,EMP-00096,WH-CHN-01,2026-04-18,3565.62,Completed
PO-04390,PR-04390,SUP-00021,EMP-00037,WH-CHN-01,2026-04-10,32348.0,Completed
PO-04391,PR-04391,SUP-00017,EMP-00085,WH-BLR-01,2026-04-04,117530.4,Completed
PO-04392,PR-04392,SUP-00044,EMP-00007,WH-MYS-01,2026-04-05,166620.3,Completed
PO-04393,PR-04393,SUP-00047,EMP-00092,WH-HYD-01,2026-01-24,300971.1,Completed
PO-04394,PR-04394,SUP-00006,EMP-00020,WH-MYS-01,2026-01-03,197594.89,Delayed
PO-04395,PR-04395,SUP-00006,EMP-00062,WH-BLR-01,2026-01-13,124625.0,Completed
PO-04396,PR-04396,SUP-00019,EMP-00027,WH-CHN-01,2026-01-12,425341.02,Completed
PO-04397,PR-04397,SUP-00025,EMP-00025,WH-MYS-01,2026-03-02,106681.43,Delayed
PO-04398,PR-04398,SUP-00013,EMP-00081,WH-BLR-01,2026-03-24,226006.4,Completed
PO-04399,PR-04399,SUP-00030,EMP-00037,WH-MYS-01,2026-04-11,207939.16,Completed
PO-04400,PR-04400,SUP-00034,EMP-00042,WH-HYD-01,2026-04-24,257756.73,Completed
PO-04401,PR-04401,SUP-00005,EMP-00056,WH-BLR-01,2026-04-10,458832.72,Completed
PO-04402,PR-04402,SUP-00003,EMP-00083,WH-CHN-01,2026-03-30,300398.34,Completed
PO-04403,PR-04403,SUP-00032,EMP-00086,WH-HYD-01,2026-04-09,152776.25,Completed
PO-04404,PR-04404,SUP-00005,EMP-00015,WH-HYD-01,2026-01-15,179583.82,Completed
PO-04405,PR-04405,SUP-00012,EMP-00002,WH-HYD-01,2026-01-13,89703.37,Completed
PO-04406,PR-04406,SUP-00031,EMP-00017,WH-HYD-01,2026-01-15,426463.44,Delayed
PO-04407,PR-04407,SUP-00026,EMP-00090,WH-BLR-01,2026-04-05,51622.89,Completed
PO-04408,PR-04408,SUP-00024,EMP-00019,WH-HYD-01,2026-05-14,89429.62,Delayed
PO-04409,PR-04409,SUP-00023,EMP-00082,WH-HYD-01,2026-04-30,106142.64,Delayed
PO-04410,PR-04410,SUP-00050,EMP-00008,WH-HYD-01,2026-03-19,374991.46,Completed
PO-04411,PR-04411,SUP-00020,EMP-00033,WH-BLR-01,2026-06-06,40683.99,Completed
PO-04412,PR-04412,SUP-00018,EMP-00088,WH-CHN-01,2026-03-19,250200.6,Completed
PO-04413,PR-04413,SUP-00039,EMP-00059,WH-HYD-01,2026-04-30,176297.29,Completed
PO-04414,PR-04414,SUP-00042,EMP-00045,WH-HYD-01,2026-04-22,220291.92,Completed
PO-04415,PR-04415,SUP-00010,EMP-00081,WH-BLR-01,2026-01-13,334886.0,Completed
PO-04416,PR-04416,SUP-00008,EMP-00051,WH-CHN-01,2026-04-09,12139.84,Completed
PO-04417,PR-04417,SUP-00023,EMP-00018,WH-MYS-01,2026-04-15,113421.36,Delayed
PO-04418,PR-04418,SUP-00039,EMP-00045,WH-HYD-01,2026-03-13,139909.88,Completed
PO-04419,PR-04419,SUP-00012,EMP-00048,WH-HYD-01,2026-03-31,8987.71,Completed
PO-04420,PR-04420,SUP-00021,EMP-00042,WH-HYD-01,2026-04-08,315652.68,Completed
PO-04421,PR-04421,SUP-00039,EMP-00095,WH-HYD-01,2026-05-12,103273.92,Delayed
PO-04422,PR-04422,SUP-00011,EMP-00057,WH-BLR-01,2026-01-06,377027.19,Delayed
PO-04423,PR-04423,SUP-00024,EMP-00100,WH-HYD-01,2026-03-19,1718.2,Completed
PO-04424,PR-04424,SUP-00039,EMP-00083,WH-CHN-01,2026-02-19,10345.35,Completed
PO-04425,PR-04425,SUP-00042,EMP-00077,WH-HYD-01,2026-01-17,3436.4,Completed
PO-04426,PR-04426,SUP-00036,EMP-00076,WH-BLR-01,2026-01-10,86329.75,Completed
PO-04427,PR-04427,SUP-00035,EMP-00029,WH-BLR-01,2026-01-30,256598.16,Completed
PO-04428,PR-04428,SUP-00050,EMP-00011,WH-BLR-01,2026-02-23,366399.6,Completed
PO-04429,PR-04429,SUP-00024,EMP-00021,WH-BLR-01,2026-03-01,263387.57,Completed
PO-04430,PR-04430,SUP-00018,EMP-00030,WH-CHN-01,2026-05-30,46710.74,Cancelled
PO-04431,PR-04431,SUP-00009,EMP-00007,WH-HYD-01,2026-05-19,158887.3,Completed
PO-04432,PR-04432,SUP-00009,EMP-00040,WH-MYS-01,2026-02-08,445605.6,Completed
PO-04433,PR-04433,SUP-00013,EMP-00054,WH-CHN-01,2026-03-22,165218.94,Completed
PO-04434,PR-04434,SUP-00007,EMP-00011,WH-MYS-01,2026-03-23,485822.88,Completed
PO-04435,PR-04435,SUP-00047,EMP-00069,WH-HYD-01,2026-05-11,543544.95,Delayed
PO-04436,PR-04436,SUP-00016,EMP-00091,WH-MYS-01,2026-05-19,143616.6,Completed
PO-04437,PR-04437,SUP-00050,EMP-00050,WH-HYD-01,2026-03-30,293949.4,Delayed
PO-04438,PR-04438,SUP-00046,EMP-00100,WH-BLR-01,2026-04-25,400118.12,Completed
PO-04439,PR-04439,SUP-00023,EMP-00065,WH-HYD-01,2026-03-31,66414.9,Completed
PO-04440,PR-04440,SUP-00028,EMP-00048,WH-CHN-01,2026-01-17,151376.4,Delayed
PO-04441,PR-04441,SUP-00043,EMP-00076,WH-BLR-01,2026-03-16,371788.64,Completed
PO-04442,PR-04442,SUP-00017,EMP-00008,WH-MYS-01,2026-05-19,16803.11,Delayed
PO-04443,PR-04443,SUP-00025,EMP-00040,WH-MYS-01,2026-03-12,18884.92,Completed
PO-04444,PR-04444,SUP-00050,EMP-00046,WH-BLR-01,2026-03-05,337181.25,Completed
PO-04445,PR-04445,SUP-00020,EMP-00050,WH-CHN-01,2026-02-28,136087.72,Cancelled
PO-04446,PR-04446,SUP-00033,EMP-00097,WH-HYD-01,2026-05-11,14849.26,Completed
PO-04447,PR-04447,SUP-00036,EMP-00006,WH-BLR-01,2026-05-09,423762.0,Completed
PO-04448,PR-04448,SUP-00018,EMP-00087,WH-CHN-01,2026-01-17,318789.38,Completed
PO-04449,PR-04449,SUP-00036,EMP-00066,WH-MYS-01,2026-04-22,375289.47,Delayed
PO-04450,PR-04450,SUP-00009,EMP-00041,WH-HYD-01,2026-05-02,200617.48,Completed
PO-04451,PR-04451,SUP-00044,EMP-00050,WH-CHN-01,2026-03-07,84003.36,Cancelled
PO-04452,PR-04452,SUP-00010,EMP-00069,WH-HYD-01,2026-04-27,76926.15,Completed
PO-04453,PR-04453,SUP-00018,EMP-00100,WH-BLR-01,2026-01-27,1796.3,Completed
PO-04454,PR-04454,SUP-00045,EMP-00055,WH-HYD-01,2026-03-31,210008.4,Completed
PO-04455,PR-04455,SUP-00014,EMP-00075,WH-CHN-01,2026-01-14,131219.52,Delayed
PO-04456,PR-04456,SUP-00050,EMP-00100,WH-BLR-01,2026-04-23,109188.44,Completed
PO-04457,PR-04457,SUP-00017,EMP-00096,WH-BLR-01,2026-03-18,6359.54,Completed
PO-04458,PR-04458,SUP-00010,EMP-00077,WH-HYD-01,2026-05-07,562093.74,Completed
PO-04459,PR-04459,SUP-00002,EMP-00024,WH-HYD-01,2026-04-04,587898.8,Completed
PO-04460,PR-04460,SUP-00027,EMP-00073,WH-BLR-01,2026-02-06,437398.4,Completed
PO-04461,PR-04461,SUP-00001,EMP-00100,WH-BLR-01,2026-02-05,29431.5,Completed
PO-04462,PR-04462,SUP-00025,EMP-00049,WH-MYS-01,2026-05-06,178963.68,Completed
PO-04463,PR-04463,SUP-00021,EMP-00044,WH-MYS-01,2026-02-16,268382.6,Completed
PO-04464,PR-04464,SUP-00031,EMP-00015,WH-BLR-01,2026-04-29,8606.16,Completed
PO-04465,PR-04465,SUP-00006,EMP-00085,WH-HYD-01,2026-02-04,398471.4,Completed
PO-04466,PR-04466,SUP-00006,EMP-00079,WH-HYD-01,2026-04-14,78514.2,Delayed
PO-04467,PR-04467,SUP-00045,EMP-00065,WH-HYD-01,2026-04-01,275364.9,Completed
PO-04468,PR-04468,SUP-00050,EMP-00098,WH-CHN-01,2026-02-12,85289.76,Completed
PO-04469,PR-04469,SUP-00027,EMP-00036,WH-HYD-01,2026-01-19,6140.68,Completed
PO-04470,PR-04470,SUP-00006,EMP-00052,WH-BLR-01,2026-04-28,9082.33,Completed
PO-04471,PR-04471,SUP-00043,EMP-00078,WH-MYS-01,2026-02-01,61461.5,Completed
PO-04472,PR-04472,SUP-00037,EMP-00064,WH-MYS-01,2026-02-19,215558.1,Delayed
PO-04473,PR-04473,SUP-00034,EMP-00006,WH-HYD-01,2026-01-12,74081.87,Completed
PO-04474,PR-04474,SUP-00017,EMP-00002,WH-MYS-01,2026-01-24,252376.62,Completed
PO-04475,PR-04475,SUP-00028,EMP-00018,WH-HYD-01,2026-01-31,160702.56,Completed
PO-04476,PR-04476,SUP-00039,EMP-00051,WH-BLR-01,2026-04-23,69353.24,Completed
PO-04477,PR-04477,SUP-00027,EMP-00011,WH-BLR-01,2026-05-29,12044.95,Delayed
PO-04478,PR-04478,SUP-00036,EMP-00033,WH-BLR-01,2026-04-03,694980.5,Completed
PO-04479,PR-04479,SUP-00014,EMP-00028,WH-CHN-01,2026-03-03,216051.2,Completed
PO-04480,PR-04480,SUP-00016,EMP-00075,WH-HYD-01,2026-02-24,236061.5,Completed
PO-04481,PR-04481,SUP-00039,EMP-00061,WH-HYD-01,2026-02-23,256406.52,Completed
PO-04482,PR-04482,SUP-00043,EMP-00041,WH-CHN-01,2026-03-05,130857.0,Completed
PO-04483,PR-04483,SUP-00025,EMP-00063,WH-MYS-01,2026-01-06,117490.44,Completed
PO-04484,PR-04484,SUP-00034,EMP-00032,WH-BLR-01,2026-05-27,6282.6,Completed
PO-04485,PR-04485,SUP-00032,EMP-00073,WH-CHN-01,2026-05-02,90811.98,Completed
PO-04486,PR-04486,SUP-00012,EMP-00055,WH-MYS-01,2026-04-08,152279.52,Completed
PO-04487,PR-04487,SUP-00049,EMP-00026,WH-BLR-01,2026-01-11,690781.09,Completed
PO-04488,PR-04488,SUP-00019,EMP-00081,WH-MYS-01,2026-04-12,120681.96,Completed
PO-04489,PR-04489,SUP-00044,EMP-00004,WH-HYD-01,2026-04-11,278495.5,Delayed
PO-04490,PR-04490,SUP-00035,EMP-00062,WH-HYD-01,2026-01-27,115030.75,Delayed
PO-04491,PR-04491,SUP-00037,EMP-00100,WH-CHN-01,2026-02-12,418919.1,Completed
PO-04492,PR-04492,SUP-00033,EMP-00021,WH-CHN-01,2026-04-10,168006.72,Delayed
PO-04493,PR-04493,SUP-00039,EMP-00042,WH-BLR-01,2026-05-23,261257.49,Completed
PO-04494,PR-04494,SUP-00010,EMP-00001,WH-BLR-01,2026-06-01,569884.01,Completed
PO-04495,PR-04495,SUP-00047,EMP-00013,WH-MYS-01,2026-02-06,25379.92,Completed
PO-04496,PR-04496,SUP-00049,EMP-00064,WH-BLR-01,2026-04-25,31563.72,Delayed
PO-04497,PR-04497,SUP-00047,EMP-00076,WH-CHN-01,2026-05-24,14834.97,Completed
PO-04498,PR-04498,SUP-00024,EMP-00060,WH-CHN-01,2026-02-22,165540.15,Completed
PO-04499,PR-04499,SUP-00036,EMP-00017,WH-CHN-01,2026-05-09,236787.5,Completed
PO-04500,PR-04500,SUP-00035,EMP-00100,WH-CHN-01,2026-05-14,178067.12,Completed
PO-04501,PR-04501,SUP-00010,EMP-00040,WH-HYD-01,2026-03-21,404635.56,Completed
PO-04502,PR-04502,SUP-00043,EMP-00035,WH-HYD-01,2026-04-15,33149.6,Completed
PO-04503,PR-04503,SUP-00020,EMP-00089,WH-CHN-01,2026-02-03,453661.81,Delayed
PO-04504,PR-04504,SUP-00010,EMP-00085,WH-BLR-01,2026-03-30,4754.16,Completed
PO-04505,PR-04505,SUP-00027,EMP-00077,WH-CHN-01,2026-05-10,132133.68,Delayed
PO-04506,PR-04506,SUP-00008,EMP-00086,WH-CHN-01,2026-05-05,75349.35,Completed
PO-04507,PR-04507,SUP-00019,EMP-00051,WH-HYD-01,2026-05-14,317113.84,Completed
PO-04508,PR-04508,SUP-00046,EMP-00084,WH-CHN-01,2026-04-01,215796.0,Completed
PO-04509,PR-04509,SUP-00003,EMP-00027,WH-CHN-01,2026-02-02,265659.6,Completed
PO-04510,PR-04510,SUP-00009,EMP-00022,WH-BLR-01,2026-03-10,117717.44,Completed
PO-04511,PR-04511,SUP-00048,EMP-00077,WH-BLR-01,2026-05-28,90380.4,Completed
PO-04512,PR-04512,SUP-00005,EMP-00033,WH-HYD-01,2026-03-02,88504.56,Completed
PO-04513,PR-04513,SUP-00036,EMP-00068,WH-MYS-01,2026-04-23,189442.55,Completed
PO-04514,PR-04514,SUP-00047,EMP-00053,WH-HYD-01,2026-04-03,22216.04,Completed
PO-04515,PR-04515,SUP-00002,EMP-00047,WH-MYS-01,2026-05-30,19667.68,Completed
PO-04516,PR-04516,SUP-00025,EMP-00051,WH-MYS-01,2026-04-21,46404.0,Completed
PO-04517,PR-04517,SUP-00046,EMP-00076,WH-CHN-01,2026-05-31,77838.84,Completed
PO-04518,PR-04518,SUP-00039,EMP-00043,WH-CHN-01,2026-05-15,439021.8,Completed
PO-04519,PR-04519,SUP-00045,EMP-00052,WH-CHN-01,2026-04-08,436111.65,Completed
PO-04520,PR-04520,SUP-00031,EMP-00022,WH-MYS-01,2026-05-26,88117.83,Completed
PO-04521,PR-04521,SUP-00009,EMP-00031,WH-BLR-01,2026-03-22,79496.67,Delayed
PO-04522,PR-04522,SUP-00002,EMP-00041,WH-CHN-01,2026-01-21,475392.54,Completed
PO-04523,PR-04523,SUP-00044,EMP-00023,WH-CHN-01,2026-02-16,447600.27,Delayed
PO-04524,PR-04524,SUP-00033,EMP-00046,WH-BLR-01,2026-04-10,175444.59,Completed
PO-04525,PR-04525,SUP-00005,EMP-00010,WH-HYD-01,2026-04-19,474774.98,Completed
PO-04526,PR-04526,SUP-00020,EMP-00065,WH-HYD-01,2026-01-10,3905.0,Delayed
PO-04527,PR-04527,SUP-00005,EMP-00025,WH-CHN-01,2026-03-24,12642.36,Completed
PO-04528,PR-04528,SUP-00005,EMP-00032,WH-BLR-01,2026-05-08,546080.52,Completed
PO-04529,PR-04529,SUP-00035,EMP-00099,WH-BLR-01,2026-02-09,347928.8,Completed
PO-04530,PR-04530,SUP-00005,EMP-00027,WH-HYD-01,2026-03-02,50588.79,Completed
PO-04531,PR-04531,SUP-00031,EMP-00063,WH-MYS-01,2026-05-13,59561.26,Completed
PO-04532,PR-04532,SUP-00002,EMP-00003,WH-CHN-01,2026-03-22,58148.22,Delayed
PO-04533,PR-04533,SUP-00047,EMP-00044,WH-HYD-01,2026-03-19,270179.58,Delayed
PO-04534,PR-04534,SUP-00011,EMP-00010,WH-CHN-01,2026-04-18,122188.22,Completed
PO-04535,PR-04535,SUP-00025,EMP-00075,WH-BLR-01,2026-02-15,203505.28,Delayed
PO-04536,PR-04536,SUP-00022,EMP-00025,WH-HYD-01,2026-04-28,245262.5,Delayed
PO-04537,PR-04537,SUP-00031,EMP-00004,WH-MYS-01,2026-03-21,99324.09,Completed
PO-04538,PR-04538,SUP-00045,EMP-00031,WH-CHN-01,2026-05-30,316059.0,Completed
PO-04539,PR-04539,SUP-00005,EMP-00037,WH-MYS-01,2026-02-22,682915.45,Completed
PO-04540,PR-04540,SUP-00032,EMP-00099,WH-BLR-01,2026-01-07,249945.92,Completed
PO-04541,PR-04541,SUP-00045,EMP-00017,WH-BLR-01,2026-04-11,52424.26,Completed
PO-04542,PR-04542,SUP-00010,EMP-00030,WH-CHN-01,2026-05-19,135679.18,Completed
PO-04543,PR-04543,SUP-00010,EMP-00043,WH-BLR-01,2026-04-16,279431.49,Delayed
PO-04544,PR-04544,SUP-00007,EMP-00092,WH-HYD-01,2026-03-29,619844.4,Completed
PO-04545,PR-04545,SUP-00011,EMP-00100,WH-HYD-01,2026-05-07,191360.84,Completed
PO-04546,PR-04546,SUP-00011,EMP-00010,WH-HYD-01,2026-03-02,298660.32,Completed
PO-04547,PR-04547,SUP-00010,EMP-00029,WH-HYD-01,2026-02-17,55102.64,Completed
PO-04548,PR-04548,SUP-00014,EMP-00004,WH-MYS-01,2026-01-18,392369.85,Completed
PO-04549,PR-04549,SUP-00024,EMP-00053,WH-BLR-01,2026-05-31,127139.25,Completed
PO-04550,PR-04550,SUP-00026,EMP-00058,WH-HYD-01,2026-02-13,33684.96,Completed
PO-04551,PR-04551,SUP-00006,EMP-00060,WH-HYD-01,2026-04-01,40981.46,Completed
PO-04552,PR-04552,SUP-00021,EMP-00036,WH-CHN-01,2026-05-25,143468.13,Completed
PO-04553,PR-04553,SUP-00018,EMP-00093,WH-BLR-01,2026-05-02,181646.6,Cancelled
PO-04554,PR-04554,SUP-00045,EMP-00050,WH-BLR-01,2026-03-25,358988.7,Completed
PO-04555,PR-04555,SUP-00024,EMP-00060,WH-CHN-01,2026-01-27,181030.36,Completed
PO-04556,PR-04556,SUP-00038,EMP-00085,WH-BLR-01,2026-05-20,190881.44,Delayed
PO-04557,PR-04557,SUP-00006,EMP-00096,WH-MYS-01,2026-02-04,400852.94,Delayed
PO-04558,PR-04558,SUP-00011,EMP-00035,WH-CHN-01,2026-02-12,133376.43,Completed
PO-04559,PR-04559,SUP-00017,EMP-00020,WH-MYS-01,2026-04-27,111080.2,Delayed
PO-04560,PR-04560,SUP-00047,EMP-00028,WH-CHN-01,2026-05-23,124625.0,Completed
PO-04561,PR-04561,SUP-00029,EMP-00093,WH-HYD-01,2026-05-08,240569.12,Completed
PO-04562,PR-04562,SUP-00025,EMP-00095,WH-HYD-01,2026-01-17,16676.01,Delayed
PO-04563,PR-04563,SUP-00028,EMP-00066,WH-MYS-01,2026-01-24,232961.47,Delayed
PO-04564,PR-04564,SUP-00002,EMP-00038,WH-MYS-01,2026-04-02,67806.65,Completed
PO-04565,PR-04565,SUP-00027,EMP-00071,WH-HYD-01,2026-03-03,217390.94,Completed
PO-04566,PR-04566,SUP-00006,EMP-00046,WH-MYS-01,2026-02-20,51984.79,Delayed
PO-04567,PR-04567,SUP-00011,EMP-00059,WH-CHN-01,2026-04-20,546748.0,Delayed
PO-04568,PR-04568,SUP-00023,EMP-00001,WH-MYS-01,2026-05-15,34424.64,Completed
PO-04569,PR-04569,SUP-00022,EMP-00021,WH-MYS-01,2026-04-06,340053.87,Completed
PO-04570,PR-04570,SUP-00036,EMP-00063,WH-MYS-01,2026-02-02,177098.4,Completed
PO-04571,PR-04571,SUP-00039,EMP-00079,WH-CHN-01,2026-03-28,9635.96,Completed
PO-04572,PR-04572,SUP-00018,EMP-00047,WH-HYD-01,2026-01-05,404943.48,Completed
PO-04573,PR-04573,SUP-00039,EMP-00017,WH-CHN-01,2026-06-06,61436.57,Delayed
PO-04574,PR-04574,SUP-00023,EMP-00078,WH-BLR-01,2026-04-11,285006.0,Completed
PO-04575,PR-04575,SUP-00012,EMP-00034,WH-HYD-01,2026-03-29,217953.0,Completed
PO-04576,PR-04576,SUP-00014,EMP-00016,WH-MYS-01,2026-03-17,182809.44,Completed
PO-04577,PR-04577,SUP-00042,EMP-00019,WH-BLR-01,2026-02-21,45894.15,Completed
PO-04578,PR-04578,SUP-00004,EMP-00024,WH-BLR-01,2026-06-11,104685.6,Delayed
PO-04579,PR-04579,SUP-00025,EMP-00100,WH-CHN-01,2026-01-12,46490.43,Completed
PO-04580,PR-04580,SUP-00050,EMP-00001,WH-HYD-01,2026-03-13,188041.7,Completed
PO-04581,PR-04581,SUP-00029,EMP-00055,WH-CHN-01,2026-01-19,39335.36,Completed
PO-04582,PR-04582,SUP-00027,EMP-00100,WH-MYS-01,2026-05-10,86329.75,Delayed
PO-04583,PR-04583,SUP-00016,EMP-00100,WH-MYS-01,2026-03-02,57140.46,Completed
PO-04584,PR-04584,SUP-00032,EMP-00054,WH-BLR-01,2026-04-16,292678.05,Delayed
PO-04585,PR-04585,SUP-00011,EMP-00038,WH-CHN-01,2026-01-25,274144.36,Completed
PO-04586,PR-04586,SUP-00024,EMP-00059,WH-BLR-01,2026-03-03,206891.84,Cancelled
PO-04587,PR-04587,SUP-00023,EMP-00085,WH-HYD-01,2026-01-08,11230.92,Delayed
PO-04588,PR-04588,SUP-00032,EMP-00041,WH-BLR-01,2026-06-02,72241.89,Completed
PO-04589,PR-04589,SUP-00047,EMP-00085,WH-BLR-01,2026-03-11,286637.5,Completed
PO-04590,PR-04590,SUP-00032,EMP-00023,WH-BLR-01,2026-01-14,24703.6,Completed
PO-04591,PR-04591,SUP-00038,EMP-00051,WH-BLR-01,2026-05-23,112892.75,Cancelled
PO-04592,PR-04592,SUP-00025,EMP-00082,WH-MYS-01,2026-04-29,65701.86,Delayed
PO-04593,PR-04593,SUP-00029,EMP-00037,WH-BLR-01,2026-03-02,400852.94,Delayed
PO-04594,PR-04594,SUP-00024,EMP-00060,WH-CHN-01,2026-02-25,542999.1,Completed
PO-04595,PR-04595,SUP-00043,EMP-00032,WH-HYD-01,2026-03-09,14152.25,Completed
PO-04596,PR-04596,SUP-00049,EMP-00026,WH-HYD-01,2026-01-18,56242.15,Completed
PO-04597,PR-04597,SUP-00043,EMP-00021,WH-CHN-01,2026-01-31,284476.28,Cancelled
PO-04598,PR-04598,SUP-00003,EMP-00084,WH-MYS-01,2026-05-30,594131.37,Cancelled
PO-04599,PR-04599,SUP-00033,EMP-00073,WH-CHN-01,2026-02-05,612991.47,Delayed
PO-04600,PR-04600,SUP-00050,EMP-00009,WH-CHN-01,2026-02-04,245208.06,Completed
PO-04601,PR-04601,SUP-00025,EMP-00083,WH-BLR-01,2026-05-28,240976.08,Delayed
PO-04602,PR-04602,SUP-00017,EMP-00035,WH-BLR-01,2026-03-06,44466.48,Delayed
PO-04603,PR-04603,SUP-00044,EMP-00081,WH-BLR-01,2026-05-21,16021.57,Delayed
PO-04604,PR-04604,SUP-00015,EMP-00047,WH-HYD-01,2026-03-17,106858.56,Completed
PO-04605,PR-04605,SUP-00050,EMP-00029,WH-CHN-01,2026-03-31,439021.8,Completed
PO-04606,PR-04606,SUP-00035,EMP-00048,WH-CHN-01,2026-03-11,19621.0,Completed
PO-04607,PR-04607,SUP-00030,EMP-00087,WH-CHN-01,2026-03-28,68673.5,Completed
PO-04608,PR-04608,SUP-00013,EMP-00022,WH-HYD-01,2026-03-28,103024.04,Delayed
PO-04609,PR-04609,SUP-00039,EMP-00062,WH-HYD-01,2026-03-06,1874.4,Delayed
PO-04610,PR-04610,SUP-00018,EMP-00044,WH-HYD-01,2026-02-23,649360.8,Completed
PO-04611,PR-04611,SUP-00013,EMP-00091,WH-BLR-01,2026-01-11,440924.1,Completed
PO-04612,PR-04612,SUP-00037,EMP-00035,WH-HYD-01,2026-05-01,406839.9,Completed
PO-04613,PR-04613,SUP-00038,EMP-00031,WH-MYS-01,2026-02-26,37911.59,Completed
PO-04614,PR-04614,SUP-00041,EMP-00010,WH-CHN-01,2026-03-26,118040.51,Delayed
PO-04615,PR-04615,SUP-00031,EMP-00015,WH-MYS-01,2026-05-14,529607.9,Delayed
PO-04616,PR-04616,SUP-00003,EMP-00057,WH-BLR-01,2026-02-06,674754.0,Completed
PO-04617,PR-04617,SUP-00005,EMP-00065,WH-HYD-01,2026-03-17,30126.8,Delayed
PO-04618,PR-04618,SUP-00030,EMP-00092,WH-HYD-01,2026-04-22,186571.35,Completed
PO-04619,PR-04619,SUP-00029,EMP-00041,WH-CHN-01,2026-01-29,418104.75,Completed
PO-04620,PR-04620,SUP-00002,EMP-00066,WH-CHN-01,2026-03-10,167443.0,Delayed
PO-04621,PR-04621,SUP-00050,EMP-00100,WH-BLR-01,2026-01-28,259536.65,Completed
PO-04622,PR-04622,SUP-00021,EMP-00053,WH-CHN-01,2026-02-03,216981.28,Completed
PO-04623,PR-04623,SUP-00048,EMP-00052,WH-MYS-01,2026-01-16,299441.45,Completed
PO-04624,PR-04624,SUP-00023,EMP-00014,WH-CHN-01,2026-02-10,106315.06,Cancelled
PO-04625,PR-04625,SUP-00012,EMP-00009,WH-MYS-01,2026-03-12,317134.0,Completed
PO-04626,PR-04626,SUP-00001,EMP-00077,WH-MYS-01,2026-05-23,84107.52,Completed
PO-04627,PR-04627,SUP-00001,EMP-00054,WH-BLR-01,2026-03-14,27006.4,Completed
PO-04628,PR-04628,SUP-00029,EMP-00012,WH-HYD-01,2026-02-01,43801.24,Delayed
PO-04629,PR-04629,SUP-00036,EMP-00059,WH-HYD-01,2026-03-07,662297.4,Completed
PO-04630,PR-04630,SUP-00029,EMP-00078,WH-CHN-01,2026-01-27,111880.08,Completed
PO-04631,PR-04631,SUP-00017,EMP-00019,WH-MYS-01,2026-01-17,116706.24,Completed
PO-04632,PR-04632,SUP-00046,EMP-00057,WH-MYS-01,2026-04-05,8346.14,Completed
PO-04633,PR-04633,SUP-00047,EMP-00016,WH-BLR-01,2026-03-23,215831.0,Completed
PO-04634,PR-04634,SUP-00028,EMP-00002,WH-BLR-01,2026-02-02,307022.25,Completed
PO-04635,PR-04635,SUP-00040,EMP-00079,WH-HYD-01,2026-03-17,12683.6,Delayed
PO-04636,PR-04636,SUP-00041,EMP-00020,WH-CHN-01,2026-02-04,87765.7,Completed
PO-04637,PR-04637,SUP-00028,EMP-00083,WH-MYS-01,2026-04-25,228943.44,Completed
PO-04638,PR-04638,SUP-00025,EMP-00077,WH-HYD-01,2026-03-23,611582.84,Completed
PO-04639,PR-04639,SUP-00017,EMP-00020,WH-HYD-01,2026-03-19,86046.1,Completed
PO-04640,PR-04640,SUP-00029,EMP-00046,WH-MYS-01,2026-03-28,125100.3,Completed
PO-04641,PR-04641,SUP-00043,EMP-00096,WH-HYD-01,2026-04-12,6452.4,Delayed
PO-04642,PR-04642,SUP-00046,EMP-00059,WH-MYS-01,2026-01-11,353178.0,Completed
PO-04643,PR-04643,SUP-00004,EMP-00044,WH-HYD-01,2026-04-05,469961.76,Delayed
PO-04644,PR-04644,SUP-00033,EMP-00067,WH-CHN-01,2026-02-18,177728.32,Completed
PO-04645,PR-04645,SUP-00032,EMP-00079,WH-HYD-01,2026-05-24,175144.62,Completed
PO-04646,PR-04646,SUP-00023,EMP-00007,WH-CHN-01,2026-02-11,222112.21,Completed
PO-04647,PR-04647,SUP-00044,EMP-00087,WH-HYD-01,2026-03-10,546080.52,Completed
PO-04648,PR-04648,SUP-00024,EMP-00041,WH-MYS-01,2026-04-21,359263.5,Completed
PO-04649,PR-04649,SUP-00020,EMP-00024,WH-HYD-01,2026-04-14,264049.24,Completed
PO-04650,PR-04650,SUP-00025,EMP-00074,WH-HYD-01,2026-02-27,338041.81,Delayed
PO-04651,PR-04651,SUP-00043,EMP-00034,WH-HYD-01,2026-04-09,27799.22,Delayed
PO-04652,PR-04652,SUP-00003,EMP-00054,WH-CHN-01,2026-01-10,209368.54,Completed
PO-04653,PR-04653,SUP-00039,EMP-00057,WH-HYD-01,2026-01-16,85501.8,Completed
PO-04654,PR-04654,SUP-00003,EMP-00079,WH-BLR-01,2026-05-02,110350.17,Completed
PO-04655,PR-04655,SUP-00027,EMP-00092,WH-MYS-01,2026-05-07,415476.0,Completed
PO-04656,PR-04656,SUP-00013,EMP-00022,WH-MYS-01,2026-04-21,229761.5,Completed
PO-04657,PR-04657,SUP-00004,EMP-00044,WH-MYS-01,2026-05-15,348889.32,Completed
PO-04658,PR-04658,SUP-00013,EMP-00094,WH-HYD-01,2026-03-07,75691.48,Completed
PO-04659,PR-04659,SUP-00001,EMP-00043,WH-CHN-01,2026-04-11,337674.96,Completed
PO-04660,PR-04660,SUP-00005,EMP-00049,WH-HYD-01,2026-05-19,461093.5,Completed
PO-04661,PR-04661,SUP-00017,EMP-00095,WH-HYD-01,2026-02-08,781.0,Delayed
PO-04662,PR-04662,SUP-00022,EMP-00094,WH-CHN-01,2026-01-09,67777.03,Delayed
PO-04663,PR-04663,SUP-00029,EMP-00009,WH-HYD-01,2026-04-16,2589.62,Delayed
PO-04664,PR-04664,SUP-00008,EMP-00077,WH-CHN-01,2026-01-19,45385.76,Completed
PO-04665,PR-04665,SUP-00039,EMP-00003,WH-MYS-01,2026-03-05,6359.54,Delayed
PO-04666,PR-04666,SUP-00023,EMP-00080,WH-HYD-01,2026-05-21,493458.0,Completed
PO-04667,PR-04667,SUP-00026,EMP-00062,WH-CHN-01,2026-06-16,27754.02,Completed
PO-04668,PR-04668,SUP-00041,EMP-00051,WH-HYD-01,2026-05-10,189858.62,Completed
PO-04669,PR-04669,SUP-00017,EMP-00005,WH-MYS-01,2026-03-02,7810.8,Completed
PO-04670,PR-04670,SUP-00031,EMP-00066,WH-MYS-01,2026-04-22,19271.92,Completed
PO-04671,PR-04671,SUP-00030,EMP-00076,WH-HYD-01,2026-04-09,220336.32,Completed
PO-04672,PR-04672,SUP-00007,EMP-00067,WH-BLR-01,2026-05-20,137072.18,Delayed
PO-04673,PR-04673,SUP-00031,EMP-00043,WH-MYS-01,2026-04-05,251504.08,Completed
PO-04674,PR-04674,SUP-00026,EMP-00038,WH-BLR-01,2026-01-22,230556.25,Cancelled
PO-04675,PR-04675,SUP-00004,EMP-00084,WH-MYS-01,2026-05-06,161066.29,Delayed
PO-04676,PR-04676,SUP-00002,EMP-00031,WH-HYD-01,2026-01-29,88184.82,Completed
PO-04677,PR-04677,SUP-00040,EMP-00036,WH-BLR-01,2026-01-20,569791.35,Delayed
PO-04678,PR-04678,SUP-00013,EMP-00011,WH-CHN-01,2026-05-25,14370.54,Completed
PO-04679,PR-04679,SUP-00024,EMP-00068,WH-MYS-01,2026-02-20,380095.03,Completed
PO-04680,PR-04680,SUP-00031,EMP-00019,WH-HYD-01,2026-02-07,131219.52,Completed
PO-04681,PR-04681,SUP-00001,EMP-00034,WH-CHN-01,2026-05-28,70627.0,Delayed
PO-04682,PR-04682,SUP-00042,EMP-00029,WH-MYS-01,2026-04-06,17855.84,Completed
PO-04683,PR-04683,SUP-00012,EMP-00011,WH-HYD-01,2026-01-08,12960.96,Delayed
PO-04684,PR-04684,SUP-00047,EMP-00100,WH-MYS-01,2026-01-22,171421.38,Completed
PO-04685,PR-04685,SUP-00042,EMP-00082,WH-HYD-01,2026-01-19,43801.24,Completed
PO-04686,PR-04686,SUP-00034,EMP-00012,WH-BLR-01,2026-05-19,45318.35,Completed
PO-04687,PR-04687,SUP-00014,EMP-00059,WH-CHN-01,2026-06-03,307207.34,Completed
PO-04688,PR-04688,SUP-00020,EMP-00003,WH-CHN-01,2026-02-24,616024.64,Completed
PO-04689,PR-04689,SUP-00021,EMP-00039,WH-MYS-01,2026-02-20,58726.08,Completed
PO-04690,PR-04690,SUP-00011,EMP-00059,WH-BLR-01,2026-01-24,390956.3,Completed
PO-04691,PR-04691,SUP-00046,EMP-00019,WH-HYD-01,2026-03-11,132783.77,Completed
PO-04692,PR-04692,SUP-00030,EMP-00097,WH-CHN-01,2026-02-26,410235.35,Delayed
PO-04693,PR-04693,SUP-00025,EMP-00046,WH-CHN-01,2026-03-19,540359.16,Delayed
PO-04694,PR-04694,SUP-00016,EMP-00079,WH-BLR-01,2026-05-29,66216.06,Completed
PO-04695,PR-04695,SUP-00045,EMP-00015,WH-BLR-01,2026-01-23,169519.0,Completed
PO-04696,PR-04696,SUP-00016,EMP-00041,WH-HYD-01,2026-05-17,242792.35,Completed
PO-04697,PR-04697,SUP-00034,EMP-00031,WH-BLR-01,2026-02-27,119533.5,Completed
PO-04698,PR-04698,SUP-00022,EMP-00086,WH-MYS-01,2026-04-30,384897.24,Completed
PO-04699,PR-04699,SUP-00040,EMP-00041,WH-BLR-01,2026-03-10,326204.47,Completed
PO-04700,PR-04700,SUP-00045,EMP-00058,WH-CHN-01,2026-05-10,30555.25,Delayed
PO-04701,PR-04701,SUP-00042,EMP-00095,WH-BLR-01,2026-04-13,559273.36,Completed
PO-04702,PR-04702,SUP-00023,EMP-00053,WH-MYS-01,2026-03-02,674362.5,Completed
PO-04703,PR-04703,SUP-00004,EMP-00096,WH-HYD-01,2026-04-06,49340.48,Completed
PO-04704,PR-04704,SUP-00025,EMP-00096,WH-MYS-01,2026-05-14,345128.54,Completed
PO-04705,PR-04705,SUP-00022,EMP-00074,WH-BLR-01,2026-02-10,61461.5,Completed
PO-04706,PR-04706,SUP-00050,EMP-00094,WH-MYS-01,2026-04-03,377963.43,Completed
PO-04707,PR-04707,SUP-00027,EMP-00044,WH-MYS-01,2026-01-11,217675.9,Completed
PO-04708,PR-04708,SUP-00012,EMP-00007,WH-CHN-01,2026-02-09,487796.75,Completed
PO-04709,PR-04709,SUP-00022,EMP-00093,WH-HYD-01,2026-04-25,25642.05,Completed
PO-04710,PR-04710,SUP-00001,EMP-00044,WH-BLR-01,2026-04-08,91956.1,Completed
PO-04711,PR-04711,SUP-00045,EMP-00035,WH-HYD-01,2026-03-18,134556.8,Cancelled
PO-04712,PR-04712,SUP-00005,EMP-00025,WH-CHN-01,2026-02-24,209264.68,Completed
PO-04713,PR-04713,SUP-00047,EMP-00090,WH-CHN-01,2026-03-06,211113.09,Delayed
PO-04714,PR-04714,SUP-00045,EMP-00041,WH-MYS-01,2026-03-24,128666.44,Completed
PO-04715,PR-04715,SUP-00020,EMP-00085,WH-HYD-01,2026-03-20,143942.7,Completed
PO-04716,PR-04716,SUP-00013,EMP-00040,WH-CHN-01,2026-03-06,222116.83,Completed
PO-04717,PR-04717,SUP-00006,EMP-00012,WH-MYS-01,2026-02-18,271608.12,Completed
PO-04718,PR-04718,SUP-00024,EMP-00004,WH-BLR-01,2026-02-17,148445.88,Completed
PO-04719,PR-04719,SUP-00002,EMP-00044,WH-HYD-01,2026-01-08,284453.1,Completed
PO-04720,PR-04720,SUP-00033,EMP-00071,WH-HYD-01,2026-05-15,41547.6,Completed
PO-04721,PR-04721,SUP-00033,EMP-00031,WH-HYD-01,2026-02-11,242284.25,Completed
PO-04722,PR-04722,SUP-00036,EMP-00021,WH-CHN-01,2026-04-22,12130.5,Delayed
PO-04723,PR-04723,SUP-00010,EMP-00046,WH-CHN-01,2026-03-26,105713.78,Delayed
PO-04724,PR-04724,SUP-00021,EMP-00094,WH-BLR-01,2026-04-11,348077.92,Cancelled
PO-04725,PR-04725,SUP-00003,EMP-00070,WH-MYS-01,2026-05-28,224329.44,Delayed
PO-04726,PR-04726,SUP-00024,EMP-00071,WH-BLR-01,2026-06-03,45894.15,Completed
PO-04727,PR-04727,SUP-00034,EMP-00063,WH-CHN-01,2026-03-26,53591.14,Completed
PO-04728,PR-04728,SUP-00037,EMP-00081,WH-CHN-01,2026-02-13,57001.2,Completed
PO-04729,PR-04729,SUP-00027,EMP-00086,WH-MYS-01,2026-01-27,337770.81,Delayed
PO-04730,PR-04730,SUP-00006,EMP-00089,WH-BLR-01,2026-05-31,205635.32,Completed
PO-04731,PR-04731,SUP-00030,EMP-00091,WH-MYS-01,2026-04-11,57881.72,Completed
PO-04732,PR-04732,SUP-00043,EMP-00026,WH-MYS-01,2026-02-12,22072.02,Completed
PO-04733,PR-04733,SUP-00047,EMP-00027,WH-HYD-01,2026-05-27,97559.35,Delayed
PO-04734,PR-04734,SUP-00029,EMP-00039,WH-CHN-01,2026-01-14,32850.93,Completed
PO-04735,PR-04735,SUP-00008,EMP-00053,WH-BLR-01,2026-03-26,121251.3,Completed
PO-04736,PR-04736,SUP-00034,EMP-00067,WH-HYD-01,2026-04-03,251164.5,Delayed
PO-04737,PR-04737,SUP-00038,EMP-00041,WH-MYS-01,2026-05-02,91956.1,Cancelled
PO-04738,PR-04738,SUP-00039,EMP-00052,WH-CHN-01,2026-05-12,143318.75,Cancelled
PO-04739,PR-04739,SUP-00042,EMP-00012,WH-CHN-01,2026-05-07,174685.51,Completed
PO-04740,PR-04740,SUP-00001,EMP-00068,WH-CHN-01,2026-03-18,128954.28,Delayed
PO-04741,PR-04741,SUP-00015,EMP-00098,WH-CHN-01,2026-01-25,59444.54,Cancelled
PO-04742,PR-04742,SUP-00016,EMP-00089,WH-MYS-01,2026-02-09,189442.55,Completed
PO-04743,PR-04743,SUP-00002,EMP-00058,WH-BLR-01,2026-02-23,438943.4,Delayed
PO-04744,PR-04744,SUP-00024,EMP-00015,WH-BLR-01,2026-05-10,514201.95,Completed
PO-04745,PR-04745,SUP-00030,EMP-00017,WH-HYD-01,2026-01-26,14795.43,Delayed
PO-04746,PR-04746,SUP-00034,EMP-00001,WH-MYS-01,2026-02-13,73048.25,Completed
PO-04747,PR-04747,SUP-00012,EMP-00066,WH-CHN-01,2026-02-05,156947.94,Delayed
PO-04748,PR-04748,SUP-00011,EMP-00029,WH-CHN-01,2026-02-21,140005.6,Completed
PO-04749,PR-04749,SUP-00025,EMP-00099,WH-HYD-01,2026-04-02,355016.22,Completed
PO-04750,PR-04750,SUP-00050,EMP-00100,WH-HYD-01,2026-01-15,25269.57,Completed
PO-04751,PR-04751,SUP-00017,EMP-00011,WH-CHN-01,2026-03-08,102264.96,Completed
PO-04752,PR-04752,SUP-00030,EMP-00028,WH-MYS-01,2026-04-06,64642.75,Completed
PO-04753,PR-04753,SUP-00046,EMP-00042,WH-BLR-01,2026-01-19,299441.45,Delayed
PO-04754,PR-04754,SUP-00036,EMP-00084,WH-MYS-01,2026-05-09,52721.9,Completed
PO-04755,PR-04755,SUP-00040,EMP-00021,WH-CHN-01,2026-03-06,106315.06,Completed
PO-04756,PR-04756,SUP-00014,EMP-00089,WH-BLR-01,2026-01-09,175334.25,Completed
PO-04757,PR-04757,SUP-00025,EMP-00056,WH-MYS-01,2026-05-12,223423.52,Completed
PO-04758,PR-04758,SUP-00008,EMP-00079,WH-HYD-01,2026-02-15,170579.52,Completed
PO-04759,PR-04759,SUP-00030,EMP-00054,WH-MYS-01,2026-03-11,11489.22,Completed
PO-04760,PR-04760,SUP-00046,EMP-00047,WH-MYS-01,2026-03-31,171003.6,Delayed
PO-04761,PR-04761,SUP-00022,EMP-00016,WH-MYS-01,2026-04-16,114638.56,Completed
PO-04762,PR-04762,SUP-00038,EMP-00002,WH-BLR-01,2026-03-11,48456.85,Completed
PO-04763,PR-04763,SUP-00027,EMP-00035,WH-CHN-01,2026-02-27,312.4,Completed
PO-04764,PR-04764,SUP-00046,EMP-00026,WH-MYS-01,2026-05-23,303134.1,Completed
PO-04765,PR-04765,SUP-00015,EMP-00002,WH-BLR-01,2026-06-05,145370.55,Completed
PO-04766,PR-04766,SUP-00021,EMP-00076,WH-HYD-01,2026-02-05,381849.99,Completed
PO-04767,PR-04767,SUP-00031,EMP-00053,WH-MYS-01,2026-03-24,303416.64,Completed
PO-04768,PR-04768,SUP-00021,EMP-00015,WH-BLR-01,2026-03-04,123540.12,Completed
PO-04769,PR-04769,SUP-00032,EMP-00071,WH-MYS-01,2026-01-15,10300.68,Completed
PO-04770,PR-04770,SUP-00050,EMP-00021,WH-CHN-01,2026-04-13,18756.96,Delayed
PO-04771,PR-04771,SUP-00050,EMP-00063,WH-BLR-01,2026-06-03,601763.61,Cancelled
PO-04772,PR-04772,SUP-00038,EMP-00083,WH-HYD-01,2026-01-18,337674.96,Completed
PO-04773,PR-04773,SUP-00025,EMP-00033,WH-HYD-01,2026-02-14,188026.72,Delayed
PO-04774,PR-04774,SUP-00013,EMP-00059,WH-MYS-01,2026-05-05,147171.5,Delayed
PO-04775,PR-04775,SUP-00017,EMP-00078,WH-MYS-01,2026-01-12,483682.49,Completed
PO-04776,PR-04776,SUP-00049,EMP-00028,WH-HYD-01,2026-04-03,69759.8,Completed
PO-04777,PR-04777,SUP-00032,EMP-00062,WH-CHN-01,2026-05-26,579951.75,Completed
PO-04778,PR-04778,SUP-00027,EMP-00020,WH-HYD-01,2026-01-13,23076.62,Completed
PO-04779,PR-04779,SUP-00031,EMP-00084,WH-HYD-01,2026-04-23,434911.0,Completed
PO-04780,PR-04780,SUP-00045,EMP-00053,WH-HYD-01,2026-04-20,116732.07,Completed
PO-04781,PR-04781,SUP-00032,EMP-00041,WH-CHN-01,2026-01-22,325268.58,Completed
PO-04782,PR-04782,SUP-00035,EMP-00094,WH-BLR-01,2026-04-10,271545.54,Delayed
PO-04783,PR-04783,SUP-00041,EMP-00040,WH-MYS-01,2026-01-15,670270.56,Completed
PO-04784,PR-04784,SUP-00005,EMP-00041,WH-MYS-01,2026-05-31,42061.77,Completed
PO-04785,PR-04785,SUP-00048,EMP-00079,WH-HYD-01,2026-02-21,80930.74,Completed
PO-04786,PR-04786,SUP-00025,EMP-00052,WH-BLR-01,2026-02-23,397378.44,Completed
PO-04787,PR-04787,SUP-00033,EMP-00081,WH-CHN-01,2026-03-15,76698.72,Completed
PO-04788,PR-04788,SUP-00034,EMP-00094,WH-MYS-01,2026-01-13,68401.44,Completed
PO-04789,PR-04789,SUP-00044,EMP-00033,WH-HYD-01,2026-02-03,376332.03,Delayed
PO-04790,PR-04790,SUP-00034,EMP-00012,WH-HYD-01,2026-02-24,145302.0,Completed
PO-04791,PR-04791,SUP-00039,EMP-00032,WH-HYD-01,2026-05-28,199244.7,Delayed
PO-04792,PR-04792,SUP-00044,EMP-00005,WH-HYD-01,2026-02-23,181030.36,Completed
PO-04793,PR-04793,SUP-00010,EMP-00062,WH-CHN-01,2026-05-20,55598.44,Cancelled
PO-04794,PR-04794,SUP-00016,EMP-00088,WH-HYD-01,2026-05-14,236140.58,Completed
PO-04795,PR-04795,SUP-00023,EMP-00046,WH-MYS-01,2026-05-27,172920.61,Completed
PO-04796,PR-04796,SUP-00043,EMP-00095,WH-BLR-01,2026-05-19,237366.21,Delayed
PO-04797,PR-04797,SUP-00022,EMP-00046,WH-CHN-01,2026-05-19,188404.43,Completed
PO-04798,PR-04798,SUP-00009,EMP-00071,WH-CHN-01,2026-02-19,311562.5,Completed
PO-04799,PR-04799,SUP-00050,EMP-00013,WH-MYS-01,2026-02-14,163464.75,Delayed
PO-04800,PR-04800,SUP-00003,EMP-00039,WH-MYS-01,2026-05-03,122923.0,Completed
PO-04801,PR-04801,SUP-00048,EMP-00061,WH-BLR-01,2026-03-10,21095.2,Completed
PO-04802,PR-04802,SUP-00041,EMP-00076,WH-CHN-01,2026-03-21,61461.5,Delayed
PO-04803,PR-04803,SUP-00044,EMP-00040,WH-CHN-01,2026-02-23,142966.6,Completed
PO-04804,PR-04804,SUP-00012,EMP-00079,WH-HYD-01,2026-02-16,279305.88,Completed
PO-04805,PR-04805,SUP-00040,EMP-00055,WH-MYS-01,2026-02-03,224357.04,Delayed
PO-04806,PR-04806,SUP-00026,EMP-00043,WH-MYS-01,2026-04-04,23643.15,Completed
PO-04807,PR-04807,SUP-00018,EMP-00087,WH-MYS-01,2026-01-29,271775.4,Completed
PO-04808,PR-04808,SUP-00013,EMP-00077,WH-MYS-01,2026-03-12,129518.76,Delayed
PO-04809,PR-04809,SUP-00010,EMP-00087,WH-BLR-01,2026-05-11,284438.4,Completed
PO-04810,PR-04810,SUP-00022,EMP-00010,WH-HYD-01,2026-01-27,273374.0,Completed
PO-04811,PR-04811,SUP-00010,EMP-00085,WH-MYS-01,2026-02-17,306891.04,Completed
PO-04812,PR-04812,SUP-00011,EMP-00096,WH-BLR-01,2026-03-01,8320.2,Completed
PO-04813,PR-04813,SUP-00014,EMP-00053,WH-MYS-01,2026-03-17,4298.47,Completed
PO-04814,PR-04814,SUP-00014,EMP-00038,WH-BLR-01,2026-03-10,155142.6,Completed
PO-04815,PR-04815,SUP-00025,EMP-00060,WH-CHN-01,2026-02-19,76544.72,Completed
PO-04816,PR-04816,SUP-00047,EMP-00078,WH-BLR-01,2026-05-15,222332.4,Completed
PO-04817,PR-04817,SUP-00006,EMP-00032,WH-HYD-01,2026-02-08,206634.9,Completed
PO-04818,PR-04818,SUP-00032,EMP-00004,WH-MYS-01,2026-03-01,206856.8,Completed
PO-04819,PR-04819,SUP-00033,EMP-00045,WH-HYD-01,2026-05-14,84596.36,Completed
PO-04820,PR-04820,SUP-00011,EMP-00053,WH-CHN-01,2026-04-25,51640.4,Delayed
PO-04821,PR-04821,SUP-00012,EMP-00091,WH-BLR-01,2026-01-07,25642.05,Delayed
PO-04822,PR-04822,SUP-00027,EMP-00010,WH-MYS-01,2026-01-26,472586.74,Completed
PO-04823,PR-04823,SUP-00013,EMP-00057,WH-CHN-01,2026-03-17,40227.32,Completed
PO-04824,PR-04824,SUP-00047,EMP-00007,WH-BLR-01,2026-01-21,85554.7,Completed
PO-04825,PR-04825,SUP-00020,EMP-00046,WH-CHN-01,2026-06-02,34480.56,Completed
PO-04826,PR-04826,SUP-00031,EMP-00071,WH-BLR-01,2026-02-13,42665.76,Completed
PO-04827,PR-04827,SUP-00019,EMP-00064,WH-MYS-01,2026-04-30,123511.52,Completed
PO-04828,PR-04828,SUP-00031,EMP-00016,WH-CHN-01,2026-02-14,213717.12,Delayed
PO-04829,PR-04829,SUP-00004,EMP-00049,WH-MYS-01,2026-04-27,226619.04,Completed
PO-04830,PR-04830,SUP-00021,EMP-00015,WH-HYD-01,2026-01-05,202642.44,Completed
PO-04831,PR-04831,SUP-00037,EMP-00016,WH-HYD-01,2026-02-15,88836.88,Completed
PO-04832,PR-04832,SUP-00011,EMP-00009,WH-BLR-01,2026-01-27,116109.95,Delayed
PO-04833,PR-04833,SUP-00005,EMP-00009,WH-HYD-01,2026-04-15,101087.5,Completed
PO-04834,PR-04834,SUP-00020,EMP-00072,WH-HYD-01,2026-01-11,284653.1,Completed
PO-04835,PR-04835,SUP-00035,EMP-00096,WH-CHN-01,2026-02-15,48500.52,Completed
PO-04836,PR-04836,SUP-00006,EMP-00085,WH-MYS-01,2026-05-20,26565.96,Completed
PO-04837,PR-04837,SUP-00029,EMP-00033,WH-HYD-01,2026-01-13,29947.99,Delayed
PO-04838,PR-04838,SUP-00050,EMP-00050,WH-MYS-01,2026-05-18,2344.62,Completed
PO-04839,PR-04839,SUP-00050,EMP-00008,WH-MYS-01,2026-05-07,71239.04,Delayed
PO-04840,PR-04840,SUP-00023,EMP-00044,WH-MYS-01,2026-05-24,63080.64,Delayed
PO-04841,PR-04841,SUP-00008,EMP-00074,WH-CHN-01,2026-01-05,2207.4,Completed
PO-04842,PR-04842,SUP-00015,EMP-00056,WH-BLR-01,2026-02-24,339230.58,Completed
PO-04843,PR-04843,SUP-00045,EMP-00007,WH-HYD-01,2026-02-16,60625.65,Completed
PO-04844,PR-04844,SUP-00031,EMP-00069,WH-HYD-01,2026-05-05,337301.64,Completed
PO-04845,PR-04845,SUP-00047,EMP-00031,WH-BLR-01,2026-05-04,83090.28,Completed
PO-04846,PR-04846,SUP-00015,EMP-00036,WH-HYD-01,2026-02-22,143468.13,Completed
PO-04847,PR-04847,SUP-00009,EMP-00016,WH-BLR-01,2026-05-27,440672.64,Completed
PO-04848,PR-04848,SUP-00049,EMP-00022,WH-CHN-01,2026-02-06,153903.24,Completed
PO-04849,PR-04849,SUP-00016,EMP-00086,WH-CHN-01,2026-05-03,127128.6,Completed
PO-04850,PR-04850,SUP-00047,EMP-00033,WH-HYD-01,2026-01-10,100593.78,Completed
PO-04851,PR-04851,SUP-00041,EMP-00026,WH-MYS-01,2026-03-30,3565.62,Delayed
PO-04852,PR-04852,SUP-00045,EMP-00071,WH-MYS-01,2026-05-26,114002.4,Completed
PO-04853,PR-04853,SUP-00050,EMP-00020,WH-HYD-01,2026-04-27,15762.1,Completed
PO-04854,PR-04854,SUP-00032,EMP-00043,WH-MYS-01,2026-06-04,90963.02,Completed
PO-04855,PR-04855,SUP-00033,EMP-00006,WH-MYS-01,2026-04-07,33921.58,Completed
PO-04856,PR-04856,SUP-00010,EMP-00077,WH-HYD-01,2026-03-02,291549.36,Completed
PO-04857,PR-04857,SUP-00002,EMP-00061,WH-HYD-01,2026-01-20,86935.25,Completed
PO-04858,PR-04858,SUP-00002,EMP-00020,WH-MYS-01,2026-04-14,3436.4,Completed
PO-04859,PR-04859,SUP-00036,EMP-00061,WH-BLR-01,2026-04-07,88294.5,Completed
PO-04860,PR-04860,SUP-00001,EMP-00067,WH-MYS-01,2026-05-31,122751.98,Completed
PO-04861,PR-04861,SUP-00003,EMP-00027,WH-CHN-01,2026-05-03,132815.0,Delayed
PO-04862,PR-04862,SUP-00044,EMP-00043,WH-BLR-01,2026-02-11,124972.96,Completed
PO-04863,PR-04863,SUP-00013,EMP-00088,WH-HYD-01,2026-02-02,359041.5,Completed
PO-04864,PR-04864,SUP-00024,EMP-00050,WH-MYS-01,2026-02-19,471085.2,Completed
PO-04865,PR-04865,SUP-00045,EMP-00085,WH-BLR-01,2026-02-24,7033.86,Completed
PO-04866,PR-04866,SUP-00050,EMP-00081,WH-CHN-01,2026-03-23,25229.4,Completed
PO-04867,PR-04867,SUP-00003,EMP-00021,WH-HYD-01,2026-04-04,191825.26,Completed
PO-04868,PR-04868,SUP-00022,EMP-00076,WH-HYD-01,2026-02-23,166795.32,Delayed
PO-04869,PR-04869,SUP-00002,EMP-00018,WH-BLR-01,2026-04-12,142570.56,Completed
PO-04870,PR-04870,SUP-00004,EMP-00076,WH-HYD-01,2026-04-27,236929.85,Completed
PO-04871,PR-04871,SUP-00042,EMP-00071,WH-MYS-01,2026-02-20,240131.8,Completed
PO-04872,PR-04872,SUP-00019,EMP-00049,WH-BLR-01,2026-04-05,344892.96,Delayed
PO-04873,PR-04873,SUP-00037,EMP-00038,WH-BLR-01,2026-04-05,72658.64,Completed
PO-04874,PR-04874,SUP-00037,EMP-00006,WH-BLR-01,2026-05-25,30346.36,Delayed
PO-04875,PR-04875,SUP-00036,EMP-00029,WH-BLR-01,2026-04-03,266592.48,Completed
PO-04876,PR-04876,SUP-00017,EMP-00030,WH-MYS-01,2026-01-11,184884.96,Cancelled
PO-04877,PR-04877,SUP-00030,EMP-00006,WH-BLR-01,2026-05-07,495372.96,Completed
PO-04878,PR-04878,SUP-00018,EMP-00095,WH-CHN-01,2026-03-15,144652.8,Completed
PO-04879,PR-04879,SUP-00015,EMP-00022,WH-CHN-01,2026-02-09,127599.03,Completed
PO-04880,PR-04880,SUP-00025,EMP-00026,WH-BLR-01,2026-03-24,381762.88,Delayed
PO-04881,PR-04881,SUP-00025,EMP-00011,WH-BLR-01,2026-04-12,252248.38,Completed
PO-04882,PR-04882,SUP-00006,EMP-00010,WH-BLR-01,2026-01-28,131963.31,Cancelled
PO-04883,PR-04883,SUP-00003,EMP-00009,WH-CHN-01,2026-04-18,432883.07,Completed
PO-04884,PR-04884,SUP-00017,EMP-00049,WH-BLR-01,2026-05-12,299142.72,Completed
PO-04885,PR-04885,SUP-00028,EMP-00068,WH-CHN-01,2026-03-14,311063.04,Completed
PO-04886,PR-04886,SUP-00011,EMP-00049,WH-MYS-01,2026-04-24,466138.2,Delayed
PO-04887,PR-04887,SUP-00038,EMP-00028,WH-CHN-01,2026-01-11,80143.92,Completed
PO-04888,PR-04888,SUP-00048,EMP-00060,WH-CHN-01,2026-01-08,99700.0,Completed
PO-04889,PR-04889,SUP-00010,EMP-00085,WH-HYD-01,2026-01-21,136087.72,Completed
PO-04890,PR-04890,SUP-00028,EMP-00087,WH-CHN-01,2026-03-16,403554.48,Completed
PO-04891,PR-04891,SUP-00028,EMP-00002,WH-CHN-01,2026-05-11,8206.17,Completed
PO-04892,PR-04892,SUP-00024,EMP-00052,WH-BLR-01,2026-05-21,434017.36,Completed
PO-04893,PR-04893,SUP-00047,EMP-00100,WH-BLR-01,2026-01-17,634650.4,Completed
PO-04894,PR-04894,SUP-00047,EMP-00088,WH-HYD-01,2026-03-26,54245.32,Cancelled
PO-04895,PR-04895,SUP-00038,EMP-00056,WH-CHN-01,2026-04-27,320552.15,Delayed
PO-04896,PR-04896,SUP-00042,EMP-00047,WH-CHN-01,2026-04-25,180741.4,Completed
PO-04897,PR-04897,SUP-00021,EMP-00081,WH-HYD-01,2026-04-12,25229.4,Completed
PO-04898,PR-04898,SUP-00032,EMP-00072,WH-HYD-01,2026-02-06,282508.0,Delayed
PO-04899,PR-04899,SUP-00032,EMP-00052,WH-BLR-01,2026-01-31,282460.47,Completed
PO-04900,PR-04900,SUP-00050,EMP-00010,WH-HYD-01,2026-05-12,157410.5,Completed
PO-04901,PR-04901,SUP-00047,EMP-00039,WH-CHN-01,2026-02-14,14849.26,Completed
PO-04902,PR-04902,SUP-00030,EMP-00036,WH-HYD-01,2026-04-21,164024.4,Completed
PO-04903,PR-04903,SUP-00010,EMP-00096,WH-MYS-01,2026-06-06,139065.96,Completed
PO-04904,PR-04904,SUP-00023,EMP-00070,WH-BLR-01,2026-04-01,58005.0,Delayed
PO-04905,PR-04905,SUP-00033,EMP-00074,WH-MYS-01,2026-01-26,67547.48,Delayed
PO-04906,PR-04906,SUP-00046,EMP-00038,WH-HYD-01,2026-03-15,259347.2,Completed
PO-04907,PR-04907,SUP-00016,EMP-00077,WH-HYD-01,2026-06-02,145370.55,Completed
PO-04908,PR-04908,SUP-00029,EMP-00058,WH-HYD-01,2026-03-13,34369.75,Delayed
PO-04909,PR-04909,SUP-00015,EMP-00039,WH-HYD-01,2026-05-28,120215.88,Completed
PO-04910,PR-04910,SUP-00032,EMP-00064,WH-MYS-01,2026-05-18,135094.96,Completed
PO-04911,PR-04911,SUP-00018,EMP-00055,WH-HYD-01,2026-05-08,230377.47,Completed
PO-04912,PR-04912,SUP-00021,EMP-00001,WH-HYD-01,2026-02-06,110532.24,Completed
PO-04913,PR-04913,SUP-00011,EMP-00052,WH-BLR-01,2026-02-07,47731.41,Delayed
PO-04914,PR-04914,SUP-00042,EMP-00080,WH-MYS-01,2026-01-28,59737.99,Completed
PO-04915,PR-04915,SUP-00043,EMP-00009,WH-BLR-01,2026-04-12,64333.22,Completed
PO-04916,PR-04916,SUP-00032,EMP-00013,WH-MYS-01,2026-03-20,227058.25,Completed
PO-04917,PR-04917,SUP-00020,EMP-00067,WH-HYD-01,2026-02-24,157880.88,Completed
PO-04918,PR-04918,SUP-00002,EMP-00027,WH-MYS-01,2026-03-07,77098.56,Completed
PO-04919,PR-04919,SUP-00050,EMP-00008,WH-BLR-01,2026-02-02,144937.66,Completed
PO-04920,PR-04920,SUP-00026,EMP-00087,WH-CHN-01,2026-01-13,675415.38,Delayed
PO-04921,PR-04921,SUP-00013,EMP-00066,WH-CHN-01,2026-05-03,261199.89,Cancelled
PO-04922,PR-04922,SUP-00031,EMP-00038,WH-BLR-01,2026-03-26,39163.48,Completed
PO-04923,PR-04923,SUP-00042,EMP-00048,WH-BLR-01,2026-03-31,587971.41,Completed
PO-04924,PR-04924,SUP-00029,EMP-00036,WH-BLR-01,2026-02-11,324076.8,Completed
PO-04925,PR-04925,SUP-00049,EMP-00006,WH-BLR-01,2026-05-23,40089.14,Completed
PO-04926,PR-04926,SUP-00032,EMP-00078,WH-BLR-01,2026-03-02,99243.69,Completed
PO-04927,PR-04927,SUP-00013,EMP-00079,WH-CHN-01,2026-05-01,271358.36,Completed
PO-04928,PR-04928,SUP-00049,EMP-00003,WH-BLR-01,2026-01-10,84054.18,Completed
PO-04929,PR-04929,SUP-00009,EMP-00072,WH-CHN-01,2026-03-23,34585.04,Delayed
PO-04930,PR-04930,SUP-00031,EMP-00016,WH-CHN-01,2026-03-19,55266.12,Completed
PO-04931,PR-04931,SUP-00029,EMP-00093,WH-CHN-01,2026-03-07,413229.6,Completed
PO-04932,PR-04932,SUP-00014,EMP-00018,WH-HYD-01,2026-02-15,74110.8,Completed
PO-04933,PR-04933,SUP-00009,EMP-00008,WH-MYS-01,2026-05-12,100967.13,Completed
PO-04934,PR-04934,SUP-00047,EMP-00039,WH-HYD-01,2026-06-03,83622.3,Completed
PO-04935,PR-04935,SUP-00039,EMP-00009,WH-HYD-01,2026-04-15,449132.8,Completed
PO-04936,PR-04936,SUP-00005,EMP-00100,WH-MYS-01,2026-03-26,516013.5,Completed
PO-04937,PR-04937,SUP-00007,EMP-00089,WH-MYS-01,2026-06-01,142570.56,Completed
PO-04938,PR-04938,SUP-00028,EMP-00086,WH-BLR-01,2026-05-20,175444.59,Completed
PO-04939,PR-04939,SUP-00023,EMP-00010,WH-BLR-01,2026-01-25,315256.04,Completed
PO-04940,PR-04940,SUP-00024,EMP-00075,WH-MYS-01,2026-02-04,341326.08,Delayed
PO-04941,PR-04941,SUP-00032,EMP-00087,WH-BLR-01,2026-05-04,1138.11,Completed
PO-04942,PR-04942,SUP-00035,EMP-00053,WH-BLR-01,2026-01-19,400213.1,Delayed
PO-04943,PR-04943,SUP-00027,EMP-00083,WH-CHN-01,2026-05-10,292225.56,Completed
PO-04944,PR-04944,SUP-00033,EMP-00036,WH-BLR-01,2026-01-29,315761.76,Completed
PO-04945,PR-04945,SUP-00049,EMP-00019,WH-MYS-01,2026-04-12,265904.64,Completed
PO-04946,PR-04946,SUP-00001,EMP-00091,WH-HYD-01,2026-05-14,309737.82,Completed
PO-04947,PR-04947,SUP-00032,EMP-00004,WH-HYD-01,2026-01-27,202642.44,Completed
PO-04948,PR-04948,SUP-00008,EMP-00028,WH-CHN-01,2026-05-05,257132.07,Completed
PO-04949,PR-04949,SUP-00014,EMP-00084,WH-MYS-01,2026-04-22,1249.6,Completed
PO-04950,PR-04950,SUP-00045,EMP-00036,WH-HYD-01,2026-04-13,106315.06,Delayed
PO-04951,PR-04951,SUP-00003,EMP-00033,WH-CHN-01,2026-02-03,175144.62,Completed
PO-04952,PR-04952,SUP-00003,EMP-00012,WH-CHN-01,2026-02-20,79496.67,Completed
PO-04953,PR-04953,SUP-00043,EMP-00053,WH-CHN-01,2026-04-15,411216.54,Completed
PO-04954,PR-04954,SUP-00017,EMP-00016,WH-CHN-01,2026-03-27,259462.8,Completed
PO-04955,PR-04955,SUP-00003,EMP-00065,WH-BLR-01,2026-02-21,300971.1,Completed
PO-04956,PR-04956,SUP-00012,EMP-00082,WH-BLR-01,2026-03-16,15537.72,Delayed
PO-04957,PR-04957,SUP-00029,EMP-00078,WH-CHN-01,2026-04-21,117771.3,Completed
PO-04958,PR-04958,SUP-00009,EMP-00020,WH-BLR-01,2026-06-02,189858.62,Cancelled
PO-04959,PR-04959,SUP-00022,EMP-00020,WH-HYD-01,2026-06-02,381457.86,Completed
PO-04960,PR-04960,SUP-00032,EMP-00075,WH-CHN-01,2026-04-03,110145.96,Completed
PO-04961,PR-04961,SUP-00022,EMP-00077,WH-CHN-01,2026-02-22,670270.56,Completed
PO-04962,PR-04962,SUP-00040,EMP-00038,WH-HYD-01,2026-04-11,34484.5,Completed
PO-04963,PR-04963,SUP-00011,EMP-00039,WH-MYS-01,2026-01-19,116333.28,Delayed
PO-04964,PR-04964,SUP-00048,EMP-00035,WH-CHN-01,2026-05-03,614044.5,Completed
PO-04965,PR-04965,SUP-00028,EMP-00009,WH-MYS-01,2026-03-25,94076.1,Completed
PO-04966,PR-04966,SUP-00012,EMP-00044,WH-BLR-01,2026-04-03,413047.35,Delayed
PO-04967,PR-04967,SUP-00028,EMP-00031,WH-HYD-01,2026-03-07,169218.82,Completed
PO-04968,PR-04968,SUP-00021,EMP-00079,WH-BLR-01,2026-05-14,301397.4,Completed
PO-04969,PR-04969,SUP-00038,EMP-00076,WH-BLR-01,2026-01-29,2499.2,Delayed
PO-04970,PR-04970,SUP-00023,EMP-00078,WH-HYD-01,2026-02-28,147157.5,Completed
PO-04971,PR-04971,SUP-00001,EMP-00097,WH-HYD-01,2026-05-06,51984.79,Completed
PO-04972,PR-04972,SUP-00026,EMP-00051,WH-CHN-01,2026-06-01,21428.29,Cancelled
PO-04973,PR-04973,SUP-00049,EMP-00035,WH-BLR-01,2026-01-27,220700.34,Cancelled
PO-04974,PR-04974,SUP-00008,EMP-00098,WH-BLR-01,2026-03-04,284453.1,Completed
PO-04975,PR-04975,SUP-00038,EMP-00036,WH-HYD-01,2026-02-24,210308.85,Completed
PO-04976,PR-04976,SUP-00006,EMP-00070,WH-MYS-01,2026-04-29,39476.64,Delayed
PO-04977,PR-04977,SUP-00017,EMP-00043,WH-BLR-01,2026-01-20,55748.2,Completed
PO-04978,PR-04978,SUP-00039,EMP-00035,WH-BLR-01,2026-02-06,412810.8,Completed
PO-04979,PR-04979,SUP-00005,EMP-00049,WH-MYS-01,2026-05-25,219169.17,Completed
PO-04980,PR-04980,SUP-00048,EMP-00033,WH-CHN-01,2026-01-06,372799.0,Completed
PO-04981,PR-04981,SUP-00030,EMP-00003,WH-HYD-01,2026-04-19,513943.12,Completed
PO-04982,PR-04982,SUP-00033,EMP-00097,WH-CHN-01,2026-04-27,125433.45,Completed
PO-04983,PR-04983,SUP-00025,EMP-00045,WH-BLR-01,2026-02-02,14458.49,Completed
PO-04984,PR-04984,SUP-00038,EMP-00026,WH-HYD-01,2026-02-08,324184.0,Completed
PO-04985,PR-04985,SUP-00038,EMP-00088,WH-MYS-01,2026-03-28,73791.0,Completed
PO-04986,PR-04986,SUP-00050,EMP-00018,WH-BLR-01,2026-05-27,18357.66,Delayed
PO-04987,PR-04987,SUP-00029,EMP-00016,WH-MYS-01,2026-06-04,40981.46,Completed
PO-04988,PR-04988,SUP-00038,EMP-00063,WH-MYS-01,2026-02-21,311617.46,Completed
PO-04989,PR-04989,SUP-00037,EMP-00047,WH-BLR-01,2026-04-10,121251.3,Completed
PO-04990,PR-04990,SUP-00037,EMP-00030,WH-CHN-01,2026-04-20,142851.15,Completed
PO-04991,PR-04991,SUP-00022,EMP-00062,WH-MYS-01,2026-05-20,57235.86,Completed
PO-04992,PR-04992,SUP-00010,EMP-00093,WH-CHN-01,2026-02-27,6359.54,Delayed
PO-04993,PR-04993,SUP-00022,EMP-00042,WH-CHN-01,2026-04-16,26171.4,Completed
PO-04994,PR-04994,SUP-00016,EMP-00011,WH-BLR-01,2026-03-02,200931.6,Completed
PO-04995,PR-04995,SUP-00038,EMP-00028,WH-HYD-01,2026-05-11,2408.99,Completed
PO-04996,PR-04996,SUP-00031,EMP-00055,WH-HYD-01,2026-05-09,114038.77,Completed
PO-04997,PR-04997,SUP-00034,EMP-00036,WH-BLR-01,2026-04-13,382660.72,Completed
PO-04998,PR-04998,SUP-00036,EMP-00047,WH-MYS-01,2026-04-10,50058.56,Completed
PO-04999,PR-04999,SUP-00003,EMP-00021,WH-MYS-01,2026-01-20,78953.28,Completed
PO-05000,PR-05000,SUP-00027,EMP-00052,WH-CHN-01,2026-03-30,377862.24,Delayed
PO-05001,PR-05001,SUP-00034,EMP-00014,WH-HYD-01,2026-02-11,17193.88,Completed
PO-05002,PR-05002,SUP-00016,EMP-00087,WH-HYD-01,2026-05-15,258006.75,Completed
PO-05003,PR-05003,SUP-00002,EMP-00063,WH-BLR-01,2026-05-03,490583.8,Completed
PO-05004,PR-05004,SUP-00043,EMP-00034,WH-MYS-01,2026-05-02,162012.5,Completed
PO-05005,PR-05005,SUP-00012,EMP-00013,WH-BLR-01,2026-03-25,180254.83,Completed
PO-05006,PR-05006,SUP-00040,EMP-00036,WH-CHN-01,2026-05-25,235302.98,Completed
PO-05007,PR-05007,SUP-00001,EMP-00089,WH-HYD-01,2026-05-09,61436.57,Cancelled
PO-05008,PR-05008,SUP-00018,EMP-00079,WH-BLR-01,2026-03-24,418737.08,Completed
PO-05009,PR-05009,SUP-00035,EMP-00033,WH-HYD-01,2026-01-28,446046.02,Completed
PO-05010,PR-05010,SUP-00049,EMP-00051,WH-MYS-01,2026-01-10,33292.56,Completed
PO-05011,PR-05011,SUP-00005,EMP-00015,WH-MYS-01,2026-04-04,242879.28,Completed
PO-05012,PR-05012,SUP-00039,EMP-00037,WH-CHN-01,2026-02-16,312882.24,Completed
PO-05013,PR-05013,SUP-00050,EMP-00080,WH-HYD-01,2026-04-11,374998.9,Completed
PO-05014,PR-05014,SUP-00038,EMP-00094,WH-CHN-01,2026-01-21,533268.42,Completed
PO-05015,PR-05015,SUP-00018,EMP-00010,WH-MYS-01,2026-05-27,120732.39,Completed
PO-05016,PR-05016,SUP-00005,EMP-00090,WH-MYS-01,2026-01-10,224008.96,Completed
PO-05017,PR-05017,SUP-00004,EMP-00087,WH-BLR-01,2026-04-27,113775.36,Completed
PO-05018,PR-05018,SUP-00004,EMP-00023,WH-MYS-01,2026-05-07,239067.0,Completed
PO-05019,PR-05019,SUP-00050,EMP-00058,WH-CHN-01,2026-03-02,331050.51,Completed
PO-05020,PR-05020,SUP-00032,EMP-00094,WH-MYS-01,2026-04-29,22126.14,Cancelled
PO-05021,PR-05021,SUP-00027,EMP-00055,WH-HYD-01,2026-01-14,174499.92,Delayed
PO-05022,PR-05022,SUP-00033,EMP-00075,WH-MYS-01,2026-01-11,161861.48,Delayed
PO-05023,PR-05023,SUP-00017,EMP-00081,WH-MYS-01,2026-04-23,189442.55,Completed
PO-05024,PR-05024,SUP-00006,EMP-00037,WH-CHN-01,2026-03-14,292678.05,Completed
PO-05025,PR-05025,SUP-00007,EMP-00049,WH-HYD-01,2026-01-24,430817.85,Delayed
PO-05026,PR-05026,SUP-00038,EMP-00048,WH-HYD-01,2026-01-29,258713.89,Delayed
PO-05027,PR-05027,SUP-00026,EMP-00021,WH-HYD-01,2026-04-29,241772.64,Completed
PO-05028,PR-05028,SUP-00021,EMP-00080,WH-HYD-01,2026-02-19,55748.2,Completed
PO-05029,PR-05029,SUP-00006,EMP-00091,WH-MYS-01,2026-02-04,76212.26,Delayed
PO-05030,PR-05030,SUP-00032,EMP-00017,WH-CHN-01,2026-05-22,266010.64,Completed
PO-05031,PR-05031,SUP-00032,EMP-00046,WH-BLR-01,2026-01-13,635087.04,Delayed
PO-05032,PR-05032,SUP-00013,EMP-00067,WH-CHN-01,2026-05-21,15054.84,Completed
PO-05033,PR-05033,SUP-00046,EMP-00001,WH-BLR-01,2026-03-26,12519.21,Cancelled
PO-05034,PR-05034,SUP-00002,EMP-00080,WH-MYS-01,2026-03-19,242284.25,Completed
PO-05035,PR-05035,SUP-00037,EMP-00096,WH-HYD-01,2026-02-26,249250.0,Cancelled
PO-05036,PR-05036,SUP-00029,EMP-00079,WH-HYD-01,2026-02-08,3448.45,Completed
PO-05037,PR-05037,SUP-00019,EMP-00027,WH-MYS-01,2026-05-06,452575.9,Completed
PO-05038,PR-05038,SUP-00023,EMP-00024,WH-CHN-01,2026-02-15,115301.28,Completed
PO-05039,PR-05039,SUP-00034,EMP-00013,WH-HYD-01,2026-02-18,140205.9,Cancelled
PO-05040,PR-05040,SUP-00014,EMP-00033,WH-HYD-01,2026-05-10,20640.54,Completed
PO-05041,PR-05041,SUP-00050,EMP-00041,WH-BLR-01,2026-03-20,76112.16,Completed
PO-05042,PR-05042,SUP-00003,EMP-00045,WH-HYD-01,2026-06-10,38050.8,Completed
PO-05043,PR-05043,SUP-00022,EMP-00022,WH-BLR-01,2026-01-27,154226.49,Delayed
PO-05044,PR-05044,SUP-00030,EMP-00022,WH-BLR-01,2026-04-18,2886.6,Delayed
PO-05045,PR-05045,SUP-00006,EMP-00055,WH-MYS-01,2026-05-13,15862.45,Delayed
PO-05046,PR-05046,SUP-00045,EMP-00015,WH-MYS-01,2026-03-27,305552.5,Completed
PO-05047,PR-05047,SUP-00022,EMP-00077,WH-CHN-01,2026-04-01,51622.89,Completed
PO-05048,PR-05048,SUP-00025,EMP-00052,WH-CHN-01,2026-03-05,56154.6,Cancelled
PO-05049,PR-05049,SUP-00002,EMP-00079,WH-MYS-01,2026-04-13,113089.16,Completed
PO-05050,PR-05050,SUP-00024,EMP-00094,WH-MYS-01,2026-02-08,25284.72,Completed
PO-05051,PR-05051,SUP-00015,EMP-00051,WH-CHN-01,2026-05-25,502706.33,Completed
PO-05052,PR-05052,SUP-00007,EMP-00026,WH-MYS-01,2026-04-24,138168.24,Completed
PO-05053,PR-05053,SUP-00029,EMP-00020,WH-CHN-01,2026-04-09,414504.72,Completed
PO-05054,PR-05054,SUP-00016,EMP-00086,WH-BLR-01,2026-05-03,207446.2,Completed
PO-05055,PR-05055,SUP-00041,EMP-00100,WH-MYS-01,2026-05-25,7586.59,Completed
PO-05056,PR-05056,SUP-00012,EMP-00092,WH-HYD-01,2026-05-18,127190.8,Completed
PO-05057,PR-05057,SUP-00027,EMP-00030,WH-MYS-01,2026-05-11,2186.8,Delayed
PO-05058,PR-05058,SUP-00041,EMP-00100,WH-BLR-01,2026-03-22,5690.55,Delayed
PO-05059,PR-05059,SUP-00004,EMP-00081,WH-MYS-01,2026-01-31,937.2,Cancelled
PO-05060,PR-05060,SUP-00050,EMP-00068,WH-BLR-01,2026-05-19,26653.05,Completed
PO-05061,PR-05061,SUP-00017,EMP-00030,WH-HYD-01,2026-05-27,134872.5,Completed
PO-05062,PR-05062,SUP-00029,EMP-00089,WH-CHN-01,2026-01-23,343864.92,Completed
PO-05063,PR-05063,SUP-00001,EMP-00072,WH-BLR-01,2026-04-30,166795.32,Delayed
PO-05064,PR-05064,SUP-00049,EMP-00051,WH-HYD-01,2026-03-19,375867.84,Completed
PO-05065,PR-05065,SUP-00002,EMP-00064,WH-HYD-01,2026-02-25,15770.16,Delayed
PO-05066,PR-05066,SUP-00018,EMP-00052,WH-HYD-01,2026-01-28,488738.95,Completed
PO-05067,PR-05067,SUP-00031,EMP-00063,WH-HYD-01,2026-05-04,8087.0,Delayed
PO-05068,PR-05068,SUP-00012,EMP-00057,WH-BLR-01,2026-02-11,28371.78,Completed
PO-05069,PR-05069,SUP-00027,EMP-00081,WH-HYD-01,2026-05-01,58005.0,Delayed
PO-05070,PR-05070,SUP-00019,EMP-00039,WH-BLR-01,2026-01-19,1796.3,Completed
PO-05071,PR-05071,SUP-00018,EMP-00056,WH-MYS-01,2026-04-25,34415.26,Completed
PO-05072,PR-05072,SUP-00048,EMP-00012,WH-HYD-01,2026-02-22,181627.5,Completed
PO-05073,PR-05073,SUP-00023,EMP-00031,WH-MYS-01,2026-04-08,562951.35,Completed
PO-05074,PR-05074,SUP-00048,EMP-00069,WH-MYS-01,2026-02-22,15854.5,Completed
PO-05075,PR-05075,SUP-00042,EMP-00072,WH-CHN-01,2026-01-29,116648.64,Completed
PO-05076,PR-05076,SUP-00039,EMP-00031,WH-HYD-01,2026-04-15,478954.71,Completed
PO-05077,PR-05077,SUP-00018,EMP-00067,WH-BLR-01,2026-01-21,620413.5,Completed
PO-05078,PR-05078,SUP-00025,EMP-00060,WH-HYD-01,2026-03-04,31036.05,Delayed
PO-05079,PR-05079,SUP-00048,EMP-00080,WH-MYS-01,2026-01-16,45592.04,Delayed
PO-05080,PR-05080,SUP-00030,EMP-00071,WH-MYS-01,2026-05-29,77234.29,Delayed
PO-05081,PR-05081,SUP-00004,EMP-00061,WH-HYD-01,2026-05-08,216606.39,Completed
PO-05082,PR-05082,SUP-00023,EMP-00032,WH-MYS-01,2026-02-16,53187.22,Completed
PO-05083,PR-05083,SUP-00033,EMP-00065,WH-MYS-01,2026-01-11,165667.27,Completed
PO-05084,PR-05084,SUP-00023,EMP-00080,WH-HYD-01,2026-02-03,108695.84,Cancelled
PO-05085,PR-05085,SUP-00050,EMP-00028,WH-MYS-01,2026-05-18,167552.7,Completed
PO-05086,PR-05086,SUP-00003,EMP-00016,WH-HYD-01,2026-02-26,565016.0,Completed
PO-05087,PR-05087,SUP-00045,EMP-00060,WH-BLR-01,2026-03-26,227205.16,Completed
PO-05088,PR-05088,SUP-00011,EMP-00019,WH-HYD-01,2026-05-07,5737.44,Completed
PO-05089,PR-05089,SUP-00050,EMP-00070,WH-CHN-01,2026-04-16,28157.94,Delayed
PO-05090,PR-05090,SUP-00009,EMP-00021,WH-CHN-01,2026-03-30,180944.79,Delayed
PO-05091,PR-05091,SUP-00024,EMP-00092,WH-BLR-01,2026-04-16,361389.86,Completed
PO-05092,PR-05092,SUP-00032,EMP-00056,WH-BLR-01,2026-03-18,471085.2,Completed
PO-05093,PR-05093,SUP-00042,EMP-00095,WH-MYS-01,2026-02-23,373222.18,Completed
PO-05094,PR-05094,SUP-00045,EMP-00052,WH-MYS-01,2026-05-22,94424.6,Completed
PO-05095,PR-05095,SUP-00012,EMP-00021,WH-HYD-01,2026-04-06,61008.87,Delayed
PO-05096,PR-05096,SUP-00050,EMP-00004,WH-BLR-01,2026-05-09,85657.23,Completed
PO-05097,PR-05097,SUP-00043,EMP-00001,WH-CHN-01,2026-03-01,11760.47,Completed
PO-05098,PR-05098,SUP-00037,EMP-00012,WH-MYS-01,2026-04-08,26653.05,Completed
PO-05099,PR-05099,SUP-00002,EMP-00018,WH-MYS-01,2026-05-11,107473.65,Delayed
PO-05100,PR-05100,SUP-00042,EMP-00012,WH-CHN-01,2026-01-08,14795.43,Completed
PO-05101,PR-05101,SUP-00015,EMP-00034,WH-CHN-01,2026-01-14,472880.07,Delayed
PO-05102,PR-05102,SUP-00001,EMP-00029,WH-CHN-01,2026-03-05,558558.8,Delayed
PO-05103,PR-05103,SUP-00040,EMP-00024,WH-CHN-01,2026-03-26,31316.87,Completed
PO-05104,PR-05104,SUP-00032,EMP-00001,WH-CHN-01,2026-05-15,13357.32,Completed
PO-05105,PR-05105,SUP-00040,EMP-00073,WH-HYD-01,2026-04-30,213683.75,Cancelled
PO-05106,PR-05106,SUP-00033,EMP-00076,WH-BLR-01,2026-06-03,72241.89,Delayed
PO-05107,PR-05107,SUP-00038,EMP-00015,WH-CHN-01,2026-02-25,85554.7,Delayed
PO-05108,PR-05108,SUP-00045,EMP-00064,WH-BLR-01,2026-05-24,668978.4,Completed
PO-05109,PR-05109,SUP-00009,EMP-00076,WH-MYS-01,2026-05-20,122070.62,Completed
PO-05110,PR-05110,SUP-00046,EMP-00014,WH-BLR-01,2026-02-09,619744.38,Completed
PO-05111,PR-05111,SUP-00031,EMP-00069,WH-MYS-01,2026-04-25,282062.55,Completed
PO-05112,PR-05112,SUP-00010,EMP-00068,WH-HYD-01,2026-04-17,21494.73,Completed
PO-05113,PR-05113,SUP-00042,EMP-00003,WH-CHN-01,2026-04-26,337181.25,Completed
PO-05114,PR-05114,SUP-00023,EMP-00085,WH-CHN-01,2026-02-15,72823.84,Completed
PO-05115,PR-05115,SUP-00027,EMP-00052,WH-BLR-01,2026-05-31,153603.67,Completed
PO-05116,PR-05116,SUP-00030,EMP-00006,WH-HYD-01,2026-04-17,505274.4,Completed
PO-05117,PR-05117,SUP-00018,EMP-00040,WH-MYS-01,2026-04-06,305508.54,Delayed
PO-05118,PR-05118,SUP-00020,EMP-00018,WH-CHN-01,2026-05-01,31075.44,Completed
PO-05119,PR-05119,SUP-00012,EMP-00050,WH-BLR-01,2026-01-15,190881.44,Completed
PO-05120,PR-05120,SUP-00027,EMP-00013,WH-BLR-01,2026-03-14,620570.4,Completed
PO-05121,PR-05121,SUP-00021,EMP-00023,WH-BLR-01,2026-04-26,332037.5,Delayed
PO-05122,PR-05122,SUP-00017,EMP-00013,WH-CHN-01,2026-01-18,403804.0,Cancelled
PO-05123,PR-05123,SUP-00011,EMP-00009,WH-HYD-01,2026-02-20,4754.16,Completed
PO-05124,PR-05124,SUP-00026,EMP-00032,WH-CHN-01,2026-03-26,236929.85,Cancelled
PO-05125,PR-05125,SUP-00048,EMP-00064,WH-CHN-01,2026-06-02,298660.32,Delayed
PO-05126,PR-05126,SUP-00025,EMP-00019,WH-HYD-01,2026-02-24,391592.8,Completed
PO-05127,PR-05127,SUP-00014,EMP-00077,WH-CHN-01,2026-05-26,223423.52,Cancelled
PO-05128,PR-05128,SUP-00023,EMP-00034,WH-BLR-01,2026-01-25,441472.5,Completed
PO-05129,PR-05129,SUP-00010,EMP-00040,WH-CHN-01,2026-04-26,190728.93,Completed
PO-05130,PR-05130,SUP-00044,EMP-00095,WH-BLR-01,2026-01-02,212455.35,Completed
PO-05131,PR-05131,SUP-00035,EMP-00081,WH-BLR-01,2026-02-12,69894.73,Completed
PO-05132,PR-05132,SUP-00020,EMP-00034,WH-BLR-01,2026-04-20,64577.79,Completed
PO-05133,PR-05133,SUP-00023,EMP-00078,WH-BLR-01,2026-05-04,304448.64,Completed
PO-05134,PR-05134,SUP-00028,EMP-00004,WH-HYD-01,2026-04-25,375228.45,Delayed
PO-05135,PR-05135,SUP-00024,EMP-00099,WH-HYD-01,2026-02-21,50497.59,Delayed
PO-05136,PR-05136,SUP-00047,EMP-00098,WH-CHN-01,2026-02-27,447600.27,Completed
PO-05137,PR-05137,SUP-00026,EMP-00093,WH-BLR-01,2026-02-07,225641.5,Completed
PO-05138,PR-05138,SUP-00049,EMP-00081,WH-CHN-01,2026-04-16,121396.11,Completed
PO-05139,PR-05139,SUP-00025,EMP-00007,WH-CHN-01,2026-03-13,116109.95,Completed
PO-05140,PR-05140,SUP-00005,EMP-00046,WH-BLR-01,2026-05-14,364119.2,Completed
PO-05141,PR-05141,SUP-00046,EMP-00090,WH-MYS-01,2026-03-25,82443.4,Delayed
PO-05142,PR-05142,SUP-00002,EMP-00023,WH-MYS-01,2026-03-12,77571.3,Delayed
PO-05143,PR-05143,SUP-00001,EMP-00072,WH-HYD-01,2026-01-20,10160.02,Cancelled
PO-05144,PR-05144,SUP-00032,EMP-00058,WH-BLR-01,2026-01-15,108976.5,Completed
PO-05145,PR-05145,SUP-00017,EMP-00067,WH-CHN-01,2026-04-19,607644.0,Completed
PO-05146,PR-05146,SUP-00033,EMP-00071,WH-MYS-01,2026-01-22,404219.52,Delayed
PO-05147,PR-05147,SUP-00023,EMP-00031,WH-CHN-01,2026-05-14,89987.44,Completed
PO-05148,PR-05148,SUP-00039,EMP-00063,WH-MYS-01,2026-05-29,38577.88,Delayed
PO-05149,PR-05149,SUP-00014,EMP-00025,WH-HYD-01,2026-04-17,3170.9,Cancelled
PO-05150,PR-05150,SUP-00006,EMP-00095,WH-CHN-01,2026-04-08,88288.08,Completed
PO-05151,PR-05151,SUP-00037,EMP-00043,WH-CHN-01,2026-05-19,696852.5,Completed
PO-05152,PR-05152,SUP-00035,EMP-00049,WH-CHN-01,2026-02-22,144404.26,Completed
PO-05153,PR-05153,SUP-00007,EMP-00006,WH-HYD-01,2026-01-09,267943.75,Completed
PO-05154,PR-05154,SUP-00040,EMP-00090,WH-MYS-01,2026-01-30,218471.52,Completed
PO-05155,PR-05155,SUP-00028,EMP-00004,WH-MYS-01,2026-05-05,45514.9,Delayed
PO-05156,PR-05156,SUP-00029,EMP-00051,WH-BLR-01,2026-05-01,458832.72,Completed
PO-05157,PR-05157,SUP-00034,EMP-00003,WH-CHN-01,2026-05-10,127599.03,Delayed
PO-05158,PR-05158,SUP-00024,EMP-00065,WH-CHN-01,2026-03-16,440589.15,Delayed
PO-05159,PR-05159,SUP-00017,EMP-00085,WH-CHN-01,2026-03-28,315256.04,Delayed
PO-05160,PR-05160,SUP-00019,EMP-00078,WH-BLR-01,2026-01-14,75688.2,Completed
PO-05161,PR-05161,SUP-00031,EMP-00015,WH-HYD-01,2026-02-17,55167.35,Completed
PO-05162,PR-05162,SUP-00017,EMP-00067,WH-BLR-01,2026-03-17,323728.01,Delayed
PO-05163,PR-05163,SUP-00027,EMP-00083,WH-BLR-01,2026-02-11,117452.16,Completed
PO-05164,PR-05164,SUP-00044,EMP-00088,WH-HYD-01,2026-05-26,184127.97,Delayed
PO-05165,PR-05165,SUP-00005,EMP-00094,WH-BLR-01,2026-05-16,108023.76,Completed
PO-05166,PR-05166,SUP-00043,EMP-00006,WH-BLR-01,2026-04-13,274997.25,Completed
PO-05167,PR-05167,SUP-00009,EMP-00084,WH-CHN-01,2026-04-06,426869.51,Delayed
PO-05168,PR-05168,SUP-00033,EMP-00004,WH-CHN-01,2026-01-13,1188.6,Completed
PO-05169,PR-05169,SUP-00016,EMP-00003,WH-HYD-01,2026-05-30,61404.45,Completed
PO-05170,PR-05170,SUP-00047,EMP-00055,WH-HYD-01,2026-04-25,370534.56,Completed
PO-05171,PR-05171,SUP-00002,EMP-00065,WH-HYD-01,2026-05-28,72269.7,Delayed
PO-05172,PR-05172,SUP-00044,EMP-00046,WH-MYS-01,2026-05-24,219510.9,Completed
PO-05173,PR-05173,SUP-00045,EMP-00001,WH-HYD-01,2026-04-11,47563.5,Completed
PO-05174,PR-05174,SUP-00039,EMP-00092,WH-BLR-01,2026-04-26,593864.6,Delayed
PO-05175,PR-05175,SUP-00029,EMP-00028,WH-HYD-01,2026-04-29,14152.25,Completed
PO-05176,PR-05176,SUP-00032,EMP-00092,WH-CHN-01,2026-06-01,64041.28,Delayed
PO-05177,PR-05177,SUP-00021,EMP-00083,WH-MYS-01,2026-03-18,27308.94,Completed
PO-05178,PR-05178,SUP-00016,EMP-00081,WH-MYS-01,2026-05-27,137682.45,Completed
PO-05179,PR-05179,SUP-00023,EMP-00086,WH-CHN-01,2026-03-17,38878.07,Delayed
PO-05180,PR-05180,SUP-00037,EMP-00099,WH-CHN-01,2026-02-01,206127.21,Completed
PO-05181,PR-05181,SUP-00016,EMP-00011,WH-HYD-01,2026-02-03,116062.96,Completed
PO-05182,PR-05182,SUP-00021,EMP-00038,WH-CHN-01,2026-01-14,119533.5,Delayed
PO-05183,PR-05183,SUP-00021,EMP-00052,WH-BLR-01,2026-05-25,16174.0,Completed
PO-05184,PR-05184,SUP-00027,EMP-00065,WH-CHN-01,2026-04-27,8965.97,Completed
PO-05185,PR-05185,SUP-00040,EMP-00006,WH-MYS-01,2026-02-08,101482.88,Completed
PO-05186,PR-05186,SUP-00001,EMP-00084,WH-HYD-01,2026-01-24,12609.68,Completed
PO-05187,PR-05187,SUP-00018,EMP-00024,WH-MYS-01,2026-04-14,493458.0,Cancelled
PO-05188,PR-05188,SUP-00042,EMP-00088,WH-BLR-01,2026-02-06,84003.36,Completed
PO-05189,PR-05189,SUP-00023,EMP-00029,WH-HYD-01,2026-04-23,88822.44,Completed
PO-05190,PR-05190,SUP-00020,EMP-00065,WH-HYD-01,2026-03-14,77756.14,Completed
PO-05191,PR-05191,SUP-00009,EMP-00079,WH-BLR-01,2026-03-07,76698.72,Delayed
PO-05192,PR-05192,SUP-00026,EMP-00048,WH-CHN-01,2026-05-27,34792.88,Delayed
PO-05193,PR-05193,SUP-00025,EMP-00005,WH-BLR-01,2026-05-10,552977.25,Completed
PO-05194,PR-05194,SUP-00039,EMP-00057,WH-MYS-01,2026-01-28,26283.6,Completed
PO-05195,PR-05195,SUP-00007,EMP-00004,WH-CHN-01,2026-05-03,126571.2,Completed
PO-05196,PR-05196,SUP-00031,EMP-00026,WH-MYS-01,2026-05-05,79119.84,Delayed
PO-05197,PR-05197,SUP-00027,EMP-00036,WH-MYS-01,2026-02-08,22126.14,Completed
PO-05198,PR-05198,SUP-00012,EMP-00045,WH-CHN-01,2026-04-06,141636.9,Completed
PO-05199,PR-05199,SUP-00030,EMP-00073,WH-MYS-01,2026-04-02,488598.36,Delayed
PO-05200,PR-05200,SUP-00018,EMP-00049,WH-CHN-01,2026-01-28,17100.36,Completed
PO-05201,PR-05201,SUP-00026,EMP-00076,WH-HYD-01,2026-02-22,720633.0,Completed
PO-05202,PR-05202,SUP-00037,EMP-00049,WH-MYS-01,2026-02-20,172400.9,Completed
PO-05203,PR-05203,SUP-00011,EMP-00035,WH-BLR-01,2026-04-20,11332.33,Delayed
PO-05204,PR-05204,SUP-00030,EMP-00083,WH-MYS-01,2026-04-21,5773.2,Completed
PO-05205,PR-05205,SUP-00015,EMP-00030,WH-CHN-01,2026-01-17,179320.23,Completed
PO-05206,PR-05206,SUP-00015,EMP-00094,WH-CHN-01,2026-03-22,394689.69,Delayed
PO-05207,PR-05207,SUP-00015,EMP-00035,WH-HYD-01,2026-02-28,227205.16,Completed
PO-05208,PR-05208,SUP-00018,EMP-00065,WH-CHN-01,2026-03-28,367020.2,Completed
PO-05209,PR-05209,SUP-00042,EMP-00043,WH-MYS-01,2026-02-15,284438.4,Completed
PO-05210,PR-05210,SUP-00017,EMP-00021,WH-CHN-01,2026-05-10,539489.72,Completed
PO-05211,PR-05211,SUP-00012,EMP-00086,WH-CHN-01,2026-04-08,285702.3,Completed
PO-05212,PR-05212,SUP-00032,EMP-00075,WH-BLR-01,2026-05-25,18693.75,Completed
PO-05213,PR-05213,SUP-00021,EMP-00023,WH-CHN-01,2026-01-07,466138.2,Delayed
PO-05214,PR-05214,SUP-00019,EMP-00067,WH-HYD-01,2026-01-18,98680.96,Completed
PO-05215,PR-05215,SUP-00011,EMP-00083,WH-BLR-01,2026-02-01,70394.85,Completed
PO-05216,PR-05216,SUP-00021,EMP-00064,WH-HYD-01,2026-01-09,240131.8,Completed
PO-05217,PR-05217,SUP-00027,EMP-00037,WH-HYD-01,2026-05-16,631991.21,Completed
PO-05218,PR-05218,SUP-00038,EMP-00025,WH-MYS-01,2026-06-09,36023.22,Completed
PO-05219,PR-05219,SUP-00004,EMP-00059,WH-HYD-01,2026-01-16,5094.0,Completed
PO-05220,PR-05220,SUP-00028,EMP-00035,WH-HYD-01,2026-01-19,272374.83,Delayed
PO-05221,PR-05221,SUP-00018,EMP-00062,WH-CHN-01,2026-03-09,616024.64,Completed
PO-05222,PR-05222,SUP-00034,EMP-00060,WH-MYS-01,2026-02-28,418104.75,Completed
PO-05223,PR-05223,SUP-00047,EMP-00079,WH-HYD-01,2026-02-02,45365.57,Completed
PO-05224,PR-05224,SUP-00038,EMP-00021,WH-BLR-01,2026-01-06,589192.14,Completed
PO-05225,PR-05225,SUP-00029,EMP-00046,WH-CHN-01,2026-04-18,185894.32,Cancelled
PO-05226,PR-05226,SUP-00034,EMP-00042,WH-BLR-01,2026-05-02,242135.11,Completed
PO-05227,PR-05227,SUP-00019,EMP-00029,WH-MYS-01,2026-04-30,75340.0,Completed
PO-05228,PR-05228,SUP-00006,EMP-00069,WH-MYS-01,2026-01-15,226108.85,Completed
PO-05229,PR-05229,SUP-00028,EMP-00044,WH-HYD-01,2026-04-14,159789.0,Completed
PO-05230,PR-05230,SUP-00019,EMP-00010,WH-MYS-01,2026-01-07,48500.52,Completed
PO-05231,PR-05231,SUP-00039,EMP-00026,WH-HYD-01,2026-05-27,285702.3,Delayed
PO-05232,PR-05232,SUP-00005,EMP-00083,WH-MYS-01,2026-04-22,77838.84,Completed
PO-05233,PR-05233,SUP-00038,EMP-00091,WH-CHN-01,2026-04-18,176369.64,Delayed
PO-05234,PR-05234,SUP-00044,EMP-00067,WH-HYD-01,2026-03-31,505693.23,Completed
PO-05235,PR-05235,SUP-00028,EMP-00001,WH-BLR-01,2026-01-23,364014.56,Completed
PO-05236,PR-05236,SUP-00017,EMP-00017,WH-BLR-01,2026-01-20,59561.26,Delayed
PO-05237,PR-05237,SUP-00003,EMP-00065,WH-BLR-01,2026-04-03,212882.04,Completed
PO-05238,PR-05238,SUP-00041,EMP-00015,WH-MYS-01,2026-03-23,339195.36,Completed
PO-05239,PR-05239,SUP-00017,EMP-00042,WH-MYS-01,2026-05-05,51408.83,Completed
PO-05240,PR-05240,SUP-00039,EMP-00059,WH-HYD-01,2026-03-29,205886.19,Completed
PO-05241,PR-05241,SUP-00036,EMP-00038,WH-BLR-01,2026-04-16,158545.0,Completed
PO-05242,PR-05242,SUP-00018,EMP-00036,WH-BLR-01,2026-02-23,206040.1,Completed
PO-05243,PR-05243,SUP-00038,EMP-00047,WH-MYS-01,2026-03-30,55748.2,Completed
PO-05244,PR-05244,SUP-00021,EMP-00027,WH-CHN-01,2026-03-01,287737.89,Completed
PO-05245,PR-05245,SUP-00017,EMP-00063,WH-HYD-01,2026-03-11,68836.88,Delayed
PO-05246,PR-05246,SUP-00044,EMP-00025,WH-BLR-01,2026-01-24,3565.62,Completed
PO-05247,PR-05247,SUP-00026,EMP-00059,WH-HYD-01,2026-05-30,9104.88,Completed
PO-05248,PR-05248,SUP-00020,EMP-00010,WH-MYS-01,2026-04-25,284022.2,Completed
PO-05249,PR-05249,SUP-00009,EMP-00066,WH-CHN-01,2026-02-12,339197.95,Completed
PO-05250,PR-05250,SUP-00044,EMP-00091,WH-MYS-01,2026-01-09,122923.0,Completed
PO-05251,PR-05251,SUP-00030,EMP-00028,WH-BLR-01,2026-03-04,323795.94,Completed
PO-05252,PR-05252,SUP-00030,EMP-00059,WH-MYS-01,2026-04-15,54587.25,Completed
PO-05253,PR-05253,SUP-00049,EMP-00005,WH-HYD-01,2026-05-02,43361.82,Completed
PO-05254,PR-05254,SUP-00024,EMP-00056,WH-BLR-01,2026-03-27,2716.8,Completed
PO-05255,PR-05255,SUP-00018,EMP-00065,WH-CHN-01,2026-02-14,458832.72,Completed
PO-05256,PR-05256,SUP-00001,EMP-00071,WH-BLR-01,2026-03-25,667181.28,Completed
PO-05257,PR-05257,SUP-00008,EMP-00096,WH-CHN-01,2026-01-06,299142.72,Delayed
PO-05258,PR-05258,SUP-00033,EMP-00031,WH-MYS-01,2026-05-10,199400.0,Completed
PO-05259,PR-05259,SUP-00009,EMP-00046,WH-HYD-01,2026-04-30,323213.75,Delayed
PO-05260,PR-05260,SUP-00019,EMP-00068,WH-CHN-01,2026-04-13,58630.75,Completed
PO-05261,PR-05261,SUP-00032,EMP-00092,WH-MYS-01,2026-03-01,31036.05,Completed
PO-05262,PR-05262,SUP-00004,EMP-00039,WH-HYD-01,2026-05-14,937.2,Completed
PO-05263,PR-05263,SUP-00049,EMP-00032,WH-MYS-01,2026-02-27,32304.32,Completed
PO-05264,PR-05264,SUP-00002,EMP-00090,WH-MYS-01,2026-02-04,11228.32,Completed
PO-05265,PR-05265,SUP-00008,EMP-00052,WH-BLR-01,2026-04-28,361482.8,Completed
PO-05266,PR-05266,SUP-00036,EMP-00032,WH-HYD-01,2026-03-16,2108.7,Completed
PO-05267,PR-05267,SUP-00033,EMP-00013,WH-MYS-01,2026-05-31,505693.23,Completed
PO-05268,PR-05268,SUP-00023,EMP-00085,WH-HYD-01,2026-04-16,348999.84,Completed
PO-05269,PR-05269,SUP-00009,EMP-00019,WH-HYD-01,2026-05-27,430798.28,Completed
PO-05270,PR-05270,SUP-00031,EMP-00032,WH-HYD-01,2026-05-01,221993.8,Completed
PO-05271,PR-05271,SUP-00026,EMP-00051,WH-HYD-01,2026-03-13,216051.2,Delayed
PO-05272,PR-05272,SUP-00021,EMP-00020,WH-CHN-01,2026-02-21,400785.05,Completed
PO-05273,PR-05273,SUP-00041,EMP-00017,WH-HYD-01,2026-02-16,188103.96,Completed
PO-05274,PR-05274,SUP-00047,EMP-00072,WH-HYD-01,2026-04-14,480263.6,Completed
PO-05275,PR-05275,SUP-00040,EMP-00037,WH-BLR-01,2026-05-10,513943.12,Completed
PO-05276,PR-05276,SUP-00032,EMP-00013,WH-BLR-01,2026-01-10,157880.88,Completed
PO-05277,PR-05277,SUP-00035,EMP-00083,WH-BLR-01,2026-05-01,273040.26,Completed
PO-05278,PR-05278,SUP-00008,EMP-00002,WH-CHN-01,2026-05-29,303164.64,Completed
PO-05279,PR-05279,SUP-00042,EMP-00039,WH-CHN-01,2026-01-28,54012.8,Delayed
PO-05280,PR-05280,SUP-00044,EMP-00065,WH-CHN-01,2026-03-31,247686.48,Completed
PO-05281,PR-05281,SUP-00021,EMP-00066,WH-BLR-01,2026-03-25,58636.71,Completed
PO-05282,PR-05282,SUP-00017,EMP-00032,WH-CHN-01,2026-04-24,407166.48,Completed
PO-05283,PR-05283,SUP-00017,EMP-00009,WH-CHN-01,2026-05-15,31316.87,Completed
PO-05284,PR-05284,SUP-00044,EMP-00093,WH-MYS-01,2026-03-10,272266.58,Completed
PO-05285,PR-05285,SUP-00033,EMP-00037,WH-CHN-01,2026-04-25,16803.11,Completed
PO-05286,PR-05286,SUP-00009,EMP-00038,WH-HYD-01,2026-05-13,459268.32,Completed
PO-05287,PR-05287,SUP-00024,EMP-00019,WH-BLR-01,2026-01-14,284438.4,Delayed
PO-05288,PR-05288,SUP-00013,EMP-00025,WH-MYS-01,2026-01-24,145501.56,Completed
PO-05289,PR-05289,SUP-00049,EMP-00002,WH-MYS-01,2026-04-23,319639.05,Completed
PO-05290,PR-05290,SUP-00028,EMP-00046,WH-CHN-01,2026-01-11,582006.24,Completed
PO-05291,PR-05291,SUP-00001,EMP-00091,WH-CHN-01,2026-02-04,546080.52,Completed
PO-05292,PR-05292,SUP-00035,EMP-00047,WH-CHN-01,2026-02-16,306891.04,Delayed
PO-05293,PR-05293,SUP-00024,EMP-00082,WH-MYS-01,2026-01-13,284022.2,Completed
PO-05294,PR-05294,SUP-00044,EMP-00096,WH-CHN-01,2026-05-27,275220.66,Completed
PO-05295,PR-05295,SUP-00049,EMP-00044,WH-BLR-01,2026-02-12,29372.61,Delayed
PO-05296,PR-05296,SUP-00042,EMP-00091,WH-MYS-01,2026-04-02,146868.15,Completed
PO-05297,PR-05297,SUP-00026,EMP-00044,WH-CHN-01,2026-01-23,502702.92,Completed
PO-05298,PR-05298,SUP-00049,EMP-00030,WH-MYS-01,2026-01-24,93468.75,Completed
PO-05299,PR-05299,SUP-00026,EMP-00048,WH-CHN-01,2026-02-03,56487.75,Completed
PO-05300,PR-05300,SUP-00038,EMP-00007,WH-HYD-01,2026-03-06,21494.73,Delayed
PO-05301,PR-05301,SUP-00050,EMP-00081,WH-MYS-01,2026-05-25,646688.68,Delayed
PO-05302,PR-05302,SUP-00012,EMP-00045,WH-CHN-01,2026-04-20,175541.6,Completed
PO-05303,PR-05303,SUP-00018,EMP-00089,WH-HYD-01,2026-04-02,138025.64,Completed
PO-05304,PR-05304,SUP-00044,EMP-00074,WH-HYD-01,2026-05-29,692144.6,Delayed
PO-05305,PR-05305,SUP-00039,EMP-00014,WH-MYS-01,2026-02-10,283935.23,Completed
PO-05306,PR-05306,SUP-00009,EMP-00097,WH-BLR-01,2026-04-03,401756.4,Delayed
PO-05307,PR-05307,SUP-00047,EMP-00057,WH-HYD-01,2026-01-14,199747.07,Completed
PO-05308,PR-05308,SUP-00014,EMP-00020,WH-BLR-01,2026-05-09,569884.01,Completed
PO-05309,PR-05309,SUP-00009,EMP-00016,WH-CHN-01,2026-02-10,152224.32,Completed
PO-05310,PR-05310,SUP-00037,EMP-00090,WH-BLR-01,2026-03-22,4595.23,Completed
PO-05311,PR-05311,SUP-00015,EMP-00057,WH-CHN-01,2026-04-23,39559.92,Completed
PO-05312,PR-05312,SUP-00016,EMP-00090,WH-HYD-01,2026-01-26,50852.66,Completed
PO-05313,PR-05313,SUP-00026,EMP-00012,WH-MYS-01,2026-01-14,441400.68,Completed
PO-05314,PR-05314,SUP-00010,EMP-00099,WH-CHN-01,2026-02-09,560022.4,Completed
PO-05315,PR-05315,SUP-00004,EMP-00050,WH-BLR-01,2026-03-25,19311.32,Completed
PO-05316,PR-05316,SUP-00005,EMP-00086,WH-MYS-01,2026-03-04,82443.4,Completed
PO-05317,PR-05317,SUP-00045,EMP-00024,WH-MYS-01,2026-02-21,34585.04,Completed
PO-05318,PR-05318,SUP-00049,EMP-00052,WH-HYD-01,2026-03-05,631991.21,Completed
PO-05319,PR-05319,SUP-00039,EMP-00052,WH-BLR-01,2026-04-27,613056.5,Completed
PO-05320,PR-05320,SUP-00040,EMP-00061,WH-CHN-01,2026-03-21,15957.4,Completed
PO-05321,PR-05321,SUP-00041,EMP-00084,WH-CHN-01,2026-05-09,197383.2,Completed
PO-05322,PR-05322,SUP-00019,EMP-00028,WH-MYS-01,2026-02-02,66717.75,Delayed
PO-05323,PR-05323,SUP-00050,EMP-00065,WH-BLR-01,2026-01-30,350668.5,Cancelled
PO-05324,PR-05324,SUP-00043,EMP-00056,WH-BLR-01,2026-03-16,126188.31,Completed
PO-05325,PR-05325,SUP-00025,EMP-00065,WH-HYD-01,2026-02-19,105122.5,Completed
PO-05326,PR-05326,SUP-00048,EMP-00045,WH-HYD-01,2026-04-17,78326.96,Completed
PO-05327,PR-05327,SUP-00031,EMP-00091,WH-CHN-01,2026-02-28,93421.48,Completed
PO-05328,PR-05328,SUP-00048,EMP-00099,WH-HYD-01,2026-02-21,16243.38,Completed
PO-05329,PR-05329,SUP-00048,EMP-00091,WH-CHN-01,2026-05-08,193570.43,Completed
PO-05330,PR-05330,SUP-00016,EMP-00008,WH-CHN-01,2026-02-02,410235.35,Completed
PO-05331,PR-05331,SUP-00022,EMP-00058,WH-HYD-01,2026-01-28,73566.78,Completed
PO-05332,PR-05332,SUP-00005,EMP-00083,WH-HYD-01,2026-04-27,219471.7,Delayed
PO-05333,PR-05333,SUP-00025,EMP-00085,WH-MYS-01,2026-02-22,3358.3,Completed
PO-05334,PR-05334,SUP-00006,EMP-00056,WH-BLR-01,2026-04-24,230542.61,Completed
PO-05335,PR-05335,SUP-00013,EMP-00025,WH-CHN-01,2026-03-02,173645.16,Completed
PO-05336,PR-05336,SUP-00022,EMP-00047,WH-CHN-01,2026-02-09,393278.57,Completed
PO-05337,PR-05337,SUP-00044,EMP-00089,WH-CHN-01,2026-03-29,360002.45,Completed
PO-05338,PR-05338,SUP-00010,EMP-00025,WH-BLR-01,2026-03-16,229002.97,Delayed
PO-05339,PR-05339,SUP-00043,EMP-00066,WH-HYD-01,2026-02-14,257665.27,Completed
PO-05340,PR-05340,SUP-00020,EMP-00022,WH-BLR-01,2026-03-31,43801.24,Completed
PO-05341,PR-05341,SUP-00017,EMP-00080,WH-BLR-01,2026-02-27,258713.89,Completed
PO-05342,PR-05342,SUP-00029,EMP-00014,WH-CHN-01,2026-06-02,324076.8,Delayed
PO-05343,PR-05343,SUP-00002,EMP-00016,WH-HYD-01,2026-04-07,79273.5,Completed
PO-05344,PR-05344,SUP-00044,EMP-00047,WH-MYS-01,2026-05-17,40380.4,Completed
PO-05345,PR-05345,SUP-00023,EMP-00044,WH-CHN-01,2026-03-07,3358.3,Completed
PO-05346,PR-05346,SUP-00023,EMP-00094,WH-MYS-01,2026-05-19,85918.91,Completed
PO-05347,PR-05347,SUP-00017,EMP-00004,WH-CHN-01,2026-02-13,390237.4,Completed
PO-05348,PR-05348,SUP-00049,EMP-00082,WH-CHN-01,2026-04-01,390459.81,Delayed
PO-05349,PR-05349,SUP-00041,EMP-00094,WH-HYD-01,2026-05-24,285281.92,Completed
PO-05350,PR-05350,SUP-00042,EMP-00059,WH-CHN-01,2026-03-13,366155.91,Completed
PO-05351,PR-05351,SUP-00037,EMP-00029,WH-BLR-01,2026-02-19,72505.66,Delayed
PO-05352,PR-05352,SUP-00021,EMP-00052,WH-MYS-01,2026-03-31,308311.92,Completed
PO-05353,PR-05353,SUP-00007,EMP-00047,WH-BLR-01,2026-01-12,422226.18,Delayed
PO-05354,PR-05354,SUP-00030,EMP-00064,WH-MYS-01,2026-05-09,127831.2,Completed
PO-05355,PR-05355,SUP-00004,EMP-00026,WH-BLR-01,2026-05-25,60887.54,Completed
PO-05356,PR-05356,SUP-00035,EMP-00092,WH-MYS-01,2026-05-14,45318.35,Delayed
PO-05357,PR-05357,SUP-00006,EMP-00020,WH-HYD-01,2026-03-07,68388.06,Completed
PO-05358,PR-05358,SUP-00034,EMP-00055,WH-BLR-01,2026-02-22,45899.52,Completed
PO-05359,PR-05359,SUP-00028,EMP-00063,WH-BLR-01,2026-04-06,159786.2,Delayed
PO-05360,PR-05360,SUP-00022,EMP-00083,WH-HYD-01,2026-04-08,224008.96,Completed
PO-05361,PR-05361,SUP-00003,EMP-00007,WH-MYS-01,2026-01-19,239405.04,Completed
PO-05362,PR-05362,SUP-00019,EMP-00015,WH-HYD-01,2026-04-02,125103.3,Delayed
PO-05363,PR-05363,SUP-00006,EMP-00033,WH-MYS-01,2026-01-31,81207.0,Completed
PO-05364,PR-05364,SUP-00044,EMP-00013,WH-BLR-01,2026-03-29,214920.12,Completed
PO-05365,PR-05365,SUP-00032,EMP-00092,WH-BLR-01,2026-03-31,28825.32,Completed
PO-05366,PR-05366,SUP-00039,EMP-00029,WH-CHN-01,2026-01-20,38069.88,Delayed
PO-05367,PR-05367,SUP-00040,EMP-00098,WH-BLR-01,2026-05-20,201187.56,Completed
PO-05368,PR-05368,SUP-00007,EMP-00060,WH-CHN-01,2026-04-13,426226.63,Cancelled
PO-05369,PR-05369,SUP-00022,EMP-00033,WH-BLR-01,2026-02-25,196829.28,Delayed
PO-05370,PR-05370,SUP-00007,EMP-00004,WH-CHN-01,2026-02-22,9635.96,Completed
PO-05371,PR-05371,SUP-00016,EMP-00018,WH-HYD-01,2026-02-19,167244.6,Cancelled
PO-05372,PR-05372,SUP-00048,EMP-00091,WH-MYS-01,2026-05-14,242792.35,Completed
PO-05373,PR-05373,SUP-00038,EMP-00033,WH-MYS-01,2026-01-20,19271.92,Delayed
PO-05374,PR-05374,SUP-00039,EMP-00086,WH-MYS-01,2026-02-14,11885.4,Completed
PO-05375,PR-05375,SUP-00032,EMP-00011,WH-MYS-01,2026-03-28,602024.08,Delayed
PO-05376,PR-05376,SUP-00032,EMP-00061,WH-CHN-01,2026-05-25,226006.4,Completed
PO-05377,PR-05377,SUP-00038,EMP-00042,WH-MYS-01,2026-03-28,33238.08,Completed
PO-05378,PR-05378,SUP-00008,EMP-00012,WH-HYD-01,2026-03-15,225785.5,Completed
PO-05379,PR-05379,SUP-00046,EMP-00066,WH-CHN-01,2026-04-07,298349.26,Completed
PO-05380,PR-05380,SUP-00010,EMP-00004,WH-BLR-01,2026-04-19,224329.44,Completed
PO-05381,PR-05381,SUP-00038,EMP-00033,WH-BLR-01,2026-05-31,98003.92,Completed
PO-05382,PR-05382,SUP-00049,EMP-00042,WH-MYS-01,2026-03-13,29947.99,Completed
PO-05383,PR-05383,SUP-00041,EMP-00023,WH-BLR-01,2026-02-03,15957.4,Completed
PO-05384,PR-05384,SUP-00012,EMP-00065,WH-MYS-01,2026-03-26,168492.48,Cancelled
PO-05385,PR-05385,SUP-00010,EMP-00005,WH-CHN-01,2026-03-26,161847.0,Delayed
PO-05386,PR-05386,SUP-00015,EMP-00002,WH-CHN-01,2026-01-18,341326.08,Completed
PO-05387,PR-05387,SUP-00029,EMP-00043,WH-MYS-01,2026-04-15,135108.24,Completed
PO-05388,PR-05388,SUP-00020,EMP-00078,WH-HYD-01,2026-02-19,284453.1,Completed
PO-05389,PR-05389,SUP-00042,EMP-00031,WH-HYD-01,2026-03-26,75406.5,Completed
PO-05390,PR-05390,SUP-00049,EMP-00075,WH-HYD-01,2026-01-19,9810.5,Delayed
PO-05391,PR-05391,SUP-00045,EMP-00050,WH-HYD-01,2026-04-18,388004.58,Cancelled
PO-05392,PR-05392,SUP-00040,EMP-00077,WH-BLR-01,2026-04-09,311355.36,Completed
PO-05393,PR-05393,SUP-00035,EMP-00009,WH-CHN-01,2026-03-07,12898.58,Delayed
PO-05394,PR-05394,SUP-00029,EMP-00027,WH-MYS-01,2026-05-05,255869.28,Completed
PO-05395,PR-05395,SUP-00014,EMP-00068,WH-BLR-01,2026-03-20,266186.07,Completed
PO-05396,PR-05396,SUP-00030,EMP-00028,WH-MYS-01,2026-03-20,470319.04,Completed
PO-05397,PR-05397,SUP-00021,EMP-00051,WH-CHN-01,2026-02-19,255662.4,Delayed
PO-05398,PR-05398,SUP-00007,EMP-00059,WH-BLR-01,2026-04-06,141636.9,Delayed
PO-05399,PR-05399,SUP-00046,EMP-00031,WH-HYD-01,2026-04-16,153162.32,Cancelled
PO-05400,PR-05400,SUP-00023,EMP-00096,WH-HYD-01,2026-02-02,219822.58,Completed
PO-05401,PR-05401,SUP-00014,EMP-00081,WH-MYS-01,2026-05-13,189044.8,Completed
PO-05402,PR-05402,SUP-00004,EMP-00029,WH-BLR-01,2026-05-10,17212.32,Completed
PO-05403,PR-05403,SUP-00028,EMP-00087,WH-HYD-01,2026-04-21,73594.08,Completed
PO-05404,PR-05404,SUP-00032,EMP-00038,WH-BLR-01,2026-05-03,72658.64,Completed
PO-05405,PR-05405,SUP-00034,EMP-00004,WH-BLR-01,2026-05-10,84875.91,Completed
PO-05406,PR-05406,SUP-00038,EMP-00069,WH-BLR-01,2026-02-02,202426.2,Delayed
PO-05407,PR-05407,SUP-00041,EMP-00073,WH-CHN-01,2026-04-29,426676.16,Completed
PO-05408,PR-05408,SUP-00024,EMP-00037,WH-HYD-01,2026-03-11,161931.55,Delayed
PO-05409,PR-05409,SUP-00028,EMP-00028,WH-MYS-01,2026-03-19,129120.76,Completed
PO-05410,PR-05410,SUP-00026,EMP-00038,WH-MYS-01,2026-03-17,171421.38,Delayed
PO-05411,PR-05411,SUP-00040,EMP-00051,WH-HYD-01,2026-03-23,402167.34,Completed
PO-05412,PR-05412,SUP-00005,EMP-00026,WH-BLR-01,2026-04-18,42061.77,Completed
PO-05413,PR-05413,SUP-00042,EMP-00044,WH-HYD-01,2026-04-21,254883.44,Delayed
PO-05414,PR-05414,SUP-00030,EMP-00020,WH-HYD-01,2026-04-24,39900.84,Completed
PO-05415,PR-05415,SUP-00028,EMP-00072,WH-CHN-01,2026-02-12,179494.35,Completed
PO-05416,PR-05416,SUP-00026,EMP-00008,WH-HYD-01,2026-03-17,94410.75,Delayed
PO-05417,PR-05417,SUP-00050,EMP-00082,WH-BLR-01,2026-06-01,544871.88,Delayed
PO-05418,PR-05418,SUP-00013,EMP-00040,WH-HYD-01,2026-02-03,125582.25,Completed
PO-05419,PR-05419,SUP-00010,EMP-00039,WH-BLR-01,2026-04-24,12510.03,Delayed
PO-05420,PR-05420,SUP-00038,EMP-00068,WH-CHN-01,2026-05-17,116634.21,Completed
PO-05421,PR-05421,SUP-00009,EMP-00098,WH-HYD-01,2026-01-28,10452.9,Completed
PO-05422,PR-05422,SUP-00015,EMP-00015,WH-MYS-01,2026-03-17,48217.6,Completed
PO-05423,PR-05423,SUP-00001,EMP-00079,WH-BLR-01,2026-04-10,313186.44,Completed
PO-05424,PR-05424,SUP-00011,EMP-00064,WH-BLR-01,2026-01-29,220291.92,Delayed
PO-05425,PR-05425,SUP-00022,EMP-00075,WH-BLR-01,2026-05-08,157478.02,Completed
PO-05426,PR-05426,SUP-00016,EMP-00067,WH-HYD-01,2026-02-04,339616.71,Completed
PO-05427,PR-05427,SUP-00028,EMP-00088,WH-HYD-01,2026-01-10,29516.4,Completed
PO-05428,PR-05428,SUP-00038,EMP-00073,WH-HYD-01,2026-01-18,426642.15,Completed
PO-05429,PR-05429,SUP-00032,EMP-00099,WH-MYS-01,2026-04-29,18380.92,Completed
PO-05430,PR-05430,SUP-00044,EMP-00051,WH-HYD-01,2026-02-22,44044.56,Completed
PO-05431,PR-05431,SUP-00012,EMP-00042,WH-BLR-01,2026-01-15,340568.91,Completed
PO-05432,PR-05432,SUP-00031,EMP-00094,WH-MYS-01,2026-05-19,37387.5,Delayed
PO-05433,PR-05433,SUP-00009,EMP-00068,WH-MYS-01,2026-02-07,219997.8,Completed
PO-05434,PR-05434,SUP-00021,EMP-00051,WH-HYD-01,2026-02-25,431842.56,Completed
PO-05435,PR-05435,SUP-00041,EMP-00003,WH-CHN-01,2026-01-04,103445.92,Completed
PO-05436,PR-05436,SUP-00049,EMP-00067,WH-CHN-01,2026-01-31,77087.68,Completed
PO-05437,PR-05437,SUP-00035,EMP-00049,WH-HYD-01,2026-02-26,181876.95,Completed
PO-05438,PR-05438,SUP-00021,EMP-00002,WH-BLR-01,2026-02-17,207893.79,Completed
PO-05439,PR-05439,SUP-00039,EMP-00014,WH-CHN-01,2026-04-25,269479.68,Completed
PO-05440,PR-05440,SUP-00042,EMP-00072,WH-HYD-01,2026-01-21,11474.88,Cancelled
PO-05441,PR-05441,SUP-00034,EMP-00048,WH-HYD-01,2026-05-31,561416.0,Completed
PO-05442,PR-05442,SUP-00022,EMP-00034,WH-MYS-01,2026-06-03,121141.2,Completed
PO-05443,PR-05443,SUP-00046,EMP-00089,WH-BLR-01,2026-05-11,86982.2,Completed
PO-05444,PR-05444,SUP-00036,EMP-00091,WH-BLR-01,2026-04-23,38349.36,Completed
PO-05445,PR-05445,SUP-00046,EMP-00064,WH-CHN-01,2026-02-01,24562.72,Completed
PO-05446,PR-05446,SUP-00014,EMP-00016,WH-CHN-01,2026-04-09,8276.28,Delayed
PO-05447,PR-05447,SUP-00005,EMP-00089,WH-MYS-01,2026-06-04,188121.26,Delayed
PO-05448,PR-05448,SUP-00049,EMP-00036,WH-MYS-01,2026-02-25,8606.16,Completed
PO-05449,PR-05449,SUP-00028,EMP-00075,WH-BLR-01,2026-05-19,3396.0,Completed
PO-05450,PR-05450,SUP-00045,EMP-00010,WH-MYS-01,2026-03-08,276178.89,Cancelled
PO-05451,PR-05451,SUP-00047,EMP-00084,WH-MYS-01,2026-05-06,80454.64,Delayed
PO-05452,PR-05452,SUP-00038,EMP-00057,WH-BLR-01,2026-02-09,575569.8,Completed
PO-05453,PR-05453,SUP-00022,EMP-00012,WH-MYS-01,2026-04-08,486407.25,Completed
PO-05454,PR-05454,SUP-00004,EMP-00089,WH-MYS-01,2026-05-29,471589.44,Completed
PO-05455,PR-05455,SUP-00024,EMP-00061,WH-HYD-01,2026-05-22,12683.6,Completed
PO-05456,PR-05456,SUP-00012,EMP-00088,WH-CHN-01,2026-04-16,127831.2,Completed
PO-05457,PR-05457,SUP-00003,EMP-00094,WH-MYS-01,2026-01-08,298660.32,Delayed
PO-05458,PR-05458,SUP-00013,EMP-00006,WH-BLR-01,2026-02-26,56887.68,Delayed
PO-05459,PR-05459,SUP-00048,EMP-00033,WH-BLR-01,2026-06-04,474774.98,Cancelled
PO-05460,PR-05460,SUP-00026,EMP-00009,WH-MYS-01,2026-02-10,59444.54,Cancelled
PO-05461,PR-05461,SUP-00018,EMP-00025,WH-HYD-01,2026-04-02,392571.0,Completed
PO-05462,PR-05462,SUP-00018,EMP-00077,WH-BLR-01,2026-04-22,705478.56,Completed
PO-05463,PR-05463,SUP-00017,EMP-00031,WH-CHN-01,2026-04-12,365325.24,Delayed
PO-05464,PR-05464,SUP-00010,EMP-00058,WH-BLR-01,2026-02-27,641104.3,Completed
PO-05465,PR-05465,SUP-00029,EMP-00004,WH-CHN-01,2026-02-03,16744.3,Completed
PO-05466,PR-05466,SUP-00013,EMP-00090,WH-CHN-01,2026-02-26,207734.12,Completed
PO-05467,PR-05467,SUP-00041,EMP-00020,WH-MYS-01,2026-05-10,414750.72,Completed
PO-05468,PR-05468,SUP-00049,EMP-00023,WH-BLR-01,2026-01-24,18195.75,Delayed
PO-05469,PR-05469,SUP-00047,EMP-00014,WH-CHN-01,2026-03-18,49407.2,Delayed
PO-05470,PR-05470,SUP-00030,EMP-00002,WH-HYD-01,2026-02-20,35070.8,Completed
PO-05471,PR-05471,SUP-00026,EMP-00100,WH-HYD-01,2026-05-05,8490.0,Completed
PO-05472,PR-05472,SUP-00010,EMP-00032,WH-CHN-01,2026-02-11,106664.4,Completed
PO-05473,PR-05473,SUP-00037,EMP-00046,WH-HYD-01,2026-02-01,19016.64,Completed
PO-05474,PR-05474,SUP-00020,EMP-00060,WH-HYD-01,2026-05-07,506179.35,Cancelled
PO-05475,PR-05475,SUP-00038,EMP-00089,WH-HYD-01,2026-01-15,279254.5,Delayed
PO-05476,PR-05476,SUP-00043,EMP-00012,WH-BLR-01,2026-03-21,600481.44,Completed
PO-05477,PR-05477,SUP-00025,EMP-00052,WH-HYD-01,2026-04-28,34369.75,Completed
PO-05478,PR-05478,SUP-00046,EMP-00024,WH-MYS-01,2026-01-26,3172.49,Completed
PO-05479,PR-05479,SUP-00027,EMP-00025,WH-MYS-01,2026-01-18,222304.68,Completed
PO-05480,PR-05480,SUP-00045,EMP-00100,WH-BLR-01,2026-01-13,78514.2,Completed
PO-05481,PR-05481,SUP-00028,EMP-00069,WH-BLR-01,2026-04-07,138025.64,Completed
PO-05482,PR-05482,SUP-00046,EMP-00094,WH-BLR-01,2026-03-13,103887.85,Completed
PO-05483,PR-05483,SUP-00027,EMP-00087,WH-HYD-01,2026-01-06,145861.4,Completed
PO-05484,PR-05484,SUP-00005,EMP-00018,WH-CHN-01,2026-03-14,207764.24,Completed
PO-05485,PR-05485,SUP-00045,EMP-00086,WH-MYS-01,2026-04-02,529108.92,Completed
PO-05486,PR-05486,SUP-00009,EMP-00075,WH-MYS-01,2026-03-19,350289.24,Completed
PO-05487,PR-05487,SUP-00023,EMP-00002,WH-BLR-01,2026-05-22,80923.5,Completed
PO-05488,PR-05488,SUP-00038,EMP-00063,WH-HYD-01,2026-02-15,109235.76,Completed
PO-05489,PR-05489,SUP-00021,EMP-00083,WH-MYS-01,2026-01-24,504298.86,Completed
PO-05490,PR-05490,SUP-00046,EMP-00039,WH-CHN-01,2026-01-31,238009.52,Completed
PO-05491,PR-05491,SUP-00001,EMP-00032,WH-BLR-01,2026-03-29,306528.25,Delayed
PO-05492,PR-05492,SUP-00014,EMP-00096,WH-CHN-01,2026-01-16,196494.24,Completed
PO-05493,PR-05493,SUP-00004,EMP-00013,WH-HYD-01,2026-04-15,152776.25,Completed
PO-05494,PR-05494,SUP-00047,EMP-00007,WH-MYS-01,2026-03-21,57815.76,Delayed
PO-05495,PR-05495,SUP-00015,EMP-00096,WH-BLR-01,2026-03-11,202308.75,Completed
PO-05496,PR-05496,SUP-00022,EMP-00037,WH-HYD-01,2026-01-25,180760.8,Completed
PO-05497,PR-05497,SUP-00037,EMP-00065,WH-HYD-01,2026-05-22,614044.5,Completed
PO-05498,PR-05498,SUP-00021,EMP-00086,WH-BLR-01,2026-06-02,518020.72,Cancelled
PO-05499,PR-05499,SUP-00016,EMP-00081,WH-MYS-01,2026-01-07,250889.4,Delayed
PO-05500,PR-05500,SUP-00020,EMP-00068,WH-CHN-01,2026-06-10,290634.56,Completed
PO-05501,PR-05501,SUP-00045,EMP-00093,WH-HYD-01,2026-03-18,98297.9,Completed
PO-05502,PR-05502,SUP-00045,EMP-00006,WH-MYS-01,2026-06-05,88302.9,Completed
PO-05503,PR-05503,SUP-00016,EMP-00021,WH-CHN-01,2026-04-04,68378.8,Completed
PO-05504,PR-05504,SUP-00025,EMP-00059,WH-CHN-01,2026-03-25,254883.44,Completed
PO-05505,PR-05505,SUP-00036,EMP-00065,WH-HYD-01,2026-01-18,26897.91,Completed
PO-05506,PR-05506,SUP-00044,EMP-00038,WH-MYS-01,2026-02-16,158182.81,Completed
PO-05507,PR-05507,SUP-00010,EMP-00030,WH-HYD-01,2026-02-14,4940.72,Completed
PO-05508,PR-05508,SUP-00043,EMP-00093,WH-CHN-01,2026-04-20,402230.5,Completed
PO-05509,PR-05509,SUP-00036,EMP-00053,WH-HYD-01,2026-03-09,212527.68,Completed
PO-05510,PR-05510,SUP-00030,EMP-00098,WH-CHN-01,2026-03-16,36783.39,Completed
PO-05511,PR-05511,SUP-00033,EMP-00020,WH-HYD-01,2026-05-07,444112.2,Completed
PO-05512,PR-05512,SUP-00046,EMP-00020,WH-HYD-01,2026-03-18,254381.6,Completed
PO-05513,PR-05513,SUP-00028,EMP-00054,WH-HYD-01,2026-05-02,89481.84,Completed
PO-05514,PR-05514,SUP-00009,EMP-00012,WH-CHN-01,2026-05-29,677015.12,Completed
PO-05515,PR-05515,SUP-00026,EMP-00017,WH-MYS-01,2026-04-14,17584.65,Completed
PO-05516,PR-05516,SUP-00037,EMP-00089,WH-CHN-01,2026-01-04,44392.6,Delayed
PO-05517,PR-05517,SUP-00049,EMP-00087,WH-MYS-01,2026-02-17,305474.5,Completed
PO-05518,PR-05518,SUP-00032,EMP-00082,WH-HYD-01,2026-05-11,466594.56,Completed
PO-05519,PR-05519,SUP-00031,EMP-00061,WH-CHN-01,2026-02-14,85289.76,Completed
PO-05520,PR-05520,SUP-00028,EMP-00005,WH-HYD-01,2026-05-22,108172.24,Delayed
PO-05521,PR-05521,SUP-00029,EMP-00016,WH-BLR-01,2026-05-24,428553.45,Completed
PO-05522,PR-05522,SUP-00004,EMP-00096,WH-CHN-01,2026-05-08,282005.99,Completed
PO-05523,PR-05523,SUP-00049,EMP-00036,WH-HYD-01,2026-05-04,392356.16,Completed
PO-05524,PR-05524,SUP-00019,EMP-00080,WH-HYD-01,2026-05-30,494046.08,Completed
PO-05525,PR-05525,SUP-00029,EMP-00037,WH-BLR-01,2026-01-10,163991.1,Completed
PO-05526,PR-05526,SUP-00021,EMP-00043,WH-BLR-01,2026-02-01,77340.0,Completed
PO-05527,PR-05527,SUP-00041,EMP-00060,WH-BLR-01,2026-05-06,418104.75,Completed
PO-05528,PR-05528,SUP-00011,EMP-00021,WH-MYS-01,2026-05-21,134771.04,Completed
PO-05529,PR-05529,SUP-00036,EMP-00025,WH-MYS-01,2026-02-26,448629.81,Delayed
PO-05530,PR-05530,SUP-00019,EMP-00040,WH-HYD-01,2026-03-16,36844.08,Completed
PO-05531,PR-05531,SUP-00016,EMP-00090,WH-BLR-01,2026-02-03,208439.21,Completed
PO-05532,PR-05532,SUP-00010,EMP-00068,WH-HYD-01,2026-02-01,4827.83,Completed
PO-05533,PR-05533,SUP-00025,EMP-00085,WH-BLR-01,2026-04-01,82454.84,Delayed
PO-05534,PR-05534,SUP-00028,EMP-00023,WH-MYS-01,2026-04-14,15933.54,Completed
PO-05535,PR-05535,SUP-00032,EMP-00031,WH-CHN-01,2026-03-02,426420.28,Completed
PO-05536,PR-05536,SUP-00026,EMP-00061,WH-CHN-01,2026-04-08,127831.2,Completed
PO-05537,PR-05537,SUP-00022,EMP-00007,WH-MYS-01,2026-05-17,458941.5,Completed
PO-05538,PR-05538,SUP-00001,EMP-00059,WH-BLR-01,2026-01-06,121455.72,Completed
PO-05539,PR-05539,SUP-00035,EMP-00003,WH-HYD-01,2026-05-01,19288.94,Completed
PO-05540,PR-05540,SUP-00019,EMP-00022,WH-HYD-01,2026-04-05,339230.58,Completed
PO-05541,PR-05541,SUP-00016,EMP-00072,WH-CHN-01,2026-05-17,621147.2,Completed
PO-05542,PR-05542,SUP-00008,EMP-00065,WH-BLR-01,2026-06-14,145369.44,Delayed
PO-05543,PR-05543,SUP-00015,EMP-00066,WH-CHN-01,2026-02-18,204529.92,Completed
PO-05544,PR-05544,SUP-00027,EMP-00083,WH-MYS-01,2026-05-21,27122.66,Completed
PO-05545,PR-05545,SUP-00050,EMP-00068,WH-HYD-01,2026-04-12,265315.43,Completed
PO-05546,PR-05546,SUP-00025,EMP-00060,WH-BLR-01,2026-05-17,125103.3,Completed
PO-05547,PR-05547,SUP-00007,EMP-00074,WH-HYD-01,2026-03-12,8767.7,Completed
PO-05548,PR-05548,SUP-00035,EMP-00034,WH-BLR-01,2026-03-08,54138.0,Completed
PO-05549,PR-05549,SUP-00025,EMP-00036,WH-MYS-01,2026-03-21,3296.66,Completed
PO-05550,PR-05550,SUP-00038,EMP-00083,WH-HYD-01,2026-04-06,108490.64,Completed
PO-05551,PR-05551,SUP-00043,EMP-00060,WH-BLR-01,2026-04-07,194597.1,Completed
PO-05552,PR-05552,SUP-00025,EMP-00099,WH-CHN-01,2026-01-23,9457.26,Delayed
PO-05553,PR-05553,SUP-00013,EMP-00044,WH-BLR-01,2026-04-04,9691.37,Completed
PO-05554,PR-05554,SUP-00047,EMP-00079,WH-BLR-01,2026-04-27,89074.78,Delayed
PO-05555,PR-05555,SUP-00046,EMP-00003,WH-BLR-01,2026-01-25,75766.13,Completed
PO-05556,PR-05556,SUP-00044,EMP-00031,WH-BLR-01,2026-05-27,207939.16,Delayed
PO-05557,PR-05557,SUP-00037,EMP-00020,WH-CHN-01,2026-01-07,80930.74,Completed
PO-05558,PR-05558,SUP-00019,EMP-00083,WH-BLR-01,2026-04-16,160702.56,Completed
PO-05559,PR-05559,SUP-00036,EMP-00015,WH-BLR-01,2026-03-17,16744.3,Cancelled
PO-05560,PR-05560,SUP-00010,EMP-00073,WH-BLR-01,2026-03-22,206891.84,Delayed
PO-05561,PR-05561,SUP-00043,EMP-00083,WH-MYS-01,2026-06-12,32304.32,Delayed
PO-05562,PR-05562,SUP-00021,EMP-00045,WH-CHN-01,2026-05-08,50539.14,Delayed
PO-05563,PR-05563,SUP-00045,EMP-00008,WH-HYD-01,2026-05-09,230542.61,Delayed
PO-05564,PR-05564,SUP-00047,EMP-00083,WH-HYD-01,2026-04-10,1405.8,Completed
PO-05565,PR-05565,SUP-00046,EMP-00060,WH-CHN-01,2026-04-22,557845.02,Completed
PO-05566,PR-05566,SUP-00028,EMP-00074,WH-CHN-01,2026-02-02,318756.0,Completed
PO-05567,PR-05567,SUP-00048,EMP-00014,WH-HYD-01,2026-05-16,31167.08,Completed
PO-05568,PR-05568,SUP-00003,EMP-00060,WH-CHN-01,2026-05-26,92507.8,Completed
PO-05569,PR-05569,SUP-00030,EMP-00016,WH-HYD-01,2026-01-15,330437.88,Completed
PO-05570,PR-05570,SUP-00038,EMP-00030,WH-HYD-01,2026-01-15,258202.0,Delayed
PO-05571,PR-05571,SUP-00034,EMP-00052,WH-BLR-01,2026-02-10,207446.2,Completed
PO-05572,PR-05572,SUP-00004,EMP-00032,WH-BLR-01,2026-05-17,69685.25,Completed
PO-05573,PR-05573,SUP-00030,EMP-00097,WH-CHN-01,2026-03-05,261666.99,Completed
PO-05574,PR-05574,SUP-00041,EMP-00094,WH-BLR-01,2026-01-15,261038.47,Completed
PO-05575,PR-05575,SUP-00015,EMP-00027,WH-BLR-01,2026-03-20,100568.3,Completed
PO-05576,PR-05576,SUP-00029,EMP-00076,WH-CHN-01,2026-01-17,11093.04,Completed
PO-05577,PR-05577,SUP-00015,EMP-00051,WH-BLR-01,2026-02-22,190280.4,Completed
PO-05578,PR-05578,SUP-00018,EMP-00017,WH-CHN-01,2026-01-16,262710.63,Completed
PO-05579,PR-05579,SUP-00009,EMP-00023,WH-BLR-01,2026-04-23,206040.1,Cancelled
PO-05580,PR-05580,SUP-00049,EMP-00050,WH-HYD-01,2026-01-06,151642.59,Completed
PO-05581,PR-05581,SUP-00005,EMP-00061,WH-CHN-01,2026-04-08,271358.36,Delayed
PO-05582,PR-05582,SUP-00031,EMP-00012,WH-MYS-01,2026-01-16,17240.28,Completed
PO-05583,PR-05583,SUP-00023,EMP-00057,WH-MYS-01,2026-02-21,107460.06,Completed
PO-05584,PR-05584,SUP-00006,EMP-00013,WH-MYS-01,2026-02-02,323881.92,Completed
PO-05585,PR-05585,SUP-00016,EMP-00095,WH-BLR-01,2026-02-26,382446.62,Completed
PO-05586,PR-05586,SUP-00034,EMP-00033,WH-CHN-01,2026-02-22,100056.06,Delayed
PO-05587,PR-05587,SUP-00050,EMP-00098,WH-MYS-01,2026-04-26,22072.02,Completed
PO-05588,PR-05588,SUP-00035,EMP-00024,WH-BLR-01,2026-03-31,44504.91,Completed
PO-05589,PR-05589,SUP-00010,EMP-00059,WH-BLR-01,2026-05-26,394689.69,Completed
PO-05590,PR-05590,SUP-00008,EMP-00089,WH-MYS-01,2026-04-19,73594.08,Completed
PO-05591,PR-05591,SUP-00016,EMP-00025,WH-BLR-01,2026-05-02,141235.64,Delayed
PO-05592,PR-05592,SUP-00015,EMP-00075,WH-MYS-01,2026-03-27,379717.24,Completed
PO-05593,PR-05593,SUP-00047,EMP-00064,WH-BLR-01,2026-06-01,48956.05,Completed
PO-05594,PR-05594,SUP-00042,EMP-00072,WH-MYS-01,2026-02-07,414750.72,Completed
PO-05595,PR-05595,SUP-00028,EMP-00093,WH-BLR-01,2026-01-19,46404.0,Completed
PO-05596,PR-05596,SUP-00027,EMP-00098,WH-CHN-01,2026-04-13,442112.04,Delayed
PO-05597,PR-05597,SUP-00031,EMP-00084,WH-HYD-01,2026-02-27,40089.14,Completed
PO-05598,PR-05598,SUP-00002,EMP-00093,WH-HYD-01,2026-02-02,151356.25,Completed
PO-05599,PR-05599,SUP-00044,EMP-00070,WH-BLR-01,2026-05-29,36876.9,Cancelled
PO-05600,PR-05600,SUP-00029,EMP-00085,WH-BLR-01,2026-03-18,223885.62,Completed
PO-05601,PR-05601,SUP-00048,EMP-00058,WH-MYS-01,2026-05-22,295211.9,Delayed
PO-05602,PR-05602,SUP-00027,EMP-00093,WH-BLR-01,2026-05-04,279636.68,Completed
PO-05603,PR-05603,SUP-00012,EMP-00070,WH-MYS-01,2026-03-25,244299.18,Completed
PO-05604,PR-05604,SUP-00035,EMP-00023,WH-HYD-01,2026-05-09,267837.6,Completed
PO-05605,PR-05605,SUP-00048,EMP-00066,WH-BLR-01,2026-02-01,15554.17,Delayed
PO-05606,PR-05606,SUP-00005,EMP-00049,WH-BLR-01,2026-05-25,183199.8,Delayed
PO-05607,PR-05607,SUP-00029,EMP-00002,WH-MYS-01,2026-05-21,367943.0,Completed
PO-05608,PR-05608,SUP-00040,EMP-00043,WH-BLR-01,2026-05-12,99243.69,Completed
PO-05609,PR-05609,SUP-00041,EMP-00040,WH-BLR-01,2026-04-07,64759.38,Delayed
PO-05610,PR-05610,SUP-00024,EMP-00006,WH-CHN-01,2026-02-03,17240.28,Completed
PO-05611,PR-05611,SUP-00044,EMP-00002,WH-MYS-01,2026-05-26,298898.38,Completed
PO-05612,PR-05612,SUP-00019,EMP-00022,WH-HYD-01,2026-02-03,321171.31,Completed
PO-05613,PR-05613,SUP-00043,EMP-00025,WH-BLR-01,2026-01-29,206127.21,Completed
PO-05614,PR-05614,SUP-00027,EMP-00032,WH-MYS-01,2026-03-16,93421.48,Completed
PO-05615,PR-05615,SUP-00041,EMP-00027,WH-CHN-01,2026-03-07,15762.1,Delayed
PO-05616,PR-05616,SUP-00018,EMP-00045,WH-MYS-01,2026-05-29,282062.55,Completed
PO-05617,PR-05617,SUP-00048,EMP-00037,WH-CHN-01,2026-01-13,119662.9,Completed
PO-05618,PR-05618,SUP-00021,EMP-00046,WH-HYD-01,2026-01-18,234206.32,Completed
PO-05619,PR-05619,SUP-00037,EMP-00083,WH-HYD-01,2026-02-07,253707.2,Completed
PO-05620,PR-05620,SUP-00043,EMP-00083,WH-MYS-01,2026-05-24,159786.2,Completed
PO-05621,PR-05621,SUP-00050,EMP-00022,WH-HYD-01,2026-04-25,610259.85,Completed
PO-05622,PR-05622,SUP-00050,EMP-00080,WH-BLR-01,2026-03-28,245222.91,Completed
PO-05623,PR-05623,SUP-00002,EMP-00016,WH-MYS-01,2026-04-10,3226.2,Completed
PO-05624,PR-05624,SUP-00047,EMP-00046,WH-MYS-01,2026-02-10,116741.35,Delayed
PO-05625,PR-05625,SUP-00004,EMP-00089,WH-MYS-01,2026-03-06,99972.18,Completed
PO-05626,PR-05626,SUP-00026,EMP-00085,WH-CHN-01,2026-03-13,44740.92,Completed
PO-05627,PR-05627,SUP-00044,EMP-00051,WH-CHN-01,2026-01-06,418737.08,Completed
PO-05628,PR-05628,SUP-00047,EMP-00097,WH-CHN-01,2026-01-06,285006.0,Delayed
PO-05629,PR-05629,SUP-00001,EMP-00099,WH-CHN-01,2026-04-13,64696.0,Completed
PO-05630,PR-05630,SUP-00011,EMP-00076,WH-CHN-01,2026-01-14,609737.58,Completed
PO-05631,PR-05631,SUP-00047,EMP-00023,WH-CHN-01,2026-04-22,157478.02,Cancelled
PO-05632,PR-05632,SUP-00040,EMP-00046,WH-BLR-01,2026-03-08,24089.9,Completed
PO-05633,PR-05633,SUP-00033,EMP-00001,WH-CHN-01,2026-05-30,299157.25,Completed
PO-05634,PR-05634,SUP-00007,EMP-00023,WH-MYS-01,2026-05-11,625482.45,Delayed
PO-05635,PR-05635,SUP-00027,EMP-00091,WH-CHN-01,2026-02-08,339195.36,Delayed
PO-05636,PR-05636,SUP-00050,EMP-00080,WH-BLR-01,2026-02-28,81129.18,Completed
PO-05637,PR-05637,SUP-00046,EMP-00012,WH-CHN-01,2026-04-22,339033.25,Delayed
PO-05638,PR-05638,SUP-00029,EMP-00048,WH-MYS-01,2026-05-14,492979.32,Completed
PO-05639,PR-05639,SUP-00046,EMP-00096,WH-BLR-01,2026-04-11,174499.92,Completed
PO-05640,PR-05640,SUP-00020,EMP-00002,WH-HYD-01,2026-04-22,25860.42,Completed
PO-05641,PR-05641,SUP-00035,EMP-00017,WH-BLR-01,2026-02-02,161201.43,Completed
PO-05642,PR-05642,SUP-00011,EMP-00017,WH-HYD-01,2026-01-15,108489.6,Completed
PO-05643,PR-05643,SUP-00035,EMP-00038,WH-HYD-01,2026-03-19,42376.2,Delayed
PO-05644,PR-05644,SUP-00027,EMP-00055,WH-CHN-01,2026-05-20,472053.75,Completed
PO-05645,PR-05645,SUP-00007,EMP-00036,WH-BLR-01,2026-02-06,41860.75,Completed
PO-05646,PR-05646,SUP-00035,EMP-00006,WH-CHN-01,2026-05-03,40435.0,Completed
PO-05647,PR-05647,SUP-00038,EMP-00060,WH-MYS-01,2026-03-22,88504.56,Completed
PO-05648,PR-05648,SUP-00002,EMP-00028,WH-MYS-01,2026-04-28,222992.8,Completed
PO-05649,PR-05649,SUP-00034,EMP-00091,WH-BLR-01,2026-04-23,58591.82,Cancelled
PO-05650,PR-05650,SUP-00043,EMP-00071,WH-CHN-01,2026-04-06,6069.92,Completed
PO-05651,PR-05651,SUP-00007,EMP-00047,WH-CHN-01,2026-02-24,295225.71,Completed
PO-05652,PR-05652,SUP-00020,EMP-00025,WH-MYS-01,2026-02-17,379575.76,Completed
PO-05653,PR-05653,SUP-00010,EMP-00030,WH-HYD-01,2026-02-03,219655.91,Delayed
PO-05654,PR-05654,SUP-00013,EMP-00052,WH-CHN-01,2026-05-07,209058.0,Delayed
PO-05655,PR-05655,SUP-00013,EMP-00057,WH-HYD-01,2026-05-16,305741.7,Completed
PO-05656,PR-05656,SUP-00039,EMP-00001,WH-HYD-01,2026-04-20,630025.2,Completed
PO-05657,PR-05657,SUP-00038,EMP-00098,WH-HYD-01,2026-04-24,80051.6,Completed
PO-05658,PR-05658,SUP-00041,EMP-00060,WH-BLR-01,2026-05-28,166795.32,Completed
PO-05659,PR-05659,SUP-00012,EMP-00068,WH-CHN-01,2026-05-02,244442.0,Completed
PO-05660,PR-05660,SUP-00042,EMP-00015,WH-CHN-01,2026-01-10,42115.95,Completed
PO-05661,PR-05661,SUP-00023,EMP-00083,WH-MYS-01,2026-03-15,21900.62,Cancelled
PO-05662,PR-05662,SUP-00028,EMP-00037,WH-HYD-01,2026-02-26,42049.0,Completed
PO-05663,PR-05663,SUP-00026,EMP-00056,WH-CHN-01,2026-04-24,239896.16,Completed
PO-05664,PR-05664,SUP-00011,EMP-00011,WH-BLR-01,2026-01-26,117717.44,Completed
PO-05665,PR-05665,SUP-00022,EMP-00051,WH-MYS-01,2026-06-02,80603.04,Completed
PO-05666,PR-05666,SUP-00036,EMP-00056,WH-BLR-01,2026-04-22,12510.03,Completed
PO-05667,PR-05667,SUP-00037,EMP-00025,WH-BLR-01,2026-01-16,266010.64,Delayed
PO-05668,PR-05668,SUP-00034,EMP-00056,WH-BLR-01,2026-06-05,336810.26,Delayed
PO-05669,PR-05669,SUP-00014,EMP-00057,WH-HYD-01,2026-01-08,44470.5,Delayed
PO-05670,PR-05670,SUP-00008,EMP-00054,WH-HYD-01,2026-03-23,6304.84,Completed
PO-05671,PR-05671,SUP-00023,EMP-00026,WH-BLR-01,2026-04-19,58266.45,Completed
PO-05672,PR-05672,SUP-00030,EMP-00018,WH-CHN-01,2026-03-31,471085.2,Completed
PO-05673,PR-05673,SUP-00006,EMP-00034,WH-CHN-01,2026-02-21,58166.64,Completed
PO-05674,PR-05674,SUP-00036,EMP-00058,WH-CHN-01,2026-04-10,183314.22,Completed
PO-05675,PR-05675,SUP-00031,EMP-00013,WH-MYS-01,2026-01-20,96902.04,Completed
PO-05676,PR-05676,SUP-00043,EMP-00095,WH-CHN-01,2026-04-03,15762.1,Cancelled
PO-05677,PR-05677,SUP-00019,EMP-00053,WH-CHN-01,2026-03-24,80051.6,Delayed
PO-05678,PR-05678,SUP-00050,EMP-00030,WH-MYS-01,2026-04-10,14714.68,Delayed
PO-05679,PR-05679,SUP-00005,EMP-00098,WH-BLR-01,2026-03-18,17240.28,Cancelled
PO-05680,PR-05680,SUP-00037,EMP-00065,WH-CHN-01,2026-02-24,48956.05,Completed
PO-05681,PR-05681,SUP-00003,EMP-00017,WH-MYS-01,2026-04-11,133550.34,Completed
PO-05682,PR-05682,SUP-00042,EMP-00021,WH-MYS-01,2026-01-18,88836.88,Cancelled
PO-05683,PR-05683,SUP-00019,EMP-00029,WH-MYS-01,2026-03-03,10345.35,Completed
PO-05684,PR-05684,SUP-00014,EMP-00043,WH-HYD-01,2026-02-14,279251.93,Completed
PO-05685,PR-05685,SUP-00008,EMP-00084,WH-CHN-01,2026-03-12,330522.42,Completed
PO-05686,PR-05686,SUP-00030,EMP-00002,WH-MYS-01,2026-05-12,176703.72,Delayed
PO-05687,PR-05687,SUP-00023,EMP-00057,WH-MYS-01,2026-03-15,418347.48,Completed
PO-05688,PR-05688,SUP-00008,EMP-00093,WH-BLR-01,2026-03-19,356145.81,Completed
PO-05689,PR-05689,SUP-00028,EMP-00019,WH-MYS-01,2026-01-13,257665.27,Completed
PO-05690,PR-05690,SUP-00030,EMP-00078,WH-MYS-01,2026-05-12,349099.25,Completed
PO-05691,PR-05691,SUP-00021,EMP-00071,WH-CHN-01,2026-02-07,57823.92,Completed
PO-05692,PR-05692,SUP-00048,EMP-00014,WH-HYD-01,2026-01-23,13561.33,Completed
PO-05693,PR-05693,SUP-00002,EMP-00017,WH-HYD-01,2026-05-05,418607.5,Delayed
PO-05694,PR-05694,SUP-00016,EMP-00081,WH-MYS-01,2026-03-03,374972.64,Completed
PO-05695,PR-05695,SUP-00042,EMP-00008,WH-BLR-01,2026-03-18,60652.5,Completed
PO-05696,PR-05696,SUP-00016,EMP-00048,WH-HYD-01,2026-04-20,513121.6,Completed
PO-05697,PR-05697,SUP-00008,EMP-00091,WH-BLR-01,2026-03-15,218252.34,Delayed
PO-05698,PR-05698,SUP-00047,EMP-00072,WH-BLR-01,2026-05-05,8767.7,Completed
PO-05699,PR-05699,SUP-00039,EMP-00070,WH-HYD-01,2026-02-18,103586.57,Completed
PO-05700,PR-05700,SUP-00033,EMP-00071,WH-CHN-01,2026-03-19,88797.52,Delayed
PO-05701,PR-05701,SUP-00031,EMP-00049,WH-BLR-01,2026-01-17,9881.44,Completed
PO-05702,PR-05702,SUP-00039,EMP-00033,WH-HYD-01,2026-04-14,185355.24,Completed
PO-05703,PR-05703,SUP-00010,EMP-00089,WH-CHN-01,2026-02-25,13561.33,Cancelled
PO-05704,PR-05704,SUP-00001,EMP-00081,WH-MYS-01,2026-05-18,276765.52,Completed
PO-05705,PR-05705,SUP-00020,EMP-00068,WH-MYS-01,2026-04-30,137087.5,Completed
PO-05706,PR-05706,SUP-00044,EMP-00066,WH-HYD-01,2026-06-04,245735.13,Delayed
PO-05707,PR-05707,SUP-00034,EMP-00003,WH-HYD-01,2026-04-08,365851.5,Completed
PO-05708,PR-05708,SUP-00008,EMP-00087,WH-BLR-01,2026-04-30,336199.24,Delayed
PO-05709,PR-05709,SUP-00005,EMP-00025,WH-MYS-01,2026-01-31,609737.58,Completed
PO-05710,PR-05710,SUP-00017,EMP-00074,WH-HYD-01,2026-05-21,151079.36,Cancelled
PO-05711,PR-05711,SUP-00012,EMP-00025,WH-MYS-01,2026-03-29,351630.3,Completed
PO-05712,PR-05712,SUP-00008,EMP-00055,WH-BLR-01,2026-01-22,305791.42,Delayed
PO-05713,PR-05713,SUP-00039,EMP-00008,WH-MYS-01,2026-04-21,232592.88,Completed
PO-05714,PR-05714,SUP-00014,EMP-00080,WH-HYD-01,2026-01-30,96435.2,Completed
PO-05715,PR-05715,SUP-00018,EMP-00089,WH-BLR-01,2026-05-30,324184.0,Completed
PO-05716,PR-05716,SUP-00037,EMP-00076,WH-MYS-01,2026-02-12,382325.16,Delayed
PO-05717,PR-05717,SUP-00007,EMP-00057,WH-MYS-01,2026-01-29,43806.0,Cancelled
PO-05718,PR-05718,SUP-00034,EMP-00009,WH-CHN-01,2026-02-24,77155.76,Completed
PO-05719,PR-05719,SUP-00002,EMP-00076,WH-CHN-01,2026-03-18,209978.08,Delayed
PO-05720,PR-05720,SUP-00038,EMP-00091,WH-MYS-01,2026-03-27,137610.33,Completed
PO-05721,PR-05721,SUP-00001,EMP-00083,WH-MYS-01,2026-06-02,299287.83,Completed
PO-05722,PR-05722,SUP-00036,EMP-00076,WH-BLR-01,2026-02-02,119546.82,Delayed
PO-05723,PR-05723,SUP-00013,EMP-00064,WH-CHN-01,2026-06-03,480714.5,Delayed
PO-05724,PR-05724,SUP-00044,EMP-00037,WH-MYS-01,2026-02-20,1405.8,Completed
PO-05725,PR-05725,SUP-00049,EMP-00018,WH-CHN-01,2026-05-09,93468.75,Completed
PO-05726,PR-05726,SUP-00020,EMP-00033,WH-MYS-01,2026-05-17,150463.11,Completed
PO-05727,PR-05727,SUP-00048,EMP-00052,WH-CHN-01,2026-04-01,88184.82,Completed
PO-05728,PR-05728,SUP-00013,EMP-00066,WH-HYD-01,2026-04-29,98877.8,Completed
PO-05729,PR-05729,SUP-00037,EMP-00008,WH-CHN-01,2026-04-19,17830.39,Completed
PO-05730,PR-05730,SUP-00029,EMP-00100,WH-BLR-01,2026-01-06,206561.6,Completed
PO-05731,PR-05731,SUP-00002,EMP-00016,WH-HYD-01,2026-01-30,80930.74,Completed
PO-05732,PR-05732,SUP-00008,EMP-00003,WH-MYS-01,2026-05-15,324076.8,Completed
PO-05733,PR-05733,SUP-00030,EMP-00085,WH-BLR-01,2026-02-09,229002.97,Completed
PO-05734,PR-05734,SUP-00011,EMP-00039,WH-BLR-01,2026-04-26,47212.3,Completed
PO-05735,PR-05735,SUP-00045,EMP-00086,WH-CHN-01,2026-03-22,388004.16,Completed
PO-05736,PR-05736,SUP-00032,EMP-00058,WH-HYD-01,2026-01-29,10452.9,Completed
PO-05737,PR-05737,SUP-00043,EMP-00038,WH-CHN-01,2026-02-19,53591.14,Completed
PO-05738,PR-05738,SUP-00044,EMP-00064,WH-BLR-01,2026-02-12,238085.25,Completed
PO-05739,PR-05739,SUP-00013,EMP-00035,WH-MYS-01,2026-05-04,42856.58,Completed
PO-05740,PR-05740,SUP-00037,EMP-00089,WH-CHN-01,2026-04-28,232713.9,Completed
PO-05741,PR-05741,SUP-00042,EMP-00100,WH-HYD-01,2026-06-06,3436.4,Completed
PO-05742,PR-05742,SUP-00013,EMP-00058,WH-CHN-01,2026-04-28,77155.76,Completed
PO-05743,PR-05743,SUP-00009,EMP-00097,WH-MYS-01,2026-03-14,147582.0,Completed
PO-05744,PR-05744,SUP-00040,EMP-00024,WH-MYS-01,2026-01-16,329585.86,Completed
PO-05745,PR-05745,SUP-00031,EMP-00045,WH-CHN-01,2026-03-15,249585.84,Completed
PO-05746,PR-05746,SUP-00023,EMP-00082,WH-BLR-01,2026-02-19,221373.0,Completed
PO-05747,PR-05747,SUP-00002,EMP-00016,WH-HYD-01,2026-05-31,400320.96,Delayed
PO-05748,PR-05748,SUP-00028,EMP-00082,WH-BLR-01,2026-01-07,129120.76,Delayed
PO-05749,PR-05749,SUP-00003,EMP-00025,WH-MYS-01,2026-01-28,33207.45,Completed
PO-05750,PR-05750,SUP-00036,EMP-00003,WH-BLR-01,2026-05-21,14795.43,Completed
PO-05751,PR-05751,SUP-00003,EMP-00038,WH-MYS-01,2026-03-04,57880.21,Completed
PO-05752,PR-05752,SUP-00007,EMP-00087,WH-BLR-01,2026-03-05,589192.14,Completed
PO-05753,PR-05753,SUP-00034,EMP-00089,WH-MYS-01,2026-03-04,340568.91,Completed
PO-05754,PR-05754,SUP-00036,EMP-00013,WH-CHN-01,2026-04-10,239486.52,Completed
PO-05755,PR-05755,SUP-00031,EMP-00084,WH-BLR-01,2026-03-23,292225.56,Delayed
PO-05756,PR-05756,SUP-00033,EMP-00058,WH-CHN-01,2026-03-29,229416.36,Delayed
PO-05757,PR-05757,SUP-00022,EMP-00093,WH-MYS-01,2026-06-10,22262.2,Completed
PO-05758,PR-05758,SUP-00040,EMP-00001,WH-CHN-01,2026-04-27,209308.44,Delayed
PO-05759,PR-05759,SUP-00024,EMP-00018,WH-BLR-01,2026-01-28,120102.42,Completed
PO-05760,PR-05760,SUP-00041,EMP-00020,WH-CHN-01,2026-05-06,12265.68,Completed
PO-05761,PR-05761,SUP-00016,EMP-00030,WH-BLR-01,2026-02-12,455621.57,Completed
PO-05762,PR-05762,SUP-00042,EMP-00077,WH-BLR-01,2026-04-05,12948.1,Completed
PO-05763,PR-05763,SUP-00005,EMP-00030,WH-HYD-01,2026-03-18,120554.62,Cancelled
PO-05764,PR-05764,SUP-00003,EMP-00015,WH-HYD-01,2026-05-05,12689.96,Completed
PO-05765,PR-05765,SUP-00016,EMP-00029,WH-CHN-01,2026-01-22,374991.46,Completed
PO-05766,PR-05766,SUP-00045,EMP-00023,WH-BLR-01,2026-02-20,418111.5,Completed
PO-05767,PR-05767,SUP-00020,EMP-00030,WH-BLR-01,2026-03-26,162735.96,Cancelled
PO-05768,PR-05768,SUP-00045,EMP-00029,WH-MYS-01,2026-05-29,216189.9,Completed
PO-05769,PR-05769,SUP-00004,EMP-00012,WH-HYD-01,2026-02-11,333319.35,Completed
PO-05770,PR-05770,SUP-00002,EMP-00029,WH-HYD-01,2026-02-16,555134.3,Completed
PO-05771,PR-05771,SUP-00036,EMP-00083,WH-BLR-01,2026-03-15,31983.66,Completed
PO-05772,PR-05772,SUP-00037,EMP-00022,WH-BLR-01,2026-02-04,78353.6,Completed
PO-05773,PR-05773,SUP-00032,EMP-00011,WH-MYS-01,2026-04-17,333536.4,Delayed
PO-05774,PR-05774,SUP-00043,EMP-00007,WH-CHN-01,2026-02-13,63445.69,Completed
PO-05775,PR-05775,SUP-00001,EMP-00034,WH-MYS-01,2026-03-06,28077.3,Completed
PO-05776,PR-05776,SUP-00035,EMP-00032,WH-HYD-01,2026-02-13,54675.67,Completed
PO-05777,PR-05777,SUP-00009,EMP-00063,WH-MYS-01,2026-05-08,441400.68,Completed
PO-05778,PR-05778,SUP-00012,EMP-00085,WH-HYD-01,2026-03-02,212675.61,Delayed
PO-05779,PR-05779,SUP-00021,EMP-00007,WH-HYD-01,2026-04-01,66596.75,Completed
PO-05780,PR-05780,SUP-00050,EMP-00053,WH-HYD-01,2026-01-16,147133.56,Completed
PO-05781,PR-05781,SUP-00034,EMP-00054,WH-CHN-01,2026-05-18,299100.0,Completed
PO-05782,PR-05782,SUP-00026,EMP-00057,WH-BLR-01,2026-02-26,587985.51,Completed
PO-05783,PR-05783,SUP-00025,EMP-00032,WH-MYS-01,2026-05-22,593439.0,Completed
PO-05784,PR-05784,SUP-00018,EMP-00074,WH-HYD-01,2026-02-23,4817.98,Completed
PO-05785,PR-05785,SUP-00022,EMP-00021,WH-HYD-01,2026-02-21,75317.0,Delayed
PO-05786,PR-05786,SUP-00011,EMP-00069,WH-CHN-01,2026-04-29,361209.45,Completed
PO-05787,PR-05787,SUP-00013,EMP-00041,WH-CHN-01,2026-02-28,120494.2,Completed
PO-05788,PR-05788,SUP-00021,EMP-00070,WH-BLR-01,2026-01-19,88938.72,Completed
PO-05789,PR-05789,SUP-00036,EMP-00009,WH-HYD-01,2026-02-20,341894.0,Completed
PO-05790,PR-05790,SUP-00003,EMP-00049,WH-CHN-01,2026-05-01,177877.44,Delayed
PO-05791,PR-05791,SUP-00015,EMP-00013,WH-MYS-01,2026-03-15,127139.25,Delayed
PO-05792,PR-05792,SUP-00024,EMP-00092,WH-HYD-01,2026-02-23,254257.2,Delayed
PO-05793,PR-05793,SUP-00036,EMP-00066,WH-BLR-01,2026-03-23,79272.5,Completed
PO-05794,PR-05794,SUP-00014,EMP-00003,WH-MYS-01,2026-04-30,528676.21,Completed
PO-05795,PR-05795,SUP-00006,EMP-00047,WH-MYS-01,2026-03-12,488598.36,Completed
PO-05796,PR-05796,SUP-00043,EMP-00026,WH-HYD-01,2026-02-12,656306.59,Completed
PO-05797,PR-05797,SUP-00006,EMP-00096,WH-MYS-01,2026-02-25,72241.89,Delayed
PO-05798,PR-05798,SUP-00025,EMP-00095,WH-CHN-01,2026-04-22,133265.25,Completed
PO-05799,PR-05799,SUP-00032,EMP-00050,WH-MYS-01,2026-02-28,183809.2,Completed
PO-05800,PR-05800,SUP-00004,EMP-00099,WH-BLR-01,2026-03-08,588708.8,Completed
PO-05801,PR-05801,SUP-00013,EMP-00048,WH-BLR-01,2026-05-26,24703.6,Completed
PO-05802,PR-05802,SUP-00019,EMP-00012,WH-BLR-01,2026-05-09,201777.24,Completed
PO-05803,PR-05803,SUP-00005,EMP-00023,WH-HYD-01,2026-03-08,287885.4,Cancelled
PO-05804,PR-05804,SUP-00029,EMP-00029,WH-MYS-01,2026-03-10,427367.5,Completed
PO-05805,PR-05805,SUP-00036,EMP-00095,WH-MYS-01,2026-02-18,485541.0,Delayed
PO-05806,PR-05806,SUP-00035,EMP-00038,WH-MYS-01,2026-01-24,29363.04,Delayed
PO-05807,PR-05807,SUP-00006,EMP-00068,WH-HYD-01,2026-05-15,164740.28,Cancelled
PO-05808,PR-05808,SUP-00005,EMP-00019,WH-BLR-01,2026-04-12,111196.88,Completed
PO-05809,PR-05809,SUP-00043,EMP-00082,WH-MYS-01,2026-01-21,503493.9,Completed
PO-05810,PR-05810,SUP-00028,EMP-00050,WH-CHN-01,2026-01-31,581883.3,Completed
PO-05811,PR-05811,SUP-00008,EMP-00018,WH-CHN-01,2026-01-06,26360.95,Completed
PO-05812,PR-05812,SUP-00033,EMP-00037,WH-MYS-01,2026-05-18,73688.16,Completed
PO-05813,PR-05813,SUP-00017,EMP-00025,WH-MYS-01,2026-05-17,38902.08,Completed
PO-05814,PR-05814,SUP-00019,EMP-00062,WH-CHN-01,2026-01-09,111311.0,Completed
PO-05815,PR-05815,SUP-00018,EMP-00022,WH-MYS-01,2026-02-22,7340.76,Completed
PO-05816,PR-05816,SUP-00018,EMP-00100,WH-MYS-01,2026-01-27,123727.11,Completed
PO-05817,PR-05817,SUP-00020,EMP-00073,WH-BLR-01,2026-04-01,46735.3,Completed
PO-05818,PR-05818,SUP-00031,EMP-00055,WH-BLR-01,2026-01-21,2889.7,Completed
PO-05819,PR-05819,SUP-00045,EMP-00086,WH-MYS-01,2026-03-23,62573.2,Completed
PO-05820,PR-05820,SUP-00044,EMP-00023,WH-HYD-01,2026-04-16,154006.16,Completed
PO-05821,PR-05821,SUP-00017,EMP-00082,WH-MYS-01,2026-04-06,619684.8,Delayed
PO-05822,PR-05822,SUP-00018,EMP-00072,WH-MYS-01,2026-04-02,35619.52,Cancelled
PO-05823,PR-05823,SUP-00024,EMP-00043,WH-BLR-01,2026-04-20,136110.79,Completed
PO-05824,PR-05824,SUP-00025,EMP-00044,WH-BLR-01,2026-05-12,284549.75,Delayed
PO-05825,PR-05825,SUP-00017,EMP-00061,WH-MYS-01,2026-02-25,177220.45,Completed
PO-05826,PR-05826,SUP-00003,EMP-00046,WH-CHN-01,2026-03-20,119324.79,Completed
PO-05827,PR-05827,SUP-00041,EMP-00047,WH-MYS-01,2026-04-22,5942.7,Delayed
PO-05828,PR-05828,SUP-00004,EMP-00079,WH-HYD-01,2026-05-15,526308.12,Completed
PO-05829,PR-05829,SUP-00019,EMP-00059,WH-CHN-01,2026-05-13,61035.31,Completed
PO-05830,PR-05830,SUP-00039,EMP-00098,WH-BLR-01,2026-05-09,46153.24,Completed
PO-05831,PR-05831,SUP-00025,EMP-00091,WH-HYD-01,2026-03-12,478437.38,Completed
PO-05832,PR-05832,SUP-00003,EMP-00078,WH-BLR-01,2026-04-12,542224.2,Completed
PO-05833,PR-05833,SUP-00018,EMP-00010,WH-CHN-01,2026-05-10,134872.43,Completed
PO-05834,PR-05834,SUP-00024,EMP-00087,WH-BLR-01,2026-04-12,5554.01,Completed
PO-05835,PR-05835,SUP-00029,EMP-00067,WH-MYS-01,2026-02-02,78953.28,Delayed
PO-05836,PR-05836,SUP-00002,EMP-00059,WH-CHN-01,2026-04-14,176589.0,Completed
PO-05837,PR-05837,SUP-00015,EMP-00038,WH-MYS-01,2026-02-24,300971.16,Delayed
PO-05838,PR-05838,SUP-00030,EMP-00064,WH-CHN-01,2026-05-03,151376.4,Delayed
PO-05839,PR-05839,SUP-00033,EMP-00038,WH-BLR-01,2026-02-16,120507.2,Completed
PO-05840,PR-05840,SUP-00044,EMP-00003,WH-BLR-01,2026-03-04,368955.0,Delayed
PO-05841,PR-05841,SUP-00019,EMP-00060,WH-CHN-01,2026-03-21,21380.39,Completed
PO-05842,PR-05842,SUP-00016,EMP-00077,WH-BLR-01,2026-03-20,492516.48,Completed
PO-05843,PR-05843,SUP-00007,EMP-00053,WH-HYD-01,2026-05-30,24522.26,Cancelled
PO-05844,PR-05844,SUP-00039,EMP-00098,WH-MYS-01,2026-03-23,110350.17,Delayed
PO-05845,PR-05845,SUP-00026,EMP-00017,WH-MYS-01,2026-03-08,491235.6,Completed
PO-05846,PR-05846,SUP-00021,EMP-00085,WH-HYD-01,2026-03-20,48768.24,Completed
PO-05847,PR-05847,SUP-00046,EMP-00025,WH-BLR-01,2026-04-26,10934.96,Completed
PO-05848,PR-05848,SUP-00017,EMP-00049,WH-HYD-01,2026-05-07,42084.96,Completed
PO-05849,PR-05849,SUP-00024,EMP-00022,WH-MYS-01,2026-02-24,47872.2,Completed
PO-05850,PR-05850,SUP-00001,EMP-00044,WH-HYD-01,2026-02-19,45411.65,Completed
PO-05851,PR-05851,SUP-00026,EMP-00011,WH-HYD-01,2026-01-15,36783.39,Completed
PO-05852,PR-05852,SUP-00019,EMP-00050,WH-CHN-01,2026-05-27,249250.0,Completed
PO-05853,PR-05853,SUP-00017,EMP-00028,WH-HYD-01,2026-02-01,66200.82,Completed
PO-05854,PR-05854,SUP-00014,EMP-00070,WH-CHN-01,2026-04-24,29722.27,Completed
PO-05855,PR-05855,SUP-00048,EMP-00025,WH-BLR-01,2026-05-13,152776.25,Completed
PO-05856,PR-05856,SUP-00004,EMP-00072,WH-HYD-01,2026-05-27,60625.65,Completed
PO-05857,PR-05857,SUP-00024,EMP-00023,WH-MYS-01,2026-03-09,5094.0,Delayed
PO-05858,PR-05858,SUP-00047,EMP-00071,WH-BLR-01,2026-05-16,298102.08,Completed
PO-05859,PR-05859,SUP-00039,EMP-00046,WH-BLR-01,2026-03-08,392828.48,Completed
PO-05860,PR-05860,SUP-00004,EMP-00031,WH-BLR-01,2026-03-11,235302.98,Completed
PO-05861,PR-05861,SUP-00011,EMP-00087,WH-BLR-01,2026-05-26,97694.92,Delayed
PO-05862,PR-05862,SUP-00022,EMP-00055,WH-MYS-01,2026-03-29,4721.23,Completed
PO-05863,PR-05863,SUP-00035,EMP-00014,WH-CHN-01,2026-01-19,94410.75,Completed
PO-05864,PR-05864,SUP-00038,EMP-00092,WH-BLR-01,2026-05-05,69486.75,Completed
PO-05865,PR-05865,SUP-00011,EMP-00013,WH-HYD-01,2026-01-06,528185.18,Completed
PO-05866,PR-05866,SUP-00010,EMP-00078,WH-BLR-01,2026-05-13,25857.1,Delayed
PO-05867,PR-05867,SUP-00047,EMP-00031,WH-HYD-01,2026-03-27,65429.42,Completed
PO-05868,PR-05868,SUP-00020,EMP-00005,WH-HYD-01,2026-03-08,461205.12,Completed
PO-05869,PR-05869,SUP-00042,EMP-00049,WH-MYS-01,2026-05-01,237154.56,Completed
PO-05870,PR-05870,SUP-00024,EMP-00007,WH-BLR-01,2026-05-04,427247.17,Completed
PO-05871,PR-05871,SUP-00027,EMP-00081,WH-BLR-01,2026-05-29,445034.17,Completed
PO-05872,PR-05872,SUP-00038,EMP-00018,WH-MYS-01,2026-03-10,121942.1,Completed
PO-05873,PR-05873,SUP-00039,EMP-00023,WH-CHN-01,2026-02-15,450371.88,Completed
PO-05874,PR-05874,SUP-00050,EMP-00023,WH-HYD-01,2026-01-12,2868.72,Completed
PO-05875,PR-05875,SUP-00026,EMP-00053,WH-MYS-01,2026-02-19,167775.72,Completed
PO-05876,PR-05876,SUP-00024,EMP-00095,WH-HYD-01,2026-04-30,32418.4,Completed
PO-05877,PR-05877,SUP-00004,EMP-00100,WH-CHN-01,2026-02-22,48494.23,Completed
PO-05878,PR-05878,SUP-00016,EMP-00092,WH-CHN-01,2026-05-25,18756.96,Cancelled
PO-05879,PR-05879,SUP-00014,EMP-00075,WH-MYS-01,2026-04-10,293726.1,Completed
PO-05880,PR-05880,SUP-00048,EMP-00013,WH-CHN-01,2026-04-01,257132.07,Delayed
PO-05881,PR-05881,SUP-00040,EMP-00009,WH-MYS-01,2026-02-22,24139.15,Completed
PO-05882,PR-05882,SUP-00012,EMP-00060,WH-HYD-01,2026-04-25,5737.44,Completed
PO-05883,PR-05883,SUP-00003,EMP-00093,WH-CHN-01,2026-03-03,348889.32,Completed
PO-05884,PR-05884,SUP-00033,EMP-00055,WH-BLR-01,2026-05-12,14412.66,Completed
PO-05885,PR-05885,SUP-00016,EMP-00046,WH-MYS-01,2026-03-21,550187.68,Delayed
PO-05886,PR-05886,SUP-00027,EMP-00080,WH-MYS-01,2026-03-28,165428.28,Completed
PO-05887,PR-05887,SUP-00036,EMP-00059,WH-CHN-01,2026-04-27,151356.25,Completed
PO-05888,PR-05888,SUP-00044,EMP-00044,WH-BLR-01,2026-03-01,83090.28,Completed
PO-05889,PR-05889,SUP-00004,EMP-00040,WH-BLR-01,2026-02-22,144652.8,Completed
PO-05890,PR-05890,SUP-00029,EMP-00058,WH-MYS-01,2026-03-22,562421.5,Delayed
PO-05891,PR-05891,SUP-00027,EMP-00025,WH-HYD-01,2026-03-16,60277.31,Completed
PO-05892,PR-05892,SUP-00034,EMP-00010,WH-BLR-01,2026-06-05,337770.81,Completed
PO-05893,PR-05893,SUP-00004,EMP-00051,WH-BLR-01,2026-02-25,142238.14,Completed
PO-05894,PR-05894,SUP-00031,EMP-00073,WH-MYS-01,2026-05-26,427440.34,Completed
PO-05895,PR-05895,SUP-00031,EMP-00073,WH-MYS-01,2026-01-11,35554.8,Completed
PO-05896,PR-05896,SUP-00042,EMP-00055,WH-CHN-01,2026-03-08,359697.24,Completed
PO-05897,PR-05897,SUP-00023,EMP-00033,WH-CHN-01,2026-01-11,7340.76,Completed
PO-05898,PR-05898,SUP-00018,EMP-00049,WH-BLR-01,2026-03-10,206785.35,Completed
PO-05899,PR-05899,SUP-00004,EMP-00017,WH-CHN-01,2026-04-21,146930.52,Completed
PO-05900,PR-05900,SUP-00019,EMP-00055,WH-BLR-01,2026-03-07,106664.4,Delayed
PO-05901,PR-05901,SUP-00012,EMP-00033,WH-CHN-01,2026-05-27,440672.64,Completed
PO-05902,PR-05902,SUP-00015,EMP-00077,WH-MYS-01,2026-05-29,367038.0,Completed
PO-05903,PR-05903,SUP-00025,EMP-00096,WH-CHN-01,2026-03-07,126423.6,Delayed
PO-05904,PR-05904,SUP-00026,EMP-00081,WH-MYS-01,2026-01-29,101087.5,Delayed
PO-05905,PR-05905,SUP-00049,EMP-00073,WH-HYD-01,2026-01-23,23606.15,Completed
PO-05906,PR-05906,SUP-00042,EMP-00042,WH-BLR-01,2026-04-12,67516.0,Delayed
PO-05907,PR-05907,SUP-00021,EMP-00052,WH-CHN-01,2026-03-09,24828.84,Completed
PO-05908,PR-05908,SUP-00030,EMP-00025,WH-MYS-01,2026-02-09,182809.44,Completed
PO-05909,PR-05909,SUP-00042,EMP-00022,WH-MYS-01,2026-05-03,445486.74,Delayed
PO-05910,PR-05910,SUP-00021,EMP-00061,WH-HYD-01,2026-04-29,720176.03,Completed
PO-05911,PR-05911,SUP-00026,EMP-00045,WH-HYD-01,2026-01-27,117183.64,Completed
PO-05912,PR-05912,SUP-00014,EMP-00011,WH-MYS-01,2026-05-05,59339.88,Completed
PO-05913,PR-05913,SUP-00025,EMP-00050,WH-HYD-01,2026-04-20,691807.68,Delayed
PO-05914,PR-05914,SUP-00035,EMP-00031,WH-CHN-01,2026-04-22,191825.26,Completed
PO-05915,PR-05915,SUP-00016,EMP-00069,WH-HYD-01,2026-05-12,6792.0,Completed
PO-05916,PR-05916,SUP-00048,EMP-00057,WH-MYS-01,2026-05-15,51622.89,Delayed
PO-05917,PR-05917,SUP-00017,EMP-00043,WH-CHN-01,2026-05-03,119324.79,Delayed
PO-05918,PR-05918,SUP-00048,EMP-00040,WH-CHN-01,2026-01-13,4595.23,Completed
PO-05919,PR-05919,SUP-00033,EMP-00002,WH-HYD-01,2026-05-12,215651.12,Completed
PO-05920,PR-05920,SUP-00017,EMP-00026,WH-MYS-01,2026-06-05,298898.38,Completed
PO-05921,PR-05921,SUP-00023,EMP-00073,WH-BLR-01,2026-04-28,196085.13,Completed
PO-05922,PR-05922,SUP-00006,EMP-00015,WH-BLR-01,2026-03-22,22239.25,Completed
PO-05923,PR-05923,SUP-00016,EMP-00026,WH-BLR-01,2026-05-16,12510.03,Completed
PO-05924,PR-05924,SUP-00044,EMP-00068,WH-MYS-01,2026-05-16,299716.89,Completed
PO-05925,PR-05925,SUP-00014,EMP-00044,WH-HYD-01,2026-01-23,100967.13,Completed
PO-05926,PR-05926,SUP-00008,EMP-00006,WH-HYD-01,2026-06-02,336199.24,Completed
PO-05927,PR-05927,SUP-00007,EMP-00069,WH-BLR-01,2026-04-11,64333.22,Completed
PO-05928,PR-05928,SUP-00021,EMP-00002,WH-HYD-01,2026-01-15,3735.6,Completed
PO-05929,PR-05929,SUP-00010,EMP-00018,WH-HYD-01,2026-04-03,449762.67,Cancelled
PO-05930,PR-05930,SUP-00014,EMP-00012,WH-CHN-01,2026-01-31,647763.84,Completed
PO-05931,PR-05931,SUP-00023,EMP-00095,WH-CHN-01,2026-01-31,67369.92,Completed
PO-05932,PR-05932,SUP-00027,EMP-00065,WH-CHN-01,2026-01-10,209263.92,Completed
PO-05933,PR-05933,SUP-00032,EMP-00041,WH-CHN-01,2026-01-27,184526.65,Completed
PO-05934,PR-05934,SUP-00050,EMP-00065,WH-CHN-01,2026-05-01,63919.96,Delayed
PO-05935,PR-05935,SUP-00003,EMP-00029,WH-MYS-01,2026-05-25,8409.8,Completed
PO-05936,PR-05936,SUP-00019,EMP-00007,WH-CHN-01,2026-05-31,528891.87,Completed
PO-05937,PR-05937,SUP-00001,EMP-00050,WH-BLR-01,2026-06-04,145861.4,Delayed
PO-05938,PR-05938,SUP-00031,EMP-00075,WH-BLR-01,2026-05-22,237696.27,Completed
PO-05939,PR-05939,SUP-00029,EMP-00093,WH-MYS-01,2026-02-26,26795.57,Completed
PO-05940,PR-05940,SUP-00015,EMP-00072,WH-MYS-01,2026-04-17,16819.6,Delayed
PO-05941,PR-05941,SUP-00047,EMP-00060,WH-BLR-01,2026-03-08,88797.07,Completed
PO-05942,PR-05942,SUP-00025,EMP-00038,WH-BLR-01,2026-02-18,34415.26,Delayed
PO-05943,PR-05943,SUP-00026,EMP-00065,WH-MYS-01,2026-01-14,80768.17,Completed
PO-05944,PR-05944,SUP-00021,EMP-00096,WH-MYS-01,2026-03-07,324884.2,Completed
PO-05945,PR-05945,SUP-00017,EMP-00067,WH-BLR-01,2026-05-07,98003.92,Cancelled
PO-05946,PR-05946,SUP-00041,EMP-00087,WH-CHN-01,2026-03-17,430887.91,Cancelled
PO-05947,PR-05947,SUP-00018,EMP-00030,WH-CHN-01,2026-04-08,56081.25,Completed
PO-05948,PR-05948,SUP-00029,EMP-00003,WH-CHN-01,2026-05-07,12281.58,Completed
PO-05949,PR-05949,SUP-00042,EMP-00045,WH-BLR-01,2026-06-02,146112.78,Completed
PO-05950,PR-05950,SUP-00010,EMP-00035,WH-MYS-01,2026-02-17,157196.48,Completed
PO-05951,PR-05951,SUP-00004,EMP-00005,WH-CHN-01,2026-04-16,25379.92,Completed
PO-05952,PR-05952,SUP-00025,EMP-00049,WH-CHN-01,2026-04-26,200617.48,Delayed
PO-05953,PR-05953,SUP-00024,EMP-00062,WH-HYD-01,2026-01-07,515670.85,Delayed
PO-05954,PR-05954,SUP-00029,EMP-00093,WH-HYD-01,2026-02-08,330615.84,Completed
PO-05955,PR-05955,SUP-00027,EMP-00080,WH-CHN-01,2026-01-18,60652.5,Completed
PO-05956,PR-05956,SUP-00035,EMP-00015,WH-CHN-01,2026-01-17,3735.6,Completed
PO-05957,PR-05957,SUP-00044,EMP-00090,WH-MYS-01,2026-05-27,108656.52,Completed
PO-05958,PR-05958,SUP-00004,EMP-00097,WH-MYS-01,2026-05-25,19034.94,Delayed
PO-05959,PR-05959,SUP-00044,EMP-00025,WH-BLR-01,2026-02-03,234206.32,Completed
PO-05960,PR-05960,SUP-00033,EMP-00031,WH-BLR-01,2026-03-12,492073.2,Completed
PO-05961,PR-05961,SUP-00029,EMP-00055,WH-CHN-01,2026-05-28,38844.3,Completed
PO-05962,PR-05962,SUP-00039,EMP-00038,WH-MYS-01,2026-04-09,126223.68,Completed
PO-05963,PR-05963,SUP-00001,EMP-00093,WH-CHN-01,2026-04-09,607644.0,Delayed
PO-05964,PR-05964,SUP-00031,EMP-00045,WH-CHN-01,2026-03-08,309501.32,Completed
PO-05965,PR-05965,SUP-00043,EMP-00079,WH-MYS-01,2026-04-29,8241.65,Completed
PO-05966,PR-05966,SUP-00048,EMP-00078,WH-MYS-01,2026-03-04,75614.24,Completed
PO-05967,PR-05967,SUP-00011,EMP-00068,WH-HYD-01,2026-02-12,62573.2,Completed
PO-05968,PR-05968,SUP-00006,EMP-00100,WH-CHN-01,2026-01-11,123980.94,Completed
PO-05969,PR-05969,SUP-00038,EMP-00089,WH-HYD-01,2026-01-11,88864.16,Delayed
PO-05970,PR-05970,SUP-00031,EMP-00007,WH-BLR-01,2026-03-19,306528.25,Completed
PO-05971,PR-05971,SUP-00038,EMP-00023,WH-MYS-01,2026-02-06,97776.8,Delayed
PO-05972,PR-05972,SUP-00029,EMP-00090,WH-HYD-01,2026-06-02,142238.14,Delayed
PO-05973,PR-05973,SUP-00022,EMP-00013,WH-CHN-01,2026-03-10,209368.54,Completed
PO-05974,PR-05974,SUP-00010,EMP-00027,WH-MYS-01,2026-04-23,61094.11,Delayed
PO-05975,PR-05975,SUP-00022,EMP-00006,WH-BLR-01,2026-01-25,28157.94,Delayed
PO-05976,PR-05976,SUP-00012,EMP-00054,WH-MYS-01,2026-03-31,140594.58,Completed
PO-05977,PR-05977,SUP-00029,EMP-00024,WH-MYS-01,2026-05-03,19779.96,Completed
PO-05978,PR-05978,SUP-00013,EMP-00089,WH-MYS-01,2026-03-06,391634.8,Completed
PO-05979,PR-05979,SUP-00018,EMP-00018,WH-CHN-01,2026-01-12,183937.72,Completed
PO-05980,PR-05980,SUP-00003,EMP-00018,WH-HYD-01,2026-02-03,18694.12,Completed
PO-05981,PR-05981,SUP-00017,EMP-00021,WH-CHN-01,2026-01-21,39893.5,Completed
PO-05982,PR-05982,SUP-00032,EMP-00079,WH-CHN-01,2026-03-07,116648.64,Completed
PO-05983,PR-05983,SUP-00046,EMP-00077,WH-BLR-01,2026-04-10,23367.65,Completed
PO-05984,PR-05984,SUP-00041,EMP-00035,WH-HYD-01,2026-03-02,481138.24,Completed
PO-05985,PR-05985,SUP-00009,EMP-00097,WH-BLR-01,2026-03-24,284438.4,Completed
PO-05986,PR-05986,SUP-00007,EMP-00016,WH-HYD-01,2026-03-20,61770.06,Delayed
PO-05987,PR-05987,SUP-00011,EMP-00052,WH-BLR-01,2026-02-22,377643.0,Delayed
PO-05988,PR-05988,SUP-00009,EMP-00026,WH-CHN-01,2026-05-13,53346.87,Cancelled
PO-05989,PR-05989,SUP-00019,EMP-00099,WH-BLR-01,2026-03-29,387856.5,Completed
PO-05990,PR-05990,SUP-00019,EMP-00095,WH-MYS-01,2026-05-14,279254.5,Delayed
PO-05991,PR-05991,SUP-00031,EMP-00005,WH-BLR-01,2026-03-12,218054.16,Completed
PO-05992,PR-05992,SUP-00024,EMP-00018,WH-BLR-01,2026-02-06,357492.53,Completed
PO-05993,PR-05993,SUP-00004,EMP-00017,WH-MYS-01,2026-02-09,206614.8,Completed
PO-05994,PR-05994,SUP-00007,EMP-00043,WH-HYD-01,2026-03-28,131804.75,Completed
PO-05995,PR-05995,SUP-00040,EMP-00097,WH-HYD-01,2026-03-05,16152.16,Completed
PO-05996,PR-05996,SUP-00006,EMP-00071,WH-BLR-01,2026-01-09,84875.91,Completed
PO-05997,PR-05997,SUP-00048,EMP-00050,WH-BLR-01,2026-05-05,593783.52,Completed
PO-05998,PR-05998,SUP-00010,EMP-00020,WH-MYS-01,2026-01-24,69170.08,Delayed
PO-05999,PR-05999,SUP-00021,EMP-00095,WH-HYD-01,2026-04-18,96675.0,Completed
PO-06000,PR-06000,SUP-00020,EMP-00063,WH-HYD-01,2026-04-15,42053.76,Completed
PO-06001,PR-06001,SUP-00033,EMP-00018,WH-HYD-01,2026-04-29,114638.56,Completed
PO-06002,PR-06002,SUP-00004,EMP-00057,WH-HYD-01,2026-03-07,58863.0,Cancelled
PO-06003,PR-06003,SUP-00035,EMP-00064,WH-HYD-01,2026-04-29,13963.97,Completed
PO-06004,PR-06004,SUP-00001,EMP-00064,WH-BLR-01,2026-05-10,160680.26,Completed
PO-06005,PR-06005,SUP-00013,EMP-00003,WH-HYD-01,2026-05-31,239405.04,Completed
PO-06006,PR-06006,SUP-00003,EMP-00049,WH-MYS-01,2026-04-16,201934.26,Delayed
PO-06007,PR-06007,SUP-00025,EMP-00066,WH-CHN-01,2026-03-27,21900.62,Delayed
PO-06008,PR-06008,SUP-00010,EMP-00039,WH-BLR-01,2026-02-02,154587.69,Delayed
PO-06009,PR-06009,SUP-00048,EMP-00084,WH-MYS-01,2026-06-01,229277.12,Completed
PO-06010,PR-06010,SUP-00037,EMP-00069,WH-MYS-01,2026-01-26,260946.6,Cancelled
PO-06011,PR-06011,SUP-00035,EMP-00086,WH-CHN-01,2026-06-04,112892.75,Completed
PO-06012,PR-06012,SUP-00019,EMP-00089,WH-HYD-01,2026-02-22,98768.59,Delayed
PO-06013,PR-06013,SUP-00009,EMP-00041,WH-BLR-01,2026-01-09,499618.4,Completed
PO-06014,PR-06014,SUP-00049,EMP-00031,WH-BLR-01,2026-02-02,117717.44,Delayed
PO-06015,PR-06015,SUP-00012,EMP-00029,WH-CHN-01,2026-04-15,150825.47,Delayed
PO-06016,PR-06016,SUP-00048,EMP-00053,WH-MYS-01,2026-04-21,5737.44,Completed
PO-06017,PR-06017,SUP-00035,EMP-00090,WH-BLR-01,2026-04-04,59773.41,Cancelled
PO-06018,PR-06018,SUP-00023,EMP-00045,WH-CHN-01,2026-05-21,158165.7,Completed
PO-06019,PR-06019,SUP-00013,EMP-00092,WH-BLR-01,2026-01-24,269744.86,Completed
PO-06020,PR-06020,SUP-00017,EMP-00047,WH-HYD-01,2026-01-20,201902.0,Completed
PO-06021,PR-06021,SUP-00036,EMP-00023,WH-MYS-01,2026-02-25,17522.4,Completed
PO-06022,PR-06022,SUP-00004,EMP-00037,WH-HYD-01,2026-01-27,279279.4,Completed
PO-06023,PR-06023,SUP-00003,EMP-00005,WH-CHN-01,2026-03-14,74586.72,Completed
PO-06024,PR-06024,SUP-00048,EMP-00034,WH-BLR-01,2026-03-14,69532.98,Completed
PO-06025,PR-06025,SUP-00022,EMP-00016,WH-HYD-01,2026-05-21,258989.25,Completed
PO-06026,PR-06026,SUP-00023,EMP-00008,WH-CHN-01,2026-05-06,60887.54,Completed
PO-06027,PR-06027,SUP-00034,EMP-00009,WH-CHN-01,2026-01-20,189635.4,Completed
PO-06028,PR-06028,SUP-00007,EMP-00067,WH-MYS-01,2026-03-30,315761.76,Completed
PO-06029,PR-06029,SUP-00020,EMP-00013,WH-HYD-01,2026-03-15,150825.47,Completed
PO-06030,PR-06030,SUP-00021,EMP-00039,WH-MYS-01,2026-05-11,395727.92,Completed
PO-06031,PR-06031,SUP-00048,EMP-00079,WH-BLR-01,2026-05-15,207252.36,Completed
PO-06032,PR-06032,SUP-00040,EMP-00074,WH-BLR-01,2026-05-19,237387.49,Delayed
PO-06033,PR-06033,SUP-00038,EMP-00087,WH-MYS-01,2026-03-13,19174.68,Completed
PO-06034,PR-06034,SUP-00001,EMP-00029,WH-CHN-01,2026-04-15,86614.55,Completed
PO-06035,PR-06035,SUP-00026,EMP-00027,WH-BLR-01,2026-03-21,41357.07,Completed
PO-06036,PR-06036,SUP-00010,EMP-00039,WH-CHN-01,2026-05-03,183282.33,Completed
PO-06037,PR-06037,SUP-00015,EMP-00069,WH-BLR-01,2026-02-16,84314.65,Delayed
PO-06038,PR-06038,SUP-00034,EMP-00044,WH-BLR-01,2026-03-20,400118.12,Completed
PO-06039,PR-06039,SUP-00031,EMP-00099,WH-MYS-01,2026-01-30,98814.4,Completed
PO-06040,PR-06040,SUP-00039,EMP-00022,WH-MYS-01,2026-01-20,3414.33,Completed
PO-06041,PR-06041,SUP-00044,EMP-00073,WH-BLR-01,2026-04-25,106315.06,Completed
PO-06042,PR-06042,SUP-00027,EMP-00015,WH-CHN-01,2026-05-01,25229.4,Completed
PO-06043,PR-06043,SUP-00026,EMP-00032,WH-CHN-01,2026-05-05,299287.83,Delayed
PO-06044,PR-06044,SUP-00017,EMP-00053,WH-HYD-01,2026-05-23,77581.26,Cancelled
PO-06045,PR-06045,SUP-00049,EMP-00053,WH-HYD-01,2026-02-01,142219.2,Completed
PO-06046,PR-06046,SUP-00017,EMP-00081,WH-CHN-01,2026-02-23,15537.72,Completed
PO-06047,PR-06047,SUP-00043,EMP-00049,WH-CHN-01,2026-04-25,138770.1,Completed
PO-06048,PR-06048,SUP-00039,EMP-00080,WH-BLR-01,2026-03-02,250553.05,Delayed
PO-06049,PR-06049,SUP-00020,EMP-00088,WH-BLR-01,2026-03-11,229216.23,Completed
PO-06050,PR-06050,SUP-00001,EMP-00076,WH-CHN-01,2026-01-29,154504.14,Cancelled
PO-06051,PR-06051,SUP-00010,EMP-00098,WH-MYS-01,2026-02-01,419612.24,Completed
PO-06052,PR-06052,SUP-00012,EMP-00038,WH-CHN-01,2026-02-08,77087.68,Completed
PO-06053,PR-06053,SUP-00041,EMP-00040,WH-HYD-01,2026-01-29,184127.97,Cancelled
PO-06054,PR-06054,SUP-00016,EMP-00066,WH-BLR-01,2026-03-05,216047.52,Completed
PO-06055,PR-06055,SUP-00041,EMP-00001,WH-CHN-01,2026-05-05,119702.52,Completed
PO-06056,PR-06056,SUP-00027,EMP-00032,WH-BLR-01,2026-04-16,7014.16,Completed
PO-06057,PR-06057,SUP-00005,EMP-00086,WH-HYD-01,2026-05-19,66162.46,Completed
PO-06058,PR-06058,SUP-00041,EMP-00010,WH-MYS-01,2026-05-06,379485.3,Completed
PO-06059,PR-06059,SUP-00007,EMP-00078,WH-CHN-01,2026-03-21,2773.26,Completed
PO-06060,PR-06060,SUP-00039,EMP-00001,WH-BLR-01,2026-04-25,647763.84,Completed
PO-06061,PR-06061,SUP-00019,EMP-00078,WH-CHN-01,2026-04-19,569884.01,Completed
PO-06062,PR-06062,SUP-00011,EMP-00079,WH-MYS-01,2026-05-19,573991.08,Completed
PO-06063,PR-06063,SUP-00047,EMP-00077,WH-BLR-01,2026-06-07,177865.92,Completed
PO-06064,PR-06064,SUP-00011,EMP-00023,WH-CHN-01,2026-05-29,43838.5,Completed
PO-06065,PR-06065,SUP-00004,EMP-00065,WH-CHN-01,2026-02-24,23449.46,Completed
PO-06066,PR-06066,SUP-00012,EMP-00041,WH-HYD-01,2026-04-14,32714.71,Completed
PO-06067,PR-06067,SUP-00002,EMP-00082,WH-CHN-01,2026-03-15,476170.5,Completed
PO-06068,PR-06068,SUP-00007,EMP-00053,WH-CHN-01,2026-04-17,114516.8,Completed
PO-06069,PR-06069,SUP-00038,EMP-00062,WH-HYD-01,2026-04-07,222332.4,Completed
PO-06070,PR-06070,SUP-00019,EMP-00096,WH-BLR-01,2026-03-29,128332.05,Completed
PO-06071,PR-06071,SUP-00011,EMP-00079,WH-CHN-01,2026-04-06,225785.5,Cancelled
PO-06072,PR-06072,SUP-00007,EMP-00045,WH-MYS-01,2026-04-22,167443.0,Completed
PO-06073,PR-06073,SUP-00009,EMP-00030,WH-MYS-01,2026-02-02,186571.35,Delayed
PO-06074,PR-06074,SUP-00018,EMP-00024,WH-HYD-01,2026-04-05,47975.49,Delayed
PO-06075,PR-06075,SUP-00025,EMP-00062,WH-HYD-01,2026-02-05,13897.35,Completed
PO-06076,PR-06076,SUP-00016,EMP-00047,WH-BLR-01,2026-03-08,108588.29,Completed
PO-06077,PR-06077,SUP-00020,EMP-00052,WH-BLR-01,2026-03-23,43618.75,Completed
PO-06078,PR-06078,SUP-00007,EMP-00064,WH-BLR-01,2026-03-21,412041.0,Completed
PO-06079,PR-06079,SUP-00048,EMP-00093,WH-HYD-01,2026-02-28,283396.68,Completed
PO-06080,PR-06080,SUP-00008,EMP-00084,WH-MYS-01,2026-05-27,406839.9,Completed
PO-06081,PR-06081,SUP-00023,EMP-00084,WH-MYS-01,2026-04-27,325682.28,Cancelled
PO-06082,PR-06082,SUP-00024,EMP-00047,WH-HYD-01,2026-01-04,252010.08,Completed
PO-06083,PR-06083,SUP-00047,EMP-00093,WH-MYS-01,2026-01-07,18589.13,Completed
PO-06084,PR-06084,SUP-00014,EMP-00022,WH-CHN-01,2026-02-14,55850.9,Completed
PO-06085,PR-06085,SUP-00035,EMP-00028,WH-CHN-01,2026-03-30,546053.4,Completed
PO-06086,PR-06086,SUP-00041,EMP-00030,WH-MYS-01,2026-03-10,144644.43,Completed
PO-06087,PR-06087,SUP-00048,EMP-00065,WH-CHN-01,2026-05-21,51627.66,Completed
PO-06088,PR-06088,SUP-00005,EMP-00094,WH-BLR-01,2026-01-19,437861.55,Completed
PO-06089,PR-06089,SUP-00048,EMP-00100,WH-HYD-01,2026-05-20,145647.68,Completed
PO-06090,PR-06090,SUP-00041,EMP-00051,WH-MYS-01,2026-02-24,335551.44,Completed
PO-06091,PR-06091,SUP-00044,EMP-00072,WH-BLR-01,2026-02-11,44913.28,Cancelled
PO-06092,PR-06092,SUP-00024,EMP-00041,WH-CHN-01,2026-04-24,324799.3,Completed
PO-06093,PR-06093,SUP-00050,EMP-00021,WH-BLR-01,2026-02-14,138770.1,Completed
PO-06094,PR-06094,SUP-00048,EMP-00053,WH-HYD-01,2026-05-04,576506.4,Completed
PO-06095,PR-06095,SUP-00050,EMP-00069,WH-MYS-01,2026-02-13,514411.45,Delayed
PO-06096,PR-06096,SUP-00050,EMP-00033,WH-CHN-01,2026-03-22,517339.44,Completed
PO-06097,PR-06097,SUP-00026,EMP-00052,WH-MYS-01,2026-03-17,9635.96,Completed
PO-06098,PR-06098,SUP-00011,EMP-00008,WH-MYS-01,2026-03-20,122604.03,Completed
PO-06099,PR-06099,SUP-00018,EMP-00044,WH-BLR-01,2026-05-16,144483.78,Completed
PO-06100,PR-06100,SUP-00034,EMP-00014,WH-MYS-01,2026-04-28,442112.04,Completed
PO-06101,PR-06101,SUP-00050,EMP-00012,WH-BLR-01,2026-01-07,67785.3,Completed
PO-06102,PR-06102,SUP-00033,EMP-00027,WH-BLR-01,2026-03-28,15554.17,Completed
PO-06103,PR-06103,SUP-00009,EMP-00076,WH-BLR-01,2026-03-05,550441.32,Completed
PO-06104,PR-06104,SUP-00048,EMP-00057,WH-BLR-01,2026-03-14,114209.64,Cancelled
PO-06105,PR-06105,SUP-00002,EMP-00018,WH-CHN-01,2026-05-05,215651.12,Completed
PO-06106,PR-06106,SUP-00042,EMP-00052,WH-CHN-01,2026-03-16,166795.32,Completed
PO-06107,PR-06107,SUP-00011,EMP-00036,WH-BLR-01,2026-04-03,449474.7,Completed
PO-06108,PR-06108,SUP-00012,EMP-00071,WH-CHN-01,2026-01-16,52315.98,Completed
PO-06109,PR-06109,SUP-00038,EMP-00100,WH-MYS-01,2026-03-20,16483.3,Completed
PO-06110,PR-06110,SUP-00040,EMP-00094,WH-HYD-01,2026-04-11,370534.56,Completed
PO-06111,PR-06111,SUP-00046,EMP-00090,WH-BLR-01,2026-04-23,413047.35,Completed
PO-06112,PR-06112,SUP-00027,EMP-00097,WH-HYD-01,2026-02-04,141853.88,Completed
PO-06113,PR-06113,SUP-00018,EMP-00022,WH-BLR-01,2026-05-08,103445.92,Completed
PO-06114,PR-06114,SUP-00050,EMP-00068,WH-BLR-01,2026-04-17,88932.96,Delayed
PO-06115,PR-06115,SUP-00021,EMP-00031,WH-CHN-01,2026-04-09,270299.23,Completed
PO-06116,PR-06116,SUP-00007,EMP-00083,WH-BLR-01,2026-04-21,200265.56,Completed
PO-06117,PR-06117,SUP-00010,EMP-00043,WH-CHN-01,2026-01-29,127599.03,Completed
PO-06118,PR-06118,SUP-00031,EMP-00065,WH-MYS-01,2026-03-24,358245.5,Completed
PO-06119,PR-06119,SUP-00019,EMP-00099,WH-MYS-01,2026-02-18,321171.31,Completed
PO-06120,PR-06120,SUP-00015,EMP-00054,WH-HYD-01,2026-04-24,211113.09,Cancelled
PO-06121,PR-06121,SUP-00009,EMP-00082,WH-CHN-01,2026-04-10,465427.8,Completed
PO-06122,PR-06122,SUP-00032,EMP-00050,WH-CHN-01,2026-05-21,119546.82,Cancelled
PO-06123,PR-06123,SUP-00037,EMP-00077,WH-BLR-01,2026-05-22,19271.92,Completed
PO-06124,PR-06124,SUP-00035,EMP-00072,WH-MYS-01,2026-01-18,414504.72,Completed
PO-06125,PR-06125,SUP-00001,EMP-00091,WH-HYD-01,2026-03-15,125675.73,Completed
PO-06126,PR-06126,SUP-00010,EMP-00091,WH-BLR-01,2026-03-19,200359.8,Completed
PO-06127,PR-06127,SUP-00012,EMP-00080,WH-HYD-01,2026-03-30,9040.8,Completed
PO-06128,PR-06128,SUP-00017,EMP-00073,WH-CHN-01,2026-02-01,348999.84,Completed
PO-06129,PR-06129,SUP-00012,EMP-00047,WH-BLR-01,2026-04-11,84123.54,Completed
PO-06130,PR-06130,SUP-00035,EMP-00025,WH-CHN-01,2026-02-21,394689.69,Completed
PO-06131,PR-06131,SUP-00035,EMP-00098,WH-CHN-01,2026-01-26,90978.75,Completed
PO-06132,PR-06132,SUP-00016,EMP-00050,WH-HYD-01,2026-03-23,523428.0,Cancelled
PO-06133,PR-06133,SUP-00003,EMP-00082,WH-HYD-01,2026-02-13,377027.19,Completed
PO-06134,PR-06134,SUP-00035,EMP-00018,WH-MYS-01,2026-05-07,247036.0,Completed
PO-06135,PR-06135,SUP-00050,EMP-00009,WH-CHN-01,2026-05-20,19034.94,Completed
PO-06136,PR-06136,SUP-00042,EMP-00037,WH-HYD-01,2026-05-03,165697.4,Completed
PO-06137,PR-06137,SUP-00022,EMP-00071,WH-CHN-01,2026-02-27,91404.72,Completed
PO-06138,PR-06138,SUP-00004,EMP-00022,WH-MYS-01,2026-05-29,134163.51,Completed
PO-06139,PR-06139,SUP-00012,EMP-00053,WH-HYD-01,2026-04-26,94517.8,Completed
PO-06140,PR-06140,SUP-00009,EMP-00100,WH-BLR-01,2026-04-01,254849.71,Completed
PO-06141,PR-06141,SUP-00016,EMP-00073,WH-CHN-01,2026-02-15,400330.56,Completed
PO-06142,PR-06142,SUP-00023,EMP-00095,WH-HYD-01,2026-03-08,211113.09,Completed
PO-06143,PR-06143,SUP-00025,EMP-00006,WH-MYS-01,2026-02-12,116634.21,Completed
PO-06144,PR-06144,SUP-00004,EMP-00040,WH-HYD-01,2026-03-06,148021.44,Completed
PO-06145,PR-06145,SUP-00037,EMP-00071,WH-MYS-01,2026-03-24,87007.5,Completed
PO-06146,PR-06146,SUP-00025,EMP-00092,WH-CHN-01,2026-03-30,99324.09,Completed
PO-06147,PR-06147,SUP-00003,EMP-00027,WH-BLR-01,2026-01-18,603426.52,Delayed
PO-06148,PR-06148,SUP-00033,EMP-00026,WH-CHN-01,2026-02-04,317977.0,Completed
PO-06149,PR-06149,SUP-00003,EMP-00039,WH-BLR-01,2026-04-11,233516.52,Completed
PO-06150,PR-06150,SUP-00043,EMP-00087,WH-BLR-01,2026-02-21,294741.36,Completed
PO-06151,PR-06151,SUP-00040,EMP-00004,WH-MYS-01,2026-04-27,291295.36,Completed
PO-06152,PR-06152,SUP-00039,EMP-00081,WH-MYS-01,2026-04-04,42989.46,Completed
PO-06153,PR-06153,SUP-00027,EMP-00090,WH-HYD-01,2026-04-04,391428.14,Completed
PO-06154,PR-06154,SUP-00039,EMP-00066,WH-MYS-01,2026-01-15,9484.25,Completed
PO-06155,PR-06155,SUP-00028,EMP-00029,WH-HYD-01,2026-03-07,33149.6,Completed
PO-06156,PR-06156,SUP-00015,EMP-00059,WH-BLR-01,2026-04-04,107898.0,Cancelled
PO-06157,PR-06157,SUP-00024,EMP-00093,WH-MYS-01,2026-01-16,59766.75,Completed
PO-06158,PR-06158,SUP-00027,EMP-00064,WH-MYS-01,2026-02-21,390956.3,Completed
PO-06159,PR-06159,SUP-00019,EMP-00007,WH-BLR-01,2026-03-01,319815.21,Completed
PO-06160,PR-06160,SUP-00006,EMP-00017,WH-HYD-01,2026-05-18,224007.25,Delayed
PO-06161,PR-06161,SUP-00014,EMP-00029,WH-CHN-01,2026-05-18,102406.12,Completed
PO-06162,PR-06162,SUP-00033,EMP-00019,WH-CHN-01,2026-03-02,237154.56,Cancelled
PO-06163,PR-06163,SUP-00018,EMP-00019,WH-HYD-01,2026-04-15,277992.2,Completed
PO-06164,PR-06164,SUP-00034,EMP-00080,WH-CHN-01,2026-01-11,215399.14,Completed
PO-06165,PR-06165,SUP-00026,EMP-00003,WH-CHN-01,2026-04-12,706450.56,Completed
PO-06166,PR-06166,SUP-00013,EMP-00094,WH-MYS-01,2026-04-09,672026.88,Completed
PO-06167,PR-06167,SUP-00008,EMP-00056,WH-BLR-01,2026-02-12,105931.25,Completed
PO-06168,PR-06168,SUP-00019,EMP-00034,WH-CHN-01,2026-04-14,292681.2,Delayed
PO-06169,PR-06169,SUP-00005,EMP-00011,WH-BLR-01,2026-01-30,345913.24,Completed
PO-06170,PR-06170,SUP-00043,EMP-00087,WH-MYS-01,2026-03-22,287233.2,Completed
PO-06171,PR-06171,SUP-00031,EMP-00060,WH-BLR-01,2026-02-10,325433.01,Completed
PO-06172,PR-06172,SUP-00037,EMP-00078,WH-MYS-01,2026-02-06,37658.5,Completed
PO-06173,PR-06173,SUP-00002,EMP-00060,WH-BLR-01,2026-02-15,286179.3,Completed
PO-06174,PR-06174,SUP-00004,EMP-00078,WH-MYS-01,2026-01-06,335551.44,Delayed
PO-06175,PR-06175,SUP-00037,EMP-00067,WH-CHN-01,2026-05-26,305791.42,Completed
PO-06176,PR-06176,SUP-00014,EMP-00030,WH-CHN-01,2026-05-27,544594.83,Completed
PO-06177,PR-06177,SUP-00016,EMP-00027,WH-HYD-01,2026-02-04,84123.54,Delayed
PO-06178,PR-06178,SUP-00041,EMP-00064,WH-CHN-01,2026-04-20,54012.8,Delayed
PO-06179,PR-06179,SUP-00008,EMP-00060,WH-MYS-01,2026-05-01,80143.92,Completed
PO-06180,PR-06180,SUP-00025,EMP-00028,WH-MYS-01,2026-01-03,226153.72,Completed
PO-06181,PR-06181,SUP-00023,EMP-00031,WH-CHN-01,2026-04-08,298105.96,Cancelled
PO-06182,PR-06182,SUP-00001,EMP-00064,WH-MYS-01,2026-05-05,75087.84,Delayed
PO-06183,PR-06183,SUP-00030,EMP-00061,WH-CHN-01,2026-04-26,238330.95,Completed
PO-06184,PR-06184,SUP-00036,EMP-00018,WH-MYS-01,2026-05-08,157028.4,Completed
PO-06185,PR-06185,SUP-00042,EMP-00001,WH-MYS-01,2026-05-10,279431.49,Completed
PO-06186,PR-06186,SUP-00012,EMP-00022,WH-HYD-01,2026-02-18,77460.6,Completed
PO-06187,PR-06187,SUP-00004,EMP-00057,WH-CHN-01,2026-02-19,758.74,Completed
PO-06188,PR-06188,SUP-00012,EMP-00087,WH-HYD-01,2026-01-13,616024.64,Completed
PO-06189,PR-06189,SUP-00017,EMP-00003,WH-MYS-01,2026-03-20,147133.56,Completed
PO-06190,PR-06190,SUP-00025,EMP-00034,WH-MYS-01,2026-03-15,97694.92,Completed
PO-06191,PR-06191,SUP-00026,EMP-00076,WH-CHN-01,2026-06-14,147005.88,Completed
PO-06192,PR-06192,SUP-00020,EMP-00092,WH-HYD-01,2026-02-13,196288.26,Cancelled
PO-06193,PR-06193,SUP-00021,EMP-00020,WH-MYS-01,2026-02-02,82416.38,Delayed
PO-06194,PR-06194,SUP-00040,EMP-00076,WH-BLR-01,2026-03-06,492516.48,Completed
PO-06195,PR-06195,SUP-00002,EMP-00063,WH-HYD-01,2026-01-10,117617.52,Completed
PO-06196,PR-06196,SUP-00024,EMP-00047,WH-MYS-01,2026-05-27,360853.68,Completed
PO-06197,PR-06197,SUP-00009,EMP-00080,WH-BLR-01,2026-04-03,376746.75,Completed
PO-06198,PR-06198,SUP-00036,EMP-00078,WH-HYD-01,2026-01-03,170132.04,Completed
PO-06199,PR-06199,SUP-00011,EMP-00033,WH-HYD-01,2026-05-14,336849.6,Completed
PO-06200,PR-06200,SUP-00008,EMP-00069,WH-CHN-01,2026-02-20,45899.52,Completed
PO-06201,PR-06201,SUP-00031,EMP-00015,WH-MYS-01,2026-04-10,59773.41,Completed
PO-06202,PR-06202,SUP-00038,EMP-00050,WH-HYD-01,2026-05-02,14078.97,Completed
PO-06203,PR-06203,SUP-00024,EMP-00045,WH-HYD-01,2026-03-14,343084.1,Completed
PO-06204,PR-06204,SUP-00049,EMP-00019,WH-CHN-01,2026-04-06,30703.4,Completed
PO-06205,PR-06205,SUP-00017,EMP-00085,WH-HYD-01,2026-04-29,244299.18,Delayed
PO-06206,PR-06206,SUP-00049,EMP-00021,WH-HYD-01,2026-05-28,41242.37,Completed
PO-06207,PR-06207,SUP-00025,EMP-00058,WH-HYD-01,2026-02-17,47258.9,Completed
PO-06208,PR-06208,SUP-00037,EMP-00079,WH-MYS-01,2026-03-15,34439.15,Completed
PO-06209,PR-06209,SUP-00017,EMP-00060,WH-HYD-01,2026-03-20,129731.4,Delayed
PO-06210,PR-06210,SUP-00001,EMP-00007,WH-CHN-01,2026-02-20,234546.84,Delayed
PO-06211,PR-06211,SUP-00044,EMP-00064,WH-BLR-01,2026-05-29,102264.96,Completed
PO-06212,PR-06212,SUP-00027,EMP-00077,WH-HYD-01,2026-02-22,264554.46,Completed
PO-06213,PR-06213,SUP-00035,EMP-00014,WH-CHN-01,2026-04-28,278942.58,Completed
PO-06214,PR-06214,SUP-00003,EMP-00061,WH-BLR-01,2026-03-20,106664.4,Completed
PO-06215,PR-06215,SUP-00020,EMP-00050,WH-BLR-01,2026-05-03,69486.75,Completed
PO-06216,PR-06216,SUP-00050,EMP-00021,WH-HYD-01,2026-02-07,148203.12,Completed
PO-06217,PR-06217,SUP-00002,EMP-00087,WH-BLR-01,2026-02-16,271226.6,Completed
PO-06218,PR-06218,SUP-00027,EMP-00005,WH-BLR-01,2026-01-09,83140.5,Cancelled
PO-06219,PR-06219,SUP-00013,EMP-00087,WH-MYS-01,2026-04-26,246258.24,Delayed
PO-06220,PR-06220,SUP-00020,EMP-00061,WH-HYD-01,2026-01-10,80662.84,Cancelled
PO-06221,PR-06221,SUP-00028,EMP-00073,WH-HYD-01,2026-01-17,38844.3,Completed
PO-06222,PR-06222,SUP-00026,EMP-00052,WH-HYD-01,2026-02-24,1753.54,Completed
PO-06223,PR-06223,SUP-00028,EMP-00070,WH-CHN-01,2026-05-18,138850.25,Completed
PO-06224,PR-06224,SUP-00028,EMP-00006,WH-BLR-01,2026-04-27,102462.4,Completed
PO-06225,PR-06225,SUP-00006,EMP-00084,WH-CHN-01,2026-03-28,163481.94,Completed
PO-06226,PR-06226,SUP-00007,EMP-00052,WH-BLR-01,2026-05-04,57691.55,Completed
PO-06227,PR-06227,SUP-00013,EMP-00031,WH-CHN-01,2026-03-31,168006.72,Delayed
PO-06228,PR-06228,SUP-00019,EMP-00084,WH-BLR-01,2026-01-29,61436.57,Completed
PO-06229,PR-06229,SUP-00017,EMP-00089,WH-CHN-01,2026-04-14,219785.35,Cancelled
PO-06230,PR-06230,SUP-00023,EMP-00094,WH-CHN-01,2026-02-21,29431.5,Completed
PO-06231,PR-06231,SUP-00030,EMP-00019,WH-HYD-01,2026-01-22,203518.77,Completed
PO-06232,PR-06232,SUP-00009,EMP-00079,WH-BLR-01,2026-03-29,439645.16,Completed
PO-06233,PR-06233,SUP-00024,EMP-00004,WH-BLR-01,2026-04-25,88864.16,Completed
PO-06234,PR-06234,SUP-00047,EMP-00084,WH-HYD-01,2026-01-07,93421.48,Cancelled
PO-06235,PR-06235,SUP-00012,EMP-00019,WH-CHN-01,2026-01-29,62486.48,Completed
PO-06236,PR-06236,SUP-00004,EMP-00080,WH-CHN-01,2026-02-12,102568.2,Completed
PO-06237,PR-06237,SUP-00018,EMP-00063,WH-HYD-01,2026-03-29,64019.45,Completed
PO-06238,PR-06238,SUP-00008,EMP-00017,WH-CHN-01,2026-03-16,37530.09,Completed
PO-06239,PR-06239,SUP-00006,EMP-00009,WH-CHN-01,2026-03-13,557755.98,Completed
PO-06240,PR-06240,SUP-00016,EMP-00029,WH-MYS-01,2026-04-24,67843.16,Completed
PO-06241,PR-06241,SUP-00005,EMP-00068,WH-CHN-01,2026-05-27,114471.72,Completed
PO-06242,PR-06242,SUP-00004,EMP-00077,WH-CHN-01,2026-05-18,580288.44,Completed
PO-06243,PR-06243,SUP-00013,EMP-00070,WH-HYD-01,2026-05-13,17071.65,Delayed
PO-06244,PR-06244,SUP-00042,EMP-00041,WH-MYS-01,2026-01-19,108588.29,Completed
PO-06245,PR-06245,SUP-00016,EMP-00078,WH-MYS-01,2026-02-21,56082.36,Completed
PO-06246,PR-06246,SUP-00031,EMP-00037,WH-BLR-01,2026-03-09,16639.56,Completed
PO-06247,PR-06247,SUP-00008,EMP-00074,WH-CHN-01,2026-05-02,66977.2,Completed
PO-06248,PR-06248,SUP-00031,EMP-00078,WH-BLR-01,2026-04-20,11093.04,Delayed
PO-06249,PR-06249,SUP-00049,EMP-00057,WH-MYS-01,2026-01-08,183809.2,Completed
PO-06250,PR-06250,SUP-00005,EMP-00009,WH-MYS-01,2026-05-07,546748.0,Completed
PO-06251,PR-06251,SUP-00029,EMP-00028,WH-CHN-01,2026-03-06,4692.99,Completed
PO-06252,PR-06252,SUP-00023,EMP-00041,WH-BLR-01,2026-05-22,164792.93,Completed
PO-06253,PR-06253,SUP-00004,EMP-00032,WH-CHN-01,2026-01-22,376304.4,Completed
PO-06254,PR-06254,SUP-00006,EMP-00035,WH-BLR-01,2026-03-04,272146.49,Completed
PO-06255,PR-06255,SUP-00042,EMP-00041,WH-HYD-01,2026-04-04,331334.54,Completed
PO-06256,PR-06256,SUP-00046,EMP-00055,WH-BLR-01,2026-01-21,168575.68,Completed
PO-06257,PR-06257,SUP-00019,EMP-00046,WH-BLR-01,2026-02-20,361331.1,Completed
PO-06258,PR-06258,SUP-00039,EMP-00020,WH-HYD-01,2026-05-21,47345.58,Completed
PO-06259,PR-06259,SUP-00041,EMP-00065,WH-BLR-01,2026-01-06,192581.75,Completed
PO-06260,PR-06260,SUP-00042,EMP-00089,WH-BLR-01,2026-02-05,12462.5,Cancelled
PO-06261,PR-06261,SUP-00027,EMP-00057,WH-HYD-01,2026-03-20,428540.16,Delayed
PO-06262,PR-06262,SUP-00003,EMP-00088,WH-MYS-01,2026-04-30,55855.88,Completed
PO-06263,PR-06263,SUP-00001,EMP-00024,WH-HYD-01,2026-05-29,127152.62,Completed
PO-06264,PR-06264,SUP-00039,EMP-00009,WH-MYS-01,2026-05-28,380095.03,Cancelled
PO-06265,PR-06265,SUP-00020,EMP-00018,WH-CHN-01,2026-03-30,428553.45,Cancelled
PO-06266,PR-06266,SUP-00048,EMP-00009,WH-BLR-01,2026-03-19,214920.12,Completed
PO-06267,PR-06267,SUP-00006,EMP-00021,WH-BLR-01,2026-05-12,153089.44,Completed
PO-06268,PR-06268,SUP-00030,EMP-00007,WH-MYS-01,2026-01-06,12960.96,Completed
PO-06269,PR-06269,SUP-00027,EMP-00048,WH-CHN-01,2026-03-11,412810.8,Completed
PO-06270,PR-06270,SUP-00034,EMP-00024,WH-BLR-01,2026-04-04,336984.96,Completed
PO-06271,PR-06271,SUP-00002,EMP-00014,WH-HYD-01,2026-05-13,22234.68,Completed
PO-06272,PR-06272,SUP-00043,EMP-00025,WH-CHN-01,2026-04-21,81740.97,Completed
PO-06273,PR-06273,SUP-00043,EMP-00085,WH-BLR-01,2026-04-26,143616.6,Delayed
PO-06274,PR-06274,SUP-00032,EMP-00069,WH-CHN-01,2026-02-15,234186.22,Completed
PO-06275,PR-06275,SUP-00022,EMP-00001,WH-HYD-01,2026-04-05,113089.16,Completed
PO-06276,PR-06276,SUP-00034,EMP-00053,WH-MYS-01,2026-04-15,62573.2,Completed
PO-06277,PR-06277,SUP-00042,EMP-00016,WH-BLR-01,2026-02-25,159651.57,Delayed
PO-06278,PR-06278,SUP-00050,EMP-00048,WH-BLR-01,2026-05-23,518855.76,Completed
PO-06279,PR-06279,SUP-00024,EMP-00089,WH-CHN-01,2026-03-26,85501.8,Completed
PO-06280,PR-06280,SUP-00028,EMP-00021,WH-MYS-01,2026-03-05,215831.0,Completed
PO-06281,PR-06281,SUP-00028,EMP-00051,WH-MYS-01,2026-05-03,26360.95,Completed
PO-06282,PR-06282,SUP-00036,EMP-00093,WH-MYS-01,2026-03-08,186399.5,Delayed
PO-06283,PR-06283,SUP-00013,EMP-00074,WH-BLR-01,2026-05-09,109327.4,Completed
PO-06284,PR-06284,SUP-00014,EMP-00086,WH-CHN-01,2026-03-26,144525.42,Completed
PO-06285,PR-06285,SUP-00042,EMP-00005,WH-CHN-01,2026-01-14,209864.82,Delayed
PO-06286,PR-06286,SUP-00008,EMP-00052,WH-CHN-01,2026-05-11,220571.04,Completed
PO-06287,PR-06287,SUP-00050,EMP-00014,WH-HYD-01,2026-04-17,517339.44,Delayed
PO-06288,PR-06288,SUP-00026,EMP-00039,WH-MYS-01,2026-01-16,323789.84,Completed
PO-06289,PR-06289,SUP-00026,EMP-00014,WH-CHN-01,2026-06-02,672026.88,Completed
PO-06290,PR-06290,SUP-00022,EMP-00080,WH-BLR-01,2026-01-09,312080.22,Completed
PO-06291,PR-06291,SUP-00029,EMP-00040,WH-MYS-01,2026-02-09,154921.2,Completed
PO-06292,PR-06292,SUP-00021,EMP-00074,WH-BLR-01,2026-01-22,2343.0,Delayed
PO-06293,PR-06293,SUP-00039,EMP-00091,WH-BLR-01,2026-01-18,378089.6,Delayed
PO-06294,PR-06294,SUP-00038,EMP-00055,WH-HYD-01,2026-04-15,79051.52,Delayed
PO-06295,PR-06295,SUP-00045,EMP-00009,WH-HYD-01,2026-04-03,478954.71,Cancelled
PO-06296,PR-06296,SUP-00026,EMP-00072,WH-BLR-01,2026-04-01,698198.5,Completed
PO-06297,PR-06297,SUP-00046,EMP-00014,WH-BLR-01,2026-04-03,55540.1,Delayed
PO-06298,PR-06298,SUP-00025,EMP-00013,WH-BLR-01,2026-04-30,64229.36,Completed
PO-06299,PR-06299,SUP-00018,EMP-00090,WH-BLR-01,2026-01-21,8596.94,Completed
PO-06300,PR-06300,SUP-00036,EMP-00020,WH-MYS-01,2026-04-04,9769.25,Completed
PO-06301,PR-06301,SUP-00008,EMP-00027,WH-HYD-01,2026-04-13,177644.88,Completed
PO-06302,PR-06302,SUP-00015,EMP-00060,WH-HYD-01,2026-05-04,473719.68,Completed
PO-06303,PR-06303,SUP-00024,EMP-00060,WH-MYS-01,2026-04-25,210245.0,Delayed
PO-06304,PR-06304,SUP-00014,EMP-00056,WH-MYS-01,2026-03-13,67843.16,Completed
PO-06305,PR-06305,SUP-00017,EMP-00061,WH-CHN-01,2026-04-30,8965.97,Completed
PO-06306,PR-06306,SUP-00013,EMP-00010,WH-BLR-01,2026-01-21,555927.65,Completed
PO-06307,PR-06307,SUP-00007,EMP-00011,WH-HYD-01,2026-04-09,221897.81,Completed
PO-06308,PR-06308,SUP-00050,EMP-00081,WH-CHN-01,2026-04-21,209515.02,Delayed
PO-06309,PR-06309,SUP-00035,EMP-00059,WH-CHN-01,2026-02-09,130351.9,Completed
PO-06310,PR-06310,SUP-00048,EMP-00061,WH-HYD-01,2026-03-29,434017.36,Delayed
PO-06311,PR-06311,SUP-00036,EMP-00073,WH-MYS-01,2026-04-03,4940.72,Delayed
PO-06312,PR-06312,SUP-00041,EMP-00015,WH-CHN-01,2026-04-22,97255.2,Delayed
PO-06313,PR-06313,SUP-00031,EMP-00069,WH-HYD-01,2026-05-08,660875.25,Completed
PO-06314,PR-06314,SUP-00024,EMP-00021,WH-MYS-01,2026-01-17,633498.95,Cancelled
PO-06315,PR-06315,SUP-00018,EMP-00008,WH-MYS-01,2026-04-30,382134.22,Completed
PO-06316,PR-06316,SUP-00013,EMP-00068,WH-HYD-01,2026-03-04,199747.07,Completed
PO-06317,PR-06317,SUP-00014,EMP-00043,WH-BLR-01,2026-03-17,90978.75,Completed
PO-06318,PR-06318,SUP-00012,EMP-00079,WH-BLR-01,2026-01-28,88836.88,Delayed
PO-06319,PR-06319,SUP-00023,EMP-00081,WH-CHN-01,2026-03-18,28733.8,Delayed
PO-06320,PR-06320,SUP-00008,EMP-00058,WH-MYS-01,2026-01-24,257908.56,Delayed
PO-06321,PR-06321,SUP-00047,EMP-00028,WH-MYS-01,2026-01-20,388828.8,Delayed
PO-06322,PR-06322,SUP-00024,EMP-00059,WH-HYD-01,2026-05-24,33238.08,Completed
PO-06323,PR-06323,SUP-00050,EMP-00066,WH-BLR-01,2026-05-23,102462.4,Completed
PO-06324,PR-06324,SUP-00003,EMP-00079,WH-MYS-01,2026-05-23,229216.23,Completed
PO-06325,PR-06325,SUP-00008,EMP-00089,WH-MYS-01,2026-03-23,109209.65,Completed
PO-06326,PR-06326,SUP-00043,EMP-00077,WH-CHN-01,2026-05-04,33665.06,Completed
PO-06327,PR-06327,SUP-00038,EMP-00042,WH-CHN-01,2026-02-26,622126.08,Completed
PO-06328,PR-06328,SUP-00018,EMP-00039,WH-BLR-01,2026-02-24,127152.62,Delayed
PO-06329,PR-06329,SUP-00047,EMP-00097,WH-CHN-01,2026-04-27,84380.8,Completed
PO-06330,PR-06330,SUP-00024,EMP-00100,WH-CHN-01,2026-06-02,89074.78,Delayed
PO-06331,PR-06331,SUP-00043,EMP-00070,WH-MYS-01,2026-02-17,190468.2,Completed
PO-06332,PR-06332,SUP-00042,EMP-00002,WH-CHN-01,2026-02-12,402375.12,Completed
PO-06333,PR-06333,SUP-00017,EMP-00044,WH-HYD-01,2026-01-31,125074.78,Completed
PO-06334,PR-06334,SUP-00014,EMP-00029,WH-MYS-01,2026-05-02,59003.04,Completed
PO-06335,PR-06335,SUP-00022,EMP-00007,WH-BLR-01,2026-03-23,275513.2,Completed
PO-06336,PR-06336,SUP-00026,EMP-00037,WH-CHN-01,2026-03-02,33892.65,Cancelled
PO-06337,PR-06337,SUP-00009,EMP-00090,WH-BLR-01,2026-02-01,38069.88,Delayed
PO-06338,PR-06338,SUP-00012,EMP-00021,WH-BLR-01,2026-05-29,9691.37,Completed
PO-06339,PR-06339,SUP-00050,EMP-00069,WH-BLR-01,2026-04-28,546021.84,Completed
PO-06340,PR-06340,SUP-00044,EMP-00048,WH-MYS-01,2026-02-28,222357.6,Completed
PO-06341,PR-06341,SUP-00001,EMP-00086,WH-MYS-01,2026-04-15,156793.5,Cancelled
PO-06342,PR-06342,SUP-00007,EMP-00089,WH-HYD-01,2026-03-19,4944.99,Completed
PO-06343,PR-06343,SUP-00037,EMP-00011,WH-HYD-01,2026-03-24,390.5,Completed
PO-06344,PR-06344,SUP-00019,EMP-00018,WH-BLR-01,2026-05-29,625482.45,Delayed
PO-06345,PR-06345,SUP-00022,EMP-00083,WH-MYS-01,2026-04-15,42053.76,Completed
PO-06346,PR-06346,SUP-00041,EMP-00100,WH-MYS-01,2026-01-13,258614.8,Completed
PO-06347,PR-06347,SUP-00045,EMP-00018,WH-CHN-01,2026-04-24,63073.5,Completed
PO-06348,PR-06348,SUP-00009,EMP-00050,WH-BLR-01,2026-03-07,94424.6,Delayed
PO-06349,PR-06349,SUP-00017,EMP-00084,WH-MYS-01,2026-01-12,81424.17,Delayed
PO-06350,PR-06350,SUP-00002,EMP-00015,WH-MYS-01,2026-01-11,198605.1,Completed
PO-06351,PR-06351,SUP-00049,EMP-00036,WH-MYS-01,2026-01-22,276178.89,Completed
PO-06352,PR-06352,SUP-00022,EMP-00021,WH-BLR-01,2026-04-10,211898.75,Delayed
PO-06353,PR-06353,SUP-00026,EMP-00001,WH-BLR-01,2026-05-30,39525.76,Completed
PO-06354,PR-06354,SUP-00017,EMP-00087,WH-BLR-01,2026-03-12,132085.14,Completed
PO-06355,PR-06355,SUP-00033,EMP-00088,WH-HYD-01,2026-02-12,176178.24,Completed
PO-06356,PR-06356,SUP-00047,EMP-00028,WH-CHN-01,2026-05-14,292868.75,Completed
PO-06357,PR-06357,SUP-00023,EMP-00049,WH-HYD-01,2026-05-16,14681.52,Completed
PO-06358,PR-06358,SUP-00030,EMP-00009,WH-HYD-01,2026-03-15,34484.5,Completed
PO-06359,PR-06359,SUP-00019,EMP-00014,WH-BLR-01,2026-03-01,132783.77,Completed
PO-06360,PR-06360,SUP-00011,EMP-00043,WH-MYS-01,2026-02-04,188849.2,Completed
PO-06361,PR-06361,SUP-00009,EMP-00004,WH-BLR-01,2026-06-08,573991.08,Completed
PO-06362,PR-06362,SUP-00022,EMP-00055,WH-MYS-01,2026-01-20,617293.74,Completed
PO-06363,PR-06363,SUP-00022,EMP-00040,WH-BLR-01,2026-01-13,189044.8,Delayed
PO-06364,PR-06364,SUP-00050,EMP-00002,WH-HYD-01,2026-06-03,87572.31,Delayed
PO-06365,PR-06365,SUP-00031,EMP-00033,WH-HYD-01,2026-02-28,280405.8,Completed
PO-06366,PR-06366,SUP-00009,EMP-00006,WH-BLR-01,2026-04-08,330248.64,Completed
PO-06367,PR-06367,SUP-00044,EMP-00039,WH-BLR-01,2026-01-05,16832.53,Completed
PO-06368,PR-06368,SUP-00023,EMP-00087,WH-HYD-01,2026-04-05,589482.72,Completed
PO-06369,PR-06369,SUP-00015,EMP-00093,WH-HYD-01,2026-06-07,28741.08,Delayed
PO-06370,PR-06370,SUP-00044,EMP-00005,WH-HYD-01,2026-05-12,562951.35,Completed
PO-06371,PR-06371,SUP-00033,EMP-00043,WH-BLR-01,2026-02-05,106605.07,Completed
PO-06372,PR-06372,SUP-00050,EMP-00054,WH-MYS-01,2026-04-11,16862.93,Completed
PO-06373,PR-06373,SUP-00009,EMP-00021,WH-BLR-01,2026-04-08,179974.88,Completed
PO-06374,PR-06374,SUP-00017,EMP-00064,WH-HYD-01,2026-04-21,437398.4,Delayed
PO-06375,PR-06375,SUP-00027,EMP-00053,WH-CHN-01,2026-02-16,474227.82,Delayed
PO-06376,PR-06376,SUP-00050,EMP-00053,WH-BLR-01,2026-05-22,216606.39,Completed
PO-06377,PR-06377,SUP-00037,EMP-00055,WH-HYD-01,2026-01-13,150680.0,Delayed
PO-06378,PR-06378,SUP-00025,EMP-00062,WH-BLR-01,2026-05-17,3884.43,Completed
PO-06379,PR-06379,SUP-00019,EMP-00025,WH-CHN-01,2026-02-26,6257.32,Completed
PO-06380,PR-06380,SUP-00002,EMP-00084,WH-HYD-01,2026-05-29,126347.85,Completed
PO-06381,PR-06381,SUP-00016,EMP-00053,WH-HYD-01,2026-05-17,19046.82,Completed
PO-06382,PR-06382,SUP-00049,EMP-00056,WH-MYS-01,2026-02-04,20012.9,Completed
PO-06383,PR-06383,SUP-00001,EMP-00011,WH-HYD-01,2026-04-10,177644.88,Completed
PO-06384,PR-06384,SUP-00037,EMP-00007,WH-HYD-01,2026-04-01,570818.16,Completed
PO-06385,PR-06385,SUP-00019,EMP-00074,WH-MYS-01,2026-05-27,162399.65,Completed
PO-06386,PR-06386,SUP-00020,EMP-00064,WH-HYD-01,2026-04-06,91788.3,Completed
PO-06387,PR-06387,SUP-00013,EMP-00006,WH-CHN-01,2026-04-22,129584.8,Cancelled
PO-06388,PR-06388,SUP-00017,EMP-00057,WH-MYS-01,2026-01-19,41357.07,Completed
PO-06389,PR-06389,SUP-00027,EMP-00084,WH-HYD-01,2026-06-01,51869.44,Completed
PO-06390,PR-06390,SUP-00049,EMP-00088,WH-HYD-01,2026-05-18,543544.95,Completed
PO-06391,PR-06391,SUP-00018,EMP-00072,WH-CHN-01,2026-02-07,66977.2,Completed
PO-06392,PR-06392,SUP-00025,EMP-00029,WH-BLR-01,2026-05-30,44993.72,Completed
PO-06393,PR-06393,SUP-00012,EMP-00034,WH-CHN-01,2026-02-17,114964.32,Completed
PO-06394,PR-06394,SUP-00050,EMP-00002,WH-MYS-01,2026-04-01,161940.96,Completed
PO-06395,PR-06395,SUP-00007,EMP-00033,WH-MYS-01,2026-04-13,84098.0,Completed
PO-06396,PR-06396,SUP-00021,EMP-00044,WH-BLR-01,2026-02-16,599293.15,Completed
PO-06397,PR-06397,SUP-00033,EMP-00005,WH-HYD-01,2026-04-05,706270.0,Completed
PO-06398,PR-06398,SUP-00014,EMP-00030,WH-BLR-01,2026-04-20,68543.75,Completed
PO-06399,PR-06399,SUP-00042,EMP-00047,WH-BLR-01,2026-04-26,207782.39,Completed
PO-06400,PR-06400,SUP-00023,EMP-00087,WH-BLR-01,2026-01-11,246489.66,Cancelled
PO-06401,PR-06401,SUP-00044,EMP-00052,WH-BLR-01,2026-01-20,418919.1,Delayed
PO-06402,PR-06402,SUP-00018,EMP-00039,WH-HYD-01,2026-04-10,202563.18,Completed
PO-06403,PR-06403,SUP-00021,EMP-00048,WH-BLR-01,2026-02-17,128332.05,Completed
PO-06404,PR-06404,SUP-00041,EMP-00060,WH-CHN-01,2026-05-06,154399.61,Delayed
PO-06405,PR-06405,SUP-00042,EMP-00099,WH-BLR-01,2026-02-15,10661.22,Delayed
PO-06406,PR-06406,SUP-00015,EMP-00049,WH-HYD-01,2026-05-01,542999.1,Completed
PO-06407,PR-06407,SUP-00012,EMP-00097,WH-MYS-01,2026-02-11,225785.5,Delayed
PO-06408,PR-06408,SUP-00047,EMP-00054,WH-BLR-01,2026-01-31,367108.07,Completed
PO-06409,PR-06409,SUP-00031,EMP-00051,WH-BLR-01,2026-02-26,10661.22,Completed
PO-06410,PR-06410,SUP-00015,EMP-00036,WH-MYS-01,2026-02-27,166768.2,Completed
PO-06411,PR-06411,SUP-00039,EMP-00078,WH-HYD-01,2026-05-12,17855.84,Cancelled
PO-06412,PR-06412,SUP-00021,EMP-00017,WH-BLR-01,2026-03-31,172174.31,Cancelled
PO-06413,PR-06413,SUP-00033,EMP-00038,WH-CHN-01,2026-02-05,313587.0,Completed
PO-06414,PR-06414,SUP-00049,EMP-00021,WH-CHN-01,2026-06-08,107491.19,Completed
PO-06415,PR-06415,SUP-00047,EMP-00066,WH-HYD-01,2026-03-21,393278.57,Completed
PO-06416,PR-06416,SUP-00025,EMP-00027,WH-CHN-01,2026-04-12,164350.68,Completed
PO-06417,PR-06417,SUP-00032,EMP-00019,WH-CHN-01,2026-05-11,284438.4,Delayed
PO-06418,PR-06418,SUP-00019,EMP-00023,WH-MYS-01,2026-03-23,41811.15,Completed
PO-06419,PR-06419,SUP-00013,EMP-00023,WH-MYS-01,2026-05-07,170663.04,Delayed
PO-06420,PR-06420,SUP-00038,EMP-00046,WH-BLR-01,2026-03-07,32966.6,Completed
PO-06421,PR-06421,SUP-00029,EMP-00049,WH-HYD-01,2026-04-25,409506.63,Completed
PO-06422,PR-06422,SUP-00007,EMP-00013,WH-HYD-01,2026-04-20,24108.8,Completed
PO-06423,PR-06423,SUP-00004,EMP-00086,WH-BLR-01,2026-01-21,406839.9,Completed
PO-06424,PR-06424,SUP-00042,EMP-00035,WH-MYS-01,2026-02-28,56043.22,Completed
PO-06425,PR-06425,SUP-00048,EMP-00087,WH-HYD-01,2026-04-15,334215.12,Delayed
PO-06426,PR-06426,SUP-00006,EMP-00083,WH-CHN-01,2026-05-16,532021.28,Delayed
PO-06427,PR-06427,SUP-00001,EMP-00060,WH-BLR-01,2026-01-31,70926.94,Delayed
PO-06428,PR-06428,SUP-00049,EMP-00077,WH-HYD-01,2026-04-05,89847.36,Completed
PO-06429,PR-06429,SUP-00039,EMP-00098,WH-HYD-01,2026-03-18,212675.61,Delayed
PO-06430,PR-06430,SUP-00033,EMP-00063,WH-CHN-01,2026-02-18,99553.44,Completed
PO-06431,PR-06431,SUP-00045,EMP-00015,WH-BLR-01,2026-01-19,273089.4,Completed
PO-06432,PR-06432,SUP-00049,EMP-00020,WH-MYS-01,2026-04-20,359297.26,Completed
PO-06433,PR-06433,SUP-00004,EMP-00014,WH-HYD-01,2026-03-24,106681.43,Cancelled
PO-06434,PR-06434,SUP-00021,EMP-00078,WH-BLR-01,2026-04-11,215921.28,Completed
PO-06435,PR-06435,SUP-00049,EMP-00054,WH-BLR-01,2026-05-15,40603.5,Delayed
PO-06436,PR-06436,SUP-00041,EMP-00040,WH-CHN-01,2026-03-09,117273.42,Completed
PO-06437,PR-06437,SUP-00016,EMP-00035,WH-BLR-01,2026-01-19,402167.34,Delayed
PO-06438,PR-06438,SUP-00006,EMP-00054,WH-MYS-01,2026-03-24,3867.0,Completed
PO-06439,PR-06439,SUP-00027,EMP-00093,WH-BLR-01,2026-01-28,56544.58,Completed
PO-06440,PR-06440,SUP-00035,EMP-00009,WH-BLR-01,2026-02-22,391419.9,Completed
PO-06441,PR-06441,SUP-00020,EMP-00089,WH-BLR-01,2026-04-20,162340.2,Completed
PO-06442,PR-06442,SUP-00047,EMP-00072,WH-CHN-01,2026-05-21,84380.8,Completed
PO-06443,PR-06443,SUP-00033,EMP-00061,WH-MYS-01,2026-03-24,30136.0,Completed
PO-06444,PR-06444,SUP-00049,EMP-00001,WH-HYD-01,2026-02-11,31605.9,Completed
PO-06445,PR-06445,SUP-00003,EMP-00077,WH-BLR-01,2026-05-30,323344.34,Completed
PO-06446,PR-06446,SUP-00027,EMP-00005,WH-CHN-01,2026-02-01,54245.32,Completed
PO-06447,PR-06447,SUP-00005,EMP-00047,WH-MYS-01,2026-03-03,60988.21,Completed
PO-06448,PR-06448,SUP-00006,EMP-00074,WH-MYS-01,2026-02-07,112309.2,Completed
PO-06449,PR-06449,SUP-00030,EMP-00090,WH-CHN-01,2026-01-25,22022.28,Completed
PO-06450,PR-06450,SUP-00010,EMP-00044,WH-MYS-01,2026-02-10,88932.96,Completed
PO-06451,PR-06451,SUP-00036,EMP-00093,WH-BLR-01,2026-02-28,97559.35,Delayed
PO-06452,PR-06452,SUP-00046,EMP-00072,WH-BLR-01,2026-01-13,79312.25,Completed
PO-06453,PR-06453,SUP-00021,EMP-00072,WH-BLR-01,2026-03-19,38878.07,Delayed
PO-06454,PR-06454,SUP-00041,EMP-00087,WH-CHN-01,2026-05-02,492516.48,Delayed
PO-06455,PR-06455,SUP-00046,EMP-00046,WH-MYS-01,2026-01-13,88306.32,Delayed
PO-06456,PR-06456,SUP-00031,EMP-00041,WH-BLR-01,2026-03-13,33292.56,Completed
PO-06457,PR-06457,SUP-00013,EMP-00022,WH-HYD-01,2026-05-01,141776.7,Completed
PO-06458,PR-06458,SUP-00033,EMP-00090,WH-CHN-01,2026-05-13,186026.53,Completed
PO-06459,PR-06459,SUP-00038,EMP-00038,WH-CHN-01,2026-01-15,300926.22,Completed
PO-06460,PR-06460,SUP-00019,EMP-00008,WH-BLR-01,2026-02-27,18393.35,Delayed
PO-06461,PR-06461,SUP-00008,EMP-00045,WH-MYS-01,2026-04-03,79959.15,Completed
PO-06462,PR-06462,SUP-00018,EMP-00041,WH-BLR-01,2026-02-11,85066.02,Completed
PO-06463,PR-06463,SUP-00007,EMP-00059,WH-CHN-01,2026-04-16,88932.96,Completed
PO-06464,PR-06464,SUP-00019,EMP-00061,WH-BLR-01,2026-05-25,138625.6,Completed
PO-06465,PR-06465,SUP-00037,EMP-00001,WH-MYS-01,2026-04-20,116376.66,Completed
PO-06466,PR-06466,SUP-00049,EMP-00047,WH-HYD-01,2026-02-25,81740.97,Completed
PO-06467,PR-06467,SUP-00009,EMP-00064,WH-CHN-01,2026-04-19,258202.0,Completed
PO-06468,PR-06468,SUP-00036,EMP-00017,WH-HYD-01,2026-01-23,680970.15,Completed
PO-06469,PR-06469,SUP-00010,EMP-00054,WH-MYS-01,2026-03-20,483588.84,Delayed
PO-06470,PR-06470,SUP-00010,EMP-00076,WH-BLR-01,2026-05-12,353313.9,Completed
PO-06471,PR-06471,SUP-00034,EMP-00051,WH-MYS-01,2026-03-28,64041.28,Delayed
PO-06472,PR-06472,SUP-00012,EMP-00048,WH-HYD-01,2026-03-16,4940.72,Completed
PO-06473,PR-06473,SUP-00029,EMP-00072,WH-MYS-01,2026-01-25,1640.1,Delayed
PO-06474,PR-06474,SUP-00025,EMP-00040,WH-CHN-01,2026-02-24,137578.77,Completed
PO-06475,PR-06475,SUP-00029,EMP-00049,WH-CHN-01,2026-05-14,575461.38,Completed
PO-06476,PR-06476,SUP-00044,EMP-00044,WH-MYS-01,2026-02-24,78473.97,Delayed
PO-06477,PR-06477,SUP-00025,EMP-00017,WH-CHN-01,2026-02-08,255994.56,Completed
PO-06478,PR-06478,SUP-00026,EMP-00009,WH-HYD-01,2026-04-16,128082.56,Completed
PO-06479,PR-06479,SUP-00007,EMP-00027,WH-MYS-01,2026-04-08,254305.24,Completed
PO-06480,PR-06480,SUP-00034,EMP-00017,WH-MYS-01,2026-03-04,334215.12,Delayed
PO-06481,PR-06481,SUP-00024,EMP-00008,WH-MYS-01,2026-05-09,310206.75,Delayed
PO-06482,PR-06482,SUP-00024,EMP-00001,WH-BLR-01,2026-04-17,142966.6,Completed
PO-06483,PR-06483,SUP-00003,EMP-00017,WH-MYS-01,2026-05-07,55748.2,Completed
PO-06484,PR-06484,SUP-00002,EMP-00095,WH-BLR-01,2026-02-08,291765.6,Completed
PO-06485,PR-06485,SUP-00048,EMP-00096,WH-MYS-01,2026-03-17,12007.74,Completed
PO-06486,PR-06486,SUP-00034,EMP-00005,WH-HYD-01,2026-04-30,181030.36,Delayed
PO-06487,PR-06487,SUP-00006,EMP-00024,WH-MYS-01,2026-05-11,331334.54,Completed
PO-06488,PR-06488,SUP-00033,EMP-00092,WH-CHN-01,2026-04-22,254627.73,Completed
PO-06489,PR-06489,SUP-00045,EMP-00079,WH-CHN-01,2026-04-22,221897.81,Delayed
PO-06490,PR-06490,SUP-00019,EMP-00048,WH-BLR-01,2026-05-29,568856.2,Completed
PO-06491,PR-06491,SUP-00037,EMP-00062,WH-BLR-01,2026-04-04,165798.36,Delayed
PO-06492,PR-06492,SUP-00013,EMP-00053,WH-BLR-01,2026-06-13,288611.96,Completed
PO-06493,PR-06493,SUP-00037,EMP-00078,WH-HYD-01,2026-02-25,47212.3,Cancelled
PO-06494,PR-06494,SUP-00042,EMP-00030,WH-CHN-01,2026-03-30,191223.31,Completed
PO-06495,PR-06495,SUP-00027,EMP-00059,WH-HYD-01,2026-03-02,98877.8,Delayed
PO-06496,PR-06496,SUP-00036,EMP-00071,WH-MYS-01,2026-03-04,312432.4,Delayed
PO-06497,PR-06497,SUP-00013,EMP-00016,WH-CHN-01,2026-02-21,38349.36,Completed
PO-06498,PR-06498,SUP-00032,EMP-00019,WH-HYD-01,2026-04-02,383713.2,Completed
PO-06499,PR-06499,SUP-00026,EMP-00098,WH-BLR-01,2026-03-31,19311.32,Delayed
PO-06500,PR-06500,SUP-00017,EMP-00072,WH-HYD-01,2026-04-02,404593.52,Completed
PO-06501,PR-06501,SUP-00042,EMP-00049,WH-CHN-01,2026-05-04,6207.21,Completed
PO-06502,PR-06502,SUP-00011,EMP-00099,WH-CHN-01,2026-02-14,17240.28,Completed
PO-06503,PR-06503,SUP-00046,EMP-00038,WH-HYD-01,2026-03-27,128666.44,Completed
PO-06504,PR-06504,SUP-00046,EMP-00100,WH-BLR-01,2026-01-23,16552.56,Completed
PO-06505,PR-06505,SUP-00009,EMP-00065,WH-MYS-01,2026-04-13,33105.12,Completed
PO-06506,PR-06506,SUP-00005,EMP-00088,WH-HYD-01,2026-04-20,1796.3,Completed
PO-06507,PR-06507,SUP-00020,EMP-00027,WH-MYS-01,2026-03-03,481138.24,Completed
PO-06508,PR-06508,SUP-00013,EMP-00023,WH-CHN-01,2026-03-18,402375.12,Completed
PO-06509,PR-06509,SUP-00027,EMP-00027,WH-MYS-01,2026-05-03,110145.96,Completed
PO-06510,PR-06510,SUP-00039,EMP-00004,WH-BLR-01,2026-04-04,303516.97,Completed
PO-06511,PR-06511,SUP-00005,EMP-00002,WH-BLR-01,2026-05-30,31167.08,Completed
PO-06512,PR-06512,SUP-00030,EMP-00043,WH-HYD-01,2026-01-13,58858.72,Completed
PO-06513,PR-06513,SUP-00004,EMP-00079,WH-HYD-01,2026-01-08,72241.89,Completed
PO-06514,PR-06514,SUP-00014,EMP-00024,WH-MYS-01,2026-02-27,586486.74,Completed
PO-06515,PR-06515,SUP-00016,EMP-00045,WH-BLR-01,2026-03-18,179213.97,Completed
PO-06516,PR-06516,SUP-00046,EMP-00004,WH-HYD-01,2026-04-11,409636.6,Completed
PO-06517,PR-06517,SUP-00033,EMP-00011,WH-BLR-01,2026-03-22,1867.8,Completed
PO-06518,PR-06518,SUP-00048,EMP-00011,WH-CHN-01,2026-05-09,431662.0,Completed
PO-06519,PR-06519,SUP-00029,EMP-00062,WH-BLR-01,2026-06-02,26593.61,Completed
PO-06520,PR-06520,SUP-00012,EMP-00056,WH-BLR-01,2026-02-17,244376.44,Completed
PO-06521,PR-06521,SUP-00015,EMP-00094,WH-HYD-01,2026-06-01,29501.52,Completed
PO-06522,PR-06522,SUP-00031,EMP-00060,WH-MYS-01,2026-02-23,65042.73,Completed
PO-06523,PR-06523,SUP-00041,EMP-00057,WH-CHN-01,2026-03-01,11885.4,Completed
PO-06524,PR-06524,SUP-00050,EMP-00078,WH-CHN-01,2026-01-24,220700.34,Completed
PO-06525,PR-06525,SUP-00014,EMP-00087,WH-HYD-01,2026-01-08,116758.26,Completed
PO-06526,PR-06526,SUP-00012,EMP-00008,WH-CHN-01,2026-05-08,20012.9,Completed
PO-06527,PR-06527,SUP-00005,EMP-00037,WH-CHN-01,2026-05-21,139589.56,Completed
PO-06528,PR-06528,SUP-00002,EMP-00012,WH-CHN-01,2026-02-08,28157.94,Completed
PO-06529,PR-06529,SUP-00020,EMP-00055,WH-CHN-01,2026-02-16,120681.96,Completed
PO-06530,PR-06530,SUP-00023,EMP-00077,WH-HYD-01,2026-05-31,486115.2,Completed
PO-06531,PR-06531,SUP-00050,EMP-00058,WH-HYD-01,2026-05-10,96913.7,Completed
PO-06532,PR-06532,SUP-00007,EMP-00034,WH-BLR-01,2026-03-09,185894.32,Completed
PO-06533,PR-06533,SUP-00043,EMP-00069,WH-HYD-01,2026-04-25,374998.9,Delayed
PO-06534,PR-06534,SUP-00041,EMP-00043,WH-HYD-01,2026-01-18,32370.25,Completed
PO-06535,PR-06535,SUP-00001,EMP-00016,WH-BLR-01,2026-04-16,11493.52,Completed
PO-06536,PR-06536,SUP-00002,EMP-00066,WH-CHN-01,2026-03-11,72930.7,Completed
PO-06537,PR-06537,SUP-00009,EMP-00095,WH-MYS-01,2026-01-23,19288.94,Completed
PO-06538,PR-06538,SUP-00027,EMP-00043,WH-MYS-01,2026-02-24,361482.8,Completed
PO-06539,PR-06539,SUP-00002,EMP-00092,WH-BLR-01,2026-04-02,67777.03,Completed
PO-06540,PR-06540,SUP-00040,EMP-00041,WH-MYS-01,2026-05-05,266510.64,Delayed
PO-06541,PR-06541,SUP-00035,EMP-00030,WH-CHN-01,2026-02-11,52204.5,Completed
PO-06542,PR-06542,SUP-00047,EMP-00094,WH-CHN-01,2026-02-19,3126.16,Cancelled
PO-06543,PR-06543,SUP-00048,EMP-00086,WH-HYD-01,2026-04-09,175541.6,Completed
PO-06544,PR-06544,SUP-00028,EMP-00018,WH-MYS-01,2026-01-24,340568.91,Delayed
PO-06545,PR-06545,SUP-00044,EMP-00043,WH-MYS-01,2026-03-14,224007.25,Completed
PO-06546,PR-06546,SUP-00036,EMP-00005,WH-MYS-01,2026-05-28,89987.44,Completed
PO-06547,PR-06547,SUP-00023,EMP-00064,WH-BLR-01,2026-03-26,68378.8,Completed
PO-06548,PR-06548,SUP-00034,EMP-00077,WH-CHN-01,2026-04-06,121511.78,Completed
PO-06549,PR-06549,SUP-00035,EMP-00060,WH-BLR-01,2026-02-10,142326.55,Completed
PO-06550,PR-06550,SUP-00040,EMP-00067,WH-HYD-01,2026-04-18,21869.92,Completed
PO-06551,PR-06551,SUP-00034,EMP-00052,WH-CHN-01,2026-05-01,50814.96,Delayed
PO-06552,PR-06552,SUP-00035,EMP-00054,WH-BLR-01,2026-06-01,339195.36,Completed
PO-06553,PR-06553,SUP-00007,EMP-00041,WH-MYS-01,2026-04-17,196085.13,Completed
PO-06554,PR-06554,SUP-00037,EMP-00071,WH-BLR-01,2026-03-06,2069.07,Completed
PO-06555,PR-06555,SUP-00023,EMP-00067,WH-MYS-01,2026-05-12,15781.86,Completed
PO-06556,PR-06556,SUP-00027,EMP-00089,WH-HYD-01,2026-03-24,117726.0,Completed
PO-06557,PR-06557,SUP-00037,EMP-00013,WH-CHN-01,2026-01-14,376083.4,Delayed
PO-06558,PR-06558,SUP-00048,EMP-00003,WH-MYS-01,2026-02-18,205136.4,Completed
PO-06559,PR-06559,SUP-00035,EMP-00076,WH-CHN-01,2026-05-17,120886.32,Completed
PO-06560,PR-06560,SUP-00018,EMP-00076,WH-CHN-01,2026-04-04,116109.95,Completed
PO-06561,PR-06561,SUP-00043,EMP-00034,WH-HYD-01,2026-03-04,56743.56,Completed
PO-06562,PR-06562,SUP-00049,EMP-00007,WH-MYS-01,2026-04-19,451283.0,Completed
PO-06563,PR-06563,SUP-00013,EMP-00057,WH-BLR-01,2026-01-17,42001.68,Completed
PO-06564,PR-06564,SUP-00021,EMP-00034,WH-HYD-01,2026-04-27,93421.48,Completed
PO-06565,PR-06565,SUP-00022,EMP-00058,WH-MYS-01,2026-05-30,187681.75,Completed
PO-06566,PR-06566,SUP-00005,EMP-00093,WH-CHN-01,2026-03-10,37530.99,Cancelled
PO-06567,PR-06567,SUP-00030,EMP-00014,WH-CHN-01,2026-02-03,45318.35,Completed
PO-06568,PR-06568,SUP-00012,EMP-00084,WH-CHN-01,2026-01-07,30555.25,Completed
PO-06569,PR-06569,SUP-00028,EMP-00005,WH-BLR-01,2026-05-02,632861.96,Delayed
PO-06570,PR-06570,SUP-00013,EMP-00070,WH-CHN-01,2026-05-23,488207.88,Completed
PO-06571,PR-06571,SUP-00046,EMP-00074,WH-CHN-01,2026-05-30,632861.96,Delayed
PO-06572,PR-06572,SUP-00009,EMP-00079,WH-BLR-01,2026-03-27,17035.74,Completed
PO-06573,PR-06573,SUP-00034,EMP-00082,WH-MYS-01,2026-02-23,76698.72,Completed
PO-06574,PR-06574,SUP-00013,EMP-00069,WH-HYD-01,2026-05-29,191454.92,Completed
PO-06575,PR-06575,SUP-00018,EMP-00056,WH-HYD-01,2026-02-10,196589.05,Completed
PO-06576,PR-06576,SUP-00039,EMP-00079,WH-HYD-01,2026-03-28,25857.1,Completed
PO-06577,PR-06577,SUP-00015,EMP-00038,WH-BLR-01,2026-05-11,244442.0,Completed
PO-06578,PR-06578,SUP-00050,EMP-00041,WH-CHN-01,2026-01-09,160521.82,Completed
PO-06579,PR-06579,SUP-00040,EMP-00032,WH-CHN-01,2026-04-02,4754.16,Completed
PO-06580,PR-06580,SUP-00050,EMP-00087,WH-HYD-01,2026-04-22,167246.4,Cancelled
PO-06581,PR-06581,SUP-00034,EMP-00042,WH-BLR-01,2026-05-23,23606.15,Completed
PO-06582,PR-06582,SUP-00027,EMP-00024,WH-MYS-01,2026-04-09,261714.0,Completed
PO-06583,PR-06583,SUP-00040,EMP-00024,WH-CHN-01,2026-01-05,615027.9,Delayed
PO-06584,PR-06584,SUP-00039,EMP-00065,WH-HYD-01,2026-01-07,261712.5,Completed
PO-06585,PR-06585,SUP-00003,EMP-00045,WH-MYS-01,2026-01-19,291549.36,Completed
PO-06586,PR-06586,SUP-00001,EMP-00060,WH-BLR-01,2026-05-28,206785.35,Completed
PO-06587,PR-06587,SUP-00022,EMP-00079,WH-CHN-01,2026-03-04,36329.32,Cancelled
PO-06588,PR-06588,SUP-00011,EMP-00092,WH-BLR-01,2026-02-18,225190.01,Delayed
PO-06589,PR-06589,SUP-00036,EMP-00086,WH-CHN-01,2026-02-13,39242.0,Completed
PO-06590,PR-06590,SUP-00047,EMP-00015,WH-CHN-01,2026-02-25,185749.84,Completed
PO-06591,PR-06591,SUP-00024,EMP-00007,WH-CHN-01,2026-05-01,22461.84,Delayed
PO-06592,PR-06592,SUP-00002,EMP-00054,WH-HYD-01,2026-03-17,279279.4,Completed
PO-06593,PR-06593,SUP-00022,EMP-00050,WH-MYS-01,2026-05-30,325260.78,Completed
PO-06594,PR-06594,SUP-00043,EMP-00066,WH-BLR-01,2026-04-07,48179.8,Delayed
PO-06595,PR-06595,SUP-00011,EMP-00094,WH-MYS-01,2026-03-22,168492.48,Delayed
PO-06596,PR-06596,SUP-00001,EMP-00007,WH-HYD-01,2026-04-15,199504.2,Completed
PO-06597,PR-06597,SUP-00038,EMP-00092,WH-CHN-01,2026-05-14,1640.1,Completed
PO-06598,PR-06598,SUP-00039,EMP-00038,WH-CHN-01,2026-01-04,59032.8,Completed
PO-06599,PR-06599,SUP-00036,EMP-00088,WH-MYS-01,2026-03-16,7131.6,Completed
PO-06600,PR-06600,SUP-00024,EMP-00079,WH-CHN-01,2026-03-29,148359.75,Completed
PO-06601,PR-06601,SUP-00015,EMP-00006,WH-HYD-01,2026-05-12,56002.24,Delayed
PO-06602,PR-06602,SUP-00012,EMP-00053,WH-MYS-01,2026-04-26,55180.05,Completed
PO-06603,PR-06603,SUP-00044,EMP-00031,WH-CHN-01,2026-05-11,54587.25,Completed
PO-06604,PR-06604,SUP-00005,EMP-00003,WH-MYS-01,2026-03-30,142704.54,Completed
PO-06605,PR-06605,SUP-00037,EMP-00068,WH-HYD-01,2026-01-30,272266.58,Delayed
PO-06606,PR-06606,SUP-00006,EMP-00097,WH-BLR-01,2026-03-13,123518.0,Completed
PO-06607,PR-06607,SUP-00005,EMP-00038,WH-BLR-01,2026-03-24,397346.17,Completed
PO-06608,PR-06608,SUP-00035,EMP-00037,WH-MYS-01,2026-02-09,426212.78,Delayed
PO-06609,PR-06609,SUP-00004,EMP-00009,WH-HYD-01,2026-05-23,154226.49,Delayed
PO-06610,PR-06610,SUP-00024,EMP-00004,WH-MYS-01,2026-06-08,223403.6,Completed
PO-06611,PR-06611,SUP-00002,EMP-00037,WH-CHN-01,2026-04-05,25818.48,Completed
PO-06612,PR-06612,SUP-00001,EMP-00085,WH-BLR-01,2026-03-28,8620.14,Completed
PO-06613,PR-06613,SUP-00035,EMP-00071,WH-BLR-01,2026-05-23,2716.8,Delayed
PO-06614,PR-06614,SUP-00037,EMP-00020,WH-BLR-01,2026-01-23,181543.04,Delayed
PO-06615,PR-06615,SUP-00047,EMP-00063,WH-BLR-01,2026-01-21,505477.44,Delayed
PO-06616,PR-06616,SUP-00033,EMP-00036,WH-HYD-01,2026-05-01,113421.36,Completed
PO-06617,PR-06617,SUP-00008,EMP-00091,WH-MYS-01,2026-05-18,216606.39,Completed
PO-06618,PR-06618,SUP-00036,EMP-00095,WH-BLR-01,2026-01-26,242245.08,Delayed
PO-06619,PR-06619,SUP-00018,EMP-00015,WH-CHN-01,2026-05-18,225180.54,Completed
PO-06620,PR-06620,SUP-00021,EMP-00008,WH-BLR-01,2026-05-23,401089.18,Completed
PO-06621,PR-06621,SUP-00002,EMP-00069,WH-CHN-01,2026-03-29,2343.0,Completed
PO-06622,PR-06622,SUP-00027,EMP-00024,WH-CHN-01,2026-05-16,123555.34,Delayed
PO-06623,PR-06623,SUP-00005,EMP-00095,WH-BLR-01,2026-01-28,52721.9,Delayed
PO-06624,PR-06624,SUP-00049,EMP-00098,WH-HYD-01,2026-02-27,60224.75,Delayed
PO-06625,PR-06625,SUP-00025,EMP-00034,WH-CHN-01,2026-04-07,234324.3,Completed
PO-06626,PR-06626,SUP-00007,EMP-00096,WH-HYD-01,2026-06-03,278798.24,Completed
PO-06627,PR-06627,SUP-00032,EMP-00033,WH-MYS-01,2026-04-14,9347.06,Delayed
PO-06628,PR-06628,SUP-00035,EMP-00010,WH-BLR-01,2026-05-10,642342.62,Completed
PO-06629,PR-06629,SUP-00029,EMP-00051,WH-CHN-01,2026-02-11,117183.64,Completed
PO-06630,PR-06630,SUP-00001,EMP-00063,WH-HYD-01,2026-06-02,132175.48,Completed
PO-06631,PR-06631,SUP-00044,EMP-00034,WH-HYD-01,2026-03-04,41221.7,Completed
PO-06632,PR-06632,SUP-00009,EMP-00088,WH-CHN-01,2026-06-06,38543.84,Completed
PO-06633,PR-06633,SUP-00045,EMP-00036,WH-BLR-01,2026-05-21,77765.76,Completed
PO-06634,PR-06634,SUP-00009,EMP-00042,WH-MYS-01,2026-02-04,116732.07,Delayed
PO-06635,PR-06635,SUP-00011,EMP-00012,WH-CHN-01,2026-02-24,225185.94,Completed
PO-06636,PR-06636,SUP-00019,EMP-00040,WH-CHN-01,2026-01-07,78670.72,Completed
PO-06637,PR-06637,SUP-00026,EMP-00012,WH-BLR-01,2026-03-14,39257.1,Delayed
PO-06638,PR-06638,SUP-00023,EMP-00028,WH-MYS-01,2026-02-23,475617.78,Delayed
PO-06639,PR-06639,SUP-00019,EMP-00017,WH-HYD-01,2026-01-19,678877.2,Completed
PO-06640,PR-06640,SUP-00025,EMP-00038,WH-HYD-01,2026-02-08,303707.61,Delayed
PO-06641,PR-06641,SUP-00011,EMP-00093,WH-BLR-01,2026-05-03,67266.19,Delayed
PO-06642,PR-06642,SUP-00037,EMP-00042,WH-BLR-01,2026-01-06,15770.16,Completed
PO-06643,PR-06643,SUP-00040,EMP-00064,WH-MYS-01,2026-05-18,16243.38,Delayed
PO-06644,PR-06644,SUP-00029,EMP-00031,WH-BLR-01,2026-05-10,106664.4,Cancelled
PO-06645,PR-06645,SUP-00045,EMP-00060,WH-BLR-01,2026-04-02,620413.5,Delayed
PO-06646,PR-06646,SUP-00044,EMP-00079,WH-MYS-01,2026-05-12,16174.0,Completed
PO-06647,PR-06647,SUP-00015,EMP-00021,WH-CHN-01,2026-02-12,391634.8,Cancelled
PO-06648,PR-06648,SUP-00014,EMP-00010,WH-CHN-01,2026-04-21,62717.4,Completed
PO-06649,PR-06649,SUP-00016,EMP-00015,WH-BLR-01,2026-01-06,213961.44,Completed
PO-06650,PR-06650,SUP-00011,EMP-00024,WH-HYD-01,2026-02-13,2186.8,Completed
PO-06651,PR-06651,SUP-00009,EMP-00011,WH-MYS-01,2026-03-11,37807.12,Delayed
PO-06652,PR-06652,SUP-00013,EMP-00084,WH-CHN-01,2026-03-29,220336.32,Delayed
PO-06653,PR-06653,SUP-00044,EMP-00081,WH-BLR-01,2026-05-24,112590.27,Delayed
PO-06654,PR-06654,SUP-00027,EMP-00032,WH-HYD-01,2026-05-27,278877.99,Completed
PO-06655,PR-06655,SUP-00042,EMP-00072,WH-BLR-01,2026-04-26,67777.03,Delayed
PO-06656,PR-06656,SUP-00034,EMP-00085,WH-HYD-01,2026-03-18,434243.04,Completed
PO-06657,PR-06657,SUP-00024,EMP-00098,WH-HYD-01,2026-04-22,219471.7,Delayed
PO-06658,PR-06658,SUP-00043,EMP-00028,WH-CHN-01,2026-01-30,272441.25,Delayed
PO-06659,PR-06659,SUP-00035,EMP-00034,WH-MYS-01,2026-03-24,60243.12,Completed
PO-06660,PR-06660,SUP-00005,EMP-00063,WH-BLR-01,2026-05-17,43838.5,Completed
PO-06661,PR-06661,SUP-00015,EMP-00061,WH-HYD-01,2026-05-26,54493.98,Completed
PO-06662,PR-06662,SUP-00024,EMP-00026,WH-CHN-01,2026-02-10,700028.0,Completed
PO-06663,PR-06663,SUP-00024,EMP-00065,WH-MYS-01,2026-04-03,177877.44,Completed
PO-06664,PR-06664,SUP-00008,EMP-00003,WH-MYS-01,2026-04-24,107699.57,Completed
PO-06665,PR-06665,SUP-00021,EMP-00037,WH-BLR-01,2026-04-09,42190.4,Completed
PO-06666,PR-06666,SUP-00043,EMP-00080,WH-BLR-01,2026-02-19,368426.7,Delayed
PO-06667,PR-06667,SUP-00039,EMP-00004,WH-BLR-01,2026-04-26,194562.9,Delayed
PO-06668,PR-06668,SUP-00035,EMP-00082,WH-CHN-01,2026-01-18,123727.11,Completed
PO-06669,PR-06669,SUP-00019,EMP-00061,WH-MYS-01,2026-04-28,14125.4,Completed
PO-06670,PR-06670,SUP-00043,EMP-00011,WH-MYS-01,2026-05-10,83262.06,Delayed
PO-06671,PR-06671,SUP-00013,EMP-00033,WH-HYD-01,2026-01-28,658026.32,Completed
PO-06672,PR-06672,SUP-00029,EMP-00002,WH-BLR-01,2026-05-22,54617.88,Completed
PO-06673,PR-06673,SUP-00041,EMP-00077,WH-MYS-01,2026-03-18,313135.92,Completed
PO-06674,PR-06674,SUP-00007,EMP-00065,WH-HYD-01,2026-01-05,330532.36,Completed
PO-06675,PR-06675,SUP-00024,EMP-00070,WH-BLR-01,2026-03-30,174857.93,Completed
PO-06676,PR-06676,SUP-00014,EMP-00052,WH-MYS-01,2026-04-27,312882.24,Delayed
PO-06677,PR-06677,SUP-00019,EMP-00004,WH-BLR-01,2026-03-19,522645.0,Delayed
PO-06678,PR-06678,SUP-00014,EMP-00055,WH-MYS-01,2026-01-20,5942.7,Completed
PO-06679,PR-06679,SUP-00012,EMP-00065,WH-CHN-01,2026-02-27,67266.19,Completed
PO-06680,PR-06680,SUP-00036,EMP-00053,WH-CHN-01,2026-02-22,288999.97,Completed
PO-06681,PR-06681,SUP-00047,EMP-00016,WH-CHN-01,2026-02-02,500401.2,Delayed
PO-06682,PR-06682,SUP-00021,EMP-00088,WH-MYS-01,2026-01-23,219169.17,Delayed
PO-06683,PR-06683,SUP-00046,EMP-00078,WH-BLR-01,2026-05-09,291003.12,Completed
PO-06684,PR-06684,SUP-00034,EMP-00091,WH-MYS-01,2026-05-04,158420.09,Completed
PO-06685,PR-06685,SUP-00036,EMP-00061,WH-CHN-01,2026-01-29,226108.85,Completed
PO-06686,PR-06686,SUP-00025,EMP-00034,WH-HYD-01,2026-04-17,51714.2,Completed
PO-06687,PR-06687,SUP-00016,EMP-00079,WH-MYS-01,2026-01-10,48888.4,Completed
PO-06688,PR-06688,SUP-00014,EMP-00021,WH-BLR-01,2026-03-03,325471.92,Completed
PO-06689,PR-06689,SUP-00024,EMP-00046,WH-HYD-01,2026-01-11,96712.7,Completed
PO-06690,PR-06690,SUP-00026,EMP-00076,WH-CHN-01,2026-03-08,160702.56,Delayed
PO-06691,PR-06691,SUP-00050,EMP-00019,WH-MYS-01,2026-01-31,56242.15,Delayed
PO-06692,PR-06692,SUP-00030,EMP-00092,WH-CHN-01,2026-01-17,214923.8,Completed
PO-06693,PR-06693,SUP-00028,EMP-00088,WH-BLR-01,2026-02-21,3516.93,Completed
PO-06694,PR-06694,SUP-00007,EMP-00096,WH-BLR-01,2026-02-26,68878.3,Completed
PO-06695,PR-06695,SUP-00041,EMP-00076,WH-MYS-01,2026-04-09,69894.73,Completed
PO-06696,PR-06696,SUP-00017,EMP-00099,WH-CHN-01,2026-04-02,45770.81,Delayed
PO-06697,PR-06697,SUP-00010,EMP-00034,WH-BLR-01,2026-03-31,49345.8,Completed
PO-06698,PR-06698,SUP-00035,EMP-00028,WH-HYD-01,2026-03-20,17242.25,Completed
PO-06699,PR-06699,SUP-00040,EMP-00041,WH-CHN-01,2026-03-16,257007.24,Completed
PO-06700,PR-06700,SUP-00035,EMP-00005,WH-CHN-01,2026-02-07,54674.8,Completed
PO-06701,PR-06701,SUP-00005,EMP-00073,WH-HYD-01,2026-06-04,4173.07,Delayed
PO-06702,PR-06702,SUP-00035,EMP-00010,WH-MYS-01,2026-02-21,156040.11,Cancelled
PO-06703,PR-06703,SUP-00033,EMP-00048,WH-CHN-01,2026-04-13,71834.5,Completed
PO-06704,PR-06704,SUP-00036,EMP-00082,WH-CHN-01,2026-01-26,181181.65,Completed
PO-06705,PR-06705,SUP-00030,EMP-00096,WH-HYD-01,2026-02-27,107491.19,Completed
PO-06706,PR-06706,SUP-00036,EMP-00005,WH-HYD-01,2026-03-05,17209.22,Delayed
PO-06707,PR-06707,SUP-00038,EMP-00050,WH-HYD-01,2026-03-15,4817.98,Completed
PO-06708,PR-06708,SUP-00007,EMP-00043,WH-BLR-01,2026-03-01,425341.02,Completed
PO-06709,PR-06709,SUP-00036,EMP-00055,WH-HYD-01,2026-05-25,465185.76,Completed
PO-06710,PR-06710,SUP-00037,EMP-00053,WH-CHN-01,2026-05-12,120886.32,Completed
PO-06711,PR-06711,SUP-00046,EMP-00035,WH-HYD-01,2026-04-19,401789.76,Completed
PO-06712,PR-06712,SUP-00030,EMP-00015,WH-MYS-01,2026-03-19,613056.5,Delayed
PO-06713,PR-06713,SUP-00004,EMP-00009,WH-CHN-01,2026-04-12,166180.56,Completed
PO-06714,PR-06714,SUP-00003,EMP-00030,WH-CHN-01,2026-05-31,160521.82,Delayed
PO-06715,PR-06715,SUP-00035,EMP-00082,WH-BLR-01,2026-05-07,14152.25,Completed
PO-06716,PR-06716,SUP-00012,EMP-00022,WH-BLR-01,2026-06-01,51231.2,Completed
PO-06717,PR-06717,SUP-00033,EMP-00066,WH-MYS-01,2026-03-01,62674.25,Completed
PO-06718,PR-06718,SUP-00018,EMP-00092,WH-MYS-01,2026-05-01,27799.22,Delayed
PO-06719,PR-06719,SUP-00040,EMP-00097,WH-CHN-01,2026-04-09,646427.5,Completed
PO-06720,PR-06720,SUP-00050,EMP-00068,WH-MYS-01,2026-04-02,5260.62,Completed
PO-06721,PR-06721,SUP-00023,EMP-00025,WH-CHN-01,2026-04-19,73487.35,Completed
PO-06722,PR-06722,SUP-00038,EMP-00063,WH-HYD-01,2026-03-15,518020.72,Delayed
PO-06723,PR-06723,SUP-00047,EMP-00084,WH-BLR-01,2026-01-21,291891.81,Completed
PO-06724,PR-06724,SUP-00035,EMP-00013,WH-HYD-01,2026-04-16,87612.0,Delayed
PO-06725,PR-06725,SUP-00021,EMP-00050,WH-CHN-01,2026-01-12,14177.67,Delayed
PO-06726,PR-06726,SUP-00014,EMP-00012,WH-BLR-01,2026-01-12,381385.8,Delayed
PO-06727,PR-06727,SUP-00008,EMP-00051,WH-BLR-01,2026-06-05,247339.7,Completed
PO-06728,PR-06728,SUP-00008,EMP-00063,WH-CHN-01,2026-04-21,70307.16,Completed
PO-06729,PR-06729,SUP-00015,EMP-00075,WH-CHN-01,2026-01-16,146868.15,Delayed
PO-06730,PR-06730,SUP-00024,EMP-00091,WH-MYS-01,2026-05-05,214947.3,Completed
PO-06731,PR-06731,SUP-00029,EMP-00092,WH-BLR-01,2026-02-11,111037.15,Completed
PO-06732,PR-06732,SUP-00019,EMP-00033,WH-BLR-01,2026-01-05,41891.91,Completed
PO-06733,PR-06733,SUP-00007,EMP-00016,WH-CHN-01,2026-01-07,60856.07,Completed
PO-06734,PR-06734,SUP-00024,EMP-00003,WH-BLR-01,2026-05-29,266592.48,Completed
PO-06735,PR-06735,SUP-00021,EMP-00094,WH-BLR-01,2026-05-22,284549.75,Completed
PO-06736,PR-06736,SUP-00015,EMP-00063,WH-BLR-01,2026-04-20,35554.8,Completed
PO-06737,PR-06737,SUP-00021,EMP-00093,WH-MYS-01,2026-03-18,47587.35,Delayed
PO-06738,PR-06738,SUP-00045,EMP-00010,WH-HYD-01,2026-02-10,200129.0,Completed
PO-06739,PR-06739,SUP-00026,EMP-00082,WH-CHN-01,2026-05-15,781.0,Completed
PO-06740,PR-06740,SUP-00021,EMP-00084,WH-BLR-01,2026-01-11,227058.25,Completed
PO-06741,PR-06741,SUP-00039,EMP-00007,WH-MYS-01,2026-02-15,52315.98,Delayed
PO-06742,PR-06742,SUP-00027,EMP-00001,WH-HYD-01,2026-04-01,72269.7,Delayed
PO-06743,PR-06743,SUP-00046,EMP-00094,WH-MYS-01,2026-01-06,654285.0,Completed
PO-06744,PR-06744,SUP-00005,EMP-00084,WH-HYD-01,2026-03-08,112975.5,Completed
PO-06745,PR-06745,SUP-00006,EMP-00005,WH-BLR-01,2026-05-12,3793.7,Completed
PO-06746,PR-06746,SUP-00025,EMP-00059,WH-CHN-01,2026-04-24,6483.68,Completed
PO-06747,PR-06747,SUP-00038,EMP-00045,WH-CHN-01,2026-05-02,142570.56,Completed
PO-06748,PR-06748,SUP-00008,EMP-00034,WH-HYD-01,2026-05-27,40683.99,Delayed
PO-06749,PR-06749,SUP-00025,EMP-00022,WH-CHN-01,2026-05-05,247828.41,Completed
PO-06750,PR-06750,SUP-00007,EMP-00085,WH-CHN-01,2026-04-25,51933.53,Delayed
PO-06751,PR-06751,SUP-00037,EMP-00084,WH-CHN-01,2026-03-24,41793.82,Delayed
PO-06752,PR-06752,SUP-00048,EMP-00011,WH-HYD-01,2026-02-17,71483.3,Cancelled
PO-06753,PR-06753,SUP-00013,EMP-00005,WH-BLR-01,2026-05-13,90408.0,Completed
PO-06754,PR-06754,SUP-00036,EMP-00090,WH-MYS-01,2026-03-08,250889.4,Completed
PO-06755,PR-06755,SUP-00025,EMP-00013,WH-CHN-01,2026-02-17,696852.5,Completed
PO-06756,PR-06756,SUP-00025,EMP-00047,WH-CHN-01,2026-04-15,552977.25,Completed
PO-06757,PR-06757,SUP-00018,EMP-00048,WH-BLR-01,2026-03-29,306615.1,Completed
PO-06758,PR-06758,SUP-00036,EMP-00019,WH-HYD-01,2026-02-21,335105.4,Completed
PO-06759,PR-06759,SUP-00001,EMP-00005,WH-MYS-01,2026-03-09,258713.89,Delayed
PO-06760,PR-06760,SUP-00006,EMP-00039,WH-HYD-01,2026-05-25,195817.4,Delayed
PO-06761,PR-06761,SUP-00035,EMP-00003,WH-CHN-01,2026-03-09,149174.63,Cancelled
PO-06762,PR-06762,SUP-00030,EMP-00050,WH-MYS-01,2026-04-12,28687.2,Completed
PO-06763,PR-06763,SUP-00002,EMP-00013,WH-BLR-01,2026-05-24,404617.5,Completed
PO-06764,PR-06764,SUP-00005,EMP-00041,WH-BLR-01,2026-01-22,277992.2,Delayed
PO-06765,PR-06765,SUP-00046,EMP-00053,WH-HYD-01,2026-01-25,47258.9,Completed
PO-06766,PR-06766,SUP-00022,EMP-00005,WH-CHN-01,2026-03-08,103280.8,Completed
PO-06767,PR-06767,SUP-00021,EMP-00056,WH-CHN-01,2026-04-17,57881.72,Delayed
PO-06768,PR-06768,SUP-00031,EMP-00070,WH-MYS-01,2026-04-15,184526.65,Delayed
PO-06769,PR-06769,SUP-00026,EMP-00055,WH-BLR-01,2026-02-04,111016.08,Delayed
PO-06770,PR-06770,SUP-00038,EMP-00006,WH-MYS-01,2026-01-14,106664.4,Completed
PO-06771,PR-06771,SUP-00045,EMP-00083,WH-HYD-01,2026-05-02,162092.0,Completed
PO-06772,PR-06772,SUP-00009,EMP-00075,WH-MYS-01,2026-02-11,13937.05,Delayed
PO-06773,PR-06773,SUP-00002,EMP-00012,WH-BLR-01,2026-04-11,282228.3,Completed
PO-06774,PR-06774,SUP-00026,EMP-00067,WH-CHN-01,2026-01-26,183331.5,Completed
PO-06775,PR-06775,SUP-00018,EMP-00091,WH-MYS-01,2026-01-24,633900.75,Delayed
PO-06776,PR-06776,SUP-00032,EMP-00008,WH-HYD-01,2026-03-04,166037.25,Delayed
PO-06777,PR-06777,SUP-00010,EMP-00048,WH-CHN-01,2026-03-09,152203.2,Completed
PO-06778,PR-06778,SUP-00013,EMP-00066,WH-HYD-01,2026-04-02,93950.61,Delayed
PO-06779,PR-06779,SUP-00047,EMP-00002,WH-HYD-01,2026-01-21,208439.21,Completed
PO-06780,PR-06780,SUP-00017,EMP-00047,WH-MYS-01,2026-05-22,172174.31,Delayed
PO-06781,PR-06781,SUP-00021,EMP-00028,WH-MYS-01,2026-03-31,324799.3,Completed
PO-06782,PR-06782,SUP-00009,EMP-00092,WH-HYD-01,2026-03-18,690781.09,Completed
PO-06783,PR-06783,SUP-00048,EMP-00096,WH-CHN-01,2026-02-10,320243.21,Completed
PO-06784,PR-06784,SUP-00047,EMP-00087,WH-BLR-01,2026-02-10,36391.5,Completed
PO-06785,PR-06785,SUP-00008,EMP-00026,WH-CHN-01,2026-04-05,122051.97,Cancelled
PO-06786,PR-06786,SUP-00036,EMP-00054,WH-BLR-01,2026-02-17,653175.45,Delayed
PO-06787,PR-06787,SUP-00032,EMP-00019,WH-MYS-01,2026-02-05,64284.87,Completed
PO-06788,PR-06788,SUP-00046,EMP-00001,WH-MYS-01,2026-04-09,670270.56,Completed
PO-06789,PR-06789,SUP-00003,EMP-00002,WH-BLR-01,2026-04-11,91948.16,Delayed
PO-06790,PR-06790,SUP-00033,EMP-00059,WH-MYS-01,2026-02-28,32020.64,Completed
PO-06791,PR-06791,SUP-00008,EMP-00077,WH-BLR-01,2026-04-08,103886.01,Completed
PO-06792,PR-06792,SUP-00042,EMP-00043,WH-CHN-01,2026-04-06,167443.0,Completed
PO-06793,PR-06793,SUP-00015,EMP-00055,WH-MYS-01,2026-05-23,283567.2,Cancelled
PO-06794,PR-06794,SUP-00001,EMP-00026,WH-HYD-01,2026-04-12,53949.0,Delayed
PO-06795,PR-06795,SUP-00042,EMP-00074,WH-CHN-01,2026-05-21,227563.56,Completed
PO-06796,PR-06796,SUP-00002,EMP-00025,WH-BLR-01,2026-03-15,77765.76,Delayed
PO-06797,PR-06797,SUP-00006,EMP-00056,WH-HYD-01,2026-02-20,74081.87,Completed
PO-06798,PR-06798,SUP-00043,EMP-00082,WH-CHN-01,2026-02-13,66622.29,Completed
PO-06799,PR-06799,SUP-00032,EMP-00092,WH-CHN-01,2026-02-15,39257.1,Delayed
PO-06800,PR-06800,SUP-00045,EMP-00034,WH-HYD-01,2026-02-10,469961.76,Completed
PO-06801,PR-06801,SUP-00032,EMP-00019,WH-BLR-01,2026-05-29,330333.04,Completed
PO-06802,PR-06802,SUP-00034,EMP-00029,WH-BLR-01,2026-02-01,365851.5,Completed
PO-06803,PR-06803,SUP-00002,EMP-00091,WH-BLR-01,2026-02-16,159657.68,Completed
PO-06804,PR-06804,SUP-00033,EMP-00020,WH-HYD-01,2026-03-08,220291.92,Completed
PO-06805,PR-06805,SUP-00034,EMP-00044,WH-MYS-01,2026-02-15,338041.81,Completed
PO-06806,PR-06806,SUP-00018,EMP-00034,WH-HYD-01,2026-02-01,391592.8,Completed
PO-06807,PR-06807,SUP-00021,EMP-00069,WH-HYD-01,2026-05-14,758.74,Completed
PO-06808,PR-06808,SUP-00020,EMP-00040,WH-HYD-01,2026-04-02,13104.11,Completed
PO-06809,PR-06809,SUP-00029,EMP-00021,WH-MYS-01,2026-04-23,181623.96,Completed
PO-06810,PR-06810,SUP-00014,EMP-00042,WH-HYD-01,2026-02-24,243550.16,Completed
PO-06811,PR-06811,SUP-00045,EMP-00041,WH-BLR-01,2026-05-08,348426.25,Completed
PO-06812,PR-06812,SUP-00042,EMP-00009,WH-CHN-01,2026-04-29,367833.9,Completed
PO-06813,PR-06813,SUP-00042,EMP-00056,WH-HYD-01,2026-04-30,56971.64,Completed
PO-06814,PR-06814,SUP-00045,EMP-00023,WH-HYD-01,2026-02-10,518925.6,Completed
PO-06815,PR-06815,SUP-00028,EMP-00011,WH-HYD-01,2026-02-28,140594.58,Delayed
PO-06816,PR-06816,SUP-00050,EMP-00021,WH-HYD-01,2026-01-20,135887.7,Completed
PO-06817,PR-06817,SUP-00001,EMP-00063,WH-BLR-01,2026-05-15,3172.49,Completed
PO-06818,PR-06818,SUP-00038,EMP-00090,WH-MYS-01,2026-05-25,28018.06,Completed
PO-06819,PR-06819,SUP-00035,EMP-00022,WH-MYS-01,2026-05-21,343675.64,Completed
PO-06820,PR-06820,SUP-00031,EMP-00075,WH-BLR-01,2026-05-08,309769.55,Delayed
PO-06821,PR-06821,SUP-00030,EMP-00046,WH-BLR-01,2026-05-20,134443.1,Completed
PO-06822,PR-06822,SUP-00050,EMP-00045,WH-BLR-01,2026-05-05,12910.1,Completed
PO-06823,PR-06823,SUP-00035,EMP-00039,WH-MYS-01,2026-05-20,80351.28,Completed
PO-06824,PR-06824,SUP-00016,EMP-00056,WH-MYS-01,2026-03-25,160521.82,Completed
PO-06825,PR-06825,SUP-00023,EMP-00074,WH-CHN-01,2026-05-16,620570.4,Completed
PO-06826,PR-06826,SUP-00008,EMP-00003,WH-BLR-01,2026-02-25,153445.52,Completed
PO-06827,PR-06827,SUP-00030,EMP-00087,WH-MYS-01,2026-03-17,611582.84,Cancelled
PO-06828,PR-06828,SUP-00007,EMP-00042,WH-BLR-01,2026-04-05,580637.6,Completed
PO-06829,PR-06829,SUP-00044,EMP-00049,WH-CHN-01,2026-05-18,150680.0,Completed
PO-06830,PR-06830,SUP-00042,EMP-00020,WH-HYD-01,2026-02-28,90515.18,Delayed
PO-06831,PR-06831,SUP-00045,EMP-00008,WH-MYS-01,2026-05-22,10513.44,Delayed
PO-06832,PR-06832,SUP-00031,EMP-00037,WH-CHN-01,2026-03-17,191856.6,Completed
PO-06833,PR-06833,SUP-00043,EMP-00097,WH-CHN-01,2026-01-11,531399.36,Cancelled
PO-06834,PR-06834,SUP-00025,EMP-00082,WH-HYD-01,2026-04-07,128666.44,Completed
PO-06835,PR-06835,SUP-00013,EMP-00051,WH-MYS-01,2026-03-10,122070.62,Completed
PO-06836,PR-06836,SUP-00041,EMP-00066,WH-HYD-01,2026-02-06,349918.72,Cancelled
PO-06837,PR-06837,SUP-00033,EMP-00092,WH-CHN-01,2026-01-14,56242.15,Completed
PO-06838,PR-06838,SUP-00029,EMP-00076,WH-CHN-01,2026-04-20,99243.69,Completed
PO-06839,PR-06839,SUP-00038,EMP-00070,WH-BLR-01,2026-03-03,375879.03,Delayed
PO-06840,PR-06840,SUP-00036,EMP-00075,WH-MYS-01,2026-03-03,67278.4,Completed
PO-06841,PR-06841,SUP-00010,EMP-00007,WH-CHN-01,2026-03-11,27122.4,Completed
PO-06842,PR-06842,SUP-00025,EMP-00069,WH-CHN-01,2026-04-22,614044.5,Completed
PO-06843,PR-06843,SUP-00015,EMP-00029,WH-CHN-01,2026-05-13,85501.8,Completed
PO-06844,PR-06844,SUP-00019,EMP-00046,WH-HYD-01,2026-04-28,42777.35,Completed
PO-06845,PR-06845,SUP-00014,EMP-00100,WH-BLR-01,2026-02-24,68739.5,Completed
PO-06846,PR-06846,SUP-00048,EMP-00050,WH-MYS-01,2026-01-08,49340.48,Completed
PO-06847,PR-06847,SUP-00023,EMP-00095,WH-BLR-01,2026-05-08,73523.51,Delayed
PO-06848,PR-06848,SUP-00049,EMP-00033,WH-HYD-01,2026-02-26,230377.47,Delayed
PO-06849,PR-06849,SUP-00032,EMP-00021,WH-CHN-01,2026-02-05,98680.96,Completed
PO-06850,PR-06850,SUP-00027,EMP-00045,WH-CHN-01,2026-05-22,340690.32,Completed
PO-06851,PR-06851,SUP-00030,EMP-00096,WH-BLR-01,2026-04-04,120831.26,Delayed
PO-06852,PR-06852,SUP-00039,EMP-00058,WH-CHN-01,2026-05-03,517229.6,Completed
PO-06853,PR-06853,SUP-00027,EMP-00006,WH-HYD-01,2026-06-05,327104.16,Completed
PO-06854,PR-06854,SUP-00029,EMP-00026,WH-MYS-01,2026-02-11,358245.5,Completed
PO-06855,PR-06855,SUP-00022,EMP-00060,WH-HYD-01,2026-02-11,343311.64,Completed
PO-06856,PR-06856,SUP-00028,EMP-00049,WH-MYS-01,2026-02-09,184187.3,Completed
PO-06857,PR-06857,SUP-00014,EMP-00098,WH-BLR-01,2026-01-15,188152.2,Delayed
PO-06858,PR-06858,SUP-00047,EMP-00025,WH-HYD-01,2026-04-26,138168.24,Completed
PO-06859,PR-06859,SUP-00041,EMP-00020,WH-CHN-01,2026-04-10,397346.17,Delayed
PO-06860,PR-06860,SUP-00013,EMP-00028,WH-CHN-01,2026-01-27,14658.66,Completed
PO-06861,PR-06861,SUP-00012,EMP-00009,WH-BLR-01,2026-01-20,218093.75,Completed
PO-06862,PR-06862,SUP-00034,EMP-00024,WH-MYS-01,2026-02-12,166037.25,Completed
PO-06863,PR-06863,SUP-00039,EMP-00091,WH-BLR-01,2026-03-30,419612.24,Completed
PO-06864,PR-06864,SUP-00034,EMP-00053,WH-HYD-01,2026-04-13,57881.72,Completed
PO-06865,PR-06865,SUP-00047,EMP-00082,WH-BLR-01,2026-06-09,199428.48,Completed
PO-06866,PR-06866,SUP-00006,EMP-00046,WH-BLR-01,2026-02-18,18422.04,Completed
PO-06867,PR-06867,SUP-00045,EMP-00052,WH-HYD-01,2026-02-15,157478.02,Completed
PO-06868,PR-06868,SUP-00038,EMP-00057,WH-MYS-01,2026-02-17,67516.0,Completed
PO-06869,PR-06869,SUP-00023,EMP-00042,WH-CHN-01,2026-03-24,12895.41,Completed
PO-06870,PR-06870,SUP-00027,EMP-00093,WH-HYD-01,2026-04-13,222304.68,Delayed
PO-06871,PR-06871,SUP-00050,EMP-00013,WH-CHN-01,2026-02-09,58166.64,Completed
PO-06872,PR-06872,SUP-00047,EMP-00042,WH-HYD-01,2026-03-14,75060.18,Delayed
PO-06873,PR-06873,SUP-00008,EMP-00006,WH-MYS-01,2026-01-19,206856.8,Completed
PO-06874,PR-06874,SUP-00009,EMP-00097,WH-BLR-01,2026-03-25,272266.58,Completed
PO-06875,PR-06875,SUP-00007,EMP-00023,WH-BLR-01,2026-04-22,158887.3,Completed
PO-06876,PR-06876,SUP-00009,EMP-00094,WH-CHN-01,2026-03-17,74174.85,Completed
PO-06877,PR-06877,SUP-00033,EMP-00100,WH-CHN-01,2026-05-13,323746.5,Completed
PO-06878,PR-06878,SUP-00038,EMP-00098,WH-MYS-01,2026-04-30,263105.52,Completed
PO-06879,PR-06879,SUP-00016,EMP-00065,WH-CHN-01,2026-02-06,3013.6,Completed
PO-06880,PR-06880,SUP-00010,EMP-00039,WH-MYS-01,2026-01-08,546053.4,Delayed
PO-06881,PR-06881,SUP-00021,EMP-00050,WH-BLR-01,2026-03-17,273040.26,Delayed
PO-06882,PR-06882,SUP-00028,EMP-00064,WH-CHN-01,2026-01-10,553631.2,Delayed
PO-06883,PR-06883,SUP-00019,EMP-00088,WH-CHN-01,2026-03-31,582006.24,Completed
PO-06884,PR-06884,SUP-00050,EMP-00025,WH-MYS-01,2026-06-01,77087.68,Completed
PO-06885,PR-06885,SUP-00028,EMP-00076,WH-CHN-01,2026-02-28,158539.26,Completed
PO-06886,PR-06886,SUP-00028,EMP-00004,WH-CHN-01,2026-05-21,89074.78,Completed
PO-06887,PR-06887,SUP-00001,EMP-00061,WH-HYD-01,2026-05-22,444112.2,Delayed
PO-06888,PR-06888,SUP-00038,EMP-00041,WH-BLR-01,2026-03-03,364586.4,Completed
PO-06889,PR-06889,SUP-00036,EMP-00003,WH-HYD-01,2026-05-11,147005.88,Cancelled
PO-06890,PR-06890,SUP-00005,EMP-00035,WH-MYS-01,2026-01-08,374729.16,Completed
PO-06891,PR-06891,SUP-00025,EMP-00069,WH-CHN-01,2026-04-08,352739.28,Cancelled
PO-06892,PR-06892,SUP-00015,EMP-00001,WH-CHN-01,2026-03-15,158182.81,Cancelled
PO-06893,PR-06893,SUP-00025,EMP-00095,WH-MYS-01,2026-02-19,4725.89,Completed
PO-06894,PR-06894,SUP-00037,EMP-00081,WH-CHN-01,2026-05-10,49407.2,Completed
PO-06895,PR-06895,SUP-00032,EMP-00094,WH-CHN-01,2026-03-23,546021.84,Completed
PO-06896,PR-06896,SUP-00017,EMP-00098,WH-MYS-01,2026-05-15,300893.32,Delayed
PO-06897,PR-06897,SUP-00027,EMP-00061,WH-MYS-01,2026-03-09,426226.63,Delayed
PO-06898,PR-06898,SUP-00008,EMP-00095,WH-BLR-01,2026-06-03,66407.5,Completed
PO-06899,PR-06899,SUP-00013,EMP-00019,WH-CHN-01,2026-05-11,5943.0,Completed
PO-06900,PR-06900,SUP-00050,EMP-00029,WH-MYS-01,2026-04-02,445985.6,Delayed
PO-06901,PR-06901,SUP-00019,EMP-00016,WH-BLR-01,2026-05-10,153397.44,Completed
PO-06902,PR-06902,SUP-00025,EMP-00096,WH-MYS-01,2026-04-10,390540.19,Completed
PO-06903,PR-06903,SUP-00013,EMP-00063,WH-CHN-01,2026-04-02,152737.25,Completed
PO-06904,PR-06904,SUP-00007,EMP-00027,WH-BLR-01,2026-05-09,178067.12,Completed
PO-06905,PR-06905,SUP-00028,EMP-00020,WH-CHN-01,2026-01-21,303134.1,Delayed
PO-06906,PR-06906,SUP-00031,EMP-00037,WH-BLR-01,2026-05-08,67475.4,Completed
PO-06907,PR-06907,SUP-00026,EMP-00078,WH-MYS-01,2026-01-18,487020.6,Delayed
PO-06908,PR-06908,SUP-00005,EMP-00091,WH-CHN-01,2026-03-03,218252.34,Completed
PO-06909,PR-06909,SUP-00012,EMP-00066,WH-MYS-01,2026-02-12,575475.18,Completed
PO-06910,PR-06910,SUP-00036,EMP-00051,WH-HYD-01,2026-03-17,145387.14,Completed
PO-06911,PR-06911,SUP-00007,EMP-00047,WH-HYD-01,2026-02-04,36844.08,Completed
PO-06912,PR-06912,SUP-00041,EMP-00001,WH-MYS-01,2026-01-08,148228.61,Completed
PO-06913,PR-06913,SUP-00035,EMP-00094,WH-HYD-01,2026-05-24,390540.19,Completed
PO-06914,PR-06914,SUP-00047,EMP-00002,WH-MYS-01,2026-01-15,3592.6,Completed
PO-06915,PR-06915,SUP-00040,EMP-00026,WH-CHN-01,2026-05-14,491368.12,Completed
PO-06916,PR-06916,SUP-00005,EMP-00024,WH-HYD-01,2026-04-27,381457.86,Delayed
PO-06917,PR-06917,SUP-00003,EMP-00048,WH-CHN-01,2026-01-08,6167.56,Completed
PO-06918,PR-06918,SUP-00002,EMP-00030,WH-HYD-01,2026-03-05,194414.4,Delayed
PO-06919,PR-06919,SUP-00049,EMP-00049,WH-CHN-01,2026-03-14,78598.24,Completed
PO-06920,PR-06920,SUP-00030,EMP-00039,WH-MYS-01,2026-05-20,220222.8,Completed
PO-06921,PR-06921,SUP-00001,EMP-00019,WH-HYD-01,2026-02-12,207939.16,Completed
PO-06922,PR-06922,SUP-00044,EMP-00009,WH-HYD-01,2026-03-05,14717.72,Completed
PO-06923,PR-06923,SUP-00011,EMP-00039,WH-CHN-01,2026-01-31,505693.23,Delayed
PO-06924,PR-06924,SUP-00016,EMP-00072,WH-MYS-01,2026-05-27,97297.27,Completed
PO-06925,PR-06925,SUP-00043,EMP-00053,WH-BLR-01,2026-05-24,362060.72,Completed
PO-06926,PR-06926,SUP-00037,EMP-00035,WH-BLR-01,2026-02-10,3152.42,Completed
PO-06927,PR-06927,SUP-00014,EMP-00007,WH-MYS-01,2026-04-07,490583.8,Delayed
PO-06928,PR-06928,SUP-00028,EMP-00099,WH-MYS-01,2026-02-10,1718.2,Completed
PO-06929,PR-06929,SUP-00021,EMP-00099,WH-BLR-01,2026-02-17,183576.6,Completed
PO-06930,PR-06930,SUP-00047,EMP-00044,WH-CHN-01,2026-02-25,86475.96,Delayed
PO-06931,PR-06931,SUP-00004,EMP-00065,WH-CHN-01,2026-05-28,88504.56,Completed
PO-06932,PR-06932,SUP-00040,EMP-00099,WH-CHN-01,2026-06-04,8987.71,Completed
PO-06933,PR-06933,SUP-00037,EMP-00010,WH-BLR-01,2026-04-06,378015.12,Delayed
PO-06934,PR-06934,SUP-00030,EMP-00091,WH-BLR-01,2026-02-10,257756.73,Completed
PO-06935,PR-06935,SUP-00026,EMP-00027,WH-MYS-01,2026-04-30,407663.1,Completed
PO-06936,PR-06936,SUP-00015,EMP-00072,WH-CHN-01,2026-01-23,53187.22,Completed
PO-06937,PR-06937,SUP-00018,EMP-00055,WH-BLR-01,2026-02-09,48030.96,Completed
PO-06938,PR-06938,SUP-00048,EMP-00012,WH-BLR-01,2026-04-04,309072.12,Completed
PO-06939,PR-06939,SUP-00033,EMP-00096,WH-HYD-01,2026-05-25,407037.54,Completed
PO-06940,PR-06940,SUP-00009,EMP-00089,WH-BLR-01,2026-05-26,236929.85,Completed
PO-06941,PR-06941,SUP-00033,EMP-00025,WH-CHN-01,2026-05-23,70761.25,Delayed
PO-06942,PR-06942,SUP-00015,EMP-00061,WH-BLR-01,2026-04-04,134556.8,Completed
PO-06943,PR-06943,SUP-00022,EMP-00095,WH-CHN-01,2026-04-13,222112.21,Completed
PO-06944,PR-06944,SUP-00012,EMP-00095,WH-BLR-01,2026-04-10,344892.96,Completed
PO-06945,PR-06945,SUP-00006,EMP-00012,WH-BLR-01,2026-06-06,16862.93,Completed
PO-06946,PR-06946,SUP-00005,EMP-00070,WH-CHN-01,2026-02-09,268327.02,Completed
PO-06947,PR-06947,SUP-00026,EMP-00061,WH-HYD-01,2026-04-26,17438.66,Delayed
PO-06948,PR-06948,SUP-00013,EMP-00003,WH-MYS-01,2026-04-11,67672.5,Delayed
PO-06949,PR-06949,SUP-00031,EMP-00024,WH-MYS-01,2026-05-07,126423.6,Completed
PO-06950,PR-06950,SUP-00002,EMP-00058,WH-MYS-01,2026-05-14,93000.5,Completed
PO-06951,PR-06951,SUP-00010,EMP-00080,WH-MYS-01,2026-01-27,368272.06,Completed
PO-06952,PR-06952,SUP-00040,EMP-00022,WH-MYS-01,2026-04-30,34480.56,Completed
PO-06953,PR-06953,SUP-00015,EMP-00010,WH-CHN-01,2026-02-18,6257.32,Completed
PO-06954,PR-06954,SUP-00040,EMP-00085,WH-MYS-01,2026-02-07,466594.56,Completed
PO-06955,PR-06955,SUP-00015,EMP-00060,WH-MYS-01,2026-03-06,1327.7,Completed
PO-06956,PR-06956,SUP-00007,EMP-00005,WH-MYS-01,2026-03-07,295164.0,Completed
PO-06957,PR-06957,SUP-00041,EMP-00003,WH-CHN-01,2026-02-22,42053.76,Completed
PO-06958,PR-06958,SUP-00024,EMP-00050,WH-HYD-01,2026-06-05,457123.68,Completed
PO-06959,PR-06959,SUP-00038,EMP-00069,WH-HYD-01,2026-05-25,59339.88,Completed
PO-06960,PR-06960,SUP-00008,EMP-00068,WH-HYD-01,2026-02-27,7014.16,Delayed
PO-06961,PR-06961,SUP-00013,EMP-00084,WH-BLR-01,2026-03-25,184220.4,Completed
PO-06962,PR-06962,SUP-00020,EMP-00064,WH-HYD-01,2026-05-11,336750.77,Delayed
PO-06963,PR-06963,SUP-00005,EMP-00058,WH-HYD-01,2026-05-25,78326.96,Cancelled
PO-06964,PR-06964,SUP-00034,EMP-00002,WH-CHN-01,2026-05-03,287885.4,Completed
PO-06965,PR-06965,SUP-00047,EMP-00054,WH-CHN-01,2026-01-26,376300.35,Delayed
PO-06966,PR-06966,SUP-00032,EMP-00077,WH-MYS-01,2026-04-17,60340.98,Completed
PO-06967,PR-06967,SUP-00004,EMP-00095,WH-HYD-01,2026-04-18,159603.36,Completed
PO-06968,PR-06968,SUP-00021,EMP-00045,WH-BLR-01,2026-01-14,92110.2,Delayed
PO-06969,PR-06969,SUP-00014,EMP-00074,WH-BLR-01,2026-04-23,101764.74,Delayed
PO-06970,PR-06970,SUP-00050,EMP-00081,WH-MYS-01,2026-05-20,34897.39,Completed
PO-06971,PR-06971,SUP-00009,EMP-00019,WH-MYS-01,2026-04-17,205136.4,Delayed
PO-06972,PR-06972,SUP-00015,EMP-00044,WH-MYS-01,2026-01-26,31957.8,Completed
PO-06973,PR-06973,SUP-00027,EMP-00068,WH-HYD-01,2026-04-02,13963.97,Completed
PO-06974,PR-06974,SUP-00031,EMP-00071,WH-MYS-01,2026-05-07,31959.98,Completed
PO-06975,PR-06975,SUP-00042,EMP-00056,WH-CHN-01,2026-03-01,412810.8,Completed
PO-06976,PR-06976,SUP-00018,EMP-00031,WH-HYD-01,2026-06-01,296891.76,Completed
PO-06977,PR-06977,SUP-00002,EMP-00003,WH-CHN-01,2026-03-05,129092.4,Completed
PO-06978,PR-06978,SUP-00046,EMP-00004,WH-CHN-01,2026-03-25,119533.5,Completed
PO-06979,PR-06979,SUP-00021,EMP-00040,WH-CHN-01,2026-02-25,77581.26,Completed
PO-06980,PR-06980,SUP-00004,EMP-00046,WH-BLR-01,2026-04-04,352366.17,Delayed
PO-06981,PR-06981,SUP-00050,EMP-00069,WH-BLR-01,2026-04-15,64019.45,Completed
PO-06982,PR-06982,SUP-00022,EMP-00071,WH-MYS-01,2026-01-25,63111.84,Completed
PO-06983,PR-06983,SUP-00034,EMP-00099,WH-HYD-01,2026-03-21,114638.56,Completed
PO-06984,PR-06984,SUP-00034,EMP-00054,WH-CHN-01,2026-01-05,252248.38,Completed
PO-06985,PR-06985,SUP-00034,EMP-00072,WH-CHN-01,2026-03-08,85969.52,Cancelled
PO-06986,PR-06986,SUP-00030,EMP-00026,WH-CHN-01,2026-04-02,576506.4,Completed
PO-06987,PR-06987,SUP-00006,EMP-00044,WH-CHN-01,2026-02-01,10345.35,Completed
PO-06988,PR-06988,SUP-00007,EMP-00054,WH-CHN-01,2026-05-26,20490.73,Completed
PO-06989,PR-06989,SUP-00042,EMP-00073,WH-CHN-01,2026-05-12,111178.8,Completed
PO-06990,PR-06990,SUP-00021,EMP-00072,WH-HYD-01,2026-01-31,530630.86,Completed
PO-06991,PR-06991,SUP-00042,EMP-00083,WH-MYS-01,2026-06-06,140090.3,Completed
PO-06992,PR-06992,SUP-00011,EMP-00024,WH-BLR-01,2026-04-10,407663.1,Completed
PO-06993,PR-06993,SUP-00007,EMP-00028,WH-CHN-01,2026-05-16,488598.36,Delayed
PO-06994,PR-06994,SUP-00025,EMP-00089,WH-BLR-01,2026-05-26,88836.88,Cancelled
PO-06995,PR-06995,SUP-00018,EMP-00100,WH-HYD-01,2026-01-12,245262.5,Completed
PO-06996,PR-06996,SUP-00045,EMP-00046,WH-HYD-01,2026-01-03,245105.16,Completed
PO-06997,PR-06997,SUP-00009,EMP-00095,WH-CHN-01,2026-02-06,77460.6,Delayed
PO-06998,PR-06998,SUP-00017,EMP-00083,WH-MYS-01,2026-03-03,497130.33,Delayed
PO-06999,PR-06999,SUP-00028,EMP-00068,WH-HYD-01,2026-02-08,193651.5,Delayed
PO-07000,PR-07000,SUP-00040,EMP-00034,WH-BLR-01,2026-01-21,8423.19,Completed
PO-07001,PR-07001,SUP-00005,EMP-00088,WH-HYD-01,2026-03-11,135613.3,Completed
PO-07002,PR-07002,SUP-00011,EMP-00099,WH-MYS-01,2026-03-10,14036.69,Completed
PO-07003,PR-07003,SUP-00013,EMP-00035,WH-CHN-01,2026-03-27,8987.71,Delayed
PO-07004,PR-07004,SUP-00021,EMP-00001,WH-CHN-01,2026-03-20,41811.6,Completed
PO-07005,PR-07005,SUP-00023,EMP-00014,WH-MYS-01,2026-02-13,27571.38,Completed
PO-07006,PR-07006,SUP-00047,EMP-00022,WH-MYS-01,2026-02-03,574821.6,Delayed
PO-07007,PR-07007,SUP-00002,EMP-00033,WH-MYS-01,2026-04-28,365325.24,Cancelled
PO-07008,PR-07008,SUP-00038,EMP-00012,WH-MYS-01,2026-04-05,381385.8,Completed
PO-07009,PR-07009,SUP-00007,EMP-00036,WH-MYS-01,2026-02-14,220222.8,Completed
PO-07010,PR-07010,SUP-00028,EMP-00011,WH-MYS-01,2026-05-26,247686.48,Delayed
PO-07011,PR-07011,SUP-00008,EMP-00067,WH-HYD-01,2026-02-11,12504.64,Completed
PO-07012,PR-07012,SUP-00041,EMP-00009,WH-HYD-01,2026-04-28,37314.27,Completed
PO-07013,PR-07013,SUP-00043,EMP-00021,WH-CHN-01,2026-04-28,266467.32,Completed
PO-07014,PR-07014,SUP-00005,EMP-00026,WH-BLR-01,2026-01-16,142238.14,Completed
PO-07015,PR-07015,SUP-00035,EMP-00033,WH-HYD-01,2026-03-09,566793.36,Delayed
PO-07016,PR-07016,SUP-00008,EMP-00020,WH-HYD-01,2026-02-23,88797.52,Delayed
PO-07017,PR-07017,SUP-00030,EMP-00036,WH-MYS-01,2026-03-19,362988.5,Completed
PO-07018,PR-07018,SUP-00025,EMP-00033,WH-HYD-01,2026-04-29,159378.0,Completed
PO-07019,PR-07019,SUP-00038,EMP-00005,WH-HYD-01,2026-02-27,506179.35,Completed
PO-07020,PR-07020,SUP-00021,EMP-00024,WH-CHN-01,2026-02-17,135686.32,Cancelled
PO-07021,PR-07021,SUP-00006,EMP-00039,WH-MYS-01,2026-04-30,460361.12,Completed
PO-07022,PR-07022,SUP-00040,EMP-00075,WH-BLR-01,2026-03-09,215424.9,Delayed
PO-07023,PR-07023,SUP-00036,EMP-00011,WH-BLR-01,2026-05-21,17338.31,Completed
PO-07024,PR-07024,SUP-00048,EMP-00099,WH-CHN-01,2026-02-10,161940.96,Completed
PO-07025,PR-07025,SUP-00012,EMP-00081,WH-BLR-01,2026-05-15,113636.56,Delayed
PO-07026,PR-07026,SUP-00010,EMP-00084,WH-MYS-01,2026-03-12,56890.62,Completed
PO-07027,PR-07027,SUP-00035,EMP-00096,WH-BLR-01,2026-02-02,73170.3,Completed
PO-07028,PR-07028,SUP-00038,EMP-00026,WH-CHN-01,2026-03-26,392356.16,Completed
PO-07029,PR-07029,SUP-00038,EMP-00007,WH-HYD-01,2026-05-10,7471.2,Completed
PO-07030,PR-07030,SUP-00006,EMP-00016,WH-MYS-01,2026-02-04,44144.04,Completed
PO-07031,PR-07031,SUP-00015,EMP-00042,WH-MYS-01,2026-04-15,560022.4,Completed
PO-07032,PR-07032,SUP-00001,EMP-00080,WH-BLR-01,2026-03-08,214982.38,Completed
PO-07033,PR-07033,SUP-00029,EMP-00016,WH-BLR-01,2026-03-30,56654.76,Completed
PO-07034,PR-07034,SUP-00013,EMP-00069,WH-CHN-01,2026-04-04,165428.28,Completed
PO-07035,PR-07035,SUP-00026,EMP-00035,WH-BLR-01,2026-02-14,34676.62,Completed
PO-07036,PR-07036,SUP-00036,EMP-00010,WH-BLR-01,2026-06-12,317881.55,Completed
PO-07037,PR-07037,SUP-00039,EMP-00030,WH-CHN-01,2026-04-20,388004.16,Delayed
PO-07038,PR-07038,SUP-00002,EMP-00029,WH-BLR-01,2026-05-31,425351.22,Cancelled
PO-07039,PR-07039,SUP-00017,EMP-00093,WH-MYS-01,2026-06-11,163481.94,Completed
PO-07040,PR-07040,SUP-00041,EMP-00038,WH-HYD-01,2026-03-15,4204.9,Completed
PO-07041,PR-07041,SUP-00025,EMP-00054,WH-MYS-01,2026-01-28,215651.12,Delayed
PO-07042,PR-07042,SUP-00041,EMP-00091,WH-CHN-01,2026-04-27,455621.57,Completed
PO-07043,PR-07043,SUP-00033,EMP-00005,WH-HYD-01,2026-04-24,429831.15,Delayed
PO-07044,PR-07044,SUP-00044,EMP-00081,WH-CHN-01,2026-02-25,18694.12,Completed
PO-07045,PR-07045,SUP-00050,EMP-00087,WH-CHN-01,2026-04-15,184220.4,Completed
PO-07046,PR-07046,SUP-00030,EMP-00072,WH-CHN-01,2026-04-07,15621.62,Completed
PO-07047,PR-07047,SUP-00014,EMP-00081,WH-CHN-01,2026-05-12,383900.56,Delayed
PO-07048,PR-07048,SUP-00020,EMP-00065,WH-HYD-01,2026-03-30,486407.25,Cancelled
PO-07049,PR-07049,SUP-00020,EMP-00026,WH-HYD-01,2026-05-30,61770.06,Delayed
PO-07050,PR-07050,SUP-00043,EMP-00064,WH-HYD-01,2026-02-25,164740.28,Completed
PO-07051,PR-07051,SUP-00008,EMP-00088,WH-CHN-01,2026-02-15,330437.88,Completed
PO-07052,PR-07052,SUP-00017,EMP-00040,WH-HYD-01,2026-02-21,46485.25,Completed
PO-07053,PR-07053,SUP-00013,EMP-00071,WH-BLR-01,2026-01-30,176994.95,Delayed
PO-07054,PR-07054,SUP-00010,EMP-00065,WH-BLR-01,2026-03-25,4204.9,Completed
PO-07055,PR-07055,SUP-00049,EMP-00006,WH-CHN-01,2026-05-27,60253.6,Completed
PO-07056,PR-07056,SUP-00016,EMP-00028,WH-HYD-01,2026-03-23,10345.35,Delayed
PO-07057,PR-07057,SUP-00038,EMP-00085,WH-HYD-01,2026-01-22,374927.95,Completed
PO-07058,PR-07058,SUP-00010,EMP-00081,WH-CHN-01,2026-03-02,184187.3,Completed
PO-07059,PR-07059,SUP-00007,EMP-00072,WH-HYD-01,2026-01-08,72750.78,Completed
PO-07060,PR-07060,SUP-00023,EMP-00022,WH-CHN-01,2026-02-18,188121.26,Delayed
PO-07061,PR-07061,SUP-00018,EMP-00066,WH-CHN-01,2026-05-30,37549.49,Delayed
PO-07062,PR-07062,SUP-00008,EMP-00019,WH-MYS-01,2026-05-12,73648.68,Completed
PO-07063,PR-07063,SUP-00046,EMP-00072,WH-BLR-01,2026-02-12,18131.63,Delayed
PO-07064,PR-07064,SUP-00007,EMP-00086,WH-CHN-01,2026-05-08,512813.04,Completed
PO-07065,PR-07065,SUP-00049,EMP-00097,WH-CHN-01,2026-03-21,27587.6,Completed
PO-07066,PR-07066,SUP-00001,EMP-00026,WH-HYD-01,2026-04-02,22234.68,Completed
PO-07067,PR-07067,SUP-00045,EMP-00024,WH-HYD-01,2026-02-26,5943.0,Completed
PO-07068,PR-07068,SUP-00017,EMP-00014,WH-MYS-01,2026-03-10,29501.52,Delayed
PO-07069,PR-07069,SUP-00040,EMP-00074,WH-MYS-01,2026-05-03,113003.2,Completed
PO-07070,PR-07070,SUP-00020,EMP-00087,WH-CHN-01,2026-03-02,79312.25,Completed
PO-07071,PR-07071,SUP-00024,EMP-00029,WH-HYD-01,2026-03-13,67436.25,Delayed
PO-07072,PR-07072,SUP-00040,EMP-00067,WH-HYD-01,2026-01-29,265315.43,Cancelled
PO-07073,PR-07073,SUP-00050,EMP-00011,WH-MYS-01,2026-02-14,25229.4,Completed
PO-07074,PR-07074,SUP-00003,EMP-00021,WH-BLR-01,2026-01-10,233464.14,Delayed
PO-07075,PR-07075,SUP-00037,EMP-00051,WH-CHN-01,2026-03-10,316151.88,Completed
PO-07076,PR-07076,SUP-00012,EMP-00015,WH-MYS-01,2026-04-23,349129.98,Delayed
PO-07077,PR-07077,SUP-00002,EMP-00048,WH-MYS-01,2026-03-27,319815.21,Delayed
PO-07078,PR-07078,SUP-00026,EMP-00097,WH-MYS-01,2026-02-26,94821.54,Completed
PO-07079,PR-07079,SUP-00005,EMP-00074,WH-HYD-01,2026-05-01,93950.61,Delayed
PO-07080,PR-07080,SUP-00033,EMP-00058,WH-BLR-01,2026-04-27,168726.45,Completed
PO-07081,PR-07081,SUP-00020,EMP-00088,WH-MYS-01,2026-05-10,13104.11,Completed
PO-07082,PR-07082,SUP-00036,EMP-00041,WH-MYS-01,2026-01-23,51231.2,Cancelled
PO-07083,PR-07083,SUP-00040,EMP-00097,WH-BLR-01,2026-01-06,180665.55,Completed
PO-07084,PR-07084,SUP-00049,EMP-00030,WH-HYD-01,2026-02-22,44248.26,Delayed
PO-07085,PR-07085,SUP-00003,EMP-00013,WH-MYS-01,2026-02-07,165798.36,Delayed
PO-07086,PR-07086,SUP-00014,EMP-00057,WH-HYD-01,2026-05-01,274175.0,Completed
PO-07087,PR-07087,SUP-00023,EMP-00092,WH-CHN-01,2026-03-03,317134.0,Completed
PO-07088,PR-07088,SUP-00040,EMP-00068,WH-CHN-01,2026-05-08,18914.52,Completed
PO-07089,PR-07089,SUP-00048,EMP-00029,WH-MYS-01,2026-02-20,193961.1,Completed
PO-07090,PR-07090,SUP-00043,EMP-00074,WH-BLR-01,2026-01-30,617933.22,Delayed
PO-07091,PR-07091,SUP-00032,EMP-00069,WH-HYD-01,2026-06-02,565016.0,Completed
PO-07092,PR-07092,SUP-00023,EMP-00048,WH-MYS-01,2026-02-04,245780.46,Completed
PO-07093,PR-07093,SUP-00022,EMP-00029,WH-CHN-01,2026-05-27,73000.98,Completed
PO-07094,PR-07094,SUP-00009,EMP-00070,WH-BLR-01,2026-05-16,169597.68,Completed
PO-07095,PR-07095,SUP-00040,EMP-00004,WH-HYD-01,2026-03-22,64642.75,Completed
PO-07096,PR-07096,SUP-00040,EMP-00011,WH-BLR-01,2026-02-18,154587.69,Completed
PO-07097,PR-07097,SUP-00043,EMP-00022,WH-BLR-01,2026-05-25,197232.57,Completed
PO-07098,PR-07098,SUP-00017,EMP-00062,WH-BLR-01,2026-03-13,70627.0,Completed
PO-07099,PR-07099,SUP-00036,EMP-00096,WH-HYD-01,2026-02-07,148037.4,Delayed
PO-07100,PR-07100,SUP-00007,EMP-00065,WH-BLR-01,2026-06-09,66585.12,Completed
PO-07101,PR-07101,SUP-00047,EMP-00007,WH-MYS-01,2026-04-30,200165.28,Completed
PO-07102,PR-07102,SUP-00036,EMP-00029,WH-BLR-01,2026-03-10,44470.5,Completed
PO-07103,PR-07103,SUP-00033,EMP-00089,WH-MYS-01,2026-03-10,432883.07,Delayed
PO-07104,PR-07104,SUP-00026,EMP-00004,WH-CHN-01,2026-05-23,371529.72,Cancelled
PO-07105,PR-07105,SUP-00007,EMP-00009,WH-HYD-01,2026-04-25,3202.1,Completed
PO-07106,PR-07106,SUP-00003,EMP-00017,WH-HYD-01,2026-02-22,82848.7,Completed
PO-07107,PR-07107,SUP-00017,EMP-00007,WH-CHN-01,2026-03-13,4931.81,Completed
PO-07108,PR-07108,SUP-00011,EMP-00034,WH-HYD-01,2026-02-11,77155.76,Completed
PO-07109,PR-07109,SUP-00036,EMP-00009,WH-MYS-01,2026-06-07,37549.49,Completed
PO-07110,PR-07110,SUP-00001,EMP-00076,WH-MYS-01,2026-05-13,425351.22,Completed
PO-07111,PR-07111,SUP-00037,EMP-00073,WH-BLR-01,2026-06-04,6112.8,Completed
PO-07112,PR-07112,SUP-00050,EMP-00007,WH-BLR-01,2026-04-26,589192.14,Completed
PO-07113,PR-07113,SUP-00038,EMP-00020,WH-MYS-01,2026-04-30,148405.39,Completed
PO-07114,PR-07114,SUP-00043,EMP-00100,WH-MYS-01,2026-04-29,233464.14,Cancelled
PO-07115,PR-07115,SUP-00008,EMP-00011,WH-MYS-01,2026-05-17,81367.98,Completed
PO-07116,PR-07116,SUP-00050,EMP-00100,WH-HYD-01,2026-04-18,470904.0,Completed
PO-07117,PR-07117,SUP-00014,EMP-00045,WH-CHN-01,2026-02-02,227298.39,Completed
PO-07118,PR-07118,SUP-00046,EMP-00009,WH-MYS-01,2026-01-15,38413.25,Completed
PO-07119,PR-07119,SUP-00049,EMP-00035,WH-BLR-01,2026-05-06,88056.76,Completed
PO-07120,PR-07120,SUP-00035,EMP-00022,WH-CHN-01,2026-04-08,217313.04,Completed
PO-07121,PR-07121,SUP-00027,EMP-00016,WH-HYD-01,2026-03-03,77581.26,Completed
PO-07122,PR-07122,SUP-00015,EMP-00091,WH-BLR-01,2026-04-27,20490.73,Completed
PO-07123,PR-07123,SUP-00041,EMP-00075,WH-HYD-01,2026-02-12,12274.78,Delayed
PO-07124,PR-07124,SUP-00038,EMP-00010,WH-BLR-01,2026-02-07,118065.6,Delayed
PO-07125,PR-07125,SUP-00033,EMP-00027,WH-MYS-01,2026-01-27,317977.0,Completed
PO-07126,PR-07126,SUP-00036,EMP-00091,WH-BLR-01,2026-04-05,138761.7,Completed
PO-07127,PR-07127,SUP-00012,EMP-00088,WH-MYS-01,2026-03-14,50734.4,Completed
PO-07128,PR-07128,SUP-00016,EMP-00013,WH-BLR-01,2026-01-26,21322.44,Completed
PO-07129,PR-07129,SUP-00023,EMP-00022,WH-HYD-01,2026-04-19,227714.41,Completed
PO-07130,PR-07130,SUP-00012,EMP-00037,WH-MYS-01,2026-05-03,197628.8,Completed
PO-07131,PR-07131,SUP-00027,EMP-00100,WH-HYD-01,2026-03-23,75061.98,Completed
PO-07132,PR-07132,SUP-00007,EMP-00070,WH-MYS-01,2026-05-14,29501.52,Cancelled
PO-07133,PR-07133,SUP-00034,EMP-00003,WH-MYS-01,2026-01-28,159574.0,Delayed
PO-07134,PR-07134,SUP-00029,EMP-00049,WH-HYD-01,2026-04-06,220571.04,Completed
PO-07135,PR-07135,SUP-00025,EMP-00004,WH-MYS-01,2026-03-23,28277.29,Completed
PO-07136,PR-07136,SUP-00039,EMP-00096,WH-BLR-01,2026-03-31,550187.68,Completed
PO-07137,PR-07137,SUP-00046,EMP-00053,WH-MYS-01,2026-02-03,300403.32,Completed
PO-07138,PR-07138,SUP-00013,EMP-00100,WH-BLR-01,2026-03-13,560022.4,Completed
PO-07139,PR-07139,SUP-00018,EMP-00085,WH-CHN-01,2026-02-24,522645.0,Completed
PO-07140,PR-07140,SUP-00047,EMP-00069,WH-CHN-01,2026-01-27,17242.25,Completed
PO-07141,PR-07141,SUP-00030,EMP-00023,WH-MYS-01,2026-05-27,351486.45,Completed
PO-07142,PR-07142,SUP-00021,EMP-00063,WH-BLR-01,2026-01-13,75317.0,Delayed
PO-07143,PR-07143,SUP-00029,EMP-00074,WH-HYD-01,2026-05-21,3045.9,Completed
PO-07144,PR-07144,SUP-00023,EMP-00064,WH-HYD-01,2026-03-09,141254.0,Delayed
PO-07145,PR-07145,SUP-00041,EMP-00011,WH-CHN-01,2026-05-12,364367.16,Delayed
PO-07146,PR-07146,SUP-00003,EMP-00007,WH-HYD-01,2026-02-14,191454.92,Cancelled
PO-07147,PR-07147,SUP-00033,EMP-00062,WH-CHN-01,2026-01-31,96359.6,Completed
PO-07148,PR-07148,SUP-00015,EMP-00034,WH-MYS-01,2026-01-24,216981.28,Delayed
PO-07149,PR-07149,SUP-00023,EMP-00043,WH-HYD-01,2026-02-02,174685.51,Completed
PO-07150,PR-07150,SUP-00019,EMP-00022,WH-HYD-01,2026-05-14,43111.62,Delayed
PO-07151,PR-07151,SUP-00040,EMP-00014,WH-CHN-01,2026-04-30,39405.25,Cancelled
PO-07152,PR-07152,SUP-00043,EMP-00087,WH-HYD-01,2026-03-18,133399.44,Completed
PO-07153,PR-07153,SUP-00049,EMP-00033,WH-BLR-01,2026-04-29,33745.29,Delayed
PO-07154,PR-07154,SUP-00030,EMP-00054,WH-MYS-01,2026-01-30,425351.22,Delayed
PO-07155,PR-07155,SUP-00017,EMP-00037,WH-CHN-01,2026-04-16,131219.52,Delayed
PO-07156,PR-07156,SUP-00019,EMP-00035,WH-BLR-01,2026-02-20,349945.92,Completed
PO-07157,PR-07157,SUP-00029,EMP-00074,WH-BLR-01,2026-03-19,323746.5,Completed
PO-07158,PR-07158,SUP-00041,EMP-00053,WH-MYS-01,2026-05-16,351080.59,Completed
PO-07159,PR-07159,SUP-00027,EMP-00085,WH-CHN-01,2026-01-05,143102.3,Completed
PO-07160,PR-07160,SUP-00004,EMP-00037,WH-MYS-01,2026-05-23,58266.45,Completed
PO-07161,PR-07161,SUP-00022,EMP-00011,WH-BLR-01,2026-03-01,233883.66,Completed
PO-07162,PR-07162,SUP-00027,EMP-00095,WH-BLR-01,2026-01-18,355289.76,Completed
PO-07163,PR-07163,SUP-00033,EMP-00065,WH-HYD-01,2026-01-30,213717.12,Completed
PO-07164,PR-07164,SUP-00050,EMP-00049,WH-HYD-01,2026-04-30,314967.12,Completed
PO-07165,PR-07165,SUP-00007,EMP-00092,WH-MYS-01,2026-01-30,7110.96,Completed
PO-07166,PR-07166,SUP-00032,EMP-00018,WH-MYS-01,2026-04-28,36761.84,Completed
PO-07167,PR-07167,SUP-00011,EMP-00001,WH-CHN-01,2026-05-24,207738.0,Completed
PO-07168,PR-07168,SUP-00009,EMP-00049,WH-CHN-01,2026-01-25,87039.63,Delayed
PO-07169,PR-07169,SUP-00037,EMP-00011,WH-HYD-01,2026-05-02,126428.72,Completed
PO-07170,PR-07170,SUP-00021,EMP-00002,WH-CHN-01,2026-02-20,127997.28,Completed
PO-07171,PR-07171,SUP-00022,EMP-00088,WH-HYD-01,2026-06-01,68673.5,Completed
PO-07172,PR-07172,SUP-00006,EMP-00075,WH-CHN-01,2026-03-29,145302.0,Completed
PO-07173,PR-07173,SUP-00013,EMP-00096,WH-BLR-01,2026-03-29,237387.49,Completed
PO-07174,PR-07174,SUP-00042,EMP-00052,WH-HYD-01,2026-05-31,207782.39,Completed
PO-07175,PR-07175,SUP-00045,EMP-00025,WH-BLR-01,2026-01-10,48956.05,Completed
PO-07176,PR-07176,SUP-00039,EMP-00082,WH-HYD-01,2026-04-25,11538.31,Completed
PO-07177,PR-07177,SUP-00025,EMP-00039,WH-CHN-01,2026-03-06,94424.6,Completed
PO-07178,PR-07178,SUP-00045,EMP-00062,WH-HYD-01,2026-02-21,221897.81,Completed
PO-07179,PR-07179,SUP-00038,EMP-00014,WH-MYS-01,2026-05-01,165248.91,Delayed
PO-07180,PR-07180,SUP-00039,EMP-00044,WH-HYD-01,2026-01-17,207252.36,Delayed
PO-07181,PR-07181,SUP-00015,EMP-00083,WH-BLR-01,2026-04-15,47617.05,Cancelled
PO-07182,PR-07182,SUP-00046,EMP-00089,WH-MYS-01,2026-04-02,38878.07,Completed
PO-07183,PR-07183,SUP-00034,EMP-00094,WH-HYD-01,2026-01-19,18829.25,Completed
PO-07184,PR-07184,SUP-00018,EMP-00095,WH-BLR-01,2026-04-16,381843.93,Completed
PO-07185,PR-07185,SUP-00003,EMP-00038,WH-HYD-01,2026-01-27,82416.38,Cancelled
PO-07186,PR-07186,SUP-00004,EMP-00067,WH-BLR-01,2026-05-07,261257.49,Completed
PO-07187,PR-07187,SUP-00040,EMP-00053,WH-BLR-01,2026-02-09,581883.3,Completed
PO-07188,PR-07188,SUP-00034,EMP-00021,WH-CHN-01,2026-01-10,65980.56,Completed
PO-07189,PR-07189,SUP-00016,EMP-00055,WH-MYS-01,2026-03-05,359949.76,Completed
PO-07190,PR-07190,SUP-00035,EMP-00043,WH-MYS-01,2026-02-20,222583.9,Completed
PO-07191,PR-07191,SUP-00003,EMP-00005,WH-MYS-01,2026-05-29,156.2,Completed
PO-07192,PR-07192,SUP-00045,EMP-00014,WH-BLR-01,2026-05-16,597586.05,Completed
PO-07193,PR-07193,SUP-00029,EMP-00054,WH-CHN-01,2026-03-07,737910.0,Completed
PO-07194,PR-07194,SUP-00022,EMP-00085,WH-CHN-01,2026-05-10,55508.04,Delayed
PO-07195,PR-07195,SUP-00015,EMP-00089,WH-HYD-01,2026-05-23,49125.44,Cancelled
PO-07196,PR-07196,SUP-00011,EMP-00073,WH-BLR-01,2026-05-20,179213.97,Completed
PO-07197,PR-07197,SUP-00018,EMP-00024,WH-HYD-01,2026-05-15,379717.24,Delayed
PO-07198,PR-07198,SUP-00027,EMP-00011,WH-MYS-01,2026-04-27,39844.5,Delayed
PO-07199,PR-07199,SUP-00029,EMP-00046,WH-MYS-01,2026-03-14,323268.5,Completed
PO-07200,PR-07200,SUP-00025,EMP-00059,WH-CHN-01,2026-05-25,48030.96,Completed
PO-07201,PR-07201,SUP-00046,EMP-00078,WH-MYS-01,2026-02-27,21380.39,Completed
PO-07202,PR-07202,SUP-00043,EMP-00027,WH-CHN-01,2026-03-11,200994.08,Completed
PO-07203,PR-07203,SUP-00013,EMP-00037,WH-BLR-01,2026-03-22,199747.07,Completed
PO-07204,PR-07204,SUP-00042,EMP-00032,WH-MYS-01,2026-01-16,120449.5,Cancelled
PO-07205,PR-07205,SUP-00050,EMP-00010,WH-CHN-01,2026-05-11,528078.27,Completed
PO-07206,PR-07206,SUP-00019,EMP-00078,WH-BLR-01,2026-04-26,213210.14,Completed
PO-07207,PR-07207,SUP-00040,EMP-00071,WH-CHN-01,2026-03-30,80760.8,Delayed
PO-07208,PR-07208,SUP-00038,EMP-00014,WH-HYD-01,2026-02-27,267905.64,Completed
PO-07209,PR-07209,SUP-00016,EMP-00094,WH-MYS-01,2026-02-01,245642.45,Delayed
PO-07210,PR-07210,SUP-00028,EMP-00090,WH-CHN-01,2026-05-25,242170.0,Completed
PO-07211,PR-07211,SUP-00011,EMP-00063,WH-CHN-01,2026-05-15,142326.55,Completed
PO-07212,PR-07212,SUP-00017,EMP-00072,WH-CHN-01,2026-01-17,254849.71,Completed
PO-07213,PR-07213,SUP-00015,EMP-00073,WH-MYS-01,2026-05-15,236859.84,Completed
PO-07214,PR-07214,SUP-00047,EMP-00005,WH-HYD-01,2026-02-20,6643.09,Cancelled
PO-07215,PR-07215,SUP-00009,EMP-00080,WH-MYS-01,2026-04-04,404219.52,Completed
PO-07216,PR-07216,SUP-00018,EMP-00007,WH-MYS-01,2026-03-24,4452.44,Delayed
PO-07217,PR-07217,SUP-00030,EMP-00066,WH-BLR-01,2026-02-14,18502.68,Completed
PO-07218,PR-07218,SUP-00007,EMP-00039,WH-HYD-01,2026-02-17,41692.05,Completed
PO-07219,PR-07219,SUP-00038,EMP-00035,WH-MYS-01,2026-04-28,11489.22,Completed
PO-07220,PR-07220,SUP-00044,EMP-00054,WH-BLR-01,2026-03-20,215558.1,Delayed
PO-07221,PR-07221,SUP-00012,EMP-00057,WH-HYD-01,2026-02-28,124071.21,Completed
PO-07222,PR-07222,SUP-00022,EMP-00060,WH-CHN-01,2026-05-26,4595.23,Completed
PO-07223,PR-07223,SUP-00002,EMP-00020,WH-HYD-01,2026-05-18,169597.68,Completed
PO-07224,PR-07224,SUP-00003,EMP-00050,WH-MYS-01,2026-04-23,46929.9,Completed
PO-07225,PR-07225,SUP-00026,EMP-00039,WH-BLR-01,2026-03-25,114168.24,Completed
PO-07226,PR-07226,SUP-00048,EMP-00001,WH-MYS-01,2026-01-20,25896.2,Completed
PO-07227,PR-07227,SUP-00036,EMP-00080,WH-HYD-01,2026-01-17,45558.24,Completed
PO-07228,PR-07228,SUP-00039,EMP-00015,WH-HYD-01,2026-05-21,45190.2,Cancelled
PO-07229,PR-07229,SUP-00042,EMP-00028,WH-MYS-01,2026-03-22,160680.26,Completed
PO-07230,PR-07230,SUP-00013,EMP-00030,WH-BLR-01,2026-01-15,139171.52,Completed
PO-07231,PR-07231,SUP-00001,EMP-00030,WH-BLR-01,2026-06-03,81740.97,Completed
PO-07232,PR-07232,SUP-00032,EMP-00050,WH-MYS-01,2026-04-04,54394.89,Completed
PO-07233,PR-07233,SUP-00045,EMP-00081,WH-HYD-01,2026-04-13,34585.04,Completed
PO-07234,PR-07234,SUP-00002,EMP-00070,WH-HYD-01,2026-02-15,281049.73,Completed
PO-07235,PR-07235,SUP-00028,EMP-00017,WH-CHN-01,2026-01-23,93729.72,Completed
PO-07236,PR-07236,SUP-00050,EMP-00031,WH-MYS-01,2026-01-11,341326.08,Completed
PO-07237,PR-07237,SUP-00009,EMP-00005,WH-MYS-01,2026-04-24,145369.44,Cancelled
PO-07238,PR-07238,SUP-00033,EMP-00011,WH-HYD-01,2026-01-21,472327.8,Delayed
PO-07239,PR-07239,SUP-00038,EMP-00054,WH-HYD-01,2026-03-12,64041.28,Completed
PO-07240,PR-07240,SUP-00029,EMP-00038,WH-HYD-01,2026-05-25,19311.32,Delayed
PO-07241,PR-07241,SUP-00019,EMP-00043,WH-BLR-01,2026-04-06,116376.66,Completed
PO-07242,PR-07242,SUP-00021,EMP-00020,WH-MYS-01,2026-02-06,325682.28,Completed
PO-07243,PR-07243,SUP-00001,EMP-00058,WH-MYS-01,2026-02-17,37769.84,Completed
PO-07244,PR-07244,SUP-00015,EMP-00021,WH-MYS-01,2026-03-28,51722.96,Completed
PO-07245,PR-07245,SUP-00010,EMP-00077,WH-CHN-01,2026-03-25,40603.5,Completed
PO-07246,PR-07246,SUP-00042,EMP-00091,WH-CHN-01,2026-01-20,437468.08,Completed
PO-07247,PR-07247,SUP-00028,EMP-00069,WH-CHN-01,2026-05-18,94076.1,Completed
PO-07248,PR-07248,SUP-00011,EMP-00072,WH-CHN-01,2026-03-22,381849.99,Delayed
PO-07249,PR-07249,SUP-00042,EMP-00082,WH-BLR-01,2026-05-20,12265.68,Delayed
PO-07250,PR-07250,SUP-00046,EMP-00074,WH-CHN-01,2026-02-26,71959.18,Completed
PO-07251,PR-07251,SUP-00012,EMP-00026,WH-CHN-01,2026-02-21,9512.7,Delayed
PO-07252,PR-07252,SUP-00037,EMP-00081,WH-MYS-01,2026-01-21,44432.08,Completed
PO-07253,PR-07253,SUP-00012,EMP-00100,WH-MYS-01,2026-03-07,228336.48,Completed
PO-07254,PR-07254,SUP-00015,EMP-00078,WH-HYD-01,2026-04-25,213683.75,Completed
PO-07255,PR-07255,SUP-00012,EMP-00022,WH-CHN-01,2026-06-02,550454.52,Completed
PO-07256,PR-07256,SUP-00006,EMP-00057,WH-BLR-01,2026-03-12,59737.99,Completed
PO-07257,PR-07257,SUP-00015,EMP-00089,WH-BLR-01,2026-02-17,303516.97,Completed
PO-07258,PR-07258,SUP-00042,EMP-00028,WH-HYD-01,2026-01-03,121455.72,Cancelled
PO-07259,PR-07259,SUP-00028,EMP-00085,WH-HYD-01,2026-03-06,28056.64,Completed
PO-07260,PR-07260,SUP-00003,EMP-00002,WH-BLR-01,2026-04-20,159070.85,Completed
PO-07261,PR-07261,SUP-00036,EMP-00059,WH-MYS-01,2026-04-27,190361.08,Delayed
PO-07262,PR-07262,SUP-00007,EMP-00086,WH-CHN-01,2026-03-22,43618.75,Delayed
PO-07263,PR-07263,SUP-00044,EMP-00069,WH-CHN-01,2026-02-21,116634.21,Completed
PO-07264,PR-07264,SUP-00026,EMP-00012,WH-MYS-01,2026-05-19,88785.2,Delayed
PO-07265,PR-07265,SUP-00013,EMP-00014,WH-HYD-01,2026-05-01,65980.56,Completed
PO-07266,PR-07266,SUP-00044,EMP-00006,WH-BLR-01,2026-03-30,647388.0,Completed
PO-07267,PR-07267,SUP-00020,EMP-00069,WH-HYD-01,2026-04-04,64284.87,Delayed
PO-07268,PR-07268,SUP-00011,EMP-00007,WH-HYD-01,2026-04-26,272469.9,Completed
PO-07269,PR-07269,SUP-00038,EMP-00073,WH-BLR-01,2026-04-21,155800.59,Completed
PO-07270,PR-07270,SUP-00012,EMP-00017,WH-HYD-01,2026-01-04,57881.72,Completed
PO-07271,PR-07271,SUP-00009,EMP-00041,WH-MYS-01,2026-05-07,370534.56,Delayed
PO-07272,PR-07272,SUP-00041,EMP-00077,WH-MYS-01,2026-03-05,3436.4,Completed
PO-07273,PR-07273,SUP-00005,EMP-00088,WH-MYS-01,2026-03-03,426869.51,Completed
PO-07274,PR-07274,SUP-00041,EMP-00006,WH-CHN-01,2026-03-05,84982.14,Completed
PO-07275,PR-07275,SUP-00037,EMP-00047,WH-BLR-01,2026-04-19,80970.48,Completed
PO-07276,PR-07276,SUP-00023,EMP-00085,WH-MYS-01,2026-01-11,440672.64,Delayed
PO-07277,PR-07277,SUP-00024,EMP-00062,WH-MYS-01,2026-03-14,69170.08,Completed
PO-07278,PR-07278,SUP-00007,EMP-00010,WH-CHN-01,2026-03-24,132823.8,Completed
PO-07279,PR-07279,SUP-00021,EMP-00094,WH-BLR-01,2026-03-04,72930.7,Completed
PO-07280,PR-07280,SUP-00020,EMP-00056,WH-MYS-01,2026-01-10,171003.6,Completed
PO-07281,PR-07281,SUP-00040,EMP-00062,WH-CHN-01,2026-02-13,85710.69,Delayed
PO-07282,PR-07282,SUP-00009,EMP-00089,WH-HYD-01,2026-01-20,244771.75,Completed
PO-07283,PR-07283,SUP-00034,EMP-00001,WH-HYD-01,2026-01-17,222357.6,Completed
PO-07284,PR-07284,SUP-00020,EMP-00038,WH-HYD-01,2026-02-01,161894.92,Cancelled
PO-07285,PR-07285,SUP-00044,EMP-00038,WH-CHN-01,2026-03-26,139509.28,Completed
PO-07286,PR-07286,SUP-00032,EMP-00100,WH-HYD-01,2026-01-11,207446.2,Completed
PO-07287,PR-07287,SUP-00020,EMP-00020,WH-BLR-01,2026-05-28,91665.75,Completed
PO-07288,PR-07288,SUP-00011,EMP-00090,WH-CHN-01,2026-05-23,264967.85,Completed
PO-07289,PR-07289,SUP-00043,EMP-00041,WH-CHN-01,2026-01-05,185961.72,Completed
PO-07290,PR-07290,SUP-00010,EMP-00029,WH-MYS-01,2026-01-06,10513.44,Delayed
PO-07291,PR-07291,SUP-00023,EMP-00072,WH-HYD-01,2026-05-26,26171.4,Cancelled
PO-07292,PR-07292,SUP-00031,EMP-00003,WH-CHN-01,2026-05-14,133954.4,Completed
PO-07293,PR-07293,SUP-00001,EMP-00068,WH-MYS-01,2026-03-26,13186.64,Cancelled
PO-07294,PR-07294,SUP-00045,EMP-00009,WH-BLR-01,2026-05-17,290609.9,Completed
PO-07295,PR-07295,SUP-00029,EMP-00009,WH-HYD-01,2026-05-06,107825.56,Delayed
PO-07296,PR-07296,SUP-00049,EMP-00099,WH-MYS-01,2026-04-11,101087.5,Completed
PO-07297,PR-07297,SUP-00014,EMP-00010,WH-HYD-01,2026-03-30,5554.01,Completed
PO-07298,PR-07298,SUP-00049,EMP-00014,WH-MYS-01,2026-05-23,271775.4,Completed
PO-07299,PR-07299,SUP-00010,EMP-00051,WH-HYD-01,2026-03-12,4944.99,Completed
PO-07300,PR-07300,SUP-00037,EMP-00022,WH-MYS-01,2026-03-03,560451.06,Delayed
PO-07301,PR-07301,SUP-00008,EMP-00097,WH-CHN-01,2026-04-27,197755.6,Completed
PO-07302,PR-07302,SUP-00018,EMP-00078,WH-CHN-01,2026-06-03,228943.44,Completed
PO-07303,PR-07303,SUP-00046,EMP-00099,WH-BLR-01,2026-01-25,5554.01,Completed
PO-07304,PR-07304,SUP-00018,EMP-00060,WH-HYD-01,2026-02-16,33203.75,Completed
PO-07305,PR-07305,SUP-00010,EMP-00016,WH-BLR-01,2026-05-08,30555.25,Completed
PO-07306,PR-07306,SUP-00013,EMP-00095,WH-MYS-01,2026-01-06,187650.45,Completed
PO-07307,PR-07307,SUP-00001,EMP-00065,WH-MYS-01,2026-02-03,10452.9,Completed
PO-07308,PR-07308,SUP-00015,EMP-00026,WH-BLR-01,2026-06-05,88504.56,Delayed
PO-07309,PR-07309,SUP-00046,EMP-00023,WH-CHN-01,2026-06-02,3056.4,Completed
PO-07310,PR-07310,SUP-00009,EMP-00025,WH-HYD-01,2026-04-22,300403.32,Delayed
PO-07311,PR-07311,SUP-00008,EMP-00039,WH-MYS-01,2026-04-27,401425.67,Completed
PO-07312,PR-07312,SUP-00014,EMP-00014,WH-BLR-01,2026-02-26,444787.52,Delayed
PO-07313,PR-07313,SUP-00009,EMP-00049,WH-BLR-01,2026-03-29,402490.53,Completed
PO-07314,PR-07314,SUP-00018,EMP-00070,WH-BLR-01,2026-05-14,94146.25,Completed
PO-07315,PR-07315,SUP-00020,EMP-00032,WH-MYS-01,2026-06-08,131804.75,Delayed
PO-07316,PR-07316,SUP-00037,EMP-00060,WH-MYS-01,2026-04-21,113003.2,Completed
PO-07317,PR-07317,SUP-00014,EMP-00015,WH-CHN-01,2026-05-12,132194.44,Completed
PO-07318,PR-07318,SUP-00019,EMP-00054,WH-CHN-01,2026-04-12,9104.88,Delayed
PO-07319,PR-07319,SUP-00033,EMP-00029,WH-BLR-01,2026-04-28,389125.8,Completed
PO-07320,PR-07320,SUP-00025,EMP-00045,WH-MYS-01,2026-01-14,474774.98,Completed
PO-07321,PR-07321,SUP-00008,EMP-00043,WH-BLR-01,2026-05-04,328048.8,Delayed
PO-07322,PR-07322,SUP-00021,EMP-00092,WH-CHN-01,2026-02-25,317078.52,Completed
PO-07323,PR-07323,SUP-00004,EMP-00086,WH-HYD-01,2026-03-10,6140.68,Completed
PO-07324,PR-07324,SUP-00047,EMP-00003,WH-HYD-01,2026-02-10,75539.68,Completed
PO-07325,PR-07325,SUP-00001,EMP-00047,WH-BLR-01,2026-05-16,287041.26,Completed
PO-07326,PR-07326,SUP-00006,EMP-00067,WH-CHN-01,2026-02-24,8715.96,Delayed
PO-07327,PR-07327,SUP-00045,EMP-00018,WH-BLR-01,2026-04-16,488738.95,Completed
PO-07328,PR-07328,SUP-00017,EMP-00031,WH-BLR-01,2026-04-28,419030.04,Completed
PO-07329,PR-07329,SUP-00033,EMP-00081,WH-HYD-01,2026-05-01,16846.38,Completed
PO-07330,PR-07330,SUP-00006,EMP-00017,WH-CHN-01,2026-03-03,291295.36,Completed
PO-07331,PR-07331,SUP-00050,EMP-00034,WH-BLR-01,2026-01-09,217675.9,Completed
PO-07332,PR-07332,SUP-00020,EMP-00004,WH-CHN-01,2026-05-06,50588.79,Delayed
PO-07333,PR-07333,SUP-00041,EMP-00023,WH-HYD-01,2026-03-07,18884.92,Cancelled
PO-07334,PR-07334,SUP-00049,EMP-00040,WH-CHN-01,2026-02-10,188292.5,Completed
PO-07335,PR-07335,SUP-00003,EMP-00065,WH-CHN-01,2026-02-26,71320.48,Completed
PO-07336,PR-07336,SUP-00016,EMP-00089,WH-BLR-01,2026-01-17,351083.2,Completed
PO-07337,PR-07337,SUP-00032,EMP-00095,WH-BLR-01,2026-01-21,58726.08,Completed
PO-07338,PR-07338,SUP-00045,EMP-00077,WH-CHN-01,2026-03-21,305508.54,Delayed
PO-07339,PR-07339,SUP-00025,EMP-00050,WH-MYS-01,2026-01-31,96913.7,Completed
PO-07340,PR-07340,SUP-00025,EMP-00046,WH-HYD-01,2026-02-01,132744.78,Completed
PO-07341,PR-07341,SUP-00049,EMP-00095,WH-CHN-01,2026-04-11,18502.68,Delayed
PO-07342,PR-07342,SUP-00049,EMP-00020,WH-MYS-01,2026-03-11,258614.8,Completed
PO-07343,PR-07343,SUP-00050,EMP-00079,WH-HYD-01,2026-03-12,230778.45,Delayed
PO-07344,PR-07344,SUP-00042,EMP-00001,WH-MYS-01,2026-01-25,322420.95,Completed
PO-07345,PR-07345,SUP-00009,EMP-00090,WH-BLR-01,2026-03-07,62633.74,Completed
PO-07346,PR-07346,SUP-00001,EMP-00077,WH-BLR-01,2026-04-28,128332.05,Delayed
PO-07347,PR-07347,SUP-00022,EMP-00035,WH-BLR-01,2026-01-18,336199.24,Completed
PO-07348,PR-07348,SUP-00041,EMP-00035,WH-CHN-01,2026-04-17,489543.5,Completed
PO-07349,PR-07349,SUP-00014,EMP-00078,WH-HYD-01,2026-05-14,64642.75,Completed
PO-07350,PR-07350,SUP-00010,EMP-00007,WH-HYD-01,2026-02-12,427367.5,Completed
PO-07351,PR-07351,SUP-00037,EMP-00091,WH-HYD-01,2026-03-01,29810.18,Completed
PO-07352,PR-07352,SUP-00030,EMP-00047,WH-HYD-01,2026-01-23,243018.75,Completed
PO-07353,PR-07353,SUP-00015,EMP-00098,WH-BLR-01,2026-04-16,95127.0,Completed
PO-07354,PR-07354,SUP-00036,EMP-00086,WH-HYD-01,2026-03-22,674362.5,Cancelled
PO-07355,PR-07355,SUP-00046,EMP-00051,WH-BLR-01,2026-03-07,19581.74,Completed
PO-07356,PR-07356,SUP-00006,EMP-00010,WH-MYS-01,2026-05-31,38910.69,Cancelled
PO-07357,PR-07357,SUP-00019,EMP-00065,WH-MYS-01,2026-03-07,54488.25,Completed
PO-07358,PR-07358,SUP-00039,EMP-00052,WH-MYS-01,2026-02-10,25379.92,Completed
PO-07359,PR-07359,SUP-00033,EMP-00091,WH-BLR-01,2026-03-23,484568.5,Completed
PO-07360,PR-07360,SUP-00018,EMP-00085,WH-MYS-01,2026-05-04,183436.11,Completed
PO-07361,PR-07361,SUP-00030,EMP-00013,WH-CHN-01,2026-03-13,77838.84,Completed
PO-07362,PR-07362,SUP-00004,EMP-00035,WH-BLR-01,2026-02-05,518925.6,Delayed
PO-07363,PR-07363,SUP-00035,EMP-00045,WH-HYD-01,2026-05-02,43100.7,Delayed
PO-07364,PR-07364,SUP-00029,EMP-00008,WH-HYD-01,2026-05-27,62334.16,Completed
PO-07365,PR-07365,SUP-00031,EMP-00019,WH-HYD-01,2026-03-11,267837.6,Completed
PO-07366,PR-07366,SUP-00001,EMP-00054,WH-HYD-01,2026-04-04,78850.8,Completed
PO-07367,PR-07367,SUP-00024,EMP-00004,WH-MYS-01,2026-01-31,272374.83,Delayed
PO-07368,PR-07368,SUP-00020,EMP-00079,WH-HYD-01,2026-05-20,452575.9,Completed
PO-07369,PR-07369,SUP-00024,EMP-00065,WH-CHN-01,2026-03-18,119324.79,Completed
PO-07370,PR-07370,SUP-00015,EMP-00023,WH-CHN-01,2026-01-11,133177.8,Delayed
PO-07371,PR-07371,SUP-00010,EMP-00020,WH-CHN-01,2026-03-02,51231.2,Completed
PO-07372,PR-07372,SUP-00019,EMP-00002,WH-MYS-01,2026-02-24,445605.6,Completed
PO-07373,PR-07373,SUP-00040,EMP-00011,WH-HYD-01,2026-03-30,158900.02,Delayed
PO-07374,PR-07374,SUP-00004,EMP-00043,WH-BLR-01,2026-05-09,191746.8,Completed
PO-07375,PR-07375,SUP-00035,EMP-00017,WH-CHN-01,2026-04-28,64550.5,Completed
PO-07376,PR-07376,SUP-00043,EMP-00028,WH-MYS-01,2026-06-09,166768.2,Delayed
PO-07377,PR-07377,SUP-00033,EMP-00024,WH-MYS-01,2026-02-19,170947.0,Delayed
PO-07378,PR-07378,SUP-00015,EMP-00076,WH-BLR-01,2026-03-18,333590.64,Completed
PO-07379,PR-07379,SUP-00031,EMP-00017,WH-BLR-01,2026-05-27,112905.33,Completed
PO-07380,PR-07380,SUP-00019,EMP-00066,WH-BLR-01,2026-03-29,38069.88,Completed
PO-07381,PR-07381,SUP-00013,EMP-00047,WH-CHN-01,2026-01-30,173964.4,Completed
PO-07382,PR-07382,SUP-00047,EMP-00008,WH-HYD-01,2026-04-29,455621.57,Completed
PO-07383,PR-07383,SUP-00045,EMP-00032,WH-MYS-01,2026-06-03,217313.04,Delayed
PO-07384,PR-07384,SUP-00043,EMP-00088,WH-BLR-01,2026-01-06,25566.24,Delayed
PO-07385,PR-07385,SUP-00016,EMP-00054,WH-MYS-01,2026-05-14,188103.96,Delayed
PO-07386,PR-07386,SUP-00021,EMP-00070,WH-BLR-01,2026-02-15,38050.8,Completed
PO-07387,PR-07387,SUP-00023,EMP-00037,WH-BLR-01,2026-03-16,166778.5,Completed
PO-07388,PR-07388,SUP-00010,EMP-00070,WH-BLR-01,2026-03-05,240204.84,Delayed
PO-07389,PR-07389,SUP-00011,EMP-00034,WH-MYS-01,2026-02-16,54347.92,Completed
PO-07390,PR-07390,SUP-00044,EMP-00034,WH-HYD-01,2026-04-19,104848.52,Completed
PO-07391,PR-07391,SUP-00029,EMP-00048,WH-HYD-01,2026-02-25,134981.16,Delayed
PO-07392,PR-07392,SUP-00001,EMP-00059,WH-BLR-01,2026-01-29,197145.74,Completed
PO-07393,PR-07393,SUP-00045,EMP-00043,WH-CHN-01,2026-03-06,40331.42,Completed
PO-07394,PR-07394,SUP-00019,EMP-00079,WH-HYD-01,2026-05-21,104639.7,Completed
PO-07395,PR-07395,SUP-00002,EMP-00035,WH-MYS-01,2026-05-29,36252.83,Completed
PO-07396,PR-07396,SUP-00050,EMP-00010,WH-CHN-01,2026-02-10,24522.26,Cancelled
PO-07397,PR-07397,SUP-00008,EMP-00035,WH-BLR-01,2026-03-20,37769.84,Completed
PO-07398,PR-07398,SUP-00038,EMP-00082,WH-MYS-01,2026-03-19,392988.48,Completed
PO-07399,PR-07399,SUP-00025,EMP-00034,WH-CHN-01,2026-04-02,77252.07,Completed
PO-07400,PR-07400,SUP-00021,EMP-00019,WH-MYS-01,2026-05-13,633606.26,Completed
PO-07401,PR-07401,SUP-00037,EMP-00068,WH-HYD-01,2026-06-05,461185.63,Completed
PO-07402,PR-07402,SUP-00050,EMP-00005,WH-HYD-01,2026-04-06,664119.0,Delayed
PO-07403,PR-07403,SUP-00014,EMP-00060,WH-CHN-01,2026-04-08,184426.66,Completed
PO-07404,PR-07404,SUP-00050,EMP-00064,WH-BLR-01,2026-01-17,3748.8,Completed
PO-07405,PR-07405,SUP-00033,EMP-00003,WH-BLR-01,2026-03-03,225641.5,Completed
PO-07406,PR-07406,SUP-00004,EMP-00095,WH-HYD-01,2026-05-03,426212.78,Completed
PO-07407,PR-07407,SUP-00011,EMP-00009,WH-BLR-01,2026-03-30,222357.6,Delayed
PO-07408,PR-07408,SUP-00029,EMP-00001,WH-HYD-01,2026-03-13,152776.25,Completed
PO-07409,PR-07409,SUP-00001,EMP-00029,WH-HYD-01,2026-03-24,348437.04,Completed
PO-07410,PR-07410,SUP-00037,EMP-00092,WH-HYD-01,2026-03-12,291763.28,Completed
PO-07411,PR-07411,SUP-00048,EMP-00043,WH-BLR-01,2026-02-04,60224.75,Completed
PO-07412,PR-07412,SUP-00003,EMP-00040,WH-BLR-01,2026-03-15,25861.48,Cancelled
PO-07413,PR-07413,SUP-00043,EMP-00018,WH-MYS-01,2026-01-27,4595.23,Delayed
PO-07414,PR-07414,SUP-00047,EMP-00017,WH-HYD-01,2026-05-25,152895.71,Completed
PO-07415,PR-07415,SUP-00034,EMP-00078,WH-BLR-01,2026-05-31,207893.79,Completed
PO-07416,PR-07416,SUP-00042,EMP-00013,WH-CHN-01,2026-06-11,128954.28,Completed
PO-07417,PR-07417,SUP-00018,EMP-00002,WH-BLR-01,2026-02-01,240204.84,Completed
PO-07418,PR-07418,SUP-00021,EMP-00071,WH-MYS-01,2026-03-08,165243.05,Cancelled
PO-07419,PR-07419,SUP-00019,EMP-00008,WH-BLR-01,2026-01-12,509.4,Completed
PO-07420,PR-07420,SUP-00014,EMP-00008,WH-MYS-01,2026-01-14,491235.6,Completed
PO-07421,PR-07421,SUP-00037,EMP-00089,WH-CHN-01,2026-02-21,407166.48,Completed
PO-07422,PR-07422,SUP-00001,EMP-00051,WH-BLR-01,2026-03-17,258251.36,Completed
PO-07423,PR-07423,SUP-00006,EMP-00007,WH-BLR-01,2026-04-23,60224.75,Completed
PO-07424,PR-07424,SUP-00003,EMP-00096,WH-HYD-01,2026-06-02,100593.78,Completed
PO-07425,PR-07425,SUP-00041,EMP-00051,WH-HYD-01,2026-02-16,90874.5,Completed
PO-07426,PR-07426,SUP-00033,EMP-00074,WH-HYD-01,2026-04-14,207893.79,Completed
PO-07427,PR-07427,SUP-00014,EMP-00052,WH-BLR-01,2026-04-28,240131.8,Delayed
PO-07428,PR-07428,SUP-00017,EMP-00003,WH-CHN-01,2026-02-19,22949.76,Completed
PO-07429,PR-07429,SUP-00039,EMP-00077,WH-MYS-01,2026-03-07,15991.83,Completed
PO-07430,PR-07430,SUP-00007,EMP-00012,WH-MYS-01,2026-01-13,44133.88,Completed
PO-07431,PR-07431,SUP-00046,EMP-00053,WH-BLR-01,2026-03-27,16639.56,Completed
PO-07432,PR-07432,SUP-00037,EMP-00097,WH-BLR-01,2026-02-16,228561.84,Delayed
PO-07433,PR-07433,SUP-00038,EMP-00009,WH-BLR-01,2026-04-30,337181.25,Completed
PO-07434,PR-07434,SUP-00005,EMP-00061,WH-HYD-01,2026-01-20,11001.73,Delayed
PO-07435,PR-07435,SUP-00029,EMP-00002,WH-CHN-01,2026-05-11,338041.81,Completed
PO-07436,PR-07436,SUP-00010,EMP-00067,WH-BLR-01,2026-05-30,9667.5,Completed
PO-07437,PR-07437,SUP-00046,EMP-00079,WH-HYD-01,2026-01-22,781.54,Completed
PO-07438,PR-07438,SUP-00047,EMP-00064,WH-BLR-01,2026-03-27,16552.56,Completed
PO-07439,PR-07439,SUP-00026,EMP-00039,WH-MYS-01,2026-04-29,82416.5,Cancelled
PO-07440,PR-07440,SUP-00032,EMP-00096,WH-HYD-01,2026-06-01,318791.52,Completed
PO-07441,PR-07441,SUP-00036,EMP-00027,WH-HYD-01,2026-02-10,49776.72,Delayed
PO-07442,PR-07442,SUP-00036,EMP-00022,WH-BLR-01,2026-05-08,8987.71,Delayed
PO-07443,PR-07443,SUP-00040,EMP-00091,WH-CHN-01,2026-01-29,374927.95,Completed
PO-07444,PR-07444,SUP-00039,EMP-00010,WH-BLR-01,2026-03-12,224329.44,Completed
PO-07445,PR-07445,SUP-00012,EMP-00024,WH-MYS-01,2026-05-28,191995.92,Completed
PO-07446,PR-07446,SUP-00008,EMP-00022,WH-MYS-01,2026-04-04,28277.29,Cancelled
PO-07447,PR-07447,SUP-00012,EMP-00049,WH-CHN-01,2026-04-19,3516.93,Delayed
PO-07448,PR-07448,SUP-00006,EMP-00061,WH-BLR-01,2026-01-29,207782.39,Delayed
PO-07449,PR-07449,SUP-00038,EMP-00058,WH-MYS-01,2026-01-25,459268.32,Delayed
PO-07450,PR-07450,SUP-00005,EMP-00035,WH-CHN-01,2026-01-22,44153.16,Completed
PO-07451,PR-07451,SUP-00029,EMP-00055,WH-HYD-01,2026-05-04,486486.35,Delayed
PO-07452,PR-07452,SUP-00015,EMP-00045,WH-MYS-01,2026-02-28,268327.02,Completed
PO-07453,PR-07453,SUP-00014,EMP-00060,WH-BLR-01,2026-04-10,309608.1,Completed
PO-07454,PR-07454,SUP-00042,EMP-00055,WH-MYS-01,2026-05-13,306528.25,Completed
PO-07455,PR-07455,SUP-00014,EMP-00032,WH-CHN-01,2026-02-15,375289.47,Completed
PO-07456,PR-07456,SUP-00006,EMP-00031,WH-MYS-01,2026-01-24,175144.62,Completed
PO-07457,PR-07457,SUP-00017,EMP-00058,WH-BLR-01,2026-02-13,79496.67,Completed
PO-07458,PR-07458,SUP-00017,EMP-00034,WH-HYD-01,2026-01-30,298349.26,Completed
PO-07459,PR-07459,SUP-00021,EMP-00052,WH-MYS-01,2026-01-24,194553.45,Completed
PO-07460,PR-07460,SUP-00003,EMP-00060,WH-HYD-01,2026-03-27,39054.05,Completed
PO-07461,PR-07461,SUP-00037,EMP-00050,WH-CHN-01,2026-03-14,44133.88,Completed
PO-07462,PR-07462,SUP-00047,EMP-00034,WH-MYS-01,2026-02-10,1188.6,Completed
PO-07463,PR-07463,SUP-00014,EMP-00034,WH-CHN-01,2026-01-20,126347.85,Completed
PO-07464,PR-07464,SUP-00019,EMP-00027,WH-BLR-01,2026-04-15,79697.88,Completed
PO-07465,PR-07465,SUP-00006,EMP-00031,WH-CHN-01,2026-01-14,91665.75,Cancelled
PO-07466,PR-07466,SUP-00019,EMP-00020,WH-HYD-01,2026-01-26,260332.75,Completed
PO-07467,PR-07467,SUP-00036,EMP-00066,WH-BLR-01,2026-01-29,648153.6,Completed
PO-07468,PR-07468,SUP-00017,EMP-00052,WH-BLR-01,2026-01-21,247873.15,Delayed
PO-07469,PR-07469,SUP-00021,EMP-00050,WH-BLR-01,2026-05-31,100796.86,Completed
PO-07470,PR-07470,SUP-00040,EMP-00034,WH-BLR-01,2026-02-08,8241.65,Completed
PO-07471,PR-07471,SUP-00017,EMP-00043,WH-BLR-01,2026-01-31,285141.12,Completed
PO-07472,PR-07472,SUP-00049,EMP-00016,WH-HYD-01,2026-03-25,45318.35,Delayed
PO-07473,PR-07473,SUP-00042,EMP-00017,WH-MYS-01,2026-02-03,119662.9,Completed
PO-07474,PR-07474,SUP-00027,EMP-00059,WH-MYS-01,2026-02-09,501739.2,Completed
PO-07475,PR-07475,SUP-00027,EMP-00095,WH-BLR-01,2026-04-02,321259.05,Completed
PO-07476,PR-07476,SUP-00014,EMP-00005,WH-CHN-01,2026-05-23,10941.56,Completed
PO-07477,PR-07477,SUP-00026,EMP-00043,WH-BLR-01,2026-04-19,304621.59,Cancelled
PO-07478,PR-07478,SUP-00008,EMP-00087,WH-HYD-01,2026-03-09,348999.84,Delayed
PO-07479,PR-07479,SUP-00009,EMP-00031,WH-BLR-01,2026-03-10,611483.4,Cancelled
PO-07480,PR-07480,SUP-00011,EMP-00016,WH-BLR-01,2026-02-03,195907.36,Delayed
PO-07481,PR-07481,SUP-00013,EMP-00019,WH-HYD-01,2026-05-26,255484.46,Completed
PO-07482,PR-07482,SUP-00022,EMP-00002,WH-HYD-01,2026-06-06,502968.9,Completed
PO-07483,PR-07483,SUP-00039,EMP-00065,WH-BLR-01,2026-04-15,661386.15,Completed
PO-07484,PR-07484,SUP-00043,EMP-00097,WH-CHN-01,2026-04-18,47872.2,Completed
PO-07485,PR-07485,SUP-00026,EMP-00097,WH-MYS-01,2026-01-19,2276.22,Completed
PO-07486,PR-07486,SUP-00035,EMP-00056,WH-HYD-01,2026-04-26,645505.0,Completed
PO-07487,PR-07487,SUP-00024,EMP-00094,WH-BLR-01,2026-04-06,215399.14,Completed
PO-07488,PR-07488,SUP-00016,EMP-00057,WH-MYS-01,2026-02-26,140205.9,Completed
PO-07489,PR-07489,SUP-00048,EMP-00067,WH-MYS-01,2026-01-19,517142.0,Completed
PO-07490,PR-07490,SUP-00019,EMP-00036,WH-MYS-01,2026-03-09,400118.12,Completed
PO-07491,PR-07491,SUP-00023,EMP-00003,WH-MYS-01,2026-05-30,117183.64,Cancelled
PO-07492,PR-07492,SUP-00029,EMP-00046,WH-HYD-01,2026-05-18,606774.7,Completed
PO-07493,PR-07493,SUP-00013,EMP-00089,WH-HYD-01,2026-01-16,361209.45,Completed
PO-07494,PR-07494,SUP-00037,EMP-00010,WH-BLR-01,2026-04-02,77530.96,Completed
PO-07495,PR-07495,SUP-00043,EMP-00056,WH-CHN-01,2026-03-19,168575.68,Delayed
PO-07496,PR-07496,SUP-00001,EMP-00058,WH-MYS-01,2026-02-15,382721.68,Completed
PO-07497,PR-07497,SUP-00015,EMP-00066,WH-CHN-01,2026-03-23,31540.32,Delayed
PO-07498,PR-07498,SUP-00036,EMP-00048,WH-BLR-01,2026-04-12,298349.26,Completed
PO-07499,PR-07499,SUP-00021,EMP-00023,WH-HYD-01,2026-01-26,106252.0,Completed
PO-07500,PR-07500,SUP-00002,EMP-00050,WH-MYS-01,2026-03-27,132459.48,Completed
PO-07501,PR-07501,SUP-00045,EMP-00002,WH-BLR-01,2026-02-01,169964.28,Completed
PO-07502,PR-07502,SUP-00018,EMP-00089,WH-MYS-01,2026-02-03,371529.72,Completed
PO-07503,PR-07503,SUP-00029,EMP-00097,WH-HYD-01,2026-01-10,393178.1,Completed
PO-07504,PR-07504,SUP-00028,EMP-00011,WH-CHN-01,2026-01-27,33684.96,Delayed
PO-07505,PR-07505,SUP-00005,EMP-00090,WH-CHN-01,2026-05-20,246729.0,Completed
PO-07506,PR-07506,SUP-00031,EMP-00026,WH-MYS-01,2026-03-19,86935.25,Completed
PO-07507,PR-07507,SUP-00020,EMP-00039,WH-HYD-01,2026-04-06,36163.2,Completed
PO-07508,PR-07508,SUP-00014,EMP-00023,WH-MYS-01,2026-01-08,133408.08,Completed
PO-07509,PR-07509,SUP-00039,EMP-00004,WH-CHN-01,2026-01-16,250805.28,Cancelled
PO-07510,PR-07510,SUP-00033,EMP-00052,WH-HYD-01,2026-03-11,11493.52,Completed
PO-07511,PR-07511,SUP-00050,EMP-00010,WH-MYS-01,2026-04-26,26714.64,Completed
PO-07512,PR-07512,SUP-00021,EMP-00088,WH-CHN-01,2026-02-28,137087.5,Cancelled
PO-07513,PR-07513,SUP-00033,EMP-00018,WH-HYD-01,2026-02-19,4357.98,Completed
PO-07514,PR-07514,SUP-00003,EMP-00032,WH-BLR-01,2026-04-04,172956.62,Delayed
PO-07515,PR-07515,SUP-00050,EMP-00028,WH-HYD-01,2026-04-03,206634.9,Completed
PO-07516,PR-07516,SUP-00001,EMP-00090,WH-CHN-01,2026-06-03,488738.95,Completed
PO-07517,PR-07517,SUP-00041,EMP-00056,WH-HYD-01,2026-04-13,24561.78,Completed
PO-07518,PR-07518,SUP-00048,EMP-00024,WH-MYS-01,2026-02-21,81006.25,Completed
PO-07519,PR-07519,SUP-00005,EMP-00014,WH-MYS-01,2026-02-28,254883.44,Delayed
PO-07520,PR-07520,SUP-00043,EMP-00012,WH-BLR-01,2026-04-26,154399.61,Completed
PO-07521,PR-07521,SUP-00007,EMP-00072,WH-BLR-01,2026-01-17,565016.0,Completed
PO-07522,PR-07522,SUP-00008,EMP-00093,WH-BLR-01,2026-04-30,190361.08,Completed
PO-07523,PR-07523,SUP-00008,EMP-00092,WH-BLR-01,2026-01-20,319639.05,Delayed
PO-07524,PR-07524,SUP-00034,EMP-00049,WH-HYD-01,2026-04-06,311617.46,Completed
PO-07525,PR-07525,SUP-00022,EMP-00021,WH-CHN-01,2026-01-14,34585.04,Completed
PO-07526,PR-07526,SUP-00044,EMP-00013,WH-MYS-01,2026-05-09,110630.7,Delayed
PO-07527,PR-07527,SUP-00049,EMP-00032,WH-BLR-01,2026-02-08,401425.67,Delayed
PO-07528,PR-07528,SUP-00047,EMP-00026,WH-CHN-01,2026-01-24,6140.68,Completed
PO-07529,PR-07529,SUP-00046,EMP-00004,WH-HYD-01,2026-04-19,610259.85,Cancelled
PO-07530,PR-07530,SUP-00006,EMP-00095,WH-MYS-01,2026-05-06,235794.72,Completed
PO-07531,PR-07531,SUP-00003,EMP-00017,WH-CHN-01,2026-05-12,387922.2,Completed
PO-07532,PR-07532,SUP-00039,EMP-00087,WH-CHN-01,2026-04-03,177774.0,Delayed
PO-07533,PR-07533,SUP-00031,EMP-00067,WH-MYS-01,2026-05-29,90370.7,Completed
PO-07534,PR-07534,SUP-00005,EMP-00046,WH-HYD-01,2026-04-15,145302.0,Completed
PO-07535,PR-07535,SUP-00035,EMP-00086,WH-CHN-01,2026-02-08,472586.74,Completed
PO-07536,PR-07536,SUP-00018,EMP-00046,WH-MYS-01,2026-05-29,242770.5,Completed
PO-07537,PR-07537,SUP-00019,EMP-00046,WH-MYS-01,2026-02-16,12719.08,Completed
PO-07538,PR-07538,SUP-00020,EMP-00091,WH-BLR-01,2026-02-03,30555.25,Completed
PO-07539,PR-07539,SUP-00009,EMP-00028,WH-BLR-01,2026-02-05,213328.8,Completed
PO-07540,PR-07540,SUP-00034,EMP-00095,WH-HYD-01,2026-03-26,372053.06,Delayed
PO-07541,PR-07541,SUP-00033,EMP-00054,WH-HYD-01,2026-02-06,9667.5,Completed
PO-07542,PR-07542,SUP-00039,EMP-00010,WH-BLR-01,2026-05-23,6641.49,Completed
PO-07543,PR-07543,SUP-00048,EMP-00048,WH-CHN-01,2026-05-15,257908.56,Delayed
PO-07544,PR-07544,SUP-00006,EMP-00020,WH-MYS-01,2026-03-19,100132.78,Completed
PO-07545,PR-07545,SUP-00010,EMP-00032,WH-HYD-01,2026-03-25,168196.0,Delayed
PO-07546,PR-07546,SUP-00011,EMP-00026,WH-BLR-01,2026-03-26,49986.09,Delayed
PO-07547,PR-07547,SUP-00044,EMP-00047,WH-MYS-01,2026-05-06,18195.75,Delayed
PO-07548,PR-07548,SUP-00032,EMP-00038,WH-MYS-01,2026-02-04,79496.67,Delayed
PO-07549,PR-07549,SUP-00007,EMP-00069,WH-BLR-01,2026-02-27,326204.47,Delayed
PO-07550,PR-07550,SUP-00032,EMP-00091,WH-HYD-01,2026-05-24,118070.29,Cancelled
PO-07551,PR-07551,SUP-00043,EMP-00022,WH-BLR-01,2026-04-13,114152.4,Completed
PO-07552,PR-07552,SUP-00035,EMP-00080,WH-HYD-01,2026-02-16,25269.57,Completed
PO-07553,PR-07553,SUP-00006,EMP-00003,WH-CHN-01,2026-03-22,49123.56,Completed
PO-07554,PR-07554,SUP-00050,EMP-00008,WH-BLR-01,2026-03-30,354210.87,Completed
PO-07555,PR-07555,SUP-00047,EMP-00051,WH-BLR-01,2026-04-22,250805.28,Completed
PO-07556,PR-07556,SUP-00014,EMP-00035,WH-CHN-01,2026-01-09,4204.9,Completed
PO-07557,PR-07557,SUP-00044,EMP-00042,WH-MYS-01,2026-05-27,291891.81,Completed
PO-07558,PR-07558,SUP-00036,EMP-00021,WH-BLR-01,2026-02-11,264267.36,Completed
PO-07559,PR-07559,SUP-00016,EMP-00089,WH-MYS-01,2026-02-24,245208.06,Delayed
PO-07560,PR-07560,SUP-00041,EMP-00096,WH-CHN-01,2026-02-15,18195.75,Completed
PO-07561,PR-07561,SUP-00050,EMP-00017,WH-HYD-01,2026-01-27,580288.44,Completed
PO-07562,PR-07562,SUP-00049,EMP-00014,WH-MYS-01,2026-05-22,616024.64,Cancelled
PO-07563,PR-07563,SUP-00025,EMP-00006,WH-CHN-01,2026-02-18,487891.17,Completed
PO-07564,PR-07564,SUP-00028,EMP-00082,WH-BLR-01,2026-01-24,373634.04,Completed
PO-07565,PR-07565,SUP-00029,EMP-00024,WH-MYS-01,2026-03-13,422226.18,Delayed
PO-07566,PR-07566,SUP-00020,EMP-00068,WH-MYS-01,2026-01-25,135637.9,Completed
PO-07567,PR-07567,SUP-00023,EMP-00028,WH-CHN-01,2026-05-06,222160.4,Delayed
PO-07568,PR-07568,SUP-00006,EMP-00093,WH-CHN-01,2026-03-14,539490.0,Completed
PO-07569,PR-07569,SUP-00019,EMP-00009,WH-MYS-01,2026-02-25,217975.92,Completed
PO-07570,PR-07570,SUP-00042,EMP-00089,WH-BLR-01,2026-04-27,601763.61,Delayed
PO-07571,PR-07571,SUP-00040,EMP-00065,WH-CHN-01,2026-04-30,28035.84,Completed
PO-07572,PR-07572,SUP-00046,EMP-00056,WH-HYD-01,2026-05-19,12281.58,Delayed
PO-07573,PR-07573,SUP-00003,EMP-00046,WH-HYD-01,2026-06-03,577201.83,Delayed
PO-07574,PR-07574,SUP-00034,EMP-00100,WH-BLR-01,2026-05-02,485684.76,Completed
PO-07575,PR-07575,SUP-00045,EMP-00011,WH-BLR-01,2026-03-04,256257.75,Delayed
PO-07576,PR-07576,SUP-00009,EMP-00038,WH-BLR-01,2026-04-01,141776.7,Completed
PO-07577,PR-07577,SUP-00022,EMP-00044,WH-CHN-01,2026-02-17,77155.76,Delayed
PO-07578,PR-07578,SUP-00042,EMP-00074,WH-MYS-01,2026-04-16,244442.0,Completed
PO-07579,PR-07579,SUP-00008,EMP-00032,WH-CHN-01,2026-03-12,257007.24,Completed
PO-07580,PR-07580,SUP-00019,EMP-00050,WH-BLR-01,2026-03-07,460170.89,Completed
PO-07581,PR-07581,SUP-00041,EMP-00049,WH-CHN-01,2026-01-25,34676.62,Completed
PO-07582,PR-07582,SUP-00035,EMP-00023,WH-CHN-01,2026-05-02,18963.54,Delayed
PO-07583,PR-07583,SUP-00015,EMP-00052,WH-BLR-01,2026-04-03,300398.34,Completed
PO-07584,PR-07584,SUP-00015,EMP-00007,WH-BLR-01,2026-05-16,65739.0,Delayed
PO-07585,PR-07585,SUP-00001,EMP-00011,WH-BLR-01,2026-03-08,184213.35,Completed
PO-07586,PR-07586,SUP-00020,EMP-00042,WH-BLR-01,2026-01-05,232452.15,Completed
PO-07587,PR-07587,SUP-00050,EMP-00011,WH-MYS-01,2026-04-06,168099.62,Completed
PO-07588,PR-07588,SUP-00046,EMP-00099,WH-MYS-01,2026-01-16,85859.76,Completed
PO-07589,PR-07589,SUP-00019,EMP-00066,WH-HYD-01,2026-01-28,140005.6,Delayed
PO-07590,PR-07590,SUP-00025,EMP-00015,WH-CHN-01,2026-01-20,232452.15,Completed
PO-07591,PR-07591,SUP-00006,EMP-00019,WH-MYS-01,2026-04-07,492073.2,Completed
PO-07592,PR-07592,SUP-00033,EMP-00023,WH-CHN-01,2026-05-15,234186.22,Completed
PO-07593,PR-07593,SUP-00011,EMP-00005,WH-CHN-01,2026-02-27,53429.28,Completed
PO-07594,PR-07594,SUP-00024,EMP-00056,WH-CHN-01,2026-05-01,147171.5,Completed
PO-07595,PR-07595,SUP-00030,EMP-00055,WH-CHN-01,2026-06-05,158887.3,Completed
PO-07596,PR-07596,SUP-00049,EMP-00068,WH-HYD-01,2026-04-19,240131.8,Completed
PO-07597,PR-07597,SUP-00014,EMP-00048,WH-HYD-01,2026-06-01,33684.96,Completed
PO-07598,PR-07598,SUP-00006,EMP-00003,WH-BLR-01,2026-02-15,193961.1,Completed
PO-07599,PR-07599,SUP-00027,EMP-00098,WH-MYS-01,2026-05-11,285409.08,Completed
PO-07600,PR-07600,SUP-00024,EMP-00013,WH-MYS-01,2026-03-05,51098.23,Delayed
PO-07601,PR-07601,SUP-00033,EMP-00016,WH-MYS-01,2026-05-10,219038.43,Delayed
PO-07602,PR-07602,SUP-00049,EMP-00018,WH-HYD-01,2026-05-08,3514.5,Completed
PO-07603,PR-07603,SUP-00032,EMP-00031,WH-CHN-01,2026-01-23,4298.47,Completed
PO-07604,PR-07604,SUP-00037,EMP-00045,WH-HYD-01,2026-04-09,199222.5,Completed
PO-07605,PR-07605,SUP-00047,EMP-00084,WH-HYD-01,2026-04-21,168575.68,Delayed
PO-07606,PR-07606,SUP-00048,EMP-00039,WH-CHN-01,2026-04-26,202548.0,Completed
PO-07607,PR-07607,SUP-00047,EMP-00057,WH-MYS-01,2026-05-19,382729.69,Cancelled
PO-07608,PR-07608,SUP-00027,EMP-00005,WH-BLR-01,2026-02-04,681080.89,Completed
PO-07609,PR-07609,SUP-00017,EMP-00037,WH-BLR-01,2026-03-27,33324.06,Delayed
PO-07610,PR-07610,SUP-00029,EMP-00032,WH-MYS-01,2026-01-11,59620.36,Delayed
PO-07611,PR-07611,SUP-00006,EMP-00073,WH-BLR-01,2026-04-19,512515.5,Completed
PO-07612,PR-07612,SUP-00012,EMP-00092,WH-MYS-01,2026-02-26,431828.1,Completed
PO-07613,PR-07613,SUP-00012,EMP-00046,WH-HYD-01,2026-03-04,73648.68,Completed
PO-07614,PR-07614,SUP-00020,EMP-00028,WH-CHN-01,2026-03-13,48494.23,Delayed
PO-07615,PR-07615,SUP-00028,EMP-00080,WH-CHN-01,2026-05-16,115030.75,Delayed
PO-07616,PR-07616,SUP-00027,EMP-00053,WH-HYD-01,2026-01-24,327707.28,Completed
PO-07617,PR-07617,SUP-00025,EMP-00005,WH-MYS-01,2026-02-04,389189.08,Completed
PO-07618,PR-07618,SUP-00025,EMP-00047,WH-MYS-01,2026-02-21,1640.1,Cancelled
PO-07619,PR-07619,SUP-00028,EMP-00039,WH-MYS-01,2026-01-14,29394.94,Completed
PO-07620,PR-07620,SUP-00011,EMP-00089,WH-BLR-01,2026-05-11,27069.0,Completed
PO-07621,PR-07621,SUP-00049,EMP-00032,WH-HYD-01,2026-04-06,9904.5,Completed
PO-07622,PR-07622,SUP-00020,EMP-00080,WH-HYD-01,2026-01-30,61990.47,Delayed
PO-07623,PR-07623,SUP-00026,EMP-00080,WH-HYD-01,2026-03-19,24261.0,Delayed
PO-07624,PR-07624,SUP-00042,EMP-00057,WH-BLR-01,2026-01-12,309952.35,Completed
PO-07625,PR-07625,SUP-00031,EMP-00030,WH-BLR-01,2026-03-11,13866.3,Completed
PO-07626,PR-07626,SUP-00005,EMP-00012,WH-CHN-01,2026-02-15,85657.23,Completed
PO-07627,PR-07627,SUP-00024,EMP-00054,WH-HYD-01,2026-05-14,41424.35,Completed
PO-07628,PR-07628,SUP-00041,EMP-00002,WH-CHN-01,2026-01-19,47872.2,Completed
PO-07629,PR-07629,SUP-00047,EMP-00068,WH-CHN-01,2026-05-24,133244.58,Completed
PO-07630,PR-07630,SUP-00049,EMP-00076,WH-BLR-01,2026-05-12,245291.9,Delayed
PO-07631,PR-07631,SUP-00012,EMP-00088,WH-MYS-01,2026-02-16,304448.64,Completed
PO-07632,PR-07632,SUP-00006,EMP-00018,WH-HYD-01,2026-05-13,323694.0,Delayed
PO-07633,PR-07633,SUP-00021,EMP-00037,WH-BLR-01,2026-04-04,166778.5,Completed
PO-07634,PR-07634,SUP-00032,EMP-00044,WH-CHN-01,2026-01-17,391130.25,Completed
PO-07635,PR-07635,SUP-00006,EMP-00020,WH-MYS-01,2026-02-23,255484.46,Completed
PO-07636,PR-07636,SUP-00006,EMP-00014,WH-MYS-01,2026-02-19,409506.63,Completed
PO-07637,PR-07637,SUP-00036,EMP-00035,WH-HYD-01,2026-05-07,277700.5,Completed
PO-07638,PR-07638,SUP-00039,EMP-00005,WH-MYS-01,2026-03-27,185355.24,Completed
PO-07639,PR-07639,SUP-00019,EMP-00016,WH-CHN-01,2026-03-30,136757.6,Completed
PO-07640,PR-07640,SUP-00005,EMP-00065,WH-CHN-01,2026-05-09,128332.05,Delayed
PO-07641,PR-07641,SUP-00019,EMP-00023,WH-HYD-01,2026-02-22,119475.98,Delayed
PO-07642,PR-07642,SUP-00042,EMP-00021,WH-MYS-01,2026-01-08,183199.8,Completed
PO-07643,PR-07643,SUP-00033,EMP-00056,WH-CHN-01,2026-02-15,160833.05,Completed
PO-07644,PR-07644,SUP-00021,EMP-00003,WH-BLR-01,2026-01-21,550441.32,Completed
PO-07645,PR-07645,SUP-00031,EMP-00080,WH-HYD-01,2026-04-06,620570.4,Completed
PO-07646,PR-07646,SUP-00042,EMP-00049,WH-HYD-01,2026-01-22,211898.75,Completed
PO-07647,PR-07647,SUP-00005,EMP-00012,WH-BLR-01,2026-04-17,208893.59,Delayed
PO-07648,PR-07648,SUP-00014,EMP-00045,WH-BLR-01,2026-05-10,278647.29,Completed
PO-07649,PR-07649,SUP-00001,EMP-00007,WH-HYD-01,2026-04-04,13937.05,Completed
PO-07650,PR-07650,SUP-00036,EMP-00076,WH-MYS-01,2026-03-03,101540.53,Completed
PO-07651,PR-07651,SUP-00049,EMP-00024,WH-BLR-01,2026-04-30,133550.34,Completed
PO-07652,PR-07652,SUP-00004,EMP-00046,WH-CHN-01,2026-03-08,44504.91,Completed
PO-07653,PR-07653,SUP-00002,EMP-00076,WH-CHN-01,2026-04-08,40139.11,Completed
PO-07654,PR-07654,SUP-00001,EMP-00071,WH-CHN-01,2026-05-27,209308.44,Completed
PO-07655,PR-07655,SUP-00020,EMP-00052,WH-HYD-01,2026-04-08,72783.0,Completed
PO-07656,PR-07656,SUP-00042,EMP-00064,WH-HYD-01,2026-05-06,240976.08,Cancelled
PO-07657,PR-07657,SUP-00009,EMP-00061,WH-BLR-01,2026-03-23,432379.8,Completed
PO-07658,PR-07658,SUP-00050,EMP-00010,WH-MYS-01,2026-05-19,577201.83,Completed
PO-07659,PR-07659,SUP-00019,EMP-00060,WH-MYS-01,2026-03-25,483588.84,Delayed
PO-07660,PR-07660,SUP-00047,EMP-00086,WH-CHN-01,2026-02-14,73523.51,Delayed
PO-07661,PR-07661,SUP-00014,EMP-00010,WH-CHN-01,2026-04-05,126571.2,Completed
PO-07662,PR-07662,SUP-00023,EMP-00003,WH-BLR-01,2026-02-27,312477.2,Completed
PO-07663,PR-07663,SUP-00014,EMP-00003,WH-HYD-01,2026-04-19,12281.36,Completed
PO-07664,PR-07664,SUP-00018,EMP-00032,WH-HYD-01,2026-03-10,287219.35,Delayed
PO-07665,PR-07665,SUP-00032,EMP-00094,WH-MYS-01,2026-04-21,126423.6,Completed
PO-07666,PR-07666,SUP-00030,EMP-00001,WH-MYS-01,2026-02-17,194553.45,Completed
PO-07667,PR-07667,SUP-00027,EMP-00073,WH-HYD-01,2026-03-05,348999.84,Completed
PO-07668,PR-07668,SUP-00002,EMP-00091,WH-BLR-01,2026-05-15,529314.1,Completed
PO-07669,PR-07669,SUP-00002,EMP-00054,WH-BLR-01,2026-04-14,452012.8,Completed
PO-07670,PR-07670,SUP-00016,EMP-00078,WH-BLR-01,2026-01-14,10513.44,Completed
PO-07671,PR-07671,SUP-00006,EMP-00030,WH-CHN-01,2026-02-26,46929.9,Completed
PO-07672,PR-07672,SUP-00050,EMP-00066,WH-MYS-01,2026-03-20,148203.12,Cancelled
PO-07673,PR-07673,SUP-00003,EMP-00030,WH-HYD-01,2026-05-12,6640.75,Completed
PO-07674,PR-07674,SUP-00036,EMP-00089,WH-BLR-01,2026-02-13,121385.25,Delayed
PO-07675,PR-07675,SUP-00032,EMP-00031,WH-MYS-01,2026-04-07,528099.3,Cancelled
PO-07676,PR-07676,SUP-00005,EMP-00027,WH-CHN-01,2026-05-11,190859.76,Delayed
PO-07677,PR-07677,SUP-00021,EMP-00058,WH-BLR-01,2026-02-14,59576.16,Completed
PO-07678,PR-07678,SUP-00035,EMP-00035,WH-HYD-01,2026-05-04,77234.29,Delayed
PO-07679,PR-07679,SUP-00032,EMP-00077,WH-HYD-01,2026-03-23,404943.48,Delayed
PO-07680,PR-07680,SUP-00046,EMP-00030,WH-MYS-01,2026-06-01,86061.6,Completed
PO-07681,PR-07681,SUP-00037,EMP-00028,WH-CHN-01,2026-01-27,126428.72,Completed
PO-07682,PR-07682,SUP-00012,EMP-00027,WH-MYS-01,2026-04-09,62550.15,Completed
PO-07683,PR-07683,SUP-00027,EMP-00056,WH-CHN-01,2026-04-29,232753.32,Completed
PO-07684,PR-07684,SUP-00030,EMP-00068,WH-MYS-01,2026-04-12,63048.4,Completed
PO-07685,PR-07685,SUP-00019,EMP-00056,WH-CHN-01,2026-02-05,102462.4,Completed
PO-07686,PR-07686,SUP-00028,EMP-00089,WH-BLR-01,2026-03-06,19738.32,Completed
PO-07687,PR-07687,SUP-00040,EMP-00092,WH-HYD-01,2026-06-09,512515.5,Completed
PO-07688,PR-07688,SUP-00020,EMP-00089,WH-CHN-01,2026-02-20,84752.4,Delayed
PO-07689,PR-07689,SUP-00015,EMP-00052,WH-HYD-01,2026-04-09,134443.1,Delayed
PO-07690,PR-07690,SUP-00016,EMP-00009,WH-BLR-01,2026-03-10,36824.34,Completed
PO-07691,PR-07691,SUP-00031,EMP-00014,WH-BLR-01,2026-01-05,86046.1,Completed
PO-07692,PR-07692,SUP-00020,EMP-00079,WH-HYD-01,2026-05-13,181543.04,Completed
PO-07693,PR-07693,SUP-00046,EMP-00030,WH-CHN-01,2026-02-04,273040.26,Completed
PO-07694,PR-07694,SUP-00050,EMP-00018,WH-CHN-01,2026-05-03,136087.72,Completed
PO-07695,PR-07695,SUP-00040,EMP-00022,WH-CHN-01,2026-03-30,227273.12,Completed
PO-07696,PR-07696,SUP-00030,EMP-00067,WH-HYD-01,2026-02-09,268445.52,Completed
PO-07697,PR-07697,SUP-00009,EMP-00069,WH-MYS-01,2026-03-16,280708.0,Completed
PO-07698,PR-07698,SUP-00030,EMP-00032,WH-CHN-01,2026-03-11,46929.9,Cancelled
PO-07699,PR-07699,SUP-00015,EMP-00036,WH-MYS-01,2026-03-11,291763.28,Completed
PO-07700,PR-07700,SUP-00029,EMP-00081,WH-HYD-01,2026-06-06,83622.3,Completed
PO-07701,PR-07701,SUP-00030,EMP-00088,WH-MYS-01,2026-02-08,25642.05,Completed
PO-07702,PR-07702,SUP-00016,EMP-00064,WH-HYD-01,2026-01-06,139509.28,Delayed
PO-07703,PR-07703,SUP-00003,EMP-00029,WH-MYS-01,2026-04-05,38670.0,Completed
PO-07704,PR-07704,SUP-00008,EMP-00071,WH-MYS-01,2026-02-12,240569.12,Completed
PO-07705,PR-07705,SUP-00012,EMP-00041,WH-MYS-01,2026-03-24,614414.68,Completed
PO-07706,PR-07706,SUP-00009,EMP-00089,WH-BLR-01,2026-01-05,54359.74,Completed
PO-07707,PR-07707,SUP-00034,EMP-00099,WH-BLR-01,2026-03-20,294752.64,Completed
PO-07708,PR-07708,SUP-00031,EMP-00058,WH-BLR-01,2026-05-23,91799.04,Completed
PO-07709,PR-07709,SUP-00004,EMP-00064,WH-BLR-01,2026-02-01,169751.82,Completed
PO-07710,PR-07710,SUP-00044,EMP-00054,WH-BLR-01,2026-06-16,32348.0,Delayed
PO-07711,PR-07711,SUP-00030,EMP-00046,WH-CHN-01,2026-06-02,197145.74,Delayed
PO-07712,PR-07712,SUP-00002,EMP-00028,WH-MYS-01,2026-05-15,214920.12,Completed
PO-07713,PR-07713,SUP-00031,EMP-00057,WH-CHN-01,2026-02-14,306528.25,Completed
PO-07714,PR-07714,SUP-00001,EMP-00027,WH-CHN-01,2026-04-01,129731.4,Completed
PO-07715,PR-07715,SUP-00015,EMP-00089,WH-MYS-01,2026-05-10,109349.6,Delayed
PO-07716,PR-07716,SUP-00007,EMP-00041,WH-MYS-01,2026-04-18,123843.24,Delayed
PO-07717,PR-07717,SUP-00025,EMP-00058,WH-BLR-01,2026-01-27,66648.12,Completed
PO-07718,PR-07718,SUP-00046,EMP-00021,WH-BLR-01,2026-03-17,257665.27,Completed
PO-07719,PR-07719,SUP-00018,EMP-00050,WH-MYS-01,2026-03-02,319148.0,Completed
PO-07720,PR-07720,SUP-00005,EMP-00070,WH-MYS-01,2026-03-09,105122.5,Completed
PO-07721,PR-07721,SUP-00017,EMP-00100,WH-MYS-01,2026-04-10,191614.73,Completed
PO-07722,PR-07722,SUP-00017,EMP-00019,WH-CHN-01,2026-05-05,117737.2,Completed
PO-07723,PR-07723,SUP-00010,EMP-00064,WH-HYD-01,2026-03-27,232666.56,Cancelled
PO-07724,PR-07724,SUP-00034,EMP-00010,WH-CHN-01,2026-04-17,556014.53,Delayed
PO-07725,PR-07725,SUP-00048,EMP-00050,WH-HYD-01,2026-03-03,50058.56,Delayed
PO-07726,PR-07726,SUP-00026,EMP-00076,WH-MYS-01,2026-05-30,381457.86,Completed
PO-07727,PR-07727,SUP-00042,EMP-00050,WH-BLR-01,2026-06-04,327378.51,Completed
PO-07728,PR-07728,SUP-00018,EMP-00013,WH-HYD-01,2026-04-29,102882.29,Delayed
PO-07729,PR-07729,SUP-00019,EMP-00027,WH-BLR-01,2026-04-03,246526.02,Completed
PO-07730,PR-07730,SUP-00004,EMP-00069,WH-BLR-01,2026-06-08,20113.66,Completed
PO-07731,PR-07731,SUP-00031,EMP-00067,WH-BLR-01,2026-01-31,116376.66,Completed
PO-07732,PR-07732,SUP-00042,EMP-00066,WH-CHN-01,2026-01-29,567134.4,Completed
PO-07733,PR-07733,SUP-00012,EMP-00034,WH-BLR-01,2026-02-17,41281.08,Completed
PO-07734,PR-07734,SUP-00046,EMP-00081,WH-HYD-01,2026-01-31,244442.0,Completed
PO-07735,PR-07735,SUP-00015,EMP-00057,WH-BLR-01,2026-03-09,14078.97,Completed
PO-07736,PR-07736,SUP-00039,EMP-00076,WH-MYS-01,2026-03-23,13503.2,Completed
PO-07737,PR-07737,SUP-00003,EMP-00097,WH-CHN-01,2026-02-17,26373.28,Completed
PO-07738,PR-07738,SUP-00030,EMP-00048,WH-MYS-01,2026-04-07,37530.09,Delayed
PO-07739,PR-07739,SUP-00038,EMP-00026,WH-HYD-01,2026-03-29,203518.77,Completed
PO-07740,PR-07740,SUP-00041,EMP-00098,WH-HYD-01,2026-02-25,25934.72,Completed
PO-07741,PR-07741,SUP-00008,EMP-00036,WH-CHN-01,2026-04-15,551750.85,Completed
PO-07742,PR-07742,SUP-00018,EMP-00036,WH-MYS-01,2026-01-17,55167.35,Delayed
PO-07743,PR-07743,SUP-00011,EMP-00010,WH-BLR-01,2026-04-04,197628.8,Completed
PO-07744,PR-07744,SUP-00024,EMP-00011,WH-CHN-01,2026-03-01,4725.89,Cancelled
PO-07745,PR-07745,SUP-00044,EMP-00024,WH-HYD-01,2026-02-22,25946.28,Delayed
PO-07746,PR-07746,SUP-00004,EMP-00075,WH-CHN-01,2026-01-06,411216.54,Completed
PO-07747,PR-07747,SUP-00045,EMP-00010,WH-MYS-01,2026-02-07,170132.04,Completed
PO-07748,PR-07748,SUP-00011,EMP-00006,WH-CHN-01,2026-01-29,330437.88,Completed
PO-07749,PR-07749,SUP-00006,EMP-00021,WH-HYD-01,2026-02-19,691732.84,Delayed
PO-07750,PR-07750,SUP-00014,EMP-00094,WH-CHN-01,2026-03-29,95680.42,Completed
PO-07751,PR-07751,SUP-00042,EMP-00067,WH-CHN-01,2026-04-12,12335.12,Completed
PO-07752,PR-07752,SUP-00047,EMP-00074,WH-HYD-01,2026-05-10,72262.71,Delayed
PO-07753,PR-07753,SUP-00035,EMP-00069,WH-CHN-01,2026-03-12,40461.75,Completed
PO-07754,PR-07754,SUP-00007,EMP-00004,WH-MYS-01,2026-03-21,305331.25,Cancelled
PO-07755,PR-07755,SUP-00008,EMP-00091,WH-CHN-01,2026-01-07,21428.29,Delayed
PO-07756,PR-07756,SUP-00031,EMP-00047,WH-HYD-01,2026-01-29,226513.49,Delayed
PO-07757,PR-07757,SUP-00049,EMP-00083,WH-CHN-01,2026-03-13,196007.84,Completed
PO-07758,PR-07758,SUP-00049,EMP-00024,WH-MYS-01,2026-02-12,208598.94,Delayed
PO-07759,PR-07759,SUP-00044,EMP-00062,WH-MYS-01,2026-02-14,758.74,Completed
PO-07760,PR-07760,SUP-00038,EMP-00084,WH-MYS-01,2026-04-30,536765.2,Completed
PO-07761,PR-07761,SUP-00017,EMP-00070,WH-HYD-01,2026-05-15,98297.9,Delayed
PO-07762,PR-07762,SUP-00031,EMP-00074,WH-BLR-01,2026-05-20,91404.72,Completed
PO-07763,PR-07763,SUP-00029,EMP-00036,WH-MYS-01,2026-02-14,14717.72,Completed
PO-07764,PR-07764,SUP-00011,EMP-00005,WH-MYS-01,2026-03-16,55167.35,Completed
PO-07765,PR-07765,SUP-00046,EMP-00069,WH-MYS-01,2026-05-25,40683.99,Delayed
PO-07766,PR-07766,SUP-00002,EMP-00075,WH-HYD-01,2026-01-30,121511.78,Completed
PO-07767,PR-07767,SUP-00027,EMP-00085,WH-BLR-01,2026-02-23,392420.0,Delayed
PO-07768,PR-07768,SUP-00001,EMP-00053,WH-HYD-01,2026-06-04,10358.48,Delayed
PO-07769,PR-07769,SUP-00043,EMP-00036,WH-CHN-01,2026-03-22,163991.1,Completed
PO-07770,PR-07770,SUP-00035,EMP-00029,WH-CHN-01,2026-02-21,232426.25,Completed
PO-07771,PR-07771,SUP-00009,EMP-00028,WH-BLR-01,2026-01-30,182059.6,Completed
PO-07772,PR-07772,SUP-00042,EMP-00002,WH-HYD-01,2026-01-27,94146.25,Completed
PO-07773,PR-07773,SUP-00013,EMP-00055,WH-BLR-01,2026-05-02,250201.24,Completed
PO-07774,PR-07774,SUP-00022,EMP-00014,WH-CHN-01,2026-01-23,525421.26,Completed
PO-07775,PR-07775,SUP-00015,EMP-00049,WH-HYD-01,2026-04-14,614414.68,Completed
PO-07776,PR-07776,SUP-00003,EMP-00029,WH-MYS-01,2026-01-08,63720.86,Completed
PO-07777,PR-07777,SUP-00037,EMP-00008,WH-HYD-01,2026-03-12,60038.7,Completed
PO-07778,PR-07778,SUP-00005,EMP-00018,WH-MYS-01,2026-04-28,47212.3,Completed
PO-07779,PR-07779,SUP-00023,EMP-00010,WH-CHN-01,2026-01-17,217121.52,Completed
PO-07780,PR-07780,SUP-00015,EMP-00024,WH-MYS-01,2026-04-18,142570.56,Completed
PO-07781,PR-07781,SUP-00024,EMP-00065,WH-CHN-01,2026-03-04,279018.56,Delayed
PO-07782,PR-07782,SUP-00008,EMP-00042,WH-BLR-01,2026-06-08,354196.8,Completed
PO-07783,PR-07783,SUP-00033,EMP-00007,WH-MYS-01,2026-03-20,118040.51,Completed
PO-07784,PR-07784,SUP-00022,EMP-00034,WH-CHN-01,2026-01-16,138770.1,Completed
PO-07785,PR-07785,SUP-00005,EMP-00009,WH-CHN-01,2026-04-29,381762.88,Cancelled
PO-07786,PR-07786,SUP-00005,EMP-00097,WH-CHN-01,2026-02-24,53567.52,Cancelled
PO-07787,PR-07787,SUP-00035,EMP-00058,WH-CHN-01,2026-03-18,184884.96,Delayed
PO-07788,PR-07788,SUP-00007,EMP-00001,WH-CHN-01,2026-01-27,624.8,Completed
PO-07789,PR-07789,SUP-00031,EMP-00094,WH-HYD-01,2026-03-13,226108.85,Completed
PO-07790,PR-07790,SUP-00048,EMP-00032,WH-CHN-01,2026-05-20,387810.93,Completed
PO-07791,PR-07791,SUP-00038,EMP-00032,WH-BLR-01,2026-01-24,15957.4,Completed
PO-07792,PR-07792,SUP-00026,EMP-00079,WH-MYS-01,2026-02-19,174685.51,Completed
PO-07793,PR-07793,SUP-00009,EMP-00032,WH-HYD-01,2026-05-01,156653.92,Completed
PO-07794,PR-07794,SUP-00047,EMP-00083,WH-MYS-01,2026-02-28,4817.98,Completed
PO-07795,PR-07795,SUP-00045,EMP-00097,WH-HYD-01,2026-03-09,218093.75,Completed
PO-07796,PR-07796,SUP-00039,EMP-00007,WH-BLR-01,2026-05-30,94522.4,Completed
PO-07797,PR-07797,SUP-00015,EMP-00092,WH-HYD-01,2026-05-14,263986.42,Delayed
PO-07798,PR-07798,SUP-00042,EMP-00074,WH-MYS-01,2026-02-11,487891.17,Completed
PO-07799,PR-07799,SUP-00025,EMP-00053,WH-MYS-01,2026-03-26,78108.1,Completed
PO-07800,PR-07800,SUP-00048,EMP-00080,WH-CHN-01,2026-03-14,248883.6,Completed
PO-07801,PR-07801,SUP-00031,EMP-00035,WH-HYD-01,2026-04-23,279636.68,Cancelled
PO-07802,PR-07802,SUP-00016,EMP-00038,WH-HYD-01,2026-01-22,205670.79,Completed
PO-07803,PR-07803,SUP-00043,EMP-00044,WH-HYD-01,2026-02-23,86061.6,Completed
PO-07804,PR-07804,SUP-00046,EMP-00017,WH-CHN-01,2026-02-08,77584.44,Completed
PO-07805,PR-07805,SUP-00023,EMP-00031,WH-HYD-01,2026-01-19,142011.1,Delayed
PO-07806,PR-07806,SUP-00029,EMP-00069,WH-BLR-01,2026-05-15,20663.49,Completed
PO-07807,PR-07807,SUP-00030,EMP-00058,WH-HYD-01,2026-05-29,48337.5,Completed
PO-07808,PR-07808,SUP-00015,EMP-00029,WH-BLR-01,2026-05-28,122751.98,Completed
PO-07809,PR-07809,SUP-00034,EMP-00023,WH-CHN-01,2026-04-30,148221.6,Cancelled
PO-07810,PR-07810,SUP-00014,EMP-00050,WH-HYD-01,2026-05-20,13793.8,Completed
PO-07811,PR-07811,SUP-00006,EMP-00092,WH-MYS-01,2026-03-02,238649.58,Delayed
PO-07812,PR-07812,SUP-00016,EMP-00069,WH-BLR-01,2026-02-09,84169.92,Completed
PO-07813,PR-07813,SUP-00042,EMP-00042,WH-CHN-01,2026-04-10,306794.88,Completed
PO-07814,PR-07814,SUP-00040,EMP-00078,WH-BLR-01,2026-05-30,368374.6,Completed
PO-07815,PR-07815,SUP-00042,EMP-00020,WH-HYD-01,2026-05-07,218093.75,Completed
PO-07816,PR-07816,SUP-00049,EMP-00015,WH-CHN-01,2026-04-17,135094.96,Completed
PO-07817,PR-07817,SUP-00003,EMP-00097,WH-CHN-01,2026-03-29,398856.96,Delayed
PO-07818,PR-07818,SUP-00014,EMP-00002,WH-MYS-01,2026-02-22,265659.6,Completed
PO-07819,PR-07819,SUP-00015,EMP-00001,WH-MYS-01,2026-02-16,16819.6,Completed
PO-07820,PR-07820,SUP-00005,EMP-00031,WH-BLR-01,2026-01-19,539924.64,Completed
PO-07821,PR-07821,SUP-00044,EMP-00046,WH-MYS-01,2026-01-27,298867.05,Completed
PO-07822,PR-07822,SUP-00026,EMP-00056,WH-MYS-01,2026-05-21,487902.87,Completed
PO-07823,PR-07823,SUP-00007,EMP-00057,WH-MYS-01,2026-02-07,13282.98,Completed
PO-07824,PR-07824,SUP-00037,EMP-00073,WH-HYD-01,2026-04-28,291763.28,Completed
PO-07825,PR-07825,SUP-00026,EMP-00092,WH-BLR-01,2026-01-19,272301.09,Completed
PO-07826,PR-07826,SUP-00006,EMP-00011,WH-HYD-01,2026-03-02,153903.24,Completed
PO-07827,PR-07827,SUP-00016,EMP-00062,WH-BLR-01,2026-03-07,193961.1,Completed
PO-07828,PR-07828,SUP-00002,EMP-00018,WH-CHN-01,2026-01-10,207375.36,Delayed
PO-07829,PR-07829,SUP-00049,EMP-00087,WH-CHN-01,2026-02-26,16819.6,Completed
PO-07830,PR-07830,SUP-00039,EMP-00005,WH-BLR-01,2026-01-23,390540.19,Completed
PO-07831,PR-07831,SUP-00008,EMP-00084,WH-MYS-01,2026-05-13,391634.8,Completed
PO-07832,PR-07832,SUP-00037,EMP-00022,WH-HYD-01,2026-06-01,516404.0,Completed
PO-07833,PR-07833,SUP-00044,EMP-00091,WH-BLR-01,2026-05-26,19451.04,Completed
PO-07834,PR-07834,SUP-00019,EMP-00100,WH-MYS-01,2026-05-27,21380.39,Completed
PO-07835,PR-07835,SUP-00045,EMP-00021,WH-BLR-01,2026-02-13,425351.22,Completed
PO-07836,PR-07836,SUP-00024,EMP-00050,WH-MYS-01,2026-01-27,428113.62,Delayed
PO-07837,PR-07837,SUP-00029,EMP-00021,WH-HYD-01,2026-03-23,142478.08,Completed
PO-07838,PR-07838,SUP-00004,EMP-00086,WH-CHN-01,2026-03-24,53905.3,Completed
PO-07839,PR-07839,SUP-00008,EMP-00072,WH-BLR-01,2026-01-15,383900.56,Completed
PO-07840,PR-07840,SUP-00029,EMP-00073,WH-BLR-01,2026-01-16,68388.06,Delayed
PO-07841,PR-07841,SUP-00018,EMP-00095,WH-MYS-01,2026-03-30,101087.5,Completed
PO-07842,PR-07842,SUP-00014,EMP-00090,WH-HYD-01,2026-03-07,147582.0,Cancelled
PO-07843,PR-07843,SUP-00044,EMP-00062,WH-BLR-01,2026-02-15,123518.0,Completed
PO-07844,PR-07844,SUP-00025,EMP-00093,WH-CHN-01,2026-04-23,256257.75,Delayed
PO-07845,PR-07845,SUP-00045,EMP-00033,WH-CHN-01,2026-05-05,138770.1,Completed
PO-07846,PR-07846,SUP-00040,EMP-00019,WH-HYD-01,2026-05-19,455494.39,Delayed
PO-07847,PR-07847,SUP-00005,EMP-00076,WH-BLR-01,2026-02-22,357492.53,Completed
PO-07848,PR-07848,SUP-00045,EMP-00029,WH-HYD-01,2026-03-24,390547.44,Delayed
PO-07849,PR-07849,SUP-00008,EMP-00013,WH-MYS-01,2026-02-16,82562.16,Completed
PO-07850,PR-07850,SUP-00035,EMP-00013,WH-HYD-01,2026-03-31,12967.36,Cancelled
PO-07851,PR-07851,SUP-00039,EMP-00068,WH-BLR-01,2026-04-22,28001.12,Completed
PO-07852,PR-07852,SUP-00016,EMP-00048,WH-BLR-01,2026-05-17,84752.4,Completed
PO-07853,PR-07853,SUP-00043,EMP-00009,WH-CHN-01,2026-03-10,194562.9,Delayed
PO-07854,PR-07854,SUP-00013,EMP-00058,WH-HYD-01,2026-05-28,156793.5,Completed
PO-07855,PR-07855,SUP-00017,EMP-00061,WH-BLR-01,2026-03-22,169597.68,Completed
PO-07856,PR-07856,SUP-00027,EMP-00077,WH-BLR-01,2026-02-18,465185.76,Completed
PO-07857,PR-07857,SUP-00021,EMP-00020,WH-BLR-01,2026-02-13,69297.93,Completed
PO-07858,PR-07858,SUP-00031,EMP-00036,WH-HYD-01,2026-04-28,538959.36,Delayed
PO-07859,PR-07859,SUP-00048,EMP-00011,WH-CHN-01,2026-05-17,54347.92,Completed
PO-07860,PR-07860,SUP-00006,EMP-00005,WH-HYD-01,2026-01-13,19422.15,Completed
PO-07861,PR-07861,SUP-00048,EMP-00016,WH-MYS-01,2026-03-03,437468.08,Completed
PO-07862,PR-07862,SUP-00044,EMP-00035,WH-HYD-01,2026-03-30,585356.1,Completed
PO-07863,PR-07863,SUP-00018,EMP-00019,WH-BLR-01,2026-03-03,62334.16,Delayed
PO-07864,PR-07864,SUP-00007,EMP-00077,WH-HYD-01,2026-04-01,602024.08,Completed
PO-07865,PR-07865,SUP-00021,EMP-00068,WH-BLR-01,2026-03-03,487891.17,Completed
PO-07866,PR-07866,SUP-00025,EMP-00072,WH-MYS-01,2026-03-24,522645.0,Completed
PO-07867,PR-07867,SUP-00016,EMP-00040,WH-HYD-01,2026-03-06,409634.1,Completed
PO-07868,PR-07868,SUP-00047,EMP-00028,WH-BLR-01,2026-04-04,134872.43,Delayed
PO-07869,PR-07869,SUP-00038,EMP-00021,WH-MYS-01,2026-05-24,146815.2,Delayed
PO-07870,PR-07870,SUP-00021,EMP-00016,WH-CHN-01,2026-04-29,311562.5,Completed
PO-07871,PR-07871,SUP-00033,EMP-00016,WH-CHN-01,2026-03-31,384897.24,Completed
PO-07872,PR-07872,SUP-00027,EMP-00040,WH-CHN-01,2026-02-04,236254.95,Completed
PO-07873,PR-07873,SUP-00022,EMP-00064,WH-BLR-01,2026-06-03,374991.46,Delayed
PO-07874,PR-07874,SUP-00010,EMP-00086,WH-MYS-01,2026-04-21,307704.6,Completed
PO-07875,PR-07875,SUP-00037,EMP-00032,WH-MYS-01,2026-02-06,307452.24,Completed
PO-07876,PR-07876,SUP-00002,EMP-00008,WH-HYD-01,2026-01-30,265659.6,Delayed
PO-07877,PR-07877,SUP-00018,EMP-00064,WH-MYS-01,2026-02-24,281210.75,Completed
PO-07878,PR-07878,SUP-00035,EMP-00092,WH-MYS-01,2026-02-22,22022.28,Completed
PO-07879,PR-07879,SUP-00021,EMP-00020,WH-BLR-01,2026-05-22,312477.2,Completed
PO-07880,PR-07880,SUP-00030,EMP-00050,WH-CHN-01,2026-01-16,220700.34,Completed
PO-07881,PR-07881,SUP-00026,EMP-00023,WH-MYS-01,2026-04-21,120886.32,Delayed
PO-07882,PR-07882,SUP-00009,EMP-00063,WH-HYD-01,2026-04-02,155379.4,Delayed
PO-07883,PR-07883,SUP-00003,EMP-00030,WH-BLR-01,2026-02-19,88941.0,Completed
PO-07884,PR-07884,SUP-00017,EMP-00028,WH-MYS-01,2026-04-13,128082.56,Completed
PO-07885,PR-07885,SUP-00046,EMP-00017,WH-MYS-01,2026-05-15,181181.65,Completed
PO-07886,PR-07886,SUP-00014,EMP-00067,WH-BLR-01,2026-01-05,582006.24,Completed
PO-07887,PR-07887,SUP-00012,EMP-00097,WH-HYD-01,2026-03-19,169.8,Completed
PO-07888,PR-07888,SUP-00017,EMP-00029,WH-CHN-01,2026-03-20,282062.55,Delayed
PO-07889,PR-07889,SUP-00044,EMP-00060,WH-MYS-01,2026-05-15,400531.12,Completed
PO-07890,PR-07890,SUP-00014,EMP-00036,WH-BLR-01,2026-02-02,56487.75,Cancelled
PO-07891,PR-07891,SUP-00010,EMP-00004,WH-HYD-01,2026-05-25,47617.05,Completed
PO-07892,PR-07892,SUP-00028,EMP-00092,WH-MYS-01,2026-01-12,494389.0,Delayed
PO-07893,PR-07893,SUP-00040,EMP-00047,WH-HYD-01,2026-01-26,678019.2,Completed
PO-07894,PR-07894,SUP-00005,EMP-00070,WH-CHN-01,2026-03-05,296658.25,Completed
PO-07895,PR-07895,SUP-00044,EMP-00062,WH-BLR-01,2026-04-11,183916.95,Completed
PO-07896,PR-07896,SUP-00022,EMP-00017,WH-BLR-01,2026-04-20,530630.86,Delayed
PO-07897,PR-07897,SUP-00050,EMP-00019,WH-HYD-01,2026-05-08,158988.5,Completed
PO-07898,PR-07898,SUP-00025,EMP-00064,WH-CHN-01,2026-03-24,99324.09,Completed
PO-07899,PR-07899,SUP-00033,EMP-00082,WH-MYS-01,2026-02-16,480263.6,Completed
PO-07900,PR-07900,SUP-00018,EMP-00002,WH-MYS-01,2026-02-09,226006.4,Delayed
PO-07901,PR-07901,SUP-00027,EMP-00087,WH-HYD-01,2026-05-07,102406.12,Completed
PO-07902,PR-07902,SUP-00026,EMP-00055,WH-MYS-01,2026-02-18,2716.8,Completed
PO-07903,PR-07903,SUP-00038,EMP-00009,WH-BLR-01,2026-02-04,351630.3,Completed
PO-07904,PR-07904,SUP-00044,EMP-00021,WH-MYS-01,2026-03-30,136087.72,Completed
PO-07905,PR-07905,SUP-00048,EMP-00092,WH-HYD-01,2026-05-08,42001.68,Completed
PO-07906,PR-07906,SUP-00041,EMP-00007,WH-MYS-01,2026-03-23,658026.32,Completed
PO-07907,PR-07907,SUP-00046,EMP-00061,WH-BLR-01,2026-03-20,245684.06,Cancelled
PO-07908,PR-07908,SUP-00028,EMP-00093,WH-BLR-01,2026-03-04,447600.27,Completed
PO-07909,PR-07909,SUP-00021,EMP-00007,WH-BLR-01,2026-02-21,162630.39,Completed
PO-07910,PR-07910,SUP-00022,EMP-00046,WH-BLR-01,2026-03-14,107960.64,Cancelled
PO-07911,PR-07911,SUP-00040,EMP-00046,WH-MYS-01,2026-04-30,544871.88,Delayed
PO-07912,PR-07912,SUP-00014,EMP-00026,WH-HYD-01,2026-04-26,46404.0,Completed
PO-07913,PR-07913,SUP-00030,EMP-00026,WH-CHN-01,2026-02-01,185764.86,Completed
PO-07914,PR-07914,SUP-00011,EMP-00065,WH-HYD-01,2026-03-21,94741.5,Completed
PO-07915,PR-07915,SUP-00035,EMP-00068,WH-MYS-01,2026-01-07,176703.72,Delayed
PO-07916,PR-07916,SUP-00018,EMP-00003,WH-HYD-01,2026-04-20,48434.0,Completed
PO-07917,PR-07917,SUP-00048,EMP-00037,WH-HYD-01,2026-04-14,24562.72,Completed
PO-07918,PR-07918,SUP-00019,EMP-00010,WH-MYS-01,2026-05-19,122873.14,Completed
PO-07919,PR-07919,SUP-00002,EMP-00052,WH-CHN-01,2026-01-21,133550.34,Delayed
PO-07920,PR-07920,SUP-00018,EMP-00090,WH-CHN-01,2026-03-19,72202.13,Completed
PO-07921,PR-07921,SUP-00049,EMP-00066,WH-BLR-01,2026-03-02,167984.48,Completed
PO-07922,PR-07922,SUP-00029,EMP-00051,WH-MYS-01,2026-02-17,418116.0,Completed
PO-07923,PR-07923,SUP-00009,EMP-00071,WH-HYD-01,2026-03-16,187364.58,Completed
PO-07924,PR-07924,SUP-00010,EMP-00051,WH-CHN-01,2026-04-12,134872.5,Completed
PO-07925,PR-07925,SUP-00049,EMP-00077,WH-MYS-01,2026-02-08,232452.15,Completed
PO-07926,PR-07926,SUP-00017,EMP-00035,WH-BLR-01,2026-04-18,254883.44,Completed
PO-07927,PR-07927,SUP-00035,EMP-00072,WH-CHN-01,2026-04-18,25379.92,Completed
PO-07928,PR-07928,SUP-00025,EMP-00074,WH-MYS-01,2026-04-28,156040.11,Completed
PO-07929,PR-07929,SUP-00011,EMP-00071,WH-CHN-01,2026-01-10,461093.5,Delayed
PO-07930,PR-07930,SUP-00031,EMP-00077,WH-HYD-01,2026-01-31,6896.9,Delayed
PO-07931,PR-07931,SUP-00025,EMP-00093,WH-CHN-01,2026-03-08,193961.1,Completed
PO-07932,PR-07932,SUP-00003,EMP-00055,WH-BLR-01,2026-06-05,531898.74,Delayed
PO-07933,PR-07933,SUP-00002,EMP-00023,WH-CHN-01,2026-05-07,251767.88,Completed
PO-07934,PR-07934,SUP-00039,EMP-00037,WH-BLR-01,2026-03-03,86201.4,Completed
PO-07935,PR-07935,SUP-00009,EMP-00024,WH-HYD-01,2026-04-23,198138.36,Completed
PO-07936,PR-07936,SUP-00041,EMP-00036,WH-HYD-01,2026-02-16,387654.8,Completed
PO-07937,PR-07937,SUP-00034,EMP-00027,WH-HYD-01,2026-03-20,120544.0,Completed
PO-07938,PR-07938,SUP-00036,EMP-00010,WH-BLR-01,2026-05-01,168108.36,Completed
PO-07939,PR-07939,SUP-00031,EMP-00053,WH-MYS-01,2026-04-25,29074.11,Completed
PO-07940,PR-07940,SUP-00047,EMP-00085,WH-CHN-01,2026-05-30,254305.24,Completed
PO-07941,PR-07941,SUP-00010,EMP-00094,WH-MYS-01,2026-04-29,221373.0,Delayed
PO-07942,PR-07942,SUP-00005,EMP-00061,WH-HYD-01,2026-05-04,159395.76,Completed
PO-07943,PR-07943,SUP-00018,EMP-00072,WH-MYS-01,2026-01-08,111115.55,Cancelled
PO-07944,PR-07944,SUP-00039,EMP-00094,WH-MYS-01,2026-05-13,84054.18,Delayed
PO-07945,PR-07945,SUP-00043,EMP-00100,WH-CHN-01,2026-01-06,250358.48,Delayed
PO-07946,PR-07946,SUP-00042,EMP-00085,WH-HYD-01,2026-02-05,32418.4,Completed
PO-07947,PR-07947,SUP-00043,EMP-00067,WH-MYS-01,2026-01-12,290738.88,Completed
PO-07948,PR-07948,SUP-00012,EMP-00030,WH-CHN-01,2026-02-19,9889.98,Cancelled
PO-07949,PR-07949,SUP-00016,EMP-00068,WH-MYS-01,2026-03-31,257007.24,Completed
PO-07950,PR-07950,SUP-00023,EMP-00072,WH-MYS-01,2026-04-17,9655.66,Completed
PO-07951,PR-07951,SUP-00020,EMP-00070,WH-BLR-01,2026-02-27,309501.32,Completed
PO-07952,PR-07952,SUP-00039,EMP-00006,WH-HYD-01,2026-02-23,458941.5,Completed
PO-07953,PR-07953,SUP-00045,EMP-00070,WH-HYD-01,2026-04-28,99145.83,Completed
PO-07954,PR-07954,SUP-00041,EMP-00025,WH-BLR-01,2026-01-18,295164.0,Completed
PO-07955,PR-07955,SUP-00045,EMP-00016,WH-CHN-01,2026-02-09,296633.4,Delayed
PO-07956,PR-07956,SUP-00050,EMP-00046,WH-BLR-01,2026-05-04,1358.4,Completed
PO-07957,PR-07957,SUP-00009,EMP-00090,WH-BLR-01,2026-04-25,7810.8,Completed
PO-07958,PR-07958,SUP-00016,EMP-00095,WH-BLR-01,2026-01-13,209978.08,Completed
PO-07959,PR-07959,SUP-00002,EMP-00060,WH-CHN-01,2026-01-17,155061.92,Completed
PO-07960,PR-07960,SUP-00038,EMP-00096,WH-MYS-01,2026-03-21,223423.52,Completed
PO-07961,PR-07961,SUP-00018,EMP-00046,WH-CHN-01,2026-02-07,2886.6,Cancelled
PO-07962,PR-07962,SUP-00014,EMP-00087,WH-BLR-01,2026-02-21,40465.37,Completed
PO-07963,PR-07963,SUP-00029,EMP-00068,WH-HYD-01,2026-06-01,247608.66,Completed
PO-07964,PR-07964,SUP-00017,EMP-00020,WH-MYS-01,2026-02-14,257898.69,Completed
PO-07965,PR-07965,SUP-00027,EMP-00029,WH-CHN-01,2026-04-22,586486.74,Delayed
PO-07966,PR-07966,SUP-00047,EMP-00041,WH-MYS-01,2026-02-13,202190.12,Cancelled
PO-07967,PR-07967,SUP-00039,EMP-00023,WH-BLR-01,2026-01-20,165540.15,Completed
PO-07968,PR-07968,SUP-00036,EMP-00059,WH-HYD-01,2026-04-17,209864.82,Delayed
PO-07969,PR-07969,SUP-00020,EMP-00021,WH-BLR-01,2026-05-08,389141.82,Completed
PO-07970,PR-07970,SUP-00046,EMP-00011,WH-BLR-01,2026-05-24,36411.92,Completed
PO-07971,PR-07971,SUP-00011,EMP-00043,WH-BLR-01,2026-05-13,151774.64,Completed
PO-07972,PR-07972,SUP-00006,EMP-00019,WH-BLR-01,2026-04-16,64759.38,Completed
PO-07973,PR-07973,SUP-00048,EMP-00097,WH-BLR-01,2026-02-23,196623.08,Completed
PO-07974,PR-07974,SUP-00039,EMP-00065,WH-HYD-01,2026-04-03,15418.9,Completed
PO-07975,PR-07975,SUP-00027,EMP-00084,WH-MYS-01,2026-03-01,129518.76,Cancelled
PO-07976,PR-07976,SUP-00004,EMP-00034,WH-BLR-01,2026-05-30,56487.75,Delayed
PO-07977,PR-07977,SUP-00045,EMP-00041,WH-CHN-01,2026-01-14,1867.8,Completed
PO-07978,PR-07978,SUP-00021,EMP-00020,WH-MYS-01,2026-03-25,332074.5,Completed
PO-07979,PR-07979,SUP-00012,EMP-00060,WH-CHN-01,2026-02-21,118147.25,Completed
PO-07980,PR-07980,SUP-00045,EMP-00059,WH-MYS-01,2026-02-18,203505.28,Completed
PO-07981,PR-07981,SUP-00024,EMP-00055,WH-CHN-01,2026-03-20,28966.98,Completed
PO-07982,PR-07982,SUP-00045,EMP-00040,WH-HYD-01,2026-03-27,22072.02,Completed
PO-07983,PR-07983,SUP-00019,EMP-00035,WH-MYS-01,2026-02-01,28327.38,Completed
PO-07984,PR-07984,SUP-00034,EMP-00015,WH-CHN-01,2026-02-17,177699.3,Cancelled
PO-07985,PR-07985,SUP-00016,EMP-00065,WH-BLR-01,2026-02-02,53087.21,Completed
PO-07986,PR-07986,SUP-00040,EMP-00025,WH-MYS-01,2026-01-15,206217.84,Completed
PO-07987,PR-07987,SUP-00048,EMP-00069,WH-MYS-01,2026-03-16,177699.3,Completed
PO-07988,PR-07988,SUP-00026,EMP-00090,WH-MYS-01,2026-04-24,116634.21,Delayed
PO-07989,PR-07989,SUP-00009,EMP-00028,WH-MYS-01,2026-02-08,95234.1,Completed
PO-07990,PR-07990,SUP-00050,EMP-00029,WH-CHN-01,2026-03-01,17584.65,Completed
PO-07991,PR-07991,SUP-00013,EMP-00003,WH-CHN-01,2026-01-07,11036.01,Completed
PO-07992,PR-07992,SUP-00044,EMP-00011,WH-CHN-01,2026-02-22,187459.44,Delayed
PO-07993,PR-07993,SUP-00014,EMP-00007,WH-MYS-01,2026-02-15,151079.36,Completed
PO-07994,PR-07994,SUP-00005,EMP-00080,WH-HYD-01,2026-02-03,360853.68,Completed
PO-07995,PR-07995,SUP-00025,EMP-00090,WH-BLR-01,2026-05-23,226702.58,Cancelled
PO-07996,PR-07996,SUP-00023,EMP-00022,WH-MYS-01,2026-02-13,219510.9,Delayed
PO-07997,PR-07997,SUP-00002,EMP-00010,WH-BLR-01,2026-02-15,194562.9,Completed
PO-07998,PR-07998,SUP-00028,EMP-00039,WH-CHN-01,2026-04-07,365618.88,Completed
PO-07999,PR-07999,SUP-00010,EMP-00029,WH-BLR-01,2026-01-28,239486.52,Completed
PO-08000,PR-08000,SUP-00047,EMP-00052,WH-MYS-01,2026-01-07,497130.33,Completed
PO-08001,PR-08001,SUP-00012,EMP-00029,WH-HYD-01,2026-03-13,29780.63,Completed
PO-08002,PR-08002,SUP-00025,EMP-00070,WH-BLR-01,2026-01-17,274586.72,Delayed
PO-08003,PR-08003,SUP-00046,EMP-00030,WH-HYD-01,2026-04-15,501733.8,Completed
PO-08004,PR-08004,SUP-00043,EMP-00024,WH-CHN-01,2026-05-23,43111.62,Completed
PO-08005,PR-08005,SUP-00036,EMP-00080,WH-MYS-01,2026-06-05,196210.0,Completed
PO-08006,PR-08006,SUP-00046,EMP-00089,WH-CHN-01,2026-02-07,56710.68,Delayed
PO-08007,PR-08007,SUP-00008,EMP-00042,WH-BLR-01,2026-05-04,59214.96,Completed
PO-08008,PR-08008,SUP-00036,EMP-00093,WH-HYD-01,2026-02-15,404852.4,Completed
PO-08009,PR-08009,SUP-00038,EMP-00029,WH-BLR-01,2026-02-10,196285.5,Completed
PO-08010,PR-08010,SUP-00040,EMP-00038,WH-MYS-01,2026-02-17,221373.0,Completed
PO-08011,PR-08011,SUP-00025,EMP-00033,WH-BLR-01,2026-03-17,53905.3,Delayed
PO-08012,PR-08012,SUP-00033,EMP-00100,WH-MYS-01,2026-03-24,73332.6,Completed
PO-08013,PR-08013,SUP-00044,EMP-00063,WH-HYD-01,2026-02-05,63449.8,Completed
PO-08014,PR-08014,SUP-00035,EMP-00073,WH-BLR-01,2026-01-09,48456.85,Completed
PO-08015,PR-08015,SUP-00017,EMP-00079,WH-CHN-01,2026-04-11,124972.96,Delayed
PO-08016,PR-08016,SUP-00011,EMP-00069,WH-BLR-01,2026-06-03,172400.9,Completed
PO-08017,PR-08017,SUP-00050,EMP-00066,WH-HYD-01,2026-03-23,392356.16,Completed
PO-08018,PR-08018,SUP-00006,EMP-00078,WH-BLR-01,2026-01-13,24601.39,Completed
PO-08019,PR-08019,SUP-00029,EMP-00095,WH-MYS-01,2026-02-06,44133.88,Cancelled
PO-08020,PR-08020,SUP-00014,EMP-00072,WH-BLR-01,2026-03-26,323694.0,Delayed
PO-08021,PR-08021,SUP-00040,EMP-00091,WH-CHN-01,2026-02-13,161672.17,Completed
PO-08022,PR-08022,SUP-00017,EMP-00085,WH-MYS-01,2026-05-23,327142.5,Completed
PO-08023,PR-08023,SUP-00033,EMP-00030,WH-BLR-01,2026-04-09,89132.63,Completed
PO-08024,PR-08024,SUP-00009,EMP-00094,WH-BLR-01,2026-04-20,491368.12,Completed
PO-08025,PR-08025,SUP-00013,EMP-00085,WH-CHN-01,2026-05-17,39525.76,Delayed
PO-08026,PR-08026,SUP-00016,EMP-00059,WH-CHN-01,2026-01-24,323043.2,Completed
PO-08027,PR-08027,SUP-00043,EMP-00027,WH-HYD-01,2026-05-03,261322.5,Completed
PO-08028,PR-08028,SUP-00034,EMP-00027,WH-MYS-01,2026-01-11,122611.3,Delayed
PO-08029,PR-08029,SUP-00030,EMP-00087,WH-CHN-01,2026-05-03,173964.4,Cancelled
PO-08030,PR-08030,SUP-00015,EMP-00004,WH-MYS-01,2026-05-08,132783.77,Delayed
PO-08031,PR-08031,SUP-00007,EMP-00086,WH-CHN-01,2026-02-15,143298.2,Delayed
PO-08032,PR-08032,SUP-00026,EMP-00035,WH-HYD-01,2026-02-02,13104.11,Completed
PO-08033,PR-08033,SUP-00026,EMP-00058,WH-CHN-01,2026-04-15,25946.28,Delayed
PO-08034,PR-08034,SUP-00037,EMP-00009,WH-BLR-01,2026-04-07,84380.8,Completed
PO-08035,PR-08035,SUP-00008,EMP-00039,WH-HYD-01,2026-03-07,682915.45,Completed
PO-08036,PR-08036,SUP-00013,EMP-00062,WH-HYD-01,2026-05-26,83384.1,Completed
PO-08037,PR-08037,SUP-00022,EMP-00077,WH-HYD-01,2026-05-09,11493.52,Completed
PO-08038,PR-08038,SUP-00015,EMP-00084,WH-CHN-01,2026-02-11,51627.66,Completed
PO-08039,PR-08039,SUP-00040,EMP-00068,WH-BLR-01,2026-01-21,11035.04,Completed
PO-08040,PR-08040,SUP-00018,EMP-00082,WH-HYD-01,2026-04-27,322420.95,Completed
PO-08041,PR-08041,SUP-00007,EMP-00091,WH-CHN-01,2026-03-09,681080.89,Completed
PO-08042,PR-08042,SUP-00011,EMP-00016,WH-CHN-01,2026-03-24,97255.2,Completed
PO-08043,PR-08043,SUP-00039,EMP-00071,WH-BLR-01,2026-02-20,263297.1,Completed
PO-08044,PR-08044,SUP-00022,EMP-00008,WH-MYS-01,2026-02-19,3414.33,Delayed
PO-08045,PR-08045,SUP-00034,EMP-00077,WH-CHN-01,2026-04-28,418116.0,Delayed
PO-08046,PR-08046,SUP-00041,EMP-00058,WH-HYD-01,2026-05-02,155800.59,Completed
PO-08047,PR-08047,SUP-00003,EMP-00003,WH-BLR-01,2026-01-13,64577.79,Completed
PO-08048,PR-08048,SUP-00009,EMP-00099,WH-CHN-01,2026-01-05,79443.65,Completed
PO-08049,PR-08049,SUP-00045,EMP-00021,WH-BLR-01,2026-05-12,92093.65,Completed
PO-08050,PR-08050,SUP-00031,EMP-00034,WH-CHN-01,2026-04-14,311617.46,Completed
PO-08051,PR-08051,SUP-00033,EMP-00028,WH-MYS-01,2026-03-26,3169.44,Completed
PO-08052,PR-08052,SUP-00036,EMP-00025,WH-BLR-01,2026-05-14,404617.5,Delayed
PO-08053,PR-08053,SUP-00026,EMP-00007,WH-MYS-01,2026-02-01,667072.8,Completed
PO-08054,PR-08054,SUP-00028,EMP-00046,WH-BLR-01,2026-02-22,300240.72,Delayed
PO-08055,PR-08055,SUP-00013,EMP-00095,WH-MYS-01,2026-03-01,351486.45,Completed
PO-08056,PR-08056,SUP-00050,EMP-00010,WH-BLR-01,2026-04-01,133376.43,Completed
PO-08057,PR-08057,SUP-00028,EMP-00014,WH-HYD-01,2026-04-05,55180.05,Completed
PO-08058,PR-08058,SUP-00050,EMP-00085,WH-HYD-01,2026-04-06,30960.81,Completed
PO-08059,PR-08059,SUP-00049,EMP-00032,WH-BLR-01,2026-01-26,227058.25,Delayed
PO-08060,PR-08060,SUP-00004,EMP-00077,WH-HYD-01,2026-04-09,522639.8,Completed
PO-08061,PR-08061,SUP-00030,EMP-00007,WH-MYS-01,2026-03-03,590919.06,Completed
PO-08062,PR-08062,SUP-00002,EMP-00010,WH-CHN-01,2026-02-11,42777.35,Completed
PO-08063,PR-08063,SUP-00033,EMP-00020,WH-MYS-01,2026-04-20,409506.63,Delayed
PO-08064,PR-08064,SUP-00028,EMP-00058,WH-CHN-01,2026-05-28,236677.48,Delayed
PO-08065,PR-08065,SUP-00026,EMP-00095,WH-HYD-01,2026-06-16,86723.64,Completed
PO-08066,PR-08066,SUP-00018,EMP-00069,WH-BLR-01,2026-03-12,38349.36,Completed
PO-08067,PR-08067,SUP-00001,EMP-00020,WH-HYD-01,2026-03-24,324024.0,Delayed
PO-08068,PR-08068,SUP-00043,EMP-00093,WH-MYS-01,2026-03-18,248628.3,Completed
PO-08069,PR-08069,SUP-00037,EMP-00008,WH-HYD-01,2026-03-21,582006.24,Delayed
PO-08070,PR-08070,SUP-00040,EMP-00092,WH-BLR-01,2026-04-14,184884.96,Completed
PO-08071,PR-08071,SUP-00029,EMP-00034,WH-CHN-01,2026-04-22,22800.48,Completed
PO-08072,PR-08072,SUP-00018,EMP-00085,WH-MYS-01,2026-05-04,456249.32,Delayed
PO-08073,PR-08073,SUP-00040,EMP-00097,WH-HYD-01,2026-04-22,184213.35,Completed
PO-08074,PR-08074,SUP-00023,EMP-00085,WH-MYS-01,2026-05-22,101519.68,Completed
PO-08075,PR-08075,SUP-00046,EMP-00062,WH-HYD-01,2026-05-13,257007.24,Completed
PO-08076,PR-08076,SUP-00004,EMP-00092,WH-HYD-01,2026-04-15,314056.8,Completed
PO-08077,PR-08077,SUP-00030,EMP-00096,WH-HYD-01,2026-05-28,227562.48,Completed
PO-08078,PR-08078,SUP-00010,EMP-00001,WH-HYD-01,2026-03-22,188836.34,Completed
PO-08079,PR-08079,SUP-00035,EMP-00062,WH-CHN-01,2026-04-13,312115.25,Delayed
PO-08080,PR-08080,SUP-00026,EMP-00008,WH-CHN-01,2026-02-28,145934.54,Completed
PO-08081,PR-08081,SUP-00009,EMP-00051,WH-MYS-01,2026-02-04,61436.57,Completed
PO-08082,PR-08082,SUP-00035,EMP-00016,WH-CHN-01,2026-03-04,526624.8,Delayed
PO-08083,PR-08083,SUP-00023,EMP-00019,WH-CHN-01,2026-03-20,128458.72,Completed
PO-08084,PR-08084,SUP-00008,EMP-00063,WH-BLR-01,2026-04-08,454059.9,Delayed
PO-08085,PR-08085,SUP-00010,EMP-00039,WH-CHN-01,2026-05-08,254305.24,Completed
PO-08086,PR-08086,SUP-00005,EMP-00023,WH-HYD-01,2026-04-01,331584.03,Cancelled
PO-08087,PR-08087,SUP-00045,EMP-00063,WH-CHN-01,2026-03-14,11297.55,Completed
PO-08088,PR-08088,SUP-00003,EMP-00056,WH-CHN-01,2026-02-25,257595.12,Completed
PO-08089,PR-08089,SUP-00004,EMP-00003,WH-CHN-01,2026-05-13,77094.5,Delayed
PO-08090,PR-08090,SUP-00046,EMP-00004,WH-BLR-01,2026-03-01,280011.2,Completed
PO-08091,PR-08091,SUP-00023,EMP-00008,WH-MYS-01,2026-02-05,628378.65,Completed
PO-08092,PR-08092,SUP-00015,EMP-00057,WH-CHN-01,2026-04-22,54617.88,Completed
PO-08093,PR-08093,SUP-00038,EMP-00022,WH-HYD-01,2026-01-15,322993.44,Delayed
PO-08094,PR-08094,SUP-00047,EMP-00036,WH-BLR-01,2026-04-04,133265.25,Completed
PO-08095,PR-08095,SUP-00022,EMP-00065,WH-MYS-01,2026-04-10,207939.16,Completed
PO-08096,PR-08096,SUP-00038,EMP-00076,WH-CHN-01,2026-05-24,272180.16,Completed
PO-08097,PR-08097,SUP-00026,EMP-00072,WH-BLR-01,2026-05-19,110528.01,Delayed
PO-08098,PR-08098,SUP-00007,EMP-00068,WH-HYD-01,2026-01-20,76212.26,Completed
PO-08099,PR-08099,SUP-00031,EMP-00024,WH-BLR-01,2026-02-03,58148.22,Completed
PO-08100,PR-08100,SUP-00041,EMP-00055,WH-CHN-01,2026-02-26,527731.04,Delayed
PO-08101,PR-08101,SUP-00007,EMP-00079,WH-CHN-01,2026-02-20,402375.12,Completed
PO-08102,PR-08102,SUP-00032,EMP-00006,WH-BLR-01,2026-01-15,183519.0,Completed
PO-08103,PR-08103,SUP-00006,EMP-00070,WH-HYD-01,2026-04-24,110222.56,Completed
PO-08104,PR-08104,SUP-00014,EMP-00051,WH-BLR-01,2026-05-16,573201.33,Completed
PO-08105,PR-08105,SUP-00038,EMP-00048,WH-CHN-01,2026-04-24,42777.35,Delayed
PO-08106,PR-08106,SUP-00028,EMP-00032,WH-BLR-01,2026-04-18,61373.9,Completed
PO-08107,PR-08107,SUP-00038,EMP-00075,WH-CHN-01,2026-01-11,200359.8,Completed
PO-08108,PR-08108,SUP-00009,EMP-00042,WH-BLR-01,2026-03-09,61375.99,Delayed
PO-08109,PR-08109,SUP-00047,EMP-00024,WH-CHN-01,2026-03-26,134950.8,Completed
PO-08110,PR-08110,SUP-00046,EMP-00078,WH-HYD-01,2026-03-31,92980.86,Completed
PO-08111,PR-08111,SUP-00023,EMP-00097,WH-BLR-01,2026-02-03,49099.12,Delayed
PO-08112,PR-08112,SUP-00027,EMP-00094,WH-HYD-01,2026-04-13,261737.54,Delayed
PO-08113,PR-08113,SUP-00027,EMP-00068,WH-MYS-01,2026-01-08,14020.59,Delayed
PO-08114,PR-08114,SUP-00025,EMP-00005,WH-CHN-01,2026-02-13,78.1,Cancelled
PO-08115,PR-08115,SUP-00012,EMP-00051,WH-BLR-01,2026-02-12,63214.36,Completed
PO-08116,PR-08116,SUP-00015,EMP-00061,WH-HYD-01,2026-03-04,243018.75,Completed
PO-08117,PR-08117,SUP-00016,EMP-00086,WH-MYS-01,2026-05-15,182267.67,Delayed
PO-08118,PR-08118,SUP-00010,EMP-00073,WH-BLR-01,2026-01-05,63080.64,Completed
PO-08119,PR-08119,SUP-00013,EMP-00024,WH-CHN-01,2026-04-01,359697.24,Completed
PO-08120,PR-08120,SUP-00013,EMP-00065,WH-CHN-01,2026-04-03,78739.01,Completed
PO-08121,PR-08121,SUP-00020,EMP-00050,WH-BLR-01,2026-04-01,250206.6,Completed
PO-08122,PR-08122,SUP-00040,EMP-00091,WH-HYD-01,2026-06-08,29501.52,Completed
PO-08123,PR-08123,SUP-00018,EMP-00003,WH-CHN-01,2026-06-02,575475.18,Completed
PO-08124,PR-08124,SUP-00024,EMP-00076,WH-CHN-01,2026-01-26,125096.49,Completed
PO-08125,PR-08125,SUP-00006,EMP-00030,WH-MYS-01,2026-04-25,33203.75,Completed
PO-08126,PR-08126,SUP-00019,EMP-00070,WH-BLR-01,2026-04-05,177098.4,Delayed
PO-08127,PR-08127,SUP-00018,EMP-00007,WH-BLR-01,2026-05-09,55589.4,Delayed
PO-08128,PR-08128,SUP-00001,EMP-00012,WH-CHN-01,2026-05-22,488207.88,Completed
PO-08129,PR-08129,SUP-00050,EMP-00045,WH-HYD-01,2026-05-13,269744.86,Completed
PO-08130,PR-08130,SUP-00034,EMP-00064,WH-CHN-01,2026-04-25,351486.45,Cancelled
PO-08131,PR-08131,SUP-00035,EMP-00031,WH-MYS-01,2026-01-20,516013.5,Completed
PO-08132,PR-08132,SUP-00025,EMP-00100,WH-MYS-01,2026-03-31,74678.69,Delayed
PO-08133,PR-08133,SUP-00016,EMP-00063,WH-BLR-01,2026-01-06,139336.45,Cancelled
PO-08134,PR-08134,SUP-00035,EMP-00031,WH-MYS-01,2026-01-23,209055.75,Completed
PO-08135,PR-08135,SUP-00035,EMP-00099,WH-CHN-01,2026-04-22,77094.5,Delayed
PO-08136,PR-08136,SUP-00029,EMP-00002,WH-MYS-01,2026-02-20,256257.75,Completed
PO-08137,PR-08137,SUP-00017,EMP-00067,WH-MYS-01,2026-04-19,9691.37,Completed
PO-08138,PR-08138,SUP-00001,EMP-00059,WH-MYS-01,2026-01-11,172400.9,Completed
PO-08139,PR-08139,SUP-00025,EMP-00053,WH-MYS-01,2026-05-19,62717.4,Completed
PO-08140,PR-08140,SUP-00001,EMP-00068,WH-MYS-01,2026-03-01,70888.35,Completed
PO-08141,PR-08141,SUP-00046,EMP-00067,WH-BLR-01,2026-05-31,37549.49,Delayed
PO-08142,PR-08142,SUP-00039,EMP-00092,WH-CHN-01,2026-02-26,92655.09,Completed
PO-08143,PR-08143,SUP-00050,EMP-00044,WH-CHN-01,2026-05-13,205863.25,Delayed
PO-08144,PR-08144,SUP-00037,EMP-00084,WH-CHN-01,2026-04-23,387651.84,Completed
PO-08145,PR-08145,SUP-00038,EMP-00079,WH-MYS-01,2026-05-20,150634.0,Cancelled
PO-08146,PR-08146,SUP-00005,EMP-00078,WH-HYD-01,2026-05-17,131961.12,Completed
PO-08147,PR-08147,SUP-00008,EMP-00016,WH-HYD-01,2026-03-20,261737.54,Completed
PO-08148,PR-08148,SUP-00009,EMP-00035,WH-HYD-01,2026-02-16,33684.96,Completed
PO-08149,PR-08149,SUP-00014,EMP-00068,WH-BLR-01,2026-04-07,125103.3,Completed
PO-08150,PR-08150,SUP-00030,EMP-00049,WH-MYS-01,2026-05-05,174444.66,Completed
PO-08151,PR-08151,SUP-00016,EMP-00034,WH-CHN-01,2026-02-07,472880.07,Completed
PO-08152,PR-08152,SUP-00028,EMP-00061,WH-CHN-01,2026-01-07,124792.92,Completed
PO-08153,PR-08153,SUP-00023,EMP-00048,WH-CHN-01,2026-05-18,398856.96,Completed
PO-08154,PR-08154,SUP-00018,EMP-00077,WH-BLR-01,2026-05-20,222112.21,Completed
PO-08155,PR-08155,SUP-00035,EMP-00027,WH-CHN-01,2026-01-04,22949.76,Cancelled
PO-08156,PR-08156,SUP-00032,EMP-00001,WH-BLR-01,2026-03-09,77455.44,Completed
PO-08157,PR-08157,SUP-00014,EMP-00037,WH-BLR-01,2026-04-02,111711.76,Completed
PO-08158,PR-08158,SUP-00018,EMP-00002,WH-HYD-01,2026-05-10,268625.37,Completed
PO-08159,PR-08159,SUP-00020,EMP-00053,WH-BLR-01,2026-05-30,274997.25,Cancelled
PO-08160,PR-08160,SUP-00026,EMP-00090,WH-HYD-01,2026-01-10,45770.81,Completed
PO-08161,PR-08161,SUP-00017,EMP-00099,WH-CHN-01,2026-02-15,355016.22,Completed
PO-08162,PR-08162,SUP-00001,EMP-00069,WH-HYD-01,2026-03-30,247036.0,Completed
PO-08163,PR-08163,SUP-00042,EMP-00065,WH-HYD-01,2026-03-05,5470.78,Completed
PO-08164,PR-08164,SUP-00004,EMP-00046,WH-BLR-01,2026-02-28,38543.84,Completed
PO-08165,PR-08165,SUP-00049,EMP-00061,WH-HYD-01,2026-04-20,49986.09,Completed
PO-08166,PR-08166,SUP-00001,EMP-00051,WH-MYS-01,2026-04-19,47310.48,Completed
PO-08167,PR-08167,SUP-00039,EMP-00077,WH-CHN-01,2026-05-10,35070.8,Completed
PO-08168,PR-08168,SUP-00026,EMP-00031,WH-BLR-01,2026-02-11,140005.6,Completed
PO-08169,PR-08169,SUP-00044,EMP-00063,WH-HYD-01,2026-04-13,245642.45,Delayed
PO-08170,PR-08170,SUP-00009,EMP-00084,WH-CHN-01,2026-02-27,77821.38,Delayed
PO-08171,PR-08171,SUP-00010,EMP-00084,WH-HYD-01,2026-04-28,165540.15,Completed
PO-08172,PR-08172,SUP-00047,EMP-00064,WH-HYD-01,2026-01-13,569881.11,Completed
PO-08173,PR-08173,SUP-00047,EMP-00079,WH-BLR-01,2026-03-04,70888.35,Completed
PO-08174,PR-08174,SUP-00015,EMP-00033,WH-MYS-01,2026-01-20,15933.54,Completed
PO-08175,PR-08175,SUP-00040,EMP-00058,WH-HYD-01,2026-01-07,86345.84,Completed
PO-08176,PR-08176,SUP-00050,EMP-00018,WH-BLR-01,2026-04-29,82562.16,Completed
PO-08177,PR-08177,SUP-00011,EMP-00022,WH-CHN-01,2026-01-23,102264.96,Delayed
PO-08178,PR-08178,SUP-00013,EMP-00099,WH-HYD-01,2026-03-17,26157.99,Delayed
PO-08179,PR-08179,SUP-00040,EMP-00008,WH-MYS-01,2026-01-25,315813.12,Delayed
PO-08180,PR-08180,SUP-00048,EMP-00026,WH-CHN-01,2026-04-04,241772.64,Completed
PO-08181,PR-08181,SUP-00012,EMP-00004,WH-CHN-01,2026-03-18,59620.36,Completed
PO-08182,PR-08182,SUP-00028,EMP-00040,WH-MYS-01,2026-03-07,166768.2,Completed
PO-08183,PR-08183,SUP-00026,EMP-00080,WH-MYS-01,2026-01-26,37388.24,Delayed
PO-08184,PR-08184,SUP-00004,EMP-00006,WH-MYS-01,2026-05-22,60243.12,Completed
PO-08185,PR-08185,SUP-00026,EMP-00015,WH-CHN-01,2026-05-04,441086.76,Completed
PO-08186,PR-08186,SUP-00009,EMP-00051,WH-MYS-01,2026-05-30,66066.84,Completed
PO-08187,PR-08187,SUP-00038,EMP-00083,WH-CHN-01,2026-01-21,410684.32,Cancelled
PO-08188,PR-08188,SUP-00026,EMP-00077,WH-CHN-01,2026-05-15,132783.77,Delayed
PO-08189,PR-08189,SUP-00011,EMP-00019,WH-MYS-01,2026-03-17,236929.85,Completed
PO-08190,PR-08190,SUP-00048,EMP-00001,WH-HYD-01,2026-05-04,94817.7,Completed
PO-08191,PR-08191,SUP-00028,EMP-00084,WH-MYS-01,2026-05-01,85289.76,Completed
PO-08192,PR-08192,SUP-00033,EMP-00001,WH-BLR-01,2026-04-07,5773.2,Delayed
PO-08193,PR-08193,SUP-00026,EMP-00055,WH-BLR-01,2026-03-16,187747.36,Completed
PO-08194,PR-08194,SUP-00024,EMP-00019,WH-BLR-01,2026-05-09,691732.84,Completed
PO-08195,PR-08195,SUP-00031,EMP-00052,WH-CHN-01,2026-03-24,103738.88,Completed
PO-08196,PR-08196,SUP-00009,EMP-00003,WH-MYS-01,2026-01-24,531399.36,Completed
PO-08197,PR-08197,SUP-00026,EMP-00027,WH-HYD-01,2026-04-30,205136.4,Cancelled
PO-08198,PR-08198,SUP-00015,EMP-00051,WH-HYD-01,2026-04-08,125433.45,Completed
PO-08199,PR-08199,SUP-00004,EMP-00017,WH-BLR-01,2026-05-02,117717.44,Completed
PO-08200,PR-08200,SUP-00004,EMP-00099,WH-BLR-01,2026-05-31,92110.2,Completed
PO-08201,PR-08201,SUP-00027,EMP-00063,WH-HYD-01,2026-04-09,126899.6,Delayed
PO-08202,PR-08202,SUP-00029,EMP-00001,WH-HYD-01,2026-01-26,15173.18,Completed
PO-08203,PR-08203,SUP-00010,EMP-00088,WH-CHN-01,2026-04-16,216788.13,Delayed
PO-08204,PR-08204,SUP-00028,EMP-00001,WH-MYS-01,2026-05-30,426212.78,Completed
PO-08205,PR-08205,SUP-00044,EMP-00054,WH-BLR-01,2026-03-20,78283.98,Completed
PO-08206,PR-08206,SUP-00042,EMP-00011,WH-HYD-01,2026-03-19,10941.56,Completed
PO-08207,PR-08207,SUP-00020,EMP-00036,WH-MYS-01,2026-02-17,49449.9,Completed
PO-08208,PR-08208,SUP-00002,EMP-00039,WH-MYS-01,2026-01-14,73332.6,Completed
PO-08209,PR-08209,SUP-00028,EMP-00082,WH-CHN-01,2026-03-29,309608.1,Completed
PO-08210,PR-08210,SUP-00031,EMP-00019,WH-BLR-01,2026-03-08,362790.87,Completed
PO-08211,PR-08211,SUP-00032,EMP-00007,WH-BLR-01,2026-04-30,180741.4,Completed
PO-08212,PR-08212,SUP-00027,EMP-00003,WH-HYD-01,2026-05-16,2577.3,Delayed
PO-08213,PR-08213,SUP-00044,EMP-00032,WH-HYD-01,2026-02-28,119702.52,Delayed
PO-08214,PR-08214,SUP-00034,EMP-00079,WH-HYD-01,2026-03-29,128954.28,Completed
PO-08215,PR-08215,SUP-00043,EMP-00070,WH-HYD-01,2026-03-09,170579.52,Completed
PO-08216,PR-08216,SUP-00011,EMP-00058,WH-BLR-01,2026-03-09,635087.04,Completed
PO-08217,PR-08217,SUP-00050,EMP-00011,WH-BLR-01,2026-04-23,28733.8,Completed
PO-08218,PR-08218,SUP-00017,EMP-00040,WH-CHN-01,2026-05-29,143669.0,Completed
PO-08219,PR-08219,SUP-00003,EMP-00080,WH-BLR-01,2026-05-29,5615.46,Completed
PO-08220,PR-08220,SUP-00047,EMP-00038,WH-BLR-01,2026-04-28,188041.7,Completed
PO-08221,PR-08221,SUP-00039,EMP-00038,WH-HYD-01,2026-03-27,207375.36,Completed
PO-08222,PR-08222,SUP-00024,EMP-00086,WH-CHN-01,2026-05-06,310573.6,Delayed
PO-08223,PR-08223,SUP-00048,EMP-00016,WH-HYD-01,2026-05-24,332889.58,Completed
PO-08224,PR-08224,SUP-00005,EMP-00027,WH-BLR-01,2026-01-13,218555.01,Completed
PO-08225,PR-08225,SUP-00025,EMP-00093,WH-CHN-01,2026-02-03,216981.28,Completed
PO-08226,PR-08226,SUP-00001,EMP-00062,WH-BLR-01,2026-05-30,25642.05,Completed
PO-08227,PR-08227,SUP-00009,EMP-00032,WH-HYD-01,2026-02-06,208783.12,Completed
PO-08228,PR-08228,SUP-00007,EMP-00066,WH-BLR-01,2026-04-12,531898.74,Completed
PO-08229,PR-08229,SUP-00015,EMP-00046,WH-BLR-01,2026-04-25,111178.8,Completed
PO-08230,PR-08230,SUP-00047,EMP-00084,WH-HYD-01,2026-04-09,455494.39,Completed
PO-08231,PR-08231,SUP-00009,EMP-00090,WH-MYS-01,2026-04-05,5690.55,Completed
PO-08232,PR-08232,SUP-00027,EMP-00054,WH-BLR-01,2026-01-24,8423.19,Completed
PO-08233,PR-08233,SUP-00007,EMP-00083,WH-BLR-01,2026-01-16,576273.11,Cancelled
PO-08234,PR-08234,SUP-00004,EMP-00018,WH-CHN-01,2026-01-25,425351.22,Completed
PO-08235,PR-08235,SUP-00033,EMP-00098,WH-HYD-01,2026-05-24,178067.12,Completed
PO-08236,PR-08236,SUP-00021,EMP-00093,WH-MYS-01,2026-02-22,184309.71,Completed
PO-08237,PR-08237,SUP-00044,EMP-00006,WH-BLR-01,2026-05-19,246526.02,Completed
PO-08238,PR-08238,SUP-00037,EMP-00011,WH-HYD-01,2026-03-13,91665.75,Completed
PO-08239,PR-08239,SUP-00048,EMP-00034,WH-MYS-01,2026-05-05,233345.84,Completed
PO-08240,PR-08240,SUP-00008,EMP-00014,WH-HYD-01,2026-05-18,24015.48,Delayed
PO-08241,PR-08241,SUP-00013,EMP-00007,WH-BLR-01,2026-03-06,172572.12,Completed
PO-08242,PR-08242,SUP-00040,EMP-00028,WH-MYS-01,2026-01-11,106605.07,Completed
PO-08243,PR-08243,SUP-00045,EMP-00040,WH-HYD-01,2026-04-13,13186.64,Completed
PO-08244,PR-08244,SUP-00045,EMP-00018,WH-BLR-01,2026-03-27,72967.27,Completed
PO-08245,PR-08245,SUP-00045,EMP-00055,WH-CHN-01,2026-05-04,106605.07,Completed
PO-08246,PR-08246,SUP-00032,EMP-00062,WH-BLR-01,2026-02-09,142452.13,Delayed
PO-08247,PR-08247,SUP-00042,EMP-00084,WH-MYS-01,2026-03-12,16676.01,Completed
PO-08248,PR-08248,SUP-00032,EMP-00031,WH-HYD-01,2026-04-14,390540.19,Completed
PO-08249,PR-08249,SUP-00030,EMP-00058,WH-HYD-01,2026-05-18,334489.2,Completed
PO-08250,PR-08250,SUP-00009,EMP-00010,WH-MYS-01,2026-03-05,4673.53,Completed
PO-08251,PR-08251,SUP-00035,EMP-00067,WH-CHN-01,2026-04-28,130789.95,Delayed
PO-08252,PR-08252,SUP-00043,EMP-00073,WH-BLR-01,2026-02-24,467033.04,Completed
PO-08253,PR-08253,SUP-00007,EMP-00070,WH-BLR-01,2026-01-08,17438.66,Delayed
PO-08254,PR-08254,SUP-00025,EMP-00050,WH-MYS-01,2026-02-06,4414.8,Cancelled
PO-08255,PR-08255,SUP-00027,EMP-00068,WH-BLR-01,2026-04-13,48862.51,Completed
PO-08256,PR-08256,SUP-00023,EMP-00007,WH-MYS-01,2026-02-01,161940.96,Completed
PO-08257,PR-08257,SUP-00045,EMP-00085,WH-HYD-01,2026-05-10,219785.35,Completed
PO-08258,PR-08258,SUP-00026,EMP-00040,WH-BLR-01,2026-05-17,145968.16,Completed
PO-08259,PR-08259,SUP-00036,EMP-00063,WH-BLR-01,2026-04-28,200961.79,Delayed
PO-08260,PR-08260,SUP-00035,EMP-00094,WH-HYD-01,2026-02-24,14834.97,Completed
PO-08261,PR-08261,SUP-00024,EMP-00013,WH-MYS-01,2026-01-26,368272.06,Completed
PO-08262,PR-08262,SUP-00030,EMP-00044,WH-MYS-01,2026-02-25,187650.45,Delayed
PO-08263,PR-08263,SUP-00026,EMP-00055,WH-HYD-01,2026-03-19,85473.5,Completed
PO-08264,PR-08264,SUP-00050,EMP-00015,WH-HYD-01,2026-04-28,312750.75,Delayed
PO-08265,PR-08265,SUP-00016,EMP-00084,WH-MYS-01,2026-04-16,146112.78,Completed
PO-08266,PR-08266,SUP-00036,EMP-00025,WH-BLR-01,2026-01-27,73048.25,Completed
PO-08267,PR-08267,SUP-00030,EMP-00041,WH-CHN-01,2026-04-10,88836.88,Completed
PO-08268,PR-08268,SUP-00039,EMP-00081,WH-HYD-01,2026-04-21,94817.7,Completed
PO-08269,PR-08269,SUP-00041,EMP-00079,WH-HYD-01,2026-02-08,305474.5,Completed
PO-08270,PR-08270,SUP-00023,EMP-00024,WH-CHN-01,2026-03-12,188821.5,Completed
PO-08271,PR-08271,SUP-00033,EMP-00046,WH-HYD-01,2026-05-25,79801.68,Delayed
PO-08272,PR-08272,SUP-00036,EMP-00041,WH-HYD-01,2026-05-04,73170.3,Completed
PO-08273,PR-08273,SUP-00023,EMP-00036,WH-HYD-01,2026-02-21,129155.58,Completed
PO-08274,PR-08274,SUP-00012,EMP-00024,WH-CHN-01,2026-04-11,111115.55,Completed
PO-08275,PR-08275,SUP-00022,EMP-00018,WH-BLR-01,2026-04-13,367260.4,Completed
PO-08276,PR-08276,SUP-00036,EMP-00032,WH-BLR-01,2026-04-12,322012.88,Completed
PO-08277,PR-08277,SUP-00027,EMP-00082,WH-CHN-01,2026-04-28,70002.8,Delayed
PO-08278,PR-08278,SUP-00003,EMP-00029,WH-MYS-01,2026-01-16,380095.03,Delayed
PO-08279,PR-08279,SUP-00022,EMP-00094,WH-BLR-01,2026-02-26,191825.26,Completed
PO-08280,PR-08280,SUP-00010,EMP-00043,WH-BLR-01,2026-05-29,153445.52,Delayed
PO-08281,PR-08281,SUP-00004,EMP-00064,WH-HYD-01,2026-05-23,6640.75,Completed
PO-08282,PR-08282,SUP-00049,EMP-00031,WH-BLR-01,2026-03-13,112162.5,Delayed
PO-08283,PR-08283,SUP-00015,EMP-00095,WH-CHN-01,2026-05-05,15630.8,Completed
PO-08284,PR-08284,SUP-00018,EMP-00065,WH-BLR-01,2026-05-28,330334.2,Completed
PO-08285,PR-08285,SUP-00005,EMP-00098,WH-BLR-01,2026-01-31,416988.3,Completed
PO-08286,PR-08286,SUP-00021,EMP-00045,WH-CHN-01,2026-04-11,100080.24,Completed
PO-08287,PR-08287,SUP-00045,EMP-00041,WH-CHN-01,2026-01-21,383650.52,Completed
PO-08288,PR-08288,SUP-00048,EMP-00004,WH-MYS-01,2026-04-26,390547.44,Completed
PO-08289,PR-08289,SUP-00042,EMP-00030,WH-CHN-01,2026-01-11,187002.48,Completed
PO-08290,PR-08290,SUP-00038,EMP-00022,WH-HYD-01,2026-03-20,580954.5,Completed
PO-08291,PR-08291,SUP-00033,EMP-00085,WH-BLR-01,2026-01-21,200265.56,Completed
PO-08292,PR-08292,SUP-00035,EMP-00096,WH-BLR-01,2026-02-06,31316.87,Completed
PO-08293,PR-08293,SUP-00028,EMP-00079,WH-CHN-01,2026-05-27,367260.4,Delayed
PO-08294,PR-08294,SUP-00005,EMP-00022,WH-MYS-01,2026-04-09,190728.93,Completed
PO-08295,PR-08295,SUP-00028,EMP-00052,WH-MYS-01,2026-03-06,37005.36,Completed
PO-08296,PR-08296,SUP-00048,EMP-00019,WH-HYD-01,2026-04-13,99611.25,Delayed
PO-08297,PR-08297,SUP-00016,EMP-00087,WH-MYS-01,2026-05-02,174397.77,Completed
PO-08298,PR-08298,SUP-00035,EMP-00081,WH-CHN-01,2026-02-16,60038.7,Completed
PO-08299,PR-08299,SUP-00013,EMP-00007,WH-CHN-01,2026-05-23,72823.84,Delayed
PO-08300,PR-08300,SUP-00035,EMP-00039,WH-CHN-01,2026-04-14,17828.1,Delayed
PO-08301,PR-08301,SUP-00008,EMP-00009,WH-CHN-01,2026-02-10,292538.84,Completed
PO-08302,PR-08302,SUP-00007,EMP-00079,WH-HYD-01,2026-04-23,544555.64,Completed
PO-08303,PR-08303,SUP-00036,EMP-00004,WH-CHN-01,2026-02-25,44092.41,Completed
PO-08304,PR-08304,SUP-00021,EMP-00030,WH-BLR-01,2026-04-08,362262.19,Completed
PO-08305,PR-08305,SUP-00040,EMP-00082,WH-BLR-01,2026-03-06,646537.0,Completed
PO-08306,PR-08306,SUP-00038,EMP-00092,WH-MYS-01,2026-05-15,238649.58,Completed
PO-08307,PR-08307,SUP-00031,EMP-00014,WH-CHN-01,2026-05-30,165218.94,Delayed
PO-08308,PR-08308,SUP-00018,EMP-00005,WH-BLR-01,2026-05-07,60856.07,Completed
PO-08309,PR-08309,SUP-00016,EMP-00059,WH-BLR-01,2026-06-01,142690.5,Completed
PO-08310,PR-08310,SUP-00009,EMP-00079,WH-MYS-01,2026-01-12,287620.2,Completed
PO-08311,PR-08311,SUP-00034,EMP-00012,WH-CHN-01,2026-02-28,233676.5,Completed
PO-08312,PR-08312,SUP-00024,EMP-00010,WH-MYS-01,2026-05-09,501739.2,Completed
PO-08313,PR-08313,SUP-00050,EMP-00036,WH-MYS-01,2026-03-12,518925.6,Completed
PO-08314,PR-08314,SUP-00043,EMP-00079,WH-BLR-01,2026-01-29,48768.24,Delayed
PO-08315,PR-08315,SUP-00001,EMP-00040,WH-BLR-01,2026-06-17,53905.3,Completed
PO-08316,PR-08316,SUP-00043,EMP-00042,WH-BLR-01,2026-06-05,69585.76,Delayed
PO-08317,PR-08317,SUP-00045,EMP-00096,WH-MYS-01,2026-03-04,159574.0,Delayed
PO-08318,PR-08318,SUP-00025,EMP-00042,WH-HYD-01,2026-01-15,92882.43,Delayed
PO-08319,PR-08319,SUP-00047,EMP-00006,WH-CHN-01,2026-05-26,10950.31,Completed
PO-08320,PR-08320,SUP-00017,EMP-00040,WH-HYD-01,2026-03-26,149958.27,Completed
PO-08321,PR-08321,SUP-00016,EMP-00095,WH-HYD-01,2026-05-23,271775.4,Cancelled
PO-08322,PR-08322,SUP-00001,EMP-00074,WH-CHN-01,2026-02-14,199244.7,Completed
PO-08323,PR-08323,SUP-00005,EMP-00068,WH-CHN-01,2026-03-25,278741.0,Delayed
PO-08324,PR-08324,SUP-00046,EMP-00019,WH-BLR-01,2026-04-24,17212.32,Completed
PO-08325,PR-08325,SUP-00029,EMP-00041,WH-CHN-01,2026-01-29,103024.04,Completed
PO-08326,PR-08326,SUP-00049,EMP-00082,WH-CHN-01,2026-01-18,28001.12,Completed
PO-08327,PR-08327,SUP-00042,EMP-00003,WH-BLR-01,2026-02-15,85066.02,Completed
PO-08328,PR-08328,SUP-00009,EMP-00073,WH-MYS-01,2026-02-12,39054.05,Delayed
PO-08329,PR-08329,SUP-00047,EMP-00028,WH-HYD-01,2026-03-18,401863.2,Delayed
PO-08330,PR-08330,SUP-00005,EMP-00024,WH-MYS-01,2026-01-07,322420.95,Completed
PO-08331,PR-08331,SUP-00031,EMP-00100,WH-CHN-01,2026-05-28,654285.0,Completed
PO-08332,PR-08332,SUP-00020,EMP-00036,WH-CHN-01,2026-02-10,501769.21,Completed
PO-08333,PR-08333,SUP-00002,EMP-00034,WH-HYD-01,2026-01-15,34418.44,Completed
PO-08334,PR-08334,SUP-00042,EMP-00040,WH-CHN-01,2026-04-12,580637.6,Completed
PO-08335,PR-08335,SUP-00049,EMP-00100,WH-BLR-01,2026-03-08,26795.57,Completed
PO-08336,PR-08336,SUP-00012,EMP-00034,WH-MYS-01,2026-02-06,285006.0,Completed
PO-08337,PR-08337,SUP-00026,EMP-00011,WH-BLR-01,2026-04-28,51301.08,Delayed
PO-08338,PR-08338,SUP-00032,EMP-00074,WH-BLR-01,2026-05-10,265315.43,Completed
PO-08339,PR-08339,SUP-00041,EMP-00065,WH-HYD-01,2026-03-02,54245.32,Completed
PO-08340,PR-08340,SUP-00048,EMP-00085,WH-BLR-01,2026-05-28,470380.5,Completed
PO-08341,PR-08341,SUP-00045,EMP-00053,WH-HYD-01,2026-04-22,266510.64,Delayed
PO-08342,PR-08342,SUP-00020,EMP-00037,WH-HYD-01,2026-02-15,220700.34,Delayed
PO-08343,PR-08343,SUP-00014,EMP-00083,WH-BLR-01,2026-04-24,418104.75,Completed
PO-08344,PR-08344,SUP-00015,EMP-00029,WH-CHN-01,2026-01-25,196589.05,Delayed
PO-08345,PR-08345,SUP-00035,EMP-00064,WH-CHN-01,2026-04-14,312432.4,Completed
PO-08346,PR-08346,SUP-00038,EMP-00093,WH-CHN-01,2026-03-27,111311.0,Completed
PO-08347,PR-08347,SUP-00040,EMP-00032,WH-HYD-01,2026-04-13,145934.54,Completed
PO-08348,PR-08348,SUP-00049,EMP-00097,WH-HYD-01,2026-05-23,14717.72,Completed
PO-08349,PR-08349,SUP-00005,EMP-00001,WH-MYS-01,2026-02-15,18756.96,Completed
PO-08350,PR-08350,SUP-00016,EMP-00034,WH-BLR-01,2026-03-27,69585.76,Completed
PO-08351,PR-08351,SUP-00004,EMP-00067,WH-BLR-01,2026-01-15,272180.16,Delayed
PO-08352,PR-08352,SUP-00019,EMP-00019,WH-BLR-01,2026-01-19,175436.04,Completed
PO-08353,PR-08353,SUP-00003,EMP-00008,WH-MYS-01,2026-03-23,394689.69,Completed
PO-08354,PR-08354,SUP-00043,EMP-00027,WH-BLR-01,2026-05-10,514285.57,Delayed
PO-08355,PR-08355,SUP-00029,EMP-00016,WH-CHN-01,2026-03-29,27874.1,Completed
PO-08356,PR-08356,SUP-00017,EMP-00038,WH-HYD-01,2026-04-05,5311.18,Cancelled
PO-08357,PR-08357,SUP-00048,EMP-00057,WH-HYD-01,2026-04-08,88117.83,Completed
PO-08358,PR-08358,SUP-00011,EMP-00054,WH-HYD-01,2026-02-19,382721.68,Completed
PO-08359,PR-08359,SUP-00045,EMP-00053,WH-HYD-01,2026-01-05,191488.8,Completed
PO-08360,PR-08360,SUP-00046,EMP-00024,WH-CHN-01,2026-06-01,41547.6,Completed
PO-08361,PR-08361,SUP-00005,EMP-00044,WH-BLR-01,2026-02-02,158567.0,Delayed
PO-08362,PR-08362,SUP-00036,EMP-00061,WH-BLR-01,2026-05-21,84759.5,Completed
PO-08363,PR-08363,SUP-00044,EMP-00022,WH-HYD-01,2026-03-10,238649.58,Completed
PO-08364,PR-08364,SUP-00015,EMP-00048,WH-CHN-01,2026-03-17,16483.3,Delayed
PO-08365,PR-08365,SUP-00043,EMP-00072,WH-HYD-01,2026-04-12,39893.5,Completed
PO-08366,PR-08366,SUP-00043,EMP-00012,WH-CHN-01,2026-04-19,51869.44,Completed
PO-08367,PR-08367,SUP-00040,EMP-00076,WH-HYD-01,2026-01-07,33794.81,Delayed
PO-08368,PR-08368,SUP-00013,EMP-00034,WH-CHN-01,2026-01-20,324071.28,Completed
PO-08369,PR-08369,SUP-00037,EMP-00032,WH-BLR-01,2026-02-28,107898.0,Completed
PO-08370,PR-08370,SUP-00032,EMP-00043,WH-CHN-01,2026-02-25,312750.75,Completed
PO-08371,PR-08371,SUP-00028,EMP-00069,WH-MYS-01,2026-02-08,4689.24,Completed
PO-08372,PR-08372,SUP-00018,EMP-00091,WH-HYD-01,2026-03-13,41860.75,Delayed
PO-08373,PR-08373,SUP-00043,EMP-00057,WH-HYD-01,2026-04-21,8596.94,Completed
PO-08374,PR-08374,SUP-00024,EMP-00071,WH-BLR-01,2026-05-26,6792.0,Completed
PO-08375,PR-08375,SUP-00040,EMP-00016,WH-MYS-01,2026-01-10,351062.8,Completed
PO-08376,PR-08376,SUP-00030,EMP-00071,WH-HYD-01,2026-03-05,69486.75,Delayed
PO-08377,PR-08377,SUP-00050,EMP-00095,WH-HYD-01,2026-02-02,278798.24,Completed
PO-08378,PR-08378,SUP-00005,EMP-00054,WH-CHN-01,2026-05-23,647388.0,Completed
PO-08379,PR-08379,SUP-00022,EMP-00097,WH-CHN-01,2026-05-26,454091.88,Completed
PO-08380,PR-08380,SUP-00003,EMP-00049,WH-BLR-01,2026-01-03,17584.65,Completed
PO-08381,PR-08381,SUP-00033,EMP-00058,WH-MYS-01,2026-05-12,249585.84,Completed
PO-08382,PR-08382,SUP-00004,EMP-00072,WH-CHN-01,2026-04-12,69170.08,Delayed
PO-08383,PR-08383,SUP-00048,EMP-00054,WH-HYD-01,2026-02-18,160833.05,Completed
PO-08384,PR-08384,SUP-00011,EMP-00087,WH-MYS-01,2026-03-23,72651.0,Completed
PO-08385,PR-08385,SUP-00011,EMP-00046,WH-CHN-01,2026-04-07,229416.36,Completed
PO-08386,PR-08386,SUP-00019,EMP-00066,WH-CHN-01,2026-03-01,114964.32,Delayed
PO-08387,PR-08387,SUP-00021,EMP-00030,WH-CHN-01,2026-04-10,169630.48,Completed
PO-08388,PR-08388,SUP-00039,EMP-00010,WH-MYS-01,2026-03-17,145369.44,Completed
PO-08389,PR-08389,SUP-00033,EMP-00046,WH-HYD-01,2026-03-07,211229.46,Delayed
PO-08390,PR-08390,SUP-00004,EMP-00016,WH-MYS-01,2026-03-16,186571.35,Completed
PO-08391,PR-08391,SUP-00048,EMP-00054,WH-MYS-01,2026-03-18,9347.06,Completed
PO-08392,PR-08392,SUP-00038,EMP-00081,WH-MYS-01,2026-04-20,245627.2,Completed
PO-08393,PR-08393,SUP-00004,EMP-00032,WH-HYD-01,2026-06-14,459927.6,Completed
PO-08394,PR-08394,SUP-00007,EMP-00042,WH-MYS-01,2026-04-11,594713.3,Delayed
PO-08395,PR-08395,SUP-00026,EMP-00071,WH-CHN-01,2026-02-10,127934.64,Completed
PO-08396,PR-08396,SUP-00040,EMP-00074,WH-HYD-01,2026-04-05,112061.82,Completed
PO-08397,PR-08397,SUP-00017,EMP-00086,WH-HYD-01,2026-03-27,101468.8,Completed
PO-08398,PR-08398,SUP-00031,EMP-00072,WH-MYS-01,2026-02-03,90620.37,Completed
PO-08399,PR-08399,SUP-00040,EMP-00006,WH-BLR-01,2026-04-17,99905.63,Completed
PO-08400,PR-08400,SUP-00048,EMP-00041,WH-HYD-01,2026-05-22,222116.83,Delayed
PO-08401,PR-08401,SUP-00039,EMP-00030,WH-CHN-01,2026-04-28,39844.5,Completed
PO-08402,PR-08402,SUP-00036,EMP-00020,WH-HYD-01,2026-02-07,59773.41,Completed
PO-08403,PR-08403,SUP-00045,EMP-00083,WH-HYD-01,2026-03-14,92655.09,Delayed
PO-08404,PR-08404,SUP-00050,EMP-00009,WH-BLR-01,2026-04-07,503493.9,Completed
PO-08405,PR-08405,SUP-00050,EMP-00058,WH-CHN-01,2026-02-18,247873.15,Delayed
PO-08406,PR-08406,SUP-00013,EMP-00059,WH-HYD-01,2026-03-03,317134.0,Completed
PO-08407,PR-08407,SUP-00021,EMP-00097,WH-HYD-01,2026-04-30,268445.52,Completed
PO-08408,PR-08408,SUP-00011,EMP-00020,WH-MYS-01,2026-01-10,129334.86,Completed
PO-08409,PR-08409,SUP-00035,EMP-00074,WH-HYD-01,2026-04-10,531898.74,Completed
PO-08410,PR-08410,SUP-00025,EMP-00085,WH-HYD-01,2026-01-27,156040.11,Completed
PO-08411,PR-08411,SUP-00046,EMP-00006,WH-HYD-01,2026-01-20,38069.88,Completed
PO-08412,PR-08412,SUP-00031,EMP-00060,WH-MYS-01,2026-01-28,34484.5,Delayed
PO-08413,PR-08413,SUP-00018,EMP-00094,WH-HYD-01,2026-02-16,26157.99,Completed
PO-08414,PR-08414,SUP-00035,EMP-00076,WH-HYD-01,2026-04-04,859.1,Delayed
PO-08415,PR-08415,SUP-00021,EMP-00075,WH-CHN-01,2026-03-22,514201.95,Completed
PO-08416,PR-08416,SUP-00030,EMP-00025,WH-BLR-01,2026-04-29,234546.84,Completed
PO-08417,PR-08417,SUP-00003,EMP-00012,WH-CHN-01,2026-04-23,11228.32,Completed
PO-08418,PR-08418,SUP-00007,EMP-00079,WH-HYD-01,2026-01-26,142154.48,Completed
PO-08419,PR-08419,SUP-00016,EMP-00021,WH-CHN-01,2026-02-03,436111.65,Completed
PO-08420,PR-08420,SUP-00021,EMP-00012,WH-BLR-01,2026-03-16,448017.92,Completed
PO-08421,PR-08421,SUP-00002,EMP-00020,WH-MYS-01,2026-03-02,129584.8,Completed
PO-08422,PR-08422,SUP-00021,EMP-00097,WH-HYD-01,2026-04-14,110360.1,Completed
PO-08423,PR-08423,SUP-00035,EMP-00047,WH-HYD-01,2026-01-10,3202.1,Completed
PO-08424,PR-08424,SUP-00041,EMP-00067,WH-BLR-01,2026-05-26,589192.14,Completed
PO-08425,PR-08425,SUP-00017,EMP-00070,WH-HYD-01,2026-04-29,2868.72,Completed
PO-08426,PR-08426,SUP-00023,EMP-00066,WH-CHN-01,2026-02-10,155142.6,Delayed
PO-08427,PR-08427,SUP-00027,EMP-00035,WH-CHN-01,2026-01-11,536765.2,Completed
PO-08428,PR-08428,SUP-00005,EMP-00083,WH-HYD-01,2026-03-12,146502.59,Completed
PO-08429,PR-08429,SUP-00040,EMP-00039,WH-MYS-01,2026-03-11,4552.44,Completed
PO-08430,PR-08430,SUP-00029,EMP-00096,WH-HYD-01,2026-03-17,461185.63,Completed
PO-08431,PR-08431,SUP-00033,EMP-00007,WH-HYD-01,2026-01-20,55142.76,Completed
PO-08432,PR-08432,SUP-00037,EMP-00007,WH-HYD-01,2026-05-25,7131.6,Delayed
PO-08433,PR-08433,SUP-00005,EMP-00004,WH-BLR-01,2026-02-21,228004.8,Completed
PO-08434,PR-08434,SUP-00050,EMP-00030,WH-BLR-01,2026-04-03,271112.1,Delayed
PO-08435,PR-08435,SUP-00019,EMP-00045,WH-MYS-01,2026-05-24,67475.4,Delayed
PO-08436,PR-08436,SUP-00017,EMP-00073,WH-BLR-01,2026-05-09,424373.88,Delayed
PO-08437,PR-08437,SUP-00027,EMP-00013,WH-HYD-01,2026-04-15,6304.84,Completed
PO-08438,PR-08438,SUP-00026,EMP-00048,WH-HYD-01,2026-01-11,93729.72,Completed
PO-08439,PR-08439,SUP-00048,EMP-00049,WH-BLR-01,2026-01-09,202471.74,Completed
PO-08440,PR-08440,SUP-00003,EMP-00026,WH-MYS-01,2026-03-13,99622.35,Completed
PO-08441,PR-08441,SUP-00024,EMP-00058,WH-HYD-01,2026-02-13,145387.14,Completed
PO-08442,PR-08442,SUP-00023,EMP-00011,WH-BLR-01,2026-01-23,287233.2,Delayed
PO-08443,PR-08443,SUP-00015,EMP-00021,WH-MYS-01,2026-02-08,106858.56,Completed
PO-08444,PR-08444,SUP-00039,EMP-00034,WH-CHN-01,2026-03-30,171655.82,Delayed
PO-08445,PR-08445,SUP-00019,EMP-00052,WH-HYD-01,2026-05-14,10242.99,Cancelled
PO-08446,PR-08446,SUP-00010,EMP-00004,WH-MYS-01,2026-03-31,25370.72,Cancelled
PO-08447,PR-08447,SUP-00009,EMP-00093,WH-BLR-01,2026-02-01,528099.3,Completed
PO-08448,PR-08448,SUP-00019,EMP-00090,WH-HYD-01,2026-02-28,6735.06,Delayed
PO-08449,PR-08449,SUP-00049,EMP-00061,WH-HYD-01,2026-03-11,132815.0,Completed
PO-08450,PR-08450,SUP-00007,EMP-00064,WH-CHN-01,2026-03-09,51892.56,Completed
PO-08451,PR-08451,SUP-00008,EMP-00069,WH-MYS-01,2026-02-05,25116.45,Completed
PO-08452,PR-08452,SUP-00036,EMP-00071,WH-CHN-01,2026-05-25,282062.55,Completed
PO-08453,PR-08453,SUP-00019,EMP-00020,WH-MYS-01,2026-01-23,26897.91,Completed
PO-08454,PR-08454,SUP-00031,EMP-00067,WH-HYD-01,2026-05-05,196085.13,Completed
PO-08455,PR-08455,SUP-00048,EMP-00083,WH-MYS-01,2026-03-15,435966.5,Cancelled
PO-08456,PR-08456,SUP-00028,EMP-00055,WH-HYD-01,2026-04-04,849.0,Completed
PO-08457,PR-08457,SUP-00016,EMP-00001,WH-MYS-01,2026-01-22,455494.39,Completed
PO-08458,PR-08458,SUP-00046,EMP-00063,WH-BLR-01,2026-04-15,191995.92,Completed
PO-08459,PR-08459,SUP-00029,EMP-00042,WH-CHN-01,2026-03-20,13897.35,Completed
PO-08460,PR-08460,SUP-00032,EMP-00001,WH-MYS-01,2026-04-21,240976.08,Completed
PO-08461,PR-08461,SUP-00006,EMP-00033,WH-HYD-01,2026-05-20,315256.04,Completed
PO-08462,PR-08462,SUP-00030,EMP-00052,WH-CHN-01,2026-06-02,73588.6,Completed
PO-08463,PR-08463,SUP-00040,EMP-00002,WH-BLR-01,2026-03-01,330532.36,Completed
PO-08464,PR-08464,SUP-00040,EMP-00047,WH-MYS-01,2026-03-04,90726.72,Completed
PO-08465,PR-08465,SUP-00045,EMP-00012,WH-MYS-01,2026-03-27,216725.67,Delayed
PO-08466,PR-08466,SUP-00007,EMP-00095,WH-HYD-01,2026-02-27,324884.2,Completed
PO-08467,PR-08467,SUP-00011,EMP-00026,WH-CHN-01,2026-05-31,107460.06,Delayed
PO-08468,PR-08468,SUP-00023,EMP-00084,WH-BLR-01,2026-05-06,23449.46,Completed
PO-08469,PR-08469,SUP-00015,EMP-00008,WH-CHN-01,2026-02-01,721168.28,Completed
PO-08470,PR-08470,SUP-00025,EMP-00087,WH-CHN-01,2026-01-16,528078.27,Completed
PO-08471,PR-08471,SUP-00009,EMP-00027,WH-CHN-01,2026-01-16,391130.25,Delayed
PO-08472,PR-08472,SUP-00015,EMP-00048,WH-BLR-01,2026-04-18,236787.5,Completed
PO-08473,PR-08473,SUP-00042,EMP-00096,WH-CHN-01,2026-05-16,194562.9,Cancelled
PO-08474,PR-08474,SUP-00034,EMP-00012,WH-BLR-01,2026-02-08,111711.76,Cancelled
PO-08475,PR-08475,SUP-00033,EMP-00039,WH-MYS-01,2026-04-19,202190.12,Delayed
PO-08476,PR-08476,SUP-00025,EMP-00026,WH-HYD-01,2026-05-09,34189.4,Completed
PO-08477,PR-08477,SUP-00040,EMP-00024,WH-BLR-01,2026-02-22,264049.65,Completed
PO-08478,PR-08478,SUP-00047,EMP-00065,WH-MYS-01,2026-04-21,407663.1,Completed
PO-08479,PR-08479,SUP-00001,EMP-00033,WH-BLR-01,2026-02-12,128210.25,Completed
PO-08480,PR-08480,SUP-00017,EMP-00028,WH-HYD-01,2026-03-17,199991.61,Cancelled
PO-08481,PR-08481,SUP-00003,EMP-00085,WH-CHN-01,2026-05-23,390.77,Completed
PO-08482,PR-08482,SUP-00049,EMP-00055,WH-HYD-01,2026-02-16,122923.0,Delayed
PO-08483,PR-08483,SUP-00031,EMP-00002,WH-CHN-01,2026-01-29,75402.22,Completed
PO-08484,PR-08484,SUP-00018,EMP-00037,WH-BLR-01,2026-03-16,208494.15,Completed
PO-08485,PR-08485,SUP-00045,EMP-00026,WH-BLR-01,2026-03-09,78473.97,Completed
PO-08486,PR-08486,SUP-00014,EMP-00045,WH-HYD-01,2026-04-25,680970.15,Completed
PO-08487,PR-08487,SUP-00033,EMP-00097,WH-BLR-01,2026-04-23,2811.6,Completed
PO-08488,PR-08488,SUP-00040,EMP-00090,WH-HYD-01,2026-05-18,374392.9,Delayed
PO-08489,PR-08489,SUP-00009,EMP-00058,WH-CHN-01,2026-02-09,196126.42,Completed
PO-08490,PR-08490,SUP-00025,EMP-00012,WH-CHN-01,2026-05-08,522645.0,Cancelled
PO-08491,PR-08491,SUP-00020,EMP-00049,WH-CHN-01,2026-04-29,376746.75,Cancelled
PO-08492,PR-08492,SUP-00027,EMP-00031,WH-HYD-01,2026-01-17,499713.98,Completed
PO-08493,PR-08493,SUP-00016,EMP-00018,WH-CHN-01,2026-03-14,246729.0,Completed
PO-08494,PR-08494,SUP-00026,EMP-00043,WH-HYD-01,2026-05-12,69819.85,Completed
PO-08495,PR-08495,SUP-00013,EMP-00049,WH-CHN-01,2026-02-10,366155.91,Completed
PO-08496,PR-08496,SUP-00029,EMP-00023,WH-HYD-01,2026-05-11,222622.0,Completed
PO-08497,PR-08497,SUP-00029,EMP-00032,WH-BLR-01,2026-03-10,374023.46,Completed
PO-08498,PR-08498,SUP-00022,EMP-00089,WH-BLR-01,2026-06-05,77838.84,Completed
PO-08499,PR-08499,SUP-00032,EMP-00056,WH-BLR-01,2026-03-23,411216.54,Delayed
PO-08500,PR-08500,SUP-00024,EMP-00047,WH-BLR-01,2026-04-11,13561.33,Completed
PO-08501,PR-08501,SUP-00027,EMP-00068,WH-CHN-01,2026-05-22,57076.2,Delayed
PO-08502,PR-08502,SUP-00046,EMP-00023,WH-HYD-01,2026-01-27,441472.5,Completed
PO-08503,PR-08503,SUP-00022,EMP-00089,WH-CHN-01,2026-05-15,37293.36,Completed
PO-08504,PR-08504,SUP-00008,EMP-00006,WH-BLR-01,2026-03-27,185749.84,Completed
PO-08505,PR-08505,SUP-00016,EMP-00094,WH-CHN-01,2026-06-01,25284.72,Cancelled
PO-08506,PR-08506,SUP-00041,EMP-00010,WH-HYD-01,2026-03-27,38050.8,Completed
PO-08507,PR-08507,SUP-00006,EMP-00076,WH-HYD-01,2026-02-17,279819.76,Completed
PO-08508,PR-08508,SUP-00046,EMP-00068,WH-MYS-01,2026-01-19,117924.66,Delayed
PO-08509,PR-08509,SUP-00001,EMP-00085,WH-MYS-01,2026-02-27,279819.76,Completed
PO-08510,PR-08510,SUP-00037,EMP-00066,WH-MYS-01,2026-02-21,240416.7,Delayed
PO-08511,PR-08511,SUP-00016,EMP-00029,WH-HYD-01,2026-05-06,672026.88,Completed
PO-08512,PR-08512,SUP-00037,EMP-00081,WH-MYS-01,2026-02-02,116190.9,Completed
PO-08513,PR-08513,SUP-00045,EMP-00097,WH-HYD-01,2026-03-31,204529.92,Completed
PO-08514,PR-08514,SUP-00041,EMP-00040,WH-HYD-01,2026-01-25,102922.25,Completed
PO-08515,PR-08515,SUP-00003,EMP-00082,WH-HYD-01,2026-02-12,84596.36,Cancelled
PO-08516,PR-08516,SUP-00006,EMP-00099,WH-CHN-01,2026-02-04,84003.36,Delayed
PO-08517,PR-08517,SUP-00041,EMP-00075,WH-MYS-01,2026-03-01,50154.37,Completed
PO-08518,PR-08518,SUP-00049,EMP-00022,WH-BLR-01,2026-02-27,79959.15,Completed
PO-08519,PR-08519,SUP-00018,EMP-00086,WH-BLR-01,2026-03-10,200994.08,Completed
PO-08520,PR-08520,SUP-00019,EMP-00019,WH-MYS-01,2026-05-17,513943.12,Completed
PO-08521,PR-08521,SUP-00002,EMP-00064,WH-MYS-01,2026-01-25,25020.66,Delayed
PO-08522,PR-08522,SUP-00038,EMP-00035,WH-BLR-01,2026-01-24,60038.7,Completed
PO-08523,PR-08523,SUP-00021,EMP-00012,WH-CHN-01,2026-02-23,546021.84,Completed
PO-08524,PR-08524,SUP-00033,EMP-00093,WH-BLR-01,2026-01-21,348889.32,Completed
PO-08525,PR-08525,SUP-00024,EMP-00089,WH-CHN-01,2026-05-22,525433.86,Delayed
PO-08526,PR-08526,SUP-00005,EMP-00026,WH-CHN-01,2026-02-24,529108.92,Completed
PO-08527,PR-08527,SUP-00012,EMP-00057,WH-CHN-01,2026-05-13,272469.9,Completed
PO-08528,PR-08528,SUP-00003,EMP-00093,WH-MYS-01,2026-05-29,75691.48,Completed
PO-08529,PR-08529,SUP-00027,EMP-00055,WH-HYD-01,2026-04-14,349099.25,Completed
PO-08530,PR-08530,SUP-00019,EMP-00013,WH-BLR-01,2026-01-13,18357.66,Delayed
PO-08531,PR-08531,SUP-00027,EMP-00049,WH-BLR-01,2026-05-09,229283.25,Completed
PO-08532,PR-08532,SUP-00011,EMP-00025,WH-MYS-01,2026-02-03,485822.88,Delayed
PO-08533,PR-08533,SUP-00033,EMP-00070,WH-CHN-01,2026-04-15,245627.2,Completed
PO-08534,PR-08534,SUP-00012,EMP-00090,WH-HYD-01,2026-04-21,21322.44,Delayed
PO-08535,PR-08535,SUP-00035,EMP-00015,WH-MYS-01,2026-05-21,75808.71,Completed
PO-08536,PR-08536,SUP-00005,EMP-00054,WH-BLR-01,2026-02-17,88957.0,Completed
PO-08537,PR-08537,SUP-00035,EMP-00068,WH-HYD-01,2026-02-04,261666.99,Delayed
PO-08538,PR-08538,SUP-00024,EMP-00099,WH-BLR-01,2026-03-26,315652.68,Completed
PO-08539,PR-08539,SUP-00045,EMP-00056,WH-CHN-01,2026-05-30,146502.59,Completed
PO-08540,PR-08540,SUP-00011,EMP-00069,WH-MYS-01,2026-01-13,117490.44,Completed
PO-08541,PR-08541,SUP-00025,EMP-00028,WH-HYD-01,2026-04-02,97694.92,Completed
PO-08542,PR-08542,SUP-00007,EMP-00039,WH-HYD-01,2026-02-19,143468.13,Completed
PO-08543,PR-08543,SUP-00010,EMP-00029,WH-HYD-01,2026-03-11,147171.5,Completed
PO-08544,PR-08544,SUP-00005,EMP-00042,WH-HYD-01,2026-05-22,28018.06,Completed
PO-08545,PR-08545,SUP-00021,EMP-00013,WH-MYS-01,2026-04-28,116648.64,Completed
PO-08546,PR-08546,SUP-00003,EMP-00025,WH-MYS-01,2026-04-27,392170.26,Completed
PO-08547,PR-08547,SUP-00045,EMP-00022,WH-CHN-01,2026-01-22,206040.1,Completed
PO-08548,PR-08548,SUP-00042,EMP-00051,WH-BLR-01,2026-03-16,127536.5,Completed
PO-08549,PR-08549,SUP-00016,EMP-00064,WH-BLR-01,2026-05-31,227045.94,Delayed
PO-08550,PR-08550,SUP-00049,EMP-00004,WH-CHN-01,2026-02-23,115631.52,Completed
PO-08551,PR-08551,SUP-00013,EMP-00088,WH-BLR-01,2026-02-10,103002.76,Completed
PO-08552,PR-08552,SUP-00050,EMP-00002,WH-CHN-01,2026-05-15,3507.08,Delayed
PO-08553,PR-08553,SUP-00033,EMP-00078,WH-MYS-01,2026-02-04,241772.64,Delayed
PO-08554,PR-08554,SUP-00025,EMP-00010,WH-HYD-01,2026-04-09,393278.57,Completed
PO-08555,PR-08555,SUP-00015,EMP-00089,WH-BLR-01,2026-05-15,303707.61,Completed
PO-08556,PR-08556,SUP-00046,EMP-00085,WH-CHN-01,2026-04-10,83622.3,Completed
PO-08557,PR-08557,SUP-00042,EMP-00052,WH-BLR-01,2026-04-15,29002.5,Completed
PO-08558,PR-08558,SUP-00028,EMP-00044,WH-CHN-01,2026-01-28,183314.22,Delayed
PO-08559,PR-08559,SUP-00020,EMP-00048,WH-HYD-01,2026-03-12,18195.75,Completed
PO-08560,PR-08560,SUP-00019,EMP-00004,WH-MYS-01,2026-01-30,80748.36,Completed
PO-08561,PR-08561,SUP-00044,EMP-00053,WH-HYD-01,2026-05-04,34369.75,Completed
PO-08562,PR-08562,SUP-00009,EMP-00020,WH-MYS-01,2026-05-07,336984.96,Completed
PO-08563,PR-08563,SUP-00017,EMP-00046,WH-HYD-01,2026-03-28,15173.18,Completed
PO-08564,PR-08564,SUP-00012,EMP-00032,WH-MYS-01,2026-05-03,58005.0,Completed
PO-08565,PR-08565,SUP-00009,EMP-00033,WH-MYS-01,2026-02-05,12292.3,Completed
PO-08566,PR-08566,SUP-00024,EMP-00081,WH-HYD-01,2026-04-22,587985.51,Completed
PO-08567,PR-08567,SUP-00033,EMP-00029,WH-CHN-01,2026-03-14,419030.04,Completed
PO-08568,PR-08568,SUP-00045,EMP-00100,WH-CHN-01,2026-01-13,333319.35,Completed
PO-08569,PR-08569,SUP-00021,EMP-00007,WH-BLR-01,2026-01-23,146861.28,Completed
PO-08570,PR-08570,SUP-00047,EMP-00077,WH-HYD-01,2026-04-16,139455.75,Delayed
PO-08571,PR-08571,SUP-00033,EMP-00099,WH-BLR-01,2026-05-12,83721.5,Completed
PO-08572,PR-08572,SUP-00006,EMP-00061,WH-BLR-01,2026-06-12,161496.72,Completed
PO-08573,PR-08573,SUP-00049,EMP-00069,WH-CHN-01,2026-01-27,360002.45,Cancelled
PO-08574,PR-08574,SUP-00013,EMP-00071,WH-MYS-01,2026-06-07,134556.8,Delayed
PO-08575,PR-08575,SUP-00027,EMP-00001,WH-BLR-01,2026-04-26,528099.3,Completed
PO-08576,PR-08576,SUP-00042,EMP-00051,WH-MYS-01,2026-06-06,16744.3,Completed
PO-08577,PR-08577,SUP-00010,EMP-00054,WH-HYD-01,2026-03-07,172678.74,Delayed
PO-08578,PR-08578,SUP-00044,EMP-00019,WH-CHN-01,2026-01-06,570818.16,Completed
PO-08579,PR-08579,SUP-00033,EMP-00079,WH-MYS-01,2026-03-13,126185.31,Completed
PO-08580,PR-08580,SUP-00043,EMP-00046,WH-HYD-01,2026-02-19,514967.46,Completed
PO-08581,PR-08581,SUP-00019,EMP-00025,WH-HYD-01,2026-05-12,8715.96,Completed
PO-08582,PR-08582,SUP-00034,EMP-00074,WH-HYD-01,2026-02-22,374918.88,Completed
PO-08583,PR-08583,SUP-00023,EMP-00074,WH-HYD-01,2026-03-02,145501.56,Delayed
PO-08584,PR-08584,SUP-00041,EMP-00099,WH-CHN-01,2026-03-03,100080.24,Completed
PO-08585,PR-08585,SUP-00002,EMP-00051,WH-BLR-01,2026-02-20,63127.44,Delayed
PO-08586,PR-08586,SUP-00011,EMP-00007,WH-HYD-01,2026-06-02,142478.08,Completed
PO-08587,PR-08587,SUP-00046,EMP-00077,WH-MYS-01,2026-03-04,16483.3,Completed
PO-08588,PR-08588,SUP-00016,EMP-00086,WH-BLR-01,2026-02-05,34792.88,Completed
PO-08589,PR-08589,SUP-00037,EMP-00071,WH-BLR-01,2026-02-19,19922.25,Completed
PO-08590,PR-08590,SUP-00012,EMP-00071,WH-HYD-01,2026-03-11,26565.96,Completed
PO-08591,PR-08591,SUP-00034,EMP-00033,WH-HYD-01,2026-01-08,148037.4,Completed
PO-08592,PR-08592,SUP-00017,EMP-00022,WH-BLR-01,2026-04-05,54663.7,Completed
PO-08593,PR-08593,SUP-00010,EMP-00003,WH-BLR-01,2026-01-14,75317.0,Completed
PO-08594,PR-08594,SUP-00005,EMP-00020,WH-CHN-01,2026-02-27,302901.39,Completed
PO-08595,PR-08595,SUP-00011,EMP-00045,WH-CHN-01,2026-01-18,105931.25,Completed
PO-08596,PR-08596,SUP-00031,EMP-00010,WH-MYS-01,2026-03-13,79496.67,Completed
PO-08597,PR-08597,SUP-00002,EMP-00070,WH-HYD-01,2026-03-27,18756.96,Completed
PO-08598,PR-08598,SUP-00031,EMP-00093,WH-MYS-01,2026-01-17,168492.48,Delayed
PO-08599,PR-08599,SUP-00046,EMP-00097,WH-HYD-01,2026-02-13,78473.97,Delayed
PO-08600,PR-08600,SUP-00036,EMP-00066,WH-MYS-01,2026-05-13,34614.93,Completed
PO-08601,PR-08601,SUP-00030,EMP-00001,WH-BLR-01,2026-02-09,179083.58,Delayed
PO-08602,PR-08602,SUP-00001,EMP-00057,WH-BLR-01,2026-01-27,3961.8,Cancelled
PO-08603,PR-08603,SUP-00009,EMP-00066,WH-BLR-01,2026-04-06,274837.08,Delayed
PO-08604,PR-08604,SUP-00034,EMP-00049,WH-HYD-01,2026-03-19,678877.2,Completed
PO-08605,PR-08605,SUP-00027,EMP-00011,WH-MYS-01,2026-02-12,58745.22,Completed
PO-08606,PR-08606,SUP-00015,EMP-00004,WH-HYD-01,2026-01-19,242095.28,Completed
PO-08607,PR-08607,SUP-00004,EMP-00006,WH-BLR-01,2026-03-15,403023.15,Cancelled
PO-08608,PR-08608,SUP-00039,EMP-00025,WH-BLR-01,2026-03-24,215651.12,Completed
PO-08609,PR-08609,SUP-00002,EMP-00019,WH-BLR-01,2026-04-19,529314.1,Completed
PO-08610,PR-08610,SUP-00006,EMP-00080,WH-MYS-01,2026-05-23,159603.36,Delayed
PO-08611,PR-08611,SUP-00042,EMP-00059,WH-MYS-01,2026-05-27,251767.88,Completed
PO-08612,PR-08612,SUP-00006,EMP-00077,WH-BLR-01,2026-01-18,662297.4,Completed
PO-08613,PR-08613,SUP-00029,EMP-00078,WH-BLR-01,2026-04-22,261714.0,Delayed
PO-08614,PR-08614,SUP-00039,EMP-00090,WH-MYS-01,2026-02-02,28552.41,Completed
PO-08615,PR-08615,SUP-00021,EMP-00004,WH-CHN-01,2026-03-13,171003.6,Delayed
PO-08616,PR-08616,SUP-00038,EMP-00060,WH-CHN-01,2026-02-26,94821.54,Completed
PO-08617,PR-08617,SUP-00024,EMP-00001,WH-MYS-01,2026-02-04,550441.32,Cancelled
PO-08618,PR-08618,SUP-00039,EMP-00002,WH-BLR-01,2026-02-10,1752.24,Completed
PO-08619,PR-08619,SUP-00024,EMP-00098,WH-HYD-01,2026-04-26,108172.24,Completed
PO-08620,PR-08620,SUP-00006,EMP-00009,WH-BLR-01,2026-04-25,107825.56,Completed
PO-08621,PR-08621,SUP-00024,EMP-00036,WH-CHN-01,2026-04-24,80870.0,Completed
PO-08622,PR-08622,SUP-00041,EMP-00002,WH-HYD-01,2026-05-23,229216.23,Completed
PO-08623,PR-08623,SUP-00013,EMP-00062,WH-CHN-01,2026-04-30,62636.54,Completed
PO-08624,PR-08624,SUP-00014,EMP-00027,WH-HYD-01,2026-05-28,112162.5,Cancelled
PO-08625,PR-08625,SUP-00016,EMP-00042,WH-CHN-01,2026-02-28,392420.0,Completed
PO-08626,PR-08626,SUP-00041,EMP-00074,WH-MYS-01,2026-04-30,33639.2,Completed
PO-08627,PR-08627,SUP-00044,EMP-00089,WH-HYD-01,2026-01-16,385510.86,Completed
PO-08628,PR-08628,SUP-00034,EMP-00055,WH-HYD-01,2026-04-01,212675.61,Completed
PO-08629,PR-08629,SUP-00043,EMP-00072,WH-HYD-01,2026-04-27,62636.54,Delayed
PO-08630,PR-08630,SUP-00006,EMP-00093,WH-HYD-01,2026-03-08,206040.1,Completed
PO-08631,PR-08631,SUP-00048,EMP-00065,WH-HYD-01,2026-06-08,392170.26,Completed
PO-08632,PR-08632,SUP-00018,EMP-00044,WH-BLR-01,2026-04-08,181623.96,Completed
PO-08633,PR-08633,SUP-00030,EMP-00016,WH-MYS-01,2026-05-03,165667.27,Delayed
PO-08634,PR-08634,SUP-00046,EMP-00056,WH-CHN-01,2026-02-23,416191.91,Completed
PO-08635,PR-08635,SUP-00035,EMP-00063,WH-HYD-01,2026-03-23,168726.45,Completed
PO-08636,PR-08636,SUP-00004,EMP-00062,WH-CHN-01,2026-03-27,50814.96,Completed
PO-08637,PR-08637,SUP-00036,EMP-00059,WH-BLR-01,2026-03-21,123732.73,Completed
PO-08638,PR-08638,SUP-00041,EMP-00095,WH-BLR-01,2026-01-17,339438.6,Completed
PO-08639,PR-08639,SUP-00011,EMP-00009,WH-BLR-01,2026-02-06,17338.31,Completed
PO-08640,PR-08640,SUP-00002,EMP-00025,WH-CHN-01,2026-01-27,2547.0,Delayed
PO-08641,PR-08641,SUP-00041,EMP-00087,WH-BLR-01,2026-03-01,134163.51,Completed
PO-08642,PR-08642,SUP-00037,EMP-00094,WH-HYD-01,2026-01-25,267837.6,Completed
PO-08643,PR-08643,SUP-00032,EMP-00100,WH-CHN-01,2026-03-30,68043.86,Delayed
PO-08644,PR-08644,SUP-00024,EMP-00033,WH-CHN-01,2026-03-01,20336.29,Completed
PO-08645,PR-08645,SUP-00017,EMP-00029,WH-CHN-01,2026-02-13,436111.65,Completed
PO-08646,PR-08646,SUP-00015,EMP-00061,WH-CHN-01,2026-02-10,512192.1,Completed
PO-08647,PR-08647,SUP-00012,EMP-00005,WH-CHN-01,2026-04-15,229470.75,Completed
PO-08648,PR-08648,SUP-00004,EMP-00014,WH-CHN-01,2026-02-02,416191.91,Delayed
PO-08649,PR-08649,SUP-00043,EMP-00034,WH-CHN-01,2026-06-01,185764.86,Delayed
PO-08650,PR-08650,SUP-00028,EMP-00007,WH-HYD-01,2026-02-11,216788.13,Delayed
PO-08651,PR-08651,SUP-00039,EMP-00005,WH-HYD-01,2026-01-28,181030.36,Cancelled
PO-08652,PR-08652,SUP-00047,EMP-00051,WH-MYS-01,2026-04-29,188821.5,Completed
PO-08653,PR-08653,SUP-00049,EMP-00026,WH-CHN-01,2026-04-21,222583.9,Delayed
PO-08654,PR-08654,SUP-00028,EMP-00059,WH-BLR-01,2026-04-13,465185.76,Cancelled
PO-08655,PR-08655,SUP-00038,EMP-00018,WH-HYD-01,2026-03-09,54138.0,Completed
PO-08656,PR-08656,SUP-00006,EMP-00079,WH-BLR-01,2026-04-02,512923.53,Completed
PO-08657,PR-08657,SUP-00044,EMP-00098,WH-HYD-01,2026-05-18,242284.25,Completed
PO-08658,PR-08658,SUP-00049,EMP-00057,WH-MYS-01,2026-04-28,116838.25,Delayed
PO-08659,PR-08659,SUP-00034,EMP-00064,WH-BLR-01,2026-02-16,155677.68,Completed
PO-08660,PR-08660,SUP-00002,EMP-00040,WH-CHN-01,2026-02-11,465185.76,Delayed
PO-08661,PR-08661,SUP-00031,EMP-00069,WH-BLR-01,2026-04-21,88957.0,Delayed
PO-08662,PR-08662,SUP-00009,EMP-00092,WH-HYD-01,2026-05-10,132602.54,Completed
PO-08663,PR-08663,SUP-00024,EMP-00047,WH-CHN-01,2026-04-28,4754.4,Completed
PO-08664,PR-08664,SUP-00003,EMP-00063,WH-MYS-01,2026-02-02,40981.46,Completed
PO-08665,PR-08665,SUP-00040,EMP-00062,WH-HYD-01,2026-02-26,82355.28,Completed
PO-08666,PR-08666,SUP-00004,EMP-00017,WH-MYS-01,2026-03-11,504443.1,Completed
PO-08667,PR-08667,SUP-00033,EMP-00021,WH-HYD-01,2026-05-05,48954.35,Completed
PO-08668,PR-08668,SUP-00009,EMP-00082,WH-BLR-01,2026-05-06,83587.64,Completed
PO-08669,PR-08669,SUP-00036,EMP-00098,WH-CHN-01,2026-05-09,37388.24,Completed
PO-08670,PR-08670,SUP-00025,EMP-00064,WH-HYD-01,2026-05-07,86935.25,Completed
PO-08671,PR-08671,SUP-00049,EMP-00003,WH-CHN-01,2026-01-30,77094.5,Completed
PO-08672,PR-08672,SUP-00029,EMP-00073,WH-BLR-01,2026-02-27,44504.91,Completed
PO-08673,PR-08673,SUP-00023,EMP-00060,WH-CHN-01,2026-01-21,406016.24,Delayed
PO-08674,PR-08674,SUP-00032,EMP-00025,WH-CHN-01,2026-02-28,415476.0,Completed
PO-08675,PR-08675,SUP-00003,EMP-00065,WH-BLR-01,2026-02-03,16862.93,Completed
PO-08676,PR-08676,SUP-00025,EMP-00035,WH-CHN-01,2026-04-19,82674.02,Completed
PO-08677,PR-08677,SUP-00011,EMP-00004,WH-BLR-01,2026-01-29,299716.89,Completed
PO-08678,PR-08678,SUP-00016,EMP-00030,WH-CHN-01,2026-03-30,472586.74,Completed
PO-08679,PR-08679,SUP-00017,EMP-00096,WH-MYS-01,2026-04-17,54347.92,Completed
PO-08680,PR-08680,SUP-00038,EMP-00076,WH-MYS-01,2026-05-13,258989.25,Completed
PO-08681,PR-08681,SUP-00040,EMP-00029,WH-HYD-01,2026-05-06,18589.13,Delayed
PO-08682,PR-08682,SUP-00044,EMP-00073,WH-CHN-01,2026-03-23,201934.26,Delayed
PO-08683,PR-08683,SUP-00021,EMP-00048,WH-CHN-01,2026-02-26,542084.79,Completed
PO-08684,PR-08684,SUP-00030,EMP-00007,WH-HYD-01,2026-02-04,461185.63,Completed
PO-08685,PR-08685,SUP-00002,EMP-00004,WH-BLR-01,2026-04-09,1093.4,Completed
PO-08686,PR-08686,SUP-00033,EMP-00003,WH-MYS-01,2026-02-09,542453.2,Completed
PO-08687,PR-08687,SUP-00045,EMP-00025,WH-MYS-01,2026-01-27,200544.59,Completed
PO-08688,PR-08688,SUP-00034,EMP-00062,WH-BLR-01,2026-04-16,675415.38,Completed
PO-08689,PR-08689,SUP-00028,EMP-00068,WH-CHN-01,2026-02-14,150698.7,Completed
PO-08690,PR-08690,SUP-00013,EMP-00023,WH-MYS-01,2026-02-15,158887.3,Completed
PO-08691,PR-08691,SUP-00049,EMP-00085,WH-BLR-01,2026-03-11,355548.0,Delayed
PO-08692,PR-08692,SUP-00023,EMP-00007,WH-CHN-01,2026-03-26,216189.9,Completed
PO-08693,PR-08693,SUP-00021,EMP-00087,WH-CHN-01,2026-01-07,283935.23,Delayed
PO-08694,PR-08694,SUP-00017,EMP-00045,WH-MYS-01,2026-01-13,70929.45,Completed
PO-08695,PR-08695,SUP-00004,EMP-00094,WH-CHN-01,2026-02-03,392170.26,Completed
PO-08696,PR-08696,SUP-00030,EMP-00039,WH-HYD-01,2026-01-11,14458.49,Completed
PO-08697,PR-08697,SUP-00019,EMP-00095,WH-CHN-01,2026-03-23,171421.38,Completed
PO-08698,PR-08698,SUP-00013,EMP-00064,WH-MYS-01,2026-01-22,543091.08,Delayed
PO-08699,PR-08699,SUP-00042,EMP-00046,WH-BLR-01,2026-03-12,792.36,Delayed
PO-08700,PR-08700,SUP-00047,EMP-00036,WH-CHN-01,2026-03-07,167831.3,Completed
PO-08701,PR-08701,SUP-00024,EMP-00038,WH-BLR-01,2026-05-13,79959.15,Cancelled
PO-08702,PR-08702,SUP-00006,EMP-00065,WH-HYD-01,2026-05-20,102817.66,Completed
PO-08703,PR-08703,SUP-00037,EMP-00032,WH-BLR-01,2026-02-08,539490.0,Completed
PO-08704,PR-08704,SUP-00045,EMP-00084,WH-CHN-01,2026-03-15,251767.88,Completed
PO-08705,PR-08705,SUP-00018,EMP-00048,WH-BLR-01,2026-05-20,120284.56,Completed
PO-08706,PR-08706,SUP-00017,EMP-00049,WH-MYS-01,2026-03-31,308799.22,Completed
PO-08707,PR-08707,SUP-00038,EMP-00025,WH-MYS-01,2026-03-15,238649.58,Completed
PO-08708,PR-08708,SUP-00047,EMP-00028,WH-CHN-01,2026-01-18,101482.88,Delayed
PO-08709,PR-08709,SUP-00031,EMP-00018,WH-BLR-01,2026-05-11,208598.94,Completed
PO-08710,PR-08710,SUP-00044,EMP-00045,WH-HYD-01,2026-05-23,25861.48,Completed
PO-08711,PR-08711,SUP-00036,EMP-00040,WH-CHN-01,2026-04-03,15554.17,Completed
PO-08712,PR-08712,SUP-00027,EMP-00037,WH-BLR-01,2026-03-10,168726.45,Delayed
PO-08713,PR-08713,SUP-00025,EMP-00100,WH-MYS-01,2026-04-17,677395.02,Completed
PO-08714,PR-08714,SUP-00030,EMP-00068,WH-CHN-01,2026-01-07,392991.2,Completed
PO-08715,PR-08715,SUP-00038,EMP-00017,WH-HYD-01,2026-04-10,564011.98,Completed
PO-08716,PR-08716,SUP-00034,EMP-00089,WH-MYS-01,2026-04-09,184526.65,Completed
PO-08717,PR-08717,SUP-00013,EMP-00087,WH-HYD-01,2026-05-06,150084.09,Delayed
PO-08718,PR-08718,SUP-00035,EMP-00081,WH-MYS-01,2026-03-29,227905.47,Completed
PO-08719,PR-08719,SUP-00024,EMP-00008,WH-CHN-01,2026-05-13,179320.23,Completed
PO-08720,PR-08720,SUP-00001,EMP-00050,WH-CHN-01,2026-01-30,90620.37,Delayed
PO-08721,PR-08721,SUP-00021,EMP-00052,WH-MYS-01,2026-06-05,7815.4,Completed
PO-08722,PR-08722,SUP-00031,EMP-00052,WH-BLR-01,2026-06-01,392170.26,Completed
PO-08723,PR-08723,SUP-00001,EMP-00024,WH-MYS-01,2026-05-30,19654.11,Completed
PO-08724,PR-08724,SUP-00023,EMP-00063,WH-CHN-01,2026-02-03,322752.5,Delayed
PO-08725,PR-08725,SUP-00050,EMP-00074,WH-CHN-01,2026-03-08,50543.75,Completed
PO-08726,PR-08726,SUP-00032,EMP-00025,WH-HYD-01,2026-01-20,303064.52,Completed
PO-08727,PR-08727,SUP-00044,EMP-00051,WH-MYS-01,2026-02-03,132459.48,Completed
PO-08728,PR-08728,SUP-00036,EMP-00009,WH-CHN-01,2026-03-15,483588.84,Completed
PO-08729,PR-08729,SUP-00023,EMP-00035,WH-CHN-01,2026-05-23,198138.36,Completed
PO-08730,PR-08730,SUP-00009,EMP-00091,WH-BLR-01,2026-04-13,47258.9,Delayed
PO-08731,PR-08731,SUP-00011,EMP-00052,WH-CHN-01,2026-02-15,131102.76,Delayed
PO-08732,PR-08732,SUP-00018,EMP-00043,WH-HYD-01,2026-06-05,11033.47,Completed
PO-08733,PR-08733,SUP-00046,EMP-00034,WH-CHN-01,2026-01-25,319993.2,Completed
PO-08734,PR-08734,SUP-00015,EMP-00034,WH-CHN-01,2026-02-11,63211.8,Delayed
PO-08735,PR-08735,SUP-00040,EMP-00069,WH-BLR-01,2026-02-01,41424.35,Completed
PO-08736,PR-08736,SUP-00010,EMP-00092,WH-CHN-01,2026-03-14,66066.84,Completed
PO-08737,PR-08737,SUP-00035,EMP-00054,WH-CHN-01,2026-03-23,287737.59,Completed
PO-08738,PR-08738,SUP-00050,EMP-00090,WH-CHN-01,2026-01-21,285552.25,Delayed
PO-08739,PR-08739,SUP-00034,EMP-00010,WH-MYS-01,2026-04-26,401756.4,Completed
PO-08740,PR-08740,SUP-00028,EMP-00076,WH-CHN-01,2026-05-20,268445.52,Completed
PO-08741,PR-08741,SUP-00023,EMP-00051,WH-MYS-01,2026-05-16,478437.38,Completed
PO-08742,PR-08742,SUP-00017,EMP-00087,WH-MYS-01,2026-06-08,258669.72,Completed
PO-08743,PR-08743,SUP-00023,EMP-00093,WH-CHN-01,2026-05-04,63214.36,Completed
PO-08744,PR-08744,SUP-00018,EMP-00031,WH-HYD-01,2026-03-22,51843.84,Delayed
PO-08745,PR-08745,SUP-00032,EMP-00083,WH-HYD-01,2026-05-24,555894.0,Delayed
PO-08746,PR-08746,SUP-00049,EMP-00028,WH-HYD-01,2026-02-21,140614.32,Completed
PO-08747,PR-08747,SUP-00018,EMP-00086,WH-HYD-01,2026-03-10,60625.65,Completed
PO-08748,PR-08748,SUP-00025,EMP-00013,WH-MYS-01,2026-02-26,180694.93,Completed
PO-08749,PR-08749,SUP-00050,EMP-00095,WH-BLR-01,2026-05-08,278798.24,Completed
PO-08750,PR-08750,SUP-00010,EMP-00091,WH-BLR-01,2026-05-20,105526.19,Completed
PO-08751,PR-08751,SUP-00029,EMP-00089,WH-BLR-01,2026-02-09,124642.8,Completed
PO-08752,PR-08752,SUP-00008,EMP-00051,WH-HYD-01,2026-05-30,404617.29,Completed
PO-08753,PR-08753,SUP-00001,EMP-00078,WH-MYS-01,2026-03-17,366399.6,Completed
PO-08754,PR-08754,SUP-00014,EMP-00021,WH-BLR-01,2026-01-17,25921.92,Completed
PO-08755,PR-08755,SUP-00050,EMP-00022,WH-MYS-01,2026-04-10,65428.5,Completed
PO-08756,PR-08756,SUP-00045,EMP-00041,WH-MYS-01,2026-02-13,24724.95,Completed
PO-08757,PR-08757,SUP-00020,EMP-00026,WH-CHN-01,2026-02-11,135637.9,Completed
PO-08758,PR-08758,SUP-00013,EMP-00039,WH-BLR-01,2026-04-19,180706.25,Completed
PO-08759,PR-08759,SUP-00046,EMP-00084,WH-MYS-01,2026-05-28,57823.92,Delayed
PO-08760,PR-08760,SUP-00035,EMP-00064,WH-BLR-01,2026-04-04,135679.18,Completed
PO-08761,PR-08761,SUP-00029,EMP-00054,WH-CHN-01,2026-05-19,86723.64,Completed
PO-08762,PR-08762,SUP-00047,EMP-00077,WH-CHN-01,2026-02-11,494389.0,Completed
PO-08763,PR-08763,SUP-00036,EMP-00039,WH-CHN-01,2026-04-04,103445.92,Completed
PO-08764,PR-08764,SUP-00008,EMP-00037,WH-CHN-01,2026-02-12,176589.0,Completed
PO-08765,PR-08765,SUP-00027,EMP-00062,WH-MYS-01,2026-01-22,325268.58,Cancelled
PO-08766,PR-08766,SUP-00014,EMP-00087,WH-BLR-01,2026-01-30,392356.16,Completed
PO-08767,PR-08767,SUP-00042,EMP-00054,WH-BLR-01,2026-06-05,67451.72,Completed
PO-08768,PR-08768,SUP-00021,EMP-00069,WH-HYD-01,2026-01-18,24703.6,Delayed
PO-08769,PR-08769,SUP-00020,EMP-00090,WH-MYS-01,2026-04-20,440924.1,Completed
PO-08770,PR-08770,SUP-00020,EMP-00030,WH-MYS-01,2026-03-04,80324.16,Completed
PO-08771,PR-08771,SUP-00011,EMP-00057,WH-BLR-01,2026-02-01,79787.0,Completed
PO-08772,PR-08772,SUP-00026,EMP-00050,WH-MYS-01,2026-04-08,61461.5,Completed
PO-08773,PR-08773,SUP-00033,EMP-00069,WH-HYD-01,2026-04-12,44524.4,Delayed
PO-08774,PR-08774,SUP-00039,EMP-00003,WH-CHN-01,2026-05-13,594713.3,Completed
PO-08775,PR-08775,SUP-00023,EMP-00042,WH-CHN-01,2026-02-06,95429.88,Completed
PO-08776,PR-08776,SUP-00042,EMP-00073,WH-HYD-01,2026-05-19,64550.5,Completed
PO-08777,PR-08777,SUP-00008,EMP-00012,WH-MYS-01,2026-05-16,36736.5,Completed
PO-08778,PR-08778,SUP-00006,EMP-00015,WH-MYS-01,2026-03-23,134556.8,Completed
PO-08779,PR-08779,SUP-00008,EMP-00037,WH-MYS-01,2026-02-25,168099.62,Delayed
PO-08780,PR-08780,SUP-00037,EMP-00056,WH-MYS-01,2026-03-13,51627.66,Completed
PO-08781,PR-08781,SUP-00020,EMP-00077,WH-HYD-01,2026-05-18,84596.36,Completed
PO-08782,PR-08782,SUP-00027,EMP-00052,WH-MYS-01,2026-03-20,76049.02,Cancelled
PO-08783,PR-08783,SUP-00024,EMP-00048,WH-HYD-01,2026-04-19,95680.42,Completed
PO-08784,PR-08784,SUP-00020,EMP-00006,WH-BLR-01,2026-06-05,2021.75,Completed
PO-08785,PR-08785,SUP-00029,EMP-00014,WH-MYS-01,2026-05-12,472262.4,Delayed
PO-08786,PR-08786,SUP-00031,EMP-00001,WH-HYD-01,2026-04-10,92507.8,Completed
PO-08787,PR-08787,SUP-00023,EMP-00062,WH-CHN-01,2026-02-08,260946.6,Completed
PO-08788,PR-08788,SUP-00013,EMP-00044,WH-CHN-01,2026-05-31,181646.6,Completed
PO-08789,PR-08789,SUP-00022,EMP-00067,WH-MYS-01,2026-02-09,28500.6,Completed
PO-08790,PR-08790,SUP-00039,EMP-00071,WH-HYD-01,2026-04-22,54675.67,Delayed
PO-08791,PR-08791,SUP-00049,EMP-00044,WH-CHN-01,2026-05-15,8087.0,Completed
PO-08792,PR-08792,SUP-00033,EMP-00091,WH-BLR-01,2026-01-10,639382.06,Completed
PO-08793,PR-08793,SUP-00047,EMP-00085,WH-CHN-01,2026-04-25,91948.16,Completed
PO-08794,PR-08794,SUP-00032,EMP-00083,WH-HYD-01,2026-05-12,9769.25,Completed
PO-08795,PR-08795,SUP-00007,EMP-00016,WH-MYS-01,2026-04-21,193761.49,Completed
PO-08796,PR-08796,SUP-00036,EMP-00063,WH-HYD-01,2026-02-05,674362.5,Completed
PO-08797,PR-08797,SUP-00040,EMP-00100,WH-HYD-01,2026-01-23,14483.49,Delayed
PO-08798,PR-08798,SUP-00031,EMP-00042,WH-CHN-01,2026-06-04,216981.28,Delayed
PO-08799,PR-08799,SUP-00040,EMP-00059,WH-BLR-01,2026-02-13,599293.15,Completed
PO-08800,PR-08800,SUP-00009,EMP-00049,WH-BLR-01,2026-02-07,49340.48,Completed
PO-08801,PR-08801,SUP-00037,EMP-00094,WH-CHN-01,2026-05-03,227562.48,Completed
PO-08802,PR-08802,SUP-00027,EMP-00096,WH-HYD-01,2026-05-30,207939.16,Completed
PO-08803,PR-08803,SUP-00011,EMP-00071,WH-MYS-01,2026-03-17,8150.4,Completed
PO-08804,PR-08804,SUP-00041,EMP-00044,WH-HYD-01,2026-05-16,26094.66,Completed
PO-08805,PR-08805,SUP-00001,EMP-00024,WH-CHN-01,2026-02-04,458941.5,Completed
PO-08806,PR-08806,SUP-00045,EMP-00080,WH-MYS-01,2026-04-14,339197.95,Completed
PO-08807,PR-08807,SUP-00004,EMP-00021,WH-CHN-01,2026-02-27,12281.58,Delayed
PO-08808,PR-08808,SUP-00003,EMP-00038,WH-MYS-01,2026-02-10,100593.78,Completed
PO-08809,PR-08809,SUP-00049,EMP-00099,WH-CHN-01,2026-01-03,17438.66,Completed
PO-08810,PR-08810,SUP-00023,EMP-00041,WH-MYS-01,2026-02-20,118429.92,Completed
PO-08811,PR-08811,SUP-00035,EMP-00089,WH-BLR-01,2026-04-24,28041.18,Completed
PO-08812,PR-08812,SUP-00035,EMP-00008,WH-BLR-01,2026-02-18,655041.35,Delayed
PO-08813,PR-08813,SUP-00014,EMP-00078,WH-BLR-01,2026-03-03,352356.48,Completed
PO-08814,PR-08814,SUP-00005,EMP-00064,WH-HYD-01,2026-03-04,19288.94,Completed
PO-08815,PR-08815,SUP-00014,EMP-00058,WH-HYD-01,2026-05-18,158165.7,Completed
PO-08816,PR-08816,SUP-00042,EMP-00013,WH-MYS-01,2026-05-04,271275.8,Completed
PO-08817,PR-08817,SUP-00017,EMP-00020,WH-BLR-01,2026-01-07,366399.6,Completed
PO-08818,PR-08818,SUP-00023,EMP-00002,WH-BLR-01,2026-01-26,430887.91,Completed
PO-08819,PR-08819,SUP-00043,EMP-00091,WH-CHN-01,2026-01-23,167775.72,Completed
PO-08820,PR-08820,SUP-00003,EMP-00056,WH-HYD-01,2026-04-01,133261.67,Delayed
PO-08821,PR-08821,SUP-00027,EMP-00035,WH-BLR-01,2026-03-30,50040.12,Completed
PO-08822,PR-08822,SUP-00006,EMP-00069,WH-HYD-01,2026-01-24,21869.92,Completed
PO-08823,PR-08823,SUP-00048,EMP-00019,WH-BLR-01,2026-02-02,29656.67,Completed
PO-08824,PR-08824,SUP-00033,EMP-00082,WH-CHN-01,2026-02-13,73048.25,Delayed
PO-08825,PR-08825,SUP-00004,EMP-00100,WH-BLR-01,2026-04-01,15991.83,Completed
PO-08826,PR-08826,SUP-00019,EMP-00086,WH-HYD-01,2026-06-03,63048.4,Completed
PO-08827,PR-08827,SUP-00011,EMP-00027,WH-HYD-01,2026-03-05,176235.66,Completed
PO-08828,PR-08828,SUP-00017,EMP-00082,WH-HYD-01,2026-02-16,25379.92,Delayed
PO-08829,PR-08829,SUP-00019,EMP-00098,WH-HYD-01,2026-04-18,125582.25,Delayed
PO-08830,PR-08830,SUP-00016,EMP-00069,WH-MYS-01,2026-05-26,137610.33,Completed
PO-08831,PR-08831,SUP-00040,EMP-00051,WH-HYD-01,2026-04-21,126899.6,Completed
PO-08832,PR-08832,SUP-00031,EMP-00002,WH-BLR-01,2026-03-03,80051.6,Completed
PO-08833,PR-08833,SUP-00031,EMP-00095,WH-CHN-01,2026-05-30,653281.67,Completed
PO-08834,PR-08834,SUP-00039,EMP-00042,WH-HYD-01,2026-03-16,376304.4,Completed
PO-08835,PR-08835,SUP-00045,EMP-00002,WH-HYD-01,2026-04-04,406016.24,Delayed
PO-08836,PR-08836,SUP-00004,EMP-00048,WH-CHN-01,2026-05-05,25284.72,Delayed
PO-08837,PR-08837,SUP-00023,EMP-00045,WH-HYD-01,2026-01-28,25861.48,Completed
PO-08838,PR-08838,SUP-00021,EMP-00043,WH-CHN-01,2026-03-06,7821.65,Completed
PO-08839,PR-08839,SUP-00024,EMP-00092,WH-BLR-01,2026-05-21,504020.16,Completed
PO-08840,PR-08840,SUP-00023,EMP-00061,WH-CHN-01,2026-04-23,206561.6,Completed
PO-08841,PR-08841,SUP-00042,EMP-00074,WH-HYD-01,2026-03-27,458832.72,Completed
PO-08842,PR-08842,SUP-00009,EMP-00020,WH-CHN-01,2026-03-26,18756.96,Completed
PO-08843,PR-08843,SUP-00026,EMP-00065,WH-BLR-01,2026-04-16,200544.59,Completed
PO-08844,PR-08844,SUP-00022,EMP-00095,WH-BLR-01,2026-03-04,518438.4,Completed
PO-08845,PR-08845,SUP-00036,EMP-00083,WH-CHN-01,2026-04-05,92093.65,Completed
PO-08846,PR-08846,SUP-00026,EMP-00023,WH-CHN-01,2026-05-06,268625.37,Cancelled
PO-08847,PR-08847,SUP-00001,EMP-00024,WH-CHN-01,2026-02-02,1188.6,Completed
PO-08848,PR-08848,SUP-00019,EMP-00091,WH-CHN-01,2026-05-24,83140.5,Completed
PO-08849,PR-08849,SUP-00029,EMP-00054,WH-CHN-01,2026-05-19,38765.48,Completed
PO-08850,PR-08850,SUP-00037,EMP-00018,WH-BLR-01,2026-05-04,25438.16,Completed
PO-08851,PR-08851,SUP-00046,EMP-00084,WH-CHN-01,2026-04-20,264883.5,Completed
PO-08852,PR-08852,SUP-00019,EMP-00045,WH-MYS-01,2026-01-11,22496.86,Delayed
PO-08853,PR-08853,SUP-00027,EMP-00057,WH-CHN-01,2026-04-09,107864.66,Delayed
PO-08854,PR-08854,SUP-00038,EMP-00059,WH-BLR-01,2026-02-23,597683.23,Completed
PO-08855,PR-08855,SUP-00018,EMP-00052,WH-BLR-01,2026-05-31,550441.32,Delayed
PO-08856,PR-08856,SUP-00032,EMP-00017,WH-MYS-01,2026-05-11,6961.8,Completed
PO-08857,PR-08857,SUP-00046,EMP-00092,WH-MYS-01,2026-01-12,311617.46,Completed
PO-08858,PR-08858,SUP-00002,EMP-00087,WH-HYD-01,2026-04-01,6027.2,Completed
PO-08859,PR-08859,SUP-00046,EMP-00055,WH-HYD-01,2026-03-24,606256.5,Completed
PO-08860,PR-08860,SUP-00032,EMP-00031,WH-CHN-01,2026-03-13,338041.81,Completed
PO-08861,PR-08861,SUP-00008,EMP-00012,WH-MYS-01,2026-01-28,371529.72,Completed
PO-08862,PR-08862,SUP-00005,EMP-00028,WH-BLR-01,2026-04-25,85473.5,Completed
PO-08863,PR-08863,SUP-00050,EMP-00078,WH-CHN-01,2026-03-24,456249.32,Completed
PO-08864,PR-08864,SUP-00047,EMP-00080,WH-CHN-01,2026-05-05,570818.16,Completed
PO-08865,PR-08865,SUP-00009,EMP-00090,WH-CHN-01,2026-04-27,478954.71,Completed
PO-08866,PR-08866,SUP-00032,EMP-00099,WH-MYS-01,2026-04-14,474732.42,Completed
PO-08867,PR-08867,SUP-00043,EMP-00038,WH-CHN-01,2026-02-24,343258.15,Completed
PO-08868,PR-08868,SUP-00003,EMP-00070,WH-BLR-01,2026-05-14,45894.15,Delayed
PO-08869,PR-08869,SUP-00017,EMP-00022,WH-HYD-01,2026-02-28,124079.98,Cancelled
PO-08870,PR-08870,SUP-00032,EMP-00041,WH-BLR-01,2026-05-20,389194.2,Delayed
PO-08871,PR-08871,SUP-00037,EMP-00027,WH-CHN-01,2026-04-20,117273.42,Completed
PO-08872,PR-08872,SUP-00013,EMP-00040,WH-CHN-01,2026-04-04,117579.76,Delayed
PO-08873,PR-08873,SUP-00021,EMP-00062,WH-HYD-01,2026-05-21,118070.29,Completed
PO-08874,PR-08874,SUP-00025,EMP-00099,WH-HYD-01,2026-03-23,13286.18,Completed
PO-08875,PR-08875,SUP-00038,EMP-00013,WH-CHN-01,2026-01-27,255318.4,Completed
PO-08876,PR-08876,SUP-00044,EMP-00019,WH-BLR-01,2026-04-11,5558.67,Delayed
PO-08877,PR-08877,SUP-00039,EMP-00065,WH-MYS-01,2026-05-20,10320.27,Completed
PO-08878,PR-08878,SUP-00025,EMP-00084,WH-BLR-01,2026-05-26,286205.64,Completed
PO-08879,PR-08879,SUP-00042,EMP-00019,WH-MYS-01,2026-02-07,324071.28,Completed
PO-08880,PR-08880,SUP-00012,EMP-00098,WH-MYS-01,2026-02-09,114748.8,Delayed
PO-08881,PR-08881,SUP-00042,EMP-00020,WH-MYS-01,2026-04-01,223198.0,Completed
PO-08882,PR-08882,SUP-00048,EMP-00060,WH-BLR-01,2026-02-01,107825.56,Completed
PO-08883,PR-08883,SUP-00020,EMP-00012,WH-MYS-01,2026-02-04,87677.0,Completed
PO-08884,PR-08884,SUP-00044,EMP-00027,WH-CHN-01,2026-02-19,125074.78,Completed
PO-08885,PR-08885,SUP-00047,EMP-00055,WH-BLR-01,2026-04-30,38785.65,Completed
PO-08886,PR-08886,SUP-00030,EMP-00072,WH-HYD-01,2026-01-23,39176.8,Completed
PO-08887,PR-08887,SUP-00013,EMP-00009,WH-CHN-01,2026-04-21,21268.5,Completed
PO-08888,PR-08888,SUP-00025,EMP-00013,WH-MYS-01,2026-04-25,88930.32,Delayed
PO-08889,PR-08889,SUP-00044,EMP-00093,WH-CHN-01,2026-02-06,18081.6,Completed
PO-08890,PR-08890,SUP-00018,EMP-00087,WH-MYS-01,2026-05-30,27043.06,Delayed
PO-08891,PR-08891,SUP-00006,EMP-00078,WH-CHN-01,2026-06-06,108987.96,Delayed
PO-08892,PR-08892,SUP-00007,EMP-00058,WH-MYS-01,2026-01-23,168108.36,Completed
PO-08893,PR-08893,SUP-00031,EMP-00002,WH-MYS-01,2026-04-30,546021.84,Completed
PO-08894,PR-08894,SUP-00002,EMP-00005,WH-MYS-01,2026-05-10,244103.94,Completed
PO-08895,PR-08895,SUP-00047,EMP-00041,WH-HYD-01,2026-02-17,298349.26,Cancelled
PO-08896,PR-08896,SUP-00019,EMP-00016,WH-CHN-01,2026-03-16,62701.32,Cancelled
PO-08897,PR-08897,SUP-00010,EMP-00084,WH-BLR-01,2026-01-15,14453.94,Completed
PO-08898,PR-08898,SUP-00025,EMP-00052,WH-MYS-01,2026-05-17,51720.84,Completed
PO-08899,PR-08899,SUP-00044,EMP-00091,WH-BLR-01,2026-06-02,227550.72,Completed
PO-08900,PR-08900,SUP-00045,EMP-00083,WH-HYD-01,2026-04-03,111942.81,Delayed
PO-08901,PR-08901,SUP-00025,EMP-00099,WH-BLR-01,2026-05-03,168726.45,Cancelled
PO-08902,PR-08902,SUP-00044,EMP-00086,WH-MYS-01,2026-04-13,327707.28,Completed
PO-08903,PR-08903,SUP-00029,EMP-00050,WH-HYD-01,2026-03-14,172678.74,Completed
PO-08904,PR-08904,SUP-00030,EMP-00074,WH-CHN-01,2026-03-05,146863.05,Completed
PO-08905,PR-08905,SUP-00013,EMP-00055,WH-BLR-01,2026-04-05,501778.8,Completed
PO-08906,PR-08906,SUP-00005,EMP-00001,WH-BLR-01,2026-06-03,264883.5,Delayed
PO-08907,PR-08907,SUP-00027,EMP-00004,WH-BLR-01,2026-01-23,51636.96,Completed
PO-08908,PR-08908,SUP-00037,EMP-00073,WH-HYD-01,2026-01-08,180741.4,Completed
PO-08909,PR-08909,SUP-00014,EMP-00031,WH-BLR-01,2026-05-09,74707.88,Completed
PO-08910,PR-08910,SUP-00038,EMP-00026,WH-CHN-01,2026-04-24,165428.28,Completed
PO-08911,PR-08911,SUP-00040,EMP-00063,WH-HYD-01,2026-01-20,159070.85,Completed
PO-08912,PR-08912,SUP-00031,EMP-00075,WH-BLR-01,2026-01-08,41281.08,Completed
PO-08913,PR-08913,SUP-00042,EMP-00049,WH-HYD-01,2026-01-22,491368.12,Completed
PO-08914,PR-08914,SUP-00012,EMP-00023,WH-BLR-01,2026-04-29,269644.82,Delayed
PO-08915,PR-08915,SUP-00005,EMP-00033,WH-MYS-01,2026-01-25,2499.2,Completed
PO-08916,PR-08916,SUP-00039,EMP-00069,WH-BLR-01,2026-05-22,30136.0,Delayed
PO-08917,PR-08917,SUP-00030,EMP-00037,WH-CHN-01,2026-01-28,9512.7,Completed
PO-08918,PR-08918,SUP-00021,EMP-00049,WH-MYS-01,2026-03-09,115547.62,Completed
PO-08919,PR-08919,SUP-00015,EMP-00058,WH-HYD-01,2026-02-15,265830.88,Delayed
PO-08920,PR-08920,SUP-00018,EMP-00037,WH-CHN-01,2026-04-10,87193.3,Completed
PO-08921,PR-08921,SUP-00012,EMP-00023,WH-MYS-01,2026-02-17,146974.7,Completed
PO-08922,PR-08922,SUP-00040,EMP-00029,WH-MYS-01,2026-03-05,373222.18,Completed
PO-08923,PR-08923,SUP-00050,EMP-00046,WH-HYD-01,2026-02-19,195270.25,Completed
PO-08924,PR-08924,SUP-00012,EMP-00081,WH-MYS-01,2026-05-21,27770.05,Delayed
PO-08925,PR-08925,SUP-00037,EMP-00025,WH-BLR-01,2026-01-21,527731.04,Delayed
PO-08926,PR-08926,SUP-00015,EMP-00032,WH-MYS-01,2026-06-05,71649.1,Completed
PO-08927,PR-08927,SUP-00018,EMP-00076,WH-MYS-01,2026-05-07,113309.52,Completed
PO-08928,PR-08928,SUP-00040,EMP-00057,WH-BLR-01,2026-02-14,446396.0,Completed
PO-08929,PR-08929,SUP-00048,EMP-00096,WH-HYD-01,2026-01-11,47801.57,Completed
PO-08930,PR-08930,SUP-00023,EMP-00047,WH-HYD-01,2026-01-27,487902.87,Completed
PO-08931,PR-08931,SUP-00041,EMP-00099,WH-MYS-01,2026-03-25,134556.8,Completed
PO-08932,PR-08932,SUP-00012,EMP-00086,WH-HYD-01,2026-02-15,153089.44,Completed
PO-08933,PR-08933,SUP-00013,EMP-00071,WH-BLR-01,2026-04-18,315813.12,Completed
PO-08934,PR-08934,SUP-00010,EMP-00074,WH-MYS-01,2026-03-05,296891.76,Completed
PO-08935,PR-08935,SUP-00016,EMP-00026,WH-HYD-01,2026-04-28,319148.0,Completed
PO-08936,PR-08936,SUP-00038,EMP-00077,WH-BLR-01,2026-04-26,19034.94,Completed
PO-08937,PR-08937,SUP-00012,EMP-00049,WH-HYD-01,2026-05-20,152628.96,Completed
PO-08938,PR-08938,SUP-00050,EMP-00013,WH-BLR-01,2026-03-31,75317.0,Completed
PO-08939,PR-08939,SUP-00016,EMP-00038,WH-MYS-01,2026-03-07,69860.71,Completed
PO-08940,PR-08940,SUP-00017,EMP-00041,WH-MYS-01,2026-01-10,418111.5,Completed
PO-08941,PR-08941,SUP-00002,EMP-00029,WH-CHN-01,2026-02-06,160833.05,Completed
PO-08942,PR-08942,SUP-00038,EMP-00090,WH-CHN-01,2026-04-19,576506.4,Completed
PO-08943,PR-08943,SUP-00014,EMP-00040,WH-CHN-01,2026-03-19,435951.84,Completed
PO-08944,PR-08944,SUP-00021,EMP-00051,WH-HYD-01,2026-03-25,560022.4,Completed
PO-08945,PR-08945,SUP-00039,EMP-00060,WH-MYS-01,2026-05-30,225785.5,Completed
PO-08946,PR-08946,SUP-00048,EMP-00038,WH-HYD-01,2026-05-17,95234.1,Delayed
PO-08947,PR-08947,SUP-00017,EMP-00075,WH-CHN-01,2026-02-25,165266.18,Delayed
PO-08948,PR-08948,SUP-00032,EMP-00035,WH-BLR-01,2026-02-20,45899.52,Completed
PO-08949,PR-08949,SUP-00005,EMP-00038,WH-CHN-01,2026-04-14,544594.83,Completed
PO-08950,PR-08950,SUP-00027,EMP-00020,WH-BLR-01,2026-01-25,161861.48,Delayed
PO-08951,PR-08951,SUP-00043,EMP-00096,WH-HYD-01,2026-04-05,112905.33,Delayed
PO-08952,PR-08952,SUP-00018,EMP-00050,WH-CHN-01,2026-02-14,259536.65,Completed
PO-08953,PR-08953,SUP-00033,EMP-00055,WH-MYS-01,2026-05-31,257665.27,Completed
PO-08954,PR-08954,SUP-00036,EMP-00066,WH-HYD-01,2026-02-19,265567.54,Completed
PO-08955,PR-08955,SUP-00048,EMP-00065,WH-BLR-01,2026-02-24,387654.8,Completed
PO-08956,PR-08956,SUP-00027,EMP-00008,WH-MYS-01,2026-01-18,365325.24,Completed
PO-08957,PR-08957,SUP-00048,EMP-00029,WH-MYS-01,2026-01-28,620570.4,Completed
PO-08958,PR-08958,SUP-00027,EMP-00096,WH-CHN-01,2026-03-06,300893.32,Completed
PO-08959,PR-08959,SUP-00014,EMP-00095,WH-BLR-01,2026-02-18,217176.58,Completed
PO-08960,PR-08960,SUP-00026,EMP-00058,WH-CHN-01,2026-02-06,140567.28,Completed
PO-08961,PR-08961,SUP-00012,EMP-00053,WH-BLR-01,2026-01-23,381849.99,Completed
PO-08962,PR-08962,SUP-00029,EMP-00090,WH-CHN-01,2026-03-19,154587.69,Completed
PO-08963,PR-08963,SUP-00002,EMP-00063,WH-HYD-01,2026-04-16,526308.12,Cancelled
PO-08964,PR-08964,SUP-00045,EMP-00098,WH-MYS-01,2026-03-08,177644.88,Completed
PO-08965,PR-08965,SUP-00010,EMP-00064,WH-CHN-01,2026-04-11,237387.49,Delayed
PO-08966,PR-08966,SUP-00013,EMP-00004,WH-MYS-01,2026-02-19,61110.5,Completed
PO-08967,PR-08967,SUP-00020,EMP-00064,WH-HYD-01,2026-05-10,242502.6,Delayed
PO-08968,PR-08968,SUP-00039,EMP-00077,WH-MYS-01,2026-05-22,398856.96,Completed
PO-08969,PR-08969,SUP-00042,EMP-00098,WH-CHN-01,2026-04-19,217390.94,Completed
PO-08970,PR-08970,SUP-00007,EMP-00006,WH-HYD-01,2026-03-03,69769.48,Completed
PO-08971,PR-08971,SUP-00030,EMP-00080,WH-BLR-01,2026-05-10,50271.0,Completed
PO-08972,PR-08972,SUP-00005,EMP-00013,WH-BLR-01,2026-04-27,590328.0,Completed
PO-08973,PR-08973,SUP-00047,EMP-00021,WH-MYS-01,2026-01-09,225810.66,Completed
PO-08974,PR-08974,SUP-00050,EMP-00030,WH-MYS-01,2026-03-04,127441.72,Completed
PO-08975,PR-08975,SUP-00032,EMP-00034,WH-BLR-01,2026-02-04,108069.66,Completed
PO-08976,PR-08976,SUP-00023,EMP-00064,WH-CHN-01,2026-02-03,10320.27,Completed
PO-08977,PR-08977,SUP-00016,EMP-00008,WH-MYS-01,2026-04-01,196126.42,Completed
PO-08978,PR-08978,SUP-00024,EMP-00025,WH-HYD-01,2026-04-04,19779.96,Completed
PO-08979,PR-08979,SUP-00023,EMP-00016,WH-BLR-01,2026-03-19,78705.25,Completed
PO-08980,PR-08980,SUP-00048,EMP-00005,WH-BLR-01,2026-03-14,105931.25,Completed
PO-08981,PR-08981,SUP-00045,EMP-00030,WH-BLR-01,2026-02-15,111016.08,Completed
PO-08982,PR-08982,SUP-00044,EMP-00077,WH-CHN-01,2026-04-28,413783.68,Cancelled
PO-08983,PR-08983,SUP-00031,EMP-00015,WH-MYS-01,2026-05-28,89048.8,Delayed
PO-08984,PR-08984,SUP-00019,EMP-00066,WH-MYS-01,2026-05-03,73688.16,Completed
PO-08985,PR-08985,SUP-00025,EMP-00063,WH-HYD-01,2026-05-11,245208.06,Completed
PO-08986,PR-08986,SUP-00008,EMP-00079,WH-MYS-01,2026-03-19,87309.37,Delayed
PO-08987,PR-08987,SUP-00022,EMP-00010,WH-HYD-01,2026-01-14,213683.75,Completed
PO-08988,PR-08988,SUP-00001,EMP-00088,WH-MYS-01,2026-02-14,42533.01,Completed
PO-08989,PR-08989,SUP-00002,EMP-00036,WH-CHN-01,2026-01-16,84054.18,Completed
PO-08990,PR-08990,SUP-00030,EMP-00056,WH-MYS-01,2026-01-21,367833.9,Completed
PO-08991,PR-08991,SUP-00038,EMP-00066,WH-MYS-01,2026-01-25,83090.28,Completed
PO-08992,PR-08992,SUP-00006,EMP-00046,WH-BLR-01,2026-03-02,219655.91,Completed
PO-08993,PR-08993,SUP-00005,EMP-00064,WH-BLR-01,2026-02-04,94667.76,Completed
PO-08994,PR-08994,SUP-00050,EMP-00030,WH-CHN-01,2026-05-29,10941.56,Delayed
PO-08995,PR-08995,SUP-00025,EMP-00025,WH-HYD-01,2026-02-02,1980.9,Completed
PO-08996,PR-08996,SUP-00011,EMP-00064,WH-CHN-01,2026-03-20,91956.1,Delayed
PO-08997,PR-08997,SUP-00021,EMP-00082,WH-CHN-01,2026-03-17,634157.04,Cancelled
PO-08998,PR-08998,SUP-00007,EMP-00034,WH-HYD-01,2026-03-25,256598.16,Completed
PO-08999,PR-08999,SUP-00007,EMP-00006,WH-HYD-01,2026-05-06,272314.56,Completed
PO-09000,PR-09000,SUP-00044,EMP-00077,WH-CHN-01,2026-02-06,391130.25,Delayed
PO-09001,PR-09001,SUP-00012,EMP-00040,WH-BLR-01,2026-01-28,88932.96,Delayed
PO-09002,PR-09002,SUP-00002,EMP-00042,WH-MYS-01,2026-04-22,227563.56,Completed
PO-09003,PR-09003,SUP-00028,EMP-00076,WH-MYS-01,2026-05-16,35070.8,Delayed
PO-09004,PR-09004,SUP-00033,EMP-00045,WH-CHN-01,2026-02-26,52721.9,Completed
PO-09005,PR-09005,SUP-00026,EMP-00065,WH-MYS-01,2026-01-16,199747.07,Completed
PO-09006,PR-09006,SUP-00010,EMP-00068,WH-CHN-01,2026-04-14,339503.64,Delayed
PO-09007,PR-09007,SUP-00036,EMP-00007,WH-CHN-01,2026-05-05,119546.82,Delayed
PO-09008,PR-09008,SUP-00012,EMP-00086,WH-HYD-01,2026-01-13,428540.16,Completed
PO-09009,PR-09009,SUP-00042,EMP-00091,WH-CHN-01,2026-06-04,184127.97,Completed
PO-09010,PR-09010,SUP-00019,EMP-00015,WH-MYS-01,2026-01-26,83192.88,Completed
PO-09011,PR-09011,SUP-00049,EMP-00056,WH-HYD-01,2026-04-20,88056.76,Completed
PO-09012,PR-09012,SUP-00047,EMP-00035,WH-BLR-01,2026-02-02,26783.76,Completed
PO-09013,PR-09013,SUP-00043,EMP-00033,WH-BLR-01,2026-04-23,23306.58,Completed
PO-09014,PR-09014,SUP-00010,EMP-00082,WH-MYS-01,2026-04-09,64041.28,Delayed
PO-09015,PR-09015,SUP-00044,EMP-00004,WH-MYS-01,2026-03-07,98270.55,Completed
PO-09016,PR-09016,SUP-00031,EMP-00096,WH-BLR-01,2026-02-23,136802.88,Delayed
PO-09017,PR-09017,SUP-00028,EMP-00083,WH-CHN-01,2026-04-19,177673.76,Delayed
PO-09018,PR-09018,SUP-00031,EMP-00079,WH-BLR-01,2026-05-24,353313.9,Completed
PO-09019,PR-09019,SUP-00018,EMP-00079,WH-BLR-01,2026-05-11,286205.64,Completed
PO-09020,PR-09020,SUP-00005,EMP-00025,WH-CHN-01,2026-04-21,284504.5,Delayed
PO-09021,PR-09021,SUP-00027,EMP-00028,WH-CHN-01,2026-01-18,60542.5,Completed
PO-09022,PR-09022,SUP-00047,EMP-00024,WH-HYD-01,2026-01-23,258251.36,Completed
PO-09023,PR-09023,SUP-00046,EMP-00038,WH-CHN-01,2026-01-12,478356.35,Completed
PO-09024,PR-09024,SUP-00003,EMP-00013,WH-BLR-01,2026-04-21,108404.55,Completed
PO-09025,PR-09025,SUP-00047,EMP-00021,WH-MYS-01,2026-01-24,93470.6,Completed
PO-09026,PR-09026,SUP-00041,EMP-00013,WH-MYS-01,2026-03-29,323881.92,Completed
PO-09027,PR-09027,SUP-00034,EMP-00087,WH-MYS-01,2026-05-10,119546.82,Completed
PO-09028,PR-09028,SUP-00043,EMP-00069,WH-HYD-01,2026-05-19,15054.84,Completed
PO-09029,PR-09029,SUP-00006,EMP-00082,WH-BLR-01,2026-02-04,188152.2,Delayed
PO-09030,PR-09030,SUP-00012,EMP-00032,WH-BLR-01,2026-03-18,63080.64,Cancelled
PO-09031,PR-09031,SUP-00047,EMP-00043,WH-BLR-01,2026-02-07,76544.72,Completed
PO-09032,PR-09032,SUP-00042,EMP-00010,WH-HYD-01,2026-02-06,458566.5,Completed
PO-09033,PR-09033,SUP-00007,EMP-00021,WH-CHN-01,2026-01-28,221897.81,Delayed
PO-09034,PR-09034,SUP-00025,EMP-00075,WH-CHN-01,2026-02-27,110222.56,Completed
PO-09035,PR-09035,SUP-00031,EMP-00016,WH-MYS-01,2026-05-17,101054.88,Completed
PO-09036,PR-09036,SUP-00026,EMP-00023,WH-BLR-01,2026-05-24,137072.18,Completed
PO-09037,PR-09037,SUP-00042,EMP-00096,WH-CHN-01,2026-03-23,181646.6,Completed
PO-09038,PR-09038,SUP-00036,EMP-00030,WH-MYS-01,2026-01-18,136110.79,Delayed
PO-09039,PR-09039,SUP-00036,EMP-00013,WH-MYS-01,2026-01-25,36842.67,Completed
PO-09040,PR-09040,SUP-00003,EMP-00073,WH-BLR-01,2026-06-04,426714.42,Completed
PO-09041,PR-09041,SUP-00012,EMP-00041,WH-HYD-01,2026-02-09,142762.05,Completed
PO-09042,PR-09042,SUP-00030,EMP-00094,WH-CHN-01,2026-02-24,81367.98,Completed
PO-09043,PR-09043,SUP-00050,EMP-00009,WH-BLR-01,2026-04-19,11248.43,Completed
PO-09044,PR-09044,SUP-00042,EMP-00084,WH-MYS-01,2026-01-30,28277.29,Delayed
PO-09045,PR-09045,SUP-00020,EMP-00019,WH-MYS-01,2026-02-09,81019.2,Completed
PO-09046,PR-09046,SUP-00049,EMP-00028,WH-CHN-01,2026-05-14,12007.74,Delayed
PO-09047,PR-09047,SUP-00050,EMP-00059,WH-BLR-01,2026-03-07,170663.04,Completed
PO-09048,PR-09048,SUP-00045,EMP-00050,WH-CHN-01,2026-05-02,114935.2,Cancelled
PO-09049,PR-09049,SUP-00024,EMP-00019,WH-MYS-01,2026-04-20,46404.0,Delayed
PO-09050,PR-09050,SUP-00026,EMP-00087,WH-BLR-01,2026-03-15,270189.92,Delayed
PO-09051,PR-09051,SUP-00016,EMP-00007,WH-HYD-01,2026-04-21,219510.9,Completed
PO-09052,PR-09052,SUP-00020,EMP-00023,WH-BLR-01,2026-03-23,16639.56,Completed
PO-09053,PR-09053,SUP-00019,EMP-00039,WH-MYS-01,2026-05-22,415476.0,Completed
PO-09054,PR-09054,SUP-00024,EMP-00089,WH-BLR-01,2026-02-04,215796.0,Completed
PO-09055,PR-09055,SUP-00021,EMP-00086,WH-CHN-01,2026-03-20,216604.56,Completed
PO-09056,PR-09056,SUP-00004,EMP-00011,WH-CHN-01,2026-04-14,98089.04,Completed
PO-09057,PR-09057,SUP-00001,EMP-00032,WH-CHN-01,2026-01-15,95680.42,Completed
PO-09058,PR-09058,SUP-00005,EMP-00043,WH-CHN-01,2026-03-07,167552.7,Completed
PO-09059,PR-09059,SUP-00003,EMP-00010,WH-HYD-01,2026-02-02,205670.79,Completed
PO-09060,PR-09060,SUP-00007,EMP-00035,WH-CHN-01,2026-01-21,64804.8,Completed
PO-09061,PR-09061,SUP-00015,EMP-00093,WH-BLR-01,2026-03-04,86614.55,Delayed
PO-09062,PR-09062,SUP-00010,EMP-00060,WH-BLR-01,2026-04-23,53126.0,Completed
PO-09063,PR-09063,SUP-00021,EMP-00086,WH-MYS-01,2026-04-07,426463.44,Completed
PO-09064,PR-09064,SUP-00009,EMP-00017,WH-MYS-01,2026-03-16,16846.38,Completed
PO-09065,PR-09065,SUP-00031,EMP-00051,WH-BLR-01,2026-03-28,48456.48,Completed
PO-09066,PR-09066,SUP-00032,EMP-00017,WH-CHN-01,2026-02-17,187747.36,Completed
PO-09067,PR-09067,SUP-00010,EMP-00035,WH-HYD-01,2026-04-10,84098.0,Completed
PO-09068,PR-09068,SUP-00009,EMP-00037,WH-MYS-01,2026-03-16,159789.0,Completed
PO-09069,PR-09069,SUP-00038,EMP-00069,WH-HYD-01,2026-01-15,236677.48,Completed
PO-09070,PR-09070,SUP-00006,EMP-00092,WH-BLR-01,2026-05-08,351486.45,Completed
PO-09071,PR-09071,SUP-00039,EMP-00040,WH-BLR-01,2026-04-30,160680.26,Completed
PO-09072,PR-09072,SUP-00009,EMP-00010,WH-MYS-01,2026-03-20,352739.28,Completed
PO-09073,PR-09073,SUP-00039,EMP-00046,WH-CHN-01,2026-01-20,169964.28,Completed
PO-09074,PR-09074,SUP-00014,EMP-00054,WH-BLR-01,2026-03-25,185764.86,Completed
PO-09075,PR-09075,SUP-00006,EMP-00007,WH-MYS-01,2026-02-19,454091.88,Completed
PO-09076,PR-09076,SUP-00037,EMP-00026,WH-HYD-01,2026-05-11,3083.78,Completed
PO-09077,PR-09077,SUP-00006,EMP-00084,WH-MYS-01,2026-05-28,84596.36,Delayed
PO-09078,PR-09078,SUP-00023,EMP-00015,WH-MYS-01,2026-04-27,480263.6,Completed
PO-09079,PR-09079,SUP-00036,EMP-00026,WH-BLR-01,2026-03-15,8150.4,Completed
PO-09080,PR-09080,SUP-00050,EMP-00034,WH-HYD-01,2026-02-07,121942.1,Completed
PO-09081,PR-09081,SUP-00018,EMP-00078,WH-HYD-01,2026-01-14,64880.98,Completed
PO-09082,PR-09082,SUP-00026,EMP-00060,WH-CHN-01,2026-02-08,295164.0,Completed
PO-09083,PR-09083,SUP-00043,EMP-00093,WH-MYS-01,2026-05-15,336046.21,Completed
PO-09084,PR-09084,SUP-00016,EMP-00041,WH-CHN-01,2026-02-07,7810.81,Completed
PO-09085,PR-09085,SUP-00029,EMP-00078,WH-MYS-01,2026-05-02,15068.0,Delayed
PO-09086,PR-09086,SUP-00030,EMP-00016,WH-CHN-01,2026-03-31,423762.0,Completed
PO-09087,PR-09087,SUP-00024,EMP-00100,WH-CHN-01,2026-03-20,13937.05,Completed
PO-09088,PR-09088,SUP-00001,EMP-00080,WH-MYS-01,2026-02-22,73791.0,Completed
PO-09089,PR-09089,SUP-00009,EMP-00022,WH-HYD-01,2026-05-08,144652.8,Completed
PO-09090,PR-09090,SUP-00046,EMP-00069,WH-CHN-01,2026-04-13,132815.0,Completed
PO-09091,PR-09091,SUP-00024,EMP-00046,WH-BLR-01,2026-04-21,159651.57,Completed
PO-09092,PR-09092,SUP-00022,EMP-00100,WH-CHN-01,2026-03-10,36824.34,Completed
PO-09093,PR-09093,SUP-00025,EMP-00069,WH-MYS-01,2026-03-17,95393.1,Completed
PO-09094,PR-09094,SUP-00020,EMP-00026,WH-MYS-01,2026-05-19,295243.92,Completed
PO-09095,PR-09095,SUP-00046,EMP-00060,WH-CHN-01,2026-03-13,517427.78,Completed
PO-09096,PR-09096,SUP-00015,EMP-00063,WH-BLR-01,2026-01-11,240976.08,Cancelled
PO-09097,PR-09097,SUP-00012,EMP-00083,WH-CHN-01,2026-05-16,704156.46,Completed
PO-09098,PR-09098,SUP-00024,EMP-00049,WH-HYD-01,2026-05-07,219471.7,Completed
PO-09099,PR-09099,SUP-00034,EMP-00024,WH-MYS-01,2026-02-12,163552.08,Completed
PO-09100,PR-09100,SUP-00014,EMP-00030,WH-CHN-01,2026-05-18,64333.22,Cancelled
PO-09101,PR-09101,SUP-00042,EMP-00071,WH-MYS-01,2026-01-24,172678.74,Delayed
PO-09102,PR-09102,SUP-00028,EMP-00080,WH-CHN-01,2026-02-19,90515.18,Completed
PO-09103,PR-09103,SUP-00023,EMP-00048,WH-MYS-01,2026-05-28,77756.14,Completed
PO-09104,PR-09104,SUP-00043,EMP-00034,WH-BLR-01,2026-05-04,190859.76,Completed
PO-09105,PR-09105,SUP-00006,EMP-00017,WH-MYS-01,2026-06-07,95462.82,Completed
PO-09106,PR-09106,SUP-00008,EMP-00002,WH-MYS-01,2026-04-17,254883.44,Delayed
PO-09107,PR-09107,SUP-00014,EMP-00059,WH-MYS-01,2026-04-18,41281.08,Completed
PO-09108,PR-09108,SUP-00033,EMP-00064,WH-HYD-01,2026-02-03,74785.68,Completed
PO-09109,PR-09109,SUP-00026,EMP-00030,WH-CHN-01,2026-02-06,73000.98,Delayed
PO-09110,PR-09110,SUP-00021,EMP-00070,WH-HYD-01,2026-02-28,174685.51,Completed
PO-09111,PR-09111,SUP-00006,EMP-00027,WH-HYD-01,2026-02-12,75061.98,Delayed
PO-09112,PR-09112,SUP-00032,EMP-00041,WH-CHN-01,2026-01-08,29429.36,Completed
PO-09113,PR-09113,SUP-00014,EMP-00030,WH-HYD-01,2026-02-01,257595.12,Completed
PO-09114,PR-09114,SUP-00037,EMP-00078,WH-MYS-01,2026-03-15,90978.75,Completed
PO-09115,PR-09115,SUP-00012,EMP-00007,WH-MYS-01,2026-05-12,331491.18,Completed
PO-09116,PR-09116,SUP-00049,EMP-00022,WH-MYS-01,2026-03-09,240204.84,Completed
PO-09117,PR-09117,SUP-00045,EMP-00093,WH-BLR-01,2026-04-22,42644.88,Completed
PO-09118,PR-09118,SUP-00045,EMP-00063,WH-MYS-01,2026-02-09,135048.86,Completed
PO-09119,PR-09119,SUP-00042,EMP-00060,WH-HYD-01,2026-05-19,91966.75,Completed
PO-09120,PR-09120,SUP-00030,EMP-00058,WH-CHN-01,2026-03-06,28304.5,Cancelled
PO-09121,PR-09121,SUP-00038,EMP-00024,WH-CHN-01,2026-05-02,390237.4,Completed
PO-09122,PR-09122,SUP-00002,EMP-00032,WH-MYS-01,2026-04-25,146229.59,Completed
PO-09123,PR-09123,SUP-00041,EMP-00055,WH-CHN-01,2026-05-10,126188.31,Completed
PO-09124,PR-09124,SUP-00047,EMP-00023,WH-CHN-01,2026-01-24,226153.72,Completed
PO-09125,PR-09125,SUP-00010,EMP-00025,WH-HYD-01,2026-05-19,617293.74,Completed
PO-09126,PR-09126,SUP-00042,EMP-00007,WH-BLR-01,2026-02-02,271775.4,Completed
PO-09127,PR-09127,SUP-00018,EMP-00027,WH-HYD-01,2026-02-14,103867.06,Completed
PO-09128,PR-09128,SUP-00029,EMP-00067,WH-BLR-01,2026-04-17,482817.76,Completed
PO-09129,PR-09129,SUP-00020,EMP-00097,WH-HYD-01,2026-04-16,287885.4,Delayed
PO-09130,PR-09130,SUP-00005,EMP-00033,WH-MYS-01,2026-01-04,134872.5,Completed
PO-09131,PR-09131,SUP-00005,EMP-00092,WH-MYS-01,2026-05-11,186399.5,Completed
PO-09132,PR-09132,SUP-00024,EMP-00040,WH-MYS-01,2026-04-28,71718.0,Delayed
PO-09133,PR-09133,SUP-00027,EMP-00009,WH-HYD-01,2026-03-27,240976.08,Delayed
PO-09134,PR-09134,SUP-00047,EMP-00017,WH-BLR-01,2026-04-17,134872.5,Completed
PO-09135,PR-09135,SUP-00042,EMP-00066,WH-BLR-01,2026-05-04,166037.25,Completed
PO-09136,PR-09136,SUP-00009,EMP-00013,WH-HYD-01,2026-04-21,337580.0,Completed
PO-09137,PR-09137,SUP-00014,EMP-00010,WH-BLR-01,2026-02-16,330334.2,Completed
PO-09138,PR-09138,SUP-00042,EMP-00060,WH-HYD-01,2026-03-26,134556.8,Cancelled
PO-09139,PR-09139,SUP-00049,EMP-00042,WH-BLR-01,2026-03-25,134981.16,Completed
PO-09140,PR-09140,SUP-00020,EMP-00044,WH-MYS-01,2026-05-31,53949.0,Delayed
PO-09141,PR-09141,SUP-00037,EMP-00060,WH-CHN-01,2026-04-16,306891.04,Cancelled
PO-09142,PR-09142,SUP-00010,EMP-00030,WH-HYD-01,2026-01-14,249981.76,Completed
PO-09143,PR-09143,SUP-00017,EMP-00072,WH-MYS-01,2026-04-22,360316.5,Completed
PO-09144,PR-09144,SUP-00018,EMP-00069,WH-BLR-01,2026-03-24,67516.0,Delayed
PO-09145,PR-09145,SUP-00014,EMP-00001,WH-HYD-01,2026-05-27,170132.04,Completed
PO-09146,PR-09146,SUP-00025,EMP-00065,WH-MYS-01,2026-04-20,67475.4,Delayed
PO-09147,PR-09147,SUP-00003,EMP-00041,WH-MYS-01,2026-04-13,112162.5,Cancelled
PO-09148,PR-09148,SUP-00013,EMP-00087,WH-HYD-01,2026-02-20,1933.5,Completed
PO-09149,PR-09149,SUP-00004,EMP-00004,WH-MYS-01,2026-03-23,196085.13,Completed
PO-09150,PR-09150,SUP-00022,EMP-00073,WH-MYS-01,2026-01-18,303164.64,Completed
PO-09151,PR-09151,SUP-00024,EMP-00093,WH-BLR-01,2026-03-26,187514.04,Completed
PO-09152,PR-09152,SUP-00002,EMP-00019,WH-BLR-01,2026-06-03,102568.2,Delayed
PO-09153,PR-09153,SUP-00028,EMP-00041,WH-MYS-01,2026-02-13,139909.88,Completed
PO-09154,PR-09154,SUP-00024,EMP-00047,WH-BLR-01,2026-03-18,10300.68,Completed
PO-09155,PR-09155,SUP-00025,EMP-00064,WH-MYS-01,2026-04-22,272146.49,Completed
PO-09156,PR-09156,SUP-00032,EMP-00036,WH-BLR-01,2026-05-15,48456.85,Delayed
PO-09157,PR-09157,SUP-00012,EMP-00097,WH-HYD-01,2026-02-04,153517.0,Delayed
PO-09158,PR-09158,SUP-00014,EMP-00036,WH-HYD-01,2026-04-15,390540.19,Delayed
PO-09159,PR-09159,SUP-00050,EMP-00093,WH-HYD-01,2026-01-20,393695.05,Completed
PO-09160,PR-09160,SUP-00032,EMP-00074,WH-HYD-01,2026-04-23,451283.0,Completed
PO-09161,PR-09161,SUP-00007,EMP-00037,WH-HYD-01,2026-02-16,303416.64,Completed
PO-09162,PR-09162,SUP-00045,EMP-00015,WH-BLR-01,2026-03-20,446847.04,Completed
PO-09163,PR-09163,SUP-00013,EMP-00020,WH-CHN-01,2026-01-30,53905.3,Completed
PO-09164,PR-09164,SUP-00045,EMP-00016,WH-HYD-01,2026-03-02,478954.71,Completed
PO-09165,PR-09165,SUP-00048,EMP-00052,WH-MYS-01,2026-06-04,252863.52,Completed
PO-09166,PR-09166,SUP-00043,EMP-00012,WH-HYD-01,2026-04-19,349070.85,Completed
PO-09167,PR-09167,SUP-00008,EMP-00013,WH-BLR-01,2026-03-25,516502.72,Delayed
PO-09168,PR-09168,SUP-00038,EMP-00100,WH-MYS-01,2026-02-07,36163.2,Completed
PO-09169,PR-09169,SUP-00012,EMP-00026,WH-CHN-01,2026-06-09,218702.68,Completed
PO-09170,PR-09170,SUP-00007,EMP-00019,WH-MYS-01,2026-01-26,170579.52,Completed
PO-09171,PR-09171,SUP-00019,EMP-00033,WH-BLR-01,2026-02-04,460811.01,Delayed
PO-09172,PR-09172,SUP-00040,EMP-00030,WH-HYD-01,2026-01-23,183937.72,Delayed
PO-09173,PR-09173,SUP-00003,EMP-00009,WH-CHN-01,2026-04-07,57880.21,Completed
PO-09174,PR-09174,SUP-00018,EMP-00020,WH-HYD-01,2026-05-04,48456.85,Completed
PO-09175,PR-09175,SUP-00001,EMP-00089,WH-HYD-01,2026-05-10,607744.78,Completed
PO-09176,PR-09176,SUP-00023,EMP-00002,WH-BLR-01,2026-02-05,257483.73,Completed
PO-09177,PR-09177,SUP-00019,EMP-00020,WH-CHN-01,2026-04-04,217455.5,Delayed
PO-09178,PR-09178,SUP-00035,EMP-00042,WH-MYS-01,2026-02-07,23643.15,Completed
PO-09179,PR-09179,SUP-00003,EMP-00078,WH-MYS-01,2026-01-10,95140.2,Completed
PO-09180,PR-09180,SUP-00029,EMP-00093,WH-CHN-01,2026-03-18,293630.4,Completed
PO-09181,PR-09181,SUP-00047,EMP-00011,WH-BLR-01,2026-01-06,49123.56,Cancelled
PO-09182,PR-09182,SUP-00017,EMP-00031,WH-MYS-01,2026-01-15,10941.56,Completed
PO-09183,PR-09183,SUP-00040,EMP-00025,WH-MYS-01,2026-03-18,193761.49,Completed
PO-09184,PR-09184,SUP-00044,EMP-00067,WH-BLR-01,2026-03-22,263986.42,Delayed
PO-09185,PR-09185,SUP-00018,EMP-00064,WH-BLR-01,2026-01-26,202965.76,Cancelled
PO-09186,PR-09186,SUP-00014,EMP-00025,WH-HYD-01,2026-04-01,48179.8,Delayed
PO-09187,PR-09187,SUP-00005,EMP-00050,WH-CHN-01,2026-03-09,36329.32,Completed
PO-09188,PR-09188,SUP-00049,EMP-00073,WH-MYS-01,2026-06-05,36163.2,Completed
PO-09189,PR-09189,SUP-00015,EMP-00048,WH-MYS-01,2026-04-13,41860.75,Delayed
PO-09190,PR-09190,SUP-00008,EMP-00049,WH-BLR-01,2026-04-06,222231.1,Completed
PO-09191,PR-09191,SUP-00028,EMP-00097,WH-CHN-01,2026-04-23,321171.31,Completed
PO-09192,PR-09192,SUP-00017,EMP-00100,WH-MYS-01,2026-05-31,122808.9,Completed
PO-09193,PR-09193,SUP-00032,EMP-00018,WH-MYS-01,2026-04-30,129217.28,Completed
PO-09194,PR-09194,SUP-00002,EMP-00048,WH-MYS-01,2026-02-11,56887.68,Completed
PO-09195,PR-09195,SUP-00050,EMP-00029,WH-BLR-01,2026-04-24,169630.48,Delayed
PO-09196,PR-09196,SUP-00005,EMP-00018,WH-CHN-01,2026-02-01,227714.41,Completed
PO-09197,PR-09197,SUP-00010,EMP-00093,WH-HYD-01,2026-03-14,9040.8,Completed
PO-09198,PR-09198,SUP-00002,EMP-00043,WH-CHN-01,2026-04-05,589192.14,Delayed
PO-09199,PR-09199,SUP-00031,EMP-00040,WH-MYS-01,2026-05-25,54594.22,Completed
PO-09200,PR-09200,SUP-00013,EMP-00058,WH-HYD-01,2026-01-08,641199.3,Completed
PO-09201,PR-09201,SUP-00024,EMP-00025,WH-MYS-01,2026-03-08,80340.13,Cancelled
PO-09202,PR-09202,SUP-00040,EMP-00050,WH-MYS-01,2026-04-06,178963.68,Completed
PO-09203,PR-09203,SUP-00001,EMP-00092,WH-MYS-01,2026-02-12,173964.4,Completed
PO-09204,PR-09204,SUP-00027,EMP-00005,WH-HYD-01,2026-05-22,222393.76,Completed
PO-09205,PR-09205,SUP-00009,EMP-00047,WH-MYS-01,2026-01-30,28687.2,Completed
PO-09206,PR-09206,SUP-00009,EMP-00032,WH-HYD-01,2026-02-08,14758.2,Completed
PO-09207,PR-09207,SUP-00044,EMP-00096,WH-CHN-01,2026-01-29,261322.5,Completed
PO-09208,PR-09208,SUP-00013,EMP-00077,WH-BLR-01,2026-05-24,257898.69,Completed
PO-09209,PR-09209,SUP-00028,EMP-00077,WH-BLR-01,2026-02-14,43739.84,Delayed
PO-09210,PR-09210,SUP-00003,EMP-00041,WH-CHN-01,2026-01-18,226619.04,Completed
PO-09211,PR-09211,SUP-00041,EMP-00099,WH-HYD-01,2026-01-13,7641.0,Completed
PO-09212,PR-09212,SUP-00049,EMP-00006,WH-MYS-01,2026-05-02,33488.6,Completed
PO-09213,PR-09213,SUP-00031,EMP-00012,WH-MYS-01,2026-01-29,85614.3,Completed
PO-09214,PR-09214,SUP-00014,EMP-00015,WH-HYD-01,2026-03-04,279279.4,Delayed
PO-09215,PR-09215,SUP-00024,EMP-00070,WH-HYD-01,2026-01-11,446792.46,Completed
PO-09216,PR-09216,SUP-00049,EMP-00004,WH-CHN-01,2026-06-01,132744.78,Completed
PO-09217,PR-09217,SUP-00031,EMP-00023,WH-CHN-01,2026-05-05,574022.96,Completed
PO-09218,PR-09218,SUP-00029,EMP-00100,WH-HYD-01,2026-01-20,474877.13,Completed
PO-09219,PR-09219,SUP-00018,EMP-00054,WH-HYD-01,2026-04-06,79082.85,Completed
PO-09220,PR-09220,SUP-00041,EMP-00038,WH-BLR-01,2026-04-08,512515.5,Completed
PO-09221,PR-09221,SUP-00027,EMP-00052,WH-HYD-01,2026-03-08,115048.08,Completed
PO-09222,PR-09222,SUP-00036,EMP-00014,WH-BLR-01,2026-06-05,98247.12,Delayed
PO-09223,PR-09223,SUP-00032,EMP-00098,WH-BLR-01,2026-02-28,538959.36,Delayed
PO-09224,PR-09224,SUP-00022,EMP-00094,WH-BLR-01,2026-02-21,108069.66,Completed
PO-09225,PR-09225,SUP-00048,EMP-00032,WH-MYS-01,2026-06-12,404635.56,Completed
PO-09226,PR-09226,SUP-00019,EMP-00019,WH-BLR-01,2026-02-27,15933.54,Completed
PO-09227,PR-09227,SUP-00025,EMP-00016,WH-CHN-01,2026-01-31,205204.32,Completed
PO-09228,PR-09228,SUP-00028,EMP-00032,WH-MYS-01,2026-01-27,12614.7,Completed
PO-09229,PR-09229,SUP-00033,EMP-00053,WH-BLR-01,2026-05-25,179300.25,Completed
PO-09230,PR-09230,SUP-00028,EMP-00074,WH-MYS-01,2026-03-27,47212.3,Delayed
PO-09231,PR-09231,SUP-00015,EMP-00098,WH-HYD-01,2026-03-06,60988.21,Completed
PO-09232,PR-09232,SUP-00024,EMP-00036,WH-HYD-01,2026-04-23,311355.36,Completed
PO-09233,PR-09233,SUP-00017,EMP-00009,WH-MYS-01,2026-01-17,510342.3,Completed
PO-09234,PR-09234,SUP-00029,EMP-00078,WH-MYS-01,2026-01-21,88822.44,Completed
PO-09235,PR-09235,SUP-00035,EMP-00067,WH-MYS-01,2026-02-15,364367.16,Completed
PO-09236,PR-09236,SUP-00050,EMP-00002,WH-HYD-01,2026-03-30,247036.0,Completed
PO-09237,PR-09237,SUP-00008,EMP-00045,WH-MYS-01,2026-01-22,70297.29,Completed
PO-09238,PR-09238,SUP-00037,EMP-00012,WH-HYD-01,2026-04-01,31957.8,Completed
PO-09239,PR-09239,SUP-00028,EMP-00009,WH-HYD-01,2026-05-26,113065.12,Completed
PO-09240,PR-09240,SUP-00004,EMP-00052,WH-BLR-01,2026-03-11,404955.13,Completed
PO-09241,PR-09241,SUP-00031,EMP-00096,WH-BLR-01,2026-02-28,380707.59,Delayed
PO-09242,PR-09242,SUP-00005,EMP-00008,WH-CHN-01,2026-02-26,6282.6,Completed
PO-09243,PR-09243,SUP-00013,EMP-00060,WH-MYS-01,2026-04-07,257595.12,Completed
PO-09244,PR-09244,SUP-00022,EMP-00082,WH-MYS-01,2026-02-28,328048.8,Delayed
PO-09245,PR-09245,SUP-00002,EMP-00059,WH-MYS-01,2026-03-24,114935.2,Completed
PO-09246,PR-09246,SUP-00035,EMP-00086,WH-CHN-01,2026-04-17,195956.58,Delayed
PO-09247,PR-09247,SUP-00035,EMP-00051,WH-MYS-01,2026-03-31,53131.92,Completed
PO-09248,PR-09248,SUP-00009,EMP-00060,WH-BLR-01,2026-04-20,282523.68,Delayed
PO-09249,PR-09249,SUP-00009,EMP-00038,WH-BLR-01,2026-06-04,43806.0,Completed
PO-09250,PR-09250,SUP-00022,EMP-00019,WH-BLR-01,2026-05-07,154804.05,Completed
PO-09251,PR-09251,SUP-00012,EMP-00059,WH-MYS-01,2026-02-19,3867.0,Delayed
PO-09252,PR-09252,SUP-00004,EMP-00067,WH-CHN-01,2026-01-19,7980.6,Completed
PO-09253,PR-09253,SUP-00042,EMP-00062,WH-MYS-01,2026-01-23,43739.84,Cancelled
PO-09254,PR-09254,SUP-00023,EMP-00035,WH-BLR-01,2026-02-19,123557.6,Completed
PO-09255,PR-09255,SUP-00043,EMP-00007,WH-CHN-01,2026-02-25,59576.16,Completed
PO-09256,PR-09256,SUP-00012,EMP-00068,WH-MYS-01,2026-05-02,162399.65,Completed
PO-09257,PR-09257,SUP-00019,EMP-00090,WH-CHN-01,2026-03-18,583783.62,Completed
PO-09258,PR-09258,SUP-00034,EMP-00075,WH-CHN-01,2026-03-26,59444.54,Completed
PO-09259,PR-09259,SUP-00021,EMP-00014,WH-HYD-01,2026-01-22,562685.1,Completed
PO-09260,PR-09260,SUP-00028,EMP-00085,WH-CHN-01,2026-01-21,4173.07,Completed
PO-09261,PR-09261,SUP-00025,EMP-00091,WH-MYS-01,2026-02-27,32415.43,Completed
PO-09262,PR-09262,SUP-00050,EMP-00068,WH-BLR-01,2026-05-20,97044.0,Completed
PO-09263,PR-09263,SUP-00041,EMP-00050,WH-CHN-01,2026-03-01,284438.4,Completed
PO-09264,PR-09264,SUP-00047,EMP-00046,WH-BLR-01,2026-04-07,50028.03,Completed
PO-09265,PR-09265,SUP-00033,EMP-00033,WH-BLR-01,2026-04-19,392420.0,Completed
PO-09266,PR-09266,SUP-00041,EMP-00070,WH-MYS-01,2026-05-16,30936.0,Delayed
PO-09267,PR-09267,SUP-00018,EMP-00033,WH-MYS-01,2026-02-02,12614.7,Completed
PO-09268,PR-09268,SUP-00031,EMP-00088,WH-HYD-01,2026-03-25,556021.82,Completed
PO-09269,PR-09269,SUP-00025,EMP-00088,WH-HYD-01,2026-02-03,1517.48,Completed
PO-09270,PR-09270,SUP-00009,EMP-00098,WH-MYS-01,2026-04-06,191330.36,Completed
PO-09271,PR-09271,SUP-00014,EMP-00061,WH-MYS-01,2026-01-10,108023.76,Completed
PO-09272,PR-09272,SUP-00042,EMP-00018,WH-MYS-01,2026-02-23,65429.42,Completed
PO-09273,PR-09273,SUP-00049,EMP-00020,WH-CHN-01,2026-05-12,691732.84,Completed
PO-09274,PR-09274,SUP-00016,EMP-00099,WH-BLR-01,2026-01-31,84314.65,Completed
PO-09275,PR-09275,SUP-00002,EMP-00053,WH-MYS-01,2026-02-15,198200.52,Cancelled
PO-09276,PR-09276,SUP-00008,EMP-00090,WH-CHN-01,2026-01-19,551173.07,Completed
PO-09277,PR-09277,SUP-00027,EMP-00062,WH-HYD-01,2026-03-04,21268.5,Completed
PO-09278,PR-09278,SUP-00043,EMP-00074,WH-CHN-01,2026-02-25,39242.0,Completed
PO-09279,PR-09279,SUP-00048,EMP-00020,WH-MYS-01,2026-01-21,74174.85,Delayed
PO-09280,PR-09280,SUP-00018,EMP-00100,WH-MYS-01,2026-03-07,49986.09,Completed
PO-09281,PR-09281,SUP-00027,EMP-00027,WH-MYS-01,2026-01-28,89987.44,Delayed
PO-09282,PR-09282,SUP-00049,EMP-00091,WH-HYD-01,2026-02-02,46404.0,Completed
PO-09283,PR-09283,SUP-00018,EMP-00093,WH-BLR-01,2026-04-24,545630.85,Completed
PO-09284,PR-09284,SUP-00011,EMP-00049,WH-BLR-01,2026-04-17,73588.6,Completed
PO-09285,PR-09285,SUP-00015,EMP-00010,WH-CHN-01,2026-01-07,26157.99,Completed
PO-09286,PR-09286,SUP-00009,EMP-00079,WH-HYD-01,2026-03-16,28001.12,Completed
PO-09287,PR-09287,SUP-00026,EMP-00086,WH-BLR-01,2026-01-20,310206.75,Completed
PO-09288,PR-09288,SUP-00041,EMP-00064,WH-CHN-01,2026-03-23,560022.4,Completed
PO-09289,PR-09289,SUP-00043,EMP-00042,WH-MYS-01,2026-05-14,155374.1,Completed
PO-09290,PR-09290,SUP-00036,EMP-00017,WH-HYD-01,2026-04-12,132432.12,Completed
PO-09291,PR-09291,SUP-00004,EMP-00026,WH-MYS-01,2026-03-01,445985.6,Completed
PO-09292,PR-09292,SUP-00027,EMP-00064,WH-HYD-01,2026-03-28,142011.1,Completed
PO-09293,PR-09293,SUP-00044,EMP-00059,WH-CHN-01,2026-04-12,146861.28,Delayed
PO-09294,PR-09294,SUP-00043,EMP-00079,WH-BLR-01,2026-02-03,73685.34,Delayed
PO-09295,PR-09295,SUP-00029,EMP-00030,WH-BLR-01,2026-03-22,264049.24,Completed
PO-09296,PR-09296,SUP-00024,EMP-00027,WH-MYS-01,2026-01-21,39476.64,Completed
PO-09297,PR-09297,SUP-00013,EMP-00070,WH-BLR-01,2026-06-02,146868.15,Completed
PO-09298,PR-09298,SUP-00039,EMP-00076,WH-MYS-01,2026-02-21,306178.88,Delayed
PO-09299,PR-09299,SUP-00012,EMP-00084,WH-HYD-01,2026-03-22,287410.8,Completed
PO-09300,PR-09300,SUP-00026,EMP-00044,WH-CHN-01,2026-04-28,31167.08,Completed
PO-09301,PR-09301,SUP-00030,EMP-00056,WH-HYD-01,2026-03-22,28035.84,Completed
PO-09302,PR-09302,SUP-00040,EMP-00045,WH-CHN-01,2026-04-16,428568.9,Completed
PO-09303,PR-09303,SUP-00001,EMP-00044,WH-MYS-01,2026-01-08,390459.81,Completed
PO-09304,PR-09304,SUP-00003,EMP-00065,WH-HYD-01,2026-03-08,1867.8,Completed
PO-09305,PR-09305,SUP-00002,EMP-00039,WH-MYS-01,2026-05-14,134872.5,Completed
PO-09306,PR-09306,SUP-00011,EMP-00054,WH-MYS-01,2026-05-24,186941.2,Cancelled
PO-09307,PR-09307,SUP-00007,EMP-00076,WH-HYD-01,2026-02-24,317078.52,Completed
PO-09308,PR-09308,SUP-00038,EMP-00065,WH-MYS-01,2026-06-05,45592.04,Delayed
PO-09309,PR-09309,SUP-00001,EMP-00005,WH-BLR-01,2026-01-19,362799.57,Delayed
PO-09310,PR-09310,SUP-00037,EMP-00008,WH-HYD-01,2026-06-01,38882.88,Completed
PO-09311,PR-09311,SUP-00024,EMP-00008,WH-MYS-01,2026-03-04,205342.16,Completed
PO-09312,PR-09312,SUP-00028,EMP-00028,WH-HYD-01,2026-03-28,362906.88,Completed
PO-09313,PR-09313,SUP-00036,EMP-00033,WH-HYD-01,2026-05-25,417787.18,Completed
PO-09314,PR-09314,SUP-00027,EMP-00066,WH-HYD-01,2026-02-21,42001.68,Completed
PO-09315,PR-09315,SUP-00008,EMP-00040,WH-MYS-01,2026-04-08,25370.72,Completed
PO-09316,PR-09316,SUP-00027,EMP-00041,WH-HYD-01,2026-04-30,247961.88,Completed
PO-09317,PR-09317,SUP-00024,EMP-00018,WH-CHN-01,2026-03-13,13785.69,Completed
PO-09318,PR-09318,SUP-00004,EMP-00080,WH-HYD-01,2026-05-08,480006.18,Completed
PO-09319,PR-09319,SUP-00012,EMP-00011,WH-CHN-01,2026-01-25,449132.8,Completed
PO-09320,PR-09320,SUP-00048,EMP-00019,WH-CHN-01,2026-01-17,27551.32,Cancelled
PO-09321,PR-09321,SUP-00012,EMP-00092,WH-CHN-01,2026-02-11,13561.33,Delayed
PO-09322,PR-09322,SUP-00048,EMP-00086,WH-MYS-01,2026-05-04,361999.4,Completed
PO-09323,PR-09323,SUP-00030,EMP-00078,WH-CHN-01,2026-04-08,149550.0,Completed
PO-09324,PR-09324,SUP-00001,EMP-00034,WH-BLR-01,2026-04-09,51869.44,Completed
PO-09325,PR-09325,SUP-00043,EMP-00027,WH-MYS-01,2026-01-16,190728.93,Completed
PO-09326,PR-09326,SUP-00038,EMP-00098,WH-MYS-01,2026-01-18,88932.96,Completed
PO-09327,PR-09327,SUP-00047,EMP-00005,WH-HYD-01,2026-05-18,348077.92,Completed
PO-09328,PR-09328,SUP-00031,EMP-00050,WH-HYD-01,2026-03-07,123189.92,Completed
PO-09329,PR-09329,SUP-00049,EMP-00036,WH-BLR-01,2026-03-11,382723.6,Completed
PO-09330,PR-09330,SUP-00041,EMP-00036,WH-BLR-01,2026-05-03,181240.74,Delayed
PO-09331,PR-09331,SUP-00018,EMP-00061,WH-HYD-01,2026-06-03,128753.45,Completed
PO-09332,PR-09332,SUP-00016,EMP-00021,WH-MYS-01,2026-03-12,274997.25,Completed
PO-09333,PR-09333,SUP-00006,EMP-00068,WH-HYD-01,2026-05-28,79450.01,Delayed
PO-09334,PR-09334,SUP-00001,EMP-00087,WH-BLR-01,2026-05-26,222160.4,Completed
PO-09335,PR-09335,SUP-00037,EMP-00038,WH-MYS-01,2026-06-06,208460.25,Completed
PO-09336,PR-09336,SUP-00048,EMP-00053,WH-MYS-01,2026-03-28,77455.44,Cancelled
PO-09337,PR-09337,SUP-00045,EMP-00094,WH-MYS-01,2026-03-08,137698.56,Completed
PO-09338,PR-09338,SUP-00033,EMP-00057,WH-CHN-01,2026-05-25,103723.1,Completed
PO-09339,PR-09339,SUP-00037,EMP-00019,WH-MYS-01,2026-03-03,24217.0,Completed
PO-09340,PR-09340,SUP-00002,EMP-00010,WH-HYD-01,2026-06-06,582006.24,Completed
PO-09341,PR-09341,SUP-00033,EMP-00067,WH-CHN-01,2026-05-21,69685.25,Completed
PO-09342,PR-09342,SUP-00006,EMP-00039,WH-BLR-01,2026-05-07,171003.6,Completed
PO-09343,PR-09343,SUP-00014,EMP-00001,WH-CHN-01,2026-04-21,156947.94,Delayed
PO-09344,PR-09344,SUP-00034,EMP-00011,WH-BLR-01,2026-01-26,43361.82,Delayed
PO-09345,PR-09345,SUP-00017,EMP-00093,WH-CHN-01,2026-02-10,155642.76,Completed
PO-09346,PR-09346,SUP-00040,EMP-00030,WH-BLR-01,2026-05-11,48768.24,Delayed
PO-09347,PR-09347,SUP-00042,EMP-00018,WH-BLR-01,2026-02-01,9691.37,Delayed
PO-09348,PR-09348,SUP-00008,EMP-00053,WH-CHN-01,2026-06-12,12783.12,Delayed
PO-09349,PR-09349,SUP-00037,EMP-00028,WH-MYS-01,2026-06-01,360853.68,Completed
PO-09350,PR-09350,SUP-00032,EMP-00053,WH-HYD-01,2026-05-06,95744.4,Delayed
PO-09351,PR-09351,SUP-00003,EMP-00044,WH-MYS-01,2026-05-08,28056.64,Completed
PO-09352,PR-09352,SUP-00048,EMP-00025,WH-BLR-01,2026-02-05,154226.49,Completed
PO-09353,PR-09353,SUP-00024,EMP-00047,WH-HYD-01,2026-05-26,13963.97,Completed
PO-09354,PR-09354,SUP-00040,EMP-00085,WH-CHN-01,2026-01-26,266530.5,Completed
PO-09355,PR-09355,SUP-00043,EMP-00060,WH-MYS-01,2026-06-05,300971.1,Completed
PO-09356,PR-09356,SUP-00006,EMP-00024,WH-HYD-01,2026-04-15,9040.8,Cancelled
PO-09357,PR-09357,SUP-00045,EMP-00081,WH-HYD-01,2026-02-24,165667.27,Completed
PO-09358,PR-09358,SUP-00045,EMP-00042,WH-CHN-01,2026-05-30,67806.65,Delayed
PO-09359,PR-09359,SUP-00025,EMP-00057,WH-BLR-01,2026-06-03,18829.25,Delayed
PO-09360,PR-09360,SUP-00047,EMP-00012,WH-MYS-01,2026-05-04,537944.19,Delayed
PO-09361,PR-09361,SUP-00017,EMP-00036,WH-BLR-01,2026-03-05,484170.9,Completed
PO-09362,PR-09362,SUP-00030,EMP-00025,WH-MYS-01,2026-05-05,375879.03,Completed
PO-09363,PR-09363,SUP-00015,EMP-00049,WH-CHN-01,2026-02-14,18620.46,Completed
PO-09364,PR-09364,SUP-00033,EMP-00042,WH-MYS-01,2026-02-25,158567.0,Completed
PO-09365,PR-09365,SUP-00005,EMP-00060,WH-HYD-01,2026-05-23,458687.13,Completed
PO-09366,PR-09366,SUP-00018,EMP-00095,WH-MYS-01,2026-02-12,440924.1,Delayed
PO-09367,PR-09367,SUP-00021,EMP-00066,WH-HYD-01,2026-04-08,25135.5,Delayed
PO-09368,PR-09368,SUP-00043,EMP-00065,WH-HYD-01,2026-05-07,3226.2,Completed
PO-09369,PR-09369,SUP-00047,EMP-00063,WH-HYD-01,2026-05-09,94424.6,Completed
PO-09370,PR-09370,SUP-00025,EMP-00083,WH-CHN-01,2026-02-26,69754.64,Completed
PO-09371,PR-09371,SUP-00025,EMP-00057,WH-MYS-01,2026-03-23,323694.0,Delayed
PO-09372,PR-09372,SUP-00037,EMP-00042,WH-HYD-01,2026-01-06,148021.44,Completed
PO-09373,PR-09373,SUP-00031,EMP-00098,WH-MYS-01,2026-02-13,6167.56,Completed
PO-09374,PR-09374,SUP-00013,EMP-00004,WH-HYD-01,2026-02-10,135089.79,Completed
PO-09375,PR-09375,SUP-00031,EMP-00033,WH-HYD-01,2026-05-12,247339.7,Completed
PO-09376,PR-09376,SUP-00038,EMP-00005,WH-HYD-01,2026-01-11,35711.68,Delayed
PO-09377,PR-09377,SUP-00036,EMP-00047,WH-CHN-01,2026-05-24,71539.5,Completed
PO-09378,PR-09378,SUP-00048,EMP-00011,WH-BLR-01,2026-03-20,6027.2,Completed
PO-09379,PR-09379,SUP-00038,EMP-00085,WH-MYS-01,2026-02-11,161496.72,Delayed
PO-09380,PR-09380,SUP-00012,EMP-00097,WH-MYS-01,2026-04-15,151382.96,Delayed
PO-09381,PR-09381,SUP-00012,EMP-00068,WH-MYS-01,2026-01-11,514201.95,Completed
PO-09382,PR-09382,SUP-00005,EMP-00089,WH-HYD-01,2026-03-11,271275.8,Completed
PO-09383,PR-09383,SUP-00028,EMP-00051,WH-BLR-01,2026-02-08,240976.08,Completed
PO-09384,PR-09384,SUP-00018,EMP-00002,WH-BLR-01,2026-05-04,38730.3,Completed
PO-09385,PR-09385,SUP-00032,EMP-00025,WH-HYD-01,2026-04-24,95429.88,Completed
PO-09386,PR-09386,SUP-00050,EMP-00048,WH-BLR-01,2026-01-11,13963.97,Completed
PO-09387,PR-09387,SUP-00046,EMP-00033,WH-CHN-01,2026-01-09,1358.4,Completed
PO-09388,PR-09388,SUP-00018,EMP-00093,WH-HYD-01,2026-01-19,80870.0,Completed
PO-09389,PR-09389,SUP-00010,EMP-00052,WH-CHN-01,2026-01-21,3013.6,Completed
PO-09390,PR-09390,SUP-00001,EMP-00039,WH-BLR-01,2026-02-13,10521.24,Completed
PO-09391,PR-09391,SUP-00005,EMP-00010,WH-HYD-01,2026-05-19,403804.0,Completed
PO-09392,PR-09392,SUP-00047,EMP-00059,WH-HYD-01,2026-05-03,193928.25,Delayed
PO-09393,PR-09393,SUP-00048,EMP-00052,WH-HYD-01,2026-03-01,142851.15,Delayed
PO-09394,PR-09394,SUP-00011,EMP-00033,WH-MYS-01,2026-02-28,130006.9,Completed
PO-09395,PR-09395,SUP-00023,EMP-00029,WH-MYS-01,2026-05-14,98814.4,Delayed
PO-09396,PR-09396,SUP-00050,EMP-00004,WH-BLR-01,2026-04-06,271275.8,Completed
PO-09397,PR-09397,SUP-00029,EMP-00043,WH-CHN-01,2026-04-26,12967.36,Cancelled
PO-09398,PR-09398,SUP-00025,EMP-00032,WH-BLR-01,2026-03-17,14036.69,Completed
PO-09399,PR-09399,SUP-00026,EMP-00025,WH-BLR-01,2026-02-18,126223.68,Completed
PO-09400,PR-09400,SUP-00024,EMP-00024,WH-BLR-01,2026-03-12,348188.88,Completed
PO-09401,PR-09401,SUP-00019,EMP-00099,WH-CHN-01,2026-02-21,339438.6,Completed
PO-09402,PR-09402,SUP-00012,EMP-00053,WH-CHN-01,2026-01-31,273374.0,Delayed
PO-09403,PR-09403,SUP-00041,EMP-00008,WH-MYS-01,2026-05-05,216981.28,Completed
PO-09404,PR-09404,SUP-00046,EMP-00076,WH-HYD-01,2026-05-13,55586.7,Completed
PO-09405,PR-09405,SUP-00019,EMP-00020,WH-HYD-01,2026-05-13,8904.88,Delayed
PO-09406,PR-09406,SUP-00049,EMP-00020,WH-MYS-01,2026-03-06,162399.65,Cancelled
PO-09407,PR-09407,SUP-00012,EMP-00066,WH-BLR-01,2026-03-12,412096.16,Completed
PO-09408,PR-09408,SUP-00050,EMP-00035,WH-HYD-01,2026-06-02,94410.75,Delayed
PO-09409,PR-09409,SUP-00049,EMP-00051,WH-BLR-01,2026-03-26,248224.25,Completed
PO-09410,PR-09410,SUP-00040,EMP-00036,WH-CHN-01,2026-01-11,4931.81,Completed
PO-09411,PR-09411,SUP-00017,EMP-00098,WH-MYS-01,2026-02-13,251975.62,Delayed
PO-09412,PR-09412,SUP-00017,EMP-00035,WH-BLR-01,2026-05-13,209055.75,Completed
PO-09413,PR-09413,SUP-00031,EMP-00022,WH-CHN-01,2026-03-05,339.6,Delayed
PO-09414,PR-09414,SUP-00034,EMP-00036,WH-MYS-01,2026-04-04,123727.11,Completed
PO-09415,PR-09415,SUP-00016,EMP-00093,WH-HYD-01,2026-01-22,199504.2,Completed
PO-09416,PR-09416,SUP-00012,EMP-00053,WH-BLR-01,2026-03-15,89703.37,Completed
PO-09417,PR-09417,SUP-00021,EMP-00028,WH-CHN-01,2026-02-27,456249.32,Delayed
PO-09418,PR-09418,SUP-00045,EMP-00079,WH-HYD-01,2026-03-19,28907.88,Completed
PO-09419,PR-09419,SUP-00021,EMP-00002,WH-HYD-01,2026-02-25,119324.79,Completed
PO-09420,PR-09420,SUP-00033,EMP-00049,WH-MYS-01,2026-05-08,272441.25,Delayed
PO-09421,PR-09421,SUP-00035,EMP-00054,WH-HYD-01,2026-04-13,575461.38,Completed
PO-09422,PR-09422,SUP-00013,EMP-00084,WH-HYD-01,2026-02-15,323881.92,Completed
PO-09423,PR-09423,SUP-00038,EMP-00024,WH-MYS-01,2026-04-18,446847.04,Completed
PO-09424,PR-09424,SUP-00048,EMP-00018,WH-MYS-01,2026-03-10,74101.56,Delayed
PO-09425,PR-09425,SUP-00048,EMP-00095,WH-MYS-01,2026-04-13,41793.82,Completed
PO-09426,PR-09426,SUP-00024,EMP-00069,WH-CHN-01,2026-01-04,44478.5,Completed
PO-09427,PR-09427,SUP-00039,EMP-00062,WH-MYS-01,2026-01-09,359306.24,Delayed
PO-09428,PR-09428,SUP-00042,EMP-00072,WH-BLR-01,2026-05-30,207446.2,Completed
PO-09429,PR-09429,SUP-00031,EMP-00072,WH-BLR-01,2026-05-15,620570.4,Delayed
PO-09430,PR-09430,SUP-00004,EMP-00086,WH-HYD-01,2026-01-15,85614.3,Cancelled
PO-09431,PR-09431,SUP-00035,EMP-00100,WH-HYD-01,2026-01-14,55266.12,Completed
PO-09432,PR-09432,SUP-00046,EMP-00031,WH-CHN-01,2026-04-19,36786.7,Completed
PO-09433,PR-09433,SUP-00028,EMP-00090,WH-BLR-01,2026-04-17,680970.15,Completed
PO-09434,PR-09434,SUP-00043,EMP-00043,WH-CHN-01,2026-02-26,264554.46,Completed
PO-09435,PR-09435,SUP-00014,EMP-00084,WH-CHN-01,2026-04-12,661386.15,Completed
PO-09436,PR-09436,SUP-00039,EMP-00062,WH-HYD-01,2026-03-07,3083.78,Delayed
PO-09437,PR-09437,SUP-00042,EMP-00010,WH-HYD-01,2026-05-18,244299.18,Completed
PO-09438,PR-09438,SUP-00025,EMP-00073,WH-BLR-01,2026-01-13,341326.08,Delayed
PO-09439,PR-09439,SUP-00048,EMP-00078,WH-CHN-01,2026-01-26,518925.6,Delayed
PO-09440,PR-09440,SUP-00041,EMP-00052,WH-HYD-01,2026-05-25,533505.72,Completed
PO-09441,PR-09441,SUP-00020,EMP-00048,WH-HYD-01,2026-04-23,59339.88,Completed
PO-09442,PR-09442,SUP-00018,EMP-00023,WH-CHN-01,2026-01-20,91404.72,Completed
PO-09443,PR-09443,SUP-00012,EMP-00078,WH-BLR-01,2026-02-24,98144.13,Completed
PO-09444,PR-09444,SUP-00020,EMP-00036,WH-BLR-01,2026-03-01,28041.18,Completed
PO-09445,PR-09445,SUP-00007,EMP-00076,WH-CHN-01,2026-02-18,159789.0,Completed
PO-09446,PR-09446,SUP-00012,EMP-00043,WH-HYD-01,2026-03-04,75539.68,Completed
PO-09447,PR-09447,SUP-00031,EMP-00078,WH-CHN-01,2026-05-01,107932.3,Completed
PO-09448,PR-09448,SUP-00028,EMP-00012,WH-BLR-01,2026-02-23,103445.92,Completed
PO-09449,PR-09449,SUP-00043,EMP-00048,WH-CHN-01,2026-04-03,599293.15,Delayed
PO-09450,PR-09450,SUP-00009,EMP-00013,WH-CHN-01,2026-04-24,516404.0,Completed
PO-09451,PR-09451,SUP-00037,EMP-00003,WH-BLR-01,2026-03-21,309608.1,Completed
PO-09452,PR-09452,SUP-00013,EMP-00067,WH-CHN-01,2026-01-15,8965.97,Completed
PO-09453,PR-09453,SUP-00019,EMP-00074,WH-HYD-01,2026-04-26,145647.68,Completed
PO-09454,PR-09454,SUP-00048,EMP-00057,WH-BLR-01,2026-01-24,225166.27,Completed
PO-09455,PR-09455,SUP-00042,EMP-00070,WH-MYS-01,2026-02-18,647579.68,Completed
PO-09456,PR-09456,SUP-00009,EMP-00041,WH-HYD-01,2026-04-08,440924.1,Cancelled
PO-09457,PR-09457,SUP-00017,EMP-00050,WH-HYD-01,2026-04-07,12280.89,Completed
PO-09458,PR-09458,SUP-00007,EMP-00064,WH-CHN-01,2026-05-23,294752.64,Completed
PO-09459,PR-09459,SUP-00021,EMP-00078,WH-BLR-01,2026-01-11,36500.49,Completed
PO-09460,PR-09460,SUP-00010,EMP-00019,WH-HYD-01,2026-01-11,94465.56,Completed
PO-09461,PR-09461,SUP-00037,EMP-00041,WH-BLR-01,2026-02-09,293243.37,Completed
PO-09462,PR-09462,SUP-00013,EMP-00019,WH-CHN-01,2026-05-18,180944.79,Completed
PO-09463,PR-09463,SUP-00027,EMP-00030,WH-HYD-01,2026-02-10,62537.39,Completed
PO-09464,PR-09464,SUP-00019,EMP-00010,WH-MYS-01,2026-04-12,492979.32,Completed
PO-09465,PR-09465,SUP-00019,EMP-00028,WH-HYD-01,2026-01-20,163464.75,Completed
PO-09466,PR-09466,SUP-00002,EMP-00045,WH-HYD-01,2026-02-24,367436.75,Completed
PO-09467,PR-09467,SUP-00012,EMP-00089,WH-MYS-01,2026-02-03,74586.72,Completed
PO-09468,PR-09468,SUP-00019,EMP-00040,WH-CHN-01,2026-05-12,42084.96,Completed
PO-09469,PR-09469,SUP-00002,EMP-00051,WH-HYD-01,2026-05-29,17071.65,Completed
PO-09470,PR-09470,SUP-00019,EMP-00022,WH-CHN-01,2026-04-14,355398.6,Completed
PO-09471,PR-09471,SUP-00032,EMP-00037,WH-HYD-01,2026-04-24,583791.3,Completed
PO-09472,PR-09472,SUP-00045,EMP-00024,WH-BLR-01,2026-05-22,264918.96,Cancelled
PO-09473,PR-09473,SUP-00016,EMP-00077,WH-MYS-01,2026-02-04,466138.2,Completed
PO-09474,PR-09474,SUP-00021,EMP-00061,WH-BLR-01,2026-04-09,135032.0,Delayed
PO-09475,PR-09475,SUP-00043,EMP-00039,WH-BLR-01,2026-04-12,126434.98,Completed
PO-09476,PR-09476,SUP-00047,EMP-00080,WH-MYS-01,2026-05-20,149107.03,Cancelled
PO-09477,PR-09477,SUP-00031,EMP-00093,WH-BLR-01,2026-05-20,145934.54,Completed
PO-09478,PR-09478,SUP-00045,EMP-00040,WH-MYS-01,2026-04-14,3358.3,Completed
PO-09479,PR-09479,SUP-00042,EMP-00059,WH-HYD-01,2026-04-27,17451.02,Delayed
PO-09480,PR-09480,SUP-00026,EMP-00073,WH-MYS-01,2026-04-25,501769.21,Completed
PO-09481,PR-09481,SUP-00016,EMP-00047,WH-HYD-01,2026-03-08,50759.84,Completed
PO-09482,PR-09482,SUP-00016,EMP-00048,WH-BLR-01,2026-03-12,172174.31,Completed
PO-09483,PR-09483,SUP-00016,EMP-00073,WH-BLR-01,2026-02-07,220222.8,Completed
PO-09484,PR-09484,SUP-00002,EMP-00056,WH-MYS-01,2026-04-14,616024.64,Completed
PO-09485,PR-09485,SUP-00043,EMP-00070,WH-BLR-01,2026-05-23,42115.95,Cancelled
PO-09486,PR-09486,SUP-00029,EMP-00070,WH-MYS-01,2026-04-01,389189.08,Completed
PO-09487,PR-09487,SUP-00001,EMP-00014,WH-CHN-01,2026-02-09,528185.18,Completed
PO-09488,PR-09488,SUP-00028,EMP-00045,WH-CHN-01,2026-04-13,28552.41,Completed
PO-09489,PR-09489,SUP-00048,EMP-00034,WH-BLR-01,2026-03-06,167567.64,Completed
PO-09490,PR-09490,SUP-00024,EMP-00036,WH-CHN-01,2026-01-05,536513.7,Delayed
PO-09491,PR-09491,SUP-00033,EMP-00019,WH-MYS-01,2026-01-08,367833.9,Completed
PO-09492,PR-09492,SUP-00001,EMP-00029,WH-HYD-01,2026-04-15,125987.81,Completed
PO-09493,PR-09493,SUP-00048,EMP-00096,WH-BLR-01,2026-04-12,317113.84,Completed
PO-09494,PR-09494,SUP-00046,EMP-00048,WH-CHN-01,2026-04-13,307207.34,Completed
PO-09495,PR-09495,SUP-00005,EMP-00065,WH-MYS-01,2026-02-10,3592.6,Completed
PO-09496,PR-09496,SUP-00025,EMP-00061,WH-MYS-01,2026-02-15,11117.34,Completed
PO-09497,PR-09497,SUP-00027,EMP-00056,WH-BLR-01,2026-01-31,95393.1,Completed
PO-09498,PR-09498,SUP-00002,EMP-00008,WH-MYS-01,2026-04-01,376304.4,Completed
PO-09499,PR-09499,SUP-00023,EMP-00008,WH-BLR-01,2026-02-09,4595.23,Completed
PO-09500,PR-09500,SUP-00013,EMP-00028,WH-BLR-01,2026-05-14,244771.75,Completed
PO-09501,PR-09501,SUP-00035,EMP-00064,WH-BLR-01,2026-03-09,46929.9,Delayed
PO-09502,PR-09502,SUP-00030,EMP-00037,WH-BLR-01,2026-03-03,155781.25,Completed
PO-09503,PR-09503,SUP-00049,EMP-00056,WH-HYD-01,2026-04-11,351062.8,Delayed
PO-09504,PR-09504,SUP-00044,EMP-00029,WH-CHN-01,2026-05-02,277947.0,Delayed
PO-09505,PR-09505,SUP-00024,EMP-00033,WH-MYS-01,2026-05-23,307034.0,Delayed
PO-09506,PR-09506,SUP-00035,EMP-00034,WH-CHN-01,2026-06-02,177728.32,Completed
PO-09507,PR-09507,SUP-00012,EMP-00097,WH-BLR-01,2026-02-26,155835.4,Delayed
PO-09508,PR-09508,SUP-00038,EMP-00054,WH-MYS-01,2026-05-15,13073.94,Completed
PO-09509,PR-09509,SUP-00041,EMP-00084,WH-BLR-01,2026-05-13,620413.5,Completed
PO-09510,PR-09510,SUP-00003,EMP-00033,WH-MYS-01,2026-03-29,124642.8,Delayed
PO-09511,PR-09511,SUP-00013,EMP-00023,WH-BLR-01,2026-04-15,560022.4,Delayed
PO-09512,PR-09512,SUP-00012,EMP-00087,WH-BLR-01,2026-04-08,69585.76,Completed
PO-09513,PR-09513,SUP-00008,EMP-00027,WH-BLR-01,2026-03-15,196414.24,Completed
PO-09514,PR-09514,SUP-00039,EMP-00081,WH-CHN-01,2026-01-28,555984.4,Delayed
PO-09515,PR-09515,SUP-00023,EMP-00009,WH-CHN-01,2026-02-16,263986.42,Completed
PO-09516,PR-09516,SUP-00017,EMP-00085,WH-HYD-01,2026-04-07,348437.04,Cancelled
PO-09517,PR-09517,SUP-00033,EMP-00004,WH-CHN-01,2026-03-14,75766.13,Completed
PO-09518,PR-09518,SUP-00015,EMP-00041,WH-BLR-01,2026-03-12,60542.5,Completed
PO-09519,PR-09519,SUP-00035,EMP-00036,WH-BLR-01,2026-06-02,257007.24,Cancelled
PO-09520,PR-09520,SUP-00004,EMP-00026,WH-BLR-01,2026-06-06,123518.0,Completed
PO-09521,PR-09521,SUP-00045,EMP-00067,WH-HYD-01,2026-04-18,191454.92,Completed
PO-09522,PR-09522,SUP-00036,EMP-00097,WH-CHN-01,2026-05-28,55850.9,Completed
PO-09523,PR-09523,SUP-00050,EMP-00024,WH-MYS-01,2026-02-16,88294.5,Completed
PO-09524,PR-09524,SUP-00050,EMP-00049,WH-BLR-01,2026-05-10,75317.0,Completed
PO-09525,PR-09525,SUP-00010,EMP-00025,WH-BLR-01,2026-02-12,40071.96,Delayed
PO-09526,PR-09526,SUP-00014,EMP-00071,WH-MYS-01,2026-03-29,23936.1,Completed
PO-09527,PR-09527,SUP-00003,EMP-00059,WH-CHN-01,2026-03-27,11228.32,Completed
PO-09528,PR-09528,SUP-00048,EMP-00058,WH-MYS-01,2026-05-14,49052.5,Completed
PO-09529,PR-09529,SUP-00010,EMP-00001,WH-BLR-01,2026-02-04,13277.95,Completed
PO-09530,PR-09530,SUP-00039,EMP-00065,WH-HYD-01,2026-04-25,392420.0,Completed
PO-09531,PR-09531,SUP-00010,EMP-00095,WH-HYD-01,2026-02-08,280405.8,Completed
PO-09532,PR-09532,SUP-00023,EMP-00094,WH-HYD-01,2026-04-24,704156.46,Cancelled
PO-09533,PR-09533,SUP-00025,EMP-00013,WH-BLR-01,2026-04-10,38902.08,Completed
PO-09534,PR-09534,SUP-00034,EMP-00081,WH-HYD-01,2026-03-30,28966.98,Completed
PO-09535,PR-09535,SUP-00005,EMP-00004,WH-MYS-01,2026-02-20,634157.04,Completed
PO-09536,PR-09536,SUP-00043,EMP-00012,WH-CHN-01,2026-01-24,98247.12,Completed
PO-09537,PR-09537,SUP-00021,EMP-00024,WH-BLR-01,2026-01-17,17209.22,Completed
PO-09538,PR-09538,SUP-00015,EMP-00096,WH-HYD-01,2026-05-10,163043.76,Completed
PO-09539,PR-09539,SUP-00050,EMP-00043,WH-BLR-01,2026-01-23,402375.12,Completed
PO-09540,PR-09540,SUP-00001,EMP-00021,WH-MYS-01,2026-03-31,633900.75,Delayed
PO-09541,PR-09541,SUP-00005,EMP-00002,WH-BLR-01,2026-05-07,449937.2,Completed
PO-09542,PR-09542,SUP-00006,EMP-00048,WH-MYS-01,2026-05-04,120284.56,Completed
PO-09543,PR-09543,SUP-00011,EMP-00028,WH-BLR-01,2026-02-15,551750.85,Completed
PO-09544,PR-09544,SUP-00019,EMP-00036,WH-HYD-01,2026-03-07,311562.5,Completed
PO-09545,PR-09545,SUP-00021,EMP-00020,WH-CHN-01,2026-04-09,111037.15,Completed
PO-09546,PR-09546,SUP-00040,EMP-00060,WH-CHN-01,2026-02-05,283935.23,Delayed
PO-09547,PR-09547,SUP-00028,EMP-00015,WH-CHN-01,2026-06-09,33692.76,Completed
PO-09548,PR-09548,SUP-00021,EMP-00010,WH-CHN-01,2026-04-19,348701.33,Completed
PO-09549,PR-09549,SUP-00012,EMP-00024,WH-MYS-01,2026-04-06,293330.4,Completed
PO-09550,PR-09550,SUP-00021,EMP-00042,WH-BLR-01,2026-04-21,596698.52,Completed
PO-09551,PR-09551,SUP-00049,EMP-00024,WH-CHN-01,2026-04-29,6828.66,Delayed
PO-09552,PR-09552,SUP-00023,EMP-00068,WH-CHN-01,2026-02-19,315652.68,Completed
PO-09553,PR-09553,SUP-00014,EMP-00059,WH-MYS-01,2026-03-25,216604.56,Delayed
PO-09554,PR-09554,SUP-00015,EMP-00018,WH-HYD-01,2026-03-10,27006.4,Cancelled
PO-09555,PR-09555,SUP-00010,EMP-00026,WH-CHN-01,2026-03-20,174685.51,Completed
PO-09556,PR-09556,SUP-00041,EMP-00010,WH-HYD-01,2026-05-10,85066.02,Completed
PO-09557,PR-09557,SUP-00003,EMP-00053,WH-BLR-01,2026-04-14,190280.4,Delayed
PO-09558,PR-09558,SUP-00045,EMP-00043,WH-HYD-01,2026-05-14,244299.18,Delayed
PO-09559,PR-09559,SUP-00004,EMP-00093,WH-CHN-01,2026-03-07,25269.57,Cancelled
PO-09560,PR-09560,SUP-00042,EMP-00023,WH-CHN-01,2026-06-07,27551.32,Completed
PO-09561,PR-09561,SUP-00007,EMP-00099,WH-CHN-01,2026-02-22,165697.4,Completed
PO-09562,PR-09562,SUP-00028,EMP-00046,WH-HYD-01,2026-01-30,164740.28,Completed
PO-09563,PR-09563,SUP-00043,EMP-00066,WH-BLR-01,2026-04-03,15054.84,Delayed
PO-09564,PR-09564,SUP-00009,EMP-00055,WH-CHN-01,2026-04-04,53949.0,Completed
PO-09565,PR-09565,SUP-00043,EMP-00080,WH-CHN-01,2026-05-29,193570.43,Completed
PO-09566,PR-09566,SUP-00050,EMP-00031,WH-CHN-01,2026-02-08,165124.32,Completed
PO-09567,PR-09567,SUP-00002,EMP-00009,WH-MYS-01,2026-03-13,77234.29,Completed
PO-09568,PR-09568,SUP-00042,EMP-00010,WH-CHN-01,2026-05-09,37005.36,Delayed
PO-09569,PR-09569,SUP-00027,EMP-00023,WH-MYS-01,2026-03-18,120464.54,Completed
PO-09570,PR-09570,SUP-00034,EMP-00033,WH-BLR-01,2026-04-09,230542.61,Completed
PO-09571,PR-09571,SUP-00035,EMP-00096,WH-BLR-01,2026-04-19,54347.92,Delayed
PO-09572,PR-09572,SUP-00039,EMP-00028,WH-MYS-01,2026-02-07,437468.08,Completed
PO-09573,PR-09573,SUP-00031,EMP-00023,WH-CHN-01,2026-05-09,455621.57,Completed
PO-09574,PR-09574,SUP-00015,EMP-00062,WH-CHN-01,2026-02-14,10521.24,Completed
PO-09575,PR-09575,SUP-00030,EMP-00006,WH-MYS-01,2026-03-28,74804.75,Completed
PO-09576,PR-09576,SUP-00004,EMP-00033,WH-HYD-01,2026-01-31,222346.8,Delayed
PO-09577,PR-09577,SUP-00049,EMP-00084,WH-MYS-01,2026-05-26,242770.5,Completed
PO-09578,PR-09578,SUP-00016,EMP-00020,WH-MYS-01,2026-02-21,426714.42,Completed
PO-09579,PR-09579,SUP-00023,EMP-00036,WH-BLR-01,2026-02-10,36844.08,Delayed
PO-09580,PR-09580,SUP-00006,EMP-00032,WH-MYS-01,2026-06-05,114099.86,Completed
PO-09581,PR-09581,SUP-00050,EMP-00025,WH-MYS-01,2026-02-27,211113.09,Cancelled
PO-09582,PR-09582,SUP-00018,EMP-00022,WH-HYD-01,2026-03-10,297356.65,Completed
PO-09583,PR-09583,SUP-00005,EMP-00098,WH-BLR-01,2026-04-02,42236.91,Completed
PO-09584,PR-09584,SUP-00019,EMP-00061,WH-BLR-01,2026-02-28,212665.05,Completed
PO-09585,PR-09585,SUP-00047,EMP-00062,WH-HYD-01,2026-04-30,103586.57,Completed
PO-09586,PR-09586,SUP-00015,EMP-00015,WH-MYS-01,2026-05-17,350014.0,Completed
PO-09587,PR-09587,SUP-00046,EMP-00070,WH-CHN-01,2026-05-13,77098.56,Delayed
PO-09588,PR-09588,SUP-00047,EMP-00064,WH-HYD-01,2026-05-12,98814.4,Cancelled
PO-09589,PR-09589,SUP-00028,EMP-00027,WH-BLR-01,2026-01-18,124990.88,Completed
PO-09590,PR-09590,SUP-00017,EMP-00061,WH-MYS-01,2026-01-17,111311.0,Completed
PO-09591,PR-09591,SUP-00049,EMP-00007,WH-HYD-01,2026-01-09,42736.75,Completed
PO-09592,PR-09592,SUP-00018,EMP-00071,WH-CHN-01,2026-06-03,133244.58,Completed
PO-09593,PR-09593,SUP-00044,EMP-00066,WH-HYD-01,2026-02-24,356627.02,Completed
PO-09594,PR-09594,SUP-00021,EMP-00087,WH-HYD-01,2026-06-10,575770.8,Completed
PO-09595,PR-09595,SUP-00045,EMP-00025,WH-MYS-01,2026-05-13,135679.18,Completed
PO-09596,PR-09596,SUP-00029,EMP-00099,WH-MYS-01,2026-01-29,67436.25,Completed
PO-09597,PR-09597,SUP-00030,EMP-00014,WH-CHN-01,2026-01-23,154804.05,Completed
PO-09598,PR-09598,SUP-00028,EMP-00017,WH-CHN-01,2026-03-01,119702.52,Completed
PO-09599,PR-09599,SUP-00040,EMP-00052,WH-HYD-01,2026-02-21,146112.78,Completed
PO-09600,PR-09600,SUP-00018,EMP-00039,WH-HYD-01,2026-04-21,233336.91,Completed
PO-09601,PR-09601,SUP-00013,EMP-00038,WH-HYD-01,2026-03-01,210921.48,Completed
PO-09602,PR-09602,SUP-00005,EMP-00015,WH-MYS-01,2026-03-25,648048.0,Completed
PO-09603,PR-09603,SUP-00005,EMP-00079,WH-MYS-01,2026-01-31,178067.12,Completed
PO-09604,PR-09604,SUP-00001,EMP-00066,WH-CHN-01,2026-06-12,237154.56,Delayed
PO-09605,PR-09605,SUP-00025,EMP-00088,WH-MYS-01,2026-01-31,597683.23,Completed
PO-09606,PR-09606,SUP-00005,EMP-00040,WH-CHN-01,2026-04-29,350668.5,Completed
PO-09607,PR-09607,SUP-00049,EMP-00051,WH-HYD-01,2026-04-28,87572.31,Completed
PO-09608,PR-09608,SUP-00002,EMP-00041,WH-HYD-01,2026-05-09,672026.88,Completed
PO-09609,PR-09609,SUP-00050,EMP-00004,WH-BLR-01,2026-05-29,202471.74,Delayed
PO-09610,PR-09610,SUP-00037,EMP-00025,WH-HYD-01,2026-05-27,71649.1,Delayed
PO-09611,PR-09611,SUP-00034,EMP-00046,WH-MYS-01,2026-04-11,50876.32,Completed
PO-09612,PR-09612,SUP-00026,EMP-00025,WH-CHN-01,2026-05-28,259168.38,Delayed
PO-09613,PR-09613,SUP-00010,EMP-00098,WH-BLR-01,2026-02-01,83587.64,Completed
PO-09614,PR-09614,SUP-00012,EMP-00003,WH-CHN-01,2026-04-16,150463.11,Completed
PO-09615,PR-09615,SUP-00027,EMP-00041,WH-CHN-01,2026-03-30,370534.56,Completed
PO-09616,PR-09616,SUP-00032,EMP-00071,WH-MYS-01,2026-05-22,412840.89,Completed
PO-09617,PR-09617,SUP-00038,EMP-00005,WH-CHN-01,2026-01-08,129584.8,Cancelled
PO-09618,PR-09618,SUP-00034,EMP-00033,WH-BLR-01,2026-05-11,64333.22,Completed
PO-09619,PR-09619,SUP-00010,EMP-00025,WH-CHN-01,2026-03-14,152224.32,Completed
PO-09620,PR-09620,SUP-00002,EMP-00015,WH-HYD-01,2026-02-22,556021.82,Completed
PO-09621,PR-09621,SUP-00037,EMP-00089,WH-MYS-01,2026-02-03,74775.0,Delayed
PO-09622,PR-09622,SUP-00038,EMP-00006,WH-BLR-01,2026-05-13,437904.48,Completed
PO-09623,PR-09623,SUP-00008,EMP-00061,WH-HYD-01,2026-05-27,352356.48,Completed
PO-09624,PR-09624,SUP-00009,EMP-00033,WH-BLR-01,2026-01-20,219785.35,Delayed
PO-09625,PR-09625,SUP-00039,EMP-00073,WH-MYS-01,2026-02-11,781.0,Completed
PO-09626,PR-09626,SUP-00024,EMP-00034,WH-MYS-01,2026-04-28,633606.26,Completed
PO-09627,PR-09627,SUP-00009,EMP-00075,WH-CHN-01,2026-01-16,577201.83,Delayed
PO-09628,PR-09628,SUP-00031,EMP-00083,WH-CHN-01,2026-05-06,116333.28,Completed
PO-09629,PR-09629,SUP-00012,EMP-00068,WH-BLR-01,2026-05-15,48030.96,Completed
PO-09630,PR-09630,SUP-00045,EMP-00051,WH-BLR-01,2026-03-24,85074.0,Completed
PO-09631,PR-09631,SUP-00038,EMP-00086,WH-BLR-01,2026-04-08,51501.38,Delayed
PO-09632,PR-09632,SUP-00045,EMP-00097,WH-MYS-01,2026-01-31,185749.84,Completed
PO-09633,PR-09633,SUP-00025,EMP-00002,WH-BLR-01,2026-05-09,93873.68,Completed
PO-09634,PR-09634,SUP-00039,EMP-00046,WH-CHN-01,2026-03-05,115048.08,Completed
PO-09635,PR-09635,SUP-00011,EMP-00092,WH-MYS-01,2026-04-14,213886.75,Completed
PO-09636,PR-09636,SUP-00041,EMP-00084,WH-CHN-01,2026-05-15,490030.44,Delayed
PO-09637,PR-09637,SUP-00024,EMP-00015,WH-CHN-01,2026-04-30,4689.24,Delayed
PO-09638,PR-09638,SUP-00001,EMP-00002,WH-HYD-01,2026-01-21,339033.25,Completed
PO-09639,PR-09639,SUP-00013,EMP-00057,WH-BLR-01,2026-05-08,56887.68,Cancelled
PO-09640,PR-09640,SUP-00046,EMP-00003,WH-BLR-01,2026-02-22,488207.88,Completed
PO-09641,PR-09641,SUP-00020,EMP-00031,WH-CHN-01,2026-04-20,24217.0,Completed
PO-09642,PR-09642,SUP-00050,EMP-00030,WH-BLR-01,2026-04-14,95234.1,Completed
PO-09643,PR-09643,SUP-00032,EMP-00097,WH-HYD-01,2026-04-25,329585.86,Completed
PO-09644,PR-09644,SUP-00048,EMP-00008,WH-HYD-01,2026-04-12,72269.7,Completed
PO-09645,PR-09645,SUP-00027,EMP-00031,WH-MYS-01,2026-05-09,518855.76,Completed
PO-09646,PR-09646,SUP-00038,EMP-00011,WH-CHN-01,2026-01-12,54347.92,Completed
PO-09647,PR-09647,SUP-00046,EMP-00075,WH-HYD-01,2026-03-03,172195.75,Completed
PO-09648,PR-09648,SUP-00026,EMP-00034,WH-CHN-01,2026-01-05,251975.62,Completed
PO-09649,PR-09649,SUP-00009,EMP-00061,WH-BLR-01,2026-04-02,291891.81,Completed
PO-09650,PR-09650,SUP-00033,EMP-00045,WH-CHN-01,2026-06-03,359697.24,Completed
PO-09651,PR-09651,SUP-00003,EMP-00013,WH-MYS-01,2026-01-24,172318.77,Completed
PO-09652,PR-09652,SUP-00025,EMP-00097,WH-MYS-01,2026-01-30,123980.94,Completed
PO-09653,PR-09653,SUP-00031,EMP-00029,WH-MYS-01,2026-05-20,73523.51,Completed
PO-09654,PR-09654,SUP-00023,EMP-00030,WH-BLR-01,2026-05-11,91541.62,Completed
PO-09655,PR-09655,SUP-00029,EMP-00002,WH-BLR-01,2026-01-11,214920.12,Completed
PO-09656,PR-09656,SUP-00012,EMP-00082,WH-BLR-01,2026-06-02,110630.7,Completed
PO-09657,PR-09657,SUP-00014,EMP-00005,WH-CHN-01,2026-04-29,27799.22,Completed
PO-09658,PR-09658,SUP-00025,EMP-00029,WH-MYS-01,2026-02-21,555927.65,Completed
PO-09659,PR-09659,SUP-00005,EMP-00018,WH-HYD-01,2026-03-30,134981.16,Completed
PO-09660,PR-09660,SUP-00045,EMP-00084,WH-BLR-01,2026-03-27,387651.84,Completed
PO-09661,PR-09661,SUP-00036,EMP-00098,WH-MYS-01,2026-01-21,82416.5,Completed
PO-09662,PR-09662,SUP-00048,EMP-00078,WH-MYS-01,2026-02-06,129518.76,Completed
PO-09663,PR-09663,SUP-00050,EMP-00056,WH-MYS-01,2026-02-28,86339.37,Delayed
PO-09664,PR-09664,SUP-00028,EMP-00079,WH-BLR-01,2026-03-31,195118.7,Completed
PO-09665,PR-09665,SUP-00002,EMP-00084,WH-HYD-01,2026-03-07,497256.6,Completed
PO-09666,PR-09666,SUP-00013,EMP-00089,WH-BLR-01,2026-05-09,121141.2,Completed
PO-09667,PR-09667,SUP-00022,EMP-00096,WH-CHN-01,2026-02-14,5700.12,Delayed
PO-09668,PR-09668,SUP-00019,EMP-00020,WH-MYS-01,2026-04-23,194562.9,Cancelled
PO-09669,PR-09669,SUP-00026,EMP-00078,WH-HYD-01,2026-03-20,195907.36,Delayed
PO-09670,PR-09670,SUP-00007,EMP-00048,WH-BLR-01,2026-03-02,22976.15,Completed
PO-09671,PR-09671,SUP-00012,EMP-00001,WH-HYD-01,2026-02-21,122873.14,Completed
PO-09672,PR-09672,SUP-00048,EMP-00087,WH-HYD-01,2026-01-09,30936.0,Cancelled
PO-09673,PR-09673,SUP-00047,EMP-00035,WH-HYD-01,2026-02-01,324184.0,Completed
PO-09674,PR-09674,SUP-00006,EMP-00022,WH-MYS-01,2026-04-05,155379.4,Completed
PO-09675,PR-09675,SUP-00014,EMP-00068,WH-BLR-01,2026-01-16,169519.0,Delayed
PO-09676,PR-09676,SUP-00040,EMP-00072,WH-CHN-01,2026-02-16,265659.6,Completed
PO-09677,PR-09677,SUP-00024,EMP-00014,WH-BLR-01,2026-02-07,147370.68,Completed
PO-09678,PR-09678,SUP-00031,EMP-00046,WH-MYS-01,2026-01-08,1576.21,Delayed
PO-09679,PR-09679,SUP-00047,EMP-00038,WH-HYD-01,2026-03-24,113636.56,Completed
PO-09680,PR-09680,SUP-00012,EMP-00047,WH-CHN-01,2026-04-21,285584.07,Completed
PO-09681,PR-09681,SUP-00010,EMP-00062,WH-HYD-01,2026-01-20,66414.9,Delayed
PO-09682,PR-09682,SUP-00025,EMP-00049,WH-MYS-01,2026-03-21,1483.9,Completed
PO-09683,PR-09683,SUP-00014,EMP-00092,WH-HYD-01,2026-02-03,6304.84,Completed
PO-09684,PR-09684,SUP-00043,EMP-00019,WH-MYS-01,2026-02-15,29516.4,Delayed
PO-09685,PR-09685,SUP-00016,EMP-00080,WH-MYS-01,2026-01-17,101177.58,Completed
PO-09686,PR-09686,SUP-00044,EMP-00010,WH-HYD-01,2026-01-09,165540.15,Completed
PO-09687,PR-09687,SUP-00038,EMP-00073,WH-MYS-01,2026-04-15,396.18,Completed
PO-09688,PR-09688,SUP-00008,EMP-00074,WH-MYS-01,2026-03-04,89074.78,Completed
PO-09689,PR-09689,SUP-00050,EMP-00016,WH-CHN-01,2026-05-09,387654.8,Completed
PO-09690,PR-09690,SUP-00029,EMP-00001,WH-MYS-01,2026-04-20,413713.6,Completed
PO-09691,PR-09691,SUP-00030,EMP-00008,WH-CHN-01,2026-02-26,355016.22,Completed
PO-09692,PR-09692,SUP-00017,EMP-00007,WH-MYS-01,2026-05-07,143102.3,Completed
PO-09693,PR-09693,SUP-00028,EMP-00076,WH-HYD-01,2026-01-09,121085.0,Completed
PO-09694,PR-09694,SUP-00015,EMP-00030,WH-CHN-01,2026-03-06,233345.84,Completed
PO-09695,PR-09695,SUP-00027,EMP-00087,WH-CHN-01,2026-05-26,88941.0,Delayed
PO-09696,PR-09696,SUP-00044,EMP-00002,WH-HYD-01,2026-02-01,165667.27,Completed
PO-09697,PR-09697,SUP-00034,EMP-00012,WH-HYD-01,2026-04-19,482817.76,Completed
PO-09698,PR-09698,SUP-00031,EMP-00036,WH-CHN-01,2026-02-09,79893.1,Completed
PO-09699,PR-09699,SUP-00010,EMP-00092,WH-CHN-01,2026-03-14,192559.45,Completed
PO-09700,PR-09700,SUP-00027,EMP-00031,WH-CHN-01,2026-03-11,37844.1,Delayed
PO-09701,PR-09701,SUP-00037,EMP-00079,WH-HYD-01,2026-01-11,284549.75,Completed
PO-09702,PR-09702,SUP-00014,EMP-00002,WH-BLR-01,2026-02-15,125096.49,Completed
PO-09703,PR-09703,SUP-00014,EMP-00093,WH-HYD-01,2026-04-20,101078.28,Completed
PO-09704,PR-09704,SUP-00002,EMP-00094,WH-CHN-01,2026-04-11,31540.32,Completed
PO-09705,PR-09705,SUP-00006,EMP-00023,WH-CHN-01,2026-02-20,136802.88,Completed
PO-09706,PR-09706,SUP-00006,EMP-00092,WH-HYD-01,2026-02-05,276765.52,Completed
PO-09707,PR-09707,SUP-00046,EMP-00083,WH-HYD-01,2026-06-01,392571.0,Completed
PO-09708,PR-09708,SUP-00016,EMP-00058,WH-MYS-01,2026-06-01,212882.04,Completed
PO-09709,PR-09709,SUP-00013,EMP-00086,WH-BLR-01,2026-04-27,237690.57,Completed
PO-09710,PR-09710,SUP-00046,EMP-00056,WH-MYS-01,2026-04-24,305257.92,Completed
PO-09711,PR-09711,SUP-00024,EMP-00064,WH-CHN-01,2026-04-22,530160.34,Completed
PO-09712,PR-09712,SUP-00011,EMP-00020,WH-MYS-01,2026-01-20,19762.88,Delayed
PO-09713,PR-09713,SUP-00041,EMP-00064,WH-BLR-01,2026-03-04,479555.52,Completed
PO-09714,PR-09714,SUP-00022,EMP-00029,WH-HYD-01,2026-01-20,188994.78,Completed
PO-09715,PR-09715,SUP-00002,EMP-00071,WH-MYS-01,2026-04-15,26653.05,Completed
PO-09716,PR-09716,SUP-00031,EMP-00086,WH-MYS-01,2026-02-12,14453.94,Completed
PO-09717,PR-09717,SUP-00007,EMP-00100,WH-CHN-01,2026-02-14,68878.3,Completed
PO-09718,PR-09718,SUP-00010,EMP-00066,WH-CHN-01,2026-04-23,191454.92,Completed
PO-09719,PR-09719,SUP-00039,EMP-00024,WH-CHN-01,2026-04-02,152098.04,Completed
PO-09720,PR-09720,SUP-00050,EMP-00064,WH-CHN-01,2026-03-10,312080.22,Completed
PO-09721,PR-09721,SUP-00022,EMP-00031,WH-BLR-01,2026-02-05,25269.57,Completed
PO-09722,PR-09722,SUP-00014,EMP-00075,WH-CHN-01,2026-05-20,92970.5,Completed
PO-09723,PR-09723,SUP-00016,EMP-00016,WH-CHN-01,2026-03-11,658026.32,Completed
PO-09724,PR-09724,SUP-00022,EMP-00085,WH-MYS-01,2026-05-15,245105.16,Completed
PO-09725,PR-09725,SUP-00004,EMP-00098,WH-MYS-01,2026-04-23,27122.4,Completed
PO-09726,PR-09726,SUP-00036,EMP-00042,WH-HYD-01,2026-05-21,114516.8,Cancelled
PO-09727,PR-09727,SUP-00025,EMP-00054,WH-HYD-01,2026-04-18,613056.5,Completed
PO-09728,PR-09728,SUP-00020,EMP-00071,WH-BLR-01,2026-02-02,172956.62,Completed
PO-09729,PR-09729,SUP-00038,EMP-00063,WH-HYD-01,2026-03-14,60542.5,Completed
PO-09730,PR-09730,SUP-00026,EMP-00068,WH-MYS-01,2026-04-02,5470.78,Completed
PO-09731,PR-09731,SUP-00016,EMP-00074,WH-MYS-01,2026-04-10,195907.36,Completed
PO-09732,PR-09732,SUP-00022,EMP-00004,WH-HYD-01,2026-01-13,284453.1,Delayed
PO-09733,PR-09733,SUP-00039,EMP-00068,WH-MYS-01,2026-04-01,24601.39,Completed
PO-09734,PR-09734,SUP-00015,EMP-00011,WH-CHN-01,2026-05-15,12683.6,Completed
PO-09735,PR-09735,SUP-00004,EMP-00033,WH-MYS-01,2026-05-11,162012.5,Completed
PO-09736,PR-09736,SUP-00007,EMP-00050,WH-MYS-01,2026-04-21,106252.0,Delayed
PO-09737,PR-09737,SUP-00025,EMP-00008,WH-CHN-01,2026-03-23,95127.0,Cancelled
PO-09738,PR-09738,SUP-00035,EMP-00039,WH-BLR-01,2026-06-16,38349.36,Cancelled
PO-09739,PR-09739,SUP-00040,EMP-00029,WH-CHN-01,2026-04-30,236217.03,Delayed
PO-09740,PR-09740,SUP-00043,EMP-00027,WH-BLR-01,2026-01-08,98247.12,Completed
PO-09741,PR-09741,SUP-00035,EMP-00041,WH-HYD-01,2026-05-28,374392.9,Delayed
PO-09742,PR-09742,SUP-00023,EMP-00021,WH-CHN-01,2026-02-21,661656.8,Delayed
PO-09743,PR-09743,SUP-00022,EMP-00096,WH-CHN-01,2026-02-08,36163.2,Completed
PO-09744,PR-09744,SUP-00008,EMP-00091,WH-HYD-01,2026-01-30,165243.05,Cancelled
PO-09745,PR-09745,SUP-00023,EMP-00019,WH-CHN-01,2026-04-13,632594.9,Completed
PO-09746,PR-09746,SUP-00044,EMP-00009,WH-CHN-01,2026-01-07,148037.4,Completed
PO-09747,PR-09747,SUP-00020,EMP-00025,WH-CHN-01,2026-03-31,303549.28,Cancelled
PO-09748,PR-09748,SUP-00009,EMP-00021,WH-MYS-01,2026-01-22,55406.77,Delayed
PO-09749,PR-09749,SUP-00002,EMP-00056,WH-CHN-01,2026-02-03,91029.8,Completed
PO-09750,PR-09750,SUP-00018,EMP-00053,WH-MYS-01,2026-01-18,412254.42,Delayed
PO-09751,PR-09751,SUP-00032,EMP-00086,WH-BLR-01,2026-05-31,91541.62,Completed
PO-09752,PR-09752,SUP-00008,EMP-00048,WH-BLR-01,2026-01-06,276765.52,Completed
PO-09753,PR-09753,SUP-00018,EMP-00049,WH-CHN-01,2026-04-21,61145.37,Completed
PO-09754,PR-09754,SUP-00013,EMP-00049,WH-BLR-01,2026-04-27,510342.3,Completed
PO-09755,PR-09755,SUP-00002,EMP-00064,WH-BLR-01,2026-04-02,50232.9,Completed
PO-09756,PR-09756,SUP-00023,EMP-00044,WH-CHN-01,2026-04-12,127742.23,Completed
PO-09757,PR-09757,SUP-00029,EMP-00021,WH-HYD-01,2026-03-01,57866.82,Delayed
PO-09758,PR-09758,SUP-00034,EMP-00021,WH-MYS-01,2026-02-01,71852.7,Completed
PO-09759,PR-09759,SUP-00037,EMP-00006,WH-CHN-01,2026-03-27,147005.88,Completed
PO-09760,PR-09760,SUP-00003,EMP-00024,WH-CHN-01,2026-03-05,48337.5,Delayed
PO-09761,PR-09761,SUP-00026,EMP-00064,WH-MYS-01,2026-05-13,7527.42,Delayed
PO-09762,PR-09762,SUP-00020,EMP-00044,WH-HYD-01,2026-05-21,109351.34,Completed
PO-09763,PR-09763,SUP-00016,EMP-00077,WH-HYD-01,2026-04-05,145304.95,Completed
PO-09764,PR-09764,SUP-00045,EMP-00071,WH-CHN-01,2026-05-16,68836.88,Completed
PO-09765,PR-09765,SUP-00018,EMP-00064,WH-BLR-01,2026-03-04,304621.59,Completed
PO-09766,PR-09766,SUP-00011,EMP-00056,WH-CHN-01,2026-02-10,324071.28,Completed
PO-09767,PR-09767,SUP-00018,EMP-00085,WH-MYS-01,2026-06-05,156567.96,Completed
PO-09768,PR-09768,SUP-00040,EMP-00097,WH-CHN-01,2026-05-17,364014.56,Completed
PO-09769,PR-09769,SUP-00025,EMP-00039,WH-MYS-01,2026-01-30,24724.95,Completed
PO-09770,PR-09770,SUP-00003,EMP-00021,WH-HYD-01,2026-02-19,51984.79,Completed
PO-09771,PR-09771,SUP-00029,EMP-00081,WH-BLR-01,2026-03-04,116648.64,Completed
PO-09772,PR-09772,SUP-00012,EMP-00074,WH-CHN-01,2026-04-11,25946.28,Completed
PO-09773,PR-09773,SUP-00008,EMP-00066,WH-CHN-01,2026-02-13,18968.5,Delayed
PO-09774,PR-09774,SUP-00016,EMP-00086,WH-MYS-01,2026-05-14,404617.29,Completed
PO-09775,PR-09775,SUP-00027,EMP-00096,WH-BLR-01,2026-01-18,277327.44,Completed
PO-09776,PR-09776,SUP-00040,EMP-00003,WH-CHN-01,2026-01-15,63111.84,Completed
PO-09777,PR-09777,SUP-00044,EMP-00002,WH-BLR-01,2026-04-11,164909.68,Completed
PO-09778,PR-09778,SUP-00011,EMP-00068,WH-BLR-01,2026-05-04,199400.0,Delayed
PO-09779,PR-09779,SUP-00028,EMP-00094,WH-MYS-01,2026-01-05,16639.56,Completed
PO-09780,PR-09780,SUP-00019,EMP-00076,WH-BLR-01,2026-05-24,39893.5,Completed
PO-09781,PR-09781,SUP-00036,EMP-00093,WH-HYD-01,2026-01-10,145968.16,Completed
PO-09782,PR-09782,SUP-00029,EMP-00016,WH-BLR-01,2026-05-26,71852.7,Completed
PO-09783,PR-09783,SUP-00032,EMP-00059,WH-MYS-01,2026-04-28,26990.16,Completed
PO-09784,PR-09784,SUP-00031,EMP-00043,WH-CHN-01,2026-03-03,5517.52,Cancelled
PO-09785,PR-09785,SUP-00038,EMP-00064,WH-CHN-01,2026-04-03,132783.77,Completed
PO-09786,PR-09786,SUP-00014,EMP-00081,WH-BLR-01,2026-02-24,44144.04,Completed
PO-09787,PR-09787,SUP-00031,EMP-00020,WH-BLR-01,2026-03-11,484170.9,Delayed
PO-09788,PR-09788,SUP-00025,EMP-00035,WH-HYD-01,2026-05-16,50539.14,Delayed
PO-09789,PR-09789,SUP-00024,EMP-00088,WH-HYD-01,2026-04-06,133244.58,Completed
PO-09790,PR-09790,SUP-00007,EMP-00093,WH-MYS-01,2026-01-24,316151.88,Completed
PO-09791,PR-09791,SUP-00047,EMP-00032,WH-HYD-01,2026-05-10,54751.55,Completed
PO-09792,PR-09792,SUP-00005,EMP-00029,WH-BLR-01,2026-02-07,196285.5,Completed
PO-09793,PR-09793,SUP-00031,EMP-00005,WH-HYD-01,2026-02-03,73753.8,Completed
PO-09794,PR-09794,SUP-00030,EMP-00013,WH-BLR-01,2026-03-16,88932.96,Delayed
PO-09795,PR-09795,SUP-00019,EMP-00022,WH-HYD-01,2026-02-25,485822.88,Completed
PO-09796,PR-09796,SUP-00023,EMP-00085,WH-CHN-01,2026-04-27,212527.68,Completed
PO-09797,PR-09797,SUP-00047,EMP-00025,WH-HYD-01,2026-01-05,67777.03,Completed
PO-09798,PR-09798,SUP-00021,EMP-00027,WH-HYD-01,2026-06-06,188292.5,Completed
PO-09799,PR-09799,SUP-00045,EMP-00017,WH-CHN-01,2026-03-26,142570.56,Delayed
PO-09800,PR-09800,SUP-00024,EMP-00044,WH-MYS-01,2026-01-22,101078.28,Delayed
PO-09801,PR-09801,SUP-00041,EMP-00081,WH-MYS-01,2026-05-03,321171.31,Delayed
PO-09802,PR-09802,SUP-00024,EMP-00033,WH-BLR-01,2026-05-05,222583.9,Delayed
PO-09803,PR-09803,SUP-00011,EMP-00034,WH-BLR-01,2026-02-08,317881.55,Completed
PO-09804,PR-09804,SUP-00040,EMP-00041,WH-BLR-01,2026-04-06,172564.27,Completed
PO-09805,PR-09805,SUP-00013,EMP-00078,WH-HYD-01,2026-01-21,368426.7,Completed
PO-09806,PR-09806,SUP-00026,EMP-00008,WH-BLR-01,2026-04-30,51933.53,Delayed
PO-09807,PR-09807,SUP-00018,EMP-00047,WH-HYD-01,2026-03-04,18422.04,Delayed
PO-09808,PR-09808,SUP-00019,EMP-00079,WH-CHN-01,2026-03-02,65042.73,Completed
PO-09809,PR-09809,SUP-00028,EMP-00009,WH-MYS-01,2026-05-25,198200.52,Delayed
PO-09810,PR-09810,SUP-00029,EMP-00099,WH-HYD-01,2026-03-04,143318.75,Completed
PO-09811,PR-09811,SUP-00032,EMP-00058,WH-HYD-01,2026-02-03,64804.8,Delayed
PO-09812,PR-09812,SUP-00008,EMP-00040,WH-MYS-01,2026-04-17,34484.5,Completed
PO-09813,PR-09813,SUP-00038,EMP-00033,WH-BLR-01,2026-02-16,165697.4,Completed
PO-09814,PR-09814,SUP-00029,EMP-00093,WH-HYD-01,2026-01-24,412830.99,Completed
PO-09815,PR-09815,SUP-00033,EMP-00007,WH-CHN-01,2026-01-18,6231.25,Delayed
PO-09816,PR-09816,SUP-00011,EMP-00060,WH-HYD-01,2026-02-17,161201.43,Delayed
PO-09817,PR-09817,SUP-00030,EMP-00031,WH-MYS-01,2026-02-05,14849.26,Completed
PO-09818,PR-09818,SUP-00022,EMP-00066,WH-CHN-01,2026-02-25,258614.8,Completed
PO-09819,PR-09819,SUP-00044,EMP-00005,WH-CHN-01,2026-01-06,221897.81,Completed
PO-09820,PR-09820,SUP-00036,EMP-00053,WH-BLR-01,2026-03-31,28035.84,Cancelled
PO-09821,PR-09821,SUP-00048,EMP-00009,WH-BLR-01,2026-02-21,88117.83,Delayed
PO-09822,PR-09822,SUP-00046,EMP-00063,WH-MYS-01,2026-05-17,98247.12,Completed
PO-09823,PR-09823,SUP-00020,EMP-00031,WH-CHN-01,2026-03-19,62633.74,Completed
PO-09824,PR-09824,SUP-00034,EMP-00070,WH-HYD-01,2026-01-24,29516.4,Delayed
PO-09825,PR-09825,SUP-00044,EMP-00029,WH-MYS-01,2026-05-06,278495.5,Completed
PO-09826,PR-09826,SUP-00023,EMP-00044,WH-BLR-01,2026-05-02,371412.99,Completed
PO-09827,PR-09827,SUP-00016,EMP-00042,WH-BLR-01,2026-05-30,143102.3,Completed
PO-09828,PR-09828,SUP-00035,EMP-00080,WH-CHN-01,2026-04-28,78283.98,Completed
PO-09829,PR-09829,SUP-00032,EMP-00041,WH-MYS-01,2026-03-31,56544.58,Completed
PO-09830,PR-09830,SUP-00035,EMP-00094,WH-MYS-01,2026-02-21,2758.76,Delayed
PO-09831,PR-09831,SUP-00003,EMP-00028,WH-BLR-01,2026-02-12,266752.86,Delayed
PO-09832,PR-09832,SUP-00037,EMP-00063,WH-MYS-01,2026-03-04,129120.76,Delayed
PO-09833,PR-09833,SUP-00008,EMP-00022,WH-BLR-01,2026-02-28,124990.88,Completed
PO-09834,PR-09834,SUP-00004,EMP-00070,WH-MYS-01,2026-02-04,299441.45,Completed
PO-09835,PR-09835,SUP-00001,EMP-00063,WH-CHN-01,2026-04-10,261199.89,Completed
PO-09836,PR-09836,SUP-00017,EMP-00015,WH-CHN-01,2026-02-19,237696.27,Completed
PO-09837,PR-09837,SUP-00023,EMP-00043,WH-BLR-01,2026-05-08,191360.84,Completed
PO-09838,PR-09838,SUP-00024,EMP-00098,WH-BLR-01,2026-04-06,122611.3,Cancelled
PO-09839,PR-09839,SUP-00041,EMP-00064,WH-HYD-01,2026-04-15,3905.4,Delayed
PO-09840,PR-09840,SUP-00020,EMP-00068,WH-BLR-01,2026-02-03,1640.1,Completed
PO-09841,PR-09841,SUP-00016,EMP-00013,WH-MYS-01,2026-04-27,266816.16,Delayed
PO-09842,PR-09842,SUP-00016,EMP-00098,WH-BLR-01,2026-03-29,205541.28,Completed
PO-09843,PR-09843,SUP-00010,EMP-00048,WH-BLR-01,2026-05-19,196829.28,Completed
PO-09844,PR-09844,SUP-00047,EMP-00078,WH-BLR-01,2026-01-06,17100.36,Delayed
PO-09845,PR-09845,SUP-00038,EMP-00038,WH-CHN-01,2026-04-11,59288.64,Completed
PO-09846,PR-09846,SUP-00033,EMP-00039,WH-HYD-01,2026-02-24,26593.61,Completed
PO-09847,PR-09847,SUP-00027,EMP-00032,WH-BLR-01,2026-04-06,261579.9,Completed
PO-09848,PR-09848,SUP-00021,EMP-00037,WH-HYD-01,2026-03-30,306891.04,Completed
PO-09849,PR-09849,SUP-00004,EMP-00056,WH-HYD-01,2026-02-09,17094.7,Completed
PO-09850,PR-09850,SUP-00014,EMP-00018,WH-MYS-01,2026-02-08,229761.5,Completed
PO-09851,PR-09851,SUP-00043,EMP-00058,WH-MYS-01,2026-04-18,102568.2,Delayed
PO-09852,PR-09852,SUP-00011,EMP-00064,WH-HYD-01,2026-03-09,98768.59,Delayed
PO-09853,PR-09853,SUP-00003,EMP-00069,WH-HYD-01,2026-02-02,236217.03,Completed
PO-09854,PR-09854,SUP-00042,EMP-00065,WH-BLR-01,2026-02-24,75317.0,Completed
PO-09855,PR-09855,SUP-00030,EMP-00048,WH-MYS-01,2026-01-11,542084.79,Completed
PO-09856,PR-09856,SUP-00040,EMP-00062,WH-HYD-01,2026-03-02,360316.5,Completed
PO-09857,PR-09857,SUP-00020,EMP-00026,WH-CHN-01,2026-05-03,58745.22,Completed
PO-09858,PR-09858,SUP-00025,EMP-00002,WH-CHN-01,2026-05-12,152754.27,Completed
PO-09859,PR-09859,SUP-00037,EMP-00020,WH-BLR-01,2026-03-02,257756.73,Completed
PO-09860,PR-09860,SUP-00001,EMP-00091,WH-HYD-01,2026-03-12,142704.54,Completed
PO-09861,PR-09861,SUP-00002,EMP-00023,WH-CHN-01,2026-01-06,217975.92,Completed
PO-09862,PR-09862,SUP-00017,EMP-00006,WH-BLR-01,2026-05-20,45894.15,Completed
PO-09863,PR-09863,SUP-00044,EMP-00097,WH-BLR-01,2026-02-16,27571.38,Completed
PO-09864,PR-09864,SUP-00021,EMP-00035,WH-BLR-01,2026-01-27,605331.72,Cancelled
PO-09865,PR-09865,SUP-00018,EMP-00054,WH-CHN-01,2026-05-02,316151.88,Cancelled
PO-09866,PR-09866,SUP-00005,EMP-00038,WH-HYD-01,2026-04-16,69860.71,Completed
PO-09867,PR-09867,SUP-00003,EMP-00001,WH-CHN-01,2026-03-10,391357.32,Completed
PO-09868,PR-09868,SUP-00043,EMP-00068,WH-BLR-01,2026-04-03,64653.7,Completed
PO-09869,PR-09869,SUP-00034,EMP-00016,WH-HYD-01,2026-05-16,136802.88,Completed
PO-09870,PR-09870,SUP-00006,EMP-00064,WH-CHN-01,2026-03-16,118147.25,Completed
PO-09871,PR-09871,SUP-00026,EMP-00026,WH-BLR-01,2026-02-14,84752.4,Completed
PO-09872,PR-09872,SUP-00042,EMP-00021,WH-HYD-01,2026-03-13,11493.52,Cancelled
PO-09873,PR-09873,SUP-00008,EMP-00086,WH-BLR-01,2026-04-05,45894.15,Completed
PO-09874,PR-09874,SUP-00049,EMP-00085,WH-HYD-01,2026-03-04,129307.4,Delayed
PO-09875,PR-09875,SUP-00025,EMP-00072,WH-CHN-01,2026-04-28,143436.0,Completed
PO-09876,PR-09876,SUP-00027,EMP-00035,WH-BLR-01,2026-01-10,18393.35,Completed
PO-09877,PR-09877,SUP-00029,EMP-00057,WH-HYD-01,2026-02-27,9063.67,Completed
PO-09878,PR-09878,SUP-00032,EMP-00047,WH-MYS-01,2026-02-12,583791.3,Completed
PO-09879,PR-09879,SUP-00030,EMP-00048,WH-MYS-01,2026-02-13,181623.96,Cancelled
PO-09880,PR-09880,SUP-00038,EMP-00044,WH-BLR-01,2026-02-17,162634.29,Completed
PO-09881,PR-09881,SUP-00009,EMP-00049,WH-CHN-01,2026-05-01,234980.88,Completed
PO-09882,PR-09882,SUP-00009,EMP-00067,WH-CHN-01,2026-02-13,460170.89,Completed
PO-09883,PR-09883,SUP-00037,EMP-00084,WH-CHN-01,2026-03-04,18195.75,Completed
PO-09884,PR-09884,SUP-00021,EMP-00073,WH-MYS-01,2026-03-23,230096.16,Completed
PO-09885,PR-09885,SUP-00029,EMP-00052,WH-CHN-01,2026-04-28,383650.52,Completed
PO-09886,PR-09886,SUP-00026,EMP-00013,WH-BLR-01,2026-02-14,1563.08,Delayed
PO-09887,PR-09887,SUP-00037,EMP-00096,WH-BLR-01,2026-03-02,78473.97,Completed
PO-09888,PR-09888,SUP-00015,EMP-00100,WH-CHN-01,2026-02-01,279636.68,Completed
PO-09889,PR-09889,SUP-00002,EMP-00039,WH-MYS-01,2026-05-25,201664.65,Completed
PO-09890,PR-09890,SUP-00036,EMP-00038,WH-MYS-01,2026-02-03,44092.41,Completed
PO-09891,PR-09891,SUP-00046,EMP-00095,WH-BLR-01,2026-05-28,382721.68,Completed
PO-09892,PR-09892,SUP-00036,EMP-00080,WH-CHN-01,2026-04-26,57482.16,Delayed
PO-09893,PR-09893,SUP-00004,EMP-00079,WH-HYD-01,2026-05-12,361999.4,Completed
PO-09894,PR-09894,SUP-00036,EMP-00046,WH-HYD-01,2026-01-21,23306.58,Completed
PO-09895,PR-09895,SUP-00002,EMP-00068,WH-CHN-01,2026-03-23,254257.2,Completed
PO-09896,PR-09896,SUP-00016,EMP-00036,WH-BLR-01,2026-03-20,469961.76,Completed
PO-09897,PR-09897,SUP-00008,EMP-00009,WH-CHN-01,2026-02-18,172572.12,Delayed
PO-09898,PR-09898,SUP-00049,EMP-00017,WH-CHN-01,2026-03-04,132133.68,Completed
PO-09899,PR-09899,SUP-00049,EMP-00068,WH-BLR-01,2026-05-20,118030.75,Cancelled
PO-09900,PR-09900,SUP-00031,EMP-00044,WH-HYD-01,2026-05-25,96429.62,Completed
PO-09901,PR-09901,SUP-00033,EMP-00084,WH-CHN-01,2026-04-22,6140.68,Completed
PO-09902,PR-09902,SUP-00004,EMP-00073,WH-HYD-01,2026-05-17,45899.52,Completed
PO-09903,PR-09903,SUP-00007,EMP-00098,WH-BLR-01,2026-02-19,102462.4,Completed
PO-09904,PR-09904,SUP-00030,EMP-00022,WH-MYS-01,2026-01-07,350872.08,Completed
PO-09905,PR-09905,SUP-00024,EMP-00020,WH-HYD-01,2026-03-28,94410.75,Completed
PO-09906,PR-09906,SUP-00048,EMP-00008,WH-CHN-01,2026-01-11,267837.6,Completed
PO-09907,PR-09907,SUP-00024,EMP-00015,WH-CHN-01,2026-02-01,56242.15,Delayed
PO-09908,PR-09908,SUP-00039,EMP-00059,WH-MYS-01,2026-02-11,200160.48,Delayed
PO-09909,PR-09909,SUP-00016,EMP-00021,WH-MYS-01,2026-01-12,279819.76,Completed
PO-09910,PR-09910,SUP-00043,EMP-00021,WH-CHN-01,2026-04-27,351486.45,Completed
PO-09911,PR-09911,SUP-00012,EMP-00043,WH-HYD-01,2026-03-18,66786.6,Completed
PO-09912,PR-09912,SUP-00039,EMP-00016,WH-CHN-01,2026-02-27,148228.61,Completed
PO-09913,PR-09913,SUP-00048,EMP-00083,WH-CHN-01,2026-03-16,193827.4,Completed
PO-09914,PR-09914,SUP-00039,EMP-00086,WH-HYD-01,2026-03-25,381762.88,Delayed
PO-09915,PR-09915,SUP-00032,EMP-00082,WH-BLR-01,2026-03-29,200617.48,Delayed
PO-09916,PR-09916,SUP-00020,EMP-00003,WH-HYD-01,2026-03-25,12510.33,Completed
PO-09917,PR-09917,SUP-00023,EMP-00040,WH-MYS-01,2026-02-11,335551.44,Delayed
PO-09918,PR-09918,SUP-00018,EMP-00026,WH-HYD-01,2026-02-23,254883.44,Completed
PO-09919,PR-09919,SUP-00050,EMP-00080,WH-HYD-01,2026-03-03,6167.56,Completed
PO-09920,PR-09920,SUP-00024,EMP-00016,WH-MYS-01,2026-05-06,138996.1,Completed
PO-09921,PR-09921,SUP-00046,EMP-00049,WH-CHN-01,2026-05-10,279077.92,Completed
PO-09922,PR-09922,SUP-00015,EMP-00061,WH-MYS-01,2026-03-18,68673.5,Cancelled
PO-09923,PR-09923,SUP-00007,EMP-00044,WH-HYD-01,2026-04-27,689785.92,Completed
PO-09924,PR-09924,SUP-00020,EMP-00092,WH-BLR-01,2026-04-05,223885.62,Completed
PO-09925,PR-09925,SUP-00031,EMP-00079,WH-HYD-01,2026-01-31,648657.0,Completed
PO-09926,PR-09926,SUP-00037,EMP-00011,WH-BLR-01,2026-03-11,49857.12,Completed
PO-09927,PR-09927,SUP-00034,EMP-00007,WH-BLR-01,2026-02-09,50734.4,Completed
PO-09928,PR-09928,SUP-00019,EMP-00066,WH-BLR-01,2026-05-06,168243.75,Delayed
PO-09929,PR-09929,SUP-00026,EMP-00037,WH-HYD-01,2026-02-01,198291.66,Completed
PO-09930,PR-09930,SUP-00042,EMP-00099,WH-CHN-01,2026-03-02,75406.5,Completed
PO-09931,PR-09931,SUP-00048,EMP-00007,WH-BLR-01,2026-03-11,180760.8,Completed
PO-09932,PR-09932,SUP-00014,EMP-00043,WH-BLR-01,2026-03-11,33692.76,Completed
PO-09933,PR-09933,SUP-00034,EMP-00037,WH-MYS-01,2026-04-03,6065.25,Delayed
PO-09934,PR-09934,SUP-00049,EMP-00024,WH-CHN-01,2026-04-15,264554.46,Completed
PO-09935,PR-09935,SUP-00025,EMP-00041,WH-HYD-01,2026-04-20,28001.12,Completed
PO-09936,PR-09936,SUP-00033,EMP-00055,WH-HYD-01,2026-03-16,427440.34,Completed
PO-09937,PR-09937,SUP-00049,EMP-00073,WH-HYD-01,2026-01-22,147005.88,Delayed
PO-09938,PR-09938,SUP-00047,EMP-00024,WH-CHN-01,2026-03-12,19422.15,Completed
PO-09939,PR-09939,SUP-00024,EMP-00029,WH-BLR-01,2026-06-03,3678.67,Completed
PO-09940,PR-09940,SUP-00019,EMP-00059,WH-CHN-01,2026-04-27,22262.2,Completed
PO-09941,PR-09941,SUP-00006,EMP-00036,WH-CHN-01,2026-04-14,42491.07,Completed
PO-09942,PR-09942,SUP-00008,EMP-00053,WH-MYS-01,2026-03-13,111196.88,Delayed
PO-09943,PR-09943,SUP-00009,EMP-00036,WH-CHN-01,2026-05-25,303516.97,Completed
PO-09944,PR-09944,SUP-00049,EMP-00053,WH-HYD-01,2026-04-14,266510.64,Completed
PO-09945,PR-09945,SUP-00025,EMP-00003,WH-HYD-01,2026-03-10,31167.08,Completed
PO-09946,PR-09946,SUP-00008,EMP-00033,WH-BLR-01,2026-04-11,116741.35,Completed
PO-09947,PR-09947,SUP-00042,EMP-00054,WH-CHN-01,2026-04-14,22207.43,Delayed
PO-09948,PR-09948,SUP-00013,EMP-00090,WH-BLR-01,2026-02-10,259536.65,Completed
PO-09949,PR-09949,SUP-00033,EMP-00064,WH-MYS-01,2026-04-04,32304.32,Completed
PO-09950,PR-09950,SUP-00040,EMP-00037,WH-BLR-01,2026-05-15,196589.05,Completed
PO-09951,PR-09951,SUP-00035,EMP-00027,WH-CHN-01,2026-04-25,216051.2,Completed
PO-09952,PR-09952,SUP-00042,EMP-00090,WH-MYS-01,2026-01-26,96902.04,Completed
PO-09953,PR-09953,SUP-00041,EMP-00006,WH-MYS-01,2026-04-02,23202.0,Delayed
PO-09954,PR-09954,SUP-00045,EMP-00005,WH-CHN-01,2026-01-11,7815.4,Completed
PO-09955,PR-09955,SUP-00014,EMP-00012,WH-MYS-01,2026-04-07,50569.44,Completed
PO-09956,PR-09956,SUP-00035,EMP-00018,WH-MYS-01,2026-01-17,91799.04,Completed
PO-09957,PR-09957,SUP-00033,EMP-00038,WH-HYD-01,2026-06-06,183105.93,Delayed
PO-09958,PR-09958,SUP-00016,EMP-00042,WH-BLR-01,2026-03-02,202277.76,Completed
PO-09959,PR-09959,SUP-00023,EMP-00094,WH-BLR-01,2026-03-20,46490.43,Delayed
PO-09960,PR-09960,SUP-00045,EMP-00056,WH-BLR-01,2026-02-04,106664.4,Completed
PO-09961,PR-09961,SUP-00037,EMP-00077,WH-BLR-01,2026-04-20,58863.0,Delayed
PO-09962,PR-09962,SUP-00033,EMP-00083,WH-CHN-01,2026-01-16,152628.96,Completed
PO-09963,PR-09963,SUP-00022,EMP-00004,WH-BLR-01,2026-05-26,57319.28,Completed
PO-09964,PR-09964,SUP-00039,EMP-00058,WH-CHN-01,2026-04-25,413047.35,Completed
PO-09965,PR-09965,SUP-00002,EMP-00096,WH-MYS-01,2026-04-02,51301.08,Completed
PO-09966,PR-09966,SUP-00025,EMP-00078,WH-MYS-01,2026-03-01,164350.68,Completed
PO-09967,PR-09967,SUP-00039,EMP-00027,WH-MYS-01,2026-02-19,420401.23,Cancelled
PO-09968,PR-09968,SUP-00014,EMP-00001,WH-BLR-01,2026-05-14,65428.5,Completed
PO-09969,PR-09969,SUP-00029,EMP-00076,WH-CHN-01,2026-03-10,404174.45,Delayed
PO-09970,PR-09970,SUP-00013,EMP-00067,WH-BLR-01,2026-05-22,64137.53,Delayed
PO-09971,PR-09971,SUP-00038,EMP-00035,WH-MYS-01,2026-05-09,107473.65,Completed
PO-09972,PR-09972,SUP-00043,EMP-00012,WH-HYD-01,2026-04-26,237154.56,Delayed
PO-09973,PR-09973,SUP-00030,EMP-00048,WH-BLR-01,2026-05-07,272180.16,Completed
PO-09974,PR-09974,SUP-00037,EMP-00009,WH-MYS-01,2026-03-21,97694.92,Completed
PO-09975,PR-09975,SUP-00011,EMP-00085,WH-HYD-01,2026-05-20,68739.5,Completed
PO-09976,PR-09976,SUP-00018,EMP-00039,WH-MYS-01,2026-06-01,165697.4,Completed
PO-09977,PR-09977,SUP-00013,EMP-00008,WH-BLR-01,2026-03-22,7226.97,Delayed
PO-09978,PR-09978,SUP-00048,EMP-00065,WH-BLR-01,2026-05-14,391419.9,Delayed
PO-09979,PR-09979,SUP-00035,EMP-00020,WH-HYD-01,2026-01-04,196829.28,Delayed
PO-09980,PR-09980,SUP-00038,EMP-00001,WH-BLR-01,2026-01-14,33665.06,Completed
PO-09981,PR-09981,SUP-00048,EMP-00081,WH-BLR-01,2026-05-24,115048.08,Completed
PO-09982,PR-09982,SUP-00024,EMP-00010,WH-MYS-01,2026-02-01,174685.51,Delayed
PO-09983,PR-09983,SUP-00005,EMP-00062,WH-BLR-01,2026-01-04,26653.05,Completed
PO-09984,PR-09984,SUP-00012,EMP-00036,WH-BLR-01,2026-01-24,273840.54,Cancelled
PO-09985,PR-09985,SUP-00009,EMP-00045,WH-HYD-01,2026-04-04,435951.84,Delayed
PO-09986,PR-09986,SUP-00041,EMP-00061,WH-HYD-01,2026-04-12,78118.91,Completed
PO-09987,PR-09987,SUP-00008,EMP-00022,WH-MYS-01,2026-03-01,303190.6,Completed
PO-09988,PR-09988,SUP-00034,EMP-00075,WH-CHN-01,2026-05-16,235452.0,Completed
PO-09989,PR-09989,SUP-00002,EMP-00002,WH-CHN-01,2026-03-07,137613.63,Completed
PO-09990,PR-09990,SUP-00003,EMP-00058,WH-MYS-01,2026-01-31,50588.79,Delayed
PO-09991,PR-09991,SUP-00026,EMP-00056,WH-MYS-01,2026-05-09,6640.75,Completed
PO-09992,PR-09992,SUP-00004,EMP-00022,WH-BLR-01,2026-03-10,660875.25,Delayed
PO-09993,PR-09993,SUP-00012,EMP-00060,WH-HYD-01,2026-02-28,6342.68,Completed
PO-09994,PR-09994,SUP-00048,EMP-00006,WH-CHN-01,2026-04-12,313936.0,Completed
PO-09995,PR-09995,SUP-00040,EMP-00088,WH-HYD-01,2026-03-23,194594.54,Completed
PO-09996,PR-09996,SUP-00037,EMP-00047,WH-BLR-01,2026-03-30,202563.18,Completed
PO-09997,PR-09997,SUP-00044,EMP-00071,WH-BLR-01,2026-01-22,219997.8,Completed
PO-09998,PR-09998,SUP-00012,EMP-00033,WH-HYD-01,2026-03-05,426642.15,Completed
PO-09999,PR-09999,SUP-00049,EMP-00019,WH-BLR-01,2026-02-25,185961.72,Completed
PO-10000,PR-10000,SUP-00006,EMP-00079,WH-HYD-01,2026-04-14,668978.4,Completed
