po_item_id,po_id,product_id,quantity,unit_price,line_amount
POITEM-00001,PO-00001,PROD-00097,21,14370.54,301781.34
POITEM-00002,PO-00002,PROD-00031,49,6887.83,337503.67
POITEM-00003,PO-00003,PROD-00004,20,6054.25,121085.0
POITEM-00004,PO-00004,PROD-00016,9,6359.54,57235.86
POITEM-00005,PO-00005,PROD-00047,29,6641.49,192603.21
POITEM-00006,PO-00006,PROD-00091,32,9178.83,293722.56
POITEM-00007,PO-00007,PROD-00081,8,11228.32,89826.56
POITEM-00008,PO-00008,PROD-00092,38,6231.25,236787.5
POITEM-00009,PO-00009,PROD-00053,49,3170.9,155374.1
POITEM-00010,PO-00010,PROD-00091,36,9178.83,330437.88
POITEM-00011,PO-00011,PROD-00049,15,13561.33,203419.95
POITEM-00012,PO-00012,PROD-00046,43,14697.47,631991.21
POITEM-00013,PO-00013,PROD-00042,18,10320.27,185764.86
POITEM-00014,PO-00014,PROD-00053,19,3170.9,60247.1
POITEM-00015,PO-00015,PROD-00088,32,12280.89,392988.48
POITEM-00016,PO-00016,PROD-00020,6,7164.91,42989.46
POITEM-00017,PO-00017,PROD-00078,34,6140.68,208783.12
POITEM-00018,PO-00018,PROD-00024,31,14125.4,437887.4
POITEM-00019,PO-00019,PROD-00072,27,13495.08,364367.16
POITEM-00020,PO-00020,PROD-00032,17,8076.08,137293.36
POITEM-00021,PO-00021,PROD-00075,13,6483.68,84287.84
POITEM-00022,PO-00022,PROD-00025,19,8927.92,169630.48
POITEM-00023,PO-00023,PROD-00053,11,3170.9,34879.9
POITEM-00024,PO-00024,PROD-00100,8,7978.7,63829.6
POITEM-00025,PO-00025,PROD-00094,27,3678.67,99324.09
POITEM-00026,PO-00026,PROD-00019,39,4721.23,184127.97
POITEM-00027,PO-00027,PROD-00025,1,8927.92,8927.92
POITEM-00028,PO-00028,PROD-00010,35,9790.87,342680.45
POITEM-00029,PO-00029,PROD-00090,45,390.77,17584.65
POITEM-00030,PO-00030,PROD-00003,46,9810.5,451283.0
POITEM-00031,PO-00031,PROD-00088,33,12280.89,405269.37
POITEM-00032,PO-00032,PROD-00044,47,9523.41,447600.27
POITEM-00033,PO-00033,PROD-00077,26,13503.2,351083.2
POITEM-00034,PO-00034,PROD-00071,35,9102.98,318604.3
POITEM-00035,PO-00035,PROD-00049,28,13561.33,379717.24
POITEM-00036,PO-00036,PROD-00029,4,9691.37,38765.48
POITEM-00037,PO-00037,PROD-00014,44,5700.12,250805.28
POITEM-00038,PO-00038,PROD-00017,44,2868.72,126223.68
POITEM-00039,PO-00039,PROD-00069,1,1648.33,1648.33
POITEM-00040,PO-00040,PROD-00068,23,8719.33,200544.59
POITEM-00041,PO-00041,PROD-00012,25,6111.05,152776.25
POITEM-00042,PO-00042,PROD-00057,45,396.18,17828.1
POITEM-00043,PO-00043,PROD-00046,4,14697.47,58789.88
POITEM-00044,PO-00044,PROD-00052,41,13487.25,552977.25
POITEM-00045,PO-00045,PROD-00053,20,3170.9,63418.0
POITEM-00046,PO-00046,PROD-00067,48,1752.24,84107.52
POITEM-00047,PO-00047,PROD-00053,11,3170.9,34879.9
POITEM-00048,PO-00048,PROD-00057,5,396.18,1980.9
POITEM-00049,PO-00049,PROD-00062,17,4595.23,78118.91
POITEM-00050,PO-00050,PROD-00029,24,9691.37,232592.88
POITEM-00051,PO-00051,PROD-00086,15,7110.96,106664.4
POITEM-00052,PO-00052,PROD-00055,3,11248.43,33745.29
POITEM-00053,PO-00053,PROD-00022,30,2807.73,84231.9
POITEM-00054,PO-00054,PROD-00078,32,6140.68,196501.76
POITEM-00055,PO-00055,PROD-00060,16,13085.7,209371.2
POITEM-00056,PO-00056,PROD-00060,13,13085.7,170114.1
POITEM-00057,PO-00057,PROD-00055,2,11248.43,22496.86
POITEM-00058,PO-00058,PROD-00064,14,4940.72,69170.08
POITEM-00059,PO-00059,PROD-00017,9,2868.72,25818.48
POITEM-00060,PO-00060,PROD-00020,16,7164.91,114638.56
POITEM-00061,PO-00061,PROD-00092,34,6231.25,211862.5
POITEM-00062,PO-00062,PROD-00091,29,9178.83,266186.07
POITEM-00063,PO-00063,PROD-00011,31,13897.35,430817.85
POITEM-00064,PO-00064,PROD-00002,39,12960.96,505477.44
POITEM-00065,PO-00065,PROD-00074,25,7810.81,195270.25
POITEM-00066,PO-00066,PROD-00049,8,13561.33,108490.64
POITEM-00067,PO-00067,PROD-00051,26,1933.5,50271.0
POITEM-00068,PO-00068,PROD-00070,10,10934.96,109349.6
POITEM-00069,PO-00069,PROD-00041,48,9082.33,435951.84
POITEM-00070,PO-00070,PROD-00100,43,7978.7,343084.1
POITEM-00071,PO-00071,PROD-00014,23,5700.12,131102.76
POITEM-00072,PO-00072,PROD-00068,36,8719.33,313895.88
POITEM-00073,PO-00073,PROD-00089,40,4673.53,186941.2
POITEM-00074,PO-00074,PROD-00078,22,6140.68,135094.96
POITEM-00075,PO-00075,PROD-00034,41,5558.67,227905.47
POITEM-00076,PO-00076,PROD-00064,11,4940.72,54347.92
POITEM-00077,PO-00077,PROD-00058,49,13963.97,684234.53
POITEM-00078,PO-00078,PROD-00031,27,6887.83,185971.41
POITEM-00079,PO-00079,PROD-00079,38,4452.44,169192.72
POITEM-00080,PO-00080,PROD-00049,14,13561.33,189858.62
POITEM-00081,PO-00081,PROD-00061,32,3013.6,96435.2
POITEM-00082,PO-00082,PROD-00073,36,689.69,24828.84
POITEM-00083,PO-00083,PROD-00019,5,4721.23,23606.15
POITEM-00084,PO-00084,PROD-00092,2,6231.25,12462.5
POITEM-00085,PO-00085,PROD-00051,16,1933.5,30936.0
POITEM-00086,PO-00086,PROD-00044,22,9523.41,209515.02
POITEM-00087,PO-00087,PROD-00096,50,6391.56,319578.0
POITEM-00088,PO-00088,PROD-00082,39,8547.35,333346.65
POITEM-00089,PO-00089,PROD-00045,29,78.1,2264.9
POITEM-00090,PO-00090,PROD-00053,41,3170.9,130006.9
POITEM-00091,PO-00091,PROD-00084,29,3172.49,92002.21
POITEM-00092,PO-00092,PROD-00014,25,5700.12,142503.0
POITEM-00093,PO-00093,PROD-00020,33,7164.91,236442.03
POITEM-00094,PO-00094,PROD-00079,42,4452.44,187002.48
POITEM-00095,PO-00095,PROD-00014,24,5700.12,136802.88
POITEM-00096,PO-00096,PROD-00075,41,6483.68,265830.88
POITEM-00097,PO-00097,PROD-00067,17,1752.24,29788.08
POITEM-00098,PO-00098,PROD-00062,20,4595.23,91904.6
POITEM-00099,PO-00099,PROD-00041,42,9082.33,381457.86
POITEM-00100,PO-00100,PROD-00048,24,169.8,4075.2
POITEM-00101,PO-00101,PROD-00046,5,14697.47,73487.35
POITEM-00102,PO-00102,PROD-00044,50,9523.41,476170.5
POITEM-00103,PO-00103,PROD-00048,11,169.8,1867.8
POITEM-00104,PO-00104,PROD-00089,49,4673.53,229002.97
POITEM-00105,PO-00105,PROD-00008,24,3765.85,90380.4
POITEM-00106,PO-00106,PROD-00058,11,13963.97,153603.67
POITEM-00107,PO-00107,PROD-00047,7,6641.49,46490.43
POITEM-00108,PO-00108,PROD-00024,10,14125.4,141254.0
POITEM-00109,PO-00109,PROD-00030,26,13937.05,362363.3
POITEM-00110,PO-00110,PROD-00061,7,3013.6,21095.2
POITEM-00111,PO-00111,PROD-00042,9,10320.27,92882.43
POITEM-00112,PO-00112,PROD-00069,14,1648.33,23076.62
POITEM-00113,PO-00113,PROD-00074,16,7810.81,124972.96
POITEM-00114,PO-00114,PROD-00018,41,8698.22,356627.02
POITEM-00115,PO-00115,PROD-00068,16,8719.33,139509.28
POITEM-00116,PO-00116,PROD-00070,33,10934.96,360853.68
POITEM-00117,PO-00117,PROD-00080,17,6321.18,107460.06
POITEM-00118,PO-00118,PROD-00002,7,12960.96,90726.72
POITEM-00119,PO-00119,PROD-00076,12,4725.89,56710.68
POITEM-00120,PO-00120,PROD-00053,46,3170.9,145861.4
POITEM-00121,PO-00121,PROD-00015,21,13899.61,291891.81
POITEM-00122,PO-00122,PROD-00018,19,8698.22,165266.18
POITEM-00123,PO-00123,PROD-00046,26,14697.47,382134.22
POITEM-00124,PO-00124,PROD-00057,34,396.18,13470.12
POITEM-00125,PO-00125,PROD-00038,19,1576.21,29947.99
POITEM-00126,PO-00126,PROD-00075,46,6483.68,298249.28
POITEM-00127,PO-00127,PROD-00048,28,169.8,4754.4
POITEM-00128,PO-00128,PROD-00059,44,2408.99,105995.56
POITEM-00129,PO-00129,PROD-00009,16,12125.13,194002.08
POITEM-00130,PO-00130,PROD-00057,44,396.18,17431.92
POITEM-00131,PO-00131,PROD-00018,24,8698.22,208757.28
POITEM-00132,PO-00132,PROD-00075,34,6483.68,220445.12
POITEM-00133,PO-00133,PROD-00031,45,6887.83,309952.35
POITEM-00134,PO-00134,PROD-00071,12,9102.98,109235.76
POITEM-00135,PO-00135,PROD-00014,5,5700.12,28500.6
POITEM-00136,PO-00136,PROD-00059,15,2408.99,36134.85
POITEM-00137,PO-00137,PROD-00084,37,3172.49,117382.13
POITEM-00138,PO-00138,PROD-00001,31,5330.61,165248.91
POITEM-00139,PO-00139,PROD-00093,29,10452.9,303134.1
POITEM-00140,PO-00140,PROD-00061,33,3013.6,99448.8
POITEM-00141,PO-00141,PROD-00077,21,13503.2,283567.2
POITEM-00142,PO-00142,PROD-00035,13,12510.33,162634.29
POITEM-00143,PO-00143,PROD-00068,33,8719.33,287737.89
POITEM-00144,PO-00144,PROD-00069,37,1648.33,60988.21
POITEM-00145,PO-00145,PROD-00021,50,14412.66,720633.0
POITEM-00146,PO-00146,PROD-00012,31,6111.05,189442.55
POITEM-00147,PO-00147,PROD-00008,29,3765.85,109209.65
POITEM-00148,PO-00148,PROD-00020,21,7164.91,150463.11
POITEM-00149,PO-00149,PROD-00009,21,12125.13,254627.73
POITEM-00150,PO-00150,PROD-00022,19,2807.73,53346.87
POITEM-00151,PO-00151,PROD-00091,13,9178.83,119324.79
POITEM-00152,PO-00152,PROD-00075,6,6483.68,38902.08
POITEM-00153,PO-00153,PROD-00022,19,2807.73,53346.87
POITEM-00154,PO-00154,PROD-00095,9,12910.1,116190.9
POITEM-00155,PO-00155,PROD-00079,36,4452.44,160287.84
POITEM-00156,PO-00156,PROD-00062,40,4595.23,183809.2
POITEM-00157,PO-00157,PROD-00068,24,8719.33,209263.92
POITEM-00158,PO-00158,PROD-00001,9,5330.61,47975.49
POITEM-00159,PO-00159,PROD-00059,21,2408.99,50588.79
POITEM-00160,PO-00160,PROD-00040,22,8309.52,182809.44
POITEM-00161,PO-00161,PROD-00017,22,2868.72,63111.84
POITEM-00162,PO-00162,PROD-00044,42,9523.41,399983.22
POITEM-00163,PO-00163,PROD-00092,47,6231.25,292868.75
POITEM-00164,PO-00164,PROD-00035,8,12510.33,100082.64
POITEM-00165,PO-00165,PROD-00077,27,13503.2,364586.4
POITEM-00166,PO-00166,PROD-00006,21,2873.38,60340.98
POITEM-00167,PO-00167,PROD-00037,22,12261.13,269744.86
POITEM-00168,PO-00168,PROD-00043,15,7340.76,110111.4
POITEM-00169,PO-00169,PROD-00072,21,13495.08,283396.68
POITEM-00170,PO-00170,PROD-00045,26,78.1,2030.6
POITEM-00171,PO-00171,PROD-00072,29,13495.08,391357.32
POITEM-00172,PO-00172,PROD-00014,18,5700.12,102602.16
POITEM-00173,PO-00173,PROD-00057,4,396.18,1584.72
POITEM-00174,PO-00174,PROD-00010,27,9790.87,264353.49
POITEM-00175,PO-00175,PROD-00012,19,6111.05,116109.95
POITEM-00176,PO-00176,PROD-00095,12,12910.1,154921.2
POITEM-00177,PO-00177,PROD-00049,3,13561.33,40683.99
POITEM-00178,PO-00178,PROD-00057,32,396.18,12677.76
POITEM-00179,PO-00179,PROD-00029,11,9691.37,106605.07
POITEM-00180,PO-00180,PROD-00088,44,12280.89,540359.16
POITEM-00181,PO-00181,PROD-00042,43,10320.27,443771.61
POITEM-00182,PO-00182,PROD-00001,16,5330.61,85289.76
POITEM-00183,PO-00183,PROD-00043,17,7340.76,124792.92
POITEM-00184,PO-00184,PROD-00004,26,6054.25,157410.5
POITEM-00185,PO-00185,PROD-00083,15,12510.03,187650.45
POITEM-00186,PO-00186,PROD-00014,36,5700.12,205204.32
POITEM-00187,PO-00187,PROD-00047,29,6641.49,192603.21
POITEM-00188,PO-00188,PROD-00026,13,9869.16,128299.08
POITEM-00189,PO-00189,PROD-00021,14,14412.66,201777.24
POITEM-00190,PO-00190,PROD-00091,9,9178.83,82609.47
POITEM-00191,PO-00191,PROD-00093,47,10452.9,491286.3
POITEM-00192,PO-00192,PROD-00094,28,3678.67,103002.76
POITEM-00193,PO-00193,PROD-00063,27,379.37,10242.99
POITEM-00194,PO-00194,PROD-00040,6,8309.52,49857.12
POITEM-00195,PO-00195,PROD-00075,9,6483.68,58353.12
POITEM-00196,PO-00196,PROD-00031,35,6887.83,241074.05
POITEM-00197,PO-00197,PROD-00055,13,11248.43,146229.59
POITEM-00198,PO-00198,PROD-00040,14,8309.52,116333.28
POITEM-00199,PO-00199,PROD-00098,26,8372.15,217675.9
POITEM-00200,PO-00200,PROD-00096,37,6391.56,236487.72
POITEM-00201,PO-00201,PROD-00086,27,7110.96,191995.92
POITEM-00202,PO-00202,PROD-00073,36,689.69,24828.84
POITEM-00203,PO-00203,PROD-00010,10,9790.87,97908.7
POITEM-00204,PO-00204,PROD-00020,46,7164.91,329585.86
POITEM-00205,PO-00205,PROD-00009,9,12125.13,109126.17
POITEM-00206,PO-00206,PROD-00002,35,12960.96,453633.6
POITEM-00207,PO-00207,PROD-00094,3,3678.67,11036.01
POITEM-00208,PO-00208,PROD-00093,22,10452.9,229963.8
POITEM-00209,PO-00209,PROD-00041,45,9082.33,408704.85
POITEM-00210,PO-00210,PROD-00073,30,689.69,20690.7
POITEM-00211,PO-00211,PROD-00025,7,8927.92,62495.44
POITEM-00212,PO-00212,PROD-00075,37,6483.68,239896.16
POITEM-00213,PO-00213,PROD-00051,27,1933.5,52204.5
POITEM-00214,PO-00214,PROD-00015,36,13899.61,500385.96
POITEM-00215,PO-00215,PROD-00087,23,1294.81,29780.63
POITEM-00216,PO-00216,PROD-00017,43,2868.72,123354.96
POITEM-00217,PO-00217,PROD-00035,1,12510.33,12510.33
POITEM-00218,PO-00218,PROD-00064,31,4940.72,153162.32
POITEM-00219,PO-00219,PROD-00026,34,9869.16,335551.44
POITEM-00220,PO-00220,PROD-00052,7,13487.25,94410.75
POITEM-00221,PO-00221,PROD-00063,26,379.37,9863.62
POITEM-00222,PO-00222,PROD-00092,44,6231.25,274175.0
POITEM-00223,PO-00223,PROD-00052,31,13487.25,418104.75
POITEM-00224,PO-00224,PROD-00031,22,6887.83,151532.26
POITEM-00225,PO-00225,PROD-00091,31,9178.83,284543.73
POITEM-00226,PO-00226,PROD-00008,21,3765.85,79082.85
POITEM-00227,PO-00227,PROD-00082,37,8547.35,316251.95
POITEM-00228,PO-00228,PROD-00036,45,14758.2,664119.0
POITEM-00229,PO-00229,PROD-00048,39,169.8,6622.2
POITEM-00230,PO-00230,PROD-00017,15,2868.72,43030.8
POITEM-00231,PO-00231,PROD-00073,50,689.69,34484.5
POITEM-00232,PO-00232,PROD-00014,41,5700.12,233704.92
POITEM-00233,PO-00233,PROD-00041,29,9082.33,263387.57
POITEM-00234,PO-00234,PROD-00076,36,4725.89,170132.04
POITEM-00235,PO-00235,PROD-00058,39,13963.97,544594.83
POITEM-00236,PO-00236,PROD-00020,47,7164.91,336750.77
POITEM-00237,PO-00237,PROD-00006,9,2873.38,25860.42
POITEM-00238,PO-00238,PROD-00064,27,4940.72,133399.44
POITEM-00239,PO-00239,PROD-00041,39,9082.33,354210.87
POITEM-00240,PO-00240,PROD-00023,40,12930.74,517229.6
POITEM-00241,PO-00241,PROD-00015,9,13899.61,125096.49
POITEM-00242,PO-00242,PROD-00013,48,12973.14,622710.72
POITEM-00243,PO-00243,PROD-00014,24,5700.12,136802.88
POITEM-00244,PO-00244,PROD-00043,46,7340.76,337674.96
POITEM-00245,PO-00245,PROD-00004,16,6054.25,96868.0
POITEM-00246,PO-00246,PROD-00029,38,9691.37,368272.06
POITEM-00247,PO-00247,PROD-00045,41,78.1,3202.1
POITEM-00248,PO-00248,PROD-00075,3,6483.68,19451.04
POITEM-00249,PO-00249,PROD-00003,15,9810.5,147157.5
POITEM-00250,PO-00250,PROD-00009,45,12125.13,545630.85
POITEM-00251,PO-00251,PROD-00041,8,9082.33,72658.64
POITEM-00252,PO-00252,PROD-00069,31,1648.33,51098.23
POITEM-00253,PO-00253,PROD-00097,3,14370.54,43111.62
POITEM-00254,PO-00254,PROD-00020,16,7164.91,114638.56
POITEM-00255,PO-00255,PROD-00087,41,1294.81,53087.21
POITEM-00256,PO-00256,PROD-00030,28,13937.05,390237.4
POITEM-00257,PO-00257,PROD-00012,12,6111.05,73332.6
POITEM-00258,PO-00258,PROD-00046,41,14697.47,602596.27
POITEM-00259,PO-00259,PROD-00028,40,4002.58,160103.2
POITEM-00260,PO-00260,PROD-00056,20,2458.46,49169.2
POITEM-00261,PO-00261,PROD-00068,37,8719.33,322615.21
POITEM-00262,PO-00262,PROD-00027,36,3083.78,111016.08
POITEM-00263,PO-00263,PROD-00066,4,14717.72,58870.88
POITEM-00264,PO-00264,PROD-00079,33,4452.44,146930.52
POITEM-00265,PO-00265,PROD-00046,37,14697.47,543806.39
POITEM-00266,PO-00266,PROD-00095,11,12910.1,142011.1
POITEM-00267,PO-00267,PROD-00063,50,379.37,18968.5
POITEM-00268,PO-00268,PROD-00072,7,13495.08,94465.56
POITEM-00269,PO-00269,PROD-00069,29,1648.33,47801.57
POITEM-00270,PO-00270,PROD-00076,40,4725.89,189035.6
POITEM-00271,PO-00271,PROD-00091,23,9178.83,211113.09
POITEM-00272,PO-00272,PROD-00008,33,3765.85,124273.05
POITEM-00273,PO-00273,PROD-00034,45,5558.67,250140.15
POITEM-00274,PO-00274,PROD-00099,26,2021.75,52565.5
POITEM-00275,PO-00275,PROD-00019,26,4721.23,122751.98
POITEM-00276,PO-00276,PROD-00075,50,6483.68,324184.0
POITEM-00277,PO-00277,PROD-00053,26,3170.9,82443.4
POITEM-00278,PO-00278,PROD-00047,36,6641.49,239093.64
POITEM-00279,PO-00279,PROD-00098,30,8372.15,251164.5
POITEM-00280,PO-00280,PROD-00064,9,4940.72,44466.48
POITEM-00281,PO-00281,PROD-00070,6,10934.96,65609.76
POITEM-00282,PO-00282,PROD-00049,28,13561.33,379717.24
POITEM-00283,PO-00283,PROD-00080,15,6321.18,94817.7
POITEM-00284,PO-00284,PROD-00040,45,8309.52,373928.4
POITEM-00285,PO-00285,PROD-00006,21,2873.38,60340.98
POITEM-00286,PO-00286,PROD-00075,5,6483.68,32418.4
POITEM-00287,PO-00287,PROD-00025,48,8927.92,428540.16
POITEM-00288,PO-00288,PROD-00053,38,3170.9,120494.2
POITEM-00289,PO-00289,PROD-00011,6,13897.35,83384.1
POITEM-00290,PO-00290,PROD-00069,33,1648.33,54394.89
POITEM-00291,PO-00291,PROD-00098,25,8372.15,209303.75
POITEM-00292,PO-00292,PROD-00004,25,6054.25,151356.25
POITEM-00293,PO-00293,PROD-00029,2,9691.37,19382.74
POITEM-00294,PO-00294,PROD-00088,19,12280.89,233336.91
POITEM-00295,PO-00295,PROD-00081,35,11228.32,392991.2
POITEM-00296,PO-00296,PROD-00090,35,390.77,13676.95
POITEM-00297,PO-00297,PROD-00019,16,4721.23,75539.68
POITEM-00298,PO-00298,PROD-00042,43,10320.27,443771.61
POITEM-00299,PO-00299,PROD-00098,32,8372.15,267908.8
POITEM-00300,PO-00300,PROD-00013,8,12973.14,103785.12
POITEM-00301,PO-00301,PROD-00050,46,5554.01,255484.46
POITEM-00302,PO-00302,PROD-00034,37,5558.67,205670.79
POITEM-00303,PO-00303,PROD-00071,15,9102.98,136544.7
POITEM-00304,PO-00304,PROD-00093,25,10452.9,261322.5
POITEM-00305,PO-00305,PROD-00067,27,1752.24,47310.48
POITEM-00306,PO-00306,PROD-00092,44,6231.25,274175.0
POITEM-00307,PO-00307,PROD-00033,19,14000.56,266010.64
POITEM-00308,PO-00308,PROD-00065,13,4204.9,54663.7
POITEM-00309,PO-00309,PROD-00016,47,6359.54,298898.38
POITEM-00310,PO-00310,PROD-00058,23,13963.97,321171.31
POITEM-00311,PO-00311,PROD-00027,20,3083.78,61675.6
POITEM-00312,PO-00312,PROD-00057,6,396.18,2377.08
POITEM-00313,PO-00313,PROD-00096,38,6391.56,242879.28
POITEM-00314,PO-00314,PROD-00017,43,2868.72,123354.96
POITEM-00315,PO-00315,PROD-00027,48,3083.78,148021.44
POITEM-00316,PO-00316,PROD-00024,7,14125.4,98877.8
POITEM-00317,PO-00317,PROD-00092,23,6231.25,143318.75
POITEM-00318,PO-00318,PROD-00007,11,6342.68,69769.48
POITEM-00319,PO-00319,PROD-00085,16,6640.75,106252.0
POITEM-00320,PO-00320,PROD-00011,26,13897.35,361331.1
POITEM-00321,PO-00321,PROD-00012,1,6111.05,6111.05
POITEM-00322,PO-00322,PROD-00050,42,5554.01,233268.42
POITEM-00323,PO-00323,PROD-00026,9,9869.16,88822.44
POITEM-00324,PO-00324,PROD-00006,28,2873.38,80454.64
POITEM-00325,PO-00325,PROD-00054,23,1564.33,35979.59
POITEM-00326,PO-00326,PROD-00020,40,7164.91,286596.4
POITEM-00327,PO-00327,PROD-00012,18,6111.05,109998.9
POITEM-00328,PO-00328,PROD-00021,2,14412.66,28825.32
POITEM-00329,PO-00329,PROD-00081,21,11228.32,235794.72
POITEM-00330,PO-00330,PROD-00100,4,7978.7,31914.8
POITEM-00331,PO-00331,PROD-00096,16,6391.56,102264.96
POITEM-00332,PO-00332,PROD-00042,25,10320.27,258006.75
POITEM-00333,PO-00333,PROD-00032,23,8076.08,185749.84
POITEM-00334,PO-00334,PROD-00021,32,14412.66,461205.12
POITEM-00335,PO-00335,PROD-00071,15,9102.98,136544.7
POITEM-00336,PO-00336,PROD-00072,46,13495.08,620773.68
POITEM-00337,PO-00337,PROD-00082,50,8547.35,427367.5
POITEM-00338,PO-00338,PROD-00060,20,13085.7,261714.0
POITEM-00339,PO-00339,PROD-00040,46,8309.52,382237.92
POITEM-00340,PO-00340,PROD-00092,20,6231.25,124625.0
POITEM-00341,PO-00341,PROD-00013,50,12973.14,648657.0
POITEM-00342,PO-00342,PROD-00001,41,5330.61,218555.01
POITEM-00343,PO-00343,PROD-00014,11,5700.12,62701.32
POITEM-00344,PO-00344,PROD-00007,45,6342.68,285420.6
POITEM-00345,PO-00345,PROD-00010,47,9790.87,460170.89
POITEM-00346,PO-00346,PROD-00053,7,3170.9,22196.3
POITEM-00347,PO-00347,PROD-00078,2,6140.68,12281.36
POITEM-00348,PO-00348,PROD-00040,5,8309.52,41547.6
POITEM-00349,PO-00349,PROD-00094,28,3678.67,103002.76
POITEM-00350,PO-00350,PROD-00008,13,3765.85,48956.05
POITEM-00351,PO-00351,PROD-00080,37,6321.18,233883.66
POITEM-00352,PO-00352,PROD-00083,19,12510.03,237690.57
POITEM-00353,PO-00353,PROD-00042,19,10320.27,196085.13
POITEM-00354,PO-00354,PROD-00045,17,78.1,1327.7
POITEM-00355,PO-00355,PROD-00067,3,1752.24,5256.72
POITEM-00356,PO-00356,PROD-00071,49,9102.98,446046.02
POITEM-00357,PO-00357,PROD-00028,49,4002.58,196126.42
POITEM-00358,PO-00358,PROD-00090,37,390.77,14458.49
POITEM-00359,PO-00359,PROD-00096,33,6391.56,210921.48
POITEM-00360,PO-00360,PROD-00038,9,1576.21,14185.89
POITEM-00361,PO-00361,PROD-00038,21,1576.21,33100.41
POITEM-00362,PO-00362,PROD-00038,18,1576.21,28371.78
POITEM-00363,PO-00363,PROD-00096,10,6391.56,63915.6
POITEM-00364,PO-00364,PROD-00091,23,9178.83,211113.09
POITEM-00365,PO-00365,PROD-00040,3,8309.52,24928.56
POITEM-00366,PO-00366,PROD-00018,3,8698.22,26094.66
POITEM-00367,PO-00367,PROD-00026,22,9869.16,217121.52
POITEM-00368,PO-00368,PROD-00006,7,2873.38,20113.66
POITEM-00369,PO-00369,PROD-00088,47,12280.89,577201.83
POITEM-00370,PO-00370,PROD-00067,32,1752.24,56071.68
POITEM-00371,PO-00371,PROD-00055,33,11248.43,371198.19
POITEM-00372,PO-00372,PROD-00046,3,14697.47,44092.41
POITEM-00373,PO-00373,PROD-00049,26,13561.33,352594.58
POITEM-00374,PO-00374,PROD-00063,12,379.37,4552.44
POITEM-00375,PO-00375,PROD-00079,48,4452.44,213717.12
POITEM-00376,PO-00376,PROD-00017,50,2868.72,143436.0
POITEM-00377,PO-00377,PROD-00085,33,6640.75,219144.75
POITEM-00378,PO-00378,PROD-00075,17,6483.68,110222.56
POITEM-00379,PO-00379,PROD-00005,17,12928.55,219785.35
POITEM-00380,PO-00380,PROD-00031,33,6887.83,227298.39
POITEM-00381,PO-00381,PROD-00072,44,13495.08,593783.52
POITEM-00382,PO-00382,PROD-00063,42,379.37,15933.54
POITEM-00383,PO-00383,PROD-00056,39,2458.46,95879.94
POITEM-00384,PO-00384,PROD-00044,17,9523.41,161897.97
POITEM-00385,PO-00385,PROD-00017,13,2868.72,37293.36
POITEM-00386,PO-00386,PROD-00064,20,4940.72,98814.4
POITEM-00387,PO-00387,PROD-00006,47,2873.38,135048.86
POITEM-00388,PO-00388,PROD-00081,48,11228.32,538959.36
POITEM-00389,PO-00389,PROD-00048,8,169.8,1358.4
POITEM-00390,PO-00390,PROD-00041,34,9082.33,308799.22
POITEM-00391,PO-00391,PROD-00068,30,8719.33,261579.9
POITEM-00392,PO-00392,PROD-00011,41,13897.35,569791.35
POITEM-00393,PO-00393,PROD-00065,49,4204.9,206040.1
POITEM-00394,PO-00394,PROD-00100,25,7978.7,199467.5
POITEM-00395,PO-00395,PROD-00034,2,5558.67,11117.34
POITEM-00396,PO-00396,PROD-00005,25,12928.55,323213.75
POITEM-00397,PO-00397,PROD-00026,47,9869.16,463850.52
POITEM-00398,PO-00398,PROD-00038,49,1576.21,77234.29
POITEM-00399,PO-00399,PROD-00069,47,1648.33,77471.51
POITEM-00400,PO-00400,PROD-00038,50,1576.21,78810.5
POITEM-00401,PO-00401,PROD-00094,45,3678.67,165540.15
POITEM-00402,PO-00402,PROD-00002,10,12960.96,129609.6
POITEM-00403,PO-00403,PROD-00037,40,12261.13,490445.2
POITEM-00404,PO-00404,PROD-00019,19,4721.23,89703.37
POITEM-00405,PO-00405,PROD-00043,13,7340.76,95429.88
POITEM-00406,PO-00406,PROD-00076,45,4725.89,212665.05
POITEM-00407,PO-00407,PROD-00097,37,14370.54,531709.98
POITEM-00408,PO-00408,PROD-00094,17,3678.67,62537.39
POITEM-00409,PO-00409,PROD-00075,3,6483.68,19451.04
POITEM-00410,PO-00410,PROD-00095,9,12910.1,116190.9
POITEM-00411,PO-00411,PROD-00096,6,6391.56,38349.36
POITEM-00412,PO-00412,PROD-00085,25,6640.75,166018.75
POITEM-00413,PO-00413,PROD-00028,47,4002.58,188121.26
POITEM-00414,PO-00414,PROD-00060,29,13085.7,379485.3
POITEM-00415,PO-00415,PROD-00041,9,9082.33,81740.97
POITEM-00416,PO-00416,PROD-00080,42,6321.18,265489.56
POITEM-00417,PO-00417,PROD-00058,7,13963.97,97747.79
POITEM-00418,PO-00418,PROD-00015,4,13899.61,55598.44
POITEM-00419,PO-00419,PROD-00055,49,11248.43,551173.07
POITEM-00420,PO-00420,PROD-00065,42,4204.9,176605.8
POITEM-00421,PO-00421,PROD-00056,6,2458.46,14750.76
POITEM-00422,PO-00422,PROD-00030,7,13937.05,97559.35
POITEM-00423,PO-00423,PROD-00059,40,2408.99,96359.6
POITEM-00424,PO-00424,PROD-00076,30,4725.89,141776.7
POITEM-00425,PO-00425,PROD-00030,15,13937.05,209055.75
POITEM-00426,PO-00426,PROD-00004,3,6054.25,18162.75
POITEM-00427,PO-00427,PROD-00077,13,13503.2,175541.6
POITEM-00428,PO-00428,PROD-00067,49,1752.24,85859.76
POITEM-00429,PO-00429,PROD-00006,1,2873.38,2873.38
POITEM-00430,PO-00430,PROD-00006,45,2873.38,129302.1
POITEM-00431,PO-00431,PROD-00045,25,78.1,1952.5
POITEM-00432,PO-00432,PROD-00018,9,8698.22,78283.98
POITEM-00433,PO-00433,PROD-00027,14,3083.78,43172.92
POITEM-00434,PO-00434,PROD-00098,33,8372.15,276280.95
POITEM-00435,PO-00435,PROD-00004,43,6054.25,260332.75
POITEM-00436,PO-00436,PROD-00079,10,4452.44,44524.4
POITEM-00437,PO-00437,PROD-00010,10,9790.87,97908.7
POITEM-00438,PO-00438,PROD-00019,40,4721.23,188849.2
POITEM-00439,PO-00439,PROD-00012,45,6111.05,274997.25
POITEM-00440,PO-00440,PROD-00082,48,8547.35,410272.8
POITEM-00441,PO-00441,PROD-00084,48,3172.49,152279.52
POITEM-00442,PO-00442,PROD-00066,12,14717.72,176612.64
POITEM-00443,PO-00443,PROD-00068,9,8719.33,78473.97
POITEM-00444,PO-00444,PROD-00005,10,12928.55,129285.5
POITEM-00445,PO-00445,PROD-00045,46,78.1,3592.6
POITEM-00446,PO-00446,PROD-00086,27,7110.96,191995.92
POITEM-00447,PO-00447,PROD-00010,22,9790.87,215399.14
POITEM-00448,PO-00448,PROD-00018,8,8698.22,69585.76
POITEM-00449,PO-00449,PROD-00047,44,6641.49,292225.56
POITEM-00450,PO-00450,PROD-00074,2,7810.81,15621.62
POITEM-00451,PO-00451,PROD-00027,42,3083.78,129518.76
POITEM-00452,PO-00452,PROD-00069,5,1648.33,8241.65
POITEM-00453,PO-00453,PROD-00025,50,8927.92,446396.0
POITEM-00454,PO-00454,PROD-00025,6,8927.92,53567.52
POITEM-00455,PO-00455,PROD-00082,27,8547.35,230778.45
POITEM-00456,PO-00456,PROD-00082,35,8547.35,299157.25
POITEM-00457,PO-00457,PROD-00083,19,12510.03,237690.57
POITEM-00458,PO-00458,PROD-00020,2,7164.91,14329.82
POITEM-00459,PO-00459,PROD-00093,41,10452.9,428568.9
POITEM-00460,PO-00460,PROD-00069,1,1648.33,1648.33
POITEM-00461,PO-00461,PROD-00093,48,10452.9,501739.2
POITEM-00462,PO-00462,PROD-00086,15,7110.96,106664.4
POITEM-00463,PO-00463,PROD-00018,49,8698.22,426212.78
POITEM-00464,PO-00464,PROD-00062,7,4595.23,32166.61
POITEM-00465,PO-00465,PROD-00074,7,7810.81,54675.67
POITEM-00466,PO-00466,PROD-00037,43,12261.13,527228.59
POITEM-00467,PO-00467,PROD-00034,11,5558.67,61145.37
POITEM-00468,PO-00468,PROD-00062,44,4595.23,202190.12
POITEM-00469,PO-00469,PROD-00030,36,13937.05,501733.8
POITEM-00470,PO-00470,PROD-00001,41,5330.61,218555.01
POITEM-00471,PO-00471,PROD-00023,26,12930.74,336199.24
POITEM-00472,PO-00472,PROD-00060,42,13085.7,549599.4
POITEM-00473,PO-00473,PROD-00089,30,4673.53,140205.9
POITEM-00474,PO-00474,PROD-00019,40,4721.23,188849.2
POITEM-00475,PO-00475,PROD-00049,10,13561.33,135613.3
POITEM-00476,PO-00476,PROD-00083,5,12510.03,62550.15
POITEM-00477,PO-00477,PROD-00074,31,7810.81,242135.11
POITEM-00478,PO-00478,PROD-00016,41,6359.54,260741.14
POITEM-00479,PO-00479,PROD-00019,25,4721.23,118030.75
POITEM-00480,PO-00480,PROD-00063,23,379.37,8725.51
POITEM-00481,PO-00481,PROD-00029,29,9691.37,281049.73
POITEM-00482,PO-00482,PROD-00024,11,14125.4,155379.4
POITEM-00483,PO-00483,PROD-00100,44,7978.7,351062.8
POITEM-00484,PO-00484,PROD-00002,9,12960.96,116648.64
POITEM-00485,PO-00485,PROD-00005,4,12928.55,51714.2
POITEM-00486,PO-00486,PROD-00020,47,7164.91,336750.77
POITEM-00487,PO-00487,PROD-00073,11,689.69,7586.59
POITEM-00488,PO-00488,PROD-00086,17,7110.96,120886.32
POITEM-00489,PO-00489,PROD-00053,25,3170.9,79272.5
POITEM-00490,PO-00490,PROD-00009,39,12125.13,472880.07
POITEM-00491,PO-00491,PROD-00014,31,5700.12,176703.72
POITEM-00492,PO-00492,PROD-00082,34,8547.35,290609.9
POITEM-00493,PO-00493,PROD-00083,37,12510.03,462871.11
POITEM-00494,PO-00494,PROD-00014,39,5700.12,222304.68
POITEM-00495,PO-00495,PROD-00060,37,13085.7,484170.9
POITEM-00496,PO-00496,PROD-00063,24,379.37,9104.88
POITEM-00497,PO-00497,PROD-00012,37,6111.05,226108.85
POITEM-00498,PO-00498,PROD-00037,12,12261.13,147133.56
POITEM-00499,PO-00499,PROD-00049,48,13561.33,650943.84
POITEM-00500,PO-00500,PROD-00087,26,1294.81,33665.06
POITEM-00501,PO-00501,PROD-00055,31,11248.43,348701.33
POITEM-00502,PO-00502,PROD-00077,39,13503.2,526624.8
POITEM-00503,PO-00503,PROD-00037,4,12261.13,49044.52
POITEM-00504,PO-00504,PROD-00003,19,9810.5,186399.5
POITEM-00505,PO-00505,PROD-00058,1,13963.97,13963.97
POITEM-00506,PO-00506,PROD-00028,38,4002.58,152098.04
POITEM-00507,PO-00507,PROD-00061,38,3013.6,114516.8
POITEM-00508,PO-00508,PROD-00074,1,7810.81,7810.81
POITEM-00509,PO-00509,PROD-00028,22,4002.58,88056.76
POITEM-00510,PO-00510,PROD-00029,37,9691.37,358580.69
POITEM-00511,PO-00511,PROD-00018,8,8698.22,69585.76
POITEM-00512,PO-00512,PROD-00039,23,1753.54,40331.42
POITEM-00513,PO-00513,PROD-00089,48,4673.53,224329.44
POITEM-00514,PO-00514,PROD-00004,37,6054.25,224007.25
POITEM-00515,PO-00515,PROD-00029,17,9691.37,164753.29
POITEM-00516,PO-00516,PROD-00069,6,1648.33,9889.98
POITEM-00517,PO-00517,PROD-00012,40,6111.05,244442.0
POITEM-00518,PO-00518,PROD-00096,49,6391.56,313186.44
POITEM-00519,PO-00519,PROD-00095,23,12910.1,296932.3
POITEM-00520,PO-00520,PROD-00099,1,2021.75,2021.75
POITEM-00521,PO-00521,PROD-00005,17,12928.55,219785.35
POITEM-00522,PO-00522,PROD-00092,12,6231.25,74775.0
POITEM-00523,PO-00523,PROD-00044,29,9523.41,276178.89
POITEM-00524,PO-00524,PROD-00027,18,3083.78,55508.04
POITEM-00525,PO-00525,PROD-00082,31,8547.35,264967.85
POITEM-00526,PO-00526,PROD-00080,35,6321.18,221241.3
POITEM-00527,PO-00527,PROD-00064,26,4940.72,128458.72
POITEM-00528,PO-00528,PROD-00017,29,2868.72,83192.88
POITEM-00529,PO-00529,PROD-00071,2,9102.98,18205.96
POITEM-00530,PO-00530,PROD-00041,12,9082.33,108987.96
POITEM-00531,PO-00531,PROD-00047,6,6641.49,39848.94
POITEM-00532,PO-00532,PROD-00084,22,3172.49,69794.78
POITEM-00533,PO-00533,PROD-00055,21,11248.43,236217.03
POITEM-00534,PO-00534,PROD-00061,38,3013.6,114516.8
POITEM-00535,PO-00535,PROD-00050,47,5554.01,261038.47
POITEM-00536,PO-00536,PROD-00080,5,6321.18,31605.9
POITEM-00537,PO-00537,PROD-00072,49,13495.08,661258.92
POITEM-00538,PO-00538,PROD-00057,20,396.18,7923.6
POITEM-00539,PO-00539,PROD-00041,2,9082.33,18164.66
POITEM-00540,PO-00540,PROD-00037,36,12261.13,441400.68
POITEM-00541,PO-00541,PROD-00088,41,12280.89,503516.49
POITEM-00542,PO-00542,PROD-00041,20,9082.33,181646.6
POITEM-00543,PO-00543,PROD-00072,23,13495.08,310386.84
POITEM-00544,PO-00544,PROD-00056,39,2458.46,95879.94
POITEM-00545,PO-00545,PROD-00001,26,5330.61,138595.86
POITEM-00546,PO-00546,PROD-00073,16,689.69,11035.04
POITEM-00547,PO-00547,PROD-00060,13,13085.7,170114.1
POITEM-00548,PO-00548,PROD-00098,29,8372.15,242792.35
POITEM-00549,PO-00549,PROD-00035,2,12510.33,25020.66
POITEM-00550,PO-00550,PROD-00077,1,13503.2,13503.2
POITEM-00551,PO-00551,PROD-00021,32,14412.66,461205.12
POITEM-00552,PO-00552,PROD-00036,18,14758.2,265647.6
POITEM-00553,PO-00553,PROD-00095,1,12910.1,12910.1
POITEM-00554,PO-00554,PROD-00006,30,2873.38,86201.4
POITEM-00555,PO-00555,PROD-00079,20,4452.44,89048.8
POITEM-00556,PO-00556,PROD-00062,31,4595.23,142452.13
POITEM-00557,PO-00557,PROD-00065,28,4204.9,117737.2
POITEM-00558,PO-00558,PROD-00023,3,12930.74,38792.22
POITEM-00559,PO-00559,PROD-00049,6,13561.33,81367.98
POITEM-00560,PO-00560,PROD-00072,35,13495.08,472327.8
POITEM-00561,PO-00561,PROD-00064,29,4940.72,143280.88
POITEM-00562,PO-00562,PROD-00060,46,13085.7,601942.2
POITEM-00563,PO-00563,PROD-00004,35,6054.25,211898.75
POITEM-00564,PO-00564,PROD-00047,10,6641.49,66414.9
POITEM-00565,PO-00565,PROD-00010,25,9790.87,244771.75
POITEM-00566,PO-00566,PROD-00088,43,12280.89,528078.27
POITEM-00567,PO-00567,PROD-00018,40,8698.22,347928.8
POITEM-00568,PO-00568,PROD-00076,3,4725.89,14177.67
POITEM-00569,PO-00569,PROD-00078,7,6140.68,42984.76
POITEM-00570,PO-00570,PROD-00017,4,2868.72,11474.88
POITEM-00571,PO-00571,PROD-00084,41,3172.49,130072.09
POITEM-00572,PO-00572,PROD-00079,34,4452.44,151382.96
POITEM-00573,PO-00573,PROD-00087,47,1294.81,60856.07
POITEM-00574,PO-00574,PROD-00084,41,3172.49,130072.09
POITEM-00575,PO-00575,PROD-00030,45,13937.05,627167.25
POITEM-00576,PO-00576,PROD-00054,43,1564.33,67266.19
POITEM-00577,PO-00577,PROD-00015,49,13899.61,681080.89
POITEM-00578,PO-00578,PROD-00089,48,4673.53,224329.44
POITEM-00579,PO-00579,PROD-00051,39,1933.5,75406.5
POITEM-00580,PO-00580,PROD-00091,2,9178.83,18357.66
POITEM-00581,PO-00581,PROD-00089,7,4673.53,32714.71
POITEM-00582,PO-00582,PROD-00088,15,12280.89,184213.35
POITEM-00583,PO-00583,PROD-00041,5,9082.33,45411.65
POITEM-00584,PO-00584,PROD-00022,42,2807.73,117924.66
POITEM-00585,PO-00585,PROD-00016,8,6359.54,50876.32
POITEM-00586,PO-00586,PROD-00086,3,7110.96,21332.88
POITEM-00587,PO-00587,PROD-00055,47,11248.43,528676.21
POITEM-00588,PO-00588,PROD-00090,26,390.77,10160.02
POITEM-00589,PO-00589,PROD-00087,26,1294.81,33665.06
POITEM-00590,PO-00590,PROD-00090,36,390.77,14067.72
POITEM-00591,PO-00591,PROD-00048,16,169.8,2716.8
POITEM-00592,PO-00592,PROD-00085,27,6640.75,179300.25
POITEM-00593,PO-00593,PROD-00059,50,2408.99,120449.5
POITEM-00594,PO-00594,PROD-00040,13,8309.52,108023.76
POITEM-00595,PO-00595,PROD-00098,19,8372.15,159070.85
POITEM-00596,PO-00596,PROD-00080,48,6321.18,303416.64
POITEM-00597,PO-00597,PROD-00034,47,5558.67,261257.49
POITEM-00598,PO-00598,PROD-00017,4,2868.72,11474.88
POITEM-00599,PO-00599,PROD-00087,18,1294.81,23306.58
POITEM-00600,PO-00600,PROD-00098,15,8372.15,125582.25
POITEM-00601,PO-00601,PROD-00039,13,1753.54,22796.02
POITEM-00602,PO-00602,PROD-00049,20,13561.33,271226.6
POITEM-00603,PO-00603,PROD-00045,41,78.1,3202.1
POITEM-00604,PO-00604,PROD-00052,18,13487.25,242770.5
POITEM-00605,PO-00605,PROD-00087,34,1294.81,44023.54
POITEM-00606,PO-00606,PROD-00005,39,12928.55,504213.45
POITEM-00607,PO-00607,PROD-00033,13,14000.56,182007.28
POITEM-00608,PO-00608,PROD-00067,37,1752.24,64832.88
POITEM-00609,PO-00609,PROD-00002,21,12960.96,272180.16
POITEM-00610,PO-00610,PROD-00069,48,1648.33,79119.84
POITEM-00611,PO-00611,PROD-00061,49,3013.6,147666.4
POITEM-00612,PO-00612,PROD-00031,44,6887.83,303064.52
POITEM-00613,PO-00613,PROD-00044,46,9523.41,438076.86
POITEM-00614,PO-00614,PROD-00019,15,4721.23,70818.45
POITEM-00615,PO-00615,PROD-00035,49,12510.33,613006.17
POITEM-00616,PO-00616,PROD-00036,16,14758.2,236131.2
POITEM-00617,PO-00617,PROD-00039,37,1753.54,64880.98
POITEM-00618,PO-00618,PROD-00066,34,14717.72,500402.48
POITEM-00619,PO-00619,PROD-00002,13,12960.96,168492.48
POITEM-00620,PO-00620,PROD-00092,40,6231.25,249250.0
POITEM-00621,PO-00621,PROD-00084,8,3172.49,25379.92
POITEM-00622,PO-00622,PROD-00007,30,6342.68,190280.4
POITEM-00623,PO-00623,PROD-00057,46,396.18,18224.28
POITEM-00624,PO-00624,PROD-00086,34,7110.96,241772.64
POITEM-00625,PO-00625,PROD-00100,37,7978.7,295211.9
POITEM-00626,PO-00626,PROD-00033,27,14000.56,378015.12
POITEM-00627,PO-00627,PROD-00050,1,5554.01,5554.01
POITEM-00628,PO-00628,PROD-00089,1,4673.53,4673.53
POITEM-00629,PO-00629,PROD-00027,27,3083.78,83262.06
POITEM-00630,PO-00630,PROD-00031,14,6887.83,96429.62
POITEM-00631,PO-00631,PROD-00007,43,6342.68,272735.24
POITEM-00632,PO-00632,PROD-00006,11,2873.38,31607.18
POITEM-00633,PO-00633,PROD-00073,50,689.69,34484.5
POITEM-00634,PO-00634,PROD-00062,19,4595.23,87309.37
POITEM-00635,PO-00635,PROD-00013,45,12973.14,583791.3
POITEM-00636,PO-00636,PROD-00004,45,6054.25,272441.25
POITEM-00637,PO-00637,PROD-00068,40,8719.33,348773.2
POITEM-00638,PO-00638,PROD-00011,32,13897.35,444715.2
POITEM-00639,PO-00639,PROD-00063,41,379.37,15554.17
POITEM-00640,PO-00640,PROD-00083,41,12510.03,512911.23
POITEM-00641,PO-00641,PROD-00067,36,1752.24,63080.64
POITEM-00642,PO-00642,PROD-00063,37,379.37,14036.69
POITEM-00643,PO-00643,PROD-00055,31,11248.43,348701.33
POITEM-00644,PO-00644,PROD-00086,22,7110.96,156441.12
POITEM-00645,PO-00645,PROD-00055,21,11248.43,236217.03
POITEM-00646,PO-00646,PROD-00034,10,5558.67,55586.7
POITEM-00647,PO-00647,PROD-00088,39,12280.89,478954.71
POITEM-00648,PO-00648,PROD-00040,27,8309.52,224357.04
POITEM-00649,PO-00649,PROD-00067,12,1752.24,21026.88
POITEM-00650,PO-00650,PROD-00015,33,13899.61,458687.13
POITEM-00651,PO-00651,PROD-00096,50,6391.56,319578.0
POITEM-00652,PO-00652,PROD-00078,34,6140.68,208783.12
POITEM-00653,PO-00653,PROD-00024,30,14125.4,423762.0
POITEM-00654,PO-00654,PROD-00043,41,7340.76,300971.16
POITEM-00655,PO-00655,PROD-00052,50,13487.25,674362.5
POITEM-00656,PO-00656,PROD-00045,40,78.1,3124.0
POITEM-00657,PO-00657,PROD-00051,10,1933.5,19335.0
POITEM-00658,PO-00658,PROD-00008,22,3765.85,82848.7
POITEM-00659,PO-00659,PROD-00074,25,7810.81,195270.25
POITEM-00660,PO-00660,PROD-00041,45,9082.33,408704.85
POITEM-00661,PO-00661,PROD-00042,6,10320.27,61921.62
POITEM-00662,PO-00662,PROD-00004,7,6054.25,42379.75
POITEM-00663,PO-00663,PROD-00080,24,6321.18,151708.32
POITEM-00664,PO-00664,PROD-00037,8,12261.13,98089.04
POITEM-00665,PO-00665,PROD-00030,33,13937.05,459922.65
POITEM-00666,PO-00666,PROD-00059,30,2408.99,72269.7
POITEM-00667,PO-00667,PROD-00015,25,13899.61,347490.25
POITEM-00668,PO-00668,PROD-00023,45,12930.74,581883.3
POITEM-00669,PO-00669,PROD-00045,21,78.1,1640.1
POITEM-00670,PO-00670,PROD-00054,44,1564.33,68830.52
POITEM-00671,PO-00671,PROD-00044,38,9523.41,361889.58
POITEM-00672,PO-00672,PROD-00070,25,10934.96,273374.0
POITEM-00673,PO-00673,PROD-00015,20,13899.61,277992.2
POITEM-00674,PO-00674,PROD-00060,26,13085.7,340228.2
POITEM-00675,PO-00675,PROD-00014,36,5700.12,205204.32
POITEM-00676,PO-00676,PROD-00026,38,9869.16,375028.08
POITEM-00677,PO-00677,PROD-00016,43,6359.54,273460.22
POITEM-00678,PO-00678,PROD-00059,10,2408.99,24089.9
POITEM-00679,PO-00679,PROD-00071,47,9102.98,427840.06
POITEM-00680,PO-00680,PROD-00070,45,10934.96,492073.2
POITEM-00681,PO-00681,PROD-00093,25,10452.9,261322.5
POITEM-00682,PO-00682,PROD-00073,16,689.69,11035.04
POITEM-00683,PO-00683,PROD-00024,37,14125.4,522639.8
POITEM-00684,PO-00684,PROD-00065,47,4204.9,197630.3
POITEM-00685,PO-00685,PROD-00027,16,3083.78,49340.48
POITEM-00686,PO-00686,PROD-00052,35,13487.25,472053.75
POITEM-00687,PO-00687,PROD-00048,27,169.8,4584.6
POITEM-00688,PO-00688,PROD-00055,20,11248.43,224968.6
POITEM-00689,PO-00689,PROD-00083,4,12510.03,50040.12
POITEM-00690,PO-00690,PROD-00085,5,6640.75,33203.75
POITEM-00691,PO-00691,PROD-00096,1,6391.56,6391.56
POITEM-00692,PO-00692,PROD-00092,45,6231.25,280406.25
POITEM-00693,PO-00693,PROD-00084,10,3172.49,31724.9
POITEM-00694,PO-00694,PROD-00061,14,3013.6,42190.4
POITEM-00695,PO-00695,PROD-00007,11,6342.68,69769.48
POITEM-00696,PO-00696,PROD-00067,46,1752.24,80603.04
POITEM-00697,PO-00697,PROD-00087,25,1294.81,32370.25
POITEM-00698,PO-00698,PROD-00057,42,396.18,16639.56
POITEM-00699,PO-00699,PROD-00083,26,12510.03,325260.78
POITEM-00700,PO-00700,PROD-00043,12,7340.76,88089.12
POITEM-00701,PO-00701,PROD-00063,7,379.37,2655.59
POITEM-00702,PO-00702,PROD-00081,2,11228.32,22456.64
POITEM-00703,PO-00703,PROD-00012,39,6111.05,238330.95
POITEM-00704,PO-00704,PROD-00012,43,6111.05,262775.15
POITEM-00705,PO-00705,PROD-00099,18,2021.75,36391.5
POITEM-00706,PO-00706,PROD-00068,29,8719.33,252860.57
POITEM-00707,PO-00707,PROD-00085,50,6640.75,332037.5
POITEM-00708,PO-00708,PROD-00011,5,13897.35,69486.75
POITEM-00709,PO-00709,PROD-00072,1,13495.08,13495.08
POITEM-00710,PO-00710,PROD-00031,33,6887.83,227298.39
POITEM-00711,PO-00711,PROD-00098,35,8372.15,293025.25
POITEM-00712,PO-00712,PROD-00067,44,1752.24,77098.56
POITEM-00713,PO-00713,PROD-00049,30,13561.33,406839.9
POITEM-00714,PO-00714,PROD-00100,13,7978.7,103723.1
POITEM-00715,PO-00715,PROD-00043,29,7340.76,212882.04
POITEM-00716,PO-00716,PROD-00072,32,13495.08,431842.56
POITEM-00717,PO-00717,PROD-00041,4,9082.33,36329.32
POITEM-00718,PO-00718,PROD-00094,34,3678.67,125074.78
POITEM-00719,PO-00719,PROD-00100,32,7978.7,255318.4
POITEM-00720,PO-00720,PROD-00023,4,12930.74,51722.96
POITEM-00721,PO-00721,PROD-00058,7,13963.97,97747.79
POITEM-00722,PO-00722,PROD-00015,26,13899.61,361389.86
POITEM-00723,PO-00723,PROD-00094,5,3678.67,18393.35
POITEM-00724,PO-00724,PROD-00035,16,12510.33,200165.28
POITEM-00725,PO-00725,PROD-00074,32,7810.81,249945.92
POITEM-00726,PO-00726,PROD-00085,50,6640.75,332037.5
POITEM-00727,PO-00727,PROD-00020,16,7164.91,114638.56
POITEM-00728,PO-00728,PROD-00061,20,3013.6,60272.0
POITEM-00729,PO-00729,PROD-00082,40,8547.35,341894.0
POITEM-00730,PO-00730,PROD-00077,8,13503.2,108025.6
POITEM-00731,PO-00731,PROD-00042,42,10320.27,433451.34
POITEM-00732,PO-00732,PROD-00018,7,8698.22,60887.54
POITEM-00733,PO-00733,PROD-00020,16,7164.91,114638.56
POITEM-00734,PO-00734,PROD-00036,15,14758.2,221373.0
POITEM-00735,PO-00735,PROD-00013,32,12973.14,415140.48
POITEM-00736,PO-00736,PROD-00050,24,5554.01,133296.24
POITEM-00737,PO-00737,PROD-00001,45,5330.61,239877.45
POITEM-00738,PO-00738,PROD-00026,49,9869.16,483588.84
POITEM-00739,PO-00739,PROD-00078,15,6140.68,92110.2
POITEM-00740,PO-00740,PROD-00028,1,4002.58,4002.58
POITEM-00741,PO-00741,PROD-00092,10,6231.25,62312.5
POITEM-00742,PO-00742,PROD-00081,3,11228.32,33684.96
POITEM-00743,PO-00743,PROD-00094,6,3678.67,22072.02
POITEM-00744,PO-00744,PROD-00054,42,1564.33,65701.86
POITEM-00745,PO-00745,PROD-00081,37,11228.32,415447.84
POITEM-00746,PO-00746,PROD-00040,12,8309.52,99714.24
POITEM-00747,PO-00747,PROD-00002,25,12960.96,324024.0
POITEM-00748,PO-00748,PROD-00067,40,1752.24,70089.6
POITEM-00749,PO-00749,PROD-00001,44,5330.61,234546.84
POITEM-00750,PO-00750,PROD-00066,24,14717.72,353225.28
POITEM-00751,PO-00751,PROD-00075,35,6483.68,226928.8
POITEM-00752,PO-00752,PROD-00033,21,14000.56,294011.76
POITEM-00753,PO-00753,PROD-00048,24,169.8,4075.2
POITEM-00754,PO-00754,PROD-00044,44,9523.41,419030.04
POITEM-00755,PO-00755,PROD-00090,5,390.77,1953.85
POITEM-00756,PO-00756,PROD-00042,7,10320.27,72241.89
POITEM-00757,PO-00757,PROD-00019,41,4721.23,193570.43
POITEM-00758,PO-00758,PROD-00009,48,12125.13,582006.24
POITEM-00759,PO-00759,PROD-00053,42,3170.9,133177.8
POITEM-00760,PO-00760,PROD-00088,36,12280.89,442112.04
POITEM-00761,PO-00761,PROD-00016,31,6359.54,197145.74
POITEM-00762,PO-00762,PROD-00073,40,689.69,27587.6
POITEM-00763,PO-00763,PROD-00011,3,13897.35,41692.05
POITEM-00764,PO-00764,PROD-00024,46,14125.4,649768.4
POITEM-00765,PO-00765,PROD-00022,35,2807.73,98270.55
POITEM-00766,PO-00766,PROD-00003,1,9810.5,9810.5
POITEM-00767,PO-00767,PROD-00046,10,14697.47,146974.7
POITEM-00768,PO-00768,PROD-00031,9,6887.83,61990.47
POITEM-00769,PO-00769,PROD-00077,23,13503.2,310573.6
POITEM-00770,PO-00770,PROD-00098,2,8372.15,16744.3
POITEM-00771,PO-00771,PROD-00075,39,6483.68,252863.52
POITEM-00772,PO-00772,PROD-00030,25,13937.05,348426.25
POITEM-00773,PO-00773,PROD-00072,14,13495.08,188931.12
POITEM-00774,PO-00774,PROD-00085,47,6640.75,312115.25
POITEM-00775,PO-00775,PROD-00085,31,6640.75,205863.25
POITEM-00776,PO-00776,PROD-00013,41,12973.14,531898.74
POITEM-00777,PO-00777,PROD-00094,13,3678.67,47822.71
POITEM-00778,PO-00778,PROD-00004,20,6054.25,121085.0
POITEM-00779,PO-00779,PROD-00099,41,2021.75,82891.75
POITEM-00780,PO-00780,PROD-00061,45,3013.6,135612.0
POITEM-00781,PO-00781,PROD-00100,24,7978.7,191488.8
POITEM-00782,PO-00782,PROD-00092,33,6231.25,205631.25
POITEM-00783,PO-00783,PROD-00051,30,1933.5,58005.0
POITEM-00784,PO-00784,PROD-00068,41,8719.33,357492.53
POITEM-00785,PO-00785,PROD-00010,33,9790.87,323098.71
POITEM-00786,PO-00786,PROD-00040,44,8309.52,365618.88
POITEM-00787,PO-00787,PROD-00074,1,7810.81,7810.81
POITEM-00788,PO-00788,PROD-00027,14,3083.78,43172.92
POITEM-00789,PO-00789,PROD-00006,46,2873.38,132175.48
POITEM-00790,PO-00790,PROD-00083,31,12510.03,387810.93
POITEM-00791,PO-00791,PROD-00080,46,6321.18,290774.28
POITEM-00792,PO-00792,PROD-00048,9,169.8,1528.2
POITEM-00793,PO-00793,PROD-00024,49,14125.4,692144.6
POITEM-00794,PO-00794,PROD-00066,8,14717.72,117741.76
POITEM-00795,PO-00795,PROD-00083,39,12510.03,487891.17
POITEM-00796,PO-00796,PROD-00009,48,12125.13,582006.24
POITEM-00797,PO-00797,PROD-00039,16,1753.54,28056.64
POITEM-00798,PO-00798,PROD-00030,13,13937.05,181181.65
POITEM-00799,PO-00799,PROD-00023,31,12930.74,400852.94
POITEM-00800,PO-00800,PROD-00009,28,12125.13,339503.64
POITEM-00801,PO-00801,PROD-00001,34,5330.61,181240.74
POITEM-00802,PO-00802,PROD-00081,8,11228.32,89826.56
POITEM-00803,PO-00803,PROD-00007,19,6342.68,120510.92
POITEM-00804,PO-00804,PROD-00065,1,4204.9,4204.9
POITEM-00805,PO-00805,PROD-00052,6,13487.25,80923.5
POITEM-00806,PO-00806,PROD-00089,5,4673.53,23367.65
POITEM-00807,PO-00807,PROD-00092,15,6231.25,93468.75
POITEM-00808,PO-00808,PROD-00062,26,4595.23,119475.98
POITEM-00809,PO-00809,PROD-00087,8,1294.81,10358.48
POITEM-00810,PO-00810,PROD-00095,4,12910.1,51640.4
POITEM-00811,PO-00811,PROD-00038,10,1576.21,15762.1
POITEM-00812,PO-00812,PROD-00034,13,5558.67,72262.71
POITEM-00813,PO-00813,PROD-00025,35,8927.92,312477.2
POITEM-00814,PO-00814,PROD-00006,29,2873.38,83328.02
POITEM-00815,PO-00815,PROD-00083,28,12510.03,350280.84
POITEM-00816,PO-00816,PROD-00053,36,3170.9,114152.4
POITEM-00817,PO-00817,PROD-00054,17,1564.33,26593.61
POITEM-00818,PO-00818,PROD-00004,3,6054.25,18162.75
POITEM-00819,PO-00819,PROD-00027,25,3083.78,77094.5
POITEM-00820,PO-00820,PROD-00057,16,396.18,6338.88
POITEM-00821,PO-00821,PROD-00085,22,6640.75,146096.5
POITEM-00822,PO-00822,PROD-00073,18,689.69,12414.42
POITEM-00823,PO-00823,PROD-00047,21,6641.49,139471.29
POITEM-00824,PO-00824,PROD-00008,49,3765.85,184526.65
POITEM-00825,PO-00825,PROD-00015,5,13899.61,69498.05
POITEM-00826,PO-00826,PROD-00002,15,12960.96,194414.4
POITEM-00827,PO-00827,PROD-00088,37,12280.89,454392.93
POITEM-00828,PO-00828,PROD-00079,20,4452.44,89048.8
POITEM-00829,PO-00829,PROD-00087,26,1294.81,33665.06
POITEM-00830,PO-00830,PROD-00001,12,5330.61,63967.32
POITEM-00831,PO-00831,PROD-00039,37,1753.54,64880.98
POITEM-00832,PO-00832,PROD-00016,10,6359.54,63595.4
POITEM-00833,PO-00833,PROD-00058,14,13963.97,195495.58
POITEM-00834,PO-00834,PROD-00087,16,1294.81,20716.96
POITEM-00835,PO-00835,PROD-00060,32,13085.7,418742.4
POITEM-00836,PO-00836,PROD-00066,9,14717.72,132459.48
POITEM-00837,PO-00837,PROD-00059,4,2408.99,9635.96
POITEM-00838,PO-00838,PROD-00048,24,169.8,4075.2
POITEM-00839,PO-00839,PROD-00032,48,8076.08,387651.84
POITEM-00840,PO-00840,PROD-00018,32,8698.22,278343.04
POITEM-00841,PO-00841,PROD-00098,25,8372.15,209303.75
POITEM-00842,PO-00842,PROD-00041,18,9082.33,163481.94
POITEM-00843,PO-00843,PROD-00030,8,13937.05,111496.4
POITEM-00844,PO-00844,PROD-00044,31,9523.41,295225.71
POITEM-00845,PO-00845,PROD-00096,4,6391.56,25566.24
POITEM-00846,PO-00846,PROD-00054,24,1564.33,37543.92
POITEM-00847,PO-00847,PROD-00078,17,6140.68,104391.56
POITEM-00848,PO-00848,PROD-00028,50,4002.58,200129.0
POITEM-00849,PO-00849,PROD-00049,22,13561.33,298349.26
POITEM-00850,PO-00850,PROD-00078,27,6140.68,165798.36
POITEM-00851,PO-00851,PROD-00011,42,13897.35,583688.7
POITEM-00852,PO-00852,PROD-00083,21,12510.03,262710.63
POITEM-00853,PO-00853,PROD-00100,39,7978.7,311169.3
POITEM-00854,PO-00854,PROD-00003,38,9810.5,372799.0
POITEM-00855,PO-00855,PROD-00039,25,1753.54,43838.5
POITEM-00856,PO-00856,PROD-00067,15,1752.24,26283.6
POITEM-00857,PO-00857,PROD-00036,28,14758.2,413229.6
POITEM-00858,PO-00858,PROD-00044,46,9523.41,438076.86
POITEM-00859,PO-00859,PROD-00099,18,2021.75,36391.5
POITEM-00860,PO-00860,PROD-00058,14,13963.97,195495.58
POITEM-00861,PO-00861,PROD-00096,19,6391.56,121439.64
POITEM-00862,PO-00862,PROD-00035,30,12510.33,375309.9
POITEM-00863,PO-00863,PROD-00004,25,6054.25,151356.25
POITEM-00864,PO-00864,PROD-00041,16,9082.33,145317.28
POITEM-00865,PO-00865,PROD-00061,20,3013.6,60272.0
POITEM-00866,PO-00866,PROD-00043,11,7340.76,80748.36
POITEM-00867,PO-00867,PROD-00088,28,12280.89,343864.92
POITEM-00868,PO-00868,PROD-00001,24,5330.61,127934.64
POITEM-00869,PO-00869,PROD-00008,11,3765.85,41424.35
POITEM-00870,PO-00870,PROD-00085,4,6640.75,26563.0
POITEM-00871,PO-00871,PROD-00049,8,13561.33,108490.64
POITEM-00872,PO-00872,PROD-00072,30,13495.08,404852.4
POITEM-00873,PO-00873,PROD-00093,11,10452.9,114981.9
POITEM-00874,PO-00874,PROD-00023,34,12930.74,439645.16
POITEM-00875,PO-00875,PROD-00100,7,7978.7,55850.9
POITEM-00876,PO-00876,PROD-00073,7,689.69,4827.83
POITEM-00877,PO-00877,PROD-00068,31,8719.33,270299.23
POITEM-00878,PO-00878,PROD-00055,21,11248.43,236217.03
POITEM-00879,PO-00879,PROD-00044,5,9523.41,47617.05
POITEM-00880,PO-00880,PROD-00061,6,3013.6,18081.6
POITEM-00881,PO-00881,PROD-00016,10,6359.54,63595.4
POITEM-00882,PO-00882,PROD-00028,23,4002.58,92059.34
POITEM-00883,PO-00883,PROD-00006,18,2873.38,51720.84
POITEM-00884,PO-00884,PROD-00077,41,13503.2,553631.2
POITEM-00885,PO-00885,PROD-00061,44,3013.6,132598.4
POITEM-00886,PO-00886,PROD-00068,28,8719.33,244141.24
POITEM-00887,PO-00887,PROD-00031,34,6887.83,234186.22
POITEM-00888,PO-00888,PROD-00034,28,5558.67,155642.76
POITEM-00889,PO-00889,PROD-00055,50,11248.43,562421.5
POITEM-00890,PO-00890,PROD-00096,6,6391.56,38349.36
POITEM-00891,PO-00891,PROD-00042,40,10320.27,412810.8
POITEM-00892,PO-00892,PROD-00020,17,7164.91,121803.47
POITEM-00893,PO-00893,PROD-00036,1,14758.2,14758.2
POITEM-00894,PO-00894,PROD-00045,39,78.1,3045.9
POITEM-00895,PO-00895,PROD-00003,9,9810.5,88294.5
POITEM-00896,PO-00896,PROD-00026,31,9869.16,305943.96
POITEM-00897,PO-00897,PROD-00064,50,4940.72,247036.0
POITEM-00898,PO-00898,PROD-00073,45,689.69,31036.05
POITEM-00899,PO-00899,PROD-00017,19,2868.72,54505.68
POITEM-00900,PO-00900,PROD-00003,28,9810.5,274694.0
POITEM-00901,PO-00901,PROD-00034,26,5558.67,144525.42
POITEM-00902,PO-00902,PROD-00072,37,13495.08,499317.96
POITEM-00903,PO-00903,PROD-00085,40,6640.75,265630.0
POITEM-00904,PO-00904,PROD-00073,47,689.69,32415.43
POITEM-00905,PO-00905,PROD-00016,22,6359.54,139909.88
POITEM-00906,PO-00906,PROD-00047,48,6641.49,318791.52
POITEM-00907,PO-00907,PROD-00092,6,6231.25,37387.5
POITEM-00908,PO-00908,PROD-00090,27,390.77,10550.79
POITEM-00909,PO-00909,PROD-00027,23,3083.78,70926.94
POITEM-00910,PO-00910,PROD-00026,28,9869.16,276336.48
POITEM-00911,PO-00911,PROD-00075,23,6483.68,149124.64
POITEM-00912,PO-00912,PROD-00049,46,13561.33,623821.18
POITEM-00913,PO-00913,PROD-00037,7,12261.13,85827.91
POITEM-00914,PO-00914,PROD-00061,24,3013.6,72326.4
POITEM-00915,PO-00915,PROD-00097,42,14370.54,603562.68
POITEM-00916,PO-00916,PROD-00019,31,4721.23,146358.13
POITEM-00917,PO-00917,PROD-00097,41,14370.54,589192.14
POITEM-00918,PO-00918,PROD-00099,27,2021.75,54587.25
POITEM-00919,PO-00919,PROD-00097,34,14370.54,488598.36
POITEM-00920,PO-00920,PROD-00045,4,78.1,312.4
POITEM-00921,PO-00921,PROD-00056,34,2458.46,83587.64
POITEM-00922,PO-00922,PROD-00088,48,12280.89,589482.72
POITEM-00923,PO-00923,PROD-00088,26,12280.89,319303.14
POITEM-00924,PO-00924,PROD-00002,23,12960.96,298102.08
POITEM-00925,PO-00925,PROD-00081,25,11228.32,280708.0
POITEM-00926,PO-00926,PROD-00093,36,10452.9,376304.4
POITEM-00927,PO-00927,PROD-00012,17,6111.05,103887.85
POITEM-00928,PO-00928,PROD-00075,17,6483.68,110222.56
POITEM-00929,PO-00929,PROD-00088,48,12280.89,589482.72
POITEM-00930,PO-00930,PROD-00016,43,6359.54,273460.22
POITEM-00931,PO-00931,PROD-00047,44,6641.49,292225.56
POITEM-00932,PO-00932,PROD-00012,38,6111.05,232219.9
POITEM-00933,PO-00933,PROD-00056,6,2458.46,14750.76
POITEM-00934,PO-00934,PROD-00038,44,1576.21,69353.24
POITEM-00935,PO-00935,PROD-00078,45,6140.68,276330.6
POITEM-00936,PO-00936,PROD-00076,46,4725.89,217390.94
POITEM-00937,PO-00937,PROD-00079,36,4452.44,160287.84
POITEM-00938,PO-00938,PROD-00065,3,4204.9,12614.7
POITEM-00939,PO-00939,PROD-00041,2,9082.33,18164.66
POITEM-00940,PO-00940,PROD-00062,12,4595.23,55142.76
POITEM-00941,PO-00941,PROD-00017,27,2868.72,77455.44
POITEM-00942,PO-00942,PROD-00072,47,13495.08,634268.76
POITEM-00943,PO-00943,PROD-00032,29,8076.08,234206.32
POITEM-00944,PO-00944,PROD-00065,26,4204.9,109327.4
POITEM-00945,PO-00945,PROD-00009,46,12125.13,557755.98
POITEM-00946,PO-00946,PROD-00033,13,14000.56,182007.28
POITEM-00947,PO-00947,PROD-00073,2,689.69,1379.38
POITEM-00948,PO-00948,PROD-00004,29,6054.25,175573.25
POITEM-00949,PO-00949,PROD-00071,28,9102.98,254883.44
POITEM-00950,PO-00950,PROD-00045,7,78.1,546.7
POITEM-00951,PO-00951,PROD-00020,20,7164.91,143298.2
POITEM-00952,PO-00952,PROD-00026,4,9869.16,39476.64
POITEM-00953,PO-00953,PROD-00081,8,11228.32,89826.56
POITEM-00954,PO-00954,PROD-00045,8,78.1,624.8
POITEM-00955,PO-00955,PROD-00078,27,6140.68,165798.36
POITEM-00956,PO-00956,PROD-00023,49,12930.74,633606.26
POITEM-00957,PO-00957,PROD-00004,33,6054.25,199790.25
POITEM-00958,PO-00958,PROD-00081,28,11228.32,314392.96
POITEM-00959,PO-00959,PROD-00085,42,6640.75,278911.5
POITEM-00960,PO-00960,PROD-00080,25,6321.18,158029.5
POITEM-00961,PO-00961,PROD-00052,35,13487.25,472053.75
POITEM-00962,PO-00962,PROD-00045,36,78.1,2811.6
POITEM-00963,PO-00963,PROD-00041,22,9082.33,199811.26
POITEM-00964,PO-00964,PROD-00011,39,13897.35,541996.65
POITEM-00965,PO-00965,PROD-00001,12,5330.61,63967.32
POITEM-00966,PO-00966,PROD-00078,5,6140.68,30703.4
POITEM-00967,PO-00967,PROD-00008,25,3765.85,94146.25
POITEM-00968,PO-00968,PROD-00005,15,12928.55,193928.25
POITEM-00969,PO-00969,PROD-00048,20,169.8,3396.0
POITEM-00970,PO-00970,PROD-00061,46,3013.6,138625.6
POITEM-00971,PO-00971,PROD-00013,33,12973.14,428113.62
POITEM-00972,PO-00972,PROD-00071,38,9102.98,345913.24
POITEM-00973,PO-00973,PROD-00033,47,14000.56,658026.32
POITEM-00974,PO-00974,PROD-00016,36,6359.54,228943.44
POITEM-00975,PO-00975,PROD-00022,27,2807.73,75808.71
POITEM-00976,PO-00976,PROD-00053,15,3170.9,47563.5
POITEM-00977,PO-00977,PROD-00039,22,1753.54,38577.88
POITEM-00978,PO-00978,PROD-00001,11,5330.61,58636.71
POITEM-00979,PO-00979,PROD-00028,41,4002.58,164105.78
POITEM-00980,PO-00980,PROD-00058,22,13963.97,307207.34
POITEM-00981,PO-00981,PROD-00041,29,9082.33,263387.57
POITEM-00982,PO-00982,PROD-00062,9,4595.23,41357.07
POITEM-00983,PO-00983,PROD-00017,7,2868.72,20081.04
POITEM-00984,PO-00984,PROD-00023,15,12930.74,193961.1
POITEM-00985,PO-00985,PROD-00048,40,169.8,6792.0
POITEM-00986,PO-00986,PROD-00008,7,3765.85,26360.95
POITEM-00987,PO-00987,PROD-00035,23,12510.33,287737.59
POITEM-00988,PO-00988,PROD-00100,9,7978.7,71808.3
POITEM-00989,PO-00989,PROD-00097,50,14370.54,718527.0
POITEM-00990,PO-00990,PROD-00074,34,7810.81,265567.54
POITEM-00991,PO-00991,PROD-00059,28,2408.99,67451.72
POITEM-00992,PO-00992,PROD-00017,45,2868.72,129092.4
POITEM-00993,PO-00993,PROD-00069,27,1648.33,44504.91
POITEM-00994,PO-00994,PROD-00027,15,3083.78,46256.7
POITEM-00995,PO-00995,PROD-00075,25,6483.68,162092.0
POITEM-00996,PO-00996,PROD-00081,36,11228.32,404219.52
POITEM-00997,PO-00997,PROD-00094,2,3678.67,7357.34
POITEM-00998,PO-00998,PROD-00088,36,12280.89,442112.04
POITEM-00999,PO-00999,PROD-00047,9,6641.49,59773.41
POITEM-01000,PO-01000,PROD-00011,24,13897.35,333536.4
POITEM-01001,PO-01001,PROD-00022,35,2807.73,98270.55
POITEM-01002,PO-01002,PROD-00024,49,14125.4,692144.6
POITEM-01003,PO-01003,PROD-00047,41,6641.49,272301.09
POITEM-01004,PO-01004,PROD-00070,31,10934.96,338983.76
POITEM-01005,PO-01005,PROD-00059,24,2408.99,57815.76
POITEM-01006,PO-01006,PROD-00038,46,1576.21,72505.66
POITEM-01007,PO-01007,PROD-00082,3,8547.35,25642.05
POITEM-01008,PO-01008,PROD-00031,25,6887.83,172195.75
POITEM-01009,PO-01009,PROD-00071,29,9102.98,263986.42
POITEM-01010,PO-01010,PROD-00040,28,8309.52,232666.56
POITEM-01011,PO-01011,PROD-00093,2,10452.9,20905.8
POITEM-01012,PO-01012,PROD-00076,33,4725.89,155954.37
POITEM-01013,PO-01013,PROD-00084,3,3172.49,9517.47
POITEM-01014,PO-01014,PROD-00055,50,11248.43,562421.5
POITEM-01015,PO-01015,PROD-00097,35,14370.54,502968.9
POITEM-01016,PO-01016,PROD-00054,38,1564.33,59444.54
POITEM-01017,PO-01017,PROD-00071,15,9102.98,136544.7
POITEM-01018,PO-01018,PROD-00003,47,9810.5,461093.5
POITEM-01019,PO-01019,PROD-00022,14,2807.73,39308.22
POITEM-01020,PO-01020,PROD-00096,48,6391.56,306794.88
POITEM-01021,PO-01021,PROD-00003,49,9810.5,480714.5
POITEM-01022,PO-01022,PROD-00004,10,6054.25,60542.5
POITEM-01023,PO-01023,PROD-00014,25,5700.12,142503.0
POITEM-01024,PO-01024,PROD-00012,22,6111.05,134443.1
POITEM-01025,PO-01025,PROD-00011,12,13897.35,166768.2
POITEM-01026,PO-01026,PROD-00030,14,13937.05,195118.7
POITEM-01027,PO-01027,PROD-00094,21,3678.67,77252.07
POITEM-01028,PO-01028,PROD-00087,31,1294.81,40139.11
POITEM-01029,PO-01029,PROD-00016,43,6359.54,273460.22
POITEM-01030,PO-01030,PROD-00100,18,7978.7,143616.6
POITEM-01031,PO-01031,PROD-00002,22,12960.96,285141.12
POITEM-01032,PO-01032,PROD-00070,19,10934.96,207764.24
POITEM-01033,PO-01033,PROD-00062,27,4595.23,124071.21
POITEM-01034,PO-01034,PROD-00023,26,12930.74,336199.24
POITEM-01035,PO-01035,PROD-00068,43,8719.33,374931.19
POITEM-01036,PO-01036,PROD-00044,49,9523.41,466647.09
POITEM-01037,PO-01037,PROD-00040,3,8309.52,24928.56
POITEM-01038,PO-01038,PROD-00006,26,2873.38,74707.88
POITEM-01039,PO-01039,PROD-00086,30,7110.96,213328.8
POITEM-01040,PO-01040,PROD-00063,31,379.37,11760.47
POITEM-01041,PO-01041,PROD-00071,8,9102.98,72823.84
POITEM-01042,PO-01042,PROD-00028,29,4002.58,116074.82
POITEM-01043,PO-01043,PROD-00016,4,6359.54,25438.16
POITEM-01044,PO-01044,PROD-00028,1,4002.58,4002.58
POITEM-01045,PO-01045,PROD-00031,2,6887.83,13775.66
POITEM-01046,PO-01046,PROD-00091,11,9178.83,100967.13
POITEM-01047,PO-01047,PROD-00060,36,13085.7,471085.2
POITEM-01048,PO-01048,PROD-00062,7,4595.23,32166.61
POITEM-01049,PO-01049,PROD-00050,30,5554.01,166620.3
POITEM-01050,PO-01050,PROD-00018,50,8698.22,434911.0
POITEM-01051,PO-01051,PROD-00049,21,13561.33,284787.93
POITEM-01052,PO-01052,PROD-00064,43,4940.72,212450.96
POITEM-01053,PO-01053,PROD-00021,41,14412.66,590919.06
POITEM-01054,PO-01054,PROD-00012,16,6111.05,97776.8
POITEM-01055,PO-01055,PROD-00071,13,9102.98,118338.74
POITEM-01056,PO-01056,PROD-00086,9,7110.96,63998.64
POITEM-01057,PO-01057,PROD-00075,47,6483.68,304732.96
POITEM-01058,PO-01058,PROD-00057,45,396.18,17828.1
POITEM-01059,PO-01059,PROD-00056,5,2458.46,12292.3
POITEM-01060,PO-01060,PROD-00067,12,1752.24,21026.88
POITEM-01061,PO-01061,PROD-00030,20,13937.05,278741.0
POITEM-01062,PO-01062,PROD-00024,19,14125.4,268382.6
POITEM-01063,PO-01063,PROD-00045,11,78.1,859.1
POITEM-01064,PO-01064,PROD-00066,2,14717.72,29435.44
POITEM-01065,PO-01065,PROD-00033,47,14000.56,658026.32
POITEM-01066,PO-01066,PROD-00005,39,12928.55,504213.45
POITEM-01067,PO-01067,PROD-00059,1,2408.99,2408.99
POITEM-01068,PO-01068,PROD-00010,25,9790.87,244771.75
POITEM-01069,PO-01069,PROD-00039,13,1753.54,22796.02
POITEM-01070,PO-01070,PROD-00036,45,14758.2,664119.0
POITEM-01071,PO-01071,PROD-00031,24,6887.83,165307.92
POITEM-01072,PO-01072,PROD-00039,17,1753.54,29810.18
POITEM-01073,PO-01073,PROD-00051,26,1933.5,50271.0
POITEM-01074,PO-01074,PROD-00085,45,6640.75,298833.75
POITEM-01075,PO-01075,PROD-00013,7,12973.14,90811.98
POITEM-01076,PO-01076,PROD-00004,20,6054.25,121085.0
POITEM-01077,PO-01077,PROD-00099,34,2021.75,68739.5
POITEM-01078,PO-01078,PROD-00061,9,3013.6,27122.4
POITEM-01079,PO-01079,PROD-00022,13,2807.73,36500.49
POITEM-01080,PO-01080,PROD-00055,7,11248.43,78739.01
POITEM-01081,PO-01081,PROD-00092,5,6231.25,31156.25
POITEM-01082,PO-01082,PROD-00092,49,6231.25,305331.25
POITEM-01083,PO-01083,PROD-00061,39,3013.6,117530.4
POITEM-01084,PO-01084,PROD-00036,24,14758.2,354196.8
POITEM-01085,PO-01085,PROD-00068,40,8719.33,348773.2
POITEM-01086,PO-01086,PROD-00013,47,12973.14,609737.58
POITEM-01087,PO-01087,PROD-00009,45,12125.13,545630.85
POITEM-01088,PO-01088,PROD-00030,33,13937.05,459922.65
POITEM-01089,PO-01089,PROD-00078,3,6140.68,18422.04
POITEM-01090,PO-01090,PROD-00023,40,12930.74,517229.6
POITEM-01091,PO-01091,PROD-00091,39,9178.83,357974.37
POITEM-01092,PO-01092,PROD-00007,6,6342.68,38056.08
POITEM-01093,PO-01093,PROD-00094,16,3678.67,58858.72
POITEM-01094,PO-01094,PROD-00070,21,10934.96,229634.16
POITEM-01095,PO-01095,PROD-00043,8,7340.76,58726.08
POITEM-01096,PO-01096,PROD-00061,50,3013.6,150680.0
POITEM-01097,PO-01097,PROD-00070,28,10934.96,306178.88
POITEM-01098,PO-01098,PROD-00055,22,11248.43,247465.46
POITEM-01099,PO-01099,PROD-00029,37,9691.37,358580.69
POITEM-01100,PO-01100,PROD-00079,21,4452.44,93501.24
POITEM-01101,PO-01101,PROD-00049,26,13561.33,352594.58
POITEM-01102,PO-01102,PROD-00023,44,12930.74,568952.56
POITEM-01103,PO-01103,PROD-00043,33,7340.76,242245.08
POITEM-01104,PO-01104,PROD-00076,32,4725.89,151228.48
POITEM-01105,PO-01105,PROD-00062,47,4595.23,215975.81
POITEM-01106,PO-01106,PROD-00022,43,2807.73,120732.39
POITEM-01107,PO-01107,PROD-00076,31,4725.89,146502.59
POITEM-01108,PO-01108,PROD-00016,45,6359.54,286179.3
POITEM-01109,PO-01109,PROD-00038,46,1576.21,72505.66
POITEM-01110,PO-01110,PROD-00070,10,10934.96,109349.6
POITEM-01111,PO-01111,PROD-00088,25,12280.89,307022.25
POITEM-01112,PO-01112,PROD-00031,4,6887.83,27551.32
POITEM-01113,PO-01113,PROD-00088,16,12280.89,196494.24
POITEM-01114,PO-01114,PROD-00075,43,6483.68,278798.24
POITEM-01115,PO-01115,PROD-00076,8,4725.89,37807.12
POITEM-01116,PO-01116,PROD-00036,31,14758.2,457504.2
POITEM-01117,PO-01117,PROD-00040,20,8309.52,166190.4
POITEM-01118,PO-01118,PROD-00011,2,13897.35,27794.7
POITEM-01119,PO-01119,PROD-00056,8,2458.46,19667.68
POITEM-01120,PO-01120,PROD-00082,36,8547.35,307704.6
POITEM-01121,PO-01121,PROD-00005,11,12928.55,142214.05
POITEM-01122,PO-01122,PROD-00071,35,9102.98,318604.3
POITEM-01123,PO-01123,PROD-00099,35,2021.75,70761.25
POITEM-01124,PO-01124,PROD-00012,14,6111.05,85554.7
POITEM-01125,PO-01125,PROD-00053,9,3170.9,28538.1
POITEM-01126,PO-01126,PROD-00082,5,8547.35,42736.75
POITEM-01127,PO-01127,PROD-00065,17,4204.9,71483.3
POITEM-01128,PO-01128,PROD-00089,41,4673.53,191614.73
POITEM-01129,PO-01129,PROD-00032,10,8076.08,80760.8
POITEM-01130,PO-01130,PROD-00060,8,13085.7,104685.6
POITEM-01131,PO-01131,PROD-00027,10,3083.78,30837.8
POITEM-01132,PO-01132,PROD-00010,7,9790.87,68536.09
POITEM-01133,PO-01133,PROD-00086,34,7110.96,241772.64
POITEM-01134,PO-01134,PROD-00002,21,12960.96,272180.16
POITEM-01135,PO-01135,PROD-00041,31,9082.33,281552.23
POITEM-01136,PO-01136,PROD-00078,9,6140.68,55266.12
POITEM-01137,PO-01137,PROD-00020,39,7164.91,279431.49
POITEM-01138,PO-01138,PROD-00040,19,8309.52,157880.88
POITEM-01139,PO-01139,PROD-00069,20,1648.33,32966.6
POITEM-01140,PO-01140,PROD-00037,6,12261.13,73566.78
POITEM-01141,PO-01141,PROD-00003,28,9810.5,274694.0
POITEM-01142,PO-01142,PROD-00026,45,9869.16,444112.2
POITEM-01143,PO-01143,PROD-00050,35,5554.01,194390.35
POITEM-01144,PO-01144,PROD-00083,11,12510.03,137610.33
POITEM-01145,PO-01145,PROD-00021,23,14412.66,331491.18
POITEM-01146,PO-01146,PROD-00004,44,6054.25,266387.0
POITEM-01147,PO-01147,PROD-00038,1,1576.21,1576.21
POITEM-01148,PO-01148,PROD-00075,40,6483.68,259347.2
POITEM-01149,PO-01149,PROD-00014,23,5700.12,131102.76
POITEM-01150,PO-01150,PROD-00010,32,9790.87,313307.84
POITEM-01151,PO-01151,PROD-00022,17,2807.73,47731.41
POITEM-01152,PO-01152,PROD-00030,18,13937.05,250866.9
POITEM-01153,PO-01153,PROD-00068,1,8719.33,8719.33
POITEM-01154,PO-01154,PROD-00054,27,1564.33,42236.91
POITEM-01155,PO-01155,PROD-00067,8,1752.24,14017.92
POITEM-01156,PO-01156,PROD-00053,25,3170.9,79272.5
POITEM-01157,PO-01157,PROD-00004,50,6054.25,302712.5
POITEM-01158,PO-01158,PROD-00083,31,12510.03,387810.93
POITEM-01159,PO-01159,PROD-00081,33,11228.32,370534.56
POITEM-01160,PO-01160,PROD-00005,31,12928.55,400785.05
POITEM-01161,PO-01161,PROD-00086,41,7110.96,291549.36
POITEM-01162,PO-01162,PROD-00023,28,12930.74,362060.72
POITEM-01163,PO-01163,PROD-00018,45,8698.22,391419.9
POITEM-01164,PO-01164,PROD-00044,28,9523.41,266655.48
POITEM-01165,PO-01165,PROD-00043,27,7340.76,198200.52
POITEM-01166,PO-01166,PROD-00089,21,4673.53,98144.13
POITEM-01167,PO-01167,PROD-00068,32,8719.33,279018.56
POITEM-01168,PO-01168,PROD-00079,22,4452.44,97953.68
POITEM-01169,PO-01169,PROD-00001,18,5330.61,95950.98
POITEM-01170,PO-01170,PROD-00095,8,12910.1,103280.8
POITEM-01171,PO-01171,PROD-00070,40,10934.96,437398.4
POITEM-01172,PO-01172,PROD-00083,27,12510.03,337770.81
POITEM-01173,PO-01173,PROD-00010,8,9790.87,78326.96
POITEM-01174,PO-01174,PROD-00088,39,12280.89,478954.71
POITEM-01175,PO-01175,PROD-00082,48,8547.35,410272.8
POITEM-01176,PO-01176,PROD-00061,25,3013.6,75340.0
POITEM-01177,PO-01177,PROD-00075,11,6483.68,71320.48
POITEM-01178,PO-01178,PROD-00018,17,8698.22,147869.74
POITEM-01179,PO-01179,PROD-00082,15,8547.35,128210.25
POITEM-01180,PO-01180,PROD-00081,4,11228.32,44913.28
POITEM-01181,PO-01181,PROD-00023,41,12930.74,530160.34
POITEM-01182,PO-01182,PROD-00034,27,5558.67,150084.09
POITEM-01183,PO-01183,PROD-00076,47,4725.89,222116.83
POITEM-01184,PO-01184,PROD-00031,47,6887.83,323728.01
POITEM-01185,PO-01185,PROD-00004,15,6054.25,90813.75
POITEM-01186,PO-01186,PROD-00067,47,1752.24,82355.28
POITEM-01187,PO-01187,PROD-00057,12,396.18,4754.16
POITEM-01188,PO-01188,PROD-00057,19,396.18,7527.42
POITEM-01189,PO-01189,PROD-00064,5,4940.72,24703.6
POITEM-01190,PO-01190,PROD-00081,39,11228.32,437904.48
POITEM-01191,PO-01191,PROD-00100,9,7978.7,71808.3
POITEM-01192,PO-01192,PROD-00037,35,12261.13,429139.55
POITEM-01193,PO-01193,PROD-00020,11,7164.91,78814.01
POITEM-01194,PO-01194,PROD-00059,41,2408.99,98768.59
POITEM-01195,PO-01195,PROD-00014,27,5700.12,153903.24
POITEM-01196,PO-01196,PROD-00082,42,8547.35,358988.7
POITEM-01197,PO-01197,PROD-00042,19,10320.27,196085.13
POITEM-01198,PO-01198,PROD-00023,12,12930.74,155168.88
POITEM-01199,PO-01199,PROD-00041,20,9082.33,181646.6
POITEM-01200,PO-01200,PROD-00080,17,6321.18,107460.06
POITEM-01201,PO-01201,PROD-00086,29,7110.96,206217.84
POITEM-01202,PO-01202,PROD-00001,10,5330.61,53306.1
POITEM-01203,PO-01203,PROD-00084,31,3172.49,98347.19
POITEM-01204,PO-01204,PROD-00093,32,10452.9,334492.8
POITEM-01205,PO-01205,PROD-00089,46,4673.53,214982.38
POITEM-01206,PO-01206,PROD-00046,24,14697.47,352739.28
POITEM-01207,PO-01207,PROD-00023,30,12930.74,387922.2
POITEM-01208,PO-01208,PROD-00029,8,9691.37,77530.96
POITEM-01209,PO-01209,PROD-00069,4,1648.33,6593.32
POITEM-01210,PO-01210,PROD-00024,10,14125.4,141254.0
POITEM-01211,PO-01211,PROD-00048,48,169.8,8150.4
POITEM-01212,PO-01212,PROD-00089,1,4673.53,4673.53
POITEM-01213,PO-01213,PROD-00062,11,4595.23,50547.53
POITEM-01214,PO-01214,PROD-00013,46,12973.14,596764.44
POITEM-01215,PO-01215,PROD-00064,14,4940.72,69170.08
POITEM-01216,PO-01216,PROD-00012,39,6111.05,238330.95
POITEM-01217,PO-01217,PROD-00051,4,1933.5,7734.0
POITEM-01218,PO-01218,PROD-00013,39,12973.14,505952.46
POITEM-01219,PO-01219,PROD-00029,5,9691.37,48456.85
POITEM-01220,PO-01220,PROD-00017,16,2868.72,45899.52
POITEM-01221,PO-01221,PROD-00029,20,9691.37,193827.4
POITEM-01222,PO-01222,PROD-00048,47,169.8,7980.6
POITEM-01223,PO-01223,PROD-00056,33,2458.46,81129.18
POITEM-01224,PO-01224,PROD-00051,19,1933.5,36736.5
POITEM-01225,PO-01225,PROD-00052,44,13487.25,593439.0
POITEM-01226,PO-01226,PROD-00087,29,1294.81,37549.49
POITEM-01227,PO-01227,PROD-00093,46,10452.9,480833.4
POITEM-01228,PO-01228,PROD-00031,37,6887.83,254849.71
POITEM-01229,PO-01229,PROD-00076,6,4725.89,28355.34
POITEM-01230,PO-01230,PROD-00080,37,6321.18,233883.66
POITEM-01231,PO-01231,PROD-00093,49,10452.9,512192.1
POITEM-01232,PO-01232,PROD-00027,26,3083.78,80178.28
POITEM-01233,PO-01233,PROD-00049,24,13561.33,325471.92
POITEM-01234,PO-01234,PROD-00074,42,7810.81,328054.02
POITEM-01235,PO-01235,PROD-00041,25,9082.33,227058.25
POITEM-01236,PO-01236,PROD-00054,6,1564.33,9385.98
POITEM-01237,PO-01237,PROD-00041,7,9082.33,63576.31
POITEM-01238,PO-01238,PROD-00100,22,7978.7,175531.4
POITEM-01239,PO-01239,PROD-00030,3,13937.05,41811.15
POITEM-01240,PO-01240,PROD-00095,39,12910.1,503493.9
POITEM-01241,PO-01241,PROD-00015,2,13899.61,27799.22
POITEM-01242,PO-01242,PROD-00060,18,13085.7,235542.6
POITEM-01243,PO-01243,PROD-00071,12,9102.98,109235.76
POITEM-01244,PO-01244,PROD-00066,27,14717.72,397378.44
POITEM-01245,PO-01245,PROD-00077,39,13503.2,526624.8
POITEM-01246,PO-01246,PROD-00023,10,12930.74,129307.4
POITEM-01247,PO-01247,PROD-00075,1,6483.68,6483.68
POITEM-01248,PO-01248,PROD-00052,48,13487.25,647388.0
POITEM-01249,PO-01249,PROD-00068,14,8719.33,122070.62
POITEM-01250,PO-01250,PROD-00060,8,13085.7,104685.6
POITEM-01251,PO-01251,PROD-00062,34,4595.23,156237.82
POITEM-01252,PO-01252,PROD-00049,36,13561.33,488207.88
POITEM-01253,PO-01253,PROD-00048,40,169.8,6792.0
POITEM-01254,PO-01254,PROD-00013,27,12973.14,350274.78
POITEM-01255,PO-01255,PROD-00039,19,1753.54,33317.26
POITEM-01256,PO-01256,PROD-00060,31,13085.7,405656.7
POITEM-01257,PO-01257,PROD-00037,33,12261.13,404617.29
POITEM-01258,PO-01258,PROD-00087,1,1294.81,1294.81
POITEM-01259,PO-01259,PROD-00027,37,3083.78,114099.86
POITEM-01260,PO-01260,PROD-00037,4,12261.13,49044.52
POITEM-01261,PO-01261,PROD-00085,21,6640.75,139455.75
POITEM-01262,PO-01262,PROD-00093,37,10452.9,386757.3
POITEM-01263,PO-01263,PROD-00079,2,4452.44,8904.88
POITEM-01264,PO-01264,PROD-00036,2,14758.2,29516.4
POITEM-01265,PO-01265,PROD-00016,15,6359.54,95393.1
POITEM-01266,PO-01266,PROD-00009,41,12125.13,497130.33
POITEM-01267,PO-01267,PROD-00091,19,9178.83,174397.77
POITEM-01268,PO-01268,PROD-00027,26,3083.78,80178.28
POITEM-01269,PO-01269,PROD-00054,44,1564.33,68830.52
POITEM-01270,PO-01270,PROD-00051,43,1933.5,83140.5
POITEM-01271,PO-01271,PROD-00028,35,4002.58,140090.3
POITEM-01272,PO-01272,PROD-00030,34,13937.05,473859.7
POITEM-01273,PO-01273,PROD-00062,9,4595.23,41357.07
POITEM-01274,PO-01274,PROD-00059,46,2408.99,110813.54
POITEM-01275,PO-01275,PROD-00063,13,379.37,4931.81
POITEM-01276,PO-01276,PROD-00098,11,8372.15,92093.65
POITEM-01277,PO-01277,PROD-00027,21,3083.78,64759.38
POITEM-01278,PO-01278,PROD-00057,5,396.18,1980.9
POITEM-01279,PO-01279,PROD-00082,42,8547.35,358988.7
POITEM-01280,PO-01280,PROD-00073,12,689.69,8276.28
POITEM-01281,PO-01281,PROD-00095,8,12910.1,103280.8
POITEM-01282,PO-01282,PROD-00034,36,5558.67,200112.12
POITEM-01283,PO-01283,PROD-00002,46,12960.96,596204.16
POITEM-01284,PO-01284,PROD-00002,21,12960.96,272180.16
POITEM-01285,PO-01285,PROD-00057,8,396.18,3169.44
POITEM-01286,PO-01286,PROD-00023,42,12930.74,543091.08
POITEM-01287,PO-01287,PROD-00048,35,169.8,5943.0
POITEM-01288,PO-01288,PROD-00036,27,14758.2,398471.4
POITEM-01289,PO-01289,PROD-00085,32,6640.75,212504.0
POITEM-01290,PO-01290,PROD-00027,24,3083.78,74010.72
POITEM-01291,PO-01291,PROD-00063,7,379.37,2655.59
POITEM-01292,PO-01292,PROD-00100,35,7978.7,279254.5
POITEM-01293,PO-01293,PROD-00064,17,4940.72,83992.24
POITEM-01294,PO-01294,PROD-00034,8,5558.67,44469.36
POITEM-01295,PO-01295,PROD-00068,34,8719.33,296457.22
POITEM-01296,PO-01296,PROD-00058,15,13963.97,209459.55
POITEM-01297,PO-01297,PROD-00096,42,6391.56,268445.52
POITEM-01298,PO-01298,PROD-00059,43,2408.99,103586.57
POITEM-01299,PO-01299,PROD-00051,49,1933.5,94741.5
POITEM-01300,PO-01300,PROD-00002,7,12960.96,90726.72
POITEM-01301,PO-01301,PROD-00066,13,14717.72,191330.36
POITEM-01302,PO-01302,PROD-00020,37,7164.91,265101.67
POITEM-01303,PO-01303,PROD-00077,12,13503.2,162038.4
POITEM-01304,PO-01304,PROD-00017,6,2868.72,17212.32
POITEM-01305,PO-01305,PROD-00092,4,6231.25,24925.0
POITEM-01306,PO-01306,PROD-00079,19,4452.44,84596.36
POITEM-01307,PO-01307,PROD-00045,7,78.1,546.7
POITEM-01308,PO-01308,PROD-00011,18,13897.35,250152.3
POITEM-01309,PO-01309,PROD-00015,26,13899.61,361389.86
POITEM-01310,PO-01310,PROD-00089,41,4673.53,191614.73
POITEM-01311,PO-01311,PROD-00046,31,14697.47,455621.57
POITEM-01312,PO-01312,PROD-00037,30,12261.13,367833.9
POITEM-01313,PO-01313,PROD-00009,5,12125.13,60625.65
POITEM-01314,PO-01314,PROD-00059,31,2408.99,74678.69
POITEM-01315,PO-01315,PROD-00034,33,5558.67,183436.11
POITEM-01316,PO-01316,PROD-00069,29,1648.33,47801.57
POITEM-01317,PO-01317,PROD-00063,1,379.37,379.37
POITEM-01318,PO-01318,PROD-00050,44,5554.01,244376.44
POITEM-01319,PO-01319,PROD-00091,32,9178.83,293722.56
POITEM-01320,PO-01320,PROD-00004,7,6054.25,42379.75
POITEM-01321,PO-01321,PROD-00062,26,4595.23,119475.98
POITEM-01322,PO-01322,PROD-00039,22,1753.54,38577.88
POITEM-01323,PO-01323,PROD-00093,8,10452.9,83623.2
POITEM-01324,PO-01324,PROD-00065,36,4204.9,151376.4
POITEM-01325,PO-01325,PROD-00092,30,6231.25,186937.5
POITEM-01326,PO-01326,PROD-00088,23,12280.89,282460.47
POITEM-01327,PO-01327,PROD-00004,43,6054.25,260332.75
POITEM-01328,PO-01328,PROD-00021,28,14412.66,403554.48
POITEM-01329,PO-01329,PROD-00030,44,13937.05,613230.2
POITEM-01330,PO-01330,PROD-00029,12,9691.37,116296.44
POITEM-01331,PO-01331,PROD-00100,36,7978.7,287233.2
POITEM-01332,PO-01332,PROD-00034,12,5558.67,66704.04
POITEM-01333,PO-01333,PROD-00014,33,5700.12,188103.96
POITEM-01334,PO-01334,PROD-00036,30,14758.2,442746.0
POITEM-01335,PO-01335,PROD-00008,38,3765.85,143102.3
POITEM-01336,PO-01336,PROD-00007,26,6342.68,164909.68
POITEM-01337,PO-01337,PROD-00054,42,1564.33,65701.86
POITEM-01338,PO-01338,PROD-00032,8,8076.08,64608.64
POITEM-01339,PO-01339,PROD-00004,9,6054.25,54488.25
POITEM-01340,PO-01340,PROD-00052,40,13487.25,539490.0
POITEM-01341,PO-01341,PROD-00068,7,8719.33,61035.31
POITEM-01342,PO-01342,PROD-00006,8,2873.38,22987.04
POITEM-01343,PO-01343,PROD-00020,29,7164.91,207782.39
POITEM-01344,PO-01344,PROD-00034,43,5558.67,239022.81
POITEM-01345,PO-01345,PROD-00078,38,6140.68,233345.84
POITEM-01346,PO-01346,PROD-00009,10,12125.13,121251.3
POITEM-01347,PO-01347,PROD-00093,3,10452.9,31358.7
POITEM-01348,PO-01348,PROD-00090,18,390.77,7033.86
POITEM-01349,PO-01349,PROD-00031,34,6887.83,234186.22
POITEM-01350,PO-01350,PROD-00007,37,6342.68,234679.16
POITEM-01351,PO-01351,PROD-00058,31,13963.97,432883.07
POITEM-01352,PO-01352,PROD-00074,17,7810.81,132783.77
POITEM-01353,PO-01353,PROD-00027,5,3083.78,15418.9
POITEM-01354,PO-01354,PROD-00046,21,14697.47,308646.87
POITEM-01355,PO-01355,PROD-00082,4,8547.35,34189.4
POITEM-01356,PO-01356,PROD-00078,41,6140.68,251767.88
POITEM-01357,PO-01357,PROD-00074,37,7810.81,288999.97
POITEM-01358,PO-01358,PROD-00079,13,4452.44,57881.72
POITEM-01359,PO-01359,PROD-00062,43,4595.23,197594.89
POITEM-01360,PO-01360,PROD-00082,35,8547.35,299157.25
POITEM-01361,PO-01361,PROD-00068,37,8719.33,322615.21
POITEM-01362,PO-01362,PROD-00043,29,7340.76,212882.04
POITEM-01363,PO-01363,PROD-00063,7,379.37,2655.59
POITEM-01364,PO-01364,PROD-00002,19,12960.96,246258.24
POITEM-01365,PO-01365,PROD-00038,5,1576.21,7881.05
POITEM-01366,PO-01366,PROD-00029,4,9691.37,38765.48
POITEM-01367,PO-01367,PROD-00024,22,14125.4,310758.8
POITEM-01368,PO-01368,PROD-00062,22,4595.23,101095.06
POITEM-01369,PO-01369,PROD-00048,45,169.8,7641.0
POITEM-01370,PO-01370,PROD-00020,6,7164.91,42989.46
POITEM-01371,PO-01371,PROD-00059,33,2408.99,79496.67
POITEM-01372,PO-01372,PROD-00060,4,13085.7,52342.8
POITEM-01373,PO-01373,PROD-00017,2,2868.72,5737.44
POITEM-01374,PO-01374,PROD-00091,36,9178.83,330437.88
POITEM-01375,PO-01375,PROD-00004,28,6054.25,169519.0
POITEM-01376,PO-01376,PROD-00026,48,9869.16,473719.68
POITEM-01377,PO-01377,PROD-00004,4,6054.25,24217.0
POITEM-01378,PO-01378,PROD-00021,16,14412.66,230602.56
POITEM-01379,PO-01379,PROD-00084,17,3172.49,53932.33
POITEM-01380,PO-01380,PROD-00055,46,11248.43,517427.78
POITEM-01381,PO-01381,PROD-00064,45,4940.72,222332.4
POITEM-01382,PO-01382,PROD-00065,18,4204.9,75688.2
POITEM-01383,PO-01383,PROD-00074,8,7810.81,62486.48
POITEM-01384,PO-01384,PROD-00028,2,4002.58,8005.16
POITEM-01385,PO-01385,PROD-00007,4,6342.68,25370.72
POITEM-01386,PO-01386,PROD-00048,15,169.8,2547.0
POITEM-01387,PO-01387,PROD-00019,35,4721.23,165243.05
POITEM-01388,PO-01388,PROD-00091,47,9178.83,431405.01
POITEM-01389,PO-01389,PROD-00098,25,8372.15,209303.75
POITEM-01390,PO-01390,PROD-00005,50,12928.55,646427.5
POITEM-01391,PO-01391,PROD-00037,44,12261.13,539489.72
POITEM-01392,PO-01392,PROD-00037,3,12261.13,36783.39
POITEM-01393,PO-01393,PROD-00042,1,10320.27,10320.27
POITEM-01394,PO-01394,PROD-00048,1,169.8,169.8
POITEM-01395,PO-01395,PROD-00032,38,8076.08,306891.04
POITEM-01396,PO-01396,PROD-00071,50,9102.98,455149.0
POITEM-01397,PO-01397,PROD-00029,40,9691.37,387654.8
POITEM-01398,PO-01398,PROD-00003,29,9810.5,284504.5
POITEM-01399,PO-01399,PROD-00031,17,6887.83,117093.11
POITEM-01400,PO-01400,PROD-00018,7,8698.22,60887.54
POITEM-01401,PO-01401,PROD-00084,37,3172.49,117382.13
POITEM-01402,PO-01402,PROD-00034,21,5558.67,116732.07
POITEM-01403,PO-01403,PROD-00082,2,8547.35,17094.7
POITEM-01404,PO-01404,PROD-00053,14,3170.9,44392.6
POITEM-01405,PO-01405,PROD-00095,10,12910.1,129101.0
POITEM-01406,PO-01406,PROD-00074,36,7810.81,281189.16
POITEM-01407,PO-01407,PROD-00018,34,8698.22,295739.48
POITEM-01408,PO-01408,PROD-00044,50,9523.41,476170.5
POITEM-01409,PO-01409,PROD-00037,47,12261.13,576273.11
POITEM-01410,PO-01410,PROD-00003,24,9810.5,235452.0
POITEM-01411,PO-01411,PROD-00031,16,6887.83,110205.28
POITEM-01412,PO-01412,PROD-00063,22,379.37,8346.14
POITEM-01413,PO-01413,PROD-00075,41,6483.68,265830.88
POITEM-01414,PO-01414,PROD-00019,17,4721.23,80260.91
POITEM-01415,PO-01415,PROD-00005,45,12928.55,581784.75
POITEM-01416,PO-01416,PROD-00096,9,6391.56,57524.04
POITEM-01417,PO-01417,PROD-00075,39,6483.68,252863.52
POITEM-01418,PO-01418,PROD-00018,29,8698.22,252248.38
POITEM-01419,PO-01419,PROD-00087,50,1294.81,64740.5
POITEM-01420,PO-01420,PROD-00001,42,5330.61,223885.62
POITEM-01421,PO-01421,PROD-00041,50,9082.33,454116.5
POITEM-01422,PO-01422,PROD-00034,38,5558.67,211229.46
POITEM-01423,PO-01423,PROD-00039,3,1753.54,5260.62
POITEM-01424,PO-01424,PROD-00043,7,7340.76,51385.32
POITEM-01425,PO-01425,PROD-00021,11,14412.66,158539.26
POITEM-01426,PO-01426,PROD-00097,36,14370.54,517339.44
POITEM-01427,PO-01427,PROD-00085,1,6640.75,6640.75
POITEM-01428,PO-01428,PROD-00056,29,2458.46,71295.34
POITEM-01429,PO-01429,PROD-00041,17,9082.33,154399.61
POITEM-01430,PO-01430,PROD-00003,15,9810.5,147157.5
POITEM-01431,PO-01431,PROD-00014,48,5700.12,273605.76
POITEM-01432,PO-01432,PROD-00007,21,6342.68,133196.28
POITEM-01433,PO-01433,PROD-00030,44,13937.05,613230.2
POITEM-01434,PO-01434,PROD-00046,9,14697.47,132277.23
POITEM-01435,PO-01435,PROD-00024,32,14125.4,452012.8
POITEM-01436,PO-01436,PROD-00031,25,6887.83,172195.75
POITEM-01437,PO-01437,PROD-00065,15,4204.9,63073.5
POITEM-01438,PO-01438,PROD-00030,31,13937.05,432048.55
POITEM-01439,PO-01439,PROD-00073,43,689.69,29656.67
POITEM-01440,PO-01440,PROD-00011,46,13897.35,639278.1
POITEM-01441,PO-01441,PROD-00077,19,13503.2,256560.8
POITEM-01442,PO-01442,PROD-00065,44,4204.9,185015.6
POITEM-01443,PO-01443,PROD-00036,32,14758.2,472262.4
POITEM-01444,PO-01444,PROD-00022,11,2807.73,30885.03
POITEM-01445,PO-01445,PROD-00090,2,390.77,781.54
POITEM-01446,PO-01446,PROD-00055,34,11248.43,382446.62
POITEM-01447,PO-01447,PROD-00048,19,169.8,3226.2
POITEM-01448,PO-01448,PROD-00007,1,6342.68,6342.68
POITEM-01449,PO-01449,PROD-00015,11,13899.61,152895.71
POITEM-01450,PO-01450,PROD-00098,8,8372.15,66977.2
POITEM-01451,PO-01451,PROD-00045,5,78.1,390.5
POITEM-01452,PO-01452,PROD-00069,48,1648.33,79119.84
POITEM-01453,PO-01453,PROD-00064,33,4940.72,163043.76
POITEM-01454,PO-01454,PROD-00004,37,6054.25,224007.25
POITEM-01455,PO-01455,PROD-00001,31,5330.61,165248.91
POITEM-01456,PO-01456,PROD-00030,49,13937.05,682915.45
POITEM-01457,PO-01457,PROD-00015,29,13899.61,403088.69
POITEM-01458,PO-01458,PROD-00088,7,12280.89,85966.23
POITEM-01459,PO-01459,PROD-00070,40,10934.96,437398.4
POITEM-01460,PO-01460,PROD-00058,22,13963.97,307207.34
POITEM-01461,PO-01461,PROD-00038,18,1576.21,28371.78
POITEM-01462,PO-01462,PROD-00071,30,9102.98,273089.4
POITEM-01463,PO-01463,PROD-00007,11,6342.68,69769.48
POITEM-01464,PO-01464,PROD-00036,28,14758.2,413229.6
POITEM-01465,PO-01465,PROD-00052,19,13487.25,256257.75
POITEM-01466,PO-01466,PROD-00093,42,10452.9,439021.8
POITEM-01467,PO-01467,PROD-00006,24,2873.38,68961.12
POITEM-01468,PO-01468,PROD-00091,9,9178.83,82609.47
POITEM-01469,PO-01469,PROD-00042,5,10320.27,51601.35
POITEM-01470,PO-01470,PROD-00068,35,8719.33,305176.55
POITEM-01471,PO-01471,PROD-00069,23,1648.33,37911.59
POITEM-01472,PO-01472,PROD-00055,28,11248.43,314956.04
POITEM-01473,PO-01473,PROD-00096,42,6391.56,268445.52
POITEM-01474,PO-01474,PROD-00039,37,1753.54,64880.98
POITEM-01475,PO-01475,PROD-00075,40,6483.68,259347.2
POITEM-01476,PO-01476,PROD-00092,6,6231.25,37387.5
POITEM-01477,PO-01477,PROD-00025,5,8927.92,44639.6
POITEM-01478,PO-01478,PROD-00005,21,12928.55,271499.55
POITEM-01479,PO-01479,PROD-00019,31,4721.23,146358.13
POITEM-01480,PO-01480,PROD-00095,41,12910.1,529314.1
POITEM-01481,PO-01481,PROD-00059,44,2408.99,105995.56
POITEM-01482,PO-01482,PROD-00062,50,4595.23,229761.5
POITEM-01483,PO-01483,PROD-00077,12,13503.2,162038.4
POITEM-01484,PO-01484,PROD-00027,38,3083.78,117183.64
POITEM-01485,PO-01485,PROD-00039,3,1753.54,5260.62
POITEM-01486,PO-01486,PROD-00067,37,1752.24,64832.88
POITEM-01487,PO-01487,PROD-00003,49,9810.5,480714.5
POITEM-01488,PO-01488,PROD-00054,46,1564.33,71959.18
POITEM-01489,PO-01489,PROD-00056,46,2458.46,113089.16
POITEM-01490,PO-01490,PROD-00070,2,10934.96,21869.92
POITEM-01491,PO-01491,PROD-00047,26,6641.49,172678.74
POITEM-01492,PO-01492,PROD-00004,6,6054.25,36325.5
POITEM-01493,PO-01493,PROD-00007,12,6342.68,76112.16
POITEM-01494,PO-01494,PROD-00057,30,396.18,11885.4
POITEM-01495,PO-01495,PROD-00069,47,1648.33,77471.51
POITEM-01496,PO-01496,PROD-00017,30,2868.72,86061.6
POITEM-01497,PO-01497,PROD-00091,20,9178.83,183576.6
POITEM-01498,PO-01498,PROD-00026,15,9869.16,148037.4
POITEM-01499,PO-01499,PROD-00096,17,6391.56,108656.52
POITEM-01500,PO-01500,PROD-00077,29,13503.2,391592.8
POITEM-01501,PO-01501,PROD-00073,14,689.69,9655.66
POITEM-01502,PO-01502,PROD-00021,33,14412.66,475617.78
POITEM-01503,PO-01503,PROD-00026,17,9869.16,167775.72
POITEM-01504,PO-01504,PROD-00017,38,2868.72,109011.36
POITEM-01505,PO-01505,PROD-00023,23,12930.74,297407.02
POITEM-01506,PO-01506,PROD-00012,7,6111.05,42777.35
POITEM-01507,PO-01507,PROD-00064,29,4940.72,143280.88
POITEM-01508,PO-01508,PROD-00093,16,10452.9,167246.4
POITEM-01509,PO-01509,PROD-00039,49,1753.54,85923.46
POITEM-01510,PO-01510,PROD-00002,2,12960.96,25921.92
POITEM-01511,PO-01511,PROD-00063,9,379.37,3414.33
POITEM-01512,PO-01512,PROD-00052,26,13487.25,350668.5
POITEM-01513,PO-01513,PROD-00045,12,78.1,937.2
POITEM-01514,PO-01514,PROD-00100,50,7978.7,398935.0
POITEM-01515,PO-01515,PROD-00055,26,11248.43,292459.18
POITEM-01516,PO-01516,PROD-00092,9,6231.25,56081.25
POITEM-01517,PO-01517,PROD-00071,28,9102.98,254883.44
POITEM-01518,PO-01518,PROD-00006,12,2873.38,34480.56
POITEM-01519,PO-01519,PROD-00093,39,10452.9,407663.1
POITEM-01520,PO-01520,PROD-00016,20,6359.54,127190.8
POITEM-01521,PO-01521,PROD-00069,20,1648.33,32966.6
POITEM-01522,PO-01522,PROD-00016,44,6359.54,279819.76
POITEM-01523,PO-01523,PROD-00065,42,4204.9,176605.8
POITEM-01524,PO-01524,PROD-00067,44,1752.24,77098.56
POITEM-01525,PO-01525,PROD-00030,48,13937.05,668978.4
POITEM-01526,PO-01526,PROD-00072,24,13495.08,323881.92
POITEM-01527,PO-01527,PROD-00038,10,1576.21,15762.1
POITEM-01528,PO-01528,PROD-00005,4,12928.55,51714.2
POITEM-01529,PO-01529,PROD-00061,44,3013.6,132598.4
POITEM-01530,PO-01530,PROD-00079,18,4452.44,80143.92
POITEM-01531,PO-01531,PROD-00077,3,13503.2,40509.6
POITEM-01532,PO-01532,PROD-00085,35,6640.75,232426.25
POITEM-01533,PO-01533,PROD-00063,40,379.37,15174.8
POITEM-01534,PO-01534,PROD-00006,39,2873.38,112061.82
POITEM-01535,PO-01535,PROD-00032,20,8076.08,161521.6
POITEM-01536,PO-01536,PROD-00054,6,1564.33,9385.98
POITEM-01537,PO-01537,PROD-00052,33,13487.25,445079.25
POITEM-01538,PO-01538,PROD-00059,18,2408.99,43361.82
POITEM-01539,PO-01539,PROD-00081,44,11228.32,494046.08
POITEM-01540,PO-01540,PROD-00074,9,7810.81,70297.29
POITEM-01541,PO-01541,PROD-00059,21,2408.99,50588.79
POITEM-01542,PO-01542,PROD-00009,35,12125.13,424379.55
POITEM-01543,PO-01543,PROD-00026,30,9869.16,296074.8
POITEM-01544,PO-01544,PROD-00063,26,379.37,9863.62
POITEM-01545,PO-01545,PROD-00088,34,12280.89,417550.26
POITEM-01546,PO-01546,PROD-00081,38,11228.32,426676.16
POITEM-01547,PO-01547,PROD-00030,36,13937.05,501733.8
POITEM-01548,PO-01548,PROD-00001,7,5330.61,37314.27
POITEM-01549,PO-01549,PROD-00095,26,12910.1,335662.6
POITEM-01550,PO-01550,PROD-00062,41,4595.23,188404.43
POITEM-01551,PO-01551,PROD-00015,32,13899.61,444787.52
POITEM-01552,PO-01552,PROD-00064,35,4940.72,172925.2
POITEM-01553,PO-01553,PROD-00011,27,13897.35,375228.45
POITEM-01554,PO-01554,PROD-00044,40,9523.41,380936.4
POITEM-01555,PO-01555,PROD-00008,16,3765.85,60253.6
POITEM-01556,PO-01556,PROD-00053,25,3170.9,79272.5
POITEM-01557,PO-01557,PROD-00077,31,13503.2,418599.2
POITEM-01558,PO-01558,PROD-00064,37,4940.72,182806.64
POITEM-01559,PO-01559,PROD-00053,8,3170.9,25367.2
POITEM-01560,PO-01560,PROD-00066,48,14717.72,706450.56
POITEM-01561,PO-01561,PROD-00031,46,6887.83,316840.18
POITEM-01562,PO-01562,PROD-00040,50,8309.52,415476.0
POITEM-01563,PO-01563,PROD-00013,10,12973.14,129731.4
POITEM-01564,PO-01564,PROD-00064,16,4940.72,79051.52
POITEM-01565,PO-01565,PROD-00011,30,13897.35,416920.5
POITEM-01566,PO-01566,PROD-00015,22,13899.61,305791.42
POITEM-01567,PO-01567,PROD-00095,34,12910.1,438943.4
POITEM-01568,PO-01568,PROD-00072,46,13495.08,620773.68
POITEM-01569,PO-01569,PROD-00048,48,169.8,8150.4
POITEM-01570,PO-01570,PROD-00077,41,13503.2,553631.2
POITEM-01571,PO-01571,PROD-00076,24,4725.89,113421.36
POITEM-01572,PO-01572,PROD-00057,38,396.18,15054.84
POITEM-01573,PO-01573,PROD-00034,11,5558.67,61145.37
POITEM-01574,PO-01574,PROD-00003,22,9810.5,215831.0
POITEM-01575,PO-01575,PROD-00014,42,5700.12,239405.04
POITEM-01576,PO-01576,PROD-00018,15,8698.22,130473.3
POITEM-01577,PO-01577,PROD-00001,18,5330.61,95950.98
POITEM-01578,PO-01578,PROD-00050,17,5554.01,94418.17
POITEM-01579,PO-01579,PROD-00040,18,8309.52,149571.36
POITEM-01580,PO-01580,PROD-00045,4,78.1,312.4
POITEM-01581,PO-01581,PROD-00048,4,169.8,679.2
POITEM-01582,PO-01582,PROD-00056,13,2458.46,31959.98
POITEM-01583,PO-01583,PROD-00056,8,2458.46,19667.68
POITEM-01584,PO-01584,PROD-00004,17,6054.25,102922.25
POITEM-01585,PO-01585,PROD-00006,33,2873.38,94821.54
POITEM-01586,PO-01586,PROD-00049,36,13561.33,488207.88
POITEM-01587,PO-01587,PROD-00023,31,12930.74,400852.94
POITEM-01588,PO-01588,PROD-00029,41,9691.37,397346.17
POITEM-01589,PO-01589,PROD-00040,20,8309.52,166190.4
POITEM-01590,PO-01590,PROD-00001,44,5330.61,234546.84
POITEM-01591,PO-01591,PROD-00070,43,10934.96,470203.28
POITEM-01592,PO-01592,PROD-00066,20,14717.72,294354.4
POITEM-01593,PO-01593,PROD-00061,29,3013.6,87394.4
POITEM-01594,PO-01594,PROD-00029,42,9691.37,407037.54
POITEM-01595,PO-01595,PROD-00032,17,8076.08,137293.36
POITEM-01596,PO-01596,PROD-00010,36,9790.87,352471.32
POITEM-01597,PO-01597,PROD-00034,5,5558.67,27793.35
POITEM-01598,PO-01598,PROD-00027,25,3083.78,77094.5
POITEM-01599,PO-01599,PROD-00012,7,6111.05,42777.35
POITEM-01600,PO-01600,PROD-00093,31,10452.9,324039.9
POITEM-01601,PO-01601,PROD-00053,38,3170.9,120494.2
POITEM-01602,PO-01602,PROD-00004,35,6054.25,211898.75
POITEM-01603,PO-01603,PROD-00047,50,6641.49,332074.5
POITEM-01604,PO-01604,PROD-00049,15,13561.33,203419.95
POITEM-01605,PO-01605,PROD-00012,2,6111.05,12222.1
POITEM-01606,PO-01606,PROD-00020,4,7164.91,28659.64
POITEM-01607,PO-01607,PROD-00005,35,12928.55,452499.25
POITEM-01608,PO-01608,PROD-00087,50,1294.81,64740.5
POITEM-01609,PO-01609,PROD-00092,13,6231.25,81006.25
POITEM-01610,PO-01610,PROD-00052,22,13487.25,296719.5
POITEM-01611,PO-01611,PROD-00022,19,2807.73,53346.87
POITEM-01612,PO-01612,PROD-00096,17,6391.56,108656.52
POITEM-01613,PO-01613,PROD-00021,46,14412.66,662982.36
POITEM-01614,PO-01614,PROD-00092,2,6231.25,12462.5
POITEM-01615,PO-01615,PROD-00080,15,6321.18,94817.7
POITEM-01616,PO-01616,PROD-00041,50,9082.33,454116.5
POITEM-01617,PO-01617,PROD-00010,48,9790.87,469961.76
POITEM-01618,PO-01618,PROD-00007,38,6342.68,241021.84
POITEM-01619,PO-01619,PROD-00045,11,78.1,859.1
POITEM-01620,PO-01620,PROD-00077,27,13503.2,364586.4
POITEM-01621,PO-01621,PROD-00077,30,13503.2,405096.0
POITEM-01622,PO-01622,PROD-00026,5,9869.16,49345.8
POITEM-01623,PO-01623,PROD-00040,31,8309.52,257595.12
POITEM-01624,PO-01624,PROD-00002,37,12960.96,479555.52
POITEM-01625,PO-01625,PROD-00087,39,1294.81,50497.59
POITEM-01626,PO-01626,PROD-00002,12,12960.96,155531.52
POITEM-01627,PO-01627,PROD-00034,32,5558.67,177877.44
POITEM-01628,PO-01628,PROD-00039,22,1753.54,38577.88
POITEM-01629,PO-01629,PROD-00015,25,13899.61,347490.25
POITEM-01630,PO-01630,PROD-00003,27,9810.5,264883.5
POITEM-01631,PO-01631,PROD-00021,9,14412.66,129713.94
POITEM-01632,PO-01632,PROD-00088,43,12280.89,528078.27
POITEM-01633,PO-01633,PROD-00053,33,3170.9,104639.7
POITEM-01634,PO-01634,PROD-00032,26,8076.08,209978.08
POITEM-01635,PO-01635,PROD-00100,20,7978.7,159574.0
POITEM-01636,PO-01636,PROD-00062,28,4595.23,128666.44
POITEM-01637,PO-01637,PROD-00019,4,4721.23,18884.92
POITEM-01638,PO-01638,PROD-00004,26,6054.25,157410.5
POITEM-01639,PO-01639,PROD-00058,29,13963.97,404955.13
POITEM-01640,PO-01640,PROD-00079,42,4452.44,187002.48
POITEM-01641,PO-01641,PROD-00061,30,3013.6,90408.0
POITEM-01642,PO-01642,PROD-00032,42,8076.08,339195.36
POITEM-01643,PO-01643,PROD-00012,36,6111.05,219997.8
POITEM-01644,PO-01644,PROD-00067,33,1752.24,57823.92
POITEM-01645,PO-01645,PROD-00076,47,4725.89,222116.83
POITEM-01646,PO-01646,PROD-00096,35,6391.56,223704.6
POITEM-01647,PO-01647,PROD-00098,41,8372.15,343258.15
POITEM-01648,PO-01648,PROD-00011,4,13897.35,55589.4
POITEM-01649,PO-01649,PROD-00100,21,7978.7,167552.7
POITEM-01650,PO-01650,PROD-00008,20,3765.85,75317.0
POITEM-01651,PO-01651,PROD-00033,49,14000.56,686027.44
POITEM-01652,PO-01652,PROD-00083,16,12510.03,200160.48
POITEM-01653,PO-01653,PROD-00019,48,4721.23,226619.04
POITEM-01654,PO-01654,PROD-00089,1,4673.53,4673.53
POITEM-01655,PO-01655,PROD-00022,29,2807.73,81424.17
POITEM-01656,PO-01656,PROD-00023,49,12930.74,633606.26
POITEM-01657,PO-01657,PROD-00018,41,8698.22,356627.02
POITEM-01658,PO-01658,PROD-00068,47,8719.33,409808.51
POITEM-01659,PO-01659,PROD-00030,27,13937.05,376300.35
POITEM-01660,PO-01660,PROD-00042,22,10320.27,227045.94
POITEM-01661,PO-01661,PROD-00039,16,1753.54,28056.64
POITEM-01662,PO-01662,PROD-00006,36,2873.38,103441.68
POITEM-01663,PO-01663,PROD-00027,38,3083.78,117183.64
POITEM-01664,PO-01664,PROD-00051,38,1933.5,73473.0
POITEM-01665,PO-01665,PROD-00014,30,5700.12,171003.6
POITEM-01666,PO-01666,PROD-00060,37,13085.7,484170.9
POITEM-01667,PO-01667,PROD-00054,30,1564.33,46929.9
POITEM-01668,PO-01668,PROD-00017,29,2868.72,83192.88
POITEM-01669,PO-01669,PROD-00028,36,4002.58,144092.88
POITEM-01670,PO-01670,PROD-00084,22,3172.49,69794.78
POITEM-01671,PO-01671,PROD-00092,26,6231.25,162012.5
POITEM-01672,PO-01672,PROD-00024,23,14125.4,324884.2
POITEM-01673,PO-01673,PROD-00049,13,13561.33,176297.29
POITEM-01674,PO-01674,PROD-00099,5,2021.75,10108.75
POITEM-01675,PO-01675,PROD-00090,23,390.77,8987.71
POITEM-01676,PO-01676,PROD-00073,21,689.69,14483.49
POITEM-01677,PO-01677,PROD-00092,2,6231.25,12462.5
POITEM-01678,PO-01678,PROD-00030,1,13937.05,13937.05
POITEM-01679,PO-01679,PROD-00074,13,7810.81,101540.53
POITEM-01680,PO-01680,PROD-00040,28,8309.52,232666.56
POITEM-01681,PO-01681,PROD-00098,21,8372.15,175815.15
POITEM-01682,PO-01682,PROD-00002,31,12960.96,401789.76
POITEM-01683,PO-01683,PROD-00100,36,7978.7,287233.2
POITEM-01684,PO-01684,PROD-00090,40,390.77,15630.8
POITEM-01685,PO-01685,PROD-00058,42,13963.97,586486.74
POITEM-01686,PO-01686,PROD-00049,5,13561.33,67806.65
POITEM-01687,PO-01687,PROD-00030,28,13937.05,390237.4
POITEM-01688,PO-01688,PROD-00075,44,6483.68,285281.92
POITEM-01689,PO-01689,PROD-00042,38,10320.27,392170.26
POITEM-01690,PO-01690,PROD-00099,40,2021.75,80870.0
POITEM-01691,PO-01691,PROD-00080,12,6321.18,75854.16
POITEM-01692,PO-01692,PROD-00089,45,4673.53,210308.85
POITEM-01693,PO-01693,PROD-00081,7,11228.32,78598.24
POITEM-01694,PO-01694,PROD-00079,26,4452.44,115763.44
POITEM-01695,PO-01695,PROD-00090,17,390.77,6643.09
POITEM-01696,PO-01696,PROD-00064,34,4940.72,167984.48
POITEM-01697,PO-01697,PROD-00036,24,14758.2,354196.8
POITEM-01698,PO-01698,PROD-00042,14,10320.27,144483.78
POITEM-01699,PO-01699,PROD-00071,46,9102.98,418737.08
POITEM-01700,PO-01700,PROD-00100,35,7978.7,279254.5
POITEM-01701,PO-01701,PROD-00030,38,13937.05,529607.9
POITEM-01702,PO-01702,PROD-00095,30,12910.1,387303.0
POITEM-01703,PO-01703,PROD-00063,24,379.37,9104.88
POITEM-01704,PO-01704,PROD-00077,43,13503.2,580637.6
POITEM-01705,PO-01705,PROD-00090,45,390.77,17584.65
POITEM-01706,PO-01706,PROD-00035,29,12510.33,362799.57
POITEM-01707,PO-01707,PROD-00032,2,8076.08,16152.16
POITEM-01708,PO-01708,PROD-00066,50,14717.72,735886.0
POITEM-01709,PO-01709,PROD-00009,48,12125.13,582006.24
POITEM-01710,PO-01710,PROD-00094,20,3678.67,73573.4
POITEM-01711,PO-01711,PROD-00012,12,6111.05,73332.6
POITEM-01712,PO-01712,PROD-00077,21,13503.2,283567.2
POITEM-01713,PO-01713,PROD-00003,3,9810.5,29431.5
POITEM-01714,PO-01714,PROD-00095,12,12910.1,154921.2
POITEM-01715,PO-01715,PROD-00008,16,3765.85,60253.6
POITEM-01716,PO-01716,PROD-00096,14,6391.56,89481.84
POITEM-01717,PO-01717,PROD-00024,18,14125.4,254257.2
POITEM-01718,PO-01718,PROD-00013,26,12973.14,337301.64
POITEM-01719,PO-01719,PROD-00028,8,4002.58,32020.64
POITEM-01720,PO-01720,PROD-00078,17,6140.68,104391.56
POITEM-01721,PO-01721,PROD-00098,7,8372.15,58605.05
POITEM-01722,PO-01722,PROD-00058,9,13963.97,125675.73
POITEM-01723,PO-01723,PROD-00047,25,6641.49,166037.25
POITEM-01724,PO-01724,PROD-00061,10,3013.6,30136.0
POITEM-01725,PO-01725,PROD-00041,37,9082.33,336046.21
POITEM-01726,PO-01726,PROD-00087,42,1294.81,54382.02
POITEM-01727,PO-01727,PROD-00053,41,3170.9,130006.9
POITEM-01728,PO-01728,PROD-00064,34,4940.72,167984.48
POITEM-01729,PO-01729,PROD-00080,5,6321.18,31605.9
POITEM-01730,PO-01730,PROD-00100,7,7978.7,55850.9
POITEM-01731,PO-01731,PROD-00044,8,9523.41,76187.28
POITEM-01732,PO-01732,PROD-00005,37,12928.55,478356.35
POITEM-01733,PO-01733,PROD-00025,17,8927.92,151774.64
POITEM-01734,PO-01734,PROD-00063,10,379.37,3793.7
POITEM-01735,PO-01735,PROD-00005,28,12928.55,361999.4
POITEM-01736,PO-01736,PROD-00077,26,13503.2,351083.2
POITEM-01737,PO-01737,PROD-00079,29,4452.44,129120.76
POITEM-01738,PO-01738,PROD-00033,9,14000.56,126005.04
POITEM-01739,PO-01739,PROD-00044,43,9523.41,409506.63
POITEM-01740,PO-01740,PROD-00098,14,8372.15,117210.1
POITEM-01741,PO-01741,PROD-00011,4,13897.35,55589.4
POITEM-01742,PO-01742,PROD-00094,29,3678.67,106681.43
POITEM-01743,PO-01743,PROD-00053,37,3170.9,117323.3
POITEM-01744,PO-01744,PROD-00071,16,9102.98,145647.68
POITEM-01745,PO-01745,PROD-00021,48,14412.66,691807.68
POITEM-01746,PO-01746,PROD-00044,22,9523.41,209515.02
POITEM-01747,PO-01747,PROD-00009,24,12125.13,291003.12
POITEM-01748,PO-01748,PROD-00084,19,3172.49,60277.31
POITEM-01749,PO-01749,PROD-00099,27,2021.75,54587.25
POITEM-01750,PO-01750,PROD-00083,29,12510.03,362790.87
POITEM-01751,PO-01751,PROD-00027,50,3083.78,154189.0
POITEM-01752,PO-01752,PROD-00056,32,2458.46,78670.72
POITEM-01753,PO-01753,PROD-00047,40,6641.49,265659.6
POITEM-01754,PO-01754,PROD-00096,46,6391.56,294011.76
POITEM-01755,PO-01755,PROD-00098,27,8372.15,226048.05
POITEM-01756,PO-01756,PROD-00070,32,10934.96,349918.72
POITEM-01757,PO-01757,PROD-00071,29,9102.98,263986.42
POITEM-01758,PO-01758,PROD-00049,36,13561.33,488207.88
POITEM-01759,PO-01759,PROD-00064,25,4940.72,123518.0
POITEM-01760,PO-01760,PROD-00021,27,14412.66,389141.82
POITEM-01761,PO-01761,PROD-00039,19,1753.54,33317.26
POITEM-01762,PO-01762,PROD-00043,2,7340.76,14681.52
POITEM-01763,PO-01763,PROD-00047,37,6641.49,245735.13
POITEM-01764,PO-01764,PROD-00035,5,12510.33,62551.65
POITEM-01765,PO-01765,PROD-00036,46,14758.2,678877.2
POITEM-01766,PO-01766,PROD-00012,15,6111.05,91665.75
POITEM-01767,PO-01767,PROD-00051,46,1933.5,88941.0
POITEM-01768,PO-01768,PROD-00032,12,8076.08,96912.96
POITEM-01769,PO-01769,PROD-00039,13,1753.54,22796.02
POITEM-01770,PO-01770,PROD-00008,26,3765.85,97912.1
POITEM-01771,PO-01771,PROD-00034,23,5558.67,127849.41
POITEM-01772,PO-01772,PROD-00010,32,9790.87,313307.84
POITEM-01773,PO-01773,PROD-00045,6,78.1,468.6
POITEM-01774,PO-01774,PROD-00014,23,5700.12,131102.76
POITEM-01775,PO-01775,PROD-00075,35,6483.68,226928.8
POITEM-01776,PO-01776,PROD-00076,27,4725.89,127599.03
POITEM-01777,PO-01777,PROD-00076,10,4725.89,47258.9
POITEM-01778,PO-01778,PROD-00018,41,8698.22,356627.02
POITEM-01779,PO-01779,PROD-00058,14,13963.97,195495.58
POITEM-01780,PO-01780,PROD-00010,32,9790.87,313307.84
POITEM-01781,PO-01781,PROD-00050,47,5554.01,261038.47
POITEM-01782,PO-01782,PROD-00026,21,9869.16,207252.36
POITEM-01783,PO-01783,PROD-00020,32,7164.91,229277.12
POITEM-01784,PO-01784,PROD-00043,40,7340.76,293630.4
POITEM-01785,PO-01785,PROD-00017,9,2868.72,25818.48
POITEM-01786,PO-01786,PROD-00007,14,6342.68,88797.52
POITEM-01787,PO-01787,PROD-00036,22,14758.2,324680.4
POITEM-01788,PO-01788,PROD-00067,15,1752.24,26283.6
POITEM-01789,PO-01789,PROD-00077,33,13503.2,445605.6
POITEM-01790,PO-01790,PROD-00052,30,13487.25,404617.5
POITEM-01791,PO-01791,PROD-00002,46,12960.96,596204.16
POITEM-01792,PO-01792,PROD-00091,23,9178.83,211113.09
POITEM-01793,PO-01793,PROD-00050,39,5554.01,216606.39
POITEM-01794,PO-01794,PROD-00074,4,7810.81,31243.24
POITEM-01795,PO-01795,PROD-00014,45,5700.12,256505.4
POITEM-01796,PO-01796,PROD-00002,2,12960.96,25921.92
POITEM-01797,PO-01797,PROD-00076,41,4725.89,193761.49
POITEM-01798,PO-01798,PROD-00056,13,2458.46,31959.98
POITEM-01799,PO-01799,PROD-00010,8,9790.87,78326.96
POITEM-01800,PO-01800,PROD-00048,25,169.8,4245.0
POITEM-01801,PO-01801,PROD-00025,42,8927.92,374972.64
POITEM-01802,PO-01802,PROD-00081,9,11228.32,101054.88
POITEM-01803,PO-01803,PROD-00040,27,8309.52,224357.04
POITEM-01804,PO-01804,PROD-00046,42,14697.47,617293.74
POITEM-01805,PO-01805,PROD-00026,49,9869.16,483588.84
POITEM-01806,PO-01806,PROD-00074,2,7810.81,15621.62
POITEM-01807,PO-01807,PROD-00094,9,3678.67,33108.03
POITEM-01808,PO-01808,PROD-00059,32,2408.99,77087.68
POITEM-01809,PO-01809,PROD-00012,14,6111.05,85554.7
POITEM-01810,PO-01810,PROD-00099,11,2021.75,22239.25
POITEM-01811,PO-01811,PROD-00082,24,8547.35,205136.4
POITEM-01812,PO-01812,PROD-00066,17,14717.72,250201.24
POITEM-01813,PO-01813,PROD-00008,33,3765.85,124273.05
POITEM-01814,PO-01814,PROD-00041,14,9082.33,127152.62
POITEM-01815,PO-01815,PROD-00018,42,8698.22,365325.24
POITEM-01816,PO-01816,PROD-00053,12,3170.9,38050.8
POITEM-01817,PO-01817,PROD-00096,26,6391.56,166180.56
POITEM-01818,PO-01818,PROD-00061,16,3013.6,48217.6
POITEM-01819,PO-01819,PROD-00090,1,390.77,390.77
POITEM-01820,PO-01820,PROD-00091,42,9178.83,385510.86
POITEM-01821,PO-01821,PROD-00090,20,390.77,7815.4
POITEM-01822,PO-01822,PROD-00051,41,1933.5,79273.5
POITEM-01823,PO-01823,PROD-00038,16,1576.21,25219.36
POITEM-01824,PO-01824,PROD-00004,45,6054.25,272441.25
POITEM-01825,PO-01825,PROD-00096,28,6391.56,178963.68
POITEM-01826,PO-01826,PROD-00022,50,2807.73,140386.5
POITEM-01827,PO-01827,PROD-00076,13,4725.89,61436.57
POITEM-01828,PO-01828,PROD-00001,36,5330.61,191901.96
POITEM-01829,PO-01829,PROD-00081,39,11228.32,437904.48
POITEM-01830,PO-01830,PROD-00068,36,8719.33,313895.88
POITEM-01831,PO-01831,PROD-00012,30,6111.05,183331.5
POITEM-01832,PO-01832,PROD-00015,24,13899.61,333590.64
POITEM-01833,PO-01833,PROD-00002,29,12960.96,375867.84
POITEM-01834,PO-01834,PROD-00016,39,6359.54,248022.06
POITEM-01835,PO-01835,PROD-00057,6,396.18,2377.08
POITEM-01836,PO-01836,PROD-00061,1,3013.6,3013.6
POITEM-01837,PO-01837,PROD-00016,47,6359.54,298898.38
POITEM-01838,PO-01838,PROD-00024,37,14125.4,522639.8
POITEM-01839,PO-01839,PROD-00002,46,12960.96,596204.16
POITEM-01840,PO-01840,PROD-00057,49,396.18,19412.82
POITEM-01841,PO-01841,PROD-00100,2,7978.7,15957.4
POITEM-01842,PO-01842,PROD-00064,8,4940.72,39525.76
POITEM-01843,PO-01843,PROD-00038,24,1576.21,37829.04
POITEM-01844,PO-01844,PROD-00083,32,12510.03,400320.96
POITEM-01845,PO-01845,PROD-00088,25,12280.89,307022.25
POITEM-01846,PO-01846,PROD-00029,32,9691.37,310123.84
POITEM-01847,PO-01847,PROD-00069,6,1648.33,9889.98
POITEM-01848,PO-01848,PROD-00078,3,6140.68,18422.04
POITEM-01849,PO-01849,PROD-00080,9,6321.18,56890.62
POITEM-01850,PO-01850,PROD-00020,18,7164.91,128968.38
POITEM-01851,PO-01851,PROD-00069,45,1648.33,74174.85
POITEM-01852,PO-01852,PROD-00065,22,4204.9,92507.8
POITEM-01853,PO-01853,PROD-00025,25,8927.92,223198.0
POITEM-01854,PO-01854,PROD-00032,44,8076.08,355347.52
POITEM-01855,PO-01855,PROD-00075,7,6483.68,45385.76
POITEM-01856,PO-01856,PROD-00058,28,13963.97,390991.16
POITEM-01857,PO-01857,PROD-00071,28,9102.98,254883.44
POITEM-01858,PO-01858,PROD-00042,31,10320.27,319928.37
POITEM-01859,PO-01859,PROD-00019,12,4721.23,56654.76
POITEM-01860,PO-01860,PROD-00099,43,2021.75,86935.25
POITEM-01861,PO-01861,PROD-00059,20,2408.99,48179.8
POITEM-01862,PO-01862,PROD-00010,34,9790.87,332889.58
POITEM-01863,PO-01863,PROD-00087,13,1294.81,16832.53
POITEM-01864,PO-01864,PROD-00084,41,3172.49,130072.09
POITEM-01865,PO-01865,PROD-00075,49,6483.68,317700.32
POITEM-01866,PO-01866,PROD-00009,24,12125.13,291003.12
POITEM-01867,PO-01867,PROD-00090,2,390.77,781.54
POITEM-01868,PO-01868,PROD-00071,9,9102.98,81926.82
POITEM-01869,PO-01869,PROD-00032,50,8076.08,403804.0
POITEM-01870,PO-01870,PROD-00034,50,5558.67,277933.5
POITEM-01871,PO-01871,PROD-00079,20,4452.44,89048.8
POITEM-01872,PO-01872,PROD-00078,38,6140.68,233345.84
POITEM-01873,PO-01873,PROD-00029,35,9691.37,339197.95
POITEM-01874,PO-01874,PROD-00068,33,8719.33,287737.89
POITEM-01875,PO-01875,PROD-00044,22,9523.41,209515.02
POITEM-01876,PO-01876,PROD-00024,13,14125.4,183630.2
POITEM-01877,PO-01877,PROD-00079,21,4452.44,93501.24
POITEM-01878,PO-01878,PROD-00078,19,6140.68,116672.92
POITEM-01879,PO-01879,PROD-00050,31,5554.01,172174.31
POITEM-01880,PO-01880,PROD-00032,17,8076.08,137293.36
POITEM-01881,PO-01881,PROD-00075,32,6483.68,207477.76
POITEM-01882,PO-01882,PROD-00095,28,12910.1,361482.8
POITEM-01883,PO-01883,PROD-00041,9,9082.33,81740.97
POITEM-01884,PO-01884,PROD-00008,35,3765.85,131804.75
POITEM-01885,PO-01885,PROD-00063,1,379.37,379.37
POITEM-01886,PO-01886,PROD-00058,39,13963.97,544594.83
POITEM-01887,PO-01887,PROD-00004,38,6054.25,230061.5
POITEM-01888,PO-01888,PROD-00059,11,2408.99,26498.89
POITEM-01889,PO-01889,PROD-00071,16,9102.98,145647.68
POITEM-01890,PO-01890,PROD-00036,43,14758.2,634602.6
POITEM-01891,PO-01891,PROD-00009,46,12125.13,557755.98
POITEM-01892,PO-01892,PROD-00014,14,5700.12,79801.68
POITEM-01893,PO-01893,PROD-00065,33,4204.9,138761.7
POITEM-01894,PO-01894,PROD-00084,45,3172.49,142762.05
POITEM-01895,PO-01895,PROD-00032,18,8076.08,145369.44
POITEM-01896,PO-01896,PROD-00041,37,9082.33,336046.21
POITEM-01897,PO-01897,PROD-00086,24,7110.96,170663.04
POITEM-01898,PO-01898,PROD-00021,17,14412.66,245015.22
POITEM-01899,PO-01899,PROD-00047,38,6641.49,252376.62
POITEM-01900,PO-01900,PROD-00074,46,7810.81,359297.26
POITEM-01901,PO-01901,PROD-00095,29,12910.1,374392.9
POITEM-01902,PO-01902,PROD-00088,11,12280.89,135089.79
POITEM-01903,PO-01903,PROD-00074,12,7810.81,93729.72
POITEM-01904,PO-01904,PROD-00054,46,1564.33,71959.18
POITEM-01905,PO-01905,PROD-00093,49,10452.9,512192.1
POITEM-01906,PO-01906,PROD-00097,11,14370.54,158075.94
POITEM-01907,PO-01907,PROD-00071,4,9102.98,36411.92
POITEM-01908,PO-01908,PROD-00021,16,14412.66,230602.56
POITEM-01909,PO-01909,PROD-00086,25,7110.96,177774.0
POITEM-01910,PO-01910,PROD-00049,35,13561.33,474646.55
POITEM-01911,PO-01911,PROD-00022,26,2807.73,73000.98
POITEM-01912,PO-01912,PROD-00091,5,9178.83,45894.15
POITEM-01913,PO-01913,PROD-00017,20,2868.72,57374.4
POITEM-01914,PO-01914,PROD-00008,49,3765.85,184526.65
POITEM-01915,PO-01915,PROD-00020,29,7164.91,207782.39
POITEM-01916,PO-01916,PROD-00009,9,12125.13,109126.17
POITEM-01917,PO-01917,PROD-00020,23,7164.91,164792.93
POITEM-01918,PO-01918,PROD-00008,36,3765.85,135570.6
POITEM-01919,PO-01919,PROD-00013,11,12973.14,142704.54
POITEM-01920,PO-01920,PROD-00086,33,7110.96,234661.68
POITEM-01921,PO-01921,PROD-00014,23,5700.12,131102.76
POITEM-01922,PO-01922,PROD-00048,49,169.8,8320.2
POITEM-01923,PO-01923,PROD-00037,25,12261.13,306528.25
POITEM-01924,PO-01924,PROD-00014,40,5700.12,228004.8
POITEM-01925,PO-01925,PROD-00082,13,8547.35,111115.55
POITEM-01926,PO-01926,PROD-00040,14,8309.52,116333.28
POITEM-01927,PO-01927,PROD-00047,15,6641.49,99622.35
POITEM-01928,PO-01928,PROD-00060,40,13085.7,523428.0
POITEM-01929,PO-01929,PROD-00006,22,2873.38,63214.36
POITEM-01930,PO-01930,PROD-00010,39,9790.87,381843.93
POITEM-01931,PO-01931,PROD-00094,33,3678.67,121396.11
POITEM-01932,PO-01932,PROD-00021,10,14412.66,144126.6
POITEM-01933,PO-01933,PROD-00004,33,6054.25,199790.25
POITEM-01934,PO-01934,PROD-00056,11,2458.46,27043.06
POITEM-01935,PO-01935,PROD-00001,27,5330.61,143926.47
POITEM-01936,PO-01936,PROD-00071,32,9102.98,291295.36
POITEM-01937,PO-01937,PROD-00008,16,3765.85,60253.6
POITEM-01938,PO-01938,PROD-00080,6,6321.18,37927.08
POITEM-01939,PO-01939,PROD-00027,45,3083.78,138770.1
POITEM-01940,PO-01940,PROD-00047,24,6641.49,159395.76
POITEM-01941,PO-01941,PROD-00019,7,4721.23,33048.61
POITEM-01942,PO-01942,PROD-00093,26,10452.9,271775.4
POITEM-01943,PO-01943,PROD-00087,5,1294.81,6474.05
POITEM-01944,PO-01944,PROD-00027,42,3083.78,129518.76
POITEM-01945,PO-01945,PROD-00050,26,5554.01,144404.26
POITEM-01946,PO-01946,PROD-00078,42,6140.68,257908.56
POITEM-01947,PO-01947,PROD-00028,16,4002.58,64041.28
POITEM-01948,PO-01948,PROD-00032,7,8076.08,56532.56
POITEM-01949,PO-01949,PROD-00018,21,8698.22,182662.62
POITEM-01950,PO-01950,PROD-00028,36,4002.58,144092.88
POITEM-01951,PO-01951,PROD-00022,13,2807.73,36500.49
POITEM-01952,PO-01952,PROD-00100,43,7978.7,343084.1
POITEM-01953,PO-01953,PROD-00060,43,13085.7,562685.1
POITEM-01954,PO-01954,PROD-00012,22,6111.05,134443.1
POITEM-01955,PO-01955,PROD-00051,47,1933.5,90874.5
POITEM-01956,PO-01956,PROD-00093,24,10452.9,250869.6
POITEM-01957,PO-01957,PROD-00041,44,9082.33,399622.52
POITEM-01958,PO-01958,PROD-00042,13,10320.27,134163.51
POITEM-01959,PO-01959,PROD-00075,49,6483.68,317700.32
POITEM-01960,PO-01960,PROD-00085,31,6640.75,205863.25
POITEM-01961,PO-01961,PROD-00085,15,6640.75,99611.25
POITEM-01962,PO-01962,PROD-00064,1,4940.72,4940.72
POITEM-01963,PO-01963,PROD-00013,4,12973.14,51892.56
POITEM-01964,PO-01964,PROD-00006,50,2873.38,143669.0
POITEM-01965,PO-01965,PROD-00031,36,6887.83,247961.88
POITEM-01966,PO-01966,PROD-00047,35,6641.49,232452.15
POITEM-01967,PO-01967,PROD-00024,2,14125.4,28250.8
POITEM-01968,PO-01968,PROD-00058,11,13963.97,153603.67
POITEM-01969,PO-01969,PROD-00027,35,3083.78,107932.3
POITEM-01970,PO-01970,PROD-00040,5,8309.52,41547.6
POITEM-01971,PO-01971,PROD-00010,50,9790.87,489543.5
POITEM-01972,PO-01972,PROD-00053,6,3170.9,19025.4
POITEM-01973,PO-01973,PROD-00038,17,1576.21,26795.57
POITEM-01974,PO-01974,PROD-00085,45,6640.75,298833.75
POITEM-01975,PO-01975,PROD-00082,7,8547.35,59831.45
POITEM-01976,PO-01976,PROD-00072,50,13495.08,674754.0
POITEM-01977,PO-01977,PROD-00082,21,8547.35,179494.35
POITEM-01978,PO-01978,PROD-00001,23,5330.61,122604.03
POITEM-01979,PO-01979,PROD-00027,9,3083.78,27754.02
POITEM-01980,PO-01980,PROD-00063,49,379.37,18589.13
POITEM-01981,PO-01981,PROD-00040,3,8309.52,24928.56
POITEM-01982,PO-01982,PROD-00078,10,6140.68,61406.8
POITEM-01983,PO-01983,PROD-00074,48,7810.81,374918.88
POITEM-01984,PO-01984,PROD-00028,9,4002.58,36023.22
POITEM-01985,PO-01985,PROD-00003,8,9810.5,78484.0
POITEM-01986,PO-01986,PROD-00065,49,4204.9,206040.1
POITEM-01987,PO-01987,PROD-00083,20,12510.03,250200.6
POITEM-01988,PO-01988,PROD-00051,18,1933.5,34803.0
POITEM-01989,PO-01989,PROD-00065,3,4204.9,12614.7
POITEM-01990,PO-01990,PROD-00054,36,1564.33,56315.88
POITEM-01991,PO-01991,PROD-00033,45,14000.56,630025.2
POITEM-01992,PO-01992,PROD-00070,33,10934.96,360853.68
POITEM-01993,PO-01993,PROD-00015,50,13899.61,694980.5
POITEM-01994,PO-01994,PROD-00098,43,8372.15,360002.45
POITEM-01995,PO-01995,PROD-00004,19,6054.25,115030.75
POITEM-01996,PO-01996,PROD-00042,26,10320.27,268327.02
POITEM-01997,PO-01997,PROD-00059,8,2408.99,19271.92
POITEM-01998,PO-01998,PROD-00086,3,7110.96,21332.88
POITEM-01999,PO-01999,PROD-00096,42,6391.56,268445.52
POITEM-02000,PO-02000,PROD-00081,10,11228.32,112283.2
POITEM-02001,PO-02001,PROD-00023,44,12930.74,568952.56
POITEM-02002,PO-02002,PROD-00027,43,3083.78,132602.54
POITEM-02003,PO-02003,PROD-00049,30,13561.33,406839.9
POITEM-02004,PO-02004,PROD-00068,19,8719.33,165667.27
POITEM-02005,PO-02005,PROD-00095,38,12910.1,490583.8
POITEM-02006,PO-02006,PROD-00081,25,11228.32,280708.0
POITEM-02007,PO-02007,PROD-00083,32,12510.03,400320.96
POITEM-02008,PO-02008,PROD-00096,7,6391.56,44740.92
POITEM-02009,PO-02009,PROD-00058,19,13963.97,265315.43
POITEM-02010,PO-02010,PROD-00064,41,4940.72,202569.52
POITEM-02011,PO-02011,PROD-00064,27,4940.72,133399.44
POITEM-02012,PO-02012,PROD-00006,47,2873.38,135048.86
POITEM-02013,PO-02013,PROD-00092,39,6231.25,243018.75
POITEM-02014,PO-02014,PROD-00003,21,9810.5,206020.5
POITEM-02015,PO-02015,PROD-00062,15,4595.23,68928.45
POITEM-02016,PO-02016,PROD-00053,3,3170.9,9512.7
POITEM-02017,PO-02017,PROD-00026,29,9869.16,286205.64
POITEM-02018,PO-02018,PROD-00018,1,8698.22,8698.22
POITEM-02019,PO-02019,PROD-00081,22,11228.32,247023.04
POITEM-02020,PO-02020,PROD-00054,49,1564.33,76652.17
POITEM-02021,PO-02021,PROD-00029,1,9691.37,9691.37
POITEM-02022,PO-02022,PROD-00001,38,5330.61,202563.18
POITEM-02023,PO-02023,PROD-00040,45,8309.52,373928.4
POITEM-02024,PO-02024,PROD-00051,15,1933.5,29002.5
POITEM-02025,PO-02025,PROD-00014,4,5700.12,22800.48
POITEM-02026,PO-02026,PROD-00068,24,8719.33,209263.92
POITEM-02027,PO-02027,PROD-00065,25,4204.9,105122.5
POITEM-02028,PO-02028,PROD-00058,6,13963.97,83783.82
POITEM-02029,PO-02029,PROD-00090,45,390.77,17584.65
POITEM-02030,PO-02030,PROD-00018,38,8698.22,330532.36
POITEM-02031,PO-02031,PROD-00081,29,11228.32,325621.28
POITEM-02032,PO-02032,PROD-00019,50,4721.23,236061.5
POITEM-02033,PO-02033,PROD-00023,6,12930.74,77584.44
POITEM-02034,PO-02034,PROD-00051,8,1933.5,15468.0
POITEM-02035,PO-02035,PROD-00041,35,9082.33,317881.55
POITEM-02036,PO-02036,PROD-00075,5,6483.68,32418.4
POITEM-02037,PO-02037,PROD-00032,22,8076.08,177673.76
POITEM-02038,PO-02038,PROD-00012,15,6111.05,91665.75
POITEM-02039,PO-02039,PROD-00043,47,7340.76,345015.72
POITEM-02040,PO-02040,PROD-00006,2,2873.38,5746.76
POITEM-02041,PO-02041,PROD-00016,6,6359.54,38157.24
POITEM-02042,PO-02042,PROD-00045,35,78.1,2733.5
POITEM-02043,PO-02043,PROD-00031,44,6887.83,303064.52
POITEM-02044,PO-02044,PROD-00061,39,3013.6,117530.4
POITEM-02045,PO-02045,PROD-00074,12,7810.81,93729.72
POITEM-02046,PO-02046,PROD-00026,3,9869.16,29607.48
POITEM-02047,PO-02047,PROD-00099,17,2021.75,34369.75
POITEM-02048,PO-02048,PROD-00024,34,14125.4,480263.6
POITEM-02049,PO-02049,PROD-00032,10,8076.08,80760.8
POITEM-02050,PO-02050,PROD-00044,37,9523.41,352366.17
POITEM-02051,PO-02051,PROD-00014,27,5700.12,153903.24
POITEM-02052,PO-02052,PROD-00039,50,1753.54,87677.0
POITEM-02053,PO-02053,PROD-00043,26,7340.76,190859.76
POITEM-02054,PO-02054,PROD-00078,17,6140.68,104391.56
POITEM-02055,PO-02055,PROD-00036,25,14758.2,368955.0
POITEM-02056,PO-02056,PROD-00065,10,4204.9,42049.0
POITEM-02057,PO-02057,PROD-00059,37,2408.99,89132.63
POITEM-02058,PO-02058,PROD-00048,49,169.8,8320.2
POITEM-02059,PO-02059,PROD-00035,6,12510.33,75061.98
POITEM-02060,PO-02060,PROD-00061,49,3013.6,147666.4
POITEM-02061,PO-02061,PROD-00003,22,9810.5,215831.0
POITEM-02062,PO-02062,PROD-00047,25,6641.49,166037.25
POITEM-02063,PO-02063,PROD-00010,2,9790.87,19581.74
POITEM-02064,PO-02064,PROD-00011,12,13897.35,166768.2
POITEM-02065,PO-02065,PROD-00058,4,13963.97,55855.88
POITEM-02066,PO-02066,PROD-00072,14,13495.08,188931.12
POITEM-02067,PO-02067,PROD-00069,46,1648.33,75823.18
POITEM-02068,PO-02068,PROD-00049,30,13561.33,406839.9
POITEM-02069,PO-02069,PROD-00081,6,11228.32,67369.92
POITEM-02070,PO-02070,PROD-00049,15,13561.33,203419.95
POITEM-02071,PO-02071,PROD-00005,32,12928.55,413713.6
POITEM-02072,PO-02072,PROD-00010,47,9790.87,460170.89
POITEM-02073,PO-02073,PROD-00082,38,8547.35,324799.3
POITEM-02074,PO-02074,PROD-00082,1,8547.35,8547.35
POITEM-02075,PO-02075,PROD-00061,39,3013.6,117530.4
POITEM-02076,PO-02076,PROD-00065,23,4204.9,96712.7
POITEM-02077,PO-02077,PROD-00078,41,6140.68,251767.88
POITEM-02078,PO-02078,PROD-00038,34,1576.21,53591.14
POITEM-02079,PO-02079,PROD-00082,11,8547.35,94020.85
POITEM-02080,PO-02080,PROD-00056,27,2458.46,66378.42
POITEM-02081,PO-02081,PROD-00013,27,12973.14,350274.78
POITEM-02082,PO-02082,PROD-00093,32,10452.9,334492.8
POITEM-02083,PO-02083,PROD-00016,8,6359.54,50876.32
POITEM-02084,PO-02084,PROD-00092,14,6231.25,87237.5
POITEM-02085,PO-02085,PROD-00010,5,9790.87,48954.35
POITEM-02086,PO-02086,PROD-00008,4,3765.85,15063.4
POITEM-02087,PO-02087,PROD-00019,28,4721.23,132194.44
POITEM-02088,PO-02088,PROD-00086,8,7110.96,56887.68
POITEM-02089,PO-02089,PROD-00016,31,6359.54,197145.74
POITEM-02090,PO-02090,PROD-00089,40,4673.53,186941.2
POITEM-02091,PO-02091,PROD-00054,2,1564.33,3128.66
POITEM-02092,PO-02092,PROD-00087,19,1294.81,24601.39
POITEM-02093,PO-02093,PROD-00097,26,14370.54,373634.04
POITEM-02094,PO-02094,PROD-00030,39,13937.05,543544.95
POITEM-02095,PO-02095,PROD-00047,38,6641.49,252376.62
POITEM-02096,PO-02096,PROD-00043,50,7340.76,367038.0
POITEM-02097,PO-02097,PROD-00013,12,12973.14,155677.68
POITEM-02098,PO-02098,PROD-00091,4,9178.83,36715.32
POITEM-02099,PO-02099,PROD-00013,30,12973.14,389194.2
POITEM-02100,PO-02100,PROD-00069,15,1648.33,24724.95
POITEM-02101,PO-02101,PROD-00001,34,5330.61,181240.74
POITEM-02102,PO-02102,PROD-00081,10,11228.32,112283.2
POITEM-02103,PO-02103,PROD-00089,38,4673.53,177594.14
POITEM-02104,PO-02104,PROD-00029,37,9691.37,358580.69
POITEM-02105,PO-02105,PROD-00045,7,78.1,546.7
POITEM-02106,PO-02106,PROD-00085,17,6640.75,112892.75
POITEM-02107,PO-02107,PROD-00056,33,2458.46,81129.18
POITEM-02108,PO-02108,PROD-00058,1,13963.97,13963.97
POITEM-02109,PO-02109,PROD-00078,33,6140.68,202642.44
POITEM-02110,PO-02110,PROD-00016,5,6359.54,31797.7
POITEM-02111,PO-02111,PROD-00051,48,1933.5,92808.0
POITEM-02112,PO-02112,PROD-00027,42,3083.78,129518.76
POITEM-02113,PO-02113,PROD-00093,18,10452.9,188152.2
POITEM-02114,PO-02114,PROD-00083,4,12510.03,50040.12
POITEM-02115,PO-02115,PROD-00091,9,9178.83,82609.47
POITEM-02116,PO-02116,PROD-00088,41,12280.89,503516.49
POITEM-02117,PO-02117,PROD-00089,50,4673.53,233676.5
POITEM-02118,PO-02118,PROD-00015,13,13899.61,180694.93
POITEM-02119,PO-02119,PROD-00077,13,13503.2,175541.6
POITEM-02120,PO-02120,PROD-00093,14,10452.9,146340.6
POITEM-02121,PO-02121,PROD-00100,8,7978.7,63829.6
POITEM-02122,PO-02122,PROD-00036,35,14758.2,516537.0
POITEM-02123,PO-02123,PROD-00050,43,5554.01,238822.43
POITEM-02124,PO-02124,PROD-00056,21,2458.46,51627.66
POITEM-02125,PO-02125,PROD-00094,18,3678.67,66216.06
POITEM-02126,PO-02126,PROD-00071,26,9102.98,236677.48
POITEM-02127,PO-02127,PROD-00034,12,5558.67,66704.04
POITEM-02128,PO-02128,PROD-00069,41,1648.33,67581.53
POITEM-02129,PO-02129,PROD-00014,47,5700.12,267905.64
POITEM-02130,PO-02130,PROD-00085,8,6640.75,53126.0
POITEM-02131,PO-02131,PROD-00012,15,6111.05,91665.75
POITEM-02132,PO-02132,PROD-00025,28,8927.92,249981.76
POITEM-02133,PO-02133,PROD-00057,26,396.18,10300.68
POITEM-02134,PO-02134,PROD-00098,6,8372.15,50232.9
POITEM-02135,PO-02135,PROD-00008,6,3765.85,22595.1
POITEM-02136,PO-02136,PROD-00031,17,6887.83,117093.11
POITEM-02137,PO-02137,PROD-00029,21,9691.37,203518.77
POITEM-02138,PO-02138,PROD-00037,16,12261.13,196178.08
POITEM-02139,PO-02139,PROD-00032,3,8076.08,24228.24
POITEM-02140,PO-02140,PROD-00027,33,3083.78,101764.74
POITEM-02141,PO-02141,PROD-00012,33,6111.05,201664.65
POITEM-02142,PO-02142,PROD-00056,33,2458.46,81129.18
POITEM-02143,PO-02143,PROD-00043,26,7340.76,190859.76
POITEM-02144,PO-02144,PROD-00091,18,9178.83,165218.94
POITEM-02145,PO-02145,PROD-00064,32,4940.72,158103.04
POITEM-02146,PO-02146,PROD-00044,9,9523.41,85710.69
POITEM-02147,PO-02147,PROD-00060,21,13085.7,274799.7
POITEM-02148,PO-02148,PROD-00099,24,2021.75,48522.0
POITEM-02149,PO-02149,PROD-00033,47,14000.56,658026.32
POITEM-02150,PO-02150,PROD-00021,18,14412.66,259427.88
POITEM-02151,PO-02151,PROD-00056,26,2458.46,63919.96
POITEM-02152,PO-02152,PROD-00073,12,689.69,8276.28
POITEM-02153,PO-02153,PROD-00047,15,6641.49,99622.35
POITEM-02154,PO-02154,PROD-00078,17,6140.68,104391.56
POITEM-02155,PO-02155,PROD-00080,22,6321.18,139065.96
POITEM-02156,PO-02156,PROD-00089,22,4673.53,102817.66
POITEM-02157,PO-02157,PROD-00051,26,1933.5,50271.0
POITEM-02158,PO-02158,PROD-00043,2,7340.76,14681.52
POITEM-02159,PO-02159,PROD-00019,41,4721.23,193570.43
POITEM-02160,PO-02160,PROD-00079,13,4452.44,57881.72
POITEM-02161,PO-02161,PROD-00074,24,7810.81,187459.44
POITEM-02162,PO-02162,PROD-00029,21,9691.37,203518.77
POITEM-02163,PO-02163,PROD-00092,47,6231.25,292868.75
POITEM-02164,PO-02164,PROD-00044,2,9523.41,19046.82
POITEM-02165,PO-02165,PROD-00094,50,3678.67,183933.5
POITEM-02166,PO-02166,PROD-00085,34,6640.75,225785.5
POITEM-02167,PO-02167,PROD-00022,16,2807.73,44923.68
POITEM-02168,PO-02168,PROD-00090,27,390.77,10550.79
POITEM-02169,PO-02169,PROD-00056,29,2458.46,71295.34
POITEM-02170,PO-02170,PROD-00061,43,3013.6,129584.8
POITEM-02171,PO-02171,PROD-00072,40,13495.08,539803.2
POITEM-02172,PO-02172,PROD-00016,22,6359.54,139909.88
POITEM-02173,PO-02173,PROD-00015,41,13899.61,569884.01
POITEM-02174,PO-02174,PROD-00029,21,9691.37,203518.77
POITEM-02175,PO-02175,PROD-00075,41,6483.68,265830.88
POITEM-02176,PO-02176,PROD-00024,40,14125.4,565016.0
POITEM-02177,PO-02177,PROD-00019,29,4721.23,136915.67
POITEM-02178,PO-02178,PROD-00090,48,390.77,18756.96
POITEM-02179,PO-02179,PROD-00085,46,6640.75,305474.5
POITEM-02180,PO-02180,PROD-00025,10,8927.92,89279.2
POITEM-02181,PO-02181,PROD-00025,1,8927.92,8927.92
POITEM-02182,PO-02182,PROD-00024,36,14125.4,508514.4
POITEM-02183,PO-02183,PROD-00067,6,1752.24,10513.44
POITEM-02184,PO-02184,PROD-00039,48,1753.54,84169.92
POITEM-02185,PO-02185,PROD-00020,21,7164.91,150463.11
POITEM-02186,PO-02186,PROD-00098,16,8372.15,133954.4
POITEM-02187,PO-02187,PROD-00033,42,14000.56,588023.52
POITEM-02188,PO-02188,PROD-00016,47,6359.54,298898.38
POITEM-02189,PO-02189,PROD-00047,37,6641.49,245735.13
POITEM-02190,PO-02190,PROD-00046,43,14697.47,631991.21
POITEM-02191,PO-02191,PROD-00046,11,14697.47,161672.17
POITEM-02192,PO-02192,PROD-00092,20,6231.25,124625.0
POITEM-02193,PO-02193,PROD-00021,15,14412.66,216189.9
POITEM-02194,PO-02194,PROD-00086,17,7110.96,120886.32
POITEM-02195,PO-02195,PROD-00009,1,12125.13,12125.13
POITEM-02196,PO-02196,PROD-00079,43,4452.44,191454.92
POITEM-02197,PO-02197,PROD-00069,21,1648.33,34614.93
POITEM-02198,PO-02198,PROD-00095,9,12910.1,116190.9
POITEM-02199,PO-02199,PROD-00019,17,4721.23,80260.91
POITEM-02200,PO-02200,PROD-00044,23,9523.41,219038.43
POITEM-02201,PO-02201,PROD-00009,26,12125.13,315253.38
POITEM-02202,PO-02202,PROD-00025,42,8927.92,374972.64
POITEM-02203,PO-02203,PROD-00049,47,13561.33,637382.51
POITEM-02204,PO-02204,PROD-00065,48,4204.9,201835.2
POITEM-02205,PO-02205,PROD-00062,48,4595.23,220571.04
POITEM-02206,PO-02206,PROD-00005,14,12928.55,180999.7
POITEM-02207,PO-02207,PROD-00013,41,12973.14,531898.74
POITEM-02208,PO-02208,PROD-00064,30,4940.72,148221.6
POITEM-02209,PO-02209,PROD-00002,6,12960.96,77765.76
POITEM-02210,PO-02210,PROD-00006,40,2873.38,114935.2
POITEM-02211,PO-02211,PROD-00005,49,12928.55,633498.95
POITEM-02212,PO-02212,PROD-00005,13,12928.55,168071.15
POITEM-02213,PO-02213,PROD-00097,42,14370.54,603562.68
POITEM-02214,PO-02214,PROD-00014,7,5700.12,39900.84
POITEM-02215,PO-02215,PROD-00070,22,10934.96,240569.12
POITEM-02216,PO-02216,PROD-00017,2,2868.72,5737.44
POITEM-02217,PO-02217,PROD-00085,48,6640.75,318756.0
POITEM-02218,PO-02218,PROD-00022,32,2807.73,89847.36
POITEM-02219,PO-02219,PROD-00090,28,390.77,10941.56
POITEM-02220,PO-02220,PROD-00083,2,12510.03,25020.06
POITEM-02221,PO-02221,PROD-00058,8,13963.97,111711.76
POITEM-02222,PO-02222,PROD-00031,11,6887.83,75766.13
POITEM-02223,PO-02223,PROD-00036,2,14758.2,29516.4
POITEM-02224,PO-02224,PROD-00053,21,3170.9,66588.9
POITEM-02225,PO-02225,PROD-00023,8,12930.74,103445.92
POITEM-02226,PO-02226,PROD-00041,24,9082.33,217975.92
POITEM-02227,PO-02227,PROD-00007,24,6342.68,152224.32
POITEM-02228,PO-02228,PROD-00089,17,4673.53,79450.01
POITEM-02229,PO-02229,PROD-00057,8,396.18,3169.44
POITEM-02230,PO-02230,PROD-00074,18,7810.81,140594.58
POITEM-02231,PO-02231,PROD-00081,1,11228.32,11228.32
POITEM-02232,PO-02232,PROD-00075,7,6483.68,45385.76
POITEM-02233,PO-02233,PROD-00087,29,1294.81,37549.49
POITEM-02234,PO-02234,PROD-00084,19,3172.49,60277.31
POITEM-02235,PO-02235,PROD-00048,8,169.8,1358.4
POITEM-02236,PO-02236,PROD-00075,34,6483.68,220445.12
POITEM-02237,PO-02237,PROD-00030,2,13937.05,27874.1
POITEM-02238,PO-02238,PROD-00033,29,14000.56,406016.24
POITEM-02239,PO-02239,PROD-00017,5,2868.72,14343.6
POITEM-02240,PO-02240,PROD-00094,27,3678.67,99324.09
POITEM-02241,PO-02241,PROD-00090,4,390.77,1563.08
POITEM-02242,PO-02242,PROD-00033,42,14000.56,588023.52
POITEM-02243,PO-02243,PROD-00045,49,78.1,3826.9
POITEM-02244,PO-02244,PROD-00053,5,3170.9,15854.5
POITEM-02245,PO-02245,PROD-00023,38,12930.74,491368.12
POITEM-02246,PO-02246,PROD-00092,42,6231.25,261712.5
POITEM-02247,PO-02247,PROD-00049,39,13561.33,528891.87
POITEM-02248,PO-02248,PROD-00028,32,4002.58,128082.56
POITEM-02249,PO-02249,PROD-00009,12,12125.13,145501.56
POITEM-02250,PO-02250,PROD-00064,19,4940.72,93873.68
POITEM-02251,PO-02251,PROD-00057,28,396.18,11093.04
POITEM-02252,PO-02252,PROD-00001,35,5330.61,186571.35
POITEM-02253,PO-02253,PROD-00030,43,13937.05,599293.15
POITEM-02254,PO-02254,PROD-00041,45,9082.33,408704.85
POITEM-02255,PO-02255,PROD-00099,35,2021.75,70761.25
POITEM-02256,PO-02256,PROD-00077,20,13503.2,270064.0
POITEM-02257,PO-02257,PROD-00054,15,1564.33,23464.95
POITEM-02258,PO-02258,PROD-00067,4,1752.24,7008.96
POITEM-02259,PO-02259,PROD-00003,43,9810.5,421851.5
POITEM-02260,PO-02260,PROD-00032,26,8076.08,209978.08
POITEM-02261,PO-02261,PROD-00045,11,78.1,859.1
POITEM-02262,PO-02262,PROD-00014,38,5700.12,216604.56
POITEM-02263,PO-02263,PROD-00085,46,6640.75,305474.5
POITEM-02264,PO-02264,PROD-00041,32,9082.33,290634.56
POITEM-02265,PO-02265,PROD-00046,36,14697.47,529108.92
POITEM-02266,PO-02266,PROD-00023,42,12930.74,543091.08
POITEM-02267,PO-02267,PROD-00082,40,8547.35,341894.0
POITEM-02268,PO-02268,PROD-00034,33,5558.67,183436.11
POITEM-02269,PO-02269,PROD-00079,25,4452.44,111311.0
POITEM-02270,PO-02270,PROD-00025,9,8927.92,80351.28
POITEM-02271,PO-02271,PROD-00013,15,12973.14,194597.1
POITEM-02272,PO-02272,PROD-00054,29,1564.33,45365.57
POITEM-02273,PO-02273,PROD-00031,20,6887.83,137756.6
POITEM-02274,PO-02274,PROD-00094,41,3678.67,150825.47
POITEM-02275,PO-02275,PROD-00039,27,1753.54,47345.58
POITEM-02276,PO-02276,PROD-00045,33,78.1,2577.3
POITEM-02277,PO-02277,PROD-00048,10,169.8,1698.0
POITEM-02278,PO-02278,PROD-00012,19,6111.05,116109.95
POITEM-02279,PO-02279,PROD-00015,48,13899.61,667181.28
POITEM-02280,PO-02280,PROD-00026,3,9869.16,29607.48
POITEM-02281,PO-02281,PROD-00073,6,689.69,4138.14
POITEM-02282,PO-02282,PROD-00087,12,1294.81,15537.72
POITEM-02283,PO-02283,PROD-00068,40,8719.33,348773.2
POITEM-02284,PO-02284,PROD-00062,33,4595.23,151642.59
POITEM-02285,PO-02285,PROD-00060,43,13085.7,562685.1
POITEM-02286,PO-02286,PROD-00006,44,2873.38,126428.72
POITEM-02287,PO-02287,PROD-00043,8,7340.76,58726.08
POITEM-02288,PO-02288,PROD-00070,49,10934.96,535813.04
POITEM-02289,PO-02289,PROD-00095,42,12910.1,542224.2
POITEM-02290,PO-02290,PROD-00056,1,2458.46,2458.46
POITEM-02291,PO-02291,PROD-00097,4,14370.54,57482.16
POITEM-02292,PO-02292,PROD-00049,40,13561.33,542453.2
POITEM-02293,PO-02293,PROD-00018,11,8698.22,95680.42
POITEM-02294,PO-02294,PROD-00058,35,13963.97,488738.95
POITEM-02295,PO-02295,PROD-00028,2,4002.58,8005.16
POITEM-02296,PO-02296,PROD-00068,12,8719.33,104631.96
POITEM-02297,PO-02297,PROD-00098,39,8372.15,326513.85
POITEM-02298,PO-02298,PROD-00006,12,2873.38,34480.56
POITEM-02299,PO-02299,PROD-00039,20,1753.54,35070.8
POITEM-02300,PO-02300,PROD-00010,18,9790.87,176235.66
POITEM-02301,PO-02301,PROD-00074,34,7810.81,265567.54
POITEM-02302,PO-02302,PROD-00040,34,8309.52,282523.68
POITEM-02303,PO-02303,PROD-00084,37,3172.49,117382.13
POITEM-02304,PO-02304,PROD-00054,27,1564.33,42236.91
POITEM-02305,PO-02305,PROD-00043,4,7340.76,29363.04
POITEM-02306,PO-02306,PROD-00025,23,8927.92,205342.16
POITEM-02307,PO-02307,PROD-00038,11,1576.21,17338.31
POITEM-02308,PO-02308,PROD-00065,36,4204.9,151376.4
POITEM-02309,PO-02309,PROD-00043,3,7340.76,22022.28
POITEM-02310,PO-02310,PROD-00086,22,7110.96,156441.12
POITEM-02311,PO-02311,PROD-00065,29,4204.9,121942.1
POITEM-02312,PO-02312,PROD-00098,16,8372.15,133954.4
POITEM-02313,PO-02313,PROD-00051,25,1933.5,48337.5
POITEM-02314,PO-02314,PROD-00100,5,7978.7,39893.5
POITEM-02315,PO-02315,PROD-00069,13,1648.33,21428.29
POITEM-02316,PO-02316,PROD-00064,40,4940.72,197628.8
POITEM-02317,PO-02317,PROD-00044,48,9523.41,457123.68
POITEM-02318,PO-02318,PROD-00009,5,12125.13,60625.65
POITEM-02319,PO-02319,PROD-00075,17,6483.68,110222.56
POITEM-02320,PO-02320,PROD-00089,31,4673.53,144879.43
POITEM-02321,PO-02321,PROD-00065,44,4204.9,185015.6
POITEM-02322,PO-02322,PROD-00031,30,6887.83,206634.9
POITEM-02323,PO-02323,PROD-00017,38,2868.72,109011.36
POITEM-02324,PO-02324,PROD-00084,9,3172.49,28552.41
POITEM-02325,PO-02325,PROD-00040,3,8309.52,24928.56
POITEM-02326,PO-02326,PROD-00068,42,8719.33,366211.86
POITEM-02327,PO-02327,PROD-00013,10,12973.14,129731.4
POITEM-02328,PO-02328,PROD-00045,34,78.1,2655.4
POITEM-02329,PO-02329,PROD-00004,3,6054.25,18162.75
POITEM-02330,PO-02330,PROD-00084,45,3172.49,142762.05
POITEM-02331,PO-02331,PROD-00036,41,14758.2,605086.2
POITEM-02332,PO-02332,PROD-00044,13,9523.41,123804.33
POITEM-02333,PO-02333,PROD-00042,42,10320.27,433451.34
POITEM-02334,PO-02334,PROD-00052,27,13487.25,364155.75
POITEM-02335,PO-02335,PROD-00039,44,1753.54,77155.76
POITEM-02336,PO-02336,PROD-00020,1,7164.91,7164.91
POITEM-02337,PO-02337,PROD-00032,22,8076.08,177673.76
POITEM-02338,PO-02338,PROD-00073,5,689.69,3448.45
POITEM-02339,PO-02339,PROD-00061,15,3013.6,45204.0
POITEM-02340,PO-02340,PROD-00100,38,7978.7,303190.6
POITEM-02341,PO-02341,PROD-00073,49,689.69,33794.81
POITEM-02342,PO-02342,PROD-00095,35,12910.1,451853.5
POITEM-02343,PO-02343,PROD-00004,15,6054.25,90813.75
POITEM-02344,PO-02344,PROD-00060,24,13085.7,314056.8
POITEM-02345,PO-02345,PROD-00060,30,13085.7,392571.0
POITEM-02346,PO-02346,PROD-00080,45,6321.18,284453.1
POITEM-02347,PO-02347,PROD-00009,25,12125.13,303128.25
POITEM-02348,PO-02348,PROD-00068,30,8719.33,261579.9
POITEM-02349,PO-02349,PROD-00082,6,8547.35,51284.1
POITEM-02350,PO-02350,PROD-00011,7,13897.35,97281.45
POITEM-02351,PO-02351,PROD-00009,9,12125.13,109126.17
POITEM-02352,PO-02352,PROD-00045,38,78.1,2967.8
POITEM-02353,PO-02353,PROD-00013,36,12973.14,467033.04
POITEM-02354,PO-02354,PROD-00002,9,12960.96,116648.64
POITEM-02355,PO-02355,PROD-00003,37,9810.5,362988.5
POITEM-02356,PO-02356,PROD-00038,27,1576.21,42557.67
POITEM-02357,PO-02357,PROD-00069,31,1648.33,51098.23
POITEM-02358,PO-02358,PROD-00002,4,12960.96,51843.84
POITEM-02359,PO-02359,PROD-00091,6,9178.83,55072.98
POITEM-02360,PO-02360,PROD-00036,31,14758.2,457504.2
POITEM-02361,PO-02361,PROD-00088,24,12280.89,294741.36
POITEM-02362,PO-02362,PROD-00063,6,379.37,2276.22
POITEM-02363,PO-02363,PROD-00082,13,8547.35,111115.55
POITEM-02364,PO-02364,PROD-00016,1,6359.54,6359.54
POITEM-02365,PO-02365,PROD-00048,46,169.8,7810.8
POITEM-02366,PO-02366,PROD-00038,30,1576.21,47286.3
POITEM-02367,PO-02367,PROD-00069,31,1648.33,51098.23
POITEM-02368,PO-02368,PROD-00032,20,8076.08,161521.6
POITEM-02369,PO-02369,PROD-00049,3,13561.33,40683.99
POITEM-02370,PO-02370,PROD-00027,14,3083.78,43172.92
POITEM-02371,PO-02371,PROD-00055,10,11248.43,112484.3
POITEM-02372,PO-02372,PROD-00064,28,4940.72,138340.16
POITEM-02373,PO-02373,PROD-00075,20,6483.68,129673.6
POITEM-02374,PO-02374,PROD-00073,4,689.69,2758.76
POITEM-02375,PO-02375,PROD-00090,24,390.77,9378.48
POITEM-02376,PO-02376,PROD-00006,37,2873.38,106315.06
POITEM-02377,PO-02377,PROD-00017,3,2868.72,8606.16
POITEM-02378,PO-02378,PROD-00085,6,6640.75,39844.5
POITEM-02379,PO-02379,PROD-00074,10,7810.81,78108.1
POITEM-02380,PO-02380,PROD-00089,12,4673.53,56082.36
POITEM-02381,PO-02381,PROD-00060,18,13085.7,235542.6
POITEM-02382,PO-02382,PROD-00019,29,4721.23,136915.67
POITEM-02383,PO-02383,PROD-00037,4,12261.13,49044.52
POITEM-02384,PO-02384,PROD-00040,44,8309.52,365618.88
POITEM-02385,PO-02385,PROD-00033,7,14000.56,98003.92
POITEM-02386,PO-02386,PROD-00013,46,12973.14,596764.44
POITEM-02387,PO-02387,PROD-00095,19,12910.1,245291.9
POITEM-02388,PO-02388,PROD-00028,8,4002.58,32020.64
POITEM-02389,PO-02389,PROD-00022,40,2807.73,112309.2
POITEM-02390,PO-02390,PROD-00007,7,6342.68,44398.76
POITEM-02391,PO-02391,PROD-00053,44,3170.9,139519.6
POITEM-02392,PO-02392,PROD-00044,27,9523.41,257132.07
POITEM-02393,PO-02393,PROD-00026,5,9869.16,49345.8
POITEM-02394,PO-02394,PROD-00027,31,3083.78,95597.18
POITEM-02395,PO-02395,PROD-00069,38,1648.33,62636.54
POITEM-02396,PO-02396,PROD-00008,25,3765.85,94146.25
POITEM-02397,PO-02397,PROD-00087,23,1294.81,29780.63
POITEM-02398,PO-02398,PROD-00045,26,78.1,2030.6
POITEM-02399,PO-02399,PROD-00033,41,14000.56,574022.96
POITEM-02400,PO-02400,PROD-00001,1,5330.61,5330.61
POITEM-02401,PO-02401,PROD-00015,23,13899.61,319691.03
POITEM-02402,PO-02402,PROD-00072,6,13495.08,80970.48
POITEM-02403,PO-02403,PROD-00092,22,6231.25,137087.5
POITEM-02404,PO-02404,PROD-00048,21,169.8,3565.8
POITEM-02405,PO-02405,PROD-00079,20,4452.44,89048.8
POITEM-02406,PO-02406,PROD-00093,45,10452.9,470380.5
POITEM-02407,PO-02407,PROD-00070,30,10934.96,328048.8
POITEM-02408,PO-02408,PROD-00026,15,9869.16,148037.4
POITEM-02409,PO-02409,PROD-00095,42,12910.1,542224.2
POITEM-02410,PO-02410,PROD-00058,37,13963.97,516666.89
POITEM-02411,PO-02411,PROD-00010,33,9790.87,323098.71
POITEM-02412,PO-02412,PROD-00058,21,13963.97,293243.37
POITEM-02413,PO-02413,PROD-00042,3,10320.27,30960.81
POITEM-02414,PO-02414,PROD-00099,14,2021.75,28304.5
POITEM-02415,PO-02415,PROD-00060,18,13085.7,235542.6
POITEM-02416,PO-02416,PROD-00033,47,14000.56,658026.32
POITEM-02417,PO-02417,PROD-00017,19,2868.72,54505.68
POITEM-02418,PO-02418,PROD-00049,18,13561.33,244103.94
POITEM-02419,PO-02419,PROD-00087,8,1294.81,10358.48
POITEM-02420,PO-02420,PROD-00014,9,5700.12,51301.08
POITEM-02421,PO-02421,PROD-00070,45,10934.96,492073.2
POITEM-02422,PO-02422,PROD-00055,45,11248.43,506179.35
POITEM-02423,PO-02423,PROD-00020,6,7164.91,42989.46
POITEM-02424,PO-02424,PROD-00037,4,12261.13,49044.52
POITEM-02425,PO-02425,PROD-00014,7,5700.12,39900.84
POITEM-02426,PO-02426,PROD-00028,6,4002.58,24015.48
POITEM-02427,PO-02427,PROD-00005,11,12928.55,142214.05
POITEM-02428,PO-02428,PROD-00054,18,1564.33,28157.94
POITEM-02429,PO-02429,PROD-00016,8,6359.54,50876.32
POITEM-02430,PO-02430,PROD-00033,27,14000.56,378015.12
POITEM-02431,PO-02431,PROD-00080,10,6321.18,63211.8
POITEM-02432,PO-02432,PROD-00020,50,7164.91,358245.5
POITEM-02433,PO-02433,PROD-00012,13,6111.05,79443.65
POITEM-02434,PO-02434,PROD-00094,42,3678.67,154504.14
POITEM-02435,PO-02435,PROD-00013,9,12973.14,116758.26
POITEM-02436,PO-02436,PROD-00075,43,6483.68,278798.24
POITEM-02437,PO-02437,PROD-00042,7,10320.27,72241.89
POITEM-02438,PO-02438,PROD-00045,7,78.1,546.7
POITEM-02439,PO-02439,PROD-00074,6,7810.81,46864.86
POITEM-02440,PO-02440,PROD-00074,9,7810.81,70297.29
POITEM-02441,PO-02441,PROD-00027,35,3083.78,107932.3
POITEM-02442,PO-02442,PROD-00078,5,6140.68,30703.4
POITEM-02443,PO-02443,PROD-00034,18,5558.67,100056.06
POITEM-02444,PO-02444,PROD-00073,22,689.69,15173.18
POITEM-02445,PO-02445,PROD-00093,13,10452.9,135887.7
POITEM-02446,PO-02446,PROD-00064,25,4940.72,123518.0
POITEM-02447,PO-02447,PROD-00064,12,4940.72,59288.64
POITEM-02448,PO-02448,PROD-00007,20,6342.68,126853.6
POITEM-02449,PO-02449,PROD-00075,37,6483.68,239896.16
POITEM-02450,PO-02450,PROD-00047,30,6641.49,199244.7
POITEM-02451,PO-02451,PROD-00067,8,1752.24,14017.92
POITEM-02452,PO-02452,PROD-00043,35,7340.76,256926.6
POITEM-02453,PO-02453,PROD-00020,14,7164.91,100308.74
POITEM-02454,PO-02454,PROD-00096,15,6391.56,95873.4
POITEM-02455,PO-02455,PROD-00014,11,5700.12,62701.32
POITEM-02456,PO-02456,PROD-00078,18,6140.68,110532.24
POITEM-02457,PO-02457,PROD-00011,33,13897.35,458612.55
POITEM-02458,PO-02458,PROD-00079,13,4452.44,57881.72
POITEM-02459,PO-02459,PROD-00097,10,14370.54,143705.4
POITEM-02460,PO-02460,PROD-00068,44,8719.33,383650.52
POITEM-02461,PO-02461,PROD-00086,42,7110.96,298660.32
POITEM-02462,PO-02462,PROD-00025,21,8927.92,187486.32
POITEM-02463,PO-02463,PROD-00031,47,6887.83,323728.01
POITEM-02464,PO-02464,PROD-00007,28,6342.68,177595.04
POITEM-02465,PO-02465,PROD-00066,34,14717.72,500402.48
POITEM-02466,PO-02466,PROD-00071,25,9102.98,227574.5
POITEM-02467,PO-02467,PROD-00052,39,13487.25,526002.75
POITEM-02468,PO-02468,PROD-00041,23,9082.33,208893.59
POITEM-02469,PO-02469,PROD-00080,50,6321.18,316059.0
POITEM-02470,PO-02470,PROD-00086,19,7110.96,135108.24
POITEM-02471,PO-02471,PROD-00031,28,6887.83,192859.24
POITEM-02472,PO-02472,PROD-00061,30,3013.6,90408.0
POITEM-02473,PO-02473,PROD-00031,11,6887.83,75766.13
POITEM-02474,PO-02474,PROD-00073,10,689.69,6896.9
POITEM-02475,PO-02475,PROD-00087,12,1294.81,15537.72
POITEM-02476,PO-02476,PROD-00091,31,9178.83,284543.73
POITEM-02477,PO-02477,PROD-00075,10,6483.68,64836.8
POITEM-02478,PO-02478,PROD-00046,17,14697.47,249856.99
POITEM-02479,PO-02479,PROD-00002,44,12960.96,570282.24
POITEM-02480,PO-02480,PROD-00033,12,14000.56,168006.72
POITEM-02481,PO-02481,PROD-00073,47,689.69,32415.43
POITEM-02482,PO-02482,PROD-00079,26,4452.44,115763.44
POITEM-02483,PO-02483,PROD-00094,21,3678.67,77252.07
POITEM-02484,PO-02484,PROD-00074,43,7810.81,335864.83
POITEM-02485,PO-02485,PROD-00029,26,9691.37,251975.62
POITEM-02486,PO-02486,PROD-00003,31,9810.5,304125.5
POITEM-02487,PO-02487,PROD-00018,43,8698.22,374023.46
POITEM-02488,PO-02488,PROD-00009,50,12125.13,606256.5
POITEM-02489,PO-02489,PROD-00037,6,12261.13,73566.78
POITEM-02490,PO-02490,PROD-00068,23,8719.33,200544.59
POITEM-02491,PO-02491,PROD-00056,28,2458.46,68836.88
POITEM-02492,PO-02492,PROD-00048,43,169.8,7301.4
POITEM-02493,PO-02493,PROD-00070,40,10934.96,437398.4
POITEM-02494,PO-02494,PROD-00048,5,169.8,849.0
POITEM-02495,PO-02495,PROD-00035,9,12510.33,112592.97
POITEM-02496,PO-02496,PROD-00085,35,6640.75,232426.25
POITEM-02497,PO-02497,PROD-00035,45,12510.33,562964.85
POITEM-02498,PO-02498,PROD-00028,20,4002.58,80051.6
POITEM-02499,PO-02499,PROD-00056,8,2458.46,19667.68
POITEM-02500,PO-02500,PROD-00025,19,8927.92,169630.48
POITEM-02501,PO-02501,PROD-00043,9,7340.76,66066.84
POITEM-02502,PO-02502,PROD-00072,32,13495.08,431842.56
POITEM-02503,PO-02503,PROD-00007,23,6342.68,145881.64
POITEM-02504,PO-02504,PROD-00040,23,8309.52,191118.96
POITEM-02505,PO-02505,PROD-00067,18,1752.24,31540.32
POITEM-02506,PO-02506,PROD-00083,42,12510.03,525421.26
POITEM-02507,PO-02507,PROD-00066,38,14717.72,559273.36
POITEM-02508,PO-02508,PROD-00064,11,4940.72,54347.92
POITEM-02509,PO-02509,PROD-00068,19,8719.33,165667.27
POITEM-02510,PO-02510,PROD-00021,16,14412.66,230602.56
POITEM-02511,PO-02511,PROD-00019,5,4721.23,23606.15
POITEM-02512,PO-02512,PROD-00072,49,13495.08,661258.92
POITEM-02513,PO-02513,PROD-00042,18,10320.27,185764.86
POITEM-02514,PO-02514,PROD-00052,4,13487.25,53949.0
POITEM-02515,PO-02515,PROD-00016,43,6359.54,273460.22
POITEM-02516,PO-02516,PROD-00013,29,12973.14,376221.06
POITEM-02517,PO-02517,PROD-00079,34,4452.44,151382.96
POITEM-02518,PO-02518,PROD-00040,50,8309.52,415476.0
POITEM-02519,PO-02519,PROD-00009,20,12125.13,242502.6
POITEM-02520,PO-02520,PROD-00073,2,689.69,1379.38
POITEM-02521,PO-02521,PROD-00084,22,3172.49,69794.78
POITEM-02522,PO-02522,PROD-00037,38,12261.13,465922.94
POITEM-02523,PO-02523,PROD-00035,40,12510.33,500413.2
POITEM-02524,PO-02524,PROD-00059,17,2408.99,40952.83
POITEM-02525,PO-02525,PROD-00031,36,6887.83,247961.88
POITEM-02526,PO-02526,PROD-00086,43,7110.96,305771.28
POITEM-02527,PO-02527,PROD-00076,17,4725.89,80340.13
POITEM-02528,PO-02528,PROD-00071,38,9102.98,345913.24
POITEM-02529,PO-02529,PROD-00036,46,14758.2,678877.2
POITEM-02530,PO-02530,PROD-00019,10,4721.23,47212.3
POITEM-02531,PO-02531,PROD-00039,13,1753.54,22796.02
POITEM-02532,PO-02532,PROD-00097,24,14370.54,344892.96
POITEM-02533,PO-02533,PROD-00083,22,12510.03,275220.66
POITEM-02534,PO-02534,PROD-00019,40,4721.23,188849.2
POITEM-02535,PO-02535,PROD-00100,7,7978.7,55850.9
POITEM-02536,PO-02536,PROD-00047,30,6641.49,199244.7
POITEM-02537,PO-02537,PROD-00043,28,7340.76,205541.28
POITEM-02538,PO-02538,PROD-00042,18,10320.27,185764.86
POITEM-02539,PO-02539,PROD-00049,36,13561.33,488207.88
POITEM-02540,PO-02540,PROD-00100,9,7978.7,71808.3
POITEM-02541,PO-02541,PROD-00032,6,8076.08,48456.48
POITEM-02542,PO-02542,PROD-00024,4,14125.4,56501.6
POITEM-02543,PO-02543,PROD-00044,31,9523.41,295225.71
POITEM-02544,PO-02544,PROD-00073,12,689.69,8276.28
POITEM-02545,PO-02545,PROD-00001,10,5330.61,53306.1
POITEM-02546,PO-02546,PROD-00074,10,7810.81,78108.1
POITEM-02547,PO-02547,PROD-00057,19,396.18,7527.42
POITEM-02548,PO-02548,PROD-00081,37,11228.32,415447.84
POITEM-02549,PO-02549,PROD-00026,8,9869.16,78953.28
POITEM-02550,PO-02550,PROD-00003,48,9810.5,470904.0
POITEM-02551,PO-02551,PROD-00056,41,2458.46,100796.86
POITEM-02552,PO-02552,PROD-00006,45,2873.38,129302.1
POITEM-02553,PO-02553,PROD-00092,32,6231.25,199400.0
POITEM-02554,PO-02554,PROD-00012,2,6111.05,12222.1
POITEM-02555,PO-02555,PROD-00012,44,6111.05,268886.2
POITEM-02556,PO-02556,PROD-00035,45,12510.33,562964.85
POITEM-02557,PO-02557,PROD-00018,20,8698.22,173964.4
POITEM-02558,PO-02558,PROD-00095,30,12910.1,387303.0
POITEM-02559,PO-02559,PROD-00068,44,8719.33,383650.52
POITEM-02560,PO-02560,PROD-00011,45,13897.35,625380.75
POITEM-02561,PO-02561,PROD-00082,21,8547.35,179494.35
POITEM-02562,PO-02562,PROD-00007,11,6342.68,69769.48
POITEM-02563,PO-02563,PROD-00006,6,2873.38,17240.28
POITEM-02564,PO-02564,PROD-00043,10,7340.76,73407.6
POITEM-02565,PO-02565,PROD-00077,38,13503.2,513121.6
POITEM-02566,PO-02566,PROD-00026,10,9869.16,98691.6
POITEM-02567,PO-02567,PROD-00018,5,8698.22,43491.1
POITEM-02568,PO-02568,PROD-00007,14,6342.68,88797.52
POITEM-02569,PO-02569,PROD-00089,15,4673.53,70102.95
POITEM-02570,PO-02570,PROD-00034,12,5558.67,66704.04
POITEM-02571,PO-02571,PROD-00061,10,3013.6,30136.0
POITEM-02572,PO-02572,PROD-00016,49,6359.54,311617.46
POITEM-02573,PO-02573,PROD-00018,20,8698.22,173964.4
POITEM-02574,PO-02574,PROD-00072,29,13495.08,391357.32
POITEM-02575,PO-02575,PROD-00079,41,4452.44,182550.04
POITEM-02576,PO-02576,PROD-00094,9,3678.67,33108.03
POITEM-02577,PO-02577,PROD-00021,12,14412.66,172951.92
POITEM-02578,PO-02578,PROD-00042,40,10320.27,412810.8
POITEM-02579,PO-02579,PROD-00098,8,8372.15,66977.2
POITEM-02580,PO-02580,PROD-00052,18,13487.25,242770.5
POITEM-02581,PO-02581,PROD-00006,2,2873.38,5746.76
POITEM-02582,PO-02582,PROD-00086,11,7110.96,78220.56
POITEM-02583,PO-02583,PROD-00081,22,11228.32,247023.04
POITEM-02584,PO-02584,PROD-00053,21,3170.9,66588.9
POITEM-02585,PO-02585,PROD-00048,23,169.8,3905.4
POITEM-02586,PO-02586,PROD-00050,4,5554.01,22216.04
POITEM-02587,PO-02587,PROD-00090,16,390.77,6252.32
POITEM-02588,PO-02588,PROD-00064,14,4940.72,69170.08
POITEM-02589,PO-02589,PROD-00029,8,9691.37,77530.96
POITEM-02590,PO-02590,PROD-00049,36,13561.33,488207.88
POITEM-02591,PO-02591,PROD-00040,11,8309.52,91404.72
POITEM-02592,PO-02592,PROD-00004,15,6054.25,90813.75
POITEM-02593,PO-02593,PROD-00039,31,1753.54,54359.74
POITEM-02594,PO-02594,PROD-00006,3,2873.38,8620.14
POITEM-02595,PO-02595,PROD-00049,7,13561.33,94929.31
POITEM-02596,PO-02596,PROD-00057,29,396.18,11489.22
POITEM-02597,PO-02597,PROD-00029,38,9691.37,368272.06
POITEM-02598,PO-02598,PROD-00050,12,5554.01,66648.12
POITEM-02599,PO-02599,PROD-00050,26,5554.01,144404.26
POITEM-02600,PO-02600,PROD-00087,14,1294.81,18127.34
POITEM-02601,PO-02601,PROD-00098,28,8372.15,234420.2
POITEM-02602,PO-02602,PROD-00085,2,6640.75,13281.5
POITEM-02603,PO-02603,PROD-00013,5,12973.14,64865.7
POITEM-02604,PO-02604,PROD-00085,30,6640.75,199222.5
POITEM-02605,PO-02605,PROD-00054,19,1564.33,29722.27
POITEM-02606,PO-02606,PROD-00077,8,13503.2,108025.6
POITEM-02607,PO-02607,PROD-00017,26,2868.72,74586.72
POITEM-02608,PO-02608,PROD-00053,19,3170.9,60247.1
POITEM-02609,PO-02609,PROD-00093,3,10452.9,31358.7
POITEM-02610,PO-02610,PROD-00019,39,4721.23,184127.97
POITEM-02611,PO-02611,PROD-00013,34,12973.14,441086.76
POITEM-02612,PO-02612,PROD-00024,43,14125.4,607392.2
POITEM-02613,PO-02613,PROD-00018,39,8698.22,339230.58
POITEM-02614,PO-02614,PROD-00056,10,2458.46,24584.6
POITEM-02615,PO-02615,PROD-00033,44,14000.56,616024.64
POITEM-02616,PO-02616,PROD-00038,42,1576.21,66200.82
POITEM-02617,PO-02617,PROD-00046,13,14697.47,191067.11
POITEM-02618,PO-02618,PROD-00055,47,11248.43,528676.21
POITEM-02619,PO-02619,PROD-00021,2,14412.66,28825.32
POITEM-02620,PO-02620,PROD-00064,19,4940.72,93873.68
POITEM-02621,PO-02621,PROD-00052,18,13487.25,242770.5
POITEM-02622,PO-02622,PROD-00068,25,8719.33,217983.25
POITEM-02623,PO-02623,PROD-00086,31,7110.96,220439.76
POITEM-02624,PO-02624,PROD-00008,22,3765.85,82848.7
POITEM-02625,PO-02625,PROD-00054,25,1564.33,39108.25
POITEM-02626,PO-02626,PROD-00079,21,4452.44,93501.24
POITEM-02627,PO-02627,PROD-00044,9,9523.41,85710.69
POITEM-02628,PO-02628,PROD-00054,1,1564.33,1564.33
POITEM-02629,PO-02629,PROD-00030,50,13937.05,696852.5
POITEM-02630,PO-02630,PROD-00065,42,4204.9,176605.8
POITEM-02631,PO-02631,PROD-00025,36,8927.92,321405.12
POITEM-02632,PO-02632,PROD-00001,9,5330.61,47975.49
POITEM-02633,PO-02633,PROD-00013,24,12973.14,311355.36
POITEM-02634,PO-02634,PROD-00095,4,12910.1,51640.4
POITEM-02635,PO-02635,PROD-00042,15,10320.27,154804.05
POITEM-02636,PO-02636,PROD-00038,48,1576.21,75658.08
POITEM-02637,PO-02637,PROD-00091,45,9178.83,413047.35
POITEM-02638,PO-02638,PROD-00088,3,12280.89,36842.67
POITEM-02639,PO-02639,PROD-00019,34,4721.23,160521.82
POITEM-02640,PO-02640,PROD-00018,39,8698.22,339230.58
POITEM-02641,PO-02641,PROD-00033,36,14000.56,504020.16
POITEM-02642,PO-02642,PROD-00072,36,13495.08,485822.88
POITEM-02643,PO-02643,PROD-00002,20,12960.96,259219.2
POITEM-02644,PO-02644,PROD-00046,7,14697.47,102882.29
POITEM-02645,PO-02645,PROD-00015,25,13899.61,347490.25
POITEM-02646,PO-02646,PROD-00041,38,9082.33,345128.54
POITEM-02647,PO-02647,PROD-00047,37,6641.49,245735.13
POITEM-02648,PO-02648,PROD-00099,37,2021.75,74804.75
POITEM-02649,PO-02649,PROD-00016,22,6359.54,139909.88
POITEM-02650,PO-02650,PROD-00079,6,4452.44,26714.64
POITEM-02651,PO-02651,PROD-00039,25,1753.54,43838.5
POITEM-02652,PO-02652,PROD-00093,24,10452.9,250869.6
POITEM-02653,PO-02653,PROD-00012,34,6111.05,207775.7
POITEM-02654,PO-02654,PROD-00058,30,13963.97,418919.1
POITEM-02655,PO-02655,PROD-00071,39,9102.98,355016.22
POITEM-02656,PO-02656,PROD-00069,20,1648.33,32966.6
POITEM-02657,PO-02657,PROD-00068,32,8719.33,279018.56
POITEM-02658,PO-02658,PROD-00078,47,6140.68,288611.96
POITEM-02659,PO-02659,PROD-00050,8,5554.01,44432.08
POITEM-02660,PO-02660,PROD-00008,1,3765.85,3765.85
POITEM-02661,PO-02661,PROD-00072,30,13495.08,404852.4
POITEM-02662,PO-02662,PROD-00021,38,14412.66,547681.08
POITEM-02663,PO-02663,PROD-00100,49,7978.7,390956.3
POITEM-02664,PO-02664,PROD-00015,26,13899.61,361389.86
POITEM-02665,PO-02665,PROD-00079,1,4452.44,4452.44
POITEM-02666,PO-02666,PROD-00061,23,3013.6,69312.8
POITEM-02667,PO-02667,PROD-00066,35,14717.72,515120.2
POITEM-02668,PO-02668,PROD-00045,14,78.1,1093.4
POITEM-02669,PO-02669,PROD-00068,14,8719.33,122070.62
POITEM-02670,PO-02670,PROD-00058,33,13963.97,460811.01
POITEM-02671,PO-02671,PROD-00036,4,14758.2,59032.8
POITEM-02672,PO-02672,PROD-00053,19,3170.9,60247.1
POITEM-02673,PO-02673,PROD-00087,16,1294.81,20716.96
POITEM-02674,PO-02674,PROD-00091,16,9178.83,146861.28
POITEM-02675,PO-02675,PROD-00085,30,6640.75,199222.5
POITEM-02676,PO-02676,PROD-00035,27,12510.33,337778.91
POITEM-02677,PO-02677,PROD-00092,17,6231.25,105931.25
POITEM-02678,PO-02678,PROD-00051,21,1933.5,40603.5
POITEM-02679,PO-02679,PROD-00019,24,4721.23,113309.52
POITEM-02680,PO-02680,PROD-00088,32,12280.89,392988.48
POITEM-02681,PO-02681,PROD-00068,9,8719.33,78473.97
POITEM-02682,PO-02682,PROD-00009,8,12125.13,97001.04
POITEM-02683,PO-02683,PROD-00030,3,13937.05,41811.15
POITEM-02684,PO-02684,PROD-00053,37,3170.9,117323.3
POITEM-02685,PO-02685,PROD-00047,8,6641.49,53131.92
POITEM-02686,PO-02686,PROD-00050,30,5554.01,166620.3
POITEM-02687,PO-02687,PROD-00044,8,9523.41,76187.28
POITEM-02688,PO-02688,PROD-00005,38,12928.55,491284.9
POITEM-02689,PO-02689,PROD-00032,42,8076.08,339195.36
POITEM-02690,PO-02690,PROD-00095,1,12910.1,12910.1
POITEM-02691,PO-02691,PROD-00079,8,4452.44,35619.52
POITEM-02692,PO-02692,PROD-00090,9,390.77,3516.93
POITEM-02693,PO-02693,PROD-00024,11,14125.4,155379.4
POITEM-02694,PO-02694,PROD-00009,29,12125.13,351628.77
POITEM-02695,PO-02695,PROD-00054,45,1564.33,70394.85
POITEM-02696,PO-02696,PROD-00021,50,14412.66,720633.0
POITEM-02697,PO-02697,PROD-00096,7,6391.56,44740.92
POITEM-02698,PO-02698,PROD-00023,47,12930.74,607744.78
POITEM-02699,PO-02699,PROD-00030,14,13937.05,195118.7
POITEM-02700,PO-02700,PROD-00069,19,1648.33,31318.27
POITEM-02701,PO-02701,PROD-00053,4,3170.9,12683.6
POITEM-02702,PO-02702,PROD-00007,14,6342.68,88797.52
POITEM-02703,PO-02703,PROD-00097,11,14370.54,158075.94
POITEM-02704,PO-02704,PROD-00036,27,14758.2,398471.4
POITEM-02705,PO-02705,PROD-00059,2,2408.99,4817.98
POITEM-02706,PO-02706,PROD-00057,32,396.18,12677.76
POITEM-02707,PO-02707,PROD-00010,40,9790.87,391634.8
POITEM-02708,PO-02708,PROD-00093,7,10452.9,73170.3
POITEM-02709,PO-02709,PROD-00035,25,12510.33,312758.25
POITEM-02710,PO-02710,PROD-00002,48,12960.96,622126.08
POITEM-02711,PO-02711,PROD-00008,31,3765.85,116741.35
POITEM-02712,PO-02712,PROD-00093,15,10452.9,156793.5
POITEM-02713,PO-02713,PROD-00025,26,8927.92,232125.92
POITEM-02714,PO-02714,PROD-00097,47,14370.54,675415.38
POITEM-02715,PO-02715,PROD-00097,12,14370.54,172446.48
POITEM-02716,PO-02716,PROD-00066,23,14717.72,338507.56
POITEM-02717,PO-02717,PROD-00045,39,78.1,3045.9
POITEM-02718,PO-02718,PROD-00072,38,13495.08,512813.04
POITEM-02719,PO-02719,PROD-00073,43,689.69,29656.67
POITEM-02720,PO-02720,PROD-00073,47,689.69,32415.43
POITEM-02721,PO-02721,PROD-00085,27,6640.75,179300.25
POITEM-02722,PO-02722,PROD-00062,20,4595.23,91904.6
POITEM-02723,PO-02723,PROD-00016,6,6359.54,38157.24
POITEM-02724,PO-02724,PROD-00014,9,5700.12,51301.08
POITEM-02725,PO-02725,PROD-00068,49,8719.33,427247.17
POITEM-02726,PO-02726,PROD-00025,15,8927.92,133918.8
POITEM-02727,PO-02727,PROD-00001,11,5330.61,58636.71
POITEM-02728,PO-02728,PROD-00077,1,13503.2,13503.2
POITEM-02729,PO-02729,PROD-00058,1,13963.97,13963.97
POITEM-02730,PO-02730,PROD-00099,2,2021.75,4043.5
POITEM-02731,PO-02731,PROD-00065,8,4204.9,33639.2
POITEM-02732,PO-02732,PROD-00009,8,12125.13,97001.04
POITEM-02733,PO-02733,PROD-00088,37,12280.89,454392.93
POITEM-02734,PO-02734,PROD-00067,38,1752.24,66585.12
POITEM-02735,PO-02735,PROD-00065,20,4204.9,84098.0
POITEM-02736,PO-02736,PROD-00050,3,5554.01,16662.03
POITEM-02737,PO-02737,PROD-00028,16,4002.58,64041.28
POITEM-02738,PO-02738,PROD-00061,39,3013.6,117530.4
POITEM-02739,PO-02739,PROD-00039,10,1753.54,17535.4
POITEM-02740,PO-02740,PROD-00009,21,12125.13,254627.73
POITEM-02741,PO-02741,PROD-00095,37,12910.1,477673.7
POITEM-02742,PO-02742,PROD-00019,29,4721.23,136915.67
POITEM-02743,PO-02743,PROD-00074,47,7810.81,367108.07
POITEM-02744,PO-02744,PROD-00040,15,8309.52,124642.8
POITEM-02745,PO-02745,PROD-00050,23,5554.01,127742.23
POITEM-02746,PO-02746,PROD-00092,23,6231.25,143318.75
POITEM-02747,PO-02747,PROD-00030,2,13937.05,27874.1
POITEM-02748,PO-02748,PROD-00086,36,7110.96,255994.56
POITEM-02749,PO-02749,PROD-00071,41,9102.98,373222.18
POITEM-02750,PO-02750,PROD-00006,3,2873.38,8620.14
POITEM-02751,PO-02751,PROD-00062,4,4595.23,18380.92
POITEM-02752,PO-02752,PROD-00028,47,4002.58,188121.26
POITEM-02753,PO-02753,PROD-00055,5,11248.43,56242.15
POITEM-02754,PO-02754,PROD-00026,1,9869.16,9869.16
POITEM-02755,PO-02755,PROD-00047,20,6641.49,132829.8
POITEM-02756,PO-02756,PROD-00030,15,13937.05,209055.75
POITEM-02757,PO-02757,PROD-00029,16,9691.37,155061.92
POITEM-02758,PO-02758,PROD-00001,16,5330.61,85289.76
POITEM-02759,PO-02759,PROD-00011,21,13897.35,291844.35
POITEM-02760,PO-02760,PROD-00053,33,3170.9,104639.7
POITEM-02761,PO-02761,PROD-00079,5,4452.44,22262.2
POITEM-02762,PO-02762,PROD-00013,19,12973.14,246489.66
POITEM-02763,PO-02763,PROD-00054,1,1564.33,1564.33
POITEM-02764,PO-02764,PROD-00015,10,13899.61,138996.1
POITEM-02765,PO-02765,PROD-00011,27,13897.35,375228.45
POITEM-02766,PO-02766,PROD-00005,41,12928.55,530070.55
POITEM-02767,PO-02767,PROD-00064,2,4940.72,9881.44
POITEM-02768,PO-02768,PROD-00040,43,8309.52,357309.36
POITEM-02769,PO-02769,PROD-00050,30,5554.01,166620.3
POITEM-02770,PO-02770,PROD-00029,19,9691.37,184136.03
POITEM-02771,PO-02771,PROD-00099,35,2021.75,70761.25
POITEM-02772,PO-02772,PROD-00069,3,1648.33,4944.99
POITEM-02773,PO-02773,PROD-00097,6,14370.54,86223.24
POITEM-02774,PO-02774,PROD-00057,20,396.18,7923.6
POITEM-02775,PO-02775,PROD-00024,47,14125.4,663893.8
POITEM-02776,PO-02776,PROD-00012,13,6111.05,79443.65
POITEM-02777,PO-02777,PROD-00069,6,1648.33,9889.98
POITEM-02778,PO-02778,PROD-00040,7,8309.52,58166.64
POITEM-02779,PO-02779,PROD-00043,27,7340.76,198200.52
POITEM-02780,PO-02780,PROD-00072,49,13495.08,661258.92
POITEM-02781,PO-02781,PROD-00071,34,9102.98,309501.32
POITEM-02782,PO-02782,PROD-00056,22,2458.46,54086.12
POITEM-02783,PO-02783,PROD-00063,44,379.37,16692.28
POITEM-02784,PO-02784,PROD-00091,39,9178.83,357974.37
POITEM-02785,PO-02785,PROD-00022,36,2807.73,101078.28
POITEM-02786,PO-02786,PROD-00080,49,6321.18,309737.82
POITEM-02787,PO-02787,PROD-00069,13,1648.33,21428.29
POITEM-02788,PO-02788,PROD-00092,12,6231.25,74775.0
POITEM-02789,PO-02789,PROD-00021,1,14412.66,14412.66
POITEM-02790,PO-02790,PROD-00039,11,1753.54,19288.94
POITEM-02791,PO-02791,PROD-00046,43,14697.47,631991.21
POITEM-02792,PO-02792,PROD-00076,25,4725.89,118147.25
POITEM-02793,PO-02793,PROD-00019,37,4721.23,174685.51
POITEM-02794,PO-02794,PROD-00043,27,7340.76,198200.52
POITEM-02795,PO-02795,PROD-00031,13,6887.83,89541.79
POITEM-02796,PO-02796,PROD-00014,8,5700.12,45600.96
POITEM-02797,PO-02797,PROD-00079,5,4452.44,22262.2
POITEM-02798,PO-02798,PROD-00063,21,379.37,7966.77
POITEM-02799,PO-02799,PROD-00017,47,2868.72,134829.84
POITEM-02800,PO-02800,PROD-00053,22,3170.9,69759.8
POITEM-02801,PO-02801,PROD-00033,32,14000.56,448017.92
POITEM-02802,PO-02802,PROD-00097,21,14370.54,301781.34
POITEM-02803,PO-02803,PROD-00012,29,6111.05,177220.45
POITEM-02804,PO-02804,PROD-00012,32,6111.05,195553.6
POITEM-02805,PO-02805,PROD-00019,49,4721.23,231340.27
POITEM-02806,PO-02806,PROD-00040,19,8309.52,157880.88
POITEM-02807,PO-02807,PROD-00040,23,8309.52,191118.96
POITEM-02808,PO-02808,PROD-00066,8,14717.72,117741.76
POITEM-02809,PO-02809,PROD-00058,4,13963.97,55855.88
POITEM-02810,PO-02810,PROD-00048,29,169.8,4924.2
POITEM-02811,PO-02811,PROD-00050,12,5554.01,66648.12
POITEM-02812,PO-02812,PROD-00081,34,11228.32,381762.88
POITEM-02813,PO-02813,PROD-00067,29,1752.24,50814.96
POITEM-02814,PO-02814,PROD-00024,14,14125.4,197755.6
POITEM-02815,PO-02815,PROD-00094,31,3678.67,114038.77
POITEM-02816,PO-02816,PROD-00099,47,2021.75,95022.25
POITEM-02817,PO-02817,PROD-00056,34,2458.46,83587.64
POITEM-02818,PO-02818,PROD-00030,17,13937.05,236929.85
POITEM-02819,PO-02819,PROD-00008,27,3765.85,101677.95
POITEM-02820,PO-02820,PROD-00075,13,6483.68,84287.84
POITEM-02821,PO-02821,PROD-00049,39,13561.33,528891.87
POITEM-02822,PO-02822,PROD-00006,38,2873.38,109188.44
POITEM-02823,PO-02823,PROD-00083,14,12510.03,175140.42
POITEM-02824,PO-02824,PROD-00049,12,13561.33,162735.96
POITEM-02825,PO-02825,PROD-00047,24,6641.49,159395.76
POITEM-02826,PO-02826,PROD-00096,11,6391.56,70307.16
POITEM-02827,PO-02827,PROD-00027,18,3083.78,55508.04
POITEM-02828,PO-02828,PROD-00022,7,2807.73,19654.11
POITEM-02829,PO-02829,PROD-00083,48,12510.03,600481.44
POITEM-02830,PO-02830,PROD-00087,32,1294.81,41433.92
POITEM-02831,PO-02831,PROD-00008,30,3765.85,112975.5
POITEM-02832,PO-02832,PROD-00088,22,12280.89,270179.58
POITEM-02833,PO-02833,PROD-00078,30,6140.68,184220.4
POITEM-02834,PO-02834,PROD-00004,11,6054.25,66596.75
POITEM-02835,PO-02835,PROD-00019,37,4721.23,174685.51
POITEM-02836,PO-02836,PROD-00057,47,396.18,18620.46
POITEM-02837,PO-02837,PROD-00001,15,5330.61,79959.15
POITEM-02838,PO-02838,PROD-00057,37,396.18,14658.66
POITEM-02839,PO-02839,PROD-00009,4,12125.13,48500.52
POITEM-02840,PO-02840,PROD-00056,30,2458.46,73753.8
POITEM-02841,PO-02841,PROD-00078,48,6140.68,294752.64
POITEM-02842,PO-02842,PROD-00019,20,4721.23,94424.6
POITEM-02843,PO-02843,PROD-00067,3,1752.24,5256.72
POITEM-02844,PO-02844,PROD-00022,50,2807.73,140386.5
POITEM-02845,PO-02845,PROD-00003,35,9810.5,343367.5
POITEM-02846,PO-02846,PROD-00072,16,13495.08,215921.28
POITEM-02847,PO-02847,PROD-00001,24,5330.61,127934.64
POITEM-02848,PO-02848,PROD-00084,22,3172.49,69794.78
POITEM-02849,PO-02849,PROD-00084,19,3172.49,60277.31
POITEM-02850,PO-02850,PROD-00023,26,12930.74,336199.24
POITEM-02851,PO-02851,PROD-00038,48,1576.21,75658.08
POITEM-02852,PO-02852,PROD-00088,11,12280.89,135089.79
POITEM-02853,PO-02853,PROD-00046,39,14697.47,573201.33
POITEM-02854,PO-02854,PROD-00094,5,3678.67,18393.35
POITEM-02855,PO-02855,PROD-00016,25,6359.54,158988.5
POITEM-02856,PO-02856,PROD-00080,7,6321.18,44248.26
POITEM-02857,PO-02857,PROD-00016,31,6359.54,197145.74
POITEM-02858,PO-02858,PROD-00021,43,14412.66,619744.38
POITEM-02859,PO-02859,PROD-00097,40,14370.54,574821.6
POITEM-02860,PO-02860,PROD-00021,43,14412.66,619744.38
POITEM-02861,PO-02861,PROD-00017,46,2868.72,131961.12
POITEM-02862,PO-02862,PROD-00055,18,11248.43,202471.74
POITEM-02863,PO-02863,PROD-00094,4,3678.67,14714.68
POITEM-02864,PO-02864,PROD-00056,30,2458.46,73753.8
POITEM-02865,PO-02865,PROD-00019,6,4721.23,28327.38
POITEM-02866,PO-02866,PROD-00008,38,3765.85,143102.3
POITEM-02867,PO-02867,PROD-00063,32,379.37,12139.84
POITEM-02868,PO-02868,PROD-00018,28,8698.22,243550.16
POITEM-02869,PO-02869,PROD-00061,43,3013.6,129584.8
POITEM-02870,PO-02870,PROD-00023,23,12930.74,297407.02
POITEM-02871,PO-02871,PROD-00059,31,2408.99,74678.69
POITEM-02872,PO-02872,PROD-00003,9,9810.5,88294.5
POITEM-02873,PO-02873,PROD-00060,48,13085.7,628113.6
POITEM-02874,PO-02874,PROD-00055,1,11248.43,11248.43
POITEM-02875,PO-02875,PROD-00093,12,10452.9,125434.8
POITEM-02876,PO-02876,PROD-00052,11,13487.25,148359.75
POITEM-02877,PO-02877,PROD-00012,39,6111.05,238330.95
POITEM-02878,PO-02878,PROD-00024,3,14125.4,42376.2
POITEM-02879,PO-02879,PROD-00084,24,3172.49,76139.76
POITEM-02880,PO-02880,PROD-00068,46,8719.33,401089.18
POITEM-02881,PO-02881,PROD-00039,24,1753.54,42084.96
POITEM-02882,PO-02882,PROD-00061,6,3013.6,18081.6
POITEM-02883,PO-02883,PROD-00046,10,14697.47,146974.7
POITEM-02884,PO-02884,PROD-00041,48,9082.33,435951.84
POITEM-02885,PO-02885,PROD-00087,46,1294.81,59561.26
POITEM-02886,PO-02886,PROD-00076,12,4725.89,56710.68
POITEM-02887,PO-02887,PROD-00009,44,12125.13,533505.72
POITEM-02888,PO-02888,PROD-00035,19,12510.33,237696.27
POITEM-02889,PO-02889,PROD-00030,23,13937.05,320552.15
POITEM-02890,PO-02890,PROD-00066,31,14717.72,456249.32
POITEM-02891,PO-02891,PROD-00073,45,689.69,31036.05
POITEM-02892,PO-02892,PROD-00024,5,14125.4,70627.0
POITEM-02893,PO-02893,PROD-00067,32,1752.24,56071.68
POITEM-02894,PO-02894,PROD-00003,36,9810.5,353178.0
POITEM-02895,PO-02895,PROD-00009,15,12125.13,181876.95
POITEM-02896,PO-02896,PROD-00029,17,9691.37,164753.29
POITEM-02897,PO-02897,PROD-00060,48,13085.7,628113.6
POITEM-02898,PO-02898,PROD-00020,30,7164.91,214947.3
POITEM-02899,PO-02899,PROD-00001,15,5330.61,79959.15
POITEM-02900,PO-02900,PROD-00040,47,8309.52,390547.44
POITEM-02901,PO-02901,PROD-00014,35,5700.12,199504.2
POITEM-02902,PO-02902,PROD-00077,27,13503.2,364586.4
POITEM-02903,PO-02903,PROD-00034,14,5558.67,77821.38
POITEM-02904,PO-02904,PROD-00020,23,7164.91,164792.93
POITEM-02905,PO-02905,PROD-00096,26,6391.56,166180.56
POITEM-02906,PO-02906,PROD-00083,24,12510.03,300240.72
POITEM-02907,PO-02907,PROD-00007,37,6342.68,234679.16
POITEM-02908,PO-02908,PROD-00080,42,6321.18,265489.56
POITEM-02909,PO-02909,PROD-00084,3,3172.49,9517.47
POITEM-02910,PO-02910,PROD-00046,38,14697.47,558503.86
POITEM-02911,PO-02911,PROD-00024,14,14125.4,197755.6
POITEM-02912,PO-02912,PROD-00020,48,7164.91,343915.68
POITEM-02913,PO-02913,PROD-00074,2,7810.81,15621.62
POITEM-02914,PO-02914,PROD-00049,33,13561.33,447523.89
POITEM-02915,PO-02915,PROD-00095,20,12910.1,258202.0
POITEM-02916,PO-02916,PROD-00095,26,12910.1,335662.6
POITEM-02917,PO-02917,PROD-00003,8,9810.5,78484.0
POITEM-02918,PO-02918,PROD-00090,35,390.77,13676.95
POITEM-02919,PO-02919,PROD-00038,49,1576.21,77234.29
POITEM-02920,PO-02920,PROD-00061,38,3013.6,114516.8
POITEM-02921,PO-02921,PROD-00037,10,12261.13,122611.3
POITEM-02922,PO-02922,PROD-00037,1,12261.13,12261.13
POITEM-02923,PO-02923,PROD-00047,2,6641.49,13282.98
POITEM-02924,PO-02924,PROD-00078,41,6140.68,251767.88
POITEM-02925,PO-02925,PROD-00089,27,4673.53,126185.31
POITEM-02926,PO-02926,PROD-00036,13,14758.2,191856.6
POITEM-02927,PO-02927,PROD-00006,48,2873.38,137922.24
POITEM-02928,PO-02928,PROD-00031,48,6887.83,330615.84
POITEM-02929,PO-02929,PROD-00038,41,1576.21,64624.61
POITEM-02930,PO-02930,PROD-00021,38,14412.66,547681.08
POITEM-02931,PO-02931,PROD-00009,43,12125.13,521380.59
POITEM-02932,PO-02932,PROD-00056,31,2458.46,76212.26
POITEM-02933,PO-02933,PROD-00011,14,13897.35,194562.9
POITEM-02934,PO-02934,PROD-00043,10,7340.76,73407.6
POITEM-02935,PO-02935,PROD-00019,21,4721.23,99145.83
POITEM-02936,PO-02936,PROD-00035,38,12510.33,475392.54
POITEM-02937,PO-02937,PROD-00005,35,12928.55,452499.25
POITEM-02938,PO-02938,PROD-00074,26,7810.81,203081.06
POITEM-02939,PO-02939,PROD-00030,30,13937.05,418111.5
POITEM-02940,PO-02940,PROD-00063,21,379.37,7966.77
POITEM-02941,PO-02941,PROD-00015,32,13899.61,444787.52
POITEM-02942,PO-02942,PROD-00070,10,10934.96,109349.6
POITEM-02943,PO-02943,PROD-00002,10,12960.96,129609.6
POITEM-02944,PO-02944,PROD-00047,37,6641.49,245735.13
POITEM-02945,PO-02945,PROD-00019,9,4721.23,42491.07
POITEM-02946,PO-02946,PROD-00088,3,12280.89,36842.67
POITEM-02947,PO-02947,PROD-00056,35,2458.46,86046.1
POITEM-02948,PO-02948,PROD-00087,18,1294.81,23306.58
POITEM-02949,PO-02949,PROD-00020,34,7164.91,243606.94
POITEM-02950,PO-02950,PROD-00043,3,7340.76,22022.28
POITEM-02951,PO-02951,PROD-00009,24,12125.13,291003.12
POITEM-02952,PO-02952,PROD-00049,34,13561.33,461085.22
POITEM-02953,PO-02953,PROD-00055,27,11248.43,303707.61
POITEM-02954,PO-02954,PROD-00069,25,1648.33,41208.25
POITEM-02955,PO-02955,PROD-00038,16,1576.21,25219.36
POITEM-02956,PO-02956,PROD-00050,29,5554.01,161066.29
POITEM-02957,PO-02957,PROD-00048,34,169.8,5773.2
POITEM-02958,PO-02958,PROD-00069,48,1648.33,79119.84
POITEM-02959,PO-02959,PROD-00059,5,2408.99,12044.95
POITEM-02960,PO-02960,PROD-00087,48,1294.81,62150.88
POITEM-02961,PO-02961,PROD-00063,14,379.37,5311.18
POITEM-02962,PO-02962,PROD-00015,41,13899.61,569884.01
POITEM-02963,PO-02963,PROD-00038,42,1576.21,66200.82
POITEM-02964,PO-02964,PROD-00076,40,4725.89,189035.6
POITEM-02965,PO-02965,PROD-00021,2,14412.66,28825.32
POITEM-02966,PO-02966,PROD-00039,17,1753.54,29810.18
POITEM-02967,PO-02967,PROD-00021,24,14412.66,345903.84
POITEM-02968,PO-02968,PROD-00064,41,4940.72,202569.52
POITEM-02969,PO-02969,PROD-00087,22,1294.81,28485.82
POITEM-02970,PO-02970,PROD-00072,17,13495.08,229416.36
POITEM-02971,PO-02971,PROD-00027,43,3083.78,132602.54
POITEM-02972,PO-02972,PROD-00076,13,4725.89,61436.57
POITEM-02973,PO-02973,PROD-00062,49,4595.23,225166.27
POITEM-02974,PO-02974,PROD-00035,38,12510.33,475392.54
POITEM-02975,PO-02975,PROD-00086,3,7110.96,21332.88
POITEM-02976,PO-02976,PROD-00068,36,8719.33,313895.88
POITEM-02977,PO-02977,PROD-00035,27,12510.33,337778.91
POITEM-02978,PO-02978,PROD-00009,21,12125.13,254627.73
POITEM-02979,PO-02979,PROD-00027,6,3083.78,18502.68
POITEM-02980,PO-02980,PROD-00028,23,4002.58,92059.34
POITEM-02981,PO-02981,PROD-00077,1,13503.2,13503.2
POITEM-02982,PO-02982,PROD-00080,40,6321.18,252847.2
POITEM-02983,PO-02983,PROD-00025,32,8927.92,285693.44
POITEM-02984,PO-02984,PROD-00067,46,1752.24,80603.04
POITEM-02985,PO-02985,PROD-00054,46,1564.33,71959.18
POITEM-02986,PO-02986,PROD-00006,25,2873.38,71834.5
POITEM-02987,PO-02987,PROD-00026,26,9869.16,256598.16
POITEM-02988,PO-02988,PROD-00089,10,4673.53,46735.3
POITEM-02989,PO-02989,PROD-00071,46,9102.98,418737.08
POITEM-02990,PO-02990,PROD-00007,13,6342.68,82454.84
POITEM-02991,PO-02991,PROD-00002,49,12960.96,635087.04
POITEM-02992,PO-02992,PROD-00011,31,13897.35,430817.85
POITEM-02993,PO-02993,PROD-00095,6,12910.1,77460.6
POITEM-02994,PO-02994,PROD-00006,25,2873.38,71834.5
POITEM-02995,PO-02995,PROD-00025,4,8927.92,35711.68
POITEM-02996,PO-02996,PROD-00040,26,8309.52,216047.52
POITEM-02997,PO-02997,PROD-00088,31,12280.89,380707.59
POITEM-02998,PO-02998,PROD-00068,31,8719.33,270299.23
POITEM-02999,PO-02999,PROD-00039,29,1753.54,50852.66
POITEM-03000,PO-03000,PROD-00057,22,396.18,8715.96
POITEM-03001,PO-03001,PROD-00098,12,8372.15,100465.8
POITEM-03002,PO-03002,PROD-00045,25,78.1,1952.5
POITEM-03003,PO-03003,PROD-00001,1,5330.61,5330.61
POITEM-03004,PO-03004,PROD-00018,16,8698.22,139171.52
POITEM-03005,PO-03005,PROD-00013,47,12973.14,609737.58
POITEM-03006,PO-03006,PROD-00076,8,4725.89,37807.12
POITEM-03007,PO-03007,PROD-00098,48,8372.15,401863.2
POITEM-03008,PO-03008,PROD-00047,22,6641.49,146112.78
POITEM-03009,PO-03009,PROD-00004,24,6054.25,145302.0
POITEM-03010,PO-03010,PROD-00080,40,6321.18,252847.2
POITEM-03011,PO-03011,PROD-00025,43,8927.92,383900.56
POITEM-03012,PO-03012,PROD-00049,39,13561.33,528891.87
POITEM-03013,PO-03013,PROD-00022,2,2807.73,5615.46
POITEM-03014,PO-03014,PROD-00037,34,12261.13,416878.42
POITEM-03015,PO-03015,PROD-00009,44,12125.13,533505.72
POITEM-03016,PO-03016,PROD-00052,27,13487.25,364155.75
POITEM-03017,PO-03017,PROD-00008,35,3765.85,131804.75
POITEM-03018,PO-03018,PROD-00048,49,169.8,8320.2
POITEM-03019,PO-03019,PROD-00021,33,14412.66,475617.78
POITEM-03020,PO-03020,PROD-00026,44,9869.16,434243.04
POITEM-03021,PO-03021,PROD-00067,23,1752.24,40301.52
POITEM-03022,PO-03022,PROD-00008,14,3765.85,52721.9
POITEM-03023,PO-03023,PROD-00019,25,4721.23,118030.75
POITEM-03024,PO-03024,PROD-00051,4,1933.5,7734.0
POITEM-03025,PO-03025,PROD-00027,41,3083.78,126434.98
POITEM-03026,PO-03026,PROD-00071,38,9102.98,345913.24
POITEM-03027,PO-03027,PROD-00072,46,13495.08,620773.68
POITEM-03028,PO-03028,PROD-00040,44,8309.52,365618.88
POITEM-03029,PO-03029,PROD-00063,6,379.37,2276.22
POITEM-03030,PO-03030,PROD-00030,2,13937.05,27874.1
POITEM-03031,PO-03031,PROD-00024,46,14125.4,649768.4
POITEM-03032,PO-03032,PROD-00079,19,4452.44,84596.36
POITEM-03033,PO-03033,PROD-00017,30,2868.72,86061.6
POITEM-03034,PO-03034,PROD-00090,46,390.77,17975.42
POITEM-03035,PO-03035,PROD-00003,2,9810.5,19621.0
POITEM-03036,PO-03036,PROD-00061,49,3013.6,147666.4
POITEM-03037,PO-03037,PROD-00038,5,1576.21,7881.05
POITEM-03038,PO-03038,PROD-00037,22,12261.13,269744.86
POITEM-03039,PO-03039,PROD-00029,37,9691.37,358580.69
POITEM-03040,PO-03040,PROD-00009,46,12125.13,557755.98
POITEM-03041,PO-03041,PROD-00077,47,13503.2,634650.4
POITEM-03042,PO-03042,PROD-00097,5,14370.54,71852.7
POITEM-03043,PO-03043,PROD-00034,29,5558.67,161201.43
POITEM-03044,PO-03044,PROD-00001,40,5330.61,213224.4
POITEM-03045,PO-03045,PROD-00089,41,4673.53,191614.73
POITEM-03046,PO-03046,PROD-00072,42,13495.08,566793.36
POITEM-03047,PO-03047,PROD-00091,9,9178.83,82609.47
POITEM-03048,PO-03048,PROD-00022,46,2807.73,129155.58
POITEM-03049,PO-03049,PROD-00069,37,1648.33,60988.21
POITEM-03050,PO-03050,PROD-00029,14,9691.37,135679.18
POITEM-03051,PO-03051,PROD-00084,17,3172.49,53932.33
POITEM-03052,PO-03052,PROD-00076,19,4725.89,89791.91
POITEM-03053,PO-03053,PROD-00086,9,7110.96,63998.64
POITEM-03054,PO-03054,PROD-00081,36,11228.32,404219.52
POITEM-03055,PO-03055,PROD-00043,15,7340.76,110111.4
POITEM-03056,PO-03056,PROD-00059,11,2408.99,26498.89
POITEM-03057,PO-03057,PROD-00092,41,6231.25,255481.25
POITEM-03058,PO-03058,PROD-00096,33,6391.56,210921.48
POITEM-03059,PO-03059,PROD-00053,42,3170.9,133177.8
POITEM-03060,PO-03060,PROD-00035,25,12510.33,312758.25
POITEM-03061,PO-03061,PROD-00050,48,5554.01,266592.48
POITEM-03062,PO-03062,PROD-00096,29,6391.56,185355.24
POITEM-03063,PO-03063,PROD-00099,29,2021.75,58630.75
POITEM-03064,PO-03064,PROD-00062,27,4595.23,124071.21
POITEM-03065,PO-03065,PROD-00017,21,2868.72,60243.12
POITEM-03066,PO-03066,PROD-00083,21,12510.03,262710.63
POITEM-03067,PO-03067,PROD-00022,28,2807.73,78616.44
POITEM-03068,PO-03068,PROD-00087,27,1294.81,34959.87
POITEM-03069,PO-03069,PROD-00005,25,12928.55,323213.75
POITEM-03070,PO-03070,PROD-00054,5,1564.33,7821.65
POITEM-03071,PO-03071,PROD-00006,34,2873.38,97694.92
POITEM-03072,PO-03072,PROD-00082,3,8547.35,25642.05
POITEM-03073,PO-03073,PROD-00098,20,8372.15,167443.0
POITEM-03074,PO-03074,PROD-00071,12,9102.98,109235.76
POITEM-03075,PO-03075,PROD-00002,2,12960.96,25921.92
POITEM-03076,PO-03076,PROD-00070,38,10934.96,415528.48
POITEM-03077,PO-03077,PROD-00068,9,8719.33,78473.97
POITEM-03078,PO-03078,PROD-00066,25,14717.72,367943.0
POITEM-03079,PO-03079,PROD-00085,49,6640.75,325396.75
POITEM-03080,PO-03080,PROD-00019,41,4721.23,193570.43
POITEM-03081,PO-03081,PROD-00052,49,13487.25,660875.25
POITEM-03082,PO-03082,PROD-00025,18,8927.92,160702.56
POITEM-03083,PO-03083,PROD-00082,22,8547.35,188041.7
POITEM-03084,PO-03084,PROD-00065,7,4204.9,29434.3
POITEM-03085,PO-03085,PROD-00009,24,12125.13,291003.12
POITEM-03086,PO-03086,PROD-00030,44,13937.05,613230.2
POITEM-03087,PO-03087,PROD-00027,39,3083.78,120267.42
POITEM-03088,PO-03088,PROD-00099,16,2021.75,32348.0
POITEM-03089,PO-03089,PROD-00056,47,2458.46,115547.62
POITEM-03090,PO-03090,PROD-00042,34,10320.27,350889.18
POITEM-03091,PO-03091,PROD-00098,38,8372.15,318141.7
POITEM-03092,PO-03092,PROD-00035,35,12510.33,437861.55
POITEM-03093,PO-03093,PROD-00100,20,7978.7,159574.0
POITEM-03094,PO-03094,PROD-00057,10,396.18,3961.8
POITEM-03095,PO-03095,PROD-00041,10,9082.33,90823.3
POITEM-03096,PO-03096,PROD-00092,49,6231.25,305331.25
POITEM-03097,PO-03097,PROD-00091,4,9178.83,36715.32
POITEM-03098,PO-03098,PROD-00045,5,78.1,390.5
POITEM-03099,PO-03099,PROD-00029,34,9691.37,329506.58
POITEM-03100,PO-03100,PROD-00079,23,4452.44,102406.12
POITEM-03101,PO-03101,PROD-00034,24,5558.67,133408.08
POITEM-03102,PO-03102,PROD-00052,36,13487.25,485541.0
POITEM-03103,PO-03103,PROD-00078,44,6140.68,270189.92
POITEM-03104,PO-03104,PROD-00021,12,14412.66,172951.92
POITEM-03105,PO-03105,PROD-00069,10,1648.33,16483.3
POITEM-03106,PO-03106,PROD-00050,32,5554.01,177728.32
POITEM-03107,PO-03107,PROD-00043,30,7340.76,220222.8
POITEM-03108,PO-03108,PROD-00030,36,13937.05,501733.8
POITEM-03109,PO-03109,PROD-00053,20,3170.9,63418.0
POITEM-03110,PO-03110,PROD-00070,21,10934.96,229634.16
POITEM-03111,PO-03111,PROD-00089,45,4673.53,210308.85
POITEM-03112,PO-03112,PROD-00064,14,4940.72,69170.08
POITEM-03113,PO-03113,PROD-00077,44,13503.2,594140.8
POITEM-03114,PO-03114,PROD-00007,39,6342.68,247364.52
POITEM-03115,PO-03115,PROD-00040,24,8309.52,199428.48
POITEM-03116,PO-03116,PROD-00016,4,6359.54,25438.16
POITEM-03117,PO-03117,PROD-00093,26,10452.9,271775.4
POITEM-03118,PO-03118,PROD-00053,5,3170.9,15854.5
POITEM-03119,PO-03119,PROD-00027,15,3083.78,46256.7
POITEM-03120,PO-03120,PROD-00011,27,13897.35,375228.45
POITEM-03121,PO-03121,PROD-00093,2,10452.9,20905.8
POITEM-03122,PO-03122,PROD-00040,33,8309.52,274214.16
POITEM-03123,PO-03123,PROD-00093,11,10452.9,114981.9
POITEM-03124,PO-03124,PROD-00019,50,4721.23,236061.5
POITEM-03125,PO-03125,PROD-00019,46,4721.23,217176.58
POITEM-03126,PO-03126,PROD-00025,48,8927.92,428540.16
POITEM-03127,PO-03127,PROD-00024,2,14125.4,28250.8
POITEM-03128,PO-03128,PROD-00100,17,7978.7,135637.9
POITEM-03129,PO-03129,PROD-00022,42,2807.73,117924.66
POITEM-03130,PO-03130,PROD-00098,29,8372.15,242792.35
POITEM-03131,PO-03131,PROD-00024,26,14125.4,367260.4
POITEM-03132,PO-03132,PROD-00001,43,5330.61,229216.23
POITEM-03133,PO-03133,PROD-00080,19,6321.18,120102.42
POITEM-03134,PO-03134,PROD-00019,16,4721.23,75539.68
POITEM-03135,PO-03135,PROD-00031,47,6887.83,323728.01
POITEM-03136,PO-03136,PROD-00091,29,9178.83,266186.07
POITEM-03137,PO-03137,PROD-00075,21,6483.68,136157.28
POITEM-03138,PO-03138,PROD-00052,44,13487.25,593439.0
POITEM-03139,PO-03139,PROD-00082,14,8547.35,119662.9
POITEM-03140,PO-03140,PROD-00011,48,13897.35,667072.8
POITEM-03141,PO-03141,PROD-00097,20,14370.54,287410.8
POITEM-03142,PO-03142,PROD-00048,14,169.8,2377.2
POITEM-03143,PO-03143,PROD-00084,28,3172.49,88829.72
POITEM-03144,PO-03144,PROD-00055,32,11248.43,359949.76
POITEM-03145,PO-03145,PROD-00040,42,8309.52,348999.84
POITEM-03146,PO-03146,PROD-00002,44,12960.96,570282.24
POITEM-03147,PO-03147,PROD-00081,36,11228.32,404219.52
POITEM-03148,PO-03148,PROD-00098,18,8372.15,150698.7
POITEM-03149,PO-03149,PROD-00049,35,13561.33,474646.55
POITEM-03150,PO-03150,PROD-00035,24,12510.33,300247.92
POITEM-03151,PO-03151,PROD-00029,10,9691.37,96913.7
POITEM-03152,PO-03152,PROD-00083,30,12510.03,375300.9
POITEM-03153,PO-03153,PROD-00008,19,3765.85,71551.15
POITEM-03154,PO-03154,PROD-00079,28,4452.44,124668.32
POITEM-03155,PO-03155,PROD-00052,4,13487.25,53949.0
POITEM-03156,PO-03156,PROD-00063,21,379.37,7966.77
POITEM-03157,PO-03157,PROD-00092,11,6231.25,68543.75
POITEM-03158,PO-03158,PROD-00072,3,13495.08,40485.24
POITEM-03159,PO-03159,PROD-00084,49,3172.49,155452.01
POITEM-03160,PO-03160,PROD-00044,28,9523.41,266655.48
POITEM-03161,PO-03161,PROD-00071,46,9102.98,418737.08
POITEM-03162,PO-03162,PROD-00001,12,5330.61,63967.32
POITEM-03163,PO-03163,PROD-00093,21,10452.9,219510.9
POITEM-03164,PO-03164,PROD-00080,2,6321.18,12642.36
POITEM-03165,PO-03165,PROD-00031,48,6887.83,330615.84
POITEM-03166,PO-03166,PROD-00027,48,3083.78,148021.44
POITEM-03167,PO-03167,PROD-00031,15,6887.83,103317.45
POITEM-03168,PO-03168,PROD-00072,9,13495.08,121455.72
POITEM-03169,PO-03169,PROD-00035,35,12510.33,437861.55
POITEM-03170,PO-03170,PROD-00043,24,7340.76,176178.24
POITEM-03171,PO-03171,PROD-00006,17,2873.38,48847.46
POITEM-03172,PO-03172,PROD-00076,33,4725.89,155954.37
POITEM-03173,PO-03173,PROD-00022,33,2807.73,92655.09
POITEM-03174,PO-03174,PROD-00021,16,14412.66,230602.56
POITEM-03175,PO-03175,PROD-00058,36,13963.97,502702.92
POITEM-03176,PO-03176,PROD-00009,26,12125.13,315253.38
POITEM-03177,PO-03177,PROD-00016,22,6359.54,139909.88
POITEM-03178,PO-03178,PROD-00040,41,8309.52,340690.32
POITEM-03179,PO-03179,PROD-00075,15,6483.68,97255.2
POITEM-03180,PO-03180,PROD-00093,28,10452.9,292681.2
POITEM-03181,PO-03181,PROD-00026,45,9869.16,444112.2
POITEM-03182,PO-03182,PROD-00036,19,14758.2,280405.8
POITEM-03183,PO-03183,PROD-00013,31,12973.14,402167.34
POITEM-03184,PO-03184,PROD-00030,14,13937.05,195118.7
POITEM-03185,PO-03185,PROD-00089,16,4673.53,74776.48
POITEM-03186,PO-03186,PROD-00037,19,12261.13,232961.47
POITEM-03187,PO-03187,PROD-00045,15,78.1,1171.5
POITEM-03188,PO-03188,PROD-00040,30,8309.52,249285.6
POITEM-03189,PO-03189,PROD-00097,4,14370.54,57482.16
POITEM-03190,PO-03190,PROD-00096,31,6391.56,198138.36
POITEM-03191,PO-03191,PROD-00065,14,4204.9,58868.6
POITEM-03192,PO-03192,PROD-00050,26,5554.01,144404.26
POITEM-03193,PO-03193,PROD-00018,25,8698.22,217455.5
POITEM-03194,PO-03194,PROD-00025,7,8927.92,62495.44
POITEM-03195,PO-03195,PROD-00003,33,9810.5,323746.5
POITEM-03196,PO-03196,PROD-00095,19,12910.1,245291.9
POITEM-03197,PO-03197,PROD-00029,15,9691.37,145370.55
POITEM-03198,PO-03198,PROD-00017,23,2868.72,65980.56
POITEM-03199,PO-03199,PROD-00080,47,6321.18,297095.46
POITEM-03200,PO-03200,PROD-00082,31,8547.35,264967.85
POITEM-03201,PO-03201,PROD-00011,7,13897.35,97281.45
POITEM-03202,PO-03202,PROD-00010,39,9790.87,381843.93
POITEM-03203,PO-03203,PROD-00036,19,14758.2,280405.8
POITEM-03204,PO-03204,PROD-00094,10,3678.67,36786.7
POITEM-03205,PO-03205,PROD-00029,5,9691.37,48456.85
POITEM-03206,PO-03206,PROD-00025,33,8927.92,294621.36
POITEM-03207,PO-03207,PROD-00059,21,2408.99,50588.79
POITEM-03208,PO-03208,PROD-00052,32,13487.25,431592.0
POITEM-03209,PO-03209,PROD-00020,31,7164.91,222112.21
POITEM-03210,PO-03210,PROD-00089,38,4673.53,177594.14
POITEM-03211,PO-03211,PROD-00091,34,9178.83,312080.22
POITEM-03212,PO-03212,PROD-00011,41,13897.35,569791.35
POITEM-03213,PO-03213,PROD-00005,28,12928.55,361999.4
POITEM-03214,PO-03214,PROD-00073,39,689.69,26897.91
POITEM-03215,PO-03215,PROD-00037,43,12261.13,527228.59
POITEM-03216,PO-03216,PROD-00075,8,6483.68,51869.44
POITEM-03217,PO-03217,PROD-00071,22,9102.98,200265.56
POITEM-03218,PO-03218,PROD-00026,23,9869.16,226990.68
POITEM-03219,PO-03219,PROD-00099,1,2021.75,2021.75
POITEM-03220,PO-03220,PROD-00021,35,14412.66,504443.1
POITEM-03221,PO-03221,PROD-00068,19,8719.33,165667.27
POITEM-03222,PO-03222,PROD-00002,45,12960.96,583243.2
POITEM-03223,PO-03223,PROD-00024,50,14125.4,706270.0
POITEM-03224,PO-03224,PROD-00046,26,14697.47,382134.22
POITEM-03225,PO-03225,PROD-00074,31,7810.81,242135.11
POITEM-03226,PO-03226,PROD-00080,25,6321.18,158029.5
POITEM-03227,PO-03227,PROD-00073,29,689.69,20001.01
POITEM-03228,PO-03228,PROD-00042,4,10320.27,41281.08
POITEM-03229,PO-03229,PROD-00078,27,6140.68,165798.36
POITEM-03230,PO-03230,PROD-00053,36,3170.9,114152.4
POITEM-03231,PO-03231,PROD-00058,31,13963.97,432883.07
POITEM-03232,PO-03232,PROD-00043,20,7340.76,146815.2
POITEM-03233,PO-03233,PROD-00042,8,10320.27,82562.16
POITEM-03234,PO-03234,PROD-00094,13,3678.67,47822.71
POITEM-03235,PO-03235,PROD-00063,28,379.37,10622.36
POITEM-03236,PO-03236,PROD-00053,16,3170.9,50734.4
POITEM-03237,PO-03237,PROD-00054,46,1564.33,71959.18
POITEM-03238,PO-03238,PROD-00092,49,6231.25,305331.25
POITEM-03239,PO-03239,PROD-00003,47,9810.5,461093.5
POITEM-03240,PO-03240,PROD-00086,44,7110.96,312882.24
POITEM-03241,PO-03241,PROD-00094,36,3678.67,132432.12
POITEM-03242,PO-03242,PROD-00060,10,13085.7,130857.0
POITEM-03243,PO-03243,PROD-00053,21,3170.9,66588.9
POITEM-03244,PO-03244,PROD-00003,45,9810.5,441472.5
POITEM-03245,PO-03245,PROD-00016,28,6359.54,178067.12
POITEM-03246,PO-03246,PROD-00079,28,4452.44,124668.32
POITEM-03247,PO-03247,PROD-00068,15,8719.33,130789.95
POITEM-03248,PO-03248,PROD-00065,10,4204.9,42049.0
POITEM-03249,PO-03249,PROD-00023,36,12930.74,465506.64
POITEM-03250,PO-03250,PROD-00025,31,8927.92,276765.52
POITEM-03251,PO-03251,PROD-00081,12,11228.32,134739.84
POITEM-03252,PO-03252,PROD-00057,17,396.18,6735.06
POITEM-03253,PO-03253,PROD-00041,46,9082.33,417787.18
POITEM-03254,PO-03254,PROD-00005,7,12928.55,90499.85
POITEM-03255,PO-03255,PROD-00065,25,4204.9,105122.5
POITEM-03256,PO-03256,PROD-00086,24,7110.96,170663.04
POITEM-03257,PO-03257,PROD-00093,39,10452.9,407663.1
POITEM-03258,PO-03258,PROD-00084,34,3172.49,107864.66
POITEM-03259,PO-03259,PROD-00078,12,6140.68,73688.16
POITEM-03260,PO-03260,PROD-00031,39,6887.83,268625.37
POITEM-03261,PO-03261,PROD-00100,50,7978.7,398935.0
POITEM-03262,PO-03262,PROD-00010,25,9790.87,244771.75
POITEM-03263,PO-03263,PROD-00025,14,8927.92,124990.88
POITEM-03264,PO-03264,PROD-00034,50,5558.67,277933.5
POITEM-03265,PO-03265,PROD-00028,43,4002.58,172110.94
POITEM-03266,PO-03266,PROD-00029,15,9691.37,145370.55
POITEM-03267,PO-03267,PROD-00012,2,6111.05,12222.1
POITEM-03268,PO-03268,PROD-00046,25,14697.47,367436.75
POITEM-03269,PO-03269,PROD-00017,39,2868.72,111880.08
POITEM-03270,PO-03270,PROD-00003,50,9810.5,490525.0
POITEM-03271,PO-03271,PROD-00007,41,6342.68,260049.88
POITEM-03272,PO-03272,PROD-00078,19,6140.68,116672.92
POITEM-03273,PO-03273,PROD-00018,13,8698.22,113076.86
POITEM-03274,PO-03274,PROD-00090,46,390.77,17975.42
POITEM-03275,PO-03275,PROD-00067,9,1752.24,15770.16
POITEM-03276,PO-03276,PROD-00028,27,4002.58,108069.66
POITEM-03277,PO-03277,PROD-00065,26,4204.9,109327.4
POITEM-03278,PO-03278,PROD-00058,22,13963.97,307207.34
POITEM-03279,PO-03279,PROD-00049,38,13561.33,515330.54
POITEM-03280,PO-03280,PROD-00032,33,8076.08,266510.64
POITEM-03281,PO-03281,PROD-00089,20,4673.53,93470.6
POITEM-03282,PO-03282,PROD-00067,37,1752.24,64832.88
POITEM-03283,PO-03283,PROD-00039,28,1753.54,49099.12
POITEM-03284,PO-03284,PROD-00001,46,5330.61,245208.06
POITEM-03285,PO-03285,PROD-00058,5,13963.97,69819.85
POITEM-03286,PO-03286,PROD-00002,50,12960.96,648048.0
POITEM-03287,PO-03287,PROD-00076,19,4725.89,89791.91
POITEM-03288,PO-03288,PROD-00016,12,6359.54,76314.48
POITEM-03289,PO-03289,PROD-00027,26,3083.78,80178.28
POITEM-03290,PO-03290,PROD-00058,19,13963.97,265315.43
POITEM-03291,PO-03291,PROD-00026,8,9869.16,78953.28
POITEM-03292,PO-03292,PROD-00085,37,6640.75,245707.75
POITEM-03293,PO-03293,PROD-00058,27,13963.97,377027.19
POITEM-03294,PO-03294,PROD-00001,48,5330.61,255869.28
POITEM-03295,PO-03295,PROD-00096,9,6391.56,57524.04
POITEM-03296,PO-03296,PROD-00029,13,9691.37,125987.81
POITEM-03297,PO-03297,PROD-00014,47,5700.12,267905.64
POITEM-03298,PO-03298,PROD-00058,4,13963.97,55855.88
POITEM-03299,PO-03299,PROD-00061,19,3013.6,57258.4
POITEM-03300,PO-03300,PROD-00051,45,1933.5,87007.5
POITEM-03301,PO-03301,PROD-00019,29,4721.23,136915.67
POITEM-03302,PO-03302,PROD-00068,28,8719.33,244141.24
POITEM-03303,PO-03303,PROD-00051,44,1933.5,85074.0
POITEM-03304,PO-03304,PROD-00090,14,390.77,5470.78
POITEM-03305,PO-03305,PROD-00088,11,12280.89,135089.79
POITEM-03306,PO-03306,PROD-00097,1,14370.54,14370.54
POITEM-03307,PO-03307,PROD-00050,24,5554.01,133296.24
POITEM-03308,PO-03308,PROD-00087,17,1294.81,22011.77
POITEM-03309,PO-03309,PROD-00009,5,12125.13,60625.65
POITEM-03310,PO-03310,PROD-00026,46,9869.16,453981.36
POITEM-03311,PO-03311,PROD-00036,37,14758.2,546053.4
POITEM-03312,PO-03312,PROD-00076,18,4725.89,85066.02
POITEM-03313,PO-03313,PROD-00095,14,12910.1,180741.4
POITEM-03314,PO-03314,PROD-00023,14,12930.74,181030.36
POITEM-03315,PO-03315,PROD-00057,40,396.18,15847.2
POITEM-03316,PO-03316,PROD-00059,8,2408.99,19271.92
POITEM-03317,PO-03317,PROD-00035,10,12510.33,125103.3
POITEM-03318,PO-03318,PROD-00090,46,390.77,17975.42
POITEM-03319,PO-03319,PROD-00062,28,4595.23,128666.44
POITEM-03320,PO-03320,PROD-00073,29,689.69,20001.01
POITEM-03321,PO-03321,PROD-00035,47,12510.33,587985.51
POITEM-03322,PO-03322,PROD-00061,23,3013.6,69312.8
POITEM-03323,PO-03323,PROD-00042,10,10320.27,103202.7
POITEM-03324,PO-03324,PROD-00016,50,6359.54,317977.0
POITEM-03325,PO-03325,PROD-00058,7,13963.97,97747.79
POITEM-03326,PO-03326,PROD-00088,35,12280.89,429831.15
POITEM-03327,PO-03327,PROD-00001,50,5330.61,266530.5
POITEM-03328,PO-03328,PROD-00026,31,9869.16,305943.96
POITEM-03329,PO-03329,PROD-00054,41,1564.33,64137.53
POITEM-03330,PO-03330,PROD-00018,20,8698.22,173964.4
POITEM-03331,PO-03331,PROD-00038,35,1576.21,55167.35
POITEM-03332,PO-03332,PROD-00053,36,3170.9,114152.4
POITEM-03333,PO-03333,PROD-00042,8,10320.27,82562.16
POITEM-03334,PO-03334,PROD-00081,42,11228.32,471589.44
POITEM-03335,PO-03335,PROD-00024,6,14125.4,84752.4
POITEM-03336,PO-03336,PROD-00073,44,689.69,30346.36
POITEM-03337,PO-03337,PROD-00028,29,4002.58,116074.82
POITEM-03338,PO-03338,PROD-00029,7,9691.37,67839.59
POITEM-03339,PO-03339,PROD-00087,19,1294.81,24601.39
POITEM-03340,PO-03340,PROD-00018,2,8698.22,17396.44
POITEM-03341,PO-03341,PROD-00016,44,6359.54,279819.76
POITEM-03342,PO-03342,PROD-00044,6,9523.41,57140.46
POITEM-03343,PO-03343,PROD-00068,45,8719.33,392369.85
POITEM-03344,PO-03344,PROD-00025,38,8927.92,339260.96
POITEM-03345,PO-03345,PROD-00081,46,11228.32,516502.72
POITEM-03346,PO-03346,PROD-00062,26,4595.23,119475.98
POITEM-03347,PO-03347,PROD-00031,14,6887.83,96429.62
POITEM-03348,PO-03348,PROD-00089,39,4673.53,182267.67
POITEM-03349,PO-03349,PROD-00005,25,12928.55,323213.75
POITEM-03350,PO-03350,PROD-00036,14,14758.2,206614.8
POITEM-03351,PO-03351,PROD-00072,50,13495.08,674754.0
POITEM-03352,PO-03352,PROD-00043,47,7340.76,345015.72
POITEM-03353,PO-03353,PROD-00058,48,13963.97,670270.56
POITEM-03354,PO-03354,PROD-00084,20,3172.49,63449.8
POITEM-03355,PO-03355,PROD-00037,50,12261.13,613056.5
POITEM-03356,PO-03356,PROD-00046,47,14697.47,690781.09
POITEM-03357,PO-03357,PROD-00024,25,14125.4,353135.0
POITEM-03358,PO-03358,PROD-00095,38,12910.1,490583.8
POITEM-03359,PO-03359,PROD-00035,1,12510.33,12510.33
POITEM-03360,PO-03360,PROD-00008,22,3765.85,82848.7
POITEM-03361,PO-03361,PROD-00055,44,11248.43,494930.92
POITEM-03362,PO-03362,PROD-00021,28,14412.66,403554.48
POITEM-03363,PO-03363,PROD-00070,6,10934.96,65609.76
POITEM-03364,PO-03364,PROD-00004,50,6054.25,302712.5
POITEM-03365,PO-03365,PROD-00024,6,14125.4,84752.4
POITEM-03366,PO-03366,PROD-00033,32,14000.56,448017.92
POITEM-03367,PO-03367,PROD-00061,8,3013.6,24108.8
POITEM-03368,PO-03368,PROD-00061,23,3013.6,69312.8
POITEM-03369,PO-03369,PROD-00025,33,8927.92,294621.36
POITEM-03370,PO-03370,PROD-00002,16,12960.96,207375.36
POITEM-03371,PO-03371,PROD-00079,30,4452.44,133573.2
POITEM-03372,PO-03372,PROD-00007,33,6342.68,209308.44
POITEM-03373,PO-03373,PROD-00058,6,13963.97,83783.82
POITEM-03374,PO-03374,PROD-00092,46,6231.25,286637.5
POITEM-03375,PO-03375,PROD-00011,37,13897.35,514201.95
POITEM-03376,PO-03376,PROD-00028,10,4002.58,40025.8
POITEM-03377,PO-03377,PROD-00042,24,10320.27,247686.48
POITEM-03378,PO-03378,PROD-00095,50,12910.1,645505.0
POITEM-03379,PO-03379,PROD-00028,5,4002.58,20012.9
POITEM-03380,PO-03380,PROD-00038,35,1576.21,55167.35
POITEM-03381,PO-03381,PROD-00004,24,6054.25,145302.0
POITEM-03382,PO-03382,PROD-00097,12,14370.54,172446.48
POITEM-03383,PO-03383,PROD-00085,41,6640.75,272270.75
POITEM-03384,PO-03384,PROD-00097,47,14370.54,675415.38
POITEM-03385,PO-03385,PROD-00013,32,12973.14,415140.48
POITEM-03386,PO-03386,PROD-00061,11,3013.6,33149.6
POITEM-03387,PO-03387,PROD-00024,36,14125.4,508514.4
POITEM-03388,PO-03388,PROD-00041,9,9082.33,81740.97
POITEM-03389,PO-03389,PROD-00056,37,2458.46,90963.02
POITEM-03390,PO-03390,PROD-00095,32,12910.1,413123.2
POITEM-03391,PO-03391,PROD-00070,27,10934.96,295243.92
POITEM-03392,PO-03392,PROD-00018,24,8698.22,208757.28
POITEM-03393,PO-03393,PROD-00053,18,3170.9,57076.2
POITEM-03394,PO-03394,PROD-00025,43,8927.92,383900.56
POITEM-03395,PO-03395,PROD-00048,43,169.8,7301.4
POITEM-03396,PO-03396,PROD-00039,14,1753.54,24549.56
POITEM-03397,PO-03397,PROD-00041,43,9082.33,390540.19
POITEM-03398,PO-03398,PROD-00037,19,12261.13,232961.47
POITEM-03399,PO-03399,PROD-00078,28,6140.68,171939.04
POITEM-03400,PO-03400,PROD-00075,21,6483.68,136157.28
POITEM-03401,PO-03401,PROD-00010,30,9790.87,293726.1
POITEM-03402,PO-03402,PROD-00028,49,4002.58,196126.42
POITEM-03403,PO-03403,PROD-00025,38,8927.92,339260.96
POITEM-03404,PO-03404,PROD-00100,9,7978.7,71808.3
POITEM-03405,PO-03405,PROD-00024,45,14125.4,635643.0
POITEM-03406,PO-03406,PROD-00018,14,8698.22,121775.08
POITEM-03407,PO-03407,PROD-00085,44,6640.75,292193.0
POITEM-03408,PO-03408,PROD-00058,47,13963.97,656306.59
POITEM-03409,PO-03409,PROD-00079,11,4452.44,48976.84
POITEM-03410,PO-03410,PROD-00010,25,9790.87,244771.75
POITEM-03411,PO-03411,PROD-00100,15,7978.7,119680.5
POITEM-03412,PO-03412,PROD-00075,49,6483.68,317700.32
POITEM-03413,PO-03413,PROD-00064,31,4940.72,153162.32
POITEM-03414,PO-03414,PROD-00044,45,9523.41,428553.45
POITEM-03415,PO-03415,PROD-00010,27,9790.87,264353.49
POITEM-03416,PO-03416,PROD-00047,43,6641.49,285584.07
POITEM-03417,PO-03417,PROD-00034,7,5558.67,38910.69
POITEM-03418,PO-03418,PROD-00081,42,11228.32,471589.44
POITEM-03419,PO-03419,PROD-00099,15,2021.75,30326.25
POITEM-03420,PO-03420,PROD-00094,5,3678.67,18393.35
POITEM-03421,PO-03421,PROD-00080,47,6321.18,297095.46
POITEM-03422,PO-03422,PROD-00027,7,3083.78,21586.46
POITEM-03423,PO-03423,PROD-00013,20,12973.14,259462.8
POITEM-03424,PO-03424,PROD-00089,39,4673.53,182267.67
POITEM-03425,PO-03425,PROD-00020,36,7164.91,257936.76
POITEM-03426,PO-03426,PROD-00028,50,4002.58,200129.0
POITEM-03427,PO-03427,PROD-00033,46,14000.56,644025.76
POITEM-03428,PO-03428,PROD-00076,46,4725.89,217390.94
POITEM-03429,PO-03429,PROD-00013,3,12973.14,38919.42
POITEM-03430,PO-03430,PROD-00091,7,9178.83,64251.81
POITEM-03431,PO-03431,PROD-00005,39,12928.55,504213.45
POITEM-03432,PO-03432,PROD-00057,8,396.18,3169.44
POITEM-03433,PO-03433,PROD-00089,15,4673.53,70102.95
POITEM-03434,PO-03434,PROD-00044,37,9523.41,352366.17
POITEM-03435,PO-03435,PROD-00014,50,5700.12,285006.0
POITEM-03436,PO-03436,PROD-00018,42,8698.22,365325.24
POITEM-03437,PO-03437,PROD-00082,4,8547.35,34189.4
POITEM-03438,PO-03438,PROD-00028,36,4002.58,144092.88
POITEM-03439,PO-03439,PROD-00095,11,12910.1,142011.1
POITEM-03440,PO-03440,PROD-00100,18,7978.7,143616.6
POITEM-03441,PO-03441,PROD-00100,41,7978.7,327126.7
POITEM-03442,PO-03442,PROD-00077,5,13503.2,67516.0
POITEM-03443,PO-03443,PROD-00085,16,6640.75,106252.0
POITEM-03444,PO-03444,PROD-00054,1,1564.33,1564.33
POITEM-03445,PO-03445,PROD-00096,13,6391.56,83090.28
POITEM-03446,PO-03446,PROD-00043,15,7340.76,110111.4
POITEM-03447,PO-03447,PROD-00060,6,13085.7,78514.2
POITEM-03448,PO-03448,PROD-00029,48,9691.37,465185.76
POITEM-03449,PO-03449,PROD-00049,2,13561.33,27122.66
POITEM-03450,PO-03450,PROD-00021,1,14412.66,14412.66
POITEM-03451,PO-03451,PROD-00075,43,6483.68,278798.24
POITEM-03452,PO-03452,PROD-00010,24,9790.87,234980.88
POITEM-03453,PO-03453,PROD-00055,24,11248.43,269962.32
POITEM-03454,PO-03454,PROD-00023,23,12930.74,297407.02
POITEM-03455,PO-03455,PROD-00021,29,14412.66,417967.14
POITEM-03456,PO-03456,PROD-00016,16,6359.54,101752.64
POITEM-03457,PO-03457,PROD-00090,35,390.77,13676.95
POITEM-03458,PO-03458,PROD-00050,13,5554.01,72202.13
POITEM-03459,PO-03459,PROD-00040,44,8309.52,365618.88
POITEM-03460,PO-03460,PROD-00035,12,12510.33,150123.96
POITEM-03461,PO-03461,PROD-00087,30,1294.81,38844.3
POITEM-03462,PO-03462,PROD-00100,33,7978.7,263297.1
POITEM-03463,PO-03463,PROD-00013,31,12973.14,402167.34
POITEM-03464,PO-03464,PROD-00048,38,169.8,6452.4
POITEM-03465,PO-03465,PROD-00060,1,13085.7,13085.7
POITEM-03466,PO-03466,PROD-00043,47,7340.76,345015.72
POITEM-03467,PO-03467,PROD-00054,39,1564.33,61008.87
POITEM-03468,PO-03468,PROD-00006,18,2873.38,51720.84
POITEM-03469,PO-03469,PROD-00060,35,13085.7,457999.5
POITEM-03470,PO-03470,PROD-00044,13,9523.41,123804.33
POITEM-03471,PO-03471,PROD-00042,4,10320.27,41281.08
POITEM-03472,PO-03472,PROD-00092,47,6231.25,292868.75
POITEM-03473,PO-03473,PROD-00093,40,10452.9,418116.0
POITEM-03474,PO-03474,PROD-00042,18,10320.27,185764.86
POITEM-03475,PO-03475,PROD-00031,36,6887.83,247961.88
POITEM-03476,PO-03476,PROD-00030,44,13937.05,613230.2
POITEM-03477,PO-03477,PROD-00031,11,6887.83,75766.13
POITEM-03478,PO-03478,PROD-00015,27,13899.61,375289.47
POITEM-03479,PO-03479,PROD-00020,37,7164.91,265101.67
POITEM-03480,PO-03480,PROD-00084,4,3172.49,12689.96
POITEM-03481,PO-03481,PROD-00071,5,9102.98,45514.9
POITEM-03482,PO-03482,PROD-00063,45,379.37,17071.65
POITEM-03483,PO-03483,PROD-00088,18,12280.89,221056.02
POITEM-03484,PO-03484,PROD-00078,31,6140.68,190361.08
POITEM-03485,PO-03485,PROD-00020,15,7164.91,107473.65
POITEM-03486,PO-03486,PROD-00052,10,13487.25,134872.5
POITEM-03487,PO-03487,PROD-00078,7,6140.68,42984.76
POITEM-03488,PO-03488,PROD-00052,41,13487.25,552977.25
POITEM-03489,PO-03489,PROD-00057,46,396.18,18224.28
POITEM-03490,PO-03490,PROD-00082,39,8547.35,333346.65
POITEM-03491,PO-03491,PROD-00027,7,3083.78,21586.46
POITEM-03492,PO-03492,PROD-00048,26,169.8,4414.8
POITEM-03493,PO-03493,PROD-00023,20,12930.74,258614.8
POITEM-03494,PO-03494,PROD-00079,48,4452.44,213717.12
POITEM-03495,PO-03495,PROD-00051,42,1933.5,81207.0
POITEM-03496,PO-03496,PROD-00087,14,1294.81,18127.34
POITEM-03497,PO-03497,PROD-00072,9,13495.08,121455.72
POITEM-03498,PO-03498,PROD-00093,11,10452.9,114981.9
POITEM-03499,PO-03499,PROD-00004,4,6054.25,24217.0
POITEM-03500,PO-03500,PROD-00008,1,3765.85,3765.85
POITEM-03501,PO-03501,PROD-00021,18,14412.66,259427.88
POITEM-03502,PO-03502,PROD-00033,45,14000.56,630025.2
POITEM-03503,PO-03503,PROD-00092,33,6231.25,205631.25
POITEM-03504,PO-03504,PROD-00025,19,8927.92,169630.48
POITEM-03505,PO-03505,PROD-00094,5,3678.67,18393.35
POITEM-03506,PO-03506,PROD-00041,20,9082.33,181646.6
POITEM-03507,PO-03507,PROD-00058,50,13963.97,698198.5
POITEM-03508,PO-03508,PROD-00055,48,11248.43,539924.64
POITEM-03509,PO-03509,PROD-00058,46,13963.97,642342.62
POITEM-03510,PO-03510,PROD-00076,35,4725.89,165406.15
POITEM-03511,PO-03511,PROD-00045,44,78.1,3436.4
POITEM-03512,PO-03512,PROD-00058,19,13963.97,265315.43
POITEM-03513,PO-03513,PROD-00052,13,13487.25,175334.25
POITEM-03514,PO-03514,PROD-00100,48,7978.7,382977.6
POITEM-03515,PO-03515,PROD-00074,19,7810.81,148405.39
POITEM-03516,PO-03516,PROD-00018,22,8698.22,191360.84
POITEM-03517,PO-03517,PROD-00061,23,3013.6,69312.8
POITEM-03518,PO-03518,PROD-00074,39,7810.81,304621.59
POITEM-03519,PO-03519,PROD-00051,31,1933.5,59938.5
POITEM-03520,PO-03520,PROD-00064,13,4940.72,64229.36
POITEM-03521,PO-03521,PROD-00086,18,7110.96,127997.28
POITEM-03522,PO-03522,PROD-00097,35,14370.54,502968.9
POITEM-03523,PO-03523,PROD-00076,45,4725.89,212665.05
POITEM-03524,PO-03524,PROD-00007,29,6342.68,183937.72
POITEM-03525,PO-03525,PROD-00037,7,12261.13,85827.91
POITEM-03526,PO-03526,PROD-00068,42,8719.33,366211.86
POITEM-03527,PO-03527,PROD-00077,19,13503.2,256560.8
POITEM-03528,PO-03528,PROD-00044,28,9523.41,266655.48
POITEM-03529,PO-03529,PROD-00037,22,12261.13,269744.86
POITEM-03530,PO-03530,PROD-00043,9,7340.76,66066.84
POITEM-03531,PO-03531,PROD-00007,35,6342.68,221993.8
POITEM-03532,PO-03532,PROD-00065,4,4204.9,16819.6
POITEM-03533,PO-03533,PROD-00054,49,1564.33,76652.17
POITEM-03534,PO-03534,PROD-00097,42,14370.54,603562.68
POITEM-03535,PO-03535,PROD-00081,21,11228.32,235794.72
POITEM-03536,PO-03536,PROD-00075,29,6483.68,188026.72
POITEM-03537,PO-03537,PROD-00079,49,4452.44,218169.56
POITEM-03538,PO-03538,PROD-00075,25,6483.68,162092.0
POITEM-03539,PO-03539,PROD-00027,13,3083.78,40089.14
POITEM-03540,PO-03540,PROD-00020,17,7164.91,121803.47
POITEM-03541,PO-03541,PROD-00056,10,2458.46,24584.6
POITEM-03542,PO-03542,PROD-00074,48,7810.81,374918.88
POITEM-03543,PO-03543,PROD-00096,30,6391.56,191746.8
POITEM-03544,PO-03544,PROD-00075,26,6483.68,168575.68
POITEM-03545,PO-03545,PROD-00084,32,3172.49,101519.68
POITEM-03546,PO-03546,PROD-00059,16,2408.99,38543.84
POITEM-03547,PO-03547,PROD-00051,48,1933.5,92808.0
POITEM-03548,PO-03548,PROD-00057,36,396.18,14262.48
POITEM-03549,PO-03549,PROD-00085,30,6640.75,199222.5
POITEM-03550,PO-03550,PROD-00097,21,14370.54,301781.34
POITEM-03551,PO-03551,PROD-00081,42,11228.32,471589.44
POITEM-03552,PO-03552,PROD-00048,33,169.8,5603.4
POITEM-03553,PO-03553,PROD-00066,43,14717.72,632861.96
POITEM-03554,PO-03554,PROD-00018,27,8698.22,234851.94
POITEM-03555,PO-03555,PROD-00093,48,10452.9,501739.2
POITEM-03556,PO-03556,PROD-00095,27,12910.1,348572.7
POITEM-03557,PO-03557,PROD-00047,21,6641.49,139471.29
POITEM-03558,PO-03558,PROD-00021,20,14412.66,288253.2
POITEM-03559,PO-03559,PROD-00077,1,13503.2,13503.2
POITEM-03560,PO-03560,PROD-00093,36,10452.9,376304.4
POITEM-03561,PO-03561,PROD-00028,39,4002.58,156100.62
POITEM-03562,PO-03562,PROD-00029,11,9691.37,106605.07
POITEM-03563,PO-03563,PROD-00098,32,8372.15,267908.8
POITEM-03564,PO-03564,PROD-00080,16,6321.18,101138.88
POITEM-03565,PO-03565,PROD-00055,5,11248.43,56242.15
POITEM-03566,PO-03566,PROD-00001,20,5330.61,106612.2
POITEM-03567,PO-03567,PROD-00041,30,9082.33,272469.9
POITEM-03568,PO-03568,PROD-00056,1,2458.46,2458.46
POITEM-03569,PO-03569,PROD-00012,47,6111.05,287219.35
POITEM-03570,PO-03570,PROD-00029,45,9691.37,436111.65
POITEM-03571,PO-03571,PROD-00079,14,4452.44,62334.16
POITEM-03572,PO-03572,PROD-00093,10,10452.9,104529.0
POITEM-03573,PO-03573,PROD-00094,6,3678.67,22072.02
POITEM-03574,PO-03574,PROD-00061,21,3013.6,63285.6
POITEM-03575,PO-03575,PROD-00026,11,9869.16,108560.76
POITEM-03576,PO-03576,PROD-00031,30,6887.83,206634.9
POITEM-03577,PO-03577,PROD-00054,15,1564.33,23464.95
POITEM-03578,PO-03578,PROD-00025,35,8927.92,312477.2
POITEM-03579,PO-03579,PROD-00039,12,1753.54,21042.48
POITEM-03580,PO-03580,PROD-00001,48,5330.61,255869.28
POITEM-03581,PO-03581,PROD-00027,21,3083.78,64759.38
POITEM-03582,PO-03582,PROD-00085,6,6640.75,39844.5
POITEM-03583,PO-03583,PROD-00027,5,3083.78,15418.9
POITEM-03584,PO-03584,PROD-00013,29,12973.14,376221.06
POITEM-03585,PO-03585,PROD-00049,20,13561.33,271226.6
POITEM-03586,PO-03586,PROD-00094,16,3678.67,58858.72
POITEM-03587,PO-03587,PROD-00020,12,7164.91,85978.92
POITEM-03588,PO-03588,PROD-00037,22,12261.13,269744.86
POITEM-03589,PO-03589,PROD-00005,2,12928.55,25857.1
POITEM-03590,PO-03590,PROD-00013,2,12973.14,25946.28
POITEM-03591,PO-03591,PROD-00085,26,6640.75,172659.5
POITEM-03592,PO-03592,PROD-00002,32,12960.96,414750.72
POITEM-03593,PO-03593,PROD-00038,50,1576.21,78810.5
POITEM-03594,PO-03594,PROD-00016,37,6359.54,235302.98
POITEM-03595,PO-03595,PROD-00029,43,9691.37,416728.91
POITEM-03596,PO-03596,PROD-00028,4,4002.58,16010.32
POITEM-03597,PO-03597,PROD-00027,18,3083.78,55508.04
POITEM-03598,PO-03598,PROD-00020,10,7164.91,71649.1
POITEM-03599,PO-03599,PROD-00003,44,9810.5,431662.0
POITEM-03600,PO-03600,PROD-00009,3,12125.13,36375.39
POITEM-03601,PO-03601,PROD-00075,20,6483.68,129673.6
POITEM-03602,PO-03602,PROD-00028,38,4002.58,152098.04
POITEM-03603,PO-03603,PROD-00085,26,6640.75,172659.5
POITEM-03604,PO-03604,PROD-00097,23,14370.54,330522.42
POITEM-03605,PO-03605,PROD-00025,33,8927.92,294621.36
POITEM-03606,PO-03606,PROD-00020,14,7164.91,100308.74
POITEM-03607,PO-03607,PROD-00024,6,14125.4,84752.4
POITEM-03608,PO-03608,PROD-00086,18,7110.96,127997.28
POITEM-03609,PO-03609,PROD-00098,2,8372.15,16744.3
POITEM-03610,PO-03610,PROD-00020,16,7164.91,114638.56
POITEM-03611,PO-03611,PROD-00077,30,13503.2,405096.0
POITEM-03612,PO-03612,PROD-00073,16,689.69,11035.04
POITEM-03613,PO-03613,PROD-00083,22,12510.03,275220.66
POITEM-03614,PO-03614,PROD-00078,33,6140.68,202642.44
POITEM-03615,PO-03615,PROD-00076,45,4725.89,212665.05
POITEM-03616,PO-03616,PROD-00041,34,9082.33,308799.22
POITEM-03617,PO-03617,PROD-00030,14,13937.05,195118.7
POITEM-03618,PO-03618,PROD-00023,27,12930.74,349129.98
POITEM-03619,PO-03619,PROD-00082,31,8547.35,264967.85
POITEM-03620,PO-03620,PROD-00031,6,6887.83,41326.98
POITEM-03621,PO-03621,PROD-00026,22,9869.16,217121.52
POITEM-03622,PO-03622,PROD-00006,46,2873.38,132175.48
POITEM-03623,PO-03623,PROD-00073,34,689.69,23449.46
POITEM-03624,PO-03624,PROD-00074,42,7810.81,328054.02
POITEM-03625,PO-03625,PROD-00020,27,7164.91,193452.57
POITEM-03626,PO-03626,PROD-00081,26,11228.32,291936.32
POITEM-03627,PO-03627,PROD-00036,14,14758.2,206614.8
POITEM-03628,PO-03628,PROD-00016,6,6359.54,38157.24
POITEM-03629,PO-03629,PROD-00028,9,4002.58,36023.22
POITEM-03630,PO-03630,PROD-00010,27,9790.87,264353.49
POITEM-03631,PO-03631,PROD-00059,3,2408.99,7226.97
POITEM-03632,PO-03632,PROD-00060,15,13085.7,196285.5
POITEM-03633,PO-03633,PROD-00027,7,3083.78,21586.46
POITEM-03634,PO-03634,PROD-00022,38,2807.73,106693.74
POITEM-03635,PO-03635,PROD-00051,26,1933.5,50271.0
POITEM-03636,PO-03636,PROD-00054,14,1564.33,21900.62
POITEM-03637,PO-03637,PROD-00052,46,13487.25,620413.5
POITEM-03638,PO-03638,PROD-00043,48,7340.76,352356.48
POITEM-03639,PO-03639,PROD-00034,44,5558.67,244581.48
POITEM-03640,PO-03640,PROD-00088,12,12280.89,147370.68
POITEM-03641,PO-03641,PROD-00025,19,8927.92,169630.48
POITEM-03642,PO-03642,PROD-00044,22,9523.41,209515.02
POITEM-03643,PO-03643,PROD-00033,5,14000.56,70002.8
POITEM-03644,PO-03644,PROD-00099,14,2021.75,28304.5
POITEM-03645,PO-03645,PROD-00009,49,12125.13,594131.37
POITEM-03646,PO-03646,PROD-00051,23,1933.5,44470.5
POITEM-03647,PO-03647,PROD-00069,20,1648.33,32966.6
POITEM-03648,PO-03648,PROD-00088,31,12280.89,380707.59
POITEM-03649,PO-03649,PROD-00061,1,3013.6,3013.6
POITEM-03650,PO-03650,PROD-00003,8,9810.5,78484.0
POITEM-03651,PO-03651,PROD-00003,8,9810.5,78484.0
POITEM-03652,PO-03652,PROD-00052,40,13487.25,539490.0
POITEM-03653,PO-03653,PROD-00025,9,8927.92,80351.28
POITEM-03654,PO-03654,PROD-00027,15,3083.78,46256.7
POITEM-03655,PO-03655,PROD-00015,24,13899.61,333590.64
POITEM-03656,PO-03656,PROD-00081,23,11228.32,258251.36
POITEM-03657,PO-03657,PROD-00050,33,5554.01,183282.33
POITEM-03658,PO-03658,PROD-00074,41,7810.81,320243.21
POITEM-03659,PO-03659,PROD-00073,42,689.69,28966.98
POITEM-03660,PO-03660,PROD-00073,17,689.69,11724.73
POITEM-03661,PO-03661,PROD-00084,47,3172.49,149107.03
POITEM-03662,PO-03662,PROD-00052,37,13487.25,499028.25
POITEM-03663,PO-03663,PROD-00056,46,2458.46,113089.16
POITEM-03664,PO-03664,PROD-00049,7,13561.33,94929.31
POITEM-03665,PO-03665,PROD-00021,29,14412.66,417967.14
POITEM-03666,PO-03666,PROD-00043,35,7340.76,256926.6
POITEM-03667,PO-03667,PROD-00027,46,3083.78,141853.88
POITEM-03668,PO-03668,PROD-00006,29,2873.38,83328.02
POITEM-03669,PO-03669,PROD-00072,44,13495.08,593783.52
POITEM-03670,PO-03670,PROD-00059,35,2408.99,84314.65
POITEM-03671,PO-03671,PROD-00060,49,13085.7,641199.3
POITEM-03672,PO-03672,PROD-00077,20,13503.2,270064.0
POITEM-03673,PO-03673,PROD-00082,21,8547.35,179494.35
POITEM-03674,PO-03674,PROD-00081,46,11228.32,516502.72
POITEM-03675,PO-03675,PROD-00041,28,9082.33,254305.24
POITEM-03676,PO-03676,PROD-00071,43,9102.98,391428.14
POITEM-03677,PO-03677,PROD-00061,25,3013.6,75340.0
POITEM-03678,PO-03678,PROD-00031,17,6887.83,117093.11
POITEM-03679,PO-03679,PROD-00093,32,10452.9,334492.8
POITEM-03680,PO-03680,PROD-00065,17,4204.9,71483.3
POITEM-03681,PO-03681,PROD-00010,21,9790.87,205608.27
POITEM-03682,PO-03682,PROD-00025,43,8927.92,383900.56
POITEM-03683,PO-03683,PROD-00017,2,2868.72,5737.44
POITEM-03684,PO-03684,PROD-00015,35,13899.61,486486.35
POITEM-03685,PO-03685,PROD-00002,35,12960.96,453633.6
POITEM-03686,PO-03686,PROD-00018,11,8698.22,95680.42
POITEM-03687,PO-03687,PROD-00025,21,8927.92,187486.32
POITEM-03688,PO-03688,PROD-00059,14,2408.99,33725.86
POITEM-03689,PO-03689,PROD-00072,30,13495.08,404852.4
POITEM-03690,PO-03690,PROD-00018,28,8698.22,243550.16
POITEM-03691,PO-03691,PROD-00054,1,1564.33,1564.33
POITEM-03692,PO-03692,PROD-00052,10,13487.25,134872.5
POITEM-03693,PO-03693,PROD-00023,37,12930.74,478437.38
POITEM-03694,PO-03694,PROD-00044,17,9523.41,161897.97
POITEM-03695,PO-03695,PROD-00078,3,6140.68,18422.04
POITEM-03696,PO-03696,PROD-00077,37,13503.2,499618.4
POITEM-03697,PO-03697,PROD-00099,8,2021.75,16174.0
POITEM-03698,PO-03698,PROD-00002,36,12960.96,466594.56
POITEM-03699,PO-03699,PROD-00005,1,12928.55,12928.55
POITEM-03700,PO-03700,PROD-00029,41,9691.37,397346.17
POITEM-03701,PO-03701,PROD-00026,12,9869.16,118429.92
POITEM-03702,PO-03702,PROD-00049,33,13561.33,447523.89
POITEM-03703,PO-03703,PROD-00086,13,7110.96,92442.48
POITEM-03704,PO-03704,PROD-00015,6,13899.61,83397.66
POITEM-03705,PO-03705,PROD-00083,23,12510.03,287730.69
POITEM-03706,PO-03706,PROD-00031,35,6887.83,241074.05
POITEM-03707,PO-03707,PROD-00081,46,11228.32,516502.72
POITEM-03708,PO-03708,PROD-00046,32,14697.47,470319.04
POITEM-03709,PO-03709,PROD-00056,29,2458.46,71295.34
POITEM-03710,PO-03710,PROD-00085,22,6640.75,146096.5
POITEM-03711,PO-03711,PROD-00088,36,12280.89,442112.04
POITEM-03712,PO-03712,PROD-00052,49,13487.25,660875.25
POITEM-03713,PO-03713,PROD-00054,25,1564.33,39108.25
POITEM-03714,PO-03714,PROD-00090,44,390.77,17193.88
POITEM-03715,PO-03715,PROD-00062,15,4595.23,68928.45
POITEM-03716,PO-03716,PROD-00071,22,9102.98,200265.56
POITEM-03717,PO-03717,PROD-00015,20,13899.61,277992.2
POITEM-03718,PO-03718,PROD-00025,2,8927.92,17855.84
POITEM-03719,PO-03719,PROD-00091,24,9178.83,220291.92
POITEM-03720,PO-03720,PROD-00023,31,12930.74,400852.94
POITEM-03721,PO-03721,PROD-00094,48,3678.67,176576.16
POITEM-03722,PO-03722,PROD-00098,11,8372.15,92093.65
POITEM-03723,PO-03723,PROD-00011,49,13897.35,680970.15
POITEM-03724,PO-03724,PROD-00082,27,8547.35,230778.45
POITEM-03725,PO-03725,PROD-00085,42,6640.75,278911.5
POITEM-03726,PO-03726,PROD-00058,31,13963.97,432883.07
POITEM-03727,PO-03727,PROD-00089,3,4673.53,14020.59
POITEM-03728,PO-03728,PROD-00061,32,3013.6,96435.2
POITEM-03729,PO-03729,PROD-00020,23,7164.91,164792.93
POITEM-03730,PO-03730,PROD-00060,11,13085.7,143942.7
POITEM-03731,PO-03731,PROD-00036,40,14758.2,590328.0
POITEM-03732,PO-03732,PROD-00013,2,12973.14,25946.28
POITEM-03733,PO-03733,PROD-00002,40,12960.96,518438.4
POITEM-03734,PO-03734,PROD-00070,50,10934.96,546748.0
POITEM-03735,PO-03735,PROD-00047,46,6641.49,305508.54
POITEM-03736,PO-03736,PROD-00022,19,2807.73,53346.87
POITEM-03737,PO-03737,PROD-00026,1,9869.16,9869.16
POITEM-03738,PO-03738,PROD-00060,16,13085.7,209371.2
POITEM-03739,PO-03739,PROD-00029,36,9691.37,348889.32
POITEM-03740,PO-03740,PROD-00095,44,12910.1,568044.4
POITEM-03741,PO-03741,PROD-00081,3,11228.32,33684.96
POITEM-03742,PO-03742,PROD-00088,50,12280.89,614044.5
POITEM-03743,PO-03743,PROD-00027,34,3083.78,104848.52
POITEM-03744,PO-03744,PROD-00060,12,13085.7,157028.4
POITEM-03745,PO-03745,PROD-00084,8,3172.49,25379.92
POITEM-03746,PO-03746,PROD-00079,31,4452.44,138025.64
POITEM-03747,PO-03747,PROD-00083,20,12510.03,250200.6
POITEM-03748,PO-03748,PROD-00014,46,5700.12,262205.52
POITEM-03749,PO-03749,PROD-00023,18,12930.74,232753.32
POITEM-03750,PO-03750,PROD-00087,5,1294.81,6474.05
POITEM-03751,PO-03751,PROD-00033,42,14000.56,588023.52
POITEM-03752,PO-03752,PROD-00088,29,12280.89,356145.81
POITEM-03753,PO-03753,PROD-00033,50,14000.56,700028.0
POITEM-03754,PO-03754,PROD-00010,10,9790.87,97908.7
POITEM-03755,PO-03755,PROD-00028,17,4002.58,68043.86
POITEM-03756,PO-03756,PROD-00064,48,4940.72,237154.56
POITEM-03757,PO-03757,PROD-00076,1,4725.89,4725.89
POITEM-03758,PO-03758,PROD-00045,43,78.1,3358.3
POITEM-03759,PO-03759,PROD-00034,36,5558.67,200112.12
POITEM-03760,PO-03760,PROD-00036,29,14758.2,427987.8
POITEM-03761,PO-03761,PROD-00070,22,10934.96,240569.12
POITEM-03762,PO-03762,PROD-00002,28,12960.96,362906.88
POITEM-03763,PO-03763,PROD-00053,22,3170.9,69759.8
POITEM-03764,PO-03764,PROD-00007,20,6342.68,126853.6
POITEM-03765,PO-03765,PROD-00097,23,14370.54,330522.42
POITEM-03766,PO-03766,PROD-00028,47,4002.58,188121.26
POITEM-03767,PO-03767,PROD-00045,13,78.1,1015.3
POITEM-03768,PO-03768,PROD-00042,11,10320.27,113522.97
POITEM-03769,PO-03769,PROD-00030,20,13937.05,278741.0
POITEM-03770,PO-03770,PROD-00088,35,12280.89,429831.15
POITEM-03771,PO-03771,PROD-00092,41,6231.25,255481.25
POITEM-03772,PO-03772,PROD-00013,45,12973.14,583791.3
POITEM-03773,PO-03773,PROD-00038,25,1576.21,39405.25
POITEM-03774,PO-03774,PROD-00033,15,14000.56,210008.4
POITEM-03775,PO-03775,PROD-00051,4,1933.5,7734.0
POITEM-03776,PO-03776,PROD-00068,49,8719.33,427247.17
POITEM-03777,PO-03777,PROD-00053,27,3170.9,85614.3
POITEM-03778,PO-03778,PROD-00078,40,6140.68,245627.2
POITEM-03779,PO-03779,PROD-00086,20,7110.96,142219.2
POITEM-03780,PO-03780,PROD-00094,31,3678.67,114038.77
POITEM-03781,PO-03781,PROD-00084,28,3172.49,88829.72
POITEM-03782,PO-03782,PROD-00052,3,13487.25,40461.75
POITEM-03783,PO-03783,PROD-00078,4,6140.68,24562.72
POITEM-03784,PO-03784,PROD-00044,33,9523.41,314272.53
POITEM-03785,PO-03785,PROD-00067,42,1752.24,73594.08
POITEM-03786,PO-03786,PROD-00055,4,11248.43,44993.72
POITEM-03787,PO-03787,PROD-00091,20,9178.83,183576.6
POITEM-03788,PO-03788,PROD-00096,50,6391.56,319578.0
POITEM-03789,PO-03789,PROD-00030,15,13937.05,209055.75
POITEM-03790,PO-03790,PROD-00020,31,7164.91,222112.21
POITEM-03791,PO-03791,PROD-00097,28,14370.54,402375.12
POITEM-03792,PO-03792,PROD-00090,37,390.77,14458.49
POITEM-03793,PO-03793,PROD-00005,3,12928.55,38785.65
POITEM-03794,PO-03794,PROD-00049,7,13561.33,94929.31
POITEM-03795,PO-03795,PROD-00065,4,4204.9,16819.6
POITEM-03796,PO-03796,PROD-00048,44,169.8,7471.2
POITEM-03797,PO-03797,PROD-00061,11,3013.6,33149.6
POITEM-03798,PO-03798,PROD-00092,32,6231.25,199400.0
POITEM-03799,PO-03799,PROD-00047,2,6641.49,13282.98
POITEM-03800,PO-03800,PROD-00010,46,9790.87,450380.02
POITEM-03801,PO-03801,PROD-00005,32,12928.55,413713.6
POITEM-03802,PO-03802,PROD-00099,9,2021.75,18195.75
POITEM-03803,PO-03803,PROD-00071,9,9102.98,81926.82
POITEM-03804,PO-03804,PROD-00038,21,1576.21,33100.41
POITEM-03805,PO-03805,PROD-00080,10,6321.18,63211.8
POITEM-03806,PO-03806,PROD-00006,5,2873.38,14366.9
POITEM-03807,PO-03807,PROD-00093,3,10452.9,31358.7
POITEM-03808,PO-03808,PROD-00052,14,13487.25,188821.5
POITEM-03809,PO-03809,PROD-00097,39,14370.54,560451.06
POITEM-03810,PO-03810,PROD-00003,34,9810.5,333557.0
POITEM-03811,PO-03811,PROD-00031,23,6887.83,158420.09
POITEM-03812,PO-03812,PROD-00092,22,6231.25,137087.5
POITEM-03813,PO-03813,PROD-00016,31,6359.54,197145.74
POITEM-03814,PO-03814,PROD-00024,19,14125.4,268382.6
POITEM-03815,PO-03815,PROD-00093,30,10452.9,313587.0
POITEM-03816,PO-03816,PROD-00025,29,8927.92,258909.68
POITEM-03817,PO-03817,PROD-00007,36,6342.68,228336.48
POITEM-03818,PO-03818,PROD-00045,3,78.1,234.3
POITEM-03819,PO-03819,PROD-00094,36,3678.67,132432.12
POITEM-03820,PO-03820,PROD-00092,3,6231.25,18693.75
POITEM-03821,PO-03821,PROD-00011,4,13897.35,55589.4
POITEM-03822,PO-03822,PROD-00033,9,14000.56,126005.04
POITEM-03823,PO-03823,PROD-00085,31,6640.75,205863.25
POITEM-03824,PO-03824,PROD-00048,45,169.8,7641.0
POITEM-03825,PO-03825,PROD-00038,31,1576.21,48862.51
POITEM-03826,PO-03826,PROD-00090,24,390.77,9378.48
POITEM-03827,PO-03827,PROD-00053,19,3170.9,60247.1
POITEM-03828,PO-03828,PROD-00043,36,7340.76,264267.36
POITEM-03829,PO-03829,PROD-00019,31,4721.23,146358.13
POITEM-03830,PO-03830,PROD-00003,16,9810.5,156968.0
POITEM-03831,PO-03831,PROD-00062,21,4595.23,96499.83
POITEM-03832,PO-03832,PROD-00054,7,1564.33,10950.31
POITEM-03833,PO-03833,PROD-00021,33,14412.66,475617.78
POITEM-03834,PO-03834,PROD-00043,10,7340.76,73407.6
POITEM-03835,PO-03835,PROD-00029,9,9691.37,87222.33
POITEM-03836,PO-03836,PROD-00055,30,11248.43,337452.9
POITEM-03837,PO-03837,PROD-00006,37,2873.38,106315.06
POITEM-03838,PO-03838,PROD-00003,22,9810.5,215831.0
POITEM-03839,PO-03839,PROD-00009,14,12125.13,169751.82
POITEM-03840,PO-03840,PROD-00031,41,6887.83,282401.03
POITEM-03841,PO-03841,PROD-00072,26,13495.08,350872.08
POITEM-03842,PO-03842,PROD-00017,17,2868.72,48768.24
POITEM-03843,PO-03843,PROD-00058,47,13963.97,656306.59
POITEM-03844,PO-03844,PROD-00064,15,4940.72,74110.8
POITEM-03845,PO-03845,PROD-00088,41,12280.89,503516.49
POITEM-03846,PO-03846,PROD-00036,37,14758.2,546053.4
POITEM-03847,PO-03847,PROD-00052,37,13487.25,499028.25
POITEM-03848,PO-03848,PROD-00055,25,11248.43,281210.75
POITEM-03849,PO-03849,PROD-00028,43,4002.58,172110.94
POITEM-03850,PO-03850,PROD-00016,6,6359.54,38157.24
POITEM-03851,PO-03851,PROD-00023,7,12930.74,90515.18
POITEM-03852,PO-03852,PROD-00020,8,7164.91,57319.28
POITEM-03853,PO-03853,PROD-00050,27,5554.01,149958.27
POITEM-03854,PO-03854,PROD-00042,33,10320.27,340568.91
POITEM-03855,PO-03855,PROD-00031,49,6887.83,337503.67
POITEM-03856,PO-03856,PROD-00064,21,4940.72,103755.12
POITEM-03857,PO-03857,PROD-00091,15,9178.83,137682.45
POITEM-03858,PO-03858,PROD-00027,34,3083.78,104848.52
POITEM-03859,PO-03859,PROD-00039,48,1753.54,84169.92
POITEM-03860,PO-03860,PROD-00095,25,12910.1,322752.5
POITEM-03861,PO-03861,PROD-00072,42,13495.08,566793.36
POITEM-03862,PO-03862,PROD-00069,6,1648.33,9889.98
POITEM-03863,PO-03863,PROD-00042,21,10320.27,216725.67
POITEM-03864,PO-03864,PROD-00042,19,10320.27,196085.13
POITEM-03865,PO-03865,PROD-00066,41,14717.72,603426.52
POITEM-03866,PO-03866,PROD-00092,42,6231.25,261712.5
POITEM-03867,PO-03867,PROD-00011,49,13897.35,680970.15
POITEM-03868,PO-03868,PROD-00012,39,6111.05,238330.95
POITEM-03869,PO-03869,PROD-00067,29,1752.24,50814.96
POITEM-03870,PO-03870,PROD-00079,6,4452.44,26714.64
POITEM-03871,PO-03871,PROD-00021,29,14412.66,417967.14
POITEM-03872,PO-03872,PROD-00033,47,14000.56,658026.32
POITEM-03873,PO-03873,PROD-00002,50,12960.96,648048.0
POITEM-03874,PO-03874,PROD-00020,40,7164.91,286596.4
POITEM-03875,PO-03875,PROD-00070,25,10934.96,273374.0
POITEM-03876,PO-03876,PROD-00004,20,6054.25,121085.0
POITEM-03877,PO-03877,PROD-00043,13,7340.76,95429.88
POITEM-03878,PO-03878,PROD-00097,10,14370.54,143705.4
POITEM-03879,PO-03879,PROD-00043,16,7340.76,117452.16
POITEM-03880,PO-03880,PROD-00032,28,8076.08,226130.24
POITEM-03881,PO-03881,PROD-00023,30,12930.74,387922.2
POITEM-03882,PO-03882,PROD-00008,45,3765.85,169463.25
POITEM-03883,PO-03883,PROD-00023,38,12930.74,491368.12
POITEM-03884,PO-03884,PROD-00044,21,9523.41,199991.61
POITEM-03885,PO-03885,PROD-00100,31,7978.7,247339.7
POITEM-03886,PO-03886,PROD-00031,24,6887.83,165307.92
POITEM-03887,PO-03887,PROD-00038,1,1576.21,1576.21
POITEM-03888,PO-03888,PROD-00020,5,7164.91,35824.55
POITEM-03889,PO-03889,PROD-00035,40,12510.33,500413.2
POITEM-03890,PO-03890,PROD-00032,48,8076.08,387651.84
POITEM-03891,PO-03891,PROD-00068,40,8719.33,348773.2
POITEM-03892,PO-03892,PROD-00022,4,2807.73,11230.92
POITEM-03893,PO-03893,PROD-00028,16,4002.58,64041.28
POITEM-03894,PO-03894,PROD-00085,9,6640.75,59766.75
POITEM-03895,PO-03895,PROD-00080,47,6321.18,297095.46
POITEM-03896,PO-03896,PROD-00079,41,4452.44,182550.04
POITEM-03897,PO-03897,PROD-00025,45,8927.92,401756.4
POITEM-03898,PO-03898,PROD-00059,38,2408.99,91541.62
POITEM-03899,PO-03899,PROD-00031,15,6887.83,103317.45
POITEM-03900,PO-03900,PROD-00050,9,5554.01,49986.09
POITEM-03901,PO-03901,PROD-00028,16,4002.58,64041.28
POITEM-03902,PO-03902,PROD-00046,40,14697.47,587898.8
POITEM-03903,PO-03903,PROD-00088,41,12280.89,503516.49
POITEM-03904,PO-03904,PROD-00016,15,6359.54,95393.1
POITEM-03905,PO-03905,PROD-00006,32,2873.38,91948.16
POITEM-03906,PO-03906,PROD-00019,45,4721.23,212455.35
POITEM-03907,PO-03907,PROD-00080,11,6321.18,69532.98
POITEM-03908,PO-03908,PROD-00068,11,8719.33,95912.63
POITEM-03909,PO-03909,PROD-00087,21,1294.81,27191.01
POITEM-03910,PO-03910,PROD-00003,43,9810.5,421851.5
POITEM-03911,PO-03911,PROD-00002,39,12960.96,505477.44
POITEM-03912,PO-03912,PROD-00017,10,2868.72,28687.2
POITEM-03913,PO-03913,PROD-00100,44,7978.7,351062.8
POITEM-03914,PO-03914,PROD-00090,10,390.77,3907.7
POITEM-03915,PO-03915,PROD-00082,36,8547.35,307704.6
POITEM-03916,PO-03916,PROD-00089,3,4673.53,14020.59
POITEM-03917,PO-03917,PROD-00042,11,10320.27,113522.97
POITEM-03918,PO-03918,PROD-00030,3,13937.05,41811.15
POITEM-03919,PO-03919,PROD-00094,23,3678.67,84609.41
POITEM-03920,PO-03920,PROD-00095,9,12910.1,116190.9
POITEM-03921,PO-03921,PROD-00014,17,5700.12,96902.04
POITEM-03922,PO-03922,PROD-00078,28,6140.68,171939.04
POITEM-03923,PO-03923,PROD-00099,47,2021.75,95022.25
POITEM-03924,PO-03924,PROD-00014,3,5700.12,17100.36
POITEM-03925,PO-03925,PROD-00003,14,9810.5,137347.0
POITEM-03926,PO-03926,PROD-00009,16,12125.13,194002.08
POITEM-03927,PO-03927,PROD-00066,18,14717.72,264918.96
POITEM-03928,PO-03928,PROD-00077,8,13503.2,108025.6
POITEM-03929,PO-03929,PROD-00065,26,4204.9,109327.4
POITEM-03930,PO-03930,PROD-00060,47,13085.7,615027.9
POITEM-03931,PO-03931,PROD-00070,17,10934.96,185894.32
POITEM-03932,PO-03932,PROD-00043,30,7340.76,220222.8
POITEM-03933,PO-03933,PROD-00054,22,1564.33,34415.26
POITEM-03934,PO-03934,PROD-00020,45,7164.91,322420.95
POITEM-03935,PO-03935,PROD-00084,1,3172.49,3172.49
POITEM-03936,PO-03936,PROD-00030,47,13937.05,655041.35
POITEM-03937,PO-03937,PROD-00010,11,9790.87,107699.57
POITEM-03938,PO-03938,PROD-00096,36,6391.56,230096.16
POITEM-03939,PO-03939,PROD-00011,48,13897.35,667072.8
POITEM-03940,PO-03940,PROD-00037,13,12261.13,159394.69
POITEM-03941,PO-03941,PROD-00083,21,12510.03,262710.63
POITEM-03942,PO-03942,PROD-00070,35,10934.96,382723.6
POITEM-03943,PO-03943,PROD-00057,2,396.18,792.36
POITEM-03944,PO-03944,PROD-00006,46,2873.38,132175.48
POITEM-03945,PO-03945,PROD-00030,12,13937.05,167244.6
POITEM-03946,PO-03946,PROD-00045,47,78.1,3670.7
POITEM-03947,PO-03947,PROD-00036,21,14758.2,309922.2
POITEM-03948,PO-03948,PROD-00078,36,6140.68,221064.48
POITEM-03949,PO-03949,PROD-00046,21,14697.47,308646.87
POITEM-03950,PO-03950,PROD-00033,34,14000.56,476019.04
POITEM-03951,PO-03951,PROD-00017,13,2868.72,37293.36
POITEM-03952,PO-03952,PROD-00068,28,8719.33,244141.24
POITEM-03953,PO-03953,PROD-00068,38,8719.33,331334.54
POITEM-03954,PO-03954,PROD-00094,48,3678.67,176576.16
POITEM-03955,PO-03955,PROD-00100,30,7978.7,239361.0
POITEM-03956,PO-03956,PROD-00086,32,7110.96,227550.72
POITEM-03957,PO-03957,PROD-00044,40,9523.41,380936.4
POITEM-03958,PO-03958,PROD-00027,45,3083.78,138770.1
POITEM-03959,PO-03959,PROD-00009,40,12125.13,485005.2
POITEM-03960,PO-03960,PROD-00094,17,3678.67,62537.39
POITEM-03961,PO-03961,PROD-00077,11,13503.2,148535.2
POITEM-03962,PO-03962,PROD-00074,20,7810.81,156216.2
POITEM-03963,PO-03963,PROD-00041,16,9082.33,145317.28
POITEM-03964,PO-03964,PROD-00099,39,2021.75,78848.25
POITEM-03965,PO-03965,PROD-00043,44,7340.76,322993.44
POITEM-03966,PO-03966,PROD-00076,14,4725.89,66162.46
POITEM-03967,PO-03967,PROD-00055,43,11248.43,483682.49
POITEM-03968,PO-03968,PROD-00061,21,3013.6,63285.6
POITEM-03969,PO-03969,PROD-00092,11,6231.25,68543.75
POITEM-03970,PO-03970,PROD-00075,27,6483.68,175059.36
POITEM-03971,PO-03971,PROD-00073,12,689.69,8276.28
POITEM-03972,PO-03972,PROD-00055,21,11248.43,236217.03
POITEM-03973,PO-03973,PROD-00017,39,2868.72,111880.08
POITEM-03974,PO-03974,PROD-00071,5,9102.98,45514.9
POITEM-03975,PO-03975,PROD-00083,24,12510.03,300240.72
POITEM-03976,PO-03976,PROD-00092,31,6231.25,193168.75
POITEM-03977,PO-03977,PROD-00009,18,12125.13,218252.34
POITEM-03978,PO-03978,PROD-00078,43,6140.68,264049.24
POITEM-03979,PO-03979,PROD-00063,2,379.37,758.74
POITEM-03980,PO-03980,PROD-00054,42,1564.33,65701.86
POITEM-03981,PO-03981,PROD-00097,45,14370.54,646674.3
POITEM-03982,PO-03982,PROD-00050,22,5554.01,122188.22
POITEM-03983,PO-03983,PROD-00044,32,9523.41,304749.12
POITEM-03984,PO-03984,PROD-00096,37,6391.56,236487.72
POITEM-03985,PO-03985,PROD-00056,12,2458.46,29501.52
POITEM-03986,PO-03986,PROD-00080,28,6321.18,176993.04
POITEM-03987,PO-03987,PROD-00035,29,12510.33,362799.57
POITEM-03988,PO-03988,PROD-00022,28,2807.73,78616.44
POITEM-03989,PO-03989,PROD-00026,12,9869.16,118429.92
POITEM-03990,PO-03990,PROD-00050,30,5554.01,166620.3
POITEM-03991,PO-03991,PROD-00061,36,3013.6,108489.6
POITEM-03992,PO-03992,PROD-00087,37,1294.81,47907.97
POITEM-03993,PO-03993,PROD-00022,6,2807.73,16846.38
POITEM-03994,PO-03994,PROD-00033,15,14000.56,210008.4
POITEM-03995,PO-03995,PROD-00070,19,10934.96,207764.24
POITEM-03996,PO-03996,PROD-00070,36,10934.96,393658.56
POITEM-03997,PO-03997,PROD-00034,34,5558.67,188994.78
POITEM-03998,PO-03998,PROD-00033,19,14000.56,266010.64
POITEM-03999,PO-03999,PROD-00044,18,9523.41,171421.38
POITEM-04000,PO-04000,PROD-00078,29,6140.68,178079.72
POITEM-04001,PO-04001,PROD-00007,36,6342.68,228336.48
POITEM-04002,PO-04002,PROD-00054,29,1564.33,45365.57
POITEM-04003,PO-04003,PROD-00005,28,12928.55,361999.4
POITEM-04004,PO-04004,PROD-00083,4,12510.03,50040.12
POITEM-04005,PO-04005,PROD-00051,46,1933.5,88941.0
POITEM-04006,PO-04006,PROD-00018,13,8698.22,113076.86
POITEM-04007,PO-04007,PROD-00037,46,12261.13,564011.98
POITEM-04008,PO-04008,PROD-00033,37,14000.56,518020.72
POITEM-04009,PO-04009,PROD-00061,12,3013.6,36163.2
POITEM-04010,PO-04010,PROD-00022,44,2807.73,123540.12
POITEM-04011,PO-04011,PROD-00098,36,8372.15,301397.4
POITEM-04012,PO-04012,PROD-00084,1,3172.49,3172.49
POITEM-04013,PO-04013,PROD-00051,30,1933.5,58005.0
POITEM-04014,PO-04014,PROD-00067,28,1752.24,49062.72
POITEM-04015,PO-04015,PROD-00006,42,2873.38,120681.96
POITEM-04016,PO-04016,PROD-00099,3,2021.75,6065.25
POITEM-04017,PO-04017,PROD-00010,36,9790.87,352471.32
POITEM-04018,PO-04018,PROD-00067,43,1752.24,75346.32
POITEM-04019,PO-04019,PROD-00051,12,1933.5,23202.0
POITEM-04020,PO-04020,PROD-00007,31,6342.68,196623.08
POITEM-04021,PO-04021,PROD-00015,21,13899.61,291891.81
POITEM-04022,PO-04022,PROD-00017,43,2868.72,123354.96
POITEM-04023,PO-04023,PROD-00056,8,2458.46,19667.68
POITEM-04024,PO-04024,PROD-00046,6,14697.47,88184.82
POITEM-04025,PO-04025,PROD-00082,28,8547.35,239325.8
POITEM-04026,PO-04026,PROD-00084,8,3172.49,25379.92
POITEM-04027,PO-04027,PROD-00039,30,1753.54,52606.2
POITEM-04028,PO-04028,PROD-00099,34,2021.75,68739.5
POITEM-04029,PO-04029,PROD-00040,14,8309.52,116333.28
POITEM-04030,PO-04030,PROD-00041,44,9082.33,399622.52
POITEM-04031,PO-04031,PROD-00064,36,4940.72,177865.92
POITEM-04032,PO-04032,PROD-00043,48,7340.76,352356.48
POITEM-04033,PO-04033,PROD-00045,45,78.1,3514.5
POITEM-04034,PO-04034,PROD-00089,43,4673.53,200961.79
POITEM-04035,PO-04035,PROD-00095,27,12910.1,348572.7
POITEM-04036,PO-04036,PROD-00019,42,4721.23,198291.66
POITEM-04037,PO-04037,PROD-00008,10,3765.85,37658.5
POITEM-04038,PO-04038,PROD-00051,35,1933.5,67672.5
POITEM-04039,PO-04039,PROD-00064,31,4940.72,153162.32
POITEM-04040,PO-04040,PROD-00027,19,3083.78,58591.82
POITEM-04041,PO-04041,PROD-00025,44,8927.92,392828.48
POITEM-04042,PO-04042,PROD-00052,32,13487.25,431592.0
POITEM-04043,PO-04043,PROD-00036,29,14758.2,427987.8
POITEM-04044,PO-04044,PROD-00041,34,9082.33,308799.22
POITEM-04045,PO-04045,PROD-00050,29,5554.01,161066.29
POITEM-04046,PO-04046,PROD-00062,47,4595.23,215975.81
POITEM-04047,PO-04047,PROD-00022,45,2807.73,126347.85
POITEM-04048,PO-04048,PROD-00036,39,14758.2,575569.8
POITEM-04049,PO-04049,PROD-00014,39,5700.12,222304.68
POITEM-04050,PO-04050,PROD-00042,26,10320.27,268327.02
POITEM-04051,PO-04051,PROD-00087,22,1294.81,28485.82
POITEM-04052,PO-04052,PROD-00043,46,7340.76,337674.96
POITEM-04053,PO-04053,PROD-00099,12,2021.75,24261.0
POITEM-04054,PO-04054,PROD-00092,19,6231.25,118393.75
POITEM-04055,PO-04055,PROD-00029,41,9691.37,397346.17
POITEM-04056,PO-04056,PROD-00036,49,14758.2,723151.8
POITEM-04057,PO-04057,PROD-00044,40,9523.41,380936.4
POITEM-04058,PO-04058,PROD-00077,21,13503.2,283567.2
POITEM-04059,PO-04059,PROD-00039,44,1753.54,77155.76
POITEM-04060,PO-04060,PROD-00091,35,9178.83,321259.05
POITEM-04061,PO-04061,PROD-00041,39,9082.33,354210.87
POITEM-04062,PO-04062,PROD-00084,19,3172.49,60277.31
POITEM-04063,PO-04063,PROD-00019,15,4721.23,70818.45
POITEM-04064,PO-04064,PROD-00092,14,6231.25,87237.5
POITEM-04065,PO-04065,PROD-00034,9,5558.67,50028.03
POITEM-04066,PO-04066,PROD-00042,43,10320.27,443771.61
POITEM-04067,PO-04067,PROD-00049,2,13561.33,27122.66
POITEM-04068,PO-04068,PROD-00049,18,13561.33,244103.94
POITEM-04069,PO-04069,PROD-00059,15,2408.99,36134.85
POITEM-04070,PO-04070,PROD-00063,13,379.37,4931.81
POITEM-04071,PO-04071,PROD-00063,14,379.37,5311.18
POITEM-04072,PO-04072,PROD-00044,15,9523.41,142851.15
POITEM-04073,PO-04073,PROD-00024,20,14125.4,282508.0
POITEM-04074,PO-04074,PROD-00040,19,8309.52,157880.88
POITEM-04075,PO-04075,PROD-00094,7,3678.67,25750.69
POITEM-04076,PO-04076,PROD-00083,41,12510.03,512911.23
POITEM-04077,PO-04077,PROD-00036,22,14758.2,324680.4
POITEM-04078,PO-04078,PROD-00055,43,11248.43,483682.49
POITEM-04079,PO-04079,PROD-00013,11,12973.14,142704.54
POITEM-04080,PO-04080,PROD-00027,1,3083.78,3083.78
POITEM-04081,PO-04081,PROD-00079,38,4452.44,169192.72
POITEM-04082,PO-04082,PROD-00058,2,13963.97,27927.94
POITEM-04083,PO-04083,PROD-00070,15,10934.96,164024.4
POITEM-04084,PO-04084,PROD-00091,47,9178.83,431405.01
POITEM-04085,PO-04085,PROD-00040,23,8309.52,191118.96
POITEM-04086,PO-04086,PROD-00070,2,10934.96,21869.92
POITEM-04087,PO-04087,PROD-00048,26,169.8,4414.8
POITEM-04088,PO-04088,PROD-00019,21,4721.23,99145.83
POITEM-04089,PO-04089,PROD-00054,38,1564.33,59444.54
POITEM-04090,PO-04090,PROD-00063,37,379.37,14036.69
POITEM-04091,PO-04091,PROD-00023,41,12930.74,530160.34
POITEM-04092,PO-04092,PROD-00018,5,8698.22,43491.1
POITEM-04093,PO-04093,PROD-00097,24,14370.54,344892.96
POITEM-04094,PO-04094,PROD-00085,50,6640.75,332037.5
POITEM-04095,PO-04095,PROD-00094,12,3678.67,44144.04
POITEM-04096,PO-04096,PROD-00052,14,13487.25,188821.5
POITEM-04097,PO-04097,PROD-00043,30,7340.76,220222.8
POITEM-04098,PO-04098,PROD-00039,44,1753.54,77155.76
POITEM-04099,PO-04099,PROD-00036,45,14758.2,664119.0
POITEM-04100,PO-04100,PROD-00088,17,12280.89,208775.13
POITEM-04101,PO-04101,PROD-00053,23,3170.9,72930.7
POITEM-04102,PO-04102,PROD-00060,31,13085.7,405656.7
POITEM-04103,PO-04103,PROD-00034,27,5558.67,150084.09
POITEM-04104,PO-04104,PROD-00012,17,6111.05,103887.85
POITEM-04105,PO-04105,PROD-00023,40,12930.74,517229.6
POITEM-04106,PO-04106,PROD-00022,32,2807.73,89847.36
POITEM-04107,PO-04107,PROD-00007,6,6342.68,38056.08
POITEM-04108,PO-04108,PROD-00007,38,6342.68,241021.84
POITEM-04109,PO-04109,PROD-00014,35,5700.12,199504.2
POITEM-04110,PO-04110,PROD-00058,13,13963.97,181531.61
POITEM-04111,PO-04111,PROD-00004,43,6054.25,260332.75
POITEM-04112,PO-04112,PROD-00085,15,6640.75,99611.25
POITEM-04113,PO-04113,PROD-00016,31,6359.54,197145.74
POITEM-04114,PO-04114,PROD-00082,49,8547.35,418820.15
POITEM-04115,PO-04115,PROD-00044,11,9523.41,104757.51
POITEM-04116,PO-04116,PROD-00052,32,13487.25,431592.0
POITEM-04117,PO-04117,PROD-00008,30,3765.85,112975.5
POITEM-04118,PO-04118,PROD-00097,25,14370.54,359263.5
POITEM-04119,PO-04119,PROD-00094,32,3678.67,117717.44
POITEM-04120,PO-04120,PROD-00047,2,6641.49,13282.98
POITEM-04121,PO-04121,PROD-00076,1,4725.89,4725.89
POITEM-04122,PO-04122,PROD-00011,16,13897.35,222357.6
POITEM-04123,PO-04123,PROD-00032,7,8076.08,56532.56
POITEM-04124,PO-04124,PROD-00018,18,8698.22,156567.96
POITEM-04125,PO-04125,PROD-00044,2,9523.41,19046.82
POITEM-04126,PO-04126,PROD-00005,35,12928.55,452499.25
POITEM-04127,PO-04127,PROD-00034,1,5558.67,5558.67
POITEM-04128,PO-04128,PROD-00004,45,6054.25,272441.25
POITEM-04129,PO-04129,PROD-00059,14,2408.99,33725.86
POITEM-04130,PO-04130,PROD-00026,11,9869.16,108560.76
POITEM-04131,PO-04131,PROD-00070,46,10934.96,503008.16
POITEM-04132,PO-04132,PROD-00055,2,11248.43,22496.86
POITEM-04133,PO-04133,PROD-00049,27,13561.33,366155.91
POITEM-04134,PO-04134,PROD-00059,26,2408.99,62633.74
POITEM-04135,PO-04135,PROD-00006,22,2873.38,63214.36
POITEM-04136,PO-04136,PROD-00042,17,10320.27,175444.59
POITEM-04137,PO-04137,PROD-00004,17,6054.25,102922.25
POITEM-04138,PO-04138,PROD-00075,46,6483.68,298249.28
POITEM-04139,PO-04139,PROD-00018,7,8698.22,60887.54
POITEM-04140,PO-04140,PROD-00050,11,5554.01,61094.11
POITEM-04141,PO-04141,PROD-00077,25,13503.2,337580.0
POITEM-04142,PO-04142,PROD-00058,33,13963.97,460811.01
POITEM-04143,PO-04143,PROD-00010,19,9790.87,186026.53
POITEM-04144,PO-04144,PROD-00018,44,8698.22,382721.68
POITEM-04145,PO-04145,PROD-00071,39,9102.98,355016.22
POITEM-04146,PO-04146,PROD-00028,38,4002.58,152098.04
POITEM-04147,PO-04147,PROD-00069,48,1648.33,79119.84
POITEM-04148,PO-04148,PROD-00005,4,12928.55,51714.2
POITEM-04149,PO-04149,PROD-00018,50,8698.22,434911.0
POITEM-04150,PO-04150,PROD-00029,5,9691.37,48456.85
POITEM-04151,PO-04151,PROD-00095,17,12910.1,219471.7
POITEM-04152,PO-04152,PROD-00060,12,13085.7,157028.4
POITEM-04153,PO-04153,PROD-00061,23,3013.6,69312.8
POITEM-04154,PO-04154,PROD-00092,48,6231.25,299100.0
POITEM-04155,PO-04155,PROD-00096,33,6391.56,210921.48
POITEM-04156,PO-04156,PROD-00008,18,3765.85,67785.3
POITEM-04157,PO-04157,PROD-00099,8,2021.75,16174.0
POITEM-04158,PO-04158,PROD-00078,33,6140.68,202642.44
POITEM-04159,PO-04159,PROD-00019,36,4721.23,169964.28
POITEM-04160,PO-04160,PROD-00019,22,4721.23,103867.06
POITEM-04161,PO-04161,PROD-00047,36,6641.49,239093.64
POITEM-04162,PO-04162,PROD-00023,50,12930.74,646537.0
POITEM-04163,PO-04163,PROD-00074,46,7810.81,359297.26
POITEM-04164,PO-04164,PROD-00100,4,7978.7,31914.8
POITEM-04165,PO-04165,PROD-00012,31,6111.05,189442.55
POITEM-04166,PO-04166,PROD-00072,5,13495.08,67475.4
POITEM-04167,PO-04167,PROD-00056,5,2458.46,12292.3
POITEM-04168,PO-04168,PROD-00083,8,12510.03,100080.24
POITEM-04169,PO-04169,PROD-00074,7,7810.81,54675.67
POITEM-04170,PO-04170,PROD-00029,47,9691.37,455494.39
POITEM-04171,PO-04171,PROD-00054,46,1564.33,71959.18
POITEM-04172,PO-04172,PROD-00060,30,13085.7,392571.0
POITEM-04173,PO-04173,PROD-00096,16,6391.56,102264.96
POITEM-04174,PO-04174,PROD-00044,11,9523.41,104757.51
POITEM-04175,PO-04175,PROD-00074,43,7810.81,335864.83
POITEM-04176,PO-04176,PROD-00024,36,14125.4,508514.4
POITEM-04177,PO-04177,PROD-00019,34,4721.23,160521.82
POITEM-04178,PO-04178,PROD-00093,1,10452.9,10452.9
POITEM-04179,PO-04179,PROD-00018,34,8698.22,295739.48
POITEM-04180,PO-04180,PROD-00075,49,6483.68,317700.32
POITEM-04181,PO-04181,PROD-00035,45,12510.33,562964.85
POITEM-04182,PO-04182,PROD-00016,12,6359.54,76314.48
POITEM-04183,PO-04183,PROD-00015,26,13899.61,361389.86
POITEM-04184,PO-04184,PROD-00046,6,14697.47,88184.82
POITEM-04185,PO-04185,PROD-00086,31,7110.96,220439.76
POITEM-04186,PO-04186,PROD-00088,4,12280.89,49123.56
POITEM-04187,PO-04187,PROD-00080,48,6321.18,303416.64
POITEM-04188,PO-04188,PROD-00001,1,5330.61,5330.61
POITEM-04189,PO-04189,PROD-00061,22,3013.6,66299.2
POITEM-04190,PO-04190,PROD-00032,48,8076.08,387651.84
POITEM-04191,PO-04191,PROD-00094,37,3678.67,136110.79
POITEM-04192,PO-04192,PROD-00001,47,5330.61,250538.67
POITEM-04193,PO-04193,PROD-00007,14,6342.68,88797.52
POITEM-04194,PO-04194,PROD-00020,50,7164.91,358245.5
POITEM-04195,PO-04195,PROD-00084,12,3172.49,38069.88
POITEM-04196,PO-04196,PROD-00088,31,12280.89,380707.59
POITEM-04197,PO-04197,PROD-00046,14,14697.47,205764.58
POITEM-04198,PO-04198,PROD-00005,13,12928.55,168071.15
POITEM-04199,PO-04199,PROD-00074,35,7810.81,273378.35
POITEM-04200,PO-04200,PROD-00030,41,13937.05,571419.05
POITEM-04201,PO-04201,PROD-00046,46,14697.47,676083.62
POITEM-04202,PO-04202,PROD-00069,35,1648.33,57691.55
POITEM-04203,PO-04203,PROD-00059,45,2408.99,108404.55
POITEM-04204,PO-04204,PROD-00092,40,6231.25,249250.0
POITEM-04205,PO-04205,PROD-00033,41,14000.56,574022.96
POITEM-04206,PO-04206,PROD-00052,17,13487.25,229283.25
POITEM-04207,PO-04207,PROD-00059,15,2408.99,36134.85
POITEM-04208,PO-04208,PROD-00006,2,2873.38,5746.76
POITEM-04209,PO-04209,PROD-00065,23,4204.9,96712.7
POITEM-04210,PO-04210,PROD-00094,28,3678.67,103002.76
POITEM-04211,PO-04211,PROD-00093,27,10452.9,282228.3
POITEM-04212,PO-04212,PROD-00045,36,78.1,2811.6
POITEM-04213,PO-04213,PROD-00005,10,12928.55,129285.5
POITEM-04214,PO-04214,PROD-00066,49,14717.72,721168.28
POITEM-04215,PO-04215,PROD-00054,39,1564.33,61008.87
POITEM-04216,PO-04216,PROD-00088,21,12280.89,257898.69
POITEM-04217,PO-04217,PROD-00054,24,1564.33,37543.92
POITEM-04218,PO-04218,PROD-00087,10,1294.81,12948.1
POITEM-04219,PO-04219,PROD-00062,25,4595.23,114880.75
POITEM-04220,PO-04220,PROD-00090,47,390.77,18366.19
POITEM-04221,PO-04221,PROD-00029,18,9691.37,174444.66
POITEM-04222,PO-04222,PROD-00017,8,2868.72,22949.76
POITEM-04223,PO-04223,PROD-00017,47,2868.72,134829.84
POITEM-04224,PO-04224,PROD-00095,49,12910.1,632594.9
POITEM-04225,PO-04225,PROD-00067,18,1752.24,31540.32
POITEM-04226,PO-04226,PROD-00020,7,7164.91,50154.37
POITEM-04227,PO-04227,PROD-00083,23,12510.03,287730.69
POITEM-04228,PO-04228,PROD-00003,32,9810.5,313936.0
POITEM-04229,PO-04229,PROD-00025,21,8927.92,187486.32
POITEM-04230,PO-04230,PROD-00076,13,4725.89,61436.57
POITEM-04231,PO-04231,PROD-00093,33,10452.9,344945.7
POITEM-04232,PO-04232,PROD-00063,26,379.37,9863.62
POITEM-04233,PO-04233,PROD-00050,4,5554.01,22216.04
POITEM-04234,PO-04234,PROD-00077,18,13503.2,243057.6
POITEM-04235,PO-04235,PROD-00060,17,13085.7,222456.9
POITEM-04236,PO-04236,PROD-00095,23,12910.1,296932.3
POITEM-04237,PO-04237,PROD-00014,3,5700.12,17100.36
POITEM-04238,PO-04238,PROD-00017,20,2868.72,57374.4
POITEM-04239,PO-04239,PROD-00054,30,1564.33,46929.9
POITEM-04240,PO-04240,PROD-00098,22,8372.15,184187.3
POITEM-04241,PO-04241,PROD-00085,36,6640.75,239067.0
POITEM-04242,PO-04242,PROD-00006,21,2873.38,60340.98
POITEM-04243,PO-04243,PROD-00051,46,1933.5,88941.0
POITEM-04244,PO-04244,PROD-00002,48,12960.96,622126.08
POITEM-04245,PO-04245,PROD-00017,34,2868.72,97536.48
POITEM-04246,PO-04246,PROD-00082,7,8547.35,59831.45
POITEM-04247,PO-04247,PROD-00062,6,4595.23,27571.38
POITEM-04248,PO-04248,PROD-00001,8,5330.61,42644.88
POITEM-04249,PO-04249,PROD-00081,28,11228.32,314392.96
POITEM-04250,PO-04250,PROD-00004,20,6054.25,121085.0
POITEM-04251,PO-04251,PROD-00068,24,8719.33,209263.92
POITEM-04252,PO-04252,PROD-00012,9,6111.05,54999.45
POITEM-04253,PO-04253,PROD-00055,37,11248.43,416191.91
POITEM-04254,PO-04254,PROD-00058,44,13963.97,614414.68
POITEM-04255,PO-04255,PROD-00029,10,9691.37,96913.7
POITEM-04256,PO-04256,PROD-00011,45,13897.35,625380.75
POITEM-04257,PO-04257,PROD-00050,15,5554.01,83310.15
POITEM-04258,PO-04258,PROD-00067,6,1752.24,10513.44
POITEM-04259,PO-04259,PROD-00088,35,12280.89,429831.15
POITEM-04260,PO-04260,PROD-00016,39,6359.54,248022.06
POITEM-04261,PO-04261,PROD-00012,33,6111.05,201664.65
POITEM-04262,PO-04262,PROD-00050,43,5554.01,238822.43
POITEM-04263,PO-04263,PROD-00066,2,14717.72,29435.44
POITEM-04264,PO-04264,PROD-00056,19,2458.46,46710.74
POITEM-04265,PO-04265,PROD-00085,28,6640.75,185941.0
POITEM-04266,PO-04266,PROD-00076,17,4725.89,80340.13
POITEM-04267,PO-04267,PROD-00013,7,12973.14,90811.98
POITEM-04268,PO-04268,PROD-00032,37,8076.08,298814.96
POITEM-04269,PO-04269,PROD-00095,33,12910.1,426033.3
POITEM-04270,PO-04270,PROD-00008,36,3765.85,135570.6
POITEM-04271,PO-04271,PROD-00057,39,396.18,15451.02
POITEM-04272,PO-04272,PROD-00010,40,9790.87,391634.8
POITEM-04273,PO-04273,PROD-00090,49,390.77,19147.73
POITEM-04274,PO-04274,PROD-00029,23,9691.37,222901.51
POITEM-04275,PO-04275,PROD-00100,26,7978.7,207446.2
POITEM-04276,PO-04276,PROD-00009,44,12125.13,533505.72
POITEM-04277,PO-04277,PROD-00002,9,12960.96,116648.64
POITEM-04278,PO-04278,PROD-00028,9,4002.58,36023.22
POITEM-04279,PO-04279,PROD-00074,8,7810.81,62486.48
POITEM-04280,PO-04280,PROD-00046,3,14697.47,44092.41
POITEM-04281,PO-04281,PROD-00034,21,5558.67,116732.07
POITEM-04282,PO-04282,PROD-00080,3,6321.18,18963.54
POITEM-04283,PO-04283,PROD-00076,29,4725.89,137050.81
POITEM-04284,PO-04284,PROD-00068,47,8719.33,409808.51
POITEM-04285,PO-04285,PROD-00024,18,14125.4,254257.2
POITEM-04286,PO-04286,PROD-00020,19,7164.91,136133.29
POITEM-04287,PO-04287,PROD-00032,10,8076.08,80760.8
POITEM-04288,PO-04288,PROD-00098,45,8372.15,376746.75
POITEM-04289,PO-04289,PROD-00084,15,3172.49,47587.35
POITEM-04290,PO-04290,PROD-00075,45,6483.68,291765.6
POITEM-04291,PO-04291,PROD-00019,15,4721.23,70818.45
POITEM-04292,PO-04292,PROD-00005,42,12928.55,542999.1
POITEM-04293,PO-04293,PROD-00049,27,13561.33,366155.91
POITEM-04294,PO-04294,PROD-00048,22,169.8,3735.6
POITEM-04295,PO-04295,PROD-00070,14,10934.96,153089.44
POITEM-04296,PO-04296,PROD-00078,49,6140.68,300893.32
POITEM-04297,PO-04297,PROD-00032,41,8076.08,331119.28
POITEM-04298,PO-04298,PROD-00079,49,4452.44,218169.56
POITEM-04299,PO-04299,PROD-00038,15,1576.21,23643.15
POITEM-04300,PO-04300,PROD-00026,26,9869.16,256598.16
POITEM-04301,PO-04301,PROD-00022,35,2807.73,98270.55
POITEM-04302,PO-04302,PROD-00096,43,6391.56,274837.08
POITEM-04303,PO-04303,PROD-00032,25,8076.08,201902.0
POITEM-04304,PO-04304,PROD-00095,43,12910.1,555134.3
POITEM-04305,PO-04305,PROD-00010,1,9790.87,9790.87
POITEM-04306,PO-04306,PROD-00083,10,12510.03,125100.3
POITEM-04307,PO-04307,PROD-00041,14,9082.33,127152.62
POITEM-04308,PO-04308,PROD-00047,18,6641.49,119546.82
POITEM-04309,PO-04309,PROD-00039,2,1753.54,3507.08
POITEM-04310,PO-04310,PROD-00041,39,9082.33,354210.87
POITEM-04311,PO-04311,PROD-00028,27,4002.58,108069.66
POITEM-04312,PO-04312,PROD-00088,8,12280.89,98247.12
POITEM-04313,PO-04313,PROD-00018,15,8698.22,130473.3
POITEM-04314,PO-04314,PROD-00098,11,8372.15,92093.65
POITEM-04315,PO-04315,PROD-00047,19,6641.49,126188.31
POITEM-04316,PO-04316,PROD-00092,30,6231.25,186937.5
POITEM-04317,PO-04317,PROD-00048,26,169.8,4414.8
POITEM-04318,PO-04318,PROD-00086,46,7110.96,327104.16
POITEM-04319,PO-04319,PROD-00099,14,2021.75,28304.5
POITEM-04320,PO-04320,PROD-00076,9,4725.89,42533.01
POITEM-04321,PO-04321,PROD-00033,42,14000.56,588023.52
POITEM-04322,PO-04322,PROD-00002,26,12960.96,336984.96
POITEM-04323,PO-04323,PROD-00077,17,13503.2,229554.4
POITEM-04324,PO-04324,PROD-00030,38,13937.05,529607.9
POITEM-04325,PO-04325,PROD-00084,7,3172.49,22207.43
POITEM-04326,PO-04326,PROD-00085,16,6640.75,106252.0
POITEM-04327,PO-04327,PROD-00053,47,3170.9,149032.3
POITEM-04328,PO-04328,PROD-00001,27,5330.61,143926.47
POITEM-04329,PO-04329,PROD-00091,24,9178.83,220291.92
POITEM-04330,PO-04330,PROD-00073,49,689.69,33794.81
POITEM-04331,PO-04331,PROD-00052,37,13487.25,499028.25
POITEM-04332,PO-04332,PROD-00073,32,689.69,22070.08
POITEM-04333,PO-04333,PROD-00063,6,379.37,2276.22
POITEM-04334,PO-04334,PROD-00095,36,12910.1,464763.6
POITEM-04335,PO-04335,PROD-00046,13,14697.47,191067.11
POITEM-04336,PO-04336,PROD-00002,7,12960.96,90726.72
POITEM-04337,PO-04337,PROD-00012,19,6111.05,116109.95
POITEM-04338,PO-04338,PROD-00089,17,4673.53,79450.01
POITEM-04339,PO-04339,PROD-00062,50,4595.23,229761.5
POITEM-04340,PO-04340,PROD-00039,43,1753.54,75402.22
POITEM-04341,PO-04341,PROD-00035,25,12510.33,312758.25
POITEM-04342,PO-04342,PROD-00099,3,2021.75,6065.25
POITEM-04343,PO-04343,PROD-00066,12,14717.72,176612.64
POITEM-04344,PO-04344,PROD-00043,37,7340.76,271608.12
POITEM-04345,PO-04345,PROD-00007,49,6342.68,310791.32
POITEM-04346,PO-04346,PROD-00013,1,12973.14,12973.14
POITEM-04347,PO-04347,PROD-00096,32,6391.56,204529.92
POITEM-04348,PO-04348,PROD-00058,27,13963.97,377027.19
POITEM-04349,PO-04349,PROD-00068,31,8719.33,270299.23
POITEM-04350,PO-04350,PROD-00013,14,12973.14,181623.96
POITEM-04351,PO-04351,PROD-00025,25,8927.92,223198.0
POITEM-04352,PO-04352,PROD-00091,26,9178.83,238649.58
POITEM-04353,PO-04353,PROD-00062,25,4595.23,114880.75
POITEM-04354,PO-04354,PROD-00023,48,12930.74,620675.52
POITEM-04355,PO-04355,PROD-00070,17,10934.96,185894.32
POITEM-04356,PO-04356,PROD-00079,1,4452.44,4452.44
POITEM-04357,PO-04357,PROD-00038,40,1576.21,63048.4
POITEM-04358,PO-04358,PROD-00075,50,6483.68,324184.0
POITEM-04359,PO-04359,PROD-00078,35,6140.68,214923.8
POITEM-04360,PO-04360,PROD-00035,16,12510.33,200165.28
POITEM-04361,PO-04361,PROD-00019,50,4721.23,236061.5
POITEM-04362,PO-04362,PROD-00017,23,2868.72,65980.56
POITEM-04363,PO-04363,PROD-00041,7,9082.33,63576.31
POITEM-04364,PO-04364,PROD-00033,41,14000.56,574022.96
POITEM-04365,PO-04365,PROD-00025,28,8927.92,249981.76
POITEM-04366,PO-04366,PROD-00080,32,6321.18,202277.76
POITEM-04367,PO-04367,PROD-00038,46,1576.21,72505.66
POITEM-04368,PO-04368,PROD-00096,32,6391.56,204529.92
POITEM-04369,PO-04369,PROD-00010,20,9790.87,195817.4
POITEM-04370,PO-04370,PROD-00019,34,4721.23,160521.82
POITEM-04371,PO-04371,PROD-00038,21,1576.21,33100.41
POITEM-04372,PO-04372,PROD-00037,22,12261.13,269744.86
POITEM-04373,PO-04373,PROD-00061,47,3013.6,141639.2
POITEM-04374,PO-04374,PROD-00075,41,6483.68,265830.88
POITEM-04375,PO-04375,PROD-00079,7,4452.44,31167.08
POITEM-04376,PO-04376,PROD-00028,39,4002.58,156100.62
POITEM-04377,PO-04377,PROD-00074,33,7810.81,257756.73
POITEM-04378,PO-04378,PROD-00067,41,1752.24,71841.84
POITEM-04379,PO-04379,PROD-00053,3,3170.9,9512.7
POITEM-04380,PO-04380,PROD-00062,29,4595.23,133261.67
POITEM-04381,PO-04381,PROD-00006,50,2873.38,143669.0
POITEM-04382,PO-04382,PROD-00054,19,1564.33,29722.27
POITEM-04383,PO-04383,PROD-00047,13,6641.49,86339.37
POITEM-04384,PO-04384,PROD-00080,17,6321.18,107460.06
POITEM-04385,PO-04385,PROD-00072,33,13495.08,445337.64
POITEM-04386,PO-04386,PROD-00037,21,12261.13,257483.73
POITEM-04387,PO-04387,PROD-00019,41,4721.23,193570.43
POITEM-04388,PO-04388,PROD-00038,40,1576.21,63048.4
POITEM-04389,PO-04389,PROD-00057,9,396.18,3565.62
POITEM-04390,PO-04390,PROD-00099,16,2021.75,32348.0
POITEM-04391,PO-04391,PROD-00061,39,3013.6,117530.4
POITEM-04392,PO-04392,PROD-00050,30,5554.01,166620.3
POITEM-04393,PO-04393,PROD-00060,23,13085.7,300971.1
POITEM-04394,PO-04394,PROD-00062,43,4595.23,197594.89
POITEM-04395,PO-04395,PROD-00092,20,6231.25,124625.0
POITEM-04396,PO-04396,PROD-00083,34,12510.03,425341.02
POITEM-04397,PO-04397,PROD-00094,29,3678.67,106681.43
POITEM-04398,PO-04398,PROD-00024,16,14125.4,226006.4
POITEM-04399,PO-04399,PROD-00076,44,4725.89,207939.16
POITEM-04400,PO-04400,PROD-00074,33,7810.81,257756.73
POITEM-04401,PO-04401,PROD-00072,34,13495.08,458832.72
POITEM-04402,PO-04402,PROD-00071,33,9102.98,300398.34
POITEM-04403,PO-04403,PROD-00012,25,6111.05,152776.25
POITEM-04404,PO-04404,PROD-00076,38,4725.89,179583.82
POITEM-04405,PO-04405,PROD-00019,19,4721.23,89703.37
POITEM-04406,PO-04406,PROD-00070,39,10934.96,426463.44
POITEM-04407,PO-04407,PROD-00054,33,1564.33,51622.89
POITEM-04408,PO-04408,PROD-00027,29,3083.78,89429.62
POITEM-04409,PO-04409,PROD-00017,37,2868.72,106142.64
POITEM-04410,PO-04410,PROD-00023,29,12930.74,374991.46
POITEM-04411,PO-04411,PROD-00049,3,13561.33,40683.99
POITEM-04412,PO-04412,PROD-00083,20,12510.03,250200.6
POITEM-04413,PO-04413,PROD-00049,13,13561.33,176297.29
POITEM-04414,PO-04414,PROD-00091,24,9178.83,220291.92
POITEM-04415,PO-04415,PROD-00098,40,8372.15,334886.0
POITEM-04416,PO-04416,PROD-00063,32,379.37,12139.84
POITEM-04417,PO-04417,PROD-00076,24,4725.89,113421.36
POITEM-04418,PO-04418,PROD-00016,22,6359.54,139909.88
POITEM-04419,PO-04419,PROD-00090,23,390.77,8987.71
POITEM-04420,PO-04420,PROD-00043,43,7340.76,315652.68
POITEM-04421,PO-04421,PROD-00017,36,2868.72,103273.92
POITEM-04422,PO-04422,PROD-00058,27,13963.97,377027.19
POITEM-04423,PO-04423,PROD-00045,22,78.1,1718.2
POITEM-04424,PO-04424,PROD-00073,15,689.69,10345.35
POITEM-04425,PO-04425,PROD-00045,44,78.1,3436.4
POITEM-04426,PO-04426,PROD-00085,13,6640.75,86329.75
POITEM-04427,PO-04427,PROD-00026,26,9869.16,256598.16
POITEM-04428,PO-04428,PROD-00060,28,13085.7,366399.6
POITEM-04429,PO-04429,PROD-00041,29,9082.33,263387.57
POITEM-04430,PO-04430,PROD-00056,19,2458.46,46710.74
POITEM-04431,PO-04431,PROD-00012,26,6111.05,158887.3
POITEM-04432,PO-04432,PROD-00077,33,13503.2,445605.6
POITEM-04433,PO-04433,PROD-00091,18,9178.83,165218.94
POITEM-04434,PO-04434,PROD-00072,36,13495.08,485822.88
POITEM-04435,PO-04435,PROD-00030,39,13937.05,543544.95
POITEM-04436,PO-04436,PROD-00100,18,7978.7,143616.6
POITEM-04437,PO-04437,PROD-00046,20,14697.47,293949.4
POITEM-04438,PO-04438,PROD-00018,46,8698.22,400118.12
POITEM-04439,PO-04439,PROD-00047,10,6641.49,66414.9
POITEM-04440,PO-04440,PROD-00065,36,4204.9,151376.4
POITEM-04441,PO-04441,PROD-00070,34,10934.96,371788.64
POITEM-04442,PO-04442,PROD-00090,43,390.77,16803.11
POITEM-04443,PO-04443,PROD-00019,4,4721.23,18884.92
POITEM-04444,PO-04444,PROD-00052,25,13487.25,337181.25
POITEM-04445,PO-04445,PROD-00028,34,4002.58,136087.72
POITEM-04446,PO-04446,PROD-00090,38,390.77,14849.26
POITEM-04447,PO-04447,PROD-00024,30,14125.4,423762.0
POITEM-04448,PO-04448,PROD-00037,26,12261.13,318789.38
POITEM-04449,PO-04449,PROD-00015,27,13899.61,375289.47
POITEM-04450,PO-04450,PROD-00020,28,7164.91,200617.48
POITEM-04451,PO-04451,PROD-00033,6,14000.56,84003.36
POITEM-04452,PO-04452,PROD-00082,9,8547.35,76926.15
POITEM-04453,PO-04453,PROD-00045,23,78.1,1796.3
POITEM-04454,PO-04454,PROD-00033,15,14000.56,210008.4
POITEM-04455,PO-04455,PROD-00070,12,10934.96,131219.52
POITEM-04456,PO-04456,PROD-00006,38,2873.38,109188.44
POITEM-04457,PO-04457,PROD-00016,1,6359.54,6359.54
POITEM-04458,PO-04458,PROD-00021,39,14412.66,562093.74
POITEM-04459,PO-04459,PROD-00046,40,14697.47,587898.8
POITEM-04460,PO-04460,PROD-00070,40,10934.96,437398.4
POITEM-04461,PO-04461,PROD-00003,3,9810.5,29431.5
POITEM-04462,PO-04462,PROD-00096,28,6391.56,178963.68
POITEM-04463,PO-04463,PROD-00024,19,14125.4,268382.6
POITEM-04464,PO-04464,PROD-00017,3,2868.72,8606.16
POITEM-04465,PO-04465,PROD-00036,27,14758.2,398471.4
POITEM-04466,PO-04466,PROD-00060,6,13085.7,78514.2
POITEM-04467,PO-04467,PROD-00091,30,9178.83,275364.9
POITEM-04468,PO-04468,PROD-00001,16,5330.61,85289.76
POITEM-04469,PO-04469,PROD-00078,1,6140.68,6140.68
POITEM-04470,PO-04470,PROD-00041,1,9082.33,9082.33
POITEM-04471,PO-04471,PROD-00056,25,2458.46,61461.5
POITEM-04472,PO-04472,PROD-00097,15,14370.54,215558.1
POITEM-04473,PO-04473,PROD-00038,47,1576.21,74081.87
POITEM-04474,PO-04474,PROD-00047,38,6641.49,252376.62
POITEM-04475,PO-04475,PROD-00025,18,8927.92,160702.56
POITEM-04476,PO-04476,PROD-00038,44,1576.21,69353.24
POITEM-04477,PO-04477,PROD-00059,5,2408.99,12044.95
POITEM-04478,PO-04478,PROD-00015,50,13899.61,694980.5
POITEM-04479,PO-04479,PROD-00077,16,13503.2,216051.2
POITEM-04480,PO-04480,PROD-00019,50,4721.23,236061.5
POITEM-04481,PO-04481,PROD-00072,19,13495.08,256406.52
POITEM-04482,PO-04482,PROD-00060,10,13085.7,130857.0
POITEM-04483,PO-04483,PROD-00010,12,9790.87,117490.44
POITEM-04484,PO-04484,PROD-00048,37,169.8,6282.6
POITEM-04485,PO-04485,PROD-00013,7,12973.14,90811.98
POITEM-04486,PO-04486,PROD-00084,48,3172.49,152279.52
POITEM-04487,PO-04487,PROD-00046,47,14697.47,690781.09
POITEM-04488,PO-04488,PROD-00006,42,2873.38,120681.96
POITEM-04489,PO-04489,PROD-00004,46,6054.25,278495.5
POITEM-04490,PO-04490,PROD-00004,19,6054.25,115030.75
POITEM-04491,PO-04491,PROD-00058,30,13963.97,418919.1
POITEM-04492,PO-04492,PROD-00033,12,14000.56,168006.72
POITEM-04493,PO-04493,PROD-00034,47,5558.67,261257.49
POITEM-04494,PO-04494,PROD-00015,41,13899.61,569884.01
POITEM-04495,PO-04495,PROD-00084,8,3172.49,25379.92
POITEM-04496,PO-04496,PROD-00039,18,1753.54,31563.72
POITEM-04497,PO-04497,PROD-00069,9,1648.33,14834.97
POITEM-04498,PO-04498,PROD-00094,45,3678.67,165540.15
POITEM-04499,PO-04499,PROD-00092,38,6231.25,236787.5
POITEM-04500,PO-04500,PROD-00016,28,6359.54,178067.12
POITEM-04501,PO-04501,PROD-00026,41,9869.16,404635.56
POITEM-04502,PO-04502,PROD-00061,11,3013.6,33149.6
POITEM-04503,PO-04503,PROD-00037,37,12261.13,453661.81
POITEM-04504,PO-04504,PROD-00057,12,396.18,4754.16
POITEM-04505,PO-04505,PROD-00043,18,7340.76,132133.68
POITEM-04506,PO-04506,PROD-00098,9,8372.15,75349.35
POITEM-04507,PO-04507,PROD-00070,29,10934.96,317113.84
POITEM-04508,PO-04508,PROD-00052,16,13487.25,215796.0
POITEM-04509,PO-04509,PROD-00047,40,6641.49,265659.6
POITEM-04510,PO-04510,PROD-00094,32,3678.67,117717.44
POITEM-04511,PO-04511,PROD-00008,24,3765.85,90380.4
POITEM-04512,PO-04512,PROD-00056,36,2458.46,88504.56
POITEM-04513,PO-04513,PROD-00012,31,6111.05,189442.55
POITEM-04514,PO-04514,PROD-00050,4,5554.01,22216.04
POITEM-04515,PO-04515,PROD-00056,8,2458.46,19667.68
POITEM-04516,PO-04516,PROD-00051,24,1933.5,46404.0
POITEM-04517,PO-04517,PROD-00013,6,12973.14,77838.84
POITEM-04518,PO-04518,PROD-00093,42,10452.9,439021.8
POITEM-04519,PO-04519,PROD-00029,45,9691.37,436111.65
POITEM-04520,PO-04520,PROD-00010,9,9790.87,88117.83
POITEM-04521,PO-04521,PROD-00059,33,2408.99,79496.67
POITEM-04522,PO-04522,PROD-00035,38,12510.33,475392.54
POITEM-04523,PO-04523,PROD-00044,47,9523.41,447600.27
POITEM-04524,PO-04524,PROD-00042,17,10320.27,175444.59
POITEM-04525,PO-04525,PROD-00058,34,13963.97,474774.98
POITEM-04526,PO-04526,PROD-00045,50,78.1,3905.0
POITEM-04527,PO-04527,PROD-00080,2,6321.18,12642.36
POITEM-04528,PO-04528,PROD-00097,38,14370.54,546080.52
POITEM-04529,PO-04529,PROD-00018,40,8698.22,347928.8
POITEM-04530,PO-04530,PROD-00059,21,2408.99,50588.79
POITEM-04531,PO-04531,PROD-00087,46,1294.81,59561.26
POITEM-04532,PO-04532,PROD-00029,6,9691.37,58148.22
POITEM-04533,PO-04533,PROD-00088,22,12280.89,270179.58
POITEM-04534,PO-04534,PROD-00050,22,5554.01,122188.22
POITEM-04535,PO-04535,PROD-00016,32,6359.54,203505.28
POITEM-04536,PO-04536,PROD-00003,25,9810.5,245262.5
POITEM-04537,PO-04537,PROD-00094,27,3678.67,99324.09
POITEM-04538,PO-04538,PROD-00080,50,6321.18,316059.0
POITEM-04539,PO-04539,PROD-00030,49,13937.05,682915.45
POITEM-04540,PO-04540,PROD-00074,32,7810.81,249945.92
POITEM-04541,PO-04541,PROD-00027,17,3083.78,52424.26
POITEM-04542,PO-04542,PROD-00029,14,9691.37,135679.18
POITEM-04543,PO-04543,PROD-00020,39,7164.91,279431.49
POITEM-04544,PO-04544,PROD-00036,42,14758.2,619844.4
POITEM-04545,PO-04545,PROD-00018,22,8698.22,191360.84
POITEM-04546,PO-04546,PROD-00086,42,7110.96,298660.32
POITEM-04547,PO-04547,PROD-00031,8,6887.83,55102.64
POITEM-04548,PO-04548,PROD-00068,45,8719.33,392369.85
POITEM-04549,PO-04549,PROD-00004,21,6054.25,127139.25
POITEM-04550,PO-04550,PROD-00081,3,11228.32,33684.96
POITEM-04551,PO-04551,PROD-00038,26,1576.21,40981.46
POITEM-04552,PO-04552,PROD-00094,39,3678.67,143468.13
POITEM-04553,PO-04553,PROD-00041,20,9082.33,181646.6
POITEM-04554,PO-04554,PROD-00082,42,8547.35,358988.7
POITEM-04555,PO-04555,PROD-00023,14,12930.74,181030.36
POITEM-04556,PO-04556,PROD-00081,17,11228.32,190881.44
POITEM-04557,PO-04557,PROD-00023,31,12930.74,400852.94
POITEM-04558,PO-04558,PROD-00009,11,12125.13,133376.43
POITEM-04559,PO-04559,PROD-00050,20,5554.01,111080.2
POITEM-04560,PO-04560,PROD-00092,20,6231.25,124625.0
POITEM-04561,PO-04561,PROD-00070,22,10934.96,240569.12
POITEM-04562,PO-04562,PROD-00034,3,5558.67,16676.01
POITEM-04563,PO-04563,PROD-00037,19,12261.13,232961.47
POITEM-04564,PO-04564,PROD-00049,5,13561.33,67806.65
POITEM-04565,PO-04565,PROD-00076,46,4725.89,217390.94
POITEM-04566,PO-04566,PROD-00076,11,4725.89,51984.79
POITEM-04567,PO-04567,PROD-00070,50,10934.96,546748.0
POITEM-04568,PO-04568,PROD-00017,12,2868.72,34424.64
POITEM-04569,PO-04569,PROD-00068,39,8719.33,340053.87
POITEM-04570,PO-04570,PROD-00036,12,14758.2,177098.4
POITEM-04571,PO-04571,PROD-00059,4,2408.99,9635.96
POITEM-04572,PO-04572,PROD-00055,36,11248.43,404943.48
POITEM-04573,PO-04573,PROD-00076,13,4725.89,61436.57
POITEM-04574,PO-04574,PROD-00014,50,5700.12,285006.0
POITEM-04575,PO-04575,PROD-00004,36,6054.25,217953.0
POITEM-04576,PO-04576,PROD-00040,22,8309.52,182809.44
POITEM-04577,PO-04577,PROD-00091,5,9178.83,45894.15
POITEM-04578,PO-04578,PROD-00060,8,13085.7,104685.6
POITEM-04579,PO-04579,PROD-00047,7,6641.49,46490.43
POITEM-04580,PO-04580,PROD-00082,22,8547.35,188041.7
POITEM-04581,PO-04581,PROD-00056,16,2458.46,39335.36
POITEM-04582,PO-04582,PROD-00085,13,6640.75,86329.75
POITEM-04583,PO-04583,PROD-00044,6,9523.41,57140.46
POITEM-04584,PO-04584,PROD-00030,21,13937.05,292678.05
POITEM-04585,PO-04585,PROD-00010,28,9790.87,274144.36
POITEM-04586,PO-04586,PROD-00023,16,12930.74,206891.84
POITEM-04587,PO-04587,PROD-00022,4,2807.73,11230.92
POITEM-04588,PO-04588,PROD-00042,7,10320.27,72241.89
POITEM-04589,PO-04589,PROD-00092,46,6231.25,286637.5
POITEM-04590,PO-04590,PROD-00064,5,4940.72,24703.6
POITEM-04591,PO-04591,PROD-00085,17,6640.75,112892.75
POITEM-04592,PO-04592,PROD-00054,42,1564.33,65701.86
POITEM-04593,PO-04593,PROD-00023,31,12930.74,400852.94
POITEM-04594,PO-04594,PROD-00005,42,12928.55,542999.1
POITEM-04595,PO-04595,PROD-00099,7,2021.75,14152.25
POITEM-04596,PO-04596,PROD-00055,5,11248.43,56242.15
POITEM-04597,PO-04597,PROD-00023,22,12930.74,284476.28
POITEM-04598,PO-04598,PROD-00009,49,12125.13,594131.37
POITEM-04599,PO-04599,PROD-00083,49,12510.03,612991.47
POITEM-04600,PO-04600,PROD-00001,46,5330.61,245208.06
POITEM-04601,PO-04601,PROD-00040,29,8309.52,240976.08
POITEM-04602,PO-04602,PROD-00064,9,4940.72,44466.48
POITEM-04603,PO-04603,PROD-00090,41,390.77,16021.57
POITEM-04604,PO-04604,PROD-00079,24,4452.44,106858.56
POITEM-04605,PO-04605,PROD-00093,42,10452.9,439021.8
POITEM-04606,PO-04606,PROD-00003,2,9810.5,19621.0
POITEM-04607,PO-04607,PROD-00003,7,9810.5,68673.5
POITEM-04608,PO-04608,PROD-00066,7,14717.72,103024.04
POITEM-04609,PO-04609,PROD-00045,24,78.1,1874.4
POITEM-04610,PO-04610,PROD-00036,44,14758.2,649360.8
POITEM-04611,PO-04611,PROD-00046,30,14697.47,440924.1
POITEM-04612,PO-04612,PROD-00049,30,13561.33,406839.9
POITEM-04613,PO-04613,PROD-00069,23,1648.33,37911.59
POITEM-04614,PO-04614,PROD-00059,49,2408.99,118040.51
POITEM-04615,PO-04615,PROD-00030,38,13937.05,529607.9
POITEM-04616,PO-04616,PROD-00072,50,13495.08,674754.0
POITEM-04617,PO-04617,PROD-00008,8,3765.85,30126.8
POITEM-04618,PO-04618,PROD-00001,35,5330.61,186571.35
POITEM-04619,PO-04619,PROD-00052,31,13487.25,418104.75
POITEM-04620,PO-04620,PROD-00098,20,8372.15,167443.0
POITEM-04621,PO-04621,PROD-00098,31,8372.15,259536.65
POITEM-04622,PO-04622,PROD-00049,16,13561.33,216981.28
POITEM-04623,PO-04623,PROD-00012,49,6111.05,299441.45
POITEM-04624,PO-04624,PROD-00006,37,2873.38,106315.06
POITEM-04625,PO-04625,PROD-00007,50,6342.68,317134.0
POITEM-04626,PO-04626,PROD-00067,48,1752.24,84107.52
POITEM-04627,PO-04627,PROD-00077,2,13503.2,27006.4
POITEM-04628,PO-04628,PROD-00054,28,1564.33,43801.24
POITEM-04629,PO-04629,PROD-00066,45,14717.72,662297.4
POITEM-04630,PO-04630,PROD-00017,39,2868.72,111880.08
POITEM-04631,PO-04631,PROD-00075,18,6483.68,116706.24
POITEM-04632,PO-04632,PROD-00063,22,379.37,8346.14
POITEM-04633,PO-04633,PROD-00003,22,9810.5,215831.0
POITEM-04634,PO-04634,PROD-00088,25,12280.89,307022.25
POITEM-04635,PO-04635,PROD-00053,4,3170.9,12683.6
POITEM-04636,PO-04636,PROD-00100,11,7978.7,87765.7
POITEM-04637,PO-04637,PROD-00016,36,6359.54,228943.44
POITEM-04638,PO-04638,PROD-00015,44,13899.61,611582.84
POITEM-04639,PO-04639,PROD-00056,35,2458.46,86046.1
POITEM-04640,PO-04640,PROD-00083,10,12510.03,125100.3
POITEM-04641,PO-04641,PROD-00048,38,169.8,6452.4
POITEM-04642,PO-04642,PROD-00003,36,9810.5,353178.0
POITEM-04643,PO-04643,PROD-00010,48,9790.87,469961.76
POITEM-04644,PO-04644,PROD-00050,32,5554.01,177728.32
POITEM-04645,PO-04645,PROD-00035,14,12510.33,175144.62
POITEM-04646,PO-04646,PROD-00020,31,7164.91,222112.21
POITEM-04647,PO-04647,PROD-00097,38,14370.54,546080.52
POITEM-04648,PO-04648,PROD-00097,25,14370.54,359263.5
POITEM-04649,PO-04649,PROD-00078,43,6140.68,264049.24
POITEM-04650,PO-04650,PROD-00046,23,14697.47,338041.81
POITEM-04651,PO-04651,PROD-00015,2,13899.61,27799.22
POITEM-04652,PO-04652,PROD-00071,23,9102.98,209368.54
POITEM-04653,PO-04653,PROD-00014,15,5700.12,85501.8
POITEM-04654,PO-04654,PROD-00037,9,12261.13,110350.17
POITEM-04655,PO-04655,PROD-00040,50,8309.52,415476.0
POITEM-04656,PO-04656,PROD-00062,50,4595.23,229761.5
POITEM-04657,PO-04657,PROD-00029,36,9691.37,348889.32
POITEM-04658,PO-04658,PROD-00079,17,4452.44,75691.48
POITEM-04659,PO-04659,PROD-00043,46,7340.76,337674.96
POITEM-04660,PO-04660,PROD-00003,47,9810.5,461093.5
POITEM-04661,PO-04661,PROD-00045,10,78.1,781.0
POITEM-04662,PO-04662,PROD-00038,43,1576.21,67777.03
POITEM-04663,PO-04663,PROD-00087,2,1294.81,2589.62
POITEM-04664,PO-04664,PROD-00075,7,6483.68,45385.76
POITEM-04665,PO-04665,PROD-00016,1,6359.54,6359.54
POITEM-04666,PO-04666,PROD-00026,50,9869.16,493458.0
POITEM-04667,PO-04667,PROD-00027,9,3083.78,27754.02
POITEM-04668,PO-04668,PROD-00049,14,13561.33,189858.62
POITEM-04669,PO-04669,PROD-00048,46,169.8,7810.8
POITEM-04670,PO-04670,PROD-00059,8,2408.99,19271.92
POITEM-04671,PO-04671,PROD-00002,17,12960.96,220336.32
POITEM-04672,PO-04672,PROD-00010,14,9790.87,137072.18
POITEM-04673,PO-04673,PROD-00070,23,10934.96,251504.08
POITEM-04674,PO-04674,PROD-00092,37,6231.25,230556.25
POITEM-04675,PO-04675,PROD-00050,29,5554.01,161066.29
POITEM-04676,PO-04676,PROD-00046,6,14697.47,88184.82
POITEM-04677,PO-04677,PROD-00011,41,13897.35,569791.35
POITEM-04678,PO-04678,PROD-00097,1,14370.54,14370.54
POITEM-04679,PO-04679,PROD-00037,31,12261.13,380095.03
POITEM-04680,PO-04680,PROD-00070,12,10934.96,131219.52
POITEM-04681,PO-04681,PROD-00024,5,14125.4,70627.0
POITEM-04682,PO-04682,PROD-00025,2,8927.92,17855.84
POITEM-04683,PO-04683,PROD-00002,1,12960.96,12960.96
POITEM-04684,PO-04684,PROD-00044,18,9523.41,171421.38
POITEM-04685,PO-04685,PROD-00054,28,1564.33,43801.24
POITEM-04686,PO-04686,PROD-00087,35,1294.81,45318.35
POITEM-04687,PO-04687,PROD-00058,22,13963.97,307207.34
POITEM-04688,PO-04688,PROD-00033,44,14000.56,616024.64
POITEM-04689,PO-04689,PROD-00043,8,7340.76,58726.08
POITEM-04690,PO-04690,PROD-00100,49,7978.7,390956.3
POITEM-04691,PO-04691,PROD-00074,17,7810.81,132783.77
POITEM-04692,PO-04692,PROD-00098,49,8372.15,410235.35
POITEM-04693,PO-04693,PROD-00088,44,12280.89,540359.16
POITEM-04694,PO-04694,PROD-00094,18,3678.67,66216.06
POITEM-04695,PO-04695,PROD-00004,28,6054.25,169519.0
POITEM-04696,PO-04696,PROD-00098,29,8372.15,242792.35
POITEM-04697,PO-04697,PROD-00085,18,6640.75,119533.5
POITEM-04698,PO-04698,PROD-00026,39,9869.16,384897.24
POITEM-04699,PO-04699,PROD-00055,29,11248.43,326204.47
POITEM-04700,PO-04700,PROD-00012,5,6111.05,30555.25
POITEM-04701,PO-04701,PROD-00066,38,14717.72,559273.36
POITEM-04702,PO-04702,PROD-00052,50,13487.25,674362.5
POITEM-04703,PO-04703,PROD-00027,16,3083.78,49340.48
POITEM-04704,PO-04704,PROD-00041,38,9082.33,345128.54
POITEM-04705,PO-04705,PROD-00056,25,2458.46,61461.5
POITEM-04706,PO-04706,PROD-00029,39,9691.37,377963.43
POITEM-04707,PO-04707,PROD-00098,26,8372.15,217675.9
POITEM-04708,PO-04708,PROD-00030,35,13937.05,487796.75
POITEM-04709,PO-04709,PROD-00082,3,8547.35,25642.05
POITEM-04710,PO-04710,PROD-00053,29,3170.9,91956.1
POITEM-04711,PO-04711,PROD-00065,32,4204.9,134556.8
POITEM-04712,PO-04712,PROD-00079,47,4452.44,209264.68
POITEM-04713,PO-04713,PROD-00091,23,9178.83,211113.09
POITEM-04714,PO-04714,PROD-00062,28,4595.23,128666.44
POITEM-04715,PO-04715,PROD-00060,11,13085.7,143942.7
POITEM-04716,PO-04716,PROD-00076,47,4725.89,222116.83
POITEM-04717,PO-04717,PROD-00043,37,7340.76,271608.12
POITEM-04718,PO-04718,PROD-00072,11,13495.08,148445.88
POITEM-04719,PO-04719,PROD-00080,45,6321.18,284453.1
POITEM-04720,PO-04720,PROD-00040,5,8309.52,41547.6
POITEM-04721,PO-04721,PROD-00029,25,9691.37,242284.25
POITEM-04722,PO-04722,PROD-00099,6,2021.75,12130.5
POITEM-04723,PO-04723,PROD-00056,43,2458.46,105713.78
POITEM-04724,PO-04724,PROD-00081,31,11228.32,348077.92
POITEM-04725,PO-04725,PROD-00089,48,4673.53,224329.44
POITEM-04726,PO-04726,PROD-00091,5,9178.83,45894.15
POITEM-04727,PO-04727,PROD-00038,34,1576.21,53591.14
POITEM-04728,PO-04728,PROD-00014,10,5700.12,57001.2
POITEM-04729,PO-04729,PROD-00083,27,12510.03,337770.81
POITEM-04730,PO-04730,PROD-00089,44,4673.53,205635.32
POITEM-04731,PO-04731,PROD-00079,13,4452.44,57881.72
POITEM-04732,PO-04732,PROD-00094,6,3678.67,22072.02
POITEM-04733,PO-04733,PROD-00030,7,13937.05,97559.35
POITEM-04734,PO-04734,PROD-00054,21,1564.33,32850.93
POITEM-04735,PO-04735,PROD-00009,10,12125.13,121251.3
POITEM-04736,PO-04736,PROD-00098,30,8372.15,251164.5
POITEM-04737,PO-04737,PROD-00053,29,3170.9,91956.1
POITEM-04738,PO-04738,PROD-00092,23,6231.25,143318.75
POITEM-04739,PO-04739,PROD-00019,37,4721.23,174685.51
POITEM-04740,PO-04740,PROD-00078,21,6140.68,128954.28
POITEM-04741,PO-04741,PROD-00054,38,1564.33,59444.54
POITEM-04742,PO-04742,PROD-00012,31,6111.05,189442.55
POITEM-04743,PO-04743,PROD-00095,34,12910.1,438943.4
POITEM-04744,PO-04744,PROD-00011,37,13897.35,514201.95
POITEM-04745,PO-04745,PROD-00063,39,379.37,14795.43
POITEM-04746,PO-04746,PROD-00085,11,6640.75,73048.25
POITEM-04747,PO-04747,PROD-00068,18,8719.33,156947.94
POITEM-04748,PO-04748,PROD-00033,10,14000.56,140005.6
POITEM-04749,PO-04749,PROD-00071,39,9102.98,355016.22
POITEM-04750,PO-04750,PROD-00022,9,2807.73,25269.57
POITEM-04751,PO-04751,PROD-00096,16,6391.56,102264.96
POITEM-04752,PO-04752,PROD-00005,5,12928.55,64642.75
POITEM-04753,PO-04753,PROD-00012,49,6111.05,299441.45
POITEM-04754,PO-04754,PROD-00008,14,3765.85,52721.9
POITEM-04755,PO-04755,PROD-00006,37,2873.38,106315.06
POITEM-04756,PO-04756,PROD-00052,13,13487.25,175334.25
POITEM-04757,PO-04757,PROD-00058,16,13963.97,223423.52
POITEM-04758,PO-04758,PROD-00001,32,5330.61,170579.52
POITEM-04759,PO-04759,PROD-00057,29,396.18,11489.22
POITEM-04760,PO-04760,PROD-00014,30,5700.12,171003.6
POITEM-04761,PO-04761,PROD-00020,16,7164.91,114638.56
POITEM-04762,PO-04762,PROD-00029,5,9691.37,48456.85
POITEM-04763,PO-04763,PROD-00045,4,78.1,312.4
POITEM-04764,PO-04764,PROD-00093,29,10452.9,303134.1
POITEM-04765,PO-04765,PROD-00029,15,9691.37,145370.55
POITEM-04766,PO-04766,PROD-00042,37,10320.27,381849.99
POITEM-04767,PO-04767,PROD-00080,48,6321.18,303416.64
POITEM-04768,PO-04768,PROD-00022,44,2807.73,123540.12
POITEM-04769,PO-04769,PROD-00057,26,396.18,10300.68
POITEM-04770,PO-04770,PROD-00090,48,390.77,18756.96
POITEM-04771,PO-04771,PROD-00088,49,12280.89,601763.61
POITEM-04772,PO-04772,PROD-00043,46,7340.76,337674.96
POITEM-04773,PO-04773,PROD-00075,29,6483.68,188026.72
POITEM-04774,PO-04774,PROD-00065,35,4204.9,147171.5
POITEM-04775,PO-04775,PROD-00055,43,11248.43,483682.49
POITEM-04776,PO-04776,PROD-00053,22,3170.9,69759.8
POITEM-04777,PO-04777,PROD-00052,43,13487.25,579951.75
POITEM-04778,PO-04778,PROD-00069,14,1648.33,23076.62
POITEM-04779,PO-04779,PROD-00018,50,8698.22,434911.0
POITEM-04780,PO-04780,PROD-00034,21,5558.67,116732.07
POITEM-04781,PO-04781,PROD-00035,26,12510.33,325268.58
POITEM-04782,PO-04782,PROD-00023,21,12930.74,271545.54
POITEM-04783,PO-04783,PROD-00058,48,13963.97,670270.56
POITEM-04784,PO-04784,PROD-00089,9,4673.53,42061.77
POITEM-04785,PO-04785,PROD-00094,22,3678.67,80930.74
POITEM-04786,PO-04786,PROD-00066,27,14717.72,397378.44
POITEM-04787,PO-04787,PROD-00096,12,6391.56,76698.72
POITEM-04788,PO-04788,PROD-00014,12,5700.12,68401.44
POITEM-04789,PO-04789,PROD-00091,41,9178.83,376332.03
POITEM-04790,PO-04790,PROD-00004,24,6054.25,145302.0
POITEM-04791,PO-04791,PROD-00047,30,6641.49,199244.7
POITEM-04792,PO-04792,PROD-00023,14,12930.74,181030.36
POITEM-04793,PO-04793,PROD-00015,4,13899.61,55598.44
POITEM-04794,PO-04794,PROD-00041,26,9082.33,236140.58
POITEM-04795,PO-04795,PROD-00089,37,4673.53,172920.61
POITEM-04796,PO-04796,PROD-00042,23,10320.27,237366.21
POITEM-04797,PO-04797,PROD-00062,41,4595.23,188404.43
POITEM-04798,PO-04798,PROD-00092,50,6231.25,311562.5
POITEM-04799,PO-04799,PROD-00004,27,6054.25,163464.75
POITEM-04800,PO-04800,PROD-00056,50,2458.46,122923.0
POITEM-04801,PO-04801,PROD-00061,7,3013.6,21095.2
POITEM-04802,PO-04802,PROD-00056,25,2458.46,61461.5
POITEM-04803,PO-04803,PROD-00065,34,4204.9,142966.6
POITEM-04804,PO-04804,PROD-00014,49,5700.12,279305.88
POITEM-04805,PO-04805,PROD-00040,27,8309.52,224357.04
POITEM-04806,PO-04806,PROD-00038,15,1576.21,23643.15
POITEM-04807,PO-04807,PROD-00093,26,10452.9,271775.4
POITEM-04808,PO-04808,PROD-00027,42,3083.78,129518.76
POITEM-04809,PO-04809,PROD-00086,40,7110.96,284438.4
POITEM-04810,PO-04810,PROD-00070,25,10934.96,273374.0
POITEM-04811,PO-04811,PROD-00032,38,8076.08,306891.04
POITEM-04812,PO-04812,PROD-00048,49,169.8,8320.2
POITEM-04813,PO-04813,PROD-00090,11,390.77,4298.47
POITEM-04814,PO-04814,PROD-00005,12,12928.55,155142.6
POITEM-04815,PO-04815,PROD-00070,7,10934.96,76544.72
POITEM-04816,PO-04816,PROD-00064,45,4940.72,222332.4
POITEM-04817,PO-04817,PROD-00031,30,6887.83,206634.9
POITEM-04818,PO-04818,PROD-00005,16,12928.55,206856.8
POITEM-04819,PO-04819,PROD-00079,19,4452.44,84596.36
POITEM-04820,PO-04820,PROD-00095,4,12910.1,51640.4
POITEM-04821,PO-04821,PROD-00082,3,8547.35,25642.05
POITEM-04822,PO-04822,PROD-00015,34,13899.61,472586.74
POITEM-04823,PO-04823,PROD-00006,14,2873.38,40227.32
POITEM-04824,PO-04824,PROD-00012,14,6111.05,85554.7
POITEM-04825,PO-04825,PROD-00006,12,2873.38,34480.56
POITEM-04826,PO-04826,PROD-00086,6,7110.96,42665.76
POITEM-04827,PO-04827,PROD-00081,11,11228.32,123511.52
POITEM-04828,PO-04828,PROD-00079,48,4452.44,213717.12
POITEM-04829,PO-04829,PROD-00019,48,4721.23,226619.04
POITEM-04830,PO-04830,PROD-00078,33,6140.68,202642.44
POITEM-04831,PO-04831,PROD-00032,11,8076.08,88836.88
POITEM-04832,PO-04832,PROD-00012,19,6111.05,116109.95
POITEM-04833,PO-04833,PROD-00099,50,2021.75,101087.5
POITEM-04834,PO-04834,PROD-00098,34,8372.15,284653.1
POITEM-04835,PO-04835,PROD-00009,4,12125.13,48500.52
POITEM-04836,PO-04836,PROD-00047,4,6641.49,26565.96
POITEM-04837,PO-04837,PROD-00038,19,1576.21,29947.99
POITEM-04838,PO-04838,PROD-00090,6,390.77,2344.62
POITEM-04839,PO-04839,PROD-00079,16,4452.44,71239.04
POITEM-04840,PO-04840,PROD-00067,36,1752.24,63080.64
POITEM-04841,PO-04841,PROD-00048,13,169.8,2207.4
POITEM-04842,PO-04842,PROD-00018,39,8698.22,339230.58
POITEM-04843,PO-04843,PROD-00009,5,12125.13,60625.65
POITEM-04844,PO-04844,PROD-00013,26,12973.14,337301.64
POITEM-04845,PO-04845,PROD-00096,13,6391.56,83090.28
POITEM-04846,PO-04846,PROD-00094,39,3678.67,143468.13
POITEM-04847,PO-04847,PROD-00002,34,12960.96,440672.64
POITEM-04848,PO-04848,PROD-00014,27,5700.12,153903.24
POITEM-04849,PO-04849,PROD-00024,9,14125.4,127128.6
POITEM-04850,PO-04850,PROD-00097,7,14370.54,100593.78
POITEM-04851,PO-04851,PROD-00057,9,396.18,3565.62
POITEM-04852,PO-04852,PROD-00014,20,5700.12,114002.4
POITEM-04853,PO-04853,PROD-00038,10,1576.21,15762.1
POITEM-04854,PO-04854,PROD-00056,37,2458.46,90963.02
POITEM-04855,PO-04855,PROD-00027,11,3083.78,33921.58
POITEM-04856,PO-04856,PROD-00086,41,7110.96,291549.36
POITEM-04857,PO-04857,PROD-00099,43,2021.75,86935.25
POITEM-04858,PO-04858,PROD-00045,44,78.1,3436.4
POITEM-04859,PO-04859,PROD-00003,9,9810.5,88294.5
POITEM-04860,PO-04860,PROD-00019,26,4721.23,122751.98
POITEM-04861,PO-04861,PROD-00085,20,6640.75,132815.0
POITEM-04862,PO-04862,PROD-00074,16,7810.81,124972.96
POITEM-04863,PO-04863,PROD-00100,45,7978.7,359041.5
POITEM-04864,PO-04864,PROD-00060,36,13085.7,471085.2
POITEM-04865,PO-04865,PROD-00090,18,390.77,7033.86
POITEM-04866,PO-04866,PROD-00065,6,4204.9,25229.4
POITEM-04867,PO-04867,PROD-00068,22,8719.33,191825.26
POITEM-04868,PO-04868,PROD-00015,12,13899.61,166795.32
POITEM-04869,PO-04869,PROD-00002,11,12960.96,142570.56
POITEM-04870,PO-04870,PROD-00030,17,13937.05,236929.85
POITEM-04871,PO-04871,PROD-00024,17,14125.4,240131.8
POITEM-04872,PO-04872,PROD-00097,24,14370.54,344892.96
POITEM-04873,PO-04873,PROD-00041,8,9082.33,72658.64
POITEM-04874,PO-04874,PROD-00073,44,689.69,30346.36
POITEM-04875,PO-04875,PROD-00050,48,5554.01,266592.48
POITEM-04876,PO-04876,PROD-00086,26,7110.96,184884.96
POITEM-04877,PO-04877,PROD-00042,48,10320.27,495372.96
POITEM-04878,PO-04878,PROD-00061,48,3013.6,144652.8
POITEM-04879,PO-04879,PROD-00076,27,4725.89,127599.03
POITEM-04880,PO-04880,PROD-00081,34,11228.32,381762.88
POITEM-04881,PO-04881,PROD-00018,29,8698.22,252248.38
POITEM-04882,PO-04882,PROD-00022,47,2807.73,131963.31
POITEM-04883,PO-04883,PROD-00058,31,13963.97,432883.07
POITEM-04884,PO-04884,PROD-00040,36,8309.52,299142.72
POITEM-04885,PO-04885,PROD-00002,24,12960.96,311063.04
POITEM-04886,PO-04886,PROD-00024,33,14125.4,466138.2
POITEM-04887,PO-04887,PROD-00079,18,4452.44,80143.92
POITEM-04888,PO-04888,PROD-00092,16,6231.25,99700.0
POITEM-04889,PO-04889,PROD-00028,34,4002.58,136087.72
POITEM-04890,PO-04890,PROD-00021,28,14412.66,403554.48
POITEM-04891,PO-04891,PROD-00090,21,390.77,8206.17
POITEM-04892,PO-04892,PROD-00033,31,14000.56,434017.36
POITEM-04893,PO-04893,PROD-00077,47,13503.2,634650.4
POITEM-04894,PO-04894,PROD-00049,4,13561.33,54245.32
POITEM-04895,PO-04895,PROD-00030,23,13937.05,320552.15
POITEM-04896,PO-04896,PROD-00095,14,12910.1,180741.4
POITEM-04897,PO-04897,PROD-00065,6,4204.9,25229.4
POITEM-04898,PO-04898,PROD-00024,20,14125.4,282508.0
POITEM-04899,PO-04899,PROD-00088,23,12280.89,282460.47
POITEM-04900,PO-04900,PROD-00004,26,6054.25,157410.5
POITEM-04901,PO-04901,PROD-00090,38,390.77,14849.26
POITEM-04902,PO-04902,PROD-00070,15,10934.96,164024.4
POITEM-04903,PO-04903,PROD-00080,22,6321.18,139065.96
POITEM-04904,PO-04904,PROD-00051,30,1933.5,58005.0
POITEM-04905,PO-04905,PROD-00078,11,6140.68,67547.48
POITEM-04906,PO-04906,PROD-00075,40,6483.68,259347.2
POITEM-04907,PO-04907,PROD-00029,15,9691.37,145370.55
POITEM-04908,PO-04908,PROD-00099,17,2021.75,34369.75
POITEM-04909,PO-04909,PROD-00079,27,4452.44,120215.88
POITEM-04910,PO-04910,PROD-00078,22,6140.68,135094.96
POITEM-04911,PO-04911,PROD-00009,19,12125.13,230377.47
POITEM-04912,PO-04912,PROD-00078,18,6140.68,110532.24
POITEM-04913,PO-04913,PROD-00022,17,2807.73,47731.41
POITEM-04914,PO-04914,PROD-00062,13,4595.23,59737.99
POITEM-04915,PO-04915,PROD-00062,14,4595.23,64333.22
POITEM-04916,PO-04916,PROD-00041,25,9082.33,227058.25
POITEM-04917,PO-04917,PROD-00040,19,8309.52,157880.88
POITEM-04918,PO-04918,PROD-00067,44,1752.24,77098.56
POITEM-04919,PO-04919,PROD-00027,47,3083.78,144937.66
POITEM-04920,PO-04920,PROD-00097,47,14370.54,675415.38
POITEM-04921,PO-04921,PROD-00001,49,5330.61,261199.89
POITEM-04922,PO-04922,PROD-00010,4,9790.87,39163.48
POITEM-04923,PO-04923,PROD-00083,47,12510.03,587971.41
POITEM-04924,PO-04924,PROD-00077,24,13503.2,324076.8
POITEM-04925,PO-04925,PROD-00027,13,3083.78,40089.14
POITEM-04926,PO-04926,PROD-00076,21,4725.89,99243.69
POITEM-04927,PO-04927,PROD-00029,28,9691.37,271358.36
POITEM-04928,PO-04928,PROD-00028,21,4002.58,84054.18
POITEM-04929,PO-04929,PROD-00064,7,4940.72,34585.04
POITEM-04930,PO-04930,PROD-00078,9,6140.68,55266.12
POITEM-04931,PO-04931,PROD-00036,28,14758.2,413229.6
POITEM-04932,PO-04932,PROD-00064,15,4940.72,74110.8
POITEM-04933,PO-04933,PROD-00091,11,9178.83,100967.13
POITEM-04934,PO-04934,PROD-00030,6,13937.05,83622.3
POITEM-04935,PO-04935,PROD-00081,40,11228.32,449132.8
POITEM-04936,PO-04936,PROD-00042,50,10320.27,516013.5
POITEM-04937,PO-04937,PROD-00002,11,12960.96,142570.56
POITEM-04938,PO-04938,PROD-00042,17,10320.27,175444.59
POITEM-04939,PO-04939,PROD-00020,44,7164.91,315256.04
POITEM-04940,PO-04940,PROD-00086,48,7110.96,341326.08
POITEM-04941,PO-04941,PROD-00063,3,379.37,1138.11
POITEM-04942,PO-04942,PROD-00095,31,12910.1,400213.1
POITEM-04943,PO-04943,PROD-00047,44,6641.49,292225.56
POITEM-04944,PO-04944,PROD-00040,38,8309.52,315761.76
POITEM-04945,PO-04945,PROD-00040,32,8309.52,265904.64
POITEM-04946,PO-04946,PROD-00080,49,6321.18,309737.82
POITEM-04947,PO-04947,PROD-00078,33,6140.68,202642.44
POITEM-04948,PO-04948,PROD-00044,27,9523.41,257132.07
POITEM-04949,PO-04949,PROD-00045,16,78.1,1249.6
POITEM-04950,PO-04950,PROD-00006,37,2873.38,106315.06
POITEM-04951,PO-04951,PROD-00035,14,12510.33,175144.62
POITEM-04952,PO-04952,PROD-00059,33,2408.99,79496.67
POITEM-04953,PO-04953,PROD-00010,42,9790.87,411216.54
POITEM-04954,PO-04954,PROD-00013,20,12973.14,259462.8
POITEM-04955,PO-04955,PROD-00060,23,13085.7,300971.1
POITEM-04956,PO-04956,PROD-00087,12,1294.81,15537.72
POITEM-04957,PO-04957,PROD-00060,9,13085.7,117771.3
POITEM-04958,PO-04958,PROD-00049,14,13561.33,189858.62
POITEM-04959,PO-04959,PROD-00041,42,9082.33,381457.86
POITEM-04960,PO-04960,PROD-00091,12,9178.83,110145.96
POITEM-04961,PO-04961,PROD-00058,48,13963.97,670270.56
POITEM-04962,PO-04962,PROD-00073,50,689.69,34484.5
POITEM-04963,PO-04963,PROD-00040,14,8309.52,116333.28
POITEM-04964,PO-04964,PROD-00088,50,12280.89,614044.5
POITEM-04965,PO-04965,PROD-00093,9,10452.9,94076.1
POITEM-04966,PO-04966,PROD-00091,45,9178.83,413047.35
POITEM-04967,PO-04967,PROD-00094,46,3678.67,169218.82
POITEM-04968,PO-04968,PROD-00098,36,8372.15,301397.4
POITEM-04969,PO-04969,PROD-00045,32,78.1,2499.2
POITEM-04970,PO-04970,PROD-00003,15,9810.5,147157.5
POITEM-04971,PO-04971,PROD-00076,11,4725.89,51984.79
POITEM-04972,PO-04972,PROD-00069,13,1648.33,21428.29
POITEM-04973,PO-04973,PROD-00037,18,12261.13,220700.34
POITEM-04974,PO-04974,PROD-00080,45,6321.18,284453.1
POITEM-04975,PO-04975,PROD-00089,45,4673.53,210308.85
POITEM-04976,PO-04976,PROD-00026,4,9869.16,39476.64
POITEM-04977,PO-04977,PROD-00030,4,13937.05,55748.2
POITEM-04978,PO-04978,PROD-00042,40,10320.27,412810.8
POITEM-04979,PO-04979,PROD-00047,33,6641.49,219169.17
POITEM-04980,PO-04980,PROD-00003,38,9810.5,372799.0
POITEM-04981,PO-04981,PROD-00070,47,10934.96,513943.12
POITEM-04982,PO-04982,PROD-00030,9,13937.05,125433.45
POITEM-04983,PO-04983,PROD-00090,37,390.77,14458.49
POITEM-04984,PO-04984,PROD-00075,50,6483.68,324184.0
POITEM-04985,PO-04985,PROD-00036,5,14758.2,73791.0
POITEM-04986,PO-04986,PROD-00091,2,9178.83,18357.66
POITEM-04987,PO-04987,PROD-00038,26,1576.21,40981.46
POITEM-04988,PO-04988,PROD-00016,49,6359.54,311617.46
POITEM-04989,PO-04989,PROD-00009,10,12125.13,121251.3
POITEM-04990,PO-04990,PROD-00044,15,9523.41,142851.15
POITEM-04991,PO-04991,PROD-00016,9,6359.54,57235.86
POITEM-04992,PO-04992,PROD-00016,1,6359.54,6359.54
POITEM-04993,PO-04993,PROD-00060,2,13085.7,26171.4
POITEM-04994,PO-04994,PROD-00098,24,8372.15,200931.6
POITEM-04995,PO-04995,PROD-00059,1,2408.99,2408.99
POITEM-04996,PO-04996,PROD-00094,31,3678.67,114038.77
POITEM-04997,PO-04997,PROD-00066,26,14717.72,382660.72
POITEM-04998,PO-04998,PROD-00054,32,1564.33,50058.56
POITEM-04999,PO-04999,PROD-00026,8,9869.16,78953.28
POITEM-05000,PO-05000,PROD-00072,28,13495.08,377862.24
POITEM-05001,PO-05001,PROD-00090,44,390.77,17193.88
POITEM-05002,PO-05002,PROD-00042,25,10320.27,258006.75
POITEM-05003,PO-05003,PROD-00095,38,12910.1,490583.8
POITEM-05004,PO-05004,PROD-00092,26,6231.25,162012.5
POITEM-05005,PO-05005,PROD-00094,49,3678.67,180254.83
POITEM-05006,PO-05006,PROD-00016,37,6359.54,235302.98
POITEM-05007,PO-05007,PROD-00076,13,4725.89,61436.57
POITEM-05008,PO-05008,PROD-00071,46,9102.98,418737.08
POITEM-05009,PO-05009,PROD-00071,49,9102.98,446046.02
POITEM-05010,PO-05010,PROD-00067,19,1752.24,33292.56
POITEM-05011,PO-05011,PROD-00096,38,6391.56,242879.28
POITEM-05012,PO-05012,PROD-00086,44,7110.96,312882.24
POITEM-05013,PO-05013,PROD-00100,47,7978.7,374998.9
POITEM-05014,PO-05014,PROD-00021,37,14412.66,533268.42
POITEM-05015,PO-05015,PROD-00022,43,2807.73,120732.39
POITEM-05016,PO-05016,PROD-00033,16,14000.56,224008.96
POITEM-05017,PO-05017,PROD-00086,16,7110.96,113775.36
POITEM-05018,PO-05018,PROD-00085,36,6640.75,239067.0
POITEM-05019,PO-05019,PROD-00037,27,12261.13,331050.51
POITEM-05020,PO-05020,PROD-00056,9,2458.46,22126.14
POITEM-05021,PO-05021,PROD-00040,21,8309.52,174499.92
POITEM-05022,PO-05022,PROD-00094,44,3678.67,161861.48
POITEM-05023,PO-05023,PROD-00012,31,6111.05,189442.55
POITEM-05024,PO-05024,PROD-00030,21,13937.05,292678.05
POITEM-05025,PO-05025,PROD-00011,31,13897.35,430817.85
POITEM-05026,PO-05026,PROD-00055,23,11248.43,258713.89
POITEM-05027,PO-05027,PROD-00086,34,7110.96,241772.64
POITEM-05028,PO-05028,PROD-00030,4,13937.05,55748.2
POITEM-05029,PO-05029,PROD-00056,31,2458.46,76212.26
POITEM-05030,PO-05030,PROD-00033,19,14000.56,266010.64
POITEM-05031,PO-05031,PROD-00002,49,12960.96,635087.04
POITEM-05032,PO-05032,PROD-00057,38,396.18,15054.84
POITEM-05033,PO-05033,PROD-00063,33,379.37,12519.21
POITEM-05034,PO-05034,PROD-00029,25,9691.37,242284.25
POITEM-05035,PO-05035,PROD-00092,40,6231.25,249250.0
POITEM-05036,PO-05036,PROD-00073,5,689.69,3448.45
POITEM-05037,PO-05037,PROD-00023,35,12930.74,452575.9
POITEM-05038,PO-05038,PROD-00021,8,14412.66,115301.28
POITEM-05039,PO-05039,PROD-00089,30,4673.53,140205.9
POITEM-05040,PO-05040,PROD-00042,2,10320.27,20640.54
POITEM-05041,PO-05041,PROD-00007,12,6342.68,76112.16
POITEM-05042,PO-05042,PROD-00053,12,3170.9,38050.8
POITEM-05043,PO-05043,PROD-00089,33,4673.53,154226.49
POITEM-05044,PO-05044,PROD-00048,17,169.8,2886.6
POITEM-05045,PO-05045,PROD-00084,5,3172.49,15862.45
POITEM-05046,PO-05046,PROD-00012,50,6111.05,305552.5
POITEM-05047,PO-05047,PROD-00054,33,1564.33,51622.89
POITEM-05048,PO-05048,PROD-00022,20,2807.73,56154.6
POITEM-05049,PO-05049,PROD-00056,46,2458.46,113089.16
POITEM-05050,PO-05050,PROD-00080,4,6321.18,25284.72
POITEM-05051,PO-05051,PROD-00037,41,12261.13,502706.33
POITEM-05052,PO-05052,PROD-00026,14,9869.16,138168.24
POITEM-05053,PO-05053,PROD-00026,42,9869.16,414504.72
POITEM-05054,PO-05054,PROD-00100,26,7978.7,207446.2
POITEM-05055,PO-05055,PROD-00073,11,689.69,7586.59
POITEM-05056,PO-05056,PROD-00016,20,6359.54,127190.8
POITEM-05057,PO-05057,PROD-00045,28,78.1,2186.8
POITEM-05058,PO-05058,PROD-00063,15,379.37,5690.55
POITEM-05059,PO-05059,PROD-00045,12,78.1,937.2
POITEM-05060,PO-05060,PROD-00001,5,5330.61,26653.05
POITEM-05061,PO-05061,PROD-00052,10,13487.25,134872.5
POITEM-05062,PO-05062,PROD-00088,28,12280.89,343864.92
POITEM-05063,PO-05063,PROD-00015,12,13899.61,166795.32
POITEM-05064,PO-05064,PROD-00002,29,12960.96,375867.84
POITEM-05065,PO-05065,PROD-00067,9,1752.24,15770.16
POITEM-05066,PO-05066,PROD-00058,35,13963.97,488738.95
POITEM-05067,PO-05067,PROD-00099,4,2021.75,8087.0
POITEM-05068,PO-05068,PROD-00038,18,1576.21,28371.78
POITEM-05069,PO-05069,PROD-00051,30,1933.5,58005.0
POITEM-05070,PO-05070,PROD-00045,23,78.1,1796.3
POITEM-05071,PO-05071,PROD-00054,22,1564.33,34415.26
POITEM-05072,PO-05072,PROD-00004,30,6054.25,181627.5
POITEM-05073,PO-05073,PROD-00083,45,12510.03,562951.35
POITEM-05074,PO-05074,PROD-00053,5,3170.9,15854.5
POITEM-05075,PO-05075,PROD-00002,9,12960.96,116648.64
POITEM-05076,PO-05076,PROD-00088,39,12280.89,478954.71
POITEM-05077,PO-05077,PROD-00052,46,13487.25,620413.5
POITEM-05078,PO-05078,PROD-00073,45,689.69,31036.05
POITEM-05079,PO-05079,PROD-00039,26,1753.54,45592.04
POITEM-05080,PO-05080,PROD-00038,49,1576.21,77234.29
POITEM-05081,PO-05081,PROD-00050,39,5554.01,216606.39
POITEM-05082,PO-05082,PROD-00054,34,1564.33,53187.22
POITEM-05083,PO-05083,PROD-00068,19,8719.33,165667.27
POITEM-05084,PO-05084,PROD-00064,22,4940.72,108695.84
POITEM-05085,PO-05085,PROD-00100,21,7978.7,167552.7
POITEM-05086,PO-05086,PROD-00024,40,14125.4,565016.0
POITEM-05087,PO-05087,PROD-00078,37,6140.68,227205.16
POITEM-05088,PO-05088,PROD-00017,2,2868.72,5737.44
POITEM-05089,PO-05089,PROD-00054,18,1564.33,28157.94
POITEM-05090,PO-05090,PROD-00044,19,9523.41,180944.79
POITEM-05091,PO-05091,PROD-00015,26,13899.61,361389.86
POITEM-05092,PO-05092,PROD-00060,36,13085.7,471085.2
POITEM-05093,PO-05093,PROD-00071,41,9102.98,373222.18
POITEM-05094,PO-05094,PROD-00019,20,4721.23,94424.6
POITEM-05095,PO-05095,PROD-00054,39,1564.33,61008.87
POITEM-05096,PO-05096,PROD-00084,27,3172.49,85657.23
POITEM-05097,PO-05097,PROD-00063,31,379.37,11760.47
POITEM-05098,PO-05098,PROD-00001,5,5330.61,26653.05
POITEM-05099,PO-05099,PROD-00020,15,7164.91,107473.65
POITEM-05100,PO-05100,PROD-00063,39,379.37,14795.43
POITEM-05101,PO-05101,PROD-00009,39,12125.13,472880.07
POITEM-05102,PO-05102,PROD-00058,40,13963.97,558558.8
POITEM-05103,PO-05103,PROD-00059,13,2408.99,31316.87
POITEM-05104,PO-05104,PROD-00079,3,4452.44,13357.32
POITEM-05105,PO-05105,PROD-00082,25,8547.35,213683.75
POITEM-05106,PO-05106,PROD-00042,7,10320.27,72241.89
POITEM-05107,PO-05107,PROD-00012,14,6111.05,85554.7
POITEM-05108,PO-05108,PROD-00030,48,13937.05,668978.4
POITEM-05109,PO-05109,PROD-00068,14,8719.33,122070.62
POITEM-05110,PO-05110,PROD-00021,43,14412.66,619744.38
POITEM-05111,PO-05111,PROD-00082,33,8547.35,282062.55
POITEM-05112,PO-05112,PROD-00020,3,7164.91,21494.73
POITEM-05113,PO-05113,PROD-00052,25,13487.25,337181.25
POITEM-05114,PO-05114,PROD-00071,8,9102.98,72823.84
POITEM-05115,PO-05115,PROD-00058,11,13963.97,153603.67
POITEM-05116,PO-05116,PROD-00081,45,11228.32,505274.4
POITEM-05117,PO-05117,PROD-00047,46,6641.49,305508.54
POITEM-05118,PO-05118,PROD-00087,24,1294.81,31075.44
POITEM-05119,PO-05119,PROD-00081,17,11228.32,190881.44
POITEM-05120,PO-05120,PROD-00005,48,12928.55,620570.4
POITEM-05121,PO-05121,PROD-00085,50,6640.75,332037.5
POITEM-05122,PO-05122,PROD-00032,50,8076.08,403804.0
POITEM-05123,PO-05123,PROD-00057,12,396.18,4754.16
POITEM-05124,PO-05124,PROD-00030,17,13937.05,236929.85
POITEM-05125,PO-05125,PROD-00086,42,7110.96,298660.32
POITEM-05126,PO-05126,PROD-00077,29,13503.2,391592.8
POITEM-05127,PO-05127,PROD-00058,16,13963.97,223423.52
POITEM-05128,PO-05128,PROD-00003,45,9810.5,441472.5
POITEM-05129,PO-05129,PROD-00041,21,9082.33,190728.93
POITEM-05130,PO-05130,PROD-00019,45,4721.23,212455.35
POITEM-05131,PO-05131,PROD-00094,19,3678.67,69894.73
POITEM-05132,PO-05132,PROD-00022,23,2807.73,64577.79
POITEM-05133,PO-05133,PROD-00007,48,6342.68,304448.64
POITEM-05134,PO-05134,PROD-00011,27,13897.35,375228.45
POITEM-05135,PO-05135,PROD-00087,39,1294.81,50497.59
POITEM-05136,PO-05136,PROD-00044,47,9523.41,447600.27
POITEM-05137,PO-05137,PROD-00003,23,9810.5,225641.5
POITEM-05138,PO-05138,PROD-00094,33,3678.67,121396.11
POITEM-05139,PO-05139,PROD-00012,19,6111.05,116109.95
POITEM-05140,PO-05140,PROD-00071,40,9102.98,364119.2
POITEM-05141,PO-05141,PROD-00053,26,3170.9,82443.4
POITEM-05142,PO-05142,PROD-00005,6,12928.55,77571.3
POITEM-05143,PO-05143,PROD-00090,26,390.77,10160.02
POITEM-05144,PO-05144,PROD-00004,18,6054.25,108976.5
POITEM-05145,PO-05145,PROD-00077,45,13503.2,607644.0
POITEM-05146,PO-05146,PROD-00081,36,11228.32,404219.52
POITEM-05147,PO-05147,PROD-00055,8,11248.43,89987.44
POITEM-05148,PO-05148,PROD-00039,22,1753.54,38577.88
POITEM-05149,PO-05149,PROD-00053,1,3170.9,3170.9
POITEM-05150,PO-05150,PROD-00094,24,3678.67,88288.08
POITEM-05151,PO-05151,PROD-00030,50,13937.05,696852.5
POITEM-05152,PO-05152,PROD-00050,26,5554.01,144404.26
POITEM-05153,PO-05153,PROD-00092,43,6231.25,267943.75
POITEM-05154,PO-05154,PROD-00071,24,9102.98,218471.52
POITEM-05155,PO-05155,PROD-00071,5,9102.98,45514.9
POITEM-05156,PO-05156,PROD-00072,34,13495.08,458832.72
POITEM-05157,PO-05157,PROD-00076,27,4725.89,127599.03
POITEM-05158,PO-05158,PROD-00010,45,9790.87,440589.15
POITEM-05159,PO-05159,PROD-00020,44,7164.91,315256.04
POITEM-05160,PO-05160,PROD-00065,18,4204.9,75688.2
POITEM-05161,PO-05161,PROD-00038,35,1576.21,55167.35
POITEM-05162,PO-05162,PROD-00031,47,6887.83,323728.01
POITEM-05163,PO-05163,PROD-00043,16,7340.76,117452.16
POITEM-05164,PO-05164,PROD-00019,39,4721.23,184127.97
POITEM-05165,PO-05165,PROD-00040,13,8309.52,108023.76
POITEM-05166,PO-05166,PROD-00012,45,6111.05,274997.25
POITEM-05167,PO-05167,PROD-00041,47,9082.33,426869.51
POITEM-05168,PO-05168,PROD-00048,7,169.8,1188.6
POITEM-05169,PO-05169,PROD-00088,5,12280.89,61404.45
POITEM-05170,PO-05170,PROD-00081,33,11228.32,370534.56
POITEM-05171,PO-05171,PROD-00059,30,2408.99,72269.7
POITEM-05172,PO-05172,PROD-00093,21,10452.9,219510.9
POITEM-05173,PO-05173,PROD-00053,15,3170.9,47563.5
POITEM-05174,PO-05174,PROD-00095,46,12910.1,593864.6
POITEM-05175,PO-05175,PROD-00099,7,2021.75,14152.25
POITEM-05176,PO-05176,PROD-00028,16,4002.58,64041.28
POITEM-05177,PO-05177,PROD-00071,3,9102.98,27308.94
POITEM-05178,PO-05178,PROD-00091,15,9178.83,137682.45
POITEM-05179,PO-05179,PROD-00050,7,5554.01,38878.07
POITEM-05180,PO-05180,PROD-00009,17,12125.13,206127.21
POITEM-05181,PO-05181,PROD-00025,13,8927.92,116062.96
POITEM-05182,PO-05182,PROD-00085,18,6640.75,119533.5
POITEM-05183,PO-05183,PROD-00099,8,2021.75,16174.0
POITEM-05184,PO-05184,PROD-00073,13,689.69,8965.97
POITEM-05185,PO-05185,PROD-00007,16,6342.68,101482.88
POITEM-05186,PO-05186,PROD-00038,8,1576.21,12609.68
POITEM-05187,PO-05187,PROD-00026,50,9869.16,493458.0
POITEM-05188,PO-05188,PROD-00033,6,14000.56,84003.36
POITEM-05189,PO-05189,PROD-00026,9,9869.16,88822.44
POITEM-05190,PO-05190,PROD-00050,14,5554.01,77756.14
POITEM-05191,PO-05191,PROD-00096,12,6391.56,76698.72
POITEM-05192,PO-05192,PROD-00018,4,8698.22,34792.88
POITEM-05193,PO-05193,PROD-00052,41,13487.25,552977.25
POITEM-05194,PO-05194,PROD-00067,15,1752.24,26283.6
POITEM-05195,PO-05195,PROD-00061,42,3013.6,126571.2
POITEM-05196,PO-05196,PROD-00069,48,1648.33,79119.84
POITEM-05197,PO-05197,PROD-00056,9,2458.46,22126.14
POITEM-05198,PO-05198,PROD-00019,30,4721.23,141636.9
POITEM-05199,PO-05199,PROD-00097,34,14370.54,488598.36
POITEM-05200,PO-05200,PROD-00014,3,5700.12,17100.36
POITEM-05201,PO-05201,PROD-00021,50,14412.66,720633.0
POITEM-05202,PO-05202,PROD-00065,41,4204.9,172400.9
POITEM-05203,PO-05203,PROD-00090,29,390.77,11332.33
POITEM-05204,PO-05204,PROD-00048,34,169.8,5773.2
POITEM-05205,PO-05205,PROD-00047,27,6641.49,179320.23
POITEM-05206,PO-05206,PROD-00091,43,9178.83,394689.69
POITEM-05207,PO-05207,PROD-00078,37,6140.68,227205.16
POITEM-05208,PO-05208,PROD-00100,46,7978.7,367020.2
POITEM-05209,PO-05209,PROD-00086,40,7110.96,284438.4
POITEM-05210,PO-05210,PROD-00037,44,12261.13,539489.72
POITEM-05211,PO-05211,PROD-00044,30,9523.41,285702.3
POITEM-05212,PO-05212,PROD-00092,3,6231.25,18693.75
POITEM-05213,PO-05213,PROD-00024,33,14125.4,466138.2
POITEM-05214,PO-05214,PROD-00027,32,3083.78,98680.96
POITEM-05215,PO-05215,PROD-00054,45,1564.33,70394.85
POITEM-05216,PO-05216,PROD-00024,17,14125.4,240131.8
POITEM-05217,PO-05217,PROD-00046,43,14697.47,631991.21
POITEM-05218,PO-05218,PROD-00028,9,4002.58,36023.22
POITEM-05219,PO-05219,PROD-00048,30,169.8,5094.0
POITEM-05220,PO-05220,PROD-00034,49,5558.67,272374.83
POITEM-05221,PO-05221,PROD-00033,44,14000.56,616024.64
POITEM-05222,PO-05222,PROD-00052,31,13487.25,418104.75
POITEM-05223,PO-05223,PROD-00054,29,1564.33,45365.57
POITEM-05224,PO-05224,PROD-00097,41,14370.54,589192.14
POITEM-05225,PO-05225,PROD-00070,17,10934.96,185894.32
POITEM-05226,PO-05226,PROD-00074,31,7810.81,242135.11
POITEM-05227,PO-05227,PROD-00061,25,3013.6,75340.0
POITEM-05228,PO-05228,PROD-00012,37,6111.05,226108.85
POITEM-05229,PO-05229,PROD-00096,25,6391.56,159789.0
POITEM-05230,PO-05230,PROD-00009,4,12125.13,48500.52
POITEM-05231,PO-05231,PROD-00044,30,9523.41,285702.3
POITEM-05232,PO-05232,PROD-00013,6,12973.14,77838.84
POITEM-05233,PO-05233,PROD-00046,12,14697.47,176369.64
POITEM-05234,PO-05234,PROD-00042,49,10320.27,505693.23
POITEM-05235,PO-05235,PROD-00033,26,14000.56,364014.56
POITEM-05236,PO-05236,PROD-00087,46,1294.81,59561.26
POITEM-05237,PO-05237,PROD-00043,29,7340.76,212882.04
POITEM-05238,PO-05238,PROD-00032,42,8076.08,339195.36
POITEM-05239,PO-05239,PROD-00089,11,4673.53,51408.83
POITEM-05240,PO-05240,PROD-00047,31,6641.49,205886.19
POITEM-05241,PO-05241,PROD-00053,50,3170.9,158545.0
POITEM-05242,PO-05242,PROD-00065,49,4204.9,206040.1
POITEM-05243,PO-05243,PROD-00030,4,13937.05,55748.2
POITEM-05244,PO-05244,PROD-00068,33,8719.33,287737.89
POITEM-05245,PO-05245,PROD-00056,28,2458.46,68836.88
POITEM-05246,PO-05246,PROD-00057,9,396.18,3565.62
POITEM-05247,PO-05247,PROD-00063,24,379.37,9104.88
POITEM-05248,PO-05248,PROD-00095,22,12910.1,284022.2
POITEM-05249,PO-05249,PROD-00029,35,9691.37,339197.95
POITEM-05250,PO-05250,PROD-00056,50,2458.46,122923.0
POITEM-05251,PO-05251,PROD-00044,34,9523.41,323795.94
POITEM-05252,PO-05252,PROD-00099,27,2021.75,54587.25
POITEM-05253,PO-05253,PROD-00059,18,2408.99,43361.82
POITEM-05254,PO-05254,PROD-00048,16,169.8,2716.8
POITEM-05255,PO-05255,PROD-00072,34,13495.08,458832.72
POITEM-05256,PO-05256,PROD-00015,48,13899.61,667181.28
POITEM-05257,PO-05257,PROD-00040,36,8309.52,299142.72
POITEM-05258,PO-05258,PROD-00092,32,6231.25,199400.0
POITEM-05259,PO-05259,PROD-00005,25,12928.55,323213.75
POITEM-05260,PO-05260,PROD-00099,29,2021.75,58630.75
POITEM-05261,PO-05261,PROD-00073,45,689.69,31036.05
POITEM-05262,PO-05262,PROD-00045,12,78.1,937.2
POITEM-05263,PO-05263,PROD-00032,4,8076.08,32304.32
POITEM-05264,PO-05264,PROD-00081,1,11228.32,11228.32
POITEM-05265,PO-05265,PROD-00095,28,12910.1,361482.8
POITEM-05266,PO-05266,PROD-00045,27,78.1,2108.7
POITEM-05267,PO-05267,PROD-00042,49,10320.27,505693.23
POITEM-05268,PO-05268,PROD-00040,42,8309.52,348999.84
POITEM-05269,PO-05269,PROD-00010,44,9790.87,430798.28
POITEM-05270,PO-05270,PROD-00007,35,6342.68,221993.8
POITEM-05271,PO-05271,PROD-00077,16,13503.2,216051.2
POITEM-05272,PO-05272,PROD-00005,31,12928.55,400785.05
POITEM-05273,PO-05273,PROD-00014,33,5700.12,188103.96
POITEM-05274,PO-05274,PROD-00024,34,14125.4,480263.6
POITEM-05275,PO-05275,PROD-00070,47,10934.96,513943.12
POITEM-05276,PO-05276,PROD-00040,19,8309.52,157880.88
POITEM-05277,PO-05277,PROD-00097,19,14370.54,273040.26
POITEM-05278,PO-05278,PROD-00081,27,11228.32,303164.64
POITEM-05279,PO-05279,PROD-00077,4,13503.2,54012.8
POITEM-05280,PO-05280,PROD-00042,24,10320.27,247686.48
POITEM-05281,PO-05281,PROD-00001,11,5330.61,58636.71
POITEM-05282,PO-05282,PROD-00040,49,8309.52,407166.48
POITEM-05283,PO-05283,PROD-00059,13,2408.99,31316.87
POITEM-05284,PO-05284,PROD-00020,38,7164.91,272266.58
POITEM-05285,PO-05285,PROD-00090,43,390.77,16803.11
POITEM-05286,PO-05286,PROD-00070,42,10934.96,459268.32
POITEM-05287,PO-05287,PROD-00086,40,7110.96,284438.4
POITEM-05288,PO-05288,PROD-00009,12,12125.13,145501.56
POITEM-05289,PO-05289,PROD-00011,23,13897.35,319639.05
POITEM-05290,PO-05290,PROD-00009,48,12125.13,582006.24
POITEM-05291,PO-05291,PROD-00097,38,14370.54,546080.52
POITEM-05292,PO-05292,PROD-00032,38,8076.08,306891.04
POITEM-05293,PO-05293,PROD-00095,22,12910.1,284022.2
POITEM-05294,PO-05294,PROD-00083,22,12510.03,275220.66
POITEM-05295,PO-05295,PROD-00010,3,9790.87,29372.61
POITEM-05296,PO-05296,PROD-00008,39,3765.85,146868.15
POITEM-05297,PO-05297,PROD-00058,36,13963.97,502702.92
POITEM-05298,PO-05298,PROD-00092,15,6231.25,93468.75
POITEM-05299,PO-05299,PROD-00008,15,3765.85,56487.75
POITEM-05300,PO-05300,PROD-00020,3,7164.91,21494.73
POITEM-05301,PO-05301,PROD-00046,44,14697.47,646688.68
POITEM-05302,PO-05302,PROD-00077,13,13503.2,175541.6
POITEM-05303,PO-05303,PROD-00079,31,4452.44,138025.64
POITEM-05304,PO-05304,PROD-00024,49,14125.4,692144.6
POITEM-05305,PO-05305,PROD-00010,29,9790.87,283935.23
POITEM-05306,PO-05306,PROD-00025,45,8927.92,401756.4
POITEM-05307,PO-05307,PROD-00031,29,6887.83,199747.07
POITEM-05308,PO-05308,PROD-00015,41,13899.61,569884.01
POITEM-05309,PO-05309,PROD-00007,24,6342.68,152224.32
POITEM-05310,PO-05310,PROD-00062,1,4595.23,4595.23
POITEM-05311,PO-05311,PROD-00069,24,1648.33,39559.92
POITEM-05312,PO-05312,PROD-00039,29,1753.54,50852.66
POITEM-05313,PO-05313,PROD-00037,36,12261.13,441400.68
POITEM-05314,PO-05314,PROD-00033,40,14000.56,560022.4
POITEM-05315,PO-05315,PROD-00073,28,689.69,19311.32
POITEM-05316,PO-05316,PROD-00053,26,3170.9,82443.4
POITEM-05317,PO-05317,PROD-00064,7,4940.72,34585.04
POITEM-05318,PO-05318,PROD-00046,43,14697.47,631991.21
POITEM-05319,PO-05319,PROD-00037,50,12261.13,613056.5
POITEM-05320,PO-05320,PROD-00100,2,7978.7,15957.4
POITEM-05321,PO-05321,PROD-00026,20,9869.16,197383.2
POITEM-05322,PO-05322,PROD-00099,33,2021.75,66717.75
POITEM-05323,PO-05323,PROD-00052,26,13487.25,350668.5
POITEM-05324,PO-05324,PROD-00047,19,6641.49,126188.31
POITEM-05325,PO-05325,PROD-00065,25,4204.9,105122.5
POITEM-05326,PO-05326,PROD-00010,8,9790.87,78326.96
POITEM-05327,PO-05327,PROD-00056,38,2458.46,93421.48
POITEM-05328,PO-05328,PROD-00057,41,396.18,16243.38
POITEM-05329,PO-05329,PROD-00019,41,4721.23,193570.43
POITEM-05330,PO-05330,PROD-00098,49,8372.15,410235.35
POITEM-05331,PO-05331,PROD-00037,6,12261.13,73566.78
POITEM-05332,PO-05332,PROD-00095,17,12910.1,219471.7
POITEM-05333,PO-05333,PROD-00045,43,78.1,3358.3
POITEM-05334,PO-05334,PROD-00049,17,13561.33,230542.61
POITEM-05335,PO-05335,PROD-00079,39,4452.44,173645.16
POITEM-05336,PO-05336,PROD-00049,29,13561.33,393278.57
POITEM-05337,PO-05337,PROD-00098,43,8372.15,360002.45
POITEM-05338,PO-05338,PROD-00089,49,4673.53,229002.97
POITEM-05339,PO-05339,PROD-00049,19,13561.33,257665.27
POITEM-05340,PO-05340,PROD-00054,28,1564.33,43801.24
POITEM-05341,PO-05341,PROD-00055,23,11248.43,258713.89
POITEM-05342,PO-05342,PROD-00077,24,13503.2,324076.8
POITEM-05343,PO-05343,PROD-00051,41,1933.5,79273.5
POITEM-05344,PO-05344,PROD-00032,5,8076.08,40380.4
POITEM-05345,PO-05345,PROD-00045,43,78.1,3358.3
POITEM-05346,PO-05346,PROD-00074,11,7810.81,85918.91
POITEM-05347,PO-05347,PROD-00030,28,13937.05,390237.4
POITEM-05348,PO-05348,PROD-00044,41,9523.41,390459.81
POITEM-05349,PO-05349,PROD-00075,44,6483.68,285281.92
POITEM-05350,PO-05350,PROD-00049,27,13561.33,366155.91
POITEM-05351,PO-05351,PROD-00038,46,1576.21,72505.66
POITEM-05352,PO-05352,PROD-00043,42,7340.76,308311.92
POITEM-05353,PO-05353,PROD-00091,46,9178.83,422226.18
POITEM-05354,PO-05354,PROD-00096,20,6391.56,127831.2
POITEM-05355,PO-05355,PROD-00018,7,8698.22,60887.54
POITEM-05356,PO-05356,PROD-00087,35,1294.81,45318.35
POITEM-05357,PO-05357,PROD-00039,39,1753.54,68388.06
POITEM-05358,PO-05358,PROD-00017,16,2868.72,45899.52
POITEM-05359,PO-05359,PROD-00065,38,4204.9,159786.2
POITEM-05360,PO-05360,PROD-00033,16,14000.56,224008.96
POITEM-05361,PO-05361,PROD-00014,42,5700.12,239405.04
POITEM-05362,PO-05362,PROD-00035,10,12510.33,125103.3
POITEM-05363,PO-05363,PROD-00051,42,1933.5,81207.0
POITEM-05364,PO-05364,PROD-00080,34,6321.18,214920.12
POITEM-05365,PO-05365,PROD-00021,2,14412.66,28825.32
POITEM-05366,PO-05366,PROD-00084,12,3172.49,38069.88
POITEM-05367,PO-05367,PROD-00097,14,14370.54,201187.56
POITEM-05368,PO-05368,PROD-00046,29,14697.47,426226.63
POITEM-05369,PO-05369,PROD-00070,18,10934.96,196829.28
POITEM-05370,PO-05370,PROD-00059,4,2408.99,9635.96
POITEM-05371,PO-05371,PROD-00030,12,13937.05,167244.6
POITEM-05372,PO-05372,PROD-00098,29,8372.15,242792.35
POITEM-05373,PO-05373,PROD-00059,8,2408.99,19271.92
POITEM-05374,PO-05374,PROD-00057,30,396.18,11885.4
POITEM-05375,PO-05375,PROD-00033,43,14000.56,602024.08
POITEM-05376,PO-05376,PROD-00024,16,14125.4,226006.4
POITEM-05377,PO-05377,PROD-00040,4,8309.52,33238.08
POITEM-05378,PO-05378,PROD-00085,34,6640.75,225785.5
POITEM-05379,PO-05379,PROD-00049,22,13561.33,298349.26
POITEM-05380,PO-05380,PROD-00089,48,4673.53,224329.44
POITEM-05381,PO-05381,PROD-00033,7,14000.56,98003.92
POITEM-05382,PO-05382,PROD-00038,19,1576.21,29947.99
POITEM-05383,PO-05383,PROD-00100,2,7978.7,15957.4
POITEM-05384,PO-05384,PROD-00002,13,12960.96,168492.48
POITEM-05385,PO-05385,PROD-00052,12,13487.25,161847.0
POITEM-05386,PO-05386,PROD-00086,48,7110.96,341326.08
POITEM-05387,PO-05387,PROD-00086,19,7110.96,135108.24
POITEM-05388,PO-05388,PROD-00080,45,6321.18,284453.1
POITEM-05389,PO-05389,PROD-00051,39,1933.5,75406.5
POITEM-05390,PO-05390,PROD-00003,1,9810.5,9810.5
POITEM-05391,PO-05391,PROD-00097,27,14370.54,388004.58
POITEM-05392,PO-05392,PROD-00013,24,12973.14,311355.36
POITEM-05393,PO-05393,PROD-00063,34,379.37,12898.58
POITEM-05394,PO-05394,PROD-00001,48,5330.61,255869.28
POITEM-05395,PO-05395,PROD-00091,29,9178.83,266186.07
POITEM-05396,PO-05396,PROD-00046,32,14697.47,470319.04
POITEM-05397,PO-05397,PROD-00096,40,6391.56,255662.4
POITEM-05398,PO-05398,PROD-00019,30,4721.23,141636.9
POITEM-05399,PO-05399,PROD-00064,31,4940.72,153162.32
POITEM-05400,PO-05400,PROD-00023,17,12930.74,219822.58
POITEM-05401,PO-05401,PROD-00077,14,13503.2,189044.8
POITEM-05402,PO-05402,PROD-00017,6,2868.72,17212.32
POITEM-05403,PO-05403,PROD-00067,42,1752.24,73594.08
POITEM-05404,PO-05404,PROD-00041,8,9082.33,72658.64
POITEM-05405,PO-05405,PROD-00009,7,12125.13,84875.91
POITEM-05406,PO-05406,PROD-00072,15,13495.08,202426.2
POITEM-05407,PO-05407,PROD-00081,38,11228.32,426676.16
POITEM-05408,PO-05408,PROD-00008,43,3765.85,161931.55
POITEM-05409,PO-05409,PROD-00079,29,4452.44,129120.76
POITEM-05410,PO-05410,PROD-00044,18,9523.41,171421.38
POITEM-05411,PO-05411,PROD-00013,31,12973.14,402167.34
POITEM-05412,PO-05412,PROD-00089,9,4673.53,42061.77
POITEM-05413,PO-05413,PROD-00071,28,9102.98,254883.44
POITEM-05414,PO-05414,PROD-00014,7,5700.12,39900.84
POITEM-05415,PO-05415,PROD-00082,21,8547.35,179494.35
POITEM-05416,PO-05416,PROD-00052,7,13487.25,94410.75
POITEM-05417,PO-05417,PROD-00013,42,12973.14,544871.88
POITEM-05418,PO-05418,PROD-00098,15,8372.15,125582.25
POITEM-05419,PO-05419,PROD-00083,1,12510.03,12510.03
POITEM-05420,PO-05420,PROD-00050,21,5554.01,116634.21
POITEM-05421,PO-05421,PROD-00093,1,10452.9,10452.9
POITEM-05422,PO-05422,PROD-00061,16,3013.6,48217.6
POITEM-05423,PO-05423,PROD-00096,49,6391.56,313186.44
POITEM-05424,PO-05424,PROD-00091,24,9178.83,220291.92
POITEM-05425,PO-05425,PROD-00055,14,11248.43,157478.02
POITEM-05426,PO-05426,PROD-00091,37,9178.83,339616.71
POITEM-05427,PO-05427,PROD-00036,2,14758.2,29516.4
POITEM-05428,PO-05428,PROD-00005,33,12928.55,426642.15
POITEM-05429,PO-05429,PROD-00062,4,4595.23,18380.92
POITEM-05430,PO-05430,PROD-00043,6,7340.76,44044.56
POITEM-05431,PO-05431,PROD-00042,33,10320.27,340568.91
POITEM-05432,PO-05432,PROD-00092,6,6231.25,37387.5
POITEM-05433,PO-05433,PROD-00012,36,6111.05,219997.8
POITEM-05434,PO-05434,PROD-00072,32,13495.08,431842.56
POITEM-05435,PO-05435,PROD-00023,8,12930.74,103445.92
POITEM-05436,PO-05436,PROD-00059,32,2408.99,77087.68
POITEM-05437,PO-05437,PROD-00009,15,12125.13,181876.95
POITEM-05438,PO-05438,PROD-00001,39,5330.61,207893.79
POITEM-05439,PO-05439,PROD-00081,24,11228.32,269479.68
POITEM-05440,PO-05440,PROD-00017,4,2868.72,11474.88
POITEM-05441,PO-05441,PROD-00081,50,11228.32,561416.0
POITEM-05442,PO-05442,PROD-00032,15,8076.08,121141.2
POITEM-05443,PO-05443,PROD-00018,10,8698.22,86982.2
POITEM-05444,PO-05444,PROD-00096,6,6391.56,38349.36
POITEM-05445,PO-05445,PROD-00078,4,6140.68,24562.72
POITEM-05446,PO-05446,PROD-00073,12,689.69,8276.28
POITEM-05447,PO-05447,PROD-00028,47,4002.58,188121.26
POITEM-05448,PO-05448,PROD-00017,3,2868.72,8606.16
POITEM-05449,PO-05449,PROD-00048,20,169.8,3396.0
POITEM-05450,PO-05450,PROD-00044,29,9523.41,276178.89
POITEM-05451,PO-05451,PROD-00006,28,2873.38,80454.64
POITEM-05452,PO-05452,PROD-00036,39,14758.2,575569.8
POITEM-05453,PO-05453,PROD-00011,35,13897.35,486407.25
POITEM-05454,PO-05454,PROD-00081,42,11228.32,471589.44
POITEM-05455,PO-05455,PROD-00053,4,3170.9,12683.6
POITEM-05456,PO-05456,PROD-00096,20,6391.56,127831.2
POITEM-05457,PO-05457,PROD-00086,42,7110.96,298660.32
POITEM-05458,PO-05458,PROD-00086,8,7110.96,56887.68
POITEM-05459,PO-05459,PROD-00058,34,13963.97,474774.98
POITEM-05460,PO-05460,PROD-00054,38,1564.33,59444.54
POITEM-05461,PO-05461,PROD-00060,30,13085.7,392571.0
POITEM-05462,PO-05462,PROD-00046,48,14697.47,705478.56
POITEM-05463,PO-05463,PROD-00018,42,8698.22,365325.24
POITEM-05464,PO-05464,PROD-00030,46,13937.05,641104.3
POITEM-05465,PO-05465,PROD-00098,2,8372.15,16744.3
POITEM-05466,PO-05466,PROD-00019,44,4721.23,207734.12
POITEM-05467,PO-05467,PROD-00002,32,12960.96,414750.72
POITEM-05468,PO-05468,PROD-00099,9,2021.75,18195.75
POITEM-05469,PO-05469,PROD-00064,10,4940.72,49407.2
POITEM-05470,PO-05470,PROD-00039,20,1753.54,35070.8
POITEM-05471,PO-05471,PROD-00048,50,169.8,8490.0
POITEM-05472,PO-05472,PROD-00086,15,7110.96,106664.4
POITEM-05473,PO-05473,PROD-00057,48,396.18,19016.64
POITEM-05474,PO-05474,PROD-00055,45,11248.43,506179.35
POITEM-05475,PO-05475,PROD-00100,35,7978.7,279254.5
POITEM-05476,PO-05476,PROD-00083,48,12510.03,600481.44
POITEM-05477,PO-05477,PROD-00099,17,2021.75,34369.75
POITEM-05478,PO-05478,PROD-00084,1,3172.49,3172.49
POITEM-05479,PO-05479,PROD-00014,39,5700.12,222304.68
POITEM-05480,PO-05480,PROD-00060,6,13085.7,78514.2
POITEM-05481,PO-05481,PROD-00079,31,4452.44,138025.64
POITEM-05482,PO-05482,PROD-00012,17,6111.05,103887.85
POITEM-05483,PO-05483,PROD-00053,46,3170.9,145861.4
POITEM-05484,PO-05484,PROD-00070,19,10934.96,207764.24
POITEM-05485,PO-05485,PROD-00046,36,14697.47,529108.92
POITEM-05486,PO-05486,PROD-00035,28,12510.33,350289.24
POITEM-05487,PO-05487,PROD-00052,6,13487.25,80923.5
POITEM-05488,PO-05488,PROD-00071,12,9102.98,109235.76
POITEM-05489,PO-05489,PROD-00023,39,12930.74,504298.86
POITEM-05490,PO-05490,PROD-00033,17,14000.56,238009.52
POITEM-05491,PO-05491,PROD-00037,25,12261.13,306528.25
POITEM-05492,PO-05492,PROD-00088,16,12280.89,196494.24
POITEM-05493,PO-05493,PROD-00012,25,6111.05,152776.25
POITEM-05494,PO-05494,PROD-00059,24,2408.99,57815.76
POITEM-05495,PO-05495,PROD-00052,15,13487.25,202308.75
POITEM-05496,PO-05496,PROD-00008,48,3765.85,180760.8
POITEM-05497,PO-05497,PROD-00088,50,12280.89,614044.5
POITEM-05498,PO-05498,PROD-00033,37,14000.56,518020.72
POITEM-05499,PO-05499,PROD-00036,17,14758.2,250889.4
POITEM-05500,PO-05500,PROD-00041,32,9082.33,290634.56
POITEM-05501,PO-05501,PROD-00053,31,3170.9,98297.9
POITEM-05502,PO-05502,PROD-00065,21,4204.9,88302.9
POITEM-05503,PO-05503,PROD-00082,8,8547.35,68378.8
POITEM-05504,PO-05504,PROD-00071,28,9102.98,254883.44
POITEM-05505,PO-05505,PROD-00073,39,689.69,26897.91
POITEM-05506,PO-05506,PROD-00094,43,3678.67,158182.81
POITEM-05507,PO-05507,PROD-00064,1,4940.72,4940.72
POITEM-05508,PO-05508,PROD-00003,41,9810.5,402230.5
POITEM-05509,PO-05509,PROD-00047,32,6641.49,212527.68
POITEM-05510,PO-05510,PROD-00037,3,12261.13,36783.39
POITEM-05511,PO-05511,PROD-00026,45,9869.16,444112.2
POITEM-05512,PO-05512,PROD-00016,40,6359.54,254381.6
POITEM-05513,PO-05513,PROD-00096,14,6391.56,89481.84
POITEM-05514,PO-05514,PROD-00066,46,14717.72,677015.12
POITEM-05515,PO-05515,PROD-00090,45,390.77,17584.65
POITEM-05516,PO-05516,PROD-00053,14,3170.9,44392.6
POITEM-05517,PO-05517,PROD-00085,46,6640.75,305474.5
POITEM-05518,PO-05518,PROD-00002,36,12960.96,466594.56
POITEM-05519,PO-05519,PROD-00001,16,5330.61,85289.76
POITEM-05520,PO-05520,PROD-00056,44,2458.46,108172.24
POITEM-05521,PO-05521,PROD-00044,45,9523.41,428553.45
POITEM-05522,PO-05522,PROD-00037,23,12261.13,282005.99
POITEM-05523,PO-05523,PROD-00037,32,12261.13,392356.16
POITEM-05524,PO-05524,PROD-00081,44,11228.32,494046.08
POITEM-05525,PO-05525,PROD-00065,39,4204.9,163991.1
POITEM-05526,PO-05526,PROD-00051,40,1933.5,77340.0
POITEM-05527,PO-05527,PROD-00052,31,13487.25,418104.75
POITEM-05528,PO-05528,PROD-00022,48,2807.73,134771.04
POITEM-05529,PO-05529,PROD-00009,37,12125.13,448629.81
POITEM-05530,PO-05530,PROD-00078,6,6140.68,36844.08
POITEM-05531,PO-05531,PROD-00037,17,12261.13,208439.21
POITEM-05532,PO-05532,PROD-00073,7,689.69,4827.83
POITEM-05533,PO-05533,PROD-00007,13,6342.68,82454.84
POITEM-05534,PO-05534,PROD-00063,42,379.37,15933.54
POITEM-05535,PO-05535,PROD-00029,44,9691.37,426420.28
POITEM-05536,PO-05536,PROD-00096,20,6391.56,127831.2
POITEM-05537,PO-05537,PROD-00091,50,9178.83,458941.5
POITEM-05538,PO-05538,PROD-00072,9,13495.08,121455.72
POITEM-05539,PO-05539,PROD-00039,11,1753.54,19288.94
POITEM-05540,PO-05540,PROD-00018,39,8698.22,339230.58
POITEM-05541,PO-05541,PROD-00077,46,13503.2,621147.2
POITEM-05542,PO-05542,PROD-00032,18,8076.08,145369.44
POITEM-05543,PO-05543,PROD-00096,32,6391.56,204529.92
POITEM-05544,PO-05544,PROD-00049,2,13561.33,27122.66
POITEM-05545,PO-05545,PROD-00058,19,13963.97,265315.43
POITEM-05546,PO-05546,PROD-00035,10,12510.33,125103.3
POITEM-05547,PO-05547,PROD-00039,5,1753.54,8767.7
POITEM-05548,PO-05548,PROD-00051,28,1933.5,54138.0
POITEM-05549,PO-05549,PROD-00069,2,1648.33,3296.66
POITEM-05550,PO-05550,PROD-00049,8,13561.33,108490.64
POITEM-05551,PO-05551,PROD-00013,15,12973.14,194597.1
POITEM-05552,PO-05552,PROD-00038,6,1576.21,9457.26
POITEM-05553,PO-05553,PROD-00029,1,9691.37,9691.37
POITEM-05554,PO-05554,PROD-00006,31,2873.38,89074.78
POITEM-05555,PO-05555,PROD-00031,11,6887.83,75766.13
POITEM-05556,PO-05556,PROD-00076,44,4725.89,207939.16
POITEM-05557,PO-05557,PROD-00094,22,3678.67,80930.74
POITEM-05558,PO-05558,PROD-00025,18,8927.92,160702.56
POITEM-05559,PO-05559,PROD-00098,2,8372.15,16744.3
POITEM-05560,PO-05560,PROD-00023,16,12930.74,206891.84
POITEM-05561,PO-05561,PROD-00032,4,8076.08,32304.32
POITEM-05562,PO-05562,PROD-00022,18,2807.73,50539.14
POITEM-05563,PO-05563,PROD-00049,17,13561.33,230542.61
POITEM-05564,PO-05564,PROD-00045,18,78.1,1405.8
POITEM-05565,PO-05565,PROD-00013,43,12973.14,557845.02
POITEM-05566,PO-05566,PROD-00085,48,6640.75,318756.0
POITEM-05567,PO-05567,PROD-00079,7,4452.44,31167.08
POITEM-05568,PO-05568,PROD-00065,22,4204.9,92507.8
POITEM-05569,PO-05569,PROD-00091,36,9178.83,330437.88
POITEM-05570,PO-05570,PROD-00095,20,12910.1,258202.0
POITEM-05571,PO-05571,PROD-00100,26,7978.7,207446.2
POITEM-05572,PO-05572,PROD-00030,5,13937.05,69685.25
POITEM-05573,PO-05573,PROD-00029,27,9691.37,261666.99
POITEM-05574,PO-05574,PROD-00050,47,5554.01,261038.47
POITEM-05575,PO-05575,PROD-00006,35,2873.38,100568.3
POITEM-05576,PO-05576,PROD-00057,28,396.18,11093.04
POITEM-05577,PO-05577,PROD-00007,30,6342.68,190280.4
POITEM-05578,PO-05578,PROD-00083,21,12510.03,262710.63
POITEM-05579,PO-05579,PROD-00065,49,4204.9,206040.1
POITEM-05580,PO-05580,PROD-00062,33,4595.23,151642.59
POITEM-05581,PO-05581,PROD-00029,28,9691.37,271358.36
POITEM-05582,PO-05582,PROD-00006,6,2873.38,17240.28
POITEM-05583,PO-05583,PROD-00080,17,6321.18,107460.06
POITEM-05584,PO-05584,PROD-00072,24,13495.08,323881.92
POITEM-05585,PO-05585,PROD-00055,34,11248.43,382446.62
POITEM-05586,PO-05586,PROD-00034,18,5558.67,100056.06
POITEM-05587,PO-05587,PROD-00094,6,3678.67,22072.02
POITEM-05588,PO-05588,PROD-00069,27,1648.33,44504.91
POITEM-05589,PO-05589,PROD-00091,43,9178.83,394689.69
POITEM-05590,PO-05590,PROD-00067,42,1752.24,73594.08
POITEM-05591,PO-05591,PROD-00078,23,6140.68,141235.64
POITEM-05592,PO-05592,PROD-00049,28,13561.33,379717.24
POITEM-05593,PO-05593,PROD-00008,13,3765.85,48956.05
POITEM-05594,PO-05594,PROD-00002,32,12960.96,414750.72
POITEM-05595,PO-05595,PROD-00051,24,1933.5,46404.0
POITEM-05596,PO-05596,PROD-00088,36,12280.89,442112.04
POITEM-05597,PO-05597,PROD-00027,13,3083.78,40089.14
POITEM-05598,PO-05598,PROD-00004,25,6054.25,151356.25
POITEM-05599,PO-05599,PROD-00056,15,2458.46,36876.9
POITEM-05600,PO-05600,PROD-00001,42,5330.61,223885.62
POITEM-05601,PO-05601,PROD-00100,37,7978.7,295211.9
POITEM-05602,PO-05602,PROD-00066,19,14717.72,279636.68
POITEM-05603,PO-05603,PROD-00097,17,14370.54,244299.18
POITEM-05604,PO-05604,PROD-00025,30,8927.92,267837.6
POITEM-05605,PO-05605,PROD-00063,41,379.37,15554.17
POITEM-05606,PO-05606,PROD-00060,14,13085.7,183199.8
POITEM-05607,PO-05607,PROD-00066,25,14717.72,367943.0
POITEM-05608,PO-05608,PROD-00076,21,4725.89,99243.69
POITEM-05609,PO-05609,PROD-00027,21,3083.78,64759.38
POITEM-05610,PO-05610,PROD-00006,6,2873.38,17240.28
POITEM-05611,PO-05611,PROD-00016,47,6359.54,298898.38
POITEM-05612,PO-05612,PROD-00058,23,13963.97,321171.31
POITEM-05613,PO-05613,PROD-00009,17,12125.13,206127.21
POITEM-05614,PO-05614,PROD-00056,38,2458.46,93421.48
POITEM-05615,PO-05615,PROD-00038,10,1576.21,15762.1
POITEM-05616,PO-05616,PROD-00082,33,8547.35,282062.55
POITEM-05617,PO-05617,PROD-00082,14,8547.35,119662.9
POITEM-05618,PO-05618,PROD-00032,29,8076.08,234206.32
POITEM-05619,PO-05619,PROD-00007,40,6342.68,253707.2
POITEM-05620,PO-05620,PROD-00065,38,4204.9,159786.2
POITEM-05621,PO-05621,PROD-00049,45,13561.33,610259.85
POITEM-05622,PO-05622,PROD-00041,27,9082.33,245222.91
POITEM-05623,PO-05623,PROD-00048,19,169.8,3226.2
POITEM-05624,PO-05624,PROD-00008,31,3765.85,116741.35
POITEM-05625,PO-05625,PROD-00050,18,5554.01,99972.18
POITEM-05626,PO-05626,PROD-00096,7,6391.56,44740.92
POITEM-05627,PO-05627,PROD-00071,46,9102.98,418737.08
POITEM-05628,PO-05628,PROD-00014,50,5700.12,285006.0
POITEM-05629,PO-05629,PROD-00099,32,2021.75,64696.0
POITEM-05630,PO-05630,PROD-00013,47,12973.14,609737.58
POITEM-05631,PO-05631,PROD-00055,14,11248.43,157478.02
POITEM-05632,PO-05632,PROD-00059,10,2408.99,24089.9
POITEM-05633,PO-05633,PROD-00082,35,8547.35,299157.25
POITEM-05634,PO-05634,PROD-00015,45,13899.61,625482.45
POITEM-05635,PO-05635,PROD-00032,42,8076.08,339195.36
POITEM-05636,PO-05636,PROD-00056,33,2458.46,81129.18
POITEM-05637,PO-05637,PROD-00049,25,13561.33,339033.25
POITEM-05638,PO-05638,PROD-00013,38,12973.14,492979.32
POITEM-05639,PO-05639,PROD-00040,21,8309.52,174499.92
POITEM-05640,PO-05640,PROD-00006,9,2873.38,25860.42
POITEM-05641,PO-05641,PROD-00034,29,5558.67,161201.43
POITEM-05642,PO-05642,PROD-00061,36,3013.6,108489.6
POITEM-05643,PO-05643,PROD-00024,3,14125.4,42376.2
POITEM-05644,PO-05644,PROD-00052,35,13487.25,472053.75
POITEM-05645,PO-05645,PROD-00098,5,8372.15,41860.75
POITEM-05646,PO-05646,PROD-00099,20,2021.75,40435.0
POITEM-05647,PO-05647,PROD-00056,36,2458.46,88504.56
POITEM-05648,PO-05648,PROD-00030,16,13937.05,222992.8
POITEM-05649,PO-05649,PROD-00027,19,3083.78,58591.82
POITEM-05650,PO-05650,PROD-00063,16,379.37,6069.92
POITEM-05651,PO-05651,PROD-00044,31,9523.41,295225.71
POITEM-05652,PO-05652,PROD-00032,47,8076.08,379575.76
POITEM-05653,PO-05653,PROD-00089,47,4673.53,219655.91
POITEM-05654,PO-05654,PROD-00093,20,10452.9,209058.0
POITEM-05655,PO-05655,PROD-00011,22,13897.35,305741.7
POITEM-05656,PO-05656,PROD-00033,45,14000.56,630025.2
POITEM-05657,PO-05657,PROD-00028,20,4002.58,80051.6
POITEM-05658,PO-05658,PROD-00015,12,13899.61,166795.32
POITEM-05659,PO-05659,PROD-00012,40,6111.05,244442.0
POITEM-05660,PO-05660,PROD-00022,15,2807.73,42115.95
POITEM-05661,PO-05661,PROD-00054,14,1564.33,21900.62
POITEM-05662,PO-05662,PROD-00065,10,4204.9,42049.0
POITEM-05663,PO-05663,PROD-00075,37,6483.68,239896.16
POITEM-05664,PO-05664,PROD-00094,32,3678.67,117717.44
POITEM-05665,PO-05665,PROD-00067,46,1752.24,80603.04
POITEM-05666,PO-05666,PROD-00083,1,12510.03,12510.03
POITEM-05667,PO-05667,PROD-00033,19,14000.56,266010.64
POITEM-05668,PO-05668,PROD-00071,37,9102.98,336810.26
POITEM-05669,PO-05669,PROD-00051,23,1933.5,44470.5
POITEM-05670,PO-05670,PROD-00038,4,1576.21,6304.84
POITEM-05671,PO-05671,PROD-00087,45,1294.81,58266.45
POITEM-05672,PO-05672,PROD-00060,36,13085.7,471085.2
POITEM-05673,PO-05673,PROD-00040,7,8309.52,58166.64
POITEM-05674,PO-05674,PROD-00080,29,6321.18,183314.22
POITEM-05675,PO-05675,PROD-00014,17,5700.12,96902.04
POITEM-05676,PO-05676,PROD-00038,10,1576.21,15762.1
POITEM-05677,PO-05677,PROD-00028,20,4002.58,80051.6
POITEM-05678,PO-05678,PROD-00094,4,3678.67,14714.68
POITEM-05679,PO-05679,PROD-00006,6,2873.38,17240.28
POITEM-05680,PO-05680,PROD-00008,13,3765.85,48956.05
POITEM-05681,PO-05681,PROD-00016,21,6359.54,133550.34
POITEM-05682,PO-05682,PROD-00032,11,8076.08,88836.88
POITEM-05683,PO-05683,PROD-00073,15,689.69,10345.35
POITEM-05684,PO-05684,PROD-00046,19,14697.47,279251.93
POITEM-05685,PO-05685,PROD-00097,23,14370.54,330522.42
POITEM-05686,PO-05686,PROD-00014,31,5700.12,176703.72
POITEM-05687,PO-05687,PROD-00072,31,13495.08,418347.48
POITEM-05688,PO-05688,PROD-00088,29,12280.89,356145.81
POITEM-05689,PO-05689,PROD-00049,19,13561.33,257665.27
POITEM-05690,PO-05690,PROD-00058,25,13963.97,349099.25
POITEM-05691,PO-05691,PROD-00067,33,1752.24,57823.92
POITEM-05692,PO-05692,PROD-00049,1,13561.33,13561.33
POITEM-05693,PO-05693,PROD-00098,50,8372.15,418607.5
POITEM-05694,PO-05694,PROD-00025,42,8927.92,374972.64
POITEM-05695,PO-05695,PROD-00099,30,2021.75,60652.5
POITEM-05696,PO-05696,PROD-00077,38,13503.2,513121.6
POITEM-05697,PO-05697,PROD-00009,18,12125.13,218252.34
POITEM-05698,PO-05698,PROD-00039,5,1753.54,8767.7
POITEM-05699,PO-05699,PROD-00059,43,2408.99,103586.57
POITEM-05700,PO-05700,PROD-00007,14,6342.68,88797.52
POITEM-05701,PO-05701,PROD-00064,2,4940.72,9881.44
POITEM-05702,PO-05702,PROD-00096,29,6391.56,185355.24
POITEM-05703,PO-05703,PROD-00049,1,13561.33,13561.33
POITEM-05704,PO-05704,PROD-00025,31,8927.92,276765.52
POITEM-05705,PO-05705,PROD-00092,22,6231.25,137087.5
POITEM-05706,PO-05706,PROD-00047,37,6641.49,245735.13
POITEM-05707,PO-05707,PROD-00093,35,10452.9,365851.5
POITEM-05708,PO-05708,PROD-00023,26,12930.74,336199.24
POITEM-05709,PO-05709,PROD-00013,47,12973.14,609737.58
POITEM-05710,PO-05710,PROD-00019,32,4721.23,151079.36
POITEM-05711,PO-05711,PROD-00098,42,8372.15,351630.3
POITEM-05712,PO-05712,PROD-00015,22,13899.61,305791.42
POITEM-05713,PO-05713,PROD-00029,24,9691.37,232592.88
POITEM-05714,PO-05714,PROD-00061,32,3013.6,96435.2
POITEM-05715,PO-05715,PROD-00075,50,6483.68,324184.0
POITEM-05716,PO-05716,PROD-00071,42,9102.98,382325.16
POITEM-05717,PO-05717,PROD-00067,25,1752.24,43806.0
POITEM-05718,PO-05718,PROD-00039,44,1753.54,77155.76
POITEM-05719,PO-05719,PROD-00032,26,8076.08,209978.08
POITEM-05720,PO-05720,PROD-00083,11,12510.03,137610.33
POITEM-05721,PO-05721,PROD-00042,29,10320.27,299287.83
POITEM-05722,PO-05722,PROD-00047,18,6641.49,119546.82
POITEM-05723,PO-05723,PROD-00003,49,9810.5,480714.5
POITEM-05724,PO-05724,PROD-00045,18,78.1,1405.8
POITEM-05725,PO-05725,PROD-00092,15,6231.25,93468.75
POITEM-05726,PO-05726,PROD-00020,21,7164.91,150463.11
POITEM-05727,PO-05727,PROD-00046,6,14697.47,88184.82
POITEM-05728,PO-05728,PROD-00024,7,14125.4,98877.8
POITEM-05729,PO-05729,PROD-00063,47,379.37,17830.39
POITEM-05730,PO-05730,PROD-00095,16,12910.1,206561.6
POITEM-05731,PO-05731,PROD-00094,22,3678.67,80930.74
POITEM-05732,PO-05732,PROD-00077,24,13503.2,324076.8
POITEM-05733,PO-05733,PROD-00089,49,4673.53,229002.97
POITEM-05734,PO-05734,PROD-00019,10,4721.23,47212.3
POITEM-05735,PO-05735,PROD-00009,32,12125.13,388004.16
POITEM-05736,PO-05736,PROD-00093,1,10452.9,10452.9
POITEM-05737,PO-05737,PROD-00038,34,1576.21,53591.14
POITEM-05738,PO-05738,PROD-00044,25,9523.41,238085.25
POITEM-05739,PO-05739,PROD-00069,26,1648.33,42856.58
POITEM-05740,PO-05740,PROD-00005,18,12928.55,232713.9
POITEM-05741,PO-05741,PROD-00045,44,78.1,3436.4
POITEM-05742,PO-05742,PROD-00039,44,1753.54,77155.76
POITEM-05743,PO-05743,PROD-00036,10,14758.2,147582.0
POITEM-05744,PO-05744,PROD-00020,46,7164.91,329585.86
POITEM-05745,PO-05745,PROD-00043,34,7340.76,249585.84
POITEM-05746,PO-05746,PROD-00036,15,14758.2,221373.0
POITEM-05747,PO-05747,PROD-00083,32,12510.03,400320.96
POITEM-05748,PO-05748,PROD-00079,29,4452.44,129120.76
POITEM-05749,PO-05749,PROD-00047,5,6641.49,33207.45
POITEM-05750,PO-05750,PROD-00063,39,379.37,14795.43
POITEM-05751,PO-05751,PROD-00054,37,1564.33,57880.21
POITEM-05752,PO-05752,PROD-00097,41,14370.54,589192.14
POITEM-05753,PO-05753,PROD-00042,33,10320.27,340568.91
POITEM-05754,PO-05754,PROD-00078,39,6140.68,239486.52
POITEM-05755,PO-05755,PROD-00047,44,6641.49,292225.56
POITEM-05756,PO-05756,PROD-00072,17,13495.08,229416.36
POITEM-05757,PO-05757,PROD-00079,5,4452.44,22262.2
POITEM-05758,PO-05758,PROD-00007,33,6342.68,209308.44
POITEM-05759,PO-05759,PROD-00080,19,6321.18,120102.42
POITEM-05760,PO-05760,PROD-00067,7,1752.24,12265.68
POITEM-05761,PO-05761,PROD-00046,31,14697.47,455621.57
POITEM-05762,PO-05762,PROD-00087,10,1294.81,12948.1
POITEM-05763,PO-05763,PROD-00084,38,3172.49,120554.62
POITEM-05764,PO-05764,PROD-00084,4,3172.49,12689.96
POITEM-05765,PO-05765,PROD-00023,29,12930.74,374991.46
POITEM-05766,PO-05766,PROD-00030,30,13937.05,418111.5
POITEM-05767,PO-05767,PROD-00049,12,13561.33,162735.96
POITEM-05768,PO-05768,PROD-00021,15,14412.66,216189.9
POITEM-05769,PO-05769,PROD-00044,35,9523.41,333319.35
POITEM-05770,PO-05770,PROD-00095,43,12910.1,555134.3
POITEM-05771,PO-05771,PROD-00001,6,5330.61,31983.66
POITEM-05772,PO-05772,PROD-00061,26,3013.6,78353.6
POITEM-05773,PO-05773,PROD-00011,24,13897.35,333536.4
POITEM-05774,PO-05774,PROD-00087,49,1294.81,63445.69
POITEM-05775,PO-05775,PROD-00022,10,2807.73,28077.3
POITEM-05776,PO-05776,PROD-00074,7,7810.81,54675.67
POITEM-05777,PO-05777,PROD-00037,36,12261.13,441400.68
POITEM-05778,PO-05778,PROD-00035,17,12510.33,212675.61
POITEM-05779,PO-05779,PROD-00004,11,6054.25,66596.75
POITEM-05780,PO-05780,PROD-00037,12,12261.13,147133.56
POITEM-05781,PO-05781,PROD-00092,48,6231.25,299100.0
POITEM-05782,PO-05782,PROD-00035,47,12510.33,587985.51
POITEM-05783,PO-05783,PROD-00052,44,13487.25,593439.0
POITEM-05784,PO-05784,PROD-00059,2,2408.99,4817.98
POITEM-05785,PO-05785,PROD-00008,20,3765.85,75317.0
POITEM-05786,PO-05786,PROD-00042,35,10320.27,361209.45
POITEM-05787,PO-05787,PROD-00053,38,3170.9,120494.2
POITEM-05788,PO-05788,PROD-00034,16,5558.67,88938.72
POITEM-05789,PO-05789,PROD-00082,40,8547.35,341894.0
POITEM-05790,PO-05790,PROD-00034,32,5558.67,177877.44
POITEM-05791,PO-05791,PROD-00004,21,6054.25,127139.25
POITEM-05792,PO-05792,PROD-00024,18,14125.4,254257.2
POITEM-05793,PO-05793,PROD-00053,25,3170.9,79272.5
POITEM-05794,PO-05794,PROD-00055,47,11248.43,528676.21
POITEM-05795,PO-05795,PROD-00097,34,14370.54,488598.36
POITEM-05796,PO-05796,PROD-00058,47,13963.97,656306.59
POITEM-05797,PO-05797,PROD-00042,7,10320.27,72241.89
POITEM-05798,PO-05798,PROD-00001,25,5330.61,133265.25
POITEM-05799,PO-05799,PROD-00062,40,4595.23,183809.2
POITEM-05800,PO-05800,PROD-00066,40,14717.72,588708.8
POITEM-05801,PO-05801,PROD-00064,5,4940.72,24703.6
POITEM-05802,PO-05802,PROD-00021,14,14412.66,201777.24
POITEM-05803,PO-05803,PROD-00060,22,13085.7,287885.4
POITEM-05804,PO-05804,PROD-00082,50,8547.35,427367.5
POITEM-05805,PO-05805,PROD-00052,36,13487.25,485541.0
POITEM-05806,PO-05806,PROD-00043,4,7340.76,29363.04
POITEM-05807,PO-05807,PROD-00079,37,4452.44,164740.28
POITEM-05808,PO-05808,PROD-00015,8,13899.61,111196.88
POITEM-05809,PO-05809,PROD-00095,39,12910.1,503493.9
POITEM-05810,PO-05810,PROD-00023,45,12930.74,581883.3
POITEM-05811,PO-05811,PROD-00008,7,3765.85,26360.95
POITEM-05812,PO-05812,PROD-00078,12,6140.68,73688.16
POITEM-05813,PO-05813,PROD-00075,6,6483.68,38902.08
POITEM-05814,PO-05814,PROD-00079,25,4452.44,111311.0
POITEM-05815,PO-05815,PROD-00043,1,7340.76,7340.76
POITEM-05816,PO-05816,PROD-00084,39,3172.49,123727.11
POITEM-05817,PO-05817,PROD-00089,10,4673.53,46735.3
POITEM-05818,PO-05818,PROD-00045,37,78.1,2889.7
POITEM-05819,PO-05819,PROD-00054,40,1564.33,62573.2
POITEM-05820,PO-05820,PROD-00033,11,14000.56,154006.16
POITEM-05821,PO-05821,PROD-00095,48,12910.1,619684.8
POITEM-05822,PO-05822,PROD-00079,8,4452.44,35619.52
POITEM-05823,PO-05823,PROD-00094,37,3678.67,136110.79
POITEM-05824,PO-05824,PROD-00004,47,6054.25,284549.75
POITEM-05825,PO-05825,PROD-00012,29,6111.05,177220.45
POITEM-05826,PO-05826,PROD-00091,13,9178.83,119324.79
POITEM-05827,PO-05827,PROD-00057,15,396.18,5942.7
POITEM-05828,PO-05828,PROD-00072,39,13495.08,526308.12
POITEM-05829,PO-05829,PROD-00068,7,8719.33,61035.31
POITEM-05830,PO-05830,PROD-00069,28,1648.33,46153.24
POITEM-05831,PO-05831,PROD-00023,37,12930.74,478437.38
POITEM-05832,PO-05832,PROD-00095,42,12910.1,542224.2
POITEM-05833,PO-05833,PROD-00037,11,12261.13,134872.43
POITEM-05834,PO-05834,PROD-00050,1,5554.01,5554.01
POITEM-05835,PO-05835,PROD-00026,8,9869.16,78953.28
POITEM-05836,PO-05836,PROD-00003,18,9810.5,176589.0
POITEM-05837,PO-05837,PROD-00043,41,7340.76,300971.16
POITEM-05838,PO-05838,PROD-00065,36,4204.9,151376.4
POITEM-05839,PO-05839,PROD-00008,32,3765.85,120507.2
POITEM-05840,PO-05840,PROD-00036,25,14758.2,368955.0
POITEM-05841,PO-05841,PROD-00073,31,689.69,21380.39
POITEM-05842,PO-05842,PROD-00002,38,12960.96,492516.48
POITEM-05843,PO-05843,PROD-00037,2,12261.13,24522.26
POITEM-05844,PO-05844,PROD-00037,9,12261.13,110350.17
POITEM-05845,PO-05845,PROD-00088,40,12280.89,491235.6
POITEM-05846,PO-05846,PROD-00017,17,2868.72,48768.24
POITEM-05847,PO-05847,PROD-00070,1,10934.96,10934.96
POITEM-05848,PO-05848,PROD-00039,24,1753.54,42084.96
POITEM-05849,PO-05849,PROD-00100,6,7978.7,47872.2
POITEM-05850,PO-05850,PROD-00041,5,9082.33,45411.65
POITEM-05851,PO-05851,PROD-00037,3,12261.13,36783.39
POITEM-05852,PO-05852,PROD-00092,40,6231.25,249250.0
POITEM-05853,PO-05853,PROD-00038,42,1576.21,66200.82
POITEM-05854,PO-05854,PROD-00054,19,1564.33,29722.27
POITEM-05855,PO-05855,PROD-00012,25,6111.05,152776.25
POITEM-05856,PO-05856,PROD-00009,5,12125.13,60625.65
POITEM-05857,PO-05857,PROD-00048,30,169.8,5094.0
POITEM-05858,PO-05858,PROD-00002,23,12960.96,298102.08
POITEM-05859,PO-05859,PROD-00025,44,8927.92,392828.48
POITEM-05860,PO-05860,PROD-00016,37,6359.54,235302.98
POITEM-05861,PO-05861,PROD-00006,34,2873.38,97694.92
POITEM-05862,PO-05862,PROD-00019,1,4721.23,4721.23
POITEM-05863,PO-05863,PROD-00052,7,13487.25,94410.75
POITEM-05864,PO-05864,PROD-00011,5,13897.35,69486.75
POITEM-05865,PO-05865,PROD-00015,38,13899.61,528185.18
POITEM-05866,PO-05866,PROD-00005,2,12928.55,25857.1
POITEM-05867,PO-05867,PROD-00089,14,4673.53,65429.42
POITEM-05868,PO-05868,PROD-00021,32,14412.66,461205.12
POITEM-05869,PO-05869,PROD-00064,48,4940.72,237154.56
POITEM-05870,PO-05870,PROD-00068,49,8719.33,427247.17
POITEM-05871,PO-05871,PROD-00041,49,9082.33,445034.17
POITEM-05872,PO-05872,PROD-00065,29,4204.9,121942.1
POITEM-05873,PO-05873,PROD-00035,36,12510.33,450371.88
POITEM-05874,PO-05874,PROD-00017,1,2868.72,2868.72
POITEM-05875,PO-05875,PROD-00026,17,9869.16,167775.72
POITEM-05876,PO-05876,PROD-00075,5,6483.68,32418.4
POITEM-05877,PO-05877,PROD-00054,31,1564.33,48494.23
POITEM-05878,PO-05878,PROD-00090,48,390.77,18756.96
POITEM-05879,PO-05879,PROD-00010,30,9790.87,293726.1
POITEM-05880,PO-05880,PROD-00044,27,9523.41,257132.07
POITEM-05881,PO-05881,PROD-00073,35,689.69,24139.15
POITEM-05882,PO-05882,PROD-00017,2,2868.72,5737.44
POITEM-05883,PO-05883,PROD-00029,36,9691.37,348889.32
POITEM-05884,PO-05884,PROD-00021,1,14412.66,14412.66
POITEM-05885,PO-05885,PROD-00081,49,11228.32,550187.68
POITEM-05886,PO-05886,PROD-00062,36,4595.23,165428.28
POITEM-05887,PO-05887,PROD-00004,25,6054.25,151356.25
POITEM-05888,PO-05888,PROD-00096,13,6391.56,83090.28
POITEM-05889,PO-05889,PROD-00061,48,3013.6,144652.8
POITEM-05890,PO-05890,PROD-00055,50,11248.43,562421.5
POITEM-05891,PO-05891,PROD-00084,19,3172.49,60277.31
POITEM-05892,PO-05892,PROD-00083,27,12510.03,337770.81
POITEM-05893,PO-05893,PROD-00023,11,12930.74,142238.14
POITEM-05894,PO-05894,PROD-00055,38,11248.43,427440.34
POITEM-05895,PO-05895,PROD-00086,5,7110.96,35554.8
POITEM-05896,PO-05896,PROD-00043,49,7340.76,359697.24
POITEM-05897,PO-05897,PROD-00043,1,7340.76,7340.76
POITEM-05898,PO-05898,PROD-00062,45,4595.23,206785.35
POITEM-05899,PO-05899,PROD-00079,33,4452.44,146930.52
POITEM-05900,PO-05900,PROD-00086,15,7110.96,106664.4
POITEM-05901,PO-05901,PROD-00002,34,12960.96,440672.64
POITEM-05902,PO-05902,PROD-00043,50,7340.76,367038.0
POITEM-05903,PO-05903,PROD-00080,20,6321.18,126423.6
POITEM-05904,PO-05904,PROD-00099,50,2021.75,101087.5
POITEM-05905,PO-05905,PROD-00019,5,4721.23,23606.15
POITEM-05906,PO-05906,PROD-00077,5,13503.2,67516.0
POITEM-05907,PO-05907,PROD-00073,36,689.69,24828.84
POITEM-05908,PO-05908,PROD-00040,22,8309.52,182809.44
POITEM-05909,PO-05909,PROD-00097,31,14370.54,445486.74
POITEM-05910,PO-05910,PROD-00046,49,14697.47,720176.03
POITEM-05911,PO-05911,PROD-00027,38,3083.78,117183.64
POITEM-05912,PO-05912,PROD-00069,36,1648.33,59339.88
POITEM-05913,PO-05913,PROD-00021,48,14412.66,691807.68
POITEM-05914,PO-05914,PROD-00068,22,8719.33,191825.26
POITEM-05915,PO-05915,PROD-00048,40,169.8,6792.0
POITEM-05916,PO-05916,PROD-00054,33,1564.33,51622.89
POITEM-05917,PO-05917,PROD-00091,13,9178.83,119324.79
POITEM-05918,PO-05918,PROD-00062,1,4595.23,4595.23
POITEM-05919,PO-05919,PROD-00007,34,6342.68,215651.12
POITEM-05920,PO-05920,PROD-00016,47,6359.54,298898.38
POITEM-05921,PO-05921,PROD-00042,19,10320.27,196085.13
POITEM-05922,PO-05922,PROD-00099,11,2021.75,22239.25
POITEM-05923,PO-05923,PROD-00083,1,12510.03,12510.03
POITEM-05924,PO-05924,PROD-00041,33,9082.33,299716.89
POITEM-05925,PO-05925,PROD-00091,11,9178.83,100967.13
POITEM-05926,PO-05926,PROD-00023,26,12930.74,336199.24
POITEM-05927,PO-05927,PROD-00062,14,4595.23,64333.22
POITEM-05928,PO-05928,PROD-00048,22,169.8,3735.6
POITEM-05929,PO-05929,PROD-00091,49,9178.83,449762.67
POITEM-05930,PO-05930,PROD-00072,48,13495.08,647763.84
POITEM-05931,PO-05931,PROD-00081,6,11228.32,67369.92
POITEM-05932,PO-05932,PROD-00068,24,8719.33,209263.92
POITEM-05933,PO-05933,PROD-00008,49,3765.85,184526.65
POITEM-05934,PO-05934,PROD-00056,26,2458.46,63919.96
POITEM-05935,PO-05935,PROD-00065,2,4204.9,8409.8
POITEM-05936,PO-05936,PROD-00049,39,13561.33,528891.87
POITEM-05937,PO-05937,PROD-00053,46,3170.9,145861.4
POITEM-05938,PO-05938,PROD-00035,19,12510.33,237696.27
POITEM-05939,PO-05939,PROD-00038,17,1576.21,26795.57
POITEM-05940,PO-05940,PROD-00065,4,4204.9,16819.6
POITEM-05941,PO-05941,PROD-00089,19,4673.53,88797.07
POITEM-05942,PO-05942,PROD-00054,22,1564.33,34415.26
POITEM-05943,PO-05943,PROD-00069,49,1648.33,80768.17
POITEM-05944,PO-05944,PROD-00024,23,14125.4,324884.2
POITEM-05945,PO-05945,PROD-00033,7,14000.56,98003.92
POITEM-05946,PO-05946,PROD-00015,31,13899.61,430887.91
POITEM-05947,PO-05947,PROD-00092,9,6231.25,56081.25
POITEM-05948,PO-05948,PROD-00057,31,396.18,12281.58
POITEM-05949,PO-05949,PROD-00047,22,6641.49,146112.78
POITEM-05950,PO-05950,PROD-00081,14,11228.32,157196.48
POITEM-05951,PO-05951,PROD-00084,8,3172.49,25379.92
POITEM-05952,PO-05952,PROD-00020,28,7164.91,200617.48
POITEM-05953,PO-05953,PROD-00030,37,13937.05,515670.85
POITEM-05954,PO-05954,PROD-00031,48,6887.83,330615.84
POITEM-05955,PO-05955,PROD-00099,30,2021.75,60652.5
POITEM-05956,PO-05956,PROD-00048,22,169.8,3735.6
POITEM-05957,PO-05957,PROD-00096,17,6391.56,108656.52
POITEM-05958,PO-05958,PROD-00084,6,3172.49,19034.94
POITEM-05959,PO-05959,PROD-00032,29,8076.08,234206.32
POITEM-05960,PO-05960,PROD-00070,45,10934.96,492073.2
POITEM-05961,PO-05961,PROD-00087,30,1294.81,38844.3
POITEM-05962,PO-05962,PROD-00017,44,2868.72,126223.68
POITEM-05963,PO-05963,PROD-00077,45,13503.2,607644.0
POITEM-05964,PO-05964,PROD-00071,34,9102.98,309501.32
POITEM-05965,PO-05965,PROD-00069,5,1648.33,8241.65
POITEM-05966,PO-05966,PROD-00076,16,4725.89,75614.24
POITEM-05967,PO-05967,PROD-00054,40,1564.33,62573.2
POITEM-05968,PO-05968,PROD-00031,18,6887.83,123980.94
POITEM-05969,PO-05969,PROD-00050,16,5554.01,88864.16
POITEM-05970,PO-05970,PROD-00037,25,12261.13,306528.25
POITEM-05971,PO-05971,PROD-00012,16,6111.05,97776.8
POITEM-05972,PO-05972,PROD-00023,11,12930.74,142238.14
POITEM-05973,PO-05973,PROD-00071,23,9102.98,209368.54
POITEM-05974,PO-05974,PROD-00050,11,5554.01,61094.11
POITEM-05975,PO-05975,PROD-00054,18,1564.33,28157.94
POITEM-05976,PO-05976,PROD-00074,18,7810.81,140594.58
POITEM-05977,PO-05977,PROD-00069,12,1648.33,19779.96
POITEM-05978,PO-05978,PROD-00010,40,9790.87,391634.8
POITEM-05979,PO-05979,PROD-00007,29,6342.68,183937.72
POITEM-05980,PO-05980,PROD-00089,4,4673.53,18694.12
POITEM-05981,PO-05981,PROD-00100,5,7978.7,39893.5
POITEM-05982,PO-05982,PROD-00002,9,12960.96,116648.64
POITEM-05983,PO-05983,PROD-00089,5,4673.53,23367.65
POITEM-05984,PO-05984,PROD-00070,44,10934.96,481138.24
POITEM-05985,PO-05985,PROD-00086,40,7110.96,284438.4
POITEM-05986,PO-05986,PROD-00022,22,2807.73,61770.06
POITEM-05987,PO-05987,PROD-00052,28,13487.25,377643.0
POITEM-05988,PO-05988,PROD-00022,19,2807.73,53346.87
POITEM-05989,PO-05989,PROD-00005,30,12928.55,387856.5
POITEM-05990,PO-05990,PROD-00100,35,7978.7,279254.5
POITEM-05991,PO-05991,PROD-00032,27,8076.08,218054.16
POITEM-05992,PO-05992,PROD-00068,41,8719.33,357492.53
POITEM-05993,PO-05993,PROD-00036,14,14758.2,206614.8
POITEM-05994,PO-05994,PROD-00008,35,3765.85,131804.75
POITEM-05995,PO-05995,PROD-00032,2,8076.08,16152.16
POITEM-05996,PO-05996,PROD-00009,7,12125.13,84875.91
POITEM-05997,PO-05997,PROD-00072,44,13495.08,593783.52
POITEM-05998,PO-05998,PROD-00064,14,4940.72,69170.08
POITEM-05999,PO-05999,PROD-00051,50,1933.5,96675.0
POITEM-06000,PO-06000,PROD-00067,24,1752.24,42053.76
POITEM-06001,PO-06001,PROD-00020,16,7164.91,114638.56
POITEM-06002,PO-06002,PROD-00003,6,9810.5,58863.0
POITEM-06003,PO-06003,PROD-00058,1,13963.97,13963.97
POITEM-06004,PO-06004,PROD-00076,34,4725.89,160680.26
POITEM-06005,PO-06005,PROD-00014,42,5700.12,239405.04
POITEM-06006,PO-06006,PROD-00091,22,9178.83,201934.26
POITEM-06007,PO-06007,PROD-00054,14,1564.33,21900.62
POITEM-06008,PO-06008,PROD-00001,29,5330.61,154587.69
POITEM-06009,PO-06009,PROD-00020,32,7164.91,229277.12
POITEM-06010,PO-06010,PROD-00018,30,8698.22,260946.6
POITEM-06011,PO-06011,PROD-00085,17,6640.75,112892.75
POITEM-06012,PO-06012,PROD-00059,41,2408.99,98768.59
POITEM-06013,PO-06013,PROD-00077,37,13503.2,499618.4
POITEM-06014,PO-06014,PROD-00094,32,3678.67,117717.44
POITEM-06015,PO-06015,PROD-00094,41,3678.67,150825.47
POITEM-06016,PO-06016,PROD-00017,2,2868.72,5737.44
POITEM-06017,PO-06017,PROD-00047,9,6641.49,59773.41
POITEM-06018,PO-06018,PROD-00008,42,3765.85,158165.7
POITEM-06019,PO-06019,PROD-00037,22,12261.13,269744.86
POITEM-06020,PO-06020,PROD-00032,25,8076.08,201902.0
POITEM-06021,PO-06021,PROD-00067,10,1752.24,17522.4
POITEM-06022,PO-06022,PROD-00058,20,13963.97,279279.4
POITEM-06023,PO-06023,PROD-00017,26,2868.72,74586.72
POITEM-06024,PO-06024,PROD-00080,11,6321.18,69532.98
POITEM-06025,PO-06025,PROD-00085,39,6640.75,258989.25
POITEM-06026,PO-06026,PROD-00018,7,8698.22,60887.54
POITEM-06027,PO-06027,PROD-00080,30,6321.18,189635.4
POITEM-06028,PO-06028,PROD-00040,38,8309.52,315761.76
POITEM-06029,PO-06029,PROD-00094,41,3678.67,150825.47
POITEM-06030,PO-06030,PROD-00032,49,8076.08,395727.92
POITEM-06031,PO-06031,PROD-00026,21,9869.16,207252.36
POITEM-06032,PO-06032,PROD-00058,17,13963.97,237387.49
POITEM-06033,PO-06033,PROD-00096,3,6391.56,19174.68
POITEM-06034,PO-06034,PROD-00008,23,3765.85,86614.55
POITEM-06035,PO-06035,PROD-00062,9,4595.23,41357.07
POITEM-06036,PO-06036,PROD-00050,33,5554.01,183282.33
POITEM-06037,PO-06037,PROD-00059,35,2408.99,84314.65
POITEM-06038,PO-06038,PROD-00018,46,8698.22,400118.12
POITEM-06039,PO-06039,PROD-00064,20,4940.72,98814.4
POITEM-06040,PO-06040,PROD-00063,9,379.37,3414.33
POITEM-06041,PO-06041,PROD-00006,37,2873.38,106315.06
POITEM-06042,PO-06042,PROD-00065,6,4204.9,25229.4
POITEM-06043,PO-06043,PROD-00042,29,10320.27,299287.83
POITEM-06044,PO-06044,PROD-00006,27,2873.38,77581.26
POITEM-06045,PO-06045,PROD-00086,20,7110.96,142219.2
POITEM-06046,PO-06046,PROD-00087,12,1294.81,15537.72
POITEM-06047,PO-06047,PROD-00027,45,3083.78,138770.1
POITEM-06048,PO-06048,PROD-00012,41,6111.05,250553.05
POITEM-06049,PO-06049,PROD-00001,43,5330.61,229216.23
POITEM-06050,PO-06050,PROD-00094,42,3678.67,154504.14
POITEM-06051,PO-06051,PROD-00025,47,8927.92,419612.24
POITEM-06052,PO-06052,PROD-00059,32,2408.99,77087.68
POITEM-06053,PO-06053,PROD-00019,39,4721.23,184127.97
POITEM-06054,PO-06054,PROD-00040,26,8309.52,216047.52
POITEM-06055,PO-06055,PROD-00014,21,5700.12,119702.52
POITEM-06056,PO-06056,PROD-00039,4,1753.54,7014.16
POITEM-06057,PO-06057,PROD-00076,14,4725.89,66162.46
POITEM-06058,PO-06058,PROD-00060,29,13085.7,379485.3
POITEM-06059,PO-06059,PROD-00057,7,396.18,2773.26
POITEM-06060,PO-06060,PROD-00072,48,13495.08,647763.84
POITEM-06061,PO-06061,PROD-00015,41,13899.61,569884.01
POITEM-06062,PO-06062,PROD-00066,39,14717.72,573991.08
POITEM-06063,PO-06063,PROD-00064,36,4940.72,177865.92
POITEM-06064,PO-06064,PROD-00039,25,1753.54,43838.5
POITEM-06065,PO-06065,PROD-00073,34,689.69,23449.46
POITEM-06066,PO-06066,PROD-00089,7,4673.53,32714.71
POITEM-06067,PO-06067,PROD-00044,50,9523.41,476170.5
POITEM-06068,PO-06068,PROD-00061,38,3013.6,114516.8
POITEM-06069,PO-06069,PROD-00064,45,4940.72,222332.4
POITEM-06070,PO-06070,PROD-00012,21,6111.05,128332.05
POITEM-06071,PO-06071,PROD-00085,34,6640.75,225785.5
POITEM-06072,PO-06072,PROD-00098,20,8372.15,167443.0
POITEM-06073,PO-06073,PROD-00001,35,5330.61,186571.35
POITEM-06074,PO-06074,PROD-00001,9,5330.61,47975.49
POITEM-06075,PO-06075,PROD-00011,1,13897.35,13897.35
POITEM-06076,PO-06076,PROD-00019,23,4721.23,108588.29
POITEM-06077,PO-06077,PROD-00092,7,6231.25,43618.75
POITEM-06078,PO-06078,PROD-00003,42,9810.5,412041.0
POITEM-06079,PO-06079,PROD-00072,21,13495.08,283396.68
POITEM-06080,PO-06080,PROD-00049,30,13561.33,406839.9
POITEM-06081,PO-06081,PROD-00026,33,9869.16,325682.28
POITEM-06082,PO-06082,PROD-00033,18,14000.56,252010.08
POITEM-06083,PO-06083,PROD-00063,49,379.37,18589.13
POITEM-06084,PO-06084,PROD-00100,7,7978.7,55850.9
POITEM-06085,PO-06085,PROD-00036,37,14758.2,546053.4
POITEM-06086,PO-06086,PROD-00031,21,6887.83,144644.43
POITEM-06087,PO-06087,PROD-00056,21,2458.46,51627.66
POITEM-06088,PO-06088,PROD-00035,35,12510.33,437861.55
POITEM-06089,PO-06089,PROD-00071,16,9102.98,145647.68
POITEM-06090,PO-06090,PROD-00026,34,9869.16,335551.44
POITEM-06091,PO-06091,PROD-00081,4,11228.32,44913.28
POITEM-06092,PO-06092,PROD-00082,38,8547.35,324799.3
POITEM-06093,PO-06093,PROD-00027,45,3083.78,138770.1
POITEM-06094,PO-06094,PROD-00021,40,14412.66,576506.4
POITEM-06095,PO-06095,PROD-00046,35,14697.47,514411.45
POITEM-06096,PO-06096,PROD-00097,36,14370.54,517339.44
POITEM-06097,PO-06097,PROD-00059,4,2408.99,9635.96
POITEM-06098,PO-06098,PROD-00001,23,5330.61,122604.03
POITEM-06099,PO-06099,PROD-00042,14,10320.27,144483.78
POITEM-06100,PO-06100,PROD-00088,36,12280.89,442112.04
POITEM-06101,PO-06101,PROD-00008,18,3765.85,67785.3
POITEM-06102,PO-06102,PROD-00063,41,379.37,15554.17
POITEM-06103,PO-06103,PROD-00083,44,12510.03,550441.32
POITEM-06104,PO-06104,PROD-00084,36,3172.49,114209.64
POITEM-06105,PO-06105,PROD-00007,34,6342.68,215651.12
POITEM-06106,PO-06106,PROD-00015,12,13899.61,166795.32
POITEM-06107,PO-06107,PROD-00093,43,10452.9,449474.7
POITEM-06108,PO-06108,PROD-00068,6,8719.33,52315.98
POITEM-06109,PO-06109,PROD-00069,10,1648.33,16483.3
POITEM-06110,PO-06110,PROD-00081,33,11228.32,370534.56
POITEM-06111,PO-06111,PROD-00091,45,9178.83,413047.35
POITEM-06112,PO-06112,PROD-00027,46,3083.78,141853.88
POITEM-06113,PO-06113,PROD-00023,8,12930.74,103445.92
POITEM-06114,PO-06114,PROD-00064,18,4940.72,88932.96
POITEM-06115,PO-06115,PROD-00068,31,8719.33,270299.23
POITEM-06116,PO-06116,PROD-00071,22,9102.98,200265.56
POITEM-06117,PO-06117,PROD-00076,27,4725.89,127599.03
POITEM-06118,PO-06118,PROD-00020,50,7164.91,358245.5
POITEM-06119,PO-06119,PROD-00058,23,13963.97,321171.31
POITEM-06120,PO-06120,PROD-00091,23,9178.83,211113.09
POITEM-06121,PO-06121,PROD-00005,36,12928.55,465427.8
POITEM-06122,PO-06122,PROD-00047,18,6641.49,119546.82
POITEM-06123,PO-06123,PROD-00059,8,2408.99,19271.92
POITEM-06124,PO-06124,PROD-00026,42,9869.16,414504.72
POITEM-06125,PO-06125,PROD-00058,9,13963.97,125675.73
POITEM-06126,PO-06126,PROD-00079,45,4452.44,200359.8
POITEM-06127,PO-06127,PROD-00061,3,3013.6,9040.8
POITEM-06128,PO-06128,PROD-00040,42,8309.52,348999.84
POITEM-06129,PO-06129,PROD-00089,18,4673.53,84123.54
POITEM-06130,PO-06130,PROD-00091,43,9178.83,394689.69
POITEM-06131,PO-06131,PROD-00099,45,2021.75,90978.75
POITEM-06132,PO-06132,PROD-00060,40,13085.7,523428.0
POITEM-06133,PO-06133,PROD-00058,27,13963.97,377027.19
POITEM-06134,PO-06134,PROD-00064,50,4940.72,247036.0
POITEM-06135,PO-06135,PROD-00084,6,3172.49,19034.94
POITEM-06136,PO-06136,PROD-00008,44,3765.85,165697.4
POITEM-06137,PO-06137,PROD-00040,11,8309.52,91404.72
POITEM-06138,PO-06138,PROD-00042,13,10320.27,134163.51
POITEM-06139,PO-06139,PROD-00076,20,4725.89,94517.8
POITEM-06140,PO-06140,PROD-00031,37,6887.83,254849.71
POITEM-06141,PO-06141,PROD-00035,32,12510.33,400330.56
POITEM-06142,PO-06142,PROD-00091,23,9178.83,211113.09
POITEM-06143,PO-06143,PROD-00050,21,5554.01,116634.21
POITEM-06144,PO-06144,PROD-00027,48,3083.78,148021.44
POITEM-06145,PO-06145,PROD-00051,45,1933.5,87007.5
POITEM-06146,PO-06146,PROD-00094,27,3678.67,99324.09
POITEM-06147,PO-06147,PROD-00066,41,14717.72,603426.52
POITEM-06148,PO-06148,PROD-00016,50,6359.54,317977.0
POITEM-06149,PO-06149,PROD-00013,18,12973.14,233516.52
POITEM-06150,PO-06150,PROD-00088,24,12280.89,294741.36
POITEM-06151,PO-06151,PROD-00071,32,9102.98,291295.36
POITEM-06152,PO-06152,PROD-00020,6,7164.91,42989.46
POITEM-06153,PO-06153,PROD-00071,43,9102.98,391428.14
POITEM-06154,PO-06154,PROD-00063,25,379.37,9484.25
POITEM-06155,PO-06155,PROD-00061,11,3013.6,33149.6
POITEM-06156,PO-06156,PROD-00052,8,13487.25,107898.0
POITEM-06157,PO-06157,PROD-00085,9,6640.75,59766.75
POITEM-06158,PO-06158,PROD-00100,49,7978.7,390956.3
POITEM-06159,PO-06159,PROD-00029,33,9691.37,319815.21
POITEM-06160,PO-06160,PROD-00004,37,6054.25,224007.25
POITEM-06161,PO-06161,PROD-00079,23,4452.44,102406.12
POITEM-06162,PO-06162,PROD-00064,48,4940.72,237154.56
POITEM-06163,PO-06163,PROD-00015,20,13899.61,277992.2
POITEM-06164,PO-06164,PROD-00010,22,9790.87,215399.14
POITEM-06165,PO-06165,PROD-00066,48,14717.72,706450.56
POITEM-06166,PO-06166,PROD-00033,48,14000.56,672026.88
POITEM-06167,PO-06167,PROD-00092,17,6231.25,105931.25
POITEM-06168,PO-06168,PROD-00093,28,10452.9,292681.2
POITEM-06169,PO-06169,PROD-00071,38,9102.98,345913.24
POITEM-06170,PO-06170,PROD-00100,36,7978.7,287233.2
POITEM-06171,PO-06171,PROD-00047,49,6641.49,325433.01
POITEM-06172,PO-06172,PROD-00008,10,3765.85,37658.5
POITEM-06173,PO-06173,PROD-00016,45,6359.54,286179.3
POITEM-06174,PO-06174,PROD-00026,34,9869.16,335551.44
POITEM-06175,PO-06175,PROD-00015,22,13899.61,305791.42
POITEM-06176,PO-06176,PROD-00058,39,13963.97,544594.83
POITEM-06177,PO-06177,PROD-00089,18,4673.53,84123.54
POITEM-06178,PO-06178,PROD-00077,4,13503.2,54012.8
POITEM-06179,PO-06179,PROD-00079,18,4452.44,80143.92
POITEM-06180,PO-06180,PROD-00018,26,8698.22,226153.72
POITEM-06181,PO-06181,PROD-00007,47,6342.68,298105.96
POITEM-06182,PO-06182,PROD-00054,48,1564.33,75087.84
POITEM-06183,PO-06183,PROD-00012,39,6111.05,238330.95
POITEM-06184,PO-06184,PROD-00060,12,13085.7,157028.4
POITEM-06185,PO-06185,PROD-00020,39,7164.91,279431.49
POITEM-06186,PO-06186,PROD-00095,6,12910.1,77460.6
POITEM-06187,PO-06187,PROD-00063,2,379.37,758.74
POITEM-06188,PO-06188,PROD-00033,44,14000.56,616024.64
POITEM-06189,PO-06189,PROD-00037,12,12261.13,147133.56
POITEM-06190,PO-06190,PROD-00006,34,2873.38,97694.92
POITEM-06191,PO-06191,PROD-00096,23,6391.56,147005.88
POITEM-06192,PO-06192,PROD-00089,42,4673.53,196288.26
POITEM-06193,PO-06193,PROD-00039,47,1753.54,82416.38
POITEM-06194,PO-06194,PROD-00002,38,12960.96,492516.48
POITEM-06195,PO-06195,PROD-00017,41,2868.72,117617.52
POITEM-06196,PO-06196,PROD-00070,33,10934.96,360853.68
POITEM-06197,PO-06197,PROD-00098,45,8372.15,376746.75
POITEM-06198,PO-06198,PROD-00076,36,4725.89,170132.04
POITEM-06199,PO-06199,PROD-00081,30,11228.32,336849.6
POITEM-06200,PO-06200,PROD-00017,16,2868.72,45899.52
POITEM-06201,PO-06201,PROD-00047,9,6641.49,59773.41
POITEM-06202,PO-06202,PROD-00054,9,1564.33,14078.97
POITEM-06203,PO-06203,PROD-00100,43,7978.7,343084.1
POITEM-06204,PO-06204,PROD-00078,5,6140.68,30703.4
POITEM-06205,PO-06205,PROD-00097,17,14370.54,244299.18
POITEM-06206,PO-06206,PROD-00084,13,3172.49,41242.37
POITEM-06207,PO-06207,PROD-00076,10,4725.89,47258.9
POITEM-06208,PO-06208,PROD-00031,5,6887.83,34439.15
POITEM-06209,PO-06209,PROD-00013,10,12973.14,129731.4
POITEM-06210,PO-06210,PROD-00001,44,5330.61,234546.84
POITEM-06211,PO-06211,PROD-00096,16,6391.56,102264.96
POITEM-06212,PO-06212,PROD-00046,18,14697.47,264554.46
POITEM-06213,PO-06213,PROD-00047,42,6641.49,278942.58
POITEM-06214,PO-06214,PROD-00086,15,7110.96,106664.4
POITEM-06215,PO-06215,PROD-00011,5,13897.35,69486.75
POITEM-06216,PO-06216,PROD-00014,26,5700.12,148203.12
POITEM-06217,PO-06217,PROD-00049,20,13561.33,271226.6
POITEM-06218,PO-06218,PROD-00051,43,1933.5,83140.5
POITEM-06219,PO-06219,PROD-00002,19,12960.96,246258.24
POITEM-06220,PO-06220,PROD-00039,46,1753.54,80662.84
POITEM-06221,PO-06221,PROD-00087,30,1294.81,38844.3
POITEM-06222,PO-06222,PROD-00039,1,1753.54,1753.54
POITEM-06223,PO-06223,PROD-00050,25,5554.01,138850.25
POITEM-06224,PO-06224,PROD-00061,34,3013.6,102462.4
POITEM-06225,PO-06225,PROD-00041,18,9082.33,163481.94
POITEM-06226,PO-06226,PROD-00069,35,1648.33,57691.55
POITEM-06227,PO-06227,PROD-00033,12,14000.56,168006.72
POITEM-06228,PO-06228,PROD-00076,13,4725.89,61436.57
POITEM-06229,PO-06229,PROD-00005,17,12928.55,219785.35
POITEM-06230,PO-06230,PROD-00003,3,9810.5,29431.5
POITEM-06231,PO-06231,PROD-00029,21,9691.37,203518.77
POITEM-06232,PO-06232,PROD-00023,34,12930.74,439645.16
POITEM-06233,PO-06233,PROD-00050,16,5554.01,88864.16
POITEM-06234,PO-06234,PROD-00056,38,2458.46,93421.48
POITEM-06235,PO-06235,PROD-00074,8,7810.81,62486.48
POITEM-06236,PO-06236,PROD-00082,12,8547.35,102568.2
POITEM-06237,PO-06237,PROD-00008,17,3765.85,64019.45
POITEM-06238,PO-06238,PROD-00083,3,12510.03,37530.09
POITEM-06239,PO-06239,PROD-00009,46,12125.13,557755.98
POITEM-06240,PO-06240,PROD-00027,22,3083.78,67843.16
POITEM-06241,PO-06241,PROD-00016,18,6359.54,114471.72
POITEM-06242,PO-06242,PROD-00072,43,13495.08,580288.44
POITEM-06243,PO-06243,PROD-00063,45,379.37,17071.65
POITEM-06244,PO-06244,PROD-00019,23,4721.23,108588.29
POITEM-06245,PO-06245,PROD-00089,12,4673.53,56082.36
POITEM-06246,PO-06246,PROD-00057,42,396.18,16639.56
POITEM-06247,PO-06247,PROD-00098,8,8372.15,66977.2
POITEM-06248,PO-06248,PROD-00057,28,396.18,11093.04
POITEM-06249,PO-06249,PROD-00062,40,4595.23,183809.2
POITEM-06250,PO-06250,PROD-00070,50,10934.96,546748.0
POITEM-06251,PO-06251,PROD-00054,3,1564.33,4692.99
POITEM-06252,PO-06252,PROD-00020,23,7164.91,164792.93
POITEM-06253,PO-06253,PROD-00093,36,10452.9,376304.4
POITEM-06254,PO-06254,PROD-00050,49,5554.01,272146.49
POITEM-06255,PO-06255,PROD-00068,38,8719.33,331334.54
POITEM-06256,PO-06256,PROD-00075,26,6483.68,168575.68
POITEM-06257,PO-06257,PROD-00011,26,13897.35,361331.1
POITEM-06258,PO-06258,PROD-00039,27,1753.54,47345.58
POITEM-06259,PO-06259,PROD-00085,29,6640.75,192581.75
POITEM-06260,PO-06260,PROD-00092,2,6231.25,12462.5
POITEM-06261,PO-06261,PROD-00025,48,8927.92,428540.16
POITEM-06262,PO-06262,PROD-00058,4,13963.97,55855.88
POITEM-06263,PO-06263,PROD-00041,14,9082.33,127152.62
POITEM-06264,PO-06264,PROD-00037,31,12261.13,380095.03
POITEM-06265,PO-06265,PROD-00044,45,9523.41,428553.45
POITEM-06266,PO-06266,PROD-00080,34,6321.18,214920.12
POITEM-06267,PO-06267,PROD-00070,14,10934.96,153089.44
POITEM-06268,PO-06268,PROD-00002,1,12960.96,12960.96
POITEM-06269,PO-06269,PROD-00042,40,10320.27,412810.8
POITEM-06270,PO-06270,PROD-00002,26,12960.96,336984.96
POITEM-06271,PO-06271,PROD-00034,4,5558.67,22234.68
POITEM-06272,PO-06272,PROD-00041,9,9082.33,81740.97
POITEM-06273,PO-06273,PROD-00100,18,7978.7,143616.6
POITEM-06274,PO-06274,PROD-00031,34,6887.83,234186.22
POITEM-06275,PO-06275,PROD-00056,46,2458.46,113089.16
POITEM-06276,PO-06276,PROD-00054,40,1564.33,62573.2
POITEM-06277,PO-06277,PROD-00088,13,12280.89,159651.57
POITEM-06278,PO-06278,PROD-00021,36,14412.66,518855.76
POITEM-06279,PO-06279,PROD-00014,15,5700.12,85501.8
POITEM-06280,PO-06280,PROD-00003,22,9810.5,215831.0
POITEM-06281,PO-06281,PROD-00008,7,3765.85,26360.95
POITEM-06282,PO-06282,PROD-00003,19,9810.5,186399.5
POITEM-06283,PO-06283,PROD-00065,26,4204.9,109327.4
POITEM-06284,PO-06284,PROD-00034,26,5558.67,144525.42
POITEM-06285,PO-06285,PROD-00016,33,6359.54,209864.82
POITEM-06286,PO-06286,PROD-00062,48,4595.23,220571.04
POITEM-06287,PO-06287,PROD-00097,36,14370.54,517339.44
POITEM-06288,PO-06288,PROD-00066,22,14717.72,323789.84
POITEM-06289,PO-06289,PROD-00033,48,14000.56,672026.88
POITEM-06290,PO-06290,PROD-00091,34,9178.83,312080.22
POITEM-06291,PO-06291,PROD-00095,12,12910.1,154921.2
POITEM-06292,PO-06292,PROD-00045,30,78.1,2343.0
POITEM-06293,PO-06293,PROD-00077,28,13503.2,378089.6
POITEM-06294,PO-06294,PROD-00064,16,4940.72,79051.52
POITEM-06295,PO-06295,PROD-00088,39,12280.89,478954.71
POITEM-06296,PO-06296,PROD-00058,50,13963.97,698198.5
POITEM-06297,PO-06297,PROD-00050,10,5554.01,55540.1
POITEM-06298,PO-06298,PROD-00064,13,4940.72,64229.36
POITEM-06299,PO-06299,PROD-00090,22,390.77,8596.94
POITEM-06300,PO-06300,PROD-00090,25,390.77,9769.25
POITEM-06301,PO-06301,PROD-00026,18,9869.16,177644.88
POITEM-06302,PO-06302,PROD-00026,48,9869.16,473719.68
POITEM-06303,PO-06303,PROD-00065,50,4204.9,210245.0
POITEM-06304,PO-06304,PROD-00027,22,3083.78,67843.16
POITEM-06305,PO-06305,PROD-00073,13,689.69,8965.97
POITEM-06306,PO-06306,PROD-00005,43,12928.55,555927.65
POITEM-06307,PO-06307,PROD-00019,47,4721.23,221897.81
POITEM-06308,PO-06308,PROD-00044,22,9523.41,209515.02
POITEM-06309,PO-06309,PROD-00065,31,4204.9,130351.9
POITEM-06310,PO-06310,PROD-00033,31,14000.56,434017.36
POITEM-06311,PO-06311,PROD-00064,1,4940.72,4940.72
POITEM-06312,PO-06312,PROD-00075,15,6483.68,97255.2
POITEM-06313,PO-06313,PROD-00052,49,13487.25,660875.25
POITEM-06314,PO-06314,PROD-00005,49,12928.55,633498.95
POITEM-06315,PO-06315,PROD-00046,26,14697.47,382134.22
POITEM-06316,PO-06316,PROD-00031,29,6887.83,199747.07
POITEM-06317,PO-06317,PROD-00099,45,2021.75,90978.75
POITEM-06318,PO-06318,PROD-00032,11,8076.08,88836.88
POITEM-06319,PO-06319,PROD-00006,10,2873.38,28733.8
POITEM-06320,PO-06320,PROD-00078,42,6140.68,257908.56
POITEM-06321,PO-06321,PROD-00002,30,12960.96,388828.8
POITEM-06322,PO-06322,PROD-00040,4,8309.52,33238.08
POITEM-06323,PO-06323,PROD-00061,34,3013.6,102462.4
POITEM-06324,PO-06324,PROD-00001,43,5330.61,229216.23
POITEM-06325,PO-06325,PROD-00008,29,3765.85,109209.65
POITEM-06326,PO-06326,PROD-00087,26,1294.81,33665.06
POITEM-06327,PO-06327,PROD-00002,48,12960.96,622126.08
POITEM-06328,PO-06328,PROD-00041,14,9082.33,127152.62
POITEM-06329,PO-06329,PROD-00061,28,3013.6,84380.8
POITEM-06330,PO-06330,PROD-00006,31,2873.38,89074.78
POITEM-06331,PO-06331,PROD-00044,20,9523.41,190468.2
POITEM-06332,PO-06332,PROD-00097,28,14370.54,402375.12
POITEM-06333,PO-06333,PROD-00094,34,3678.67,125074.78
POITEM-06334,PO-06334,PROD-00056,24,2458.46,59003.04
POITEM-06335,PO-06335,PROD-00031,40,6887.83,275513.2
POITEM-06336,PO-06336,PROD-00008,9,3765.85,33892.65
POITEM-06337,PO-06337,PROD-00084,12,3172.49,38069.88
POITEM-06338,PO-06338,PROD-00029,1,9691.37,9691.37
POITEM-06339,PO-06339,PROD-00033,39,14000.56,546021.84
POITEM-06340,PO-06340,PROD-00011,16,13897.35,222357.6
POITEM-06341,PO-06341,PROD-00093,15,10452.9,156793.5
POITEM-06342,PO-06342,PROD-00069,3,1648.33,4944.99
POITEM-06343,PO-06343,PROD-00045,5,78.1,390.5
POITEM-06344,PO-06344,PROD-00015,45,13899.61,625482.45
POITEM-06345,PO-06345,PROD-00067,24,1752.24,42053.76
POITEM-06346,PO-06346,PROD-00023,20,12930.74,258614.8
POITEM-06347,PO-06347,PROD-00065,15,4204.9,63073.5
POITEM-06348,PO-06348,PROD-00019,20,4721.23,94424.6
POITEM-06349,PO-06349,PROD-00022,29,2807.73,81424.17
POITEM-06350,PO-06350,PROD-00093,19,10452.9,198605.1
POITEM-06351,PO-06351,PROD-00044,29,9523.41,276178.89
POITEM-06352,PO-06352,PROD-00004,35,6054.25,211898.75
POITEM-06353,PO-06353,PROD-00064,8,4940.72,39525.76
POITEM-06354,PO-06354,PROD-00028,33,4002.58,132085.14
POITEM-06355,PO-06355,PROD-00043,24,7340.76,176178.24
POITEM-06356,PO-06356,PROD-00092,47,6231.25,292868.75
POITEM-06357,PO-06357,PROD-00043,2,7340.76,14681.52
POITEM-06358,PO-06358,PROD-00073,50,689.69,34484.5
POITEM-06359,PO-06359,PROD-00074,17,7810.81,132783.77
POITEM-06360,PO-06360,PROD-00019,40,4721.23,188849.2
POITEM-06361,PO-06361,PROD-00066,39,14717.72,573991.08
POITEM-06362,PO-06362,PROD-00046,42,14697.47,617293.74
POITEM-06363,PO-06363,PROD-00077,14,13503.2,189044.8
POITEM-06364,PO-06364,PROD-00035,7,12510.33,87572.31
POITEM-06365,PO-06365,PROD-00036,19,14758.2,280405.8
POITEM-06366,PO-06366,PROD-00042,32,10320.27,330248.64
POITEM-06367,PO-06367,PROD-00087,13,1294.81,16832.53
POITEM-06368,PO-06368,PROD-00088,48,12280.89,589482.72
POITEM-06369,PO-06369,PROD-00097,2,14370.54,28741.08
POITEM-06370,PO-06370,PROD-00083,45,12510.03,562951.35
POITEM-06371,PO-06371,PROD-00029,11,9691.37,106605.07
POITEM-06372,PO-06372,PROD-00059,7,2408.99,16862.93
POITEM-06373,PO-06373,PROD-00055,16,11248.43,179974.88
POITEM-06374,PO-06374,PROD-00070,40,10934.96,437398.4
POITEM-06375,PO-06375,PROD-00097,33,14370.54,474227.82
POITEM-06376,PO-06376,PROD-00050,39,5554.01,216606.39
POITEM-06377,PO-06377,PROD-00061,50,3013.6,150680.0
POITEM-06378,PO-06378,PROD-00087,3,1294.81,3884.43
POITEM-06379,PO-06379,PROD-00054,4,1564.33,6257.32
POITEM-06380,PO-06380,PROD-00022,45,2807.73,126347.85
POITEM-06381,PO-06381,PROD-00044,2,9523.41,19046.82
POITEM-06382,PO-06382,PROD-00028,5,4002.58,20012.9
POITEM-06383,PO-06383,PROD-00026,18,9869.16,177644.88
POITEM-06384,PO-06384,PROD-00013,44,12973.14,570818.16
POITEM-06385,PO-06385,PROD-00082,19,8547.35,162399.65
POITEM-06386,PO-06386,PROD-00091,10,9178.83,91788.3
POITEM-06387,PO-06387,PROD-00061,43,3013.6,129584.8
POITEM-06388,PO-06388,PROD-00062,9,4595.23,41357.07
POITEM-06389,PO-06389,PROD-00075,8,6483.68,51869.44
POITEM-06390,PO-06390,PROD-00030,39,13937.05,543544.95
POITEM-06391,PO-06391,PROD-00098,8,8372.15,66977.2
POITEM-06392,PO-06392,PROD-00055,4,11248.43,44993.72
POITEM-06393,PO-06393,PROD-00097,8,14370.54,114964.32
POITEM-06394,PO-06394,PROD-00072,12,13495.08,161940.96
POITEM-06395,PO-06395,PROD-00065,20,4204.9,84098.0
POITEM-06396,PO-06396,PROD-00030,43,13937.05,599293.15
POITEM-06397,PO-06397,PROD-00024,50,14125.4,706270.0
POITEM-06398,PO-06398,PROD-00092,11,6231.25,68543.75
POITEM-06399,PO-06399,PROD-00020,29,7164.91,207782.39
POITEM-06400,PO-06400,PROD-00013,19,12973.14,246489.66
POITEM-06401,PO-06401,PROD-00058,30,13963.97,418919.1
POITEM-06402,PO-06402,PROD-00001,38,5330.61,202563.18
POITEM-06403,PO-06403,PROD-00012,21,6111.05,128332.05
POITEM-06404,PO-06404,PROD-00041,17,9082.33,154399.61
POITEM-06405,PO-06405,PROD-00001,2,5330.61,10661.22
POITEM-06406,PO-06406,PROD-00005,42,12928.55,542999.1
POITEM-06407,PO-06407,PROD-00085,34,6640.75,225785.5
POITEM-06408,PO-06408,PROD-00074,47,7810.81,367108.07
POITEM-06409,PO-06409,PROD-00001,2,5330.61,10661.22
POITEM-06410,PO-06410,PROD-00011,12,13897.35,166768.2
POITEM-06411,PO-06411,PROD-00025,2,8927.92,17855.84
POITEM-06412,PO-06412,PROD-00050,31,5554.01,172174.31
POITEM-06413,PO-06413,PROD-00093,30,10452.9,313587.0
POITEM-06414,PO-06414,PROD-00089,23,4673.53,107491.19
POITEM-06415,PO-06415,PROD-00049,29,13561.33,393278.57
POITEM-06416,PO-06416,PROD-00080,26,6321.18,164350.68
POITEM-06417,PO-06417,PROD-00086,40,7110.96,284438.4
POITEM-06418,PO-06418,PROD-00030,3,13937.05,41811.15
POITEM-06419,PO-06419,PROD-00086,24,7110.96,170663.04
POITEM-06420,PO-06420,PROD-00069,20,1648.33,32966.6
POITEM-06421,PO-06421,PROD-00044,43,9523.41,409506.63
POITEM-06422,PO-06422,PROD-00061,8,3013.6,24108.8
POITEM-06423,PO-06423,PROD-00049,30,13561.33,406839.9
POITEM-06424,PO-06424,PROD-00069,34,1648.33,56043.22
POITEM-06425,PO-06425,PROD-00086,47,7110.96,334215.12
POITEM-06426,PO-06426,PROD-00033,38,14000.56,532021.28
POITEM-06427,PO-06427,PROD-00027,23,3083.78,70926.94
POITEM-06428,PO-06428,PROD-00022,32,2807.73,89847.36
POITEM-06429,PO-06429,PROD-00035,17,12510.33,212675.61
POITEM-06430,PO-06430,PROD-00086,14,7110.96,99553.44
POITEM-06431,PO-06431,PROD-00071,30,9102.98,273089.4
POITEM-06432,PO-06432,PROD-00074,46,7810.81,359297.26
POITEM-06433,PO-06433,PROD-00094,29,3678.67,106681.43
POITEM-06434,PO-06434,PROD-00072,16,13495.08,215921.28
POITEM-06435,PO-06435,PROD-00051,21,1933.5,40603.5
POITEM-06436,PO-06436,PROD-00001,22,5330.61,117273.42
POITEM-06437,PO-06437,PROD-00013,31,12973.14,402167.34
POITEM-06438,PO-06438,PROD-00051,2,1933.5,3867.0
POITEM-06439,PO-06439,PROD-00056,23,2458.46,56544.58
POITEM-06440,PO-06440,PROD-00018,45,8698.22,391419.9
POITEM-06441,PO-06441,PROD-00036,11,14758.2,162340.2
POITEM-06442,PO-06442,PROD-00061,28,3013.6,84380.8
POITEM-06443,PO-06443,PROD-00061,10,3013.6,30136.0
POITEM-06444,PO-06444,PROD-00080,5,6321.18,31605.9
POITEM-06445,PO-06445,PROD-00046,22,14697.47,323344.34
POITEM-06446,PO-06446,PROD-00049,4,13561.33,54245.32
POITEM-06447,PO-06447,PROD-00069,37,1648.33,60988.21
POITEM-06448,PO-06448,PROD-00022,40,2807.73,112309.2
POITEM-06449,PO-06449,PROD-00043,3,7340.76,22022.28
POITEM-06450,PO-06450,PROD-00064,18,4940.72,88932.96
POITEM-06451,PO-06451,PROD-00030,7,13937.05,97559.35
POITEM-06452,PO-06452,PROD-00084,25,3172.49,79312.25
POITEM-06453,PO-06453,PROD-00050,7,5554.01,38878.07
POITEM-06454,PO-06454,PROD-00002,38,12960.96,492516.48
POITEM-06455,PO-06455,PROD-00066,6,14717.72,88306.32
POITEM-06456,PO-06456,PROD-00067,19,1752.24,33292.56
POITEM-06457,PO-06457,PROD-00076,30,4725.89,141776.7
POITEM-06458,PO-06458,PROD-00010,19,9790.87,186026.53
POITEM-06459,PO-06459,PROD-00020,42,7164.91,300926.22
POITEM-06460,PO-06460,PROD-00094,5,3678.67,18393.35
POITEM-06461,PO-06461,PROD-00001,15,5330.61,79959.15
POITEM-06462,PO-06462,PROD-00076,18,4725.89,85066.02
POITEM-06463,PO-06463,PROD-00064,18,4940.72,88932.96
POITEM-06464,PO-06464,PROD-00061,46,3013.6,138625.6
POITEM-06465,PO-06465,PROD-00023,9,12930.74,116376.66
POITEM-06466,PO-06466,PROD-00041,9,9082.33,81740.97
POITEM-06467,PO-06467,PROD-00095,20,12910.1,258202.0
POITEM-06468,PO-06468,PROD-00011,49,13897.35,680970.15
POITEM-06469,PO-06469,PROD-00026,49,9869.16,483588.84
POITEM-06470,PO-06470,PROD-00060,27,13085.7,353313.9
POITEM-06471,PO-06471,PROD-00028,16,4002.58,64041.28
POITEM-06472,PO-06472,PROD-00064,1,4940.72,4940.72
POITEM-06473,PO-06473,PROD-00045,21,78.1,1640.1
POITEM-06474,PO-06474,PROD-00022,49,2807.73,137578.77
POITEM-06475,PO-06475,PROD-00083,46,12510.03,575461.38
POITEM-06476,PO-06476,PROD-00068,9,8719.33,78473.97
POITEM-06477,PO-06477,PROD-00086,36,7110.96,255994.56
POITEM-06478,PO-06478,PROD-00028,32,4002.58,128082.56
POITEM-06479,PO-06479,PROD-00041,28,9082.33,254305.24
POITEM-06480,PO-06480,PROD-00086,47,7110.96,334215.12
POITEM-06481,PO-06481,PROD-00052,23,13487.25,310206.75
POITEM-06482,PO-06482,PROD-00065,34,4204.9,142966.6
POITEM-06483,PO-06483,PROD-00030,4,13937.05,55748.2
POITEM-06484,PO-06484,PROD-00075,45,6483.68,291765.6
POITEM-06485,PO-06485,PROD-00028,3,4002.58,12007.74
POITEM-06486,PO-06486,PROD-00023,14,12930.74,181030.36
POITEM-06487,PO-06487,PROD-00068,38,8719.33,331334.54
POITEM-06488,PO-06488,PROD-00009,21,12125.13,254627.73
POITEM-06489,PO-06489,PROD-00019,47,4721.23,221897.81
POITEM-06490,PO-06490,PROD-00005,44,12928.55,568856.2
POITEM-06491,PO-06491,PROD-00078,27,6140.68,165798.36
POITEM-06492,PO-06492,PROD-00078,47,6140.68,288611.96
POITEM-06493,PO-06493,PROD-00019,10,4721.23,47212.3
POITEM-06494,PO-06494,PROD-00055,17,11248.43,191223.31
POITEM-06495,PO-06495,PROD-00024,7,14125.4,98877.8
POITEM-06496,PO-06496,PROD-00074,40,7810.81,312432.4
POITEM-06497,PO-06497,PROD-00096,6,6391.56,38349.36
POITEM-06498,PO-06498,PROD-00036,26,14758.2,383713.2
POITEM-06499,PO-06499,PROD-00073,28,689.69,19311.32
POITEM-06500,PO-06500,PROD-00070,37,10934.96,404593.52
POITEM-06501,PO-06501,PROD-00073,9,689.69,6207.21
POITEM-06502,PO-06502,PROD-00006,6,2873.38,17240.28
POITEM-06503,PO-06503,PROD-00062,28,4595.23,128666.44
POITEM-06504,PO-06504,PROD-00073,24,689.69,16552.56
POITEM-06505,PO-06505,PROD-00073,48,689.69,33105.12
POITEM-06506,PO-06506,PROD-00045,23,78.1,1796.3
POITEM-06507,PO-06507,PROD-00070,44,10934.96,481138.24
POITEM-06508,PO-06508,PROD-00097,28,14370.54,402375.12
POITEM-06509,PO-06509,PROD-00091,12,9178.83,110145.96
POITEM-06510,PO-06510,PROD-00010,31,9790.87,303516.97
POITEM-06511,PO-06511,PROD-00079,7,4452.44,31167.08
POITEM-06512,PO-06512,PROD-00094,16,3678.67,58858.72
POITEM-06513,PO-06513,PROD-00042,7,10320.27,72241.89
POITEM-06514,PO-06514,PROD-00058,42,13963.97,586486.74
POITEM-06515,PO-06515,PROD-00062,39,4595.23,179213.97
POITEM-06516,PO-06516,PROD-00024,29,14125.4,409636.6
POITEM-06517,PO-06517,PROD-00048,11,169.8,1867.8
POITEM-06518,PO-06518,PROD-00003,44,9810.5,431662.0
POITEM-06519,PO-06519,PROD-00054,17,1564.33,26593.61
POITEM-06520,PO-06520,PROD-00050,44,5554.01,244376.44
POITEM-06521,PO-06521,PROD-00056,12,2458.46,29501.52
POITEM-06522,PO-06522,PROD-00059,27,2408.99,65042.73
POITEM-06523,PO-06523,PROD-00057,30,396.18,11885.4
POITEM-06524,PO-06524,PROD-00037,18,12261.13,220700.34
POITEM-06525,PO-06525,PROD-00013,9,12973.14,116758.26
POITEM-06526,PO-06526,PROD-00028,5,4002.58,20012.9
POITEM-06527,PO-06527,PROD-00084,44,3172.49,139589.56
POITEM-06528,PO-06528,PROD-00054,18,1564.33,28157.94
POITEM-06529,PO-06529,PROD-00006,42,2873.38,120681.96
POITEM-06530,PO-06530,PROD-00077,36,13503.2,486115.2
POITEM-06531,PO-06531,PROD-00029,10,9691.37,96913.7
POITEM-06532,PO-06532,PROD-00070,17,10934.96,185894.32
POITEM-06533,PO-06533,PROD-00100,47,7978.7,374998.9
POITEM-06534,PO-06534,PROD-00087,25,1294.81,32370.25
POITEM-06535,PO-06535,PROD-00006,4,2873.38,11493.52
POITEM-06536,PO-06536,PROD-00053,23,3170.9,72930.7
POITEM-06537,PO-06537,PROD-00039,11,1753.54,19288.94
POITEM-06538,PO-06538,PROD-00095,28,12910.1,361482.8
POITEM-06539,PO-06539,PROD-00038,43,1576.21,67777.03
POITEM-06540,PO-06540,PROD-00032,33,8076.08,266510.64
POITEM-06541,PO-06541,PROD-00051,27,1933.5,52204.5
POITEM-06542,PO-06542,PROD-00090,8,390.77,3126.16
POITEM-06543,PO-06543,PROD-00077,13,13503.2,175541.6
POITEM-06544,PO-06544,PROD-00042,33,10320.27,340568.91
POITEM-06545,PO-06545,PROD-00004,37,6054.25,224007.25
POITEM-06546,PO-06546,PROD-00055,8,11248.43,89987.44
POITEM-06547,PO-06547,PROD-00082,8,8547.35,68378.8
POITEM-06548,PO-06548,PROD-00089,26,4673.53,121511.78
POITEM-06549,PO-06549,PROD-00098,17,8372.15,142326.55
POITEM-06550,PO-06550,PROD-00070,2,10934.96,21869.92
POITEM-06551,PO-06551,PROD-00067,29,1752.24,50814.96
POITEM-06552,PO-06552,PROD-00032,42,8076.08,339195.36
POITEM-06553,PO-06553,PROD-00042,19,10320.27,196085.13
POITEM-06554,PO-06554,PROD-00073,3,689.69,2069.07
POITEM-06555,PO-06555,PROD-00039,9,1753.54,15781.86
POITEM-06556,PO-06556,PROD-00003,12,9810.5,117726.0
POITEM-06557,PO-06557,PROD-00082,44,8547.35,376083.4
POITEM-06558,PO-06558,PROD-00082,24,8547.35,205136.4
POITEM-06559,PO-06559,PROD-00086,17,7110.96,120886.32
POITEM-06560,PO-06560,PROD-00012,19,6111.05,116109.95
POITEM-06561,PO-06561,PROD-00038,36,1576.21,56743.56
POITEM-06562,PO-06562,PROD-00003,46,9810.5,451283.0
POITEM-06563,PO-06563,PROD-00033,3,14000.56,42001.68
POITEM-06564,PO-06564,PROD-00056,38,2458.46,93421.48
POITEM-06565,PO-06565,PROD-00004,31,6054.25,187681.75
POITEM-06566,PO-06566,PROD-00035,3,12510.33,37530.99
POITEM-06567,PO-06567,PROD-00087,35,1294.81,45318.35
POITEM-06568,PO-06568,PROD-00012,5,6111.05,30555.25
POITEM-06569,PO-06569,PROD-00066,43,14717.72,632861.96
POITEM-06570,PO-06570,PROD-00049,36,13561.33,488207.88
POITEM-06571,PO-06571,PROD-00066,43,14717.72,632861.96
POITEM-06572,PO-06572,PROD-00057,43,396.18,17035.74
POITEM-06573,PO-06573,PROD-00096,12,6391.56,76698.72
POITEM-06574,PO-06574,PROD-00079,43,4452.44,191454.92
POITEM-06575,PO-06575,PROD-00082,23,8547.35,196589.05
POITEM-06576,PO-06576,PROD-00005,2,12928.55,25857.1
POITEM-06577,PO-06577,PROD-00012,40,6111.05,244442.0
POITEM-06578,PO-06578,PROD-00019,34,4721.23,160521.82
POITEM-06579,PO-06579,PROD-00057,12,396.18,4754.16
POITEM-06580,PO-06580,PROD-00093,16,10452.9,167246.4
POITEM-06581,PO-06581,PROD-00019,5,4721.23,23606.15
POITEM-06582,PO-06582,PROD-00060,20,13085.7,261714.0
POITEM-06583,PO-06583,PROD-00060,47,13085.7,615027.9
POITEM-06584,PO-06584,PROD-00092,42,6231.25,261712.5
POITEM-06585,PO-06585,PROD-00086,41,7110.96,291549.36
POITEM-06586,PO-06586,PROD-00062,45,4595.23,206785.35
POITEM-06587,PO-06587,PROD-00041,4,9082.33,36329.32
POITEM-06588,PO-06588,PROD-00010,23,9790.87,225190.01
POITEM-06589,PO-06589,PROD-00003,4,9810.5,39242.0
POITEM-06590,PO-06590,PROD-00032,23,8076.08,185749.84
POITEM-06591,PO-06591,PROD-00022,8,2807.73,22461.84
POITEM-06592,PO-06592,PROD-00058,20,13963.97,279279.4
POITEM-06593,PO-06593,PROD-00083,26,12510.03,325260.78
POITEM-06594,PO-06594,PROD-00059,20,2408.99,48179.8
POITEM-06595,PO-06595,PROD-00002,13,12960.96,168492.48
POITEM-06596,PO-06596,PROD-00014,35,5700.12,199504.2
POITEM-06597,PO-06597,PROD-00045,21,78.1,1640.1
POITEM-06598,PO-06598,PROD-00036,4,14758.2,59032.8
POITEM-06599,PO-06599,PROD-00048,42,169.8,7131.6
POITEM-06600,PO-06600,PROD-00052,11,13487.25,148359.75
POITEM-06601,PO-06601,PROD-00033,4,14000.56,56002.24
POITEM-06602,PO-06602,PROD-00094,15,3678.67,55180.05
POITEM-06603,PO-06603,PROD-00099,27,2021.75,54587.25
POITEM-06604,PO-06604,PROD-00013,11,12973.14,142704.54
POITEM-06605,PO-06605,PROD-00020,38,7164.91,272266.58
POITEM-06606,PO-06606,PROD-00064,25,4940.72,123518.0
POITEM-06607,PO-06607,PROD-00029,41,9691.37,397346.17
POITEM-06608,PO-06608,PROD-00018,49,8698.22,426212.78
POITEM-06609,PO-06609,PROD-00089,33,4673.53,154226.49
POITEM-06610,PO-06610,PROD-00100,28,7978.7,223403.6
POITEM-06611,PO-06611,PROD-00017,9,2868.72,25818.48
POITEM-06612,PO-06612,PROD-00006,3,2873.38,8620.14
POITEM-06613,PO-06613,PROD-00048,16,169.8,2716.8
POITEM-06614,PO-06614,PROD-00075,28,6483.68,181543.04
POITEM-06615,PO-06615,PROD-00002,39,12960.96,505477.44
POITEM-06616,PO-06616,PROD-00076,24,4725.89,113421.36
POITEM-06617,PO-06617,PROD-00050,39,5554.01,216606.39
POITEM-06618,PO-06618,PROD-00043,33,7340.76,242245.08
POITEM-06619,PO-06619,PROD-00083,18,12510.03,225180.54
POITEM-06620,PO-06620,PROD-00068,46,8719.33,401089.18
POITEM-06621,PO-06621,PROD-00045,30,78.1,2343.0
POITEM-06622,PO-06622,PROD-00006,43,2873.38,123555.34
POITEM-06623,PO-06623,PROD-00008,14,3765.85,52721.9
POITEM-06624,PO-06624,PROD-00059,25,2408.99,60224.75
POITEM-06625,PO-06625,PROD-00074,30,7810.81,234324.3
POITEM-06626,PO-06626,PROD-00075,43,6483.68,278798.24
POITEM-06627,PO-06627,PROD-00089,2,4673.53,9347.06
POITEM-06628,PO-06628,PROD-00058,46,13963.97,642342.62
POITEM-06629,PO-06629,PROD-00027,38,3083.78,117183.64
POITEM-06630,PO-06630,PROD-00006,46,2873.38,132175.48
POITEM-06631,PO-06631,PROD-00053,13,3170.9,41221.7
POITEM-06632,PO-06632,PROD-00059,16,2408.99,38543.84
POITEM-06633,PO-06633,PROD-00002,6,12960.96,77765.76
POITEM-06634,PO-06634,PROD-00034,21,5558.67,116732.07
POITEM-06635,PO-06635,PROD-00035,18,12510.33,225185.94
POITEM-06636,PO-06636,PROD-00056,32,2458.46,78670.72
POITEM-06637,PO-06637,PROD-00060,3,13085.7,39257.1
POITEM-06638,PO-06638,PROD-00021,33,14412.66,475617.78
POITEM-06639,PO-06639,PROD-00036,46,14758.2,678877.2
POITEM-06640,PO-06640,PROD-00055,27,11248.43,303707.61
POITEM-06641,PO-06641,PROD-00054,43,1564.33,67266.19
POITEM-06642,PO-06642,PROD-00067,9,1752.24,15770.16
POITEM-06643,PO-06643,PROD-00057,41,396.18,16243.38
POITEM-06644,PO-06644,PROD-00086,15,7110.96,106664.4
POITEM-06645,PO-06645,PROD-00052,46,13487.25,620413.5
POITEM-06646,PO-06646,PROD-00099,8,2021.75,16174.0
POITEM-06647,PO-06647,PROD-00010,40,9790.87,391634.8
POITEM-06648,PO-06648,PROD-00093,6,10452.9,62717.4
POITEM-06649,PO-06649,PROD-00075,33,6483.68,213961.44
POITEM-06650,PO-06650,PROD-00045,28,78.1,2186.8
POITEM-06651,PO-06651,PROD-00076,8,4725.89,37807.12
POITEM-06652,PO-06652,PROD-00002,17,12960.96,220336.32
POITEM-06653,PO-06653,PROD-00083,9,12510.03,112590.27
POITEM-06654,PO-06654,PROD-00009,23,12125.13,278877.99
POITEM-06655,PO-06655,PROD-00038,43,1576.21,67777.03
POITEM-06656,PO-06656,PROD-00026,44,9869.16,434243.04
POITEM-06657,PO-06657,PROD-00095,17,12910.1,219471.7
POITEM-06658,PO-06658,PROD-00004,45,6054.25,272441.25
POITEM-06659,PO-06659,PROD-00017,21,2868.72,60243.12
POITEM-06660,PO-06660,PROD-00039,25,1753.54,43838.5
POITEM-06661,PO-06661,PROD-00041,6,9082.33,54493.98
POITEM-06662,PO-06662,PROD-00033,50,14000.56,700028.0
POITEM-06663,PO-06663,PROD-00034,32,5558.67,177877.44
POITEM-06664,PO-06664,PROD-00010,11,9790.87,107699.57
POITEM-06665,PO-06665,PROD-00061,14,3013.6,42190.4
POITEM-06666,PO-06666,PROD-00088,30,12280.89,368426.7
POITEM-06667,PO-06667,PROD-00011,14,13897.35,194562.9
POITEM-06668,PO-06668,PROD-00084,39,3172.49,123727.11
POITEM-06669,PO-06669,PROD-00024,1,14125.4,14125.4
POITEM-06670,PO-06670,PROD-00027,27,3083.78,83262.06
POITEM-06671,PO-06671,PROD-00033,47,14000.56,658026.32
POITEM-06672,PO-06672,PROD-00071,6,9102.98,54617.88
POITEM-06673,PO-06673,PROD-00018,36,8698.22,313135.92
POITEM-06674,PO-06674,PROD-00018,38,8698.22,330532.36
POITEM-06675,PO-06675,PROD-00076,37,4725.89,174857.93
POITEM-06676,PO-06676,PROD-00086,44,7110.96,312882.24
POITEM-06677,PO-06677,PROD-00093,50,10452.9,522645.0
POITEM-06678,PO-06678,PROD-00057,15,396.18,5942.7
POITEM-06679,PO-06679,PROD-00054,43,1564.33,67266.19
POITEM-06680,PO-06680,PROD-00074,37,7810.81,288999.97
POITEM-06681,PO-06681,PROD-00083,40,12510.03,500401.2
POITEM-06682,PO-06682,PROD-00047,33,6641.49,219169.17
POITEM-06683,PO-06683,PROD-00009,24,12125.13,291003.12
POITEM-06684,PO-06684,PROD-00031,23,6887.83,158420.09
POITEM-06685,PO-06685,PROD-00012,37,6111.05,226108.85
POITEM-06686,PO-06686,PROD-00005,4,12928.55,51714.2
POITEM-06687,PO-06687,PROD-00012,8,6111.05,48888.4
POITEM-06688,PO-06688,PROD-00049,24,13561.33,325471.92
POITEM-06689,PO-06689,PROD-00065,23,4204.9,96712.7
POITEM-06690,PO-06690,PROD-00025,18,8927.92,160702.56
POITEM-06691,PO-06691,PROD-00055,5,11248.43,56242.15
POITEM-06692,PO-06692,PROD-00078,35,6140.68,214923.8
POITEM-06693,PO-06693,PROD-00090,9,390.77,3516.93
POITEM-06694,PO-06694,PROD-00031,10,6887.83,68878.3
POITEM-06695,PO-06695,PROD-00094,19,3678.67,69894.73
POITEM-06696,PO-06696,PROD-00059,19,2408.99,45770.81
POITEM-06697,PO-06697,PROD-00026,5,9869.16,49345.8
POITEM-06698,PO-06698,PROD-00073,25,689.69,17242.25
POITEM-06699,PO-06699,PROD-00091,28,9178.83,257007.24
POITEM-06700,PO-06700,PROD-00070,5,10934.96,54674.8
POITEM-06701,PO-06701,PROD-00063,11,379.37,4173.07
POITEM-06702,PO-06702,PROD-00091,17,9178.83,156040.11
POITEM-06703,PO-06703,PROD-00006,25,2873.38,71834.5
POITEM-06704,PO-06704,PROD-00030,13,13937.05,181181.65
POITEM-06705,PO-06705,PROD-00089,23,4673.53,107491.19
POITEM-06706,PO-06706,PROD-00056,7,2458.46,17209.22
POITEM-06707,PO-06707,PROD-00059,2,2408.99,4817.98
POITEM-06708,PO-06708,PROD-00083,34,12510.03,425341.02
POITEM-06709,PO-06709,PROD-00029,48,9691.37,465185.76
POITEM-06710,PO-06710,PROD-00086,17,7110.96,120886.32
POITEM-06711,PO-06711,PROD-00002,31,12960.96,401789.76
POITEM-06712,PO-06712,PROD-00037,50,12261.13,613056.5
POITEM-06713,PO-06713,PROD-00096,26,6391.56,166180.56
POITEM-06714,PO-06714,PROD-00019,34,4721.23,160521.82
POITEM-06715,PO-06715,PROD-00099,7,2021.75,14152.25
POITEM-06716,PO-06716,PROD-00061,17,3013.6,51231.2
POITEM-06717,PO-06717,PROD-00099,31,2021.75,62674.25
POITEM-06718,PO-06718,PROD-00015,2,13899.61,27799.22
POITEM-06719,PO-06719,PROD-00005,50,12928.55,646427.5
POITEM-06720,PO-06720,PROD-00039,3,1753.54,5260.62
POITEM-06721,PO-06721,PROD-00046,5,14697.47,73487.35
POITEM-06722,PO-06722,PROD-00033,37,14000.56,518020.72
POITEM-06723,PO-06723,PROD-00015,21,13899.61,291891.81
POITEM-06724,PO-06724,PROD-00067,50,1752.24,87612.0
POITEM-06725,PO-06725,PROD-00076,3,4725.89,14177.67
POITEM-06726,PO-06726,PROD-00024,27,14125.4,381385.8
POITEM-06727,PO-06727,PROD-00100,31,7978.7,247339.7
POITEM-06728,PO-06728,PROD-00096,11,6391.56,70307.16
POITEM-06729,PO-06729,PROD-00008,39,3765.85,146868.15
POITEM-06730,PO-06730,PROD-00020,30,7164.91,214947.3
POITEM-06731,PO-06731,PROD-00084,35,3172.49,111037.15
POITEM-06732,PO-06732,PROD-00058,3,13963.97,41891.91
POITEM-06733,PO-06733,PROD-00087,47,1294.81,60856.07
POITEM-06734,PO-06734,PROD-00050,48,5554.01,266592.48
POITEM-06735,PO-06735,PROD-00004,47,6054.25,284549.75
POITEM-06736,PO-06736,PROD-00086,5,7110.96,35554.8
POITEM-06737,PO-06737,PROD-00084,15,3172.49,47587.35
POITEM-06738,PO-06738,PROD-00028,50,4002.58,200129.0
POITEM-06739,PO-06739,PROD-00045,10,78.1,781.0
POITEM-06740,PO-06740,PROD-00041,25,9082.33,227058.25
POITEM-06741,PO-06741,PROD-00068,6,8719.33,52315.98
POITEM-06742,PO-06742,PROD-00059,30,2408.99,72269.7
POITEM-06743,PO-06743,PROD-00060,50,13085.7,654285.0
POITEM-06744,PO-06744,PROD-00008,30,3765.85,112975.5
POITEM-06745,PO-06745,PROD-00063,10,379.37,3793.7
POITEM-06746,PO-06746,PROD-00075,1,6483.68,6483.68
POITEM-06747,PO-06747,PROD-00002,11,12960.96,142570.56
POITEM-06748,PO-06748,PROD-00049,3,13561.33,40683.99
POITEM-06749,PO-06749,PROD-00091,27,9178.83,247828.41
POITEM-06750,PO-06750,PROD-00019,11,4721.23,51933.53
POITEM-06751,PO-06751,PROD-00056,17,2458.46,41793.82
POITEM-06752,PO-06752,PROD-00065,17,4204.9,71483.3
POITEM-06753,PO-06753,PROD-00061,30,3013.6,90408.0
POITEM-06754,PO-06754,PROD-00036,17,14758.2,250889.4
POITEM-06755,PO-06755,PROD-00030,50,13937.05,696852.5
POITEM-06756,PO-06756,PROD-00052,41,13487.25,552977.25
POITEM-06757,PO-06757,PROD-00030,22,13937.05,306615.1
POITEM-06758,PO-06758,PROD-00100,42,7978.7,335105.4
POITEM-06759,PO-06759,PROD-00055,23,11248.43,258713.89
POITEM-06760,PO-06760,PROD-00010,20,9790.87,195817.4
POITEM-06761,PO-06761,PROD-00049,11,13561.33,149174.63
POITEM-06762,PO-06762,PROD-00017,10,2868.72,28687.2
POITEM-06763,PO-06763,PROD-00052,30,13487.25,404617.5
POITEM-06764,PO-06764,PROD-00015,20,13899.61,277992.2
POITEM-06765,PO-06765,PROD-00076,10,4725.89,47258.9
POITEM-06766,PO-06766,PROD-00095,8,12910.1,103280.8
POITEM-06767,PO-06767,PROD-00079,13,4452.44,57881.72
POITEM-06768,PO-06768,PROD-00008,49,3765.85,184526.65
POITEM-06769,PO-06769,PROD-00027,36,3083.78,111016.08
POITEM-06770,PO-06770,PROD-00086,15,7110.96,106664.4
POITEM-06771,PO-06771,PROD-00075,25,6483.68,162092.0
POITEM-06772,PO-06772,PROD-00030,1,13937.05,13937.05
POITEM-06773,PO-06773,PROD-00093,27,10452.9,282228.3
POITEM-06774,PO-06774,PROD-00012,30,6111.05,183331.5
POITEM-06775,PO-06775,PROD-00052,47,13487.25,633900.75
POITEM-06776,PO-06776,PROD-00047,25,6641.49,166037.25
POITEM-06777,PO-06777,PROD-00053,48,3170.9,152203.2
POITEM-06778,PO-06778,PROD-00059,39,2408.99,93950.61
POITEM-06779,PO-06779,PROD-00037,17,12261.13,208439.21
POITEM-06780,PO-06780,PROD-00050,31,5554.01,172174.31
POITEM-06781,PO-06781,PROD-00082,38,8547.35,324799.3
POITEM-06782,PO-06782,PROD-00046,47,14697.47,690781.09
POITEM-06783,PO-06783,PROD-00074,41,7810.81,320243.21
POITEM-06784,PO-06784,PROD-00099,18,2021.75,36391.5
POITEM-06785,PO-06785,PROD-00049,9,13561.33,122051.97
POITEM-06786,PO-06786,PROD-00011,47,13897.35,653175.45
POITEM-06787,PO-06787,PROD-00069,39,1648.33,64284.87
POITEM-06788,PO-06788,PROD-00058,48,13963.97,670270.56
POITEM-06789,PO-06789,PROD-00006,32,2873.38,91948.16
POITEM-06790,PO-06790,PROD-00028,8,4002.58,32020.64
POITEM-06791,PO-06791,PROD-00022,37,2807.73,103886.01
POITEM-06792,PO-06792,PROD-00098,20,8372.15,167443.0
POITEM-06793,PO-06793,PROD-00077,21,13503.2,283567.2
POITEM-06794,PO-06794,PROD-00052,4,13487.25,53949.0
POITEM-06795,PO-06795,PROD-00043,31,7340.76,227563.56
POITEM-06796,PO-06796,PROD-00002,6,12960.96,77765.76
POITEM-06797,PO-06797,PROD-00038,47,1576.21,74081.87
POITEM-06798,PO-06798,PROD-00084,21,3172.49,66622.29
POITEM-06799,PO-06799,PROD-00060,3,13085.7,39257.1
POITEM-06800,PO-06800,PROD-00010,48,9790.87,469961.76
POITEM-06801,PO-06801,PROD-00025,37,8927.92,330333.04
POITEM-06802,PO-06802,PROD-00093,35,10452.9,365851.5
POITEM-06803,PO-06803,PROD-00078,26,6140.68,159657.68
POITEM-06804,PO-06804,PROD-00091,24,9178.83,220291.92
POITEM-06805,PO-06805,PROD-00046,23,14697.47,338041.81
POITEM-06806,PO-06806,PROD-00077,29,13503.2,391592.8
POITEM-06807,PO-06807,PROD-00063,2,379.37,758.74
POITEM-06808,PO-06808,PROD-00073,19,689.69,13104.11
POITEM-06809,PO-06809,PROD-00013,14,12973.14,181623.96
POITEM-06810,PO-06810,PROD-00018,28,8698.22,243550.16
POITEM-06811,PO-06811,PROD-00030,25,13937.05,348426.25
POITEM-06812,PO-06812,PROD-00037,30,12261.13,367833.9
POITEM-06813,PO-06813,PROD-00087,44,1294.81,56971.64
POITEM-06814,PO-06814,PROD-00013,40,12973.14,518925.6
POITEM-06815,PO-06815,PROD-00074,18,7810.81,140594.58
POITEM-06816,PO-06816,PROD-00093,13,10452.9,135887.7
POITEM-06817,PO-06817,PROD-00084,1,3172.49,3172.49
POITEM-06818,PO-06818,PROD-00028,7,4002.58,28018.06
POITEM-06819,PO-06819,PROD-00074,44,7810.81,343675.64
POITEM-06820,PO-06820,PROD-00098,37,8372.15,309769.55
POITEM-06821,PO-06821,PROD-00012,22,6111.05,134443.1
POITEM-06822,PO-06822,PROD-00095,1,12910.1,12910.1
POITEM-06823,PO-06823,PROD-00025,9,8927.92,80351.28
POITEM-06824,PO-06824,PROD-00019,34,4721.23,160521.82
POITEM-06825,PO-06825,PROD-00005,48,12928.55,620570.4
POITEM-06826,PO-06826,PROD-00032,19,8076.08,153445.52
POITEM-06827,PO-06827,PROD-00015,44,13899.61,611582.84
POITEM-06828,PO-06828,PROD-00077,43,13503.2,580637.6
POITEM-06829,PO-06829,PROD-00061,50,3013.6,150680.0
POITEM-06830,PO-06830,PROD-00023,7,12930.74,90515.18
POITEM-06831,PO-06831,PROD-00067,6,1752.24,10513.44
POITEM-06832,PO-06832,PROD-00036,13,14758.2,191856.6
POITEM-06833,PO-06833,PROD-00002,41,12960.96,531399.36
POITEM-06834,PO-06834,PROD-00062,28,4595.23,128666.44
POITEM-06835,PO-06835,PROD-00068,14,8719.33,122070.62
POITEM-06836,PO-06836,PROD-00070,32,10934.96,349918.72
POITEM-06837,PO-06837,PROD-00055,5,11248.43,56242.15
POITEM-06838,PO-06838,PROD-00076,21,4725.89,99243.69
POITEM-06839,PO-06839,PROD-00009,31,12125.13,375879.03
POITEM-06840,PO-06840,PROD-00065,16,4204.9,67278.4
POITEM-06841,PO-06841,PROD-00061,9,3013.6,27122.4
POITEM-06842,PO-06842,PROD-00088,50,12280.89,614044.5
POITEM-06843,PO-06843,PROD-00014,15,5700.12,85501.8
POITEM-06844,PO-06844,PROD-00012,7,6111.05,42777.35
POITEM-06845,PO-06845,PROD-00099,34,2021.75,68739.5
POITEM-06846,PO-06846,PROD-00027,16,3083.78,49340.48
POITEM-06847,PO-06847,PROD-00054,47,1564.33,73523.51
POITEM-06848,PO-06848,PROD-00009,19,12125.13,230377.47
POITEM-06849,PO-06849,PROD-00027,32,3083.78,98680.96
POITEM-06850,PO-06850,PROD-00040,41,8309.52,340690.32
POITEM-06851,PO-06851,PROD-00016,19,6359.54,120831.26
POITEM-06852,PO-06852,PROD-00023,40,12930.74,517229.6
POITEM-06853,PO-06853,PROD-00086,46,7110.96,327104.16
POITEM-06854,PO-06854,PROD-00020,50,7164.91,358245.5
POITEM-06855,PO-06855,PROD-00037,28,12261.13,343311.64
POITEM-06856,PO-06856,PROD-00098,22,8372.15,184187.3
POITEM-06857,PO-06857,PROD-00093,18,10452.9,188152.2
POITEM-06858,PO-06858,PROD-00026,14,9869.16,138168.24
POITEM-06859,PO-06859,PROD-00029,41,9691.37,397346.17
POITEM-06860,PO-06860,PROD-00057,37,396.18,14658.66
POITEM-06861,PO-06861,PROD-00092,35,6231.25,218093.75
POITEM-06862,PO-06862,PROD-00047,25,6641.49,166037.25
POITEM-06863,PO-06863,PROD-00025,47,8927.92,419612.24
POITEM-06864,PO-06864,PROD-00079,13,4452.44,57881.72
POITEM-06865,PO-06865,PROD-00040,24,8309.52,199428.48
POITEM-06866,PO-06866,PROD-00078,3,6140.68,18422.04
POITEM-06867,PO-06867,PROD-00055,14,11248.43,157478.02
POITEM-06868,PO-06868,PROD-00077,5,13503.2,67516.0
POITEM-06869,PO-06869,PROD-00090,33,390.77,12895.41
POITEM-06870,PO-06870,PROD-00014,39,5700.12,222304.68
POITEM-06871,PO-06871,PROD-00040,7,8309.52,58166.64
POITEM-06872,PO-06872,PROD-00083,6,12510.03,75060.18
POITEM-06873,PO-06873,PROD-00005,16,12928.55,206856.8
POITEM-06874,PO-06874,PROD-00020,38,7164.91,272266.58
POITEM-06875,PO-06875,PROD-00012,26,6111.05,158887.3
POITEM-06876,PO-06876,PROD-00069,45,1648.33,74174.85
POITEM-06877,PO-06877,PROD-00003,33,9810.5,323746.5
POITEM-06878,PO-06878,PROD-00086,37,7110.96,263105.52
POITEM-06879,PO-06879,PROD-00061,1,3013.6,3013.6
POITEM-06880,PO-06880,PROD-00036,37,14758.2,546053.4
POITEM-06881,PO-06881,PROD-00097,19,14370.54,273040.26
POITEM-06882,PO-06882,PROD-00077,41,13503.2,553631.2
POITEM-06883,PO-06883,PROD-00009,48,12125.13,582006.24
POITEM-06884,PO-06884,PROD-00059,32,2408.99,77087.68
POITEM-06885,PO-06885,PROD-00021,11,14412.66,158539.26
POITEM-06886,PO-06886,PROD-00006,31,2873.38,89074.78
POITEM-06887,PO-06887,PROD-00026,45,9869.16,444112.2
POITEM-06888,PO-06888,PROD-00077,27,13503.2,364586.4
POITEM-06889,PO-06889,PROD-00096,23,6391.56,147005.88
POITEM-06890,PO-06890,PROD-00021,26,14412.66,374729.16
POITEM-06891,PO-06891,PROD-00046,24,14697.47,352739.28
POITEM-06892,PO-06892,PROD-00094,43,3678.67,158182.81
POITEM-06893,PO-06893,PROD-00076,1,4725.89,4725.89
POITEM-06894,PO-06894,PROD-00064,10,4940.72,49407.2
POITEM-06895,PO-06895,PROD-00033,39,14000.56,546021.84
POITEM-06896,PO-06896,PROD-00078,49,6140.68,300893.32
POITEM-06897,PO-06897,PROD-00046,29,14697.47,426226.63
POITEM-06898,PO-06898,PROD-00085,10,6640.75,66407.5
POITEM-06899,PO-06899,PROD-00048,35,169.8,5943.0
POITEM-06900,PO-06900,PROD-00030,32,13937.05,445985.6
POITEM-06901,PO-06901,PROD-00096,24,6391.56,153397.44
POITEM-06902,PO-06902,PROD-00041,43,9082.33,390540.19
POITEM-06903,PO-06903,PROD-00085,23,6640.75,152737.25
POITEM-06904,PO-06904,PROD-00016,28,6359.54,178067.12
POITEM-06905,PO-06905,PROD-00093,29,10452.9,303134.1
POITEM-06906,PO-06906,PROD-00072,5,13495.08,67475.4
POITEM-06907,PO-06907,PROD-00036,33,14758.2,487020.6
POITEM-06908,PO-06908,PROD-00009,18,12125.13,218252.34
POITEM-06909,PO-06909,PROD-00035,46,12510.33,575475.18
POITEM-06910,PO-06910,PROD-00080,23,6321.18,145387.14
POITEM-06911,PO-06911,PROD-00078,6,6140.68,36844.08
POITEM-06912,PO-06912,PROD-00068,17,8719.33,148228.61
POITEM-06913,PO-06913,PROD-00041,43,9082.33,390540.19
POITEM-06914,PO-06914,PROD-00045,46,78.1,3592.6
POITEM-06915,PO-06915,PROD-00023,38,12930.74,491368.12
POITEM-06916,PO-06916,PROD-00041,42,9082.33,381457.86
POITEM-06917,PO-06917,PROD-00027,2,3083.78,6167.56
POITEM-06918,PO-06918,PROD-00002,15,12960.96,194414.4
POITEM-06919,PO-06919,PROD-00081,7,11228.32,78598.24
POITEM-06920,PO-06920,PROD-00043,30,7340.76,220222.8
POITEM-06921,PO-06921,PROD-00076,44,4725.89,207939.16
POITEM-06922,PO-06922,PROD-00066,1,14717.72,14717.72
POITEM-06923,PO-06923,PROD-00042,49,10320.27,505693.23
POITEM-06924,PO-06924,PROD-00015,7,13899.61,97297.27
POITEM-06925,PO-06925,PROD-00023,28,12930.74,362060.72
POITEM-06926,PO-06926,PROD-00038,2,1576.21,3152.42
POITEM-06927,PO-06927,PROD-00095,38,12910.1,490583.8
POITEM-06928,PO-06928,PROD-00045,22,78.1,1718.2
POITEM-06929,PO-06929,PROD-00091,20,9178.83,183576.6
POITEM-06930,PO-06930,PROD-00021,6,14412.66,86475.96
POITEM-06931,PO-06931,PROD-00056,36,2458.46,88504.56
POITEM-06932,PO-06932,PROD-00090,23,390.77,8987.71
POITEM-06933,PO-06933,PROD-00033,27,14000.56,378015.12
POITEM-06934,PO-06934,PROD-00074,33,7810.81,257756.73
POITEM-06935,PO-06935,PROD-00093,39,10452.9,407663.1
POITEM-06936,PO-06936,PROD-00054,34,1564.33,53187.22
POITEM-06937,PO-06937,PROD-00028,12,4002.58,48030.96
POITEM-06938,PO-06938,PROD-00066,21,14717.72,309072.12
POITEM-06939,PO-06939,PROD-00029,42,9691.37,407037.54
POITEM-06940,PO-06940,PROD-00030,17,13937.05,236929.85
POITEM-06941,PO-06941,PROD-00099,35,2021.75,70761.25
POITEM-06942,PO-06942,PROD-00065,32,4204.9,134556.8
POITEM-06943,PO-06943,PROD-00020,31,7164.91,222112.21
POITEM-06944,PO-06944,PROD-00097,24,14370.54,344892.96
POITEM-06945,PO-06945,PROD-00059,7,2408.99,16862.93
POITEM-06946,PO-06946,PROD-00042,26,10320.27,268327.02
POITEM-06947,PO-06947,PROD-00068,2,8719.33,17438.66
POITEM-06948,PO-06948,PROD-00051,35,1933.5,67672.5
POITEM-06949,PO-06949,PROD-00080,20,6321.18,126423.6
POITEM-06950,PO-06950,PROD-00099,46,2021.75,93000.5
POITEM-06951,PO-06951,PROD-00029,38,9691.37,368272.06
POITEM-06952,PO-06952,PROD-00006,12,2873.38,34480.56
POITEM-06953,PO-06953,PROD-00054,4,1564.33,6257.32
POITEM-06954,PO-06954,PROD-00002,36,12960.96,466594.56
POITEM-06955,PO-06955,PROD-00045,17,78.1,1327.7
POITEM-06956,PO-06956,PROD-00036,20,14758.2,295164.0
POITEM-06957,PO-06957,PROD-00067,24,1752.24,42053.76
POITEM-06958,PO-06958,PROD-00044,48,9523.41,457123.68
POITEM-06959,PO-06959,PROD-00069,36,1648.33,59339.88
POITEM-06960,PO-06960,PROD-00039,4,1753.54,7014.16
POITEM-06961,PO-06961,PROD-00078,30,6140.68,184220.4
POITEM-06962,PO-06962,PROD-00020,47,7164.91,336750.77
POITEM-06963,PO-06963,PROD-00010,8,9790.87,78326.96
POITEM-06964,PO-06964,PROD-00060,22,13085.7,287885.4
POITEM-06965,PO-06965,PROD-00030,27,13937.05,376300.35
POITEM-06966,PO-06966,PROD-00006,21,2873.38,60340.98
POITEM-06967,PO-06967,PROD-00014,28,5700.12,159603.36
POITEM-06968,PO-06968,PROD-00078,15,6140.68,92110.2
POITEM-06969,PO-06969,PROD-00027,33,3083.78,101764.74
POITEM-06970,PO-06970,PROD-00084,11,3172.49,34897.39
POITEM-06971,PO-06971,PROD-00082,24,8547.35,205136.4
POITEM-06972,PO-06972,PROD-00096,5,6391.56,31957.8
POITEM-06973,PO-06973,PROD-00058,1,13963.97,13963.97
POITEM-06974,PO-06974,PROD-00056,13,2458.46,31959.98
POITEM-06975,PO-06975,PROD-00042,40,10320.27,412810.8
POITEM-06976,PO-06976,PROD-00072,22,13495.08,296891.76
POITEM-06977,PO-06977,PROD-00017,45,2868.72,129092.4
POITEM-06978,PO-06978,PROD-00085,18,6640.75,119533.5
POITEM-06979,PO-06979,PROD-00006,27,2873.38,77581.26
POITEM-06980,PO-06980,PROD-00044,37,9523.41,352366.17
POITEM-06981,PO-06981,PROD-00008,17,3765.85,64019.45
POITEM-06982,PO-06982,PROD-00017,22,2868.72,63111.84
POITEM-06983,PO-06983,PROD-00020,16,7164.91,114638.56
POITEM-06984,PO-06984,PROD-00018,29,8698.22,252248.38
POITEM-06985,PO-06985,PROD-00078,14,6140.68,85969.52
POITEM-06986,PO-06986,PROD-00021,40,14412.66,576506.4
POITEM-06987,PO-06987,PROD-00073,15,689.69,10345.35
POITEM-06988,PO-06988,PROD-00038,13,1576.21,20490.73
POITEM-06989,PO-06989,PROD-00011,8,13897.35,111178.8
POITEM-06990,PO-06990,PROD-00058,38,13963.97,530630.86
POITEM-06991,PO-06991,PROD-00028,35,4002.58,140090.3
POITEM-06992,PO-06992,PROD-00093,39,10452.9,407663.1
POITEM-06993,PO-06993,PROD-00097,34,14370.54,488598.36
POITEM-06994,PO-06994,PROD-00032,11,8076.08,88836.88
POITEM-06995,PO-06995,PROD-00003,25,9810.5,245262.5
POITEM-06996,PO-06996,PROD-00014,43,5700.12,245105.16
POITEM-06997,PO-06997,PROD-00095,6,12910.1,77460.6
POITEM-06998,PO-06998,PROD-00009,41,12125.13,497130.33
POITEM-06999,PO-06999,PROD-00095,15,12910.1,193651.5
POITEM-07000,PO-07000,PROD-00022,3,2807.73,8423.19
POITEM-07001,PO-07001,PROD-00049,10,13561.33,135613.3
POITEM-07002,PO-07002,PROD-00063,37,379.37,14036.69
POITEM-07003,PO-07003,PROD-00090,23,390.77,8987.71
POITEM-07004,PO-07004,PROD-00093,4,10452.9,41811.6
POITEM-07005,PO-07005,PROD-00062,6,4595.23,27571.38
POITEM-07006,PO-07006,PROD-00097,40,14370.54,574821.6
POITEM-07007,PO-07007,PROD-00018,42,8698.22,365325.24
POITEM-07008,PO-07008,PROD-00024,27,14125.4,381385.8
POITEM-07009,PO-07009,PROD-00043,30,7340.76,220222.8
POITEM-07010,PO-07010,PROD-00042,24,10320.27,247686.48
POITEM-07011,PO-07011,PROD-00090,32,390.77,12504.64
POITEM-07012,PO-07012,PROD-00001,7,5330.61,37314.27
POITEM-07013,PO-07013,PROD-00026,27,9869.16,266467.32
POITEM-07014,PO-07014,PROD-00023,11,12930.74,142238.14
POITEM-07015,PO-07015,PROD-00072,42,13495.08,566793.36
POITEM-07016,PO-07016,PROD-00007,14,6342.68,88797.52
POITEM-07017,PO-07017,PROD-00003,37,9810.5,362988.5
POITEM-07018,PO-07018,PROD-00085,24,6640.75,159378.0
POITEM-07019,PO-07019,PROD-00055,45,11248.43,506179.35
POITEM-07020,PO-07020,PROD-00027,44,3083.78,135686.32
POITEM-07021,PO-07021,PROD-00081,41,11228.32,460361.12
POITEM-07022,PO-07022,PROD-00100,27,7978.7,215424.9
POITEM-07023,PO-07023,PROD-00038,11,1576.21,17338.31
POITEM-07024,PO-07024,PROD-00072,12,13495.08,161940.96
POITEM-07025,PO-07025,PROD-00064,23,4940.72,113636.56
POITEM-07026,PO-07026,PROD-00080,9,6321.18,56890.62
POITEM-07027,PO-07027,PROD-00093,7,10452.9,73170.3
POITEM-07028,PO-07028,PROD-00037,32,12261.13,392356.16
POITEM-07029,PO-07029,PROD-00048,44,169.8,7471.2
POITEM-07030,PO-07030,PROD-00094,12,3678.67,44144.04
POITEM-07031,PO-07031,PROD-00033,40,14000.56,560022.4
POITEM-07032,PO-07032,PROD-00089,46,4673.53,214982.38
POITEM-07033,PO-07033,PROD-00019,12,4721.23,56654.76
POITEM-07034,PO-07034,PROD-00062,36,4595.23,165428.28
POITEM-07035,PO-07035,PROD-00038,22,1576.21,34676.62
POITEM-07036,PO-07036,PROD-00041,35,9082.33,317881.55
POITEM-07037,PO-07037,PROD-00009,32,12125.13,388004.16
POITEM-07038,PO-07038,PROD-00035,34,12510.33,425351.22
POITEM-07039,PO-07039,PROD-00041,18,9082.33,163481.94
POITEM-07040,PO-07040,PROD-00065,1,4204.9,4204.9
POITEM-07041,PO-07041,PROD-00007,34,6342.68,215651.12
POITEM-07042,PO-07042,PROD-00046,31,14697.47,455621.57
POITEM-07043,PO-07043,PROD-00088,35,12280.89,429831.15
POITEM-07044,PO-07044,PROD-00089,4,4673.53,18694.12
POITEM-07045,PO-07045,PROD-00078,30,6140.68,184220.4
POITEM-07046,PO-07046,PROD-00074,2,7810.81,15621.62
POITEM-07047,PO-07047,PROD-00025,43,8927.92,383900.56
POITEM-07048,PO-07048,PROD-00011,35,13897.35,486407.25
POITEM-07049,PO-07049,PROD-00022,22,2807.73,61770.06
POITEM-07050,PO-07050,PROD-00079,37,4452.44,164740.28
POITEM-07051,PO-07051,PROD-00091,36,9178.83,330437.88
POITEM-07052,PO-07052,PROD-00085,7,6640.75,46485.25
POITEM-07053,PO-07053,PROD-00008,47,3765.85,176994.95
POITEM-07054,PO-07054,PROD-00065,1,4204.9,4204.9
POITEM-07055,PO-07055,PROD-00008,16,3765.85,60253.6
POITEM-07056,PO-07056,PROD-00073,15,689.69,10345.35
POITEM-07057,PO-07057,PROD-00005,29,12928.55,374927.95
POITEM-07058,PO-07058,PROD-00098,22,8372.15,184187.3
POITEM-07059,PO-07059,PROD-00009,6,12125.13,72750.78
POITEM-07060,PO-07060,PROD-00028,47,4002.58,188121.26
POITEM-07061,PO-07061,PROD-00087,29,1294.81,37549.49
POITEM-07062,PO-07062,PROD-00039,42,1753.54,73648.68
POITEM-07063,PO-07063,PROD-00069,11,1648.33,18131.63
POITEM-07064,PO-07064,PROD-00072,38,13495.08,512813.04
POITEM-07065,PO-07065,PROD-00073,40,689.69,27587.6
POITEM-07066,PO-07066,PROD-00034,4,5558.67,22234.68
POITEM-07067,PO-07067,PROD-00048,35,169.8,5943.0
POITEM-07068,PO-07068,PROD-00056,12,2458.46,29501.52
POITEM-07069,PO-07069,PROD-00024,8,14125.4,113003.2
POITEM-07070,PO-07070,PROD-00084,25,3172.49,79312.25
POITEM-07071,PO-07071,PROD-00052,5,13487.25,67436.25
POITEM-07072,PO-07072,PROD-00058,19,13963.97,265315.43
POITEM-07073,PO-07073,PROD-00065,6,4204.9,25229.4
POITEM-07074,PO-07074,PROD-00034,42,5558.67,233464.14
POITEM-07075,PO-07075,PROD-00097,22,14370.54,316151.88
POITEM-07076,PO-07076,PROD-00023,27,12930.74,349129.98
POITEM-07077,PO-07077,PROD-00029,33,9691.37,319815.21
POITEM-07078,PO-07078,PROD-00006,33,2873.38,94821.54
POITEM-07079,PO-07079,PROD-00059,39,2408.99,93950.61
POITEM-07080,PO-07080,PROD-00055,15,11248.43,168726.45
POITEM-07081,PO-07081,PROD-00073,19,689.69,13104.11
POITEM-07082,PO-07082,PROD-00061,17,3013.6,51231.2
POITEM-07083,PO-07083,PROD-00011,13,13897.35,180665.55
POITEM-07084,PO-07084,PROD-00080,7,6321.18,44248.26
POITEM-07085,PO-07085,PROD-00078,27,6140.68,165798.36
POITEM-07086,PO-07086,PROD-00092,44,6231.25,274175.0
POITEM-07087,PO-07087,PROD-00007,50,6342.68,317134.0
POITEM-07088,PO-07088,PROD-00038,12,1576.21,18914.52
POITEM-07089,PO-07089,PROD-00023,15,12930.74,193961.1
POITEM-07090,PO-07090,PROD-00097,43,14370.54,617933.22
POITEM-07091,PO-07091,PROD-00024,40,14125.4,565016.0
POITEM-07092,PO-07092,PROD-00071,27,9102.98,245780.46
POITEM-07093,PO-07093,PROD-00022,26,2807.73,73000.98
POITEM-07094,PO-07094,PROD-00032,21,8076.08,169597.68
POITEM-07095,PO-07095,PROD-00005,5,12928.55,64642.75
POITEM-07096,PO-07096,PROD-00001,29,5330.61,154587.69
POITEM-07097,PO-07097,PROD-00001,37,5330.61,197232.57
POITEM-07098,PO-07098,PROD-00024,5,14125.4,70627.0
POITEM-07099,PO-07099,PROD-00026,15,9869.16,148037.4
POITEM-07100,PO-07100,PROD-00067,38,1752.24,66585.12
POITEM-07101,PO-07101,PROD-00035,16,12510.33,200165.28
POITEM-07102,PO-07102,PROD-00051,23,1933.5,44470.5
POITEM-07103,PO-07103,PROD-00058,31,13963.97,432883.07
POITEM-07104,PO-07104,PROD-00042,36,10320.27,371529.72
POITEM-07105,PO-07105,PROD-00045,41,78.1,3202.1
POITEM-07106,PO-07106,PROD-00008,22,3765.85,82848.7
POITEM-07107,PO-07107,PROD-00063,13,379.37,4931.81
POITEM-07108,PO-07108,PROD-00039,44,1753.54,77155.76
POITEM-07109,PO-07109,PROD-00087,29,1294.81,37549.49
POITEM-07110,PO-07110,PROD-00035,34,12510.33,425351.22
POITEM-07111,PO-07111,PROD-00048,36,169.8,6112.8
POITEM-07112,PO-07112,PROD-00097,41,14370.54,589192.14
POITEM-07113,PO-07113,PROD-00074,19,7810.81,148405.39
POITEM-07114,PO-07114,PROD-00034,42,5558.67,233464.14
POITEM-07115,PO-07115,PROD-00049,6,13561.33,81367.98
POITEM-07116,PO-07116,PROD-00003,48,9810.5,470904.0
POITEM-07117,PO-07117,PROD-00031,33,6887.83,227298.39
POITEM-07118,PO-07118,PROD-00099,19,2021.75,38413.25
POITEM-07119,PO-07119,PROD-00028,22,4002.58,88056.76
POITEM-07120,PO-07120,PROD-00096,34,6391.56,217313.04
POITEM-07121,PO-07121,PROD-00006,27,2873.38,77581.26
POITEM-07122,PO-07122,PROD-00038,13,1576.21,20490.73
POITEM-07123,PO-07123,PROD-00039,7,1753.54,12274.78
POITEM-07124,PO-07124,PROD-00036,8,14758.2,118065.6
POITEM-07125,PO-07125,PROD-00016,50,6359.54,317977.0
POITEM-07126,PO-07126,PROD-00065,33,4204.9,138761.7
POITEM-07127,PO-07127,PROD-00053,16,3170.9,50734.4
POITEM-07128,PO-07128,PROD-00001,4,5330.61,21322.44
POITEM-07129,PO-07129,PROD-00050,41,5554.01,227714.41
POITEM-07130,PO-07130,PROD-00064,40,4940.72,197628.8
POITEM-07131,PO-07131,PROD-00035,6,12510.33,75061.98
POITEM-07132,PO-07132,PROD-00056,12,2458.46,29501.52
POITEM-07133,PO-07133,PROD-00100,20,7978.7,159574.0
POITEM-07134,PO-07134,PROD-00062,48,4595.23,220571.04
POITEM-07135,PO-07135,PROD-00073,41,689.69,28277.29
POITEM-07136,PO-07136,PROD-00081,49,11228.32,550187.68
POITEM-07137,PO-07137,PROD-00096,47,6391.56,300403.32
POITEM-07138,PO-07138,PROD-00033,40,14000.56,560022.4
POITEM-07139,PO-07139,PROD-00093,50,10452.9,522645.0
POITEM-07140,PO-07140,PROD-00073,25,689.69,17242.25
POITEM-07141,PO-07141,PROD-00074,45,7810.81,351486.45
POITEM-07142,PO-07142,PROD-00008,20,3765.85,75317.0
POITEM-07143,PO-07143,PROD-00045,39,78.1,3045.9
POITEM-07144,PO-07144,PROD-00024,10,14125.4,141254.0
POITEM-07145,PO-07145,PROD-00072,27,13495.08,364367.16
POITEM-07146,PO-07146,PROD-00079,43,4452.44,191454.92
POITEM-07147,PO-07147,PROD-00059,40,2408.99,96359.6
POITEM-07148,PO-07148,PROD-00049,16,13561.33,216981.28
POITEM-07149,PO-07149,PROD-00019,37,4721.23,174685.51
POITEM-07150,PO-07150,PROD-00097,3,14370.54,43111.62
POITEM-07151,PO-07151,PROD-00038,25,1576.21,39405.25
POITEM-07152,PO-07152,PROD-00064,27,4940.72,133399.44
POITEM-07153,PO-07153,PROD-00055,3,11248.43,33745.29
POITEM-07154,PO-07154,PROD-00035,34,12510.33,425351.22
POITEM-07155,PO-07155,PROD-00070,12,10934.96,131219.52
POITEM-07156,PO-07156,PROD-00002,27,12960.96,349945.92
POITEM-07157,PO-07157,PROD-00003,33,9810.5,323746.5
POITEM-07158,PO-07158,PROD-00020,49,7164.91,351080.59
POITEM-07159,PO-07159,PROD-00008,38,3765.85,143102.3
POITEM-07160,PO-07160,PROD-00087,45,1294.81,58266.45
POITEM-07161,PO-07161,PROD-00080,37,6321.18,233883.66
POITEM-07162,PO-07162,PROD-00026,36,9869.16,355289.76
POITEM-07163,PO-07163,PROD-00079,48,4452.44,213717.12
POITEM-07164,PO-07164,PROD-00032,39,8076.08,314967.12
POITEM-07165,PO-07165,PROD-00086,1,7110.96,7110.96
POITEM-07166,PO-07166,PROD-00062,8,4595.23,36761.84
POITEM-07167,PO-07167,PROD-00040,25,8309.52,207738.0
POITEM-07168,PO-07168,PROD-00022,31,2807.73,87039.63
POITEM-07169,PO-07169,PROD-00006,44,2873.38,126428.72
POITEM-07170,PO-07170,PROD-00086,18,7110.96,127997.28
POITEM-07171,PO-07171,PROD-00003,7,9810.5,68673.5
POITEM-07172,PO-07172,PROD-00004,24,6054.25,145302.0
POITEM-07173,PO-07173,PROD-00058,17,13963.97,237387.49
POITEM-07174,PO-07174,PROD-00020,29,7164.91,207782.39
POITEM-07175,PO-07175,PROD-00008,13,3765.85,48956.05
POITEM-07176,PO-07176,PROD-00069,7,1648.33,11538.31
POITEM-07177,PO-07177,PROD-00019,20,4721.23,94424.6
POITEM-07178,PO-07178,PROD-00019,47,4721.23,221897.81
POITEM-07179,PO-07179,PROD-00001,31,5330.61,165248.91
POITEM-07180,PO-07180,PROD-00026,21,9869.16,207252.36
POITEM-07181,PO-07181,PROD-00044,5,9523.41,47617.05
POITEM-07182,PO-07182,PROD-00050,7,5554.01,38878.07
POITEM-07183,PO-07183,PROD-00008,5,3765.85,18829.25
POITEM-07184,PO-07184,PROD-00010,39,9790.87,381843.93
POITEM-07185,PO-07185,PROD-00039,47,1753.54,82416.38
POITEM-07186,PO-07186,PROD-00034,47,5558.67,261257.49
POITEM-07187,PO-07187,PROD-00023,45,12930.74,581883.3
POITEM-07188,PO-07188,PROD-00017,23,2868.72,65980.56
POITEM-07189,PO-07189,PROD-00055,32,11248.43,359949.76
POITEM-07190,PO-07190,PROD-00016,35,6359.54,222583.9
POITEM-07191,PO-07191,PROD-00045,2,78.1,156.2
POITEM-07192,PO-07192,PROD-00011,43,13897.35,597586.05
POITEM-07193,PO-07193,PROD-00036,50,14758.2,737910.0
POITEM-07194,PO-07194,PROD-00027,18,3083.78,55508.04
POITEM-07195,PO-07195,PROD-00078,8,6140.68,49125.44
POITEM-07196,PO-07196,PROD-00062,39,4595.23,179213.97
POITEM-07197,PO-07197,PROD-00049,28,13561.33,379717.24
POITEM-07198,PO-07198,PROD-00085,6,6640.75,39844.5
POITEM-07199,PO-07199,PROD-00023,25,12930.74,323268.5
POITEM-07200,PO-07200,PROD-00028,12,4002.58,48030.96
POITEM-07201,PO-07201,PROD-00073,31,689.69,21380.39
POITEM-07202,PO-07202,PROD-00075,31,6483.68,200994.08
POITEM-07203,PO-07203,PROD-00031,29,6887.83,199747.07
POITEM-07204,PO-07204,PROD-00059,50,2408.99,120449.5
POITEM-07205,PO-07205,PROD-00088,43,12280.89,528078.27
POITEM-07206,PO-07206,PROD-00029,22,9691.37,213210.14
POITEM-07207,PO-07207,PROD-00032,10,8076.08,80760.8
POITEM-07208,PO-07208,PROD-00014,47,5700.12,267905.64
POITEM-07209,PO-07209,PROD-00005,19,12928.55,245642.45
POITEM-07210,PO-07210,PROD-00004,40,6054.25,242170.0
POITEM-07211,PO-07211,PROD-00098,17,8372.15,142326.55
POITEM-07212,PO-07212,PROD-00031,37,6887.83,254849.71
POITEM-07213,PO-07213,PROD-00026,24,9869.16,236859.84
POITEM-07214,PO-07214,PROD-00090,17,390.77,6643.09
POITEM-07215,PO-07215,PROD-00081,36,11228.32,404219.52
POITEM-07216,PO-07216,PROD-00079,1,4452.44,4452.44
POITEM-07217,PO-07217,PROD-00027,6,3083.78,18502.68
POITEM-07218,PO-07218,PROD-00011,3,13897.35,41692.05
POITEM-07219,PO-07219,PROD-00057,29,396.18,11489.22
POITEM-07220,PO-07220,PROD-00097,15,14370.54,215558.1
POITEM-07221,PO-07221,PROD-00062,27,4595.23,124071.21
POITEM-07222,PO-07222,PROD-00062,1,4595.23,4595.23
POITEM-07223,PO-07223,PROD-00032,21,8076.08,169597.68
POITEM-07224,PO-07224,PROD-00054,30,1564.33,46929.9
POITEM-07225,PO-07225,PROD-00007,18,6342.68,114168.24
POITEM-07226,PO-07226,PROD-00087,20,1294.81,25896.2
POITEM-07227,PO-07227,PROD-00067,26,1752.24,45558.24
POITEM-07228,PO-07228,PROD-00008,12,3765.85,45190.2
POITEM-07229,PO-07229,PROD-00076,34,4725.89,160680.26
POITEM-07230,PO-07230,PROD-00018,16,8698.22,139171.52
POITEM-07231,PO-07231,PROD-00041,9,9082.33,81740.97
POITEM-07232,PO-07232,PROD-00069,33,1648.33,54394.89
POITEM-07233,PO-07233,PROD-00064,7,4940.72,34585.04
POITEM-07234,PO-07234,PROD-00029,29,9691.37,281049.73
POITEM-07235,PO-07235,PROD-00074,12,7810.81,93729.72
POITEM-07236,PO-07236,PROD-00086,48,7110.96,341326.08
POITEM-07237,PO-07237,PROD-00032,18,8076.08,145369.44
POITEM-07238,PO-07238,PROD-00072,35,13495.08,472327.8
POITEM-07239,PO-07239,PROD-00028,16,4002.58,64041.28
POITEM-07240,PO-07240,PROD-00073,28,689.69,19311.32
POITEM-07241,PO-07241,PROD-00023,9,12930.74,116376.66
POITEM-07242,PO-07242,PROD-00026,33,9869.16,325682.28
POITEM-07243,PO-07243,PROD-00019,8,4721.23,37769.84
POITEM-07244,PO-07244,PROD-00023,4,12930.74,51722.96
POITEM-07245,PO-07245,PROD-00051,21,1933.5,40603.5
POITEM-07246,PO-07246,PROD-00025,49,8927.92,437468.08
POITEM-07247,PO-07247,PROD-00093,9,10452.9,94076.1
POITEM-07248,PO-07248,PROD-00042,37,10320.27,381849.99
POITEM-07249,PO-07249,PROD-00067,7,1752.24,12265.68
POITEM-07250,PO-07250,PROD-00054,46,1564.33,71959.18
POITEM-07251,PO-07251,PROD-00053,3,3170.9,9512.7
POITEM-07252,PO-07252,PROD-00050,8,5554.01,44432.08
POITEM-07253,PO-07253,PROD-00007,36,6342.68,228336.48
POITEM-07254,PO-07254,PROD-00082,25,8547.35,213683.75
POITEM-07255,PO-07255,PROD-00035,44,12510.33,550454.52
POITEM-07256,PO-07256,PROD-00062,13,4595.23,59737.99
POITEM-07257,PO-07257,PROD-00010,31,9790.87,303516.97
POITEM-07258,PO-07258,PROD-00072,9,13495.08,121455.72
POITEM-07259,PO-07259,PROD-00039,16,1753.54,28056.64
POITEM-07260,PO-07260,PROD-00098,19,8372.15,159070.85
POITEM-07261,PO-07261,PROD-00078,31,6140.68,190361.08
POITEM-07262,PO-07262,PROD-00092,7,6231.25,43618.75
POITEM-07263,PO-07263,PROD-00050,21,5554.01,116634.21
POITEM-07264,PO-07264,PROD-00053,28,3170.9,88785.2
POITEM-07265,PO-07265,PROD-00017,23,2868.72,65980.56
POITEM-07266,PO-07266,PROD-00052,48,13487.25,647388.0
POITEM-07267,PO-07267,PROD-00069,39,1648.33,64284.87
POITEM-07268,PO-07268,PROD-00041,30,9082.33,272469.9
POITEM-07269,PO-07269,PROD-00019,33,4721.23,155800.59
POITEM-07270,PO-07270,PROD-00079,13,4452.44,57881.72
POITEM-07271,PO-07271,PROD-00081,33,11228.32,370534.56
POITEM-07272,PO-07272,PROD-00045,44,78.1,3436.4
POITEM-07273,PO-07273,PROD-00041,47,9082.33,426869.51
POITEM-07274,PO-07274,PROD-00019,18,4721.23,84982.14
POITEM-07275,PO-07275,PROD-00072,6,13495.08,80970.48
POITEM-07276,PO-07276,PROD-00002,34,12960.96,440672.64
POITEM-07277,PO-07277,PROD-00064,14,4940.72,69170.08
POITEM-07278,PO-07278,PROD-00036,9,14758.2,132823.8
POITEM-07279,PO-07279,PROD-00053,23,3170.9,72930.7
POITEM-07280,PO-07280,PROD-00014,30,5700.12,171003.6
POITEM-07281,PO-07281,PROD-00044,9,9523.41,85710.69
POITEM-07282,PO-07282,PROD-00010,25,9790.87,244771.75
POITEM-07283,PO-07283,PROD-00011,16,13897.35,222357.6
POITEM-07284,PO-07284,PROD-00066,11,14717.72,161894.92
POITEM-07285,PO-07285,PROD-00068,16,8719.33,139509.28
POITEM-07286,PO-07286,PROD-00100,26,7978.7,207446.2
POITEM-07287,PO-07287,PROD-00012,15,6111.05,91665.75
POITEM-07288,PO-07288,PROD-00082,31,8547.35,264967.85
POITEM-07289,PO-07289,PROD-00047,28,6641.49,185961.72
POITEM-07290,PO-07290,PROD-00067,6,1752.24,10513.44
POITEM-07291,PO-07291,PROD-00060,2,13085.7,26171.4
POITEM-07292,PO-07292,PROD-00098,16,8372.15,133954.4
POITEM-07293,PO-07293,PROD-00069,8,1648.33,13186.64
POITEM-07294,PO-07294,PROD-00082,34,8547.35,290609.9
POITEM-07295,PO-07295,PROD-00007,17,6342.68,107825.56
POITEM-07296,PO-07296,PROD-00099,50,2021.75,101087.5
POITEM-07297,PO-07297,PROD-00050,1,5554.01,5554.01
POITEM-07298,PO-07298,PROD-00093,26,10452.9,271775.4
POITEM-07299,PO-07299,PROD-00069,3,1648.33,4944.99
POITEM-07300,PO-07300,PROD-00097,39,14370.54,560451.06
POITEM-07301,PO-07301,PROD-00024,14,14125.4,197755.6
POITEM-07302,PO-07302,PROD-00016,36,6359.54,228943.44
POITEM-07303,PO-07303,PROD-00050,1,5554.01,5554.01
POITEM-07304,PO-07304,PROD-00085,5,6640.75,33203.75
POITEM-07305,PO-07305,PROD-00012,5,6111.05,30555.25
POITEM-07306,PO-07306,PROD-00083,15,12510.03,187650.45
POITEM-07307,PO-07307,PROD-00093,1,10452.9,10452.9
POITEM-07308,PO-07308,PROD-00056,36,2458.46,88504.56
POITEM-07309,PO-07309,PROD-00048,18,169.8,3056.4
POITEM-07310,PO-07310,PROD-00096,47,6391.56,300403.32
POITEM-07311,PO-07311,PROD-00010,41,9790.87,401425.67
POITEM-07312,PO-07312,PROD-00015,32,13899.61,444787.52
POITEM-07313,PO-07313,PROD-00042,39,10320.27,402490.53
POITEM-07314,PO-07314,PROD-00008,25,3765.85,94146.25
POITEM-07315,PO-07315,PROD-00008,35,3765.85,131804.75
POITEM-07316,PO-07316,PROD-00024,8,14125.4,113003.2
POITEM-07317,PO-07317,PROD-00019,28,4721.23,132194.44
POITEM-07318,PO-07318,PROD-00063,24,379.37,9104.88
POITEM-07319,PO-07319,PROD-00011,28,13897.35,389125.8
POITEM-07320,PO-07320,PROD-00058,34,13963.97,474774.98
POITEM-07321,PO-07321,PROD-00070,30,10934.96,328048.8
POITEM-07322,PO-07322,PROD-00021,22,14412.66,317078.52
POITEM-07323,PO-07323,PROD-00078,1,6140.68,6140.68
POITEM-07324,PO-07324,PROD-00019,16,4721.23,75539.68
POITEM-07325,PO-07325,PROD-00018,33,8698.22,287041.26
POITEM-07326,PO-07326,PROD-00057,22,396.18,8715.96
POITEM-07327,PO-07327,PROD-00058,35,13963.97,488738.95
POITEM-07328,PO-07328,PROD-00044,44,9523.41,419030.04
POITEM-07329,PO-07329,PROD-00022,6,2807.73,16846.38
POITEM-07330,PO-07330,PROD-00071,32,9102.98,291295.36
POITEM-07331,PO-07331,PROD-00098,26,8372.15,217675.9
POITEM-07332,PO-07332,PROD-00059,21,2408.99,50588.79
POITEM-07333,PO-07333,PROD-00019,4,4721.23,18884.92
POITEM-07334,PO-07334,PROD-00008,50,3765.85,188292.5
POITEM-07335,PO-07335,PROD-00075,11,6483.68,71320.48
POITEM-07336,PO-07336,PROD-00077,26,13503.2,351083.2
POITEM-07337,PO-07337,PROD-00043,8,7340.76,58726.08
POITEM-07338,PO-07338,PROD-00047,46,6641.49,305508.54
POITEM-07339,PO-07339,PROD-00029,10,9691.37,96913.7
POITEM-07340,PO-07340,PROD-00080,21,6321.18,132744.78
POITEM-07341,PO-07341,PROD-00027,6,3083.78,18502.68
POITEM-07342,PO-07342,PROD-00023,20,12930.74,258614.8
POITEM-07343,PO-07343,PROD-00082,27,8547.35,230778.45
POITEM-07344,PO-07344,PROD-00020,45,7164.91,322420.95
POITEM-07345,PO-07345,PROD-00059,26,2408.99,62633.74
POITEM-07346,PO-07346,PROD-00012,21,6111.05,128332.05
POITEM-07347,PO-07347,PROD-00023,26,12930.74,336199.24
POITEM-07348,PO-07348,PROD-00010,50,9790.87,489543.5
POITEM-07349,PO-07349,PROD-00005,5,12928.55,64642.75
POITEM-07350,PO-07350,PROD-00082,50,8547.35,427367.5
POITEM-07351,PO-07351,PROD-00039,17,1753.54,29810.18
POITEM-07352,PO-07352,PROD-00092,39,6231.25,243018.75
POITEM-07353,PO-07353,PROD-00053,30,3170.9,95127.0
POITEM-07354,PO-07354,PROD-00052,50,13487.25,674362.5
POITEM-07355,PO-07355,PROD-00010,2,9790.87,19581.74
POITEM-07356,PO-07356,PROD-00034,7,5558.67,38910.69
POITEM-07357,PO-07357,PROD-00004,9,6054.25,54488.25
POITEM-07358,PO-07358,PROD-00084,8,3172.49,25379.92
POITEM-07359,PO-07359,PROD-00029,50,9691.37,484568.5
POITEM-07360,PO-07360,PROD-00034,33,5558.67,183436.11
POITEM-07361,PO-07361,PROD-00013,6,12973.14,77838.84
POITEM-07362,PO-07362,PROD-00013,40,12973.14,518925.6
POITEM-07363,PO-07363,PROD-00006,15,2873.38,43100.7
POITEM-07364,PO-07364,PROD-00079,14,4452.44,62334.16
POITEM-07365,PO-07365,PROD-00025,30,8927.92,267837.6
POITEM-07366,PO-07366,PROD-00067,45,1752.24,78850.8
POITEM-07367,PO-07367,PROD-00034,49,5558.67,272374.83
POITEM-07368,PO-07368,PROD-00023,35,12930.74,452575.9
POITEM-07369,PO-07369,PROD-00091,13,9178.83,119324.79
POITEM-07370,PO-07370,PROD-00053,42,3170.9,133177.8
POITEM-07371,PO-07371,PROD-00061,17,3013.6,51231.2
POITEM-07372,PO-07372,PROD-00077,33,13503.2,445605.6
POITEM-07373,PO-07373,PROD-00089,34,4673.53,158900.02
POITEM-07374,PO-07374,PROD-00096,30,6391.56,191746.8
POITEM-07375,PO-07375,PROD-00095,5,12910.1,64550.5
POITEM-07376,PO-07376,PROD-00011,12,13897.35,166768.2
POITEM-07377,PO-07377,PROD-00082,20,8547.35,170947.0
POITEM-07378,PO-07378,PROD-00015,24,13899.61,333590.64
POITEM-07379,PO-07379,PROD-00047,17,6641.49,112905.33
POITEM-07380,PO-07380,PROD-00084,12,3172.49,38069.88
POITEM-07381,PO-07381,PROD-00018,20,8698.22,173964.4
POITEM-07382,PO-07382,PROD-00046,31,14697.47,455621.57
POITEM-07383,PO-07383,PROD-00096,34,6391.56,217313.04
POITEM-07384,PO-07384,PROD-00096,4,6391.56,25566.24
POITEM-07385,PO-07385,PROD-00014,33,5700.12,188103.96
POITEM-07386,PO-07386,PROD-00053,12,3170.9,38050.8
POITEM-07387,PO-07387,PROD-00003,17,9810.5,166778.5
POITEM-07388,PO-07388,PROD-00080,38,6321.18,240204.84
POITEM-07389,PO-07389,PROD-00064,11,4940.72,54347.92
POITEM-07390,PO-07390,PROD-00027,34,3083.78,104848.52
POITEM-07391,PO-07391,PROD-00055,12,11248.43,134981.16
POITEM-07392,PO-07392,PROD-00016,31,6359.54,197145.74
POITEM-07393,PO-07393,PROD-00039,23,1753.54,40331.42
POITEM-07394,PO-07394,PROD-00053,33,3170.9,104639.7
POITEM-07395,PO-07395,PROD-00038,23,1576.21,36252.83
POITEM-07396,PO-07396,PROD-00037,2,12261.13,24522.26
POITEM-07397,PO-07397,PROD-00019,8,4721.23,37769.84
POITEM-07398,PO-07398,PROD-00088,32,12280.89,392988.48
POITEM-07399,PO-07399,PROD-00094,21,3678.67,77252.07
POITEM-07400,PO-07400,PROD-00023,49,12930.74,633606.26
POITEM-07401,PO-07401,PROD-00055,41,11248.43,461185.63
POITEM-07402,PO-07402,PROD-00036,45,14758.2,664119.0
POITEM-07403,PO-07403,PROD-00016,29,6359.54,184426.66
POITEM-07404,PO-07404,PROD-00045,48,78.1,3748.8
POITEM-07405,PO-07405,PROD-00003,23,9810.5,225641.5
POITEM-07406,PO-07406,PROD-00018,49,8698.22,426212.78
POITEM-07407,PO-07407,PROD-00011,16,13897.35,222357.6
POITEM-07408,PO-07408,PROD-00012,25,6111.05,152776.25
POITEM-07409,PO-07409,PROD-00086,49,7110.96,348437.04
POITEM-07410,PO-07410,PROD-00007,46,6342.68,291763.28
POITEM-07411,PO-07411,PROD-00059,25,2408.99,60224.75
POITEM-07412,PO-07412,PROD-00023,2,12930.74,25861.48
POITEM-07413,PO-07413,PROD-00062,1,4595.23,4595.23
POITEM-07414,PO-07414,PROD-00015,11,13899.61,152895.71
POITEM-07415,PO-07415,PROD-00001,39,5330.61,207893.79
POITEM-07416,PO-07416,PROD-00078,21,6140.68,128954.28
POITEM-07417,PO-07417,PROD-00080,38,6321.18,240204.84
POITEM-07418,PO-07418,PROD-00019,35,4721.23,165243.05
POITEM-07419,PO-07419,PROD-00048,3,169.8,509.4
POITEM-07420,PO-07420,PROD-00088,40,12280.89,491235.6
POITEM-07421,PO-07421,PROD-00040,49,8309.52,407166.48
POITEM-07422,PO-07422,PROD-00081,23,11228.32,258251.36
POITEM-07423,PO-07423,PROD-00059,25,2408.99,60224.75
POITEM-07424,PO-07424,PROD-00097,7,14370.54,100593.78
POITEM-07425,PO-07425,PROD-00051,47,1933.5,90874.5
POITEM-07426,PO-07426,PROD-00001,39,5330.61,207893.79
POITEM-07427,PO-07427,PROD-00024,17,14125.4,240131.8
POITEM-07428,PO-07428,PROD-00017,8,2868.72,22949.76
POITEM-07429,PO-07429,PROD-00001,3,5330.61,15991.83
POITEM-07430,PO-07430,PROD-00038,28,1576.21,44133.88
POITEM-07431,PO-07431,PROD-00057,42,396.18,16639.56
POITEM-07432,PO-07432,PROD-00044,24,9523.41,228561.84
POITEM-07433,PO-07433,PROD-00052,25,13487.25,337181.25
POITEM-07434,PO-07434,PROD-00063,29,379.37,11001.73
POITEM-07435,PO-07435,PROD-00046,23,14697.47,338041.81
POITEM-07436,PO-07436,PROD-00051,5,1933.5,9667.5
POITEM-07437,PO-07437,PROD-00090,2,390.77,781.54
POITEM-07438,PO-07438,PROD-00073,24,689.69,16552.56
POITEM-07439,PO-07439,PROD-00069,50,1648.33,82416.5
POITEM-07440,PO-07440,PROD-00047,48,6641.49,318791.52
POITEM-07441,PO-07441,PROD-00086,7,7110.96,49776.72
POITEM-07442,PO-07442,PROD-00090,23,390.77,8987.71
POITEM-07443,PO-07443,PROD-00005,29,12928.55,374927.95
POITEM-07444,PO-07444,PROD-00089,48,4673.53,224329.44
POITEM-07445,PO-07445,PROD-00086,27,7110.96,191995.92
POITEM-07446,PO-07446,PROD-00073,41,689.69,28277.29
POITEM-07447,PO-07447,PROD-00090,9,390.77,3516.93
POITEM-07448,PO-07448,PROD-00020,29,7164.91,207782.39
POITEM-07449,PO-07449,PROD-00070,42,10934.96,459268.32
POITEM-07450,PO-07450,PROD-00066,3,14717.72,44153.16
POITEM-07451,PO-07451,PROD-00015,35,13899.61,486486.35
POITEM-07452,PO-07452,PROD-00042,26,10320.27,268327.02
POITEM-07453,PO-07453,PROD-00042,30,10320.27,309608.1
POITEM-07454,PO-07454,PROD-00037,25,12261.13,306528.25
POITEM-07455,PO-07455,PROD-00015,27,13899.61,375289.47
POITEM-07456,PO-07456,PROD-00035,14,12510.33,175144.62
POITEM-07457,PO-07457,PROD-00059,33,2408.99,79496.67
POITEM-07458,PO-07458,PROD-00049,22,13561.33,298349.26
POITEM-07459,PO-07459,PROD-00034,35,5558.67,194553.45
POITEM-07460,PO-07460,PROD-00074,5,7810.81,39054.05
POITEM-07461,PO-07461,PROD-00038,28,1576.21,44133.88
POITEM-07462,PO-07462,PROD-00048,7,169.8,1188.6
POITEM-07463,PO-07463,PROD-00022,45,2807.73,126347.85
POITEM-07464,PO-07464,PROD-00047,12,6641.49,79697.88
POITEM-07465,PO-07465,PROD-00012,15,6111.05,91665.75
POITEM-07466,PO-07466,PROD-00004,43,6054.25,260332.75
POITEM-07467,PO-07467,PROD-00077,48,13503.2,648153.6
POITEM-07468,PO-07468,PROD-00082,29,8547.35,247873.15
POITEM-07469,PO-07469,PROD-00056,41,2458.46,100796.86
POITEM-07470,PO-07470,PROD-00069,5,1648.33,8241.65
POITEM-07471,PO-07471,PROD-00002,22,12960.96,285141.12
POITEM-07472,PO-07472,PROD-00087,35,1294.81,45318.35
POITEM-07473,PO-07473,PROD-00082,14,8547.35,119662.9
POITEM-07474,PO-07474,PROD-00093,48,10452.9,501739.2
POITEM-07475,PO-07475,PROD-00091,35,9178.83,321259.05
POITEM-07476,PO-07476,PROD-00090,28,390.77,10941.56
POITEM-07477,PO-07477,PROD-00074,39,7810.81,304621.59
POITEM-07478,PO-07478,PROD-00040,42,8309.52,348999.84
POITEM-07479,PO-07479,PROD-00011,44,13897.35,611483.4
POITEM-07480,PO-07480,PROD-00079,44,4452.44,195907.36
POITEM-07481,PO-07481,PROD-00050,46,5554.01,255484.46
POITEM-07482,PO-07482,PROD-00097,35,14370.54,502968.9
POITEM-07483,PO-07483,PROD-00046,45,14697.47,661386.15
POITEM-07484,PO-07484,PROD-00100,6,7978.7,47872.2
POITEM-07485,PO-07485,PROD-00063,6,379.37,2276.22
POITEM-07486,PO-07486,PROD-00095,50,12910.1,645505.0
POITEM-07487,PO-07487,PROD-00010,22,9790.87,215399.14
POITEM-07488,PO-07488,PROD-00089,30,4673.53,140205.9
POITEM-07489,PO-07489,PROD-00005,40,12928.55,517142.0
POITEM-07490,PO-07490,PROD-00018,46,8698.22,400118.12
POITEM-07491,PO-07491,PROD-00027,38,3083.78,117183.64
POITEM-07492,PO-07492,PROD-00095,47,12910.1,606774.7
POITEM-07493,PO-07493,PROD-00042,35,10320.27,361209.45
POITEM-07494,PO-07494,PROD-00029,8,9691.37,77530.96
POITEM-07495,PO-07495,PROD-00075,26,6483.68,168575.68
POITEM-07496,PO-07496,PROD-00018,44,8698.22,382721.68
POITEM-07497,PO-07497,PROD-00067,18,1752.24,31540.32
POITEM-07498,PO-07498,PROD-00049,22,13561.33,298349.26
POITEM-07499,PO-07499,PROD-00085,16,6640.75,106252.0
POITEM-07500,PO-07500,PROD-00066,9,14717.72,132459.48
POITEM-07501,PO-07501,PROD-00019,36,4721.23,169964.28
POITEM-07502,PO-07502,PROD-00042,36,10320.27,371529.72
POITEM-07503,PO-07503,PROD-00082,46,8547.35,393178.1
POITEM-07504,PO-07504,PROD-00081,3,11228.32,33684.96
POITEM-07505,PO-07505,PROD-00026,25,9869.16,246729.0
POITEM-07506,PO-07506,PROD-00099,43,2021.75,86935.25
POITEM-07507,PO-07507,PROD-00061,12,3013.6,36163.2
POITEM-07508,PO-07508,PROD-00034,24,5558.67,133408.08
POITEM-07509,PO-07509,PROD-00014,44,5700.12,250805.28
POITEM-07510,PO-07510,PROD-00006,4,2873.38,11493.52
POITEM-07511,PO-07511,PROD-00079,6,4452.44,26714.64
POITEM-07512,PO-07512,PROD-00092,22,6231.25,137087.5
POITEM-07513,PO-07513,PROD-00057,11,396.18,4357.98
POITEM-07514,PO-07514,PROD-00071,19,9102.98,172956.62
POITEM-07515,PO-07515,PROD-00031,30,6887.83,206634.9
POITEM-07516,PO-07516,PROD-00058,35,13963.97,488738.95
POITEM-07517,PO-07517,PROD-00088,2,12280.89,24561.78
POITEM-07518,PO-07518,PROD-00092,13,6231.25,81006.25
POITEM-07519,PO-07519,PROD-00071,28,9102.98,254883.44
POITEM-07520,PO-07520,PROD-00041,17,9082.33,154399.61
POITEM-07521,PO-07521,PROD-00024,40,14125.4,565016.0
POITEM-07522,PO-07522,PROD-00078,31,6140.68,190361.08
POITEM-07523,PO-07523,PROD-00011,23,13897.35,319639.05
POITEM-07524,PO-07524,PROD-00016,49,6359.54,311617.46
POITEM-07525,PO-07525,PROD-00064,7,4940.72,34585.04
POITEM-07526,PO-07526,PROD-00056,45,2458.46,110630.7
POITEM-07527,PO-07527,PROD-00010,41,9790.87,401425.67
POITEM-07528,PO-07528,PROD-00078,1,6140.68,6140.68
POITEM-07529,PO-07529,PROD-00049,45,13561.33,610259.85
POITEM-07530,PO-07530,PROD-00081,21,11228.32,235794.72
POITEM-07531,PO-07531,PROD-00023,30,12930.74,387922.2
POITEM-07532,PO-07532,PROD-00086,25,7110.96,177774.0
POITEM-07533,PO-07533,PROD-00095,7,12910.1,90370.7
POITEM-07534,PO-07534,PROD-00004,24,6054.25,145302.0
POITEM-07535,PO-07535,PROD-00015,34,13899.61,472586.74
POITEM-07536,PO-07536,PROD-00052,18,13487.25,242770.5
POITEM-07537,PO-07537,PROD-00016,2,6359.54,12719.08
POITEM-07538,PO-07538,PROD-00012,5,6111.05,30555.25
POITEM-07539,PO-07539,PROD-00086,30,7110.96,213328.8
POITEM-07540,PO-07540,PROD-00010,38,9790.87,372053.06
POITEM-07541,PO-07541,PROD-00051,5,1933.5,9667.5
POITEM-07542,PO-07542,PROD-00047,1,6641.49,6641.49
POITEM-07543,PO-07543,PROD-00078,42,6140.68,257908.56
POITEM-07544,PO-07544,PROD-00071,11,9102.98,100132.78
POITEM-07545,PO-07545,PROD-00065,40,4204.9,168196.0
POITEM-07546,PO-07546,PROD-00050,9,5554.01,49986.09
POITEM-07547,PO-07547,PROD-00099,9,2021.75,18195.75
POITEM-07548,PO-07548,PROD-00059,33,2408.99,79496.67
POITEM-07549,PO-07549,PROD-00055,29,11248.43,326204.47
POITEM-07550,PO-07550,PROD-00041,13,9082.33,118070.29
POITEM-07551,PO-07551,PROD-00053,36,3170.9,114152.4
POITEM-07552,PO-07552,PROD-00022,9,2807.73,25269.57
POITEM-07553,PO-07553,PROD-00088,4,12280.89,49123.56
POITEM-07554,PO-07554,PROD-00041,39,9082.33,354210.87
POITEM-07555,PO-07555,PROD-00014,44,5700.12,250805.28
POITEM-07556,PO-07556,PROD-00065,1,4204.9,4204.9
POITEM-07557,PO-07557,PROD-00015,21,13899.61,291891.81
POITEM-07558,PO-07558,PROD-00043,36,7340.76,264267.36
POITEM-07559,PO-07559,PROD-00001,46,5330.61,245208.06
POITEM-07560,PO-07560,PROD-00099,9,2021.75,18195.75
POITEM-07561,PO-07561,PROD-00072,43,13495.08,580288.44
POITEM-07562,PO-07562,PROD-00033,44,14000.56,616024.64
POITEM-07563,PO-07563,PROD-00083,39,12510.03,487891.17
POITEM-07564,PO-07564,PROD-00097,26,14370.54,373634.04
POITEM-07565,PO-07565,PROD-00091,46,9178.83,422226.18
POITEM-07566,PO-07566,PROD-00100,17,7978.7,135637.9
POITEM-07567,PO-07567,PROD-00050,40,5554.01,222160.4
POITEM-07568,PO-07568,PROD-00052,40,13487.25,539490.0
POITEM-07569,PO-07569,PROD-00041,24,9082.33,217975.92
POITEM-07570,PO-07570,PROD-00088,49,12280.89,601763.61
POITEM-07571,PO-07571,PROD-00067,16,1752.24,28035.84
POITEM-07572,PO-07572,PROD-00057,31,396.18,12281.58
POITEM-07573,PO-07573,PROD-00088,47,12280.89,577201.83
POITEM-07574,PO-07574,PROD-00066,33,14717.72,485684.76
POITEM-07575,PO-07575,PROD-00052,19,13487.25,256257.75
POITEM-07576,PO-07576,PROD-00076,30,4725.89,141776.7
POITEM-07577,PO-07577,PROD-00039,44,1753.54,77155.76
POITEM-07578,PO-07578,PROD-00012,40,6111.05,244442.0
POITEM-07579,PO-07579,PROD-00091,28,9178.83,257007.24
POITEM-07580,PO-07580,PROD-00010,47,9790.87,460170.89
POITEM-07581,PO-07581,PROD-00038,22,1576.21,34676.62
POITEM-07582,PO-07582,PROD-00080,3,6321.18,18963.54
POITEM-07583,PO-07583,PROD-00071,33,9102.98,300398.34
POITEM-07584,PO-07584,PROD-00051,34,1933.5,65739.0
POITEM-07585,PO-07585,PROD-00088,15,12280.89,184213.35
POITEM-07586,PO-07586,PROD-00047,35,6641.49,232452.15
POITEM-07587,PO-07587,PROD-00023,13,12930.74,168099.62
POITEM-07588,PO-07588,PROD-00067,49,1752.24,85859.76
POITEM-07589,PO-07589,PROD-00033,10,14000.56,140005.6
POITEM-07590,PO-07590,PROD-00047,35,6641.49,232452.15
POITEM-07591,PO-07591,PROD-00070,45,10934.96,492073.2
POITEM-07592,PO-07592,PROD-00031,34,6887.83,234186.22
POITEM-07593,PO-07593,PROD-00079,12,4452.44,53429.28
POITEM-07594,PO-07594,PROD-00065,35,4204.9,147171.5
POITEM-07595,PO-07595,PROD-00012,26,6111.05,158887.3
POITEM-07596,PO-07596,PROD-00024,17,14125.4,240131.8
POITEM-07597,PO-07597,PROD-00081,3,11228.32,33684.96
POITEM-07598,PO-07598,PROD-00023,15,12930.74,193961.1
POITEM-07599,PO-07599,PROD-00013,22,12973.14,285409.08
POITEM-07600,PO-07600,PROD-00069,31,1648.33,51098.23
POITEM-07601,PO-07601,PROD-00044,23,9523.41,219038.43
POITEM-07602,PO-07602,PROD-00045,45,78.1,3514.5
POITEM-07603,PO-07603,PROD-00090,11,390.77,4298.47
POITEM-07604,PO-07604,PROD-00085,30,6640.75,199222.5
POITEM-07605,PO-07605,PROD-00075,26,6483.68,168575.68
POITEM-07606,PO-07606,PROD-00077,15,13503.2,202548.0
POITEM-07607,PO-07607,PROD-00074,49,7810.81,382729.69
POITEM-07608,PO-07608,PROD-00015,49,13899.61,681080.89
POITEM-07609,PO-07609,PROD-00050,6,5554.01,33324.06
POITEM-07610,PO-07610,PROD-00039,34,1753.54,59620.36
POITEM-07611,PO-07611,PROD-00052,38,13487.25,512515.5
POITEM-07612,PO-07612,PROD-00060,33,13085.7,431828.1
POITEM-07613,PO-07613,PROD-00039,42,1753.54,73648.68
POITEM-07614,PO-07614,PROD-00054,31,1564.33,48494.23
POITEM-07615,PO-07615,PROD-00004,19,6054.25,115030.75
POITEM-07616,PO-07616,PROD-00071,36,9102.98,327707.28
POITEM-07617,PO-07617,PROD-00015,28,13899.61,389189.08
POITEM-07618,PO-07618,PROD-00045,21,78.1,1640.1
POITEM-07619,PO-07619,PROD-00046,2,14697.47,29394.94
POITEM-07620,PO-07620,PROD-00051,14,1933.5,27069.0
POITEM-07621,PO-07621,PROD-00057,25,396.18,9904.5
POITEM-07622,PO-07622,PROD-00031,9,6887.83,61990.47
POITEM-07623,PO-07623,PROD-00099,12,2021.75,24261.0
POITEM-07624,PO-07624,PROD-00031,45,6887.83,309952.35
POITEM-07625,PO-07625,PROD-00057,35,396.18,13866.3
POITEM-07626,PO-07626,PROD-00084,27,3172.49,85657.23
POITEM-07627,PO-07627,PROD-00008,11,3765.85,41424.35
POITEM-07628,PO-07628,PROD-00100,6,7978.7,47872.2
POITEM-07629,PO-07629,PROD-00084,42,3172.49,133244.58
POITEM-07630,PO-07630,PROD-00095,19,12910.1,245291.9
POITEM-07631,PO-07631,PROD-00007,48,6342.68,304448.64
POITEM-07632,PO-07632,PROD-00052,24,13487.25,323694.0
POITEM-07633,PO-07633,PROD-00003,17,9810.5,166778.5
POITEM-07634,PO-07634,PROD-00052,29,13487.25,391130.25
POITEM-07635,PO-07635,PROD-00050,46,5554.01,255484.46
POITEM-07636,PO-07636,PROD-00044,43,9523.41,409506.63
POITEM-07637,PO-07637,PROD-00050,50,5554.01,277700.5
POITEM-07638,PO-07638,PROD-00096,29,6391.56,185355.24
POITEM-07639,PO-07639,PROD-00082,16,8547.35,136757.6
POITEM-07640,PO-07640,PROD-00012,21,6111.05,128332.05
POITEM-07641,PO-07641,PROD-00062,26,4595.23,119475.98
POITEM-07642,PO-07642,PROD-00060,14,13085.7,183199.8
POITEM-07643,PO-07643,PROD-00062,35,4595.23,160833.05
POITEM-07644,PO-07644,PROD-00083,44,12510.03,550441.32
POITEM-07645,PO-07645,PROD-00005,48,12928.55,620570.4
POITEM-07646,PO-07646,PROD-00004,35,6054.25,211898.75
POITEM-07647,PO-07647,PROD-00041,23,9082.33,208893.59
POITEM-07648,PO-07648,PROD-00042,27,10320.27,278647.29
POITEM-07649,PO-07649,PROD-00030,1,13937.05,13937.05
POITEM-07650,PO-07650,PROD-00074,13,7810.81,101540.53
POITEM-07651,PO-07651,PROD-00016,21,6359.54,133550.34
POITEM-07652,PO-07652,PROD-00069,27,1648.33,44504.91
POITEM-07653,PO-07653,PROD-00087,31,1294.81,40139.11
POITEM-07654,PO-07654,PROD-00007,33,6342.68,209308.44
POITEM-07655,PO-07655,PROD-00099,36,2021.75,72783.0
POITEM-07656,PO-07656,PROD-00040,29,8309.52,240976.08
POITEM-07657,PO-07657,PROD-00021,30,14412.66,432379.8
POITEM-07658,PO-07658,PROD-00088,47,12280.89,577201.83
POITEM-07659,PO-07659,PROD-00026,49,9869.16,483588.84
POITEM-07660,PO-07660,PROD-00054,47,1564.33,73523.51
POITEM-07661,PO-07661,PROD-00061,42,3013.6,126571.2
POITEM-07662,PO-07662,PROD-00025,35,8927.92,312477.2
POITEM-07663,PO-07663,PROD-00078,2,6140.68,12281.36
POITEM-07664,PO-07664,PROD-00012,47,6111.05,287219.35
POITEM-07665,PO-07665,PROD-00080,20,6321.18,126423.6
POITEM-07666,PO-07666,PROD-00034,35,5558.67,194553.45
POITEM-07667,PO-07667,PROD-00040,42,8309.52,348999.84
POITEM-07668,PO-07668,PROD-00095,41,12910.1,529314.1
POITEM-07669,PO-07669,PROD-00024,32,14125.4,452012.8
POITEM-07670,PO-07670,PROD-00067,6,1752.24,10513.44
POITEM-07671,PO-07671,PROD-00054,30,1564.33,46929.9
POITEM-07672,PO-07672,PROD-00014,26,5700.12,148203.12
POITEM-07673,PO-07673,PROD-00085,1,6640.75,6640.75
POITEM-07674,PO-07674,PROD-00052,9,13487.25,121385.25
POITEM-07675,PO-07675,PROD-00011,38,13897.35,528099.3
POITEM-07676,PO-07676,PROD-00043,26,7340.76,190859.76
POITEM-07677,PO-07677,PROD-00067,34,1752.24,59576.16
POITEM-07678,PO-07678,PROD-00038,49,1576.21,77234.29
POITEM-07679,PO-07679,PROD-00055,36,11248.43,404943.48
POITEM-07680,PO-07680,PROD-00017,30,2868.72,86061.6
POITEM-07681,PO-07681,PROD-00006,44,2873.38,126428.72
POITEM-07682,PO-07682,PROD-00083,5,12510.03,62550.15
POITEM-07683,PO-07683,PROD-00023,18,12930.74,232753.32
POITEM-07684,PO-07684,PROD-00038,40,1576.21,63048.4
POITEM-07685,PO-07685,PROD-00061,34,3013.6,102462.4
POITEM-07686,PO-07686,PROD-00026,2,9869.16,19738.32
POITEM-07687,PO-07687,PROD-00052,38,13487.25,512515.5
POITEM-07688,PO-07688,PROD-00024,6,14125.4,84752.4
POITEM-07689,PO-07689,PROD-00012,22,6111.05,134443.1
POITEM-07690,PO-07690,PROD-00039,21,1753.54,36824.34
POITEM-07691,PO-07691,PROD-00056,35,2458.46,86046.1
POITEM-07692,PO-07692,PROD-00075,28,6483.68,181543.04
POITEM-07693,PO-07693,PROD-00097,19,14370.54,273040.26
POITEM-07694,PO-07694,PROD-00028,34,4002.58,136087.72
POITEM-07695,PO-07695,PROD-00064,46,4940.72,227273.12
POITEM-07696,PO-07696,PROD-00096,42,6391.56,268445.52
POITEM-07697,PO-07697,PROD-00081,25,11228.32,280708.0
POITEM-07698,PO-07698,PROD-00054,30,1564.33,46929.9
POITEM-07699,PO-07699,PROD-00007,46,6342.68,291763.28
POITEM-07700,PO-07700,PROD-00030,6,13937.05,83622.3
POITEM-07701,PO-07701,PROD-00082,3,8547.35,25642.05
POITEM-07702,PO-07702,PROD-00068,16,8719.33,139509.28
POITEM-07703,PO-07703,PROD-00051,20,1933.5,38670.0
POITEM-07704,PO-07704,PROD-00070,22,10934.96,240569.12
POITEM-07705,PO-07705,PROD-00058,44,13963.97,614414.68
POITEM-07706,PO-07706,PROD-00039,31,1753.54,54359.74
POITEM-07707,PO-07707,PROD-00078,48,6140.68,294752.64
POITEM-07708,PO-07708,PROD-00017,32,2868.72,91799.04
POITEM-07709,PO-07709,PROD-00009,14,12125.13,169751.82
POITEM-07710,PO-07710,PROD-00099,16,2021.75,32348.0
POITEM-07711,PO-07711,PROD-00016,31,6359.54,197145.74
POITEM-07712,PO-07712,PROD-00080,34,6321.18,214920.12
POITEM-07713,PO-07713,PROD-00037,25,12261.13,306528.25
POITEM-07714,PO-07714,PROD-00013,10,12973.14,129731.4
POITEM-07715,PO-07715,PROD-00070,10,10934.96,109349.6
POITEM-07716,PO-07716,PROD-00042,12,10320.27,123843.24
POITEM-07717,PO-07717,PROD-00050,12,5554.01,66648.12
POITEM-07718,PO-07718,PROD-00049,19,13561.33,257665.27
POITEM-07719,PO-07719,PROD-00100,40,7978.7,319148.0
POITEM-07720,PO-07720,PROD-00065,25,4204.9,105122.5
POITEM-07721,PO-07721,PROD-00089,41,4673.53,191614.73
POITEM-07722,PO-07722,PROD-00065,28,4204.9,117737.2
POITEM-07723,PO-07723,PROD-00040,28,8309.52,232666.56
POITEM-07724,PO-07724,PROD-00049,41,13561.33,556014.53
POITEM-07725,PO-07725,PROD-00054,32,1564.33,50058.56
POITEM-07726,PO-07726,PROD-00041,42,9082.33,381457.86
POITEM-07727,PO-07727,PROD-00009,27,12125.13,327378.51
POITEM-07728,PO-07728,PROD-00046,7,14697.47,102882.29
POITEM-07729,PO-07729,PROD-00080,39,6321.18,246526.02
POITEM-07730,PO-07730,PROD-00006,7,2873.38,20113.66
POITEM-07731,PO-07731,PROD-00023,9,12930.74,116376.66
POITEM-07732,PO-07732,PROD-00077,42,13503.2,567134.4
POITEM-07733,PO-07733,PROD-00042,4,10320.27,41281.08
POITEM-07734,PO-07734,PROD-00012,40,6111.05,244442.0
POITEM-07735,PO-07735,PROD-00054,9,1564.33,14078.97
POITEM-07736,PO-07736,PROD-00077,1,13503.2,13503.2
POITEM-07737,PO-07737,PROD-00069,16,1648.33,26373.28
POITEM-07738,PO-07738,PROD-00083,3,12510.03,37530.09
POITEM-07739,PO-07739,PROD-00029,21,9691.37,203518.77
POITEM-07740,PO-07740,PROD-00075,4,6483.68,25934.72
POITEM-07741,PO-07741,PROD-00037,45,12261.13,551750.85
POITEM-07742,PO-07742,PROD-00038,35,1576.21,55167.35
POITEM-07743,PO-07743,PROD-00064,40,4940.72,197628.8
POITEM-07744,PO-07744,PROD-00076,1,4725.89,4725.89
POITEM-07745,PO-07745,PROD-00013,2,12973.14,25946.28
POITEM-07746,PO-07746,PROD-00010,42,9790.87,411216.54
POITEM-07747,PO-07747,PROD-00076,36,4725.89,170132.04
POITEM-07748,PO-07748,PROD-00091,36,9178.83,330437.88
POITEM-07749,PO-07749,PROD-00066,47,14717.72,691732.84
POITEM-07750,PO-07750,PROD-00018,11,8698.22,95680.42
POITEM-07751,PO-07751,PROD-00027,4,3083.78,12335.12
POITEM-07752,PO-07752,PROD-00034,13,5558.67,72262.71
POITEM-07753,PO-07753,PROD-00052,3,13487.25,40461.75
POITEM-07754,PO-07754,PROD-00092,49,6231.25,305331.25
POITEM-07755,PO-07755,PROD-00069,13,1648.33,21428.29
POITEM-07756,PO-07756,PROD-00074,29,7810.81,226513.49
POITEM-07757,PO-07757,PROD-00033,14,14000.56,196007.84
POITEM-07758,PO-07758,PROD-00080,33,6321.18,208598.94
POITEM-07759,PO-07759,PROD-00063,2,379.37,758.74
POITEM-07760,PO-07760,PROD-00024,38,14125.4,536765.2
POITEM-07761,PO-07761,PROD-00053,31,3170.9,98297.9
POITEM-07762,PO-07762,PROD-00040,11,8309.52,91404.72
POITEM-07763,PO-07763,PROD-00066,1,14717.72,14717.72
POITEM-07764,PO-07764,PROD-00038,35,1576.21,55167.35
POITEM-07765,PO-07765,PROD-00049,3,13561.33,40683.99
POITEM-07766,PO-07766,PROD-00089,26,4673.53,121511.78
POITEM-07767,PO-07767,PROD-00003,40,9810.5,392420.0
POITEM-07768,PO-07768,PROD-00087,8,1294.81,10358.48
POITEM-07769,PO-07769,PROD-00065,39,4204.9,163991.1
POITEM-07770,PO-07770,PROD-00085,35,6640.75,232426.25
POITEM-07771,PO-07771,PROD-00071,20,9102.98,182059.6
POITEM-07772,PO-07772,PROD-00008,25,3765.85,94146.25
POITEM-07773,PO-07773,PROD-00066,17,14717.72,250201.24
POITEM-07774,PO-07774,PROD-00083,42,12510.03,525421.26
POITEM-07775,PO-07775,PROD-00058,44,13963.97,614414.68
POITEM-07776,PO-07776,PROD-00071,7,9102.98,63720.86
POITEM-07777,PO-07777,PROD-00028,15,4002.58,60038.7
POITEM-07778,PO-07778,PROD-00019,10,4721.23,47212.3
POITEM-07779,PO-07779,PROD-00026,22,9869.16,217121.52
POITEM-07780,PO-07780,PROD-00002,11,12960.96,142570.56
POITEM-07781,PO-07781,PROD-00068,32,8719.33,279018.56
POITEM-07782,PO-07782,PROD-00036,24,14758.2,354196.8
POITEM-07783,PO-07783,PROD-00059,49,2408.99,118040.51
POITEM-07784,PO-07784,PROD-00027,45,3083.78,138770.1
POITEM-07785,PO-07785,PROD-00081,34,11228.32,381762.88
POITEM-07786,PO-07786,PROD-00025,6,8927.92,53567.52
POITEM-07787,PO-07787,PROD-00086,26,7110.96,184884.96
POITEM-07788,PO-07788,PROD-00045,8,78.1,624.8
POITEM-07789,PO-07789,PROD-00012,37,6111.05,226108.85
POITEM-07790,PO-07790,PROD-00083,31,12510.03,387810.93
POITEM-07791,PO-07791,PROD-00100,2,7978.7,15957.4
POITEM-07792,PO-07792,PROD-00019,37,4721.23,174685.51
POITEM-07793,PO-07793,PROD-00010,16,9790.87,156653.92
POITEM-07794,PO-07794,PROD-00059,2,2408.99,4817.98
POITEM-07795,PO-07795,PROD-00092,35,6231.25,218093.75
POITEM-07796,PO-07796,PROD-00077,7,13503.2,94522.4
POITEM-07797,PO-07797,PROD-00071,29,9102.98,263986.42
POITEM-07798,PO-07798,PROD-00083,39,12510.03,487891.17
POITEM-07799,PO-07799,PROD-00074,10,7810.81,78108.1
POITEM-07800,PO-07800,PROD-00086,35,7110.96,248883.6
POITEM-07801,PO-07801,PROD-00066,19,14717.72,279636.68
POITEM-07802,PO-07802,PROD-00034,37,5558.67,205670.79
POITEM-07803,PO-07803,PROD-00017,30,2868.72,86061.6
POITEM-07804,PO-07804,PROD-00023,6,12930.74,77584.44
POITEM-07805,PO-07805,PROD-00095,11,12910.1,142011.1
POITEM-07806,PO-07806,PROD-00031,3,6887.83,20663.49
POITEM-07807,PO-07807,PROD-00051,25,1933.5,48337.5
POITEM-07808,PO-07808,PROD-00019,26,4721.23,122751.98
POITEM-07809,PO-07809,PROD-00064,30,4940.72,148221.6
POITEM-07810,PO-07810,PROD-00073,20,689.69,13793.8
POITEM-07811,PO-07811,PROD-00091,26,9178.83,238649.58
POITEM-07812,PO-07812,PROD-00039,48,1753.54,84169.92
POITEM-07813,PO-07813,PROD-00096,48,6391.56,306794.88
POITEM-07814,PO-07814,PROD-00098,44,8372.15,368374.6
POITEM-07815,PO-07815,PROD-00092,35,6231.25,218093.75
POITEM-07816,PO-07816,PROD-00078,22,6140.68,135094.96
POITEM-07817,PO-07817,PROD-00040,48,8309.52,398856.96
POITEM-07818,PO-07818,PROD-00047,40,6641.49,265659.6
POITEM-07819,PO-07819,PROD-00065,4,4204.9,16819.6
POITEM-07820,PO-07820,PROD-00055,48,11248.43,539924.64
POITEM-07821,PO-07821,PROD-00047,45,6641.49,298867.05
POITEM-07822,PO-07822,PROD-00035,39,12510.33,487902.87
POITEM-07823,PO-07823,PROD-00047,2,6641.49,13282.98
POITEM-07824,PO-07824,PROD-00007,46,6342.68,291763.28
POITEM-07825,PO-07825,PROD-00047,41,6641.49,272301.09
POITEM-07826,PO-07826,PROD-00014,27,5700.12,153903.24
POITEM-07827,PO-07827,PROD-00023,15,12930.74,193961.1
POITEM-07828,PO-07828,PROD-00002,16,12960.96,207375.36
POITEM-07829,PO-07829,PROD-00065,4,4204.9,16819.6
POITEM-07830,PO-07830,PROD-00041,43,9082.33,390540.19
POITEM-07831,PO-07831,PROD-00010,40,9790.87,391634.8
POITEM-07832,PO-07832,PROD-00095,40,12910.1,516404.0
POITEM-07833,PO-07833,PROD-00075,3,6483.68,19451.04
POITEM-07834,PO-07834,PROD-00073,31,689.69,21380.39
POITEM-07835,PO-07835,PROD-00035,34,12510.33,425351.22
POITEM-07836,PO-07836,PROD-00013,33,12973.14,428113.62
POITEM-07837,PO-07837,PROD-00079,32,4452.44,142478.08
POITEM-07838,PO-07838,PROD-00053,17,3170.9,53905.3
POITEM-07839,PO-07839,PROD-00025,43,8927.92,383900.56
POITEM-07840,PO-07840,PROD-00039,39,1753.54,68388.06
POITEM-07841,PO-07841,PROD-00099,50,2021.75,101087.5
POITEM-07842,PO-07842,PROD-00036,10,14758.2,147582.0
POITEM-07843,PO-07843,PROD-00064,25,4940.72,123518.0
POITEM-07844,PO-07844,PROD-00052,19,13487.25,256257.75
POITEM-07845,PO-07845,PROD-00027,45,3083.78,138770.1
POITEM-07846,PO-07846,PROD-00029,47,9691.37,455494.39
POITEM-07847,PO-07847,PROD-00068,41,8719.33,357492.53
POITEM-07848,PO-07848,PROD-00040,47,8309.52,390547.44
POITEM-07849,PO-07849,PROD-00042,8,10320.27,82562.16
POITEM-07850,PO-07850,PROD-00075,2,6483.68,12967.36
POITEM-07851,PO-07851,PROD-00033,2,14000.56,28001.12
POITEM-07852,PO-07852,PROD-00024,6,14125.4,84752.4
POITEM-07853,PO-07853,PROD-00011,14,13897.35,194562.9
POITEM-07854,PO-07854,PROD-00093,15,10452.9,156793.5
POITEM-07855,PO-07855,PROD-00032,21,8076.08,169597.68
POITEM-07856,PO-07856,PROD-00029,48,9691.37,465185.76
POITEM-07857,PO-07857,PROD-00001,13,5330.61,69297.93
POITEM-07858,PO-07858,PROD-00081,48,11228.32,538959.36
POITEM-07859,PO-07859,PROD-00064,11,4940.72,54347.92
POITEM-07860,PO-07860,PROD-00087,15,1294.81,19422.15
POITEM-07861,PO-07861,PROD-00025,49,8927.92,437468.08
POITEM-07862,PO-07862,PROD-00030,42,13937.05,585356.1
POITEM-07863,PO-07863,PROD-00079,14,4452.44,62334.16
POITEM-07864,PO-07864,PROD-00033,43,14000.56,602024.08
POITEM-07865,PO-07865,PROD-00083,39,12510.03,487891.17
POITEM-07866,PO-07866,PROD-00093,50,10452.9,522645.0
POITEM-07867,PO-07867,PROD-00071,45,9102.98,409634.1
POITEM-07868,PO-07868,PROD-00037,11,12261.13,134872.43
POITEM-07869,PO-07869,PROD-00043,20,7340.76,146815.2
POITEM-07870,PO-07870,PROD-00092,50,6231.25,311562.5
POITEM-07871,PO-07871,PROD-00026,39,9869.16,384897.24
POITEM-07872,PO-07872,PROD-00011,17,13897.35,236254.95
POITEM-07873,PO-07873,PROD-00023,29,12930.74,374991.46
POITEM-07874,PO-07874,PROD-00082,36,8547.35,307704.6
POITEM-07875,PO-07875,PROD-00040,37,8309.52,307452.24
POITEM-07876,PO-07876,PROD-00047,40,6641.49,265659.6
POITEM-07877,PO-07877,PROD-00055,25,11248.43,281210.75
POITEM-07878,PO-07878,PROD-00043,3,7340.76,22022.28
POITEM-07879,PO-07879,PROD-00025,35,8927.92,312477.2
POITEM-07880,PO-07880,PROD-00037,18,12261.13,220700.34
POITEM-07881,PO-07881,PROD-00086,17,7110.96,120886.32
POITEM-07882,PO-07882,PROD-00024,11,14125.4,155379.4
POITEM-07883,PO-07883,PROD-00051,46,1933.5,88941.0
POITEM-07884,PO-07884,PROD-00028,32,4002.58,128082.56
POITEM-07885,PO-07885,PROD-00030,13,13937.05,181181.65
POITEM-07886,PO-07886,PROD-00009,48,12125.13,582006.24
POITEM-07887,PO-07887,PROD-00048,1,169.8,169.8
POITEM-07888,PO-07888,PROD-00082,33,8547.35,282062.55
POITEM-07889,PO-07889,PROD-00071,44,9102.98,400531.12
POITEM-07890,PO-07890,PROD-00008,15,3765.85,56487.75
POITEM-07891,PO-07891,PROD-00044,5,9523.41,47617.05
POITEM-07892,PO-07892,PROD-00024,35,14125.4,494389.0
POITEM-07893,PO-07893,PROD-00024,48,14125.4,678019.2
POITEM-07894,PO-07894,PROD-00004,49,6054.25,296658.25
POITEM-07895,PO-07895,PROD-00037,15,12261.13,183916.95
POITEM-07896,PO-07896,PROD-00058,38,13963.97,530630.86
POITEM-07897,PO-07897,PROD-00016,25,6359.54,158988.5
POITEM-07898,PO-07898,PROD-00094,27,3678.67,99324.09
POITEM-07899,PO-07899,PROD-00024,34,14125.4,480263.6
POITEM-07900,PO-07900,PROD-00024,16,14125.4,226006.4
POITEM-07901,PO-07901,PROD-00079,23,4452.44,102406.12
POITEM-07902,PO-07902,PROD-00048,16,169.8,2716.8
POITEM-07903,PO-07903,PROD-00098,42,8372.15,351630.3
POITEM-07904,PO-07904,PROD-00028,34,4002.58,136087.72
POITEM-07905,PO-07905,PROD-00033,3,14000.56,42001.68
POITEM-07906,PO-07906,PROD-00033,47,14000.56,658026.32
POITEM-07907,PO-07907,PROD-00023,19,12930.74,245684.06
POITEM-07908,PO-07908,PROD-00044,47,9523.41,447600.27
POITEM-07909,PO-07909,PROD-00083,13,12510.03,162630.39
POITEM-07910,PO-07910,PROD-00072,8,13495.08,107960.64
POITEM-07911,PO-07911,PROD-00013,42,12973.14,544871.88
POITEM-07912,PO-07912,PROD-00051,24,1933.5,46404.0
POITEM-07913,PO-07913,PROD-00042,18,10320.27,185764.86
POITEM-07914,PO-07914,PROD-00051,49,1933.5,94741.5
POITEM-07915,PO-07915,PROD-00014,31,5700.12,176703.72
POITEM-07916,PO-07916,PROD-00004,8,6054.25,48434.0
POITEM-07917,PO-07917,PROD-00078,4,6140.68,24562.72
POITEM-07918,PO-07918,PROD-00076,26,4725.89,122873.14
POITEM-07919,PO-07919,PROD-00016,21,6359.54,133550.34
POITEM-07920,PO-07920,PROD-00050,13,5554.01,72202.13
POITEM-07921,PO-07921,PROD-00064,34,4940.72,167984.48
POITEM-07922,PO-07922,PROD-00093,40,10452.9,418116.0
POITEM-07923,PO-07923,PROD-00021,13,14412.66,187364.58
POITEM-07924,PO-07924,PROD-00052,10,13487.25,134872.5
POITEM-07925,PO-07925,PROD-00047,35,6641.49,232452.15
POITEM-07926,PO-07926,PROD-00071,28,9102.98,254883.44
POITEM-07927,PO-07927,PROD-00084,8,3172.49,25379.92
POITEM-07928,PO-07928,PROD-00091,17,9178.83,156040.11
POITEM-07929,PO-07929,PROD-00003,47,9810.5,461093.5
POITEM-07930,PO-07930,PROD-00073,10,689.69,6896.9
POITEM-07931,PO-07931,PROD-00023,15,12930.74,193961.1
POITEM-07932,PO-07932,PROD-00013,41,12973.14,531898.74
POITEM-07933,PO-07933,PROD-00078,41,6140.68,251767.88
POITEM-07934,PO-07934,PROD-00006,30,2873.38,86201.4
POITEM-07935,PO-07935,PROD-00096,31,6391.56,198138.36
POITEM-07936,PO-07936,PROD-00029,40,9691.37,387654.8
POITEM-07937,PO-07937,PROD-00061,40,3013.6,120544.0
POITEM-07938,PO-07938,PROD-00028,42,4002.58,168108.36
POITEM-07939,PO-07939,PROD-00029,3,9691.37,29074.11
POITEM-07940,PO-07940,PROD-00041,28,9082.33,254305.24
POITEM-07941,PO-07941,PROD-00036,15,14758.2,221373.0
POITEM-07942,PO-07942,PROD-00047,24,6641.49,159395.76
POITEM-07943,PO-07943,PROD-00082,13,8547.35,111115.55
POITEM-07944,PO-07944,PROD-00028,21,4002.58,84054.18
POITEM-07945,PO-07945,PROD-00032,31,8076.08,250358.48
POITEM-07946,PO-07946,PROD-00075,5,6483.68,32418.4
POITEM-07947,PO-07947,PROD-00032,36,8076.08,290738.88
POITEM-07948,PO-07948,PROD-00069,6,1648.33,9889.98
POITEM-07949,PO-07949,PROD-00091,28,9178.83,257007.24
POITEM-07950,PO-07950,PROD-00073,14,689.69,9655.66
POITEM-07951,PO-07951,PROD-00071,34,9102.98,309501.32
POITEM-07952,PO-07952,PROD-00091,50,9178.83,458941.5
POITEM-07953,PO-07953,PROD-00019,21,4721.23,99145.83
POITEM-07954,PO-07954,PROD-00036,20,14758.2,295164.0
POITEM-07955,PO-07955,PROD-00024,21,14125.4,296633.4
POITEM-07956,PO-07956,PROD-00048,8,169.8,1358.4
POITEM-07957,PO-07957,PROD-00048,46,169.8,7810.8
POITEM-07958,PO-07958,PROD-00032,26,8076.08,209978.08
POITEM-07959,PO-07959,PROD-00029,16,9691.37,155061.92
POITEM-07960,PO-07960,PROD-00058,16,13963.97,223423.52
POITEM-07961,PO-07961,PROD-00048,17,169.8,2886.6
POITEM-07962,PO-07962,PROD-00094,11,3678.67,40465.37
POITEM-07963,PO-07963,PROD-00044,26,9523.41,247608.66
POITEM-07964,PO-07964,PROD-00088,21,12280.89,257898.69
POITEM-07965,PO-07965,PROD-00058,42,13963.97,586486.74
POITEM-07966,PO-07966,PROD-00062,44,4595.23,202190.12
POITEM-07967,PO-07967,PROD-00094,45,3678.67,165540.15
POITEM-07968,PO-07968,PROD-00016,33,6359.54,209864.82
POITEM-07969,PO-07969,PROD-00021,27,14412.66,389141.82
POITEM-07970,PO-07970,PROD-00071,4,9102.98,36411.92
POITEM-07971,PO-07971,PROD-00025,17,8927.92,151774.64
POITEM-07972,PO-07972,PROD-00027,21,3083.78,64759.38
POITEM-07973,PO-07973,PROD-00007,31,6342.68,196623.08
POITEM-07974,PO-07974,PROD-00027,5,3083.78,15418.9
POITEM-07975,PO-07975,PROD-00027,42,3083.78,129518.76
POITEM-07976,PO-07976,PROD-00008,15,3765.85,56487.75
POITEM-07977,PO-07977,PROD-00048,11,169.8,1867.8
POITEM-07978,PO-07978,PROD-00047,50,6641.49,332074.5
POITEM-07979,PO-07979,PROD-00076,25,4725.89,118147.25
POITEM-07980,PO-07980,PROD-00016,32,6359.54,203505.28
POITEM-07981,PO-07981,PROD-00073,42,689.69,28966.98
POITEM-07982,PO-07982,PROD-00094,6,3678.67,22072.02
POITEM-07983,PO-07983,PROD-00019,6,4721.23,28327.38
POITEM-07984,PO-07984,PROD-00093,17,10452.9,177699.3
POITEM-07985,PO-07985,PROD-00087,41,1294.81,53087.21
POITEM-07986,PO-07986,PROD-00086,29,7110.96,206217.84
POITEM-07987,PO-07987,PROD-00093,17,10452.9,177699.3
POITEM-07988,PO-07988,PROD-00050,21,5554.01,116634.21
POITEM-07989,PO-07989,PROD-00044,10,9523.41,95234.1
POITEM-07990,PO-07990,PROD-00090,45,390.77,17584.65
POITEM-07991,PO-07991,PROD-00094,3,3678.67,11036.01
POITEM-07992,PO-07992,PROD-00074,24,7810.81,187459.44
POITEM-07993,PO-07993,PROD-00019,32,4721.23,151079.36
POITEM-07994,PO-07994,PROD-00070,33,10934.96,360853.68
POITEM-07995,PO-07995,PROD-00068,26,8719.33,226702.58
POITEM-07996,PO-07996,PROD-00093,21,10452.9,219510.9
POITEM-07997,PO-07997,PROD-00011,14,13897.35,194562.9
POITEM-07998,PO-07998,PROD-00040,44,8309.52,365618.88
POITEM-07999,PO-07999,PROD-00078,39,6140.68,239486.52
POITEM-08000,PO-08000,PROD-00009,41,12125.13,497130.33
POITEM-08001,PO-08001,PROD-00087,23,1294.81,29780.63
POITEM-08002,PO-08002,PROD-00032,34,8076.08,274586.72
POITEM-08003,PO-08003,PROD-00030,36,13937.05,501733.8
POITEM-08004,PO-08004,PROD-00097,3,14370.54,43111.62
POITEM-08005,PO-08005,PROD-00003,20,9810.5,196210.0
POITEM-08006,PO-08006,PROD-00076,12,4725.89,56710.68
POITEM-08007,PO-08007,PROD-00026,6,9869.16,59214.96
POITEM-08008,PO-08008,PROD-00072,30,13495.08,404852.4
POITEM-08009,PO-08009,PROD-00060,15,13085.7,196285.5
POITEM-08010,PO-08010,PROD-00036,15,14758.2,221373.0
POITEM-08011,PO-08011,PROD-00053,17,3170.9,53905.3
POITEM-08012,PO-08012,PROD-00012,12,6111.05,73332.6
POITEM-08013,PO-08013,PROD-00084,20,3172.49,63449.8
POITEM-08014,PO-08014,PROD-00029,5,9691.37,48456.85
POITEM-08015,PO-08015,PROD-00074,16,7810.81,124972.96
POITEM-08016,PO-08016,PROD-00065,41,4204.9,172400.9
POITEM-08017,PO-08017,PROD-00037,32,12261.13,392356.16
POITEM-08018,PO-08018,PROD-00087,19,1294.81,24601.39
POITEM-08019,PO-08019,PROD-00038,28,1576.21,44133.88
POITEM-08020,PO-08020,PROD-00052,24,13487.25,323694.0
POITEM-08021,PO-08021,PROD-00046,11,14697.47,161672.17
POITEM-08022,PO-08022,PROD-00060,25,13085.7,327142.5
POITEM-08023,PO-08023,PROD-00059,37,2408.99,89132.63
POITEM-08024,PO-08024,PROD-00023,38,12930.74,491368.12
POITEM-08025,PO-08025,PROD-00064,8,4940.72,39525.76
POITEM-08026,PO-08026,PROD-00032,40,8076.08,323043.2
POITEM-08027,PO-08027,PROD-00093,25,10452.9,261322.5
POITEM-08028,PO-08028,PROD-00037,10,12261.13,122611.3
POITEM-08029,PO-08029,PROD-00018,20,8698.22,173964.4
POITEM-08030,PO-08030,PROD-00074,17,7810.81,132783.77
POITEM-08031,PO-08031,PROD-00020,20,7164.91,143298.2
POITEM-08032,PO-08032,PROD-00073,19,689.69,13104.11
POITEM-08033,PO-08033,PROD-00013,2,12973.14,25946.28
POITEM-08034,PO-08034,PROD-00061,28,3013.6,84380.8
POITEM-08035,PO-08035,PROD-00030,49,13937.05,682915.45
POITEM-08036,PO-08036,PROD-00011,6,13897.35,83384.1
POITEM-08037,PO-08037,PROD-00006,4,2873.38,11493.52
POITEM-08038,PO-08038,PROD-00056,21,2458.46,51627.66
POITEM-08039,PO-08039,PROD-00073,16,689.69,11035.04
POITEM-08040,PO-08040,PROD-00020,45,7164.91,322420.95
POITEM-08041,PO-08041,PROD-00015,49,13899.61,681080.89
POITEM-08042,PO-08042,PROD-00075,15,6483.68,97255.2
POITEM-08043,PO-08043,PROD-00100,33,7978.7,263297.1
POITEM-08044,PO-08044,PROD-00063,9,379.37,3414.33
POITEM-08045,PO-08045,PROD-00093,40,10452.9,418116.0
POITEM-08046,PO-08046,PROD-00019,33,4721.23,155800.59
POITEM-08047,PO-08047,PROD-00022,23,2807.73,64577.79
POITEM-08048,PO-08048,PROD-00012,13,6111.05,79443.65
POITEM-08049,PO-08049,PROD-00098,11,8372.15,92093.65
POITEM-08050,PO-08050,PROD-00016,49,6359.54,311617.46
POITEM-08051,PO-08051,PROD-00057,8,396.18,3169.44
POITEM-08052,PO-08052,PROD-00052,30,13487.25,404617.5
POITEM-08053,PO-08053,PROD-00011,48,13897.35,667072.8
POITEM-08054,PO-08054,PROD-00083,24,12510.03,300240.72
POITEM-08055,PO-08055,PROD-00074,45,7810.81,351486.45
POITEM-08056,PO-08056,PROD-00009,11,12125.13,133376.43
POITEM-08057,PO-08057,PROD-00094,15,3678.67,55180.05
POITEM-08058,PO-08058,PROD-00042,3,10320.27,30960.81
POITEM-08059,PO-08059,PROD-00041,25,9082.33,227058.25
POITEM-08060,PO-08060,PROD-00024,37,14125.4,522639.8
POITEM-08061,PO-08061,PROD-00021,41,14412.66,590919.06
POITEM-08062,PO-08062,PROD-00012,7,6111.05,42777.35
POITEM-08063,PO-08063,PROD-00044,43,9523.41,409506.63
POITEM-08064,PO-08064,PROD-00071,26,9102.98,236677.48
POITEM-08065,PO-08065,PROD-00059,36,2408.99,86723.64
POITEM-08066,PO-08066,PROD-00096,6,6391.56,38349.36
POITEM-08067,PO-08067,PROD-00002,25,12960.96,324024.0
POITEM-08068,PO-08068,PROD-00060,19,13085.7,248628.3
POITEM-08069,PO-08069,PROD-00009,48,12125.13,582006.24
POITEM-08070,PO-08070,PROD-00086,26,7110.96,184884.96
POITEM-08071,PO-08071,PROD-00014,4,5700.12,22800.48
POITEM-08072,PO-08072,PROD-00066,31,14717.72,456249.32
POITEM-08073,PO-08073,PROD-00088,15,12280.89,184213.35
POITEM-08074,PO-08074,PROD-00084,32,3172.49,101519.68
POITEM-08075,PO-08075,PROD-00091,28,9178.83,257007.24
POITEM-08076,PO-08076,PROD-00060,24,13085.7,314056.8
POITEM-08077,PO-08077,PROD-00080,36,6321.18,227562.48
POITEM-08078,PO-08078,PROD-00050,34,5554.01,188836.34
POITEM-08079,PO-08079,PROD-00085,47,6640.75,312115.25
POITEM-08080,PO-08080,PROD-00084,46,3172.49,145934.54
POITEM-08081,PO-08081,PROD-00076,13,4725.89,61436.57
POITEM-08082,PO-08082,PROD-00077,39,13503.2,526624.8
POITEM-08083,PO-08083,PROD-00064,26,4940.72,128458.72
POITEM-08084,PO-08084,PROD-00013,35,12973.14,454059.9
POITEM-08085,PO-08085,PROD-00041,28,9082.33,254305.24
POITEM-08086,PO-08086,PROD-00088,27,12280.89,331584.03
POITEM-08087,PO-08087,PROD-00008,3,3765.85,11297.55
POITEM-08088,PO-08088,PROD-00040,31,8309.52,257595.12
POITEM-08089,PO-08089,PROD-00027,25,3083.78,77094.5
POITEM-08090,PO-08090,PROD-00033,20,14000.56,280011.2
POITEM-08091,PO-08091,PROD-00058,45,13963.97,628378.65
POITEM-08092,PO-08092,PROD-00071,6,9102.98,54617.88
POITEM-08093,PO-08093,PROD-00043,44,7340.76,322993.44
POITEM-08094,PO-08094,PROD-00001,25,5330.61,133265.25
POITEM-08095,PO-08095,PROD-00076,44,4725.89,207939.16
POITEM-08096,PO-08096,PROD-00002,21,12960.96,272180.16
POITEM-08097,PO-08097,PROD-00088,9,12280.89,110528.01
POITEM-08098,PO-08098,PROD-00056,31,2458.46,76212.26
POITEM-08099,PO-08099,PROD-00029,6,9691.37,58148.22
POITEM-08100,PO-08100,PROD-00081,47,11228.32,527731.04
POITEM-08101,PO-08101,PROD-00097,28,14370.54,402375.12
POITEM-08102,PO-08102,PROD-00043,25,7340.76,183519.0
POITEM-08103,PO-08103,PROD-00075,17,6483.68,110222.56
POITEM-08104,PO-08104,PROD-00046,39,14697.47,573201.33
POITEM-08105,PO-08105,PROD-00012,7,6111.05,42777.35
POITEM-08106,PO-08106,PROD-00039,35,1753.54,61373.9
POITEM-08107,PO-08107,PROD-00079,45,4452.44,200359.8
POITEM-08108,PO-08108,PROD-00019,13,4721.23,61375.99
POITEM-08109,PO-08109,PROD-00072,10,13495.08,134950.8
POITEM-08110,PO-08110,PROD-00047,14,6641.49,92980.86
POITEM-08111,PO-08111,PROD-00039,28,1753.54,49099.12
POITEM-08112,PO-08112,PROD-00031,38,6887.83,261737.54
POITEM-08113,PO-08113,PROD-00089,3,4673.53,14020.59
POITEM-08114,PO-08114,PROD-00045,1,78.1,78.1
POITEM-08115,PO-08115,PROD-00006,22,2873.38,63214.36
POITEM-08116,PO-08116,PROD-00092,39,6231.25,243018.75
POITEM-08117,PO-08117,PROD-00089,39,4673.53,182267.67
POITEM-08118,PO-08118,PROD-00067,36,1752.24,63080.64
POITEM-08119,PO-08119,PROD-00043,49,7340.76,359697.24
POITEM-08120,PO-08120,PROD-00055,7,11248.43,78739.01
POITEM-08121,PO-08121,PROD-00035,20,12510.33,250206.6
POITEM-08122,PO-08122,PROD-00056,12,2458.46,29501.52
POITEM-08123,PO-08123,PROD-00035,46,12510.33,575475.18
POITEM-08124,PO-08124,PROD-00015,9,13899.61,125096.49
POITEM-08125,PO-08125,PROD-00085,5,6640.75,33203.75
POITEM-08126,PO-08126,PROD-00036,12,14758.2,177098.4
POITEM-08127,PO-08127,PROD-00011,4,13897.35,55589.4
POITEM-08128,PO-08128,PROD-00049,36,13561.33,488207.88
POITEM-08129,PO-08129,PROD-00037,22,12261.13,269744.86
POITEM-08130,PO-08130,PROD-00074,45,7810.81,351486.45
POITEM-08131,PO-08131,PROD-00042,50,10320.27,516013.5
POITEM-08132,PO-08132,PROD-00059,31,2408.99,74678.69
POITEM-08133,PO-08133,PROD-00008,37,3765.85,139336.45
POITEM-08134,PO-08134,PROD-00030,15,13937.05,209055.75
POITEM-08135,PO-08135,PROD-00027,25,3083.78,77094.5
POITEM-08136,PO-08136,PROD-00052,19,13487.25,256257.75
POITEM-08137,PO-08137,PROD-00029,1,9691.37,9691.37
POITEM-08138,PO-08138,PROD-00065,41,4204.9,172400.9
POITEM-08139,PO-08139,PROD-00093,6,10452.9,62717.4
POITEM-08140,PO-08140,PROD-00076,15,4725.89,70888.35
POITEM-08141,PO-08141,PROD-00087,29,1294.81,37549.49
POITEM-08142,PO-08142,PROD-00022,33,2807.73,92655.09
POITEM-08143,PO-08143,PROD-00085,31,6640.75,205863.25
POITEM-08144,PO-08144,PROD-00032,48,8076.08,387651.84
POITEM-08145,PO-08145,PROD-00008,40,3765.85,150634.0
POITEM-08146,PO-08146,PROD-00017,46,2868.72,131961.12
POITEM-08147,PO-08147,PROD-00031,38,6887.83,261737.54
POITEM-08148,PO-08148,PROD-00081,3,11228.32,33684.96
POITEM-08149,PO-08149,PROD-00035,10,12510.33,125103.3
POITEM-08150,PO-08150,PROD-00029,18,9691.37,174444.66
POITEM-08151,PO-08151,PROD-00009,39,12125.13,472880.07
POITEM-08152,PO-08152,PROD-00043,17,7340.76,124792.92
POITEM-08153,PO-08153,PROD-00040,48,8309.52,398856.96
POITEM-08154,PO-08154,PROD-00020,31,7164.91,222112.21
POITEM-08155,PO-08155,PROD-00017,8,2868.72,22949.76
POITEM-08156,PO-08156,PROD-00017,27,2868.72,77455.44
POITEM-08157,PO-08157,PROD-00058,8,13963.97,111711.76
POITEM-08158,PO-08158,PROD-00031,39,6887.83,268625.37
POITEM-08159,PO-08159,PROD-00012,45,6111.05,274997.25
POITEM-08160,PO-08160,PROD-00059,19,2408.99,45770.81
POITEM-08161,PO-08161,PROD-00071,39,9102.98,355016.22
POITEM-08162,PO-08162,PROD-00064,50,4940.72,247036.0
POITEM-08163,PO-08163,PROD-00090,14,390.77,5470.78
POITEM-08164,PO-08164,PROD-00059,16,2408.99,38543.84
POITEM-08165,PO-08165,PROD-00050,9,5554.01,49986.09
POITEM-08166,PO-08166,PROD-00067,27,1752.24,47310.48
POITEM-08167,PO-08167,PROD-00039,20,1753.54,35070.8
POITEM-08168,PO-08168,PROD-00033,10,14000.56,140005.6
POITEM-08169,PO-08169,PROD-00005,19,12928.55,245642.45
POITEM-08170,PO-08170,PROD-00034,14,5558.67,77821.38
POITEM-08171,PO-08171,PROD-00094,45,3678.67,165540.15
POITEM-08172,PO-08172,PROD-00009,47,12125.13,569881.11
POITEM-08173,PO-08173,PROD-00076,15,4725.89,70888.35
POITEM-08174,PO-08174,PROD-00063,42,379.37,15933.54
POITEM-08175,PO-08175,PROD-00027,28,3083.78,86345.84
POITEM-08176,PO-08176,PROD-00042,8,10320.27,82562.16
POITEM-08177,PO-08177,PROD-00096,16,6391.56,102264.96
POITEM-08178,PO-08178,PROD-00068,3,8719.33,26157.99
POITEM-08179,PO-08179,PROD-00026,32,9869.16,315813.12
POITEM-08180,PO-08180,PROD-00086,34,7110.96,241772.64
POITEM-08181,PO-08181,PROD-00039,34,1753.54,59620.36
POITEM-08182,PO-08182,PROD-00011,12,13897.35,166768.2
POITEM-08183,PO-08183,PROD-00089,8,4673.53,37388.24
POITEM-08184,PO-08184,PROD-00017,21,2868.72,60243.12
POITEM-08185,PO-08185,PROD-00013,34,12973.14,441086.76
POITEM-08186,PO-08186,PROD-00043,9,7340.76,66066.84
POITEM-08187,PO-08187,PROD-00025,46,8927.92,410684.32
POITEM-08188,PO-08188,PROD-00074,17,7810.81,132783.77
POITEM-08189,PO-08189,PROD-00030,17,13937.05,236929.85
POITEM-08190,PO-08190,PROD-00080,15,6321.18,94817.7
POITEM-08191,PO-08191,PROD-00001,16,5330.61,85289.76
POITEM-08192,PO-08192,PROD-00048,34,169.8,5773.2
POITEM-08193,PO-08193,PROD-00064,38,4940.72,187747.36
POITEM-08194,PO-08194,PROD-00066,47,14717.72,691732.84
POITEM-08195,PO-08195,PROD-00075,16,6483.68,103738.88
POITEM-08196,PO-08196,PROD-00002,41,12960.96,531399.36
POITEM-08197,PO-08197,PROD-00082,24,8547.35,205136.4
POITEM-08198,PO-08198,PROD-00030,9,13937.05,125433.45
POITEM-08199,PO-08199,PROD-00094,32,3678.67,117717.44
POITEM-08200,PO-08200,PROD-00078,15,6140.68,92110.2
POITEM-08201,PO-08201,PROD-00084,40,3172.49,126899.6
POITEM-08202,PO-08202,PROD-00073,22,689.69,15173.18
POITEM-08203,PO-08203,PROD-00034,39,5558.67,216788.13
POITEM-08204,PO-08204,PROD-00018,49,8698.22,426212.78
POITEM-08205,PO-08205,PROD-00018,9,8698.22,78283.98
POITEM-08206,PO-08206,PROD-00090,28,390.77,10941.56
POITEM-08207,PO-08207,PROD-00069,30,1648.33,49449.9
POITEM-08208,PO-08208,PROD-00012,12,6111.05,73332.6
POITEM-08209,PO-08209,PROD-00042,30,10320.27,309608.1
POITEM-08210,PO-08210,PROD-00083,29,12510.03,362790.87
POITEM-08211,PO-08211,PROD-00095,14,12910.1,180741.4
POITEM-08212,PO-08212,PROD-00045,33,78.1,2577.3
POITEM-08213,PO-08213,PROD-00014,21,5700.12,119702.52
POITEM-08214,PO-08214,PROD-00078,21,6140.68,128954.28
POITEM-08215,PO-08215,PROD-00001,32,5330.61,170579.52
POITEM-08216,PO-08216,PROD-00002,49,12960.96,635087.04
POITEM-08217,PO-08217,PROD-00006,10,2873.38,28733.8
POITEM-08218,PO-08218,PROD-00006,50,2873.38,143669.0
POITEM-08219,PO-08219,PROD-00022,2,2807.73,5615.46
POITEM-08220,PO-08220,PROD-00082,22,8547.35,188041.7
POITEM-08221,PO-08221,PROD-00002,16,12960.96,207375.36
POITEM-08222,PO-08222,PROD-00077,23,13503.2,310573.6
POITEM-08223,PO-08223,PROD-00010,34,9790.87,332889.58
POITEM-08224,PO-08224,PROD-00001,41,5330.61,218555.01
POITEM-08225,PO-08225,PROD-00049,16,13561.33,216981.28
POITEM-08226,PO-08226,PROD-00082,3,8547.35,25642.05
POITEM-08227,PO-08227,PROD-00078,34,6140.68,208783.12
POITEM-08228,PO-08228,PROD-00013,41,12973.14,531898.74
POITEM-08229,PO-08229,PROD-00011,8,13897.35,111178.8
POITEM-08230,PO-08230,PROD-00029,47,9691.37,455494.39
POITEM-08231,PO-08231,PROD-00063,15,379.37,5690.55
POITEM-08232,PO-08232,PROD-00022,3,2807.73,8423.19
POITEM-08233,PO-08233,PROD-00037,47,12261.13,576273.11
POITEM-08234,PO-08234,PROD-00035,34,12510.33,425351.22
POITEM-08235,PO-08235,PROD-00016,28,6359.54,178067.12
POITEM-08236,PO-08236,PROD-00076,39,4725.89,184309.71
POITEM-08237,PO-08237,PROD-00080,39,6321.18,246526.02
POITEM-08238,PO-08238,PROD-00012,15,6111.05,91665.75
POITEM-08239,PO-08239,PROD-00078,38,6140.68,233345.84
POITEM-08240,PO-08240,PROD-00028,6,4002.58,24015.48
POITEM-08241,PO-08241,PROD-00096,27,6391.56,172572.12
POITEM-08242,PO-08242,PROD-00029,11,9691.37,106605.07
POITEM-08243,PO-08243,PROD-00069,8,1648.33,13186.64
POITEM-08244,PO-08244,PROD-00084,23,3172.49,72967.27
POITEM-08245,PO-08245,PROD-00029,11,9691.37,106605.07
POITEM-08246,PO-08246,PROD-00062,31,4595.23,142452.13
POITEM-08247,PO-08247,PROD-00034,3,5558.67,16676.01
POITEM-08248,PO-08248,PROD-00041,43,9082.33,390540.19
POITEM-08249,PO-08249,PROD-00030,24,13937.05,334489.2
POITEM-08250,PO-08250,PROD-00089,1,4673.53,4673.53
POITEM-08251,PO-08251,PROD-00068,15,8719.33,130789.95
POITEM-08252,PO-08252,PROD-00013,36,12973.14,467033.04
POITEM-08253,PO-08253,PROD-00068,2,8719.33,17438.66
POITEM-08254,PO-08254,PROD-00048,26,169.8,4414.8
POITEM-08255,PO-08255,PROD-00038,31,1576.21,48862.51
POITEM-08256,PO-08256,PROD-00072,12,13495.08,161940.96
POITEM-08257,PO-08257,PROD-00005,17,12928.55,219785.35
POITEM-08258,PO-08258,PROD-00081,13,11228.32,145968.16
POITEM-08259,PO-08259,PROD-00089,43,4673.53,200961.79
POITEM-08260,PO-08260,PROD-00069,9,1648.33,14834.97
POITEM-08261,PO-08261,PROD-00029,38,9691.37,368272.06
POITEM-08262,PO-08262,PROD-00083,15,12510.03,187650.45
POITEM-08263,PO-08263,PROD-00082,10,8547.35,85473.5
POITEM-08264,PO-08264,PROD-00083,25,12510.03,312750.75
POITEM-08265,PO-08265,PROD-00047,22,6641.49,146112.78
POITEM-08266,PO-08266,PROD-00085,11,6640.75,73048.25
POITEM-08267,PO-08267,PROD-00032,11,8076.08,88836.88
POITEM-08268,PO-08268,PROD-00080,15,6321.18,94817.7
POITEM-08269,PO-08269,PROD-00085,46,6640.75,305474.5
POITEM-08270,PO-08270,PROD-00052,14,13487.25,188821.5
POITEM-08271,PO-08271,PROD-00014,14,5700.12,79801.68
POITEM-08272,PO-08272,PROD-00093,7,10452.9,73170.3
POITEM-08273,PO-08273,PROD-00022,46,2807.73,129155.58
POITEM-08274,PO-08274,PROD-00082,13,8547.35,111115.55
POITEM-08275,PO-08275,PROD-00024,26,14125.4,367260.4
POITEM-08276,PO-08276,PROD-00033,23,14000.56,322012.88
POITEM-08277,PO-08277,PROD-00033,5,14000.56,70002.8
POITEM-08278,PO-08278,PROD-00037,31,12261.13,380095.03
POITEM-08279,PO-08279,PROD-00068,22,8719.33,191825.26
POITEM-08280,PO-08280,PROD-00032,19,8076.08,153445.52
POITEM-08281,PO-08281,PROD-00085,1,6640.75,6640.75
POITEM-08282,PO-08282,PROD-00092,18,6231.25,112162.5
POITEM-08283,PO-08283,PROD-00090,40,390.77,15630.8
POITEM-08284,PO-08284,PROD-00043,45,7340.76,330334.2
POITEM-08285,PO-08285,PROD-00015,30,13899.61,416988.3
POITEM-08286,PO-08286,PROD-00083,8,12510.03,100080.24
POITEM-08287,PO-08287,PROD-00068,44,8719.33,383650.52
POITEM-08288,PO-08288,PROD-00040,47,8309.52,390547.44
POITEM-08289,PO-08289,PROD-00079,42,4452.44,187002.48
POITEM-08290,PO-08290,PROD-00095,45,12910.1,580954.5
POITEM-08291,PO-08291,PROD-00071,22,9102.98,200265.56
POITEM-08292,PO-08292,PROD-00059,13,2408.99,31316.87
POITEM-08293,PO-08293,PROD-00024,26,14125.4,367260.4
POITEM-08294,PO-08294,PROD-00041,21,9082.33,190728.93
POITEM-08295,PO-08295,PROD-00027,12,3083.78,37005.36
POITEM-08296,PO-08296,PROD-00085,15,6640.75,99611.25
POITEM-08297,PO-08297,PROD-00091,19,9178.83,174397.77
POITEM-08298,PO-08298,PROD-00028,15,4002.58,60038.7
POITEM-08299,PO-08299,PROD-00071,8,9102.98,72823.84
POITEM-08300,PO-08300,PROD-00057,45,396.18,17828.1
POITEM-08301,PO-08301,PROD-00016,46,6359.54,292538.84
POITEM-08302,PO-08302,PROD-00066,37,14717.72,544555.64
POITEM-08303,PO-08303,PROD-00046,3,14697.47,44092.41
POITEM-08304,PO-08304,PROD-00010,37,9790.87,362262.19
POITEM-08305,PO-08305,PROD-00023,50,12930.74,646537.0
POITEM-08306,PO-08306,PROD-00091,26,9178.83,238649.58
POITEM-08307,PO-08307,PROD-00091,18,9178.83,165218.94
POITEM-08308,PO-08308,PROD-00087,47,1294.81,60856.07
POITEM-08309,PO-08309,PROD-00053,45,3170.9,142690.5
POITEM-08310,PO-08310,PROD-00096,45,6391.56,287620.2
POITEM-08311,PO-08311,PROD-00089,50,4673.53,233676.5
POITEM-08312,PO-08312,PROD-00093,48,10452.9,501739.2
POITEM-08313,PO-08313,PROD-00013,40,12973.14,518925.6
POITEM-08314,PO-08314,PROD-00017,17,2868.72,48768.24
POITEM-08315,PO-08315,PROD-00053,17,3170.9,53905.3
POITEM-08316,PO-08316,PROD-00018,8,8698.22,69585.76
POITEM-08317,PO-08317,PROD-00100,20,7978.7,159574.0
POITEM-08318,PO-08318,PROD-00042,9,10320.27,92882.43
POITEM-08319,PO-08319,PROD-00054,7,1564.33,10950.31
POITEM-08320,PO-08320,PROD-00050,27,5554.01,149958.27
POITEM-08321,PO-08321,PROD-00093,26,10452.9,271775.4
POITEM-08322,PO-08322,PROD-00047,30,6641.49,199244.7
POITEM-08323,PO-08323,PROD-00030,20,13937.05,278741.0
POITEM-08324,PO-08324,PROD-00017,6,2868.72,17212.32
POITEM-08325,PO-08325,PROD-00066,7,14717.72,103024.04
POITEM-08326,PO-08326,PROD-00033,2,14000.56,28001.12
POITEM-08327,PO-08327,PROD-00076,18,4725.89,85066.02
POITEM-08328,PO-08328,PROD-00074,5,7810.81,39054.05
POITEM-08329,PO-08329,PROD-00098,48,8372.15,401863.2
POITEM-08330,PO-08330,PROD-00020,45,7164.91,322420.95
POITEM-08331,PO-08331,PROD-00060,50,13085.7,654285.0
POITEM-08332,PO-08332,PROD-00049,37,13561.33,501769.21
POITEM-08333,PO-08333,PROD-00056,14,2458.46,34418.44
POITEM-08334,PO-08334,PROD-00077,43,13503.2,580637.6
POITEM-08335,PO-08335,PROD-00038,17,1576.21,26795.57
POITEM-08336,PO-08336,PROD-00014,50,5700.12,285006.0
POITEM-08337,PO-08337,PROD-00014,9,5700.12,51301.08
POITEM-08338,PO-08338,PROD-00058,19,13963.97,265315.43
POITEM-08339,PO-08339,PROD-00049,4,13561.33,54245.32
POITEM-08340,PO-08340,PROD-00093,45,10452.9,470380.5
POITEM-08341,PO-08341,PROD-00032,33,8076.08,266510.64
POITEM-08342,PO-08342,PROD-00037,18,12261.13,220700.34
POITEM-08343,PO-08343,PROD-00052,31,13487.25,418104.75
POITEM-08344,PO-08344,PROD-00082,23,8547.35,196589.05
POITEM-08345,PO-08345,PROD-00074,40,7810.81,312432.4
POITEM-08346,PO-08346,PROD-00079,25,4452.44,111311.0
POITEM-08347,PO-08347,PROD-00084,46,3172.49,145934.54
POITEM-08348,PO-08348,PROD-00066,1,14717.72,14717.72
POITEM-08349,PO-08349,PROD-00090,48,390.77,18756.96
POITEM-08350,PO-08350,PROD-00018,8,8698.22,69585.76
POITEM-08351,PO-08351,PROD-00002,21,12960.96,272180.16
POITEM-08352,PO-08352,PROD-00072,13,13495.08,175436.04
POITEM-08353,PO-08353,PROD-00091,43,9178.83,394689.69
POITEM-08354,PO-08354,PROD-00015,37,13899.61,514285.57
POITEM-08355,PO-08355,PROD-00030,2,13937.05,27874.1
POITEM-08356,PO-08356,PROD-00063,14,379.37,5311.18
POITEM-08357,PO-08357,PROD-00010,9,9790.87,88117.83
POITEM-08358,PO-08358,PROD-00018,44,8698.22,382721.68
POITEM-08359,PO-08359,PROD-00100,24,7978.7,191488.8
POITEM-08360,PO-08360,PROD-00040,5,8309.52,41547.6
POITEM-08361,PO-08361,PROD-00007,25,6342.68,158567.0
POITEM-08362,PO-08362,PROD-00004,14,6054.25,84759.5
POITEM-08363,PO-08363,PROD-00091,26,9178.83,238649.58
POITEM-08364,PO-08364,PROD-00069,10,1648.33,16483.3
POITEM-08365,PO-08365,PROD-00100,5,7978.7,39893.5
POITEM-08366,PO-08366,PROD-00075,8,6483.68,51869.44
POITEM-08367,PO-08367,PROD-00073,49,689.69,33794.81
POITEM-08368,PO-08368,PROD-00040,39,8309.52,324071.28
POITEM-08369,PO-08369,PROD-00052,8,13487.25,107898.0
POITEM-08370,PO-08370,PROD-00083,25,12510.03,312750.75
POITEM-08371,PO-08371,PROD-00090,12,390.77,4689.24
POITEM-08372,PO-08372,PROD-00098,5,8372.15,41860.75
POITEM-08373,PO-08373,PROD-00090,22,390.77,8596.94
POITEM-08374,PO-08374,PROD-00048,40,169.8,6792.0
POITEM-08375,PO-08375,PROD-00100,44,7978.7,351062.8
POITEM-08376,PO-08376,PROD-00011,5,13897.35,69486.75
POITEM-08377,PO-08377,PROD-00075,43,6483.68,278798.24
POITEM-08378,PO-08378,PROD-00052,48,13487.25,647388.0
POITEM-08379,PO-08379,PROD-00042,44,10320.27,454091.88
POITEM-08380,PO-08380,PROD-00090,45,390.77,17584.65
POITEM-08381,PO-08381,PROD-00043,34,7340.76,249585.84
POITEM-08382,PO-08382,PROD-00064,14,4940.72,69170.08
POITEM-08383,PO-08383,PROD-00062,35,4595.23,160833.05
POITEM-08384,PO-08384,PROD-00004,12,6054.25,72651.0
POITEM-08385,PO-08385,PROD-00072,17,13495.08,229416.36
POITEM-08386,PO-08386,PROD-00097,8,14370.54,114964.32
POITEM-08387,PO-08387,PROD-00025,19,8927.92,169630.48
POITEM-08388,PO-08388,PROD-00032,18,8076.08,145369.44
POITEM-08389,PO-08389,PROD-00034,38,5558.67,211229.46
POITEM-08390,PO-08390,PROD-00001,35,5330.61,186571.35
POITEM-08391,PO-08391,PROD-00089,2,4673.53,9347.06
POITEM-08392,PO-08392,PROD-00078,40,6140.68,245627.2
POITEM-08393,PO-08393,PROD-00093,44,10452.9,459927.6
POITEM-08394,PO-08394,PROD-00005,46,12928.55,594713.3
POITEM-08395,PO-08395,PROD-00001,24,5330.61,127934.64
POITEM-08396,PO-08396,PROD-00006,39,2873.38,112061.82
POITEM-08397,PO-08397,PROD-00053,32,3170.9,101468.8
POITEM-08398,PO-08398,PROD-00001,17,5330.61,90620.37
POITEM-08399,PO-08399,PROD-00041,11,9082.33,99905.63
POITEM-08400,PO-08400,PROD-00076,47,4725.89,222116.83
POITEM-08401,PO-08401,PROD-00085,6,6640.75,39844.5
POITEM-08402,PO-08402,PROD-00047,9,6641.49,59773.41
POITEM-08403,PO-08403,PROD-00022,33,2807.73,92655.09
POITEM-08404,PO-08404,PROD-00095,39,12910.1,503493.9
POITEM-08405,PO-08405,PROD-00082,29,8547.35,247873.15
POITEM-08406,PO-08406,PROD-00007,50,6342.68,317134.0
POITEM-08407,PO-08407,PROD-00096,42,6391.56,268445.52
POITEM-08408,PO-08408,PROD-00097,9,14370.54,129334.86
POITEM-08409,PO-08409,PROD-00013,41,12973.14,531898.74
POITEM-08410,PO-08410,PROD-00091,17,9178.83,156040.11
POITEM-08411,PO-08411,PROD-00084,12,3172.49,38069.88
POITEM-08412,PO-08412,PROD-00073,50,689.69,34484.5
POITEM-08413,PO-08413,PROD-00068,3,8719.33,26157.99
POITEM-08414,PO-08414,PROD-00045,11,78.1,859.1
POITEM-08415,PO-08415,PROD-00011,37,13897.35,514201.95
POITEM-08416,PO-08416,PROD-00001,44,5330.61,234546.84
POITEM-08417,PO-08417,PROD-00081,1,11228.32,11228.32
POITEM-08418,PO-08418,PROD-00070,13,10934.96,142154.48
POITEM-08419,PO-08419,PROD-00029,45,9691.37,436111.65
POITEM-08420,PO-08420,PROD-00033,32,14000.56,448017.92
POITEM-08421,PO-08421,PROD-00061,43,3013.6,129584.8
POITEM-08422,PO-08422,PROD-00094,30,3678.67,110360.1
POITEM-08423,PO-08423,PROD-00045,41,78.1,3202.1
POITEM-08424,PO-08424,PROD-00097,41,14370.54,589192.14
POITEM-08425,PO-08425,PROD-00017,1,2868.72,2868.72
POITEM-08426,PO-08426,PROD-00005,12,12928.55,155142.6
POITEM-08427,PO-08427,PROD-00024,38,14125.4,536765.2
POITEM-08428,PO-08428,PROD-00076,31,4725.89,146502.59
POITEM-08429,PO-08429,PROD-00063,12,379.37,4552.44
POITEM-08430,PO-08430,PROD-00055,41,11248.43,461185.63
POITEM-08431,PO-08431,PROD-00062,12,4595.23,55142.76
POITEM-08432,PO-08432,PROD-00048,42,169.8,7131.6
POITEM-08433,PO-08433,PROD-00014,40,5700.12,228004.8
POITEM-08434,PO-08434,PROD-00095,21,12910.1,271112.1
POITEM-08435,PO-08435,PROD-00072,5,13495.08,67475.4
POITEM-08436,PO-08436,PROD-00026,43,9869.16,424373.88
POITEM-08437,PO-08437,PROD-00038,4,1576.21,6304.84
POITEM-08438,PO-08438,PROD-00074,12,7810.81,93729.72
POITEM-08439,PO-08439,PROD-00055,18,11248.43,202471.74
POITEM-08440,PO-08440,PROD-00047,15,6641.49,99622.35
POITEM-08441,PO-08441,PROD-00080,23,6321.18,145387.14
POITEM-08442,PO-08442,PROD-00100,36,7978.7,287233.2
POITEM-08443,PO-08443,PROD-00079,24,4452.44,106858.56
POITEM-08444,PO-08444,PROD-00037,14,12261.13,171655.82
POITEM-08445,PO-08445,PROD-00063,27,379.37,10242.99
POITEM-08446,PO-08446,PROD-00007,4,6342.68,25370.72
POITEM-08447,PO-08447,PROD-00011,38,13897.35,528099.3
POITEM-08448,PO-08448,PROD-00057,17,396.18,6735.06
POITEM-08449,PO-08449,PROD-00085,20,6640.75,132815.0
POITEM-08450,PO-08450,PROD-00013,4,12973.14,51892.56
POITEM-08451,PO-08451,PROD-00098,3,8372.15,25116.45
POITEM-08452,PO-08452,PROD-00082,33,8547.35,282062.55
POITEM-08453,PO-08453,PROD-00073,39,689.69,26897.91
POITEM-08454,PO-08454,PROD-00042,19,10320.27,196085.13
POITEM-08455,PO-08455,PROD-00068,50,8719.33,435966.5
POITEM-08456,PO-08456,PROD-00048,5,169.8,849.0
POITEM-08457,PO-08457,PROD-00029,47,9691.37,455494.39
POITEM-08458,PO-08458,PROD-00086,27,7110.96,191995.92
POITEM-08459,PO-08459,PROD-00011,1,13897.35,13897.35
POITEM-08460,PO-08460,PROD-00040,29,8309.52,240976.08
POITEM-08461,PO-08461,PROD-00020,44,7164.91,315256.04
POITEM-08462,PO-08462,PROD-00066,5,14717.72,73588.6
POITEM-08463,PO-08463,PROD-00018,38,8698.22,330532.36
POITEM-08464,PO-08464,PROD-00002,7,12960.96,90726.72
POITEM-08465,PO-08465,PROD-00042,21,10320.27,216725.67
POITEM-08466,PO-08466,PROD-00024,23,14125.4,324884.2
POITEM-08467,PO-08467,PROD-00080,17,6321.18,107460.06
POITEM-08468,PO-08468,PROD-00073,34,689.69,23449.46
POITEM-08469,PO-08469,PROD-00066,49,14717.72,721168.28
POITEM-08470,PO-08470,PROD-00088,43,12280.89,528078.27
POITEM-08471,PO-08471,PROD-00052,29,13487.25,391130.25
POITEM-08472,PO-08472,PROD-00092,38,6231.25,236787.5
POITEM-08473,PO-08473,PROD-00011,14,13897.35,194562.9
POITEM-08474,PO-08474,PROD-00058,8,13963.97,111711.76
POITEM-08475,PO-08475,PROD-00062,44,4595.23,202190.12
POITEM-08476,PO-08476,PROD-00082,4,8547.35,34189.4
POITEM-08477,PO-08477,PROD-00011,19,13897.35,264049.65
POITEM-08478,PO-08478,PROD-00093,39,10452.9,407663.1
POITEM-08479,PO-08479,PROD-00082,15,8547.35,128210.25
POITEM-08480,PO-08480,PROD-00044,21,9523.41,199991.61
POITEM-08481,PO-08481,PROD-00090,1,390.77,390.77
POITEM-08482,PO-08482,PROD-00056,50,2458.46,122923.0
POITEM-08483,PO-08483,PROD-00039,43,1753.54,75402.22
POITEM-08484,PO-08484,PROD-00015,15,13899.61,208494.15
POITEM-08485,PO-08485,PROD-00068,9,8719.33,78473.97
POITEM-08486,PO-08486,PROD-00011,49,13897.35,680970.15
POITEM-08487,PO-08487,PROD-00045,36,78.1,2811.6
POITEM-08488,PO-08488,PROD-00095,29,12910.1,374392.9
POITEM-08489,PO-08489,PROD-00028,49,4002.58,196126.42
POITEM-08490,PO-08490,PROD-00093,50,10452.9,522645.0
POITEM-08491,PO-08491,PROD-00098,45,8372.15,376746.75
POITEM-08492,PO-08492,PROD-00046,34,14697.47,499713.98
POITEM-08493,PO-08493,PROD-00026,25,9869.16,246729.0
POITEM-08494,PO-08494,PROD-00058,5,13963.97,69819.85
POITEM-08495,PO-08495,PROD-00049,27,13561.33,366155.91
POITEM-08496,PO-08496,PROD-00079,50,4452.44,222622.0
POITEM-08497,PO-08497,PROD-00018,43,8698.22,374023.46
POITEM-08498,PO-08498,PROD-00013,6,12973.14,77838.84
POITEM-08499,PO-08499,PROD-00010,42,9790.87,411216.54
POITEM-08500,PO-08500,PROD-00049,1,13561.33,13561.33
POITEM-08501,PO-08501,PROD-00053,18,3170.9,57076.2
POITEM-08502,PO-08502,PROD-00003,45,9810.5,441472.5
POITEM-08503,PO-08503,PROD-00017,13,2868.72,37293.36
POITEM-08504,PO-08504,PROD-00032,23,8076.08,185749.84
POITEM-08505,PO-08505,PROD-00080,4,6321.18,25284.72
POITEM-08506,PO-08506,PROD-00053,12,3170.9,38050.8
POITEM-08507,PO-08507,PROD-00016,44,6359.54,279819.76
POITEM-08508,PO-08508,PROD-00022,42,2807.73,117924.66
POITEM-08509,PO-08509,PROD-00016,44,6359.54,279819.76
POITEM-08510,PO-08510,PROD-00093,23,10452.9,240416.7
POITEM-08511,PO-08511,PROD-00033,48,14000.56,672026.88
POITEM-08512,PO-08512,PROD-00095,9,12910.1,116190.9
POITEM-08513,PO-08513,PROD-00096,32,6391.56,204529.92
POITEM-08514,PO-08514,PROD-00004,17,6054.25,102922.25
POITEM-08515,PO-08515,PROD-00079,19,4452.44,84596.36
POITEM-08516,PO-08516,PROD-00033,6,14000.56,84003.36
POITEM-08517,PO-08517,PROD-00020,7,7164.91,50154.37
POITEM-08518,PO-08518,PROD-00001,15,5330.61,79959.15
POITEM-08519,PO-08519,PROD-00075,31,6483.68,200994.08
POITEM-08520,PO-08520,PROD-00070,47,10934.96,513943.12
POITEM-08521,PO-08521,PROD-00035,2,12510.33,25020.66
POITEM-08522,PO-08522,PROD-00028,15,4002.58,60038.7
POITEM-08523,PO-08523,PROD-00033,39,14000.56,546021.84
POITEM-08524,PO-08524,PROD-00029,36,9691.37,348889.32
POITEM-08525,PO-08525,PROD-00035,42,12510.33,525433.86
POITEM-08526,PO-08526,PROD-00046,36,14697.47,529108.92
POITEM-08527,PO-08527,PROD-00041,30,9082.33,272469.9
POITEM-08528,PO-08528,PROD-00079,17,4452.44,75691.48
POITEM-08529,PO-08529,PROD-00058,25,13963.97,349099.25
POITEM-08530,PO-08530,PROD-00091,2,9178.83,18357.66
POITEM-08531,PO-08531,PROD-00052,17,13487.25,229283.25
POITEM-08532,PO-08532,PROD-00072,36,13495.08,485822.88
POITEM-08533,PO-08533,PROD-00078,40,6140.68,245627.2
POITEM-08534,PO-08534,PROD-00001,4,5330.61,21322.44
POITEM-08535,PO-08535,PROD-00022,27,2807.73,75808.71
POITEM-08536,PO-08536,PROD-00099,44,2021.75,88957.0
POITEM-08537,PO-08537,PROD-00029,27,9691.37,261666.99
POITEM-08538,PO-08538,PROD-00043,43,7340.76,315652.68
POITEM-08539,PO-08539,PROD-00076,31,4725.89,146502.59
POITEM-08540,PO-08540,PROD-00010,12,9790.87,117490.44
POITEM-08541,PO-08541,PROD-00006,34,2873.38,97694.92
POITEM-08542,PO-08542,PROD-00094,39,3678.67,143468.13
POITEM-08543,PO-08543,PROD-00065,35,4204.9,147171.5
POITEM-08544,PO-08544,PROD-00028,7,4002.58,28018.06
POITEM-08545,PO-08545,PROD-00002,9,12960.96,116648.64
POITEM-08546,PO-08546,PROD-00042,38,10320.27,392170.26
POITEM-08547,PO-08547,PROD-00065,49,4204.9,206040.1
POITEM-08548,PO-08548,PROD-00003,13,9810.5,127536.5
POITEM-08549,PO-08549,PROD-00042,22,10320.27,227045.94
POITEM-08550,PO-08550,PROD-00059,48,2408.99,115631.52
POITEM-08551,PO-08551,PROD-00094,28,3678.67,103002.76
POITEM-08552,PO-08552,PROD-00039,2,1753.54,3507.08
POITEM-08553,PO-08553,PROD-00086,34,7110.96,241772.64
POITEM-08554,PO-08554,PROD-00049,29,13561.33,393278.57
POITEM-08555,PO-08555,PROD-00055,27,11248.43,303707.61
POITEM-08556,PO-08556,PROD-00030,6,13937.05,83622.3
POITEM-08557,PO-08557,PROD-00051,15,1933.5,29002.5
POITEM-08558,PO-08558,PROD-00080,29,6321.18,183314.22
POITEM-08559,PO-08559,PROD-00099,9,2021.75,18195.75
POITEM-08560,PO-08560,PROD-00043,11,7340.76,80748.36
POITEM-08561,PO-08561,PROD-00099,17,2021.75,34369.75
POITEM-08562,PO-08562,PROD-00002,26,12960.96,336984.96
POITEM-08563,PO-08563,PROD-00073,22,689.69,15173.18
POITEM-08564,PO-08564,PROD-00051,30,1933.5,58005.0
POITEM-08565,PO-08565,PROD-00056,5,2458.46,12292.3
POITEM-08566,PO-08566,PROD-00035,47,12510.33,587985.51
POITEM-08567,PO-08567,PROD-00044,44,9523.41,419030.04
POITEM-08568,PO-08568,PROD-00044,35,9523.41,333319.35
POITEM-08569,PO-08569,PROD-00091,16,9178.83,146861.28
POITEM-08570,PO-08570,PROD-00085,21,6640.75,139455.75
POITEM-08571,PO-08571,PROD-00098,10,8372.15,83721.5
POITEM-08572,PO-08572,PROD-00043,22,7340.76,161496.72
POITEM-08573,PO-08573,PROD-00098,43,8372.15,360002.45
POITEM-08574,PO-08574,PROD-00065,32,4204.9,134556.8
POITEM-08575,PO-08575,PROD-00011,38,13897.35,528099.3
POITEM-08576,PO-08576,PROD-00098,2,8372.15,16744.3
POITEM-08577,PO-08577,PROD-00047,26,6641.49,172678.74
POITEM-08578,PO-08578,PROD-00013,44,12973.14,570818.16
POITEM-08579,PO-08579,PROD-00089,27,4673.53,126185.31
POITEM-08580,PO-08580,PROD-00037,42,12261.13,514967.46
POITEM-08581,PO-08581,PROD-00057,22,396.18,8715.96
POITEM-08582,PO-08582,PROD-00074,48,7810.81,374918.88
POITEM-08583,PO-08583,PROD-00009,12,12125.13,145501.56
POITEM-08584,PO-08584,PROD-00083,8,12510.03,100080.24
POITEM-08585,PO-08585,PROD-00039,36,1753.54,63127.44
POITEM-08586,PO-08586,PROD-00079,32,4452.44,142478.08
POITEM-08587,PO-08587,PROD-00069,10,1648.33,16483.3
POITEM-08588,PO-08588,PROD-00018,4,8698.22,34792.88
POITEM-08589,PO-08589,PROD-00085,3,6640.75,19922.25
POITEM-08590,PO-08590,PROD-00047,4,6641.49,26565.96
POITEM-08591,PO-08591,PROD-00026,15,9869.16,148037.4
POITEM-08592,PO-08592,PROD-00065,13,4204.9,54663.7
POITEM-08593,PO-08593,PROD-00008,20,3765.85,75317.0
POITEM-08594,PO-08594,PROD-00091,33,9178.83,302901.39
POITEM-08595,PO-08595,PROD-00092,17,6231.25,105931.25
POITEM-08596,PO-08596,PROD-00059,33,2408.99,79496.67
POITEM-08597,PO-08597,PROD-00090,48,390.77,18756.96
POITEM-08598,PO-08598,PROD-00002,13,12960.96,168492.48
POITEM-08599,PO-08599,PROD-00068,9,8719.33,78473.97
POITEM-08600,PO-08600,PROD-00069,21,1648.33,34614.93
POITEM-08601,PO-08601,PROD-00031,26,6887.83,179083.58
POITEM-08602,PO-08602,PROD-00057,10,396.18,3961.8
POITEM-08603,PO-08603,PROD-00096,43,6391.56,274837.08
POITEM-08604,PO-08604,PROD-00036,46,14758.2,678877.2
POITEM-08605,PO-08605,PROD-00010,6,9790.87,58745.22
POITEM-08606,PO-08606,PROD-00064,49,4940.72,242095.28
POITEM-08607,PO-08607,PROD-00011,29,13897.35,403023.15
POITEM-08608,PO-08608,PROD-00007,34,6342.68,215651.12
POITEM-08609,PO-08609,PROD-00095,41,12910.1,529314.1
POITEM-08610,PO-08610,PROD-00014,28,5700.12,159603.36
POITEM-08611,PO-08611,PROD-00078,41,6140.68,251767.88
POITEM-08612,PO-08612,PROD-00066,45,14717.72,662297.4
POITEM-08613,PO-08613,PROD-00060,20,13085.7,261714.0
POITEM-08614,PO-08614,PROD-00084,9,3172.49,28552.41
POITEM-08615,PO-08615,PROD-00014,30,5700.12,171003.6
POITEM-08616,PO-08616,PROD-00006,33,2873.38,94821.54
POITEM-08617,PO-08617,PROD-00083,44,12510.03,550441.32
POITEM-08618,PO-08618,PROD-00067,1,1752.24,1752.24
POITEM-08619,PO-08619,PROD-00056,44,2458.46,108172.24
POITEM-08620,PO-08620,PROD-00007,17,6342.68,107825.56
POITEM-08621,PO-08621,PROD-00099,40,2021.75,80870.0
POITEM-08622,PO-08622,PROD-00001,43,5330.61,229216.23
POITEM-08623,PO-08623,PROD-00069,38,1648.33,62636.54
POITEM-08624,PO-08624,PROD-00092,18,6231.25,112162.5
POITEM-08625,PO-08625,PROD-00003,40,9810.5,392420.0
POITEM-08626,PO-08626,PROD-00065,8,4204.9,33639.2
POITEM-08627,PO-08627,PROD-00091,42,9178.83,385510.86
POITEM-08628,PO-08628,PROD-00035,17,12510.33,212675.61
POITEM-08629,PO-08629,PROD-00069,38,1648.33,62636.54
POITEM-08630,PO-08630,PROD-00065,49,4204.9,206040.1
POITEM-08631,PO-08631,PROD-00042,38,10320.27,392170.26
POITEM-08632,PO-08632,PROD-00013,14,12973.14,181623.96
POITEM-08633,PO-08633,PROD-00068,19,8719.33,165667.27
POITEM-08634,PO-08634,PROD-00055,37,11248.43,416191.91
POITEM-08635,PO-08635,PROD-00055,15,11248.43,168726.45
POITEM-08636,PO-08636,PROD-00067,29,1752.24,50814.96
POITEM-08637,PO-08637,PROD-00055,11,11248.43,123732.73
POITEM-08638,PO-08638,PROD-00036,23,14758.2,339438.6
POITEM-08639,PO-08639,PROD-00038,11,1576.21,17338.31
POITEM-08640,PO-08640,PROD-00048,15,169.8,2547.0
POITEM-08641,PO-08641,PROD-00042,13,10320.27,134163.51
POITEM-08642,PO-08642,PROD-00025,30,8927.92,267837.6
POITEM-08643,PO-08643,PROD-00028,17,4002.58,68043.86
POITEM-08644,PO-08644,PROD-00054,13,1564.33,20336.29
POITEM-08645,PO-08645,PROD-00029,45,9691.37,436111.65
POITEM-08646,PO-08646,PROD-00093,49,10452.9,512192.1
POITEM-08647,PO-08647,PROD-00091,25,9178.83,229470.75
POITEM-08648,PO-08648,PROD-00055,37,11248.43,416191.91
POITEM-08649,PO-08649,PROD-00042,18,10320.27,185764.86
POITEM-08650,PO-08650,PROD-00034,39,5558.67,216788.13
POITEM-08651,PO-08651,PROD-00023,14,12930.74,181030.36
POITEM-08652,PO-08652,PROD-00052,14,13487.25,188821.5
POITEM-08653,PO-08653,PROD-00016,35,6359.54,222583.9
POITEM-08654,PO-08654,PROD-00029,48,9691.37,465185.76
POITEM-08655,PO-08655,PROD-00051,28,1933.5,54138.0
POITEM-08656,PO-08656,PROD-00035,41,12510.33,512923.53
POITEM-08657,PO-08657,PROD-00029,25,9691.37,242284.25
POITEM-08658,PO-08658,PROD-00089,25,4673.53,116838.25
POITEM-08659,PO-08659,PROD-00013,12,12973.14,155677.68
POITEM-08660,PO-08660,PROD-00029,48,9691.37,465185.76
POITEM-08661,PO-08661,PROD-00099,44,2021.75,88957.0
POITEM-08662,PO-08662,PROD-00027,43,3083.78,132602.54
POITEM-08663,PO-08663,PROD-00048,28,169.8,4754.4
POITEM-08664,PO-08664,PROD-00038,26,1576.21,40981.46
POITEM-08665,PO-08665,PROD-00067,47,1752.24,82355.28
POITEM-08666,PO-08666,PROD-00021,35,14412.66,504443.1
POITEM-08667,PO-08667,PROD-00010,5,9790.87,48954.35
POITEM-08668,PO-08668,PROD-00056,34,2458.46,83587.64
POITEM-08669,PO-08669,PROD-00089,8,4673.53,37388.24
POITEM-08670,PO-08670,PROD-00099,43,2021.75,86935.25
POITEM-08671,PO-08671,PROD-00027,25,3083.78,77094.5
POITEM-08672,PO-08672,PROD-00069,27,1648.33,44504.91
POITEM-08673,PO-08673,PROD-00033,29,14000.56,406016.24
POITEM-08674,PO-08674,PROD-00040,50,8309.52,415476.0
POITEM-08675,PO-08675,PROD-00059,7,2408.99,16862.93
POITEM-08676,PO-08676,PROD-00016,13,6359.54,82674.02
POITEM-08677,PO-08677,PROD-00041,33,9082.33,299716.89
POITEM-08678,PO-08678,PROD-00015,34,13899.61,472586.74
POITEM-08679,PO-08679,PROD-00064,11,4940.72,54347.92
POITEM-08680,PO-08680,PROD-00085,39,6640.75,258989.25
POITEM-08681,PO-08681,PROD-00063,49,379.37,18589.13
POITEM-08682,PO-08682,PROD-00091,22,9178.83,201934.26
POITEM-08683,PO-08683,PROD-00015,39,13899.61,542084.79
POITEM-08684,PO-08684,PROD-00055,41,11248.43,461185.63
POITEM-08685,PO-08685,PROD-00045,14,78.1,1093.4
POITEM-08686,PO-08686,PROD-00049,40,13561.33,542453.2
POITEM-08687,PO-08687,PROD-00068,23,8719.33,200544.59
POITEM-08688,PO-08688,PROD-00097,47,14370.54,675415.38
POITEM-08689,PO-08689,PROD-00098,18,8372.15,150698.7
POITEM-08690,PO-08690,PROD-00012,26,6111.05,158887.3
POITEM-08691,PO-08691,PROD-00086,50,7110.96,355548.0
POITEM-08692,PO-08692,PROD-00021,15,14412.66,216189.9
POITEM-08693,PO-08693,PROD-00010,29,9790.87,283935.23
POITEM-08694,PO-08694,PROD-00038,45,1576.21,70929.45
POITEM-08695,PO-08695,PROD-00042,38,10320.27,392170.26
POITEM-08696,PO-08696,PROD-00090,37,390.77,14458.49
POITEM-08697,PO-08697,PROD-00044,18,9523.41,171421.38
POITEM-08698,PO-08698,PROD-00023,42,12930.74,543091.08
POITEM-08699,PO-08699,PROD-00057,2,396.18,792.36
POITEM-08700,PO-08700,PROD-00095,13,12910.1,167831.3
POITEM-08701,PO-08701,PROD-00001,15,5330.61,79959.15
POITEM-08702,PO-08702,PROD-00089,22,4673.53,102817.66
POITEM-08703,PO-08703,PROD-00052,40,13487.25,539490.0
POITEM-08704,PO-08704,PROD-00078,41,6140.68,251767.88
POITEM-08705,PO-08705,PROD-00070,11,10934.96,120284.56
POITEM-08706,PO-08706,PROD-00041,34,9082.33,308799.22
POITEM-08707,PO-08707,PROD-00091,26,9178.83,238649.58
POITEM-08708,PO-08708,PROD-00007,16,6342.68,101482.88
POITEM-08709,PO-08709,PROD-00080,33,6321.18,208598.94
POITEM-08710,PO-08710,PROD-00023,2,12930.74,25861.48
POITEM-08711,PO-08711,PROD-00063,41,379.37,15554.17
POITEM-08712,PO-08712,PROD-00055,15,11248.43,168726.45
POITEM-08713,PO-08713,PROD-00021,47,14412.66,677395.02
POITEM-08714,PO-08714,PROD-00081,35,11228.32,392991.2
POITEM-08715,PO-08715,PROD-00037,46,12261.13,564011.98
POITEM-08716,PO-08716,PROD-00008,49,3765.85,184526.65
POITEM-08717,PO-08717,PROD-00034,27,5558.67,150084.09
POITEM-08718,PO-08718,PROD-00034,41,5558.67,227905.47
POITEM-08719,PO-08719,PROD-00047,27,6641.49,179320.23
POITEM-08720,PO-08720,PROD-00001,17,5330.61,90620.37
POITEM-08721,PO-08721,PROD-00090,20,390.77,7815.4
POITEM-08722,PO-08722,PROD-00042,38,10320.27,392170.26
POITEM-08723,PO-08723,PROD-00022,7,2807.73,19654.11
POITEM-08724,PO-08724,PROD-00095,25,12910.1,322752.5
POITEM-08725,PO-08725,PROD-00099,25,2021.75,50543.75
POITEM-08726,PO-08726,PROD-00031,44,6887.83,303064.52
POITEM-08727,PO-08727,PROD-00066,9,14717.72,132459.48
POITEM-08728,PO-08728,PROD-00026,49,9869.16,483588.84
POITEM-08729,PO-08729,PROD-00096,31,6391.56,198138.36
POITEM-08730,PO-08730,PROD-00076,10,4725.89,47258.9
POITEM-08731,PO-08731,PROD-00014,23,5700.12,131102.76
POITEM-08732,PO-08732,PROD-00038,7,1576.21,11033.47
POITEM-08733,PO-08733,PROD-00086,45,7110.96,319993.2
POITEM-08734,PO-08734,PROD-00080,10,6321.18,63211.8
POITEM-08735,PO-08735,PROD-00008,11,3765.85,41424.35
POITEM-08736,PO-08736,PROD-00043,9,7340.76,66066.84
POITEM-08737,PO-08737,PROD-00035,23,12510.33,287737.59
POITEM-08738,PO-08738,PROD-00085,43,6640.75,285552.25
POITEM-08739,PO-08739,PROD-00025,45,8927.92,401756.4
POITEM-08740,PO-08740,PROD-00096,42,6391.56,268445.52
POITEM-08741,PO-08741,PROD-00023,37,12930.74,478437.38
POITEM-08742,PO-08742,PROD-00097,18,14370.54,258669.72
POITEM-08743,PO-08743,PROD-00006,22,2873.38,63214.36
POITEM-08744,PO-08744,PROD-00002,4,12960.96,51843.84
POITEM-08745,PO-08745,PROD-00011,40,13897.35,555894.0
POITEM-08746,PO-08746,PROD-00096,22,6391.56,140614.32
POITEM-08747,PO-08747,PROD-00009,5,12125.13,60625.65
POITEM-08748,PO-08748,PROD-00015,13,13899.61,180694.93
POITEM-08749,PO-08749,PROD-00075,43,6483.68,278798.24
POITEM-08750,PO-08750,PROD-00050,19,5554.01,105526.19
POITEM-08751,PO-08751,PROD-00040,15,8309.52,124642.8
POITEM-08752,PO-08752,PROD-00037,33,12261.13,404617.29
POITEM-08753,PO-08753,PROD-00060,28,13085.7,366399.6
POITEM-08754,PO-08754,PROD-00002,2,12960.96,25921.92
POITEM-08755,PO-08755,PROD-00060,5,13085.7,65428.5
POITEM-08756,PO-08756,PROD-00069,15,1648.33,24724.95
POITEM-08757,PO-08757,PROD-00100,17,7978.7,135637.9
POITEM-08758,PO-08758,PROD-00092,29,6231.25,180706.25
POITEM-08759,PO-08759,PROD-00067,33,1752.24,57823.92
POITEM-08760,PO-08760,PROD-00029,14,9691.37,135679.18
POITEM-08761,PO-08761,PROD-00059,36,2408.99,86723.64
POITEM-08762,PO-08762,PROD-00024,35,14125.4,494389.0
POITEM-08763,PO-08763,PROD-00023,8,12930.74,103445.92
POITEM-08764,PO-08764,PROD-00003,18,9810.5,176589.0
POITEM-08765,PO-08765,PROD-00035,26,12510.33,325268.58
POITEM-08766,PO-08766,PROD-00037,32,12261.13,392356.16
POITEM-08767,PO-08767,PROD-00059,28,2408.99,67451.72
POITEM-08768,PO-08768,PROD-00064,5,4940.72,24703.6
POITEM-08769,PO-08769,PROD-00046,30,14697.47,440924.1
POITEM-08770,PO-08770,PROD-00017,28,2868.72,80324.16
POITEM-08771,PO-08771,PROD-00100,10,7978.7,79787.0
POITEM-08772,PO-08772,PROD-00056,25,2458.46,61461.5
POITEM-08773,PO-08773,PROD-00079,10,4452.44,44524.4
POITEM-08774,PO-08774,PROD-00005,46,12928.55,594713.3
POITEM-08775,PO-08775,PROD-00043,13,7340.76,95429.88
POITEM-08776,PO-08776,PROD-00095,5,12910.1,64550.5
POITEM-08777,PO-08777,PROD-00051,19,1933.5,36736.5
POITEM-08778,PO-08778,PROD-00065,32,4204.9,134556.8
POITEM-08779,PO-08779,PROD-00023,13,12930.74,168099.62
POITEM-08780,PO-08780,PROD-00056,21,2458.46,51627.66
POITEM-08781,PO-08781,PROD-00079,19,4452.44,84596.36
POITEM-08782,PO-08782,PROD-00028,19,4002.58,76049.02
POITEM-08783,PO-08783,PROD-00018,11,8698.22,95680.42
POITEM-08784,PO-08784,PROD-00099,1,2021.75,2021.75
POITEM-08785,PO-08785,PROD-00036,32,14758.2,472262.4
POITEM-08786,PO-08786,PROD-00065,22,4204.9,92507.8
POITEM-08787,PO-08787,PROD-00018,30,8698.22,260946.6
POITEM-08788,PO-08788,PROD-00041,20,9082.33,181646.6
POITEM-08789,PO-08789,PROD-00014,5,5700.12,28500.6
POITEM-08790,PO-08790,PROD-00074,7,7810.81,54675.67
POITEM-08791,PO-08791,PROD-00099,4,2021.75,8087.0
POITEM-08792,PO-08792,PROD-00015,46,13899.61,639382.06
POITEM-08793,PO-08793,PROD-00006,32,2873.38,91948.16
POITEM-08794,PO-08794,PROD-00090,25,390.77,9769.25
POITEM-08795,PO-08795,PROD-00076,41,4725.89,193761.49
POITEM-08796,PO-08796,PROD-00052,50,13487.25,674362.5
POITEM-08797,PO-08797,PROD-00073,21,689.69,14483.49
POITEM-08798,PO-08798,PROD-00049,16,13561.33,216981.28
POITEM-08799,PO-08799,PROD-00030,43,13937.05,599293.15
POITEM-08800,PO-08800,PROD-00027,16,3083.78,49340.48
POITEM-08801,PO-08801,PROD-00080,36,6321.18,227562.48
POITEM-08802,PO-08802,PROD-00076,44,4725.89,207939.16
POITEM-08803,PO-08803,PROD-00048,48,169.8,8150.4
POITEM-08804,PO-08804,PROD-00018,3,8698.22,26094.66
POITEM-08805,PO-08805,PROD-00091,50,9178.83,458941.5
POITEM-08806,PO-08806,PROD-00029,35,9691.37,339197.95
POITEM-08807,PO-08807,PROD-00057,31,396.18,12281.58
POITEM-08808,PO-08808,PROD-00097,7,14370.54,100593.78
POITEM-08809,PO-08809,PROD-00068,2,8719.33,17438.66
POITEM-08810,PO-08810,PROD-00026,12,9869.16,118429.92
POITEM-08811,PO-08811,PROD-00089,6,4673.53,28041.18
POITEM-08812,PO-08812,PROD-00030,47,13937.05,655041.35
POITEM-08813,PO-08813,PROD-00043,48,7340.76,352356.48
POITEM-08814,PO-08814,PROD-00039,11,1753.54,19288.94
POITEM-08815,PO-08815,PROD-00008,42,3765.85,158165.7
POITEM-08816,PO-08816,PROD-00100,34,7978.7,271275.8
POITEM-08817,PO-08817,PROD-00060,28,13085.7,366399.6
POITEM-08818,PO-08818,PROD-00015,31,13899.61,430887.91
POITEM-08819,PO-08819,PROD-00026,17,9869.16,167775.72
POITEM-08820,PO-08820,PROD-00062,29,4595.23,133261.67
POITEM-08821,PO-08821,PROD-00083,4,12510.03,50040.12
POITEM-08822,PO-08822,PROD-00070,2,10934.96,21869.92
POITEM-08823,PO-08823,PROD-00073,43,689.69,29656.67
POITEM-08824,PO-08824,PROD-00085,11,6640.75,73048.25
POITEM-08825,PO-08825,PROD-00001,3,5330.61,15991.83
POITEM-08826,PO-08826,PROD-00038,40,1576.21,63048.4
POITEM-08827,PO-08827,PROD-00010,18,9790.87,176235.66
POITEM-08828,PO-08828,PROD-00084,8,3172.49,25379.92
POITEM-08829,PO-08829,PROD-00098,15,8372.15,125582.25
POITEM-08830,PO-08830,PROD-00083,11,12510.03,137610.33
POITEM-08831,PO-08831,PROD-00084,40,3172.49,126899.6
POITEM-08832,PO-08832,PROD-00028,20,4002.58,80051.6
POITEM-08833,PO-08833,PROD-00015,47,13899.61,653281.67
POITEM-08834,PO-08834,PROD-00093,36,10452.9,376304.4
POITEM-08835,PO-08835,PROD-00033,29,14000.56,406016.24
POITEM-08836,PO-08836,PROD-00080,4,6321.18,25284.72
POITEM-08837,PO-08837,PROD-00023,2,12930.74,25861.48
POITEM-08838,PO-08838,PROD-00054,5,1564.33,7821.65
POITEM-08839,PO-08839,PROD-00033,36,14000.56,504020.16
POITEM-08840,PO-08840,PROD-00095,16,12910.1,206561.6
POITEM-08841,PO-08841,PROD-00072,34,13495.08,458832.72
POITEM-08842,PO-08842,PROD-00090,48,390.77,18756.96
POITEM-08843,PO-08843,PROD-00068,23,8719.33,200544.59
POITEM-08844,PO-08844,PROD-00002,40,12960.96,518438.4
POITEM-08845,PO-08845,PROD-00098,11,8372.15,92093.65
POITEM-08846,PO-08846,PROD-00031,39,6887.83,268625.37
POITEM-08847,PO-08847,PROD-00048,7,169.8,1188.6
POITEM-08848,PO-08848,PROD-00051,43,1933.5,83140.5
POITEM-08849,PO-08849,PROD-00029,4,9691.37,38765.48
POITEM-08850,PO-08850,PROD-00016,4,6359.54,25438.16
POITEM-08851,PO-08851,PROD-00003,27,9810.5,264883.5
POITEM-08852,PO-08852,PROD-00055,2,11248.43,22496.86
POITEM-08853,PO-08853,PROD-00084,34,3172.49,107864.66
POITEM-08854,PO-08854,PROD-00015,43,13899.61,597683.23
POITEM-08855,PO-08855,PROD-00083,44,12510.03,550441.32
POITEM-08856,PO-08856,PROD-00048,41,169.8,6961.8
POITEM-08857,PO-08857,PROD-00016,49,6359.54,311617.46
POITEM-08858,PO-08858,PROD-00061,2,3013.6,6027.2
POITEM-08859,PO-08859,PROD-00009,50,12125.13,606256.5
POITEM-08860,PO-08860,PROD-00046,23,14697.47,338041.81
POITEM-08861,PO-08861,PROD-00042,36,10320.27,371529.72
POITEM-08862,PO-08862,PROD-00082,10,8547.35,85473.5
POITEM-08863,PO-08863,PROD-00066,31,14717.72,456249.32
POITEM-08864,PO-08864,PROD-00013,44,12973.14,570818.16
POITEM-08865,PO-08865,PROD-00088,39,12280.89,478954.71
POITEM-08866,PO-08866,PROD-00042,46,10320.27,474732.42
POITEM-08867,PO-08867,PROD-00098,41,8372.15,343258.15
POITEM-08868,PO-08868,PROD-00091,5,9178.83,45894.15
POITEM-08869,PO-08869,PROD-00028,31,4002.58,124079.98
POITEM-08870,PO-08870,PROD-00013,30,12973.14,389194.2
POITEM-08871,PO-08871,PROD-00001,22,5330.61,117273.42
POITEM-08872,PO-08872,PROD-00046,8,14697.47,117579.76
POITEM-08873,PO-08873,PROD-00041,13,9082.33,118070.29
POITEM-08874,PO-08874,PROD-00090,34,390.77,13286.18
POITEM-08875,PO-08875,PROD-00100,32,7978.7,255318.4
POITEM-08876,PO-08876,PROD-00034,1,5558.67,5558.67
POITEM-08877,PO-08877,PROD-00042,1,10320.27,10320.27
POITEM-08878,PO-08878,PROD-00026,29,9869.16,286205.64
POITEM-08879,PO-08879,PROD-00040,39,8309.52,324071.28
POITEM-08880,PO-08880,PROD-00017,40,2868.72,114748.8
POITEM-08881,PO-08881,PROD-00025,25,8927.92,223198.0
POITEM-08882,PO-08882,PROD-00007,17,6342.68,107825.56
POITEM-08883,PO-08883,PROD-00039,50,1753.54,87677.0
POITEM-08884,PO-08884,PROD-00094,34,3678.67,125074.78
POITEM-08885,PO-08885,PROD-00005,3,12928.55,38785.65
POITEM-08886,PO-08886,PROD-00061,13,3013.6,39176.8
POITEM-08887,PO-08887,PROD-00051,11,1933.5,21268.5
POITEM-08888,PO-08888,PROD-00017,31,2868.72,88930.32
POITEM-08889,PO-08889,PROD-00061,6,3013.6,18081.6
POITEM-08890,PO-08890,PROD-00056,11,2458.46,27043.06
POITEM-08891,PO-08891,PROD-00041,12,9082.33,108987.96
POITEM-08892,PO-08892,PROD-00028,42,4002.58,168108.36
POITEM-08893,PO-08893,PROD-00033,39,14000.56,546021.84
POITEM-08894,PO-08894,PROD-00049,18,13561.33,244103.94
POITEM-08895,PO-08895,PROD-00049,22,13561.33,298349.26
POITEM-08896,PO-08896,PROD-00014,11,5700.12,62701.32
POITEM-08897,PO-08897,PROD-00059,6,2408.99,14453.94
POITEM-08898,PO-08898,PROD-00006,18,2873.38,51720.84
POITEM-08899,PO-08899,PROD-00086,32,7110.96,227550.72
POITEM-08900,PO-08900,PROD-00001,21,5330.61,111942.81
POITEM-08901,PO-08901,PROD-00055,15,11248.43,168726.45
POITEM-08902,PO-08902,PROD-00071,36,9102.98,327707.28
POITEM-08903,PO-08903,PROD-00047,26,6641.49,172678.74
POITEM-08904,PO-08904,PROD-00010,15,9790.87,146863.05
POITEM-08905,PO-08905,PROD-00036,34,14758.2,501778.8
POITEM-08906,PO-08906,PROD-00003,27,9810.5,264883.5
POITEM-08907,PO-08907,PROD-00017,18,2868.72,51636.96
POITEM-08908,PO-08908,PROD-00095,14,12910.1,180741.4
POITEM-08909,PO-08909,PROD-00006,26,2873.38,74707.88
POITEM-08910,PO-08910,PROD-00062,36,4595.23,165428.28
POITEM-08911,PO-08911,PROD-00098,19,8372.15,159070.85
POITEM-08912,PO-08912,PROD-00042,4,10320.27,41281.08
POITEM-08913,PO-08913,PROD-00023,38,12930.74,491368.12
POITEM-08914,PO-08914,PROD-00018,31,8698.22,269644.82
POITEM-08915,PO-08915,PROD-00045,32,78.1,2499.2
POITEM-08916,PO-08916,PROD-00061,10,3013.6,30136.0
POITEM-08917,PO-08917,PROD-00053,3,3170.9,9512.7
POITEM-08918,PO-08918,PROD-00056,47,2458.46,115547.62
POITEM-08919,PO-08919,PROD-00075,41,6483.68,265830.88
POITEM-08920,PO-08920,PROD-00068,10,8719.33,87193.3
POITEM-08921,PO-08921,PROD-00046,10,14697.47,146974.7
POITEM-08922,PO-08922,PROD-00071,41,9102.98,373222.18
POITEM-08923,PO-08923,PROD-00074,25,7810.81,195270.25
POITEM-08924,PO-08924,PROD-00050,5,5554.01,27770.05
POITEM-08925,PO-08925,PROD-00081,47,11228.32,527731.04
POITEM-08926,PO-08926,PROD-00020,10,7164.91,71649.1
POITEM-08927,PO-08927,PROD-00019,24,4721.23,113309.52
POITEM-08928,PO-08928,PROD-00025,50,8927.92,446396.0
POITEM-08929,PO-08929,PROD-00069,29,1648.33,47801.57
POITEM-08930,PO-08930,PROD-00035,39,12510.33,487902.87
POITEM-08931,PO-08931,PROD-00065,32,4204.9,134556.8
POITEM-08932,PO-08932,PROD-00070,14,10934.96,153089.44
POITEM-08933,PO-08933,PROD-00026,32,9869.16,315813.12
POITEM-08934,PO-08934,PROD-00072,22,13495.08,296891.76
POITEM-08935,PO-08935,PROD-00100,40,7978.7,319148.0
POITEM-08936,PO-08936,PROD-00084,6,3172.49,19034.94
POITEM-08937,PO-08937,PROD-00016,24,6359.54,152628.96
POITEM-08938,PO-08938,PROD-00008,20,3765.85,75317.0
POITEM-08939,PO-08939,PROD-00059,29,2408.99,69860.71
POITEM-08940,PO-08940,PROD-00030,30,13937.05,418111.5
POITEM-08941,PO-08941,PROD-00062,35,4595.23,160833.05
POITEM-08942,PO-08942,PROD-00021,40,14412.66,576506.4
POITEM-08943,PO-08943,PROD-00041,48,9082.33,435951.84
POITEM-08944,PO-08944,PROD-00033,40,14000.56,560022.4
POITEM-08945,PO-08945,PROD-00085,34,6640.75,225785.5
POITEM-08946,PO-08946,PROD-00044,10,9523.41,95234.1
POITEM-08947,PO-08947,PROD-00018,19,8698.22,165266.18
POITEM-08948,PO-08948,PROD-00017,16,2868.72,45899.52
POITEM-08949,PO-08949,PROD-00058,39,13963.97,544594.83
POITEM-08950,PO-08950,PROD-00094,44,3678.67,161861.48
POITEM-08951,PO-08951,PROD-00047,17,6641.49,112905.33
POITEM-08952,PO-08952,PROD-00098,31,8372.15,259536.65
POITEM-08953,PO-08953,PROD-00049,19,13561.33,257665.27
POITEM-08954,PO-08954,PROD-00074,34,7810.81,265567.54
POITEM-08955,PO-08955,PROD-00029,40,9691.37,387654.8
POITEM-08956,PO-08956,PROD-00018,42,8698.22,365325.24
POITEM-08957,PO-08957,PROD-00005,48,12928.55,620570.4
POITEM-08958,PO-08958,PROD-00078,49,6140.68,300893.32
POITEM-08959,PO-08959,PROD-00019,46,4721.23,217176.58
POITEM-08960,PO-08960,PROD-00017,49,2868.72,140567.28
POITEM-08961,PO-08961,PROD-00042,37,10320.27,381849.99
POITEM-08962,PO-08962,PROD-00001,29,5330.61,154587.69
POITEM-08963,PO-08963,PROD-00072,39,13495.08,526308.12
POITEM-08964,PO-08964,PROD-00026,18,9869.16,177644.88
POITEM-08965,PO-08965,PROD-00058,17,13963.97,237387.49
POITEM-08966,PO-08966,PROD-00012,10,6111.05,61110.5
POITEM-08967,PO-08967,PROD-00009,20,12125.13,242502.6
POITEM-08968,PO-08968,PROD-00040,48,8309.52,398856.96
POITEM-08969,PO-08969,PROD-00076,46,4725.89,217390.94
POITEM-08970,PO-08970,PROD-00007,11,6342.68,69769.48
POITEM-08971,PO-08971,PROD-00051,26,1933.5,50271.0
POITEM-08972,PO-08972,PROD-00036,40,14758.2,590328.0
POITEM-08973,PO-08973,PROD-00047,34,6641.49,225810.66
POITEM-08974,PO-08974,PROD-00071,14,9102.98,127441.72
POITEM-08975,PO-08975,PROD-00028,27,4002.58,108069.66
POITEM-08976,PO-08976,PROD-00042,1,10320.27,10320.27
POITEM-08977,PO-08977,PROD-00028,49,4002.58,196126.42
POITEM-08978,PO-08978,PROD-00069,12,1648.33,19779.96
POITEM-08979,PO-08979,PROD-00004,13,6054.25,78705.25
POITEM-08980,PO-08980,PROD-00092,17,6231.25,105931.25
POITEM-08981,PO-08981,PROD-00027,36,3083.78,111016.08
POITEM-08982,PO-08982,PROD-00023,32,12930.74,413783.68
POITEM-08983,PO-08983,PROD-00079,20,4452.44,89048.8
POITEM-08984,PO-08984,PROD-00078,12,6140.68,73688.16
POITEM-08985,PO-08985,PROD-00001,46,5330.61,245208.06
POITEM-08986,PO-08986,PROD-00062,19,4595.23,87309.37
POITEM-08987,PO-08987,PROD-00082,25,8547.35,213683.75
POITEM-08988,PO-08988,PROD-00076,9,4725.89,42533.01
POITEM-08989,PO-08989,PROD-00028,21,4002.58,84054.18
POITEM-08990,PO-08990,PROD-00037,30,12261.13,367833.9
POITEM-08991,PO-08991,PROD-00096,13,6391.56,83090.28
POITEM-08992,PO-08992,PROD-00089,47,4673.53,219655.91
POITEM-08993,PO-08993,PROD-00017,33,2868.72,94667.76
POITEM-08994,PO-08994,PROD-00090,28,390.77,10941.56
POITEM-08995,PO-08995,PROD-00057,5,396.18,1980.9
POITEM-08996,PO-08996,PROD-00053,29,3170.9,91956.1
POITEM-08997,PO-08997,PROD-00021,44,14412.66,634157.04
POITEM-08998,PO-08998,PROD-00026,26,9869.16,256598.16
POITEM-08999,PO-08999,PROD-00075,42,6483.68,272314.56
POITEM-09000,PO-09000,PROD-00052,29,13487.25,391130.25
POITEM-09001,PO-09001,PROD-00064,18,4940.72,88932.96
POITEM-09002,PO-09002,PROD-00043,31,7340.76,227563.56
POITEM-09003,PO-09003,PROD-00039,20,1753.54,35070.8
POITEM-09004,PO-09004,PROD-00008,14,3765.85,52721.9
POITEM-09005,PO-09005,PROD-00031,29,6887.83,199747.07
POITEM-09006,PO-09006,PROD-00009,28,12125.13,339503.64
POITEM-09007,PO-09007,PROD-00047,18,6641.49,119546.82
POITEM-09008,PO-09008,PROD-00025,48,8927.92,428540.16
POITEM-09009,PO-09009,PROD-00019,39,4721.23,184127.97
POITEM-09010,PO-09010,PROD-00017,29,2868.72,83192.88
POITEM-09011,PO-09011,PROD-00028,22,4002.58,88056.76
POITEM-09012,PO-09012,PROD-00025,3,8927.92,26783.76
POITEM-09013,PO-09013,PROD-00087,18,1294.81,23306.58
POITEM-09014,PO-09014,PROD-00028,16,4002.58,64041.28
POITEM-09015,PO-09015,PROD-00022,35,2807.73,98270.55
POITEM-09016,PO-09016,PROD-00014,24,5700.12,136802.88
POITEM-09017,PO-09017,PROD-00032,22,8076.08,177673.76
POITEM-09018,PO-09018,PROD-00060,27,13085.7,353313.9
POITEM-09019,PO-09019,PROD-00026,29,9869.16,286205.64
POITEM-09020,PO-09020,PROD-00003,29,9810.5,284504.5
POITEM-09021,PO-09021,PROD-00004,10,6054.25,60542.5
POITEM-09022,PO-09022,PROD-00081,23,11228.32,258251.36
POITEM-09023,PO-09023,PROD-00005,37,12928.55,478356.35
POITEM-09024,PO-09024,PROD-00059,45,2408.99,108404.55
POITEM-09025,PO-09025,PROD-00089,20,4673.53,93470.6
POITEM-09026,PO-09026,PROD-00072,24,13495.08,323881.92
POITEM-09027,PO-09027,PROD-00047,18,6641.49,119546.82
POITEM-09028,PO-09028,PROD-00057,38,396.18,15054.84
POITEM-09029,PO-09029,PROD-00093,18,10452.9,188152.2
POITEM-09030,PO-09030,PROD-00067,36,1752.24,63080.64
POITEM-09031,PO-09031,PROD-00070,7,10934.96,76544.72
POITEM-09032,PO-09032,PROD-00052,34,13487.25,458566.5
POITEM-09033,PO-09033,PROD-00019,47,4721.23,221897.81
POITEM-09034,PO-09034,PROD-00075,17,6483.68,110222.56
POITEM-09035,PO-09035,PROD-00081,9,11228.32,101054.88
POITEM-09036,PO-09036,PROD-00010,14,9790.87,137072.18
POITEM-09037,PO-09037,PROD-00041,20,9082.33,181646.6
POITEM-09038,PO-09038,PROD-00094,37,3678.67,136110.79
POITEM-09039,PO-09039,PROD-00088,3,12280.89,36842.67
POITEM-09040,PO-09040,PROD-00023,33,12930.74,426714.42
POITEM-09041,PO-09041,PROD-00084,45,3172.49,142762.05
POITEM-09042,PO-09042,PROD-00049,6,13561.33,81367.98
POITEM-09043,PO-09043,PROD-00055,1,11248.43,11248.43
POITEM-09044,PO-09044,PROD-00073,41,689.69,28277.29
POITEM-09045,PO-09045,PROD-00077,6,13503.2,81019.2
POITEM-09046,PO-09046,PROD-00028,3,4002.58,12007.74
POITEM-09047,PO-09047,PROD-00086,24,7110.96,170663.04
POITEM-09048,PO-09048,PROD-00006,40,2873.38,114935.2
POITEM-09049,PO-09049,PROD-00051,24,1933.5,46404.0
POITEM-09050,PO-09050,PROD-00078,44,6140.68,270189.92
POITEM-09051,PO-09051,PROD-00093,21,10452.9,219510.9
POITEM-09052,PO-09052,PROD-00057,42,396.18,16639.56
POITEM-09053,PO-09053,PROD-00040,50,8309.52,415476.0
POITEM-09054,PO-09054,PROD-00052,16,13487.25,215796.0
POITEM-09055,PO-09055,PROD-00014,38,5700.12,216604.56
POITEM-09056,PO-09056,PROD-00037,8,12261.13,98089.04
POITEM-09057,PO-09057,PROD-00018,11,8698.22,95680.42
POITEM-09058,PO-09058,PROD-00100,21,7978.7,167552.7
POITEM-09059,PO-09059,PROD-00034,37,5558.67,205670.79
POITEM-09060,PO-09060,PROD-00002,5,12960.96,64804.8
POITEM-09061,PO-09061,PROD-00008,23,3765.85,86614.55
POITEM-09062,PO-09062,PROD-00085,8,6640.75,53126.0
POITEM-09063,PO-09063,PROD-00070,39,10934.96,426463.44
POITEM-09064,PO-09064,PROD-00022,6,2807.73,16846.38
POITEM-09065,PO-09065,PROD-00032,6,8076.08,48456.48
POITEM-09066,PO-09066,PROD-00064,38,4940.72,187747.36
POITEM-09067,PO-09067,PROD-00065,20,4204.9,84098.0
POITEM-09068,PO-09068,PROD-00096,25,6391.56,159789.0
POITEM-09069,PO-09069,PROD-00071,26,9102.98,236677.48
POITEM-09070,PO-09070,PROD-00074,45,7810.81,351486.45
POITEM-09071,PO-09071,PROD-00076,34,4725.89,160680.26
POITEM-09072,PO-09072,PROD-00046,24,14697.47,352739.28
POITEM-09073,PO-09073,PROD-00019,36,4721.23,169964.28
POITEM-09074,PO-09074,PROD-00042,18,10320.27,185764.86
POITEM-09075,PO-09075,PROD-00042,44,10320.27,454091.88
POITEM-09076,PO-09076,PROD-00027,1,3083.78,3083.78
POITEM-09077,PO-09077,PROD-00079,19,4452.44,84596.36
POITEM-09078,PO-09078,PROD-00024,34,14125.4,480263.6
POITEM-09079,PO-09079,PROD-00048,48,169.8,8150.4
POITEM-09080,PO-09080,PROD-00065,29,4204.9,121942.1
POITEM-09081,PO-09081,PROD-00039,37,1753.54,64880.98
POITEM-09082,PO-09082,PROD-00036,20,14758.2,295164.0
POITEM-09083,PO-09083,PROD-00041,37,9082.33,336046.21
POITEM-09084,PO-09084,PROD-00074,1,7810.81,7810.81
POITEM-09085,PO-09085,PROD-00061,5,3013.6,15068.0
POITEM-09086,PO-09086,PROD-00024,30,14125.4,423762.0
POITEM-09087,PO-09087,PROD-00030,1,13937.05,13937.05
POITEM-09088,PO-09088,PROD-00036,5,14758.2,73791.0
POITEM-09089,PO-09089,PROD-00061,48,3013.6,144652.8
POITEM-09090,PO-09090,PROD-00085,20,6640.75,132815.0
POITEM-09091,PO-09091,PROD-00088,13,12280.89,159651.57
POITEM-09092,PO-09092,PROD-00039,21,1753.54,36824.34
POITEM-09093,PO-09093,PROD-00016,15,6359.54,95393.1
POITEM-09094,PO-09094,PROD-00070,27,10934.96,295243.92
POITEM-09095,PO-09095,PROD-00055,46,11248.43,517427.78
POITEM-09096,PO-09096,PROD-00040,29,8309.52,240976.08
POITEM-09097,PO-09097,PROD-00097,49,14370.54,704156.46
POITEM-09098,PO-09098,PROD-00095,17,12910.1,219471.7
POITEM-09099,PO-09099,PROD-00086,23,7110.96,163552.08
POITEM-09100,PO-09100,PROD-00062,14,4595.23,64333.22
POITEM-09101,PO-09101,PROD-00047,26,6641.49,172678.74
POITEM-09102,PO-09102,PROD-00023,7,12930.74,90515.18
POITEM-09103,PO-09103,PROD-00050,14,5554.01,77756.14
POITEM-09104,PO-09104,PROD-00043,26,7340.76,190859.76
POITEM-09105,PO-09105,PROD-00022,34,2807.73,95462.82
POITEM-09106,PO-09106,PROD-00071,28,9102.98,254883.44
POITEM-09107,PO-09107,PROD-00042,4,10320.27,41281.08
POITEM-09108,PO-09108,PROD-00040,9,8309.52,74785.68
POITEM-09109,PO-09109,PROD-00022,26,2807.73,73000.98
POITEM-09110,PO-09110,PROD-00019,37,4721.23,174685.51
POITEM-09111,PO-09111,PROD-00035,6,12510.33,75061.98
POITEM-09112,PO-09112,PROD-00094,8,3678.67,29429.36
POITEM-09113,PO-09113,PROD-00040,31,8309.52,257595.12
POITEM-09114,PO-09114,PROD-00099,45,2021.75,90978.75
POITEM-09115,PO-09115,PROD-00021,23,14412.66,331491.18
POITEM-09116,PO-09116,PROD-00080,38,6321.18,240204.84
POITEM-09117,PO-09117,PROD-00001,8,5330.61,42644.88
POITEM-09118,PO-09118,PROD-00006,47,2873.38,135048.86
POITEM-09119,PO-09119,PROD-00094,25,3678.67,91966.75
POITEM-09120,PO-09120,PROD-00099,14,2021.75,28304.5
POITEM-09121,PO-09121,PROD-00030,28,13937.05,390237.4
POITEM-09122,PO-09122,PROD-00055,13,11248.43,146229.59
POITEM-09123,PO-09123,PROD-00047,19,6641.49,126188.31
POITEM-09124,PO-09124,PROD-00018,26,8698.22,226153.72
POITEM-09125,PO-09125,PROD-00046,42,14697.47,617293.74
POITEM-09126,PO-09126,PROD-00093,26,10452.9,271775.4
POITEM-09127,PO-09127,PROD-00019,22,4721.23,103867.06
POITEM-09128,PO-09128,PROD-00081,43,11228.32,482817.76
POITEM-09129,PO-09129,PROD-00060,22,13085.7,287885.4
POITEM-09130,PO-09130,PROD-00052,10,13487.25,134872.5
POITEM-09131,PO-09131,PROD-00003,19,9810.5,186399.5
POITEM-09132,PO-09132,PROD-00017,25,2868.72,71718.0
POITEM-09133,PO-09133,PROD-00040,29,8309.52,240976.08
POITEM-09134,PO-09134,PROD-00052,10,13487.25,134872.5
POITEM-09135,PO-09135,PROD-00047,25,6641.49,166037.25
POITEM-09136,PO-09136,PROD-00077,25,13503.2,337580.0
POITEM-09137,PO-09137,PROD-00043,45,7340.76,330334.2
POITEM-09138,PO-09138,PROD-00065,32,4204.9,134556.8
POITEM-09139,PO-09139,PROD-00055,12,11248.43,134981.16
POITEM-09140,PO-09140,PROD-00052,4,13487.25,53949.0
POITEM-09141,PO-09141,PROD-00032,38,8076.08,306891.04
POITEM-09142,PO-09142,PROD-00025,28,8927.92,249981.76
POITEM-09143,PO-09143,PROD-00021,25,14412.66,360316.5
POITEM-09144,PO-09144,PROD-00077,5,13503.2,67516.0
POITEM-09145,PO-09145,PROD-00076,36,4725.89,170132.04
POITEM-09146,PO-09146,PROD-00072,5,13495.08,67475.4
POITEM-09147,PO-09147,PROD-00092,18,6231.25,112162.5
POITEM-09148,PO-09148,PROD-00051,1,1933.5,1933.5
POITEM-09149,PO-09149,PROD-00042,19,10320.27,196085.13
POITEM-09150,PO-09150,PROD-00081,27,11228.32,303164.64
POITEM-09151,PO-09151,PROD-00026,19,9869.16,187514.04
POITEM-09152,PO-09152,PROD-00082,12,8547.35,102568.2
POITEM-09153,PO-09153,PROD-00016,22,6359.54,139909.88
POITEM-09154,PO-09154,PROD-00057,26,396.18,10300.68
POITEM-09155,PO-09155,PROD-00050,49,5554.01,272146.49
POITEM-09156,PO-09156,PROD-00029,5,9691.37,48456.85
POITEM-09157,PO-09157,PROD-00078,25,6140.68,153517.0
POITEM-09158,PO-09158,PROD-00041,43,9082.33,390540.19
POITEM-09159,PO-09159,PROD-00055,35,11248.43,393695.05
POITEM-09160,PO-09160,PROD-00003,46,9810.5,451283.0
POITEM-09161,PO-09161,PROD-00080,48,6321.18,303416.64
POITEM-09162,PO-09162,PROD-00058,32,13963.97,446847.04
POITEM-09163,PO-09163,PROD-00053,17,3170.9,53905.3
POITEM-09164,PO-09164,PROD-00088,39,12280.89,478954.71
POITEM-09165,PO-09165,PROD-00075,39,6483.68,252863.52
POITEM-09166,PO-09166,PROD-00005,27,12928.55,349070.85
POITEM-09167,PO-09167,PROD-00081,46,11228.32,516502.72
POITEM-09168,PO-09168,PROD-00061,12,3013.6,36163.2
POITEM-09169,PO-09169,PROD-00074,28,7810.81,218702.68
POITEM-09170,PO-09170,PROD-00001,32,5330.61,170579.52
POITEM-09171,PO-09171,PROD-00058,33,13963.97,460811.01
POITEM-09172,PO-09172,PROD-00007,29,6342.68,183937.72
POITEM-09173,PO-09173,PROD-00054,37,1564.33,57880.21
POITEM-09174,PO-09174,PROD-00029,5,9691.37,48456.85
POITEM-09175,PO-09175,PROD-00023,47,12930.74,607744.78
POITEM-09176,PO-09176,PROD-00037,21,12261.13,257483.73
POITEM-09177,PO-09177,PROD-00018,25,8698.22,217455.5
POITEM-09178,PO-09178,PROD-00038,15,1576.21,23643.15
POITEM-09179,PO-09179,PROD-00007,15,6342.68,95140.2
POITEM-09180,PO-09180,PROD-00043,40,7340.76,293630.4
POITEM-09181,PO-09181,PROD-00088,4,12280.89,49123.56
POITEM-09182,PO-09182,PROD-00090,28,390.77,10941.56
POITEM-09183,PO-09183,PROD-00076,41,4725.89,193761.49
POITEM-09184,PO-09184,PROD-00071,29,9102.98,263986.42
POITEM-09185,PO-09185,PROD-00007,32,6342.68,202965.76
POITEM-09186,PO-09186,PROD-00059,20,2408.99,48179.8
POITEM-09187,PO-09187,PROD-00041,4,9082.33,36329.32
POITEM-09188,PO-09188,PROD-00061,12,3013.6,36163.2
POITEM-09189,PO-09189,PROD-00098,5,8372.15,41860.75
POITEM-09190,PO-09190,PROD-00082,26,8547.35,222231.1
POITEM-09191,PO-09191,PROD-00058,23,13963.97,321171.31
POITEM-09192,PO-09192,PROD-00088,10,12280.89,122808.9
POITEM-09193,PO-09193,PROD-00032,16,8076.08,129217.28
POITEM-09194,PO-09194,PROD-00086,8,7110.96,56887.68
POITEM-09195,PO-09195,PROD-00025,19,8927.92,169630.48
POITEM-09196,PO-09196,PROD-00050,41,5554.01,227714.41
POITEM-09197,PO-09197,PROD-00061,3,3013.6,9040.8
POITEM-09198,PO-09198,PROD-00097,41,14370.54,589192.14
POITEM-09199,PO-09199,PROD-00006,19,2873.38,54594.22
POITEM-09200,PO-09200,PROD-00060,49,13085.7,641199.3
POITEM-09201,PO-09201,PROD-00076,17,4725.89,80340.13
POITEM-09202,PO-09202,PROD-00096,28,6391.56,178963.68
POITEM-09203,PO-09203,PROD-00018,20,8698.22,173964.4
POITEM-09204,PO-09204,PROD-00015,16,13899.61,222393.76
POITEM-09205,PO-09205,PROD-00017,10,2868.72,28687.2
POITEM-09206,PO-09206,PROD-00036,1,14758.2,14758.2
POITEM-09207,PO-09207,PROD-00093,25,10452.9,261322.5
POITEM-09208,PO-09208,PROD-00088,21,12280.89,257898.69
POITEM-09209,PO-09209,PROD-00070,4,10934.96,43739.84
POITEM-09210,PO-09210,PROD-00019,48,4721.23,226619.04
POITEM-09211,PO-09211,PROD-00048,45,169.8,7641.0
POITEM-09212,PO-09212,PROD-00098,4,8372.15,33488.6
POITEM-09213,PO-09213,PROD-00053,27,3170.9,85614.3
POITEM-09214,PO-09214,PROD-00058,20,13963.97,279279.4
POITEM-09215,PO-09215,PROD-00021,31,14412.66,446792.46
POITEM-09216,PO-09216,PROD-00080,21,6321.18,132744.78
POITEM-09217,PO-09217,PROD-00033,41,14000.56,574022.96
POITEM-09218,PO-09218,PROD-00029,49,9691.37,474877.13
POITEM-09219,PO-09219,PROD-00008,21,3765.85,79082.85
POITEM-09220,PO-09220,PROD-00052,38,13487.25,512515.5
POITEM-09221,PO-09221,PROD-00096,18,6391.56,115048.08
POITEM-09222,PO-09222,PROD-00088,8,12280.89,98247.12
POITEM-09223,PO-09223,PROD-00081,48,11228.32,538959.36
POITEM-09224,PO-09224,PROD-00028,27,4002.58,108069.66
POITEM-09225,PO-09225,PROD-00026,41,9869.16,404635.56
POITEM-09226,PO-09226,PROD-00063,42,379.37,15933.54
POITEM-09227,PO-09227,PROD-00014,36,5700.12,205204.32
POITEM-09228,PO-09228,PROD-00065,3,4204.9,12614.7
POITEM-09229,PO-09229,PROD-00085,27,6640.75,179300.25
POITEM-09230,PO-09230,PROD-00019,10,4721.23,47212.3
POITEM-09231,PO-09231,PROD-00069,37,1648.33,60988.21
POITEM-09232,PO-09232,PROD-00013,24,12973.14,311355.36
POITEM-09233,PO-09233,PROD-00060,39,13085.7,510342.3
POITEM-09234,PO-09234,PROD-00026,9,9869.16,88822.44
POITEM-09235,PO-09235,PROD-00072,27,13495.08,364367.16
POITEM-09236,PO-09236,PROD-00064,50,4940.72,247036.0
POITEM-09237,PO-09237,PROD-00074,9,7810.81,70297.29
POITEM-09238,PO-09238,PROD-00096,5,6391.56,31957.8
POITEM-09239,PO-09239,PROD-00032,14,8076.08,113065.12
POITEM-09240,PO-09240,PROD-00058,29,13963.97,404955.13
POITEM-09241,PO-09241,PROD-00088,31,12280.89,380707.59
POITEM-09242,PO-09242,PROD-00048,37,169.8,6282.6
POITEM-09243,PO-09243,PROD-00040,31,8309.52,257595.12
POITEM-09244,PO-09244,PROD-00070,30,10934.96,328048.8
POITEM-09245,PO-09245,PROD-00006,40,2873.38,114935.2
POITEM-09246,PO-09246,PROD-00080,31,6321.18,195956.58
POITEM-09247,PO-09247,PROD-00047,8,6641.49,53131.92
POITEM-09248,PO-09248,PROD-00040,34,8309.52,282523.68
POITEM-09249,PO-09249,PROD-00067,25,1752.24,43806.0
POITEM-09250,PO-09250,PROD-00042,15,10320.27,154804.05
POITEM-09251,PO-09251,PROD-00051,2,1933.5,3867.0
POITEM-09252,PO-09252,PROD-00048,47,169.8,7980.6
POITEM-09253,PO-09253,PROD-00070,4,10934.96,43739.84
POITEM-09254,PO-09254,PROD-00061,41,3013.6,123557.6
POITEM-09255,PO-09255,PROD-00067,34,1752.24,59576.16
POITEM-09256,PO-09256,PROD-00082,19,8547.35,162399.65
POITEM-09257,PO-09257,PROD-00015,42,13899.61,583783.62
POITEM-09258,PO-09258,PROD-00054,38,1564.33,59444.54
POITEM-09259,PO-09259,PROD-00060,43,13085.7,562685.1
POITEM-09260,PO-09260,PROD-00063,11,379.37,4173.07
POITEM-09261,PO-09261,PROD-00073,47,689.69,32415.43
POITEM-09262,PO-09262,PROD-00099,48,2021.75,97044.0
POITEM-09263,PO-09263,PROD-00086,40,7110.96,284438.4
POITEM-09264,PO-09264,PROD-00034,9,5558.67,50028.03
POITEM-09265,PO-09265,PROD-00003,40,9810.5,392420.0
POITEM-09266,PO-09266,PROD-00051,16,1933.5,30936.0
POITEM-09267,PO-09267,PROD-00065,3,4204.9,12614.7
POITEM-09268,PO-09268,PROD-00023,43,12930.74,556021.82
POITEM-09269,PO-09269,PROD-00063,4,379.37,1517.48
POITEM-09270,PO-09270,PROD-00066,13,14717.72,191330.36
POITEM-09271,PO-09271,PROD-00040,13,8309.52,108023.76
POITEM-09272,PO-09272,PROD-00089,14,4673.53,65429.42
POITEM-09273,PO-09273,PROD-00066,47,14717.72,691732.84
POITEM-09274,PO-09274,PROD-00059,35,2408.99,84314.65
POITEM-09275,PO-09275,PROD-00043,27,7340.76,198200.52
POITEM-09276,PO-09276,PROD-00055,49,11248.43,551173.07
POITEM-09277,PO-09277,PROD-00051,11,1933.5,21268.5
POITEM-09278,PO-09278,PROD-00003,4,9810.5,39242.0
POITEM-09279,PO-09279,PROD-00069,45,1648.33,74174.85
POITEM-09280,PO-09280,PROD-00050,9,5554.01,49986.09
POITEM-09281,PO-09281,PROD-00055,8,11248.43,89987.44
POITEM-09282,PO-09282,PROD-00051,24,1933.5,46404.0
POITEM-09283,PO-09283,PROD-00009,45,12125.13,545630.85
POITEM-09284,PO-09284,PROD-00066,5,14717.72,73588.6
POITEM-09285,PO-09285,PROD-00068,3,8719.33,26157.99
POITEM-09286,PO-09286,PROD-00033,2,14000.56,28001.12
POITEM-09287,PO-09287,PROD-00052,23,13487.25,310206.75
POITEM-09288,PO-09288,PROD-00033,40,14000.56,560022.4
POITEM-09289,PO-09289,PROD-00053,49,3170.9,155374.1
POITEM-09290,PO-09290,PROD-00094,36,3678.67,132432.12
POITEM-09291,PO-09291,PROD-00030,32,13937.05,445985.6
POITEM-09292,PO-09292,PROD-00095,11,12910.1,142011.1
POITEM-09293,PO-09293,PROD-00091,16,9178.83,146861.28
POITEM-09294,PO-09294,PROD-00088,6,12280.89,73685.34
POITEM-09295,PO-09295,PROD-00078,43,6140.68,264049.24
POITEM-09296,PO-09296,PROD-00026,4,9869.16,39476.64
POITEM-09297,PO-09297,PROD-00008,39,3765.85,146868.15
POITEM-09298,PO-09298,PROD-00070,28,10934.96,306178.88
POITEM-09299,PO-09299,PROD-00097,20,14370.54,287410.8
POITEM-09300,PO-09300,PROD-00079,7,4452.44,31167.08
POITEM-09301,PO-09301,PROD-00067,16,1752.24,28035.84
POITEM-09302,PO-09302,PROD-00093,41,10452.9,428568.9
POITEM-09303,PO-09303,PROD-00044,41,9523.41,390459.81
POITEM-09304,PO-09304,PROD-00048,11,169.8,1867.8
POITEM-09305,PO-09305,PROD-00052,10,13487.25,134872.5
POITEM-09306,PO-09306,PROD-00089,40,4673.53,186941.2
POITEM-09307,PO-09307,PROD-00021,22,14412.66,317078.52
POITEM-09308,PO-09308,PROD-00039,26,1753.54,45592.04
POITEM-09309,PO-09309,PROD-00035,29,12510.33,362799.57
POITEM-09310,PO-09310,PROD-00002,3,12960.96,38882.88
POITEM-09311,PO-09311,PROD-00025,23,8927.92,205342.16
POITEM-09312,PO-09312,PROD-00002,28,12960.96,362906.88
POITEM-09313,PO-09313,PROD-00041,46,9082.33,417787.18
POITEM-09314,PO-09314,PROD-00033,3,14000.56,42001.68
POITEM-09315,PO-09315,PROD-00007,4,6342.68,25370.72
POITEM-09316,PO-09316,PROD-00031,36,6887.83,247961.88
POITEM-09317,PO-09317,PROD-00062,3,4595.23,13785.69
POITEM-09318,PO-09318,PROD-00013,37,12973.14,480006.18
POITEM-09319,PO-09319,PROD-00081,40,11228.32,449132.8
POITEM-09320,PO-09320,PROD-00031,4,6887.83,27551.32
POITEM-09321,PO-09321,PROD-00049,1,13561.33,13561.33
POITEM-09322,PO-09322,PROD-00005,28,12928.55,361999.4
POITEM-09323,PO-09323,PROD-00092,24,6231.25,149550.0
POITEM-09324,PO-09324,PROD-00075,8,6483.68,51869.44
POITEM-09325,PO-09325,PROD-00041,21,9082.33,190728.93
POITEM-09326,PO-09326,PROD-00064,18,4940.72,88932.96
POITEM-09327,PO-09327,PROD-00081,31,11228.32,348077.92
POITEM-09328,PO-09328,PROD-00075,19,6483.68,123189.92
POITEM-09329,PO-09329,PROD-00070,35,10934.96,382723.6
POITEM-09330,PO-09330,PROD-00001,34,5330.61,181240.74
POITEM-09331,PO-09331,PROD-00094,35,3678.67,128753.45
POITEM-09332,PO-09332,PROD-00012,45,6111.05,274997.25
POITEM-09333,PO-09333,PROD-00089,17,4673.53,79450.01
POITEM-09334,PO-09334,PROD-00050,40,5554.01,222160.4
POITEM-09335,PO-09335,PROD-00011,15,13897.35,208460.25
POITEM-09336,PO-09336,PROD-00017,27,2868.72,77455.44
POITEM-09337,PO-09337,PROD-00017,48,2868.72,137698.56
POITEM-09338,PO-09338,PROD-00100,13,7978.7,103723.1
POITEM-09339,PO-09339,PROD-00004,4,6054.25,24217.0
POITEM-09340,PO-09340,PROD-00009,48,12125.13,582006.24
POITEM-09341,PO-09341,PROD-00030,5,13937.05,69685.25
POITEM-09342,PO-09342,PROD-00014,30,5700.12,171003.6
POITEM-09343,PO-09343,PROD-00068,18,8719.33,156947.94
POITEM-09344,PO-09344,PROD-00059,18,2408.99,43361.82
POITEM-09345,PO-09345,PROD-00034,28,5558.67,155642.76
POITEM-09346,PO-09346,PROD-00017,17,2868.72,48768.24
POITEM-09347,PO-09347,PROD-00029,1,9691.37,9691.37
POITEM-09348,PO-09348,PROD-00096,2,6391.56,12783.12
POITEM-09349,PO-09349,PROD-00070,33,10934.96,360853.68
POITEM-09350,PO-09350,PROD-00100,12,7978.7,95744.4
POITEM-09351,PO-09351,PROD-00039,16,1753.54,28056.64
POITEM-09352,PO-09352,PROD-00089,33,4673.53,154226.49
POITEM-09353,PO-09353,PROD-00058,1,13963.97,13963.97
POITEM-09354,PO-09354,PROD-00001,50,5330.61,266530.5
POITEM-09355,PO-09355,PROD-00060,23,13085.7,300971.1
POITEM-09356,PO-09356,PROD-00061,3,3013.6,9040.8
POITEM-09357,PO-09357,PROD-00068,19,8719.33,165667.27
POITEM-09358,PO-09358,PROD-00049,5,13561.33,67806.65
POITEM-09359,PO-09359,PROD-00008,5,3765.85,18829.25
POITEM-09360,PO-09360,PROD-00035,43,12510.33,537944.19
POITEM-09361,PO-09361,PROD-00060,37,13085.7,484170.9
POITEM-09362,PO-09362,PROD-00009,31,12125.13,375879.03
POITEM-09363,PO-09363,PROD-00057,47,396.18,18620.46
POITEM-09364,PO-09364,PROD-00007,25,6342.68,158567.0
POITEM-09365,PO-09365,PROD-00015,33,13899.61,458687.13
POITEM-09366,PO-09366,PROD-00046,30,14697.47,440924.1
POITEM-09367,PO-09367,PROD-00051,13,1933.5,25135.5
POITEM-09368,PO-09368,PROD-00048,19,169.8,3226.2
POITEM-09369,PO-09369,PROD-00019,20,4721.23,94424.6
POITEM-09370,PO-09370,PROD-00068,8,8719.33,69754.64
POITEM-09371,PO-09371,PROD-00052,24,13487.25,323694.0
POITEM-09372,PO-09372,PROD-00027,48,3083.78,148021.44
POITEM-09373,PO-09373,PROD-00027,2,3083.78,6167.56
POITEM-09374,PO-09374,PROD-00088,11,12280.89,135089.79
POITEM-09375,PO-09375,PROD-00100,31,7978.7,247339.7
POITEM-09376,PO-09376,PROD-00025,4,8927.92,35711.68
POITEM-09377,PO-09377,PROD-00051,37,1933.5,71539.5
POITEM-09378,PO-09378,PROD-00061,2,3013.6,6027.2
POITEM-09379,PO-09379,PROD-00043,22,7340.76,161496.72
POITEM-09380,PO-09380,PROD-00079,34,4452.44,151382.96
POITEM-09381,PO-09381,PROD-00011,37,13897.35,514201.95
POITEM-09382,PO-09382,PROD-00100,34,7978.7,271275.8
POITEM-09383,PO-09383,PROD-00040,29,8309.52,240976.08
POITEM-09384,PO-09384,PROD-00095,3,12910.1,38730.3
POITEM-09385,PO-09385,PROD-00043,13,7340.76,95429.88
POITEM-09386,PO-09386,PROD-00058,1,13963.97,13963.97
POITEM-09387,PO-09387,PROD-00048,8,169.8,1358.4
POITEM-09388,PO-09388,PROD-00099,40,2021.75,80870.0
POITEM-09389,PO-09389,PROD-00061,1,3013.6,3013.6
POITEM-09390,PO-09390,PROD-00039,6,1753.54,10521.24
POITEM-09391,PO-09391,PROD-00032,50,8076.08,403804.0
POITEM-09392,PO-09392,PROD-00005,15,12928.55,193928.25
POITEM-09393,PO-09393,PROD-00044,15,9523.41,142851.15
POITEM-09394,PO-09394,PROD-00053,41,3170.9,130006.9
POITEM-09395,PO-09395,PROD-00064,20,4940.72,98814.4
POITEM-09396,PO-09396,PROD-00100,34,7978.7,271275.8
POITEM-09397,PO-09397,PROD-00075,2,6483.68,12967.36
POITEM-09398,PO-09398,PROD-00063,37,379.37,14036.69
POITEM-09399,PO-09399,PROD-00017,44,2868.72,126223.68
POITEM-09400,PO-09400,PROD-00025,39,8927.92,348188.88
POITEM-09401,PO-09401,PROD-00036,23,14758.2,339438.6
POITEM-09402,PO-09402,PROD-00070,25,10934.96,273374.0
POITEM-09403,PO-09403,PROD-00049,16,13561.33,216981.28
POITEM-09404,PO-09404,PROD-00034,10,5558.67,55586.7
POITEM-09405,PO-09405,PROD-00079,2,4452.44,8904.88
POITEM-09406,PO-09406,PROD-00082,19,8547.35,162399.65
POITEM-09407,PO-09407,PROD-00066,28,14717.72,412096.16
POITEM-09408,PO-09408,PROD-00052,7,13487.25,94410.75
POITEM-09409,PO-09409,PROD-00004,41,6054.25,248224.25
POITEM-09410,PO-09410,PROD-00063,13,379.37,4931.81
POITEM-09411,PO-09411,PROD-00029,26,9691.37,251975.62
POITEM-09412,PO-09412,PROD-00030,15,13937.05,209055.75
POITEM-09413,PO-09413,PROD-00048,2,169.8,339.6
POITEM-09414,PO-09414,PROD-00084,39,3172.49,123727.11
POITEM-09415,PO-09415,PROD-00014,35,5700.12,199504.2
POITEM-09416,PO-09416,PROD-00019,19,4721.23,89703.37
POITEM-09417,PO-09417,PROD-00066,31,14717.72,456249.32
POITEM-09418,PO-09418,PROD-00059,12,2408.99,28907.88
POITEM-09419,PO-09419,PROD-00091,13,9178.83,119324.79
POITEM-09420,PO-09420,PROD-00004,45,6054.25,272441.25
POITEM-09421,PO-09421,PROD-00083,46,12510.03,575461.38
POITEM-09422,PO-09422,PROD-00072,24,13495.08,323881.92
POITEM-09423,PO-09423,PROD-00058,32,13963.97,446847.04
POITEM-09424,PO-09424,PROD-00014,13,5700.12,74101.56
POITEM-09425,PO-09425,PROD-00056,17,2458.46,41793.82
POITEM-09426,PO-09426,PROD-00099,22,2021.75,44478.5
POITEM-09427,PO-09427,PROD-00081,32,11228.32,359306.24
POITEM-09428,PO-09428,PROD-00100,26,7978.7,207446.2
POITEM-09429,PO-09429,PROD-00005,48,12928.55,620570.4
POITEM-09430,PO-09430,PROD-00053,27,3170.9,85614.3
POITEM-09431,PO-09431,PROD-00078,9,6140.68,55266.12
POITEM-09432,PO-09432,PROD-00094,10,3678.67,36786.7
POITEM-09433,PO-09433,PROD-00011,49,13897.35,680970.15
POITEM-09434,PO-09434,PROD-00046,18,14697.47,264554.46
POITEM-09435,PO-09435,PROD-00046,45,14697.47,661386.15
POITEM-09436,PO-09436,PROD-00027,1,3083.78,3083.78
POITEM-09437,PO-09437,PROD-00097,17,14370.54,244299.18
POITEM-09438,PO-09438,PROD-00086,48,7110.96,341326.08
POITEM-09439,PO-09439,PROD-00013,40,12973.14,518925.6
POITEM-09440,PO-09440,PROD-00009,44,12125.13,533505.72
POITEM-09441,PO-09441,PROD-00069,36,1648.33,59339.88
POITEM-09442,PO-09442,PROD-00040,11,8309.52,91404.72
POITEM-09443,PO-09443,PROD-00089,21,4673.53,98144.13
POITEM-09444,PO-09444,PROD-00089,6,4673.53,28041.18
POITEM-09445,PO-09445,PROD-00096,25,6391.56,159789.0
POITEM-09446,PO-09446,PROD-00019,16,4721.23,75539.68
POITEM-09447,PO-09447,PROD-00027,35,3083.78,107932.3
POITEM-09448,PO-09448,PROD-00023,8,12930.74,103445.92
POITEM-09449,PO-09449,PROD-00030,43,13937.05,599293.15
POITEM-09450,PO-09450,PROD-00095,40,12910.1,516404.0
POITEM-09451,PO-09451,PROD-00042,30,10320.27,309608.1
POITEM-09452,PO-09452,PROD-00073,13,689.69,8965.97
POITEM-09453,PO-09453,PROD-00071,16,9102.98,145647.68
POITEM-09454,PO-09454,PROD-00062,49,4595.23,225166.27
POITEM-09455,PO-09455,PROD-00066,44,14717.72,647579.68
POITEM-09456,PO-09456,PROD-00046,30,14697.47,440924.1
POITEM-09457,PO-09457,PROD-00088,1,12280.89,12280.89
POITEM-09458,PO-09458,PROD-00078,48,6140.68,294752.64
POITEM-09459,PO-09459,PROD-00022,13,2807.73,36500.49
POITEM-09460,PO-09460,PROD-00072,7,13495.08,94465.56
POITEM-09461,PO-09461,PROD-00058,21,13963.97,293243.37
POITEM-09462,PO-09462,PROD-00044,19,9523.41,180944.79
POITEM-09463,PO-09463,PROD-00094,17,3678.67,62537.39
POITEM-09464,PO-09464,PROD-00013,38,12973.14,492979.32
POITEM-09465,PO-09465,PROD-00004,27,6054.25,163464.75
POITEM-09466,PO-09466,PROD-00046,25,14697.47,367436.75
POITEM-09467,PO-09467,PROD-00017,26,2868.72,74586.72
POITEM-09468,PO-09468,PROD-00039,24,1753.54,42084.96
POITEM-09469,PO-09469,PROD-00063,45,379.37,17071.65
POITEM-09470,PO-09470,PROD-00093,34,10452.9,355398.6
POITEM-09471,PO-09471,PROD-00013,45,12973.14,583791.3
POITEM-09472,PO-09472,PROD-00066,18,14717.72,264918.96
POITEM-09473,PO-09473,PROD-00024,33,14125.4,466138.2
POITEM-09474,PO-09474,PROD-00077,10,13503.2,135032.0
POITEM-09475,PO-09475,PROD-00027,41,3083.78,126434.98
POITEM-09476,PO-09476,PROD-00084,47,3172.49,149107.03
POITEM-09477,PO-09477,PROD-00084,46,3172.49,145934.54
POITEM-09478,PO-09478,PROD-00045,43,78.1,3358.3
POITEM-09479,PO-09479,PROD-00063,46,379.37,17451.02
POITEM-09480,PO-09480,PROD-00049,37,13561.33,501769.21
POITEM-09481,PO-09481,PROD-00084,16,3172.49,50759.84
POITEM-09482,PO-09482,PROD-00050,31,5554.01,172174.31
POITEM-09483,PO-09483,PROD-00043,30,7340.76,220222.8
POITEM-09484,PO-09484,PROD-00033,44,14000.56,616024.64
POITEM-09485,PO-09485,PROD-00022,15,2807.73,42115.95
POITEM-09486,PO-09486,PROD-00015,28,13899.61,389189.08
POITEM-09487,PO-09487,PROD-00015,38,13899.61,528185.18
POITEM-09488,PO-09488,PROD-00084,9,3172.49,28552.41
POITEM-09489,PO-09489,PROD-00058,12,13963.97,167567.64
POITEM-09490,PO-09490,PROD-00060,41,13085.7,536513.7
POITEM-09491,PO-09491,PROD-00037,30,12261.13,367833.9
POITEM-09492,PO-09492,PROD-00029,13,9691.37,125987.81
POITEM-09493,PO-09493,PROD-00070,29,10934.96,317113.84
POITEM-09494,PO-09494,PROD-00058,22,13963.97,307207.34
POITEM-09495,PO-09495,PROD-00045,46,78.1,3592.6
POITEM-09496,PO-09496,PROD-00034,2,5558.67,11117.34
POITEM-09497,PO-09497,PROD-00016,15,6359.54,95393.1
POITEM-09498,PO-09498,PROD-00093,36,10452.9,376304.4
POITEM-09499,PO-09499,PROD-00062,1,4595.23,4595.23
POITEM-09500,PO-09500,PROD-00010,25,9790.87,244771.75
POITEM-09501,PO-09501,PROD-00054,30,1564.33,46929.9
POITEM-09502,PO-09502,PROD-00092,25,6231.25,155781.25
POITEM-09503,PO-09503,PROD-00100,44,7978.7,351062.8
POITEM-09504,PO-09504,PROD-00011,20,13897.35,277947.0
POITEM-09505,PO-09505,PROD-00078,50,6140.68,307034.0
POITEM-09506,PO-09506,PROD-00050,32,5554.01,177728.32
POITEM-09507,PO-09507,PROD-00079,35,4452.44,155835.4
POITEM-09508,PO-09508,PROD-00057,33,396.18,13073.94
POITEM-09509,PO-09509,PROD-00052,46,13487.25,620413.5
POITEM-09510,PO-09510,PROD-00040,15,8309.52,124642.8
POITEM-09511,PO-09511,PROD-00033,40,14000.56,560022.4
POITEM-09512,PO-09512,PROD-00018,8,8698.22,69585.76
POITEM-09513,PO-09513,PROD-00025,22,8927.92,196414.24
POITEM-09514,PO-09514,PROD-00015,40,13899.61,555984.4
POITEM-09515,PO-09515,PROD-00071,29,9102.98,263986.42
POITEM-09516,PO-09516,PROD-00086,49,7110.96,348437.04
POITEM-09517,PO-09517,PROD-00031,11,6887.83,75766.13
POITEM-09518,PO-09518,PROD-00004,10,6054.25,60542.5
POITEM-09519,PO-09519,PROD-00091,28,9178.83,257007.24
POITEM-09520,PO-09520,PROD-00064,25,4940.72,123518.0
POITEM-09521,PO-09521,PROD-00079,43,4452.44,191454.92
POITEM-09522,PO-09522,PROD-00100,7,7978.7,55850.9
POITEM-09523,PO-09523,PROD-00003,9,9810.5,88294.5
POITEM-09524,PO-09524,PROD-00008,20,3765.85,75317.0
POITEM-09525,PO-09525,PROD-00079,9,4452.44,40071.96
POITEM-09526,PO-09526,PROD-00100,3,7978.7,23936.1
POITEM-09527,PO-09527,PROD-00081,1,11228.32,11228.32
POITEM-09528,PO-09528,PROD-00003,5,9810.5,49052.5
POITEM-09529,PO-09529,PROD-00063,35,379.37,13277.95
POITEM-09530,PO-09530,PROD-00003,40,9810.5,392420.0
POITEM-09531,PO-09531,PROD-00036,19,14758.2,280405.8
POITEM-09532,PO-09532,PROD-00097,49,14370.54,704156.46
POITEM-09533,PO-09533,PROD-00075,6,6483.68,38902.08
POITEM-09534,PO-09534,PROD-00073,42,689.69,28966.98
POITEM-09535,PO-09535,PROD-00021,44,14412.66,634157.04
POITEM-09536,PO-09536,PROD-00088,8,12280.89,98247.12
POITEM-09537,PO-09537,PROD-00056,7,2458.46,17209.22
POITEM-09538,PO-09538,PROD-00064,33,4940.72,163043.76
POITEM-09539,PO-09539,PROD-00097,28,14370.54,402375.12
POITEM-09540,PO-09540,PROD-00052,47,13487.25,633900.75
POITEM-09541,PO-09541,PROD-00055,40,11248.43,449937.2
POITEM-09542,PO-09542,PROD-00070,11,10934.96,120284.56
POITEM-09543,PO-09543,PROD-00037,45,12261.13,551750.85
POITEM-09544,PO-09544,PROD-00092,50,6231.25,311562.5
POITEM-09545,PO-09545,PROD-00084,35,3172.49,111037.15
POITEM-09546,PO-09546,PROD-00010,29,9790.87,283935.23
POITEM-09547,PO-09547,PROD-00022,12,2807.73,33692.76
POITEM-09548,PO-09548,PROD-00055,31,11248.43,348701.33
POITEM-09549,PO-09549,PROD-00012,48,6111.05,293330.4
POITEM-09550,PO-09550,PROD-00049,44,13561.33,596698.52
POITEM-09551,PO-09551,PROD-00063,18,379.37,6828.66
POITEM-09552,PO-09552,PROD-00043,43,7340.76,315652.68
POITEM-09553,PO-09553,PROD-00014,38,5700.12,216604.56
POITEM-09554,PO-09554,PROD-00077,2,13503.2,27006.4
POITEM-09555,PO-09555,PROD-00019,37,4721.23,174685.51
POITEM-09556,PO-09556,PROD-00076,18,4725.89,85066.02
POITEM-09557,PO-09557,PROD-00007,30,6342.68,190280.4
POITEM-09558,PO-09558,PROD-00097,17,14370.54,244299.18
POITEM-09559,PO-09559,PROD-00022,9,2807.73,25269.57
POITEM-09560,PO-09560,PROD-00031,4,6887.83,27551.32
POITEM-09561,PO-09561,PROD-00008,44,3765.85,165697.4
POITEM-09562,PO-09562,PROD-00079,37,4452.44,164740.28
POITEM-09563,PO-09563,PROD-00057,38,396.18,15054.84
POITEM-09564,PO-09564,PROD-00052,4,13487.25,53949.0
POITEM-09565,PO-09565,PROD-00019,41,4721.23,193570.43
POITEM-09566,PO-09566,PROD-00042,16,10320.27,165124.32
POITEM-09567,PO-09567,PROD-00038,49,1576.21,77234.29
POITEM-09568,PO-09568,PROD-00027,12,3083.78,37005.36
POITEM-09569,PO-09569,PROD-00056,49,2458.46,120464.54
POITEM-09570,PO-09570,PROD-00049,17,13561.33,230542.61
POITEM-09571,PO-09571,PROD-00064,11,4940.72,54347.92
POITEM-09572,PO-09572,PROD-00025,49,8927.92,437468.08
POITEM-09573,PO-09573,PROD-00046,31,14697.47,455621.57
POITEM-09574,PO-09574,PROD-00039,6,1753.54,10521.24
POITEM-09575,PO-09575,PROD-00099,37,2021.75,74804.75
POITEM-09576,PO-09576,PROD-00034,40,5558.67,222346.8
POITEM-09577,PO-09577,PROD-00052,18,13487.25,242770.5
POITEM-09578,PO-09578,PROD-00023,33,12930.74,426714.42
POITEM-09579,PO-09579,PROD-00078,6,6140.68,36844.08
POITEM-09580,PO-09580,PROD-00027,37,3083.78,114099.86
POITEM-09581,PO-09581,PROD-00091,23,9178.83,211113.09
POITEM-09582,PO-09582,PROD-00005,23,12928.55,297356.65
POITEM-09583,PO-09583,PROD-00054,27,1564.33,42236.91
POITEM-09584,PO-09584,PROD-00076,45,4725.89,212665.05
POITEM-09585,PO-09585,PROD-00059,43,2408.99,103586.57
POITEM-09586,PO-09586,PROD-00033,25,14000.56,350014.0
POITEM-09587,PO-09587,PROD-00067,44,1752.24,77098.56
POITEM-09588,PO-09588,PROD-00064,20,4940.72,98814.4
POITEM-09589,PO-09589,PROD-00025,14,8927.92,124990.88
POITEM-09590,PO-09590,PROD-00079,25,4452.44,111311.0
POITEM-09591,PO-09591,PROD-00082,5,8547.35,42736.75
POITEM-09592,PO-09592,PROD-00084,42,3172.49,133244.58
POITEM-09593,PO-09593,PROD-00018,41,8698.22,356627.02
POITEM-09594,PO-09594,PROD-00060,44,13085.7,575770.8
POITEM-09595,PO-09595,PROD-00029,14,9691.37,135679.18
POITEM-09596,PO-09596,PROD-00052,5,13487.25,67436.25
POITEM-09597,PO-09597,PROD-00042,15,10320.27,154804.05
POITEM-09598,PO-09598,PROD-00014,21,5700.12,119702.52
POITEM-09599,PO-09599,PROD-00047,22,6641.49,146112.78
POITEM-09600,PO-09600,PROD-00088,19,12280.89,233336.91
POITEM-09601,PO-09601,PROD-00096,33,6391.56,210921.48
POITEM-09602,PO-09602,PROD-00002,50,12960.96,648048.0
POITEM-09603,PO-09603,PROD-00016,28,6359.54,178067.12
POITEM-09604,PO-09604,PROD-00064,48,4940.72,237154.56
POITEM-09605,PO-09605,PROD-00015,43,13899.61,597683.23
POITEM-09606,PO-09606,PROD-00052,26,13487.25,350668.5
POITEM-09607,PO-09607,PROD-00035,7,12510.33,87572.31
POITEM-09608,PO-09608,PROD-00033,48,14000.56,672026.88
POITEM-09609,PO-09609,PROD-00055,18,11248.43,202471.74
POITEM-09610,PO-09610,PROD-00020,10,7164.91,71649.1
POITEM-09611,PO-09611,PROD-00016,8,6359.54,50876.32
POITEM-09612,PO-09612,PROD-00080,41,6321.18,259168.38
POITEM-09613,PO-09613,PROD-00056,34,2458.46,83587.64
POITEM-09614,PO-09614,PROD-00020,21,7164.91,150463.11
POITEM-09615,PO-09615,PROD-00081,33,11228.32,370534.56
POITEM-09616,PO-09616,PROD-00035,33,12510.33,412840.89
POITEM-09617,PO-09617,PROD-00061,43,3013.6,129584.8
POITEM-09618,PO-09618,PROD-00062,14,4595.23,64333.22
POITEM-09619,PO-09619,PROD-00007,24,6342.68,152224.32
POITEM-09620,PO-09620,PROD-00023,43,12930.74,556021.82
POITEM-09621,PO-09621,PROD-00092,12,6231.25,74775.0
POITEM-09622,PO-09622,PROD-00081,39,11228.32,437904.48
POITEM-09623,PO-09623,PROD-00043,48,7340.76,352356.48
POITEM-09624,PO-09624,PROD-00005,17,12928.55,219785.35
POITEM-09625,PO-09625,PROD-00045,10,78.1,781.0
POITEM-09626,PO-09626,PROD-00023,49,12930.74,633606.26
POITEM-09627,PO-09627,PROD-00088,47,12280.89,577201.83
POITEM-09628,PO-09628,PROD-00040,14,8309.52,116333.28
POITEM-09629,PO-09629,PROD-00028,12,4002.58,48030.96
POITEM-09630,PO-09630,PROD-00051,44,1933.5,85074.0
POITEM-09631,PO-09631,PROD-00094,14,3678.67,51501.38
POITEM-09632,PO-09632,PROD-00032,23,8076.08,185749.84
POITEM-09633,PO-09633,PROD-00064,19,4940.72,93873.68
POITEM-09634,PO-09634,PROD-00096,18,6391.56,115048.08
POITEM-09635,PO-09635,PROD-00012,35,6111.05,213886.75
POITEM-09636,PO-09636,PROD-00021,34,14412.66,490030.44
POITEM-09637,PO-09637,PROD-00090,12,390.77,4689.24
POITEM-09638,PO-09638,PROD-00049,25,13561.33,339033.25
POITEM-09639,PO-09639,PROD-00086,8,7110.96,56887.68
POITEM-09640,PO-09640,PROD-00049,36,13561.33,488207.88
POITEM-09641,PO-09641,PROD-00004,4,6054.25,24217.0
POITEM-09642,PO-09642,PROD-00044,10,9523.41,95234.1
POITEM-09643,PO-09643,PROD-00020,46,7164.91,329585.86
POITEM-09644,PO-09644,PROD-00059,30,2408.99,72269.7
POITEM-09645,PO-09645,PROD-00021,36,14412.66,518855.76
POITEM-09646,PO-09646,PROD-00064,11,4940.72,54347.92
POITEM-09647,PO-09647,PROD-00031,25,6887.83,172195.75
POITEM-09648,PO-09648,PROD-00029,26,9691.37,251975.62
POITEM-09649,PO-09649,PROD-00015,21,13899.61,291891.81
POITEM-09650,PO-09650,PROD-00043,49,7340.76,359697.24
POITEM-09651,PO-09651,PROD-00034,31,5558.67,172318.77
POITEM-09652,PO-09652,PROD-00031,18,6887.83,123980.94
POITEM-09653,PO-09653,PROD-00054,47,1564.33,73523.51
POITEM-09654,PO-09654,PROD-00059,38,2408.99,91541.62
POITEM-09655,PO-09655,PROD-00080,34,6321.18,214920.12
POITEM-09656,PO-09656,PROD-00056,45,2458.46,110630.7
POITEM-09657,PO-09657,PROD-00015,2,13899.61,27799.22
POITEM-09658,PO-09658,PROD-00005,43,12928.55,555927.65
POITEM-09659,PO-09659,PROD-00055,12,11248.43,134981.16
POITEM-09660,PO-09660,PROD-00032,48,8076.08,387651.84
POITEM-09661,PO-09661,PROD-00069,50,1648.33,82416.5
POITEM-09662,PO-09662,PROD-00027,42,3083.78,129518.76
POITEM-09663,PO-09663,PROD-00047,13,6641.49,86339.37
POITEM-09664,PO-09664,PROD-00030,14,13937.05,195118.7
POITEM-09665,PO-09665,PROD-00060,38,13085.7,497256.6
POITEM-09666,PO-09666,PROD-00032,15,8076.08,121141.2
POITEM-09667,PO-09667,PROD-00014,1,5700.12,5700.12
POITEM-09668,PO-09668,PROD-00011,14,13897.35,194562.9
POITEM-09669,PO-09669,PROD-00079,44,4452.44,195907.36
POITEM-09670,PO-09670,PROD-00062,5,4595.23,22976.15
POITEM-09671,PO-09671,PROD-00076,26,4725.89,122873.14
POITEM-09672,PO-09672,PROD-00051,16,1933.5,30936.0
POITEM-09673,PO-09673,PROD-00075,50,6483.68,324184.0
POITEM-09674,PO-09674,PROD-00024,11,14125.4,155379.4
POITEM-09675,PO-09675,PROD-00004,28,6054.25,169519.0
POITEM-09676,PO-09676,PROD-00047,40,6641.49,265659.6
POITEM-09677,PO-09677,PROD-00088,12,12280.89,147370.68
POITEM-09678,PO-09678,PROD-00038,1,1576.21,1576.21
POITEM-09679,PO-09679,PROD-00064,23,4940.72,113636.56
POITEM-09680,PO-09680,PROD-00047,43,6641.49,285584.07
POITEM-09681,PO-09681,PROD-00047,10,6641.49,66414.9
POITEM-09682,PO-09682,PROD-00045,19,78.1,1483.9
POITEM-09683,PO-09683,PROD-00038,4,1576.21,6304.84
POITEM-09684,PO-09684,PROD-00036,2,14758.2,29516.4
POITEM-09685,PO-09685,PROD-00059,42,2408.99,101177.58
POITEM-09686,PO-09686,PROD-00094,45,3678.67,165540.15
POITEM-09687,PO-09687,PROD-00057,1,396.18,396.18
POITEM-09688,PO-09688,PROD-00006,31,2873.38,89074.78
POITEM-09689,PO-09689,PROD-00029,40,9691.37,387654.8
POITEM-09690,PO-09690,PROD-00005,32,12928.55,413713.6
POITEM-09691,PO-09691,PROD-00071,39,9102.98,355016.22
POITEM-09692,PO-09692,PROD-00008,38,3765.85,143102.3
POITEM-09693,PO-09693,PROD-00004,20,6054.25,121085.0
POITEM-09694,PO-09694,PROD-00078,38,6140.68,233345.84
POITEM-09695,PO-09695,PROD-00051,46,1933.5,88941.0
POITEM-09696,PO-09696,PROD-00068,19,8719.33,165667.27
POITEM-09697,PO-09697,PROD-00081,43,11228.32,482817.76
POITEM-09698,PO-09698,PROD-00065,19,4204.9,79893.1
POITEM-09699,PO-09699,PROD-00098,23,8372.15,192559.45
POITEM-09700,PO-09700,PROD-00065,9,4204.9,37844.1
POITEM-09701,PO-09701,PROD-00004,47,6054.25,284549.75
POITEM-09702,PO-09702,PROD-00015,9,13899.61,125096.49
POITEM-09703,PO-09703,PROD-00022,36,2807.73,101078.28
POITEM-09704,PO-09704,PROD-00067,18,1752.24,31540.32
POITEM-09705,PO-09705,PROD-00014,24,5700.12,136802.88
POITEM-09706,PO-09706,PROD-00025,31,8927.92,276765.52
POITEM-09707,PO-09707,PROD-00060,30,13085.7,392571.0
POITEM-09708,PO-09708,PROD-00043,29,7340.76,212882.04
POITEM-09709,PO-09709,PROD-00083,19,12510.03,237690.57
POITEM-09710,PO-09710,PROD-00016,48,6359.54,305257.92
POITEM-09711,PO-09711,PROD-00023,41,12930.74,530160.34
POITEM-09712,PO-09712,PROD-00064,4,4940.72,19762.88
POITEM-09713,PO-09713,PROD-00002,37,12960.96,479555.52
POITEM-09714,PO-09714,PROD-00034,34,5558.67,188994.78
POITEM-09715,PO-09715,PROD-00001,5,5330.61,26653.05
POITEM-09716,PO-09716,PROD-00059,6,2408.99,14453.94
POITEM-09717,PO-09717,PROD-00031,10,6887.83,68878.3
POITEM-09718,PO-09718,PROD-00079,43,4452.44,191454.92
POITEM-09719,PO-09719,PROD-00028,38,4002.58,152098.04
POITEM-09720,PO-09720,PROD-00091,34,9178.83,312080.22
POITEM-09721,PO-09721,PROD-00022,9,2807.73,25269.57
POITEM-09722,PO-09722,PROD-00085,14,6640.75,92970.5
POITEM-09723,PO-09723,PROD-00033,47,14000.56,658026.32
POITEM-09724,PO-09724,PROD-00014,43,5700.12,245105.16
POITEM-09725,PO-09725,PROD-00061,9,3013.6,27122.4
POITEM-09726,PO-09726,PROD-00061,38,3013.6,114516.8
POITEM-09727,PO-09727,PROD-00037,50,12261.13,613056.5
POITEM-09728,PO-09728,PROD-00071,19,9102.98,172956.62
POITEM-09729,PO-09729,PROD-00004,10,6054.25,60542.5
POITEM-09730,PO-09730,PROD-00090,14,390.77,5470.78
POITEM-09731,PO-09731,PROD-00079,44,4452.44,195907.36
POITEM-09732,PO-09732,PROD-00080,45,6321.18,284453.1
POITEM-09733,PO-09733,PROD-00087,19,1294.81,24601.39
POITEM-09734,PO-09734,PROD-00053,4,3170.9,12683.6
POITEM-09735,PO-09735,PROD-00092,26,6231.25,162012.5
POITEM-09736,PO-09736,PROD-00085,16,6640.75,106252.0
POITEM-09737,PO-09737,PROD-00053,30,3170.9,95127.0
POITEM-09738,PO-09738,PROD-00096,6,6391.56,38349.36
POITEM-09739,PO-09739,PROD-00055,21,11248.43,236217.03
POITEM-09740,PO-09740,PROD-00088,8,12280.89,98247.12
POITEM-09741,PO-09741,PROD-00095,29,12910.1,374392.9
POITEM-09742,PO-09742,PROD-00077,49,13503.2,661656.8
POITEM-09743,PO-09743,PROD-00061,12,3013.6,36163.2
POITEM-09744,PO-09744,PROD-00019,35,4721.23,165243.05
POITEM-09745,PO-09745,PROD-00095,49,12910.1,632594.9
POITEM-09746,PO-09746,PROD-00026,15,9869.16,148037.4
POITEM-09747,PO-09747,PROD-00025,34,8927.92,303549.28
POITEM-09748,PO-09748,PROD-00059,23,2408.99,55406.77
POITEM-09749,PO-09749,PROD-00071,10,9102.98,91029.8
POITEM-09750,PO-09750,PROD-00009,34,12125.13,412254.42
POITEM-09751,PO-09751,PROD-00059,38,2408.99,91541.62
POITEM-09752,PO-09752,PROD-00025,31,8927.92,276765.52
POITEM-09753,PO-09753,PROD-00034,11,5558.67,61145.37
POITEM-09754,PO-09754,PROD-00060,39,13085.7,510342.3
POITEM-09755,PO-09755,PROD-00098,6,8372.15,50232.9
POITEM-09756,PO-09756,PROD-00050,23,5554.01,127742.23
POITEM-09757,PO-09757,PROD-00039,33,1753.54,57866.82
POITEM-09758,PO-09758,PROD-00097,5,14370.54,71852.7
POITEM-09759,PO-09759,PROD-00096,23,6391.56,147005.88
POITEM-09760,PO-09760,PROD-00051,25,1933.5,48337.5
POITEM-09761,PO-09761,PROD-00057,19,396.18,7527.42
POITEM-09762,PO-09762,PROD-00074,14,7810.81,109351.34
POITEM-09763,PO-09763,PROD-00082,17,8547.35,145304.95
POITEM-09764,PO-09764,PROD-00056,28,2458.46,68836.88
POITEM-09765,PO-09765,PROD-00074,39,7810.81,304621.59
POITEM-09766,PO-09766,PROD-00040,39,8309.52,324071.28
POITEM-09767,PO-09767,PROD-00018,18,8698.22,156567.96
POITEM-09768,PO-09768,PROD-00033,26,14000.56,364014.56
POITEM-09769,PO-09769,PROD-00069,15,1648.33,24724.95
POITEM-09770,PO-09770,PROD-00076,11,4725.89,51984.79
POITEM-09771,PO-09771,PROD-00002,9,12960.96,116648.64
POITEM-09772,PO-09772,PROD-00013,2,12973.14,25946.28
POITEM-09773,PO-09773,PROD-00063,50,379.37,18968.5
POITEM-09774,PO-09774,PROD-00037,33,12261.13,404617.29
POITEM-09775,PO-09775,PROD-00086,39,7110.96,277327.44
POITEM-09776,PO-09776,PROD-00017,22,2868.72,63111.84
POITEM-09777,PO-09777,PROD-00007,26,6342.68,164909.68
POITEM-09778,PO-09778,PROD-00092,32,6231.25,199400.0
POITEM-09779,PO-09779,PROD-00057,42,396.18,16639.56
POITEM-09780,PO-09780,PROD-00100,5,7978.7,39893.5
POITEM-09781,PO-09781,PROD-00081,13,11228.32,145968.16
POITEM-09782,PO-09782,PROD-00097,5,14370.54,71852.7
POITEM-09783,PO-09783,PROD-00072,2,13495.08,26990.16
POITEM-09784,PO-09784,PROD-00073,8,689.69,5517.52
POITEM-09785,PO-09785,PROD-00074,17,7810.81,132783.77
POITEM-09786,PO-09786,PROD-00094,12,3678.67,44144.04
POITEM-09787,PO-09787,PROD-00060,37,13085.7,484170.9
POITEM-09788,PO-09788,PROD-00022,18,2807.73,50539.14
POITEM-09789,PO-09789,PROD-00084,42,3172.49,133244.58
POITEM-09790,PO-09790,PROD-00097,22,14370.54,316151.88
POITEM-09791,PO-09791,PROD-00054,35,1564.33,54751.55
POITEM-09792,PO-09792,PROD-00060,15,13085.7,196285.5
POITEM-09793,PO-09793,PROD-00056,30,2458.46,73753.8
POITEM-09794,PO-09794,PROD-00064,18,4940.72,88932.96
POITEM-09795,PO-09795,PROD-00072,36,13495.08,485822.88
POITEM-09796,PO-09796,PROD-00047,32,6641.49,212527.68
POITEM-09797,PO-09797,PROD-00038,43,1576.21,67777.03
POITEM-09798,PO-09798,PROD-00008,50,3765.85,188292.5
POITEM-09799,PO-09799,PROD-00002,11,12960.96,142570.56
POITEM-09800,PO-09800,PROD-00022,36,2807.73,101078.28
POITEM-09801,PO-09801,PROD-00058,23,13963.97,321171.31
POITEM-09802,PO-09802,PROD-00016,35,6359.54,222583.9
POITEM-09803,PO-09803,PROD-00041,35,9082.33,317881.55
POITEM-09804,PO-09804,PROD-00041,19,9082.33,172564.27
POITEM-09805,PO-09805,PROD-00088,30,12280.89,368426.7
POITEM-09806,PO-09806,PROD-00019,11,4721.23,51933.53
POITEM-09807,PO-09807,PROD-00078,3,6140.68,18422.04
POITEM-09808,PO-09808,PROD-00059,27,2408.99,65042.73
POITEM-09809,PO-09809,PROD-00043,27,7340.76,198200.52
POITEM-09810,PO-09810,PROD-00092,23,6231.25,143318.75
POITEM-09811,PO-09811,PROD-00002,5,12960.96,64804.8
POITEM-09812,PO-09812,PROD-00073,50,689.69,34484.5
POITEM-09813,PO-09813,PROD-00008,44,3765.85,165697.4
POITEM-09814,PO-09814,PROD-00083,33,12510.03,412830.99
POITEM-09815,PO-09815,PROD-00092,1,6231.25,6231.25
POITEM-09816,PO-09816,PROD-00034,29,5558.67,161201.43
POITEM-09817,PO-09817,PROD-00090,38,390.77,14849.26
POITEM-09818,PO-09818,PROD-00023,20,12930.74,258614.8
POITEM-09819,PO-09819,PROD-00019,47,4721.23,221897.81
POITEM-09820,PO-09820,PROD-00067,16,1752.24,28035.84
POITEM-09821,PO-09821,PROD-00010,9,9790.87,88117.83
POITEM-09822,PO-09822,PROD-00088,8,12280.89,98247.12
POITEM-09823,PO-09823,PROD-00059,26,2408.99,62633.74
POITEM-09824,PO-09824,PROD-00036,2,14758.2,29516.4
POITEM-09825,PO-09825,PROD-00004,46,6054.25,278495.5
POITEM-09826,PO-09826,PROD-00044,39,9523.41,371412.99
POITEM-09827,PO-09827,PROD-00008,38,3765.85,143102.3
POITEM-09828,PO-09828,PROD-00018,9,8698.22,78283.98
POITEM-09829,PO-09829,PROD-00056,23,2458.46,56544.58
POITEM-09830,PO-09830,PROD-00073,4,689.69,2758.76
POITEM-09831,PO-09831,PROD-00009,22,12125.13,266752.86
POITEM-09832,PO-09832,PROD-00079,29,4452.44,129120.76
POITEM-09833,PO-09833,PROD-00025,14,8927.92,124990.88
POITEM-09834,PO-09834,PROD-00012,49,6111.05,299441.45
POITEM-09835,PO-09835,PROD-00001,49,5330.61,261199.89
POITEM-09836,PO-09836,PROD-00035,19,12510.33,237696.27
POITEM-09837,PO-09837,PROD-00018,22,8698.22,191360.84
POITEM-09838,PO-09838,PROD-00037,10,12261.13,122611.3
POITEM-09839,PO-09839,PROD-00048,23,169.8,3905.4
POITEM-09840,PO-09840,PROD-00045,21,78.1,1640.1
POITEM-09841,PO-09841,PROD-00034,48,5558.67,266816.16
POITEM-09842,PO-09842,PROD-00043,28,7340.76,205541.28
POITEM-09843,PO-09843,PROD-00070,18,10934.96,196829.28
POITEM-09844,PO-09844,PROD-00014,3,5700.12,17100.36
POITEM-09845,PO-09845,PROD-00064,12,4940.72,59288.64
POITEM-09846,PO-09846,PROD-00054,17,1564.33,26593.61
POITEM-09847,PO-09847,PROD-00068,30,8719.33,261579.9
POITEM-09848,PO-09848,PROD-00032,38,8076.08,306891.04
POITEM-09849,PO-09849,PROD-00082,2,8547.35,17094.7
POITEM-09850,PO-09850,PROD-00062,50,4595.23,229761.5
POITEM-09851,PO-09851,PROD-00082,12,8547.35,102568.2
POITEM-09852,PO-09852,PROD-00059,41,2408.99,98768.59
POITEM-09853,PO-09853,PROD-00055,21,11248.43,236217.03
POITEM-09854,PO-09854,PROD-00008,20,3765.85,75317.0
POITEM-09855,PO-09855,PROD-00015,39,13899.61,542084.79
POITEM-09856,PO-09856,PROD-00021,25,14412.66,360316.5
POITEM-09857,PO-09857,PROD-00010,6,9790.87,58745.22
POITEM-09858,PO-09858,PROD-00047,23,6641.49,152754.27
POITEM-09859,PO-09859,PROD-00074,33,7810.81,257756.73
POITEM-09860,PO-09860,PROD-00013,11,12973.14,142704.54
POITEM-09861,PO-09861,PROD-00041,24,9082.33,217975.92
POITEM-09862,PO-09862,PROD-00091,5,9178.83,45894.15
POITEM-09863,PO-09863,PROD-00062,6,4595.23,27571.38
POITEM-09864,PO-09864,PROD-00021,42,14412.66,605331.72
POITEM-09865,PO-09865,PROD-00097,22,14370.54,316151.88
POITEM-09866,PO-09866,PROD-00059,29,2408.99,69860.71
POITEM-09867,PO-09867,PROD-00072,29,13495.08,391357.32
POITEM-09868,PO-09868,PROD-00023,5,12930.74,64653.7
POITEM-09869,PO-09869,PROD-00014,24,5700.12,136802.88
POITEM-09870,PO-09870,PROD-00076,25,4725.89,118147.25
POITEM-09871,PO-09871,PROD-00024,6,14125.4,84752.4
POITEM-09872,PO-09872,PROD-00006,4,2873.38,11493.52
POITEM-09873,PO-09873,PROD-00091,5,9178.83,45894.15
POITEM-09874,PO-09874,PROD-00023,10,12930.74,129307.4
POITEM-09875,PO-09875,PROD-00017,50,2868.72,143436.0
POITEM-09876,PO-09876,PROD-00094,5,3678.67,18393.35
POITEM-09877,PO-09877,PROD-00087,7,1294.81,9063.67
POITEM-09878,PO-09878,PROD-00013,45,12973.14,583791.3
POITEM-09879,PO-09879,PROD-00013,14,12973.14,181623.96
POITEM-09880,PO-09880,PROD-00035,13,12510.33,162634.29
POITEM-09881,PO-09881,PROD-00010,24,9790.87,234980.88
POITEM-09882,PO-09882,PROD-00010,47,9790.87,460170.89
POITEM-09883,PO-09883,PROD-00099,9,2021.75,18195.75
POITEM-09884,PO-09884,PROD-00096,36,6391.56,230096.16
POITEM-09885,PO-09885,PROD-00068,44,8719.33,383650.52
POITEM-09886,PO-09886,PROD-00090,4,390.77,1563.08
POITEM-09887,PO-09887,PROD-00068,9,8719.33,78473.97
POITEM-09888,PO-09888,PROD-00066,19,14717.72,279636.68
POITEM-09889,PO-09889,PROD-00012,33,6111.05,201664.65
POITEM-09890,PO-09890,PROD-00046,3,14697.47,44092.41
POITEM-09891,PO-09891,PROD-00018,44,8698.22,382721.68
POITEM-09892,PO-09892,PROD-00097,4,14370.54,57482.16
POITEM-09893,PO-09893,PROD-00005,28,12928.55,361999.4
POITEM-09894,PO-09894,PROD-00087,18,1294.81,23306.58
POITEM-09895,PO-09895,PROD-00024,18,14125.4,254257.2
POITEM-09896,PO-09896,PROD-00010,48,9790.87,469961.76
POITEM-09897,PO-09897,PROD-00096,27,6391.56,172572.12
POITEM-09898,PO-09898,PROD-00043,18,7340.76,132133.68
POITEM-09899,PO-09899,PROD-00019,25,4721.23,118030.75
POITEM-09900,PO-09900,PROD-00031,14,6887.83,96429.62
POITEM-09901,PO-09901,PROD-00078,1,6140.68,6140.68
POITEM-09902,PO-09902,PROD-00017,16,2868.72,45899.52
POITEM-09903,PO-09903,PROD-00061,34,3013.6,102462.4
POITEM-09904,PO-09904,PROD-00072,26,13495.08,350872.08
POITEM-09905,PO-09905,PROD-00052,7,13487.25,94410.75
POITEM-09906,PO-09906,PROD-00025,30,8927.92,267837.6
POITEM-09907,PO-09907,PROD-00055,5,11248.43,56242.15
POITEM-09908,PO-09908,PROD-00083,16,12510.03,200160.48
POITEM-09909,PO-09909,PROD-00016,44,6359.54,279819.76
POITEM-09910,PO-09910,PROD-00074,45,7810.81,351486.45
POITEM-09911,PO-09911,PROD-00079,15,4452.44,66786.6
POITEM-09912,PO-09912,PROD-00068,17,8719.33,148228.61
POITEM-09913,PO-09913,PROD-00029,20,9691.37,193827.4
POITEM-09914,PO-09914,PROD-00081,34,11228.32,381762.88
POITEM-09915,PO-09915,PROD-00020,28,7164.91,200617.48
POITEM-09916,PO-09916,PROD-00035,1,12510.33,12510.33
POITEM-09917,PO-09917,PROD-00026,34,9869.16,335551.44
POITEM-09918,PO-09918,PROD-00071,28,9102.98,254883.44
POITEM-09919,PO-09919,PROD-00027,2,3083.78,6167.56
POITEM-09920,PO-09920,PROD-00015,10,13899.61,138996.1
POITEM-09921,PO-09921,PROD-00007,44,6342.68,279077.92
POITEM-09922,PO-09922,PROD-00003,7,9810.5,68673.5
POITEM-09923,PO-09923,PROD-00097,48,14370.54,689785.92
POITEM-09924,PO-09924,PROD-00001,42,5330.61,223885.62
POITEM-09925,PO-09925,PROD-00013,50,12973.14,648657.0
POITEM-09926,PO-09926,PROD-00040,6,8309.52,49857.12
POITEM-09927,PO-09927,PROD-00053,16,3170.9,50734.4
POITEM-09928,PO-09928,PROD-00092,27,6231.25,168243.75
POITEM-09929,PO-09929,PROD-00019,42,4721.23,198291.66
POITEM-09930,PO-09930,PROD-00051,39,1933.5,75406.5
POITEM-09931,PO-09931,PROD-00008,48,3765.85,180760.8
POITEM-09932,PO-09932,PROD-00022,12,2807.73,33692.76
POITEM-09933,PO-09933,PROD-00099,3,2021.75,6065.25
POITEM-09934,PO-09934,PROD-00046,18,14697.47,264554.46
POITEM-09935,PO-09935,PROD-00033,2,14000.56,28001.12
POITEM-09936,PO-09936,PROD-00055,38,11248.43,427440.34
POITEM-09937,PO-09937,PROD-00096,23,6391.56,147005.88
POITEM-09938,PO-09938,PROD-00087,15,1294.81,19422.15
POITEM-09939,PO-09939,PROD-00094,1,3678.67,3678.67
POITEM-09940,PO-09940,PROD-00079,5,4452.44,22262.2
POITEM-09941,PO-09941,PROD-00019,9,4721.23,42491.07
POITEM-09942,PO-09942,PROD-00015,8,13899.61,111196.88
POITEM-09943,PO-09943,PROD-00010,31,9790.87,303516.97
POITEM-09944,PO-09944,PROD-00032,33,8076.08,266510.64
POITEM-09945,PO-09945,PROD-00079,7,4452.44,31167.08
POITEM-09946,PO-09946,PROD-00008,31,3765.85,116741.35
POITEM-09947,PO-09947,PROD-00084,7,3172.49,22207.43
POITEM-09948,PO-09948,PROD-00098,31,8372.15,259536.65
POITEM-09949,PO-09949,PROD-00032,4,8076.08,32304.32
POITEM-09950,PO-09950,PROD-00082,23,8547.35,196589.05
POITEM-09951,PO-09951,PROD-00077,16,13503.2,216051.2
POITEM-09952,PO-09952,PROD-00014,17,5700.12,96902.04
POITEM-09953,PO-09953,PROD-00051,12,1933.5,23202.0
POITEM-09954,PO-09954,PROD-00090,20,390.77,7815.4
POITEM-09955,PO-09955,PROD-00080,8,6321.18,50569.44
POITEM-09956,PO-09956,PROD-00017,32,2868.72,91799.04
POITEM-09957,PO-09957,PROD-00068,21,8719.33,183105.93
POITEM-09958,PO-09958,PROD-00080,32,6321.18,202277.76
POITEM-09959,PO-09959,PROD-00047,7,6641.49,46490.43
POITEM-09960,PO-09960,PROD-00086,15,7110.96,106664.4
POITEM-09961,PO-09961,PROD-00003,6,9810.5,58863.0
POITEM-09962,PO-09962,PROD-00016,24,6359.54,152628.96
POITEM-09963,PO-09963,PROD-00020,8,7164.91,57319.28
POITEM-09964,PO-09964,PROD-00091,45,9178.83,413047.35
POITEM-09965,PO-09965,PROD-00014,9,5700.12,51301.08
POITEM-09966,PO-09966,PROD-00080,26,6321.18,164350.68
POITEM-09967,PO-09967,PROD-00049,31,13561.33,420401.23
POITEM-09968,PO-09968,PROD-00060,5,13085.7,65428.5
POITEM-09969,PO-09969,PROD-00030,29,13937.05,404174.45
POITEM-09970,PO-09970,PROD-00054,41,1564.33,64137.53
POITEM-09971,PO-09971,PROD-00020,15,7164.91,107473.65
POITEM-09972,PO-09972,PROD-00064,48,4940.72,237154.56
POITEM-09973,PO-09973,PROD-00002,21,12960.96,272180.16
POITEM-09974,PO-09974,PROD-00006,34,2873.38,97694.92
POITEM-09975,PO-09975,PROD-00099,34,2021.75,68739.5
POITEM-09976,PO-09976,PROD-00008,44,3765.85,165697.4
POITEM-09977,PO-09977,PROD-00059,3,2408.99,7226.97
POITEM-09978,PO-09978,PROD-00018,45,8698.22,391419.9
POITEM-09979,PO-09979,PROD-00070,18,10934.96,196829.28
POITEM-09980,PO-09980,PROD-00087,26,1294.81,33665.06
POITEM-09981,PO-09981,PROD-00096,18,6391.56,115048.08
POITEM-09982,PO-09982,PROD-00019,37,4721.23,174685.51
POITEM-09983,PO-09983,PROD-00001,5,5330.61,26653.05
POITEM-09984,PO-09984,PROD-00021,19,14412.66,273840.54
POITEM-09985,PO-09985,PROD-00041,48,9082.33,435951.84
POITEM-09986,PO-09986,PROD-00062,17,4595.23,78118.91
POITEM-09987,PO-09987,PROD-00100,38,7978.7,303190.6
POITEM-09988,PO-09988,PROD-00003,24,9810.5,235452.0
POITEM-09989,PO-09989,PROD-00035,11,12510.33,137613.63
POITEM-09990,PO-09990,PROD-00059,21,2408.99,50588.79
POITEM-09991,PO-09991,PROD-00085,1,6640.75,6640.75
POITEM-09992,PO-09992,PROD-00052,49,13487.25,660875.25
POITEM-09993,PO-09993,PROD-00007,1,6342.68,6342.68
POITEM-09994,PO-09994,PROD-00003,32,9810.5,313936.0
POITEM-09995,PO-09995,PROD-00015,14,13899.61,194594.54
POITEM-09996,PO-09996,PROD-00001,38,5330.61,202563.18
POITEM-09997,PO-09997,PROD-00012,36,6111.05,219997.8
POITEM-09998,PO-09998,PROD-00005,33,12928.55,426642.15
POITEM-09999,PO-09999,PROD-00047,28,6641.49,185961.72
POITEM-10000,PO-10000,PROD-00030,48,13937.05,668978.4
